snapshot_date_key,unit_key,project_key,zone_key,channel_key,launch_batch_id,release_date,inventory_status,sold_date,unsold_days_dom,is_overdue_flag,asking_price_vnd,discount_pct,concession_value_vnd,net_price_vnd,asking_price_per_m2,net_price_per_m2,subsidy_duration_mo,principal_grace_mo,base_commission_pct,spiff_bonus_vnd,is_exclusive_lock
20260630,500001,500,501,5001,TC-01,2025-12-11,AVAILABLE,,201,True,3230000000,2.0,100000000,3065000000,38696538,36719780,6,6,1.5,80000000,False
20260630,500002,500,501,5002,TC-01,2025-04-05,AVAILABLE,,451,True,3007000000,1.0,0,2977000000,39006356,38617201,0,12,1.5,30000000,False
20260630,500003,500,501,5003,TC-01,2025-12-24,SOLD,2026-03-29,188,False,3223000000,2.0,50000000,3109000000,41694696,40219922,18,0,1.5,50000000,False
20260630,500004,500,501,5004,TC-01,2026-01-24,AVAILABLE,,157,True,5683000000,0.0,0,5683000000,49903407,49903407,12,6,1.2,80000000,False
20260630,500005,500,501,5001,TC-01,2026-01-22,AVAILABLE,,159,True,1828000000,3.0,250000000,1523000000,35495146,29572816,24,6,1.2,0,True
20260630,500006,500,501,5002,TC-01,2026-04-01,AVAILABLE,,90,False,3583000000,2.0,50000000,3461000000,47002492,45402073,24,24,1.8,0,False
20260630,500007,500,501,5003,TC-01,2025-05-11,SOLD,2025-12-11,415,False,2814000000,4.0,150000000,2551000000,51794589,46953801,18,12,1.0,80000000,False
20260630,500008,500,501,5004,TC-01,2025-06-22,AVAILABLE,,373,True,3325000000,0.0,50000000,3275000000,46399665,45701926,18,18,2.0,0,False
20260630,500009,500,501,5001,TC-01,2026-01-15,AVAILABLE,,166,True,1861000000,3.0,100000000,1705000000,35802232,32801077,24,0,1.8,0,False
20260630,500010,500,501,5002,TC-01,2025-11-24,AVAILABLE,,218,True,3060000000,1.0,100000000,2929000000,38995795,37326367,6,0,2.0,0,False
20260630,500011,500,501,5003,TC-01,2025-03-25,AVAILABLE,,462,True,3467000000,2.0,0,3398000000,40601944,39793887,18,12,1.5,0,True
20260630,500012,500,501,5004,TC-01,2025-07-30,SOLD,2025-11-29,335,False,1514000000,0.0,50000000,1464000000,34788603,33639706,0,18,1.0,0,True
20260630,500013,500,501,5001,TC-01,2025-12-24,AVAILABLE,,188,True,4017000000,3.0,0,3896000000,41700405,40444306,0,12,1.2,0,False
20260630,500014,500,501,5003,TC-01,2025-10-29,SOLD,2026-01-25,244,False,3139000000,5.0,0,2982000000,43000000,40849315,0,6,1.0,0,False
20260630,500015,500,501,5002,TC-01,2025-10-20,AVAILABLE,,253,True,1856000000,6.0,0,1745000000,41098317,38640390,0,12,2.0,0,False
20260630,500016,500,501,5002,TC-01,2025-08-27,AVAILABLE,,307,True,2402000000,0.0,100000000,2302000000,42808768,41026555,0,0,1.5,0,True
20260630,500017,500,501,5002,TC-01,2025-04-02,AVAILABLE,,454,True,1880000000,1.0,100000000,1761000000,42601405,39904827,0,6,1.8,0,True
20260630,500018,500,501,5002,TC-01,2025-06-09,AVAILABLE,,386,True,2808000000,5.0,0,2668000000,39605078,37630465,12,6,1.5,80000000,False
20260630,500019,500,501,5002,TC-01,2026-02-04,AVAILABLE,,146,True,3665000000,1.0,50000000,3578000000,39302949,38369973,0,18,2.5,0,True
20260630,500020,500,501,5003,TC-01,2026-03-17,AVAILABLE,,105,True,2667000000,2.0,100000000,2514000000,44598662,42040134,6,12,1.2,0,False
20260630,500021,500,501,5003,TC-01,2025-06-25,AVAILABLE,,370,True,3813000000,3.0,100000000,3599000000,36297001,34259876,0,0,1.0,0,False
20260630,500022,500,501,5003,TC-01,2025-12-31,SOLD,2026-02-10,181,False,2814000000,3.0,100000000,2630000000,40600202,37945462,12,0,1.0,0,True
20260630,500023,500,501,5002,TC-01,2025-12-29,AVAILABLE,,183,True,3242000000,3.0,50000000,3095000000,39701200,37901053,18,0,1.5,0,True
20260630,500024,500,501,5004,TC-01,2026-02-23,AVAILABLE,,127,True,2204000000,3.0,100000000,2038000000,41592753,38460087,24,0,2.0,0,False
20260630,500025,500,501,5003,TC-01,2025-04-06,AVAILABLE,,450,True,1778000000,2.0,250000000,1492000000,43103030,36169697,0,6,1.8,50000000,False
20260630,500026,500,501,5003,TC-01,2026-01-16,AVAILABLE,,165,True,1801000000,2.0,250000000,1515000000,40209868,33824514,0,0,1.8,0,False
20260630,500027,500,501,5001,TC-01,2025-06-05,AVAILABLE,,390,True,4045000000,1.0,50000000,3955000000,36896835,36075892,0,24,1.5,0,False
20260630,500028,500,501,5003,TC-01,2025-12-24,AVAILABLE,,188,True,4207000000,3.0,0,4081000000,40300795,39093783,12,18,1.8,50000000,False
20260630,500029,500,501,5002,TC-01,2025-08-10,AVAILABLE,,324,True,3048000000,4.0,150000000,2776000000,37699443,34335189,0,0,1.5,0,False
20260630,500030,500,501,5002,TC-01,2026-01-25,SOLD,2026-05-07,156,False,4139000000,5.0,100000000,3832000000,40502985,37498777,18,18,1.0,0,False
20260630,500031,500,501,5004,TC-01,2025-05-06,AVAILABLE,,420,True,4658000000,5.0,150000000,4275000000,45896147,42122377,0,0,1.0,0,False
20260630,500032,500,501,5004,TC-01,2026-01-15,AVAILABLE,,166,True,3033000000,3.0,0,2942000000,40002638,38802427,12,0,1.2,0,False
20260630,500033,500,501,5002,TC-01,2025-06-08,AVAILABLE,,387,True,3325000000,5.0,0,3159000000,41294088,39232489,6,0,1.5,0,False
20260630,500034,500,501,5001,TC-01,2025-06-18,AVAILABLE,,377,True,3043000000,0.0,250000000,2793000000,44300480,40660940,18,18,2.0,0,True
20260630,500035,500,501,5004,TC-01,2026-01-15,AVAILABLE,,166,True,2095000000,0.0,0,2095000000,37598708,37598708,0,0,2.0,0,False
20260630,500036,500,501,5002,TC-01,2026-01-26,AVAILABLE,,155,True,3806000000,1.0,150000000,3618000000,47103960,44777228,24,18,1.5,0,True
20260630,500037,500,501,5003,TC-01,2025-12-10,AVAILABLE,,202,True,3305000000,6.0,100000000,3007000000,40994790,37298437,12,0,1.0,0,False
20260630,500038,500,501,5004,TC-01,2025-08-10,SOLD,2025-10-22,324,False,3395000000,2.0,100000000,3227000000,43204378,41066429,0,0,1.2,0,False
20260630,500039,500,501,5001,TC-01,2026-02-05,AVAILABLE,,145,True,1920000000,1.0,50000000,1851000000,43409451,41849423,6,12,1.0,0,False
20260630,500040,500,501,5003,TC-01,2026-01-28,AVAILABLE,,153,True,2041000000,4.0,250000000,1709000000,38092572,31896230,6,12,1.2,0,False
20260630,500041,500,501,5004,TC-01,2025-12-24,AVAILABLE,,188,True,1999000000,2.0,0,1959000000,45996318,45075932,12,0,1.0,0,False
20260630,500042,500,501,5004,TC-01,2025-06-11,SOLD,2026-01-30,384,False,4104000000,3.0,0,3981000000,39698201,38508416,12,0,1.2,80000000,False
20260630,500043,500,501,5001,TC-01,2025-05-03,AVAILABLE,,423,True,4019000000,3.0,50000000,3848000000,39498771,37818182,0,12,1.0,0,False
20260630,500044,500,501,5002,TC-01,2025-04-26,AVAILABLE,,430,True,2130000000,6.0,50000000,1952000000,48607942,44545869,0,18,1.5,0,False
20260630,500045,500,501,5002,TC-01,2025-04-10,AVAILABLE,,446,True,4448000000,0.0,100000000,4348000000,41500280,40567270,24,6,1.8,0,False
20260630,500046,500,501,5002,TC-01,2025-04-03,AVAILABLE,,453,True,2750000000,0.0,100000000,2650000000,35994764,34685864,36,24,1.2,30000000,True
20260630,500047,500,501,5003,TC-01,2026-04-02,AVAILABLE,,89,False,3895000000,2.0,0,3817000000,50303500,49296138,0,6,1.0,0,False
20260630,500048,500,501,5003,TC-01,2025-07-06,AVAILABLE,,359,True,5008000000,3.0,50000000,4808000000,46799365,44930380,18,12,1.0,80000000,False
20260630,500049,500,501,5001,TC-01,2026-03-19,AVAILABLE,,103,True,2207000000,2.0,100000000,2063000000,40105397,37488643,24,0,1.2,0,True
20260630,500050,500,501,5004,TC-01,2025-04-12,SOLD,2025-06-29,444,False,3176000000,2.0,100000000,3012000000,44197050,41914834,24,12,1.0,0,False
20260630,500051,500,501,5001,TC-01,2025-10-22,AVAILABLE,,251,True,3700000000,2.0,50000000,3576000000,45905707,44367246,6,6,1.5,50000000,False
20260630,500052,500,501,5001,TC-01,2026-03-14,AVAILABLE,,108,True,3280000000,3.0,100000000,3082000000,42300748,39747227,18,0,2.0,0,False
20260630,500053,500,501,5004,TC-01,2026-03-24,AVAILABLE,,98,True,3098000000,2.0,100000000,2936000000,42795966,40558088,0,24,1.8,0,False
20260630,500054,500,501,5002,TC-01,2026-03-04,SOLD,2026-03-26,118,False,2816000000,4.0,0,2703000000,38297294,36760506,6,12,1.5,0,True
20260630,500055,500,501,5003,TC-01,2025-12-03,AVAILABLE,,209,True,3438000000,6.0,100000000,3132000000,41799392,38079027,24,0,1.2,0,False
20260630,500056,500,501,5002,TC-01,2025-06-14,SOLD,2025-09-21,381,False,3984000000,6.0,0,3745000000,39104829,36758932,0,12,2.0,0,True
20260630,500057,500,501,5001,TC-01,2025-09-25,AVAILABLE,,278,True,3772000000,0.0,100000000,3672000000,33597577,32706867,6,6,2.5,0,False
20260630,500058,500,501,5002,TC-01,2025-03-22,AVAILABLE,,465,True,3099000000,0.0,0,3099000000,38597584,38597584,36,6,1.8,0,False
20260630,500059,500,501,5003,TC-01,2025-11-24,AVAILABLE,,218,True,2696000000,4.0,150000000,2438000000,33095998,29928799,18,0,1.2,0,True
20260630,500060,500,501,5001,TC-01,2025-10-16,AVAILABLE,,257,True,2278000000,2.0,150000000,2082000000,42099427,38477176,0,12,1.0,0,False
20260630,500061,500,501,5001,TC-01,2025-12-16,AVAILABLE,,196,True,2313000000,3.0,150000000,2094000000,43707483,39569161,18,0,1.2,50000000,False
20260630,500062,500,501,5003,TC-01,2025-11-24,AVAILABLE,,218,True,2975000000,3.0,100000000,2786000000,43795083,41012807,6,0,1.8,0,False
20260630,500063,500,501,5001,TC-01,2025-10-20,AVAILABLE,,253,True,2495000000,3.0,150000000,2270000000,45305974,41220265,0,12,1.0,0,False
20260630,500064,500,501,5002,TC-01,2025-11-15,AVAILABLE,,227,True,2642000000,3.0,50000000,2513000000,45108417,42905925,6,18,2.5,0,False
20260630,500065,500,501,5004,TC-01,2026-02-10,AVAILABLE,,140,True,4279000000,3.0,50000000,4101000000,41499370,39773058,18,18,1.0,80000000,False
20260630,500066,500,501,5001,TC-01,2025-09-05,AVAILABLE,,298,True,3731000000,2.0,0,3656000000,36896756,36155063,0,0,2.0,0,False
20260630,500067,500,501,5004,TC-01,2025-05-20,AVAILABLE,,406,True,3479000000,2.0,250000000,3159000000,44694245,40583248,12,12,2.5,0,False
20260630,500068,500,501,5001,TC-01,2025-09-01,AVAILABLE,,302,True,2183000000,2.0,0,2139000000,42904874,42040094,24,12,1.2,0,False
20260630,500069,500,501,5001,TC-01,2025-03-20,AVAILABLE,,467,True,3990000000,4.0,150000000,3680000000,37895337,34951087,12,12,1.0,0,False
20260630,500070,500,501,5001,TC-01,2026-04-03,AVAILABLE,,88,False,2610000000,1.0,0,2584000000,36906109,36538462,6,0,1.8,0,False
20260630,500071,500,501,5001,TC-01,2025-08-27,SOLD,2026-04-16,307,False,4038000000,0.0,50000000,3988000000,38303927,37829634,0,12,2.0,0,False
20260630,500072,500,501,5004,TC-01,2025-10-16,AVAILABLE,,257,True,3279000000,5.0,100000000,3015000000,46293943,42566709,18,6,1.0,0,False
20260630,500073,500,501,5004,TC-01,2025-06-12,AVAILABLE,,383,True,3077000000,0.0,100000000,2977000000,40599024,39279588,18,0,1.5,0,False
20260630,500074,500,501,5002,TC-01,2025-04-09,AVAILABLE,,447,True,3138000000,2.0,250000000,2825000000,41403879,37274047,0,0,1.0,0,False
20260630,500075,500,501,5003,TC-01,2025-09-03,SOLD,2025-12-17,300,False,3722000000,3.0,50000000,3560000000,34899203,33380216,12,12,2.0,0,False
20260630,500076,500,501,5004,TC-01,2025-10-06,SOLD,2026-01-16,267,False,2248000000,3.0,150000000,2031000000,41399632,37403315,24,12,1.0,0,False
20260630,500077,500,501,5004,TC-01,2025-04-06,AVAILABLE,,450,True,1861000000,1.0,100000000,1742000000,33904172,31736200,6,12,1.5,0,False
20260630,500078,500,501,5004,TC-01,2025-12-14,AVAILABLE,,198,True,3255000000,4.0,100000000,3025000000,43802987,40707846,12,6,1.0,80000000,False
20260630,500079,500,501,5004,TC-01,2025-07-09,AVAILABLE,,356,True,2392000000,6.0,0,2248000000,35099046,32986060,18,18,1.2,0,False
20260630,500080,500,501,5003,TC-01,2025-07-09,AVAILABLE,,356,True,3385000000,0.0,250000000,3135000000,39296494,36394242,18,0,1.2,0,True
20260630,500081,500,501,5001,TC-01,2025-11-03,AVAILABLE,,239,True,4382000000,1.0,150000000,4188000000,42098184,40234413,0,0,2.0,0,False
20260630,500082,500,501,5004,TC-01,2025-04-10,SOLD,2025-08-02,446,False,3445000000,5.0,100000000,3173000000,45798990,42182930,0,0,2.5,80000000,True
20260630,500083,500,501,5003,TC-01,2025-07-07,SOLD,2025-08-07,358,False,2443000000,4.0,100000000,2245000000,45998870,42270759,0,0,1.5,0,False
20260630,500084,500,501,5004,TC-01,2026-02-08,AVAILABLE,,142,True,4324000000,3.0,250000000,3944000000,41302894,37673130,24,12,1.8,0,False
20260630,500085,500,501,5001,TC-01,2025-04-24,AVAILABLE,,432,True,2325000000,2.0,0,2278000000,42904595,42037276,18,12,1.5,50000000,False
20260630,500086,500,501,5003,TC-01,2026-01-14,AVAILABLE,,167,True,2599000000,1.0,50000000,2523000000,36502809,35435393,6,6,1.8,50000000,False
20260630,500087,500,501,5001,TC-01,2025-11-07,AVAILABLE,,235,True,2919000000,0.0,250000000,2669000000,38297035,35017056,12,6,1.5,0,True
20260630,500088,500,501,5001,TC-01,2025-03-21,SOLD,2025-06-15,466,False,1545000000,3.0,100000000,1399000000,34494307,31234651,6,12,2.0,0,False
20260630,500089,500,501,5003,TC-01,2025-06-22,AVAILABLE,,373,True,3104000000,1.0,50000000,3023000000,45499853,44312518,12,6,1.2,0,False
20260630,500090,500,501,5001,TC-01,2025-05-09,AVAILABLE,,417,True,4584000000,4.0,50000000,4351000000,46195707,43847627,6,18,1.5,0,False
20260630,500091,500,501,5003,TC-01,2025-08-12,AVAILABLE,,322,True,3482000000,4.0,0,3343000000,42797443,41088987,24,0,1.5,50000000,True
20260630,500092,500,501,5002,TC-01,2025-10-19,AVAILABLE,,254,True,2701000000,6.0,0,2539000000,35302575,33185205,0,18,1.5,0,False
20260630,500093,500,501,5003,TC-01,2025-07-20,AVAILABLE,,345,True,2587000000,4.0,0,2484000000,46395265,44548063,6,6,1.5,0,False
20260630,500094,500,501,5002,TC-01,2025-12-13,SOLD,2026-03-20,199,False,2111000000,5.0,0,2005000000,43099224,40935076,18,0,1.2,0,True
20260630,500095,500,501,5002,TC-01,2025-12-17,AVAILABLE,,195,True,4073000000,5.0,50000000,3819000000,49303958,46229270,0,6,1.0,0,False
20260630,500096,500,501,5001,TC-01,2026-02-23,AVAILABLE,,127,True,3248000000,0.0,100000000,3148000000,47806888,46335001,12,24,1.0,0,False
20260630,500097,500,501,5004,TC-01,2025-11-10,AVAILABLE,,232,True,2965000000,1.0,0,2935000000,42206406,41779359,6,0,1.2,0,False
20260630,500098,500,501,5003,TC-01,2026-03-26,AVAILABLE,,96,True,2958000000,0.0,250000000,2708000000,45194805,41375095,0,18,1.5,0,False
20260630,500099,500,501,5003,TC-01,2025-11-02,AVAILABLE,,240,True,1736000000,1.0,50000000,1669000000,33205815,31924254,18,12,1.8,0,False
20260630,500100,500,501,5004,TC-01,2025-11-26,SOLD,2026-01-28,216,False,4028000000,4.0,0,3867000000,34995656,33596872,6,0,2.0,0,True
20260630,500101,500,501,5001,TC-01,2025-06-16,AVAILABLE,,379,True,2615000000,6.0,50000000,2408000000,31995595,29462866,0,0,1.8,0,False
20260630,500102,500,501,5001,TC-01,2025-11-27,AVAILABLE,,215,True,2892000000,1.0,0,2863000000,44294685,43850513,0,18,2.0,0,False
20260630,500103,500,501,5001,TC-01,2026-04-11,AVAILABLE,,80,False,4873000000,4.0,50000000,4628000000,49396858,46913330,12,6,1.2,50000000,False
20260630,500104,500,501,5001,TC-01,2025-11-19,AVAILABLE,,223,True,3248000000,0.0,150000000,3098000000,41705187,39779147,0,0,1.0,0,False
20260630,500105,500,501,5004,TC-01,2026-01-04,SOLD,2026-03-10,177,False,2661000000,6.0,100000000,2401000000,36794801,33199668,36,12,1.0,50000000,False
20260630,500106,500,501,5003,TC-01,2025-04-11,SOLD,2025-07-09,445,False,2967000000,3.0,0,2878000000,36995012,35885287,36,0,1.8,0,False
20260630,500107,500,501,5003,TC-01,2025-05-09,AVAILABLE,,417,True,2516000000,0.0,50000000,2466000000,35804753,35093212,12,24,1.2,0,False
20260630,500108,500,501,5002,TC-01,2025-09-12,AVAILABLE,,291,True,1803000000,2.0,0,1767000000,43289316,42424970,24,12,1.2,0,True
20260630,500109,500,501,5002,TC-01,2026-03-13,AVAILABLE,,109,True,3150000000,4.0,150000000,2874000000,38494440,35121594,6,6,2.0,0,False
20260630,500110,500,501,5003,TC-01,2025-04-03,AVAILABLE,,453,True,3385000000,2.0,250000000,3067000000,49401635,44760654,0,6,2.5,0,False
20260630,500111,500,501,5001,TC-01,2026-01-24,AVAILABLE,,157,True,4069000000,4.0,50000000,3856000000,38401284,36391091,12,0,1.8,30000000,False
20260630,500112,500,501,5004,TC-01,2025-06-14,AVAILABLE,,381,True,3481000000,0.0,0,3481000000,43398579,43398579,12,0,1.2,80000000,True
20260630,500113,500,501,5001,TC-01,2025-08-15,SOLD,2026-04-12,319,False,1925000000,4.0,150000000,1698000000,42997543,37927183,6,0,1.2,0,False
20260630,500114,500,501,5004,TC-01,2025-10-15,AVAILABLE,,258,True,5067000000,4.0,100000000,4764000000,48001137,45130731,6,12,1.5,80000000,False
20260630,500115,500,501,5003,TC-01,2025-08-22,AVAILABLE,,312,True,3372000000,3.0,150000000,3121000000,45201072,41836461,0,18,1.8,0,False
20260630,500116,500,501,5001,TC-01,2026-01-30,AVAILABLE,,151,True,3566000000,4.0,0,3423000000,38204414,36672381,18,0,1.8,0,True
20260630,500117,500,501,5004,TC-01,2026-03-03,AVAILABLE,,119,True,2527000000,3.0,150000000,2301000000,35905087,32693947,12,0,1.5,0,False
20260630,500118,500,501,5001,TC-01,2025-05-26,AVAILABLE,,400,True,5002000000,2.0,150000000,4752000000,43996833,41797871,12,6,2.5,0,False
20260630,500119,500,501,5003,TC-01,2026-02-06,AVAILABLE,,144,True,3382000000,2.0,0,3314000000,32796742,32137316,12,0,1.5,0,True
20260630,500120,500,501,5004,TC-01,2026-04-01,AVAILABLE,,90,False,3351000000,4.0,0,3217000000,42901037,41185508,18,0,1.0,0,False
20260630,500121,500,501,5001,TC-01,2025-08-26,AVAILABLE,,308,True,2786000000,4.0,50000000,2625000000,40695297,38343558,12,6,1.0,0,False
20260630,500122,500,501,5003,TC-01,2025-08-28,AVAILABLE,,306,True,2482000000,3.0,100000000,2308000000,37800792,35150777,12,12,2.0,30000000,False
20260630,500123,500,501,5003,TC-01,2026-01-18,AVAILABLE,,163,True,2430000000,1.0,50000000,2356000000,48099762,46634996,24,24,1.5,0,False
20260630,500124,500,501,5002,TC-01,2025-05-07,AVAILABLE,,419,True,3385000000,1.0,250000000,3101000000,38903574,35639582,0,6,1.0,0,True
20260630,500125,500,501,5002,TC-01,2026-01-29,AVAILABLE,,152,True,3149000000,3.0,100000000,2955000000,41396083,38845800,0,12,1.8,0,False
20260630,500126,500,501,5002,TC-01,2025-03-20,AVAILABLE,,467,True,2118000000,4.0,150000000,1883000000,38593294,34311224,24,18,1.2,0,False
20260630,500127,500,501,5003,TC-01,2025-04-18,AVAILABLE,,438,True,1751000000,2.0,100000000,1616000000,32498144,29992576,6,18,1.2,0,False
20260630,500128,500,501,5001,TC-01,2025-06-27,AVAILABLE,,368,True,3692000000,3.0,50000000,3531000000,49397913,47243778,0,12,1.8,80000000,False
20260630,500129,500,501,5001,TC-01,2025-11-19,AVAILABLE,,223,True,3175000000,3.0,0,3080000000,39100985,37931034,18,0,1.2,0,False
20260630,500130,500,501,5004,TC-01,2025-12-16,SOLD,2026-03-20,196,False,2960000000,4.0,150000000,2692000000,36898529,33557716,6,6,1.2,0,False
20260630,500131,500,501,5002,TC-01,2025-10-30,SOLD,2025-11-20,243,False,4551000000,2.0,0,4460000000,42700319,41846500,24,12,1.0,0,False
20260630,500132,500,501,5001,TC-01,2025-06-09,AVAILABLE,,386,True,5214000000,4.0,0,5005000000,47900781,45980707,12,0,1.0,0,False
20260630,500133,500,501,5001,TC-01,2025-10-14,SOLD,2026-01-11,259,False,3055000000,3.0,0,2963000000,40399365,39182756,18,0,1.8,0,False
20260630,500134,500,501,5004,TC-01,2025-04-27,AVAILABLE,,429,True,3042000000,3.0,0,2951000000,40495208,39283813,0,18,1.5,0,False
20260630,500135,500,501,5003,TC-01,2026-01-10,AVAILABLE,,171,True,2087000000,2.0,50000000,1995000000,36704186,35086177,0,6,1.0,0,False
20260630,500136,500,501,5001,TC-01,2025-03-19,AVAILABLE,,468,True,4060000000,2.0,0,3979000000,38799694,38025612,0,12,1.8,0,False
20260630,500137,500,501,5001,TC-01,2025-10-13,AVAILABLE,,260,True,3028000000,2.0,50000000,2917000000,36899829,35547161,18,0,1.5,0,False
20260630,500138,500,501,5002,TC-01,2026-01-12,AVAILABLE,,169,True,2850000000,3.0,0,2764000000,45195052,43831272,0,0,2.0,80000000,False
20260630,500139,500,501,5004,TC-01,2025-11-08,AVAILABLE,,234,True,3789000000,0.0,100000000,3689000000,47103431,45860269,24,12,1.5,30000000,False
20260630,500140,500,501,5001,TC-01,2025-08-13,SOLD,2025-09-03,321,False,3469000000,1.0,50000000,3384000000,45704875,44584980,18,0,2.0,0,True
20260630,500141,500,501,5002,TC-01,2025-06-18,AVAILABLE,,377,True,1626000000,5.0,250000000,1295000000,38503434,30665404,0,12,1.5,0,True
20260630,500142,500,501,5001,TC-01,2025-12-10,SOLD,2026-02-23,202,False,2710000000,0.0,100000000,2610000000,35401698,34095363,12,0,1.8,0,False
20260630,500143,500,501,5001,TC-01,2025-04-23,AVAILABLE,,433,True,3426000000,3.0,250000000,3073000000,43197579,38746690,24,18,1.0,0,False
20260630,500144,500,501,5001,TC-01,2025-06-27,AVAILABLE,,368,True,2412000000,3.0,0,2340000000,42796309,41518808,18,6,1.8,0,False
20260630,500145,500,501,5004,TC-01,2026-04-06,AVAILABLE,,85,False,2253000000,0.0,0,2253000000,39491674,39491674,36,0,1.2,50000000,False
20260630,500146,500,501,5003,TC-01,2025-10-30,AVAILABLE,,243,True,3354000000,4.0,0,3220000000,40395038,38781163,18,0,1.5,0,False
20260630,500147,500,501,5002,TC-01,2026-02-11,AVAILABLE,,139,True,3034000000,3.0,250000000,2693000000,39603185,35152069,0,0,1.0,0,False
20260630,500148,500,501,5004,TC-01,2026-01-19,AVAILABLE,,162,True,3431000000,2.0,250000000,3112000000,44703583,40547231,0,12,2.0,50000000,False
20260630,500149,500,501,5002,TC-01,2026-02-07,AVAILABLE,,143,True,3774000000,0.0,50000000,3724000000,46604100,45986663,12,0,1.0,0,True
20260630,500150,500,501,5002,TC-01,2025-11-26,AVAILABLE,,216,True,4952000000,3.0,50000000,4753000000,44002133,42233872,36,0,1.0,0,False
20260630,500151,500,501,5001,TC-01,2026-04-01,AVAILABLE,,90,False,2084000000,1.0,0,2063000000,42801397,42370097,0,0,2.5,50000000,True
20260630,500152,500,501,5002,TC-01,2025-12-01,AVAILABLE,,211,True,2833000000,3.0,100000000,2648000000,39800506,37201461,6,18,2.5,0,True
20260630,500153,500,501,5003,TC-01,2026-01-09,SOLD,2026-04-11,172,False,1996000000,2.0,0,1956000000,34396002,33706703,12,0,2.0,0,True
20260630,500154,500,501,5001,TC-01,2025-04-11,SOLD,2025-06-08,445,False,3414000000,0.0,100000000,3314000000,43297400,42029169,12,24,1.2,0,False
20260630,500155,500,501,5001,TC-01,2025-07-15,AVAILABLE,,350,True,4814000000,4.0,100000000,4521000000,47498767,44607795,12,6,1.0,0,False
20260630,500156,500,501,5004,TC-01,2025-03-25,SOLD,2025-05-15,462,False,3601000000,3.0,50000000,3443000000,36499088,34897628,24,12,1.8,0,False
20260630,500157,500,501,5003,TC-01,2025-12-18,AVAILABLE,,194,True,3433000000,3.0,100000000,3230000000,42998497,40455912,0,12,2.0,80000000,False
20260630,500158,500,501,5002,TC-01,2025-09-19,AVAILABLE,,284,True,4418000000,4.0,50000000,4191000000,46995001,44580364,0,24,2.5,0,True
20260630,500159,500,501,5002,TC-01,2025-07-24,AVAILABLE,,341,True,4842000000,2.0,50000000,4695000000,44304145,42959100,0,0,1.2,0,False
20260630,500160,500,501,5003,TC-01,2025-12-21,AVAILABLE,,191,True,3818000000,2.0,150000000,3592000000,40004191,37636211,18,12,1.2,50000000,False
20260630,500161,500,501,5003,TC-01,2025-11-15,AVAILABLE,,227,True,3860000000,2.0,50000000,3733000000,37395854,36165472,0,0,1.2,0,False
20260630,500162,500,501,5004,TC-01,2026-03-02,AVAILABLE,,120,True,2923000000,1.0,0,2894000000,37995580,37618614,36,18,1.8,0,False
20260630,500163,500,501,5004,TC-01,2025-09-23,AVAILABLE,,280,True,1818000000,4.0,250000000,1495000000,39991201,32886054,24,0,1.5,0,False
20260630,500164,500,501,5001,TC-01,2025-09-02,AVAILABLE,,301,True,3072000000,0.0,0,3072000000,38204203,38204203,18,24,1.8,0,False
20260630,500165,500,501,5002,TC-01,2025-12-11,AVAILABLE,,201,True,1860000000,2.0,0,1823000000,36392095,35668167,18,12,1.8,0,True
20260630,500166,500,501,5003,TC-01,2025-08-11,SOLD,2025-12-16,323,False,1945000000,2.0,150000000,1756000000,34092901,30780018,0,6,1.8,0,True
20260630,500167,500,501,5004,TC-01,2025-07-08,AVAILABLE,,357,True,3170000000,0.0,150000000,3020000000,37298506,35533592,18,0,1.2,0,False
20260630,500168,500,501,5002,TC-01,2025-04-21,AVAILABLE,,435,True,4643000000,4.0,250000000,4207000000,41999095,38055179,24,18,1.5,0,False
20260630,500169,500,501,5002,TC-01,2026-03-15,AVAILABLE,,107,True,3986000000,3.0,0,3866000000,48198307,46747279,0,0,1.5,0,False
20260630,500170,500,501,5001,TC-01,2025-12-25,SOLD,2026-05-04,187,False,2997000000,3.0,150000000,2757000000,40002670,36799253,12,6,2.0,0,False
20260630,500171,500,501,5004,TC-01,2025-08-01,AVAILABLE,,333,True,2613000000,4.0,250000000,2258000000,36196149,31278570,0,0,1.8,0,False
20260630,500172,500,501,5003,TC-01,2025-09-13,AVAILABLE,,290,True,2916000000,1.0,50000000,2837000000,41993088,40855415,0,18,1.8,0,False
20260630,500173,500,501,5003,TC-01,2025-10-03,AVAILABLE,,270,True,2879000000,0.0,0,2879000000,49896014,49896014,24,12,2.0,0,False
20260630,500174,500,501,5002,TC-01,2025-05-09,AVAILABLE,,417,True,3324000000,3.0,100000000,3124000000,34303406,32239422,36,12,1.5,0,True
20260630,500175,500,501,5002,TC-01,2025-09-25,SOLD,2026-05-01,278,False,2705000000,5.0,50000000,2520000000,36494873,33998921,0,12,1.5,0,False
20260630,500176,500,501,5004,TC-01,2025-07-26,SOLD,2026-01-16,339,False,1430000000,3.0,150000000,1237000000,33910363,29333650,6,0,1.5,80000000,False
20260630,500177,500,501,5004,TC-01,2025-11-19,AVAILABLE,,223,True,2487000000,4.0,0,2388000000,45801105,43977901,18,12,1.0,0,False
20260630,500178,500,501,5002,TC-01,2026-03-20,AVAILABLE,,102,True,3109000000,5.0,50000000,2904000000,40598067,37921128,18,24,2.5,0,False
20260630,500179,500,501,5002,TC-01,2026-03-27,AVAILABLE,,95,True,3623000000,3.0,0,3514000000,35603381,34532233,18,18,1.8,0,False
20260630,500180,500,501,5002,TC-01,2026-03-08,AVAILABLE,,114,True,2696000000,1.0,50000000,2619000000,35403808,34392646,0,12,1.2,0,True
20260630,500181,500,501,5004,TC-01,2026-01-02,AVAILABLE,,179,True,2658000000,3.0,100000000,2478000000,47797159,44560331,12,12,1.8,0,False
20260630,500182,500,501,5001,TC-01,2025-04-27,AVAILABLE,,429,True,1656000000,2.0,0,1623000000,38909774,38134398,18,6,2.5,80000000,False
20260630,500183,500,501,5001,TC-01,2025-09-03,AVAILABLE,,300,True,3955000000,2.0,0,3876000000,36498708,35769657,18,24,1.5,0,False
20260630,500184,500,501,5001,TC-01,2025-04-15,AVAILABLE,,441,True,2639000000,0.0,0,2639000000,36200274,36200274,6,12,1.2,80000000,False
20260630,500185,500,501,5002,TC-01,2025-10-06,SOLD,2026-03-06,267,False,2172000000,2.0,50000000,2079000000,40199889,38478623,6,12,1.2,0,False
20260630,500186,500,501,5002,TC-01,2025-10-25,AVAILABLE,,248,True,3564000000,2.0,250000000,3243000000,44201910,40220762,12,0,1.5,80000000,False
20260630,500187,500,501,5003,TC-01,2025-07-27,AVAILABLE,,338,True,3414000000,2.0,0,3346000000,44803150,43910761,24,12,1.8,0,False
20260630,500188,500,501,5003,TC-01,2025-11-05,SOLD,2026-05-13,237,False,1912000000,0.0,250000000,1662000000,34896879,30334003,12,0,2.5,0,True
20260630,500189,500,501,5001,TC-01,2026-01-08,AVAILABLE,,173,True,3009000000,4.0,0,2889000000,32003829,30727505,12,0,1.0,0,False
20260630,500190,500,501,5003,TC-01,2025-12-09,AVAILABLE,,203,True,1994000000,3.0,150000000,1784000000,42808072,38299699,24,0,1.2,0,True
20260630,500191,500,501,5001,TC-01,2025-08-02,SOLD,2025-09-24,332,False,2224000000,5.0,250000000,1863000000,42499522,35600994,36,6,1.2,0,False
20260630,500192,500,501,5004,TC-01,2025-07-23,SOLD,2025-12-26,342,False,3148000000,0.0,100000000,3048000000,41601692,40280164,6,6,1.5,0,False
20260630,500193,500,501,5004,TC-01,2025-08-04,AVAILABLE,,330,True,2974000000,4.0,100000000,2755000000,38103780,35297886,24,12,1.2,0,False
20260630,500194,500,501,5003,TC-01,2025-08-02,AVAILABLE,,332,True,3425000000,3.0,0,3322000000,42700411,41416282,18,24,1.5,0,True
20260630,500195,500,501,5001,TC-01,2025-09-02,AVAILABLE,,301,True,1872000000,0.0,100000000,1772000000,32894043,31136883,18,0,1.8,30000000,False
20260630,500196,500,501,5002,TC-01,2025-11-28,AVAILABLE,,214,True,2986000000,1.0,0,2956000000,36097679,35735010,18,12,1.5,0,True
20260630,500197,500,501,5002,TC-01,2025-12-15,AVAILABLE,,197,True,3024000000,2.0,100000000,2864000000,36995351,35037925,0,24,2.0,0,True
20260630,500198,500,501,5002,TC-01,2025-09-17,AVAILABLE,,286,True,1887000000,0.0,0,1887000000,34706640,34706640,18,0,1.5,0,True
20260630,500199,500,501,5003,TC-01,2026-01-21,AVAILABLE,,160,True,1991000000,2.0,100000000,1851000000,49099877,45647349,18,6,1.5,80000000,False
20260630,500200,500,501,5002,TC-01,2026-01-26,AVAILABLE,,155,True,2376000000,2.0,0,2328000000,42996743,42128122,18,12,2.0,0,False
20260630,500201,500,501,5001,TC-01,2025-09-25,AVAILABLE,,278,True,2300000000,1.0,50000000,2227000000,40294324,39015417,6,0,1.2,0,True
20260630,500202,500,501,5002,TC-01,2025-06-26,AVAILABLE,,369,True,3152000000,3.0,50000000,3007000000,38894373,37105133,36,12,1.5,0,False
20260630,500203,500,501,5004,TC-01,2025-05-20,AVAILABLE,,406,True,3916000000,5.0,150000000,3570000000,37697343,34366577,0,18,1.0,50000000,False
20260630,500204,500,501,5003,TC-01,2026-02-09,AVAILABLE,,141,True,1828000000,0.0,100000000,1728000000,37901721,35828323,12,12,2.0,0,True
20260630,500205,500,501,5002,TC-01,2025-11-19,SOLD,2025-12-24,223,False,3967000000,4.0,50000000,3758000000,37301363,35336154,0,0,1.0,30000000,False
20260630,500206,500,501,5003,TC-01,2025-03-29,AVAILABLE,,458,True,3280000000,2.0,0,3214000000,41497976,40662955,0,6,1.2,80000000,False
20260630,500207,500,501,5002,TC-01,2025-08-26,AVAILABLE,,308,True,3545000000,2.0,0,3474000000,47399385,46450060,18,12,1.0,0,True
20260630,500208,500,501,5002,TC-01,2025-07-19,AVAILABLE,,346,True,4534000000,3.0,150000000,4248000000,47999153,44971416,12,0,1.2,0,False
20260630,500209,500,501,5003,TC-01,2025-09-06,SOLD,2026-01-16,297,False,2959000000,3.0,50000000,2820000000,42996222,40976460,0,12,1.5,0,False
20260630,500210,500,501,5004,TC-01,2025-03-23,AVAILABLE,,464,True,3475000000,2.0,50000000,3356000000,41801997,40370504,36,0,1.8,0,False
20260630,500211,500,501,5002,TC-01,2025-10-09,AVAILABLE,,264,True,3681000000,3.0,0,3571000000,39402697,38225219,0,12,1.0,0,True
20260630,500212,500,501,5004,TC-01,2025-08-24,AVAILABLE,,310,True,2831000000,3.0,50000000,2696000000,39297612,37423654,18,0,1.8,0,False
20260630,500213,500,501,5002,TC-01,2026-03-18,AVAILABLE,,104,True,3222000000,2.0,50000000,3108000000,41601033,40129116,6,0,2.5,0,False
20260630,500214,500,501,5003,TC-01,2025-07-26,AVAILABLE,,339,True,3228000000,3.0,100000000,3031000000,41501671,38968887,18,0,1.0,0,False
20260630,500215,500,501,5003,TC-01,2025-05-27,AVAILABLE,,399,True,4506000000,4.0,0,4326000000,42198914,40513205,6,12,1.2,0,False
20260630,500216,500,501,5001,TC-01,2025-10-09,AVAILABLE,,264,True,2340000000,4.0,50000000,2196000000,44293015,41567291,6,0,2.0,0,False
20260630,500217,500,501,5003,TC-01,2025-03-20,AVAILABLE,,467,True,4358000000,1.0,100000000,4214000000,43199841,41772403,6,0,2.5,0,False
20260630,500218,500,501,5001,TC-01,2025-05-13,SOLD,2025-12-25,413,False,2359000000,5.0,50000000,2191000000,40194241,37331743,6,12,1.0,0,False
20260630,500219,500,501,5003,TC-01,2025-05-23,AVAILABLE,,403,True,5180000000,2.0,100000000,4976000000,47803618,45921004,18,12,1.5,80000000,False
20260630,500220,500,501,5002,TC-01,2025-11-22,SOLD,2026-02-24,220,False,1733000000,4.0,250000000,1414000000,44687983,36462094,0,18,1.5,0,False
20260630,500221,500,501,5003,TC-01,2026-03-05,AVAILABLE,,117,True,2881000000,1.0,150000000,2702000000,37304156,34986404,24,12,1.8,0,False
20260630,500222,500,501,5004,TC-01,2025-08-03,AVAILABLE,,331,True,2269000000,1.0,100000000,2146000000,37892452,35838343,36,0,1.2,0,False
20260630,500223,500,501,5004,TC-01,2025-10-20,SOLD,2025-12-18,253,False,3031000000,2.0,0,2970000000,37405899,36653091,18,6,1.0,0,False
20260630,500224,500,501,5004,TC-01,2025-07-18,AVAILABLE,,347,True,4635000000,3.0,100000000,4396000000,43796655,41538316,36,24,1.5,0,False
20260630,500225,500,501,5001,TC-01,2025-11-21,AVAILABLE,,221,True,3361000000,3.0,50000000,3210000000,42897256,40970006,6,12,2.5,0,False
20260630,500226,500,501,5002,TC-01,2025-11-04,AVAILABLE,,238,True,3637000000,2.0,100000000,3464000000,42305455,40293126,12,0,2.5,0,True
20260630,500227,500,501,5004,TC-01,2025-03-25,AVAILABLE,,462,True,3466000000,3.0,100000000,3262000000,49302987,46401138,18,12,1.5,0,True
20260630,500228,500,501,5001,TC-01,2025-07-22,SOLD,2025-09-19,343,False,3279000000,5.0,0,3115000000,43099369,40943743,12,18,1.0,0,False
20260630,500229,500,501,5002,TC-01,2025-05-19,AVAILABLE,,407,True,2427000000,3.0,0,2354000000,44393635,43058350,18,0,1.0,30000000,False
20260630,500230,500,501,5004,TC-01,2026-02-24,AVAILABLE,,126,True,5463000000,5.0,100000000,5090000000,47996837,44719733,36,0,1.0,30000000,False
20260630,500231,500,501,5004,TC-01,2025-07-25,AVAILABLE,,340,True,1974000000,2.0,0,1935000000,45504841,44605809,36,0,1.0,0,False
20260630,500232,500,501,5003,TC-01,2025-10-01,AVAILABLE,,272,True,2675000000,2.0,150000000,2472000000,37297825,34467373,12,6,1.8,0,False
20260630,500233,500,501,5001,TC-01,2025-04-08,AVAILABLE,,448,True,1761000000,4.0,100000000,1591000000,40399174,36499197,12,0,1.8,80000000,True
20260630,500234,500,501,5004,TC-01,2025-12-26,SOLD,2026-03-10,186,False,2907000000,5.0,150000000,2612000000,37895972,34050319,0,18,1.8,50000000,True
20260630,500235,500,501,5004,TC-01,2026-01-12,SOLD,2026-05-02,169,False,2080000000,3.0,100000000,1918000000,47488584,43789954,24,0,1.5,0,False
20260630,500236,500,501,5004,TC-01,2026-02-02,AVAILABLE,,148,True,2078000000,3.0,100000000,1916000000,42090338,38808993,0,0,1.5,0,False
20260630,500237,500,501,5001,TC-01,2025-11-13,AVAILABLE,,229,True,2280000000,1.0,150000000,2107000000,40197461,37147391,24,0,1.5,0,False
20260630,500238,500,501,5001,TC-01,2025-12-05,SOLD,2026-03-05,207,False,2229000000,2.0,50000000,2134000000,41898496,40112782,6,24,1.2,0,True
20260630,500239,500,501,5003,TC-01,2025-05-07,SOLD,2025-07-31,419,False,3504000000,1.0,100000000,3369000000,46595745,44800532,12,18,1.5,0,False
20260630,500240,500,501,5004,TC-01,2025-06-18,AVAILABLE,,377,True,4593000000,1.0,150000000,4397000000,42997566,41162704,12,12,1.5,0,False
20260630,500241,500,501,5003,TC-01,2025-04-23,SOLD,2025-08-31,433,False,3336000000,3.0,150000000,3086000000,42995231,39773167,18,0,2.0,0,False
20260630,500242,500,501,5003,TC-01,2025-05-09,SOLD,2025-07-22,417,False,3784000000,2.0,0,3708000000,47495921,46541986,18,6,1.0,0,False
20260630,500243,500,501,5004,TC-01,2026-03-08,AVAILABLE,,114,True,2670000000,3.0,50000000,2540000000,34993447,33289646,0,12,1.2,0,False
20260630,500244,500,501,5004,TC-01,2026-01-31,AVAILABLE,,150,True,2990000000,1.0,50000000,2910000000,49096880,47783251,24,18,1.5,0,False
20260630,500245,500,501,5002,TC-01,2026-02-01,AVAILABLE,,149,True,1881000000,2.0,100000000,1743000000,36896822,34189878,6,12,2.0,0,True
20260630,500246,500,501,5004,TC-01,2025-10-16,SOLD,2025-12-14,257,False,4472000000,4.0,0,4293000000,43701749,41952507,0,18,1.0,0,False
20260630,500247,500,501,5004,TC-01,2025-08-14,AVAILABLE,,320,True,3138000000,2.0,100000000,2975000000,42601140,40388270,18,0,1.0,0,False
20260630,500248,500,501,5002,TC-01,2025-10-14,AVAILABLE,,259,True,2461000000,2.0,50000000,2362000000,44999086,43188883,18,18,1.5,0,False
20260630,500249,500,501,5003,TC-01,2026-01-12,AVAILABLE,,169,True,2946000000,2.0,100000000,2787000000,36894177,34902943,18,12,2.0,0,False
20260630,500250,500,501,5002,TC-01,2025-10-30,SOLD,2026-02-16,243,False,1820000000,3.0,0,1765000000,45094153,43731417,36,0,1.5,0,False
20260630,500251,500,501,5001,TC-01,2026-03-22,SOLD,2026-04-21,100,False,3509000000,5.0,0,3334000000,33103774,31452830,24,0,1.5,80000000,False
20260630,500252,500,501,5003,TC-01,2025-07-23,AVAILABLE,,342,True,2766000000,3.0,0,2683000000,46192385,44806279,24,18,1.8,0,False
20260630,500253,500,501,5004,TC-01,2025-11-08,AVAILABLE,,234,True,3229000000,1.0,150000000,3047000000,46994615,44345801,12,6,1.0,30000000,False
20260630,500254,500,501,5002,TC-01,2026-03-25,AVAILABLE,,97,True,2978000000,3.0,50000000,2839000000,43794118,41750000,0,18,1.0,80000000,True
20260630,500255,500,501,5004,TC-01,2025-10-19,AVAILABLE,,254,True,2192000000,5.0,0,2082000000,38294899,36373166,0,12,2.0,30000000,False
20260630,500256,500,501,5003,TC-01,2025-05-06,AVAILABLE,,420,True,4306000000,0.0,250000000,4056000000,41001714,38621215,0,6,1.5,50000000,False
20260630,500257,500,501,5001,TC-01,2026-01-18,AVAILABLE,,163,True,2938000000,2.0,0,2879000000,35299772,34590893,0,6,1.8,0,False
20260630,500258,500,501,5003,TC-01,2025-07-04,AVAILABLE,,361,True,2145000000,3.0,150000000,1931000000,36792453,33121784,6,0,1.5,0,True
20260630,500259,500,501,5003,TC-01,2026-03-19,AVAILABLE,,103,True,3957000000,4.0,0,3799000000,46194256,44349755,12,18,1.2,0,False
20260630,500260,500,501,5003,TC-01,2025-05-05,SOLD,2025-07-05,421,False,3380000000,4.0,0,3245000000,43294479,41565262,0,0,1.5,50000000,False
20260630,500261,500,501,5001,TC-01,2025-08-09,AVAILABLE,,325,True,1358000000,1.0,50000000,1294000000,35493988,33821223,0,18,1.0,0,True
20260630,500262,500,501,5003,TC-01,2025-04-15,AVAILABLE,,441,True,3698000000,2.0,150000000,3474000000,37098716,34851525,0,6,1.0,0,True
20260630,500263,500,501,5004,TC-01,2026-02-08,SOLD,2026-03-10,142,False,3911000000,3.0,250000000,3544000000,36002946,32624505,0,0,1.8,80000000,False
20260630,500264,500,501,5004,TC-01,2025-12-15,AVAILABLE,,197,True,3148000000,1.0,50000000,3067000000,41502966,40435069,24,6,1.5,0,False
20260630,500265,500,501,5003,TC-01,2026-03-28,AVAILABLE,,94,True,3272000000,2.0,0,3207000000,41496512,40672162,0,0,1.5,0,True
20260630,500266,500,501,5004,TC-01,2025-07-05,AVAILABLE,,360,True,3195000000,1.0,150000000,3013000000,42100408,39702201,12,12,1.2,0,False
20260630,500267,500,501,5004,TC-01,2025-11-21,AVAILABLE,,221,True,3196000000,4.0,100000000,2968000000,43406220,40309656,12,12,1.5,0,False
20260630,500268,500,501,5003,TC-01,2026-01-13,AVAILABLE,,168,True,3684000000,4.0,250000000,3287000000,45003665,40153921,36,12,1.5,0,False
20260630,500269,500,501,5004,TC-01,2026-03-24,AVAILABLE,,98,True,3523000000,5.0,50000000,3297000000,48306595,45207733,0,0,1.5,0,False
20260630,500270,500,501,5003,TC-01,2025-08-17,AVAILABLE,,317,True,2408000000,5.0,50000000,2238000000,34893494,32430083,0,0,1.0,0,False
20260630,500271,500,501,5003,TC-01,2025-08-21,AVAILABLE,,313,True,3148000000,5.0,50000000,2941000000,41000260,38304246,18,12,1.0,0,False
20260630,500272,500,501,5002,TC-01,2025-05-06,AVAILABLE,,420,True,4018000000,6.0,50000000,3727000000,41397074,38398928,0,0,1.8,0,True
20260630,500273,500,501,5001,TC-01,2026-03-10,AVAILABLE,,112,True,3795000000,1.0,150000000,3607000000,48001518,45623577,12,12,1.5,0,False
20260630,500274,500,501,5001,TC-01,2026-01-29,SOLD,2026-04-15,152,False,1570000000,3.0,150000000,1373000000,40495228,35413980,6,0,1.5,0,False
20260630,500275,500,501,5003,TC-01,2025-07-15,AVAILABLE,,350,True,3121000000,0.0,100000000,3021000000,45094640,43649762,6,12,1.5,0,True
20260630,500276,500,501,5003,TC-01,2025-06-17,SOLD,2025-11-23,378,False,2331000000,5.0,150000000,2064000000,34905660,30907457,0,18,1.2,0,False
20260630,500277,500,501,5001,TC-01,2025-08-07,AVAILABLE,,327,True,4219000000,2.0,150000000,3985000000,44797197,42312593,24,12,1.2,0,False
20260630,500278,500,501,5001,TC-01,2025-08-19,AVAILABLE,,315,True,3260000000,2.0,0,3195000000,46201814,45280612,24,24,1.5,50000000,False
20260630,500279,500,501,5001,TC-01,2025-04-19,AVAILABLE,,437,True,2365000000,0.0,0,2365000000,40902802,40902802,0,0,1.8,30000000,False
20260630,500280,500,501,5003,TC-01,2025-08-20,AVAILABLE,,314,True,2761000000,3.0,250000000,2428000000,40903704,35970370,12,12,2.0,0,True
20260630,500281,500,501,5002,TC-01,2025-10-25,AVAILABLE,,248,True,4177000000,2.0,250000000,3843000000,44602242,41035771,6,0,1.8,0,False
20260630,500282,500,501,5004,TC-01,2025-07-29,AVAILABLE,,336,True,2582000000,2.0,50000000,2480000000,48707791,46783626,18,24,1.5,0,False
20260630,500283,500,501,5003,TC-01,2025-08-09,AVAILABLE,,325,True,3170000000,5.0,50000000,2962000000,39097188,36531820,12,0,1.0,80000000,False
20260630,500284,500,501,5002,TC-01,2025-08-24,AVAILABLE,,310,True,4942000000,0.0,150000000,4792000000,45297892,43923006,12,12,1.5,30000000,False
20260630,500285,500,501,5002,TC-01,2026-03-23,AVAILABLE,,99,True,1823000000,4.0,50000000,1700000000,41706703,38892702,36,0,1.0,50000000,False
20260630,500286,500,501,5002,TC-01,2025-08-21,AVAILABLE,,313,True,2770000000,2.0,50000000,2665000000,49606017,47725645,18,12,1.8,80000000,True
20260630,500287,500,501,5002,TC-01,2025-06-18,SOLD,2025-10-16,377,False,3750000000,0.0,0,3750000000,44505103,44505103,18,0,2.5,0,True
20260630,500288,500,501,5003,TC-01,2025-05-20,SOLD,2026-01-04,406,False,2794000000,5.0,150000000,2504000000,47092533,42204618,0,6,1.2,0,False
20260630,500289,500,501,5003,TC-01,2026-01-31,AVAILABLE,,150,True,4496000000,0.0,100000000,4396000000,44299931,43314612,0,18,1.5,0,False
20260630,500290,500,501,5003,TC-01,2025-07-29,AVAILABLE,,336,True,2205000000,1.0,0,2183000000,46110414,45650355,0,0,1.2,0,False
20260630,500291,500,501,5003,TC-01,2026-01-30,AVAILABLE,,151,True,3571000000,3.0,50000000,3414000000,47505654,45417055,18,12,1.0,50000000,True
20260630,500292,500,501,5001,TC-01,2026-01-26,SOLD,2026-03-18,155,False,2161000000,2.0,0,2118000000,34399873,33715377,0,24,1.2,0,False
20260630,500293,500,501,5003,TC-01,2025-04-09,AVAILABLE,,447,True,2033000000,0.0,50000000,1983000000,45107610,43998225,24,24,1.0,80000000,True
20260630,500294,500,501,5004,TC-01,2025-05-23,AVAILABLE,,403,True,3237000000,0.0,150000000,3087000000,42704485,40725594,6,0,1.0,0,False
20260630,500295,500,501,5002,TC-01,2025-12-03,AVAILABLE,,209,True,3385000000,3.0,50000000,3233000000,49904172,47663276,18,6,1.2,0,False
20260630,500296,500,501,5004,TC-01,2025-05-01,SOLD,2025-06-02,425,False,3370000000,2.0,250000000,3053000000,46799056,42396889,0,0,1.5,30000000,False
20260630,500297,500,501,5004,TC-01,2026-03-16,AVAILABLE,,106,True,3255000000,4.0,0,3125000000,41902678,40229145,18,6,1.5,0,False
20260630,500298,500,501,5002,TC-01,2026-03-14,SOLD,2026-05-06,108,False,3788000000,4.0,0,3636000000,46805882,44927715,0,12,2.0,50000000,False
20260630,500299,500,501,5004,TC-01,2025-08-24,AVAILABLE,,310,True,2650000000,1.0,0,2624000000,47203420,46740292,6,6,1.5,0,False
20260630,500300,500,501,5002,TC-01,2025-04-21,AVAILABLE,,435,True,3678000000,2.0,100000000,3504000000,50906574,48498270,18,6,1.0,0,True
20260630,500301,500,501,5002,TC-01,2025-03-26,AVAILABLE,,461,True,2317000000,5.0,50000000,2151000000,40394003,37500000,18,18,1.8,0,False
20260630,500302,500,501,5003,TC-01,2025-04-04,AVAILABLE,,452,True,2515000000,4.0,100000000,2314000000,37094395,34129794,18,0,2.0,0,True
20260630,500303,500,501,5004,TC-01,2025-07-23,AVAILABLE,,342,True,2935000000,1.0,150000000,2756000000,34598609,32488506,12,6,1.2,0,False
20260630,500304,500,501,5002,TC-01,2025-11-06,SOLD,2026-05-02,236,False,4220000000,2.0,50000000,4086000000,40895436,39596860,0,12,2.0,0,True
20260630,500305,500,501,5003,TC-01,2026-02-06,AVAILABLE,,144,True,2258000000,5.0,100000000,2045000000,40604208,36773962,18,0,2.5,0,True
20260630,500306,500,501,5003,TC-01,2025-11-01,AVAILABLE,,241,True,1808000000,2.0,100000000,1672000000,43990268,40681265,12,0,1.2,0,False
20260630,500307,500,501,5001,TC-01,2026-01-05,AVAILABLE,,176,True,3185000000,2.0,100000000,3021000000,41704858,39557418,18,12,1.2,0,False
20260630,500308,500,501,5002,TC-01,2026-02-03,AVAILABLE,,147,True,2347000000,2.0,0,2300000000,35203240,34498275,0,24,1.8,0,True
20260630,500309,500,501,5002,TC-01,2025-09-08,AVAILABLE,,295,True,2813000000,3.0,50000000,2679000000,48500000,46189655,6,12,1.0,0,False
20260630,500310,500,501,5002,TC-01,2025-12-27,AVAILABLE,,185,True,2739000000,3.0,50000000,2607000000,34803050,33125794,24,18,1.0,0,True
20260630,500311,500,501,5003,TC-01,2025-08-06,AVAILABLE,,328,True,3213000000,1.0,100000000,3081000000,42703349,40948963,0,0,1.5,80000000,False
20260630,500312,500,501,5003,TC-01,2025-05-30,AVAILABLE,,396,True,4768000000,4.0,150000000,4427000000,45596251,42335278,0,18,1.5,0,False
20260630,500313,500,501,5001,TC-01,2025-12-18,AVAILABLE,,194,True,3591000000,4.0,50000000,3397000000,43296359,40957319,6,24,1.5,0,False
20260630,500314,500,501,5003,TC-01,2025-09-17,AVAILABLE,,286,True,2585000000,4.0,100000000,2382000000,44592030,41090219,24,24,2.5,0,False
20260630,500315,500,501,5004,TC-01,2026-01-19,AVAILABLE,,162,True,3021000000,4.0,100000000,2800000000,39802372,36890646,18,0,1.8,30000000,True
20260630,500316,500,501,5002,TC-01,2025-05-20,AVAILABLE,,406,True,3101000000,1.0,150000000,2920000000,41094620,38695998,18,0,1.0,0,True
20260630,500317,500,501,5003,TC-01,2026-03-20,AVAILABLE,,102,True,2340000000,1.0,50000000,2267000000,42003231,40692874,24,12,1.5,0,True
20260630,500318,500,501,5002,TC-01,2025-08-05,AVAILABLE,,329,True,3031000000,3.0,0,2940000000,39205795,38028716,0,12,1.2,0,False
20260630,500319,500,501,5004,TC-01,2025-04-19,AVAILABLE,,437,True,2169000000,1.0,50000000,2097000000,37204117,35969125,0,0,1.5,0,False
20260630,500320,500,501,5004,TC-01,2026-03-01,AVAILABLE,,121,True,4798000000,2.0,100000000,4602000000,45098224,43255945,18,18,1.8,0,False
20260630,500321,500,501,5004,TC-01,2026-01-31,AVAILABLE,,150,True,1635000000,4.0,50000000,1520000000,38299368,35605528,6,0,1.5,0,False
20260630,500322,500,501,5002,TC-01,2025-08-17,AVAILABLE,,317,True,5007000000,4.0,0,4807000000,48195206,46270093,36,0,1.5,30000000,True
20260630,500323,500,501,5004,TC-01,2025-10-07,AVAILABLE,,266,True,1731000000,1.0,100000000,1614000000,40796606,38039123,18,0,1.2,0,False
20260630,500324,500,501,5003,TC-01,2025-10-18,AVAILABLE,,255,True,2896000000,4.0,0,2780000000,41002407,39360045,12,0,1.5,80000000,False
20260630,500325,500,501,5003,TC-01,2025-07-18,AVAILABLE,,347,True,2948000000,3.0,150000000,2710000000,41300084,37965817,6,12,1.0,0,False
20260630,500326,500,501,5001,TC-01,2025-06-11,AVAILABLE,,384,True,2468000000,0.0,0,2468000000,41994215,41994215,0,12,1.0,0,False
20260630,500327,500,501,5001,TC-01,2025-05-17,AVAILABLE,,409,True,3185000000,0.0,50000000,3135000000,42500667,41833467,24,0,2.5,0,True
20260630,500328,500,501,5002,TC-01,2026-03-12,AVAILABLE,,110,True,2623000000,2.0,0,2571000000,45107481,44213242,18,0,1.5,0,False
20260630,500329,500,501,5004,TC-01,2026-02-28,AVAILABLE,,122,True,3265000000,2.0,0,3200000000,45202824,44302921,18,6,1.0,0,False
20260630,500330,500,501,5002,TC-01,2025-12-22,AVAILABLE,,190,True,2276000000,1.0,250000000,2003000000,41907568,36880869,0,0,1.0,0,True
20260630,500331,500,501,5004,TC-01,2025-11-09,AVAILABLE,,233,True,3896000000,2.0,100000000,3718000000,37002564,35311995,12,0,1.0,0,False
20260630,500332,500,501,5002,TC-01,2025-12-08,AVAILABLE,,204,True,4733000000,4.0,150000000,4394000000,45897983,42610551,12,0,1.0,50000000,True
20260630,500333,500,501,5004,TC-01,2026-03-12,AVAILABLE,,110,True,1768000000,5.0,100000000,1580000000,42996109,38424125,6,0,2.0,0,False
20260630,500334,500,501,5001,TC-01,2025-11-06,AVAILABLE,,236,True,3921000000,1.0,100000000,3782000000,39602060,38198162,24,0,1.2,0,False
20260630,500335,500,501,5002,TC-01,2025-11-15,SOLD,2026-03-26,227,False,2180000000,4.0,250000000,1843000000,38407329,32470049,0,0,1.5,0,True
20260630,500336,500,501,5003,TC-01,2025-11-08,AVAILABLE,,234,True,1947000000,2.0,150000000,1758000000,39597315,35753508,0,6,1.5,0,False
20260630,500337,500,501,5001,TC-01,2026-04-16,AVAILABLE,,75,False,3093000000,1.0,0,3062000000,42202210,41779233,18,24,1.2,0,False
20260630,500338,500,501,5004,TC-01,2026-04-08,AVAILABLE,,83,False,2158000000,2.0,100000000,2015000000,41604010,38847118,0,0,1.2,0,False
20260630,500339,500,501,5003,TC-01,2025-12-09,AVAILABLE,,203,True,3375000000,5.0,0,3206000000,45000000,42746667,18,12,1.5,0,False
20260630,500340,500,501,5002,TC-01,2025-12-04,AVAILABLE,,208,True,2505000000,4.0,0,2405000000,38302752,36773700,18,12,1.8,80000000,False
20260630,500341,500,501,5001,TC-01,2025-10-23,AVAILABLE,,250,True,2844000000,6.0,150000000,2523000000,51907282,46048549,0,12,1.2,80000000,False
20260630,500342,500,501,5004,TC-01,2026-01-08,AVAILABLE,,173,True,3401000000,2.0,100000000,3233000000,43094273,40965535,0,0,1.2,0,False
20260630,500343,500,501,5004,TC-01,2025-08-12,AVAILABLE,,322,True,4506000000,5.0,250000000,4031000000,42597845,38107393,18,18,1.2,0,False
20260630,500344,500,501,5004,TC-01,2026-02-16,AVAILABLE,,134,True,2688000000,2.0,150000000,2484000000,43495146,40194175,18,0,1.5,0,False
20260630,500345,500,501,5001,TC-01,2026-01-14,AVAILABLE,,167,True,2994000000,6.0,150000000,2664000000,38106147,33906071,0,0,1.2,0,False
20260630,500346,500,501,5004,TC-01,2025-05-21,AVAILABLE,,405,True,2480000000,3.0,100000000,2306000000,39903459,37103781,6,12,1.5,0,False
20260630,500347,500,501,5003,TC-01,2025-12-22,AVAILABLE,,190,True,3728000000,3.0,0,3616000000,36502497,35405855,0,6,1.8,0,True
20260630,500348,500,501,5002,TC-01,2025-10-24,AVAILABLE,,249,True,2566000000,4.0,0,2463000000,45504522,43677957,0,6,1.2,0,False
20260630,500349,500,501,5004,TC-01,2025-03-25,AVAILABLE,,462,True,2298000000,3.0,50000000,2179000000,42905153,40683346,6,18,2.5,0,False
20260630,500350,500,501,5002,TC-01,2025-11-15,AVAILABLE,,227,True,5247000000,3.0,0,5090000000,50803641,49283501,0,12,1.8,0,False
20260630,500351,500,501,5004,TC-01,2026-03-03,AVAILABLE,,119,True,4894000000,2.0,100000000,4696000000,45996241,44135338,6,24,1.5,0,False
20260630,500352,500,501,5002,TC-01,2025-09-02,AVAILABLE,,301,True,3059000000,4.0,250000000,2687000000,38304533,33646381,6,6,2.5,0,False
20260630,500353,500,501,5002,TC-01,2026-01-22,AVAILABLE,,159,True,4369000000,3.0,250000000,3988000000,44604390,40714650,18,18,1.8,0,True
20260630,500354,500,501,5003,TC-01,2025-08-19,SOLD,2026-01-21,315,False,2939000000,0.0,100000000,2839000000,40298917,38927739,12,6,1.8,0,False
20260630,500355,500,501,5002,TC-01,2025-05-30,AVAILABLE,,396,True,2583000000,1.0,100000000,2457000000,33694234,32050613,0,12,1.0,0,True
20260630,500356,500,501,5002,TC-01,2025-04-02,AVAILABLE,,454,True,2682000000,3.0,0,2602000000,36204104,35124190,18,6,1.5,0,True
20260630,500357,500,501,5003,TC-01,2025-10-04,AVAILABLE,,269,True,2493000000,2.0,50000000,2393000000,35906669,34466369,0,6,1.5,0,False
20260630,500358,500,501,5004,TC-01,2026-03-24,AVAILABLE,,98,True,2524000000,1.0,150000000,2349000000,33698264,31361816,6,6,1.5,30000000,True
20260630,500359,500,501,5003,TC-01,2025-11-13,AVAILABLE,,229,True,2326000000,4.0,0,2233000000,42290909,40600000,24,12,1.0,30000000,False
20260630,500360,500,501,5003,TC-01,2025-11-23,AVAILABLE,,219,True,2072000000,5.0,50000000,1918000000,50193798,46463178,0,6,1.0,30000000,False
20260630,500361,500,501,5002,TC-01,2025-06-06,AVAILABLE,,389,True,3308000000,5.0,150000000,2993000000,43400682,39267909,18,0,1.2,50000000,True
20260630,500362,500,501,5002,TC-01,2025-05-15,AVAILABLE,,411,True,1757000000,3.0,0,1704000000,40390805,39172414,0,0,1.0,0,False
20260630,500363,500,501,5001,TC-01,2026-01-01,AVAILABLE,,180,True,3960000000,6.0,150000000,3572000000,40896416,36889394,18,0,1.5,80000000,False
20260630,500364,500,501,5003,TC-01,2025-04-28,AVAILABLE,,428,True,1893000000,3.0,0,1836000000,44499295,43159379,0,0,1.0,30000000,False
20260630,500365,500,501,5004,TC-01,2025-05-12,AVAILABLE,,414,True,3523000000,3.0,150000000,3267000000,47294939,43858236,0,24,1.2,30000000,False
20260630,500366,500,501,5004,TC-01,2026-02-22,AVAILABLE,,128,True,2128000000,3.0,0,2064000000,36995828,35883171,24,6,2.0,0,False
20260630,500367,500,501,5001,TC-01,2025-10-22,AVAILABLE,,251,True,3351000000,5.0,250000000,2933000000,40203959,35188962,12,0,1.8,0,False
20260630,500368,500,501,5002,TC-01,2025-07-25,AVAILABLE,,340,True,3318000000,2.0,50000000,3202000000,45595713,44001649,24,12,2.5,0,False
20260630,500369,500,501,5004,TC-01,2026-01-03,SOLD,2026-01-25,178,False,3271000000,3.0,100000000,3073000000,39899976,37484752,0,0,1.5,0,False
20260630,500370,500,501,5004,TC-01,2026-04-02,AVAILABLE,,89,False,4336000000,5.0,100000000,4019000000,42097087,39019417,24,18,2.0,80000000,True
20260630,500371,500,501,5002,TC-01,2025-04-30,AVAILABLE,,426,True,3542000000,1.0,150000000,3357000000,45603193,43221321,12,18,2.5,0,True
20260630,500372,500,501,5001,TC-01,2025-10-25,AVAILABLE,,248,True,3322000000,0.0,100000000,3222000000,42997670,41703339,18,0,1.2,0,False
20260630,500373,500,501,5003,TC-01,2026-02-28,SOLD,2026-05-02,122,False,3289000000,1.0,150000000,3106000000,47494585,44851986,0,12,1.5,0,False
20260630,500374,500,501,5003,TC-01,2026-02-20,AVAILABLE,,130,True,2973000000,4.0,0,2854000000,40995587,39354661,24,0,1.0,0,False
20260630,500375,500,501,5003,TC-01,2025-10-30,AVAILABLE,,243,True,5061000000,0.0,100000000,4961000000,46602210,45681400,0,0,2.0,0,False
20260630,500376,500,501,5004,TC-01,2025-07-24,AVAILABLE,,341,True,1883000000,4.0,250000000,1558000000,43689095,36148492,24,12,1.0,80000000,True
20260630,500377,500,501,5004,TC-01,2025-12-04,AVAILABLE,,208,True,1982000000,4.0,250000000,1653000000,40097107,33441230,0,24,2.0,0,False
20260630,500378,500,501,5004,TC-01,2025-08-08,SOLD,2026-01-17,326,False,1917000000,3.0,150000000,1709000000,32497033,28971012,0,6,1.2,0,False
20260630,500379,500,501,5003,TC-01,2026-01-12,AVAILABLE,,169,True,3219000000,3.0,0,3122000000,41195291,39953929,6,24,2.0,0,False
20260630,500380,500,501,5002,TC-01,2025-06-10,SOLD,2025-10-22,385,False,4870000000,6.0,0,4578000000,45399459,42677356,0,12,1.0,0,False
20260630,500381,500,501,5001,TC-01,2025-10-18,AVAILABLE,,255,True,2555000000,2.0,50000000,2454000000,47694605,45809222,6,18,1.5,0,False
20260630,500382,500,501,5003,TC-01,2025-04-22,AVAILABLE,,434,True,2729000000,5.0,150000000,2443000000,41105588,36797710,6,0,1.8,0,False
20260630,500383,500,501,5002,TC-01,2026-02-20,AVAILABLE,,130,True,2219000000,4.0,0,2130000000,40104826,38496295,24,6,1.2,0,False
20260630,500384,500,501,5003,TC-01,2025-12-25,AVAILABLE,,187,True,2189000000,0.0,100000000,2089000000,42299517,40367150,24,18,1.2,0,False
20260630,500385,500,501,5001,TC-01,2025-07-14,AVAILABLE,,351,True,3029000000,3.0,50000000,2888000000,42098680,40138985,12,18,1.2,50000000,False
20260630,500386,500,501,5003,TC-01,2025-12-26,AVAILABLE,,186,True,4109000000,3.0,150000000,3836000000,43601443,40704584,0,0,1.8,0,True
20260630,500387,500,501,5003,TC-01,2025-06-20,AVAILABLE,,375,True,2895000000,3.0,0,2808000000,37602286,36472269,18,18,1.5,80000000,False
20260630,500388,500,501,5002,TC-01,2025-05-30,AVAILABLE,,396,True,4254000000,1.0,50000000,4161000000,38998900,38146315,6,6,1.5,0,False
20260630,500389,500,501,5002,TC-01,2025-09-01,AVAILABLE,,302,True,2864000000,2.0,250000000,2557000000,50600707,45176678,12,12,1.2,0,False
20260630,500390,500,501,5003,TC-01,2025-04-04,AVAILABLE,,452,True,3073000000,3.0,100000000,2881000000,40402314,37877991,0,0,1.2,0,False
20260630,500391,500,501,5004,TC-01,2025-06-09,AVAILABLE,,386,True,2590000000,5.0,0,2460000000,37596168,35709101,12,12,1.2,0,False
20260630,500392,500,501,5003,TC-01,2025-12-26,SOLD,2026-02-16,186,False,1704000000,2.0,50000000,1620000000,39010989,37087912,0,12,1.2,0,False
20260630,500393,500,501,5001,TC-01,2026-02-01,AVAILABLE,,149,True,5253000000,4.0,50000000,4993000000,47998904,45623173,24,18,1.8,0,False
20260630,500394,500,501,5001,TC-01,2026-01-12,AVAILABLE,,169,True,2573000000,4.0,150000000,2320000000,49000190,44182061,12,12,1.5,80000000,False
20260630,500395,500,501,5004,TC-01,2025-08-12,AVAILABLE,,322,True,2414000000,5.0,100000000,2193000000,41592006,37784287,24,12,1.2,80000000,False
20260630,500396,500,501,5001,TC-01,2025-09-04,AVAILABLE,,299,True,3902000000,1.0,50000000,3813000000,34801998,34008205,0,12,1.0,0,False
20260630,500397,500,501,5004,TC-01,2026-02-16,AVAILABLE,,134,True,4340000000,0.0,0,4340000000,44599733,44599733,0,18,1.0,50000000,False
20260630,500398,500,501,5003,TC-01,2025-05-15,AVAILABLE,,411,True,2832000000,0.0,100000000,2732000000,42605687,41101249,24,6,1.8,0,False
20260630,500399,500,501,5003,TC-01,2025-09-29,SOLD,2026-02-25,274,False,2896000000,3.0,0,2809000000,38597894,37438358,12,18,1.5,0,False
20260630,500400,500,501,5001,TC-01,2026-03-14,AVAILABLE,,108,True,3777000000,0.0,0,3777000000,46497599,46497599,0,6,1.0,50000000,False
20260630,500401,500,501,5004,TC-01,2025-06-27,AVAILABLE,,368,True,2328000000,0.0,0,2328000000,45691855,45691855,36,0,1.8,0,False
20260630,500402,500,501,5002,TC-01,2026-03-12,SOLD,2026-05-04,110,False,3031000000,3.0,100000000,2840000000,47101787,44133644,0,12,2.0,0,False
20260630,500403,500,501,5004,TC-01,2025-09-06,AVAILABLE,,297,True,2936000000,0.0,0,2936000000,42606298,42606298,24,12,1.2,50000000,False
20260630,500404,500,501,5001,TC-01,2025-11-27,SOLD,2026-02-01,215,False,4131000000,3.0,100000000,3907000000,40599509,38398034,12,0,1.8,0,False
20260630,500405,500,501,5003,TC-01,2026-02-17,AVAILABLE,,133,True,2720000000,3.0,0,2638000000,35803607,34724233,12,12,1.2,0,True
20260630,500406,500,501,5001,TC-01,2026-04-01,AVAILABLE,,90,False,3248000000,3.0,100000000,3051000000,44094488,41420038,12,12,1.0,0,False
20260630,500407,500,501,5004,TC-01,2025-12-03,AVAILABLE,,209,True,3233000000,0.0,150000000,3083000000,41200459,39288900,24,18,1.2,0,False
20260630,500408,500,501,5002,TC-01,2026-02-26,AVAILABLE,,124,True,1979000000,1.0,50000000,1909000000,35301463,34052801,0,12,1.0,0,True
20260630,500409,500,501,5003,TC-01,2026-04-04,AVAILABLE,,87,False,2225000000,2.0,150000000,2030000000,39492368,36031239,0,24,1.2,0,False
20260630,500410,500,501,5003,TC-01,2025-08-04,SOLD,2025-12-02,330,False,4543000000,1.0,50000000,4448000000,41499954,40632137,18,18,1.2,0,False
20260630,500411,500,501,5001,TC-01,2026-03-08,AVAILABLE,,114,True,3493000000,1.0,0,3458000000,36896588,36526883,0,18,1.5,0,False
20260630,500412,500,501,5003,TC-01,2026-03-25,AVAILABLE,,97,True,3645000000,3.0,50000000,3486000000,42202154,40361237,0,6,1.2,0,True
20260630,500413,500,501,5001,TC-01,2026-03-22,AVAILABLE,,100,True,3533000000,4.0,100000000,3292000000,47499328,44259209,24,6,1.0,0,True
20260630,500414,500,501,5001,TC-01,2025-04-03,AVAILABLE,,453,True,2745000000,1.0,0,2718000000,38694672,38314068,0,12,1.8,0,True
20260630,500415,500,501,5002,TC-01,2025-07-24,AVAILABLE,,341,True,2252000000,3.0,0,2184000000,42306970,41029495,0,6,1.5,0,False
20260630,500416,500,501,5003,TC-01,2026-01-19,AVAILABLE,,162,True,3240000000,2.0,0,3175000000,39097381,38313020,12,6,1.0,0,True
20260630,500417,500,501,5003,TC-01,2025-09-02,SOLD,2025-10-21,301,False,2728000000,3.0,0,2646000000,35005774,33953548,0,18,1.8,0,True
20260630,500418,500,501,5001,TC-01,2025-12-28,SOLD,2026-04-15,184,False,2913000000,4.0,50000000,2746000000,42205158,39785569,18,12,1.5,50000000,False
20260630,500419,500,501,5003,TC-01,2025-12-30,AVAILABLE,,182,True,3569000000,3.0,100000000,3362000000,49098913,46251204,6,6,1.2,0,False
20260630,500420,500,501,5002,TC-01,2026-03-01,AVAILABLE,,121,True,4306000000,4.0,0,4134000000,39701272,38115434,24,12,1.5,0,False
20260630,500421,500,501,5003,TC-01,2025-09-02,AVAILABLE,,301,True,2654000000,5.0,50000000,2471000000,38497244,35842762,12,12,1.5,0,True
20260630,500422,500,501,5004,TC-01,2026-04-12,AVAILABLE,,79,False,2320000000,2.0,50000000,2224000000,40794795,39106735,0,0,1.5,0,False
20260630,500423,500,501,5003,TC-01,2025-07-07,AVAILABLE,,358,True,3179000000,3.0,0,3084000000,44806202,43467230,0,12,1.0,0,False
20260630,500424,500,501,5002,TC-01,2025-05-22,AVAILABLE,,404,True,4473000000,2.0,50000000,4334000000,43498979,42147233,6,0,1.0,0,True
20260630,500425,500,501,5004,TC-01,2025-06-29,AVAILABLE,,366,True,2308000000,3.0,100000000,2139000000,49295173,45685604,18,0,1.5,0,False
20260630,500426,500,501,5003,TC-01,2025-05-31,AVAILABLE,,395,True,2510000000,2.0,100000000,2360000000,42099966,39584032,0,24,1.5,0,False
20260630,500427,500,501,5004,TC-01,2025-09-30,AVAILABLE,,273,True,2787000000,2.0,50000000,2681000000,47006241,45218418,6,12,1.8,0,False
20260630,500428,500,501,5002,TC-01,2025-05-31,AVAILABLE,,395,True,4053000000,1.0,50000000,3962000000,39399242,38514630,12,18,1.8,0,True
20260630,500429,500,501,5004,TC-01,2025-03-22,AVAILABLE,,465,True,3352000000,4.0,50000000,3168000000,42706077,40361830,0,18,1.8,0,False
20260630,500430,500,501,5002,TC-01,2025-04-14,AVAILABLE,,442,True,3304000000,5.0,0,3139000000,44498316,42276094,0,0,1.5,80000000,True
20260630,500431,500,501,5002,TC-01,2025-09-10,AVAILABLE,,293,True,4440000000,3.0,0,4307000000,41302326,40065116,0,0,2.0,0,False
20260630,500432,500,501,5002,TC-01,2025-06-15,AVAILABLE,,380,True,2569000000,2.0,250000000,2268000000,33303085,29401089,0,6,1.0,0,True
20260630,500433,500,501,5001,TC-01,2026-01-16,AVAILABLE,,165,True,4767000000,4.0,0,4576000000,44497340,42714459,6,0,1.5,0,False
20260630,500434,500,501,5003,TC-01,2025-10-07,AVAILABLE,,266,True,2940000000,3.0,100000000,2752000000,39205227,36698226,0,6,1.8,30000000,True
20260630,500435,500,501,5001,TC-01,2025-09-07,SOLD,2025-10-24,296,False,4195000000,6.0,100000000,3843000000,39400770,36094675,12,6,1.5,80000000,False
20260630,500436,500,501,5001,TC-01,2026-02-18,AVAILABLE,,132,True,5182000000,3.0,0,5027000000,44298171,42973158,0,0,1.0,0,True
20260630,500437,500,501,5004,TC-01,2025-03-29,AVAILABLE,,458,True,2037000000,3.0,150000000,1826000000,36008485,32278593,0,18,1.0,50000000,False
20260630,500438,500,501,5001,TC-01,2025-08-28,AVAILABLE,,306,True,1834000000,5.0,50000000,1692000000,33900185,31275416,0,0,1.5,0,False
20260630,500439,500,501,5004,TC-01,2025-07-26,AVAILABLE,,339,True,2390000000,1.0,150000000,2216000000,44390788,41158990,0,12,1.8,0,True
20260630,500440,500,501,5002,TC-01,2025-08-26,AVAILABLE,,308,True,3250000000,4.0,0,3120000000,43103448,41379310,0,0,1.8,0,False
20260630,500441,500,501,5003,TC-01,2025-10-20,AVAILABLE,,253,True,3563000000,2.0,0,3492000000,43504274,42637363,6,6,1.5,0,False
20260630,500442,500,501,5003,TC-01,2026-04-10,AVAILABLE,,81,False,2277000000,1.0,150000000,2104000000,35706445,32993571,0,18,1.2,0,False
20260630,500443,500,501,5004,TC-01,2025-10-12,AVAILABLE,,261,True,3470000000,1.0,50000000,3385000000,34895414,34040628,0,6,1.5,0,True
20260630,500444,500,501,5001,TC-01,2025-08-02,SOLD,2026-03-31,332,False,2192000000,0.0,0,2192000000,40903154,40903154,0,12,1.2,0,False
20260630,500445,500,501,5004,TC-01,2026-04-09,AVAILABLE,,82,False,2706000000,0.0,100000000,2606000000,38806826,37372723,36,6,1.8,0,False
20260630,500446,500,501,5001,TC-01,2025-10-23,SOLD,2026-04-27,250,False,4276000000,4.0,0,4105000000,44597413,42813934,24,0,1.5,0,False
20260630,500447,500,501,5003,TC-01,2025-12-23,SOLD,2026-04-19,189,False,1915000000,1.0,50000000,1846000000,41495125,40000000,0,6,1.0,0,False
20260630,500448,500,501,5002,TC-01,2025-09-01,AVAILABLE,,302,True,2180000000,4.0,50000000,2043000000,38292640,35886176,0,0,1.0,0,True
20260630,500449,500,501,5004,TC-01,2025-03-18,AVAILABLE,,469,True,3118000000,3.0,150000000,2874000000,41194345,37970670,0,0,1.2,0,False
20260630,500450,500,501,5001,TC-01,2025-09-18,AVAILABLE,,285,True,3337000000,0.0,100000000,3237000000,44797959,43455497,18,12,1.2,0,False
20260630,500451,500,501,5001,TC-01,2025-06-03,SOLD,2025-09-05,392,False,3604000000,3.0,100000000,3396000000,43203069,40709662,0,0,1.5,0,False
20260630,500452,500,501,5004,TC-01,2025-10-19,SOLD,2025-11-28,254,False,2570000000,0.0,50000000,2520000000,51992717,50981186,6,0,1.0,0,False
20260630,500453,500,501,5002,TC-01,2025-06-07,AVAILABLE,,388,True,3149000000,3.0,50000000,3005000000,43303080,41322882,0,6,1.0,50000000,False
20260630,500454,500,501,5002,TC-01,2025-09-28,AVAILABLE,,275,True,3247000000,1.0,100000000,3115000000,39395778,37794225,12,12,1.5,0,False
20260630,500455,500,501,5002,TC-01,2026-03-25,SOLD,2026-04-23,97,False,3368000000,0.0,250000000,3118000000,43797139,40546164,18,6,1.2,0,True
20260630,500456,500,501,5003,TC-01,2025-07-06,AVAILABLE,,359,True,5639000000,5.0,50000000,5307000000,49796892,46865065,36,0,2.0,50000000,False
20260630,500457,500,501,5003,TC-01,2025-12-09,AVAILABLE,,203,True,2204000000,1.0,50000000,2132000000,42197971,40819452,0,18,1.2,0,False
20260630,500458,500,501,5004,TC-01,2025-08-04,AVAILABLE,,330,True,4985000000,4.0,250000000,4536000000,45600073,41492865,18,0,2.0,0,False
20260630,500459,500,501,5003,TC-01,2025-06-17,AVAILABLE,,378,True,2497000000,2.0,50000000,2397000000,47006777,45124247,0,6,2.0,80000000,False
20260630,500460,500,501,5002,TC-01,2025-08-26,AVAILABLE,,308,True,2363000000,3.0,50000000,2242000000,41002950,38903349,24,24,1.0,0,False
20260630,500461,500,501,5003,TC-01,2025-07-30,AVAILABLE,,335,True,4949000000,2.0,150000000,4700000000,49703726,47202973,12,6,1.5,0,True
20260630,500462,500,501,5002,TC-01,2026-01-29,AVAILABLE,,152,True,3443000000,5.0,50000000,3221000000,34498998,32274549,18,12,1.0,0,True
20260630,500463,500,501,5003,TC-01,2025-05-12,AVAILABLE,,414,True,3114000000,3.0,100000000,2921000000,46595840,43707916,12,18,1.2,80000000,True
20260630,500464,500,501,5001,TC-01,2026-02-12,AVAILABLE,,138,True,3487000000,2.0,50000000,3367000000,45797216,44221172,0,6,1.2,30000000,False
20260630,500465,500,501,5002,TC-01,2025-10-20,AVAILABLE,,253,True,3065000000,2.0,100000000,2904000000,37201117,35246996,24,0,1.0,0,False
20260630,500466,500,501,5002,TC-01,2025-06-09,AVAILABLE,,386,True,1715000000,4.0,150000000,1496000000,40409991,35249764,18,0,1.0,0,False
20260630,500467,500,501,5003,TC-01,2025-12-05,AVAILABLE,,207,True,2936000000,3.0,150000000,2698000000,37898541,34826384,12,0,1.0,0,True
20260630,500468,500,501,5003,TC-01,2025-08-08,AVAILABLE,,326,True,2029000000,4.0,0,1948000000,36797243,35328255,0,18,2.5,0,False
20260630,500469,500,501,5001,TC-01,2025-11-02,AVAILABLE,,240,True,2754000000,0.0,100000000,2654000000,34105263,32866873,0,0,1.0,0,False
20260630,500470,500,501,5004,TC-01,2025-12-16,AVAILABLE,,196,True,2541000000,1.0,150000000,2366000000,42399466,39479393,0,12,1.2,0,False
20260630,500471,500,501,5002,TC-01,2025-07-06,SOLD,2026-03-19,359,False,3585000000,2.0,50000000,3463000000,44401784,42890760,0,0,1.5,50000000,False
20260630,500472,500,501,5003,TC-01,2025-08-30,AVAILABLE,,304,True,1355000000,4.0,100000000,1201000000,34105210,30229046,6,12,1.2,0,False
20260630,500473,500,501,5002,TC-01,2025-08-01,AVAILABLE,,333,True,2538000000,3.0,100000000,2362000000,34204852,31832884,6,0,2.0,0,False
20260630,500474,500,501,5001,TC-01,2025-06-15,AVAILABLE,,380,True,2789000000,0.0,50000000,2739000000,39099958,38398991,12,0,1.2,0,False
20260630,500475,500,501,5002,TC-01,2025-08-16,AVAILABLE,,318,True,3608000000,1.0,100000000,3472000000,34900368,33584833,24,6,2.0,0,True
20260630,500476,500,501,5004,TC-01,2026-03-15,AVAILABLE,,107,True,3791000000,1.0,0,3753000000,51501155,50984921,0,24,1.5,0,True
20260630,500477,500,501,5002,TC-01,2026-03-15,AVAILABLE,,107,True,2471000000,5.0,50000000,2297000000,42699153,39692414,18,0,1.5,0,False
20260630,500478,500,501,5002,TC-01,2025-05-10,AVAILABLE,,416,True,2999000000,5.0,0,2849000000,40104306,38098422,0,6,1.0,0,False
20260630,500479,500,501,5001,TC-01,2025-07-16,SOLD,2025-09-23,349,False,3093000000,4.0,0,2969000000,45002182,43198021,0,12,1.5,0,True
20260630,500480,500,501,5004,TC-01,2025-08-25,SOLD,2025-11-29,309,False,2433000000,1.0,150000000,2259000000,45307263,42067039,6,0,1.5,0,True
20260630,500481,500,501,5004,TC-01,2026-03-08,AVAILABLE,,114,True,3602000000,4.0,250000000,3208000000,47797240,42569002,24,12,1.8,0,False
20260630,500482,500,501,5003,TC-01,2026-03-23,AVAILABLE,,99,True,4048000000,0.0,250000000,3798000000,38300691,35935282,12,0,1.0,0,False
20260630,500483,500,501,5001,TC-01,2025-07-28,AVAILABLE,,337,True,2603000000,0.0,100000000,2503000000,48800150,46925384,12,0,1.8,0,False
20260630,500484,500,501,5004,TC-01,2025-09-01,SOLD,2026-04-23,302,False,2800000000,2.0,150000000,2594000000,37593985,34828142,0,0,1.0,0,False
20260630,500485,500,501,5003,TC-01,2026-02-17,AVAILABLE,,133,True,3332000000,1.0,0,3299000000,42500000,42079082,24,0,1.8,0,False
20260630,500486,500,501,5002,TC-01,2025-05-29,AVAILABLE,,397,True,3435000000,4.0,250000000,3048000000,43196680,38329980,0,18,1.5,0,False
20260630,500487,500,501,5003,TC-01,2025-04-23,AVAILABLE,,433,True,2930000000,5.0,150000000,2634000000,40402648,36321015,24,24,1.8,0,False
20260630,500488,500,501,5002,TC-01,2025-09-03,SOLD,2026-01-16,300,False,2136000000,1.0,50000000,2065000000,40000000,38670412,0,0,1.5,0,False
20260630,500489,500,501,5003,TC-01,2025-04-20,AVAILABLE,,436,True,2624000000,0.0,0,2624000000,46091692,46091692,12,12,1.2,50000000,False
20260630,500490,500,501,5001,TC-01,2026-02-21,AVAILABLE,,129,True,3882000000,0.0,50000000,3832000000,44503038,43929841,6,0,1.5,0,False
20260630,500491,500,501,5002,TC-01,2025-11-10,AVAILABLE,,232,True,3189000000,1.0,100000000,3057000000,39902402,38250751,0,0,1.8,0,False
20260630,500492,500,501,5002,TC-01,2026-03-28,AVAILABLE,,94,True,3575000000,4.0,250000000,3182000000,34504391,30711321,0,6,1.0,80000000,False
20260630,500493,500,501,5004,TC-01,2025-04-30,AVAILABLE,,426,True,2817000000,3.0,150000000,2582000000,36198921,33179131,12,12,2.0,0,False
20260630,500494,500,501,5001,TC-01,2025-09-16,AVAILABLE,,287,True,4524000000,4.0,0,4343000000,44496902,42716632,12,24,1.0,0,False
20260630,500495,500,501,5001,TC-01,2026-01-20,AVAILABLE,,161,True,2131000000,3.0,250000000,1817000000,39302840,33511619,12,18,1.0,0,False
20260630,500496,500,501,5002,TC-01,2025-11-07,AVAILABLE,,235,True,2651000000,1.0,100000000,2524000000,34794592,33127707,18,18,1.5,80000000,True
20260630,500497,500,501,5002,TC-01,2025-03-20,AVAILABLE,,467,True,2210000000,4.0,100000000,2022000000,36900985,33761897,18,24,1.8,0,False
20260630,500498,500,501,5002,TC-01,2025-07-31,AVAILABLE,,334,True,3670000000,3.0,50000000,3510000000,44805274,42851911,0,12,2.0,0,False
20260630,500499,500,501,5002,TC-01,2025-03-18,SOLD,2025-07-05,469,False,3409000000,5.0,0,3239000000,44503916,42284595,0,24,1.2,0,True
20260630,500500,500,501,5002,TC-01,2025-11-17,AVAILABLE,,225,True,3753000000,5.0,250000000,3315000000,37703436,33303195,12,0,1.2,0,False
20260630,500501,500,501,5002,TC-01,2025-11-18,SOLD,2026-03-02,224,False,1988000000,3.0,100000000,1828000000,45795900,42110113,18,12,1.2,0,True
20260630,500502,500,501,5001,TC-01,2026-01-18,SOLD,2026-03-19,163,False,1649000000,0.0,100000000,1549000000,35204953,33070026,0,6,1.5,0,False
20260630,500503,500,501,5001,TC-01,2025-07-28,AVAILABLE,,337,True,3388000000,4.0,100000000,3152000000,50394169,46883832,6,12,1.0,0,True
20260630,500504,500,501,5004,TC-01,2025-12-27,AVAILABLE,,185,True,2130000000,3.0,0,2066000000,41199226,39961315,0,6,1.5,50000000,True
20260630,500505,500,501,5002,TC-01,2026-02-04,AVAILABLE,,146,True,3007000000,2.0,150000000,2797000000,43303571,40279378,18,12,1.8,0,False
20260630,500506,500,501,5003,TC-01,2025-10-19,SOLD,2026-04-24,254,False,3944000000,2.0,100000000,3765000000,38999308,37229309,18,6,1.8,0,False
20260630,500507,500,501,5003,TC-01,2025-06-19,AVAILABLE,,376,True,3144000000,2.0,50000000,3031000000,40794083,39327884,12,12,2.0,0,False
20260630,500508,500,501,5004,TC-01,2026-01-12,AVAILABLE,,169,True,1823000000,3.0,0,1768000000,35398058,34330097,0,6,1.8,0,True
20260630,500509,500,501,5003,TC-01,2025-08-23,AVAILABLE,,311,True,3212000000,4.0,250000000,2834000000,38999514,34409908,18,6,2.0,30000000,False
20260630,500510,500,501,5004,TC-01,2025-08-21,AVAILABLE,,313,True,4274000000,4.0,0,4103000000,43298551,41566204,12,0,2.5,0,False
20260630,500511,500,501,5001,TC-01,2026-04-13,AVAILABLE,,78,False,4441000000,1.0,250000000,4147000000,43403049,40529711,12,0,1.8,0,False
20260630,500512,500,501,5002,TC-01,2025-08-31,AVAILABLE,,303,True,2528000000,2.0,150000000,2327000000,45797101,42155797,18,12,1.0,0,True
20260630,500513,500,501,5004,TC-01,2026-02-12,AVAILABLE,,138,True,2449000000,4.0,50000000,2301000000,44102287,41437061,18,0,1.5,0,True
20260630,500514,500,501,5003,TC-01,2025-12-17,AVAILABLE,,195,True,2925000000,4.0,100000000,2708000000,39099051,36198369,0,0,1.5,0,False
20260630,500515,500,501,5002,TC-01,2025-07-29,AVAILABLE,,336,True,2911000000,2.0,100000000,2753000000,38302632,36223684,36,18,1.5,0,False
20260630,500516,500,501,5001,TC-01,2026-01-30,AVAILABLE,,151,True,2211000000,6.0,100000000,1978000000,37097315,33187919,6,0,2.5,0,False
20260630,500517,500,501,5003,TC-01,2025-04-12,AVAILABLE,,444,True,2903000000,4.0,250000000,2537000000,36405819,31815902,18,0,1.2,0,False
20260630,500518,500,501,5004,TC-01,2025-04-01,SOLD,2025-12-04,455,False,2428000000,3.0,0,2355000000,44193666,42864944,12,18,1.8,0,False
20260630,500519,500,501,5003,TC-01,2025-12-08,AVAILABLE,,204,True,4365000000,3.0,100000000,4134000000,39599020,37503402,24,12,1.8,80000000,False
20260630,500520,500,501,5003,TC-01,2025-03-30,AVAILABLE,,457,True,4751000000,2.0,150000000,4506000000,43400018,41161962,18,6,1.0,0,False
20260630,500521,500,501,5002,TC-01,2025-04-25,AVAILABLE,,431,True,3324000000,4.0,0,3191000000,43502159,41761550,6,12,1.5,0,False
20260630,500522,500,501,5002,TC-01,2025-05-28,AVAILABLE,,398,True,4504000000,2.0,100000000,4314000000,42997613,41183771,12,12,1.5,0,False
20260630,500523,500,501,5003,TC-01,2026-04-06,AVAILABLE,,85,False,2485000000,2.0,100000000,2335000000,34494725,32412549,12,6,1.0,80000000,True
20260630,500524,500,501,5001,TC-01,2025-06-10,SOLD,2026-01-19,385,False,4359000000,1.0,50000000,4265000000,40799326,39919506,0,0,1.0,0,False
20260630,500525,500,501,5002,TC-01,2025-07-22,SOLD,2025-09-18,343,False,4202000000,4.0,50000000,3984000000,40995122,38868293,36,12,1.5,0,False
20260630,500526,500,501,5001,TC-01,2025-04-29,AVAILABLE,,427,True,3125000000,4.0,100000000,2900000000,40903141,37958115,12,0,1.8,0,False
20260630,500527,500,501,5002,TC-01,2025-09-04,AVAILABLE,,299,True,1706000000,0.0,250000000,1456000000,41197778,35160589,12,12,1.2,0,False
20260630,500528,500,501,5003,TC-01,2025-09-11,AVAILABLE,,292,True,3022000000,2.0,150000000,2812000000,45801758,42618975,6,12,1.0,50000000,True
20260630,500529,500,501,5004,TC-01,2026-01-29,SOLD,2026-04-21,152,False,1851000000,2.0,0,1814000000,43893763,43016362,12,18,1.2,0,False
20260630,500530,500,501,5002,TC-01,2025-09-16,AVAILABLE,,287,True,2845000000,5.0,100000000,2603000000,36900130,33761349,18,18,1.2,0,False
20260630,500531,500,501,5003,TC-01,2025-08-16,AVAILABLE,,318,True,1979000000,1.0,0,1959000000,37803247,37421203,24,0,1.0,0,False
20260630,500532,500,501,5001,TC-01,2025-08-28,AVAILABLE,,306,True,1949000000,0.0,100000000,1849000000,45601310,43261582,6,12,1.2,0,False
20260630,500533,500,501,5004,TC-01,2025-11-30,AVAILABLE,,212,True,4871000000,3.0,0,4725000000,51996157,50437660,6,0,1.5,0,False
20260630,500534,500,501,5001,TC-01,2026-01-13,AVAILABLE,,168,True,3257000000,4.0,150000000,2977000000,39497938,36102353,12,24,1.8,30000000,False
20260630,500535,500,501,5004,TC-01,2025-12-29,AVAILABLE,,183,True,1729000000,5.0,100000000,1543000000,39402917,35164084,0,0,1.0,0,False
20260630,500536,500,501,5003,TC-01,2025-03-25,AVAILABLE,,462,True,4101000000,2.0,100000000,3919000000,39699903,37938045,18,12,1.5,0,False
20260630,500537,500,501,5001,TC-01,2026-04-09,AVAILABLE,,82,False,4547000000,3.0,100000000,4311000000,40104075,38022579,0,18,1.0,50000000,False
20260630,500538,500,501,5001,TC-01,2025-04-03,AVAILABLE,,453,True,3258000000,0.0,50000000,3208000000,43095238,42433862,18,24,2.0,0,False
20260630,500539,500,501,5001,TC-01,2025-05-07,AVAILABLE,,419,True,1657000000,6.0,250000000,1308000000,40702530,32129698,12,18,1.0,0,True
20260630,500540,500,501,5004,TC-01,2025-06-23,SOLD,2025-11-04,372,False,2812000000,3.0,150000000,2578000000,32400046,29703883,24,12,1.5,30000000,False
20260630,500541,500,501,5002,TC-01,2025-07-17,AVAILABLE,,348,True,3141000000,5.0,100000000,2884000000,42303030,38841751,0,0,1.2,0,True
20260630,500542,500,501,5004,TC-01,2025-07-05,SOLD,2025-10-24,360,False,2392000000,2.0,0,2344000000,46000000,45076923,12,6,1.0,80000000,False
20260630,500543,500,501,5003,TC-01,2025-05-18,AVAILABLE,,408,True,3516000000,1.0,50000000,3431000000,49195467,48006156,12,0,1.8,0,False
20260630,500544,500,501,5001,TC-01,2025-07-16,AVAILABLE,,349,True,1641000000,2.0,0,1608000000,32793765,32134293,0,0,1.5,80000000,False
20260630,500545,500,501,5001,TC-01,2025-10-17,AVAILABLE,,256,True,2871000000,0.0,0,2871000000,41802563,41802563,12,0,2.5,0,True
20260630,500546,500,501,5001,TC-01,2025-08-27,AVAILABLE,,307,True,2191000000,4.0,250000000,1853000000,39807413,33666424,18,6,1.2,0,False
20260630,500547,500,501,5002,TC-01,2026-01-30,AVAILABLE,,151,True,3189000000,6.0,100000000,2898000000,43895389,39889883,36,12,1.5,0,False
20260630,500548,500,501,5001,TC-01,2025-05-02,AVAILABLE,,424,True,3593000000,1.0,150000000,3407000000,36403242,34518744,6,6,2.0,0,False
20260630,500549,500,501,5004,TC-01,2026-04-05,AVAILABLE,,86,False,2253000000,1.0,100000000,2130000000,43892461,41496201,12,12,1.5,50000000,False
20260630,500550,500,501,5001,TC-01,2025-06-11,AVAILABLE,,384,True,2793000000,3.0,150000000,2559000000,41494577,38018125,12,0,1.2,0,False
20260630,500551,500,501,5003,TC-01,2025-06-30,SOLD,2025-10-10,365,False,5119000000,2.0,0,5017000000,47002112,46065559,24,6,1.5,0,False
20260630,500552,500,501,5003,TC-01,2026-04-09,AVAILABLE,,82,False,2474000000,1.0,0,2449000000,51800670,51277219,24,12,1.5,0,True
20260630,500553,500,501,5002,TC-01,2025-12-22,AVAILABLE,,190,True,3979000000,1.0,0,3939000000,38604832,38216746,6,18,1.0,0,True
20260630,500554,500,501,5002,TC-01,2025-07-09,AVAILABLE,,356,True,5179000000,5.0,50000000,4870000000,49104011,46174268,18,18,2.5,30000000,True
20260630,500555,500,501,5004,TC-01,2025-05-14,AVAILABLE,,412,True,1463000000,3.0,100000000,1319000000,37599589,33898741,0,0,1.0,0,False
20260630,500556,500,501,5002,TC-01,2025-09-02,SOLD,2025-09-21,301,False,3016000000,4.0,150000000,2745000000,38597389,35129255,6,6,1.2,30000000,True
20260630,500557,500,501,5004,TC-01,2026-02-06,AVAILABLE,,144,True,3485000000,3.0,100000000,3280000000,46797368,44044582,36,6,1.5,0,False
20260630,500558,500,501,5003,TC-01,2025-11-05,AVAILABLE,,237,True,2971000000,3.0,0,2882000000,41604817,40358493,0,0,1.2,0,False
20260630,500559,500,501,5001,TC-01,2025-03-24,AVAILABLE,,463,True,3168000000,1.0,50000000,3086000000,43096177,41980683,18,0,1.5,0,False
20260630,500560,500,501,5004,TC-01,2025-12-03,AVAILABLE,,209,True,2450000000,3.0,100000000,2276000000,43005090,39950851,18,0,2.0,0,False
20260630,500561,500,501,5001,TC-01,2026-02-03,AVAILABLE,,147,True,3499000000,0.0,50000000,3449000000,38501320,37951144,18,18,1.2,0,False
20260630,500562,500,501,5003,TC-01,2025-09-19,AVAILABLE,,284,True,4325000000,3.0,250000000,3945000000,37501084,34206191,0,0,1.8,80000000,False
20260630,500563,500,501,5003,TC-01,2026-03-25,AVAILABLE,,97,True,3078000000,1.0,50000000,2997000000,41404358,40314770,6,12,1.0,0,False
20260630,500564,500,501,5001,TC-01,2025-07-04,AVAILABLE,,361,True,2981000000,1.0,100000000,2851000000,38896138,37199896,12,6,1.0,0,True
20260630,500565,500,501,5002,TC-01,2025-09-24,AVAILABLE,,279,True,2373000000,2.0,0,2326000000,39294585,38516311,0,0,1.2,0,False
20260630,500566,500,501,5001,TC-01,2025-12-16,AVAILABLE,,196,True,3082000000,1.0,250000000,2801000000,40298117,36623954,6,0,1.5,0,False
20260630,500567,500,501,5002,TC-01,2026-01-23,SOLD,2026-03-19,158,False,1910000000,3.0,50000000,1803000000,33901313,32002130,36,0,1.2,0,False
20260630,500568,500,501,5002,TC-01,2025-07-26,AVAILABLE,,339,True,1725000000,4.0,0,1656000000,34506901,33126625,0,0,1.0,0,False
20260630,500569,500,501,5002,TC-01,2026-02-24,AVAILABLE,,126,True,3224000000,4.0,50000000,3045000000,42404314,40049980,12,6,2.0,0,False
20260630,500570,500,501,5001,TC-01,2026-03-18,AVAILABLE,,104,True,2366000000,1.0,100000000,2242000000,52000000,49274725,0,0,1.0,0,False
20260630,500571,500,501,5003,TC-01,2025-07-19,AVAILABLE,,346,True,2867000000,3.0,50000000,2731000000,40397351,38481048,12,0,1.5,0,False
20260630,500572,500,501,5001,TC-01,2025-11-18,SOLD,2025-12-26,224,False,3008000000,1.0,0,2978000000,37903226,37525202,0,0,2.0,0,False
20260630,500573,500,501,5004,TC-01,2025-07-25,SOLD,2025-11-13,340,False,3861000000,0.0,50000000,3811000000,45205479,44620068,18,24,1.5,0,False
20260630,500574,500,501,5001,TC-01,2025-04-28,AVAILABLE,,428,True,1857000000,3.0,100000000,1701000000,42709292,39121435,0,18,1.5,0,False
20260630,500575,500,501,5001,TC-01,2026-01-31,SOLD,2026-03-02,150,False,2304000000,2.0,150000000,2108000000,49199231,45013880,6,0,1.2,0,False
20260630,500576,500,501,5004,TC-01,2025-09-29,AVAILABLE,,274,True,2215000000,1.0,50000000,2143000000,42702911,41314826,0,6,1.0,80000000,False
20260630,500577,500,501,5002,TC-01,2025-10-26,SOLD,2025-12-10,247,False,2444000000,0.0,50000000,2394000000,43402593,42514651,0,6,2.0,0,False
20260630,500578,500,501,5003,TC-01,2025-10-22,AVAILABLE,,251,True,4269000000,0.0,150000000,4119000000,41103408,39659157,24,0,1.8,0,True
20260630,500579,500,501,5004,TC-01,2025-11-20,AVAILABLE,,222,True,2067000000,3.0,0,2005000000,38491620,37337058,0,0,1.0,0,False
20260630,500580,500,501,5002,TC-01,2025-10-07,AVAILABLE,,266,True,3362000000,4.0,0,3228000000,40403798,38793414,12,0,1.8,0,True
20260630,500581,500,501,5003,TC-01,2025-10-12,SOLD,2025-12-27,261,False,1859000000,0.0,50000000,1809000000,37799919,36783245,24,18,1.8,0,False
20260630,500582,500,501,5001,TC-01,2025-06-06,AVAILABLE,,389,True,2632000000,4.0,50000000,2477000000,38205835,35955872,0,0,2.0,0,False
20260630,500583,500,501,5002,TC-01,2025-05-06,AVAILABLE,,420,True,4912000000,2.0,50000000,4764000000,47898586,46455388,12,6,1.0,80000000,False
20260630,500584,500,501,5003,TC-01,2026-03-21,AVAILABLE,,101,True,3295000000,2.0,50000000,3179000000,38198470,36853698,6,12,1.5,0,False
20260630,500585,500,501,5002,TC-01,2026-02-28,AVAILABLE,,122,True,2749000000,5.0,50000000,2562000000,36304807,33835182,12,0,1.5,0,True
20260630,500586,500,501,5004,TC-01,2025-06-29,AVAILABLE,,366,True,2991000000,4.0,100000000,2771000000,41996630,38907610,24,6,1.0,0,False
20260630,500587,500,501,5003,TC-01,2025-08-12,AVAILABLE,,322,True,2608000000,4.0,50000000,2454000000,45199307,42530329,12,18,1.0,0,False
20260630,500588,500,501,5003,TC-01,2025-05-03,AVAILABLE,,423,True,2780000000,5.0,100000000,2541000000,49492612,45237671,0,12,1.5,0,True
20260630,500589,500,501,5002,TC-01,2025-05-17,AVAILABLE,,409,True,1692000000,2.0,100000000,1558000000,37793165,34800089,12,0,2.5,0,False
20260630,500590,500,501,5004,TC-01,2025-05-08,SOLD,2025-05-30,418,False,3509000000,1.0,50000000,3424000000,46104323,44987518,0,0,2.0,0,False
20260630,500591,500,501,5002,TC-01,2025-05-26,AVAILABLE,,400,True,3565000000,3.0,150000000,3308000000,33603544,31181073,18,12,1.2,0,True
20260630,500592,500,501,5002,TC-01,2026-01-03,AVAILABLE,,178,True,3452000000,4.0,100000000,3214000000,44605246,41529913,18,12,1.2,0,False
20260630,500593,500,501,5001,TC-01,2026-03-13,AVAILABLE,,109,True,2955000000,2.0,0,2896000000,37705755,36952916,6,24,1.0,50000000,True
20260630,500594,500,501,5004,TC-01,2025-09-17,AVAILABLE,,286,True,3732000000,2.0,100000000,3557000000,35898422,34215083,18,12,1.0,0,False
20260630,500595,500,501,5003,TC-01,2026-03-30,AVAILABLE,,92,True,3226000000,3.0,50000000,3079000000,38797354,37029465,0,0,1.2,0,False
20260630,500596,500,501,5001,TC-01,2025-11-07,AVAILABLE,,235,True,5144000000,2.0,50000000,4991000000,47998507,46570869,24,0,2.0,0,False
20260630,500597,500,501,5002,TC-01,2025-03-31,AVAILABLE,,456,True,3016000000,3.0,50000000,2876000000,37596609,35851409,36,0,2.0,50000000,True
20260630,500598,500,501,5003,TC-01,2025-10-30,AVAILABLE,,243,True,4207000000,3.0,50000000,4031000000,42598218,40816120,36,0,1.8,0,True
20260630,500599,500,501,5003,TC-01,2025-12-11,SOLD,2026-03-05,201,False,2350000000,4.0,0,2256000000,35606061,34181818,12,0,1.2,0,False
20260630,500600,500,501,5001,TC-01,2025-12-15,AVAILABLE,,197,True,4398000000,1.0,50000000,4304000000,41997708,41100076,0,12,1.8,0,False
20260630,500601,500,501,5001,TC-01,2025-12-01,AVAILABLE,,211,True,2706000000,2.0,0,2652000000,48407871,47441860,12,18,1.5,0,False
20260630,500602,500,501,5001,TC-01,2025-08-20,SOLD,2025-09-30,314,False,5270000000,1.0,0,5217000000,50800077,50289184,12,18,1.8,0,False
20260630,500603,500,501,5003,TC-01,2025-07-26,AVAILABLE,,339,True,2013000000,3.0,50000000,1903000000,38793602,36673733,0,12,1.0,0,False
20260630,500604,500,501,5001,TC-01,2025-05-01,AVAILABLE,,425,True,3861000000,4.0,100000000,3607000000,37096464,34656034,24,12,1.8,50000000,False
20260630,500605,500,501,5002,TC-01,2025-12-28,AVAILABLE,,184,True,3636000000,4.0,100000000,3391000000,48402556,45141108,24,0,2.0,50000000,True
20260630,500606,500,501,5001,TC-01,2025-07-18,AVAILABLE,,347,True,4296000000,2.0,0,4210000000,38598383,37825696,18,18,1.8,0,True
20260630,500607,500,501,5003,TC-01,2025-06-22,AVAILABLE,,373,True,3429000000,1.0,100000000,3295000000,41700109,40070534,0,12,1.8,0,False
20260630,500608,500,501,5001,TC-01,2025-07-19,SOLD,2026-03-30,346,False,4698000000,3.0,100000000,4457000000,46004700,43644732,18,0,1.2,30000000,False
20260630,500609,500,501,5001,TC-01,2026-02-02,AVAILABLE,,148,True,2921000000,3.0,150000000,2683000000,41800229,38394390,0,6,1.8,50000000,False
20260630,500610,500,501,5003,TC-01,2025-05-12,AVAILABLE,,414,True,3046000000,3.0,150000000,2805000000,39702815,36561522,24,0,1.5,30000000,False
20260630,500611,500,501,5002,TC-01,2025-10-19,AVAILABLE,,254,True,1850000000,2.0,100000000,1713000000,37290869,34529329,0,18,1.2,0,False
20260630,500612,500,501,5001,TC-01,2025-09-12,AVAILABLE,,291,True,3357000000,2.0,50000000,3240000000,41195239,39759480,18,0,1.5,0,False
20260630,500613,500,501,5002,TC-01,2026-02-07,AVAILABLE,,143,True,3304000000,2.0,0,3238000000,49195950,48213222,12,0,1.2,0,True
20260630,500614,500,501,5001,TC-01,2025-08-15,SOLD,2026-04-24,319,False,4226000000,0.0,150000000,4076000000,37701847,36363636,18,12,2.0,0,False
20260630,500615,500,501,5003,TC-01,2025-09-24,AVAILABLE,,279,True,2373000000,2.0,0,2326000000,36395706,35674847,18,12,2.0,0,False
20260630,500616,500,501,5002,TC-01,2025-09-06,SOLD,2026-04-22,297,False,4298000000,4.0,0,4126000000,41602943,39938051,0,12,2.0,50000000,False
20260630,500617,500,501,5002,TC-01,2026-01-14,SOLD,2026-03-14,167,False,2446000000,1.0,100000000,2322000000,34305750,32566620,18,12,1.8,0,True
20260630,500618,500,501,5003,TC-01,2025-11-04,AVAILABLE,,238,True,3139000000,2.0,50000000,3026000000,42800654,41259885,18,0,1.5,0,False
20260630,500619,500,501,5004,TC-01,2026-02-20,AVAILABLE,,130,True,2867000000,2.0,100000000,2710000000,38400750,36297884,6,0,2.0,0,False
20260630,500620,500,501,5003,TC-01,2026-03-28,AVAILABLE,,94,True,3637000000,2.0,0,3564000000,45405743,44494382,0,0,1.2,0,True
20260630,500621,500,501,5002,TC-01,2026-03-28,AVAILABLE,,94,True,2704000000,4.0,100000000,2496000000,40704501,37573386,18,12,1.8,0,False
20260630,500622,500,501,5004,TC-01,2025-11-25,AVAILABLE,,217,True,3132000000,1.0,100000000,3001000000,37495511,35927212,12,24,1.8,0,False
20260630,500623,500,501,5003,TC-01,2025-12-16,SOLD,2026-01-26,196,False,3335000000,4.0,150000000,3052000000,42696198,39073102,0,0,1.0,0,False
20260630,500624,500,501,5003,TC-01,2025-08-26,AVAILABLE,,308,True,2759000000,1.0,50000000,2681000000,49391335,47994987,0,0,1.2,0,False
20260630,500625,500,501,5004,TC-01,2025-03-17,AVAILABLE,,470,True,4688000000,4.0,50000000,4450000000,43100120,40912016,6,6,1.2,30000000,False
20260630,500626,500,501,5002,TC-01,2025-06-04,AVAILABLE,,391,True,5096000000,4.0,0,4892000000,49504566,47522829,12,0,1.0,0,True
20260630,500627,500,501,5002,TC-01,2026-01-18,AVAILABLE,,163,True,3470000000,0.0,0,3470000000,45100078,45100078,24,18,1.8,0,False
20260630,500628,500,501,5001,TC-01,2025-06-11,AVAILABLE,,384,True,2883000000,6.0,100000000,2610000000,38796932,35123133,18,0,1.0,30000000,False
20260630,500629,500,501,5002,TC-01,2025-12-01,AVAILABLE,,211,True,2094000000,4.0,50000000,1960000000,41301775,38658777,0,6,2.5,50000000,False
20260630,500630,500,501,5001,TC-01,2025-07-11,AVAILABLE,,354,True,2861000000,1.0,100000000,2732000000,42899985,40965662,18,0,1.2,0,False
20260630,500631,500,501,5004,TC-01,2026-01-01,AVAILABLE,,180,True,2500000000,2.0,100000000,2350000000,44891363,42197881,6,6,1.5,50000000,True
20260630,500632,500,501,5004,TC-01,2025-05-21,AVAILABLE,,405,True,1999000000,2.0,100000000,1859000000,36194097,33659243,0,6,1.0,0,False
20260630,500633,500,501,5004,TC-01,2025-08-26,AVAILABLE,,308,True,3885000000,0.0,0,3885000000,46903296,46903296,24,6,2.0,0,True
20260630,500634,500,501,5003,TC-01,2026-04-05,AVAILABLE,,86,False,1819000000,3.0,150000000,1614000000,41605672,36916743,0,0,1.5,0,False
20260630,500635,500,501,5004,TC-01,2026-02-13,AVAILABLE,,137,True,3330000000,3.0,100000000,3130000000,42703257,40138497,24,0,1.2,80000000,False
20260630,500636,500,501,5003,TC-01,2025-11-27,AVAILABLE,,215,True,3231000000,3.0,0,3134000000,42597231,41318392,0,0,1.5,0,False
20260630,500637,500,501,5003,TC-01,2025-09-28,AVAILABLE,,275,True,2899000000,2.0,0,2841000000,36405877,35677508,0,0,1.8,0,False
20260630,500638,500,501,5003,TC-01,2025-07-24,AVAILABLE,,341,True,4378000000,1.0,100000000,4234000000,44097502,42647059,6,0,1.2,0,False
20260630,500639,500,501,5003,TC-01,2025-10-08,AVAILABLE,,265,True,2437000000,1.0,100000000,2313000000,36205616,34363393,24,12,1.5,0,False
20260630,500640,500,501,5004,TC-01,2025-12-24,AVAILABLE,,188,True,2179000000,1.0,250000000,1907000000,40099374,35093854,0,0,1.2,30000000,False
20260630,500641,500,501,5003,TC-01,2025-09-02,AVAILABLE,,301,True,2812000000,2.0,0,2756000000,47395921,46452048,0,12,1.5,0,False
20260630,500642,500,501,5001,TC-01,2026-04-11,AVAILABLE,,80,False,3791000000,2.0,50000000,3665000000,50797267,49108937,0,12,1.0,0,False
20260630,500643,500,501,5004,TC-01,2025-06-15,SOLD,2025-12-25,380,False,2843000000,4.0,50000000,2679000000,44498357,41931445,18,0,1.0,0,True
20260630,500644,500,501,5001,TC-01,2026-02-23,AVAILABLE,,127,True,3911000000,2.0,100000000,3733000000,51705447,49352195,12,12,1.5,0,True
20260630,500645,500,501,5003,TC-01,2026-01-02,AVAILABLE,,179,True,3086000000,1.0,150000000,2905000000,41196102,38779869,18,0,1.2,0,False
20260630,500646,500,501,5001,TC-01,2025-08-03,AVAILABLE,,331,True,2434000000,2.0,50000000,2335000000,41799760,40099605,12,0,1.8,50000000,False
20260630,500647,500,501,5003,TC-01,2025-07-30,AVAILABLE,,335,True,2144000000,1.0,50000000,2073000000,37299930,36064718,12,0,1.2,0,False
20260630,500648,500,501,5003,TC-01,2025-06-27,AVAILABLE,,368,True,4101000000,0.0,150000000,3951000000,36800072,35454056,12,12,1.5,50000000,False
20260630,500649,500,501,5003,TC-01,2025-10-19,AVAILABLE,,254,True,3341000000,6.0,100000000,3041000000,42495548,38679725,12,0,1.8,50000000,True
20260630,500650,500,501,5002,TC-01,2025-05-03,AVAILABLE,,423,True,4472000000,3.0,100000000,4238000000,46098340,43686218,18,12,1.8,0,False
20260630,500651,500,501,5003,TC-01,2025-06-09,AVAILABLE,,386,True,4771000000,3.0,50000000,4578000000,44303092,42510911,12,6,1.5,0,False
20260630,500652,500,501,5002,TC-01,2025-06-21,AVAILABLE,,374,True,2021000000,0.0,100000000,1921000000,39806973,37837305,18,0,1.0,0,False
20260630,500653,500,501,5003,TC-01,2025-07-28,AVAILABLE,,337,True,3071000000,5.0,150000000,2767000000,44494349,40089829,24,0,1.8,80000000,False
20260630,500654,500,501,5003,TC-01,2025-06-12,AVAILABLE,,383,True,3713000000,1.0,0,3676000000,44397943,43955518,18,12,1.8,0,False
20260630,500655,500,501,5003,TC-01,2026-04-07,AVAILABLE,,84,False,2534000000,1.0,50000000,2459000000,45096992,43762235,12,0,1.2,50000000,False
20260630,500656,500,501,5001,TC-01,2025-07-31,SOLD,2025-10-12,334,False,4899000000,6.0,250000000,4355000000,48399526,43025094,0,0,1.8,50000000,False
20260630,500657,500,501,5004,TC-01,2026-01-03,AVAILABLE,,178,True,3009000000,5.0,50000000,2809000000,46093750,43030025,18,0,1.0,0,False
20260630,500658,500,501,5003,TC-01,2025-10-10,AVAILABLE,,263,True,3332000000,4.0,0,3199000000,42696053,40991799,0,0,1.0,0,True
20260630,500659,500,501,5002,TC-01,2025-07-12,SOLD,2026-02-14,353,False,5160000000,6.0,50000000,4800000000,45097011,41950708,12,6,1.2,0,True
20260630,500660,500,501,5001,TC-01,2025-07-01,AVAILABLE,,364,True,2637000000,3.0,0,2558000000,38694057,37534850,12,0,1.8,0,False
20260630,500661,500,501,5003,TC-01,2025-09-30,AVAILABLE,,273,True,2002000000,2.0,250000000,1712000000,46710219,39944004,6,0,1.0,0,True
20260630,500662,500,501,5002,TC-01,2025-09-30,AVAILABLE,,273,True,4857000000,6.0,100000000,4466000000,47800413,43952367,12,12,1.2,0,True
20260630,500663,500,501,5004,TC-01,2026-04-11,AVAILABLE,,80,False,4318000000,3.0,150000000,4038000000,43904423,41057448,18,18,1.8,0,False
20260630,500664,500,501,5001,TC-01,2025-10-20,AVAILABLE,,253,True,3665000000,0.0,0,3665000000,40604919,40604919,18,6,1.0,0,False
20260630,500665,500,501,5004,TC-01,2025-10-21,AVAILABLE,,252,True,1921000000,2.0,150000000,1733000000,47199017,42579853,6,0,1.0,50000000,False
20260630,500666,500,501,5001,TC-01,2025-03-26,AVAILABLE,,461,True,3213000000,3.0,50000000,3067000000,39302752,37516820,0,12,1.5,0,True
20260630,500667,500,501,5003,TC-01,2025-05-27,SOLD,2025-12-27,399,False,4128000000,3.0,0,4004000000,51196825,49658936,0,0,1.8,0,True
20260630,500668,500,501,5004,TC-01,2025-08-05,AVAILABLE,,329,True,1519000000,3.0,0,1473000000,35995261,34905213,12,18,1.5,0,False
20260630,500669,500,501,5002,TC-01,2025-12-16,AVAILABLE,,196,True,1751000000,4.0,50000000,1631000000,40911215,38107477,18,0,1.0,0,False
20260630,500670,500,501,5003,TC-01,2025-07-25,AVAILABLE,,340,True,2042000000,4.0,50000000,1910000000,40897256,38253555,12,0,2.5,0,False
20260630,500671,500,501,5001,TC-01,2025-06-14,AVAILABLE,,381,True,2031000000,1.0,0,2011000000,42893347,42470961,18,18,1.8,50000000,False
20260630,500672,500,501,5003,TC-01,2025-10-08,AVAILABLE,,265,True,3816000000,3.0,150000000,3552000000,40198041,37417044,12,12,1.8,0,False
20260630,500673,500,501,5003,TC-01,2025-10-23,AVAILABLE,,250,True,3312000000,1.0,150000000,3129000000,43401913,41003800,0,0,1.0,0,False
20260630,500674,500,501,5004,TC-01,2025-07-19,AVAILABLE,,346,True,3034000000,0.0,50000000,2984000000,46095412,45335764,6,12,2.5,0,False
20260630,500675,500,501,5004,TC-01,2026-04-16,AVAILABLE,,75,False,3041000000,5.0,50000000,2839000000,51203906,47802660,0,24,1.5,0,False
20260630,500676,500,501,5001,TC-01,2026-02-16,AVAILABLE,,134,True,3113000000,3.0,50000000,2970000000,44199915,42169530,0,12,1.2,0,False
20260630,500677,500,501,5001,TC-01,2025-08-29,AVAILABLE,,305,True,4340000000,3.0,0,4210000000,41904026,40648837,0,0,2.5,50000000,False
20260630,500678,500,501,5003,TC-01,2026-01-21,AVAILABLE,,160,True,3751000000,4.0,100000000,3501000000,49900226,46574431,0,0,1.2,0,True
20260630,500679,500,501,5003,TC-01,2025-07-28,AVAILABLE,,337,True,1699000000,4.0,0,1631000000,40203502,38594416,12,0,2.5,0,False
20260630,500680,500,501,5002,TC-01,2025-03-20,AVAILABLE,,467,True,5136000000,5.0,50000000,4829000000,45799893,43062244,24,0,1.2,0,True
20260630,500681,500,501,5003,TC-01,2025-06-14,AVAILABLE,,381,True,5700000000,5.0,50000000,5365000000,49197307,46305886,12,6,1.0,0,False
20260630,500682,500,501,5002,TC-01,2026-03-04,AVAILABLE,,118,True,3570000000,4.0,50000000,3377000000,45098535,42660435,0,0,2.0,0,False
20260630,500683,500,501,5002,TC-01,2026-03-22,AVAILABLE,,100,True,2612000000,3.0,50000000,2484000000,48307749,45940448,24,12,1.2,0,False
20260630,500684,500,501,5003,TC-01,2025-07-31,AVAILABLE,,334,True,3766000000,4.0,150000000,3465000000,45994138,42318026,0,18,1.8,50000000,False
20260630,500685,500,501,5003,TC-01,2025-09-03,AVAILABLE,,300,True,3147000000,3.0,100000000,2953000000,43599335,40911610,12,18,1.0,0,False
20260630,500686,500,501,5002,TC-01,2025-07-12,AVAILABLE,,353,True,3726000000,3.0,50000000,3564000000,35297461,33762789,12,12,1.5,0,False
20260630,500687,500,501,5002,TC-01,2025-04-05,AVAILABLE,,451,True,1635000000,3.0,50000000,1536000000,40300715,37860488,18,12,1.8,80000000,True
20260630,500688,500,501,5003,TC-01,2026-02-05,AVAILABLE,,145,True,3680000000,1.0,50000000,3593000000,36302654,35444412,0,0,1.0,0,False
20260630,500689,500,501,5002,TC-01,2026-03-21,SOLD,2026-04-08,101,False,4280000000,4.0,0,4109000000,39101041,37538827,18,12,1.0,80000000,True
20260630,500690,500,501,5003,TC-01,2025-05-08,SOLD,2025-06-14,418,False,2020000000,3.0,0,1959000000,41393443,40143443,0,18,1.8,0,False
20260630,500691,500,501,5003,TC-01,2025-05-06,SOLD,2025-10-24,420,False,2895000000,3.0,50000000,2758000000,38703209,36871658,18,24,2.0,0,False
20260630,500692,500,501,5004,TC-01,2025-11-16,AVAILABLE,,226,True,3077000000,2.0,0,3015000000,43595920,42717484,0,24,1.5,50000000,False
20260630,500693,500,501,5003,TC-01,2025-04-25,AVAILABLE,,431,True,2254000000,1.0,100000000,2131000000,43105756,40753490,0,18,1.8,0,False
20260630,500694,500,501,5004,TC-01,2025-09-22,AVAILABLE,,281,True,3218000000,4.0,100000000,2989000000,43604336,40501355,24,0,1.0,0,False
20260630,500695,500,501,5004,TC-01,2025-08-18,SOLD,2025-10-09,316,False,3305000000,3.0,0,3206000000,42301293,41034174,0,0,1.8,0,False
20260630,500696,500,501,5001,TC-01,2025-08-11,AVAILABLE,,323,True,3256000000,6.0,50000000,3011000000,44005947,40694688,0,12,1.2,0,True
20260630,500697,500,501,5001,TC-01,2025-10-03,AVAILABLE,,270,True,3650000000,2.0,50000000,3527000000,46103322,44549703,6,0,2.0,0,False
20260630,500698,500,501,5002,TC-01,2025-06-30,SOLD,2025-08-19,365,False,2501000000,2.0,250000000,2201000000,42606474,37495741,6,18,1.2,30000000,False
20260630,500699,500,501,5004,TC-01,2025-12-04,AVAILABLE,,208,True,3071000000,2.0,250000000,2760000000,43204840,38829488,0,24,1.0,50000000,False
20260630,500700,500,501,5003,TC-01,2026-02-12,AVAILABLE,,138,True,3837000000,3.0,100000000,3622000000,36404175,34364326,6,0,1.5,0,False
20260630,500701,500,501,5001,TC-01,2025-05-27,AVAILABLE,,399,True,1958000000,2.0,0,1919000000,34605868,33916578,12,18,1.5,0,True
20260630,500702,500,501,5003,TC-01,2026-03-12,SOLD,2026-05-05,110,False,4118000000,2.0,0,4036000000,51301856,50280304,24,12,1.8,0,False
20260630,500703,500,501,5002,TC-01,2025-05-04,AVAILABLE,,422,True,2748000000,2.0,250000000,2443000000,40693025,36176514,6,6,1.8,0,True
20260630,500704,500,501,5004,TC-01,2026-02-16,AVAILABLE,,134,True,1936000000,2.0,0,1897000000,40291363,39479709,18,6,1.2,50000000,False
20260630,500705,500,501,5002,TC-01,2025-07-23,AVAILABLE,,342,True,4099000000,1.0,100000000,3958000000,50604938,48864198,0,6,1.0,0,True
20260630,500706,500,501,5002,TC-01,2025-06-01,AVAILABLE,,394,True,4787000000,4.0,0,4596000000,44696545,42913165,6,12,1.0,80000000,True
20260630,500707,500,501,5001,TC-01,2025-12-07,AVAILABLE,,205,True,3126000000,3.0,50000000,2982000000,41999194,40064490,18,0,2.0,50000000,True
20260630,500708,500,501,5004,TC-01,2026-03-04,AVAILABLE,,118,True,4863000000,6.0,100000000,4471000000,43700575,40177930,24,0,1.0,0,False
20260630,500709,500,501,5002,TC-01,2025-09-01,SOLD,2026-02-02,302,False,2181000000,3.0,50000000,2066000000,38499559,36469550,12,6,1.5,30000000,True
20260630,500710,500,501,5002,TC-01,2025-08-08,SOLD,2026-01-11,326,False,2766000000,3.0,150000000,2533000000,43097538,39467124,0,12,1.8,30000000,False
20260630,500711,500,501,5004,TC-01,2025-04-29,SOLD,2025-10-26,427,False,3071000000,2.0,150000000,2860000000,41404881,38560065,0,0,1.5,0,False
20260630,500712,500,501,5003,TC-01,2026-02-03,AVAILABLE,,147,True,3478000000,2.0,100000000,3308000000,50405797,47942029,6,0,1.2,0,True
20260630,500713,500,501,5004,TC-01,2026-01-17,AVAILABLE,,164,True,2607000000,4.0,50000000,2453000000,44096752,41491881,0,18,1.0,80000000,False
20260630,500714,500,501,5003,TC-01,2026-03-22,SOLD,2026-05-05,100,False,3838000000,4.0,100000000,3584000000,37204343,34742148,24,6,1.0,50000000,False
20260630,500715,500,501,5001,TC-01,2025-11-06,AVAILABLE,,236,True,1721000000,2.0,0,1687000000,32198316,31562208,6,0,2.0,0,True
20260630,500716,500,501,5003,TC-01,2025-05-25,SOLD,2025-07-08,401,False,3886000000,4.0,0,3731000000,49096652,47138345,12,18,1.5,50000000,True
20260630,500717,500,501,5004,TC-01,2025-08-24,AVAILABLE,,310,True,3526000000,2.0,100000000,3355000000,45995304,43764675,0,6,1.0,0,False
20260630,500718,500,501,5001,TC-01,2025-11-13,AVAILABLE,,229,True,3830000000,6.0,0,3600000000,38204489,35910224,0,0,1.2,0,False
20260630,500719,500,501,5004,TC-01,2025-05-24,AVAILABLE,,402,True,2892000000,3.0,50000000,2755000000,38203435,36393659,6,0,2.5,0,False
20260630,500720,500,501,5001,TC-01,2025-12-23,AVAILABLE,,189,True,2432000000,0.0,100000000,2332000000,44002171,42192871,0,12,2.5,0,False
20260630,500721,500,501,5004,TC-01,2026-01-15,AVAILABLE,,166,True,2923000000,3.0,0,2835000000,36500999,35402098,18,0,2.5,0,True
20260630,500722,500,501,5001,TC-01,2025-08-23,AVAILABLE,,311,True,3498000000,3.0,150000000,3243000000,45094753,41807400,6,0,1.0,0,False
20260630,500723,500,501,5003,TC-01,2025-07-30,AVAILABLE,,335,True,2128000000,3.0,50000000,2014000000,41208366,39000775,0,0,1.5,0,False
20260630,500724,500,501,5001,TC-01,2025-04-02,SOLD,2025-12-13,454,False,3739000000,3.0,0,3627000000,44896734,43551873,6,6,1.0,0,False
20260630,500725,500,501,5001,TC-01,2026-02-10,AVAILABLE,,140,True,1937000000,3.0,0,1879000000,40103520,38902692,12,0,1.5,30000000,False
20260630,500726,500,501,5001,TC-01,2025-04-21,AVAILABLE,,435,True,3494000000,2.0,50000000,3374000000,35497308,34278167,18,24,1.5,0,True
20260630,500727,500,501,5004,TC-01,2026-02-02,AVAILABLE,,148,True,1801000000,3.0,100000000,1647000000,37796432,34564533,0,18,1.0,0,False
20260630,500728,500,501,5001,TC-01,2025-10-06,AVAILABLE,,267,True,3111000000,1.0,150000000,2930000000,40204187,37865081,0,12,1.8,30000000,False
20260630,500729,500,501,5001,TC-01,2025-11-11,SOLD,2026-03-19,231,False,2020000000,2.0,0,1980000000,44710049,43824701,0,0,1.0,0,False
20260630,500730,500,501,5001,TC-01,2025-07-23,AVAILABLE,,342,True,3934000000,1.0,50000000,3845000000,38002318,37142581,18,0,1.8,0,False
20260630,500731,500,501,5002,TC-01,2026-01-25,AVAILABLE,,156,True,2267000000,1.0,250000000,1994000000,52007341,45744437,12,6,1.2,0,False
20260630,500732,500,501,5002,TC-01,2026-04-10,AVAILABLE,,81,False,4284000000,3.0,0,4155000000,38500944,37341602,36,6,1.5,0,False
20260630,500733,500,501,5004,TC-01,2026-02-06,AVAILABLE,,144,True,3300000000,4.0,0,3168000000,40695523,39067703,24,0,1.8,0,False
20260630,500734,500,501,5001,TC-01,2026-03-17,SOLD,2026-05-06,105,False,2575000000,4.0,100000000,2372000000,43204698,39798658,0,0,1.5,0,False
20260630,500735,500,501,5002,TC-01,2025-06-14,AVAILABLE,,381,True,2619000000,3.0,50000000,2490000000,45295745,43064684,18,0,1.2,0,False
20260630,500736,500,501,5001,TC-01,2025-12-04,AVAILABLE,,208,True,2088000000,2.0,50000000,1996000000,41709948,39872153,0,0,1.8,0,False
20260630,500737,500,501,5002,TC-01,2025-07-21,AVAILABLE,,344,True,2138000000,3.0,50000000,2024000000,50199577,47522893,0,0,1.8,0,False
20260630,500738,500,501,5002,TC-01,2025-06-02,AVAILABLE,,393,True,3229000000,0.0,50000000,3179000000,41097111,40460736,24,12,1.2,0,False
20260630,500739,500,501,5004,TC-01,2026-03-04,SOLD,2026-05-11,118,False,4530000000,4.0,100000000,4249000000,43595419,40891156,36,6,1.5,0,False
20260630,500740,500,501,5003,TC-01,2026-04-14,AVAILABLE,,77,False,4638000000,2.0,100000000,4445000000,42398757,40634427,6,24,1.2,0,False
20260630,500741,500,501,5004,TC-01,2026-04-02,AVAILABLE,,89,False,3050000000,2.0,150000000,2839000000,39400594,36674848,24,0,1.5,0,False
20260630,500742,500,501,5004,TC-01,2025-08-06,AVAILABLE,,328,True,4933000000,3.0,50000000,4735000000,45103776,43293408,6,12,2.5,30000000,False
20260630,500743,500,501,5001,TC-01,2026-04-02,AVAILABLE,,89,False,2709000000,5.0,50000000,2524000000,33803344,31494884,0,24,1.5,0,False
20260630,500744,500,501,5004,TC-01,2026-03-20,AVAILABLE,,102,True,3855000000,0.0,50000000,3805000000,34499732,34052264,12,0,1.8,50000000,False
20260630,500745,500,501,5004,TC-01,2025-03-24,SOLD,2025-05-07,463,False,4013000000,2.0,250000000,3683000000,41303005,37906546,0,12,1.5,0,False
20260630,500746,500,501,5002,TC-01,2025-12-18,AVAILABLE,,194,True,2431000000,1.0,0,2407000000,34297404,33958804,0,12,1.5,0,False
20260630,500747,500,501,5002,TC-01,2025-09-10,SOLD,2026-05-03,293,False,1820000000,3.0,0,1765000000,36590269,35484520,12,0,1.0,0,True
20260630,500748,500,501,5003,TC-01,2025-04-23,AVAILABLE,,433,True,4224000000,0.0,50000000,4174000000,39702980,39233011,12,6,2.5,0,False
20260630,500749,500,501,5003,TC-01,2025-10-30,SOLD,2026-04-24,243,False,4070000000,1.0,150000000,3879000000,51702236,49275915,0,6,1.5,50000000,False
20260630,500750,500,501,5004,TC-01,2025-10-03,AVAILABLE,,270,True,2610000000,4.0,150000000,2356000000,35198921,31773432,18,0,1.8,0,True
20260630,500751,500,501,5001,TC-01,2026-02-23,AVAILABLE,,127,True,2966000000,2.0,100000000,2807000000,49598662,46939799,0,12,1.0,0,False
20260630,500752,500,501,5003,TC-01,2025-07-15,SOLD,2025-12-05,350,False,4369000000,0.0,0,4369000000,41900834,41900834,0,12,1.2,0,False
20260630,500753,500,501,5003,TC-01,2025-07-11,AVAILABLE,,354,True,4827000000,0.0,50000000,4777000000,44902326,44437209,18,12,1.5,0,False
20260630,500754,500,501,5001,TC-01,2026-04-13,AVAILABLE,,78,False,4415000000,5.0,100000000,4094000000,41400975,38390848,6,18,1.8,80000000,False
20260630,500755,500,501,5003,TC-01,2025-12-22,AVAILABLE,,190,True,3394000000,2.0,50000000,3276000000,47501749,45850245,18,0,1.0,0,False
20260630,500756,500,501,5002,TC-01,2025-04-11,AVAILABLE,,445,True,1551000000,1.0,100000000,1435000000,37007874,34240038,6,6,1.5,0,True
20260630,500757,500,501,5001,TC-01,2026-03-30,AVAILABLE,,92,True,3686000000,2.0,0,3612000000,36698526,35961768,12,6,1.2,30000000,True
20260630,500758,500,501,5001,TC-01,2025-08-31,AVAILABLE,,303,True,3478000000,3.0,0,3374000000,49096556,47628458,0,12,1.0,0,True
20260630,500759,500,501,5004,TC-01,2025-12-02,AVAILABLE,,210,True,2669000000,5.0,100000000,2436000000,37906547,34597358,36,0,1.2,0,False
20260630,500760,500,501,5004,TC-01,2026-01-15,AVAILABLE,,166,True,3052000000,2.0,50000000,2941000000,38701496,37293939,0,0,1.2,0,True
20260630,500761,500,501,5003,TC-01,2025-06-29,AVAILABLE,,366,True,2424000000,4.0,100000000,2227000000,34693001,31873479,36,12,1.2,0,False
20260630,500762,500,501,5004,TC-01,2025-05-27,AVAILABLE,,399,True,3289000000,2.0,50000000,3173000000,40002432,38591584,18,0,1.0,0,False
20260630,500763,500,501,5003,TC-01,2025-07-16,SOLD,2026-01-08,349,False,3957000000,2.0,100000000,3778000000,46701286,44588693,24,12,2.5,0,False
20260630,500764,500,501,5002,TC-01,2025-06-30,AVAILABLE,,365,True,3393000000,5.0,0,3223000000,44099298,41889784,0,0,1.2,0,False
20260630,500765,500,501,5002,TC-01,2026-03-12,SOLD,2026-04-28,110,False,2232000000,5.0,250000000,1870000000,38193018,31998631,12,6,1.0,0,True
20260630,500766,500,501,5004,TC-01,2025-12-03,AVAILABLE,,209,True,3932000000,2.0,50000000,3803000000,50604891,48944659,24,0,1.5,0,False
20260630,500767,500,501,5003,TC-01,2025-11-22,AVAILABLE,,220,True,2301000000,1.0,150000000,2128000000,40304782,37274479,6,24,1.5,0,False
20260630,500768,500,501,5004,TC-01,2026-04-15,AVAILABLE,,76,False,3685000000,6.0,250000000,3214000000,39403336,34366980,6,0,1.8,0,True
20260630,500769,500,501,5004,TC-01,2026-04-09,AVAILABLE,,82,False,3385000000,3.0,150000000,3133000000,46599670,43130507,24,0,1.5,0,False
20260630,500770,500,501,5003,TC-01,2025-10-08,AVAILABLE,,265,True,3183000000,3.0,0,3088000000,43704517,42400110,12,0,1.8,0,False
20260630,500771,500,501,5004,TC-01,2025-06-22,SOLD,2026-01-24,373,False,3694000000,2.0,150000000,3470000000,45599309,42834218,12,0,2.0,80000000,False
20260630,500772,500,501,5002,TC-01,2026-02-10,AVAILABLE,,140,True,2626000000,0.0,0,2626000000,42491909,42491909,12,0,1.5,0,False
20260630,500773,500,501,5004,TC-01,2025-11-12,AVAILABLE,,230,True,2354000000,3.0,100000000,2183000000,46604633,43219165,36,12,1.5,0,False
20260630,500774,500,501,5001,TC-01,2025-09-24,AVAILABLE,,279,True,2588000000,2.0,100000000,2436000000,43104597,40572951,12,0,1.0,0,False
20260630,500775,500,501,5004,TC-01,2025-09-24,AVAILABLE,,279,True,2938000000,0.0,100000000,2838000000,39595687,38247978,12,12,1.2,0,False
20260630,500776,500,501,5001,TC-01,2025-05-05,AVAILABLE,,421,True,3082000000,6.0,150000000,2747000000,41897771,37343665,6,6,1.0,0,True
20260630,500777,500,501,5002,TC-01,2025-05-01,AVAILABLE,,425,True,3531000000,1.0,100000000,3396000000,42297556,40680402,0,0,2.5,0,False
20260630,500778,500,501,5001,TC-01,2025-10-31,SOLD,2026-01-12,242,False,3732000000,3.0,0,3620000000,44996383,43646009,18,0,1.2,0,False
20260630,500779,500,501,5004,TC-01,2025-05-20,SOLD,2025-10-29,406,False,2064000000,2.0,250000000,1773000000,34794336,29888739,12,12,2.0,0,False
20260630,500780,500,501,5001,TC-01,2025-08-22,AVAILABLE,,312,True,3031000000,3.0,0,2940000000,42901628,41613588,0,12,1.2,0,False
20260630,500781,500,501,5001,TC-01,2025-12-12,AVAILABLE,,200,True,3513000000,3.0,100000000,3308000000,41598579,39171107,6,12,1.5,0,False
20260630,500782,500,501,5001,TC-01,2025-10-17,AVAILABLE,,256,True,3857000000,4.0,100000000,3603000000,39296994,36709119,0,0,1.2,50000000,True
20260630,500783,500,501,5003,TC-01,2025-05-21,AVAILABLE,,405,True,3101000000,3.0,50000000,2958000000,38903525,37109522,24,12,1.2,0,False
20260630,500784,500,501,5003,TC-01,2026-03-18,AVAILABLE,,104,True,2059000000,2.0,150000000,1868000000,44509295,40380458,0,12,1.5,80000000,False
20260630,500785,500,501,5001,TC-01,2026-02-18,AVAILABLE,,132,True,3369000000,2.0,50000000,3252000000,41695545,40247525,12,12,1.2,0,False
20260630,500786,500,501,5002,TC-01,2025-04-03,AVAILABLE,,453,True,3814000000,1.0,0,3776000000,48095839,47616646,12,0,1.0,0,False
20260630,500787,500,501,5001,TC-01,2025-11-13,AVAILABLE,,229,True,2628000000,1.0,100000000,2502000000,36606770,34851651,0,12,1.8,50000000,False
20260630,500788,500,501,5001,TC-01,2025-05-12,AVAILABLE,,414,True,4154000000,4.0,100000000,3888000000,39199774,36689629,12,0,1.2,0,False
20260630,500789,500,501,5001,TC-01,2025-04-05,AVAILABLE,,451,True,3493000000,6.0,50000000,3233000000,40796543,37759869,18,24,2.0,0,False
20260630,500790,500,501,5001,TC-01,2025-08-12,AVAILABLE,,322,True,1958000000,3.0,100000000,1799000000,37596006,34543011,6,6,1.0,0,False
20260630,500791,500,501,5001,TC-01,2025-11-02,AVAILABLE,,240,True,2925000000,2.0,0,2866000000,38095858,37327429,0,0,1.0,0,False
20260630,500792,500,501,5001,TC-01,2025-07-18,SOLD,2026-02-01,347,False,2048000000,6.0,0,1925000000,38503478,36191013,0,6,1.8,0,False
20260630,500793,500,501,5002,TC-01,2025-08-01,AVAILABLE,,333,True,3999000000,3.0,100000000,3779000000,41896281,39591409,0,24,1.8,0,False
20260630,500794,500,501,5004,TC-01,2025-09-06,AVAILABLE,,297,True,5114000000,2.0,100000000,4912000000,44899034,43125549,6,12,1.2,0,False
20260630,500795,500,501,5003,TC-01,2026-03-19,AVAILABLE,,103,True,1673000000,6.0,100000000,1473000000,40804878,35926829,12,0,1.2,0,False
20260630,500796,500,501,5002,TC-01,2025-12-12,AVAILABLE,,200,True,4594000000,1.0,50000000,4498000000,43499669,42590664,6,6,1.8,0,False
20260630,500797,500,501,5001,TC-01,2025-07-10,AVAILABLE,,355,True,2258000000,1.0,0,2235000000,39092798,38694598,18,0,1.0,50000000,True
20260630,500798,500,501,5003,TC-01,2025-04-20,AVAILABLE,,436,True,3239000000,2.0,100000000,3074000000,40594059,38526131,36,12,1.0,80000000,False
20260630,500799,500,501,5003,TC-01,2025-09-13,SOLD,2025-11-22,290,False,3306000000,4.0,0,3174000000,43306261,41577155,12,12,1.5,50000000,False
20260630,500800,500,501,5003,TC-01,2025-11-24,AVAILABLE,,218,True,2145000000,4.0,0,2059000000,42891422,41171766,6,12,1.0,0,False
20260630,500801,500,501,5002,TC-01,2025-10-17,AVAILABLE,,256,True,3065000000,0.0,0,3065000000,40698446,40698446,0,18,1.8,0,True
20260630,500802,500,501,5001,TC-01,2025-08-04,AVAILABLE,,330,True,4937000000,4.0,50000000,4690000000,44902228,42655753,0,18,1.0,0,False
20260630,500803,500,501,5004,TC-01,2026-02-06,AVAILABLE,,144,True,5046000000,3.0,150000000,4745000000,45296230,42594255,0,0,1.0,0,False
20260630,500804,500,501,5004,TC-01,2025-12-28,AVAILABLE,,184,True,2094000000,2.0,150000000,1902000000,41099117,37330716,0,0,1.5,0,True
20260630,500805,500,501,5004,TC-01,2025-11-20,AVAILABLE,,222,True,3001000000,6.0,0,2821000000,37696269,35435247,6,18,1.5,30000000,False
20260630,500806,500,501,5003,TC-01,2025-10-24,AVAILABLE,,249,True,3449000000,4.0,150000000,3161000000,45501319,41701847,18,12,1.8,0,False
20260630,500807,500,501,5001,TC-01,2026-01-19,AVAILABLE,,162,True,2427000000,6.0,0,2281000000,41593830,39091688,6,0,2.5,0,False
20260630,500808,500,501,5004,TC-01,2026-02-08,SOLD,2026-03-22,142,False,3074000000,4.0,0,2951000000,43695807,41947406,18,18,1.0,0,False
20260630,500809,500,501,5002,TC-01,2025-09-27,AVAILABLE,,276,True,2340000000,4.0,0,2246000000,42708523,40992882,6,12,1.2,0,True
20260630,500810,500,501,5001,TC-01,2025-06-29,SOLD,2025-10-17,366,False,2868000000,3.0,50000000,2732000000,36604978,34869177,0,18,2.5,0,True
20260630,500811,500,501,5004,TC-01,2025-07-31,AVAILABLE,,334,True,4140000000,3.0,50000000,3966000000,40003865,38322543,24,0,1.2,0,True
20260630,500812,500,501,5002,TC-01,2025-03-25,SOLD,2025-06-08,462,False,2848000000,2.0,0,2791000000,40996113,40175615,12,18,1.0,0,False
20260630,500813,500,501,5004,TC-01,2026-03-18,SOLD,2026-04-26,104,False,3524000000,2.0,50000000,3404000000,42396535,40952839,0,0,1.8,0,False
20260630,500814,500,501,5003,TC-01,2025-09-18,AVAILABLE,,285,True,2482000000,3.0,0,2408000000,36803084,35705813,24,24,1.0,50000000,True
20260630,500815,500,501,5003,TC-01,2026-01-22,SOLD,2026-04-09,159,False,3861000000,3.0,50000000,3695000000,48498932,46413767,0,6,1.5,0,False
20260630,500816,500,501,5002,TC-01,2025-07-29,AVAILABLE,,336,True,2359000000,5.0,50000000,2191000000,43499908,40401992,12,18,1.5,30000000,True
20260630,500817,500,501,5001,TC-01,2025-04-01,AVAILABLE,,455,True,3612000000,0.0,50000000,3562000000,46195166,45555698,0,0,1.0,0,False
20260630,500818,500,501,5004,TC-01,2025-12-21,AVAILABLE,,191,True,3980000000,0.0,100000000,3880000000,49899699,48645938,6,0,1.2,0,False
20260630,500819,500,501,5004,TC-01,2025-07-03,AVAILABLE,,362,True,3124000000,0.0,100000000,3024000000,44801377,43367274,0,18,1.2,0,False
20260630,500820,500,501,5004,TC-01,2026-03-14,AVAILABLE,,108,True,4221000000,1.0,150000000,4029000000,42796309,40849640,36,12,1.2,0,False
20260630,500821,500,501,5001,TC-01,2025-10-07,AVAILABLE,,266,True,1817000000,3.0,100000000,1662000000,33394597,30545856,12,6,1.5,0,True
20260630,500822,500,501,5001,TC-01,2026-04-02,AVAILABLE,,89,False,3783000000,3.0,250000000,3420000000,49296325,44566067,0,18,1.0,0,False
20260630,500823,500,501,5002,TC-01,2026-01-12,AVAILABLE,,169,True,3559000000,3.0,0,3452000000,42802165,41515334,12,12,1.5,0,False
20260630,500824,500,501,5002,TC-01,2025-07-25,AVAILABLE,,340,True,2694000000,1.0,0,2667000000,40305206,39901257,0,6,1.5,0,False
20260630,500825,500,501,5004,TC-01,2026-04-01,AVAILABLE,,90,False,2900000000,3.0,0,2813000000,42200233,40934226,12,18,2.0,0,False
20260630,500826,500,501,5003,TC-01,2025-11-26,AVAILABLE,,216,True,2397000000,4.0,250000000,2051000000,48297401,41325811,18,12,1.2,0,False
20260630,500827,500,501,5003,TC-01,2025-06-12,AVAILABLE,,383,True,4782000000,3.0,250000000,4389000000,46699219,42861328,24,12,1.5,0,False
20260630,500828,500,501,5001,TC-01,2025-11-19,AVAILABLE,,223,True,3045000000,2.0,50000000,2934000000,39402174,37965839,18,24,1.8,0,True
20260630,500829,500,501,5001,TC-01,2026-02-23,AVAILABLE,,127,True,3283000000,1.0,100000000,3150000000,46304654,44428773,0,24,1.0,80000000,False
20260630,500830,500,501,5002,TC-01,2025-10-31,AVAILABLE,,242,True,3808000000,1.0,50000000,3720000000,39502075,38589212,12,12,1.8,0,False
20260630,500831,500,501,5002,TC-01,2026-03-12,AVAILABLE,,110,True,1732000000,6.0,100000000,1528000000,41795367,36872587,12,0,1.5,80000000,False
20260630,500832,500,501,5002,TC-01,2025-06-06,AVAILABLE,,389,True,2806000000,2.0,0,2750000000,37503341,36754878,12,6,1.8,0,False
20260630,500833,500,501,5003,TC-01,2026-02-11,SOLD,2026-05-04,139,False,2877000000,1.0,50000000,2798000000,37194570,36173239,12,0,1.0,0,False
20260630,500834,500,501,5004,TC-01,2026-01-20,AVAILABLE,,161,True,2412000000,3.0,100000000,2240000000,45092541,41876986,6,0,1.2,0,True
20260630,500835,500,501,5003,TC-01,2025-07-11,SOLD,2025-09-01,354,False,4432000000,3.0,150000000,4149000000,45196818,42310830,18,0,1.2,0,False
20260630,500836,500,501,5003,TC-01,2025-05-11,AVAILABLE,,415,True,4060000000,0.0,0,4060000000,42903942,42903942,24,6,1.8,30000000,True
20260630,500837,500,501,5003,TC-01,2025-11-08,AVAILABLE,,234,True,2255000000,4.0,50000000,2115000000,40792330,38259768,0,12,1.5,0,True
20260630,500838,500,501,5002,TC-01,2025-07-29,AVAILABLE,,336,True,2414000000,2.0,50000000,2316000000,40401674,38761506,6,0,2.5,0,True
20260630,500839,500,501,5004,TC-01,2025-08-24,AVAILABLE,,310,True,3265000000,3.0,0,3167000000,44301221,42971506,0,18,1.8,0,False
20260630,500840,500,501,5003,TC-01,2025-07-08,AVAILABLE,,357,True,3410000000,3.0,250000000,3058000000,44604317,40000000,6,6,1.0,80000000,False
20260630,500841,500,501,5001,TC-01,2026-03-16,AVAILABLE,,106,True,2836000000,1.0,0,2808000000,36099796,35743381,0,0,1.0,0,False
20260630,500842,500,501,5002,TC-01,2025-09-12,AVAILABLE,,291,True,3372000000,3.0,50000000,3221000000,36497456,34863080,36,18,1.5,0,False
20260630,500843,500,501,5002,TC-01,2026-01-16,AVAILABLE,,165,True,4251000000,3.0,100000000,4023000000,50504930,47796127,12,6,1.8,0,False
20260630,500844,500,501,5004,TC-01,2025-10-26,AVAILABLE,,247,True,1813000000,3.0,50000000,1709000000,43508519,41012719,6,0,1.5,80000000,False
20260630,500845,500,501,5004,TC-01,2025-04-29,SOLD,2025-11-19,427,False,2494000000,2.0,0,2444000000,42007748,41165572,0,24,1.5,80000000,False
20260630,500846,500,501,5003,TC-01,2025-10-16,AVAILABLE,,257,True,2007000000,3.0,0,1947000000,42093121,40834732,6,12,1.2,30000000,True
20260630,500847,500,501,5001,TC-01,2026-03-28,AVAILABLE,,94,True,2940000000,3.0,100000000,2752000000,37896365,35473060,18,0,1.2,0,True
20260630,500848,500,501,5002,TC-01,2026-02-13,AVAILABLE,,137,True,3024000000,2.0,50000000,2914000000,44993305,43356643,6,0,2.0,0,True
20260630,500849,500,501,5002,TC-01,2025-11-25,AVAILABLE,,217,True,4288000000,3.0,50000000,4109000000,38703854,37088185,18,0,1.0,30000000,True
20260630,500850,500,501,5002,TC-01,2025-05-01,AVAILABLE,,425,True,3317000000,3.0,50000000,3167000000,44601318,42584375,0,6,1.0,0,False
20260630,500851,500,501,5001,TC-01,2025-08-06,AVAILABLE,,328,True,2712000000,4.0,150000000,2454000000,36998636,33478854,36,18,1.0,50000000,False
20260630,500852,500,501,5003,TC-01,2025-08-15,AVAILABLE,,319,True,3104000000,4.0,100000000,2880000000,40998547,38039889,12,0,1.8,0,False
20260630,500853,500,501,5004,TC-01,2025-10-27,AVAILABLE,,246,True,3200000000,1.0,0,3168000000,48207291,47725218,0,0,1.0,0,False
20260630,500854,500,501,5003,TC-01,2025-06-18,AVAILABLE,,377,True,1799000000,5.0,100000000,1609000000,42997132,38456023,12,0,1.2,0,False
20260630,500855,500,501,5002,TC-01,2026-01-10,AVAILABLE,,171,True,3452000000,3.0,150000000,3198000000,37198276,34461207,18,0,2.0,0,False
20260630,500856,500,501,5003,TC-01,2025-07-14,AVAILABLE,,351,True,4555000000,3.0,50000000,4368000000,40903376,39224138,6,6,1.0,0,False
20260630,500857,500,501,5003,TC-01,2025-11-04,SOLD,2026-02-15,238,False,3584000000,2.0,50000000,3462000000,44604854,43086497,6,6,1.5,0,False
20260630,500858,500,501,5004,TC-01,2026-03-24,AVAILABLE,,98,True,2088000000,1.0,50000000,2017000000,40496509,39119472,36,0,1.2,0,False
20260630,500859,500,501,5002,TC-01,2025-06-18,SOLD,2025-12-10,377,False,3233000000,3.0,100000000,3036000000,43297174,40658899,6,6,1.5,0,True
20260630,500860,500,501,5002,TC-01,2025-06-06,AVAILABLE,,389,True,2747000000,4.0,250000000,2387000000,38597724,33539413,0,12,1.0,30000000,True
20260630,500861,500,501,5001,TC-01,2025-12-06,AVAILABLE,,206,True,2400000000,1.0,100000000,2276000000,49597024,47034511,0,24,1.5,0,False
20260630,500862,500,501,5004,TC-01,2025-07-03,AVAILABLE,,362,True,2438000000,2.0,150000000,2239000000,35302635,32421083,6,0,1.5,0,False
20260630,500863,500,501,5001,TC-01,2026-01-02,AVAILABLE,,179,True,4091000000,2.0,150000000,3859000000,39896626,37634094,24,18,1.8,0,False
20260630,500864,500,501,5003,TC-01,2025-12-30,AVAILABLE,,182,True,1739000000,3.0,250000000,1437000000,33597372,27762751,12,6,1.0,0,False
20260630,500865,500,501,5003,TC-01,2025-12-04,AVAILABLE,,208,True,3423000000,5.0,100000000,3152000000,44494995,40972312,0,0,1.8,0,False
20260630,500866,500,501,5001,TC-01,2025-12-25,AVAILABLE,,187,True,2594000000,3.0,50000000,2466000000,36300028,34508816,12,0,1.2,0,False
20260630,500867,500,501,5004,TC-01,2025-03-17,AVAILABLE,,470,True,3183000000,3.0,50000000,3038000000,40103314,38276427,6,12,1.5,0,False
20260630,500868,500,501,5001,TC-01,2025-12-12,AVAILABLE,,200,True,3439000000,2.0,100000000,3270000000,42896345,40788325,0,24,2.0,50000000,False
20260630,500869,500,501,5002,TC-01,2026-04-12,AVAILABLE,,79,False,4051000000,3.0,100000000,3829000000,48602280,45938812,6,0,2.5,0,False
20260630,500870,500,501,5003,TC-01,2026-03-30,AVAILABLE,,92,True,2783000000,1.0,0,2755000000,35794212,35434084,12,24,1.2,0,False
20260630,500871,500,501,5001,TC-01,2025-07-08,AVAILABLE,,357,True,2940000000,1.0,50000000,2861000000,37701975,36688895,18,6,1.2,0,False
20260630,500872,500,501,5002,TC-01,2026-02-23,AVAILABLE,,127,True,2309000000,2.0,100000000,2163000000,32999857,30913249,0,12,1.2,0,False
20260630,500873,500,501,5001,TC-01,2025-12-29,SOLD,2026-02-19,183,False,3209000000,2.0,150000000,2995000000,39602616,36961619,0,24,2.0,30000000,False
20260630,500874,500,501,5004,TC-01,2025-04-12,AVAILABLE,,444,True,3310000000,3.0,250000000,2961000000,43998405,39359298,12,0,2.0,0,False
20260630,500875,500,501,5003,TC-01,2025-12-15,AVAILABLE,,197,True,4943000000,4.0,100000000,4645000000,45599631,42850554,12,0,1.8,0,False
20260630,500876,500,501,5002,TC-01,2025-12-28,AVAILABLE,,184,True,3378000000,2.0,0,3310000000,44197305,43307602,12,0,1.5,0,True
20260630,500877,500,501,5001,TC-01,2025-05-17,AVAILABLE,,409,True,2143000000,1.0,0,2122000000,35800200,35449382,0,6,1.0,0,True
20260630,500878,500,501,5004,TC-01,2025-06-25,AVAILABLE,,370,True,3798000000,3.0,100000000,3584000000,48499553,45766824,24,0,2.5,30000000,False
20260630,500879,500,501,5003,TC-01,2026-03-27,AVAILABLE,,95,True,2074000000,1.0,0,2053000000,40007716,39602623,12,18,1.5,0,True
20260630,500880,500,501,5003,TC-01,2026-02-20,AVAILABLE,,130,True,3245000000,6.0,250000000,2800000000,39904083,34431874,24,6,1.8,0,False
20260630,500881,500,501,5001,TC-01,2025-03-17,AVAILABLE,,470,True,3996000000,4.0,0,3836000000,49102974,47136889,24,0,1.0,30000000,False
20260630,500882,500,501,5002,TC-01,2025-08-07,AVAILABLE,,327,True,3982000000,2.0,50000000,3852000000,38697765,37434402,12,12,1.2,0,False
20260630,500883,500,501,5002,TC-01,2025-04-24,AVAILABLE,,432,True,2953000000,1.0,50000000,2873000000,44506405,43300678,18,18,1.2,80000000,True
20260630,500884,500,501,5004,TC-01,2026-01-31,AVAILABLE,,150,True,2525000000,0.0,0,2525000000,46203111,46203111,18,6,1.8,30000000,False
20260630,500885,500,501,5001,TC-01,2025-08-14,AVAILABLE,,320,True,1998000000,6.0,100000000,1778000000,45888838,40836013,0,6,2.0,0,False
20260630,500886,500,501,5001,TC-01,2026-03-21,AVAILABLE,,101,True,3289000000,3.0,150000000,3040000000,42101895,38914491,18,0,1.5,30000000,False
20260630,500887,500,501,5001,TC-01,2025-10-09,AVAILABLE,,264,True,3039000000,0.0,50000000,2989000000,43897154,43174924,12,0,1.8,0,False
20260630,500888,500,501,5002,TC-01,2026-03-04,AVAILABLE,,118,True,4690000000,0.0,150000000,4540000000,44696464,43266940,12,12,2.5,0,False
20260630,500889,500,501,5001,TC-01,2026-03-09,AVAILABLE,,113,True,3218000000,4.0,0,3089000000,39698988,38107575,18,0,1.0,0,True
20260630,500890,500,501,5004,TC-01,2025-06-23,AVAILABLE,,372,True,2356000000,3.0,250000000,2035000000,42696629,36879304,0,6,1.8,30000000,True
20260630,500891,500,501,5001,TC-01,2025-11-11,SOLD,2025-12-30,231,False,1536000000,1.0,100000000,1421000000,34301027,31732916,0,12,1.5,0,False
20260630,500892,500,501,5001,TC-01,2025-09-15,AVAILABLE,,288,True,3972000000,4.0,0,3813000000,40304414,38691020,0,0,1.2,0,False
20260630,500893,500,501,5004,TC-01,2025-05-20,AVAILABLE,,406,True,4018000000,3.0,50000000,3847000000,40499950,38776333,24,0,1.2,0,False
20260630,500894,500,501,5001,TC-01,2025-09-06,AVAILABLE,,297,True,3005000000,2.0,100000000,2845000000,40098746,37963704,6,0,1.0,0,False
20260630,500895,500,501,5004,TC-01,2025-09-27,AVAILABLE,,276,True,3369000000,2.0,100000000,3202000000,40905780,38878096,0,0,1.2,0,True
20260630,500896,500,501,5001,TC-01,2026-04-10,AVAILABLE,,81,False,3223000000,1.0,0,3191000000,40906206,40500063,12,0,1.8,0,False
20260630,500897,500,501,5002,TC-01,2025-11-15,AVAILABLE,,227,True,4435000000,4.0,150000000,4108000000,43698887,40476894,12,0,1.5,0,False
20260630,500898,500,501,5004,TC-01,2026-01-13,AVAILABLE,,168,True,2648000000,2.0,150000000,2445000000,46293706,42744755,6,0,1.2,0,True
20260630,500899,500,501,5002,TC-01,2025-08-20,AVAILABLE,,314,True,3090000000,3.0,100000000,2897000000,37296319,34966807,0,0,1.0,80000000,False
20260630,500900,500,501,5002,TC-01,2025-06-06,AVAILABLE,,389,True,2627000000,3.0,0,2548000000,47504521,46075949,12,12,1.5,0,False
20260630,500901,500,501,5003,TC-01,2026-01-11,SOLD,2026-03-06,170,False,1938000000,5.0,50000000,1791000000,35095980,32433901,12,0,2.5,0,False
20260630,500902,500,501,5004,TC-01,2025-06-14,AVAILABLE,,381,True,2989000000,1.0,0,2959000000,40397351,39991891,12,18,1.2,0,False
20260630,500903,500,501,5004,TC-01,2025-11-25,AVAILABLE,,217,True,2534000000,0.0,50000000,2484000000,33293917,32636973,12,0,2.5,0,False
20260630,500904,500,501,5003,TC-01,2025-04-23,AVAILABLE,,433,True,2641000000,4.0,100000000,2435000000,49098345,45268637,6,0,1.0,80000000,False
20260630,500905,500,501,5004,TC-01,2026-03-02,AVAILABLE,,120,True,3346000000,4.0,100000000,3112000000,40794928,37941965,0,0,1.5,0,False
20260630,500906,500,501,5004,TC-01,2025-07-13,AVAILABLE,,352,True,3340000000,1.0,100000000,3207000000,43895387,42147457,0,24,1.0,0,False
20260630,500907,500,501,5001,TC-01,2025-10-24,AVAILABLE,,249,True,4340000000,4.0,150000000,4016000000,41203836,38127789,12,0,2.0,30000000,False
20260630,500908,500,501,5004,TC-01,2026-02-13,AVAILABLE,,137,True,3872000000,4.0,150000000,3567000000,46802853,43116161,6,0,1.0,0,False
20260630,500909,500,501,5002,TC-01,2025-05-13,AVAILABLE,,413,True,1651000000,3.0,0,1601000000,39003071,37821876,0,0,1.2,30000000,False
20260630,500910,500,501,5002,TC-01,2025-06-21,AVAILABLE,,374,True,2370000000,4.0,50000000,2225000000,49405879,46383156,0,0,2.0,0,False
20260630,500911,500,501,5001,TC-01,2025-10-12,AVAILABLE,,261,True,2817000000,5.0,0,2676000000,42297297,40180180,0,6,1.0,0,False
20260630,500912,500,501,5002,TC-01,2026-03-06,SOLD,2026-05-07,116,False,2221000000,3.0,100000000,2054000000,43201712,39953316,36,0,1.2,0,False
20260630,500913,500,501,5002,TC-01,2025-06-25,AVAILABLE,,370,True,2921000000,2.0,50000000,2813000000,38500066,37076578,18,18,1.0,0,False
20260630,500914,500,501,5001,TC-01,2025-08-26,AVAILABLE,,308,True,2030000000,2.0,100000000,1889000000,38107753,35460860,6,12,1.5,0,True
20260630,500915,500,501,5001,TC-01,2025-11-19,AVAILABLE,,223,True,4342000000,5.0,100000000,4025000000,50005758,46354946,18,0,1.5,0,False
20260630,500916,500,501,5004,TC-01,2025-09-12,AVAILABLE,,291,True,3455000000,2.0,50000000,3336000000,43095921,41611575,6,0,2.0,0,False
20260630,500917,500,501,5004,TC-01,2025-07-17,AVAILABLE,,348,True,2734000000,5.0,50000000,2547000000,49493121,46107893,18,0,1.5,0,False
20260630,500918,500,501,5002,TC-01,2025-08-18,SOLD,2025-12-08,316,False,2310000000,3.0,50000000,2191000000,41397849,39265233,6,24,1.2,0,False
20260630,500919,500,501,5002,TC-01,2025-11-02,AVAILABLE,,240,True,1975000000,6.0,100000000,1756000000,35496046,31560029,24,0,1.8,0,True
20260630,500920,500,501,5004,TC-01,2025-07-06,AVAILABLE,,359,True,2289000000,6.0,0,2152000000,42108168,39587932,0,18,1.5,0,False
20260630,500921,500,501,5001,TC-01,2025-09-23,AVAILABLE,,280,True,2625000000,3.0,150000000,2396000000,50695249,46272692,12,12,1.5,0,False
20260630,500922,500,501,5001,TC-01,2025-09-13,AVAILABLE,,290,True,3057000000,2.0,0,2996000000,45101800,44201829,0,12,2.0,0,False
20260630,500923,500,501,5001,TC-01,2025-03-30,AVAILABLE,,457,True,1806000000,0.0,100000000,1706000000,43507589,41098530,24,12,1.0,0,False
20260630,500924,500,501,5004,TC-01,2025-05-27,AVAILABLE,,399,True,2581000000,1.0,150000000,2405000000,32799593,30562969,24,0,1.8,0,False
20260630,500925,500,501,5002,TC-01,2025-04-25,AVAILABLE,,431,True,1340000000,1.0,50000000,1277000000,32011467,30506450,0,12,1.8,0,True
20260630,500926,500,501,5004,TC-01,2025-08-22,AVAILABLE,,312,True,3083000000,1.0,100000000,2952000000,42795669,40977235,18,6,1.0,0,False
20260630,500927,500,501,5001,TC-01,2025-05-27,AVAILABLE,,399,True,3367000000,3.0,50000000,3216000000,39504869,37733193,12,0,1.2,0,False
20260630,500928,500,501,5001,TC-01,2025-06-14,SOLD,2025-11-04,381,False,2126000000,5.0,50000000,1970000000,39708629,36794920,0,12,1.5,0,False
20260630,500929,500,501,5001,TC-01,2025-11-13,AVAILABLE,,229,True,3615000000,3.0,0,3507000000,39396251,38219268,18,12,2.0,50000000,False
20260630,500930,500,501,5002,TC-01,2026-04-05,AVAILABLE,,86,False,3173000000,4.0,0,3046000000,43406293,41668947,24,0,1.8,0,False
20260630,500931,500,501,5001,TC-01,2025-12-11,AVAILABLE,,201,True,1706000000,1.0,100000000,1589000000,33990835,31659693,36,6,1.8,0,False
20260630,500932,500,501,5004,TC-01,2025-10-29,AVAILABLE,,244,True,5149000000,2.0,150000000,4896000000,44503025,42316335,12,0,1.0,0,False
20260630,500933,500,501,5002,TC-01,2025-11-05,AVAILABLE,,237,True,1841000000,0.0,100000000,1741000000,35506268,33577628,18,12,2.0,0,False
20260630,500934,500,501,5004,TC-01,2026-01-12,AVAILABLE,,169,True,3328000000,4.0,50000000,3145000000,50894632,48096039,24,18,1.2,0,False
20260630,500935,500,501,5002,TC-01,2025-09-27,AVAILABLE,,276,True,3692000000,3.0,100000000,3481000000,36597938,34506344,12,0,1.8,0,False
20260630,500936,500,501,5004,TC-01,2025-07-28,AVAILABLE,,337,True,1565000000,3.0,50000000,1468000000,37602114,35271504,18,0,1.5,0,True
20260630,500937,500,501,5001,TC-01,2025-04-07,AVAILABLE,,449,True,3220000000,4.0,50000000,3041000000,42296073,39944831,36,0,1.0,0,False
20260630,500938,500,501,5002,TC-01,2025-03-20,AVAILABLE,,467,True,2004000000,5.0,250000000,1654000000,38597843,31856703,0,6,1.0,0,False
20260630,500939,500,501,5002,TC-01,2026-01-17,AVAILABLE,,164,True,1948000000,3.0,0,1890000000,34897886,33858832,18,12,1.5,0,False
20260630,500940,500,501,5003,TC-01,2025-09-27,SOLD,2026-01-31,276,False,3368000000,2.0,150000000,3151000000,38694853,36201746,0,6,1.5,0,True
20260630,500941,500,501,5002,TC-01,2025-07-30,AVAILABLE,,335,True,2095000000,3.0,50000000,1982000000,36195577,34243262,12,0,2.0,80000000,False
20260630,500942,500,501,5004,TC-01,2025-05-16,AVAILABLE,,410,True,3931000000,6.0,0,3695000000,35998168,33836996,12,0,1.0,0,True
20260630,500943,500,501,5002,TC-01,2026-02-20,SOLD,2026-05-10,130,False,4905000000,4.0,0,4709000000,43101933,41379613,12,12,1.0,50000000,False
20260630,500944,500,501,5002,TC-01,2026-03-19,AVAILABLE,,103,True,2598000000,2.0,0,2546000000,41094590,40272066,0,12,1.5,0,True
20260630,500945,500,501,5003,TC-01,2025-10-14,AVAILABLE,,259,True,3945000000,2.0,0,3866000000,42997275,42136240,0,0,1.5,30000000,False
20260630,500946,500,501,5004,TC-01,2026-04-04,AVAILABLE,,87,False,5201000000,4.0,0,4993000000,47497717,45598174,12,24,1.0,50000000,False
20260630,500947,500,501,5004,TC-01,2026-03-16,SOLD,2026-04-28,106,False,2357000000,5.0,50000000,2189000000,43503138,40402362,12,12,1.5,0,False
20260630,500948,500,501,5003,TC-01,2025-06-05,AVAILABLE,,390,True,4263000000,1.0,150000000,4070000000,49696899,47446957,12,18,1.8,80000000,False
20260630,500949,500,501,5004,TC-01,2026-04-16,AVAILABLE,,75,False,3155000000,4.0,50000000,2979000000,46699230,44094139,12,12,1.5,0,True
20260630,500950,500,501,5003,TC-01,2025-09-30,AVAILABLE,,273,True,1983000000,1.0,50000000,1913000000,38700234,37334114,0,18,1.2,0,False
20260630,500951,500,501,5001,TC-01,2025-06-12,AVAILABLE,,383,True,2529000000,4.0,0,2428000000,39695495,38110187,0,18,1.0,0,False
20260630,500952,500,501,5003,TC-01,2025-12-04,SOLD,2026-04-14,208,False,2010000000,4.0,100000000,1830000000,44896136,40875586,0,24,1.2,0,False
20260630,500953,500,501,5002,TC-01,2025-08-14,AVAILABLE,,320,True,1749000000,2.0,50000000,1664000000,37094380,35291622,0,6,1.5,0,False
20260630,500954,500,501,5003,TC-01,2025-03-17,AVAILABLE,,470,True,2146000000,1.0,250000000,1875000000,39807086,34780189,18,24,1.2,0,False
20260630,500955,500,501,5002,TC-01,2026-02-20,AVAILABLE,,130,True,3870000000,4.0,50000000,3665000000,48200274,45647030,24,0,1.0,0,True
20260630,500956,500,501,5003,TC-01,2025-08-26,SOLD,2026-02-07,308,False,2975000000,5.0,150000000,2676000000,39703723,35713332,6,0,1.0,0,False
20260630,500957,500,501,5002,TC-01,2025-12-05,AVAILABLE,,207,True,3453000000,1.0,100000000,3318000000,43499622,41798942,0,0,1.0,0,False
20260630,500958,500,501,5004,TC-01,2025-07-11,AVAILABLE,,354,True,3619000000,1.0,50000000,3533000000,46002288,44909114,0,12,1.2,0,False
20260630,500959,500,501,5003,TC-01,2026-01-17,AVAILABLE,,164,True,3734000000,1.0,0,3697000000,34004189,33667243,18,0,1.2,80000000,False
20260630,500960,500,501,5004,TC-01,2025-04-14,AVAILABLE,,442,True,2091000000,2.0,0,2049000000,39798249,38998858,18,6,2.5,0,False
20260630,500961,500,501,5003,TC-01,2025-10-30,AVAILABLE,,243,True,2039000000,2.0,0,1998000000,36203835,35475852,24,6,2.5,30000000,False
20260630,500962,500,501,5003,TC-01,2025-05-27,AVAILABLE,,399,True,3876000000,0.0,50000000,3826000000,39704978,39192788,0,12,1.0,0,False
20260630,500963,500,501,5003,TC-01,2026-01-08,AVAILABLE,,173,True,3087000000,1.0,250000000,2806000000,40806345,37091870,18,0,1.8,0,True
20260630,500964,500,501,5002,TC-01,2025-07-26,AVAILABLE,,339,True,2344000000,1.0,150000000,2171000000,42891125,39725526,18,24,1.0,0,False
20260630,500965,500,501,5004,TC-01,2026-03-15,AVAILABLE,,107,True,2121000000,2.0,50000000,2029000000,41694515,39885984,0,0,1.2,30000000,False
20260630,500966,500,501,5001,TC-01,2026-01-24,AVAILABLE,,157,True,1881000000,3.0,150000000,1675000000,39708676,35359932,12,12,1.2,0,True
20260630,500967,500,501,5001,TC-01,2025-06-15,AVAILABLE,,380,True,2847000000,1.0,50000000,2769000000,35096154,34134615,12,12,1.5,50000000,True
20260630,500968,500,501,5001,TC-01,2026-03-25,SOLD,2026-04-15,97,False,2912000000,4.0,50000000,2746000000,41293250,38939308,36,0,1.0,0,False
20260630,500969,500,501,5004,TC-01,2025-05-17,AVAILABLE,,409,True,2648000000,6.0,150000000,2339000000,48391813,42744883,0,0,2.0,0,False
20260630,500970,500,501,5002,TC-01,2025-09-19,AVAILABLE,,284,True,2302000000,3.0,250000000,1983000000,40606809,34979714,0,0,1.5,0,False
20260630,500971,500,501,5003,TC-01,2026-02-04,AVAILABLE,,146,True,2127000000,3.0,100000000,1963000000,39594192,36541325,0,0,2.0,0,False
20260630,500972,500,501,5003,TC-01,2026-02-05,AVAILABLE,,145,True,3584000000,1.0,50000000,3498000000,37897853,36988474,18,24,1.0,0,False
20260630,500973,500,501,5004,TC-01,2025-07-09,AVAILABLE,,356,True,1626000000,3.0,50000000,1527000000,37910935,35602705,0,0,1.2,0,True
20260630,500974,500,501,5001,TC-01,2025-05-13,AVAILABLE,,413,True,3453000000,0.0,0,3453000000,45899242,45899242,12,0,1.2,0,False
20260630,500975,500,501,5003,TC-01,2025-08-10,AVAILABLE,,324,True,3473000000,1.0,50000000,3388000000,41296076,40285375,6,0,2.0,0,False
20260630,500976,500,501,5002,TC-01,2025-10-25,AVAILABLE,,248,True,4112000000,4.0,0,3948000000,41797113,40130108,12,0,1.5,50000000,True
20260630,500977,500,501,5004,TC-01,2025-04-18,AVAILABLE,,438,True,2873000000,1.0,100000000,2744000000,40402194,38588103,0,18,1.5,0,False
20260630,500978,500,501,5004,TC-01,2025-07-28,AVAILABLE,,337,True,4296000000,4.0,0,4124000000,42002346,40320688,18,0,1.2,0,False
20260630,500979,500,501,5004,TC-01,2025-11-17,SOLD,2025-12-29,225,False,2766000000,3.0,50000000,2633000000,46007984,43795742,0,6,2.0,0,False
20260630,500980,500,501,5002,TC-01,2025-04-06,SOLD,2025-05-30,450,False,4209000000,3.0,100000000,3983000000,37303909,35300895,6,24,1.2,0,False
20260630,500981,500,501,5001,TC-01,2025-12-12,AVAILABLE,,200,True,2784000000,3.0,0,2700000000,50608980,49081985,0,0,1.5,0,False
20260630,500982,500,501,5003,TC-01,2025-10-18,AVAILABLE,,255,True,2902000000,0.0,0,2902000000,47903599,47903599,18,18,1.0,0,False
20260630,500983,500,501,5001,TC-01,2025-08-04,SOLD,2025-12-13,330,False,3924000000,1.0,50000000,3835000000,46994012,45928144,6,0,1.2,0,False
20260630,500984,500,501,5002,TC-01,2025-03-29,AVAILABLE,,458,True,2960000000,0.0,50000000,2910000000,38596949,37944973,0,0,1.5,30000000,True
20260630,500985,500,501,5003,TC-01,2025-03-27,AVAILABLE,,460,True,2856000000,3.0,0,2770000000,48505435,47044837,0,24,1.0,0,False
20260630,500986,500,501,5004,TC-01,2025-09-20,AVAILABLE,,283,True,4705000000,3.0,50000000,4514000000,48197091,46240524,6,24,1.0,0,False
20260630,500987,500,501,5002,TC-01,2025-04-21,SOLD,2025-11-15,435,False,1923000000,2.0,50000000,1835000000,34598777,33015473,0,12,1.8,0,True
20260630,500988,500,501,5004,TC-01,2026-03-12,AVAILABLE,,110,True,3987000000,2.0,100000000,3807000000,51995305,49647887,0,12,1.8,0,True
20260630,500989,500,501,5003,TC-01,2025-08-09,AVAILABLE,,325,True,4550000000,2.0,150000000,4309000000,42499533,40248459,0,18,1.8,30000000,False
20260630,500990,500,501,5004,TC-01,2025-04-22,AVAILABLE,,434,True,3396000000,1.0,100000000,3262000000,32201783,30931159,12,6,1.0,0,False
20260630,500991,500,501,5001,TC-01,2025-09-26,AVAILABLE,,277,True,4003000000,2.0,0,3923000000,41001741,40182321,18,12,2.0,0,False
20260630,500992,500,501,5001,TC-01,2025-07-20,SOLD,2025-08-07,345,False,1582000000,3.0,150000000,1385000000,38491484,33698297,12,0,1.5,0,False
20260630,500993,500,501,5001,TC-01,2026-02-08,AVAILABLE,,142,True,2789000000,0.0,0,2789000000,42296027,42296027,0,12,1.0,30000000,True
20260630,500994,500,501,5002,TC-01,2025-11-11,AVAILABLE,,231,True,3376000000,3.0,0,3275000000,42804615,41524027,18,12,1.5,0,False
20260630,500995,500,501,5001,TC-01,2025-12-25,AVAILABLE,,187,True,3308000000,3.0,0,3209000000,38894768,37730747,6,12,1.2,0,False
20260630,500996,500,501,5002,TC-01,2026-03-15,AVAILABLE,,107,True,2022000000,2.0,250000000,1732000000,36597285,31348416,12,12,1.5,0,False
20260630,500997,500,501,5003,TC-01,2026-02-08,AVAILABLE,,142,True,3458000000,0.0,0,3458000000,43705763,43705763,0,6,1.0,0,True
20260630,500998,500,501,5001,TC-01,2025-04-24,AVAILABLE,,432,True,2051000000,1.0,0,2030000000,42693589,42256453,0,6,1.5,0,False
20260630,500999,500,501,5002,TC-01,2026-03-15,AVAILABLE,,107,True,4652000000,3.0,100000000,4412000000,40696352,38596798,6,0,1.2,0,False
20260630,501000,500,501,5003,TC-01,2025-10-09,AVAILABLE,,264,True,1781000000,3.0,50000000,1678000000,34197389,32219662,0,6,1.2,0,False
20260630,501001,500,501,5002,TC-01,2025-08-06,AVAILABLE,,328,True,3360000000,2.0,50000000,3243000000,41201717,39767014,0,6,1.0,0,True
20260630,501002,500,501,5001,TC-01,2026-02-24,AVAILABLE,,126,True,2775000000,2.0,0,2720000000,36203523,35485975,0,12,1.0,0,False
20260630,501003,500,501,5001,TC-01,2025-04-12,AVAILABLE,,444,True,2841000000,0.0,50000000,2791000000,37905270,37238159,0,12,1.8,30000000,True
20260630,501004,500,501,5001,TC-01,2025-12-23,AVAILABLE,,189,True,2702000000,6.0,150000000,2390000000,37901529,33525039,18,0,1.0,0,False
20260630,501005,500,501,5003,TC-01,2025-07-10,AVAILABLE,,355,True,2765000000,2.0,50000000,2660000000,37099155,35690326,18,18,1.5,0,False
20260630,501006,500,501,5004,TC-01,2025-06-28,AVAILABLE,,367,True,3123000000,1.0,100000000,2992000000,36997986,35446037,18,0,1.8,50000000,False
20260630,501007,500,501,5004,TC-01,2026-01-22,AVAILABLE,,159,True,3730000000,2.0,50000000,3605000000,38497265,37207142,18,6,1.5,80000000,True
20260630,501008,500,501,5003,TC-01,2025-10-31,AVAILABLE,,242,True,3148000000,3.0,100000000,2954000000,41204188,38664921,36,12,2.0,0,True
20260630,501009,500,501,5004,TC-01,2025-05-27,AVAILABLE,,399,True,4098000000,4.0,0,3934000000,42000615,40319770,12,12,1.2,0,False
20260630,501010,500,501,5004,TC-01,2025-03-30,AVAILABLE,,457,True,1915000000,2.0,0,1877000000,39697347,38909619,12,12,1.2,0,False
20260630,501011,500,501,5001,TC-01,2026-04-01,AVAILABLE,,90,False,3389000000,3.0,50000000,3237000000,32995813,31515919,12,6,1.8,0,False
20260630,501012,500,501,5002,TC-01,2025-10-04,AVAILABLE,,269,True,2634000000,2.0,50000000,2531000000,37693188,36219233,0,0,1.5,0,False
20260630,501013,500,501,5002,TC-01,2026-04-16,AVAILABLE,,75,False,2012000000,4.0,0,1932000000,37706147,36206897,24,12,2.5,0,False
20260630,501014,500,501,5002,TC-01,2025-10-01,AVAILABLE,,272,True,3298000000,3.0,50000000,3149000000,40705999,38866946,0,18,2.0,0,True
20260630,501015,500,501,5002,TC-01,2025-11-23,AVAILABLE,,219,True,4283000000,0.0,100000000,4183000000,42604198,41609470,24,12,1.0,0,False
20260630,501016,500,501,5003,TC-01,2026-02-04,AVAILABLE,,146,True,2083000000,2.0,50000000,1991000000,42501530,40624362,0,6,1.0,0,False
20260630,501017,500,501,5004,TC-01,2025-09-18,AVAILABLE,,285,True,5457000000,1.0,150000000,5252000000,47497606,45713291,18,0,2.5,0,False
20260630,501018,500,501,5004,TC-01,2025-10-06,AVAILABLE,,267,True,3247000000,3.0,50000000,3100000000,43097956,41146801,12,12,1.8,0,False
20260630,501019,500,501,5001,TC-01,2025-06-12,AVAILABLE,,383,True,2707000000,2.0,150000000,2503000000,39500948,36524150,6,6,1.5,30000000,False
20260630,501020,500,501,5001,TC-01,2025-04-25,AVAILABLE,,431,True,2785000000,3.0,150000000,2551000000,34403953,31513280,0,12,1.5,30000000,False
20260630,501021,500,501,5003,TC-01,2025-06-06,SOLD,2025-12-05,389,False,3217000000,4.0,100000000,2988000000,45800114,42539863,6,0,1.8,0,False
20260630,501022,500,501,5001,TC-01,2025-03-31,AVAILABLE,,456,True,2000000000,1.0,0,1980000000,36107601,35746525,24,18,1.0,50000000,True
20260630,501023,500,501,5002,TC-01,2025-06-30,AVAILABLE,,365,True,4121000000,2.0,50000000,3989000000,47603096,46078318,0,18,2.0,0,True
20260630,501024,500,501,5004,TC-01,2025-09-06,AVAILABLE,,297,True,3469000000,3.0,50000000,3315000000,45005189,43007265,0,18,1.5,0,True
20260630,501025,500,501,5001,TC-01,2025-07-08,AVAILABLE,,357,True,3904000000,0.0,0,3904000000,48605578,48605578,12,6,1.8,0,False
20260630,501026,500,501,5004,TC-01,2026-03-30,AVAILABLE,,92,True,2196000000,3.0,100000000,2030000000,38991477,36044034,0,0,2.5,0,True
20260630,501027,500,501,5002,TC-01,2025-08-22,SOLD,2026-02-13,312,False,3271000000,6.0,250000000,2825000000,43800214,37828066,0,24,1.0,50000000,True
20260630,501028,500,501,5001,TC-01,2025-04-04,AVAILABLE,,452,True,3870000000,5.0,0,3676000000,47695341,45304412,0,6,1.5,0,False
20260630,501029,500,501,5002,TC-01,2025-05-16,AVAILABLE,,410,True,3516000000,3.0,0,3411000000,35202243,34150981,18,0,1.0,0,True
20260630,501030,500,501,5003,TC-01,2025-12-19,AVAILABLE,,193,True,1939000000,0.0,50000000,1889000000,35293047,34382963,0,6,1.5,0,False
20260630,501031,500,501,5001,TC-01,2026-02-26,AVAILABLE,,124,True,3180000000,1.0,0,3148000000,41803602,41382937,0,12,1.8,0,True
20260630,501032,500,501,5004,TC-01,2026-01-12,AVAILABLE,,169,True,4949000000,4.0,150000000,4601000000,50500000,46948980,18,0,1.2,0,False
20260630,501033,500,501,5004,TC-01,2025-08-01,AVAILABLE,,333,True,3624000000,2.0,250000000,3302000000,45102676,41095208,36,0,1.0,0,False
20260630,501034,500,501,5002,TC-01,2025-09-06,AVAILABLE,,297,True,3142000000,0.0,150000000,2992000000,40194448,38275553,0,12,1.5,0,True
20260630,501035,500,501,5004,TC-01,2025-05-27,SOLD,2025-07-06,399,False,4077000000,0.0,100000000,3977000000,47998587,46821286,0,0,1.0,80000000,False
20260630,501036,500,501,5003,TC-01,2026-03-02,SOLD,2026-04-17,120,False,3082000000,0.0,50000000,3032000000,37204249,36600676,36,12,1.0,50000000,False
20260630,501037,500,501,5004,TC-01,2025-06-13,AVAILABLE,,382,True,3561000000,3.0,50000000,3404000000,32796095,31350157,18,12,1.2,0,False
20260630,501038,500,501,5003,TC-01,2026-01-21,AVAILABLE,,160,True,4659000000,3.0,250000000,4269000000,40404128,37021941,18,12,1.8,0,False
20260630,501039,500,501,5003,TC-01,2025-04-18,AVAILABLE,,438,True,1851000000,1.0,50000000,1782000000,36595492,35231317,0,12,1.5,50000000,False
20260630,501040,500,501,5004,TC-01,2025-04-29,SOLD,2025-06-13,427,False,1971000000,2.0,150000000,1782000000,39006531,35266179,12,0,2.0,0,False
20260630,501041,500,501,5003,TC-01,2025-07-25,AVAILABLE,,340,True,4675000000,3.0,100000000,4435000000,41800787,39654864,6,0,1.2,0,True
20260630,501042,500,501,5003,TC-01,2025-05-07,AVAILABLE,,419,True,2073000000,3.0,250000000,1761000000,36298372,30835230,0,0,1.5,0,True
20260630,501043,500,501,5002,TC-01,2025-05-11,AVAILABLE,,415,True,3294000000,0.0,50000000,3244000000,39501139,38901547,0,18,1.2,0,True
20260630,501044,500,501,5003,TC-01,2025-11-28,AVAILABLE,,214,True,4080000000,2.0,100000000,3898000000,36899702,35253685,0,0,1.2,0,False
20260630,501045,500,501,5001,TC-01,2026-02-04,SOLD,2026-04-15,146,False,2727000000,1.0,100000000,2600000000,48792271,46519950,12,0,1.2,0,False
20260630,501046,500,501,5001,TC-01,2025-05-14,AVAILABLE,,412,True,2476000000,0.0,0,2476000000,43599225,43599225,12,18,1.8,30000000,False
20260630,501047,500,501,5001,TC-01,2025-12-10,AVAILABLE,,202,True,3041000000,2.0,100000000,2880000000,42597002,40341785,0,6,1.8,0,False
20260630,501048,500,501,5004,TC-01,2025-10-17,SOLD,2025-11-14,256,False,4889000000,2.0,0,4791000000,42795868,41938025,0,24,1.0,0,True
20260630,501049,500,501,5003,TC-01,2025-10-09,SOLD,2026-03-27,264,False,3027000000,1.0,0,2997000000,40193865,39795512,18,18,1.0,0,False
20260630,501050,500,501,5002,TC-01,2025-08-19,SOLD,2025-11-08,315,False,2112000000,4.0,250000000,1778000000,39096631,32913736,18,18,1.5,0,False
20260630,501051,500,501,5004,TC-01,2025-08-30,AVAILABLE,,304,True,4392000000,2.0,100000000,4204000000,41200750,39437148,12,0,1.8,0,False
20260630,501052,500,501,5002,TC-01,2025-04-09,AVAILABLE,,447,True,3136000000,3.0,250000000,2792000000,39195101,34895638,24,24,1.8,0,False
20260630,501053,500,501,5003,TC-01,2025-10-22,AVAILABLE,,251,True,2021000000,2.0,100000000,1881000000,36407854,33885786,6,12,1.0,0,False
20260630,501054,500,501,5004,TC-01,2026-01-14,AVAILABLE,,167,True,3590000000,1.0,100000000,3454000000,35502373,34157437,6,6,2.0,0,False
20260630,501055,500,501,5003,TC-01,2026-02-14,AVAILABLE,,136,True,2430000000,2.0,50000000,2331000000,36607412,35115999,0,6,1.2,0,False
20260630,501056,500,501,5002,TC-01,2025-11-16,AVAILABLE,,226,True,4094000000,4.0,100000000,3830000000,42002667,39294142,12,0,1.0,0,True
20260630,501057,500,501,5002,TC-01,2025-08-05,AVAILABLE,,329,True,3574000000,5.0,0,3395000000,49201542,46737335,0,18,1.2,0,True
20260630,501058,500,501,5001,TC-01,2025-03-19,SOLD,2025-07-07,468,False,2485000000,5.0,100000000,2261000000,42104371,38309048,6,0,1.8,80000000,True
20260630,501059,500,501,5002,TC-01,2026-01-23,AVAILABLE,,158,True,2821000000,0.0,150000000,2671000000,36803653,34846706,0,0,2.5,0,False
20260630,501060,500,501,5004,TC-01,2025-09-19,AVAILABLE,,284,True,2336000000,0.0,150000000,2186000000,43492832,40700056,24,18,1.2,0,False
20260630,501061,500,501,5001,TC-01,2025-07-29,SOLD,2026-03-13,336,False,1622000000,2.0,150000000,1440000000,40805031,36226415,0,0,1.2,50000000,True
20260630,501062,500,501,5001,TC-01,2025-10-20,AVAILABLE,,253,True,5508000000,1.0,250000000,5203000000,48400703,45720562,6,18,1.2,0,False
20260630,501063,500,501,5002,TC-01,2025-04-28,AVAILABLE,,428,True,3154000000,1.0,150000000,2972000000,39603214,37317931,0,6,2.0,0,False
20260630,501064,500,501,5003,TC-01,2026-03-03,AVAILABLE,,119,True,2836000000,5.0,50000000,2644000000,38200431,35614224,36,12,1.8,80000000,False
20260630,501065,500,501,5004,TC-01,2026-03-18,AVAILABLE,,104,True,3637000000,2.0,0,3564000000,36704006,35967302,18,0,1.0,0,False
20260630,501066,500,501,5004,TC-01,2025-11-02,AVAILABLE,,240,True,2648000000,3.0,0,2569000000,32399364,31432766,24,6,1.8,0,False
20260630,501067,500,501,5004,TC-01,2025-12-30,AVAILABLE,,182,True,3226000000,3.0,0,3129000000,41994272,40731580,24,18,1.0,50000000,True
20260630,501068,500,501,5004,TC-01,2025-08-25,AVAILABLE,,309,True,3294000000,4.0,150000000,3012000000,44694708,40868385,6,12,1.5,0,False
20260630,501069,500,501,5001,TC-01,2025-05-29,AVAILABLE,,397,True,1998000000,2.0,100000000,1858000000,46508380,43249534,24,6,1.5,30000000,False
20260630,501070,500,501,5002,TC-01,2025-12-10,AVAILABLE,,202,True,4674000000,3.0,50000000,4484000000,48596382,46620919,6,0,2.5,0,True
20260630,501071,500,501,5004,TC-01,2026-02-19,AVAILABLE,,131,True,2748000000,1.0,250000000,2471000000,37898221,34078058,12,0,1.8,0,False
20260630,501072,500,501,5002,TC-01,2025-09-22,AVAILABLE,,281,True,3408000000,5.0,100000000,3138000000,49398464,45484853,12,0,1.0,0,True
20260630,501073,500,501,5002,TC-01,2026-04-01,AVAILABLE,,90,False,2925000000,2.0,0,2866000000,39404553,38609727,6,6,1.2,0,True
20260630,501074,500,501,5001,TC-01,2025-10-04,AVAILABLE,,269,True,5132000000,0.0,50000000,5082000000,49995129,49508037,12,0,1.0,0,False
20260630,501075,500,501,5001,TC-01,2025-12-29,AVAILABLE,,183,True,4530000000,0.0,100000000,4430000000,46394920,45370750,0,0,1.2,0,False
20260630,501076,500,501,5002,TC-01,2026-01-20,SOLD,2026-04-07,161,False,3339000000,2.0,50000000,3222000000,47301317,45643859,0,6,1.0,50000000,True
20260630,501077,500,501,5002,TC-01,2025-06-26,AVAILABLE,,369,True,3373000000,2.0,100000000,3206000000,48400057,46003731,0,12,2.5,0,True
20260630,501078,500,501,5002,TC-01,2025-10-24,AVAILABLE,,249,True,5241000000,5.0,0,4979000000,46798821,44459327,0,12,1.2,50000000,False
20260630,501079,500,501,5001,TC-01,2025-12-29,AVAILABLE,,183,True,3711000000,5.0,150000000,3375000000,47093909,42829949,24,18,1.2,30000000,False
20260630,501080,500,501,5001,TC-01,2025-09-02,AVAILABLE,,301,True,4258000000,3.0,100000000,4030000000,41901201,39657548,18,0,1.5,80000000,False
20260630,501081,500,501,5002,TC-01,2025-04-29,SOLD,2025-10-10,427,False,1906000000,5.0,100000000,1711000000,44008312,39505888,12,0,1.8,0,False
20260630,501082,500,501,5003,TC-01,2026-01-28,AVAILABLE,,153,True,1686000000,3.0,150000000,1485000000,41303283,36379226,0,12,2.5,80000000,False
20260630,501083,500,501,5003,TC-01,2025-09-17,SOLD,2026-02-11,286,False,3695000000,0.0,50000000,3645000000,50797360,50109981,18,12,1.2,0,False
20260630,501084,500,501,5003,TC-01,2026-01-26,AVAILABLE,,155,True,2916000000,2.0,100000000,2758000000,43593960,41231873,18,12,1.8,0,False
20260630,501085,500,501,5001,TC-01,2025-07-07,AVAILABLE,,358,True,2870000000,3.0,0,2784000000,43603768,42297174,12,0,1.8,0,False
20260630,501086,500,501,5004,TC-01,2025-03-17,AVAILABLE,,470,True,3431000000,6.0,100000000,3125000000,47999440,43718523,0,18,1.8,0,False
20260630,501087,500,501,5003,TC-01,2025-10-28,AVAILABLE,,245,True,2307000000,2.0,0,2261000000,42006555,41168973,0,0,1.0,0,False
20260630,501088,500,501,5003,TC-01,2025-11-18,AVAILABLE,,224,True,1859000000,0.0,0,1859000000,34305222,34305222,6,18,1.5,0,False
20260630,501089,500,501,5001,TC-01,2025-12-04,AVAILABLE,,208,True,1878000000,0.0,0,1878000000,41603899,41603899,12,18,1.0,0,True
20260630,501090,500,501,5001,TC-01,2025-07-08,AVAILABLE,,357,True,4220000000,3.0,150000000,3943000000,42695265,39892756,6,12,1.0,0,False
20260630,501091,500,501,5001,TC-01,2025-06-25,SOLD,2025-12-22,370,False,5027000000,3.0,250000000,4626000000,43198419,39752514,6,0,1.0,0,False
20260630,501092,500,501,5003,TC-01,2025-08-30,AVAILABLE,,304,True,4084000000,4.0,150000000,3771000000,37395843,34529805,0,0,1.0,50000000,False
20260630,501093,500,501,5001,TC-01,2025-07-11,AVAILABLE,,354,True,3664000000,2.0,0,3591000000,37403022,36657820,0,6,1.0,50000000,False
20260630,501094,500,501,5002,TC-01,2026-03-10,AVAILABLE,,112,True,2813000000,1.0,150000000,2635000000,45000800,42153255,0,18,1.2,0,True
20260630,501095,500,501,5001,TC-01,2025-08-30,SOLD,2025-10-20,304,False,2004000000,4.0,0,1924000000,38207817,36682555,0,0,1.5,80000000,False
20260630,501096,500,501,5002,TC-01,2025-05-08,AVAILABLE,,418,True,3322000000,2.0,100000000,3156000000,44698601,42465016,0,12,2.5,0,True
20260630,501097,500,501,5004,TC-01,2025-09-28,AVAILABLE,,275,True,3333000000,5.0,100000000,3066000000,44398561,40841881,12,0,1.0,0,False
20260630,501098,500,501,5003,TC-01,2026-01-12,AVAILABLE,,169,True,4286000000,2.0,100000000,4100000000,42997592,41131621,0,6,2.0,0,False
20260630,501099,500,501,5004,TC-01,2025-06-28,AVAILABLE,,367,True,3431000000,3.0,50000000,3278000000,43695874,41747326,0,18,1.2,0,True
20260630,501100,500,501,5003,TC-01,2025-05-27,AVAILABLE,,399,True,2575000000,0.0,250000000,2325000000,47597043,42975970,0,0,1.0,0,False
20260630,501101,500,501,5001,TC-01,2025-12-23,AVAILABLE,,189,True,2420000000,2.0,250000000,2122000000,47090874,41292080,0,0,1.8,0,True
20260630,501102,500,501,5004,TC-01,2025-12-08,AVAILABLE,,204,True,3585000000,3.0,250000000,3227000000,43698196,39334471,0,0,1.2,0,True
20260630,501103,500,501,5001,TC-01,2026-02-26,SOLD,2026-05-11,124,False,4303000000,0.0,0,4303000000,39203717,39203717,0,12,1.2,0,False
20260630,501104,500,501,5003,TC-01,2026-02-07,AVAILABLE,,143,True,1958000000,3.0,150000000,1749000000,33498717,29923011,0,18,1.0,0,True
20260630,501105,500,501,5004,TC-01,2026-02-04,AVAILABLE,,146,True,2069000000,3.0,100000000,1907000000,39492270,36400076,6,0,2.0,0,False
20260630,501106,500,501,5002,TC-01,2025-08-05,SOLD,2025-12-17,329,False,2954000000,0.0,100000000,2854000000,38802049,37488507,0,18,1.5,0,False
20260630,501107,500,501,5003,TC-01,2025-09-06,AVAILABLE,,297,True,4038000000,3.0,150000000,3767000000,40199104,37501244,18,6,1.0,0,False
20260630,501108,500,501,5003,TC-01,2026-01-22,SOLD,2026-02-14,159,False,2100000000,0.0,0,2100000000,39908780,39908780,0,24,1.0,50000000,False
20260630,501109,500,501,5003,TC-01,2026-02-19,AVAILABLE,,131,True,2049000000,4.0,50000000,1917000000,39794135,37230530,0,0,1.5,0,False
20260630,501110,500,501,5002,TC-01,2025-11-26,AVAILABLE,,216,True,3273000000,6.0,250000000,2827000000,40105379,34640363,18,6,1.0,0,True
20260630,501111,500,501,5003,TC-01,2025-09-11,AVAILABLE,,292,True,1847000000,4.0,100000000,1673000000,44699903,40488867,6,6,1.0,0,False
20260630,501112,500,501,5002,TC-01,2025-12-03,SOLD,2026-04-09,209,False,2559000000,4.0,250000000,2207000000,45108408,38903578,0,0,1.5,0,False
20260630,501113,500,501,5001,TC-01,2026-02-05,AVAILABLE,,145,True,2942000000,1.0,0,2913000000,49695946,49206081,0,0,1.0,0,False
20260630,501114,500,501,5003,TC-01,2025-07-01,AVAILABLE,,364,True,4237000000,1.0,0,4195000000,41203929,40795488,6,12,2.5,0,False
20260630,501115,500,501,5001,TC-01,2025-09-15,AVAILABLE,,288,True,1556000000,5.0,150000000,1328000000,35492701,30291971,6,12,1.2,0,False
20260630,501116,500,501,5003,TC-01,2026-02-09,AVAILABLE,,141,True,3760000000,0.0,100000000,3660000000,38895211,37860763,12,0,1.5,0,False
20260630,501117,500,501,5002,TC-01,2025-04-03,AVAILABLE,,453,True,1902000000,4.0,50000000,1776000000,35698198,33333333,0,12,2.5,0,False
20260630,501118,500,501,5002,TC-01,2025-04-30,AVAILABLE,,426,True,2928000000,2.0,250000000,2619000000,41303428,36944562,6,6,1.2,0,True
20260630,501119,500,501,5004,TC-01,2025-04-27,AVAILABLE,,429,True,3964000000,2.0,250000000,3635000000,50394101,46211543,12,0,1.5,0,True
20260630,501120,500,501,5001,TC-01,2025-05-29,SOLD,2025-12-02,397,False,2749000000,0.0,150000000,2599000000,46593220,44050847,18,24,1.8,0,False
20260630,501121,500,501,5003,TC-01,2025-06-24,AVAILABLE,,371,True,3208000000,3.0,0,3112000000,37995973,36858936,0,0,1.5,0,False
20260630,501122,500,501,5004,TC-01,2026-02-19,AVAILABLE,,131,True,2234000000,4.0,50000000,2095000000,43194122,40506574,6,0,1.5,30000000,False
20260630,501123,500,501,5004,TC-01,2025-05-13,AVAILABLE,,413,True,3549000000,3.0,100000000,3343000000,43402226,40882964,36,12,2.5,0,True
20260630,501124,500,501,5002,TC-01,2026-02-26,AVAILABLE,,124,True,4541000000,3.0,50000000,4355000000,42498830,40758072,0,6,1.0,0,False
20260630,501125,500,501,5001,TC-01,2025-12-23,AVAILABLE,,189,True,3007000000,5.0,50000000,2807000000,38198679,35658028,0,18,1.0,0,False
20260630,501126,500,501,5003,TC-01,2026-03-31,SOLD,2026-05-10,91,False,4022000000,4.0,100000000,3761000000,41204795,38530888,0,12,1.5,80000000,False
20260630,501127,500,501,5003,TC-01,2026-04-13,AVAILABLE,,78,False,2461000000,0.0,50000000,2411000000,45506657,44582101,18,0,1.0,0,False
20260630,501128,500,501,5003,TC-01,2026-01-21,AVAILABLE,,160,True,3468000000,0.0,50000000,3418000000,43798939,43167467,24,6,1.2,0,False
20260630,501129,500,501,5002,TC-01,2025-05-25,AVAILABLE,,401,True,3395000000,0.0,100000000,3295000000,44800739,43481130,6,0,1.5,0,True
20260630,501130,500,501,5001,TC-01,2025-09-02,AVAILABLE,,301,True,2657000000,4.0,0,2551000000,35895704,34463658,24,0,1.5,0,False
20260630,501131,500,501,5003,TC-01,2026-03-30,AVAILABLE,,92,True,2677000000,1.0,100000000,2550000000,44007891,41920105,0,0,2.0,0,False
20260630,501132,500,501,5001,TC-01,2025-05-02,AVAILABLE,,424,True,3461000000,5.0,250000000,3038000000,48398825,42483569,24,12,1.5,0,False
20260630,501133,500,501,5002,TC-01,2025-08-22,AVAILABLE,,312,True,4551000000,4.0,0,4369000000,43100672,41377024,0,0,2.5,0,True
20260630,501134,500,501,5003,TC-01,2025-12-02,AVAILABLE,,210,True,3000000000,4.0,50000000,2830000000,40606389,38305360,0,24,1.0,0,False
20260630,501135,500,501,5003,TC-01,2025-08-12,AVAILABLE,,322,True,2022000000,4.0,100000000,1841000000,39507620,35971082,12,6,1.2,0,False
20260630,501136,500,501,5001,TC-01,2025-11-29,AVAILABLE,,213,True,2386000000,3.0,100000000,2214000000,39693895,36832474,12,24,1.2,0,False
20260630,501137,500,501,5004,TC-01,2025-06-26,AVAILABLE,,369,True,3774000000,0.0,0,3774000000,38895187,38895187,12,0,1.8,0,False
20260630,501138,500,501,5004,TC-01,2025-07-01,AVAILABLE,,364,True,2343000000,5.0,150000000,2076000000,44492974,39422712,18,0,1.8,0,False
20260630,501139,500,501,5004,TC-01,2026-02-12,AVAILABLE,,138,True,3029000000,4.0,0,2908000000,42897607,41183968,6,18,1.8,0,False
20260630,501140,500,501,5001,TC-01,2025-06-13,AVAILABLE,,382,True,2594000000,2.0,50000000,2492000000,48704469,46789335,12,6,1.8,0,False
20260630,501141,500,501,5003,TC-01,2026-02-13,AVAILABLE,,137,True,2083000000,2.0,250000000,1791000000,46002650,39553887,12,0,1.8,0,True
20260630,501142,500,501,5004,TC-01,2025-09-28,AVAILABLE,,275,True,3230000000,6.0,250000000,2786000000,39802834,34331485,18,12,1.8,80000000,False
20260630,501143,500,501,5004,TC-01,2025-06-25,SOLD,2026-01-02,370,False,3571000000,2.0,250000000,3250000000,33899753,30852478,18,0,2.0,0,True
20260630,501144,500,501,5003,TC-01,2026-03-17,AVAILABLE,,105,True,2539000000,5.0,0,2412000000,34199892,32489224,24,0,1.5,0,True
20260630,501145,500,501,5003,TC-01,2025-08-05,AVAILABLE,,329,True,2754000000,4.0,50000000,2594000000,36193981,34091208,12,12,1.5,0,False
20260630,501146,500,501,5001,TC-01,2025-08-18,AVAILABLE,,316,True,4382000000,2.0,0,4294000000,43100226,42234681,24,18,2.0,0,False
20260630,501147,500,501,5004,TC-01,2025-04-15,AVAILABLE,,441,True,2888000000,4.0,100000000,2672000000,39697595,36728522,0,12,1.8,0,False
20260630,501148,500,501,5004,TC-01,2026-03-17,AVAILABLE,,105,True,1407000000,0.0,250000000,1157000000,35512367,29202423,0,12,1.0,0,True
20260630,501149,500,501,5001,TC-01,2025-09-23,AVAILABLE,,280,True,2686000000,3.0,100000000,2505000000,38305762,35724472,6,0,1.5,0,False
20260630,501150,500,501,5003,TC-01,2025-10-14,AVAILABLE,,259,True,1754000000,5.0,100000000,1566000000,41010054,36614449,12,6,2.0,0,False
20260630,501151,500,501,5003,TC-01,2025-04-04,AVAILABLE,,452,True,3751000000,1.0,0,3713000000,47499050,47017855,18,18,1.0,0,False
20260630,501152,500,501,5001,TC-01,2025-12-07,AVAILABLE,,205,True,3495000000,4.0,0,3355000000,42705279,40994624,6,18,1.8,0,True
20260630,501153,500,501,5003,TC-01,2025-12-26,AVAILABLE,,186,True,2476000000,1.0,0,2451000000,42800346,42368194,0,18,1.8,80000000,False
20260630,501154,500,501,5001,TC-01,2025-06-17,SOLD,2025-12-29,378,False,3075000000,3.0,100000000,2883000000,36602785,34317343,24,0,1.5,0,False
20260630,501155,500,501,5004,TC-01,2025-09-27,SOLD,2026-02-03,276,False,3609000000,2.0,50000000,3487000000,47499342,45893656,0,0,1.5,30000000,True
20260630,501156,500,501,5001,TC-01,2026-02-17,AVAILABLE,,133,True,2693000000,0.0,100000000,2593000000,36895465,35525414,0,0,1.2,0,False
20260630,501157,500,501,5003,TC-01,2026-03-30,SOLD,2026-05-14,92,False,3078000000,4.0,250000000,2705000000,37205367,32696724,18,12,1.5,0,False
20260630,501158,500,501,5002,TC-01,2026-03-07,SOLD,2026-03-26,115,False,1661000000,1.0,50000000,1594000000,36195250,34735236,18,0,1.5,0,False
20260630,501159,500,501,5004,TC-01,2025-09-08,AVAILABLE,,295,True,3742000000,0.0,100000000,3642000000,38497942,37469136,0,18,2.5,0,True
20260630,501160,500,501,5004,TC-01,2025-09-18,AVAILABLE,,285,True,4320000000,0.0,50000000,4270000000,40404040,39936401,6,12,1.0,0,False
20260630,501161,500,501,5001,TC-01,2025-08-21,SOLD,2025-11-28,313,False,2564000000,1.0,0,2538000000,35895282,35531289,6,6,1.2,50000000,False
20260630,501162,500,501,5003,TC-01,2025-12-07,AVAILABLE,,205,True,3460000000,5.0,0,3287000000,42595100,40465345,12,6,1.5,80000000,False
20260630,501163,500,501,5001,TC-01,2025-05-29,AVAILABLE,,397,True,3255000000,0.0,100000000,3155000000,45594621,44193865,6,18,1.2,0,False
20260630,501164,500,501,5003,TC-01,2025-04-18,SOLD,2025-08-23,438,False,1797000000,3.0,0,1743000000,42094167,40829234,6,12,1.8,0,False
20260630,501165,500,501,5001,TC-01,2025-04-11,AVAILABLE,,445,True,3028000000,2.0,0,2967000000,43399742,42525441,0,18,1.8,0,False
20260630,501166,500,501,5001,TC-01,2026-01-01,AVAILABLE,,180,True,2836000000,1.0,0,2808000000,42697983,42276423,18,0,1.5,0,False
20260630,501167,500,501,5001,TC-01,2025-08-03,AVAILABLE,,331,True,2999000000,5.0,50000000,2799000000,41099082,38358229,0,6,2.5,0,False
20260630,501168,500,501,5001,TC-01,2025-12-19,AVAILABLE,,193,True,2674000000,0.0,100000000,2574000000,36801541,35425268,0,0,2.0,0,False
20260630,501169,500,501,5001,TC-01,2026-04-05,AVAILABLE,,86,False,2172000000,3.0,100000000,2007000000,38592751,35660981,18,12,1.5,0,False
20260630,501170,500,501,5004,TC-01,2025-06-06,AVAILABLE,,389,True,3707000000,2.0,50000000,3583000000,44000000,42528190,36,6,1.2,0,False
20260630,501171,500,501,5002,TC-01,2025-07-21,AVAILABLE,,344,True,5467000000,4.0,150000000,5098000000,47202556,44016577,0,0,2.5,50000000,True
20260630,501172,500,501,5003,TC-01,2026-02-22,AVAILABLE,,128,True,3035000000,2.0,50000000,2924000000,43006943,41434037,6,0,1.0,0,True
20260630,501173,500,501,5001,TC-01,2025-05-26,AVAILABLE,,400,True,4428000000,3.0,100000000,4195000000,42597403,40355940,12,12,1.0,0,False
20260630,501174,500,501,5002,TC-01,2026-02-10,SOLD,2026-05-04,140,False,2880000000,0.0,100000000,2780000000,40302267,38902883,24,0,1.5,0,True
20260630,501175,500,501,5001,TC-01,2025-10-18,AVAILABLE,,255,True,3514000000,3.0,250000000,3159000000,40903271,36771039,12,12,1.0,0,False
20260630,501176,500,501,5002,TC-01,2026-01-26,AVAILABLE,,155,True,3123000000,6.0,150000000,2786000000,38201835,34079511,0,6,1.0,0,True
20260630,501177,500,501,5001,TC-01,2025-07-24,AVAILABLE,,341,True,4113000000,6.0,50000000,3816000000,39298681,36460921,12,12,2.5,0,False
20260630,501178,500,501,5001,TC-01,2026-01-11,AVAILABLE,,170,True,2486000000,2.0,100000000,2336000000,45208220,42480451,18,12,1.5,30000000,False
20260630,501179,500,501,5001,TC-01,2026-02-27,AVAILABLE,,123,True,2185000000,3.0,150000000,1969000000,39799636,35865209,0,0,2.5,0,False
20260630,501180,500,501,5002,TC-01,2025-05-07,AVAILABLE,,419,True,2001000000,1.0,250000000,1731000000,47905195,41441226,24,0,1.2,0,False
20260630,501181,500,501,5002,TC-01,2026-04-11,AVAILABLE,,80,False,2358000000,1.0,50000000,2284000000,48309773,46793690,12,0,2.0,0,False
20260630,501182,500,501,5001,TC-01,2025-03-31,AVAILABLE,,456,True,2043000000,3.0,100000000,1882000000,47489540,43747094,6,0,1.8,0,False
20260630,501183,500,501,5001,TC-01,2026-02-20,SOLD,2026-04-13,130,False,4399000000,6.0,150000000,3985000000,46698514,42303609,0,12,1.2,0,False
20260630,501184,500,501,5004,TC-01,2025-07-12,AVAILABLE,,353,True,3593000000,5.0,100000000,3313000000,46295580,42687798,12,12,1.8,0,False
20260630,501185,500,501,5004,TC-01,2026-01-06,AVAILABLE,,175,True,3109000000,4.0,0,2985000000,40795171,39168088,12,12,1.5,0,False
20260630,501186,500,501,5001,TC-01,2026-03-11,AVAILABLE,,111,True,2070000000,3.0,0,2008000000,42098841,40837909,0,24,1.5,0,False
20260630,501187,500,501,5003,TC-01,2025-12-24,AVAILABLE,,188,True,1571000000,1.0,250000000,1305000000,37095632,30814640,36,12,2.0,0,False
20260630,501188,500,501,5003,TC-01,2026-03-15,AVAILABLE,,107,True,2313000000,3.0,100000000,2144000000,34693265,32158392,18,0,1.2,0,False
20260630,501189,500,501,5003,TC-01,2025-11-09,AVAILABLE,,233,True,3239000000,6.0,50000000,2995000000,45300699,41888112,0,6,1.0,0,False
20260630,501190,500,501,5003,TC-01,2025-12-10,AVAILABLE,,202,True,1808000000,0.0,0,1808000000,44205379,44205379,0,0,1.5,30000000,False
20260630,501191,500,501,5002,TC-01,2025-07-17,AVAILABLE,,348,True,2320000000,2.0,100000000,2174000000,45004850,42172648,0,18,1.2,0,True
20260630,501192,500,501,5002,TC-01,2025-08-18,AVAILABLE,,316,True,2714000000,3.0,50000000,2583000000,37203564,35407814,18,0,1.2,0,False
20260630,501193,500,501,5004,TC-01,2025-06-25,AVAILABLE,,370,True,3481000000,3.0,150000000,3227000000,43501625,40327418,12,0,2.5,0,False
20260630,501194,500,501,5002,TC-01,2025-04-03,AVAILABLE,,453,True,3644000000,1.0,0,3608000000,45595596,45145145,0,6,1.2,0,False
20260630,501195,500,501,5001,TC-01,2025-04-21,AVAILABLE,,435,True,4165000000,5.0,100000000,3857000000,41595925,38519924,18,12,1.8,0,False
20260630,501196,500,501,5003,TC-01,2025-11-12,AVAILABLE,,230,True,2369000000,4.0,0,2274000000,41996100,40312001,0,0,1.5,0,True
20260630,501197,500,501,5002,TC-01,2025-09-30,AVAILABLE,,273,True,2811000000,3.0,50000000,2677000000,36303758,34573163,36,6,1.5,0,True
20260630,501198,500,501,5004,TC-01,2025-04-02,AVAILABLE,,454,True,4337000000,3.0,0,4207000000,42196925,40932088,12,12,1.0,0,True
20260630,501199,500,501,5002,TC-01,2025-12-18,AVAILABLE,,194,True,3639000000,3.0,0,3530000000,45104115,43753099,0,18,1.0,0,False
20260630,501200,500,501,5002,TC-01,2025-12-02,SOLD,2026-04-13,210,False,3789000000,1.0,0,3751000000,46599434,46132087,24,0,1.2,80000000,False
20260630,501201,500,501,5004,TC-01,2025-07-24,AVAILABLE,,341,True,3054000000,3.0,0,2962000000,43898232,42575823,12,0,1.0,0,False
20260630,501202,500,501,5001,TC-01,2025-10-12,AVAILABLE,,261,True,2427000000,0.0,50000000,2377000000,48901874,47894419,0,12,1.5,50000000,False
20260630,501203,500,501,5002,TC-01,2026-01-24,AVAILABLE,,157,True,4556000000,3.0,0,4419000000,46805013,45397576,6,0,1.8,80000000,False
20260630,501204,500,501,5002,TC-01,2026-02-26,AVAILABLE,,124,True,4369000000,3.0,100000000,4138000000,41498860,39304711,12,6,1.0,30000000,False
20260630,501205,500,501,5004,TC-01,2025-06-02,AVAILABLE,,393,True,1610000000,3.0,0,1562000000,36699339,35605197,0,0,1.5,0,False
20260630,501206,500,501,5001,TC-01,2025-04-02,AVAILABLE,,454,True,3181000000,2.0,50000000,3067000000,40698567,39240020,0,0,2.0,80000000,False
20260630,501207,500,501,5002,TC-01,2025-07-26,AVAILABLE,,339,True,2177000000,2.0,0,2133000000,39502813,38704409,24,24,1.0,50000000,False
20260630,501208,500,501,5003,TC-01,2025-08-08,AVAILABLE,,326,True,2964000000,3.0,50000000,2825000000,44504505,42417417,0,0,1.8,0,True
20260630,501209,500,501,5003,TC-01,2026-03-14,AVAILABLE,,108,True,2418000000,3.0,250000000,2095000000,44099945,38209010,0,0,1.5,0,True
20260630,501210,500,501,5002,TC-01,2025-04-22,AVAILABLE,,434,True,2296000000,0.0,50000000,2246000000,34599156,33845690,12,6,2.5,0,False
20260630,501211,500,501,5001,TC-01,2025-09-16,AVAILABLE,,287,True,2947000000,1.0,100000000,2818000000,42506851,40646185,36,24,1.5,0,False
20260630,501212,500,501,5002,TC-01,2025-10-01,SOLD,2026-03-06,272,False,2305000000,0.0,100000000,2205000000,40897800,39123492,18,0,1.8,0,False
20260630,501213,500,501,5003,TC-01,2026-04-02,AVAILABLE,,89,False,3220000000,5.0,100000000,2959000000,43105756,39611780,0,6,1.2,0,False
20260630,501214,500,501,5003,TC-01,2025-11-09,AVAILABLE,,233,True,3273000000,4.0,50000000,3092000000,41004761,38737159,6,6,1.0,0,False
20260630,501215,500,501,5002,TC-01,2025-05-23,AVAILABLE,,403,True,3715000000,3.0,150000000,3454000000,48397603,44997394,18,6,1.0,0,True
20260630,501216,500,501,5004,TC-01,2026-02-18,AVAILABLE,,132,True,3627000000,6.0,100000000,3309000000,39905380,36406645,18,12,1.5,0,False
20260630,501217,500,501,5001,TC-01,2026-01-17,AVAILABLE,,164,True,3515000000,1.0,150000000,3330000000,42902478,40644453,12,12,1.5,50000000,False
20260630,501218,500,501,5004,TC-01,2025-07-22,AVAILABLE,,343,True,3364000000,2.0,100000000,3197000000,44704319,42485050,18,18,1.8,0,False
20260630,501219,500,501,5003,TC-01,2025-07-20,SOLD,2025-10-22,345,False,3869000000,3.0,100000000,3653000000,42502472,40129628,0,0,1.0,0,False
20260630,501220,500,501,5003,TC-01,2026-02-09,AVAILABLE,,141,True,2691000000,2.0,50000000,2587000000,41495759,39892059,0,12,2.0,0,False
20260630,501221,500,501,5002,TC-01,2025-09-21,AVAILABLE,,282,True,2889000000,6.0,150000000,2566000000,40102721,35619100,0,24,1.5,0,True
20260630,501222,500,501,5002,TC-01,2026-04-03,AVAILABLE,,88,False,2831000000,2.0,50000000,2724000000,37299078,35889328,6,18,1.2,30000000,True
20260630,501223,500,501,5003,TC-01,2026-04-14,AVAILABLE,,77,False,2205000000,2.0,50000000,2111000000,38501833,36860485,0,12,1.5,0,False
20260630,501224,500,501,5001,TC-01,2025-12-13,SOLD,2026-04-06,199,False,3074000000,6.0,0,2890000000,39700375,37324035,0,0,1.0,80000000,True
20260630,501225,500,501,5004,TC-01,2026-01-21,AVAILABLE,,160,True,3111000000,3.0,50000000,2968000000,39196170,37394482,6,0,1.5,0,False
20260630,501226,500,501,5001,TC-01,2025-12-24,AVAILABLE,,188,True,2557000000,6.0,50000000,2354000000,44292396,40776026,0,0,1.0,30000000,False
20260630,501227,500,501,5002,TC-01,2025-03-27,AVAILABLE,,460,True,3876000000,1.0,50000000,3787000000,46698795,45626506,6,0,2.0,0,True
20260630,501228,500,501,5003,TC-01,2025-03-22,AVAILABLE,,465,True,4064000000,2.0,50000000,3933000000,39099480,37839138,18,12,1.8,0,False
20260630,501229,500,501,5001,TC-01,2025-07-21,AVAILABLE,,344,True,4346000000,0.0,100000000,4246000000,43295477,42299263,6,18,1.0,0,False
20260630,501230,500,501,5004,TC-01,2025-10-26,AVAILABLE,,247,True,3159000000,3.0,250000000,2814000000,33095862,29481404,6,12,2.0,0,False
20260630,501231,500,501,5004,TC-01,2025-04-22,AVAILABLE,,434,True,4705000000,4.0,50000000,4467000000,43795960,41580564,12,0,1.2,0,False
20260630,501232,500,501,5001,TC-01,2025-10-06,AVAILABLE,,267,True,2546000000,1.0,150000000,2371000000,35006187,32600027,0,0,1.2,50000000,True
20260630,501233,500,501,5004,TC-01,2026-01-08,AVAILABLE,,173,True,4007000000,2.0,100000000,3827000000,35300855,33715091,6,0,1.8,0,False
20260630,501234,500,501,5003,TC-01,2025-05-29,AVAILABLE,,397,True,2446000000,1.0,50000000,2372000000,49294639,47803305,6,18,2.0,0,True
20260630,501235,500,501,5004,TC-01,2025-07-23,AVAILABLE,,342,True,2312000000,0.0,0,2312000000,39800310,39800310,6,18,1.0,0,False
20260630,501236,500,501,5001,TC-01,2025-04-10,AVAILABLE,,446,True,2951000000,3.0,0,2862000000,39499398,38308125,0,18,1.0,50000000,False
20260630,501237,500,501,5002,TC-01,2025-06-20,AVAILABLE,,375,True,3114000000,2.0,150000000,2902000000,39199396,36530715,6,18,2.0,0,False
20260630,501238,500,501,5003,TC-01,2026-01-01,AVAILABLE,,180,True,2553000000,3.0,0,2476000000,47701794,46263079,0,6,1.5,30000000,True
20260630,501239,500,501,5003,TC-01,2025-10-16,AVAILABLE,,257,True,1769000000,3.0,250000000,1466000000,39699282,32899461,6,18,1.5,0,False
20260630,501240,500,501,5002,TC-01,2025-07-03,AVAILABLE,,362,True,1772000000,6.0,0,1666000000,41104152,38645326,0,12,2.5,50000000,True
20260630,501241,500,501,5001,TC-01,2025-06-09,AVAILABLE,,386,True,3856000000,1.0,100000000,3717000000,50006484,48203865,0,0,1.2,0,False
20260630,501242,500,501,5003,TC-01,2025-09-30,SOLD,2026-01-04,273,False,3719000000,4.0,0,3570000000,42796318,41081703,24,6,2.0,0,False
20260630,501243,500,501,5001,TC-01,2025-08-26,AVAILABLE,,308,True,3036000000,1.0,0,3006000000,40496198,40096038,18,6,1.5,0,False
20260630,501244,500,501,5001,TC-01,2026-04-08,AVAILABLE,,83,False,3721000000,0.0,150000000,3571000000,46994190,45099773,12,18,1.5,0,False
20260630,501245,500,501,5001,TC-01,2025-09-11,AVAILABLE,,292,True,2080000000,3.0,250000000,1768000000,35695898,30341514,0,12,2.0,0,False
20260630,501246,500,501,5003,TC-01,2025-11-10,AVAILABLE,,232,True,2668000000,1.0,0,2641000000,34694408,34343303,18,12,1.0,0,False
20260630,501247,500,501,5004,TC-01,2025-05-24,AVAILABLE,,402,True,2984000000,2.0,150000000,2774000000,38798596,36068132,12,0,1.8,0,False
20260630,501248,500,501,5001,TC-01,2025-07-01,AVAILABLE,,364,True,3157000000,2.0,50000000,3044000000,39095975,37696594,6,12,1.2,80000000,True
20260630,501249,500,501,5004,TC-01,2025-04-17,AVAILABLE,,439,True,3046000000,4.0,50000000,2874000000,41201136,38874611,0,12,1.8,0,False
20260630,501250,500,501,5001,TC-01,2025-11-11,AVAILABLE,,231,True,4278000000,4.0,0,4107000000,40297664,38686888,12,24,2.5,0,False
20260630,501251,500,501,5004,TC-01,2025-06-29,AVAILABLE,,366,True,3141000000,0.0,150000000,2991000000,43504155,41426593,0,0,1.2,0,False
20260630,501252,500,501,5001,TC-01,2025-11-06,AVAILABLE,,236,True,2606000000,1.0,50000000,2530000000,44592745,43292266,0,18,1.8,30000000,True
20260630,501253,500,501,5003,TC-01,2025-09-28,AVAILABLE,,275,True,2593000000,4.0,0,2489000000,46295304,44438493,36,0,2.5,0,True
20260630,501254,500,501,5001,TC-01,2025-05-21,AVAILABLE,,405,True,2131000000,5.0,50000000,1974000000,41694385,38622579,6,0,1.0,0,False
20260630,501255,500,501,5004,TC-01,2025-12-17,AVAILABLE,,195,True,3719000000,4.0,50000000,3520000000,44105787,41745731,24,6,1.0,0,False
20260630,501256,500,501,5001,TC-01,2025-05-20,AVAILABLE,,406,True,4824000000,1.0,50000000,4726000000,41404171,40563042,6,0,1.2,0,False
20260630,501257,500,501,5004,TC-01,2025-04-29,SOLD,2025-09-15,427,False,1682000000,6.0,100000000,1481000000,40500843,35660968,6,0,1.0,80000000,False
20260630,501258,500,501,5001,TC-01,2025-10-28,AVAILABLE,,245,True,4842000000,2.0,0,4745000000,43799186,42921755,0,0,2.0,30000000,False
20260630,501259,500,501,5001,TC-01,2025-08-12,SOLD,2025-09-14,322,False,1709000000,3.0,0,1658000000,38003113,36869024,18,18,1.5,0,True
20260630,501260,500,501,5004,TC-01,2025-03-23,AVAILABLE,,464,True,1902000000,5.0,250000000,1557000000,34208633,28003597,0,12,1.8,80000000,False
20260630,501261,500,501,5001,TC-01,2025-05-02,SOLD,2026-01-10,424,False,2027000000,2.0,100000000,1886000000,49199029,45776699,18,18,1.8,0,False
20260630,501262,500,501,5004,TC-01,2025-03-30,AVAILABLE,,457,True,2244000000,2.0,100000000,2099000000,41303147,38634272,36,0,1.2,0,False
20260630,501263,500,501,5003,TC-01,2026-04-02,AVAILABLE,,89,False,3851000000,2.0,150000000,3624000000,50293849,47329241,18,0,2.0,0,False
20260630,501264,500,501,5002,TC-01,2025-12-10,AVAILABLE,,202,True,5154000000,4.0,100000000,4848000000,46199355,43456436,18,0,1.8,0,False
20260630,501265,500,501,5003,TC-01,2026-03-04,AVAILABLE,,118,True,1598000000,5.0,100000000,1418000000,35503222,31504110,0,6,1.8,0,False
20260630,501266,500,501,5002,TC-01,2025-07-07,AVAILABLE,,358,True,5096000000,2.0,0,4994000000,48202800,47237987,0,12,1.8,0,False
20260630,501267,500,501,5001,TC-01,2025-12-04,AVAILABLE,,208,True,2686000000,3.0,50000000,2555000000,38104696,36246276,12,6,1.8,0,False
20260630,501268,500,501,5004,TC-01,2025-08-07,SOLD,2025-09-28,327,False,2055000000,3.0,150000000,1843000000,39398006,35333589,0,12,1.0,0,False
20260630,501269,500,501,5002,TC-01,2026-03-02,AVAILABLE,,120,True,3306000000,2.0,0,3240000000,42303263,41458733,0,12,1.8,0,False
20260630,501270,500,501,5003,TC-01,2025-06-23,AVAILABLE,,372,True,3033000000,3.0,100000000,2842000000,46298275,43382690,18,0,1.2,0,False
20260630,501271,500,501,5003,TC-01,2026-02-20,AVAILABLE,,130,True,2498000000,1.0,250000000,2223000000,39701208,35330579,18,0,1.5,0,False
20260630,501272,500,501,5002,TC-01,2025-04-11,AVAILABLE,,445,True,2387000000,1.0,50000000,2313000000,43894814,42534020,18,6,2.0,30000000,True
20260630,501273,500,501,5004,TC-01,2025-06-19,SOLD,2025-11-24,376,False,5284000000,4.0,50000000,5023000000,48097579,45721828,18,12,1.5,50000000,True
20260630,501274,500,501,5001,TC-01,2025-08-17,AVAILABLE,,317,True,2575000000,2.0,0,2524000000,33699778,33032326,0,18,1.0,0,False
20260630,501275,500,501,5003,TC-01,2026-02-20,AVAILABLE,,130,True,4188000000,3.0,100000000,3962000000,41498216,39258819,18,18,1.5,0,False
20260630,501276,500,501,5003,TC-01,2025-11-25,SOLD,2026-01-07,217,False,2949000000,4.0,150000000,2681000000,41198659,37454596,0,12,1.0,0,False
20260630,501277,500,501,5001,TC-01,2025-07-23,SOLD,2026-01-08,342,False,2632000000,2.0,50000000,2529000000,36606398,35173853,18,0,1.2,50000000,True
20260630,501278,500,501,5001,TC-01,2025-10-20,AVAILABLE,,253,True,2805000000,1.0,0,2777000000,41500222,41085959,0,6,2.0,50000000,False
20260630,501279,500,501,5003,TC-01,2025-06-27,AVAILABLE,,368,True,5424000000,0.0,150000000,5274000000,51800210,50367682,0,12,1.5,0,False
20260630,501280,500,501,5003,TC-01,2025-07-16,AVAILABLE,,349,True,2900000000,2.0,50000000,2792000000,37093886,35712458,0,12,1.2,0,True
20260630,501281,500,501,5004,TC-01,2025-03-17,AVAILABLE,,470,True,3298000000,2.0,0,3232000000,43705274,42830639,12,0,1.0,0,False
20260630,501282,500,501,5003,TC-01,2025-04-27,AVAILABLE,,429,True,2608000000,0.0,0,2608000000,48502883,48502883,12,6,1.0,0,True
20260630,501283,500,501,5002,TC-01,2025-09-18,AVAILABLE,,285,True,5363000000,4.0,100000000,5048000000,50800417,47816615,12,12,1.5,0,False
20260630,501284,500,501,5004,TC-01,2025-04-14,AVAILABLE,,442,True,3225000000,2.0,0,3160000000,41704384,40863830,0,0,1.8,0,False
20260630,501285,500,501,5003,TC-01,2025-07-06,SOLD,2025-08-13,359,False,2730000000,2.0,50000000,2625000000,46200711,44423760,0,0,2.0,0,False
20260630,501286,500,501,5004,TC-01,2025-03-26,AVAILABLE,,461,True,2867000000,3.0,100000000,2681000000,38996192,36466268,18,0,1.5,50000000,False
20260630,501287,500,501,5003,TC-01,2025-05-09,AVAILABLE,,417,True,4012000000,0.0,0,4012000000,51995853,51995853,18,18,1.0,0,False
20260630,501288,500,501,5001,TC-01,2026-02-01,AVAILABLE,,149,True,1887000000,1.0,50000000,1818000000,39609572,38161209,18,0,1.5,80000000,False
20260630,501289,500,501,5003,TC-01,2026-03-12,AVAILABLE,,110,True,3397000000,2.0,0,3329000000,45794015,44877325,12,12,1.0,0,False
20260630,501290,500,501,5004,TC-01,2025-10-09,AVAILABLE,,264,True,3434000000,1.0,50000000,3350000000,47398206,46238785,0,0,1.8,80000000,False
20260630,501291,500,501,5004,TC-01,2025-03-19,AVAILABLE,,468,True,3219000000,2.0,0,3155000000,42094939,41258010,0,0,1.5,80000000,False
20260630,501292,500,501,5003,TC-01,2025-12-24,AVAILABLE,,188,True,3711000000,0.0,250000000,3461000000,44204884,41226921,0,12,1.5,0,True
20260630,501293,500,501,5003,TC-01,2025-09-09,AVAILABLE,,294,True,3465000000,0.0,250000000,3215000000,45205479,41943901,24,6,2.5,0,False
20260630,501294,500,501,5001,TC-01,2025-07-27,SOLD,2026-01-23,338,False,2447000000,2.0,50000000,2348000000,45996241,44135338,6,0,1.0,0,False
20260630,501295,500,501,5003,TC-01,2025-11-17,AVAILABLE,,225,True,4886000000,1.0,50000000,4787000000,46697888,45751696,12,18,1.5,0,False
20260630,501296,500,501,5004,TC-01,2025-06-30,AVAILABLE,,365,True,2622000000,3.0,250000000,2293000000,39099314,34193260,12,12,1.0,0,True
20260630,501297,500,501,5004,TC-01,2025-11-13,AVAILABLE,,229,True,3429000000,5.0,100000000,3158000000,43703798,40249809,18,6,1.8,0,False
20260630,501298,500,501,5002,TC-01,2026-02-28,AVAILABLE,,122,True,2792000000,3.0,0,2708000000,39496393,38308106,18,6,1.8,0,False
20260630,501299,500,501,5002,TC-01,2025-12-29,AVAILABLE,,183,True,3175000000,2.0,0,3112000000,41704978,40877446,12,0,1.2,0,False
20260630,501300,500,501,5003,TC-01,2025-05-04,AVAILABLE,,422,True,1857000000,3.0,0,1801000000,43306903,42000933,36,0,1.5,0,False
20260630,501301,500,501,5003,TC-01,2026-04-16,AVAILABLE,,75,False,4046000000,2.0,50000000,3915000000,41399775,40059347,6,6,1.2,80000000,False
20260630,501302,500,501,5004,TC-01,2025-12-18,AVAILABLE,,194,True,4942000000,4.0,50000000,4694000000,46100746,43787313,12,24,1.5,0,False
20260630,501303,500,501,5001,TC-01,2025-10-10,AVAILABLE,,263,True,4004000000,2.0,50000000,3874000000,50702799,49056604,6,0,1.5,0,False
20260630,501304,500,501,5001,TC-01,2025-11-14,SOLD,2026-04-08,228,False,2645000000,4.0,150000000,2389000000,45205948,40830627,12,0,2.5,0,False
20260630,501305,500,501,5001,TC-01,2025-08-04,AVAILABLE,,330,True,2413000000,1.0,0,2389000000,42798865,42373182,0,18,1.0,0,True
20260630,501306,500,501,5001,TC-01,2025-10-17,AVAILABLE,,256,True,5636000000,1.0,250000000,5330000000,51602271,48800586,0,6,1.5,0,False
20260630,501307,500,501,5003,TC-01,2025-05-19,AVAILABLE,,407,True,3033000000,2.0,100000000,2872000000,47206226,44700389,0,0,1.5,50000000,False
20260630,501308,500,501,5004,TC-01,2025-06-22,AVAILABLE,,373,True,3966000000,2.0,100000000,3787000000,46402246,44307944,12,12,1.5,0,False
20260630,501309,500,501,5003,TC-01,2025-12-31,SOLD,2026-05-12,181,False,3720000000,4.0,0,3571000000,46604861,44738161,0,12,2.0,0,True
20260630,501310,500,501,5002,TC-01,2025-05-17,AVAILABLE,,409,True,3156000000,0.0,50000000,3106000000,38600783,37989237,18,0,1.2,80000000,False
20260630,501311,500,501,5003,TC-01,2025-10-30,SOLD,2025-12-23,243,False,3109000000,5.0,0,2954000000,41804491,39720317,18,12,1.2,0,False
20260630,501312,500,501,5001,TC-01,2026-01-26,AVAILABLE,,155,True,3366000000,0.0,50000000,3316000000,46795496,46100375,24,0,2.0,0,False
20260630,501313,500,501,5004,TC-01,2025-11-08,SOLD,2026-01-05,234,False,2851000000,2.0,100000000,2694000000,37701666,35625496,6,6,1.5,0,True
20260630,501314,500,501,5003,TC-01,2025-12-10,AVAILABLE,,202,True,3013000000,6.0,100000000,2732000000,41899597,37991934,18,12,2.0,0,False
20260630,501315,500,501,5003,TC-01,2025-06-02,AVAILABLE,,393,True,5093000000,5.0,50000000,4788000000,48999423,46065038,12,12,2.0,0,True
20260630,501316,500,501,5004,TC-01,2026-04-07,AVAILABLE,,84,False,3906000000,3.0,100000000,3689000000,50905773,48077675,18,6,2.5,0,False
20260630,501317,500,501,5003,TC-01,2026-01-11,SOLD,2026-03-26,170,False,3660000000,3.0,0,3550000000,48195944,46747432,18,0,1.5,0,False
20260630,501318,500,501,5002,TC-01,2026-02-11,AVAILABLE,,139,True,2894000000,1.0,100000000,2765000000,42297574,40412160,18,0,1.8,80000000,True
20260630,501319,500,501,5003,TC-01,2026-04-13,AVAILABLE,,78,False,5255000000,2.0,50000000,5100000000,50895884,49394673,0,18,1.8,0,True
20260630,501320,500,501,5004,TC-01,2025-06-20,AVAILABLE,,375,True,3651000000,2.0,0,3578000000,41898095,41060363,18,0,2.0,30000000,False
20260630,501321,500,501,5004,TC-01,2026-01-19,AVAILABLE,,162,True,2038000000,3.0,50000000,1927000000,46108597,43597285,0,0,1.5,0,True
20260630,501322,500,501,5002,TC-01,2025-06-17,AVAILABLE,,378,True,2078000000,2.0,50000000,1986000000,51194876,48928307,12,0,1.2,50000000,False
20260630,501323,500,501,5001,TC-01,2026-03-15,SOLD,2026-04-24,107,False,2923000000,0.0,0,2923000000,42405339,42405339,18,6,1.5,0,False
20260630,501324,500,501,5003,TC-01,2025-08-20,AVAILABLE,,314,True,3369000000,0.0,50000000,3319000000,42797256,42162093,18,6,1.0,0,False
20260630,501325,500,501,5004,TC-01,2025-06-07,AVAILABLE,,388,True,2391000000,0.0,100000000,2291000000,43591613,41768459,18,12,1.5,0,False
20260630,501326,500,501,5004,TC-01,2025-07-28,AVAILABLE,,337,True,3257000000,0.0,150000000,3107000000,44198670,42163116,12,12,1.0,0,False
20260630,501327,500,501,5001,TC-01,2026-02-09,AVAILABLE,,141,True,4330000000,3.0,250000000,3950000000,43995123,40134119,6,6,1.2,0,False
20260630,501328,500,501,5001,TC-01,2025-07-31,AVAILABLE,,334,True,3026000000,1.0,150000000,2846000000,44097931,41474789,0,0,1.0,0,False
20260630,501329,500,501,5001,TC-01,2025-09-30,AVAILABLE,,273,True,3298000000,3.0,0,3199000000,42998696,41707953,24,0,1.0,0,True
20260630,501330,500,501,5003,TC-01,2025-05-02,SOLD,2025-07-04,424,False,3950000000,3.0,50000000,3782000000,36597795,35041230,12,12,1.0,80000000,False
20260630,501331,500,501,5003,TC-01,2025-03-26,AVAILABLE,,461,True,2735000000,2.0,100000000,2580000000,38602682,36414961,18,12,1.5,0,False
20260630,501332,500,501,5002,TC-01,2025-12-22,AVAILABLE,,190,True,3749000000,4.0,250000000,3349000000,44599096,39840590,24,0,1.8,0,False
20260630,501333,500,501,5001,TC-01,2026-03-24,AVAILABLE,,98,True,3710000000,2.0,0,3636000000,51997197,50960056,0,0,1.2,0,False
20260630,501334,500,501,5004,TC-01,2025-10-23,AVAILABLE,,250,True,2888000000,4.0,0,2772000000,40005541,38398670,24,0,1.5,0,False
20260630,501335,500,501,5001,TC-01,2025-09-17,AVAILABLE,,286,True,2323000000,4.0,150000000,2080000000,41601003,37249284,0,12,1.2,0,False
20260630,501336,500,501,5001,TC-01,2025-04-18,AVAILABLE,,438,True,4344000000,1.0,150000000,4151000000,46095076,44047114,12,12,1.2,0,False
20260630,501337,500,501,5002,TC-01,2025-08-15,AVAILABLE,,319,True,3029000000,5.0,100000000,2778000000,39296834,36040477,6,6,1.0,0,True
20260630,501338,500,501,5002,TC-01,2026-03-30,SOLD,2026-05-11,92,False,4078000000,6.0,50000000,3783000000,41497914,38495980,0,18,1.8,0,False
20260630,501339,500,501,5004,TC-01,2025-07-01,SOLD,2025-10-24,364,False,2534000000,2.0,100000000,2383000000,44300699,41660839,0,12,1.5,0,True
20260630,501340,500,501,5002,TC-01,2025-12-15,SOLD,2026-02-25,197,False,1591000000,2.0,100000000,1459000000,40309096,36964783,18,6,2.0,0,True
20260630,501341,500,501,5004,TC-01,2025-03-26,AVAILABLE,,461,True,3630000000,4.0,50000000,3435000000,45995945,43525089,36,18,1.2,0,False
20260630,501342,500,501,5004,TC-01,2025-05-27,SOLD,2025-11-01,399,False,2970000000,3.0,100000000,2781000000,37998976,35580860,0,0,1.0,0,False
20260630,501343,500,501,5004,TC-01,2025-07-28,AVAILABLE,,337,True,3178000000,2.0,150000000,2964000000,40806369,38058552,24,12,1.5,0,False
20260630,501344,500,501,5003,TC-01,2026-01-25,SOLD,2026-05-13,156,False,4033000000,3.0,100000000,3812000000,52005158,49155384,6,0,1.5,0,False
20260630,501345,500,501,5003,TC-01,2025-12-01,SOLD,2025-12-29,211,False,4395000000,4.0,0,4219000000,41603559,39937524,0,12,1.8,0,False
20260630,501346,500,501,5003,TC-01,2025-08-07,AVAILABLE,,327,True,3137000000,3.0,150000000,2893000000,44604010,41134651,0,24,1.5,0,False
20260630,501347,500,501,5003,TC-01,2025-07-09,AVAILABLE,,356,True,3534000000,2.0,50000000,3413000000,47201816,45585682,6,24,1.2,0,False
20260630,501348,500,501,5004,TC-01,2025-06-20,AVAILABLE,,375,True,2807000000,4.0,100000000,2595000000,41702570,38552964,18,0,1.2,0,False
20260630,501349,500,501,5002,TC-01,2025-06-14,AVAILABLE,,381,True,3129000000,6.0,100000000,2841000000,41405320,37594283,18,6,2.0,0,True
20260630,501350,500,501,5001,TC-01,2025-11-05,AVAILABLE,,237,True,2994000000,2.0,100000000,2834000000,43103945,40800461,0,12,1.2,0,False
20260630,501351,500,501,5002,TC-01,2025-05-01,AVAILABLE,,425,True,3103000000,3.0,50000000,2960000000,42600220,40637013,18,6,1.0,0,False
20260630,501352,500,501,5002,TC-01,2026-04-07,AVAILABLE,,84,False,3717000000,0.0,0,3717000000,48197614,48197614,0,0,2.0,0,False
20260630,501353,500,501,5003,TC-01,2025-11-04,SOLD,2026-04-28,238,False,3059000000,3.0,50000000,2917000000,41393775,39472260,6,6,2.0,0,False
20260630,501354,500,501,5001,TC-01,2026-02-18,AVAILABLE,,132,True,3285000000,1.0,50000000,3202000000,43905373,42796044,24,6,1.5,0,True
20260630,501355,500,501,5002,TC-01,2026-03-09,AVAILABLE,,113,True,3510000000,0.0,0,3510000000,47400405,47400405,0,12,1.5,0,False
20260630,501356,500,501,5003,TC-01,2025-04-22,AVAILABLE,,434,True,2712000000,1.0,100000000,2585000000,38892873,37071562,12,0,1.2,0,False
20260630,501357,500,501,5003,TC-01,2025-06-23,AVAILABLE,,372,True,3149000000,3.0,50000000,3005000000,45296318,43224971,18,0,1.8,0,False
20260630,501358,500,501,5001,TC-01,2025-09-09,SOLD,2026-02-23,294,False,3984000000,5.0,150000000,3635000000,48698203,44432221,12,0,1.8,50000000,False
20260630,501359,500,501,5001,TC-01,2025-11-12,AVAILABLE,,230,True,2415000000,1.0,100000000,2291000000,41594902,39459180,0,24,1.5,0,False
20260630,501360,500,501,5003,TC-01,2025-12-27,SOLD,2026-02-16,185,False,2370000000,2.0,150000000,2173000000,34497817,31630277,6,0,1.0,0,False
20260630,501361,500,501,5002,TC-01,2025-03-19,AVAILABLE,,468,True,3002000000,5.0,100000000,2752000000,43095033,39506173,12,12,1.2,0,False
20260630,501362,500,501,5002,TC-01,2025-04-13,SOLD,2025-05-08,443,False,3076000000,1.0,150000000,2895000000,48701710,45835972,0,0,2.5,0,True
20260630,501363,500,501,5004,TC-01,2025-07-27,AVAILABLE,,338,True,1879000000,4.0,50000000,1754000000,41802002,39021135,6,12,1.2,0,False
20260630,501364,500,501,5001,TC-01,2025-12-30,AVAILABLE,,182,True,3063000000,0.0,50000000,3013000000,37294533,36685742,36,0,2.5,0,True
20260630,501365,500,501,5003,TC-01,2025-03-30,SOLD,2025-05-07,457,False,2442000000,0.0,100000000,2342000000,43794835,42001435,6,6,1.5,0,False
20260630,501366,500,501,5001,TC-01,2025-05-07,AVAILABLE,,419,True,2879000000,0.0,50000000,2829000000,37797033,37140607,0,6,1.5,0,False
20260630,501367,500,501,5002,TC-01,2026-03-13,AVAILABLE,,109,True,2449000000,4.0,50000000,2301000000,47305389,44446591,12,6,1.0,0,False
20260630,501368,500,501,5002,TC-01,2025-09-13,AVAILABLE,,290,True,2545000000,4.0,0,2443000000,44099809,42332351,18,0,1.8,0,False
20260630,501369,500,501,5002,TC-01,2025-10-24,AVAILABLE,,249,True,2477000000,6.0,150000000,2178000000,45299927,39831748,0,6,1.8,0,True
20260630,501370,500,501,5001,TC-01,2025-11-03,AVAILABLE,,239,True,1994000000,2.0,150000000,1804000000,45194923,40888486,12,0,1.5,0,False
20260630,501371,500,501,5001,TC-01,2025-12-29,AVAILABLE,,183,True,2321000000,3.0,100000000,2151000000,51589242,47810625,18,0,2.5,0,False
20260630,501372,500,501,5004,TC-01,2025-04-13,SOLD,2025-05-05,443,False,4254000000,6.0,50000000,3949000000,41903073,38898739,0,18,1.8,0,False
20260630,501373,500,501,5004,TC-01,2025-05-30,SOLD,2025-06-28,396,False,2772000000,2.0,50000000,2667000000,46300317,44546517,36,0,2.0,30000000,False
20260630,501374,500,501,5003,TC-01,2026-01-05,AVAILABLE,,176,True,3497000000,3.0,100000000,3292000000,45198397,42548792,0,12,1.0,0,False
20260630,501375,500,501,5003,TC-01,2026-03-11,AVAILABLE,,111,True,2412000000,1.0,150000000,2238000000,46393537,43046740,6,18,1.8,0,False
20260630,501376,500,501,5002,TC-01,2025-12-16,AVAILABLE,,196,True,4075000000,1.0,100000000,3934000000,37096040,35812472,18,0,1.2,0,True
20260630,501377,500,501,5002,TC-01,2025-08-25,SOLD,2026-01-03,309,False,3354000000,0.0,150000000,3204000000,43294178,41357945,0,0,1.2,0,False
20260630,501378,500,501,5001,TC-01,2025-11-04,AVAILABLE,,238,True,3926000000,2.0,100000000,3747000000,47895572,45711846,36,12,1.0,0,False
20260630,501379,500,501,5002,TC-01,2026-01-22,AVAILABLE,,159,True,2140000000,0.0,50000000,2090000000,40400227,39456296,0,0,1.5,0,True
20260630,501380,500,501,5002,TC-01,2026-04-08,AVAILABLE,,83,False,3038000000,2.0,0,2977000000,41400927,40569638,12,24,1.0,0,False
20260630,501381,500,501,5002,TC-01,2025-10-19,AVAILABLE,,254,True,2881000000,0.0,50000000,2831000000,42599438,41860121,0,0,1.2,0,False
20260630,501382,500,501,5001,TC-01,2025-08-18,AVAILABLE,,316,True,4054000000,5.0,100000000,3751000000,38495869,35618650,36,0,1.5,0,False
20260630,501383,500,501,5004,TC-01,2026-02-15,AVAILABLE,,135,True,2321000000,4.0,0,2228000000,40805204,39170183,24,24,1.2,0,False
20260630,501384,500,501,5003,TC-01,2025-07-26,AVAILABLE,,339,True,4531000000,3.0,50000000,4345000000,43998835,42192659,0,12,1.5,0,False
20260630,501385,500,501,5004,TC-01,2025-08-16,AVAILABLE,,318,True,3310000000,0.0,0,3310000000,45101512,45101512,0,6,1.5,0,False
20260630,501386,500,501,5002,TC-01,2025-11-24,SOLD,2026-02-26,218,False,2921000000,4.0,0,2804000000,41198872,39548660,18,6,1.5,0,True
20260630,501387,500,501,5003,TC-01,2025-08-28,AVAILABLE,,306,True,1728000000,3.0,0,1676000000,37193285,36074042,12,0,2.5,0,False
20260630,501388,500,501,5003,TC-01,2025-12-05,SOLD,2026-03-30,207,False,3491000000,2.0,0,3421000000,36704868,35968878,6,0,2.0,0,False
20260630,501389,500,501,5004,TC-01,2025-04-08,AVAILABLE,,448,True,3032000000,5.0,50000000,2830000000,38004512,35472550,0,18,1.2,0,False
20260630,501390,500,501,5001,TC-01,2026-02-15,AVAILABLE,,135,True,3853000000,3.0,0,3737000000,39603248,38410936,12,12,1.2,50000000,False
20260630,501391,500,501,5001,TC-01,2025-10-05,SOLD,2026-04-15,268,False,1757000000,1.0,150000000,1589000000,44901610,40608229,18,12,1.0,30000000,False
20260630,501392,500,501,5001,TC-01,2026-01-19,SOLD,2026-03-18,162,False,3908000000,0.0,150000000,3758000000,38197635,36731502,6,12,1.0,0,False
20260630,501393,500,501,5003,TC-01,2026-02-27,AVAILABLE,,123,True,5348000000,3.0,100000000,5088000000,46797340,44522226,12,0,1.0,80000000,False
20260630,501394,500,501,5002,TC-01,2025-06-13,AVAILABLE,,382,True,2694000000,0.0,0,2694000000,37406276,37406276,18,0,1.5,0,True
20260630,501395,500,501,5003,TC-01,2025-04-03,AVAILABLE,,453,True,2281000000,3.0,250000000,1963000000,41106506,35375743,0,0,1.0,0,False
20260630,501396,500,501,5002,TC-01,2025-04-11,AVAILABLE,,445,True,3484000000,2.0,0,3414000000,41495950,40662220,18,18,1.5,0,False
20260630,501397,500,501,5003,TC-01,2026-03-06,SOLD,2026-05-07,116,False,2333000000,3.0,0,2263000000,51809905,50255385,18,18,2.5,0,False
20260630,501398,500,501,5004,TC-01,2025-07-30,AVAILABLE,,335,True,3592000000,3.0,0,3484000000,51997684,50434279,12,12,1.8,0,False
20260630,501399,500,501,5003,TC-01,2026-02-19,SOLD,2026-04-27,131,False,2270000000,1.0,50000000,2197000000,41004335,39685694,24,0,1.8,0,False
20260630,501400,500,501,5004,TC-01,2025-04-20,AVAILABLE,,436,True,2621000000,3.0,100000000,2442000000,37804702,35222847,12,18,1.2,0,False
20260630,501401,500,501,5001,TC-01,2026-02-07,AVAILABLE,,143,True,4188000000,2.0,50000000,4054000000,49597347,48010422,0,6,2.0,0,False
20260630,501402,500,501,5003,TC-01,2025-12-23,AVAILABLE,,189,True,4255000000,2.0,0,4170000000,38399061,37631983,24,18,1.8,50000000,False
20260630,501403,500,501,5002,TC-01,2025-07-21,AVAILABLE,,344,True,3879000000,2.0,0,3801000000,39201617,38413340,0,0,1.0,0,True
20260630,501404,500,501,5002,TC-01,2025-11-18,AVAILABLE,,224,True,2753000000,1.0,100000000,2625000000,40700769,38808397,0,0,1.8,50000000,False
20260630,501405,500,501,5003,TC-01,2026-02-02,AVAILABLE,,148,True,3511000000,2.0,0,3441000000,43302911,42439566,18,18,1.5,0,False
20260630,501406,500,501,5003,TC-01,2025-11-06,AVAILABLE,,236,True,2572000000,4.0,100000000,2369000000,36302047,33436838,0,0,1.5,0,False
20260630,501407,500,501,5002,TC-01,2025-11-15,AVAILABLE,,227,True,2886000000,1.0,100000000,2757000000,41199143,39357602,0,0,1.5,0,False
20260630,501408,500,501,5003,TC-01,2025-12-10,SOLD,2026-01-18,202,False,3891000000,3.0,100000000,3674000000,50096562,47302691,0,0,1.0,0,True
20260630,501409,500,501,5001,TC-01,2025-05-27,SOLD,2025-12-02,399,False,3373000000,1.0,0,3339000000,45797692,45336049,18,0,1.2,50000000,True
20260630,501410,500,501,5003,TC-01,2025-03-30,AVAILABLE,,457,True,3014000000,3.0,50000000,2874000000,37099951,35376662,18,0,1.0,0,False
20260630,501411,500,501,5003,TC-01,2025-07-08,AVAILABLE,,357,True,2791000000,4.0,250000000,2429000000,38196250,33242097,0,18,1.5,0,True
20260630,501412,500,501,5004,TC-01,2025-03-22,AVAILABLE,,465,True,4144000000,0.0,50000000,4094000000,51994981,51367629,0,0,1.2,0,False
20260630,501413,500,501,5001,TC-01,2025-03-21,AVAILABLE,,466,True,4110000000,2.0,0,4028000000,41900296,41064329,24,18,1.5,0,True
20260630,501414,500,501,5002,TC-01,2025-08-05,SOLD,2025-11-13,329,False,3396000000,0.0,100000000,3296000000,41298796,40082695,0,6,1.2,0,False
20260630,501415,500,501,5004,TC-01,2026-02-13,AVAILABLE,,137,True,2071000000,3.0,50000000,1959000000,38000000,35944954,18,6,1.5,0,False
20260630,501416,500,501,5001,TC-01,2026-03-08,AVAILABLE,,114,True,3724000000,1.0,50000000,3637000000,45298625,44240360,6,0,1.5,0,False
20260630,501417,500,501,5004,TC-01,2025-05-04,AVAILABLE,,422,True,3041000000,4.0,100000000,2819000000,44104423,40884699,18,6,1.8,0,False
20260630,501418,500,501,5002,TC-01,2025-12-10,AVAILABLE,,202,True,2852000000,5.0,0,2709000000,42906574,40755228,12,24,1.5,0,False
20260630,501419,500,501,5004,TC-01,2025-11-24,SOLD,2026-01-03,218,False,3582000000,3.0,100000000,3375000000,45096311,42490243,0,6,1.5,0,False
20260630,501420,500,501,5003,TC-01,2025-04-25,AVAILABLE,,431,True,3481000000,1.0,0,3446000000,45196053,44741626,0,0,1.8,0,False
20260630,501421,500,501,5004,TC-01,2025-10-08,AVAILABLE,,265,True,4185000000,4.0,100000000,3918000000,41300701,38665746,12,0,1.8,50000000,False
20260630,501422,500,501,5004,TC-01,2025-03-18,AVAILABLE,,469,True,2103000000,4.0,150000000,1869000000,43396616,38567891,0,6,1.0,0,False
20260630,501423,500,501,5002,TC-01,2025-09-27,AVAILABLE,,276,True,4819000000,1.0,0,4771000000,43797146,43360902,12,18,1.2,0,False
20260630,501424,500,501,5003,TC-01,2026-02-14,SOLD,2026-04-30,136,False,1759000000,2.0,50000000,1674000000,39404122,37500000,12,0,1.0,0,True
20260630,501425,500,501,5002,TC-01,2025-08-26,AVAILABLE,,308,True,2874000000,2.0,0,2817000000,41104119,40288902,36,18,1.2,0,False
20260630,501426,500,501,5003,TC-01,2025-08-27,AVAILABLE,,307,True,2963000000,2.0,250000000,2654000000,38405703,34400518,12,0,1.5,0,False
20260630,501427,500,501,5002,TC-01,2025-03-26,AVAILABLE,,461,True,5133000000,1.0,250000000,4832000000,45703855,43023773,0,12,1.0,30000000,False
20260630,501428,500,501,5003,TC-01,2025-11-13,AVAILABLE,,229,True,5177000000,2.0,100000000,4973000000,49103671,47168738,6,0,1.8,0,False
20260630,501429,500,501,5002,TC-01,2025-08-28,SOLD,2026-01-24,306,False,2525000000,1.0,0,2500000000,45307734,44859142,36,12,1.2,30000000,True
20260630,501430,500,501,5001,TC-01,2025-08-03,AVAILABLE,,331,True,2521000000,2.0,100000000,2371000000,46003650,43266423,12,0,1.8,0,False
20260630,501431,500,501,5002,TC-01,2025-04-06,AVAILABLE,,450,True,2092000000,2.0,100000000,1950000000,45095926,42034921,0,6,1.5,0,True
20260630,501432,500,501,5001,TC-01,2025-11-01,AVAILABLE,,241,True,3313000000,1.0,50000000,3230000000,40695246,39675716,12,0,1.0,0,False
20260630,501433,500,501,5004,TC-01,2026-02-18,AVAILABLE,,132,True,1466000000,0.0,100000000,1366000000,35608453,33179500,24,0,1.0,0,False
20260630,501434,500,501,5003,TC-01,2026-04-12,AVAILABLE,,79,False,3874000000,3.0,50000000,3708000000,37902358,36278251,12,0,1.8,0,True
20260630,501435,500,501,5003,TC-01,2025-10-28,AVAILABLE,,245,True,3038000000,6.0,50000000,2806000000,40000000,36945359,18,0,1.2,0,True
20260630,501436,500,501,5001,TC-01,2026-02-14,AVAILABLE,,136,True,1912000000,3.0,100000000,1755000000,47704591,43787425,18,18,1.5,50000000,False
20260630,501437,500,501,5002,TC-01,2025-05-08,AVAILABLE,,418,True,3948000000,3.0,100000000,3730000000,47895184,45250516,18,24,1.2,0,False
20260630,501438,500,501,5004,TC-01,2025-10-19,AVAILABLE,,254,True,2769000000,1.0,50000000,2691000000,40500219,39359368,18,0,2.0,0,False
20260630,501439,500,501,5001,TC-01,2025-10-03,AVAILABLE,,270,True,5057000000,2.0,100000000,4856000000,43897569,42152778,0,0,1.5,0,False
20260630,501440,500,501,5002,TC-01,2025-09-03,AVAILABLE,,300,True,1820000000,2.0,100000000,1684000000,36103948,33406070,18,18,1.2,0,True
20260630,501441,500,501,5004,TC-01,2025-07-20,AVAILABLE,,345,True,2597000000,3.0,50000000,2469000000,47494514,45153621,12,12,2.0,0,False
20260630,501442,500,501,5002,TC-01,2025-11-27,SOLD,2026-01-18,215,False,3378000000,1.0,0,3344000000,48105953,47621760,36,12,1.2,0,False
20260630,501443,500,501,5002,TC-01,2025-04-10,AVAILABLE,,446,True,2418000000,3.0,150000000,2195000000,44794368,40663209,0,24,1.0,0,True
20260630,501444,500,501,5004,TC-01,2026-04-03,AVAILABLE,,88,False,1909000000,4.0,150000000,1683000000,49112426,43298173,36,12,1.5,0,True
20260630,501445,500,501,5001,TC-01,2025-09-16,AVAILABLE,,287,True,2646000000,1.0,150000000,2470000000,39498433,36871175,24,0,1.5,0,False
20260630,501446,500,501,5002,TC-01,2025-04-24,AVAILABLE,,432,True,2991000000,1.0,50000000,2911000000,41698034,40582741,18,12,1.2,0,True
20260630,501447,500,501,5002,TC-01,2026-02-06,SOLD,2026-04-17,144,False,3017000000,6.0,50000000,2786000000,36900685,34075342,18,0,1.2,0,False
20260630,501448,500,501,5004,TC-01,2026-03-03,AVAILABLE,,119,True,4007000000,0.0,150000000,3857000000,38395937,36958605,12,12,1.0,30000000,False
20260630,501449,500,501,5003,TC-01,2026-03-24,AVAILABLE,,98,True,2430000000,0.0,250000000,2180000000,43902439,39385727,18,12,1.8,0,False
20260630,501450,500,501,5003,TC-01,2025-12-19,AVAILABLE,,193,True,3188000000,3.0,100000000,2992000000,43695175,41008772,18,12,1.8,30000000,False
20260630,501451,500,501,5004,TC-01,2025-06-21,AVAILABLE,,374,True,1750000000,1.0,100000000,1632000000,35105316,32738215,24,0,1.5,0,False
20260630,501452,500,501,5002,TC-01,2025-07-02,AVAILABLE,,363,True,3821000000,2.0,0,3745000000,52000544,50966249,0,0,1.0,0,False
20260630,501453,500,501,5002,TC-01,2025-12-28,AVAILABLE,,184,True,4406000000,3.0,100000000,4174000000,46102333,43674793,12,12,1.5,50000000,False
20260630,501454,500,501,5001,TC-01,2025-06-04,SOLD,2025-08-10,391,False,2491000000,2.0,250000000,2191000000,43503318,38264059,6,24,1.8,0,True
20260630,501455,500,501,5003,TC-01,2026-02-25,AVAILABLE,,125,True,3726000000,3.0,50000000,3564000000,50700776,48496394,18,18,1.5,50000000,True
20260630,501456,500,501,5003,TC-01,2025-10-18,SOLD,2026-01-13,255,False,4892000000,2.0,100000000,4694000000,46697213,44807178,0,6,1.2,80000000,False
20260630,501457,500,501,5001,TC-01,2026-01-28,AVAILABLE,,153,True,4463000000,0.0,150000000,4313000000,47197547,45611252,18,12,2.5,0,False
20260630,501458,500,501,5001,TC-01,2025-04-16,AVAILABLE,,440,True,4390000000,4.0,150000000,4064000000,40997385,37952932,0,12,1.0,80000000,False
20260630,501459,500,501,5002,TC-01,2025-09-16,AVAILABLE,,287,True,3118000000,1.0,100000000,2987000000,38598663,36976974,6,0,2.0,0,True
20260630,501460,500,501,5003,TC-01,2025-05-23,AVAILABLE,,403,True,2724000000,4.0,0,2615000000,39398322,37821811,18,0,1.8,0,False
20260630,501461,500,501,5003,TC-01,2025-05-11,AVAILABLE,,415,True,2417000000,1.0,100000000,2293000000,43307651,41085827,0,18,1.5,0,False
20260630,501462,500,501,5003,TC-01,2025-05-02,SOLD,2025-08-03,424,False,1725000000,3.0,0,1673000000,40294324,39079654,24,6,2.0,50000000,False
20260630,501463,500,501,5001,TC-01,2026-02-18,AVAILABLE,,132,True,2677000000,1.0,150000000,2500000000,39006265,36427218,0,0,1.0,0,False
20260630,501464,500,501,5003,TC-01,2025-09-30,AVAILABLE,,273,True,3888000000,1.0,50000000,3799000000,38002150,37132245,6,12,1.5,0,False
20260630,501465,500,501,5001,TC-01,2026-01-21,AVAILABLE,,160,True,4672000000,3.0,0,4532000000,41503065,40259394,18,6,1.5,0,False
20260630,501466,500,501,5001,TC-01,2025-05-10,AVAILABLE,,416,True,3909000000,2.0,100000000,3731000000,38203675,36464034,6,6,1.0,0,False
20260630,501467,500,501,5004,TC-01,2026-02-01,AVAILABLE,,149,True,3467000000,1.0,100000000,3332000000,42597371,40938690,18,18,1.2,0,True
20260630,501468,500,501,5004,TC-01,2025-10-07,AVAILABLE,,266,True,3407000000,5.0,0,3237000000,43093853,40943587,0,24,1.5,0,False
20260630,501469,500,501,5001,TC-01,2025-06-26,AVAILABLE,,369,True,3288000000,2.0,100000000,3122000000,49399038,46905048,0,0,1.8,0,False
20260630,501470,500,501,5003,TC-01,2025-12-25,SOLD,2026-01-22,187,False,2478000000,5.0,100000000,2254000000,37907297,34480649,18,18,1.8,30000000,False
20260630,501471,500,501,5004,TC-01,2025-09-18,SOLD,2026-02-06,285,False,2328000000,3.0,100000000,2158000000,42097649,39023508,18,12,1.2,30000000,True
20260630,501472,500,501,5002,TC-01,2025-07-10,AVAILABLE,,355,True,4155000000,4.0,0,3989000000,41700120,40034123,0,18,1.0,0,False
20260630,501473,500,501,5004,TC-01,2026-02-23,AVAILABLE,,127,True,3366000000,3.0,100000000,3165000000,49095683,46163944,0,18,1.5,30000000,True
20260630,501474,500,501,5004,TC-01,2026-03-18,AVAILABLE,,104,True,2803000000,3.0,0,2719000000,38598182,37441476,18,0,1.5,0,False
20260630,501475,500,501,5004,TC-01,2026-02-12,AVAILABLE,,138,True,4802000000,1.0,50000000,4704000000,44302980,43398838,24,6,1.5,80000000,False
20260630,501476,500,501,5004,TC-01,2025-05-15,AVAILABLE,,411,True,2325000000,1.0,150000000,2152000000,45303975,41932970,12,18,1.5,0,False
20260630,501477,500,501,5004,TC-01,2025-04-24,AVAILABLE,,432,True,3332000000,0.0,0,3332000000,38897969,38897969,6,12,1.0,80000000,False
20260630,501478,500,501,5003,TC-01,2025-08-21,SOLD,2026-02-11,313,False,5416000000,5.0,100000000,5045000000,52001920,48439750,0,24,1.5,0,True
20260630,501479,500,501,5001,TC-01,2026-03-18,AVAILABLE,,104,True,3034000000,1.0,0,3004000000,38797954,38414322,0,0,1.8,0,False
20260630,501480,500,501,5004,TC-01,2026-03-24,AVAILABLE,,98,True,3289000000,3.0,50000000,3140000000,41496341,39616452,0,6,1.8,0,False
20260630,501481,500,501,5002,TC-01,2026-03-29,AVAILABLE,,93,True,2217000000,5.0,250000000,1856000000,41790763,34985862,0,6,1.8,0,True
20260630,501482,500,501,5001,TC-01,2026-02-14,AVAILABLE,,136,True,2186000000,3.0,150000000,1970000000,41307634,37226002,0,6,1.2,0,True
20260630,501483,500,501,5004,TC-01,2025-05-18,AVAILABLE,,408,True,2676000000,3.0,100000000,2496000000,36299512,33857840,18,0,1.2,80000000,False
20260630,501484,500,501,5003,TC-01,2026-03-21,SOLD,2026-04-08,101,False,3312000000,4.0,250000000,2930000000,44702389,39546498,0,0,2.0,0,True
20260630,501485,500,501,5004,TC-01,2025-11-27,AVAILABLE,,215,True,2524000000,2.0,0,2474000000,48398849,47440077,0,12,1.0,0,True
20260630,501486,500,501,5002,TC-01,2026-01-17,AVAILABLE,,164,True,3444000000,3.0,0,3341000000,47294699,45880253,18,18,1.5,0,False
20260630,501487,500,501,5001,TC-01,2026-03-12,SOLD,2026-04-01,110,False,4588000000,4.0,150000000,4254000000,43299358,40147225,12,12,1.5,0,False
20260630,501488,500,501,5002,TC-01,2025-03-22,AVAILABLE,,465,True,1931000000,1.0,150000000,1762000000,36907492,33677370,6,24,2.0,0,False
20260630,501489,500,501,5004,TC-01,2025-04-01,AVAILABLE,,455,True,3150000000,3.0,0,3056000000,44504097,43176038,18,18,1.0,0,False
20260630,501490,500,501,5004,TC-01,2026-03-14,AVAILABLE,,108,True,2906000000,2.0,0,2848000000,35903138,35186558,18,18,1.0,0,False
20260630,501491,500,501,5003,TC-01,2025-07-20,AVAILABLE,,345,True,2348000000,3.0,50000000,2228000000,46495050,44118812,6,0,1.5,0,False
20260630,501492,500,501,5002,TC-01,2025-06-14,AVAILABLE,,381,True,3070000000,3.0,250000000,2728000000,38796916,34474915,12,6,1.8,0,True
20260630,501493,500,501,5004,TC-01,2025-05-10,SOLD,2025-11-03,416,False,3038000000,1.0,250000000,2758000000,43393801,39394372,12,12,1.8,50000000,False
20260630,501494,500,501,5002,TC-01,2025-04-18,SOLD,2025-11-21,438,False,3698000000,2.0,0,3624000000,49398878,48410366,0,12,1.0,30000000,False
20260630,501495,500,501,5001,TC-01,2025-12-23,AVAILABLE,,189,True,3229000000,3.0,0,3132000000,42005984,40744113,0,0,2.0,30000000,False
20260630,501496,500,501,5004,TC-01,2025-03-21,AVAILABLE,,466,True,2499000000,6.0,100000000,2249000000,41691692,37520854,0,24,1.0,50000000,False
20260630,501497,500,501,5001,TC-01,2025-11-06,AVAILABLE,,236,True,2181000000,5.0,100000000,1972000000,43402985,39243781,0,0,2.0,0,False
20260630,501498,500,501,5003,TC-01,2025-10-12,AVAILABLE,,261,True,2405000000,3.0,100000000,2233000000,43000179,39924906,0,6,2.0,0,True
20260630,501499,500,501,5002,TC-01,2025-04-18,AVAILABLE,,438,True,2588000000,0.0,50000000,2538000000,49493211,48537005,12,0,1.5,0,True
20260630,501500,500,501,5001,TC-01,2025-04-10,AVAILABLE,,446,True,3565000000,2.0,150000000,3344000000,34000954,31893181,24,0,1.2,80000000,True
20260630,501501,500,502,5002,TC-01,2026-03-18,AVAILABLE,,104,True,3825000000,1.0,100000000,3687000000,41603219,40102241,24,0,1.5,0,True
20260630,501502,500,502,5004,TC-01,2025-05-07,AVAILABLE,,419,True,2920000000,2.0,250000000,2612000000,43201657,38644770,0,12,1.5,0,False
20260630,501503,500,502,5001,TC-01,2025-08-14,AVAILABLE,,320,True,1988000000,3.0,250000000,1678000000,40008050,33769370,0,12,1.2,0,False
20260630,501504,500,502,5002,TC-01,2025-09-26,AVAILABLE,,277,True,2185000000,0.0,0,2185000000,40902284,40902284,36,0,1.8,0,False
20260630,501505,500,502,5004,TC-01,2025-11-08,AVAILABLE,,234,True,4672000000,2.0,0,4579000000,48504983,47539452,0,12,1.2,0,False
20260630,501506,500,502,5002,TC-01,2025-06-13,AVAILABLE,,382,True,5688000000,2.0,0,5574000000,48598770,47624744,0,6,1.0,0,True
20260630,501507,500,502,5002,TC-01,2026-02-17,AVAILABLE,,133,True,2613000000,0.0,150000000,2463000000,39099207,36854706,12,0,1.8,0,True
20260630,501508,500,502,5003,TC-01,2025-05-03,AVAILABLE,,423,True,2763000000,2.0,250000000,2458000000,35404921,31496668,0,12,1.5,0,False
20260630,501509,500,502,5001,TC-01,2025-05-15,AVAILABLE,,411,True,1936000000,2.0,100000000,1797000000,37606838,34906760,18,0,1.2,0,False
20260630,501510,500,502,5003,TC-01,2026-03-18,AVAILABLE,,104,True,3122000000,2.0,150000000,2910000000,39005497,36356822,24,24,1.0,0,False
20260630,501511,500,502,5001,TC-01,2025-10-12,AVAILABLE,,261,True,3219000000,4.0,250000000,2840000000,41794339,36873539,18,6,1.0,80000000,False
20260630,501512,500,502,5001,TC-01,2026-01-20,AVAILABLE,,161,True,4030000000,0.0,0,4030000000,40099502,40099502,12,6,1.8,0,False
20260630,501513,500,502,5004,TC-01,2025-07-30,AVAILABLE,,335,True,3063000000,2.0,50000000,2952000000,37698462,36332308,18,6,1.8,0,True
20260630,501514,500,502,5001,TC-01,2025-07-04,AVAILABLE,,361,True,2497000000,5.0,250000000,2122000000,37097014,31525776,24,6,1.5,30000000,False
20260630,501515,500,502,5003,TC-01,2026-02-08,SOLD,2026-04-26,142,False,1819000000,1.0,100000000,1701000000,33598079,31418545,12,0,2.0,0,False
20260630,501516,500,502,5004,TC-01,2025-05-16,AVAILABLE,,410,True,4352000000,3.0,50000000,4171000000,40303760,38627524,0,18,1.0,50000000,True
20260630,501517,500,502,5003,TC-01,2025-09-08,SOLD,2026-01-21,295,False,2524000000,1.0,100000000,2399000000,39296279,37350148,18,18,1.2,0,False
20260630,501518,500,502,5001,TC-01,2025-05-01,AVAILABLE,,425,True,1699000000,1.0,250000000,1432000000,34701797,29248366,0,6,1.0,0,False
20260630,501519,500,502,5002,TC-01,2025-12-16,AVAILABLE,,196,True,2224000000,4.0,150000000,1985000000,36894492,32929662,0,12,1.5,0,False
20260630,501520,500,502,5003,TC-01,2025-04-27,SOLD,2025-09-07,429,False,3714000000,1.0,0,3677000000,39603327,39208787,18,18,1.2,80000000,False
20260630,501521,500,502,5003,TC-01,2025-05-08,SOLD,2025-07-13,418,False,1647000000,4.0,100000000,1481000000,31999223,28774043,18,0,1.0,30000000,False
20260630,501522,500,502,5004,TC-01,2025-11-11,AVAILABLE,,231,True,2312000000,5.0,150000000,2046000000,40504555,35844429,0,0,1.8,0,False
20260630,501523,500,502,5003,TC-01,2025-08-04,AVAILABLE,,330,True,2562000000,2.0,100000000,2411000000,32000999,30114914,18,18,1.2,0,False
20260630,501524,500,502,5003,TC-01,2025-07-16,AVAILABLE,,349,True,3553000000,4.0,150000000,3261000000,41400606,37998136,36,12,1.0,50000000,False
20260630,501525,500,502,5003,TC-01,2025-07-31,AVAILABLE,,334,True,1831000000,0.0,0,1831000000,40697933,40697933,18,12,1.2,50000000,False
20260630,501526,500,502,5003,TC-01,2025-05-24,AVAILABLE,,402,True,3965000000,4.0,50000000,3756000000,40200750,38081720,12,24,1.2,0,False
20260630,501527,500,502,5003,TC-01,2025-05-09,AVAILABLE,,417,True,1932000000,0.0,100000000,1832000000,39404446,37364879,36,12,1.5,0,False
20260630,501528,500,502,5004,TC-01,2025-09-24,AVAILABLE,,279,True,4647000000,2.0,50000000,4504000000,44898551,43516908,18,6,1.0,50000000,False
20260630,501529,500,502,5003,TC-01,2025-04-21,AVAILABLE,,435,True,3376000000,1.0,0,3342000000,43505155,43067010,6,0,2.0,0,False
20260630,501530,500,502,5003,TC-01,2025-10-04,AVAILABLE,,269,True,3268000000,0.0,50000000,3218000000,43005659,42347677,24,12,1.2,80000000,False
20260630,501531,500,502,5001,TC-01,2025-08-03,AVAILABLE,,331,True,2284000000,1.0,50000000,2211000000,42101382,40755760,12,0,1.2,0,False
20260630,501532,500,502,5004,TC-01,2025-06-16,AVAILABLE,,379,True,3193000000,1.0,150000000,3011000000,41804137,39421314,18,12,1.5,0,False
20260630,501533,500,502,5003,TC-01,2025-11-17,AVAILABLE,,225,True,2825000000,0.0,250000000,2575000000,36306387,33093433,18,0,2.5,0,False
20260630,501534,500,502,5003,TC-01,2026-03-21,AVAILABLE,,101,True,2389000000,2.0,100000000,2241000000,40893530,38360151,18,0,1.8,0,False
20260630,501535,500,502,5004,TC-01,2025-12-10,AVAILABLE,,202,True,3933000000,6.0,0,3697000000,50494287,47464373,0,12,2.0,30000000,False
20260630,501536,500,502,5003,TC-01,2025-05-16,AVAILABLE,,410,True,4032000000,0.0,100000000,3932000000,37503488,36573342,24,0,1.0,0,False
20260630,501537,500,502,5001,TC-01,2025-11-26,AVAILABLE,,216,True,3724000000,4.0,100000000,3475000000,42395264,39560565,0,18,1.5,0,False
20260630,501538,500,502,5003,TC-01,2025-06-11,AVAILABLE,,384,True,4185000000,0.0,0,4185000000,38999161,38999161,12,0,1.2,0,False
20260630,501539,500,502,5002,TC-01,2026-01-25,AVAILABLE,,156,True,3206000000,4.0,250000000,2828000000,42095588,37132353,18,12,1.0,0,False
20260630,501540,500,502,5001,TC-01,2025-04-29,AVAILABLE,,427,True,2566000000,3.0,50000000,2439000000,36704334,34887713,24,12,1.0,0,False
20260630,501541,500,502,5004,TC-01,2025-08-17,AVAILABLE,,317,True,2545000000,3.0,0,2469000000,44798451,43460658,0,12,2.0,0,False
20260630,501542,500,502,5003,TC-01,2025-05-07,AVAILABLE,,419,True,3090000000,3.0,100000000,2897000000,39600154,37126746,0,0,1.0,0,False
20260630,501543,500,502,5004,TC-01,2025-11-27,AVAILABLE,,215,True,1679000000,0.0,100000000,1579000000,34899189,32820619,12,24,1.0,0,False
20260630,501544,500,502,5001,TC-01,2025-08-09,AVAILABLE,,325,True,3124000000,2.0,0,3062000000,41503919,40680218,6,12,2.0,30000000,False
20260630,501545,500,502,5004,TC-01,2025-08-20,AVAILABLE,,314,True,2265000000,3.0,100000000,2097000000,39105663,36205110,12,12,1.8,0,False
20260630,501546,500,502,5001,TC-01,2025-08-30,AVAILABLE,,304,True,2085000000,1.0,0,2064000000,41197392,40782454,0,0,1.5,0,False
20260630,501547,500,502,5004,TC-01,2025-09-26,AVAILABLE,,277,True,3142000000,3.0,100000000,2948000000,44297194,41562103,12,0,2.5,0,False
20260630,501548,500,502,5001,TC-01,2025-09-10,AVAILABLE,,293,True,2413000000,1.0,150000000,2239000000,41496131,38503869,0,0,2.5,30000000,False
20260630,501549,500,502,5001,TC-01,2025-05-06,AVAILABLE,,420,True,3058000000,6.0,0,2875000000,39205128,36858974,0,6,1.0,0,False
20260630,501550,500,502,5004,TC-01,2025-06-08,AVAILABLE,,387,True,3304000000,2.0,0,3238000000,46196868,45274049,6,0,1.0,0,False
20260630,501551,500,502,5003,TC-01,2025-12-01,AVAILABLE,,211,True,2810000000,3.0,100000000,2626000000,42907314,40097725,18,0,1.5,0,False
20260630,501552,500,502,5002,TC-01,2026-02-19,AVAILABLE,,131,True,1968000000,1.0,50000000,1898000000,41810070,40322923,18,6,1.0,30000000,False
20260630,501553,500,502,5004,TC-01,2025-05-07,AVAILABLE,,419,True,2877000000,2.0,100000000,2719000000,38498595,36384317,0,0,1.2,80000000,False
20260630,501554,500,502,5002,TC-01,2026-03-27,SOLD,2026-05-09,95,False,3506000000,4.0,150000000,3216000000,48001095,44030668,24,18,1.5,30000000,False
20260630,501555,500,502,5004,TC-01,2025-05-23,SOLD,2025-08-24,403,False,2182000000,0.0,0,2182000000,38598974,38598974,24,0,1.0,0,False
20260630,501556,500,502,5004,TC-01,2025-11-23,SOLD,2026-03-14,219,False,2944000000,3.0,0,2856000000,42304929,41040379,18,0,1.8,0,False
20260630,501557,500,502,5003,TC-01,2025-05-17,SOLD,2025-07-05,409,False,3102000000,2.0,50000000,2990000000,43598032,42023893,18,6,1.2,0,True
20260630,501558,500,502,5004,TC-01,2025-05-03,AVAILABLE,,423,True,2814000000,1.0,250000000,2536000000,37495003,33790806,0,0,1.5,0,False
20260630,501559,500,502,5001,TC-01,2025-04-23,AVAILABLE,,433,True,4203000000,3.0,50000000,4027000000,38996103,37363147,6,6,1.5,0,False
20260630,501560,500,502,5002,TC-01,2025-12-30,AVAILABLE,,182,True,2477000000,4.0,100000000,2278000000,44905729,41298042,18,6,1.2,30000000,True
20260630,501561,500,502,5001,TC-01,2026-03-12,AVAILABLE,,110,True,3537000000,6.0,100000000,3225000000,34898865,31820424,0,6,2.0,0,True
20260630,501562,500,502,5004,TC-01,2025-07-24,AVAILABLE,,341,True,3567000000,1.0,0,3531000000,45106222,44650986,0,12,1.2,0,False
20260630,501563,500,502,5002,TC-01,2026-04-13,AVAILABLE,,78,False,2079000000,3.0,100000000,1917000000,37304863,34397990,24,24,1.0,0,False
20260630,501564,500,502,5001,TC-01,2025-12-15,AVAILABLE,,197,True,2912000000,2.0,0,2854000000,40704501,39893766,0,12,1.0,0,False
20260630,501565,500,502,5004,TC-01,2025-08-06,AVAILABLE,,328,True,2311000000,2.0,0,2265000000,32200084,31559147,0,18,1.2,30000000,False
20260630,501566,500,502,5004,TC-01,2025-06-22,AVAILABLE,,373,True,5002000000,0.0,150000000,4852000000,43503218,42198643,0,0,2.5,0,True
20260630,501567,500,502,5004,TC-01,2026-04-05,AVAILABLE,,86,False,2320000000,1.0,250000000,2047000000,36403578,32119881,0,0,2.5,0,False
20260630,501568,500,502,5001,TC-01,2026-01-04,AVAILABLE,,177,True,4051000000,3.0,150000000,3779000000,37796231,35258444,18,24,1.2,0,False
20260630,501569,500,502,5001,TC-01,2025-11-05,AVAILABLE,,237,True,4011000000,3.0,50000000,3841000000,40303457,38595257,12,0,1.5,0,False
20260630,501570,500,502,5002,TC-01,2025-04-30,AVAILABLE,,426,True,2827000000,1.0,150000000,2649000000,36201818,33922397,0,6,1.5,50000000,True
20260630,501571,500,502,5003,TC-01,2025-12-20,AVAILABLE,,192,True,1639000000,0.0,250000000,1389000000,42604627,36106057,18,24,1.0,0,False
20260630,501572,500,502,5004,TC-01,2025-05-27,AVAILABLE,,399,True,2583000000,1.0,100000000,2457000000,37796313,35952590,0,0,2.5,50000000,False
20260630,501573,500,502,5003,TC-01,2025-06-28,AVAILABLE,,367,True,3272000000,2.0,0,3207000000,42399896,41557600,24,0,1.0,0,True
20260630,501574,500,502,5004,TC-01,2025-12-16,AVAILABLE,,196,True,3980000000,1.0,150000000,3790000000,44002211,41901603,18,0,1.2,80000000,False
20260630,501575,500,502,5003,TC-01,2025-10-24,AVAILABLE,,249,True,2662000000,4.0,150000000,2406000000,44094749,39854232,0,0,1.2,80000000,True
20260630,501576,500,502,5001,TC-01,2025-05-06,AVAILABLE,,420,True,2702000000,5.0,100000000,2467000000,36897446,33688379,0,6,1.0,0,False
20260630,501577,500,502,5001,TC-01,2025-05-10,SOLD,2025-09-09,416,False,3412000000,3.0,100000000,3210000000,44800420,42148109,0,12,1.0,0,False
20260630,501578,500,502,5001,TC-01,2025-09-14,SOLD,2025-10-11,289,False,3812000000,4.0,150000000,3510000000,38396454,35354553,0,6,1.5,0,False
20260630,501579,500,502,5004,TC-01,2026-01-26,AVAILABLE,,155,True,3086000000,3.0,50000000,2943000000,43004459,41011706,0,12,1.2,80000000,True
20260630,501580,500,502,5001,TC-01,2025-12-10,AVAILABLE,,202,True,3304000000,2.0,0,3238000000,33703968,33030705,36,0,1.0,0,False
20260630,501581,500,502,5001,TC-01,2026-02-15,SOLD,2026-05-08,135,False,2281000000,3.0,100000000,2113000000,41502911,38446143,0,0,1.5,0,False
20260630,501582,500,502,5002,TC-01,2025-10-15,AVAILABLE,,258,True,3482000000,2.0,0,3412000000,48604132,47627024,18,0,1.8,0,True
20260630,501583,500,502,5003,TC-01,2026-03-02,SOLD,2026-04-04,120,False,2769000000,5.0,150000000,2481000000,40107184,35935689,12,18,1.2,50000000,True
20260630,501584,500,502,5001,TC-01,2025-09-04,AVAILABLE,,299,True,2573000000,0.0,150000000,2423000000,37994684,35779681,6,0,1.0,0,True
20260630,501585,500,502,5001,TC-01,2025-05-05,AVAILABLE,,421,True,2892000000,2.0,150000000,2684000000,40905233,37963225,6,0,1.5,0,True
20260630,501586,500,502,5002,TC-01,2025-09-07,AVAILABLE,,296,True,3802000000,5.0,150000000,3462000000,36302874,33056431,12,0,1.2,0,False
20260630,501587,500,502,5001,TC-01,2026-03-22,AVAILABLE,,100,True,2096000000,1.0,100000000,1975000000,38600368,36372007,36,0,1.8,0,False
20260630,501588,500,502,5003,TC-01,2025-09-21,AVAILABLE,,282,True,2585000000,3.0,150000000,2357000000,34899419,31821250,0,0,1.5,80000000,False
20260630,501589,500,502,5004,TC-01,2025-09-12,AVAILABLE,,291,True,3319000000,3.0,0,3219000000,46303013,44907924,24,12,1.0,0,True
20260630,501590,500,502,5004,TC-01,2025-10-24,AVAILABLE,,249,True,3168000000,6.0,50000000,2928000000,44000000,40666667,6,6,1.2,0,False
20260630,501591,500,502,5003,TC-01,2026-03-17,AVAILABLE,,105,True,1974000000,3.0,100000000,1815000000,35702659,32826913,0,24,1.8,0,False
20260630,501592,500,502,5002,TC-01,2025-12-20,AVAILABLE,,192,True,3136000000,3.0,100000000,2942000000,41295760,38741111,0,0,1.0,80000000,False
20260630,501593,500,502,5002,TC-01,2025-12-05,SOLD,2026-01-01,207,False,1370000000,1.0,150000000,1206000000,31994395,28164409,12,12,1.2,0,True
20260630,501594,500,502,5002,TC-01,2025-05-30,AVAILABLE,,396,True,1559000000,2.0,50000000,1478000000,36399720,34508522,6,0,1.2,0,False
20260630,501595,500,502,5002,TC-01,2025-11-14,AVAILABLE,,228,True,2118000000,1.0,100000000,1997000000,38798315,36581792,18,0,1.0,0,False
20260630,501596,500,502,5004,TC-01,2026-02-08,AVAILABLE,,142,True,2013000000,4.0,50000000,1882000000,45594564,42627407,0,12,2.0,0,False
20260630,501597,500,502,5004,TC-01,2025-11-13,AVAILABLE,,229,True,2808000000,2.0,50000000,2702000000,40998686,39451015,36,0,1.2,30000000,False
20260630,501598,500,502,5001,TC-01,2026-03-15,SOLD,2026-04-12,107,False,3369000000,0.0,100000000,3269000000,41301949,40076008,0,12,1.5,0,True
20260630,501599,500,502,5004,TC-01,2026-03-14,AVAILABLE,,108,True,2354000000,2.0,100000000,2207000000,41502116,38910437,0,0,1.8,30000000,False
20260630,501600,500,502,5003,TC-01,2025-06-17,AVAILABLE,,378,True,3360000000,4.0,250000000,2976000000,42195153,37372849,18,6,1.0,0,False
20260630,501601,500,502,5003,TC-01,2025-08-11,AVAILABLE,,323,True,2192000000,0.0,150000000,2042000000,38892832,36231370,12,12,1.5,50000000,False
20260630,501602,500,502,5001,TC-01,2025-09-18,AVAILABLE,,285,True,2339000000,3.0,100000000,2169000000,41303196,38301254,18,12,1.5,30000000,False
20260630,501603,500,502,5003,TC-01,2026-01-10,AVAILABLE,,171,True,2995000000,0.0,100000000,2895000000,39896097,38564007,0,0,2.5,30000000,False
20260630,501604,500,502,5003,TC-01,2025-12-24,AVAILABLE,,188,True,3247000000,3.0,0,3150000000,33302564,32307692,36,0,1.0,30000000,False
20260630,501605,500,502,5004,TC-01,2025-08-24,AVAILABLE,,310,True,1913000000,5.0,0,1817000000,36598431,34761814,0,18,2.0,0,False
20260630,501606,500,502,5004,TC-01,2025-10-18,AVAILABLE,,255,True,4710000000,3.0,150000000,4419000000,44204599,41473487,18,0,1.5,30000000,False
20260630,501607,500,502,5001,TC-01,2025-07-13,AVAILABLE,,352,True,3365000000,3.0,0,3264000000,46394595,45002068,6,24,1.5,0,True
20260630,501608,500,502,5003,TC-01,2026-01-24,SOLD,2026-03-19,157,False,4444000000,2.0,100000000,4255000000,45098437,43180434,0,6,1.5,0,False
20260630,501609,500,502,5002,TC-01,2025-11-24,AVAILABLE,,218,True,3600000000,2.0,150000000,3378000000,42699561,40066422,0,24,2.5,0,False
20260630,501610,500,502,5001,TC-01,2025-08-11,AVAILABLE,,323,True,3331000000,6.0,100000000,3031000000,31998079,29116234,0,0,1.5,0,False
20260630,501611,500,502,5003,TC-01,2026-01-18,SOLD,2026-03-17,163,False,2541000000,1.0,150000000,2366000000,42994924,40033841,0,6,1.5,0,False
20260630,501612,500,502,5002,TC-01,2025-05-24,AVAILABLE,,402,True,3426000000,2.0,50000000,3307000000,40800286,39383113,12,18,1.5,0,False
20260630,501613,500,502,5004,TC-01,2025-07-15,AVAILABLE,,350,True,2696000000,1.0,0,2669000000,33300395,32966897,12,18,2.0,0,False
20260630,501614,500,502,5002,TC-01,2025-10-28,AVAILABLE,,245,True,3591000000,4.0,100000000,3347000000,33296245,31033843,0,12,1.8,0,False
20260630,501615,500,502,5004,TC-01,2025-07-02,AVAILABLE,,363,True,3063000000,1.0,150000000,2882000000,38801621,36508741,18,18,1.5,50000000,False
20260630,501616,500,502,5001,TC-01,2026-02-13,AVAILABLE,,137,True,3807000000,3.0,150000000,3543000000,37098032,34525434,12,0,1.8,30000000,False
20260630,501617,500,502,5002,TC-01,2026-01-13,SOLD,2026-02-08,168,False,2546000000,6.0,0,2393000000,38793235,36461984,36,0,1.5,80000000,False
20260630,501618,500,502,5003,TC-01,2025-12-10,AVAILABLE,,202,True,1464000000,2.0,0,1435000000,31993007,31359266,18,6,1.2,0,False
20260630,501619,500,502,5003,TC-01,2025-08-09,AVAILABLE,,325,True,3171000000,3.0,100000000,2976000000,39396198,36973537,12,12,1.2,80000000,False
20260630,501620,500,502,5004,TC-01,2025-08-13,AVAILABLE,,321,True,1736000000,4.0,0,1667000000,32005900,30733776,12,0,1.0,0,True
20260630,501621,500,502,5004,TC-01,2025-11-25,AVAILABLE,,217,True,1859000000,4.0,50000000,1735000000,44601727,41626679,6,18,1.8,0,False
20260630,501622,500,502,5003,TC-01,2026-01-12,SOLD,2026-04-25,169,False,4142000000,0.0,0,4142000000,41503006,41503006,12,18,1.2,0,False
20260630,501623,500,502,5001,TC-01,2025-06-26,AVAILABLE,,369,True,4587000000,6.0,50000000,4262000000,41500045,38559667,0,0,1.5,0,False
20260630,501624,500,502,5004,TC-01,2025-09-01,AVAILABLE,,302,True,1804000000,6.0,150000000,1546000000,41196620,35304864,18,18,1.2,0,False
20260630,501625,500,502,5001,TC-01,2025-04-13,AVAILABLE,,443,True,1724000000,3.0,0,1672000000,39092971,37913832,12,0,1.5,0,True
20260630,501626,500,502,5003,TC-01,2026-02-22,SOLD,2026-04-06,128,False,2286000000,5.0,100000000,2072000000,41998898,38067242,0,0,1.0,0,True
20260630,501627,500,502,5003,TC-01,2026-01-02,AVAILABLE,,179,True,2222000000,1.0,50000000,2150000000,38697318,37443400,18,0,1.0,0,False
20260630,501628,500,502,5001,TC-01,2025-07-28,AVAILABLE,,337,True,3271000000,2.0,50000000,3156000000,42293768,40806827,0,0,1.0,0,False
20260630,501629,500,502,5004,TC-01,2025-07-03,AVAILABLE,,362,True,3006000000,3.0,0,2916000000,41994971,40737636,0,0,2.5,0,False
20260630,501630,500,502,5002,TC-01,2025-03-23,AVAILABLE,,464,True,2527000000,4.0,250000000,2176000000,34404357,29625596,0,12,1.2,80000000,True
20260630,501631,500,502,5001,TC-01,2025-04-16,SOLD,2025-10-28,440,False,3145000000,1.0,100000000,3014000000,38904008,37283523,18,6,1.8,30000000,False
20260630,501632,500,502,5004,TC-01,2026-02-09,AVAILABLE,,141,True,3363000000,5.0,50000000,3145000000,42000749,39278132,24,0,2.5,0,False
20260630,501633,500,502,5003,TC-01,2025-03-29,AVAILABLE,,458,True,3589000000,5.0,0,3410000000,41496127,39426523,6,6,1.2,0,False
20260630,501634,500,502,5002,TC-01,2025-07-01,AVAILABLE,,364,True,2905000000,0.0,100000000,2805000000,38894096,37555228,0,0,1.2,0,False
20260630,501635,500,502,5004,TC-01,2026-03-16,AVAILABLE,,106,True,3682000000,6.0,0,3461000000,47497420,44646543,24,0,1.2,0,False
20260630,501636,500,502,5001,TC-01,2025-09-22,AVAILABLE,,281,True,2227000000,0.0,50000000,2177000000,37203475,36368192,18,0,1.5,0,False
20260630,501637,500,502,5001,TC-01,2025-11-13,SOLD,2026-01-25,229,False,3547000000,3.0,50000000,3391000000,42397801,40533110,0,0,2.5,50000000,False
20260630,501638,500,502,5002,TC-01,2025-10-05,AVAILABLE,,268,True,4477000000,1.0,100000000,4332000000,43900765,42478917,18,0,1.5,30000000,False
20260630,501639,500,502,5001,TC-01,2025-09-09,AVAILABLE,,294,True,3741000000,4.0,50000000,3541000000,35097101,33220752,12,0,2.0,50000000,True
20260630,501640,500,502,5001,TC-01,2025-09-03,AVAILABLE,,300,True,2534000000,5.0,100000000,2307000000,41493368,37776322,24,0,1.5,50000000,False
20260630,501641,500,502,5001,TC-01,2025-03-27,AVAILABLE,,460,True,3051000000,4.0,0,2929000000,39398244,37822831,0,0,1.0,0,True
20260630,501642,500,502,5002,TC-01,2025-07-02,AVAILABLE,,363,True,3829000000,1.0,50000000,3741000000,47898424,46797598,12,24,1.2,30000000,False
20260630,501643,500,502,5004,TC-01,2025-08-06,AVAILABLE,,328,True,2960000000,6.0,100000000,2682000000,41796103,37870658,0,18,1.2,0,False
20260630,501644,500,502,5002,TC-01,2025-05-24,SOLD,2025-08-17,402,False,2956000000,2.0,50000000,2847000000,39402826,37949880,6,0,1.2,0,True
20260630,501645,500,502,5002,TC-01,2025-06-01,AVAILABLE,,394,True,3568000000,2.0,150000000,3347000000,44897446,42116522,24,12,2.0,0,False
20260630,501646,500,502,5003,TC-01,2025-04-07,SOLD,2025-05-25,449,False,2301000000,5.0,0,2186000000,43604321,41425052,6,6,1.2,0,False
20260630,501647,500,502,5002,TC-01,2026-01-12,AVAILABLE,,169,True,2027000000,6.0,0,1905000000,36601661,34398700,0,12,1.5,80000000,False
20260630,501648,500,502,5001,TC-01,2025-04-08,AVAILABLE,,448,True,2133000000,2.0,50000000,2040000000,41106186,39313933,12,6,1.0,0,False
20260630,501649,500,502,5001,TC-01,2025-08-31,AVAILABLE,,303,True,3979000000,5.0,100000000,3680000000,41400479,38289460,24,12,1.8,0,False
20260630,501650,500,502,5004,TC-01,2025-09-06,AVAILABLE,,297,True,3947000000,1.0,50000000,3858000000,37095865,36259398,18,24,1.5,0,False
20260630,501651,500,502,5004,TC-01,2025-06-08,AVAILABLE,,387,True,3240000000,4.0,50000000,3060000000,42597949,40231396,12,0,1.5,0,False
20260630,501652,500,502,5004,TC-01,2025-08-15,AVAILABLE,,319,True,3171000000,1.0,0,3139000000,46197552,45731352,12,0,2.5,0,False
20260630,501653,500,502,5004,TC-01,2025-08-01,AVAILABLE,,333,True,2602000000,4.0,150000000,2348000000,36300223,32756696,36,12,1.5,0,False
20260630,501654,500,502,5001,TC-01,2025-03-23,AVAILABLE,,464,True,2339000000,3.0,100000000,2169000000,32603847,30234179,12,12,1.2,0,False
20260630,501655,500,502,5004,TC-01,2025-09-08,AVAILABLE,,295,True,3704000000,1.0,150000000,3517000000,47299196,44911250,18,6,1.2,0,False
20260630,501656,500,502,5002,TC-01,2025-04-18,AVAILABLE,,438,True,2878000000,3.0,250000000,2542000000,37396050,33030146,0,18,1.8,0,True
20260630,501657,500,502,5003,TC-01,2025-10-03,AVAILABLE,,270,True,2230000000,6.0,150000000,1946000000,41496092,36211388,18,6,2.5,80000000,True
20260630,501658,500,502,5002,TC-01,2025-08-12,SOLD,2025-10-13,322,False,2223000000,3.0,100000000,2056000000,39096025,36158987,0,24,1.2,0,True
20260630,501659,500,502,5004,TC-01,2026-01-14,AVAILABLE,,167,True,2833000000,5.0,50000000,2641000000,41399971,38594184,6,0,2.0,0,False
20260630,501660,500,502,5004,TC-01,2025-06-23,AVAILABLE,,372,True,2890000000,1.0,0,2861000000,36297413,35933183,0,6,1.5,0,True
20260630,501661,500,502,5003,TC-01,2025-10-03,AVAILABLE,,270,True,2747000000,1.0,50000000,2670000000,40102190,38978102,0,0,1.2,0,True
20260630,501662,500,502,5003,TC-01,2025-04-04,AVAILABLE,,452,True,3031000000,1.0,100000000,2901000000,39099587,37422601,0,18,1.5,0,False
20260630,501663,500,502,5002,TC-01,2025-06-15,AVAILABLE,,380,True,3905000000,1.0,100000000,3766000000,38303090,36939676,12,0,1.5,0,False
20260630,501664,500,502,5001,TC-01,2025-08-19,AVAILABLE,,315,True,3206000000,3.0,100000000,3010000000,42101116,39527249,24,12,1.8,0,False
20260630,501665,500,502,5002,TC-01,2025-03-27,SOLD,2025-05-03,460,False,2636000000,4.0,150000000,2381000000,35698808,32245395,36,6,1.0,0,False
20260630,501666,500,502,5003,TC-01,2025-05-23,SOLD,2025-07-07,403,False,4593000000,2.0,0,4501000000,40899377,40080142,6,0,1.8,0,False
20260630,501667,500,502,5004,TC-01,2025-03-30,SOLD,2025-06-08,457,False,4496000000,3.0,250000000,4111000000,44901628,41056626,12,18,1.5,0,False
20260630,501668,500,502,5003,TC-01,2025-08-13,AVAILABLE,,321,True,2046000000,3.0,0,1985000000,35196972,34147600,6,18,1.5,0,False
20260630,501669,500,502,5001,TC-01,2026-02-27,AVAILABLE,,123,True,2296000000,3.0,150000000,2077000000,40594059,36722065,12,24,1.0,0,False
20260630,501670,500,502,5001,TC-01,2025-07-24,SOLD,2026-01-24,341,False,4055000000,3.0,0,3933000000,39801728,38604240,6,12,1.2,0,False
20260630,501671,500,502,5003,TC-01,2026-03-31,AVAILABLE,,91,True,2901000000,4.0,0,2785000000,39805159,38213502,24,0,2.0,50000000,False
20260630,501672,500,502,5004,TC-01,2025-05-29,AVAILABLE,,397,True,2459000000,2.0,0,2410000000,36494509,35767290,0,0,2.0,0,False
20260630,501673,500,502,5003,TC-01,2026-01-24,AVAILABLE,,157,True,1686000000,4.0,250000000,1369000000,39698611,32234518,18,12,1.5,0,True
20260630,501674,500,502,5003,TC-01,2025-07-22,AVAILABLE,,343,True,2409000000,1.0,50000000,2335000000,40297758,39059886,18,18,1.5,0,False
20260630,501675,500,502,5001,TC-01,2025-04-16,AVAILABLE,,440,True,3986000000,4.0,100000000,3727000000,43401568,40581446,18,0,1.0,0,False
20260630,501676,500,502,5004,TC-01,2025-05-23,AVAILABLE,,403,True,3086000000,2.0,0,3024000000,37198650,36451302,12,12,1.8,0,False
20260630,501677,500,502,5003,TC-01,2026-02-15,AVAILABLE,,135,True,3133000000,0.0,100000000,3033000000,40295820,39009646,0,12,1.2,0,False
20260630,501678,500,502,5002,TC-01,2025-08-21,AVAILABLE,,313,True,3078000000,4.0,0,2955000000,36995192,35516827,18,6,1.0,0,True
20260630,501679,500,502,5003,TC-01,2025-05-14,AVAILABLE,,412,True,2806000000,2.0,0,2750000000,35595585,34885196,12,18,1.8,0,False
20260630,501680,500,502,5002,TC-01,2025-10-05,AVAILABLE,,268,True,2882000000,0.0,150000000,2732000000,37702773,35740450,24,0,1.5,0,False
20260630,501681,500,502,5001,TC-01,2025-10-11,AVAILABLE,,262,True,1673000000,2.0,100000000,1540000000,33306789,30658969,24,24,1.8,0,False
20260630,501682,500,502,5004,TC-01,2026-02-06,SOLD,2026-04-08,144,False,4221000000,5.0,250000000,3760000000,39101436,34830940,0,12,1.2,80000000,False
20260630,501683,500,502,5002,TC-01,2025-05-25,AVAILABLE,,401,True,4243000000,6.0,0,3988000000,41504451,39010075,0,12,1.5,0,True
20260630,501684,500,502,5001,TC-01,2025-04-24,SOLD,2025-12-04,432,False,2686000000,1.0,0,2659000000,33604404,33266608,0,6,1.8,0,False
20260630,501685,500,502,5002,TC-01,2026-03-27,AVAILABLE,,95,True,3076000000,4.0,0,2953000000,38201689,36674118,18,12,1.0,0,True
20260630,501686,500,502,5001,TC-01,2025-11-01,AVAILABLE,,241,True,2027000000,2.0,0,1986000000,31996843,31349645,12,6,1.8,50000000,False
20260630,501687,500,502,5003,TC-01,2025-03-30,AVAILABLE,,457,True,2847000000,1.0,100000000,2719000000,42895887,40967305,12,0,2.0,0,False
20260630,501688,500,502,5003,TC-01,2025-04-18,SOLD,2025-12-13,438,False,2874000000,3.0,250000000,2538000000,39894503,35230428,12,0,1.5,0,False
20260630,501689,500,502,5004,TC-01,2026-01-01,SOLD,2026-01-21,180,False,2854000000,3.0,100000000,2668000000,38999727,36458049,0,0,1.0,0,False
20260630,501690,500,502,5001,TC-01,2025-04-28,AVAILABLE,,428,True,3163000000,1.0,250000000,2881000000,38502739,35069994,18,6,1.0,0,True
20260630,501691,500,502,5003,TC-01,2025-08-09,AVAILABLE,,325,True,3815000000,3.0,50000000,3651000000,37295923,35692639,18,6,1.5,0,False
20260630,501692,500,502,5002,TC-01,2025-12-20,SOLD,2026-02-22,192,False,3291000000,1.0,0,3258000000,44204164,43760913,18,0,1.8,0,True
20260630,501693,500,502,5004,TC-01,2025-11-22,AVAILABLE,,220,True,3214000000,4.0,50000000,3035000000,41194565,38900282,6,12,1.5,0,True
20260630,501694,500,502,5003,TC-01,2026-03-27,SOLD,2026-05-05,95,False,2235000000,2.0,100000000,2090000000,35296905,33006949,0,0,1.0,0,True
20260630,501695,500,502,5003,TC-01,2025-05-23,SOLD,2025-11-19,403,False,3433000000,2.0,100000000,3264000000,43095657,40974140,12,12,1.5,0,True
20260630,501696,500,502,5003,TC-01,2025-04-27,AVAILABLE,,429,True,2301000000,3.0,250000000,1982000000,46796827,40309132,6,0,1.0,0,False
20260630,501697,500,502,5002,TC-01,2026-02-23,AVAILABLE,,127,True,4090000000,1.0,50000000,3999000000,41002506,40090226,0,0,1.5,0,False
20260630,501698,500,502,5002,TC-01,2025-09-12,SOLD,2025-12-09,291,False,2103000000,3.0,100000000,1940000000,39396778,36343200,12,0,1.2,80000000,True
20260630,501699,500,502,5003,TC-01,2025-07-22,AVAILABLE,,343,True,4754000000,2.0,250000000,4409000000,46703998,43314667,6,6,1.2,0,False
20260630,501700,500,502,5003,TC-01,2026-03-04,AVAILABLE,,118,True,3142000000,5.0,0,2985000000,37905658,36011582,24,6,2.0,30000000,False
20260630,501701,500,502,5004,TC-01,2025-07-23,AVAILABLE,,342,True,3555000000,3.0,150000000,3298000000,38894967,36083151,12,0,1.8,0,True
20260630,501702,500,502,5003,TC-01,2025-06-26,AVAILABLE,,369,True,3101000000,3.0,100000000,2908000000,45303141,42483565,0,18,1.0,0,False
20260630,501703,500,502,5003,TC-01,2025-05-23,AVAILABLE,,403,True,3919000000,3.0,250000000,3551000000,38096627,34519296,18,0,1.5,80000000,False
20260630,501704,500,502,5001,TC-01,2025-05-08,AVAILABLE,,418,True,4150000000,3.0,250000000,3776000000,47504579,43223443,12,18,1.5,0,False
20260630,501705,500,502,5001,TC-01,2026-03-28,SOLD,2026-05-09,94,False,3101000000,2.0,250000000,2789000000,38497827,34624457,12,24,1.0,0,False
20260630,501706,500,502,5003,TC-01,2025-06-17,AVAILABLE,,378,True,2755000000,2.0,0,2700000000,47606705,46656299,12,0,1.2,0,False
20260630,501707,500,502,5001,TC-01,2026-02-01,AVAILABLE,,149,True,3534000000,3.0,100000000,3328000000,42701788,40212663,12,24,1.5,80000000,False
20260630,501708,500,502,5003,TC-01,2026-03-06,AVAILABLE,,116,True,2188000000,5.0,100000000,1979000000,32007022,28949678,12,6,2.0,0,False
20260630,501709,500,502,5004,TC-01,2025-11-21,AVAILABLE,,221,True,3349000000,0.0,150000000,3199000000,42194784,40304901,12,18,2.0,0,False
20260630,501710,500,502,5001,TC-01,2025-12-18,AVAILABLE,,194,True,3321000000,3.0,50000000,3171000000,41694915,39811676,0,0,1.5,0,True
20260630,501711,500,502,5002,TC-01,2026-02-06,AVAILABLE,,144,True,5046000000,1.0,100000000,4896000000,45202902,43859178,6,18,2.0,0,False
20260630,501712,500,502,5003,TC-01,2026-03-14,AVAILABLE,,108,True,2483000000,2.0,150000000,2283000000,45194758,41554423,18,12,1.2,0,False
20260630,501713,500,502,5003,TC-01,2025-05-15,AVAILABLE,,411,True,2568000000,3.0,0,2491000000,43000670,41711319,18,6,1.8,0,False
20260630,501714,500,502,5002,TC-01,2025-07-13,AVAILABLE,,352,True,2397000000,4.0,50000000,2251000000,47194330,44319748,0,6,1.5,0,True
20260630,501715,500,502,5004,TC-01,2026-03-25,AVAILABLE,,97,True,2634000000,6.0,0,2476000000,47700109,44838827,0,6,2.5,0,False
20260630,501716,500,502,5002,TC-01,2026-01-18,SOLD,2026-04-16,163,False,2265000000,1.0,0,2242000000,40605952,40193618,0,12,1.5,0,False
20260630,501717,500,502,5003,TC-01,2025-07-16,AVAILABLE,,349,True,3270000000,5.0,50000000,3056000000,43798553,40932226,12,18,1.5,0,False
20260630,501718,500,502,5002,TC-01,2026-04-05,AVAILABLE,,86,False,2172000000,3.0,50000000,2057000000,40000000,37882136,18,0,1.0,0,False
20260630,501719,500,502,5004,TC-01,2026-02-10,SOLD,2026-04-05,140,False,3308000000,3.0,50000000,3159000000,45798145,43735290,12,0,2.0,0,False
20260630,501720,500,502,5004,TC-01,2025-10-14,AVAILABLE,,259,True,2376000000,1.0,0,2352000000,43692534,43251195,6,0,1.8,0,True
20260630,501721,500,502,5003,TC-01,2026-03-21,AVAILABLE,,101,True,3421000000,4.0,0,3284000000,32503563,31201900,12,12,1.2,0,False
20260630,501722,500,502,5002,TC-01,2025-06-08,AVAILABLE,,387,True,1635000000,2.0,0,1602000000,41687914,40846507,0,24,1.8,0,False
20260630,501723,500,502,5004,TC-01,2025-11-25,AVAILABLE,,217,True,2633000000,3.0,0,2554000000,48696135,47235066,0,0,1.2,0,False
20260630,501724,500,502,5001,TC-01,2026-03-21,SOLD,2026-04-20,101,False,3577000000,2.0,50000000,3455000000,47994096,46357172,18,6,1.0,30000000,False
20260630,501725,500,502,5001,TC-01,2025-09-23,AVAILABLE,,280,True,4639000000,2.0,100000000,4446000000,50200195,48111676,12,0,1.0,0,False
20260630,501726,500,502,5002,TC-01,2026-01-22,AVAILABLE,,159,True,2374000000,1.0,0,2350000000,45998837,45533811,12,0,1.8,0,False
20260630,501727,500,502,5003,TC-01,2025-11-17,AVAILABLE,,225,True,3448000000,1.0,100000000,3314000000,41905688,40277103,12,0,2.0,0,False
20260630,501728,500,502,5001,TC-01,2025-04-30,SOLD,2025-10-10,426,False,3005000000,3.0,50000000,2865000000,38505894,36711943,0,18,1.0,0,False
20260630,501729,500,502,5001,TC-01,2025-04-28,AVAILABLE,,428,True,2654000000,6.0,100000000,2395000000,34898093,31492439,12,24,1.5,80000000,False
20260630,501730,500,502,5003,TC-01,2025-12-20,AVAILABLE,,192,True,5084000000,0.0,0,5084000000,45896903,45896903,24,0,1.8,0,False
20260630,501731,500,502,5001,TC-01,2025-10-07,AVAILABLE,,266,True,3202000000,1.0,250000000,2920000000,45003514,41040056,0,18,1.2,0,True
20260630,501732,500,502,5002,TC-01,2025-09-07,AVAILABLE,,296,True,3242000000,0.0,150000000,3092000000,38595238,36809524,0,0,1.5,0,True
20260630,501733,500,502,5003,TC-01,2025-11-16,AVAILABLE,,226,True,4554000000,1.0,50000000,4458000000,41699478,40820438,6,12,1.5,0,False
20260630,501734,500,502,5004,TC-01,2025-05-22,SOLD,2025-07-20,404,False,2157000000,1.0,0,2135000000,39592511,39188693,12,0,1.5,0,True
20260630,501735,500,502,5002,TC-01,2025-10-13,AVAILABLE,,260,True,2185000000,3.0,50000000,2069000000,38996966,36926646,18,0,1.5,80000000,True
20260630,501736,500,502,5004,TC-01,2026-03-05,AVAILABLE,,117,True,3823000000,4.0,100000000,3570000000,50803987,47441860,18,0,1.8,0,False
20260630,501737,500,502,5003,TC-01,2025-10-16,AVAILABLE,,257,True,5226000000,1.0,250000000,4924000000,46602461,43909399,6,6,1.0,0,False
20260630,501738,500,502,5001,TC-01,2025-10-18,SOLD,2025-12-16,255,False,2735000000,3.0,0,2653000000,39099357,37927091,12,18,1.5,0,True
20260630,501739,500,502,5004,TC-01,2025-04-22,AVAILABLE,,434,True,2055000000,0.0,50000000,2005000000,37803532,36883738,0,0,1.5,80000000,False
20260630,501740,500,502,5003,TC-01,2025-06-21,AVAILABLE,,374,True,3772000000,1.0,100000000,3634000000,46202842,44512494,0,12,1.0,30000000,False
20260630,501741,500,502,5001,TC-01,2025-08-02,AVAILABLE,,332,True,4107000000,0.0,150000000,3957000000,40898227,39404501,0,18,1.8,0,False
20260630,501742,500,502,5001,TC-01,2025-08-20,SOLD,2025-10-10,314,False,4317000000,1.0,0,4274000000,46695511,46230395,0,0,1.5,0,False
20260630,501743,500,502,5003,TC-01,2026-01-04,AVAILABLE,,177,True,3850000000,6.0,100000000,3519000000,50097593,45790501,18,6,1.8,50000000,True
20260630,501744,500,502,5003,TC-01,2025-09-01,SOLD,2026-03-14,302,False,1785000000,6.0,250000000,1428000000,45605519,36484415,12,0,1.5,0,True
20260630,501745,500,502,5002,TC-01,2025-11-21,AVAILABLE,,221,True,2116000000,4.0,250000000,1781000000,49404623,41583003,0,12,2.0,0,False
20260630,501746,500,502,5002,TC-01,2026-01-11,AVAILABLE,,170,True,4868000000,4.0,50000000,4623000000,48495716,46054991,0,6,1.5,0,False
20260630,501747,500,502,5004,TC-01,2025-10-25,AVAILABLE,,248,True,2363000000,2.0,100000000,2216000000,42302184,39670605,12,0,1.2,0,False
20260630,501748,500,502,5002,TC-01,2025-10-28,AVAILABLE,,245,True,3117000000,1.0,150000000,2936000000,35897731,33813198,12,18,1.8,0,True
20260630,501749,500,502,5002,TC-01,2025-09-08,AVAILABLE,,295,True,4162000000,1.0,250000000,3870000000,39896472,37097393,18,24,1.0,0,True
20260630,501750,500,502,5001,TC-01,2025-10-17,AVAILABLE,,256,True,2787000000,3.0,250000000,2453000000,47093613,41449814,0,6,1.5,80000000,False
20260630,501751,500,502,5001,TC-01,2025-07-25,AVAILABLE,,340,True,2171000000,2.0,0,2128000000,37894921,37144353,0,18,1.5,0,False
20260630,501752,500,502,5002,TC-01,2026-01-25,SOLD,2026-04-08,156,False,3735000000,0.0,0,3735000000,47296442,47296442,0,0,1.5,0,True
20260630,501753,500,502,5001,TC-01,2025-07-11,SOLD,2025-09-17,354,False,3372000000,1.0,250000000,3088000000,40897514,37453002,0,0,1.0,0,False
20260630,501754,500,502,5003,TC-01,2025-08-05,AVAILABLE,,329,True,4264000000,3.0,150000000,3986000000,44301299,41412987,0,18,1.2,0,False
20260630,501755,500,502,5002,TC-01,2026-02-11,AVAILABLE,,139,True,4320000000,2.0,50000000,4184000000,40197264,38931795,24,6,1.5,0,False
20260630,501756,500,502,5004,TC-01,2025-07-15,AVAILABLE,,350,True,2896000000,1.0,50000000,2817000000,40094144,39000415,0,6,1.5,0,False
20260630,501757,500,502,5004,TC-01,2025-07-29,AVAILABLE,,336,True,4935000000,0.0,150000000,4785000000,47704205,46254229,12,0,1.0,0,False
20260630,501758,500,502,5002,TC-01,2025-04-14,AVAILABLE,,442,True,4416000000,3.0,250000000,4034000000,45497630,41561920,18,6,1.5,0,True
20260630,501759,500,502,5002,TC-01,2025-10-20,SOLD,2025-12-18,253,False,3013000000,4.0,50000000,2842000000,42895786,40461276,0,24,1.0,0,False
20260630,501760,500,502,5002,TC-01,2026-03-19,AVAILABLE,,103,True,4759000000,5.0,0,4521000000,48104721,45698979,24,18,1.8,50000000,True
20260630,501761,500,502,5004,TC-01,2025-07-09,AVAILABLE,,356,True,3046000000,5.0,100000000,2794000000,42399777,38891982,0,12,1.5,0,False
20260630,501762,500,502,5002,TC-01,2025-09-28,AVAILABLE,,275,True,2333000000,4.0,100000000,2140000000,41802544,38344383,12,6,1.2,0,False
20260630,501763,500,502,5003,TC-01,2025-05-26,AVAILABLE,,400,True,3585000000,2.0,100000000,3413000000,45305194,43131556,18,18,1.2,0,False
20260630,501764,500,502,5001,TC-01,2025-05-23,AVAILABLE,,403,True,2696000000,4.0,100000000,2488000000,49796823,45954932,6,24,1.2,0,False
20260630,501765,500,502,5004,TC-01,2025-03-18,AVAILABLE,,469,True,3386000000,3.0,250000000,3034000000,43205308,38713794,36,24,1.8,0,True
20260630,501766,500,502,5004,TC-01,2025-07-30,AVAILABLE,,335,True,2898000000,1.0,100000000,2769000000,41993914,40124620,0,0,1.0,0,False
20260630,501767,500,502,5001,TC-01,2026-03-25,AVAILABLE,,97,True,4031000000,5.0,0,3829000000,40795466,38751139,0,6,1.8,50000000,False
20260630,501768,500,502,5003,TC-01,2025-03-30,AVAILABLE,,457,True,1885000000,4.0,50000000,1760000000,36502711,34082107,0,12,2.0,0,False
20260630,501769,500,502,5003,TC-01,2025-10-16,AVAILABLE,,257,True,2209000000,2.0,100000000,2065000000,43794607,40939730,0,18,2.0,0,False
20260630,501770,500,502,5002,TC-01,2026-03-06,AVAILABLE,,116,True,2338000000,4.0,150000000,2094000000,43897860,39316560,6,0,1.2,0,False
20260630,501771,500,502,5004,TC-01,2026-03-31,AVAILABLE,,91,True,1892000000,4.0,0,1816000000,40505245,38878185,12,24,1.5,0,False
20260630,501772,500,502,5001,TC-01,2026-03-21,SOLD,2026-04-16,101,False,2547000000,0.0,0,2547000000,43294238,43294238,18,12,2.5,80000000,False
20260630,501773,500,502,5004,TC-01,2025-04-08,AVAILABLE,,448,True,3461000000,2.0,50000000,3342000000,42099501,40651989,12,6,1.5,0,False
20260630,501774,500,502,5001,TC-01,2025-08-21,SOLD,2026-04-07,313,False,4359000000,0.0,50000000,4309000000,41897347,41416763,0,18,1.0,80000000,False
20260630,501775,500,502,5004,TC-01,2025-06-26,AVAILABLE,,369,True,2070000000,4.0,150000000,1837000000,39301310,34877539,6,0,1.5,0,False
20260630,501776,500,502,5002,TC-01,2025-09-15,AVAILABLE,,288,True,4713000000,2.0,0,4619000000,40096988,39297261,0,24,1.2,0,False
20260630,501777,500,502,5002,TC-01,2025-07-14,AVAILABLE,,351,True,2396000000,1.0,50000000,2322000000,36793612,35657248,0,0,1.5,50000000,False
20260630,501778,500,502,5001,TC-01,2025-10-05,AVAILABLE,,268,True,3832000000,2.0,0,3755000000,37598116,36842622,0,0,1.8,50000000,False
20260630,501779,500,502,5002,TC-01,2025-11-18,AVAILABLE,,224,True,3690000000,3.0,0,3579000000,41004556,39771086,36,0,1.2,50000000,False
20260630,501780,500,502,5004,TC-01,2026-04-05,AVAILABLE,,86,False,4731000000,1.0,50000000,4634000000,51195758,50146088,0,18,1.0,0,False
20260630,501781,500,502,5002,TC-01,2025-06-21,AVAILABLE,,374,True,3766000000,1.0,100000000,3628000000,39704797,38249868,12,0,1.5,0,True
20260630,501782,500,502,5001,TC-01,2025-10-31,AVAILABLE,,242,True,2603000000,3.0,150000000,2375000000,33805195,30844156,0,0,1.0,0,False
20260630,501783,500,502,5003,TC-01,2026-01-13,AVAILABLE,,168,True,2732000000,3.0,0,2650000000,36705629,35603923,18,24,1.2,0,False
20260630,501784,500,502,5004,TC-01,2025-10-08,AVAILABLE,,265,True,3522000000,2.0,0,3452000000,45404151,44501740,18,0,1.8,0,True
20260630,501785,500,502,5004,TC-01,2025-10-26,AVAILABLE,,247,True,3423000000,5.0,150000000,3102000000,44494995,40322371,36,6,1.8,0,False
20260630,501786,500,502,5001,TC-01,2025-03-23,AVAILABLE,,464,True,4907000000,1.0,250000000,4608000000,44997707,42255846,0,6,2.5,0,True
20260630,501787,500,502,5004,TC-01,2025-10-02,AVAILABLE,,271,True,3617000000,1.0,100000000,3481000000,45594353,43879995,0,0,1.0,0,True
20260630,501788,500,502,5001,TC-01,2025-08-22,AVAILABLE,,312,True,2810000000,2.0,0,2754000000,35297073,34593644,0,0,1.0,0,True
20260630,501789,500,502,5002,TC-01,2025-05-23,AVAILABLE,,403,True,2770000000,5.0,100000000,2532000000,32405241,29620964,0,0,1.8,0,False
20260630,501790,500,502,5001,TC-01,2026-01-16,AVAILABLE,,165,True,2178000000,3.0,0,2113000000,40801798,39584114,12,24,2.5,0,False
20260630,501791,500,502,5001,TC-01,2026-01-10,AVAILABLE,,171,True,4020000000,5.0,0,3819000000,41997493,39897618,12,6,1.2,0,False
20260630,501792,500,502,5004,TC-01,2026-04-02,AVAILABLE,,89,False,1655000000,1.0,0,1638000000,36103839,35732984,0,12,1.5,0,False
20260630,501793,500,502,5002,TC-01,2025-07-01,AVAILABLE,,364,True,1988000000,3.0,150000000,1778000000,39903653,35688479,12,0,1.8,30000000,False
20260630,501794,500,502,5001,TC-01,2026-01-28,AVAILABLE,,153,True,4547000000,3.0,100000000,4311000000,44595920,42281287,0,12,1.5,0,False
20260630,501795,500,502,5004,TC-01,2025-08-28,AVAILABLE,,306,True,3412000000,3.0,50000000,3260000000,46605655,44529436,12,24,1.8,0,True
20260630,501796,500,502,5003,TC-01,2026-04-02,AVAILABLE,,89,False,2522000000,2.0,0,2472000000,36199225,35481556,18,0,1.0,0,False
20260630,501797,500,502,5001,TC-01,2026-02-04,AVAILABLE,,146,True,2415000000,3.0,100000000,2243000000,43002137,39939459,18,12,1.2,0,False
20260630,501798,500,502,5004,TC-01,2025-05-05,SOLD,2025-10-09,421,False,4030000000,0.0,150000000,3880000000,41503605,39958805,6,6,2.0,0,False
20260630,501799,500,502,5004,TC-01,2025-10-10,AVAILABLE,,263,True,3403000000,0.0,150000000,3253000000,47402145,45312718,12,12,1.2,0,False
20260630,501800,500,502,5004,TC-01,2026-02-06,AVAILABLE,,144,True,3325000000,6.0,50000000,3076000000,47704448,44131994,6,12,1.5,0,False
20260630,501801,500,502,5002,TC-01,2025-09-02,AVAILABLE,,301,True,4263000000,1.0,100000000,4120000000,40998269,39623004,12,0,2.0,0,True
20260630,501802,500,502,5002,TC-01,2025-06-17,AVAILABLE,,378,True,2004000000,4.0,0,1924000000,40297607,38688920,6,6,2.0,30000000,False
20260630,501803,500,502,5002,TC-01,2025-12-24,AVAILABLE,,188,True,5052000000,3.0,0,4900000000,46502209,45103093,0,6,2.0,0,False
20260630,501804,500,502,5003,TC-01,2026-04-14,AVAILABLE,,77,False,2887000000,2.0,100000000,2729000000,37098432,35068106,0,6,2.0,0,False
20260630,501805,500,502,5002,TC-01,2025-09-15,AVAILABLE,,288,True,2723000000,5.0,50000000,2537000000,48808030,45474099,0,0,1.2,0,False
20260630,501806,500,502,5002,TC-01,2026-04-15,AVAILABLE,,76,False,3778000000,4.0,100000000,3527000000,48404869,45188981,24,0,1.5,0,False
20260630,501807,500,502,5002,TC-01,2026-02-28,AVAILABLE,,122,True,1973000000,4.0,50000000,1844000000,44790011,41861521,24,6,1.5,0,True
20260630,501808,500,502,5001,TC-01,2026-02-17,AVAILABLE,,133,True,3930000000,4.0,0,3773000000,36101415,34659195,0,6,1.5,0,False
20260630,501809,500,502,5004,TC-01,2025-07-28,AVAILABLE,,337,True,4264000000,0.0,0,4264000000,39299539,39299539,6,0,1.5,0,False
20260630,501810,500,502,5001,TC-01,2026-03-10,AVAILABLE,,112,True,2897000000,3.0,0,2810000000,38401379,37248144,18,0,1.2,0,False
20260630,501811,500,502,5004,TC-01,2025-09-20,AVAILABLE,,283,True,3668000000,1.0,100000000,3531000000,49993185,48125937,36,12,2.0,0,False
20260630,501812,500,502,5004,TC-01,2025-06-18,AVAILABLE,,377,True,3204000000,3.0,0,3108000000,41697033,40447683,6,0,1.5,0,False
20260630,501813,500,502,5004,TC-01,2026-01-24,AVAILABLE,,157,True,5098000000,4.0,50000000,4844000000,50500248,47984151,6,0,2.0,0,False
20260630,501814,500,502,5002,TC-01,2025-10-04,AVAILABLE,,269,True,3265000000,3.0,50000000,3117000000,43400239,41432939,6,12,1.0,80000000,False
20260630,501815,500,502,5004,TC-01,2025-09-22,AVAILABLE,,281,True,3032000000,1.0,100000000,2902000000,39102399,37425845,12,18,1.8,0,False
20260630,501816,500,502,5003,TC-01,2025-05-31,SOLD,2025-10-19,395,False,3451000000,5.0,100000000,3178000000,43299875,39874529,0,0,1.5,0,False
20260630,501817,500,502,5002,TC-01,2026-03-03,AVAILABLE,,119,True,2089000000,4.0,0,2005000000,38106530,36574243,18,12,1.5,0,True
20260630,501818,500,502,5002,TC-01,2026-02-24,SOLD,2026-05-08,126,False,1717000000,1.0,100000000,1600000000,40201358,37461953,12,0,1.8,0,False
20260630,501819,500,502,5003,TC-01,2025-07-09,AVAILABLE,,356,True,2519000000,3.0,0,2443000000,44497439,43154920,6,12,1.2,0,False
20260630,501820,500,502,5002,TC-01,2025-10-26,AVAILABLE,,247,True,4098000000,4.0,0,3934000000,47397641,45500810,12,12,1.2,0,False
20260630,501821,500,502,5003,TC-01,2025-05-30,AVAILABLE,,396,True,2793000000,1.0,150000000,2615000000,36701708,34362681,6,0,1.0,30000000,False
20260630,501822,500,502,5002,TC-01,2025-04-26,AVAILABLE,,430,True,2936000000,3.0,50000000,2798000000,40999860,39072755,12,0,1.0,0,False
20260630,501823,500,502,5002,TC-01,2026-03-06,SOLD,2026-03-28,116,False,3488000000,2.0,50000000,3368000000,44695028,43157355,6,0,1.8,0,True
20260630,501824,500,502,5002,TC-01,2025-12-27,AVAILABLE,,185,True,2795000000,2.0,50000000,2689000000,36402709,35022141,12,0,2.0,80000000,True
20260630,501825,500,502,5004,TC-01,2025-10-10,AVAILABLE,,263,True,3752000000,0.0,0,3752000000,49701947,49701947,12,0,1.8,50000000,False
20260630,501826,500,502,5001,TC-01,2025-03-18,AVAILABLE,,469,True,3834000000,1.0,250000000,3546000000,46899083,43376147,18,0,1.0,0,False
20260630,501827,500,502,5002,TC-01,2026-02-15,AVAILABLE,,135,True,3139000000,3.0,50000000,2995000000,44304869,42272406,12,0,1.0,0,True
20260630,501828,500,502,5004,TC-01,2026-01-20,AVAILABLE,,161,True,1554000000,2.0,0,1523000000,35495660,34787574,24,12,1.5,80000000,False
20260630,501829,500,502,5004,TC-01,2026-01-09,AVAILABLE,,172,True,2127000000,0.0,100000000,2027000000,47605192,45367055,0,0,1.0,80000000,False
20260630,501830,500,502,5003,TC-01,2025-07-22,AVAILABLE,,343,True,4684000000,2.0,50000000,4540000000,47399312,45942117,24,12,1.8,0,False
20260630,501831,500,502,5003,TC-01,2025-07-28,AVAILABLE,,337,True,3500000000,4.0,0,3360000000,47703421,45795284,18,12,1.0,0,False
20260630,501832,500,502,5003,TC-01,2026-03-15,AVAILABLE,,107,True,2846000000,5.0,250000000,2454000000,38895722,33538335,12,18,1.0,0,False
20260630,501833,500,502,5002,TC-01,2025-11-24,AVAILABLE,,218,True,2726000000,3.0,250000000,2394000000,48800573,42857143,6,0,1.8,30000000,True
20260630,501834,500,502,5003,TC-01,2025-08-07,AVAILABLE,,327,True,3418000000,1.0,0,3384000000,44401143,43959470,12,0,1.8,0,False
20260630,501835,500,502,5003,TC-01,2025-10-31,AVAILABLE,,242,True,3251000000,0.0,0,3251000000,48894571,48894571,0,0,1.0,0,True
20260630,501836,500,502,5003,TC-01,2025-10-20,SOLD,2026-02-27,253,False,2016000000,3.0,50000000,1906000000,39198911,37060082,12,0,1.0,0,False
20260630,501837,500,502,5002,TC-01,2025-04-09,AVAILABLE,,447,True,4686000000,3.0,50000000,4495000000,42900302,41151698,12,12,1.8,0,False
20260630,501838,500,502,5001,TC-01,2025-12-14,SOLD,2026-05-05,198,False,1874000000,1.0,150000000,1705000000,44000939,40032872,6,6,1.0,0,False
20260630,501839,500,502,5003,TC-01,2025-08-14,AVAILABLE,,320,True,3608000000,5.0,100000000,3328000000,48494624,44731183,0,18,1.8,30000000,False
20260630,501840,500,502,5003,TC-01,2025-10-28,AVAILABLE,,245,True,3233000000,2.0,50000000,3118000000,40702505,39254690,0,12,1.0,0,False
20260630,501841,500,502,5002,TC-01,2025-08-15,AVAILABLE,,319,True,3540000000,5.0,0,3363000000,49303621,46838440,0,0,1.8,0,False
20260630,501842,500,502,5002,TC-01,2025-10-19,SOLD,2026-05-07,254,False,2990000000,3.0,0,2900000000,39105415,37928329,12,0,1.2,30000000,False
20260630,501843,500,502,5002,TC-01,2025-08-29,AVAILABLE,,305,True,3564000000,2.0,0,3493000000,43805310,42932645,6,12,1.5,0,True
20260630,501844,500,502,5001,TC-01,2025-08-17,AVAILABLE,,317,True,3788000000,2.0,50000000,3662000000,39201076,37897133,0,18,1.2,0,False
20260630,501845,500,502,5003,TC-01,2025-04-15,SOLD,2025-10-08,441,False,3396000000,3.0,100000000,3194000000,36104614,33957049,0,6,1.0,0,True
20260630,501846,500,502,5004,TC-01,2025-08-01,AVAILABLE,,333,True,3320000000,4.0,50000000,3137000000,42800052,40440892,18,6,1.0,80000000,False
20260630,501847,500,502,5003,TC-01,2026-03-31,AVAILABLE,,91,True,3251000000,3.0,100000000,3053000000,41797377,39251736,6,0,1.5,0,False
20260630,501848,500,502,5001,TC-01,2025-06-24,SOLD,2025-11-13,371,False,2753000000,3.0,0,2670000000,48907444,47432937,24,0,2.0,0,False
20260630,501849,500,502,5002,TC-01,2025-12-31,AVAILABLE,,181,True,2608000000,1.0,150000000,2432000000,35006711,32644295,18,12,1.2,0,True
20260630,501850,500,502,5002,TC-01,2025-11-24,AVAILABLE,,218,True,5227000000,3.0,50000000,5020000000,46203483,44373729,36,12,2.5,0,True
20260630,501851,500,502,5003,TC-01,2025-11-26,AVAILABLE,,216,True,3131000000,0.0,0,3131000000,41202790,41202790,12,12,1.2,50000000,False
20260630,501852,500,502,5001,TC-01,2025-12-07,AVAILABLE,,205,True,3882000000,0.0,50000000,3832000000,36803185,36329162,12,12,1.5,0,False
20260630,501853,500,502,5002,TC-01,2026-03-13,AVAILABLE,,109,True,5917000000,1.0,0,5858000000,52003867,51485323,18,12,2.5,0,False
20260630,501854,500,502,5002,TC-01,2026-01-21,AVAILABLE,,160,True,3341000000,3.0,0,3241000000,44298595,42972686,0,6,1.0,0,False
20260630,501855,500,502,5003,TC-01,2025-12-09,SOLD,2026-02-17,203,False,2169000000,6.0,150000000,1889000000,44094328,38402114,6,18,1.2,30000000,True
20260630,501856,500,502,5003,TC-01,2026-04-08,AVAILABLE,,83,False,1982000000,1.0,100000000,1862000000,44609498,41908620,12,12,1.5,0,False
20260630,501857,500,502,5001,TC-01,2025-12-25,AVAILABLE,,187,True,2311000000,2.0,100000000,2165000000,42899573,40189345,0,0,1.2,0,True
20260630,501858,500,502,5004,TC-01,2025-10-04,AVAILABLE,,269,True,2912000000,0.0,50000000,2862000000,38305709,37647987,24,6,1.5,0,False
20260630,501859,500,502,5003,TC-01,2025-06-18,AVAILABLE,,377,True,2586000000,4.0,0,2483000000,45392312,43584343,0,12,2.5,0,False
20260630,501860,500,502,5004,TC-01,2026-01-19,AVAILABLE,,162,True,2634000000,2.0,50000000,2531000000,46594728,44772687,18,6,1.5,0,False
20260630,501861,500,502,5002,TC-01,2026-03-18,AVAILABLE,,104,True,2521000000,4.0,50000000,2370000000,46998509,44183445,18,0,2.0,0,False
20260630,501862,500,502,5002,TC-01,2026-01-09,AVAILABLE,,172,True,2710000000,3.0,0,2629000000,39706960,38520147,0,0,1.5,80000000,False
20260630,501863,500,502,5002,TC-01,2025-08-14,AVAILABLE,,320,True,2561000000,2.0,150000000,2360000000,45000879,41468986,24,6,1.0,0,True
20260630,501864,500,502,5001,TC-01,2025-06-26,AVAILABLE,,369,True,4661000000,4.0,0,4475000000,41196747,39552766,0,0,1.0,30000000,False
20260630,501865,500,502,5003,TC-01,2025-07-06,AVAILABLE,,359,True,3266000000,1.0,50000000,3183000000,43396226,42293383,18,6,1.5,0,False
20260630,501866,500,502,5004,TC-01,2025-09-09,AVAILABLE,,294,True,4123000000,0.0,50000000,4073000000,39697670,39216253,6,0,1.8,0,False
20260630,501867,500,502,5003,TC-01,2025-10-07,AVAILABLE,,266,True,2815000000,2.0,0,2759000000,41598936,40771391,0,0,1.5,0,True
20260630,501868,500,502,5003,TC-01,2025-07-27,AVAILABLE,,338,True,2338000000,3.0,0,2268000000,39294118,38117647,18,18,1.5,0,False
20260630,501869,500,502,5001,TC-01,2025-05-14,AVAILABLE,,412,True,3113000000,0.0,0,3113000000,41600962,41600962,12,0,2.0,30000000,True
20260630,501870,500,502,5004,TC-01,2025-11-14,AVAILABLE,,228,True,3222000000,2.0,150000000,3008000000,43605359,40709162,12,0,1.8,80000000,False
20260630,501871,500,502,5001,TC-01,2025-12-09,AVAILABLE,,203,True,4975000000,3.0,100000000,4726000000,45899068,43601808,0,0,2.0,0,False
20260630,501872,500,502,5002,TC-01,2025-11-07,AVAILABLE,,235,True,2690000000,1.0,150000000,2513000000,36803940,34382268,0,18,2.0,80000000,False
20260630,501873,500,502,5003,TC-01,2025-09-16,AVAILABLE,,287,True,3264000000,5.0,50000000,3051000000,43700629,40848842,12,18,1.5,0,True
20260630,501874,500,502,5003,TC-01,2025-11-11,AVAILABLE,,231,True,3221000000,2.0,250000000,2907000000,41804023,37728748,18,12,1.0,0,False
20260630,501875,500,502,5004,TC-01,2025-03-29,AVAILABLE,,458,True,3429000000,1.0,250000000,3145000000,47303076,43385295,18,18,1.2,0,False
20260630,501876,500,502,5003,TC-01,2025-05-18,AVAILABLE,,408,True,2821000000,3.0,0,2736000000,39399441,38212291,0,24,1.5,0,False
20260630,501877,500,502,5003,TC-01,2025-06-16,AVAILABLE,,379,True,3207000000,3.0,0,3111000000,42595298,41320228,0,0,1.0,0,False
20260630,501878,500,502,5002,TC-01,2025-06-27,AVAILABLE,,368,True,1682000000,0.0,150000000,1532000000,38890173,35421965,0,0,1.0,50000000,False
20260630,501879,500,502,5004,TC-01,2025-03-30,SOLD,2025-09-17,457,False,4137000000,3.0,50000000,3963000000,38401559,36786410,0,18,1.8,0,False
20260630,501880,500,502,5004,TC-01,2025-07-16,AVAILABLE,,349,True,3540000000,3.0,0,3434000000,46701847,45303430,12,0,1.5,50000000,False
20260630,501881,500,502,5001,TC-01,2025-05-01,AVAILABLE,,425,True,3695000000,0.0,150000000,3545000000,43095405,41345930,18,0,1.0,0,False
20260630,501882,500,502,5002,TC-01,2025-04-05,AVAILABLE,,451,True,3848000000,4.0,50000000,3644000000,49696500,47061862,24,12,1.5,30000000,True
20260630,501883,500,502,5002,TC-01,2026-03-29,AVAILABLE,,93,True,3028000000,2.0,100000000,2867000000,40693455,38529768,0,12,1.5,0,False
20260630,501884,500,502,5003,TC-01,2025-07-26,SOLD,2025-09-30,339,False,3181000000,3.0,150000000,2936000000,39203845,36184373,0,18,2.5,30000000,False
20260630,501885,500,502,5002,TC-01,2025-04-05,AVAILABLE,,451,True,2040000000,2.0,0,1999000000,41104171,40278058,24,18,2.5,80000000,False
20260630,501886,500,502,5002,TC-01,2025-09-09,AVAILABLE,,294,True,3403000000,1.0,150000000,3219000000,41698321,39443696,24,0,1.5,0,True
20260630,501887,500,502,5001,TC-01,2025-10-18,AVAILABLE,,255,True,5230000000,2.0,50000000,5075000000,48300702,46869228,12,0,2.0,30000000,False
20260630,501888,500,502,5004,TC-01,2025-04-29,AVAILABLE,,427,True,3703000000,1.0,50000000,3616000000,45396592,44330023,12,0,1.2,0,False
20260630,501889,500,502,5002,TC-01,2025-08-26,SOLD,2026-01-23,308,False,2365000000,3.0,100000000,2194000000,33999425,31541116,0,6,2.0,0,True
20260630,501890,500,502,5003,TC-01,2025-03-29,SOLD,2025-08-11,458,False,2675000000,0.0,100000000,2575000000,37101248,35714286,18,0,2.0,0,True
20260630,501891,500,502,5003,TC-01,2025-11-06,AVAILABLE,,236,True,3315000000,2.0,0,3249000000,43595476,42727512,18,0,2.0,0,False
20260630,501892,500,502,5003,TC-01,2026-03-31,AVAILABLE,,91,True,2361000000,3.0,50000000,2240000000,45800194,43452958,12,0,1.0,0,False
20260630,501893,500,502,5004,TC-01,2025-08-11,AVAILABLE,,323,True,3887000000,3.0,100000000,3670000000,42494807,40122445,12,12,1.5,0,False
20260630,501894,500,502,5004,TC-01,2025-07-06,AVAILABLE,,359,True,3420000000,4.0,50000000,3233000000,35804020,33846315,12,6,1.2,0,False
20260630,501895,500,502,5001,TC-01,2025-09-10,AVAILABLE,,293,True,3335000000,2.0,50000000,3218000000,39097304,37725674,6,0,1.0,0,False
20260630,501896,500,502,5003,TC-01,2025-08-13,AVAILABLE,,321,True,3706000000,4.0,100000000,3458000000,50203197,46843674,36,12,2.5,0,False
20260630,501897,500,502,5004,TC-01,2026-02-26,AVAILABLE,,124,True,4384000000,2.0,100000000,4196000000,44899631,42974191,0,0,2.0,0,False
20260630,501898,500,502,5001,TC-01,2025-12-29,AVAILABLE,,183,True,1777000000,0.0,100000000,1677000000,41801929,39449541,18,6,1.5,0,False
20260630,501899,500,502,5001,TC-01,2025-07-19,AVAILABLE,,346,True,3229000000,3.0,50000000,3082000000,40499185,38655462,18,6,1.8,0,False
20260630,501900,500,502,5003,TC-01,2025-08-16,AVAILABLE,,318,True,2427000000,2.0,250000000,2128000000,42796685,37524246,0,18,1.5,80000000,True
20260630,501901,500,502,5002,TC-01,2026-04-12,AVAILABLE,,79,False,3388000000,2.0,0,3320000000,33896948,33216608,36,12,2.5,0,False
20260630,501902,500,502,5002,TC-01,2026-02-25,SOLD,2026-04-02,125,False,3707000000,4.0,250000000,3309000000,46302773,41331501,18,18,1.5,0,False
20260630,501903,500,502,5002,TC-01,2025-09-02,AVAILABLE,,301,True,3371000000,2.0,100000000,3204000000,46304945,44010989,12,0,1.2,0,True
20260630,501904,500,502,5003,TC-01,2025-07-25,AVAILABLE,,340,True,3928000000,3.0,100000000,3710000000,38498481,36361854,0,0,1.5,0,True
20260630,501905,500,502,5001,TC-01,2025-09-21,AVAILABLE,,282,True,3217000000,0.0,50000000,3167000000,39501473,38887525,0,6,1.8,0,True
20260630,501906,500,502,5001,TC-01,2025-10-26,AVAILABLE,,247,True,3087000000,2.0,0,3025000000,42005715,41162063,12,12,1.2,0,False
20260630,501907,500,502,5002,TC-01,2025-04-26,AVAILABLE,,430,True,3294000000,4.0,50000000,3112000000,45497238,42983425,0,18,1.2,0,False
20260630,501908,500,502,5001,TC-01,2025-12-12,AVAILABLE,,200,True,2879000000,4.0,0,2764000000,38001584,36483633,0,0,1.8,0,False
20260630,501909,500,502,5002,TC-01,2025-10-29,AVAILABLE,,244,True,2751000000,6.0,100000000,2486000000,39794590,35961232,0,18,1.8,0,False
20260630,501910,500,502,5001,TC-01,2025-04-11,AVAILABLE,,445,True,4120000000,4.0,0,3955000000,37895511,36377851,12,0,1.5,0,False
20260630,501911,500,502,5003,TC-01,2026-03-09,SOLD,2026-05-13,113,False,4329000000,2.0,250000000,3992000000,37900543,34950096,12,18,1.5,0,False
20260630,501912,500,502,5002,TC-01,2026-01-12,SOLD,2026-03-02,169,False,2801000000,0.0,100000000,2701000000,41601069,40115847,12,24,2.5,0,False
20260630,501913,500,502,5003,TC-01,2026-02-08,AVAILABLE,,142,True,2718000000,2.0,150000000,2514000000,33898728,31354452,36,12,2.0,0,False
20260630,501914,500,502,5003,TC-01,2025-05-19,SOLD,2025-09-23,407,False,3690000000,1.0,150000000,3503000000,46096190,43760150,18,18,1.8,30000000,False
20260630,501915,500,502,5001,TC-01,2025-09-24,SOLD,2025-10-18,279,False,2730000000,3.0,50000000,2598000000,36604988,34835076,24,6,1.0,0,False
20260630,501916,500,502,5001,TC-01,2026-03-09,SOLD,2026-05-04,113,False,2251000000,6.0,50000000,2066000000,39996446,36709311,0,6,1.2,30000000,False
20260630,501917,500,502,5001,TC-01,2026-02-25,SOLD,2026-04-30,125,False,3291000000,2.0,100000000,3125000000,35197861,33422460,12,0,1.0,50000000,False
20260630,501918,500,502,5001,TC-01,2026-01-18,AVAILABLE,,163,True,5524000000,2.0,150000000,5264000000,48601091,46313567,24,12,1.8,30000000,False
20260630,501919,500,502,5004,TC-01,2025-10-11,AVAILABLE,,262,True,3719000000,2.0,150000000,3495000000,46400499,43605739,6,0,1.5,0,False
20260630,501920,500,502,5004,TC-01,2025-08-11,AVAILABLE,,323,True,2714000000,0.0,0,2714000000,43093045,43093045,18,0,1.2,0,False
20260630,501921,500,502,5003,TC-01,2025-07-05,AVAILABLE,,360,True,4210000000,4.0,0,4042000000,41703814,40039624,18,12,1.2,0,False
20260630,501922,500,502,5004,TC-01,2025-11-21,AVAILABLE,,221,True,3176000000,2.0,0,3112000000,46699015,45757977,6,18,1.5,50000000,False
20260630,501923,500,502,5004,TC-01,2025-08-16,SOLD,2026-03-14,318,False,5518000000,2.0,0,5408000000,49900525,48905770,12,18,1.8,0,True
20260630,501924,500,502,5004,TC-01,2025-06-23,SOLD,2026-02-13,372,False,2689000000,2.0,150000000,2485000000,40804249,37708649,0,0,1.5,50000000,False
20260630,501925,500,502,5002,TC-01,2025-06-16,AVAILABLE,,379,True,4227000000,3.0,100000000,4000000000,38698160,36619976,24,0,1.8,0,True
20260630,501926,500,502,5004,TC-01,2026-02-26,AVAILABLE,,124,True,2538000000,4.0,150000000,2286000000,46792035,42146018,12,12,1.0,0,False
20260630,501927,500,502,5003,TC-01,2026-02-06,SOLD,2026-03-24,144,False,2952000000,2.0,0,2893000000,40796020,39980652,12,6,1.5,0,False
20260630,501928,500,502,5004,TC-01,2026-03-25,AVAILABLE,,97,True,1846000000,2.0,50000000,1759000000,42603277,40595430,18,18,2.0,0,False
20260630,501929,500,502,5003,TC-01,2025-12-30,AVAILABLE,,182,True,4353000000,2.0,250000000,4016000000,44000809,40594360,24,18,1.2,0,False
20260630,501930,500,502,5004,TC-01,2025-11-16,AVAILABLE,,226,True,2232000000,3.0,100000000,2065000000,39192274,36259877,12,12,1.5,0,True
20260630,501931,500,502,5004,TC-01,2025-07-23,AVAILABLE,,342,True,3636000000,2.0,50000000,3513000000,40400000,39033333,18,18,1.5,0,True
20260630,501932,500,502,5002,TC-01,2025-07-02,AVAILABLE,,363,True,2648000000,3.0,0,2569000000,34705111,33669725,12,24,1.2,0,False
20260630,501933,500,502,5002,TC-01,2025-11-13,AVAILABLE,,229,True,4546000000,3.0,100000000,4310000000,45000990,42664819,12,12,1.0,30000000,True
20260630,501934,500,502,5001,TC-01,2026-03-08,AVAILABLE,,114,True,2967000000,3.0,100000000,2778000000,39702931,37173826,18,6,2.5,0,False
20260630,501935,500,502,5004,TC-01,2025-11-20,AVAILABLE,,222,True,3170000000,3.0,50000000,3025000000,44095145,42078175,6,6,2.0,30000000,True
20260630,501936,500,502,5001,TC-01,2025-11-27,AVAILABLE,,215,True,2269000000,0.0,0,2269000000,32793756,32793756,18,18,1.5,30000000,False
20260630,501937,500,502,5003,TC-01,2026-04-07,AVAILABLE,,84,False,2893000000,0.0,100000000,2793000000,38501464,37170615,0,0,1.2,30000000,True
20260630,501938,500,502,5002,TC-01,2025-07-20,AVAILABLE,,345,True,3042000000,1.0,0,3012000000,41705511,41294214,6,0,1.5,0,False
20260630,501939,500,502,5004,TC-01,2025-04-09,AVAILABLE,,447,True,2830000000,2.0,100000000,2673000000,36596405,34566145,0,0,2.0,0,False
20260630,501940,500,502,5004,TC-01,2025-04-13,AVAILABLE,,443,True,2071000000,2.0,250000000,1780000000,37001965,31802751,0,0,1.2,50000000,False
20260630,501941,500,502,5002,TC-01,2025-05-25,AVAILABLE,,401,True,2311000000,2.0,150000000,2115000000,38807725,35516373,0,18,1.8,0,True
20260630,501942,500,502,5003,TC-01,2025-12-05,AVAILABLE,,207,True,2891000000,1.0,100000000,2762000000,38696292,36969616,24,12,2.0,0,False
20260630,501943,500,502,5002,TC-01,2025-04-30,AVAILABLE,,426,True,2177000000,2.0,150000000,1983000000,37993019,34607330,12,0,1.0,0,True
20260630,501944,500,502,5003,TC-01,2025-11-25,AVAILABLE,,217,True,2925000000,2.0,50000000,2816000000,34202526,32927970,18,12,1.2,0,False
20260630,501945,500,502,5001,TC-01,2026-02-16,AVAILABLE,,134,True,1851000000,3.0,50000000,1745000000,42106460,39695177,24,0,1.5,0,False
20260630,501946,500,502,5003,TC-01,2025-03-24,SOLD,2025-09-26,463,False,3495000000,0.0,0,3495000000,41801220,41801220,36,0,1.8,0,True
20260630,501947,500,502,5003,TC-01,2025-09-27,AVAILABLE,,276,True,3275000000,4.0,50000000,3094000000,46198335,43645084,6,0,1.8,0,False
20260630,501948,500,502,5002,TC-01,2025-11-02,AVAILABLE,,240,True,2557000000,4.0,150000000,2305000000,35003422,31553730,12,18,2.0,0,False
20260630,501949,500,502,5001,TC-01,2026-03-10,AVAILABLE,,112,True,3027000000,5.0,100000000,2776000000,39199689,35949236,0,0,1.2,0,False
20260630,501950,500,502,5003,TC-01,2025-09-15,SOLD,2026-05-13,288,False,2831000000,2.0,150000000,2624000000,36699507,34016075,12,12,1.2,80000000,False
20260630,501951,500,502,5003,TC-01,2025-03-18,SOLD,2025-07-07,469,False,1582000000,0.0,0,1582000000,35897436,35897436,18,0,1.2,0,False
20260630,501952,500,502,5002,TC-01,2026-03-05,AVAILABLE,,117,True,3134000000,1.0,100000000,3003000000,38103343,36510638,18,6,1.0,0,False
20260630,501953,500,502,5003,TC-01,2025-06-26,AVAILABLE,,369,True,2290000000,4.0,100000000,2098000000,45900982,42052516,24,24,1.8,0,False
20260630,501954,500,502,5002,TC-01,2026-02-10,AVAILABLE,,140,True,1498000000,2.0,100000000,1368000000,36509871,33341457,0,12,1.2,0,False
20260630,501955,500,502,5003,TC-01,2025-08-22,AVAILABLE,,312,True,2708000000,4.0,0,2600000000,37800112,36292574,6,12,2.0,0,True
20260630,501956,500,502,5004,TC-01,2025-08-07,AVAILABLE,,327,True,4674000000,1.0,50000000,4577000000,43698579,42791698,12,12,1.5,0,False
20260630,501957,500,502,5003,TC-01,2025-11-23,AVAILABLE,,219,True,3651000000,4.0,100000000,3405000000,44595090,41590326,18,6,1.2,0,False
20260630,501958,500,502,5002,TC-01,2025-07-13,AVAILABLE,,352,True,3072000000,0.0,50000000,3022000000,44899152,44168372,18,0,1.5,0,True
20260630,501959,500,502,5001,TC-01,2026-01-20,AVAILABLE,,161,True,3548000000,0.0,150000000,3398000000,34396510,32942317,18,0,1.0,0,False
20260630,501960,500,502,5002,TC-01,2026-01-29,AVAILABLE,,152,True,1848000000,1.0,0,1830000000,41305320,40902995,18,18,1.0,50000000,False
20260630,501961,500,502,5004,TC-01,2026-04-02,AVAILABLE,,89,False,2118000000,3.0,0,2054000000,40497132,39273423,6,6,1.8,0,False
20260630,501962,500,502,5001,TC-01,2025-06-13,AVAILABLE,,382,True,2910000000,3.0,100000000,2723000000,38004440,35562231,0,0,1.0,30000000,False
20260630,501963,500,502,5002,TC-01,2025-10-31,SOLD,2026-02-14,242,False,3119000000,3.0,0,3025000000,35797085,34718237,24,12,2.0,0,False
20260630,501964,500,502,5004,TC-01,2025-05-07,AVAILABLE,,419,True,2776000000,2.0,50000000,2670000000,34199828,32893926,0,0,1.5,0,False
20260630,501965,500,502,5001,TC-01,2025-08-28,AVAILABLE,,306,True,3196000000,1.0,0,3164000000,41506494,41090909,0,0,1.2,0,False
20260630,501966,500,502,5002,TC-01,2025-10-21,AVAILABLE,,252,True,3202000000,5.0,0,3042000000,43305383,41141466,0,6,1.0,0,False
20260630,501967,500,502,5004,TC-01,2025-06-29,SOLD,2025-10-19,366,False,2829000000,1.0,100000000,2701000000,35305129,33707725,12,18,1.2,50000000,False
20260630,501968,500,502,5002,TC-01,2025-12-05,AVAILABLE,,207,True,3513000000,2.0,100000000,3343000000,48703729,46346874,36,18,1.2,0,True
20260630,501969,500,502,5003,TC-01,2026-01-05,AVAILABLE,,176,True,2678000000,1.0,100000000,2551000000,41098834,39149785,12,12,1.0,0,False
20260630,501970,500,502,5002,TC-01,2025-08-11,AVAILABLE,,323,True,1639000000,0.0,150000000,1489000000,31999219,29070676,6,0,1.0,0,False
20260630,501971,500,502,5001,TC-01,2026-03-20,AVAILABLE,,102,True,2713000000,3.0,150000000,2482000000,41006651,37515115,18,12,1.8,0,False
20260630,501972,500,502,5002,TC-01,2026-02-07,SOLD,2026-03-02,143,False,2971000000,2.0,0,2912000000,37003363,36268527,6,12,2.0,30000000,False
20260630,501973,500,502,5003,TC-01,2025-04-13,AVAILABLE,,443,True,2520000000,2.0,50000000,2420000000,33101274,31787732,0,0,1.0,80000000,False
20260630,501974,500,502,5004,TC-01,2025-07-20,AVAILABLE,,345,True,1821000000,1.0,50000000,1753000000,40802151,39278512,0,12,1.2,30000000,False
20260630,501975,500,502,5001,TC-01,2025-12-16,AVAILABLE,,196,True,2402000000,2.0,150000000,2204000000,44506207,40837502,24,0,2.0,0,False
20260630,501976,500,502,5003,TC-01,2025-08-24,AVAILABLE,,310,True,2211000000,3.0,250000000,1895000000,42708132,36604211,0,6,1.8,0,False
20260630,501977,500,502,5001,TC-01,2025-10-10,AVAILABLE,,263,True,3768000000,4.0,100000000,3517000000,48694753,45451021,24,0,1.8,0,False
20260630,501978,500,502,5004,TC-01,2025-04-08,AVAILABLE,,448,True,4326000000,2.0,100000000,4139000000,42595510,40754234,12,0,1.5,0,True
20260630,501979,500,502,5002,TC-01,2025-07-16,AVAILABLE,,349,True,2898000000,0.0,50000000,2848000000,43995749,43236678,6,0,1.5,0,True
20260630,501980,500,502,5004,TC-01,2025-10-12,AVAILABLE,,261,True,3694000000,2.0,100000000,3520000000,45103785,42979243,0,18,1.2,0,False
20260630,501981,500,502,5002,TC-01,2025-06-10,SOLD,2025-10-31,385,False,3478000000,4.0,0,3339000000,46404270,44549700,18,0,1.8,0,False
20260630,501982,500,502,5004,TC-01,2025-12-10,SOLD,2026-02-16,202,False,3109000000,0.0,0,3109000000,37598259,37598259,0,0,1.2,0,False
20260630,501983,500,502,5003,TC-01,2025-11-14,SOLD,2026-01-16,228,False,4574000000,3.0,50000000,4387000000,39104044,37505343,0,12,1.8,0,False
20260630,501984,500,502,5004,TC-01,2025-09-15,AVAILABLE,,288,True,2873000000,3.0,0,2787000000,41996784,40739658,6,12,2.0,0,False
20260630,501985,500,502,5003,TC-01,2025-06-18,AVAILABLE,,377,True,1901000000,6.0,50000000,1737000000,36292478,33161512,12,0,1.8,0,False
20260630,501986,500,502,5001,TC-01,2026-03-13,AVAILABLE,,109,True,4429000000,2.0,150000000,4190000000,45101833,42668024,18,18,1.8,50000000,False
20260630,501987,500,502,5004,TC-01,2026-02-15,AVAILABLE,,135,True,2532000000,2.0,0,2481000000,33003128,32338373,18,18,2.5,0,True
20260630,501988,500,502,5001,TC-01,2025-04-21,AVAILABLE,,435,True,2651000000,3.0,50000000,2521000000,35098636,33377466,18,12,2.5,30000000,False
20260630,501989,500,502,5004,TC-01,2025-06-16,AVAILABLE,,379,True,3006000000,5.0,100000000,2756000000,39599526,36306152,18,0,1.0,0,False
20260630,501990,500,502,5003,TC-01,2025-04-25,AVAILABLE,,431,True,1975000000,5.0,50000000,1826000000,37799043,34947368,18,6,1.5,0,False
20260630,501991,500,502,5001,TC-01,2025-09-16,SOLD,2026-05-04,287,False,2361000000,2.0,0,2314000000,42395403,41551446,24,18,1.8,0,False
20260630,501992,500,502,5001,TC-01,2026-04-11,AVAILABLE,,80,False,4572000000,4.0,0,4389000000,46596005,44730942,12,18,1.8,0,False
20260630,501993,500,502,5002,TC-01,2025-09-25,AVAILABLE,,278,True,3585000000,2.0,50000000,3463000000,41802705,40380131,12,12,1.2,0,False
20260630,501994,500,502,5004,TC-01,2025-04-12,AVAILABLE,,444,True,3159000000,0.0,0,3159000000,42396994,42396994,0,6,2.5,0,False
20260630,501995,500,502,5002,TC-01,2025-07-22,AVAILABLE,,343,True,4898000000,2.0,150000000,4650000000,46497057,44142776,12,24,1.0,0,True
20260630,501996,500,502,5003,TC-01,2025-11-02,AVAILABLE,,240,True,3426000000,3.0,100000000,3223000000,44996060,42329919,12,0,1.0,0,False
20260630,501997,500,502,5002,TC-01,2025-06-08,AVAILABLE,,387,True,2539000000,3.0,0,2463000000,48705160,47247266,12,18,2.5,0,False
20260630,501998,500,502,5003,TC-01,2025-09-27,AVAILABLE,,276,True,3113000000,2.0,50000000,3001000000,45306360,43676321,0,18,1.0,0,False
20260630,501999,500,502,5003,TC-01,2025-10-23,AVAILABLE,,250,True,3313000000,4.0,50000000,3130000000,42101919,39776338,0,6,1.5,0,True
20260630,502000,500,502,5003,TC-01,2026-03-04,AVAILABLE,,118,True,2768000000,4.0,100000000,2557000000,37695765,34822280,0,0,1.8,0,False
20260630,502001,500,502,5003,TC-01,2025-05-21,AVAILABLE,,405,True,3253000000,1.0,100000000,3120000000,40101085,38461538,0,0,1.2,0,False
20260630,502002,500,502,5004,TC-01,2025-04-13,AVAILABLE,,443,True,2565000000,3.0,50000000,2438000000,44094894,41911638,18,12,1.5,0,True
20260630,502003,500,502,5001,TC-01,2025-11-10,SOLD,2025-12-14,232,False,3612000000,3.0,0,3504000000,42404320,41136417,6,12,1.2,0,True
20260630,502004,500,502,5002,TC-01,2025-05-10,AVAILABLE,,416,True,2575000000,0.0,50000000,2525000000,38204748,37462908,18,12,1.0,80000000,False
20260630,502005,500,502,5002,TC-01,2026-03-27,AVAILABLE,,95,True,2860000000,2.0,50000000,2753000000,40401187,38889674,18,6,2.5,0,False
20260630,502006,500,502,5001,TC-01,2025-04-06,AVAILABLE,,450,True,1840000000,1.0,0,1822000000,34901366,34559939,18,0,1.2,0,False
20260630,502007,500,502,5001,TC-01,2025-08-09,AVAILABLE,,325,True,3201000000,4.0,150000000,2923000000,48302399,44107439,12,0,1.8,30000000,False
20260630,502008,500,502,5002,TC-01,2026-04-06,AVAILABLE,,85,False,2261000000,0.0,0,2261000000,42309132,42309132,24,0,1.2,0,True
20260630,502009,500,502,5004,TC-01,2025-09-27,AVAILABLE,,276,True,3705000000,0.0,150000000,3555000000,48406062,46446303,6,12,1.5,0,False
20260630,502010,500,502,5004,TC-01,2025-10-13,SOLD,2025-11-01,260,False,3603000000,4.0,50000000,3409000000,35202736,33307279,12,12,1.5,0,False
20260630,502011,500,502,5002,TC-01,2025-06-22,AVAILABLE,,373,True,2400000000,1.0,100000000,2276000000,33698399,31957315,18,12,1.2,0,False
20260630,502012,500,502,5003,TC-01,2025-04-06,AVAILABLE,,450,True,2366000000,3.0,0,2295000000,43404880,42102367,6,12,1.5,50000000,False
20260630,502013,500,502,5003,TC-01,2025-11-03,AVAILABLE,,239,True,2084000000,2.0,100000000,1942000000,36806782,34298834,12,0,1.0,0,False
20260630,502014,500,502,5001,TC-01,2025-03-29,AVAILABLE,,458,True,3186000000,3.0,100000000,2990000000,41998418,39414711,18,6,1.2,0,False
20260630,502015,500,502,5001,TC-01,2026-03-09,AVAILABLE,,113,True,4507000000,1.0,50000000,4412000000,42402860,41509079,36,0,1.5,0,False
20260630,502016,500,502,5003,TC-01,2025-05-27,AVAILABLE,,399,True,2094000000,3.0,250000000,1781000000,38003630,32323049,0,12,1.2,0,False
20260630,502017,500,502,5002,TC-01,2025-05-05,AVAILABLE,,421,True,2168000000,1.0,100000000,2046000000,37206109,35112408,0,18,1.8,30000000,False
20260630,502018,500,502,5001,TC-01,2026-03-10,SOLD,2026-04-02,112,False,3275000000,3.0,50000000,3127000000,43097776,41150151,18,6,2.5,0,False
20260630,502019,500,502,5004,TC-01,2026-03-14,AVAILABLE,,108,True,2261000000,3.0,0,2193000000,40497940,39279957,0,0,1.2,0,False
20260630,502020,500,502,5003,TC-01,2025-10-30,AVAILABLE,,243,True,3701000000,5.0,50000000,3466000000,47497433,44481520,12,0,1.5,0,False
20260630,502021,500,502,5001,TC-01,2025-11-10,AVAILABLE,,232,True,3279000000,3.0,100000000,3081000000,41095375,38613861,12,0,1.5,30000000,False
20260630,502022,500,502,5001,TC-01,2025-06-10,AVAILABLE,,385,True,3849000000,3.0,100000000,3634000000,40498737,38236532,36,0,1.8,0,False
20260630,502023,500,502,5001,TC-01,2025-07-19,SOLD,2025-11-09,346,False,2203000000,1.0,100000000,2081000000,37606692,35524070,0,24,2.0,0,False
20260630,502024,500,502,5003,TC-01,2025-07-15,AVAILABLE,,350,True,2312000000,5.0,100000000,2096000000,43295880,39250936,0,0,1.8,0,False
20260630,502025,500,502,5002,TC-01,2026-04-01,AVAILABLE,,90,False,3044000000,2.0,100000000,2883000000,40798821,38640933,6,12,1.0,0,False
20260630,502026,500,502,5003,TC-01,2025-11-29,AVAILABLE,,213,True,3777000000,3.0,100000000,3564000000,45604926,43033084,0,18,2.0,0,False
20260630,502027,500,502,5004,TC-01,2026-03-17,AVAILABLE,,105,True,4357000000,0.0,50000000,4307000000,42003278,41521257,18,0,1.0,0,False
20260630,502028,500,502,5003,TC-01,2025-10-17,AVAILABLE,,256,True,3720000000,4.0,0,3571000000,49805864,47810952,0,0,1.8,0,False
20260630,502029,500,502,5003,TC-01,2025-07-15,AVAILABLE,,350,True,3863000000,3.0,100000000,3647000000,40101734,37859442,6,0,1.2,0,False
20260630,502030,500,502,5004,TC-01,2025-03-28,AVAILABLE,,459,True,2600000000,0.0,0,2600000000,44308112,44308112,12,0,1.5,0,False
20260630,502031,500,502,5004,TC-01,2025-06-28,AVAILABLE,,367,True,3663000000,3.0,150000000,3403000000,46502476,43201727,6,6,1.8,0,False
20260630,502032,500,502,5004,TC-01,2025-08-26,AVAILABLE,,308,True,1838000000,5.0,250000000,1496000000,35298636,28730555,6,0,2.5,0,False
20260630,502033,500,502,5003,TC-01,2026-03-30,SOLD,2026-04-21,92,False,3057000000,1.0,0,3026000000,45101800,44644438,18,6,1.0,0,False
20260630,502034,500,502,5001,TC-01,2026-01-13,AVAILABLE,,168,True,2361000000,0.0,150000000,2211000000,44007456,41211556,0,18,1.2,0,False
20260630,502035,500,502,5002,TC-01,2025-11-10,AVAILABLE,,232,True,1982000000,4.0,100000000,1803000000,35905797,32663043,6,12,1.5,0,True
20260630,502036,500,502,5003,TC-01,2025-09-05,AVAILABLE,,298,True,3124000000,0.0,50000000,3074000000,48607437,47829469,12,12,1.8,50000000,False
20260630,502037,500,502,5002,TC-01,2025-05-18,AVAILABLE,,408,True,3336000000,3.0,100000000,3136000000,43704965,41084764,0,18,1.2,50000000,True
20260630,502038,500,502,5002,TC-01,2025-07-29,AVAILABLE,,336,True,3123000000,2.0,150000000,2911000000,40105304,37382818,12,18,1.0,0,True
20260630,502039,500,502,5002,TC-01,2026-02-09,AVAILABLE,,141,True,2203000000,2.0,50000000,2109000000,42702074,40880016,18,12,1.0,30000000,False
20260630,502040,500,502,5003,TC-01,2025-05-04,AVAILABLE,,422,True,3998000000,3.0,100000000,3778000000,50397076,47623850,18,6,1.2,0,False
20260630,502041,500,502,5002,TC-01,2025-05-12,SOLD,2025-07-19,414,False,2891000000,2.0,50000000,2783000000,39301251,37833061,36,12,2.0,0,False
20260630,502042,500,502,5001,TC-01,2025-05-10,AVAILABLE,,416,True,3520000000,5.0,250000000,3094000000,44800815,39378898,0,18,1.5,0,False
20260630,502043,500,502,5001,TC-01,2026-01-08,SOLD,2026-05-03,173,False,2996000000,2.0,50000000,2886000000,41404091,39883914,24,12,1.5,80000000,False
20260630,502044,500,502,5001,TC-01,2025-09-09,AVAILABLE,,294,True,2663000000,0.0,150000000,2513000000,49205469,46433851,0,0,1.0,0,False
20260630,502045,500,502,5004,TC-01,2025-09-11,AVAILABLE,,292,True,2735000000,5.0,100000000,2498000000,37996666,34704084,0,0,1.2,80000000,False
20260630,502046,500,502,5003,TC-01,2026-03-28,AVAILABLE,,94,True,3272000000,3.0,0,3174000000,42604167,41328125,0,24,1.5,0,True
20260630,502047,500,502,5002,TC-01,2025-06-07,AVAILABLE,,388,True,3185000000,6.0,50000000,2944000000,41595925,38448479,0,12,1.5,0,False
20260630,502048,500,502,5001,TC-01,2025-06-05,AVAILABLE,,390,True,3585000000,1.0,0,3549000000,46697929,46228996,6,0,1.0,0,False
20260630,502049,500,502,5001,TC-01,2025-07-17,AVAILABLE,,348,True,3000000000,3.0,0,2910000000,37998733,36858771,18,0,1.5,30000000,False
20260630,502050,500,502,5002,TC-01,2025-11-19,SOLD,2026-01-27,223,False,3295000000,3.0,150000000,3046000000,48193652,44551704,0,0,1.5,0,True
20260630,502051,500,502,5001,TC-01,2026-03-09,AVAILABLE,,113,True,2774000000,6.0,100000000,2508000000,40896359,36974790,18,12,1.5,0,False
20260630,502052,500,502,5001,TC-01,2025-10-01,SOLD,2026-01-15,272,False,3206000000,3.0,50000000,3060000000,44695385,42659975,0,6,1.5,0,False
20260630,502053,500,502,5004,TC-01,2025-07-01,AVAILABLE,,364,True,2907000000,3.0,150000000,2670000000,45600000,41882353,18,12,1.2,0,False
20260630,502054,500,502,5004,TC-01,2025-10-18,SOLD,2026-04-17,255,False,2694000000,3.0,150000000,2463000000,34498655,31540530,18,24,1.5,0,False
20260630,502055,500,502,5001,TC-01,2025-12-01,SOLD,2026-04-07,211,False,2878000000,6.0,100000000,2605000000,43297728,39190612,0,0,1.0,30000000,False
20260630,502056,500,502,5002,TC-01,2026-04-12,AVAILABLE,,79,False,2207000000,2.0,250000000,1913000000,44903357,38921668,0,12,1.8,30000000,False
20260630,502057,500,502,5003,TC-01,2025-07-14,AVAILABLE,,351,True,2926000000,0.0,0,2926000000,39201501,39201501,12,18,1.0,0,True
20260630,502058,500,502,5002,TC-01,2025-10-04,AVAILABLE,,269,True,5235000000,3.0,50000000,5028000000,45696578,43889665,0,0,1.0,0,False
20260630,502059,500,502,5004,TC-01,2025-12-05,AVAILABLE,,207,True,3796000000,3.0,0,3682000000,34999078,33947999,36,6,1.2,0,False
20260630,502060,500,502,5001,TC-01,2025-09-29,AVAILABLE,,274,True,3269000000,1.0,50000000,3186000000,39605040,38599467,12,12,1.0,80000000,False
20260630,502061,500,502,5003,TC-01,2025-07-27,AVAILABLE,,338,True,3581000000,5.0,50000000,3352000000,42203889,39505009,6,0,1.2,0,False
20260630,502062,500,502,5002,TC-01,2026-01-21,AVAILABLE,,160,True,2243000000,6.0,100000000,2008000000,45496957,40730223,6,12,1.8,0,True
20260630,502063,500,502,5004,TC-01,2025-12-14,AVAILABLE,,198,True,4170000000,3.0,0,4045000000,39996163,38797238,12,6,1.8,0,False
20260630,502064,500,502,5004,TC-01,2025-10-30,AVAILABLE,,243,True,4127000000,4.0,50000000,3912000000,45197678,42843062,18,0,1.5,0,False
20260630,502065,500,502,5004,TC-01,2025-11-14,AVAILABLE,,228,True,2609000000,1.0,50000000,2533000000,39996934,38831826,0,6,2.0,80000000,False
20260630,502066,500,502,5001,TC-01,2026-03-20,SOLD,2026-05-06,102,False,1967000000,1.0,100000000,1847000000,42492979,39900626,24,0,1.5,0,True
20260630,502067,500,502,5004,TC-01,2025-10-16,AVAILABLE,,257,True,2903000000,5.0,100000000,2658000000,47597967,43580915,12,18,1.5,0,False
20260630,502068,500,502,5001,TC-01,2026-01-06,AVAILABLE,,175,True,5562000000,3.0,100000000,5295000000,50499364,48075177,24,24,1.0,0,False
20260630,502069,500,502,5003,TC-01,2025-05-09,AVAILABLE,,417,True,3744000000,3.0,0,3632000000,35003740,33956619,18,12,1.2,0,True
20260630,502070,500,502,5001,TC-01,2025-12-21,AVAILABLE,,191,True,1962000000,4.0,100000000,1784000000,45606695,41469084,24,12,1.2,0,False
20260630,502071,500,502,5002,TC-01,2025-12-17,AVAILABLE,,195,True,1594000000,1.0,50000000,1528000000,31995183,30670413,24,0,1.2,0,True
20260630,502072,500,502,5001,TC-01,2025-09-10,AVAILABLE,,293,True,2460000000,4.0,100000000,2262000000,41893733,38521798,0,18,1.2,80000000,False
20260630,502073,500,502,5002,TC-01,2026-03-14,AVAILABLE,,108,True,2579000000,0.0,50000000,2529000000,37600233,36871264,12,6,1.2,80000000,True
20260630,502074,500,502,5003,TC-01,2025-11-18,AVAILABLE,,224,True,3177000000,2.0,150000000,2963000000,32695276,30492950,18,12,1.5,0,True
20260630,502075,500,502,5003,TC-01,2026-01-19,AVAILABLE,,162,True,2947000000,2.0,0,2888000000,39493433,38702761,24,0,1.5,0,False
20260630,502076,500,502,5001,TC-01,2025-11-21,AVAILABLE,,221,True,2119000000,1.0,50000000,2048000000,41097750,39720714,18,0,2.0,0,False
20260630,502077,500,502,5004,TC-01,2025-05-05,SOLD,2025-06-10,421,False,2750000000,4.0,250000000,2390000000,40293040,35018315,18,0,1.0,0,False
20260630,502078,500,502,5003,TC-01,2025-06-08,SOLD,2025-12-13,387,False,2772000000,0.0,0,2772000000,38998312,38998312,6,6,1.2,0,False
20260630,502079,500,502,5003,TC-01,2025-04-17,AVAILABLE,,439,True,2755000000,4.0,0,2645000000,41397446,39744553,24,0,1.5,0,True
20260630,502080,500,502,5004,TC-01,2025-04-04,AVAILABLE,,452,True,2545000000,3.0,50000000,2419000000,46105072,43822464,0,6,1.2,0,True
20260630,502081,500,502,5004,TC-01,2026-02-09,AVAILABLE,,141,True,2905000000,2.0,50000000,2797000000,41702555,40152168,6,6,1.8,0,True
20260630,502082,500,502,5001,TC-01,2025-07-29,AVAILABLE,,336,True,5638000000,2.0,100000000,5425000000,52001476,50036894,12,12,1.8,0,False
20260630,502083,500,502,5001,TC-01,2025-08-04,AVAILABLE,,330,True,5454000000,2.0,0,5345000000,49402174,48414855,0,0,1.0,0,True
20260630,502084,500,502,5002,TC-01,2025-05-07,SOLD,2026-01-16,419,False,3388000000,0.0,0,3388000000,43699213,43699213,18,18,1.8,0,False
20260630,502085,500,502,5001,TC-01,2025-06-08,AVAILABLE,,387,True,2948000000,3.0,0,2860000000,39306667,38133333,6,6,1.2,80000000,False
20260630,502086,500,502,5001,TC-01,2025-11-03,AVAILABLE,,239,True,2316000000,0.0,100000000,2216000000,43706360,41819211,36,6,1.5,30000000,False
20260630,502087,500,502,5002,TC-01,2026-03-18,AVAILABLE,,104,True,4789000000,1.0,50000000,4691000000,44903891,43984998,18,0,1.8,0,True
20260630,502088,500,502,5001,TC-01,2026-01-28,SOLD,2026-04-03,153,False,2011000000,4.0,100000000,1831000000,40099701,36510469,0,18,2.0,0,False
20260630,502089,500,502,5004,TC-01,2026-03-07,AVAILABLE,,115,True,2137000000,1.0,250000000,1866000000,36201931,31611045,6,0,1.8,80000000,False
20260630,502090,500,502,5002,TC-01,2025-10-16,AVAILABLE,,257,True,3153000000,4.0,100000000,2927000000,46898706,43537111,24,0,1.0,0,True
20260630,502091,500,502,5004,TC-01,2025-11-22,AVAILABLE,,220,True,2031000000,4.0,0,1950000000,34094343,32734598,0,12,1.8,30000000,False
20260630,502092,500,502,5004,TC-01,2026-01-24,SOLD,2026-03-07,157,False,2385000000,3.0,100000000,2213000000,43498085,40361116,0,6,2.5,0,False
20260630,502093,500,502,5002,TC-01,2026-01-19,AVAILABLE,,162,True,4464000000,4.0,0,4285000000,40696508,39064637,0,12,1.0,50000000,True
20260630,502094,500,502,5004,TC-01,2026-03-07,AVAILABLE,,115,True,2459000000,2.0,0,2410000000,46195754,45275221,24,0,1.0,0,True
20260630,502095,500,502,5001,TC-01,2025-07-06,AVAILABLE,,359,True,3989000000,2.0,100000000,3809000000,40996917,39146968,0,6,1.2,0,False
20260630,502096,500,502,5001,TC-01,2025-06-29,SOLD,2026-02-14,366,False,1884000000,5.0,150000000,1640000000,33594864,29243937,24,6,1.8,30000000,False
20260630,502097,500,502,5002,TC-01,2026-02-24,AVAILABLE,,126,True,3348000000,6.0,100000000,3047000000,44897412,40860936,0,12,1.2,0,False
20260630,502098,500,502,5002,TC-01,2025-04-08,AVAILABLE,,448,True,2981000000,3.0,250000000,2642000000,40305571,35722012,18,0,1.2,0,True
20260630,502099,500,502,5004,TC-01,2026-03-02,AVAILABLE,,120,True,2688000000,6.0,100000000,2427000000,46400829,41895391,24,6,1.5,0,False
20260630,502100,500,502,5004,TC-01,2025-06-22,AVAILABLE,,373,True,1930000000,5.0,0,1834000000,37895150,36010210,6,6,1.2,0,False
20260630,502101,500,502,5002,TC-01,2025-05-25,AVAILABLE,,401,True,4363000000,2.0,250000000,4026000000,41304554,38114172,24,0,2.0,0,False
20260630,502102,500,502,5001,TC-01,2025-07-17,AVAILABLE,,348,True,3265000000,3.0,100000000,3067000000,46096287,43300861,18,0,1.5,0,False
20260630,502103,500,502,5003,TC-01,2025-04-05,AVAILABLE,,451,True,3449000000,4.0,250000000,3061000000,42999626,38162324,18,0,1.8,50000000,False
20260630,502104,500,502,5002,TC-01,2025-10-26,AVAILABLE,,247,True,3486000000,1.0,150000000,3301000000,45802128,43371436,0,12,1.0,0,False
20260630,502105,500,502,5003,TC-01,2025-05-28,SOLD,2025-09-13,398,False,4452000000,3.0,100000000,4218000000,44298507,41970149,0,6,1.0,0,False
20260630,502106,500,502,5004,TC-01,2025-11-26,AVAILABLE,,216,True,4502000000,4.0,0,4322000000,42395706,40700631,12,6,1.8,0,False
20260630,502107,500,502,5004,TC-01,2025-08-22,AVAILABLE,,312,True,1959000000,4.0,0,1881000000,42494577,40802603,0,12,1.8,30000000,False
20260630,502108,500,502,5003,TC-01,2026-02-07,AVAILABLE,,143,True,3010000000,0.0,100000000,2910000000,42901938,41476625,24,0,1.8,0,False
20260630,502109,500,502,5004,TC-01,2025-04-22,AVAILABLE,,434,True,1727000000,6.0,250000000,1373000000,37004500,29419327,12,18,1.2,0,False
20260630,502110,500,502,5003,TC-01,2025-03-23,AVAILABLE,,464,True,1853000000,2.0,150000000,1666000000,45606695,41004184,12,18,1.0,0,False
20260630,502111,500,502,5003,TC-01,2025-10-25,AVAILABLE,,248,True,4432000000,1.0,100000000,4288000000,41997536,40632995,6,0,1.5,0,False
20260630,502112,500,502,5002,TC-01,2025-04-20,AVAILABLE,,436,True,4021000000,6.0,0,3780000000,48300300,45405405,0,18,1.2,0,False
20260630,502113,500,502,5003,TC-01,2025-07-18,AVAILABLE,,347,True,3306000000,2.0,0,3240000000,42603093,41752577,0,6,1.2,0,False
20260630,502114,500,502,5001,TC-01,2026-03-19,AVAILABLE,,103,True,2906000000,0.0,250000000,2656000000,39095924,35732544,24,0,2.0,0,False
20260630,502115,500,502,5001,TC-01,2026-03-10,SOLD,2026-04-02,112,False,3107000000,3.0,250000000,2764000000,39096514,34780420,36,0,1.5,0,True
20260630,502116,500,502,5004,TC-01,2025-04-23,SOLD,2026-01-04,433,False,5080000000,5.0,50000000,4776000000,45699892,42965095,0,18,1.8,0,False
20260630,502117,500,502,5004,TC-01,2025-05-29,AVAILABLE,,397,True,4239000000,4.0,150000000,3919000000,43597655,40306490,0,0,1.5,80000000,False
20260630,502118,500,502,5002,TC-01,2025-12-27,AVAILABLE,,185,True,2241000000,5.0,50000000,2079000000,41096644,38125802,0,0,1.2,0,False
20260630,502119,500,502,5002,TC-01,2025-07-15,AVAILABLE,,350,True,5173000000,2.0,150000000,4920000000,44998260,42797495,0,6,1.5,0,False
20260630,502120,500,502,5001,TC-01,2025-04-24,AVAILABLE,,432,True,2708000000,3.0,100000000,2527000000,37197802,34711538,0,6,1.0,0,True
20260630,502121,500,502,5004,TC-01,2026-02-08,AVAILABLE,,142,True,2286000000,0.0,0,2286000000,43303656,43303656,6,0,1.2,0,True
20260630,502122,500,502,5004,TC-01,2025-07-29,AVAILABLE,,336,True,3137000000,2.0,100000000,2974000000,39693787,37631279,0,6,1.0,0,False
20260630,502123,500,502,5003,TC-01,2025-11-13,AVAILABLE,,229,True,2836000000,5.0,100000000,2594000000,42505995,38878897,12,6,1.2,0,False
20260630,502124,500,502,5003,TC-01,2026-02-01,AVAILABLE,,149,True,2762000000,5.0,0,2624000000,42297090,40183767,24,12,1.5,50000000,False
20260630,502125,500,502,5002,TC-01,2025-11-30,AVAILABLE,,212,True,4758000000,4.0,0,4568000000,44903737,43110608,36,18,1.8,0,False
20260630,502126,500,502,5002,TC-01,2025-12-13,AVAILABLE,,199,True,1963000000,0.0,50000000,1913000000,48697594,47457207,0,0,1.2,0,True
20260630,502127,500,502,5003,TC-01,2026-01-17,AVAILABLE,,164,True,2858000000,1.0,50000000,2779000000,37506562,36469816,0,18,1.8,80000000,False
20260630,502128,500,502,5003,TC-01,2025-05-31,AVAILABLE,,395,True,4370000000,0.0,50000000,4320000000,44802132,44289522,12,24,2.0,0,False
20260630,502129,500,502,5004,TC-01,2026-03-20,AVAILABLE,,102,True,5175000000,1.0,50000000,5073000000,46504313,45587707,6,18,1.0,0,False
20260630,502130,500,502,5002,TC-01,2025-09-15,SOLD,2025-11-27,288,False,3985000000,3.0,50000000,3815000000,38295214,36661541,0,0,1.8,0,False
20260630,502131,500,502,5001,TC-01,2025-10-04,AVAILABLE,,269,True,4321000000,2.0,100000000,4135000000,39795542,38082520,12,6,1.8,0,False
20260630,502132,500,502,5001,TC-01,2025-06-19,AVAILABLE,,376,True,2369000000,1.0,0,2345000000,43700424,43257702,0,18,1.8,0,False
20260630,502133,500,502,5002,TC-01,2026-01-26,AVAILABLE,,155,True,2908000000,2.0,0,2850000000,36601636,35871617,0,0,1.0,80000000,False
20260630,502134,500,502,5001,TC-01,2025-10-10,AVAILABLE,,263,True,5079000000,1.0,50000000,4978000000,47596289,46649799,12,12,1.8,0,False
20260630,502135,500,502,5003,TC-01,2026-01-22,AVAILABLE,,159,True,3457000000,1.0,100000000,3322000000,43299098,41608216,0,18,1.8,0,False
20260630,502136,500,502,5002,TC-01,2025-03-20,AVAILABLE,,467,True,1815000000,6.0,150000000,1556000000,43400287,37207078,6,0,1.8,0,False
20260630,502137,500,502,5001,TC-01,2025-09-21,AVAILABLE,,282,True,2718000000,2.0,50000000,2614000000,35102673,33759525,0,12,1.0,0,True
20260630,502138,500,502,5003,TC-01,2025-06-27,SOLD,2025-11-19,368,False,2838000000,5.0,50000000,2646000000,39504454,36831849,36,6,2.5,0,False
20260630,502139,500,502,5004,TC-01,2025-05-16,AVAILABLE,,410,True,2963000000,0.0,250000000,2713000000,40897170,37446515,0,0,1.8,0,False
20260630,502140,500,502,5003,TC-01,2026-01-26,AVAILABLE,,155,True,1953000000,3.0,100000000,1794000000,37804878,34727062,6,12,1.8,0,False
20260630,502141,500,502,5003,TC-01,2026-01-07,AVAILABLE,,174,True,4199000000,3.0,100000000,3973000000,40301372,38132258,6,12,1.8,0,True
20260630,502142,500,502,5002,TC-01,2025-07-07,SOLD,2025-12-17,358,False,1589000000,4.0,100000000,1425000000,36790924,32993749,0,0,1.0,0,False
20260630,502143,500,502,5003,TC-01,2025-07-26,AVAILABLE,,339,True,4825000000,1.0,0,4777000000,43895560,43458879,0,6,1.5,0,False
20260630,502144,500,502,5002,TC-01,2025-04-07,AVAILABLE,,449,True,1972000000,4.0,0,1893000000,42500000,40797414,0,0,1.8,0,False
20260630,502145,500,502,5003,TC-01,2025-11-22,AVAILABLE,,220,True,4173000000,1.0,250000000,3881000000,43595905,40545341,18,18,2.0,0,False
20260630,502146,500,502,5004,TC-01,2026-02-08,AVAILABLE,,142,True,3125000000,2.0,0,3062000000,43204756,42333748,0,0,1.8,0,False
20260630,502147,500,502,5003,TC-01,2025-03-18,AVAILABLE,,469,True,4636000000,4.0,100000000,4351000000,44401877,41672254,18,0,2.0,0,False
20260630,502148,500,502,5003,TC-01,2026-01-14,AVAILABLE,,167,True,4427000000,2.0,0,4338000000,42997280,42132867,24,12,1.2,0,False
20260630,502149,500,502,5004,TC-01,2025-12-12,SOLD,2026-02-18,200,False,3572000000,4.0,100000000,3329000000,45503185,42407643,18,18,2.5,0,False
20260630,502150,500,502,5001,TC-01,2025-12-06,AVAILABLE,,206,True,2114000000,1.0,150000000,1943000000,42698445,39244597,6,0,1.0,0,True
20260630,502151,500,502,5001,TC-01,2025-05-23,AVAILABLE,,403,True,2685000000,4.0,250000000,2328000000,37494763,32509426,6,0,1.0,0,False
20260630,502152,500,502,5004,TC-01,2025-10-16,SOLD,2026-05-06,257,False,5071000000,2.0,100000000,4870000000,48900675,46962392,12,12,1.2,0,False
20260630,502153,500,502,5001,TC-01,2025-06-01,AVAILABLE,,394,True,4902000000,3.0,0,4755000000,42500434,41225941,0,0,1.0,0,False
20260630,502154,500,502,5004,TC-01,2025-09-04,SOLD,2025-10-03,299,False,2055000000,6.0,0,1932000000,38700565,36384181,6,18,1.0,0,False
20260630,502155,500,502,5004,TC-01,2025-09-01,AVAILABLE,,302,True,5267000000,2.0,250000000,4912000000,47600542,44392228,0,6,1.0,0,False
20260630,502156,500,502,5003,TC-01,2026-03-08,AVAILABLE,,114,True,2606000000,5.0,150000000,2326000000,46904248,41864651,12,0,2.5,0,False
20260630,502157,500,502,5003,TC-01,2025-04-20,AVAILABLE,,436,True,3525000000,2.0,100000000,3354000000,46000261,43768759,24,18,1.2,0,False
20260630,502158,500,502,5003,TC-01,2025-09-26,AVAILABLE,,277,True,1829000000,0.0,50000000,1779000000,33708072,32786583,12,0,1.8,50000000,False
20260630,502159,500,502,5004,TC-01,2025-08-03,SOLD,2025-12-22,331,False,3036000000,0.0,0,3036000000,52004111,52004111,0,18,1.8,0,False
20260630,502160,500,502,5003,TC-01,2026-02-26,AVAILABLE,,124,True,4440000000,1.0,50000000,4346000000,49399199,48353360,18,12,1.2,30000000,False
20260630,502161,500,502,5002,TC-01,2025-12-16,SOLD,2026-03-25,196,False,1985000000,2.0,0,1945000000,47796773,46833614,0,6,1.0,0,False
20260630,502162,500,502,5001,TC-01,2026-02-14,AVAILABLE,,136,True,3065000000,0.0,0,3065000000,40801384,40801384,0,12,1.5,0,False
20260630,502163,500,502,5002,TC-01,2025-10-10,AVAILABLE,,263,True,2727000000,3.0,150000000,2495000000,36896225,33757272,18,0,1.0,0,False
20260630,502164,500,502,5002,TC-01,2025-07-15,AVAILABLE,,350,True,1856000000,4.0,150000000,1632000000,40295267,35432045,12,12,1.8,0,False
20260630,502165,500,502,5001,TC-01,2025-07-31,AVAILABLE,,334,True,1485000000,4.0,100000000,1326000000,37901991,33843798,36,12,1.0,0,False
20260630,502166,500,502,5001,TC-01,2025-07-26,AVAILABLE,,339,True,2798000000,0.0,100000000,2698000000,34005834,32790472,0,12,1.0,0,True
20260630,502167,500,502,5003,TC-01,2026-02-05,AVAILABLE,,145,True,3232000000,5.0,100000000,2970000000,39405023,36210680,6,12,1.5,0,False
20260630,502168,500,502,5002,TC-01,2025-12-02,AVAILABLE,,210,True,2366000000,0.0,100000000,2266000000,45092434,43186583,6,24,1.2,0,False
20260630,502169,500,502,5002,TC-01,2025-07-07,AVAILABLE,,358,True,3547000000,0.0,100000000,3447000000,41504798,40334659,18,0,1.2,0,False
20260630,502170,500,502,5003,TC-01,2025-05-11,AVAILABLE,,415,True,2926000000,3.0,50000000,2788000000,38796075,36966322,18,0,1.5,80000000,False
20260630,502171,500,502,5004,TC-01,2025-12-31,AVAILABLE,,181,True,2247000000,4.0,150000000,2007000000,47890026,42774936,6,0,1.2,0,False
20260630,502172,500,502,5001,TC-01,2025-04-30,SOLD,2025-11-04,426,False,2810000000,1.0,250000000,2532000000,34394125,30991432,18,24,1.2,0,False
20260630,502173,500,502,5002,TC-01,2025-04-10,AVAILABLE,,446,True,3275000000,3.0,0,3177000000,41200151,39967291,12,12,2.0,0,True
20260630,502174,500,502,5004,TC-01,2025-07-25,AVAILABLE,,340,True,2309000000,4.0,50000000,2167000000,34401073,32285459,12,6,1.0,0,False
20260630,502175,500,502,5001,TC-01,2025-08-06,AVAILABLE,,328,True,2400000000,0.0,150000000,2250000000,42697029,40028465,18,18,1.0,0,False
20260630,502176,500,502,5002,TC-01,2026-02-24,SOLD,2026-03-15,126,False,2364000000,0.0,50000000,2314000000,40800828,39937867,36,0,1.0,0,False
20260630,502177,500,502,5003,TC-01,2025-12-20,SOLD,2026-04-27,192,False,3521000000,5.0,0,3345000000,48305666,45891069,0,0,1.8,80000000,False
20260630,502178,500,502,5004,TC-01,2026-03-23,AVAILABLE,,99,True,1710000000,0.0,100000000,1610000000,43992797,41420118,6,6,1.0,50000000,True
20260630,502179,500,502,5001,TC-01,2025-12-29,AVAILABLE,,183,True,2637000000,1.0,0,2611000000,39894100,39500756,12,12,1.2,0,False
20260630,502180,500,502,5001,TC-01,2025-03-26,AVAILABLE,,461,True,2635000000,1.0,150000000,2459000000,47597543,44418353,6,6,1.5,0,False
20260630,502181,500,502,5003,TC-01,2025-12-04,AVAILABLE,,208,True,2200000000,3.0,50000000,2084000000,43598890,41300040,18,0,1.5,30000000,False
20260630,502182,500,502,5004,TC-01,2026-04-03,AVAILABLE,,88,False,1912000000,2.0,0,1874000000,43395370,42532910,0,12,2.0,0,False
20260630,502183,500,502,5002,TC-01,2025-05-22,AVAILABLE,,404,True,2105000000,3.0,50000000,1992000000,45990824,43521958,18,0,2.0,0,False
20260630,502184,500,502,5002,TC-01,2025-12-11,AVAILABLE,,201,True,1939000000,3.0,0,1881000000,44108280,42788899,12,6,1.8,0,False
20260630,502185,500,502,5001,TC-01,2026-04-13,AVAILABLE,,78,False,2809000000,2.0,0,2753000000,37898003,37142472,0,6,1.0,0,True
20260630,502186,500,502,5002,TC-01,2025-03-27,AVAILABLE,,460,True,2023000000,3.0,250000000,1712000000,35691602,30204658,18,0,1.0,0,False
20260630,502187,500,502,5002,TC-01,2025-04-28,AVAILABLE,,428,True,4120000000,3.0,250000000,3746000000,50299109,45733122,0,0,1.5,0,False
20260630,502188,500,502,5002,TC-01,2025-04-30,AVAILABLE,,426,True,2901000000,0.0,100000000,2801000000,37500000,36207342,0,0,1.5,0,True
20260630,502189,500,502,5003,TC-01,2025-12-02,AVAILABLE,,210,True,2586000000,2.0,50000000,2484000000,34197302,32848453,0,0,1.5,30000000,False
20260630,502190,500,502,5002,TC-01,2026-02-23,AVAILABLE,,127,True,1967000000,4.0,100000000,1788000000,36291513,32988930,18,0,1.2,0,False
20260630,502191,500,502,5002,TC-01,2026-04-08,AVAILABLE,,83,False,3162000000,5.0,0,3004000000,39396960,37428358,0,6,2.0,50000000,False
20260630,502192,500,502,5003,TC-01,2025-05-22,AVAILABLE,,404,True,2885000000,0.0,50000000,2835000000,39694551,39006604,36,0,1.2,0,False
20260630,502193,500,502,5004,TC-01,2026-02-19,SOLD,2026-03-17,131,False,5014000000,2.0,250000000,4664000000,48100537,44742901,12,12,2.0,0,False
20260630,502194,500,502,5003,TC-01,2025-06-23,AVAILABLE,,372,True,3957000000,3.0,50000000,3788000000,37696485,36086501,24,0,1.5,0,False
20260630,502195,500,502,5003,TC-01,2026-04-15,AVAILABLE,,76,False,2874000000,3.0,0,2788000000,37500000,36377871,0,0,1.5,30000000,False
20260630,502196,500,502,5002,TC-01,2025-09-20,AVAILABLE,,283,True,2741000000,2.0,50000000,2636000000,35597403,34233766,18,0,1.8,0,False
20260630,502197,500,502,5003,TC-01,2025-10-30,AVAILABLE,,243,True,3360000000,3.0,100000000,3159000000,42493993,39951941,0,0,1.2,0,False
20260630,502198,500,502,5002,TC-01,2026-01-06,AVAILABLE,,175,True,3172000000,0.0,50000000,3122000000,41605456,40949633,24,18,1.5,0,False
20260630,502199,500,502,5002,TC-01,2026-02-10,SOLD,2026-03-07,140,False,1707000000,2.0,0,1673000000,41889571,41055215,18,18,1.2,0,True
20260630,502200,500,502,5004,TC-01,2025-12-01,AVAILABLE,,211,True,2517000000,1.0,150000000,2342000000,47997712,44660564,0,6,1.0,0,True
20260630,502201,500,502,5001,TC-01,2025-03-17,AVAILABLE,,470,True,2359000000,2.0,0,2312000000,42596605,41747923,6,6,1.0,0,False
20260630,502202,500,502,5001,TC-01,2026-01-27,AVAILABLE,,154,True,4739000000,3.0,100000000,4497000000,48302925,45836306,6,18,1.8,0,True
20260630,502203,500,502,5003,TC-01,2025-12-27,SOLD,2026-01-17,185,False,4304000000,3.0,150000000,4025000000,41900312,39184190,24,0,1.2,50000000,True
20260630,502204,500,502,5001,TC-01,2026-03-22,AVAILABLE,,100,True,1652000000,2.0,0,1619000000,42293907,41449053,0,0,1.0,0,True
20260630,502205,500,502,5002,TC-01,2025-09-18,SOLD,2026-01-30,285,False,2702000000,0.0,100000000,2602000000,37705833,36310354,12,12,2.0,0,False
20260630,502206,500,502,5004,TC-01,2025-10-30,AVAILABLE,,243,True,4903000000,1.0,50000000,4804000000,45503480,44584687,0,18,1.8,50000000,False
20260630,502207,500,502,5001,TC-01,2025-11-01,SOLD,2026-03-28,241,False,1947000000,3.0,100000000,1789000000,43508380,39977654,0,0,1.8,0,False
20260630,502208,500,502,5003,TC-01,2025-04-01,AVAILABLE,,455,True,2302000000,0.0,0,2302000000,44908311,44908311,24,12,2.0,0,False
20260630,502209,500,502,5004,TC-01,2025-07-26,AVAILABLE,,339,True,3263000000,1.0,250000000,2980000000,42103226,38451613,0,0,1.0,0,False
20260630,502210,500,502,5003,TC-01,2025-11-16,AVAILABLE,,226,True,2159000000,3.0,100000000,1994000000,40597969,37495299,6,18,1.0,0,True
20260630,502211,500,502,5002,TC-01,2026-04-02,AVAILABLE,,89,False,5074000000,3.0,0,4922000000,46503529,45110439,0,6,1.0,0,False
20260630,502212,500,502,5003,TC-01,2025-03-21,AVAILABLE,,466,True,3652000000,3.0,0,3542000000,49000403,47524487,12,0,1.2,0,False
20260630,502213,500,502,5003,TC-01,2025-12-03,AVAILABLE,,209,True,2926000000,3.0,50000000,2788000000,37803618,36020672,18,0,1.8,0,False
20260630,502214,500,502,5003,TC-01,2025-11-20,AVAILABLE,,222,True,3393000000,3.0,150000000,3141000000,42900493,39714250,12,6,1.8,0,False
20260630,502215,500,502,5002,TC-01,2026-02-05,AVAILABLE,,145,True,2805000000,3.0,50000000,2671000000,42493562,40463566,12,12,1.0,0,False
20260630,502216,500,502,5001,TC-01,2025-05-12,AVAILABLE,,414,True,4609000000,2.0,150000000,4367000000,44000000,41689737,12,6,1.0,0,True
20260630,502217,500,502,5001,TC-01,2025-07-25,AVAILABLE,,340,True,2542000000,5.0,100000000,2315000000,42600972,38796715,0,0,1.8,0,False
20260630,502218,500,502,5001,TC-01,2025-06-18,AVAILABLE,,377,True,4324000000,3.0,250000000,3944000000,46604872,42509161,18,6,1.8,0,False
20260630,502219,500,502,5002,TC-01,2025-08-04,AVAILABLE,,330,True,2147000000,5.0,100000000,1940000000,43303752,39128681,0,18,1.2,0,False
20260630,502220,500,502,5001,TC-01,2025-06-10,AVAILABLE,,385,True,2642000000,3.0,100000000,2463000000,36806910,34313179,18,12,1.5,80000000,False
20260630,502221,500,502,5002,TC-01,2025-06-19,AVAILABLE,,376,True,2085000000,2.0,150000000,1893000000,42002417,38134569,18,0,1.8,50000000,False
20260630,502222,500,502,5004,TC-01,2025-07-24,AVAILABLE,,341,True,4057000000,4.0,100000000,3795000000,38298877,35825545,0,12,1.2,0,True
20260630,502223,500,502,5004,TC-01,2025-06-10,AVAILABLE,,385,True,4900000000,1.0,100000000,4751000000,44195905,42851989,6,0,1.0,0,False
20260630,502224,500,502,5002,TC-01,2025-04-20,SOLD,2025-06-09,436,False,3347000000,2.0,100000000,3180000000,46700153,44370029,12,12,1.0,0,False
20260630,502225,500,502,5002,TC-01,2026-01-20,SOLD,2026-03-16,161,False,3220000000,3.0,50000000,3073000000,41398817,39508871,12,18,1.2,0,True
20260630,502226,500,502,5003,TC-01,2025-06-25,SOLD,2025-11-09,370,False,2588000000,0.0,0,2588000000,46404877,46404877,12,24,1.2,0,False
20260630,502227,500,502,5001,TC-01,2025-10-17,AVAILABLE,,256,True,3724000000,5.0,250000000,3288000000,33802306,29844785,18,6,1.0,0,False
20260630,502228,500,502,5003,TC-01,2025-07-09,AVAILABLE,,356,True,3425000000,3.0,50000000,3272000000,44695289,42698682,6,12,1.0,50000000,False
20260630,502229,500,502,5001,TC-01,2026-04-03,AVAILABLE,,88,False,3597000000,2.0,0,3525000000,44396445,43507776,0,0,1.0,0,False
20260630,502230,500,502,5003,TC-01,2025-06-23,AVAILABLE,,372,True,2118000000,5.0,0,2012000000,41407625,39335288,0,12,1.2,0,False
20260630,502231,500,502,5002,TC-01,2025-05-02,AVAILABLE,,424,True,4723000000,0.0,100000000,4623000000,43699112,42773871,24,0,1.5,30000000,False
20260630,502232,500,502,5001,TC-01,2026-01-26,SOLD,2026-02-27,155,False,3979000000,3.0,100000000,3760000000,37000186,34963734,0,0,1.2,0,False
20260630,502233,500,502,5003,TC-01,2026-04-08,AVAILABLE,,83,False,2999000000,3.0,0,2909000000,41497163,40251833,12,0,1.2,0,False
20260630,502234,500,502,5001,TC-01,2026-02-03,AVAILABLE,,147,True,4159000000,1.0,50000000,4067000000,43201413,42245767,0,18,1.0,0,False
20260630,502235,500,502,5004,TC-01,2025-04-01,AVAILABLE,,455,True,3518000000,3.0,100000000,3312000000,44695718,42078516,18,12,1.8,0,False
20260630,502236,500,502,5001,TC-01,2026-03-08,AVAILABLE,,114,True,2269000000,4.0,50000000,2128000000,43904799,41176471,36,12,1.8,0,False
20260630,502237,500,502,5004,TC-01,2025-10-21,AVAILABLE,,252,True,4119000000,5.0,50000000,3863000000,41396985,38824121,36,18,1.2,0,False
20260630,502238,500,502,5004,TC-01,2025-05-27,SOLD,2025-12-30,399,False,2537000000,0.0,100000000,2437000000,35206772,33819040,36,12,1.0,0,False
20260630,502239,500,502,5003,TC-01,2025-04-12,AVAILABLE,,444,True,1714000000,2.0,150000000,1530000000,39204026,34995425,18,12,1.2,0,False
20260630,502240,500,502,5002,TC-01,2025-07-25,AVAILABLE,,340,True,4261000000,3.0,0,4133000000,38401226,37247657,24,12,1.8,0,False
20260630,502241,500,502,5004,TC-01,2025-11-08,AVAILABLE,,234,True,2840000000,2.0,50000000,2733000000,38904110,37438356,18,12,1.0,0,False
20260630,502242,500,502,5004,TC-01,2025-09-23,AVAILABLE,,280,True,3326000000,3.0,50000000,3176000000,43206028,41257469,18,0,1.0,0,False
20260630,502243,500,502,5003,TC-01,2025-12-10,AVAILABLE,,202,True,1823000000,0.0,0,1823000000,42101617,42101617,6,12,1.2,30000000,False
20260630,502244,500,502,5001,TC-01,2025-08-07,AVAILABLE,,327,True,1644000000,3.0,0,1595000000,39796659,38610506,12,0,1.2,30000000,False
20260630,502245,500,502,5002,TC-01,2026-01-11,AVAILABLE,,170,True,3933000000,1.0,100000000,3794000000,48104207,46404110,24,0,1.0,0,False
20260630,502246,500,502,5001,TC-01,2025-04-20,AVAILABLE,,436,True,3459000000,5.0,100000000,3186000000,44898754,41355140,36,0,1.2,0,False
20260630,502247,500,502,5002,TC-01,2025-06-05,AVAILABLE,,390,True,3182000000,2.0,0,3118000000,41095183,40268630,24,0,1.5,0,False
20260630,502248,500,502,5004,TC-01,2025-12-19,AVAILABLE,,193,True,4129000000,4.0,100000000,3864000000,44202976,41366021,24,12,1.8,0,False
20260630,502249,500,502,5004,TC-01,2026-02-22,AVAILABLE,,128,True,2852000000,2.0,0,2795000000,36895213,36157827,0,18,1.0,0,False
20260630,502250,500,502,5003,TC-01,2025-10-04,AVAILABLE,,269,True,3944000000,4.0,100000000,3686000000,38496828,35978526,0,18,1.8,80000000,False
20260630,502251,500,502,5004,TC-01,2026-03-31,AVAILABLE,,91,True,1707000000,4.0,0,1639000000,39196326,37634902,18,12,1.2,0,False
20260630,502252,500,502,5001,TC-01,2026-02-07,SOLD,2026-04-20,143,False,5126000000,2.0,100000000,4923000000,50898620,48882931,0,18,2.0,0,False
20260630,502253,500,502,5001,TC-01,2026-03-27,AVAILABLE,,95,True,2676000000,2.0,50000000,2572000000,48198847,46325648,36,6,1.2,0,True
20260630,502254,500,502,5003,TC-01,2025-10-13,AVAILABLE,,260,True,3011000000,6.0,0,2830000000,41594143,39093797,12,6,2.0,0,True
20260630,502255,500,502,5004,TC-01,2025-10-15,AVAILABLE,,258,True,2296000000,1.0,250000000,2023000000,34100698,30046042,24,18,1.0,0,False
20260630,502256,500,502,5002,TC-01,2026-02-28,AVAILABLE,,122,True,3862000000,3.0,100000000,3646000000,36999425,34930063,0,0,1.2,0,False
20260630,502257,500,502,5004,TC-01,2025-05-04,AVAILABLE,,422,True,2783000000,2.0,150000000,2577000000,48602864,45005239,0,6,1.2,0,False
20260630,502258,500,502,5003,TC-01,2025-10-27,AVAILABLE,,246,True,3387000000,2.0,50000000,3269000000,41701551,40248707,24,18,1.2,0,True
20260630,502259,500,502,5001,TC-01,2025-08-06,AVAILABLE,,328,True,1879000000,0.0,50000000,1829000000,46706438,45463584,0,12,1.0,0,False
20260630,502260,500,502,5004,TC-01,2026-03-16,AVAILABLE,,106,True,2831000000,3.0,50000000,2696000000,37001699,35237224,0,6,1.2,0,False
20260630,502261,500,502,5001,TC-01,2025-06-18,AVAILABLE,,377,True,2248000000,5.0,50000000,2086000000,35396001,32845221,6,0,1.8,0,False
20260630,502262,500,502,5004,TC-01,2025-11-30,SOLD,2026-04-19,212,False,3395000000,2.0,50000000,3277000000,43603904,42088364,0,0,1.8,0,False
20260630,502263,500,502,5002,TC-01,2025-08-29,SOLD,2025-12-10,305,False,3633000000,3.0,0,3524000000,44505696,43170403,12,0,1.0,0,False
20260630,502264,500,502,5004,TC-01,2026-02-01,AVAILABLE,,149,True,4531000000,3.0,0,4395000000,41504076,40258313,18,6,1.5,0,False
20260630,502265,500,502,5004,TC-01,2026-01-28,AVAILABLE,,153,True,3243000000,3.0,100000000,3046000000,40305742,37857320,0,24,1.2,0,False
20260630,502266,500,502,5001,TC-01,2025-06-07,AVAILABLE,,388,True,2031000000,4.0,150000000,1800000000,48810382,43258832,0,0,1.5,30000000,False
20260630,502267,500,502,5001,TC-01,2026-01-27,AVAILABLE,,154,True,3826000000,1.0,50000000,3738000000,49798256,48652870,0,12,1.5,0,False
20260630,502268,500,502,5002,TC-01,2025-11-15,AVAILABLE,,227,True,2854000000,3.0,100000000,2668000000,37098661,34680879,24,0,1.0,0,True
20260630,502269,500,502,5003,TC-01,2025-05-15,SOLD,2025-09-17,411,False,3973000000,1.0,100000000,3833000000,39997987,38588543,18,24,1.0,0,True
20260630,502270,500,502,5003,TC-01,2026-03-13,SOLD,2026-04-01,109,False,4741000000,3.0,150000000,4449000000,43995917,41286192,12,6,1.0,0,False
20260630,502271,500,502,5003,TC-01,2025-11-03,AVAILABLE,,239,True,4826000000,4.0,50000000,4583000000,42104345,39984296,0,0,1.0,0,False
20260630,502272,500,502,5004,TC-01,2025-05-09,AVAILABLE,,417,True,4079000000,2.0,150000000,3847000000,39498402,37251864,0,0,1.0,0,False
20260630,502273,500,502,5004,TC-01,2025-12-25,AVAILABLE,,187,True,3147000000,3.0,100000000,2953000000,41304633,38758367,18,18,2.5,0,False
20260630,502274,500,502,5002,TC-01,2025-07-25,AVAILABLE,,340,True,2120000000,4.0,100000000,1935000000,38398841,35047999,0,0,1.0,0,True
20260630,502275,500,502,5002,TC-01,2026-04-03,AVAILABLE,,88,False,3449000000,3.0,0,3346000000,44903007,43562036,0,6,1.8,0,False
20260630,502276,500,502,5002,TC-01,2025-11-05,AVAILABLE,,237,True,2644000000,1.0,0,2618000000,38103473,37728779,0,0,1.5,0,False
20260630,502277,500,502,5002,TC-01,2025-05-28,AVAILABLE,,398,True,4344000000,4.0,0,4170000000,43900960,42142496,12,0,1.0,0,True
20260630,502278,500,502,5002,TC-01,2025-09-26,AVAILABLE,,277,True,2669000000,3.0,0,2589000000,40904215,39678161,18,24,1.5,50000000,True
20260630,502279,500,502,5003,TC-01,2025-12-17,AVAILABLE,,195,True,3338000000,2.0,150000000,3121000000,32896423,30757859,6,12,1.0,0,False
20260630,502280,500,502,5001,TC-01,2025-12-30,AVAILABLE,,182,True,4912000000,4.0,0,4716000000,43399894,41668139,24,0,1.5,50000000,False
20260630,502281,500,502,5002,TC-01,2026-02-06,SOLD,2026-05-07,144,False,2208000000,1.0,50000000,2136000000,42396313,41013825,6,0,1.8,80000000,False
20260630,502282,500,502,5001,TC-01,2026-01-23,AVAILABLE,,158,True,2826000000,4.0,0,2713000000,37297083,35805728,0,0,1.5,0,False
20260630,502283,500,502,5001,TC-01,2026-02-11,AVAILABLE,,139,True,3918000000,3.0,50000000,3750000000,37000661,35414109,0,0,1.0,0,False
20260630,502284,500,502,5002,TC-01,2025-06-10,AVAILABLE,,385,True,2385000000,2.0,0,2337000000,37893232,37130601,12,12,2.0,0,False
20260630,502285,500,502,5003,TC-01,2025-03-24,SOLD,2025-07-24,463,False,4460000000,4.0,100000000,4182000000,43196126,40503632,12,0,1.5,0,False
20260630,502286,500,502,5003,TC-01,2025-09-29,AVAILABLE,,274,True,3652000000,3.0,50000000,3492000000,46204453,44180162,0,24,1.2,0,False
20260630,502287,500,502,5001,TC-01,2025-06-19,AVAILABLE,,376,True,3627000000,4.0,150000000,3332000000,45005584,41345080,0,6,2.0,0,False
20260630,502288,500,502,5001,TC-01,2026-01-05,AVAILABLE,,176,True,2837000000,1.0,250000000,2559000000,41403970,37346760,6,0,1.5,0,False
20260630,502289,500,502,5004,TC-01,2026-03-23,SOLD,2026-04-22,99,False,4831000000,3.0,150000000,4536000000,50697870,47602057,0,18,2.0,0,False
20260630,502290,500,502,5004,TC-01,2025-11-24,SOLD,2025-12-31,218,False,2245000000,2.0,0,2200000000,38607051,37833190,6,24,1.8,0,False
20260630,502291,500,502,5002,TC-01,2025-12-12,AVAILABLE,,200,True,3672000000,1.0,150000000,3485000000,41604351,39485611,12,12,1.8,0,True
20260630,502292,500,502,5002,TC-01,2025-06-09,AVAILABLE,,386,True,2746000000,4.0,150000000,2486000000,50403818,45631424,0,12,2.5,0,False
20260630,502293,500,502,5001,TC-01,2026-03-09,AVAILABLE,,113,True,2108000000,4.0,100000000,1924000000,39691207,36226699,0,12,1.0,0,False
20260630,502294,500,502,5001,TC-01,2026-02-07,AVAILABLE,,143,True,2406000000,4.0,100000000,2210000000,35596982,32697145,0,0,2.0,0,False
20260630,502295,500,502,5002,TC-01,2026-01-03,AVAILABLE,,178,True,5112000000,3.0,150000000,4809000000,45299070,42614089,24,0,1.0,0,False
20260630,502296,500,502,5002,TC-01,2026-04-05,AVAILABLE,,86,False,1973000000,2.0,100000000,1834000000,33497453,31137521,0,12,1.0,0,True
20260630,502297,500,502,5002,TC-01,2026-04-15,AVAILABLE,,76,False,4565000000,1.0,150000000,4369000000,44597499,42682689,12,0,1.8,0,False
20260630,502298,500,502,5004,TC-01,2025-06-04,AVAILABLE,,391,True,1575000000,2.0,100000000,1444000000,36790470,33730437,24,0,1.8,0,False
20260630,502299,500,502,5003,TC-01,2025-06-18,SOLD,2025-09-08,377,False,2133000000,4.0,150000000,1898000000,40597640,36124857,6,18,1.8,30000000,False
20260630,502300,500,502,5003,TC-01,2025-09-16,AVAILABLE,,287,True,2970000000,5.0,100000000,2722000000,40303976,36938526,18,12,1.2,80000000,False
20260630,502301,500,502,5004,TC-01,2025-09-23,SOLD,2025-10-19,280,False,2750000000,2.0,100000000,2595000000,35603314,33596582,0,0,1.0,0,True
20260630,502302,500,502,5004,TC-01,2025-08-08,AVAILABLE,,326,True,3412000000,6.0,250000000,2957000000,41004687,35536594,0,0,1.0,0,False
20260630,502303,500,502,5004,TC-01,2025-06-11,AVAILABLE,,384,True,4148000000,1.0,250000000,3857000000,42005063,39058228,0,12,1.5,0,False
20260630,502304,500,502,5001,TC-01,2025-09-17,SOLD,2026-01-28,286,False,5041000000,0.0,0,5041000000,48700609,48700609,0,0,1.2,0,False
20260630,502305,500,502,5002,TC-01,2025-04-26,AVAILABLE,,430,True,3363000000,4.0,150000000,3078000000,48696785,44569939,0,12,1.0,0,True
20260630,502306,500,502,5001,TC-01,2025-05-09,AVAILABLE,,417,True,3518000000,4.0,0,3377000000,46701181,44829417,18,0,1.0,0,False
20260630,502307,500,502,5002,TC-01,2025-05-01,AVAILABLE,,425,True,3411000000,0.0,50000000,3361000000,44905213,44246972,12,6,1.2,0,False
20260630,502308,500,502,5002,TC-01,2025-12-08,SOLD,2026-03-18,204,False,2724000000,4.0,250000000,2365000000,48608137,42201999,6,0,1.8,0,True
20260630,502309,500,502,5001,TC-01,2025-09-17,AVAILABLE,,286,True,3836000000,1.0,0,3798000000,40104548,39707266,0,12,1.2,0,False
20260630,502310,500,502,5001,TC-01,2025-05-30,AVAILABLE,,396,True,3405000000,3.0,100000000,3203000000,46900826,44118457,0,0,2.0,0,True
20260630,502311,500,502,5001,TC-01,2025-04-15,AVAILABLE,,441,True,3127000000,5.0,250000000,2721000000,41704455,36289677,6,12,1.2,0,False
20260630,502312,500,502,5001,TC-01,2025-08-11,AVAILABLE,,323,True,3682000000,3.0,0,3572000000,49099880,47633018,24,18,1.5,0,True
20260630,502313,500,502,5003,TC-01,2026-02-27,SOLD,2026-04-20,123,False,3043000000,0.0,150000000,2893000000,38094642,36216825,6,0,1.5,0,False
20260630,502314,500,502,5002,TC-01,2026-01-06,AVAILABLE,,175,True,3067000000,3.0,50000000,2925000000,41796130,39860998,12,18,1.5,0,False
20260630,502315,500,502,5004,TC-01,2025-09-11,AVAILABLE,,292,True,2043000000,1.0,0,2023000000,44106218,43674439,12,12,1.2,0,False
20260630,502316,500,502,5002,TC-01,2025-07-14,AVAILABLE,,351,True,3175000000,2.0,50000000,3062000000,41303499,39833485,12,0,1.8,0,True
20260630,502317,500,502,5002,TC-01,2026-01-23,AVAILABLE,,158,True,4860000000,0.0,50000000,4810000000,51603313,51072415,0,0,1.0,0,False
20260630,502318,500,502,5001,TC-01,2026-01-03,AVAILABLE,,178,True,2464000000,1.0,0,2439000000,42300429,41871245,0,0,1.0,0,False
20260630,502319,500,502,5003,TC-01,2025-04-18,AVAILABLE,,438,True,2409000000,3.0,0,2337000000,44201835,42880734,18,12,1.2,30000000,True
20260630,502320,500,502,5001,TC-01,2025-05-13,AVAILABLE,,413,True,2691000000,3.0,150000000,2460000000,35296432,32266527,12,12,2.0,0,True
20260630,502321,500,502,5003,TC-01,2025-06-17,AVAILABLE,,378,True,4421000000,4.0,100000000,4144000000,43098070,40397738,0,0,1.0,0,False
20260630,502322,500,502,5004,TC-01,2025-07-09,AVAILABLE,,356,True,1960000000,1.0,50000000,1890000000,45098942,43488265,0,18,1.5,30000000,False
20260630,502323,500,502,5003,TC-01,2026-03-11,SOLD,2026-05-08,111,False,2331000000,4.0,100000000,2138000000,44206334,40546179,0,18,1.8,0,False
20260630,502324,500,502,5001,TC-01,2026-01-24,AVAILABLE,,157,True,2173000000,0.0,0,2173000000,38392226,38392226,12,24,1.0,30000000,False
20260630,502325,500,502,5001,TC-01,2025-07-22,AVAILABLE,,343,True,2702000000,1.0,50000000,2625000000,45503537,44206804,12,18,1.2,0,False
20260630,502326,500,502,5001,TC-01,2026-01-31,SOLD,2026-03-10,150,False,2194000000,1.0,50000000,2122000000,36904962,35693860,0,0,1.2,0,False
20260630,502327,500,502,5001,TC-01,2025-08-22,AVAILABLE,,312,True,4402000000,4.0,150000000,4076000000,40400147,37408223,36,12,1.0,0,False
20260630,502328,500,502,5004,TC-01,2025-11-25,AVAILABLE,,217,True,3617000000,6.0,50000000,3350000000,46604819,43164541,0,12,1.2,0,False
20260630,502329,500,502,5004,TC-01,2025-09-26,AVAILABLE,,277,True,2029000000,1.0,50000000,1959000000,36897618,35624659,0,6,1.8,0,False
20260630,502330,500,502,5002,TC-01,2025-09-23,AVAILABLE,,280,True,4351000000,5.0,100000000,4033000000,42602565,39488887,18,0,1.8,0,False
20260630,502331,500,502,5003,TC-01,2025-10-26,SOLD,2025-12-26,247,False,1804000000,4.0,0,1732000000,32008517,30731015,12,6,1.8,0,False
20260630,502332,500,502,5004,TC-01,2025-07-09,AVAILABLE,,356,True,2020000000,3.0,0,1959000000,40998579,39760503,6,0,1.0,0,False
20260630,502333,500,502,5003,TC-01,2025-07-29,AVAILABLE,,336,True,4544000000,5.0,250000000,4067000000,39599129,35442266,18,0,1.2,0,False
20260630,502334,500,502,5001,TC-01,2026-02-13,AVAILABLE,,137,True,3066000000,4.0,100000000,2843000000,42905122,39784495,24,0,1.2,0,False
20260630,502335,500,502,5003,TC-01,2025-04-12,AVAILABLE,,444,True,2404000000,4.0,100000000,2208000000,37492202,34435434,18,12,1.2,0,False
20260630,502336,500,502,5003,TC-01,2025-04-23,SOLD,2025-10-08,433,False,3836000000,3.0,250000000,3471000000,46100228,41713736,12,0,1.0,50000000,True
20260630,502337,500,502,5002,TC-01,2025-08-27,AVAILABLE,,307,True,4269000000,0.0,0,4269000000,40996831,40996831,24,0,1.8,30000000,False
20260630,502338,500,502,5002,TC-01,2025-08-01,AVAILABLE,,333,True,3335000000,2.0,150000000,3118000000,41902249,39175776,12,0,1.2,0,True
20260630,502339,500,502,5003,TC-01,2025-03-30,SOLD,2025-10-29,457,False,4318000000,0.0,100000000,4218000000,39297415,38387332,0,0,1.0,80000000,False
20260630,502340,500,502,5002,TC-01,2025-09-26,AVAILABLE,,277,True,1753000000,3.0,50000000,1650000000,43401832,40851696,18,0,1.5,0,True
20260630,502341,500,502,5003,TC-01,2025-06-15,SOLD,2025-10-12,380,False,2369000000,1.0,50000000,2295000000,44396552,43009745,12,0,1.5,80000000,False
20260630,502342,500,502,5003,TC-01,2025-11-25,AVAILABLE,,217,True,3504000000,0.0,0,3504000000,49900313,49900313,0,24,1.2,0,False
20260630,502343,500,502,5002,TC-01,2025-07-11,AVAILABLE,,354,True,3786000000,0.0,50000000,3736000000,48303139,47665221,12,0,1.8,0,False
20260630,502344,500,502,5004,TC-01,2025-12-25,SOLD,2026-02-09,187,False,2002000000,1.0,250000000,1732000000,43502825,37635811,0,18,1.2,0,False
20260630,502345,500,502,5001,TC-01,2025-06-26,AVAILABLE,,369,True,4096000000,5.0,50000000,3841000000,43002625,40325459,12,0,1.5,0,True
20260630,502346,500,502,5004,TC-01,2026-04-07,AVAILABLE,,84,False,3188000000,2.0,50000000,3074000000,44106253,42529054,0,6,1.8,0,False
20260630,502347,500,502,5003,TC-01,2025-05-30,AVAILABLE,,396,True,2547000000,4.0,150000000,2295000000,45304162,40821772,12,0,1.8,0,False
20260630,502348,500,502,5003,TC-01,2025-06-30,AVAILABLE,,365,True,4976000000,0.0,0,4976000000,43397872,43397872,0,12,1.5,0,False
20260630,502349,500,502,5002,TC-01,2025-11-07,SOLD,2026-03-20,235,False,3404000000,3.0,50000000,3252000000,44895806,42891058,0,0,1.8,0,False
20260630,502350,500,502,5001,TC-01,2025-07-18,AVAILABLE,,347,True,2617000000,0.0,100000000,2517000000,37605978,36168990,6,18,1.8,0,False
20260630,502351,500,502,5001,TC-01,2026-02-15,AVAILABLE,,135,True,3113000000,4.0,0,2988000000,41193595,39539500,24,12,1.2,0,False
20260630,502352,500,502,5004,TC-01,2026-01-13,AVAILABLE,,168,True,2057000000,1.0,150000000,1886000000,45792520,41985752,6,0,1.2,50000000,False
20260630,502353,500,502,5003,TC-01,2025-07-08,SOLD,2025-10-17,357,False,2267000000,2.0,50000000,2172000000,40598138,38896848,0,0,1.5,0,False
20260630,502354,500,502,5003,TC-01,2025-07-14,AVAILABLE,,351,True,2517000000,3.0,250000000,2191000000,47205551,41091523,24,0,1.2,30000000,False
20260630,502355,500,502,5002,TC-01,2025-10-13,SOLD,2025-12-24,260,False,3366000000,3.0,100000000,3165000000,40495669,38077478,12,6,1.2,0,False
20260630,502356,500,502,5001,TC-01,2025-09-04,AVAILABLE,,299,True,3334000000,4.0,0,3201000000,36195853,34751927,0,6,2.0,0,False
20260630,502357,500,502,5002,TC-01,2025-12-13,SOLD,2026-01-13,199,False,5271000000,2.0,100000000,5066000000,48996096,47090537,0,12,2.0,0,False
20260630,502358,500,502,5001,TC-01,2025-07-16,AVAILABLE,,349,True,5454000000,2.0,100000000,5245000000,46703203,44913513,12,12,1.5,0,False
20260630,502359,500,502,5001,TC-01,2025-06-22,AVAILABLE,,373,True,3264000000,4.0,50000000,3083000000,43003953,40619236,12,12,1.0,0,True
20260630,502360,500,502,5004,TC-01,2026-03-16,AVAILABLE,,106,True,3726000000,2.0,0,3651000000,40000000,39194847,12,18,1.5,50000000,False
20260630,502361,500,502,5001,TC-01,2026-03-02,AVAILABLE,,120,True,2476000000,6.0,0,2327000000,50192581,47172106,18,0,1.5,0,False
20260630,502362,500,502,5001,TC-01,2026-01-09,AVAILABLE,,172,True,2830000000,3.0,250000000,2495000000,39994347,35260034,0,0,1.8,0,True
20260630,502363,500,502,5003,TC-01,2025-10-03,AVAILABLE,,270,True,3537000000,2.0,100000000,3366000000,32003257,30456026,18,0,1.8,0,True
20260630,502364,500,502,5004,TC-01,2026-01-10,AVAILABLE,,171,True,2663000000,0.0,50000000,2613000000,41499143,40719963,6,12,1.8,0,False
20260630,502365,500,502,5001,TC-01,2025-04-27,AVAILABLE,,429,True,2458000000,2.0,100000000,2309000000,34503088,32411567,0,12,1.0,0,False
20260630,502366,500,502,5002,TC-01,2025-09-16,AVAILABLE,,287,True,4986000000,2.0,0,4886000000,46102635,45177994,24,0,1.5,80000000,True
20260630,502367,500,502,5003,TC-01,2025-06-01,AVAILABLE,,394,True,1891000000,1.0,0,1872000000,39995770,39593909,18,6,2.0,80000000,False
20260630,502368,500,502,5002,TC-01,2025-10-01,AVAILABLE,,272,True,4038000000,4.0,150000000,3726000000,35502022,32758924,12,0,1.2,30000000,True
20260630,502369,500,502,5003,TC-01,2025-09-27,AVAILABLE,,276,True,3130000000,3.0,250000000,2786000000,43605461,38813040,12,18,1.0,80000000,False
20260630,502370,500,502,5001,TC-01,2025-03-25,AVAILABLE,,462,True,4336000000,2.0,100000000,4149000000,39798073,38081689,18,0,1.2,0,False
20260630,502371,500,502,5004,TC-01,2026-01-28,SOLD,2026-03-10,153,False,3192000000,3.0,50000000,3046000000,40605521,38748251,12,12,1.5,0,False
20260630,502372,500,502,5002,TC-01,2025-03-26,AVAILABLE,,461,True,3561000000,2.0,150000000,3340000000,47696223,44736137,24,6,1.5,50000000,False
20260630,502373,500,502,5003,TC-01,2025-05-28,AVAILABLE,,398,True,3422000000,2.0,50000000,3304000000,47193491,45566129,24,0,1.0,0,False
20260630,502374,500,502,5002,TC-01,2026-04-08,AVAILABLE,,83,False,4427000000,2.0,0,4338000000,45400472,44487745,12,18,1.8,0,False
20260630,502375,500,502,5002,TC-01,2025-08-21,AVAILABLE,,313,True,2649000000,3.0,150000000,2420000000,48401242,44217066,18,0,1.8,0,True
20260630,502376,500,502,5003,TC-01,2025-05-19,AVAILABLE,,407,True,2996000000,1.0,50000000,2916000000,36297553,35328326,6,0,1.8,80000000,False
20260630,502377,500,502,5002,TC-01,2025-12-25,AVAILABLE,,187,True,2995000000,2.0,150000000,2785000000,42302260,39336158,24,6,1.0,0,False
20260630,502378,500,502,5003,TC-01,2026-03-08,AVAILABLE,,114,True,4690000000,4.0,50000000,4452000000,45498642,43189756,6,18,2.0,0,False
20260630,502379,500,502,5003,TC-01,2025-11-06,SOLD,2026-03-07,236,False,3164000000,4.0,250000000,2787000000,40403524,35589324,0,12,2.5,30000000,False
20260630,502380,500,502,5003,TC-01,2025-06-08,AVAILABLE,,387,True,2802000000,1.0,250000000,2524000000,36503387,32881709,18,0,1.5,30000000,False
20260630,502381,500,502,5002,TC-01,2025-10-03,AVAILABLE,,270,True,3363000000,6.0,0,3161000000,43897663,41260932,12,0,1.2,0,True
20260630,502382,500,502,5004,TC-01,2025-09-13,SOLD,2026-04-07,290,False,2312000000,2.0,50000000,2216000000,45200391,43323558,18,12,1.8,0,False
20260630,502383,500,502,5002,TC-01,2026-02-09,AVAILABLE,,141,True,3894000000,2.0,0,3816000000,35500046,34788951,12,6,2.0,0,False
20260630,502384,500,502,5003,TC-01,2025-09-17,SOLD,2026-03-18,286,False,3867000000,2.0,250000000,3540000000,37100643,33963350,24,6,2.0,0,True
20260630,502385,500,502,5004,TC-01,2025-07-13,AVAILABLE,,352,True,2658000000,3.0,50000000,2528000000,47002653,44703802,0,12,2.5,0,False
20260630,502386,500,502,5002,TC-01,2025-07-17,AVAILABLE,,348,True,2299000000,0.0,0,2299000000,48207171,48207171,18,0,1.8,80000000,False
20260630,502387,500,502,5004,TC-01,2025-09-16,AVAILABLE,,287,True,3778000000,2.0,0,3702000000,45694243,44775036,12,0,1.8,0,True
20260630,502388,500,502,5004,TC-01,2026-04-01,AVAILABLE,,90,False,4291000000,2.0,100000000,4105000000,42802993,40947631,0,6,1.0,30000000,False
20260630,502389,500,502,5003,TC-01,2025-10-23,AVAILABLE,,250,True,2670000000,1.0,250000000,2393000000,40399455,36208201,0,0,2.5,50000000,False
20260630,502390,500,502,5004,TC-01,2025-12-10,AVAILABLE,,202,True,2757000000,2.0,0,2702000000,36897752,36161670,12,18,1.2,50000000,False
20260630,502391,500,502,5002,TC-01,2026-02-23,AVAILABLE,,127,True,2441000000,1.0,50000000,2367000000,42496518,41208217,0,0,1.2,0,True
20260630,502392,500,502,5003,TC-01,2026-03-16,AVAILABLE,,106,True,4104000000,2.0,100000000,3922000000,39104335,37370176,12,12,1.5,0,False
20260630,502393,500,502,5002,TC-01,2025-07-05,AVAILABLE,,360,True,3653000000,0.0,50000000,3603000000,45605493,44981273,18,6,2.0,0,False
20260630,502394,500,502,5003,TC-01,2025-10-05,AVAILABLE,,268,True,4079000000,3.0,0,3957000000,40900431,39677128,12,0,1.5,0,False
20260630,502395,500,502,5002,TC-01,2025-05-04,AVAILABLE,,422,True,2217000000,6.0,100000000,1984000000,39795369,35612996,0,6,1.2,0,False
20260630,502396,500,502,5003,TC-01,2026-02-04,AVAILABLE,,146,True,4656000000,3.0,100000000,4416000000,41397706,39263804,18,12,1.8,0,False
20260630,502397,500,502,5001,TC-01,2025-07-07,AVAILABLE,,358,True,3743000000,4.0,0,3593000000,37996143,36473454,0,12,1.5,30000000,True
20260630,502398,500,502,5004,TC-01,2025-04-04,AVAILABLE,,452,True,3700000000,1.0,100000000,3563000000,44794189,43135593,0,6,1.0,0,False
20260630,502399,500,502,5004,TC-01,2025-12-15,AVAILABLE,,197,True,3130000000,0.0,50000000,3080000000,41506432,40843389,6,18,1.8,80000000,False
20260630,502400,500,502,5001,TC-01,2025-06-21,AVAILABLE,,374,True,2396000000,1.0,0,2372000000,36502133,36136502,18,0,1.5,0,False
20260630,502401,500,502,5002,TC-01,2025-05-27,AVAILABLE,,399,True,3119000000,1.0,100000000,2988000000,37796898,36209404,18,18,2.5,0,True
20260630,502402,500,502,5004,TC-01,2025-04-26,AVAILABLE,,430,True,2876000000,3.0,50000000,2740000000,40495635,38580681,24,0,1.0,0,False
20260630,502403,500,502,5004,TC-01,2025-06-02,AVAILABLE,,393,True,2884000000,1.0,50000000,2805000000,38999324,37931034,24,6,1.0,0,False
20260630,502404,500,502,5001,TC-01,2026-02-05,AVAILABLE,,145,True,4174000000,5.0,250000000,3715000000,51999502,46281301,12,12,1.0,0,False
20260630,502405,500,502,5002,TC-01,2025-11-02,AVAILABLE,,240,True,3251000000,0.0,0,3251000000,43796309,43796309,36,0,1.8,0,False
20260630,502406,500,502,5001,TC-01,2026-01-27,SOLD,2026-04-09,154,False,2552000000,3.0,150000000,2325000000,36899942,33617698,6,0,2.5,80000000,False
20260630,502407,500,502,5002,TC-01,2025-05-24,AVAILABLE,,402,True,2124000000,1.0,100000000,2003000000,42293907,39884508,18,0,1.8,0,True
20260630,502408,500,502,5003,TC-01,2025-09-25,AVAILABLE,,278,True,2337000000,1.0,0,2314000000,39792270,39400647,6,0,1.8,0,False
20260630,502409,500,502,5002,TC-01,2025-05-15,AVAILABLE,,411,True,3360000000,3.0,0,3259000000,50801331,49274267,18,6,1.5,50000000,False
20260630,502410,500,502,5004,TC-01,2025-05-26,AVAILABLE,,400,True,2640000000,5.0,100000000,2408000000,41295167,37666197,18,24,1.2,0,False
20260630,502411,500,502,5003,TC-01,2025-08-15,AVAILABLE,,319,True,3672000000,5.0,100000000,3388000000,33595608,30997255,6,0,1.5,0,False
20260630,502412,500,502,5002,TC-01,2025-12-17,AVAILABLE,,195,True,1736000000,0.0,100000000,1636000000,40009219,37704540,24,0,1.2,80000000,False
20260630,502413,500,502,5002,TC-01,2025-09-16,AVAILABLE,,287,True,3860000000,3.0,100000000,3644000000,37101115,35024990,24,6,1.0,0,False
20260630,502414,500,502,5004,TC-01,2025-04-08,AVAILABLE,,448,True,2943000000,1.0,250000000,2664000000,42994887,38918919,0,24,1.0,0,False
20260630,502415,500,502,5004,TC-01,2026-01-15,AVAILABLE,,166,True,2315000000,5.0,250000000,1949000000,43506860,36628453,0,12,1.2,0,False
20260630,502416,500,502,5004,TC-01,2025-10-03,AVAILABLE,,270,True,1829000000,3.0,100000000,1674000000,44696970,40909091,24,6,1.8,50000000,False
20260630,502417,500,502,5004,TC-01,2025-12-31,SOLD,2026-02-26,181,False,5274000000,2.0,150000000,5019000000,48797187,46437824,12,6,1.5,0,False
20260630,502418,500,502,5003,TC-01,2025-07-02,AVAILABLE,,363,True,3021000000,2.0,0,2961000000,38696042,37927501,18,12,1.0,0,True
20260630,502419,500,502,5004,TC-01,2025-05-07,AVAILABLE,,419,True,3126000000,3.0,50000000,2982000000,41497411,39585822,0,18,1.8,0,False
20260630,502420,500,502,5002,TC-01,2026-03-16,AVAILABLE,,106,True,2945000000,2.0,150000000,2736000000,38306452,35587929,0,12,1.5,80000000,False
20260630,502421,500,502,5002,TC-01,2026-01-18,AVAILABLE,,163,True,4315000000,1.0,50000000,4222000000,37797828,36983181,0,12,2.0,0,True
20260630,502422,500,502,5004,TC-01,2026-04-05,AVAILABLE,,86,False,3061000000,2.0,50000000,2950000000,41404031,39902611,0,12,1.5,0,False
20260630,502423,500,502,5001,TC-01,2026-01-02,SOLD,2026-02-23,179,False,3700000000,2.0,100000000,3526000000,44599807,42502411,0,6,1.0,0,False
20260630,502424,500,502,5004,TC-01,2025-08-09,AVAILABLE,,325,True,3047000000,2.0,0,2986000000,46504884,45573871,0,12,1.5,0,False
20260630,502425,500,502,5003,TC-01,2026-04-14,AVAILABLE,,77,False,2504000000,6.0,100000000,2254000000,46508172,41864785,6,18,1.8,0,False
20260630,502426,500,502,5003,TC-01,2026-02-12,AVAILABLE,,138,True,3621000000,0.0,0,3621000000,36395618,36395618,18,0,1.5,0,False
20260630,502427,500,502,5001,TC-01,2026-04-11,AVAILABLE,,80,False,2469000000,2.0,100000000,2320000000,45503133,42757095,6,0,1.2,0,False
20260630,502428,500,502,5001,TC-01,2025-05-08,AVAILABLE,,418,True,3196000000,3.0,0,3100000000,42102490,40837834,6,0,1.8,80000000,True
20260630,502429,500,502,5001,TC-01,2025-08-08,AVAILABLE,,326,True,2235000000,4.0,50000000,2096000000,41496472,38915707,12,6,1.8,30000000,False
20260630,502430,500,502,5004,TC-01,2025-11-26,AVAILABLE,,216,True,3158000000,2.0,100000000,2995000000,42802928,40593657,18,0,1.8,0,False
20260630,502431,500,502,5004,TC-01,2025-07-29,AVAILABLE,,336,True,2988000000,0.0,50000000,2938000000,45997537,45227833,0,12,1.8,80000000,True
20260630,502432,500,502,5004,TC-01,2025-06-09,AVAILABLE,,386,True,4013000000,6.0,0,3772000000,37299005,35059020,18,0,2.0,0,False
20260630,502433,500,502,5001,TC-01,2025-12-04,AVAILABLE,,208,True,3062000000,4.0,100000000,2840000000,39499484,36635707,0,0,1.0,0,False
20260630,502434,500,502,5001,TC-01,2025-10-16,AVAILABLE,,257,True,2100000000,2.0,100000000,1958000000,48498845,45219400,0,0,2.0,0,True
20260630,502435,500,502,5003,TC-01,2025-12-15,AVAILABLE,,197,True,4736000000,3.0,150000000,4444000000,43803182,41102479,0,0,2.0,0,False
20260630,502436,500,502,5002,TC-01,2026-03-04,SOLD,2026-05-07,118,False,3289000000,3.0,100000000,3090000000,43299105,40679305,12,12,1.5,0,False
20260630,502437,500,502,5004,TC-01,2025-05-24,AVAILABLE,,402,True,4981000000,4.0,250000000,4532000000,43800563,39852269,12,6,2.0,0,False
20260630,502438,500,502,5001,TC-01,2025-08-15,AVAILABLE,,319,True,3875000000,5.0,100000000,3581000000,45999525,42509497,0,12,2.0,50000000,False
20260630,502439,500,502,5002,TC-01,2025-07-24,AVAILABLE,,341,True,3497000000,1.0,0,3462000000,42897448,42468106,0,12,2.5,80000000,False
20260630,502440,500,502,5001,TC-01,2025-08-17,AVAILABLE,,317,True,3461000000,5.0,250000000,3038000000,43300388,38008257,18,18,1.2,0,True
20260630,502441,500,502,5001,TC-01,2025-07-31,AVAILABLE,,334,True,2927000000,2.0,100000000,2768000000,39394347,37254374,12,24,1.5,0,False
20260630,502442,500,502,5001,TC-01,2025-12-10,SOLD,2026-04-30,202,False,2895000000,5.0,150000000,2600000000,38594854,34662045,6,0,1.5,0,False
20260630,502443,500,502,5003,TC-01,2025-07-19,AVAILABLE,,346,True,2862000000,5.0,250000000,2469000000,41695804,35970280,0,12,1.5,0,False
20260630,502444,500,502,5002,TC-01,2026-02-04,SOLD,2026-04-26,146,False,3125000000,2.0,0,3062000000,46399406,45463994,0,12,1.0,0,False
20260630,502445,500,502,5002,TC-01,2025-07-12,SOLD,2026-02-03,353,False,2875000000,1.0,100000000,2746000000,43194111,41256010,12,0,1.0,0,False
20260630,502446,500,502,5004,TC-01,2025-09-23,AVAILABLE,,280,True,2815000000,5.0,100000000,2574000000,37102939,33926453,18,6,1.0,30000000,True
20260630,502447,500,502,5003,TC-01,2025-12-12,AVAILABLE,,200,True,2763000000,5.0,250000000,2375000000,45007330,38687083,18,0,1.5,0,False
20260630,502448,500,502,5001,TC-01,2025-09-10,AVAILABLE,,293,True,3817000000,5.0,50000000,3576000000,45096881,42249527,0,0,1.8,0,True
20260630,502449,500,502,5003,TC-01,2025-10-29,AVAILABLE,,244,True,3212000000,1.0,100000000,3080000000,42397043,40654699,12,12,1.0,80000000,False
20260630,502450,500,502,5004,TC-01,2025-12-15,AVAILABLE,,197,True,3037000000,0.0,150000000,2887000000,42696471,40587656,12,6,1.0,30000000,False
20260630,502451,500,502,5001,TC-01,2025-11-24,AVAILABLE,,218,True,1847000000,1.0,100000000,1729000000,43194574,40434986,18,18,1.2,0,False
20260630,502452,500,502,5001,TC-01,2025-11-22,AVAILABLE,,220,True,3570000000,3.0,150000000,3313000000,36998653,34335164,18,18,1.0,0,False
20260630,502453,500,502,5003,TC-01,2025-11-25,SOLD,2026-05-02,217,False,2489000000,2.0,0,2439000000,42503415,41649590,12,18,1.0,0,False
20260630,502454,500,502,5004,TC-01,2026-02-04,AVAILABLE,,146,True,3363000000,0.0,250000000,3113000000,48001713,44433343,18,0,1.8,50000000,False
20260630,502455,500,502,5004,TC-01,2025-05-24,AVAILABLE,,402,True,2310000000,6.0,100000000,2071000000,42992741,38544575,24,12,1.0,0,False
20260630,502456,500,502,5004,TC-01,2025-09-28,AVAILABLE,,275,True,4802000000,4.0,0,4610000000,45798760,43967573,18,6,1.0,0,False
20260630,502457,500,502,5003,TC-01,2026-03-13,AVAILABLE,,109,True,2940000000,3.0,0,2852000000,40703309,39484979,0,18,1.2,50000000,False
20260630,502458,500,502,5001,TC-01,2025-04-16,AVAILABLE,,440,True,4061000000,3.0,50000000,3889000000,40195981,38493517,0,6,1.5,0,False
20260630,502459,500,502,5003,TC-01,2025-07-29,AVAILABLE,,336,True,3358000000,0.0,50000000,3308000000,43101014,42459248,12,18,2.5,30000000,False
20260630,502460,500,502,5004,TC-01,2025-11-29,AVAILABLE,,213,True,2049000000,0.0,100000000,1949000000,39894860,37947819,24,12,1.2,0,False
20260630,502461,500,502,5004,TC-01,2025-04-04,AVAILABLE,,452,True,2513000000,0.0,150000000,2363000000,41298274,38833196,6,6,1.5,0,False
20260630,502462,500,502,5003,TC-01,2025-07-17,AVAILABLE,,348,True,3157000000,2.0,0,3094000000,39004201,38225846,36,12,2.0,0,True
20260630,502463,500,502,5004,TC-01,2026-02-01,AVAILABLE,,149,True,2206000000,4.0,50000000,2068000000,40402930,37875458,0,0,1.5,0,False
20260630,502464,500,502,5004,TC-01,2026-02-26,SOLD,2026-04-05,124,False,2817000000,4.0,250000000,2454000000,44202103,38506198,6,0,1.2,0,False
20260630,502465,500,502,5002,TC-01,2025-12-23,SOLD,2026-04-04,189,False,2834000000,3.0,0,2749000000,36800416,35696663,0,24,1.2,30000000,True
20260630,502466,500,502,5002,TC-01,2025-12-24,AVAILABLE,,188,True,3528000000,4.0,0,3387000000,36401156,34946348,0,6,1.2,0,True
20260630,502467,500,502,5002,TC-01,2025-06-04,AVAILABLE,,391,True,2758000000,4.0,50000000,2598000000,40404336,38060357,12,6,1.2,80000000,False
20260630,502468,500,502,5004,TC-01,2025-12-01,SOLD,2026-05-13,211,False,3837000000,6.0,100000000,3507000000,45199670,41312286,18,12,1.0,0,False
20260630,502469,500,502,5002,TC-01,2025-11-14,AVAILABLE,,228,True,4818000000,4.0,150000000,4475000000,48295910,44857658,0,0,1.2,50000000,True
20260630,502470,500,502,5001,TC-01,2025-03-26,AVAILABLE,,461,True,3061000000,3.0,0,2969000000,46196800,44808331,0,12,1.2,50000000,True
20260630,502471,500,502,5003,TC-01,2025-10-14,AVAILABLE,,259,True,1989000000,6.0,150000000,1720000000,35993485,31125588,0,0,1.5,0,True
20260630,502472,500,502,5001,TC-01,2025-11-24,AVAILABLE,,218,True,1817000000,4.0,0,1744000000,38092243,36561845,0,12,1.2,0,False
20260630,502473,500,502,5003,TC-01,2026-02-12,AVAILABLE,,138,True,2703000000,2.0,0,2649000000,42400000,41552941,24,12,2.0,0,True
20260630,502474,500,502,5001,TC-01,2026-02-15,SOLD,2026-04-01,135,False,1917000000,0.0,100000000,1817000000,47309970,44842053,12,0,1.5,0,False
20260630,502475,500,502,5003,TC-01,2025-10-07,AVAILABLE,,266,True,3475000000,0.0,100000000,3375000000,43296785,42050835,12,0,1.2,0,False
20260630,502476,500,502,5003,TC-01,2025-04-29,SOLD,2025-06-05,427,False,2998000000,3.0,0,2908000000,44198732,42871886,24,0,2.0,0,False
20260630,502477,500,502,5003,TC-01,2025-06-05,AVAILABLE,,390,True,2864000000,6.0,150000000,2542000000,38105375,33821181,18,0,1.8,0,False
20260630,502478,500,502,5003,TC-01,2026-02-13,AVAILABLE,,137,True,2769000000,2.0,150000000,2564000000,40293946,37310827,12,6,1.0,0,False
20260630,502479,500,502,5004,TC-01,2025-05-15,SOLD,2025-08-26,411,False,3713000000,2.0,150000000,3489000000,47101357,44259800,12,18,1.0,0,True
20260630,502480,500,502,5004,TC-01,2025-08-12,AVAILABLE,,322,True,3979000000,2.0,50000000,3849000000,40498728,39175573,0,12,1.5,0,False
20260630,502481,500,502,5001,TC-01,2025-03-26,AVAILABLE,,461,True,3118000000,3.0,100000000,2924000000,41801850,39200965,6,6,2.5,0,True
20260630,502482,500,502,5004,TC-01,2025-11-06,AVAILABLE,,236,True,1439000000,1.0,150000000,1275000000,35796020,31716418,36,0,1.8,0,False
20260630,502483,500,502,5001,TC-01,2025-05-24,SOLD,2026-01-12,402,False,1948000000,2.0,50000000,1859000000,34998203,33399209,0,0,1.5,0,False
20260630,502484,500,502,5003,TC-01,2026-02-05,AVAILABLE,,145,True,2328000000,2.0,100000000,2181000000,40006874,37480667,0,18,1.5,0,False
20260630,502485,500,502,5004,TC-01,2025-09-20,SOLD,2026-02-07,283,False,4012000000,0.0,250000000,3762000000,40496619,37973150,12,12,1.5,0,False
20260630,502486,500,502,5002,TC-01,2025-12-22,AVAILABLE,,190,True,2551000000,5.0,150000000,2273000000,46205398,41170078,0,0,2.0,0,False
20260630,502487,500,502,5002,TC-01,2025-06-13,AVAILABLE,,382,True,2855000000,0.0,0,2855000000,42694781,42694781,0,18,1.0,0,True
20260630,502488,500,502,5001,TC-01,2025-07-05,AVAILABLE,,360,True,3111000000,1.0,0,3080000000,44794816,44348452,12,12,1.0,0,False
20260630,502489,500,502,5001,TC-01,2025-12-03,AVAILABLE,,209,True,3172000000,4.0,0,3045000000,49300591,47326702,6,0,1.0,0,False
20260630,502490,500,502,5001,TC-01,2025-11-04,AVAILABLE,,238,True,4128000000,5.0,250000000,3672000000,37602478,33448716,0,0,1.8,0,False
20260630,502491,500,502,5002,TC-01,2026-03-23,AVAILABLE,,99,True,2866000000,4.0,0,2751000000,38005570,36480573,0,12,1.8,0,False
20260630,502492,500,502,5002,TC-01,2026-02-15,AVAILABLE,,135,True,2267000000,2.0,50000000,2172000000,42500937,40719910,12,0,1.0,0,False
20260630,502493,500,502,5002,TC-01,2025-08-11,AVAILABLE,,323,True,4895000000,3.0,50000000,4698000000,46301551,44438138,6,0,1.0,0,True
20260630,502494,500,502,5003,TC-01,2026-04-03,AVAILABLE,,88,False,2676000000,0.0,150000000,2526000000,44392833,41904446,0,18,1.2,30000000,False
20260630,502495,500,502,5001,TC-01,2026-03-29,AVAILABLE,,93,True,4995000000,3.0,50000000,4795000000,48499854,46557918,6,12,1.2,50000000,False
20260630,502496,500,502,5002,TC-01,2025-05-18,AVAILABLE,,408,True,3696000000,4.0,100000000,3448000000,36295787,33860355,0,0,1.5,0,True
20260630,502497,500,502,5003,TC-01,2025-04-06,AVAILABLE,,450,True,5435000000,0.0,100000000,5335000000,50203214,49279512,6,0,2.5,0,False
20260630,502498,500,502,5002,TC-01,2025-10-01,AVAILABLE,,272,True,4738000000,1.0,100000000,4591000000,49103534,47580060,24,0,1.5,30000000,False
20260630,502499,500,502,5003,TC-01,2025-04-25,AVAILABLE,,431,True,3033000000,3.0,100000000,2842000000,41794130,39162188,18,0,1.5,0,False
20260630,502500,500,502,5003,TC-01,2025-12-16,AVAILABLE,,196,True,2260000000,4.0,0,2170000000,41999628,40327077,18,18,1.8,0,False
20260630,502501,500,502,5004,TC-01,2025-09-21,AVAILABLE,,282,True,4673000000,2.0,150000000,4430000000,44602463,42283096,18,0,2.0,0,False
20260630,502502,500,502,5002,TC-01,2025-04-25,SOLD,2025-07-31,431,False,4820000000,3.0,0,4675000000,45004669,43650794,0,0,2.0,80000000,True
20260630,502503,500,502,5001,TC-01,2025-04-07,AVAILABLE,,449,True,3053000000,2.0,0,2992000000,40197498,39394338,36,0,1.0,0,False
20260630,502504,500,502,5004,TC-01,2026-03-02,AVAILABLE,,120,True,4373000000,1.0,0,4329000000,41604034,41185425,0,0,1.2,0,True
20260630,502505,500,502,5002,TC-01,2025-10-21,AVAILABLE,,252,True,3107000000,2.0,50000000,2995000000,45100885,43475105,0,0,1.8,0,True
20260630,502506,500,502,5001,TC-01,2025-06-25,SOLD,2026-01-14,370,False,3554000000,3.0,50000000,3397000000,38504875,36803900,24,12,1.0,0,False
20260630,502507,500,502,5004,TC-01,2025-12-17,AVAILABLE,,195,True,3201000000,2.0,100000000,3037000000,43099502,40891342,0,12,1.0,0,True
20260630,502508,500,502,5001,TC-01,2025-05-16,SOLD,2025-08-04,410,False,3672000000,2.0,150000000,3449000000,44796877,42076369,0,12,1.2,0,False
20260630,502509,500,502,5002,TC-01,2026-01-19,AVAILABLE,,162,True,3202000000,2.0,100000000,3038000000,39900312,37856698,0,12,1.0,0,False
20260630,502510,500,502,5001,TC-01,2025-10-24,AVAILABLE,,249,True,3003000000,1.0,100000000,2873000000,36905493,35307853,12,12,1.2,50000000,False
20260630,502511,500,502,5001,TC-01,2025-05-15,AVAILABLE,,411,True,3527000000,3.0,0,3421000000,47895166,46455731,18,0,1.5,80000000,False
20260630,502512,500,502,5002,TC-01,2025-05-21,AVAILABLE,,405,True,3059000000,1.0,50000000,2978000000,38604240,37582029,6,12,1.0,30000000,False
20260630,502513,500,502,5003,TC-01,2025-07-14,AVAILABLE,,351,True,3574000000,3.0,0,3467000000,49902262,48408266,0,6,1.5,0,False
20260630,502514,500,502,5004,TC-01,2025-06-20,SOLD,2025-11-05,375,False,4984000000,2.0,0,4884000000,49800160,48800959,6,18,1.5,0,False
20260630,502515,500,502,5004,TC-01,2026-01-25,AVAILABLE,,156,True,3598000000,2.0,0,3526000000,41504210,40673665,18,18,2.0,0,True
20260630,502516,500,502,5003,TC-01,2025-07-27,AVAILABLE,,338,True,2621000000,6.0,250000000,2214000000,49396909,41726348,12,18,1.5,0,False
20260630,502517,500,502,5004,TC-01,2025-08-16,SOLD,2025-11-29,318,False,4299000000,4.0,100000000,4027000000,41400231,38780817,0,18,1.2,80000000,False
20260630,502518,500,502,5002,TC-01,2025-04-10,AVAILABLE,,446,True,1950000000,2.0,150000000,1761000000,35306898,31884845,0,12,1.5,0,False
20260630,502519,500,502,5003,TC-01,2026-02-17,SOLD,2026-03-17,133,False,3126000000,1.0,0,3095000000,45495561,45044389,24,18,1.2,80000000,False
20260630,502520,500,502,5003,TC-01,2025-06-14,SOLD,2025-11-25,381,False,3011000000,3.0,150000000,2771000000,43298821,39847570,0,0,1.2,0,True
20260630,502521,500,502,5002,TC-01,2025-05-07,AVAILABLE,,419,True,2632000000,3.0,100000000,2453000000,39896923,37183568,18,6,1.5,0,True
20260630,502522,500,502,5001,TC-01,2025-11-02,SOLD,2026-05-12,240,False,4258000000,3.0,100000000,4030000000,40899049,38709058,18,12,1.8,0,False
20260630,502523,500,502,5003,TC-01,2025-11-30,AVAILABLE,,212,True,2704000000,1.0,0,2677000000,37602559,37227089,24,0,1.5,0,False
20260630,502524,500,502,5001,TC-01,2025-05-31,AVAILABLE,,395,True,2662000000,1.0,100000000,2535000000,34299704,32663317,18,24,1.8,0,False
20260630,502525,500,502,5003,TC-01,2025-08-07,SOLD,2026-04-05,327,False,3493000000,2.0,50000000,3373000000,41897565,40458198,12,6,1.2,0,False
20260630,502526,500,502,5004,TC-01,2025-11-26,AVAILABLE,,216,True,3145000000,5.0,50000000,2938000000,41105738,38400209,12,12,1.0,0,False
20260630,502527,500,502,5003,TC-01,2025-08-17,AVAILABLE,,317,True,3778000000,3.0,50000000,3615000000,41498243,39707821,24,0,1.2,0,True
20260630,502528,500,502,5001,TC-01,2026-01-30,AVAILABLE,,151,True,4294000000,3.0,100000000,4065000000,43095143,40796869,0,6,2.0,0,False
20260630,502529,500,502,5003,TC-01,2025-09-25,AVAILABLE,,278,True,2672000000,5.0,150000000,2388000000,33994911,30381679,18,18,1.5,0,False
20260630,502530,500,502,5001,TC-01,2025-12-25,SOLD,2026-01-23,187,False,1829000000,4.0,0,1756000000,36096309,34655615,12,0,1.8,80000000,False
20260630,502531,500,502,5003,TC-01,2025-11-18,AVAILABLE,,224,True,1823000000,4.0,100000000,1650000000,34396226,31132075,24,18,1.5,50000000,False
20260630,502532,500,502,5002,TC-01,2025-08-10,AVAILABLE,,324,True,2432000000,1.0,100000000,2308000000,43592042,41369421,24,0,1.8,0,False
20260630,502533,500,502,5002,TC-01,2025-05-24,AVAILABLE,,402,True,3093000000,3.0,150000000,2850000000,38701201,35660661,18,18,2.0,0,False
20260630,502534,500,502,5004,TC-01,2025-09-14,AVAILABLE,,289,True,4833000000,1.0,0,4785000000,43698011,43264014,6,18,1.5,80000000,False
20260630,502535,500,502,5003,TC-01,2025-10-12,AVAILABLE,,261,True,3829000000,4.0,100000000,3576000000,47201677,44082840,12,0,1.2,0,False
20260630,502536,500,502,5004,TC-01,2026-03-19,AVAILABLE,,103,True,4058000000,1.0,0,4017000000,39501606,39102502,0,6,1.8,0,False
20260630,502537,500,502,5003,TC-01,2025-04-09,AVAILABLE,,447,True,2941000000,0.0,0,2941000000,42500000,42500000,24,24,1.5,0,False
20260630,502538,500,502,5001,TC-01,2025-04-03,SOLD,2025-07-09,453,False,2246000000,3.0,150000000,2029000000,49690265,44889381,18,6,1.8,0,True
20260630,502539,500,502,5001,TC-01,2025-07-06,AVAILABLE,,359,True,1597000000,4.0,250000000,1283000000,35308424,28366129,0,6,1.0,0,False
20260630,502540,500,502,5001,TC-01,2025-07-25,SOLD,2025-08-27,340,False,4506000000,0.0,100000000,4406000000,43700902,42731064,36,12,1.2,80000000,True
20260630,502541,500,502,5004,TC-01,2026-01-19,AVAILABLE,,162,True,3893000000,1.0,0,3854000000,40704726,40296947,6,12,1.0,0,False
20260630,502542,500,502,5004,TC-01,2025-11-21,AVAILABLE,,221,True,2947000000,0.0,150000000,2797000000,34395425,32644725,0,6,2.5,0,False
20260630,502543,500,502,5001,TC-01,2025-07-02,AVAILABLE,,363,True,2830000000,2.0,100000000,2673000000,40301908,38066078,12,12,1.5,0,False
20260630,502544,500,502,5004,TC-01,2025-11-22,AVAILABLE,,220,True,1627000000,3.0,0,1578000000,41900592,40638681,0,6,1.8,0,True
20260630,502545,500,502,5001,TC-01,2025-09-18,AVAILABLE,,285,True,3074000000,5.0,50000000,2870000000,40997599,38276874,12,12,2.5,0,False
20260630,502546,500,502,5001,TC-01,2026-01-08,AVAILABLE,,173,True,2803000000,4.0,50000000,2641000000,36205115,34112632,0,0,1.2,0,False
20260630,502547,500,502,5004,TC-01,2026-02-28,AVAILABLE,,122,True,2767000000,3.0,50000000,2634000000,40998666,39028004,18,18,1.8,30000000,False
20260630,502548,500,502,5004,TC-01,2026-02-03,AVAILABLE,,147,True,2430000000,2.0,0,2381000000,43493825,42616789,0,12,1.2,0,False
20260630,502549,500,502,5004,TC-01,2025-10-01,AVAILABLE,,272,True,1580000000,3.0,50000000,1483000000,38405445,36047642,18,0,1.0,0,True
20260630,502550,500,502,5002,TC-01,2025-08-09,AVAILABLE,,325,True,4073000000,4.0,150000000,3760000000,49303958,45515071,0,0,2.5,0,False
20260630,502551,500,502,5003,TC-01,2025-08-05,SOLD,2026-04-09,329,False,3232000000,1.0,250000000,2950000000,43499327,39703903,0,12,1.0,0,False
20260630,502552,500,502,5002,TC-01,2025-06-18,AVAILABLE,,377,True,3140000000,3.0,250000000,2796000000,45705968,40698690,0,6,1.5,50000000,True
20260630,502553,500,502,5004,TC-01,2025-04-09,AVAILABLE,,447,True,3332000000,3.0,50000000,3182000000,48699211,46506869,12,12,1.5,0,False
20260630,502554,500,502,5003,TC-01,2026-03-31,AVAILABLE,,91,True,3976000000,2.0,100000000,3796000000,42105263,40199089,0,18,1.0,30000000,False
20260630,502555,500,502,5004,TC-01,2025-08-12,AVAILABLE,,322,True,2694000000,1.0,0,2667000000,42199248,41776316,0,24,1.2,30000000,True
20260630,502556,500,502,5003,TC-01,2025-04-24,AVAILABLE,,432,True,1887000000,5.0,250000000,1543000000,47210408,38603953,0,6,2.0,30000000,False
20260630,502557,500,502,5003,TC-01,2026-03-07,AVAILABLE,,115,True,3911000000,3.0,50000000,3744000000,41004403,39253512,18,0,1.5,0,False
20260630,502558,500,502,5001,TC-01,2025-08-26,AVAILABLE,,308,True,3657000000,2.0,150000000,3434000000,46699017,43851360,6,12,1.2,0,False
20260630,502559,500,502,5003,TC-01,2026-03-05,AVAILABLE,,117,True,3363000000,2.0,100000000,3196000000,39997621,38011418,0,12,1.8,0,False
20260630,502560,500,502,5002,TC-01,2025-08-08,SOLD,2026-03-17,326,False,2266000000,3.0,50000000,2148000000,40291607,38193457,12,0,1.0,30000000,False
20260630,502561,500,502,5001,TC-01,2026-03-28,AVAILABLE,,94,True,2184000000,1.0,150000000,2012000000,38702818,35654794,18,12,1.0,0,False
20260630,502562,500,502,5002,TC-01,2026-02-09,AVAILABLE,,141,True,4760000000,5.0,50000000,4472000000,42198582,39645390,18,12,1.5,80000000,False
20260630,502563,500,502,5001,TC-01,2025-08-18,AVAILABLE,,316,True,2809000000,5.0,0,2669000000,41406250,39342571,0,0,1.0,30000000,True
20260630,502564,500,502,5001,TC-01,2025-09-13,AVAILABLE,,290,True,3033000000,3.0,50000000,2892000000,41097561,39186992,0,0,2.0,0,True
20260630,502565,500,502,5001,TC-01,2025-05-19,AVAILABLE,,407,True,3299000000,0.0,150000000,3149000000,39395749,37604490,18,12,1.5,0,False
20260630,502566,500,502,5001,TC-01,2025-11-27,AVAILABLE,,215,True,3183000000,2.0,50000000,3069000000,42198064,40686729,36,12,2.0,0,False
20260630,502567,500,502,5002,TC-01,2025-06-28,AVAILABLE,,367,True,2994000000,2.0,100000000,2834000000,38399384,36347313,36,0,1.2,0,True
20260630,502568,500,502,5003,TC-01,2025-06-13,AVAILABLE,,382,True,2428000000,4.0,150000000,2181000000,47607843,42764706,18,6,1.0,80000000,False
20260630,502569,500,502,5003,TC-01,2025-07-09,AVAILABLE,,356,True,4912000000,2.0,100000000,4714000000,50394993,48363599,0,0,1.8,80000000,False
20260630,502570,500,502,5004,TC-01,2026-02-12,AVAILABLE,,138,True,3490000000,0.0,100000000,3390000000,37697127,36616980,12,0,1.0,0,True
20260630,502571,500,502,5001,TC-01,2025-07-02,AVAILABLE,,363,True,3437000000,2.0,100000000,3268000000,48800227,46400682,18,0,1.0,0,False
20260630,502572,500,502,5004,TC-01,2026-01-05,AVAILABLE,,176,True,2514000000,1.0,0,2489000000,45395450,44944023,0,0,2.5,30000000,False
20260630,502573,500,502,5003,TC-01,2025-04-16,AVAILABLE,,440,True,3727000000,3.0,50000000,3565000000,34502870,33003148,0,0,2.0,0,False
20260630,502574,500,502,5004,TC-01,2026-01-19,SOLD,2026-02-25,162,False,3468000000,2.0,250000000,3149000000,35602094,32327276,12,0,2.0,0,False
20260630,502575,500,502,5001,TC-01,2025-11-13,AVAILABLE,,229,True,2993000000,2.0,100000000,2833000000,39705492,37582913,0,0,1.5,80000000,False
20260630,502576,500,502,5002,TC-01,2025-10-23,SOLD,2026-03-15,250,False,4005000000,3.0,100000000,3785000000,39199374,37046100,12,0,1.2,0,False
20260630,502577,500,502,5001,TC-01,2025-11-05,AVAILABLE,,237,True,3017000000,3.0,100000000,2826000000,37004784,34662088,0,6,1.5,0,False
20260630,502578,500,502,5004,TC-01,2025-07-19,AVAILABLE,,346,True,3944000000,1.0,100000000,3805000000,39495293,38103345,0,12,1.5,0,False
20260630,502579,500,502,5001,TC-01,2025-10-01,SOLD,2026-01-03,272,False,4235000000,4.0,100000000,3966000000,40604027,38024928,6,0,1.5,0,False
20260630,502580,500,502,5002,TC-01,2025-10-14,AVAILABLE,,259,True,3761000000,6.0,250000000,3285000000,35202171,30746911,24,18,2.0,0,False
20260630,502581,500,502,5001,TC-01,2025-11-03,SOLD,2026-02-15,239,False,2592000000,3.0,250000000,2264000000,37500000,32754630,0,0,2.5,50000000,False
20260630,502582,500,502,5001,TC-01,2025-12-05,AVAILABLE,,207,True,2751000000,5.0,150000000,2463000000,36097625,32318593,12,12,1.5,0,True
20260630,502583,500,502,5002,TC-01,2026-03-08,AVAILABLE,,114,True,2558000000,2.0,100000000,2407000000,36896005,34718015,0,12,1.5,0,True
20260630,502584,500,502,5003,TC-01,2025-07-19,AVAILABLE,,346,True,4934000000,3.0,50000000,4736000000,47301313,45403125,6,0,2.0,50000000,False
20260630,502585,500,502,5002,TC-01,2025-09-19,AVAILABLE,,284,True,4601000000,3.0,100000000,4363000000,42899767,40680653,24,0,1.2,0,True
20260630,502586,500,502,5003,TC-01,2025-06-01,AVAILABLE,,394,True,3338000000,1.0,250000000,3055000000,49694804,45481614,0,0,1.0,0,False
20260630,502587,500,502,5003,TC-01,2026-03-20,AVAILABLE,,102,True,2793000000,1.0,100000000,2665000000,39997136,38164113,6,18,1.5,80000000,True
20260630,502588,500,502,5002,TC-01,2026-02-26,AVAILABLE,,124,True,3115000000,2.0,250000000,2803000000,42894519,38598182,12,18,1.8,0,False
20260630,502589,500,502,5001,TC-01,2026-03-26,AVAILABLE,,96,True,4320000000,0.0,250000000,4070000000,45197740,42582130,0,12,1.8,0,False
20260630,502590,500,502,5002,TC-01,2026-01-31,AVAILABLE,,150,True,4778000000,0.0,100000000,4678000000,44604182,43670650,12,18,1.2,0,True
20260630,502591,500,502,5001,TC-01,2025-06-07,AVAILABLE,,388,True,3294000000,2.0,0,3228000000,42198309,41352806,0,12,1.8,0,False
20260630,502592,500,502,5004,TC-01,2025-09-24,AVAILABLE,,279,True,2243000000,5.0,100000000,2031000000,38499828,34860968,0,0,1.2,80000000,True
20260630,502593,500,502,5004,TC-01,2025-07-21,AVAILABLE,,344,True,3184000000,5.0,100000000,2925000000,39298939,36102197,12,12,1.2,0,False
20260630,502594,500,502,5002,TC-01,2025-12-19,SOLD,2026-05-06,193,False,4873000000,3.0,150000000,4577000000,46303687,43491068,0,0,2.0,0,False
20260630,502595,500,502,5001,TC-01,2025-11-12,AVAILABLE,,230,True,2780000000,3.0,50000000,2647000000,41393687,39413341,6,6,1.5,0,False
20260630,502596,500,502,5004,TC-01,2026-04-16,AVAILABLE,,75,False,4818000000,3.0,50000000,4623000000,45095470,43270311,0,24,1.2,0,False
20260630,502597,500,502,5002,TC-01,2025-10-14,AVAILABLE,,259,True,4224000000,3.0,50000000,4047000000,38695493,37074020,0,6,1.8,30000000,False
20260630,502598,500,502,5002,TC-01,2025-08-26,AVAILABLE,,308,True,3263000000,4.0,0,3132000000,41002765,39356622,0,18,1.0,0,False
20260630,502599,500,502,5002,TC-01,2025-04-07,AVAILABLE,,449,True,4692000000,1.0,0,4645000000,46304155,45840324,0,6,1.8,0,True
20260630,502600,500,502,5004,TC-01,2025-06-29,SOLD,2026-02-24,366,False,2916000000,4.0,0,2799000000,41896552,40215517,6,6,1.2,0,True
20260630,502601,500,502,5004,TC-01,2025-06-01,AVAILABLE,,394,True,4885000000,4.0,250000000,4440000000,44898897,40808824,24,18,1.8,0,False
20260630,502602,500,502,5002,TC-01,2025-12-31,AVAILABLE,,181,True,4138000000,3.0,0,4014000000,48200349,46755970,0,0,1.8,50000000,False
20260630,502603,500,502,5004,TC-01,2026-03-31,AVAILABLE,,91,True,1979000000,2.0,0,1939000000,34191431,33500346,18,12,1.0,0,False
20260630,502604,500,502,5001,TC-01,2025-11-01,AVAILABLE,,241,True,2202000000,2.0,0,2158000000,40292772,39487649,12,6,1.5,80000000,False
20260630,502605,500,502,5003,TC-01,2025-06-26,AVAILABLE,,369,True,2443000000,3.0,50000000,2320000000,47207729,44830918,0,6,2.5,0,True
20260630,502606,500,502,5003,TC-01,2025-11-01,AVAILABLE,,241,True,4057000000,2.0,100000000,3876000000,36297754,34678357,12,12,1.2,0,False
20260630,502607,500,502,5003,TC-01,2026-03-05,AVAILABLE,,117,True,2569000000,0.0,250000000,2319000000,36600655,33038894,12,0,1.2,0,False
20260630,502608,500,502,5003,TC-01,2026-03-20,SOLD,2026-05-01,102,False,2215000000,3.0,50000000,2099000000,31994800,30319226,24,18,1.8,0,False
20260630,502609,500,502,5003,TC-01,2026-04-08,AVAILABLE,,83,False,2997000000,3.0,150000000,2757000000,41596114,38265094,6,0,1.5,0,False
20260630,502610,500,502,5001,TC-01,2025-12-20,AVAILABLE,,192,True,2942000000,3.0,0,2854000000,42203414,40941041,0,18,1.2,0,False
20260630,502611,500,502,5003,TC-01,2026-03-29,AVAILABLE,,93,True,2953000000,6.0,250000000,2526000000,39605687,33878755,6,0,1.8,30000000,False
20260630,502612,500,502,5002,TC-01,2025-12-15,AVAILABLE,,197,True,2676000000,2.0,250000000,2372000000,35699039,31643543,0,18,1.5,0,False
20260630,502613,500,502,5003,TC-01,2026-03-02,AVAILABLE,,120,True,2273000000,3.0,0,2205000000,40495279,39283805,12,24,2.5,0,False
20260630,502614,500,502,5001,TC-01,2026-03-08,AVAILABLE,,114,True,3190000000,3.0,0,3094000000,41504033,40255009,6,0,1.0,0,False
20260630,502615,500,502,5004,TC-01,2026-03-02,SOLD,2026-04-06,120,False,3072000000,2.0,150000000,2861000000,40597331,37808907,12,18,2.5,80000000,False
20260630,502616,500,502,5004,TC-01,2026-02-08,AVAILABLE,,142,True,2719000000,1.0,250000000,2442000000,39105422,35121530,24,6,1.0,0,False
20260630,502617,500,502,5002,TC-01,2026-01-12,AVAILABLE,,169,True,4383000000,3.0,0,4252000000,45199546,43848613,0,6,1.5,0,True
20260630,502618,500,502,5003,TC-01,2025-11-12,AVAILABLE,,230,True,3568000000,5.0,150000000,3240000000,45005045,40867810,0,0,1.2,0,False
20260630,502619,500,502,5003,TC-01,2025-04-01,AVAILABLE,,455,True,2995000000,2.0,100000000,2835000000,41298952,39092664,24,12,1.5,0,False
20260630,502620,500,502,5004,TC-01,2026-01-15,AVAILABLE,,166,True,3429000000,3.0,250000000,3076000000,44399845,39829082,18,6,1.0,0,True
20260630,502621,500,502,5002,TC-01,2025-11-25,AVAILABLE,,217,True,3177000000,2.0,50000000,3063000000,32698641,31525319,0,18,2.5,0,True
20260630,502622,500,502,5004,TC-01,2026-04-01,AVAILABLE,,90,False,3564000000,2.0,50000000,3443000000,45303165,43765095,18,6,1.5,80000000,False
20260630,502623,500,502,5002,TC-01,2025-03-26,AVAILABLE,,461,True,5001000000,3.0,150000000,4701000000,46896099,44082896,12,0,1.2,0,True
20260630,502624,500,502,5003,TC-01,2025-03-23,AVAILABLE,,464,True,5451000000,0.0,0,5451000000,47602829,47602829,12,18,2.0,0,False
20260630,502625,500,502,5002,TC-01,2025-03-20,AVAILABLE,,467,True,2928000000,4.0,150000000,2661000000,36700928,33354224,24,0,2.0,0,False
20260630,502626,500,502,5004,TC-01,2025-09-20,SOLD,2025-12-03,283,False,2308000000,3.0,0,2239000000,31997782,31041176,24,24,1.0,0,False
20260630,502627,500,502,5002,TC-01,2025-12-29,AVAILABLE,,183,True,3612000000,2.0,250000000,3290000000,48594107,44262075,18,0,1.0,0,False
20260630,502628,500,502,5004,TC-01,2025-10-08,AVAILABLE,,265,True,2080000000,3.0,50000000,1968000000,43798694,41440303,6,0,1.2,0,False
20260630,502629,500,502,5003,TC-01,2025-06-03,AVAILABLE,,392,True,4357000000,6.0,0,4096000000,43198493,40610748,6,6,1.5,0,False
20260630,502630,500,502,5003,TC-01,2025-08-09,SOLD,2026-04-09,325,False,2587000000,2.0,250000000,2285000000,43398759,38332495,0,6,2.0,0,False
20260630,502631,500,502,5002,TC-01,2025-04-19,SOLD,2025-09-25,437,False,3385000000,0.0,50000000,3335000000,47197434,46500279,6,0,1.5,0,False
20260630,502632,500,502,5003,TC-01,2025-06-26,AVAILABLE,,369,True,2768000000,2.0,100000000,2613000000,41301104,38988362,12,0,1.0,0,False
20260630,502633,500,502,5004,TC-01,2026-01-07,AVAILABLE,,174,True,3117000000,2.0,150000000,2905000000,45898984,42777205,24,0,2.0,30000000,False
20260630,502634,500,502,5004,TC-01,2026-02-25,SOLD,2026-04-26,125,False,3535000000,2.0,150000000,3314000000,50406388,47255098,0,6,1.5,0,False
20260630,502635,500,502,5003,TC-01,2026-02-23,SOLD,2026-03-27,127,False,5609000000,3.0,100000000,5341000000,52002596,49517894,18,0,2.5,80000000,True
20260630,502636,500,502,5004,TC-01,2025-07-06,AVAILABLE,,359,True,2751000000,1.0,100000000,2623000000,37793653,36035170,24,6,1.2,0,False
20260630,502637,500,502,5001,TC-01,2025-07-02,AVAILABLE,,363,True,3547000000,3.0,0,3441000000,43398997,42102043,6,0,2.5,0,False
20260630,502638,500,502,5004,TC-01,2025-04-15,SOLD,2025-06-07,441,False,3488000000,3.0,0,3383000000,44804110,43455363,24,6,2.5,0,False
20260630,502639,500,502,5004,TC-01,2025-12-01,AVAILABLE,,211,True,3655000000,1.0,250000000,3368000000,36102331,33267483,6,0,1.8,0,True
20260630,502640,500,502,5002,TC-01,2025-10-19,AVAILABLE,,254,True,3293000000,0.0,150000000,3143000000,38201856,36461717,0,0,1.5,80000000,False
20260630,502641,500,502,5004,TC-01,2025-09-04,SOLD,2026-02-15,299,False,3859000000,5.0,150000000,3516000000,42896843,39084037,0,6,1.2,0,False
20260630,502642,500,502,5004,TC-01,2026-01-04,SOLD,2026-03-23,177,False,2951000000,5.0,100000000,2703000000,37698007,34529893,12,12,1.0,0,False
20260630,502643,500,502,5003,TC-01,2025-11-19,SOLD,2025-12-15,223,False,3533000000,5.0,0,3356000000,45604750,43319995,0,12,1.0,0,False
20260630,502644,500,502,5001,TC-01,2025-04-12,AVAILABLE,,444,True,4663000000,4.0,100000000,4376000000,49797095,46732166,12,12,1.8,30000000,False
20260630,502645,500,502,5003,TC-01,2025-10-11,SOLD,2026-02-21,262,False,2930000000,2.0,50000000,2821000000,43006018,41406135,0,0,1.0,0,True
20260630,502646,500,502,5004,TC-01,2025-11-23,AVAILABLE,,219,True,4396000000,1.0,150000000,4202000000,43498912,41579260,0,0,2.5,0,False
20260630,502647,500,502,5004,TC-01,2025-06-19,AVAILABLE,,376,True,2583000000,2.0,0,2531000000,36000000,35275261,0,0,1.0,0,False
20260630,502648,500,502,5004,TC-01,2025-09-16,AVAILABLE,,287,True,3075000000,4.0,0,2952000000,42797495,41085595,18,6,1.2,0,False
20260630,502649,500,502,5004,TC-01,2025-11-26,AVAILABLE,,216,True,2384000000,0.0,100000000,2284000000,45194313,43298578,12,12,1.0,80000000,False
20260630,502650,500,502,5003,TC-01,2025-04-27,AVAILABLE,,429,True,2671000000,2.0,50000000,2568000000,48108790,46253602,12,0,1.5,0,True
20260630,502651,500,502,5002,TC-01,2025-11-30,AVAILABLE,,212,True,3624000000,1.0,100000000,3488000000,43900666,42253180,6,12,1.0,50000000,False
20260630,502652,500,502,5002,TC-01,2025-05-12,AVAILABLE,,414,True,5047000000,3.0,250000000,4646000000,49296738,45379957,18,0,1.5,0,False
20260630,502653,500,502,5003,TC-01,2025-04-19,AVAILABLE,,437,True,4701000000,4.0,100000000,4413000000,48604218,45626551,12,0,1.0,0,False
20260630,502654,500,502,5003,TC-01,2025-07-06,AVAILABLE,,359,True,3314000000,0.0,0,3314000000,48706643,48706643,12,12,1.8,0,False
20260630,502655,500,502,5001,TC-01,2025-09-27,AVAILABLE,,276,True,3431000000,4.0,50000000,3244000000,43897134,41504606,0,0,1.0,0,False
20260630,502656,500,502,5002,TC-01,2026-03-04,AVAILABLE,,118,True,3433000000,2.0,100000000,3264000000,34895304,33177475,12,0,1.2,0,False
20260630,502657,500,502,5001,TC-01,2025-09-14,AVAILABLE,,289,True,3370000000,0.0,0,3370000000,41795858,41795858,0,0,2.5,80000000,False
20260630,502658,500,502,5002,TC-01,2025-03-19,AVAILABLE,,468,True,3900000000,0.0,250000000,3650000000,51403717,48108607,0,24,1.8,0,True
20260630,502659,500,502,5003,TC-01,2025-09-21,AVAILABLE,,282,True,3422000000,4.0,0,3285000000,39902052,38304571,18,0,1.0,0,False
20260630,502660,500,502,5004,TC-01,2025-10-09,AVAILABLE,,264,True,2898000000,3.0,150000000,2661000000,36903094,33885139,12,0,1.8,80000000,True
20260630,502661,500,502,5004,TC-01,2025-09-30,AVAILABLE,,273,True,3257000000,0.0,100000000,3157000000,38098023,36928296,12,0,2.0,80000000,False
20260630,502662,500,502,5004,TC-01,2026-01-27,AVAILABLE,,154,True,2520000000,0.0,150000000,2370000000,42704626,40162684,0,0,1.0,30000000,False
20260630,502663,500,502,5001,TC-01,2025-11-11,AVAILABLE,,231,True,4846000000,1.0,0,4798000000,44401686,43961884,6,12,1.5,0,False
20260630,502664,500,502,5002,TC-01,2026-04-10,AVAILABLE,,81,False,3193000000,0.0,250000000,2943000000,42196379,38892560,18,12,1.5,0,False
20260630,502665,500,502,5003,TC-01,2025-07-12,SOLD,2026-03-21,353,False,2783000000,6.0,100000000,2516000000,36599158,33087849,0,0,2.5,0,False
20260630,502666,500,502,5003,TC-01,2026-01-26,AVAILABLE,,155,True,2939000000,1.0,100000000,2810000000,39301952,37576892,0,18,2.0,0,False
20260630,502667,500,502,5002,TC-01,2025-12-16,AVAILABLE,,196,True,3430000000,2.0,0,3361000000,46201509,45272091,24,6,2.0,0,False
20260630,502668,500,502,5004,TC-01,2025-10-15,AVAILABLE,,258,True,2304000000,2.0,100000000,2158000000,52009029,48713318,24,6,1.2,0,False
20260630,502669,500,502,5004,TC-01,2025-08-06,AVAILABLE,,328,True,2729000000,2.0,0,2674000000,37393807,36640175,6,0,2.5,0,False
20260630,502670,500,502,5002,TC-01,2025-09-01,SOLD,2026-02-22,302,False,3192000000,1.0,250000000,2910000000,38402310,35009625,6,12,1.0,30000000,False
20260630,502671,500,502,5003,TC-01,2025-10-08,SOLD,2026-05-09,265,False,3391000000,1.0,0,3357000000,43098627,42666497,0,0,1.8,0,False
20260630,502672,500,502,5003,TC-01,2025-04-30,AVAILABLE,,426,True,4246000000,3.0,0,4119000000,44095960,42777028,0,0,2.5,0,True
20260630,502673,500,502,5004,TC-01,2025-12-10,AVAILABLE,,202,True,5333000000,3.0,50000000,5123000000,47603321,45728823,12,0,2.5,0,False
20260630,502674,500,502,5002,TC-01,2025-08-09,AVAILABLE,,325,True,3772000000,2.0,100000000,3597000000,38695117,36899877,0,24,1.0,0,False
20260630,502675,500,502,5002,TC-01,2025-05-29,SOLD,2025-09-20,397,False,1746000000,2.0,100000000,1611000000,37196421,34320409,18,24,2.0,50000000,False
20260630,502676,500,502,5003,TC-01,2025-12-08,AVAILABLE,,204,True,3892000000,2.0,50000000,3764000000,39202256,37912973,24,18,1.5,0,True
20260630,502677,500,502,5003,TC-01,2025-06-22,AVAILABLE,,373,True,2903000000,6.0,50000000,2679000000,33802981,31194690,24,0,1.8,0,False
20260630,502678,500,502,5003,TC-01,2025-07-08,AVAILABLE,,357,True,4453000000,1.0,50000000,4358000000,40603629,39737394,12,0,1.8,0,False
20260630,502679,500,502,5002,TC-01,2026-03-01,SOLD,2026-04-20,121,False,2597000000,3.0,50000000,2469000000,46608040,44310840,6,0,1.0,0,False
20260630,502680,500,502,5004,TC-01,2025-08-30,AVAILABLE,,304,True,3245000000,3.0,100000000,3048000000,43301308,40672538,0,12,1.0,0,False
20260630,502681,500,502,5001,TC-01,2025-08-09,AVAILABLE,,325,True,3949000000,4.0,150000000,3641000000,37202073,34300518,0,12,1.2,0,False
20260630,502682,500,502,5001,TC-01,2025-05-15,AVAILABLE,,411,True,2259000000,1.0,0,2236000000,42406608,41974845,6,6,2.0,0,True
20260630,502683,500,502,5003,TC-01,2025-10-03,AVAILABLE,,270,True,2662000000,1.0,100000000,2535000000,32503053,30952381,0,0,1.5,0,False
20260630,502684,500,502,5004,TC-01,2025-03-31,AVAILABLE,,456,True,1942000000,1.0,100000000,1823000000,36292282,34068398,12,0,2.0,0,False
20260630,502685,500,502,5004,TC-01,2026-01-10,AVAILABLE,,171,True,3223000000,2.0,50000000,3109000000,42996265,41475454,6,12,2.5,0,False
20260630,502686,500,502,5004,TC-01,2025-04-13,AVAILABLE,,443,True,1789000000,4.0,250000000,1467000000,39995529,32796781,24,12,2.5,0,False
20260630,502687,500,502,5001,TC-01,2026-02-17,AVAILABLE,,133,True,3462000000,2.0,250000000,3143000000,44803934,40675553,6,12,1.0,0,False
20260630,502688,500,502,5004,TC-01,2025-06-16,AVAILABLE,,379,True,2993000000,1.0,100000000,2863000000,40605074,38841406,0,18,2.0,0,False
20260630,502689,500,502,5004,TC-01,2025-08-20,AVAILABLE,,314,True,3060000000,3.0,50000000,2918000000,42505904,40533407,6,12,2.0,30000000,False
20260630,502690,500,502,5003,TC-01,2026-01-18,AVAILABLE,,163,True,2902000000,2.0,50000000,2794000000,39099973,37644840,24,18,1.8,0,True
20260630,502691,500,502,5003,TC-01,2025-06-10,AVAILABLE,,385,True,1804000000,5.0,0,1714000000,41309824,39248912,6,6,1.0,0,True
20260630,502692,500,502,5003,TC-01,2025-06-17,AVAILABLE,,378,True,2487000000,2.0,0,2437000000,44197619,43309046,6,0,1.5,50000000,False
20260630,502693,500,502,5003,TC-01,2025-12-30,AVAILABLE,,182,True,3869000000,4.0,50000000,3664000000,52002688,49247312,12,12,1.2,0,True
20260630,502694,500,502,5002,TC-01,2025-12-10,AVAILABLE,,202,True,3962000000,3.0,150000000,3693000000,45994892,42872069,12,24,2.0,0,False
20260630,502695,500,502,5002,TC-01,2025-10-10,AVAILABLE,,263,True,4979000000,0.0,0,4979000000,46200241,46200241,12,18,1.8,0,False
20260630,502696,500,502,5002,TC-01,2025-08-24,AVAILABLE,,310,True,4160000000,1.0,250000000,3868000000,49201656,45748078,18,0,1.2,0,True
20260630,502697,500,502,5003,TC-01,2025-06-21,AVAILABLE,,374,True,3160000000,2.0,250000000,2847000000,40005064,36042537,18,0,1.8,50000000,False
20260630,502698,500,502,5003,TC-01,2025-08-06,AVAILABLE,,328,True,2835000000,4.0,150000000,2572000000,41206395,37383721,6,0,1.0,0,False
20260630,502699,500,502,5004,TC-01,2026-03-18,AVAILABLE,,104,True,2612000000,6.0,0,2455000000,44399116,41730410,0,0,1.2,0,False
20260630,502700,500,502,5003,TC-01,2025-06-27,AVAILABLE,,368,True,3094000000,4.0,100000000,2870000000,37598736,34876656,6,6,2.0,80000000,False
20260630,502701,500,502,5004,TC-01,2025-10-23,AVAILABLE,,250,True,4668000000,2.0,0,4575000000,46099151,45180723,18,12,1.5,0,False
20260630,502702,500,502,5002,TC-01,2026-01-15,AVAILABLE,,166,True,3694000000,5.0,0,3509000000,40602330,38568916,24,6,1.2,0,False
20260630,502703,500,502,5004,TC-01,2026-01-21,AVAILABLE,,160,True,4470000000,4.0,0,4291000000,43797766,42043896,18,0,1.5,80000000,True
20260630,502704,500,502,5001,TC-01,2026-03-10,AVAILABLE,,112,True,1993000000,2.0,0,1953000000,44998871,44095733,0,0,1.2,0,False
20260630,502705,500,502,5002,TC-01,2025-04-01,AVAILABLE,,455,True,2697000000,2.0,150000000,2493000000,47002440,43447194,0,24,1.5,0,True
20260630,502706,500,502,5004,TC-01,2025-11-30,AVAILABLE,,212,True,3091000000,3.0,100000000,2898000000,44693464,41902834,18,0,1.0,0,False
20260630,502707,500,502,5003,TC-01,2025-05-25,AVAILABLE,,401,True,2676000000,1.0,50000000,2599000000,35495424,34474068,18,0,1.2,0,False
20260630,502708,500,502,5003,TC-01,2026-04-13,AVAILABLE,,78,False,2353000000,2.0,0,2306000000,42396396,41549550,6,24,1.5,0,False
20260630,502709,500,502,5002,TC-01,2026-02-10,AVAILABLE,,140,True,1698000000,3.0,0,1647000000,40602582,39383070,18,0,1.2,80000000,False
20260630,502710,500,502,5002,TC-01,2025-09-18,SOLD,2026-02-28,285,False,3390000000,0.0,150000000,3240000000,42695214,40806045,12,6,1.5,0,False
20260630,502711,500,502,5001,TC-01,2025-12-09,SOLD,2026-03-04,203,False,3213000000,2.0,50000000,3099000000,40102346,38679481,6,0,1.0,0,False
20260630,502712,500,502,5001,TC-01,2026-04-16,AVAILABLE,,75,False,3041000000,1.0,0,3011000000,38596269,38215510,18,6,1.8,0,False
20260630,502713,500,502,5004,TC-01,2025-11-02,AVAILABLE,,240,True,3267000000,2.0,50000000,3152000000,42600078,41100535,12,6,1.0,0,False
20260630,502714,500,502,5002,TC-01,2025-08-25,AVAILABLE,,309,True,4391000000,0.0,0,4391000000,41799143,41799143,6,0,1.8,0,False
20260630,502715,500,502,5001,TC-01,2025-10-22,AVAILABLE,,251,True,3395000000,1.0,0,3361000000,44495413,44049803,12,0,2.0,0,False
20260630,502716,500,502,5003,TC-01,2025-11-27,SOLD,2026-05-09,215,False,4389000000,6.0,150000000,3976000000,42500242,38501017,0,24,1.8,0,False
20260630,502717,500,502,5004,TC-01,2025-08-28,AVAILABLE,,306,True,4937000000,2.0,0,4838000000,45202344,44295916,6,18,2.0,30000000,False
20260630,502718,500,502,5002,TC-01,2025-11-07,AVAILABLE,,235,True,3339000000,2.0,0,3272000000,41905120,41064257,12,0,1.8,0,True
20260630,502719,500,502,5004,TC-01,2025-12-23,AVAILABLE,,189,True,3229000000,0.0,100000000,3129000000,43494073,42147091,0,0,1.2,80000000,False
20260630,502720,500,502,5002,TC-01,2026-01-30,AVAILABLE,,151,True,1421000000,3.0,0,1378000000,32689211,31700023,12,6,1.5,0,True
20260630,502721,500,502,5001,TC-01,2026-03-25,AVAILABLE,,97,True,4358000000,2.0,100000000,4171000000,45099865,43164649,12,18,1.8,0,False
20260630,502722,500,502,5004,TC-01,2025-04-08,AVAILABLE,,448,True,4059000000,4.0,0,3897000000,37998502,36481932,18,0,1.5,0,False
20260630,502723,500,502,5002,TC-01,2025-03-20,SOLD,2025-07-05,467,False,4575000000,6.0,50000000,4250000000,43696275,40592168,18,0,1.0,0,True
20260630,502724,500,502,5003,TC-01,2025-04-20,AVAILABLE,,436,True,3234000000,3.0,100000000,3037000000,47706151,44800118,0,0,1.5,0,False
20260630,502725,500,502,5003,TC-01,2025-10-19,AVAILABLE,,254,True,3873000000,0.0,250000000,3623000000,46394346,43399617,6,0,1.0,0,True
20260630,502726,500,502,5001,TC-01,2025-11-05,AVAILABLE,,237,True,4917000000,3.0,100000000,4669000000,45397470,43107746,12,6,1.2,50000000,False
20260630,502727,500,502,5004,TC-01,2025-04-04,AVAILABLE,,452,True,2655000000,0.0,250000000,2405000000,47803385,43302125,18,12,1.5,0,False
20260630,502728,500,502,5001,TC-01,2025-07-24,AVAILABLE,,341,True,3881000000,2.0,100000000,3703000000,41596999,39689175,18,24,1.0,0,False
20260630,502729,500,502,5002,TC-01,2026-04-14,AVAILABLE,,77,False,3492000000,5.0,100000000,3217000000,46703223,43025278,0,0,1.0,50000000,False
20260630,502730,500,502,5002,TC-01,2025-06-21,AVAILABLE,,374,True,3384000000,2.0,50000000,3266000000,48795963,47094448,6,18,2.0,0,False
20260630,502731,500,502,5003,TC-01,2025-05-14,AVAILABLE,,412,True,4189000000,2.0,50000000,4055000000,40701516,39399534,6,0,1.2,30000000,False
20260630,502732,500,502,5003,TC-01,2025-09-03,AVAILABLE,,300,True,3713000000,5.0,100000000,3427000000,45896168,42360939,6,6,1.8,0,False
20260630,502733,500,502,5003,TC-01,2025-10-05,SOLD,2026-02-05,268,False,2865000000,3.0,100000000,2679000000,49904198,46664344,12,6,1.5,0,False
20260630,502734,500,502,5004,TC-01,2025-06-18,AVAILABLE,,377,True,3150000000,3.0,50000000,3006000000,39394697,37593797,18,18,1.0,0,False
20260630,502735,500,502,5003,TC-01,2026-04-06,AVAILABLE,,85,False,3041000000,3.0,50000000,2900000000,39997369,38142838,12,6,1.0,0,False
20260630,502736,500,502,5002,TC-01,2025-12-18,AVAILABLE,,194,True,4289000000,3.0,0,4160000000,50703393,49178390,0,18,1.0,80000000,True
20260630,502737,500,502,5003,TC-01,2025-03-30,AVAILABLE,,457,True,2412000000,4.0,100000000,2216000000,46491904,42713955,36,24,1.5,0,True
20260630,502738,500,502,5002,TC-01,2025-07-05,AVAILABLE,,360,True,3337000000,3.0,0,3237000000,45494206,44130879,12,12,1.5,30000000,False
20260630,502739,500,502,5002,TC-01,2025-12-02,AVAILABLE,,210,True,2827000000,1.0,150000000,2649000000,38901885,36452456,18,0,1.2,0,True
20260630,502740,500,502,5002,TC-01,2025-07-05,SOLD,2025-12-01,360,False,2388000000,4.0,50000000,2242000000,40392422,37922869,12,18,1.2,0,False
20260630,502741,500,502,5001,TC-01,2025-06-20,AVAILABLE,,375,True,4616000000,4.0,150000000,4281000000,45802739,42478666,6,0,1.0,0,False
20260630,502742,500,502,5004,TC-01,2025-05-29,AVAILABLE,,397,True,2489000000,2.0,150000000,2289000000,37199223,34210133,0,24,1.5,0,False
20260630,502743,500,502,5002,TC-01,2025-12-27,AVAILABLE,,185,True,3276000000,2.0,50000000,3160000000,34498736,33277169,24,24,1.8,0,False
20260630,502744,500,502,5003,TC-01,2025-12-15,SOLD,2026-01-24,197,False,4750000000,1.0,150000000,4552000000,41998232,40247569,12,0,1.5,0,False
20260630,502745,500,502,5004,TC-01,2025-09-17,AVAILABLE,,286,True,3141000000,0.0,50000000,3091000000,44195863,43492332,0,0,1.5,0,False
20260630,502746,500,502,5003,TC-01,2026-03-27,SOLD,2026-04-25,95,False,3166000000,2.0,0,3103000000,45804398,44892940,0,0,2.5,80000000,False
20260630,502747,500,502,5004,TC-01,2025-07-02,SOLD,2026-02-28,363,False,2133000000,2.0,150000000,1940000000,38096089,34649044,0,18,1.2,80000000,False
20260630,502748,500,502,5002,TC-01,2026-02-13,AVAILABLE,,137,True,4115000000,5.0,100000000,3809000000,38404106,35548297,18,24,1.5,80000000,False
20260630,502749,500,502,5003,TC-01,2025-04-10,AVAILABLE,,446,True,3273000000,3.0,0,3175000000,40502413,39289692,18,18,1.8,0,False
20260630,502750,500,502,5001,TC-01,2025-04-07,AVAILABLE,,449,True,3636000000,0.0,100000000,3536000000,44602552,43375859,6,18,2.0,0,False
20260630,502751,500,502,5004,TC-01,2025-04-10,AVAILABLE,,446,True,3992000000,5.0,150000000,3642000000,41397905,37768329,6,6,2.0,0,False
20260630,502752,500,502,5003,TC-01,2025-12-03,AVAILABLE,,209,True,3841000000,0.0,50000000,3791000000,44699174,44117305,0,6,1.5,0,False
20260630,502753,500,502,5001,TC-01,2026-03-01,AVAILABLE,,121,True,3282000000,3.0,150000000,3034000000,42701015,39474369,6,18,1.5,0,False
20260630,502754,500,502,5004,TC-01,2025-06-10,AVAILABLE,,385,True,2479000000,2.0,250000000,2179000000,38197227,33574730,36,12,2.0,0,False
20260630,502755,500,502,5002,TC-01,2025-06-04,SOLD,2026-01-10,391,False,3188000000,1.0,50000000,3106000000,41306038,40243586,0,0,1.2,0,False
20260630,502756,500,502,5003,TC-01,2025-03-17,SOLD,2025-10-06,470,False,3572000000,0.0,0,3572000000,42503570,42503570,18,18,1.2,0,False
20260630,502757,500,502,5002,TC-01,2025-09-20,AVAILABLE,,283,True,2779000000,3.0,0,2696000000,34894525,33852336,6,18,1.2,0,True
20260630,502758,500,502,5002,TC-01,2025-05-03,AVAILABLE,,423,True,4719000000,2.0,100000000,4525000000,45296602,43434440,24,12,1.8,0,False
20260630,502759,500,502,5003,TC-01,2026-02-03,AVAILABLE,,147,True,3181000000,1.0,100000000,3049000000,44495734,42649322,0,0,1.8,0,True
20260630,502760,500,502,5001,TC-01,2025-12-09,AVAILABLE,,203,True,3232000000,3.0,100000000,3035000000,41903280,39349151,6,0,1.5,50000000,True
20260630,502761,500,502,5002,TC-01,2026-03-05,AVAILABLE,,117,True,4467000000,1.0,150000000,4272000000,43597501,41694320,18,6,1.2,0,True
20260630,502762,500,502,5003,TC-01,2025-04-04,SOLD,2025-08-27,452,False,2887000000,2.0,0,2829000000,40696363,39878771,6,18,1.5,0,False
20260630,502763,500,502,5003,TC-01,2025-09-17,SOLD,2025-12-31,286,False,3294000000,5.0,100000000,3029000000,47402504,43589006,24,6,1.2,0,False
20260630,502764,500,502,5004,TC-01,2026-02-10,AVAILABLE,,140,True,1686000000,0.0,150000000,1536000000,40793612,37164287,24,12,1.5,0,True
20260630,502765,500,502,5002,TC-01,2025-08-17,AVAILABLE,,317,True,2989000000,4.0,50000000,2819000000,44393287,41868409,12,6,1.0,0,True
20260630,502766,500,502,5003,TC-01,2025-05-20,AVAILABLE,,406,True,3197000000,0.0,150000000,3047000000,40804084,38889598,36,0,1.2,30000000,False
20260630,502767,500,502,5003,TC-01,2026-01-16,AVAILABLE,,165,True,2937000000,2.0,150000000,2728000000,38297040,35571783,0,0,1.2,0,False
20260630,502768,500,502,5002,TC-01,2026-02-22,SOLD,2026-04-07,128,False,2471000000,2.0,50000000,2372000000,43305293,41570277,12,12,1.2,0,True
20260630,502769,500,502,5002,TC-01,2026-04-08,AVAILABLE,,83,False,4082000000,6.0,50000000,3787000000,52000000,48242038,12,0,1.0,0,False
20260630,502770,500,502,5002,TC-01,2025-06-21,AVAILABLE,,374,True,3343000000,2.0,100000000,3176000000,45594654,43316967,0,0,1.5,0,False
20260630,502771,500,502,5001,TC-01,2025-06-05,AVAILABLE,,390,True,1793000000,3.0,0,1739000000,38801125,37632547,0,0,2.5,0,False
20260630,502772,500,502,5001,TC-01,2025-09-28,AVAILABLE,,275,True,2337000000,1.0,0,2314000000,42599344,42180095,0,18,1.0,0,True
20260630,502773,500,502,5001,TC-01,2025-06-20,AVAILABLE,,375,True,2300000000,1.0,100000000,2177000000,46492824,44006469,12,24,1.0,0,False
20260630,502774,500,502,5002,TC-01,2026-03-05,AVAILABLE,,117,True,2338000000,3.0,250000000,2018000000,43104720,37205015,0,6,1.2,0,False
20260630,502775,500,502,5002,TC-01,2025-05-01,AVAILABLE,,425,True,2497000000,2.0,0,2447000000,36394112,35665355,24,12,1.2,30000000,False
20260630,502776,500,502,5002,TC-01,2025-12-15,AVAILABLE,,197,True,2163000000,4.0,0,2076000000,43503620,41753821,6,0,1.5,0,False
20260630,502777,500,502,5003,TC-01,2025-12-20,AVAILABLE,,192,True,2502000000,2.0,50000000,2402000000,37304309,35813329,6,6,1.5,0,True
20260630,502778,500,502,5004,TC-01,2025-12-06,AVAILABLE,,206,True,3456000000,2.0,100000000,3287000000,44697362,42511640,0,0,1.5,0,False
20260630,502779,500,502,5004,TC-01,2026-03-10,AVAILABLE,,112,True,3097000000,2.0,150000000,2885000000,37103151,34563316,36,0,1.5,0,True
20260630,502780,500,502,5002,TC-01,2025-12-25,AVAILABLE,,187,True,1952000000,3.0,0,1893000000,36609152,35502626,18,18,2.0,0,False
20260630,502781,500,502,5004,TC-01,2025-04-13,SOLD,2025-12-10,443,False,2458000000,4.0,0,2360000000,44200683,42438410,0,6,1.2,30000000,False
20260630,502782,500,502,5004,TC-01,2026-02-26,SOLD,2026-04-11,124,False,4560000000,1.0,250000000,4264000000,45902960,42923294,12,12,1.8,0,False
20260630,502783,500,502,5002,TC-01,2026-02-27,AVAILABLE,,123,True,2578000000,3.0,150000000,2351000000,38294712,34922757,18,18,1.8,0,True
20260630,502784,500,502,5003,TC-01,2025-05-16,AVAILABLE,,410,True,2043000000,2.0,100000000,1902000000,37206338,34638499,18,12,1.2,30000000,False
20260630,502785,500,502,5004,TC-01,2025-07-18,AVAILABLE,,347,True,3142000000,0.0,250000000,2892000000,46499926,42800059,0,0,1.5,0,True
20260630,502786,500,502,5004,TC-01,2025-10-25,AVAILABLE,,248,True,2234000000,3.0,0,2167000000,44501992,43167331,6,12,1.5,30000000,False
20260630,502787,500,502,5004,TC-01,2025-06-04,AVAILABLE,,391,True,3143000000,3.0,50000000,2999000000,39594356,37780297,36,0,1.8,0,False
20260630,502788,500,502,5004,TC-01,2026-01-29,AVAILABLE,,152,True,3950000000,0.0,50000000,3900000000,40400941,39889537,6,6,2.5,0,False
20260630,502789,500,502,5001,TC-01,2025-06-25,SOLD,2025-08-16,370,False,3356000000,4.0,250000000,2972000000,41396324,36659677,0,18,1.0,0,False
20260630,502790,500,502,5003,TC-01,2026-01-08,AVAILABLE,,173,True,1922000000,3.0,50000000,1814000000,40192388,37933919,24,12,1.8,0,False
20260630,502791,500,502,5003,TC-01,2025-03-22,AVAILABLE,,465,True,4576000000,0.0,150000000,4426000000,44902365,43430478,0,24,1.5,0,False
20260630,502792,500,502,5002,TC-01,2025-12-07,AVAILABLE,,205,True,3833000000,2.0,0,3756000000,48996549,48012272,12,0,1.5,0,True
20260630,502793,500,502,5003,TC-01,2026-02-01,SOLD,2026-04-17,149,False,3789000000,1.0,150000000,3601000000,36404689,34598386,0,12,1.2,0,True
20260630,502794,500,502,5003,TC-01,2025-10-25,SOLD,2026-04-03,248,False,2081000000,1.0,100000000,1960000000,51395406,48407014,6,0,1.5,80000000,False
20260630,502795,500,502,5001,TC-01,2025-07-08,AVAILABLE,,357,True,4202000000,4.0,250000000,3784000000,39795435,35836727,18,0,1.0,0,False
20260630,502796,500,502,5003,TC-01,2025-11-14,SOLD,2026-01-09,228,False,2282000000,5.0,250000000,1918000000,41102305,34546110,36,0,2.0,0,False
20260630,502797,500,502,5003,TC-01,2025-07-28,AVAILABLE,,337,True,3400000000,4.0,100000000,3164000000,42494688,39545057,24,0,1.2,0,False
20260630,502798,500,502,5001,TC-01,2026-03-26,SOLD,2026-04-18,96,False,3663000000,2.0,150000000,3440000000,48305420,45364631,18,0,1.5,0,False
20260630,502799,500,502,5001,TC-01,2025-08-23,AVAILABLE,,311,True,1858000000,3.0,50000000,1752000000,41298066,38941987,36,0,2.5,0,False
20260630,502800,500,502,5001,TC-01,2025-03-18,SOLD,2025-08-10,469,False,3570000000,5.0,50000000,3342000000,44497071,41655241,6,0,1.5,0,False
20260630,502801,500,502,5001,TC-01,2025-06-01,AVAILABLE,,394,True,3412000000,4.0,100000000,3176000000,44496609,41418884,0,12,1.5,0,False
20260630,502802,500,502,5003,TC-01,2025-04-24,AVAILABLE,,432,True,3024000000,1.0,50000000,2944000000,42796490,41664308,12,24,1.5,0,False
20260630,502803,500,502,5001,TC-01,2025-03-23,AVAILABLE,,464,True,2894000000,6.0,100000000,2620000000,40703235,36849508,12,6,1.5,0,False
20260630,502804,500,502,5003,TC-01,2026-02-02,AVAILABLE,,148,True,3784000000,4.0,0,3633000000,46994536,45119225,24,6,1.8,50000000,False
20260630,502805,500,502,5004,TC-01,2025-09-10,AVAILABLE,,293,True,2514000000,5.0,250000000,2138000000,51995863,44219235,12,24,1.0,0,False
20260630,502806,500,502,5004,TC-01,2025-06-10,AVAILABLE,,385,True,4029000000,5.0,50000000,3778000000,49194139,46129426,6,12,1.2,30000000,False
20260630,502807,500,502,5001,TC-01,2025-10-13,AVAILABLE,,260,True,2929000000,1.0,100000000,2800000000,37705973,36045314,36,12,2.5,0,False
20260630,502808,500,502,5002,TC-01,2025-07-16,AVAILABLE,,349,True,3413000000,2.0,250000000,3095000000,40805835,37003826,0,0,2.0,0,False
20260630,502809,500,502,5003,TC-01,2025-10-24,AVAILABLE,,249,True,3249000000,2.0,0,3184000000,42200286,41356020,18,18,1.0,30000000,False
20260630,502810,500,502,5003,TC-01,2025-04-09,AVAILABLE,,447,True,4947000000,1.0,150000000,4748000000,46498731,44628255,6,0,2.5,30000000,False
20260630,502811,500,502,5001,TC-01,2025-04-19,AVAILABLE,,437,True,3950000000,3.0,150000000,3682000000,43704359,40739102,0,0,1.5,0,False
20260630,502812,500,502,5002,TC-01,2025-05-21,AVAILABLE,,405,True,1750000000,0.0,50000000,1700000000,36703020,35654362,0,12,1.5,0,True
20260630,502813,500,502,5004,TC-01,2025-11-19,AVAILABLE,,223,True,4726000000,5.0,0,4490000000,45995134,43698297,0,0,1.2,0,False
20260630,502814,500,502,5004,TC-01,2025-05-28,AVAILABLE,,398,True,2739000000,1.0,50000000,2662000000,45205479,43934643,6,0,1.2,0,False
20260630,502815,500,502,5004,TC-01,2025-10-11,SOLD,2025-11-04,262,False,2909000000,6.0,0,2734000000,35895854,33736426,12,12,2.0,30000000,True
20260630,502816,500,502,5002,TC-01,2025-09-15,AVAILABLE,,288,True,2442000000,3.0,50000000,2319000000,50205592,47676809,18,0,2.0,0,False
20260630,502817,500,502,5004,TC-01,2025-04-24,SOLD,2025-05-20,432,False,2597000000,3.0,100000000,2419000000,48406337,45088537,24,6,1.2,0,False
20260630,502818,500,502,5001,TC-01,2025-09-21,AVAILABLE,,282,True,2467000000,4.0,50000000,2318000000,42896887,40306034,12,0,2.5,0,False
20260630,502819,500,502,5004,TC-01,2025-09-22,AVAILABLE,,281,True,3096000000,3.0,150000000,2853000000,38397619,35383852,0,12,1.5,0,False
20260630,502820,500,502,5004,TC-01,2025-06-04,AVAILABLE,,391,True,2401000000,1.0,50000000,2327000000,41503889,40224719,6,12,1.0,0,False
20260630,502821,500,502,5004,TC-01,2026-01-11,AVAILABLE,,170,True,1698000000,1.0,0,1681000000,37607973,37231451,12,6,1.0,0,False
20260630,502822,500,502,5001,TC-01,2025-09-07,SOLD,2026-03-25,296,False,4431000000,4.0,0,4254000000,40699917,39074125,6,0,1.0,0,False
20260630,502823,500,502,5004,TC-01,2026-02-18,AVAILABLE,,132,True,3594000000,3.0,150000000,3336000000,51094683,47426784,36,6,1.5,0,False
20260630,502824,500,502,5002,TC-01,2025-05-17,AVAILABLE,,409,True,2604000000,1.0,100000000,2478000000,45604203,43397548,24,12,1.0,0,True
20260630,502825,500,502,5001,TC-01,2025-09-02,AVAILABLE,,301,True,3743000000,1.0,0,3706000000,44596688,44155844,0,18,2.0,0,False
20260630,502826,500,502,5002,TC-01,2025-06-16,AVAILABLE,,379,True,4023000000,6.0,50000000,3732000000,48295318,44801921,36,0,1.5,0,True
20260630,502827,500,502,5003,TC-01,2025-10-25,SOLD,2026-05-03,248,False,3912000000,1.0,50000000,3823000000,37299771,36451182,0,12,1.5,0,False
20260630,502828,500,502,5002,TC-01,2026-01-01,AVAILABLE,,180,True,3298000000,3.0,100000000,3099000000,44597701,41906694,12,0,1.0,0,False
20260630,502829,500,502,5004,TC-01,2025-04-22,AVAILABLE,,434,True,3024000000,2.0,50000000,2914000000,39695458,38251510,18,12,2.0,50000000,True
20260630,502830,500,502,5001,TC-01,2026-01-13,AVAILABLE,,168,True,2079000000,1.0,0,2058000000,45492341,45032823,0,0,1.8,0,False
20260630,502831,500,502,5004,TC-01,2026-03-09,AVAILABLE,,113,True,3823000000,2.0,50000000,3697000000,46896467,45350834,0,0,1.2,0,False
20260630,502832,500,502,5001,TC-01,2025-12-03,AVAILABLE,,209,True,3365000000,0.0,150000000,3215000000,40396158,38595438,18,12,1.0,0,False
20260630,502833,500,502,5001,TC-01,2025-08-08,AVAILABLE,,326,True,3476000000,4.0,100000000,3237000000,41798942,38924964,0,6,2.0,50000000,False
20260630,502834,500,502,5004,TC-01,2025-07-22,AVAILABLE,,343,True,5002000000,2.0,0,4902000000,43198895,42335262,24,12,1.5,0,False
20260630,502835,500,502,5004,TC-01,2025-08-27,AVAILABLE,,307,True,3251000000,4.0,0,3121000000,43002646,41283069,6,6,1.8,0,False
20260630,502836,500,502,5001,TC-01,2026-02-01,SOLD,2026-05-03,149,False,3920000000,4.0,0,3763000000,46901173,45022733,0,0,1.5,0,False
20260630,502837,500,502,5003,TC-01,2025-06-06,AVAILABLE,,389,True,3625000000,2.0,50000000,3502000000,45003104,43476102,12,0,1.5,0,False
20260630,502838,500,502,5002,TC-01,2025-07-29,AVAILABLE,,336,True,4410000000,4.0,0,4234000000,44299347,42531391,12,18,1.5,0,True
20260630,502839,500,502,5001,TC-01,2025-06-13,AVAILABLE,,382,True,2082000000,2.0,100000000,1940000000,38792622,36146823,12,0,2.5,0,True
20260630,502840,500,502,5004,TC-01,2025-12-17,AVAILABLE,,195,True,3362000000,1.0,0,3328000000,44400423,43951400,0,0,1.0,0,False
20260630,502841,500,502,5003,TC-01,2026-04-09,AVAILABLE,,82,False,1951000000,3.0,50000000,1842000000,43096974,40689198,18,6,1.2,0,False
20260630,502842,500,502,5002,TC-01,2025-06-01,AVAILABLE,,394,True,4818000000,5.0,150000000,4427000000,43800000,40245455,6,24,1.0,0,True
20260630,502843,500,502,5004,TC-01,2026-01-21,AVAILABLE,,160,True,1913000000,0.0,100000000,1813000000,34902390,33077905,12,0,1.0,0,False
20260630,502844,500,502,5004,TC-01,2026-01-13,SOLD,2026-04-06,168,False,2831000000,1.0,0,2803000000,40993339,40587895,24,12,1.8,0,True
20260630,502845,500,502,5001,TC-01,2025-05-05,SOLD,2025-10-23,421,False,4191000000,2.0,150000000,3957000000,39902885,37674950,6,12,1.2,80000000,False
20260630,502846,500,502,5004,TC-01,2026-01-27,AVAILABLE,,154,True,3732000000,1.0,0,3695000000,48105182,47628255,0,12,1.5,0,False
20260630,502847,500,502,5001,TC-01,2025-12-23,SOLD,2026-03-28,189,False,2811000000,4.0,0,2699000000,34201241,32838545,0,12,1.5,80000000,False
20260630,502848,500,502,5002,TC-01,2025-10-18,SOLD,2025-12-05,255,False,3839000000,1.0,100000000,3701000000,47104294,45411043,12,0,1.5,30000000,False
20260630,502849,500,502,5004,TC-01,2025-11-04,AVAILABLE,,238,True,2186000000,3.0,150000000,1970000000,40806422,36774314,0,6,1.8,0,False
20260630,502850,500,502,5004,TC-01,2026-04-07,AVAILABLE,,84,False,3318000000,1.0,50000000,3235000000,45002034,43876305,18,18,1.8,0,True
20260630,502851,500,502,5003,TC-01,2025-06-22,SOLD,2025-12-19,373,False,2902000000,3.0,0,2815000000,39704474,38514161,12,6,1.8,0,False
20260630,502852,500,502,5004,TC-01,2025-12-12,AVAILABLE,,200,True,3336000000,3.0,100000000,3136000000,40897389,38445507,18,6,1.0,80000000,False
20260630,502853,500,502,5003,TC-01,2025-04-28,AVAILABLE,,428,True,2162000000,1.0,0,2140000000,49203459,48702777,24,0,1.0,0,False
20260630,502854,500,502,5004,TC-01,2026-03-13,AVAILABLE,,109,True,3133000000,3.0,50000000,2989000000,47897875,45696377,18,18,1.5,50000000,False
20260630,502855,500,502,5003,TC-01,2025-05-10,AVAILABLE,,416,True,3915000000,2.0,50000000,3787000000,46998800,45462185,0,0,1.5,0,False
20260630,502856,500,502,5002,TC-01,2025-05-30,AVAILABLE,,396,True,4071000000,3.0,150000000,3799000000,38503736,35931145,0,18,1.0,0,False
20260630,502857,500,502,5002,TC-01,2025-04-24,AVAILABLE,,432,True,2284000000,0.0,150000000,2134000000,39902166,37281621,24,0,1.8,0,False
20260630,502858,500,502,5002,TC-01,2026-03-03,AVAILABLE,,119,True,2994000000,1.0,50000000,2914000000,44107248,42928698,12,12,2.0,30000000,True
20260630,502859,500,502,5001,TC-01,2025-07-23,AVAILABLE,,342,True,2943000000,0.0,50000000,2893000000,41905169,41193222,18,0,1.2,0,False
20260630,502860,500,502,5002,TC-01,2026-02-23,AVAILABLE,,127,True,4357000000,4.0,100000000,4083000000,37502152,35143742,0,12,1.5,0,True
20260630,502861,500,502,5004,TC-01,2025-03-31,AVAILABLE,,456,True,3178000000,6.0,50000000,2937000000,46502780,42976295,36,0,1.2,0,False
20260630,502862,500,502,5004,TC-01,2026-01-12,AVAILABLE,,169,True,3531000000,0.0,150000000,3381000000,33500949,32077799,0,12,1.5,80000000,False
20260630,502863,500,502,5004,TC-01,2025-11-21,AVAILABLE,,221,True,4206000000,1.0,100000000,4064000000,37396639,36134080,18,0,1.2,0,False
20260630,502864,500,502,5003,TC-01,2025-09-04,AVAILABLE,,299,True,2779000000,1.0,100000000,2651000000,33599323,32051747,0,0,1.0,0,False
20260630,502865,500,502,5002,TC-01,2025-05-25,AVAILABLE,,401,True,2544000000,2.0,0,2493000000,36604317,35870504,12,0,2.0,0,False
20260630,502866,500,502,5001,TC-01,2025-08-08,AVAILABLE,,326,True,3720000000,4.0,250000000,3321000000,50304260,44908722,36,0,1.5,0,False
20260630,502867,500,502,5004,TC-01,2025-10-21,AVAILABLE,,252,True,1676000000,4.0,50000000,1559000000,38308571,35634286,0,0,1.2,50000000,True
20260630,502868,500,502,5004,TC-01,2025-05-28,SOLD,2025-12-17,398,False,2357000000,5.0,0,2239000000,42598952,40466293,18,12,1.0,0,False
20260630,502869,500,502,5002,TC-01,2025-10-11,AVAILABLE,,262,True,3125000000,4.0,50000000,2950000000,44693936,42191076,0,12,2.0,80000000,False
20260630,502870,500,502,5001,TC-01,2025-08-12,AVAILABLE,,322,True,3858000000,1.0,150000000,3669000000,34501878,32811662,24,0,1.8,0,True
20260630,502871,500,502,5004,TC-01,2026-03-18,AVAILABLE,,104,True,2723000000,4.0,0,2614000000,37693798,36184939,6,6,1.2,0,False
20260630,502872,500,502,5004,TC-01,2025-05-24,AVAILABLE,,402,True,2684000000,0.0,100000000,2584000000,33197279,31960421,12,12,2.0,30000000,True
20260630,502873,500,502,5001,TC-01,2025-07-04,AVAILABLE,,361,True,3405000000,1.0,100000000,3271000000,44897152,43130274,18,24,1.8,50000000,False
20260630,502874,500,502,5004,TC-01,2025-11-27,SOLD,2026-03-31,215,False,3705000000,5.0,50000000,3470000000,44499159,41676675,0,6,1.5,0,False
20260630,502875,500,502,5002,TC-01,2025-03-25,AVAILABLE,,462,True,3789000000,2.0,0,3713000000,46399706,45469018,0,0,1.2,50000000,True
20260630,502876,500,502,5003,TC-01,2025-11-25,AVAILABLE,,217,True,3367000000,3.0,0,3266000000,50306290,48797251,18,0,2.5,0,False
20260630,502877,500,502,5001,TC-01,2025-05-16,AVAILABLE,,410,True,2979000000,0.0,100000000,2879000000,41403753,40013899,0,0,2.0,0,False
20260630,502878,500,502,5003,TC-01,2025-10-30,AVAILABLE,,243,True,3266000000,1.0,0,3233000000,45500139,45040401,18,24,1.2,0,False
20260630,502879,500,502,5003,TC-01,2026-02-22,AVAILABLE,,128,True,2999000000,2.0,0,2939000000,47295379,46349156,6,12,1.5,0,False
20260630,502880,500,502,5004,TC-01,2025-11-09,AVAILABLE,,233,True,3392000000,2.0,0,3324000000,45493562,44581545,18,24,2.5,0,False
20260630,502881,500,502,5003,TC-01,2026-02-03,AVAILABLE,,147,True,3492000000,0.0,50000000,3442000000,47796332,47111963,18,6,1.2,30000000,False
20260630,502882,500,502,5004,TC-01,2025-10-23,SOLD,2026-03-11,250,False,2567000000,2.0,0,2516000000,45995341,45081527,18,0,1.0,0,False
20260630,502883,500,502,5001,TC-01,2026-02-02,AVAILABLE,,148,True,1717000000,3.0,250000000,1415000000,42011255,34621972,18,12,1.2,0,False
20260630,502884,500,502,5001,TC-01,2026-03-30,AVAILABLE,,92,True,4596000000,0.0,150000000,4446000000,43199549,41789642,6,6,1.2,0,False
20260630,502885,500,502,5002,TC-01,2025-11-20,AVAILABLE,,222,True,2646000000,4.0,250000000,2290000000,39194193,33920901,18,0,1.0,80000000,False
20260630,502886,500,502,5001,TC-01,2025-12-31,AVAILABLE,,181,True,3210000000,5.0,50000000,3000000000,42103882,39349423,0,0,1.8,80000000,False
20260630,502887,500,502,5003,TC-01,2025-10-12,AVAILABLE,,261,True,3043000000,5.0,0,2891000000,42595185,40467525,0,0,1.0,0,False
20260630,502888,500,502,5001,TC-01,2025-05-08,AVAILABLE,,418,True,3422000000,2.0,0,3354000000,42995351,42140972,18,0,2.5,80000000,False
20260630,502889,500,502,5001,TC-01,2025-12-01,AVAILABLE,,211,True,4031000000,1.0,50000000,3941000000,47794641,46727531,6,0,1.0,0,False
20260630,502890,500,502,5003,TC-01,2026-02-28,AVAILABLE,,122,True,3385000000,2.0,0,3317000000,45898305,44976271,6,24,1.5,0,False
20260630,502891,500,502,5002,TC-01,2026-01-15,AVAILABLE,,166,True,3103000000,1.0,0,3072000000,39695535,39298964,24,0,1.8,0,True
20260630,502892,500,502,5002,TC-01,2025-03-26,AVAILABLE,,461,True,2627000000,0.0,100000000,2527000000,46298907,44536482,6,12,1.0,0,False
20260630,502893,500,502,5002,TC-01,2025-05-16,AVAILABLE,,410,True,4041000000,6.0,0,3799000000,40596745,38165562,0,0,1.5,0,True
20260630,502894,500,502,5001,TC-01,2025-04-01,AVAILABLE,,455,True,4062000000,3.0,250000000,3690000000,42299281,38425492,36,12,1.5,0,False
20260630,502895,500,502,5002,TC-01,2025-11-01,AVAILABLE,,241,True,3048000000,6.0,50000000,2815000000,41000807,37866559,12,24,2.0,0,True
20260630,502896,500,502,5004,TC-01,2025-12-26,AVAILABLE,,186,True,2698000000,1.0,150000000,2521000000,40005931,37381376,18,0,1.5,0,False
20260630,502897,500,502,5003,TC-01,2025-06-25,SOLD,2025-09-21,370,False,3894000000,4.0,50000000,3688000000,40098857,37977551,0,0,1.5,80000000,False
20260630,502898,500,502,5004,TC-01,2025-05-25,AVAILABLE,,401,True,3186000000,2.0,100000000,3022000000,42805320,40601908,12,0,1.0,0,True
20260630,502899,500,502,5001,TC-01,2025-09-27,AVAILABLE,,276,True,2581000000,6.0,100000000,2326000000,45900765,41365819,0,0,1.5,0,False
20260630,502900,500,502,5002,TC-01,2025-07-23,AVAILABLE,,342,True,2981000000,5.0,0,2832000000,38395157,36476043,0,0,2.0,80000000,False
20260630,502901,500,502,5004,TC-01,2025-09-22,AVAILABLE,,281,True,4067000000,0.0,250000000,3817000000,52001023,48804501,0,6,1.8,0,False
20260630,502902,500,502,5001,TC-01,2025-08-26,AVAILABLE,,308,True,3072000000,0.0,50000000,3022000000,44997803,44265417,18,24,1.0,80000000,True
20260630,502903,500,502,5002,TC-01,2026-03-13,AVAILABLE,,109,True,3585000000,4.0,0,3442000000,45697897,43875080,0,0,1.8,0,False
20260630,502904,500,502,5001,TC-01,2025-08-13,AVAILABLE,,321,True,3327000000,0.0,0,3327000000,43501569,43501569,18,6,1.8,0,True
20260630,502905,500,502,5001,TC-01,2025-09-30,AVAILABLE,,273,True,5537000000,2.0,0,5426000000,49301042,48312706,0,18,1.8,0,False
20260630,502906,500,502,5003,TC-01,2025-05-07,SOLD,2025-12-18,419,False,4270000000,0.0,50000000,4220000000,42398967,41902492,12,6,1.5,0,False
20260630,502907,500,502,5004,TC-01,2025-12-14,AVAILABLE,,198,True,4465000000,4.0,100000000,4186000000,40903261,38347380,6,24,1.8,0,False
20260630,502908,500,502,5001,TC-01,2025-08-01,AVAILABLE,,333,True,1919000000,2.0,150000000,1731000000,38901277,35090209,24,0,1.8,0,False
20260630,502909,500,502,5002,TC-01,2026-03-17,AVAILABLE,,105,True,2891000000,3.0,50000000,2754000000,40501541,38582236,0,0,1.5,0,True
20260630,502910,500,502,5004,TC-01,2025-07-17,AVAILABLE,,348,True,1974000000,4.0,50000000,1845000000,44509583,41600902,0,12,1.5,0,True
20260630,502911,500,502,5004,TC-01,2026-02-17,AVAILABLE,,133,True,5187000000,3.0,100000000,4931000000,49598394,47150507,0,0,1.8,0,False
20260630,502912,500,502,5001,TC-01,2026-04-13,AVAILABLE,,78,False,5117000000,4.0,0,4912000000,51996748,49913627,24,12,1.0,0,True
20260630,502913,500,502,5001,TC-01,2025-10-20,AVAILABLE,,253,True,3451000000,3.0,0,3347000000,45605920,44231532,24,12,1.5,0,False
20260630,502914,500,502,5002,TC-01,2025-07-07,AVAILABLE,,358,True,3788000000,1.0,100000000,3650000000,49796240,47982122,0,6,1.2,0,True
20260630,502915,500,502,5004,TC-01,2025-08-06,AVAILABLE,,328,True,3007000000,1.0,0,2977000000,45395531,44942633,12,6,1.0,0,False
20260630,502916,500,502,5003,TC-01,2025-09-24,AVAILABLE,,279,True,2922000000,1.0,250000000,2643000000,38498024,34822134,6,24,1.2,0,False
20260630,502917,500,502,5004,TC-01,2026-01-25,AVAILABLE,,156,True,3923000000,0.0,50000000,3873000000,47094838,46494598,0,0,1.5,0,False
20260630,502918,500,502,5004,TC-01,2025-08-17,SOLD,2026-03-12,317,False,4177000000,3.0,100000000,3952000000,48000460,45414847,18,6,1.2,50000000,False
20260630,502919,500,502,5001,TC-01,2025-04-11,AVAILABLE,,445,True,3337000000,4.0,50000000,3154000000,43197411,40828479,0,0,1.8,0,False
20260630,502920,500,502,5004,TC-01,2026-03-21,AVAILABLE,,101,True,2492000000,4.0,150000000,2242000000,39405440,35452245,0,6,1.8,0,False
20260630,502921,500,502,5001,TC-01,2025-08-17,AVAILABLE,,317,True,4593000000,6.0,0,4317000000,46700559,43894255,12,12,1.8,50000000,False
20260630,502922,500,502,5002,TC-01,2025-08-30,AVAILABLE,,304,True,2614000000,4.0,0,2509000000,46200071,44344291,0,0,1.5,80000000,True
20260630,502923,500,502,5002,TC-01,2025-11-18,AVAILABLE,,224,True,3022000000,1.0,100000000,2892000000,39405398,37710262,24,12,1.2,0,False
20260630,502924,500,502,5003,TC-01,2025-12-29,AVAILABLE,,183,True,1567000000,4.0,0,1504000000,38501229,36953317,0,0,1.0,0,False
20260630,502925,500,502,5001,TC-01,2025-11-11,SOLD,2026-03-20,231,False,4206000000,4.0,0,4038000000,49994057,47997147,12,6,1.5,0,False
20260630,502926,500,502,5003,TC-01,2025-07-06,SOLD,2025-12-27,359,False,3933000000,3.0,250000000,3565000000,47305749,42879480,0,18,1.0,30000000,False
20260630,502927,500,502,5002,TC-01,2025-03-27,AVAILABLE,,460,True,4232000000,4.0,150000000,3913000000,41596226,38460782,24,12,2.0,50000000,True
20260630,502928,500,502,5002,TC-01,2025-10-26,SOLD,2026-02-14,247,False,2510000000,3.0,150000000,2285000000,44805427,40789004,6,24,1.0,0,False
20260630,502929,500,502,5001,TC-01,2025-06-13,AVAILABLE,,382,True,2719000000,4.0,100000000,2510000000,37405420,34530197,0,0,1.5,0,False
20260630,502930,500,502,5003,TC-01,2025-06-19,AVAILABLE,,376,True,2119000000,4.0,100000000,1934000000,44302739,40434874,0,0,1.5,0,False
20260630,502931,500,502,5004,TC-01,2026-01-09,SOLD,2026-05-02,172,False,3001000000,4.0,100000000,2781000000,42700626,39570290,6,0,2.0,80000000,False
20260630,502932,500,502,5001,TC-01,2026-03-30,AVAILABLE,,92,True,2386000000,1.0,50000000,2312000000,43595834,42243742,12,12,1.5,0,False
20260630,502933,500,502,5003,TC-01,2026-02-06,AVAILABLE,,144,True,1770000000,2.0,250000000,1485000000,44305382,37171464,0,0,2.0,0,False
20260630,502934,500,502,5001,TC-01,2026-01-08,AVAILABLE,,173,True,2762000000,4.0,150000000,2502000000,41696860,37771739,36,0,1.0,0,False
20260630,502935,500,502,5002,TC-01,2025-07-28,AVAILABLE,,337,True,4211000000,0.0,100000000,4111000000,43502066,42469008,24,6,1.5,0,False
20260630,502936,500,502,5002,TC-01,2026-03-15,AVAILABLE,,107,True,2545000000,1.0,0,2520000000,47007758,46545992,6,24,1.8,0,False
20260630,502937,500,502,5004,TC-01,2026-02-17,AVAILABLE,,133,True,3437000000,5.0,0,3265000000,43805761,41613561,0,0,1.2,0,False
20260630,502938,500,502,5002,TC-01,2025-06-22,AVAILABLE,,373,True,3814000000,3.0,250000000,3450000000,44896998,40612125,0,18,1.5,30000000,False
20260630,502939,500,502,5003,TC-01,2025-12-18,SOLD,2026-01-07,194,False,4740000000,1.0,100000000,4593000000,45502544,44091389,0,18,2.5,30000000,False
20260630,502940,500,502,5001,TC-01,2025-04-14,AVAILABLE,,442,True,5170000000,2.0,150000000,4917000000,46098975,43843067,0,0,1.0,0,False
20260630,502941,500,502,5001,TC-01,2025-06-07,AVAILABLE,,388,True,3038000000,4.0,250000000,2666000000,39495580,34659386,12,0,2.5,80000000,False
20260630,502942,500,502,5002,TC-01,2025-09-16,AVAILABLE,,287,True,3675000000,3.0,0,3565000000,48798300,47337671,0,12,1.8,0,False
20260630,502943,500,502,5001,TC-01,2026-01-25,AVAILABLE,,156,True,3409000000,2.0,0,3341000000,47105154,46165538,6,12,1.8,0,True
20260630,502944,500,502,5003,TC-01,2025-09-30,AVAILABLE,,273,True,5115000000,3.0,0,4962000000,47799271,46369498,18,0,2.0,0,True
20260630,502945,500,502,5002,TC-01,2025-06-01,AVAILABLE,,394,True,4819000000,2.0,100000000,4623000000,44802901,42980662,0,18,2.0,0,True
20260630,502946,500,502,5001,TC-01,2025-03-29,AVAILABLE,,458,True,3099000000,6.0,150000000,2763000000,44500287,39675474,18,18,1.2,0,False
20260630,502947,500,502,5004,TC-01,2025-10-02,SOLD,2025-12-01,271,False,4776000000,1.0,100000000,4628000000,43604492,42253264,0,12,1.2,0,False
20260630,502948,500,502,5004,TC-01,2025-12-08,AVAILABLE,,204,True,2267000000,3.0,150000000,2049000000,52007341,47006194,18,6,2.5,0,False
20260630,502949,500,502,5003,TC-01,2025-06-13,AVAILABLE,,382,True,2455000000,4.0,0,2357000000,40801064,39172345,12,12,1.5,0,False
20260630,502950,500,502,5004,TC-01,2025-04-15,AVAILABLE,,441,True,3216000000,2.0,100000000,3052000000,41193800,39093122,0,0,1.8,0,False
20260630,502951,500,502,5001,TC-01,2026-03-27,AVAILABLE,,95,True,2532000000,2.0,50000000,2431000000,50000000,48005529,24,18,1.2,0,False
20260630,502952,500,502,5003,TC-01,2025-05-08,SOLD,2025-09-03,418,False,2983000000,2.0,100000000,2823000000,39504701,37385777,24,6,1.5,0,False
20260630,502953,500,502,5002,TC-01,2025-07-07,AVAILABLE,,358,True,2757000000,6.0,50000000,2542000000,44792851,41299756,12,0,1.8,80000000,False
20260630,502954,500,502,5001,TC-01,2025-10-27,AVAILABLE,,246,True,3796000000,3.0,100000000,3582000000,45104563,42561787,0,12,2.0,0,False
20260630,502955,500,502,5001,TC-01,2025-11-03,AVAILABLE,,239,True,2684000000,2.0,50000000,2580000000,32997295,31718712,24,0,1.8,0,False
20260630,502956,500,502,5002,TC-01,2026-03-31,AVAILABLE,,91,True,3247000000,0.0,100000000,3147000000,41500511,40222393,18,0,1.2,0,False
20260630,502957,500,502,5002,TC-01,2026-01-26,AVAILABLE,,155,True,1410000000,6.0,250000000,1075000000,35896130,27367617,12,0,1.0,0,True
20260630,502958,500,502,5004,TC-01,2025-08-10,AVAILABLE,,324,True,3790000000,1.0,0,3752000000,45097573,44645407,18,12,1.0,0,False
20260630,502959,500,502,5002,TC-01,2025-06-03,AVAILABLE,,392,True,5585000000,2.0,50000000,5423000000,49600355,48161634,18,18,1.8,0,False
20260630,502960,500,502,5001,TC-01,2025-06-01,AVAILABLE,,394,True,2930000000,1.0,0,2901000000,38797669,38413665,6,12,1.0,0,True
20260630,502961,500,502,5004,TC-01,2025-10-05,AVAILABLE,,268,True,3556000000,0.0,100000000,3456000000,47502004,46166177,12,12,1.8,0,False
20260630,502962,500,502,5001,TC-01,2025-05-18,AVAILABLE,,408,True,3319000000,4.0,150000000,3036000000,43493644,39785087,0,12,1.8,0,False
20260630,502963,500,502,5003,TC-01,2025-10-05,AVAILABLE,,268,True,3549000000,5.0,100000000,3272000000,47093949,43418259,0,0,1.2,50000000,False
20260630,502964,500,502,5004,TC-01,2025-05-30,AVAILABLE,,396,True,2134000000,4.0,150000000,1899000000,39591837,35231911,6,0,1.5,0,False
20260630,502965,500,502,5002,TC-01,2025-06-02,AVAILABLE,,393,True,2471000000,2.0,50000000,2372000000,47291866,45397129,12,12,1.0,50000000,False
20260630,502966,500,502,5001,TC-01,2025-12-11,SOLD,2026-02-25,201,False,2870000000,4.0,250000000,2505000000,38399786,33516189,18,0,1.0,0,False
20260630,502967,500,502,5003,TC-01,2025-06-18,AVAILABLE,,377,True,2778000000,0.0,250000000,2528000000,47503420,43228454,0,0,1.0,0,False
20260630,502968,500,502,5003,TC-01,2025-09-07,SOLD,2026-01-11,296,False,3985000000,5.0,250000000,3536000000,46799765,41526718,24,0,1.0,0,False
20260630,502969,500,502,5002,TC-01,2025-07-13,AVAILABLE,,352,True,4972000000,2.0,50000000,4823000000,49398907,47918530,6,12,1.0,0,False
20260630,502970,500,502,5004,TC-01,2025-03-30,AVAILABLE,,457,True,3400000000,0.0,50000000,3350000000,47599048,46899062,6,18,1.2,0,False
20260630,502971,500,502,5001,TC-01,2025-11-29,AVAILABLE,,213,True,4179000000,3.0,50000000,4004000000,42396267,40620879,24,12,1.5,0,False
20260630,502972,500,502,5004,TC-01,2025-11-10,AVAILABLE,,232,True,3054000000,2.0,250000000,2743000000,44596963,40055491,24,18,1.0,0,False
20260630,502973,500,502,5004,TC-01,2025-04-21,AVAILABLE,,435,True,3598000000,2.0,100000000,3426000000,49106046,46758564,0,0,1.0,0,True
20260630,502974,500,502,5003,TC-01,2026-04-09,AVAILABLE,,82,False,4808000000,5.0,150000000,4418000000,46400309,42636557,0,0,1.5,80000000,False
20260630,502975,500,502,5004,TC-01,2026-01-23,AVAILABLE,,158,True,3885000000,4.0,0,3730000000,45700506,43877191,0,0,1.8,0,False
20260630,502976,500,502,5004,TC-01,2025-04-03,AVAILABLE,,453,True,2677000000,3.0,150000000,2447000000,39304067,35927177,18,0,2.0,0,False
20260630,502977,500,502,5002,TC-01,2026-04-02,AVAILABLE,,89,False,3487000000,3.0,50000000,3332000000,43801030,41854038,0,12,1.8,0,True
20260630,502978,500,502,5004,TC-01,2026-02-14,AVAILABLE,,136,True,3579000000,5.0,100000000,3300000000,50302178,46380885,18,0,1.0,0,False
20260630,502979,500,502,5004,TC-01,2026-01-08,AVAILABLE,,173,True,3134000000,2.0,50000000,3021000000,42697548,41158038,18,12,1.8,0,False
20260630,502980,500,502,5002,TC-01,2025-10-03,AVAILABLE,,270,True,3322000000,0.0,250000000,3072000000,41801938,38656097,0,12,1.0,0,False
20260630,502981,500,502,5003,TC-01,2025-10-25,AVAILABLE,,248,True,3465000000,4.0,100000000,3226000000,46193841,43007599,0,6,1.8,0,False
20260630,502982,500,502,5002,TC-01,2025-05-03,AVAILABLE,,423,True,5139000000,3.0,50000000,4935000000,50397176,48396587,18,0,1.0,0,False
20260630,502983,500,502,5002,TC-01,2025-08-28,SOLD,2026-03-01,306,False,3843000000,1.0,150000000,3655000000,51205863,48700866,36,6,2.0,0,False
20260630,502984,500,502,5001,TC-01,2025-04-19,AVAILABLE,,437,True,3607000000,4.0,0,3463000000,36596997,35135958,36,12,1.0,0,True
20260630,502985,500,502,5002,TC-01,2025-06-02,AVAILABLE,,393,True,3044000000,4.0,50000000,2872000000,36599735,34531682,6,12,2.5,0,False
20260630,502986,500,502,5003,TC-01,2026-01-29,AVAILABLE,,152,True,2024000000,0.0,100000000,1924000000,42709432,40599283,12,12,1.8,0,True
20260630,502987,500,502,5002,TC-01,2026-03-01,AVAILABLE,,121,True,4994000000,4.0,0,4794000000,46699084,44828876,18,18,1.5,0,False
20260630,502988,500,502,5001,TC-01,2025-12-20,SOLD,2026-02-03,192,False,3351000000,1.0,50000000,3267000000,46093535,44938102,18,0,1.0,50000000,False
20260630,502989,500,502,5003,TC-01,2025-05-15,AVAILABLE,,411,True,3942000000,1.0,150000000,3753000000,41599831,39605319,0,6,2.0,0,False
20260630,502990,500,502,5001,TC-01,2025-12-05,AVAILABLE,,207,True,4237000000,1.0,50000000,4145000000,40901631,40013515,24,0,1.8,0,False
20260630,502991,500,502,5003,TC-01,2025-12-14,AVAILABLE,,198,True,2994000000,0.0,50000000,2944000000,43900293,43167155,0,0,1.2,0,False
20260630,502992,500,502,5001,TC-01,2025-07-16,AVAILABLE,,349,True,4948000000,3.0,250000000,4550000000,45096610,41469194,12,0,1.0,0,False
20260630,502993,500,502,5002,TC-01,2026-02-11,AVAILABLE,,139,True,3184000000,1.0,50000000,3102000000,41702685,40628684,0,18,2.5,50000000,False
20260630,502994,500,502,5004,TC-01,2025-05-31,AVAILABLE,,395,True,2599000000,1.0,100000000,2473000000,43607383,41493289,12,12,1.0,0,False
20260630,502995,500,502,5001,TC-01,2026-02-22,AVAILABLE,,128,True,3163000000,4.0,0,3036000000,41303212,39644816,24,18,1.0,0,False
20260630,502996,500,502,5004,TC-01,2025-07-11,AVAILABLE,,354,True,2197000000,3.0,0,2131000000,43307707,42006702,6,0,2.0,0,False
20260630,502997,500,502,5001,TC-01,2025-08-10,AVAILABLE,,324,True,2091000000,0.0,250000000,1841000000,38004362,33460560,12,18,1.8,0,False
20260630,502998,500,502,5003,TC-01,2026-04-04,AVAILABLE,,87,False,2027000000,1.0,150000000,1857000000,40106846,36743174,0,0,2.5,0,False
20260630,502999,500,502,5003,TC-01,2025-05-23,AVAILABLE,,403,True,3585000000,4.0,50000000,3392000000,45196672,42763490,12,12,1.2,80000000,False
20260630,503000,500,502,5003,TC-01,2025-05-01,AVAILABLE,,425,True,3528000000,0.0,100000000,3428000000,49606299,48200225,0,24,2.5,0,False
