price_event_id,unit_key,effective_date_key,old_asking_price_vnd,new_asking_price_vnd,price_change_pct,change_reason
800001,500001,20260604,3473000000,3230000000,-7.0,STIMULATE_SLOW_MOVING
800002,500003,20260305,3160000000,3223000000,1.99,CAMPAIGN
800003,500004,20260618,5859000000,5683000000,-3.0,STIMULATE_SLOW_MOVING
800004,500006,20260507,3772000000,3583000000,-5.01,STIMULATE_SLOW_MOVING
800005,500008,20251205,3575000000,3325000000,-6.99,STIMULATE_SLOW_MOVING
800006,500009,20260331,1807000000,1861000000,2.99,CAMPAIGN
800007,500010,20260623,3122000000,3060000000,-1.99,STIMULATE_SLOW_MOVING
800008,500011,20250423,3366000000,3467000000,3.0,CAMPAIGN
800009,500012,20251021,1470000000,1514000000,2.99,CAMPAIGN
800010,500014,20260629,3236000000,3139000000,-3.0,STIMULATE_SLOW_MOVING
800011,500015,20260528,1894000000,1856000000,-2.01,STIMULATE_SLOW_MOVING
800012,500017,20260120,1825000000,1880000000,3.01,CAMPAIGN
800013,500019,20260330,3740000000,3665000000,-2.01,STIMULATE_SLOW_MOVING
800014,500020,20260610,2749000000,2667000000,-2.98,STIMULATE_SLOW_MOVING
800015,500021,20260429,3891000000,3813000000,-2.0,STIMULATE_SLOW_MOVING
800016,500022,20260102,2871000000,2814000000,-1.99,STIMULATE_SLOW_MOVING
800017,500024,20260425,2370000000,2204000000,-7.0,STIMULATE_SLOW_MOVING
800018,500026,20260123,1896000000,1801000000,-5.01,STIMULATE_SLOW_MOVING
800019,500027,20250804,4349000000,4045000000,-6.99,STIMULATE_SLOW_MOVING
800020,500029,20260112,3142000000,3048000000,-2.99,STIMULATE_SLOW_MOVING
800021,500030,20260306,4357000000,4139000000,-5.0,STIMULATE_SLOW_MOVING
800022,500032,20260130,3193000000,3033000000,-5.01,STIMULATE_SLOW_MOVING
800023,500033,20251123,3428000000,3325000000,-3.0,STIMULATE_SLOW_MOVING
800024,500034,20260623,3203000000,3043000000,-5.0,STIMULATE_SLOW_MOVING
800025,500035,20260526,2054000000,2095000000,2.0,CAMPAIGN
800026,500036,20260216,3924000000,3806000000,-3.01,STIMULATE_SLOW_MOVING
800027,500037,20260519,3554000000,3305000000,-7.01,STIMULATE_SLOW_MOVING
800028,500038,20251001,3464000000,3395000000,-1.99,STIMULATE_SLOW_MOVING
800029,500039,20260212,1959000000,1920000000,-1.99,STIMULATE_SLOW_MOVING
800030,500042,20250717,4024000000,4104000000,1.99,CAMPAIGN
800031,500043,20260620,4231000000,4019000000,-5.01,STIMULATE_SLOW_MOVING
800032,500046,20250601,2895000000,2750000000,-5.01,STIMULATE_SLOW_MOVING
800033,500047,20260516,4100000000,3895000000,-5.0,STIMULATE_SLOW_MOVING
800034,500049,20260612,2143000000,2207000000,2.99,CAMPAIGN
800035,500050,20250821,3274000000,3176000000,-2.99,STIMULATE_SLOW_MOVING
800036,500052,20260502,3216000000,3280000000,1.99,CAMPAIGN
800037,500053,20260407,3194000000,3098000000,-3.01,STIMULATE_SLOW_MOVING
800038,500054,20260511,2903000000,2816000000,-3.0,STIMULATE_SLOW_MOVING
800039,500057,20260213,3889000000,3772000000,-3.01,STIMULATE_SLOW_MOVING
800040,500059,20260326,2779000000,2696000000,-2.99,STIMULATE_SLOW_MOVING
800041,500060,20260109,2348000000,2278000000,-2.98,STIMULATE_SLOW_MOVING
800042,500062,20260306,3132000000,2975000000,-5.01,STIMULATE_SLOW_MOVING
800043,500064,20260621,2781000000,2642000000,-5.0,STIMULATE_SLOW_MOVING
800044,500065,20260215,4366000000,4279000000,-1.99,STIMULATE_SLOW_MOVING
800045,500066,20260123,3622000000,3731000000,3.01,CAMPAIGN
800046,500068,20260104,2228000000,2183000000,-2.02,STIMULATE_SLOW_MOVING
800047,500069,20251022,4113000000,3990000000,-2.99,STIMULATE_SLOW_MOVING
800048,500070,20260607,2806000000,2610000000,-6.99,STIMULATE_SLOW_MOVING
800049,500071,20251202,4163000000,4038000000,-3.0,STIMULATE_SLOW_MOVING
800050,500072,20260109,3452000000,3279000000,-5.01,STIMULATE_SLOW_MOVING
800051,500073,20260224,2987000000,3077000000,3.01,CAMPAIGN
800052,500075,20260510,3798000000,3722000000,-2.0,STIMULATE_SLOW_MOVING
800053,500077,20250928,1959000000,1861000000,-5.0,STIMULATE_SLOW_MOVING
800054,500079,20250731,2441000000,2392000000,-2.01,STIMULATE_SLOW_MOVING
800055,500080,20260625,3319000000,3385000000,1.99,CAMPAIGN
800056,500081,20260525,4518000000,4382000000,-3.01,STIMULATE_SLOW_MOVING
800057,500082,20260307,3626000000,3445000000,-4.99,STIMULATE_SLOW_MOVING
800058,500084,20260330,4552000000,4324000000,-5.01,STIMULATE_SLOW_MOVING
800059,500085,20260504,2372000000,2325000000,-1.98,STIMULATE_SLOW_MOVING
800060,500086,20260314,2736000000,2599000000,-5.01,STIMULATE_SLOW_MOVING
800061,500087,20260527,3139000000,2919000000,-7.01,STIMULATE_SLOW_MOVING
800062,500088,20251210,1500000000,1545000000,3.0,CAMPAIGN
800063,500089,20260227,3338000000,3104000000,-7.01,STIMULATE_SLOW_MOVING
800064,500090,20250902,4825000000,4584000000,-4.99,STIMULATE_SLOW_MOVING
800065,500092,20260329,2785000000,2701000000,-3.02,STIMULATE_SLOW_MOVING
800066,500093,20250816,2782000000,2587000000,-7.01,STIMULATE_SLOW_MOVING
800067,500094,20260114,2222000000,2111000000,-5.0,STIMULATE_SLOW_MOVING
800068,500095,20260610,3954000000,4073000000,3.01,CAMPAIGN
800069,500097,20260420,3057000000,2965000000,-3.01,STIMULATE_SLOW_MOVING
800070,500098,20260508,3018000000,2958000000,-1.99,STIMULATE_SLOW_MOVING
800071,500099,20260114,1790000000,1736000000,-3.02,STIMULATE_SLOW_MOVING
800072,500100,20260116,4110000000,4028000000,-2.0,STIMULATE_SLOW_MOVING
800073,500104,20260318,3419000000,3248000000,-5.0,STIMULATE_SLOW_MOVING
800074,500106,20250530,3123000000,2967000000,-5.0,STIMULATE_SLOW_MOVING
800075,500107,20251218,2467000000,2516000000,1.99,CAMPAIGN
800076,500108,20260329,1898000000,1803000000,-5.01,STIMULATE_SLOW_MOVING
800077,500109,20260406,3387000000,3150000000,-7.0,STIMULATE_SLOW_MOVING
800078,500110,20250515,3454000000,3385000000,-2.0,STIMULATE_SLOW_MOVING
800079,500111,20260325,4195000000,4069000000,-3.0,STIMULATE_SLOW_MOVING
800080,500113,20260325,1985000000,1925000000,-3.02,STIMULATE_SLOW_MOVING
800081,500115,20251217,3476000000,3372000000,-2.99,STIMULATE_SLOW_MOVING
800082,500116,20260421,3639000000,3566000000,-2.01,STIMULATE_SLOW_MOVING
800083,500118,20260416,5265000000,5002000000,-5.0,STIMULATE_SLOW_MOVING
800084,500119,20260420,3487000000,3382000000,-3.01,STIMULATE_SLOW_MOVING
800085,500120,20260531,3455000000,3351000000,-3.01,STIMULATE_SLOW_MOVING
800086,500121,20250903,2872000000,2786000000,-2.99,STIMULATE_SLOW_MOVING
800087,500122,20260527,2559000000,2482000000,-3.01,STIMULATE_SLOW_MOVING
800088,500123,20260323,2558000000,2430000000,-5.0,STIMULATE_SLOW_MOVING
800089,500124,20250718,3286000000,3385000000,3.01,CAMPAIGN
800090,500125,20260619,3386000000,3149000000,-7.0,STIMULATE_SLOW_MOVING
800091,500127,20251115,1843000000,1751000000,-4.99,STIMULATE_SLOW_MOVING
800092,500128,20260417,3806000000,3692000000,-3.0,STIMULATE_SLOW_MOVING
800093,500129,20260318,3240000000,3175000000,-2.01,STIMULATE_SLOW_MOVING
800094,500130,20260218,3052000000,2960000000,-3.01,STIMULATE_SLOW_MOVING
800095,500131,20260127,4692000000,4551000000,-3.01,STIMULATE_SLOW_MOVING
800096,500132,20260524,5488000000,5214000000,-4.99,STIMULATE_SLOW_MOVING
800097,500133,20260503,3117000000,3055000000,-1.99,STIMULATE_SLOW_MOVING
800098,500134,20251121,2982000000,3042000000,2.01,CAMPAIGN
800099,500135,20260129,2152000000,2087000000,-3.02,STIMULATE_SLOW_MOVING
800100,500136,20260102,4186000000,4060000000,-3.01,STIMULATE_SLOW_MOVING
800101,500137,20260127,3187000000,3028000000,-4.99,STIMULATE_SLOW_MOVING
800102,500139,20260226,3715000000,3789000000,1.99,CAMPAIGN
800103,500141,20250705,1748000000,1626000000,-6.98,STIMULATE_SLOW_MOVING
800104,500142,20260525,2631000000,2710000000,3.0,CAMPAIGN
800105,500144,20251229,2487000000,2412000000,-3.02,STIMULATE_SLOW_MOVING
800106,500145,20260621,2323000000,2253000000,-3.01,STIMULATE_SLOW_MOVING
800107,500146,20260504,3531000000,3354000000,-5.01,STIMULATE_SLOW_MOVING
800108,500147,20260506,2975000000,3034000000,1.98,CAMPAIGN
800109,500148,20260206,3537000000,3431000000,-3.0,STIMULATE_SLOW_MOVING
800110,500149,20260608,3891000000,3774000000,-3.01,STIMULATE_SLOW_MOVING
800111,500151,20260403,2241000000,2084000000,-7.01,STIMULATE_SLOW_MOVING
800112,500152,20260609,2921000000,2833000000,-3.01,STIMULATE_SLOW_MOVING
800113,500153,20260217,2101000000,1996000000,-5.0,STIMULATE_SLOW_MOVING
800114,500155,20260414,5067000000,4814000000,-4.99,STIMULATE_SLOW_MOVING
800115,500157,20260528,3539000000,3433000000,-3.0,STIMULATE_SLOW_MOVING
800116,500158,20251118,4555000000,4418000000,-3.01,STIMULATE_SLOW_MOVING
800117,500159,20250903,5097000000,4842000000,-5.0,STIMULATE_SLOW_MOVING
800118,500160,20260228,3896000000,3818000000,-2.0,STIMULATE_SLOW_MOVING
800119,500163,20260509,1874000000,1818000000,-2.99,STIMULATE_SLOW_MOVING
800120,500165,20251213,1824000000,1860000000,1.97,CAMPAIGN
800121,500166,20251222,1888000000,1945000000,3.02,CAMPAIGN
800122,500167,20251019,3268000000,3170000000,-3.0,STIMULATE_SLOW_MOVING
800123,500169,20260430,4196000000,3986000000,-5.0,STIMULATE_SLOW_MOVING
800124,500171,20251220,2810000000,2613000000,-7.01,STIMULATE_SLOW_MOVING
800125,500174,20260519,3427000000,3324000000,-3.01,STIMULATE_SLOW_MOVING
800126,500175,20260131,2847000000,2705000000,-4.99,STIMULATE_SLOW_MOVING
800127,500177,20260412,2415000000,2487000000,2.98,CAMPAIGN
800128,500178,20260515,3273000000,3109000000,-5.01,STIMULATE_SLOW_MOVING
800129,500179,20260502,3697000000,3623000000,-2.0,STIMULATE_SLOW_MOVING
800130,500180,20260404,2779000000,2696000000,-2.99,STIMULATE_SLOW_MOVING
800131,500181,20260318,2712000000,2658000000,-1.99,STIMULATE_SLOW_MOVING
800132,500182,20250718,1624000000,1656000000,1.97,CAMPAIGN
800133,500183,20251208,4253000000,3955000000,-7.01,STIMULATE_SLOW_MOVING
800134,500184,20251205,2693000000,2639000000,-2.01,STIMULATE_SLOW_MOVING
800135,500185,20251231,2335000000,2172000000,-6.98,STIMULATE_SLOW_MOVING
800136,500186,20251127,3752000000,3564000000,-5.01,STIMULATE_SLOW_MOVING
800137,500188,20251207,2013000000,1912000000,-5.02,STIMULATE_SLOW_MOVING
800138,500192,20250907,3086000000,3148000000,2.01,CAMPAIGN
800139,500198,20260219,1945000000,1887000000,-2.98,STIMULATE_SLOW_MOVING
800140,500199,20260320,1933000000,1991000000,3.0,CAMPAIGN
800141,500200,20260514,2501000000,2376000000,-5.0,STIMULATE_SLOW_MOVING
800142,500201,20260124,2371000000,2300000000,-2.99,STIMULATE_SLOW_MOVING
800143,500202,20250904,3216000000,3152000000,-1.99,STIMULATE_SLOW_MOVING
800144,500203,20260401,4037000000,3916000000,-3.0,STIMULATE_SLOW_MOVING
800145,500204,20260228,1924000000,1828000000,-4.99,STIMULATE_SLOW_MOVING
800146,500205,20260205,4266000000,3967000000,-7.01,STIMULATE_SLOW_MOVING
800147,500206,20260513,3381000000,3280000000,-2.99,STIMULATE_SLOW_MOVING
800148,500208,20250911,4402000000,4534000000,3.0,CAMPAIGN
800149,500209,20251204,3115000000,2959000000,-5.01,STIMULATE_SLOW_MOVING
800150,500210,20250815,3407000000,3475000000,2.0,CAMPAIGN
800151,500211,20260519,3958000000,3681000000,-7.0,STIMULATE_SLOW_MOVING
800152,500214,20260223,3294000000,3228000000,-2.0,STIMULATE_SLOW_MOVING
800153,500215,20250704,4845000000,4506000000,-7.0,STIMULATE_SLOW_MOVING
800154,500216,20251114,2388000000,2340000000,-2.01,STIMULATE_SLOW_MOVING
800155,500219,20250815,5340000000,5180000000,-3.0,STIMULATE_SLOW_MOVING
800156,500220,20260316,1787000000,1733000000,-3.02,STIMULATE_SLOW_MOVING
800157,500221,20260603,2970000000,2881000000,-3.0,STIMULATE_SLOW_MOVING
800158,500222,20260217,2388000000,2269000000,-4.98,STIMULATE_SLOW_MOVING
800159,500223,20260110,3259000000,3031000000,-7.0,STIMULATE_SLOW_MOVING
800160,500225,20260330,3465000000,3361000000,-3.0,STIMULATE_SLOW_MOVING
800161,500226,20260211,3749000000,3637000000,-2.99,STIMULATE_SLOW_MOVING
800162,500227,20250504,3573000000,3466000000,-2.99,STIMULATE_SLOW_MOVING
800163,500228,20251026,3183000000,3279000000,3.02,CAMPAIGN
800164,500229,20260303,2610000000,2427000000,-7.01,STIMULATE_SLOW_MOVING
800165,500231,20260130,2035000000,1974000000,-3.0,STIMULATE_SLOW_MOVING
800166,500232,20260527,2816000000,2675000000,-5.01,STIMULATE_SLOW_MOVING
800167,500233,20251002,1854000000,1761000000,-5.02,STIMULATE_SLOW_MOVING
800168,500234,20260616,2966000000,2907000000,-1.99,STIMULATE_SLOW_MOVING
800169,500235,20260426,2144000000,2080000000,-2.99,STIMULATE_SLOW_MOVING
800170,500237,20260325,2400000000,2280000000,-5.0,STIMULATE_SLOW_MOVING
800171,500240,20251213,4459000000,4593000000,3.01,CAMPAIGN
800172,500241,20251030,3239000000,3336000000,2.99,CAMPAIGN
800173,500243,20260526,2753000000,2670000000,-3.01,STIMULATE_SLOW_MOVING
800174,500244,20260324,2931000000,2990000000,2.01,CAMPAIGN
800175,500245,20260217,1939000000,1881000000,-2.99,STIMULATE_SLOW_MOVING
800176,500246,20260330,4809000000,4472000000,-7.01,STIMULATE_SLOW_MOVING
800177,500248,20260514,2537000000,2461000000,-3.0,STIMULATE_SLOW_MOVING
800178,500249,20260213,3006000000,2946000000,-2.0,STIMULATE_SLOW_MOVING
800179,500250,20251104,1876000000,1820000000,-2.99,STIMULATE_SLOW_MOVING
800180,500252,20250804,2822000000,2766000000,-1.98,STIMULATE_SLOW_MOVING
800181,500254,20260514,3070000000,2978000000,-3.0,STIMULATE_SLOW_MOVING
800182,500255,20251224,2307000000,2192000000,-4.98,STIMULATE_SLOW_MOVING
800183,500256,20251002,4394000000,4306000000,-2.0,STIMULATE_SLOW_MOVING
800184,500257,20260501,3093000000,2938000000,-5.01,STIMULATE_SLOW_MOVING
800185,500258,20260302,2211000000,2145000000,-2.99,STIMULATE_SLOW_MOVING
800186,500259,20260521,3842000000,3957000000,2.99,CAMPAIGN
800187,500260,20251027,3282000000,3380000000,2.99,CAMPAIGN
800188,500262,20260429,3893000000,3698000000,-5.01,STIMULATE_SLOW_MOVING
800189,500263,20260420,4117000000,3911000000,-5.0,STIMULATE_SLOW_MOVING
800190,500265,20260613,3444000000,3272000000,-4.99,STIMULATE_SLOW_MOVING
800191,500266,20260127,3294000000,3195000000,-3.01,STIMULATE_SLOW_MOVING
800192,500268,20260521,3878000000,3684000000,-5.0,STIMULATE_SLOW_MOVING
800193,500271,20250903,3245000000,3148000000,-2.99,STIMULATE_SLOW_MOVING
800194,500273,20260526,3912000000,3795000000,-2.99,STIMULATE_SLOW_MOVING
800195,500274,20260213,1688000000,1570000000,-6.99,STIMULATE_SLOW_MOVING
800196,500275,20250818,3218000000,3121000000,-3.01,STIMULATE_SLOW_MOVING
800197,500278,20260104,3505000000,3260000000,-6.99,STIMULATE_SLOW_MOVING
800198,500280,20260110,2681000000,2761000000,2.98,CAMPAIGN
800199,500281,20260528,4095000000,4177000000,2.0,CAMPAIGN
800200,500282,20260609,2662000000,2582000000,-3.01,STIMULATE_SLOW_MOVING
800201,500283,20260529,3108000000,3170000000,1.99,CAMPAIGN
800202,500284,20260427,5095000000,4942000000,-3.0,STIMULATE_SLOW_MOVING
800203,500285,20260517,1919000000,1823000000,-5.0,STIMULATE_SLOW_MOVING
800204,500286,20260127,2827000000,2770000000,-2.02,STIMULATE_SLOW_MOVING
800205,500288,20260228,2880000000,2794000000,-2.99,STIMULATE_SLOW_MOVING
800206,500289,20260612,4635000000,4496000000,-3.0,STIMULATE_SLOW_MOVING
800207,500291,20260328,3681000000,3571000000,-2.99,STIMULATE_SLOW_MOVING
800208,500292,20260328,2275000000,2161000000,-5.01,STIMULATE_SLOW_MOVING
800209,500293,20250510,2186000000,2033000000,-7.0,STIMULATE_SLOW_MOVING
800210,500295,20260114,3640000000,3385000000,-7.01,STIMULATE_SLOW_MOVING
800211,500296,20251009,3272000000,3370000000,3.0,CAMPAIGN
800212,500297,20260607,3356000000,3255000000,-3.01,STIMULATE_SLOW_MOVING
800213,500299,20260130,2849000000,2650000000,-6.98,STIMULATE_SLOW_MOVING
800214,500300,20260225,3955000000,3678000000,-7.0,STIMULATE_SLOW_MOVING
800215,500302,20260611,2566000000,2515000000,-1.99,STIMULATE_SLOW_MOVING
800216,500303,20260215,3026000000,2935000000,-3.01,STIMULATE_SLOW_MOVING
800217,500304,20251211,4306000000,4220000000,-2.0,STIMULATE_SLOW_MOVING
800218,500305,20260508,2304000000,2258000000,-2.0,STIMULATE_SLOW_MOVING
800219,500307,20260123,3353000000,3185000000,-5.01,STIMULATE_SLOW_MOVING
800220,500308,20260328,2279000000,2347000000,2.98,CAMPAIGN
800221,500309,20260225,2900000000,2813000000,-3.0,STIMULATE_SLOW_MOVING
800222,500310,20260124,2883000000,2739000000,-4.99,STIMULATE_SLOW_MOVING
800223,500311,20260413,3312000000,3213000000,-2.99,STIMULATE_SLOW_MOVING
800224,500312,20260215,5127000000,4768000000,-7.0,STIMULATE_SLOW_MOVING
800225,500313,20260601,3664000000,3591000000,-1.99,STIMULATE_SLOW_MOVING
800226,500314,20260502,2721000000,2585000000,-5.0,STIMULATE_SLOW_MOVING
800227,500315,20260527,3180000000,3021000000,-5.0,STIMULATE_SLOW_MOVING
800228,500316,20260318,3040000000,3101000000,2.01,CAMPAIGN
800229,500317,20260411,2463000000,2340000000,-4.99,STIMULATE_SLOW_MOVING
800230,500318,20250807,3125000000,3031000000,-3.01,STIMULATE_SLOW_MOVING
800231,500319,20250925,2332000000,2169000000,-6.99,STIMULATE_SLOW_MOVING
800232,500321,20260615,1686000000,1635000000,-3.02,STIMULATE_SLOW_MOVING
800233,500322,20260617,5162000000,5007000000,-3.0,STIMULATE_SLOW_MOVING
800234,500323,20260106,1785000000,1731000000,-3.03,STIMULATE_SLOW_MOVING
800235,500326,20260426,2420000000,2468000000,1.98,CAMPAIGN
800236,500327,20250809,3353000000,3185000000,-5.01,STIMULATE_SLOW_MOVING
800237,500328,20260604,2547000000,2623000000,2.98,CAMPAIGN
800238,500329,20260521,3332000000,3265000000,-2.01,STIMULATE_SLOW_MOVING
800239,500330,20260328,2396000000,2276000000,-5.01,STIMULATE_SLOW_MOVING
800240,500331,20260101,4189000000,3896000000,-6.99,STIMULATE_SLOW_MOVING
800241,500332,20260510,4830000000,4733000000,-2.01,STIMULATE_SLOW_MOVING
800242,500333,20260612,1804000000,1768000000,-2.0,STIMULATE_SLOW_MOVING
800243,500334,20251230,3807000000,3921000000,2.99,CAMPAIGN
800244,500335,20251212,2247000000,2180000000,-2.98,STIMULATE_SLOW_MOVING
800245,500336,20260428,2049000000,1947000000,-4.98,STIMULATE_SLOW_MOVING
800246,500337,20260526,3189000000,3093000000,-3.01,STIMULATE_SLOW_MOVING
800247,500338,20260428,2320000000,2158000000,-6.98,STIMULATE_SLOW_MOVING
800248,500339,20260424,3444000000,3375000000,-2.0,STIMULATE_SLOW_MOVING
800249,500340,20260508,2456000000,2505000000,2.0,CAMPAIGN
800250,500342,20260224,3657000000,3401000000,-7.0,STIMULATE_SLOW_MOVING
800251,500343,20260601,4645000000,4506000000,-2.99,STIMULATE_SLOW_MOVING
800252,500346,20260616,2557000000,2480000000,-3.01,STIMULATE_SLOW_MOVING
800253,500347,20260226,3843000000,3728000000,-2.99,STIMULATE_SLOW_MOVING
800254,500349,20251224,2253000000,2298000000,2.0,CAMPAIGN
800255,500350,20260209,5523000000,5247000000,-5.0,STIMULATE_SLOW_MOVING
800256,500351,20260401,5045000000,4894000000,-2.99,STIMULATE_SLOW_MOVING
800257,500352,20260105,3220000000,3059000000,-5.0,STIMULATE_SLOW_MOVING
800258,500353,20260512,4698000000,4369000000,-7.0,STIMULATE_SLOW_MOVING
800259,500354,20251218,2881000000,2939000000,2.01,CAMPAIGN
800260,500355,20260623,2532000000,2583000000,2.01,CAMPAIGN
800261,500357,20260314,2624000000,2493000000,-4.99,STIMULATE_SLOW_MOVING
800262,500358,20260329,2657000000,2524000000,-5.01,STIMULATE_SLOW_MOVING
800263,500360,20260204,2181000000,2072000000,-5.0,STIMULATE_SLOW_MOVING
800264,500361,20260516,3482000000,3308000000,-5.0,STIMULATE_SLOW_MOVING
800265,500362,20260623,1723000000,1757000000,1.97,CAMPAIGN
800266,500363,20260531,3882000000,3960000000,2.01,CAMPAIGN
800267,500364,20260403,1856000000,1893000000,1.99,CAMPAIGN
800268,500365,20260313,3454000000,3523000000,2.0,CAMPAIGN
800269,500366,20260429,2171000000,2128000000,-1.98,STIMULATE_SLOW_MOVING
800270,500369,20260317,3338000000,3271000000,-2.01,STIMULATE_SLOW_MOVING
800271,500370,20260515,4424000000,4336000000,-1.99,STIMULATE_SLOW_MOVING
800272,500371,20260102,3728000000,3542000000,-4.99,STIMULATE_SLOW_MOVING
800273,500373,20260504,3537000000,3289000000,-7.01,STIMULATE_SLOW_MOVING
800274,500374,20260427,3129000000,2973000000,-4.99,STIMULATE_SLOW_MOVING
800275,500376,20250807,1982000000,1883000000,-4.99,STIMULATE_SLOW_MOVING
800276,500377,20260406,1924000000,1982000000,3.01,CAMPAIGN
800277,500378,20251018,1956000000,1917000000,-1.99,STIMULATE_SLOW_MOVING
800278,500379,20260129,3388000000,3219000000,-4.99,STIMULATE_SLOW_MOVING
800279,500381,20260118,2634000000,2555000000,-3.0,STIMULATE_SLOW_MOVING
800280,500382,20260429,2675000000,2729000000,2.02,CAMPAIGN
800281,500383,20260324,2264000000,2219000000,-1.99,STIMULATE_SLOW_MOVING
800282,500384,20260424,2234000000,2189000000,-2.01,STIMULATE_SLOW_MOVING
800283,500385,20251110,2970000000,3029000000,1.99,CAMPAIGN
800284,500386,20260518,4028000000,4109000000,2.01,CAMPAIGN
800285,500387,20251223,3113000000,2895000000,-7.0,STIMULATE_SLOW_MOVING
800286,500388,20260623,4130000000,4254000000,3.0,CAMPAIGN
800287,500389,20260409,3015000000,2864000000,-5.01,STIMULATE_SLOW_MOVING
800288,500390,20260612,3168000000,3073000000,-3.0,STIMULATE_SLOW_MOVING
800289,500391,20260601,2643000000,2590000000,-2.01,STIMULATE_SLOW_MOVING
800290,500392,20260228,1739000000,1704000000,-2.01,STIMULATE_SLOW_MOVING
800291,500394,20260215,2708000000,2573000000,-4.99,STIMULATE_SLOW_MOVING
800292,500396,20260409,4023000000,3902000000,-3.01,STIMULATE_SLOW_MOVING
800293,500397,20260416,4474000000,4340000000,-3.0,STIMULATE_SLOW_MOVING
800294,500398,20260611,2981000000,2832000000,-5.0,STIMULATE_SLOW_MOVING
800295,500399,20260402,3048000000,2896000000,-4.99,STIMULATE_SLOW_MOVING
800296,500400,20260605,3976000000,3777000000,-5.01,STIMULATE_SLOW_MOVING
800297,500401,20251116,2451000000,2328000000,-5.02,STIMULATE_SLOW_MOVING
800298,500402,20260326,3093000000,3031000000,-2.0,STIMULATE_SLOW_MOVING
800299,500403,20251126,3091000000,2936000000,-5.01,STIMULATE_SLOW_MOVING
800300,500405,20260520,2776000000,2720000000,-2.02,STIMULATE_SLOW_MOVING
800301,500408,20260618,1940000000,1979000000,2.01,CAMPAIGN
800302,500409,20260519,2392000000,2225000000,-6.98,STIMULATE_SLOW_MOVING
800303,500410,20260305,4885000000,4543000000,-7.0,STIMULATE_SLOW_MOVING
800304,500411,20260528,3601000000,3493000000,-3.0,STIMULATE_SLOW_MOVING
800305,500412,20260624,3758000000,3645000000,-3.01,STIMULATE_SLOW_MOVING
800306,500417,20251110,2812000000,2728000000,-2.99,STIMULATE_SLOW_MOVING
800307,500418,20260111,3066000000,2913000000,-4.99,STIMULATE_SLOW_MOVING
800308,500420,20260329,4181000000,4306000000,2.99,CAMPAIGN
800309,500422,20260625,2252000000,2320000000,3.02,CAMPAIGN
800310,500423,20260103,3277000000,3179000000,-2.99,STIMULATE_SLOW_MOVING
800311,500424,20260530,4564000000,4473000000,-1.99,STIMULATE_SLOW_MOVING
800312,500425,20260305,2379000000,2308000000,-2.98,STIMULATE_SLOW_MOVING
800313,500426,20251021,2642000000,2510000000,-5.0,STIMULATE_SLOW_MOVING
800314,500427,20260407,2997000000,2787000000,-7.01,STIMULATE_SLOW_MOVING
800315,500428,20250820,4358000000,4053000000,-7.0,STIMULATE_SLOW_MOVING
800316,500429,20260613,3456000000,3352000000,-3.01,STIMULATE_SLOW_MOVING
800317,500430,20260513,3553000000,3304000000,-7.01,STIMULATE_SLOW_MOVING
800318,500431,20260605,4774000000,4440000000,-7.0,STIMULATE_SLOW_MOVING
800319,500433,20260314,5018000000,4767000000,-5.0,STIMULATE_SLOW_MOVING
800320,500434,20251205,3031000000,2940000000,-3.0,STIMULATE_SLOW_MOVING
800321,500435,20260420,4325000000,4195000000,-3.01,STIMULATE_SLOW_MOVING
800322,500437,20251024,2100000000,2037000000,-3.0,STIMULATE_SLOW_MOVING
800323,500438,20260122,1871000000,1834000000,-1.98,STIMULATE_SLOW_MOVING
800324,500439,20260205,2320000000,2390000000,3.02,CAMPAIGN
800325,500440,20250909,3495000000,3250000000,-7.01,STIMULATE_SLOW_MOVING
800326,500441,20260620,3751000000,3563000000,-5.01,STIMULATE_SLOW_MOVING
800327,500442,20260423,2448000000,2277000000,-6.99,STIMULATE_SLOW_MOVING
800328,500444,20260512,2260000000,2192000000,-3.01,STIMULATE_SLOW_MOVING
800329,500445,20260517,2848000000,2706000000,-4.99,STIMULATE_SLOW_MOVING
800330,500446,20260324,4598000000,4276000000,-7.0,STIMULATE_SLOW_MOVING
800331,500447,20260218,1954000000,1915000000,-2.0,STIMULATE_SLOW_MOVING
800332,500448,20260202,2224000000,2180000000,-1.98,STIMULATE_SLOW_MOVING
800333,500449,20260216,3214000000,3118000000,-2.99,STIMULATE_SLOW_MOVING
800334,500451,20250907,3715000000,3604000000,-2.99,STIMULATE_SLOW_MOVING
800335,500452,20260521,2520000000,2570000000,1.98,CAMPAIGN
800336,500453,20260322,3057000000,3149000000,3.01,CAMPAIGN
800337,500454,20260512,3491000000,3247000000,-6.99,STIMULATE_SLOW_MOVING
800338,500455,20260522,3545000000,3368000000,-4.99,STIMULATE_SLOW_MOVING
800339,500456,20260424,5813000000,5639000000,-2.99,STIMULATE_SLOW_MOVING
800340,500457,20260308,2320000000,2204000000,-5.0,STIMULATE_SLOW_MOVING
800341,500458,20260324,5139000000,4985000000,-3.0,STIMULATE_SLOW_MOVING
800342,500459,20250825,2548000000,2497000000,-2.0,STIMULATE_SLOW_MOVING
800343,500460,20250831,2436000000,2363000000,-3.0,STIMULATE_SLOW_MOVING
800344,500461,20251023,5102000000,4949000000,-3.0,STIMULATE_SLOW_MOVING
800345,500463,20260226,3023000000,3114000000,3.01,CAMPAIGN
800346,500464,20260305,3671000000,3487000000,-5.01,STIMULATE_SLOW_MOVING
800347,500465,20260603,3226000000,3065000000,-4.99,STIMULATE_SLOW_MOVING
800348,500466,20250920,1805000000,1715000000,-4.99,STIMULATE_SLOW_MOVING
800349,500467,20260331,3091000000,2936000000,-5.01,STIMULATE_SLOW_MOVING
800350,500470,20260109,2732000000,2541000000,-6.99,STIMULATE_SLOW_MOVING
800351,500471,20251223,3658000000,3585000000,-2.0,STIMULATE_SLOW_MOVING
800352,500472,20250927,1426000000,1355000000,-4.98,STIMULATE_SLOW_MOVING
800353,500474,20251112,2875000000,2789000000,-2.99,STIMULATE_SLOW_MOVING
800354,500476,20260417,4076000000,3791000000,-6.99,STIMULATE_SLOW_MOVING
800355,500478,20260317,3060000000,2999000000,-1.99,STIMULATE_SLOW_MOVING
800356,500479,20260106,3256000000,3093000000,-5.01,STIMULATE_SLOW_MOVING
800357,500481,20260406,3497000000,3602000000,3.0,CAMPAIGN
800358,500483,20251126,2656000000,2603000000,-2.0,STIMULATE_SLOW_MOVING
800359,500484,20250930,2947000000,2800000000,-4.99,STIMULATE_SLOW_MOVING
800360,500485,20260328,3507000000,3332000000,-4.99,STIMULATE_SLOW_MOVING
800361,500487,20260206,3151000000,2930000000,-7.01,STIMULATE_SLOW_MOVING
800362,500488,20251030,2248000000,2136000000,-4.98,STIMULATE_SLOW_MOVING
800363,500489,20260223,2705000000,2624000000,-2.99,STIMULATE_SLOW_MOVING
800364,500490,20260321,4174000000,3882000000,-7.0,STIMULATE_SLOW_MOVING
800365,500492,20260501,3763000000,3575000000,-5.0,STIMULATE_SLOW_MOVING
800366,500494,20250919,4664000000,4524000000,-3.0,STIMULATE_SLOW_MOVING
800367,500495,20260315,2174000000,2131000000,-1.98,STIMULATE_SLOW_MOVING
800368,500497,20250913,2326000000,2210000000,-4.99,STIMULATE_SLOW_MOVING
800369,500498,20260528,3784000000,3670000000,-3.01,STIMULATE_SLOW_MOVING
800370,500500,20260504,3830000000,3753000000,-2.01,STIMULATE_SLOW_MOVING
800371,500501,20260106,2029000000,1988000000,-2.02,STIMULATE_SLOW_MOVING
800372,500502,20260629,1700000000,1649000000,-3.0,STIMULATE_SLOW_MOVING
800373,500504,20260204,2173000000,2130000000,-1.98,STIMULATE_SLOW_MOVING
800374,500505,20260501,3233000000,3007000000,-6.99,STIMULATE_SLOW_MOVING
800375,500506,20260417,4066000000,3944000000,-3.0,STIMULATE_SLOW_MOVING
800376,500507,20260213,3309000000,3144000000,-4.99,STIMULATE_SLOW_MOVING
800377,500508,20260421,1770000000,1823000000,2.99,CAMPAIGN
800378,500509,20260319,3278000000,3212000000,-2.01,STIMULATE_SLOW_MOVING
800379,500510,20260609,4406000000,4274000000,-3.0,STIMULATE_SLOW_MOVING
800380,500511,20260509,4675000000,4441000000,-5.01,STIMULATE_SLOW_MOVING
800381,500514,20251230,3079000000,2925000000,-5.0,STIMULATE_SLOW_MOVING
800382,500515,20260412,3001000000,2911000000,-3.0,STIMULATE_SLOW_MOVING
800383,500517,20250613,2962000000,2903000000,-1.99,STIMULATE_SLOW_MOVING
800384,500518,20250424,2380000000,2428000000,2.02,CAMPAIGN
800385,500520,20250511,5109000000,4751000000,-7.01,STIMULATE_SLOW_MOVING
800386,500521,20250615,3392000000,3324000000,-2.0,STIMULATE_SLOW_MOVING
800387,500522,20260621,4843000000,4504000000,-7.0,STIMULATE_SLOW_MOVING
800388,500524,20260226,4588000000,4359000000,-4.99,STIMULATE_SLOW_MOVING
800389,500525,20250907,4423000000,4202000000,-5.0,STIMULATE_SLOW_MOVING
800390,500526,20250508,3360000000,3125000000,-6.99,STIMULATE_SLOW_MOVING
800391,500527,20260320,1759000000,1706000000,-3.01,STIMULATE_SLOW_MOVING
800392,500528,20260331,3115000000,3022000000,-2.99,STIMULATE_SLOW_MOVING
800393,500529,20260512,1908000000,1851000000,-2.99,STIMULATE_SLOW_MOVING
800394,500530,20251015,2933000000,2845000000,-3.0,STIMULATE_SLOW_MOVING
800395,500531,20250829,2128000000,1979000000,-7.0,STIMULATE_SLOW_MOVING
800396,500532,20260221,2009000000,1949000000,-2.99,STIMULATE_SLOW_MOVING
800397,500533,20260330,4970000000,4871000000,-1.99,STIMULATE_SLOW_MOVING
800398,500534,20260520,3428000000,3257000000,-4.99,STIMULATE_SLOW_MOVING
800399,500535,20260323,1782000000,1729000000,-2.97,STIMULATE_SLOW_MOVING
800400,500536,20251106,4410000000,4101000000,-7.01,STIMULATE_SLOW_MOVING
800401,500537,20260506,4415000000,4547000000,2.99,CAMPAIGN
800402,500538,20251031,3359000000,3258000000,-3.01,STIMULATE_SLOW_MOVING
800403,500539,20260303,1782000000,1657000000,-7.01,STIMULATE_SLOW_MOVING
800404,500541,20260113,3238000000,3141000000,-3.0,STIMULATE_SLOW_MOVING
800405,500542,20251231,2345000000,2392000000,2.0,CAMPAIGN
800406,500543,20251214,3625000000,3516000000,-3.01,STIMULATE_SLOW_MOVING
800407,500544,20260421,1692000000,1641000000,-3.01,STIMULATE_SLOW_MOVING
800408,500545,20260122,2960000000,2871000000,-3.01,STIMULATE_SLOW_MOVING
800409,500546,20251211,2356000000,2191000000,-7.0,STIMULATE_SLOW_MOVING
800410,500547,20260222,3288000000,3189000000,-3.01,STIMULATE_SLOW_MOVING
800411,500548,20250627,3704000000,3593000000,-3.0,STIMULATE_SLOW_MOVING
800412,500549,20260527,2323000000,2253000000,-3.01,STIMULATE_SLOW_MOVING
800413,500550,20260406,2940000000,2793000000,-5.0,STIMULATE_SLOW_MOVING
800414,500551,20250826,5223000000,5119000000,-1.99,STIMULATE_SLOW_MOVING
800415,500552,20260618,2402000000,2474000000,3.0,CAMPAIGN
800416,500553,20260118,4278000000,3979000000,-6.99,STIMULATE_SLOW_MOVING
800417,500554,20260418,5452000000,5179000000,-5.01,STIMULATE_SLOW_MOVING
800418,500555,20251018,1540000000,1463000000,-5.0,STIMULATE_SLOW_MOVING
800419,500556,20251103,3078000000,3016000000,-2.01,STIMULATE_SLOW_MOVING
800420,500557,20260517,3593000000,3485000000,-3.01,STIMULATE_SLOW_MOVING
800421,500558,20251217,3063000000,2971000000,-3.0,STIMULATE_SLOW_MOVING
800422,500559,20250518,3233000000,3168000000,-2.01,STIMULATE_SLOW_MOVING
800423,500561,20260612,3762000000,3499000000,-6.99,STIMULATE_SLOW_MOVING
800424,500562,20260518,4413000000,4325000000,-1.99,STIMULATE_SLOW_MOVING
800425,500563,20260530,3310000000,3078000000,-7.01,STIMULATE_SLOW_MOVING
800426,500564,20260624,2923000000,2981000000,1.98,CAMPAIGN
800427,500565,20251016,2446000000,2373000000,-2.98,STIMULATE_SLOW_MOVING
800428,500566,20260325,3244000000,3082000000,-4.99,STIMULATE_SLOW_MOVING
800429,500567,20260130,2011000000,1910000000,-5.02,STIMULATE_SLOW_MOVING
800430,500568,20260309,1691000000,1725000000,2.01,CAMPAIGN
800431,500570,20260409,2544000000,2366000000,-7.0,STIMULATE_SLOW_MOVING
800432,500572,20260105,3069000000,3008000000,-1.99,STIMULATE_SLOW_MOVING
800433,500573,20251023,3980000000,3861000000,-2.99,STIMULATE_SLOW_MOVING
800434,500575,20260611,2351000000,2304000000,-2.0,STIMULATE_SLOW_MOVING
800435,500576,20251007,2172000000,2215000000,1.98,CAMPAIGN
800436,500577,20260309,2573000000,2444000000,-5.01,STIMULATE_SLOW_MOVING
800437,500578,20260218,4590000000,4269000000,-6.99,STIMULATE_SLOW_MOVING
800438,500580,20251008,3539000000,3362000000,-5.0,STIMULATE_SLOW_MOVING
800439,500581,20251101,1999000000,1859000000,-7.0,STIMULATE_SLOW_MOVING
800440,500584,20260323,3543000000,3295000000,-7.0,STIMULATE_SLOW_MOVING
800441,500585,20260625,2805000000,2749000000,-2.0,STIMULATE_SLOW_MOVING
800442,500587,20260524,2689000000,2608000000,-3.01,STIMULATE_SLOW_MOVING
800443,500588,20260509,2725000000,2780000000,2.02,CAMPAIGN
800444,500589,20260221,1781000000,1692000000,-5.0,STIMULATE_SLOW_MOVING
800445,500590,20260306,3618000000,3509000000,-3.01,STIMULATE_SLOW_MOVING
800446,500592,20260125,3559000000,3452000000,-3.01,STIMULATE_SLOW_MOVING
800447,500593,20260508,3046000000,2955000000,-2.99,STIMULATE_SLOW_MOVING
800448,500595,20260529,3326000000,3226000000,-3.01,STIMULATE_SLOW_MOVING
800449,500596,20251114,5531000000,5144000000,-7.0,STIMULATE_SLOW_MOVING
800450,500597,20250924,3109000000,3016000000,-2.99,STIMULATE_SLOW_MOVING
800451,500599,20260405,2423000000,2350000000,-3.01,STIMULATE_SLOW_MOVING
800452,500600,20260422,4312000000,4398000000,1.99,CAMPAIGN
800453,500601,20260520,2761000000,2706000000,-1.99,STIMULATE_SLOW_MOVING
800454,500604,20250503,3785000000,3861000000,2.01,CAMPAIGN
800455,500605,20260212,3827000000,3636000000,-4.99,STIMULATE_SLOW_MOVING
800456,500606,20260610,4522000000,4296000000,-5.0,STIMULATE_SLOW_MOVING
800457,500607,20260616,3609000000,3429000000,-4.99,STIMULATE_SLOW_MOVING
800458,500609,20260307,2836000000,2921000000,3.0,CAMPAIGN
800459,500610,20251225,3206000000,3046000000,-4.99,STIMULATE_SLOW_MOVING
800460,500611,20251219,1947000000,1850000000,-4.98,STIMULATE_SLOW_MOVING
800461,500612,20251114,3426000000,3357000000,-2.01,STIMULATE_SLOW_MOVING
800462,500615,20260102,2304000000,2373000000,2.99,CAMPAIGN
800463,500616,20260127,4173000000,4298000000,3.0,CAMPAIGN
800464,500619,20260622,2926000000,2867000000,-2.02,STIMULATE_SLOW_MOVING
800465,500620,20260410,3749000000,3637000000,-2.99,STIMULATE_SLOW_MOVING
800466,500621,20260627,2651000000,2704000000,2.0,CAMPAIGN
800467,500626,20251212,5364000000,5096000000,-5.0,STIMULATE_SLOW_MOVING
800468,500627,20260404,3577000000,3470000000,-2.99,STIMULATE_SLOW_MOVING
800469,500628,20251003,2972000000,2883000000,-2.99,STIMULATE_SLOW_MOVING
800470,500629,20260311,2137000000,2094000000,-2.01,STIMULATE_SLOW_MOVING
800471,500630,20260107,2805000000,2861000000,2.0,CAMPAIGN
800472,500631,20260612,2688000000,2500000000,-6.99,STIMULATE_SLOW_MOVING
800473,500632,20260131,2040000000,1999000000,-2.01,STIMULATE_SLOW_MOVING
800474,500633,20250927,4089000000,3885000000,-4.99,STIMULATE_SLOW_MOVING
800475,500634,20260621,1766000000,1819000000,3.0,CAMPAIGN
800476,500635,20260412,3581000000,3330000000,-7.01,STIMULATE_SLOW_MOVING
800477,500637,20251231,2842000000,2899000000,2.01,CAMPAIGN
800478,500638,20260202,4608000000,4378000000,-4.99,STIMULATE_SLOW_MOVING
800479,500639,20251107,2366000000,2437000000,3.0,CAMPAIGN
800480,500640,20260219,2246000000,2179000000,-2.98,STIMULATE_SLOW_MOVING
800481,500641,20260106,2960000000,2812000000,-5.0,STIMULATE_SLOW_MOVING
800482,500642,20260424,3908000000,3791000000,-2.99,STIMULATE_SLOW_MOVING
800483,500643,20260321,2993000000,2843000000,-5.01,STIMULATE_SLOW_MOVING
800484,500645,20260423,3248000000,3086000000,-4.99,STIMULATE_SLOW_MOVING
800485,500646,20250813,2509000000,2434000000,-2.99,STIMULATE_SLOW_MOVING
800486,500648,20251130,4317000000,4101000000,-5.0,STIMULATE_SLOW_MOVING
800487,500649,20251102,3444000000,3341000000,-2.99,STIMULATE_SLOW_MOVING
800488,500650,20250703,4707000000,4472000000,-4.99,STIMULATE_SLOW_MOVING
800489,500651,20260102,4919000000,4771000000,-3.01,STIMULATE_SLOW_MOVING
800490,500652,20251109,2084000000,2021000000,-3.02,STIMULATE_SLOW_MOVING
800491,500654,20260623,3908000000,3713000000,-4.99,STIMULATE_SLOW_MOVING
800492,500657,20260330,2950000000,3009000000,2.0,CAMPAIGN
800493,500661,20251109,2153000000,2002000000,-7.01,STIMULATE_SLOW_MOVING
800494,500662,20260415,5113000000,4857000000,-5.01,STIMULATE_SLOW_MOVING
800495,500663,20260421,4406000000,4318000000,-2.0,STIMULATE_SLOW_MOVING
800496,500664,20260121,3778000000,3665000000,-2.99,STIMULATE_SLOW_MOVING
800497,500666,20260116,3279000000,3213000000,-2.01,STIMULATE_SLOW_MOVING
800498,500667,20260507,4212000000,4128000000,-1.99,STIMULATE_SLOW_MOVING
800499,500669,20251228,1805000000,1751000000,-2.99,STIMULATE_SLOW_MOVING
800500,500670,20260314,2149000000,2042000000,-4.98,STIMULATE_SLOW_MOVING
800501,500671,20260601,2138000000,2031000000,-5.0,STIMULATE_SLOW_MOVING
800502,500672,20251118,4103000000,3816000000,-6.99,STIMULATE_SLOW_MOVING
800503,500673,20251223,3380000000,3312000000,-2.01,STIMULATE_SLOW_MOVING
800504,500675,20260501,3270000000,3041000000,-7.0,STIMULATE_SLOW_MOVING
800505,500676,20260624,3347000000,3113000000,-6.99,STIMULATE_SLOW_MOVING
800506,500677,20251008,4214000000,4340000000,2.99,CAMPAIGN
800507,500678,20260415,3828000000,3751000000,-2.01,STIMULATE_SLOW_MOVING
800508,500679,20250913,1650000000,1699000000,2.97,CAMPAIGN
800509,500680,20251001,5406000000,5136000000,-4.99,STIMULATE_SLOW_MOVING
800510,500681,20260414,5876000000,5700000000,-3.0,STIMULATE_SLOW_MOVING
800511,500683,20260514,2693000000,2612000000,-3.01,STIMULATE_SLOW_MOVING
800512,500686,20250727,3841000000,3726000000,-2.99,STIMULATE_SLOW_MOVING
800513,500687,20251101,1603000000,1635000000,2.0,CAMPAIGN
800514,500690,20250623,1980000000,2020000000,2.02,CAMPAIGN
800515,500691,20251205,3113000000,2895000000,-7.0,STIMULATE_SLOW_MOVING
800516,500692,20260102,3172000000,3077000000,-2.99,STIMULATE_SLOW_MOVING
800517,500694,20251016,3460000000,3218000000,-6.99,STIMULATE_SLOW_MOVING
800518,500696,20250830,3427000000,3256000000,-4.99,STIMULATE_SLOW_MOVING
800519,500697,20260617,3578000000,3650000000,2.01,CAMPAIGN
800520,500698,20260310,2633000000,2501000000,-5.01,STIMULATE_SLOW_MOVING
800521,500699,20260418,3134000000,3071000000,-2.01,STIMULATE_SLOW_MOVING
800522,500703,20251117,2893000000,2748000000,-5.01,STIMULATE_SLOW_MOVING
800523,500704,20260622,1898000000,1936000000,2.0,CAMPAIGN
800524,500705,20260316,4183000000,4099000000,-2.01,STIMULATE_SLOW_MOVING
800525,500706,20260103,4885000000,4787000000,-2.01,STIMULATE_SLOW_MOVING
800526,500707,20260503,3190000000,3126000000,-2.01,STIMULATE_SLOW_MOVING
800527,500708,20260531,5119000000,4863000000,-5.0,STIMULATE_SLOW_MOVING
800528,500709,20260315,2138000000,2181000000,2.01,CAMPAIGN
800529,500710,20260616,2712000000,2766000000,1.99,CAMPAIGN
800530,500711,20260309,3233000000,3071000000,-5.01,STIMULATE_SLOW_MOVING
800531,500712,20260504,3377000000,3478000000,2.99,CAMPAIGN
800532,500713,20260626,2688000000,2607000000,-3.01,STIMULATE_SLOW_MOVING
800533,500714,20260515,3957000000,3838000000,-3.01,STIMULATE_SLOW_MOVING
800534,500717,20260624,3712000000,3526000000,-5.01,STIMULATE_SLOW_MOVING
800535,500718,20251209,3948000000,3830000000,-2.99,STIMULATE_SLOW_MOVING
800536,500719,20250611,3110000000,2892000000,-7.01,STIMULATE_SLOW_MOVING
800537,500720,20260326,2361000000,2432000000,3.01,CAMPAIGN
800538,500721,20260412,2983000000,2923000000,-2.01,STIMULATE_SLOW_MOVING
800539,500722,20260325,3606000000,3498000000,-3.0,STIMULATE_SLOW_MOVING
800540,500723,20260113,2171000000,2128000000,-1.98,STIMULATE_SLOW_MOVING
800541,500724,20251105,3815000000,3739000000,-1.99,STIMULATE_SLOW_MOVING
800542,500725,20260420,1997000000,1937000000,-3.0,STIMULATE_SLOW_MOVING
800543,500728,20260209,3174000000,3111000000,-1.98,STIMULATE_SLOW_MOVING
800544,500729,20251202,2126000000,2020000000,-4.99,STIMULATE_SLOW_MOVING
800545,500730,20260625,4141000000,3934000000,-5.0,STIMULATE_SLOW_MOVING
800546,500732,20260430,4159000000,4284000000,3.01,CAMPAIGN
800547,500733,20260604,3367000000,3300000000,-1.99,STIMULATE_SLOW_MOVING
800548,500734,20260525,2628000000,2575000000,-2.02,STIMULATE_SLOW_MOVING
800549,500735,20250930,2700000000,2619000000,-3.0,STIMULATE_SLOW_MOVING
800550,500736,20260223,2198000000,2088000000,-5.0,STIMULATE_SLOW_MOVING
800551,500738,20250606,3295000000,3229000000,-2.0,STIMULATE_SLOW_MOVING
800552,500740,20260528,4987000000,4638000000,-7.0,STIMULATE_SLOW_MOVING
800553,500741,20260406,3280000000,3050000000,-7.01,STIMULATE_SLOW_MOVING
800554,500742,20260420,5086000000,4933000000,-3.01,STIMULATE_SLOW_MOVING
800555,500745,20251108,3934000000,4013000000,2.01,CAMPAIGN
800556,500746,20251221,2559000000,2431000000,-5.0,STIMULATE_SLOW_MOVING
800557,500747,20251217,1767000000,1820000000,3.0,CAMPAIGN
800558,500749,20260619,3990000000,4070000000,2.01,CAMPAIGN
800559,500750,20260324,2663000000,2610000000,-1.99,STIMULATE_SLOW_MOVING
800560,500751,20260302,3058000000,2966000000,-3.01,STIMULATE_SLOW_MOVING
800561,500753,20251205,5081000000,4827000000,-5.0,STIMULATE_SLOW_MOVING
800562,500754,20260530,4647000000,4415000000,-4.99,STIMULATE_SLOW_MOVING
800563,500755,20260524,3463000000,3394000000,-1.99,STIMULATE_SLOW_MOVING
800564,500756,20250814,1521000000,1551000000,1.97,CAMPAIGN
800565,500758,20251114,3586000000,3478000000,-3.01,STIMULATE_SLOW_MOVING
800566,500760,20260529,3213000000,3052000000,-5.01,STIMULATE_SLOW_MOVING
800567,500761,20260519,2552000000,2424000000,-5.02,STIMULATE_SLOW_MOVING
800568,500762,20250704,3462000000,3289000000,-5.0,STIMULATE_SLOW_MOVING
800569,500763,20260116,4255000000,3957000000,-7.0,STIMULATE_SLOW_MOVING
800570,500764,20251213,3294000000,3393000000,3.01,CAMPAIGN
800571,500765,20260628,2349000000,2232000000,-4.98,STIMULATE_SLOW_MOVING
800572,500767,20260401,2348000000,2301000000,-2.0,STIMULATE_SLOW_MOVING
800573,500770,20260314,3281000000,3183000000,-2.99,STIMULATE_SLOW_MOVING
800574,500771,20251103,3972000000,3694000000,-7.0,STIMULATE_SLOW_MOVING
800575,500772,20260402,2764000000,2626000000,-4.99,STIMULATE_SLOW_MOVING
800576,500773,20260405,2402000000,2354000000,-2.0,STIMULATE_SLOW_MOVING
800577,500774,20260409,2668000000,2588000000,-3.0,STIMULATE_SLOW_MOVING
800578,500775,20260304,3159000000,2938000000,-7.0,STIMULATE_SLOW_MOVING
800579,500776,20260224,3177000000,3082000000,-2.99,STIMULATE_SLOW_MOVING
800580,500777,20250507,3603000000,3531000000,-2.0,STIMULATE_SLOW_MOVING
800581,500779,20260331,2004000000,2064000000,2.99,CAMPAIGN
800582,500780,20250918,3259000000,3031000000,-7.0,STIMULATE_SLOW_MOVING
800583,500781,20260211,3585000000,3513000000,-2.01,STIMULATE_SLOW_MOVING
800584,500782,20251028,4147000000,3857000000,-6.99,STIMULATE_SLOW_MOVING
800585,500783,20260320,3197000000,3101000000,-3.0,STIMULATE_SLOW_MOVING
800586,500784,20260501,2167000000,2059000000,-4.98,STIMULATE_SLOW_MOVING
800587,500785,20260501,3623000000,3369000000,-7.01,STIMULATE_SLOW_MOVING
800588,500786,20251202,4015000000,3814000000,-5.01,STIMULATE_SLOW_MOVING
800589,500789,20251104,3601000000,3493000000,-3.0,STIMULATE_SLOW_MOVING
800590,500790,20260208,1998000000,1958000000,-2.0,STIMULATE_SLOW_MOVING
800591,500791,20260104,2840000000,2925000000,2.99,CAMPAIGN
800592,500792,20250914,2111000000,2048000000,-2.98,STIMULATE_SLOW_MOVING
800593,500793,20260515,4123000000,3999000000,-3.01,STIMULATE_SLOW_MOVING
800594,500795,20260515,1799000000,1673000000,-7.0,STIMULATE_SLOW_MOVING
800595,500796,20260613,4504000000,4594000000,2.0,CAMPAIGN
800596,500799,20260111,3555000000,3306000000,-7.0,STIMULATE_SLOW_MOVING
800597,500800,20251125,2211000000,2145000000,-2.99,STIMULATE_SLOW_MOVING
800598,500801,20260228,3226000000,3065000000,-4.99,STIMULATE_SLOW_MOVING
800599,500802,20251118,5197000000,4937000000,-5.0,STIMULATE_SLOW_MOVING
800600,500803,20260324,5202000000,5046000000,-3.0,STIMULATE_SLOW_MOVING
800601,500804,20260316,2137000000,2094000000,-2.01,STIMULATE_SLOW_MOVING
800602,500805,20260528,3159000000,3001000000,-5.0,STIMULATE_SLOW_MOVING
800603,500806,20251214,3631000000,3449000000,-5.01,STIMULATE_SLOW_MOVING
800604,500807,20260222,2477000000,2427000000,-2.02,STIMULATE_SLOW_MOVING
800605,500808,20260315,3305000000,3074000000,-6.99,STIMULATE_SLOW_MOVING
800606,500809,20260328,2272000000,2340000000,2.99,CAMPAIGN
800607,500810,20250728,3084000000,2868000000,-7.0,STIMULATE_SLOW_MOVING
800608,500811,20260625,4452000000,4140000000,-7.01,STIMULATE_SLOW_MOVING
800609,500812,20250730,2792000000,2848000000,2.01,CAMPAIGN
800610,500813,20260414,3709000000,3524000000,-4.99,STIMULATE_SLOW_MOVING
800611,500814,20260603,2559000000,2482000000,-3.01,STIMULATE_SLOW_MOVING
800612,500815,20260624,3785000000,3861000000,2.01,CAMPAIGN
800613,500816,20251019,2432000000,2359000000,-3.0,STIMULATE_SLOW_MOVING
800614,500821,20260118,1764000000,1817000000,3.0,CAMPAIGN
800615,500822,20260415,3982000000,3783000000,-5.0,STIMULATE_SLOW_MOVING
800616,500827,20260511,5142000000,4782000000,-7.0,STIMULATE_SLOW_MOVING
800617,500828,20260515,3139000000,3045000000,-2.99,STIMULATE_SLOW_MOVING
800618,500829,20260613,3187000000,3283000000,3.01,CAMPAIGN
800619,500830,20251114,4008000000,3808000000,-4.99,STIMULATE_SLOW_MOVING
800620,500831,20260427,1862000000,1732000000,-6.98,STIMULATE_SLOW_MOVING
800621,500833,20260223,3094000000,2877000000,-7.01,STIMULATE_SLOW_MOVING
800622,500835,20260503,4522000000,4432000000,-1.99,STIMULATE_SLOW_MOVING
800623,500837,20260117,2301000000,2255000000,-2.0,STIMULATE_SLOW_MOVING
800624,500838,20260418,2489000000,2414000000,-3.01,STIMULATE_SLOW_MOVING
800625,500840,20250924,3343000000,3410000000,2.0,CAMPAIGN
800626,500842,20260626,3549000000,3372000000,-4.99,STIMULATE_SLOW_MOVING
800627,500843,20260513,4382000000,4251000000,-2.99,STIMULATE_SLOW_MOVING
800628,500844,20260613,1850000000,1813000000,-2.0,STIMULATE_SLOW_MOVING
800629,500845,20260212,2571000000,2494000000,-2.99,STIMULATE_SLOW_MOVING
800630,500846,20260621,2113000000,2007000000,-5.02,STIMULATE_SLOW_MOVING
800631,500848,20260527,3252000000,3024000000,-7.01,STIMULATE_SLOW_MOVING
800632,500850,20260515,3420000000,3317000000,-3.01,STIMULATE_SLOW_MOVING
800633,500851,20260519,2855000000,2712000000,-5.01,STIMULATE_SLOW_MOVING
800634,500852,20260411,3267000000,3104000000,-4.99,STIMULATE_SLOW_MOVING
800635,500853,20260525,3368000000,3200000000,-4.99,STIMULATE_SLOW_MOVING
800636,500854,20250620,1747000000,1799000000,2.98,CAMPAIGN
800637,500855,20260122,3522000000,3452000000,-1.99,STIMULATE_SLOW_MOVING
800638,500856,20250830,4648000000,4555000000,-2.0,STIMULATE_SLOW_MOVING
800639,500857,20260316,3657000000,3584000000,-2.0,STIMULATE_SLOW_MOVING
800640,500858,20260502,2198000000,2088000000,-5.0,STIMULATE_SLOW_MOVING
800641,500859,20260218,3403000000,3233000000,-5.0,STIMULATE_SLOW_MOVING
800642,500860,20250826,2832000000,2747000000,-3.0,STIMULATE_SLOW_MOVING
800643,500861,20251207,2526000000,2400000000,-4.99,STIMULATE_SLOW_MOVING
800644,500862,20260330,2488000000,2438000000,-2.01,STIMULATE_SLOW_MOVING
800645,500865,20251215,3681000000,3423000000,-7.01,STIMULATE_SLOW_MOVING
800646,500867,20250318,3351000000,3183000000,-5.01,STIMULATE_SLOW_MOVING
800647,500868,20260512,3698000000,3439000000,-7.0,STIMULATE_SLOW_MOVING
800648,500872,20260226,2380000000,2309000000,-2.98,STIMULATE_SLOW_MOVING
800649,500873,20260212,3378000000,3209000000,-5.0,STIMULATE_SLOW_MOVING
800650,500874,20251118,3214000000,3310000000,2.99,CAMPAIGN
800651,500875,20260322,4846000000,4943000000,2.0,CAMPAIGN
800652,500876,20260222,3482000000,3378000000,-2.99,STIMULATE_SLOW_MOVING
800653,500877,20260529,2101000000,2143000000,2.0,CAMPAIGN
800654,500882,20260311,3866000000,3982000000,3.0,CAMPAIGN
800655,500883,20250831,3044000000,2953000000,-2.99,STIMULATE_SLOW_MOVING
800656,500884,20260508,2658000000,2525000000,-5.0,STIMULATE_SLOW_MOVING
800657,500885,20260619,2103000000,1998000000,-4.99,STIMULATE_SLOW_MOVING
800658,500886,20260516,3391000000,3289000000,-3.01,STIMULATE_SLOW_MOVING
800659,500887,20260604,3133000000,3039000000,-3.0,STIMULATE_SLOW_MOVING
800660,500888,20260622,4937000000,4690000000,-5.0,STIMULATE_SLOW_MOVING
800661,500889,20260413,3318000000,3218000000,-3.01,STIMULATE_SLOW_MOVING
800662,500892,20260621,4271000000,3972000000,-7.0,STIMULATE_SLOW_MOVING
800663,500893,20260216,3901000000,4018000000,3.0,CAMPAIGN
800664,500895,20260228,3623000000,3369000000,-7.01,STIMULATE_SLOW_MOVING
800665,500896,20260523,3160000000,3223000000,1.99,CAMPAIGN
800666,500897,20260218,4769000000,4435000000,-7.0,STIMULATE_SLOW_MOVING
800667,500898,20260322,2787000000,2648000000,-4.99,STIMULATE_SLOW_MOVING
800668,500899,20251022,3253000000,3090000000,-5.01,STIMULATE_SLOW_MOVING
800669,500900,20260404,2708000000,2627000000,-2.99,STIMULATE_SLOW_MOVING
800670,500901,20260602,2084000000,1938000000,-7.01,STIMULATE_SLOW_MOVING
800671,500902,20251018,3081000000,2989000000,-2.99,STIMULATE_SLOW_MOVING
800672,500903,20251126,2612000000,2534000000,-2.99,STIMULATE_SLOW_MOVING
800673,500905,20260427,3414000000,3346000000,-1.99,STIMULATE_SLOW_MOVING
800674,500906,20250930,3516000000,3340000000,-5.01,STIMULATE_SLOW_MOVING
800675,500907,20251209,4667000000,4340000000,-7.01,STIMULATE_SLOW_MOVING
800676,500908,20260615,3992000000,3872000000,-3.01,STIMULATE_SLOW_MOVING
800677,500909,20250612,1685000000,1651000000,-2.02,STIMULATE_SLOW_MOVING
800678,500911,20260322,2965000000,2817000000,-4.99,STIMULATE_SLOW_MOVING
800679,500912,20260328,2338000000,2221000000,-5.0,STIMULATE_SLOW_MOVING
800680,500913,20250928,3141000000,2921000000,-7.0,STIMULATE_SLOW_MOVING
800681,500914,20251125,2137000000,2030000000,-5.01,STIMULATE_SLOW_MOVING
800682,500915,20260119,4571000000,4342000000,-5.01,STIMULATE_SLOW_MOVING
800683,500916,20251005,3637000000,3455000000,-5.0,STIMULATE_SLOW_MOVING
800684,500917,20251225,2819000000,2734000000,-3.02,STIMULATE_SLOW_MOVING
800685,500918,20250821,2265000000,2310000000,1.99,CAMPAIGN
800686,500919,20260509,2079000000,1975000000,-5.0,STIMULATE_SLOW_MOVING
800687,500920,20260315,2336000000,2289000000,-2.01,STIMULATE_SLOW_MOVING
800688,500922,20260215,2997000000,3057000000,2.0,CAMPAIGN
800689,500923,20250430,1901000000,1806000000,-5.0,STIMULATE_SLOW_MOVING
800690,500924,20250929,2661000000,2581000000,-3.01,STIMULATE_SLOW_MOVING
800691,500925,20250905,1411000000,1340000000,-5.03,STIMULATE_SLOW_MOVING
800692,500928,20260406,2286000000,2126000000,-7.0,STIMULATE_SLOW_MOVING
800693,500929,20251122,3727000000,3615000000,-3.01,STIMULATE_SLOW_MOVING
800694,500930,20260514,3340000000,3173000000,-5.0,STIMULATE_SLOW_MOVING
800695,500931,20251218,1796000000,1706000000,-5.01,STIMULATE_SLOW_MOVING
800696,500933,20260124,1980000000,1841000000,-7.02,STIMULATE_SLOW_MOVING
800697,500934,20260507,3396000000,3328000000,-2.0,STIMULATE_SLOW_MOVING
800698,500936,20260119,1597000000,1565000000,-2.0,STIMULATE_SLOW_MOVING
800699,500937,20250612,3462000000,3220000000,-6.99,STIMULATE_SLOW_MOVING
800700,500938,20250906,2109000000,2004000000,-4.98,STIMULATE_SLOW_MOVING
800701,500939,20260524,2008000000,1948000000,-2.99,STIMULATE_SLOW_MOVING
800702,500940,20260324,3545000000,3368000000,-4.99,STIMULATE_SLOW_MOVING
800703,500941,20260404,2205000000,2095000000,-4.99,STIMULATE_SLOW_MOVING
800704,500942,20260301,4053000000,3931000000,-3.01,STIMULATE_SLOW_MOVING
800705,500943,20260227,5274000000,4905000000,-7.0,STIMULATE_SLOW_MOVING
800706,500944,20260425,2522000000,2598000000,3.01,CAMPAIGN
800707,500945,20251128,4026000000,3945000000,-2.01,STIMULATE_SLOW_MOVING
800708,500946,20260406,5099000000,5201000000,2.0,CAMPAIGN
800709,500947,20260405,2430000000,2357000000,-3.0,STIMULATE_SLOW_MOVING
800710,500948,20250816,4584000000,4263000000,-7.0,STIMULATE_SLOW_MOVING
800711,500949,20260423,3093000000,3155000000,2.0,CAMPAIGN
800712,500950,20260403,1925000000,1983000000,3.01,CAMPAIGN
800713,500951,20260414,2719000000,2529000000,-6.99,STIMULATE_SLOW_MOVING
800714,500952,20260625,2051000000,2010000000,-2.0,STIMULATE_SLOW_MOVING
800715,500953,20251110,1841000000,1749000000,-5.0,STIMULATE_SLOW_MOVING
800716,500955,20260413,4074000000,3870000000,-5.01,STIMULATE_SLOW_MOVING
800717,500956,20251216,3132000000,2975000000,-5.01,STIMULATE_SLOW_MOVING
800718,500958,20251218,3809000000,3619000000,-4.99,STIMULATE_SLOW_MOVING
800719,500960,20250721,2156000000,2091000000,-3.01,STIMULATE_SLOW_MOVING
800720,500962,20251021,4080000000,3876000000,-5.0,STIMULATE_SLOW_MOVING
800721,500965,20260629,2233000000,2121000000,-5.02,STIMULATE_SLOW_MOVING
800722,500966,20260425,1939000000,1881000000,-2.99,STIMULATE_SLOW_MOVING
800723,500967,20260123,2935000000,2847000000,-3.0,STIMULATE_SLOW_MOVING
800724,500968,20260518,3065000000,2912000000,-4.99,STIMULATE_SLOW_MOVING
800725,500969,20251017,2596000000,2648000000,2.0,CAMPAIGN
800726,500970,20260609,2373000000,2302000000,-2.99,STIMULATE_SLOW_MOVING
800727,500971,20260618,2193000000,2127000000,-3.01,STIMULATE_SLOW_MOVING
800728,500972,20260613,3773000000,3584000000,-5.01,STIMULATE_SLOW_MOVING
800729,500973,20260316,1594000000,1626000000,2.01,CAMPAIGN
800730,500975,20260616,3544000000,3473000000,-2.0,STIMULATE_SLOW_MOVING
800731,500976,20251027,4239000000,4112000000,-3.0,STIMULATE_SLOW_MOVING
800732,500979,20260510,2974000000,2766000000,-6.99,STIMULATE_SLOW_MOVING
800733,500981,20260201,2931000000,2784000000,-5.02,STIMULATE_SLOW_MOVING
800734,500982,20251208,2961000000,2902000000,-1.99,STIMULATE_SLOW_MOVING
800735,500983,20251229,4131000000,3924000000,-5.01,STIMULATE_SLOW_MOVING
800736,500985,20251113,3006000000,2856000000,-4.99,STIMULATE_SLOW_MOVING
800737,500986,20260405,4851000000,4705000000,-3.01,STIMULATE_SLOW_MOVING
800738,500988,20260430,4068000000,3987000000,-1.99,STIMULATE_SLOW_MOVING
800739,500989,20251121,4892000000,4550000000,-6.99,STIMULATE_SLOW_MOVING
800740,500990,20251010,3501000000,3396000000,-3.0,STIMULATE_SLOW_MOVING
800741,500991,20251021,3925000000,4003000000,1.99,CAMPAIGN
800742,500993,20260402,2936000000,2789000000,-5.01,STIMULATE_SLOW_MOVING
800743,500994,20260304,3630000000,3376000000,-7.0,STIMULATE_SLOW_MOVING
800744,500996,20260624,2063000000,2022000000,-1.99,STIMULATE_SLOW_MOVING
800745,500997,20260325,3640000000,3458000000,-5.0,STIMULATE_SLOW_MOVING
800746,500998,20250926,1991000000,2051000000,3.01,CAMPAIGN
800747,500999,20260503,4796000000,4652000000,-3.0,STIMULATE_SLOW_MOVING
800748,501000,20251231,1817000000,1781000000,-1.98,STIMULATE_SLOW_MOVING
800749,501001,20260328,3537000000,3360000000,-5.0,STIMULATE_SLOW_MOVING
800750,501002,20260307,2832000000,2775000000,-2.01,STIMULATE_SLOW_MOVING
800751,501006,20260617,3287000000,3123000000,-4.99,STIMULATE_SLOW_MOVING
800752,501007,20260507,3926000000,3730000000,-4.99,STIMULATE_SLOW_MOVING
800753,501008,20260318,3086000000,3148000000,2.01,CAMPAIGN
800754,501009,20250903,4225000000,4098000000,-3.01,STIMULATE_SLOW_MOVING
800755,501010,20260526,1877000000,1915000000,2.02,CAMPAIGN
800756,501012,20260510,2832000000,2634000000,-6.99,STIMULATE_SLOW_MOVING
800757,501014,20260524,3400000000,3298000000,-3.0,STIMULATE_SLOW_MOVING
800758,501015,20260627,4415000000,4283000000,-2.99,STIMULATE_SLOW_MOVING
800759,501018,20260107,3347000000,3247000000,-2.99,STIMULATE_SLOW_MOVING
800760,501020,20260424,2995000000,2785000000,-7.01,STIMULATE_SLOW_MOVING
800761,501022,20251028,2105000000,2000000000,-4.99,STIMULATE_SLOW_MOVING
800762,501023,20251206,4205000000,4121000000,-2.0,STIMULATE_SLOW_MOVING
800763,501024,20260405,3540000000,3469000000,-2.01,STIMULATE_SLOW_MOVING
800764,501026,20260516,2312000000,2196000000,-5.02,STIMULATE_SLOW_MOVING
800765,501027,20260414,3517000000,3271000000,-6.99,STIMULATE_SLOW_MOVING
800766,501028,20260104,4074000000,3870000000,-5.01,STIMULATE_SLOW_MOVING
800767,501029,20250724,3701000000,3516000000,-5.0,STIMULATE_SLOW_MOVING
800768,501030,20260418,2041000000,1939000000,-5.0,STIMULATE_SLOW_MOVING
800769,501031,20260301,3245000000,3180000000,-2.0,STIMULATE_SLOW_MOVING
800770,501032,20260130,5050000000,4949000000,-2.0,STIMULATE_SLOW_MOVING
800771,501033,20251031,3815000000,3624000000,-5.01,STIMULATE_SLOW_MOVING
800772,501034,20260201,3239000000,3142000000,-2.99,STIMULATE_SLOW_MOVING
800773,501035,20260113,4203000000,4077000000,-3.0,STIMULATE_SLOW_MOVING
800774,501037,20250710,3634000000,3561000000,-2.01,STIMULATE_SLOW_MOVING
800775,501038,20260206,5010000000,4659000000,-7.01,STIMULATE_SLOW_MOVING
800776,501039,20260109,1889000000,1851000000,-2.01,STIMULATE_SLOW_MOVING
800777,501041,20251128,4770000000,4675000000,-1.99,STIMULATE_SLOW_MOVING
800778,501043,20250613,3396000000,3294000000,-3.0,STIMULATE_SLOW_MOVING
800779,501044,20260504,4295000000,4080000000,-5.01,STIMULATE_SLOW_MOVING
800780,501045,20260222,2871000000,2727000000,-5.02,STIMULATE_SLOW_MOVING
800781,501046,20260302,2427000000,2476000000,2.02,CAMPAIGN
800782,501047,20260628,3135000000,3041000000,-3.0,STIMULATE_SLOW_MOVING
800783,501048,20260428,4989000000,4889000000,-2.0,STIMULATE_SLOW_MOVING
800784,501050,20251030,2071000000,2112000000,1.98,CAMPAIGN
800785,501052,20251006,3045000000,3136000000,2.99,CAMPAIGN
800786,501057,20251207,3843000000,3574000000,-7.0,STIMULATE_SLOW_MOVING
800787,501058,20251125,2616000000,2485000000,-5.01,STIMULATE_SLOW_MOVING
800788,501059,20260331,2908000000,2821000000,-2.99,STIMULATE_SLOW_MOVING
800789,501061,20250810,1672000000,1622000000,-2.99,STIMULATE_SLOW_MOVING
800790,501063,20250713,3320000000,3154000000,-5.0,STIMULATE_SLOW_MOVING
800791,501065,20260608,3911000000,3637000000,-7.01,STIMULATE_SLOW_MOVING
800792,501066,20260103,2787000000,2648000000,-4.99,STIMULATE_SLOW_MOVING
800793,501067,20260323,3396000000,3226000000,-5.01,STIMULATE_SLOW_MOVING
800794,501068,20251005,3396000000,3294000000,-3.0,STIMULATE_SLOW_MOVING
800795,501071,20260419,2804000000,2748000000,-2.0,STIMULATE_SLOW_MOVING
800796,501072,20251207,3513000000,3408000000,-2.99,STIMULATE_SLOW_MOVING
800797,501074,20260520,5402000000,5132000000,-5.0,STIMULATE_SLOW_MOVING
800798,501075,20260409,4768000000,4530000000,-4.99,STIMULATE_SLOW_MOVING
800799,501076,20260416,3590000000,3339000000,-6.99,STIMULATE_SLOW_MOVING
800800,501077,20260626,3442000000,3373000000,-2.0,STIMULATE_SLOW_MOVING
800801,501080,20251017,4345000000,4258000000,-2.0,STIMULATE_SLOW_MOVING
800802,501082,20260203,1738000000,1686000000,-2.99,STIMULATE_SLOW_MOVING
800803,501083,20251207,3889000000,3695000000,-4.99,STIMULATE_SLOW_MOVING
800804,501084,20260406,3006000000,2916000000,-2.99,STIMULATE_SLOW_MOVING
800805,501085,20260306,2786000000,2870000000,3.02,CAMPAIGN
800806,501087,20251218,2354000000,2307000000,-2.0,STIMULATE_SLOW_MOVING
800807,501089,20260623,1936000000,1878000000,-3.0,STIMULATE_SLOW_MOVING
800808,501090,20260428,4442000000,4220000000,-5.0,STIMULATE_SLOW_MOVING
800809,501091,20250825,5292000000,5027000000,-5.01,STIMULATE_SLOW_MOVING
800810,501092,20260115,4210000000,4084000000,-2.99,STIMULATE_SLOW_MOVING
800811,501093,20260411,3857000000,3664000000,-5.0,STIMULATE_SLOW_MOVING
800812,501094,20260508,2961000000,2813000000,-5.0,STIMULATE_SLOW_MOVING
800813,501096,20250915,3425000000,3322000000,-3.01,STIMULATE_SLOW_MOVING
800814,501098,20260609,4419000000,4286000000,-3.01,STIMULATE_SLOW_MOVING
800815,501099,20260425,3537000000,3431000000,-3.0,STIMULATE_SLOW_MOVING
800816,501100,20251208,2655000000,2575000000,-3.01,STIMULATE_SLOW_MOVING
800817,501102,20260320,3696000000,3585000000,-3.0,STIMULATE_SLOW_MOVING
800818,501103,20260324,4529000000,4303000000,-4.99,STIMULATE_SLOW_MOVING
800819,501104,20260502,2019000000,1958000000,-3.02,STIMULATE_SLOW_MOVING
800820,501105,20260425,2133000000,2069000000,-3.0,STIMULATE_SLOW_MOVING
800821,501106,20260225,2896000000,2954000000,2.0,CAMPAIGN
800822,501108,20260521,2211000000,2100000000,-5.02,STIMULATE_SLOW_MOVING
800823,501109,20260306,2157000000,2049000000,-5.01,STIMULATE_SLOW_MOVING
800824,501111,20251208,1793000000,1847000000,3.01,CAMPAIGN
800825,501112,20260301,2484000000,2559000000,3.02,CAMPAIGN
800826,501113,20260525,3033000000,2942000000,-3.0,STIMULATE_SLOW_MOVING
800827,501115,20251028,1604000000,1556000000,-2.99,STIMULATE_SLOW_MOVING
800828,501116,20260414,3876000000,3760000000,-2.99,STIMULATE_SLOW_MOVING
800829,501117,20251130,2002000000,1902000000,-5.0,STIMULATE_SLOW_MOVING
800830,501118,20260324,3019000000,2928000000,-3.01,STIMULATE_SLOW_MOVING
800831,501119,20260223,4087000000,3964000000,-3.01,STIMULATE_SLOW_MOVING
800832,501120,20260508,2894000000,2749000000,-5.01,STIMULATE_SLOW_MOVING
800833,501121,20260205,3449000000,3208000000,-6.99,STIMULATE_SLOW_MOVING
800834,501123,20260402,3736000000,3549000000,-5.01,STIMULATE_SLOW_MOVING
800835,501124,20260311,4681000000,4541000000,-2.99,STIMULATE_SLOW_MOVING
800836,501125,20260123,3100000000,3007000000,-3.0,STIMULATE_SLOW_MOVING
800837,501127,20260610,2646000000,2461000000,-6.99,STIMULATE_SLOW_MOVING
800838,501128,20260626,3651000000,3468000000,-5.01,STIMULATE_SLOW_MOVING
800839,501129,20260611,3574000000,3395000000,-5.01,STIMULATE_SLOW_MOVING
800840,501130,20260626,2797000000,2657000000,-5.01,STIMULATE_SLOW_MOVING
800841,501131,20260521,2818000000,2677000000,-5.0,STIMULATE_SLOW_MOVING
800842,501132,20250731,3568000000,3461000000,-3.0,STIMULATE_SLOW_MOVING
800843,501133,20260509,4418000000,4551000000,3.01,CAMPAIGN
800844,501134,20260110,3158000000,3000000000,-5.0,STIMULATE_SLOW_MOVING
800845,501135,20260427,2085000000,2022000000,-3.02,STIMULATE_SLOW_MOVING
800846,501138,20250814,2466000000,2343000000,-4.99,STIMULATE_SLOW_MOVING
800847,501140,20251006,2731000000,2594000000,-5.02,STIMULATE_SLOW_MOVING
800848,501141,20260426,2193000000,2083000000,-5.02,STIMULATE_SLOW_MOVING
800849,501142,20260131,3296000000,3230000000,-2.0,STIMULATE_SLOW_MOVING
800850,501149,20260124,2633000000,2686000000,2.01,CAMPAIGN
800851,501150,20251203,1720000000,1754000000,1.98,CAMPAIGN
800852,501151,20250503,4033000000,3751000000,-6.99,STIMULATE_SLOW_MOVING
800853,501152,20260326,3679000000,3495000000,-5.0,STIMULATE_SLOW_MOVING
800854,501153,20260426,2662000000,2476000000,-6.99,STIMULATE_SLOW_MOVING
800855,501155,20260606,3721000000,3609000000,-3.01,STIMULATE_SLOW_MOVING
800856,501156,20260522,2835000000,2693000000,-5.01,STIMULATE_SLOW_MOVING
800857,501157,20260604,3310000000,3078000000,-7.01,STIMULATE_SLOW_MOVING
800858,501158,20260430,1712000000,1661000000,-2.98,STIMULATE_SLOW_MOVING
800859,501161,20260203,2699000000,2564000000,-5.0,STIMULATE_SLOW_MOVING
800860,501162,20260617,3642000000,3460000000,-5.0,STIMULATE_SLOW_MOVING
800861,501163,20260523,3426000000,3255000000,-4.99,STIMULATE_SLOW_MOVING
800862,501165,20250428,2940000000,3028000000,2.99,CAMPAIGN
800863,501166,20260618,2924000000,2836000000,-3.01,STIMULATE_SLOW_MOVING
800864,501167,20260113,3157000000,2999000000,-5.0,STIMULATE_SLOW_MOVING
800865,501169,20260612,2216000000,2172000000,-1.99,STIMULATE_SLOW_MOVING
800866,501170,20251002,3634000000,3707000000,2.01,CAMPAIGN
800867,501171,20251113,5636000000,5467000000,-3.0,STIMULATE_SLOW_MOVING
800868,501172,20260623,3195000000,3035000000,-5.01,STIMULATE_SLOW_MOVING
800869,501173,20251221,4761000000,4428000000,-6.99,STIMULATE_SLOW_MOVING
800870,501174,20260530,3097000000,2880000000,-7.01,STIMULATE_SLOW_MOVING
800871,501176,20260625,3032000000,3123000000,3.0,CAMPAIGN
800872,501177,20260305,4240000000,4113000000,-3.0,STIMULATE_SLOW_MOVING
800873,501178,20260330,2563000000,2486000000,-3.0,STIMULATE_SLOW_MOVING
800874,501180,20260331,2063000000,2001000000,-3.01,STIMULATE_SLOW_MOVING
800875,501182,20260127,2085000000,2043000000,-2.01,STIMULATE_SLOW_MOVING
800876,501183,20260612,4631000000,4399000000,-5.01,STIMULATE_SLOW_MOVING
800877,501184,20251221,3782000000,3593000000,-5.0,STIMULATE_SLOW_MOVING
800878,501185,20260107,3018000000,3109000000,3.02,CAMPAIGN
800879,501186,20260417,2029000000,2070000000,2.02,CAMPAIGN
800880,501187,20260517,1525000000,1571000000,3.02,CAMPAIGN
800881,501188,20260323,2268000000,2313000000,1.98,CAMPAIGN
800882,501189,20260402,3339000000,3239000000,-2.99,STIMULATE_SLOW_MOVING
800883,501191,20251001,2392000000,2320000000,-3.01,STIMULATE_SLOW_MOVING
800884,501192,20260304,2769000000,2714000000,-1.99,STIMULATE_SLOW_MOVING
800885,501193,20251223,3589000000,3481000000,-3.01,STIMULATE_SLOW_MOVING
800886,501194,20251211,3918000000,3644000000,-6.99,STIMULATE_SLOW_MOVING
800887,501195,20251207,4294000000,4165000000,-3.0,STIMULATE_SLOW_MOVING
800888,501196,20251225,2300000000,2369000000,3.0,CAMPAIGN
800889,501197,20260507,2959000000,2811000000,-5.0,STIMULATE_SLOW_MOVING
800890,501198,20251019,4565000000,4337000000,-4.99,STIMULATE_SLOW_MOVING
800891,501199,20260320,3913000000,3639000000,-7.0,STIMULATE_SLOW_MOVING
800892,501200,20260118,3988000000,3789000000,-4.99,STIMULATE_SLOW_MOVING
800893,501201,20250818,3215000000,3054000000,-5.01,STIMULATE_SLOW_MOVING
800894,501202,20260210,2502000000,2427000000,-3.0,STIMULATE_SLOW_MOVING
800895,501203,20260209,4899000000,4556000000,-7.0,STIMULATE_SLOW_MOVING
800896,501204,20260328,4599000000,4369000000,-5.0,STIMULATE_SLOW_MOVING
800897,501205,20260303,1731000000,1610000000,-6.99,STIMULATE_SLOW_MOVING
800898,501206,20250523,3348000000,3181000000,-4.99,STIMULATE_SLOW_MOVING
800899,501207,20250728,2221000000,2177000000,-1.98,STIMULATE_SLOW_MOVING
800900,501208,20260520,3024000000,2964000000,-1.98,STIMULATE_SLOW_MOVING
800901,501209,20260531,2467000000,2418000000,-1.99,STIMULATE_SLOW_MOVING
800902,501210,20260621,2343000000,2296000000,-2.01,STIMULATE_SLOW_MOVING
800903,501211,20251103,3102000000,2947000000,-5.0,STIMULATE_SLOW_MOVING
800904,501213,20260426,3462000000,3220000000,-6.99,STIMULATE_SLOW_MOVING
800905,501216,20260614,3900000000,3627000000,-7.0,STIMULATE_SLOW_MOVING
800906,501218,20260308,3298000000,3364000000,2.0,CAMPAIGN
800907,501219,20260628,3948000000,3869000000,-2.0,STIMULATE_SLOW_MOVING
800908,501220,20260624,2638000000,2691000000,2.01,CAMPAIGN
800909,501221,20260219,2805000000,2889000000,2.99,CAMPAIGN
800910,501222,20260419,2919000000,2831000000,-3.01,STIMULATE_SLOW_MOVING
800911,501223,20260601,2273000000,2205000000,-2.99,STIMULATE_SLOW_MOVING
800912,501224,20260302,3169000000,3074000000,-3.0,STIMULATE_SLOW_MOVING
800913,501225,20260507,3275000000,3111000000,-5.01,STIMULATE_SLOW_MOVING
800914,501227,20260120,3996000000,3876000000,-3.0,STIMULATE_SLOW_MOVING
800915,501228,20250828,4147000000,4064000000,-2.0,STIMULATE_SLOW_MOVING
800916,501230,20260609,3097000000,3159000000,2.0,CAMPAIGN
800917,501231,20260517,4953000000,4705000000,-5.01,STIMULATE_SLOW_MOVING
800918,501232,20251025,2680000000,2546000000,-5.0,STIMULATE_SLOW_MOVING
800919,501235,20260607,2384000000,2312000000,-3.02,STIMULATE_SLOW_MOVING
800920,501237,20251104,3278000000,3114000000,-5.0,STIMULATE_SLOW_MOVING
800921,501238,20260617,2687000000,2553000000,-4.99,STIMULATE_SLOW_MOVING
800922,501242,20260523,3999000000,3719000000,-7.0,STIMULATE_SLOW_MOVING
800923,501243,20260311,3196000000,3036000000,-5.01,STIMULATE_SLOW_MOVING
800924,501244,20260524,3797000000,3721000000,-2.0,STIMULATE_SLOW_MOVING
800925,501245,20260414,2122000000,2080000000,-1.98,STIMULATE_SLOW_MOVING
800926,501246,20260113,2722000000,2668000000,-1.98,STIMULATE_SLOW_MOVING
800927,501248,20250811,3255000000,3157000000,-3.01,STIMULATE_SLOW_MOVING
800928,501249,20250608,3275000000,3046000000,-6.99,STIMULATE_SLOW_MOVING
800929,501250,20260503,4365000000,4278000000,-1.99,STIMULATE_SLOW_MOVING
800930,501251,20250709,3238000000,3141000000,-3.0,STIMULATE_SLOW_MOVING
800931,501252,20260116,2555000000,2606000000,2.0,CAMPAIGN
800932,501255,20260607,3834000000,3719000000,-3.0,STIMULATE_SLOW_MOVING
800933,501256,20260414,4973000000,4824000000,-3.0,STIMULATE_SLOW_MOVING
800934,501257,20251016,1716000000,1682000000,-1.98,STIMULATE_SLOW_MOVING
800935,501258,20251120,4992000000,4842000000,-3.0,STIMULATE_SLOW_MOVING
800936,501259,20260131,1762000000,1709000000,-3.01,STIMULATE_SLOW_MOVING
800937,501260,20251113,1941000000,1902000000,-2.01,STIMULATE_SLOW_MOVING
800938,501261,20260628,2090000000,2027000000,-3.01,STIMULATE_SLOW_MOVING
800939,501263,20260531,3775000000,3851000000,2.01,CAMPAIGN
800940,501264,20251214,5053000000,5154000000,2.0,CAMPAIGN
800941,501265,20260505,1682000000,1598000000,-4.99,STIMULATE_SLOW_MOVING
800942,501267,20260125,2769000000,2686000000,-3.0,STIMULATE_SLOW_MOVING
800943,501268,20251112,2119000000,2055000000,-3.02,STIMULATE_SLOW_MOVING
800944,501269,20260402,3241000000,3306000000,2.01,CAMPAIGN
800945,501270,20250907,3261000000,3033000000,-6.99,STIMULATE_SLOW_MOVING
800946,501271,20260628,2686000000,2498000000,-7.0,STIMULATE_SLOW_MOVING
800947,501272,20250522,2513000000,2387000000,-5.01,STIMULATE_SLOW_MOVING
800948,501273,20250925,5682000000,5284000000,-7.0,STIMULATE_SLOW_MOVING
800949,501274,20260118,2628000000,2575000000,-2.02,STIMULATE_SLOW_MOVING
800950,501276,20251226,3040000000,2949000000,-2.99,STIMULATE_SLOW_MOVING
800951,501277,20260107,2713000000,2632000000,-2.99,STIMULATE_SLOW_MOVING
800952,501278,20251126,2953000000,2805000000,-5.01,STIMULATE_SLOW_MOVING
800953,501279,20251201,5592000000,5424000000,-3.0,STIMULATE_SLOW_MOVING
800954,501280,20260103,2843000000,2900000000,2.0,CAMPAIGN
800955,501282,20260410,2745000000,2608000000,-4.99,STIMULATE_SLOW_MOVING
800956,501283,20251122,5529000000,5363000000,-3.0,STIMULATE_SLOW_MOVING
800957,501284,20251005,3325000000,3225000000,-3.01,STIMULATE_SLOW_MOVING
800958,501285,20251001,2874000000,2730000000,-5.01,STIMULATE_SLOW_MOVING
800959,501286,20260606,2926000000,2867000000,-2.02,STIMULATE_SLOW_MOVING
800960,501288,20260502,1945000000,1887000000,-2.98,STIMULATE_SLOW_MOVING
800961,501290,20260621,3615000000,3434000000,-5.01,STIMULATE_SLOW_MOVING
800962,501291,20250412,3285000000,3219000000,-2.01,STIMULATE_SLOW_MOVING
800963,501292,20260109,3826000000,3711000000,-3.01,STIMULATE_SLOW_MOVING
800964,501294,20250922,2523000000,2447000000,-3.01,STIMULATE_SLOW_MOVING
800965,501295,20260203,5143000000,4886000000,-5.0,STIMULATE_SLOW_MOVING
800966,501296,20251002,2819000000,2622000000,-6.99,STIMULATE_SLOW_MOVING
800967,501297,20260215,3535000000,3429000000,-3.0,STIMULATE_SLOW_MOVING
800968,501298,20260330,2939000000,2792000000,-5.0,STIMULATE_SLOW_MOVING
800969,501299,20260125,3273000000,3175000000,-2.99,STIMULATE_SLOW_MOVING
800970,501300,20260214,1997000000,1857000000,-7.01,STIMULATE_SLOW_MOVING
800971,501301,20260530,4171000000,4046000000,-3.0,STIMULATE_SLOW_MOVING
800972,501302,20260418,5314000000,4942000000,-7.0,STIMULATE_SLOW_MOVING
800973,501303,20260111,4305000000,4004000000,-6.99,STIMULATE_SLOW_MOVING
800974,501304,20260506,2784000000,2645000000,-4.99,STIMULATE_SLOW_MOVING
800975,501306,20260504,6060000000,5636000000,-7.0,STIMULATE_SLOW_MOVING
800976,501307,20260426,3193000000,3033000000,-5.01,STIMULATE_SLOW_MOVING
800977,501308,20250924,4265000000,3966000000,-7.01,STIMULATE_SLOW_MOVING
800978,501309,20260521,3835000000,3720000000,-3.0,STIMULATE_SLOW_MOVING
800979,501311,20260504,3273000000,3109000000,-5.01,STIMULATE_SLOW_MOVING
800980,501312,20260505,3435000000,3366000000,-2.01,STIMULATE_SLOW_MOVING
800981,501313,20251123,2909000000,2851000000,-1.99,STIMULATE_SLOW_MOVING
800982,501314,20260311,3106000000,3013000000,-2.99,STIMULATE_SLOW_MOVING
800983,501315,20260414,5361000000,5093000000,-5.0,STIMULATE_SLOW_MOVING
800984,501317,20260328,3935000000,3660000000,-6.99,STIMULATE_SLOW_MOVING
800985,501318,20260220,2984000000,2894000000,-3.02,STIMULATE_SLOW_MOVING
800986,501319,20260627,5418000000,5255000000,-3.01,STIMULATE_SLOW_MOVING
800987,501320,20260503,3926000000,3651000000,-7.0,STIMULATE_SLOW_MOVING
800988,501321,20260123,2101000000,2038000000,-3.0,STIMULATE_SLOW_MOVING
800989,501322,20251024,2120000000,2078000000,-1.98,STIMULATE_SLOW_MOVING
800990,501323,20260403,3077000000,2923000000,-5.0,STIMULATE_SLOW_MOVING
800991,501324,20251106,3438000000,3369000000,-2.01,STIMULATE_SLOW_MOVING
800992,501326,20260619,3428000000,3257000000,-4.99,STIMULATE_SLOW_MOVING
800993,501327,20260218,4464000000,4330000000,-3.0,STIMULATE_SLOW_MOVING
800994,501328,20251007,3185000000,3026000000,-4.99,STIMULATE_SLOW_MOVING
800995,501330,20260502,4072000000,3950000000,-3.0,STIMULATE_SLOW_MOVING
800996,501331,20260131,2820000000,2735000000,-3.01,STIMULATE_SLOW_MOVING
800997,501333,20260415,3825000000,3710000000,-3.01,STIMULATE_SLOW_MOVING
800998,501335,20251015,2370000000,2323000000,-1.98,STIMULATE_SLOW_MOVING
800999,501336,20250705,4478000000,4344000000,-2.99,STIMULATE_SLOW_MOVING
801000,501337,20251204,3188000000,3029000000,-4.99,STIMULATE_SLOW_MOVING
801001,501338,20260412,3998000000,4078000000,2.0,CAMPAIGN
801002,501339,20251004,2725000000,2534000000,-7.01,STIMULATE_SLOW_MOVING
801003,501340,20260403,1675000000,1591000000,-5.01,STIMULATE_SLOW_MOVING
801004,501341,20260613,3821000000,3630000000,-5.0,STIMULATE_SLOW_MOVING
801005,501342,20250602,3031000000,2970000000,-2.01,STIMULATE_SLOW_MOVING
801006,501343,20250916,3345000000,3178000000,-4.99,STIMULATE_SLOW_MOVING
801007,501344,20260320,4158000000,4033000000,-3.01,STIMULATE_SLOW_MOVING
801008,501345,20251225,4626000000,4395000000,-4.99,STIMULATE_SLOW_MOVING
801009,501346,20251123,3234000000,3137000000,-3.0,STIMULATE_SLOW_MOVING
801010,501348,20260129,2955000000,2807000000,-5.01,STIMULATE_SLOW_MOVING
801011,501349,20260402,3294000000,3129000000,-5.01,STIMULATE_SLOW_MOVING
801012,501350,20260417,3219000000,2994000000,-6.99,STIMULATE_SLOW_MOVING
801013,501351,20260304,3166000000,3103000000,-1.99,STIMULATE_SLOW_MOVING
801014,501355,20260402,3619000000,3510000000,-3.01,STIMULATE_SLOW_MOVING
801015,501356,20251224,2855000000,2712000000,-5.01,STIMULATE_SLOW_MOVING
801016,501357,20260107,3246000000,3149000000,-2.99,STIMULATE_SLOW_MOVING
801017,501359,20260417,2490000000,2415000000,-3.01,STIMULATE_SLOW_MOVING
801018,501361,20260212,3095000000,3002000000,-3.0,STIMULATE_SLOW_MOVING
801019,501362,20260101,2986000000,3076000000,3.01,CAMPAIGN
801020,501363,20260425,1937000000,1879000000,-2.99,STIMULATE_SLOW_MOVING
801021,501364,20260109,3224000000,3063000000,-4.99,STIMULATE_SLOW_MOVING
801022,501366,20260227,2968000000,2879000000,-3.0,STIMULATE_SLOW_MOVING
801023,501368,20260309,2495000000,2545000000,2.0,CAMPAIGN
801024,501370,20260623,1955000000,1994000000,1.99,CAMPAIGN
801025,501371,20260101,2443000000,2321000000,-4.99,STIMULATE_SLOW_MOVING
801026,501373,20260131,2918000000,2772000000,-5.0,STIMULATE_SLOW_MOVING
801027,501374,20260217,3605000000,3497000000,-3.0,STIMULATE_SLOW_MOVING
801028,501375,20260430,2594000000,2412000000,-7.02,STIMULATE_SLOW_MOVING
801029,501376,20260115,4158000000,4075000000,-2.0,STIMULATE_SLOW_MOVING
801030,501377,20251218,3531000000,3354000000,-5.01,STIMULATE_SLOW_MOVING
801031,501378,20260413,4006000000,3926000000,-2.0,STIMULATE_SLOW_MOVING
801032,501380,20260515,3132000000,3038000000,-3.0,STIMULATE_SLOW_MOVING
801033,501381,20251023,2940000000,2881000000,-2.01,STIMULATE_SLOW_MOVING
801034,501382,20260426,4137000000,4054000000,-2.01,STIMULATE_SLOW_MOVING
801035,501383,20260227,2393000000,2321000000,-3.01,STIMULATE_SLOW_MOVING
801036,501385,20251208,3484000000,3310000000,-4.99,STIMULATE_SLOW_MOVING
801037,501387,20260619,1819000000,1728000000,-5.0,STIMULATE_SLOW_MOVING
801038,501388,20260402,3599000000,3491000000,-3.0,STIMULATE_SLOW_MOVING
801039,501389,20260617,3260000000,3032000000,-6.99,STIMULATE_SLOW_MOVING
801040,501391,20260516,1849000000,1757000000,-4.98,STIMULATE_SLOW_MOVING
801041,501392,20260624,4029000000,3908000000,-3.0,STIMULATE_SLOW_MOVING
801042,501393,20260301,5629000000,5348000000,-4.99,STIMULATE_SLOW_MOVING
801043,501394,20260525,2641000000,2694000000,2.01,CAMPAIGN
801044,501395,20250620,2453000000,2281000000,-7.01,STIMULATE_SLOW_MOVING
801045,501396,20251214,3667000000,3484000000,-4.99,STIMULATE_SLOW_MOVING
801046,501399,20260510,2441000000,2270000000,-7.01,STIMULATE_SLOW_MOVING
801047,501400,20250719,2759000000,2621000000,-5.0,STIMULATE_SLOW_MOVING
801048,501401,20260310,4408000000,4188000000,-4.99,STIMULATE_SLOW_MOVING
801049,501402,20260408,4387000000,4255000000,-3.01,STIMULATE_SLOW_MOVING
801050,501403,20260404,3958000000,3879000000,-2.0,STIMULATE_SLOW_MOVING
801051,501407,20260413,2945000000,2886000000,-2.0,STIMULATE_SLOW_MOVING
801052,501409,20260212,3307000000,3373000000,2.0,CAMPAIGN
801053,501411,20260306,2877000000,2791000000,-2.99,STIMULATE_SLOW_MOVING
801054,501412,20260108,4272000000,4144000000,-3.0,STIMULATE_SLOW_MOVING
801055,501413,20260316,4194000000,4110000000,-2.0,STIMULATE_SLOW_MOVING
801056,501415,20260504,2113000000,2071000000,-1.99,STIMULATE_SLOW_MOVING
801057,501416,20260621,3800000000,3724000000,-2.0,STIMULATE_SLOW_MOVING
801058,501417,20250611,3103000000,3041000000,-2.0,STIMULATE_SLOW_MOVING
801059,501419,20260331,3693000000,3582000000,-3.01,STIMULATE_SLOW_MOVING
801060,501420,20260603,3743000000,3481000000,-7.0,STIMULATE_SLOW_MOVING
801061,501421,20260412,4500000000,4185000000,-7.0,STIMULATE_SLOW_MOVING
801062,501422,20250502,2168000000,2103000000,-3.0,STIMULATE_SLOW_MOVING
801063,501423,20251004,4917000000,4819000000,-1.99,STIMULATE_SLOW_MOVING
801064,501424,20260531,1795000000,1759000000,-2.01,STIMULATE_SLOW_MOVING
801065,501425,20260329,3090000000,2874000000,-6.99,STIMULATE_SLOW_MOVING
801066,501426,20251101,3055000000,2963000000,-3.01,STIMULATE_SLOW_MOVING
801067,501427,20250929,5403000000,5133000000,-5.0,STIMULATE_SLOW_MOVING
801068,501428,20260617,5337000000,5177000000,-3.0,STIMULATE_SLOW_MOVING
801069,501429,20250911,2715000000,2525000000,-7.0,STIMULATE_SLOW_MOVING
801070,501430,20260504,2711000000,2521000000,-7.01,STIMULATE_SLOW_MOVING
801071,501431,20260401,2202000000,2092000000,-5.0,STIMULATE_SLOW_MOVING
801072,501432,20260608,3562000000,3313000000,-6.99,STIMULATE_SLOW_MOVING
801073,501433,20260310,1511000000,1466000000,-2.98,STIMULATE_SLOW_MOVING
801074,501434,20260520,4166000000,3874000000,-7.01,STIMULATE_SLOW_MOVING
801075,501435,20260208,3132000000,3038000000,-3.0,STIMULATE_SLOW_MOVING
801076,501436,20260523,2056000000,1912000000,-7.0,STIMULATE_SLOW_MOVING
801077,501437,20260329,4070000000,3948000000,-3.0,STIMULATE_SLOW_MOVING
801078,501438,20251126,2915000000,2769000000,-5.01,STIMULATE_SLOW_MOVING
801079,501439,20251221,5438000000,5057000000,-7.01,STIMULATE_SLOW_MOVING
801080,501441,20260219,2734000000,2597000000,-5.01,STIMULATE_SLOW_MOVING
801081,501443,20250816,2467000000,2418000000,-1.99,STIMULATE_SLOW_MOVING
801082,501444,20260517,2009000000,1909000000,-4.98,STIMULATE_SLOW_MOVING
801083,501445,20251113,2700000000,2646000000,-2.0,STIMULATE_SLOW_MOVING
801084,501446,20260410,3148000000,2991000000,-4.99,STIMULATE_SLOW_MOVING
801085,501447,20260315,3079000000,3017000000,-2.01,STIMULATE_SLOW_MOVING
801086,501452,20251230,3939000000,3821000000,-3.0,STIMULATE_SLOW_MOVING
801087,501453,20260225,4496000000,4406000000,-2.0,STIMULATE_SLOW_MOVING
801088,501454,20250613,2622000000,2491000000,-5.0,STIMULATE_SLOW_MOVING
801089,501455,20260429,3922000000,3726000000,-5.0,STIMULATE_SLOW_MOVING
801090,501456,20260423,5043000000,4892000000,-2.99,STIMULATE_SLOW_MOVING
801091,501457,20260325,4601000000,4463000000,-3.0,STIMULATE_SLOW_MOVING
801092,501462,20250826,1778000000,1725000000,-2.98,STIMULATE_SLOW_MOVING
801093,501463,20260624,2625000000,2677000000,1.98,CAMPAIGN
801094,501465,20260317,4767000000,4672000000,-1.99,STIMULATE_SLOW_MOVING
801095,501469,20260311,3461000000,3288000000,-5.0,STIMULATE_SLOW_MOVING
801096,501470,20260412,2555000000,2478000000,-3.01,STIMULATE_SLOW_MOVING
801097,501474,20260426,2890000000,2803000000,-3.01,STIMULATE_SLOW_MOVING
801098,501476,20250731,2279000000,2325000000,2.02,CAMPAIGN
801099,501477,20260324,3435000000,3332000000,-3.0,STIMULATE_SLOW_MOVING
801100,501478,20250906,5310000000,5416000000,2.0,CAMPAIGN
801101,501479,20260519,3194000000,3034000000,-5.01,STIMULATE_SLOW_MOVING
801102,501480,20260414,3225000000,3289000000,1.98,CAMPAIGN
801103,501482,20260520,2301000000,2186000000,-5.0,STIMULATE_SLOW_MOVING
801104,501484,20260406,3486000000,3312000000,-4.99,STIMULATE_SLOW_MOVING
801105,501485,20260626,2714000000,2524000000,-7.0,STIMULATE_SLOW_MOVING
801106,501486,20260207,3625000000,3444000000,-4.99,STIMULATE_SLOW_MOVING
801107,501487,20260313,4829000000,4588000000,-4.99,STIMULATE_SLOW_MOVING
801108,501488,20250527,1991000000,1931000000,-3.01,STIMULATE_SLOW_MOVING
801109,501489,20260529,3387000000,3150000000,-7.0,STIMULATE_SLOW_MOVING
801110,501491,20260403,2302000000,2348000000,2.0,CAMPAIGN
801111,501492,20250712,3010000000,3070000000,1.99,CAMPAIGN
801112,501493,20250606,3132000000,3038000000,-3.0,STIMULATE_SLOW_MOVING
801113,501495,20260419,3135000000,3229000000,3.0,CAMPAIGN
801114,501496,20250411,2576000000,2499000000,-2.99,STIMULATE_SLOW_MOVING
801115,501497,20260510,2296000000,2181000000,-5.01,STIMULATE_SLOW_MOVING
801116,501499,20251107,2641000000,2588000000,-2.01,STIMULATE_SLOW_MOVING
801117,501500,20260410,3753000000,3565000000,-5.01,STIMULATE_SLOW_MOVING
801118,501501,20260506,3903000000,3825000000,-2.0,STIMULATE_SLOW_MOVING
801119,501502,20260623,3010000000,2920000000,-2.99,STIMULATE_SLOW_MOVING
801120,501503,20260214,2049000000,1988000000,-2.98,STIMULATE_SLOW_MOVING
801121,501504,20260131,2253000000,2185000000,-3.02,STIMULATE_SLOW_MOVING
801122,501505,20260320,4767000000,4672000000,-1.99,STIMULATE_SLOW_MOVING
801123,501511,20260326,3388000000,3219000000,-4.99,STIMULATE_SLOW_MOVING
801124,501512,20260503,4155000000,4030000000,-3.01,STIMULATE_SLOW_MOVING
801125,501513,20251026,3158000000,3063000000,-3.01,STIMULATE_SLOW_MOVING
801126,501514,20251210,2574000000,2497000000,-2.99,STIMULATE_SLOW_MOVING
801127,501515,20260227,1766000000,1819000000,3.0,CAMPAIGN
801128,501516,20251223,4225000000,4352000000,3.01,CAMPAIGN
801129,501518,20260122,1752000000,1699000000,-3.03,STIMULATE_SLOW_MOVING
801130,501524,20251227,3626000000,3553000000,-2.01,STIMULATE_SLOW_MOVING
801131,501525,20260610,1969000000,1831000000,-7.01,STIMULATE_SLOW_MOVING
801132,501526,20250616,4263000000,3965000000,-6.99,STIMULATE_SLOW_MOVING
801133,501528,20260415,4997000000,4647000000,-7.0,STIMULATE_SLOW_MOVING
801134,501531,20260616,2217000000,2284000000,3.02,CAMPAIGN
801135,501532,20260523,3292000000,3193000000,-3.01,STIMULATE_SLOW_MOVING
801136,501533,20251209,2974000000,2825000000,-5.01,STIMULATE_SLOW_MOVING
801137,501535,20251211,4229000000,3933000000,-7.0,STIMULATE_SLOW_MOVING
801138,501536,20250602,4244000000,4032000000,-5.0,STIMULATE_SLOW_MOVING
801139,501537,20260202,3651000000,3724000000,2.0,CAMPAIGN
801140,501539,20260319,3375000000,3206000000,-5.01,STIMULATE_SLOW_MOVING
801141,501540,20250623,2645000000,2566000000,-2.99,STIMULATE_SLOW_MOVING
801142,501541,20260620,2495000000,2545000000,2.0,CAMPAIGN
801143,501542,20260429,3153000000,3090000000,-2.0,STIMULATE_SLOW_MOVING
801144,501543,20251206,1713000000,1679000000,-1.98,STIMULATE_SLOW_MOVING
801145,501545,20260221,2311000000,2265000000,-1.99,STIMULATE_SLOW_MOVING
801146,501550,20250820,3553000000,3304000000,-7.01,STIMULATE_SLOW_MOVING
801147,501551,20260302,2897000000,2810000000,-3.0,STIMULATE_SLOW_MOVING
801148,501552,20260411,2008000000,1968000000,-1.99,STIMULATE_SLOW_MOVING
801149,501553,20260312,2966000000,2877000000,-3.0,STIMULATE_SLOW_MOVING
801150,501554,20260424,3614000000,3506000000,-2.99,STIMULATE_SLOW_MOVING
801151,501555,20250813,2227000000,2182000000,-2.02,STIMULATE_SLOW_MOVING
801152,501556,20251215,3166000000,2944000000,-7.01,STIMULATE_SLOW_MOVING
801153,501557,20250812,3041000000,3102000000,2.01,CAMPAIGN
801154,501558,20260625,2759000000,2814000000,1.99,CAMPAIGN
801155,501559,20250520,4424000000,4203000000,-5.0,STIMULATE_SLOW_MOVING
801156,501561,20260408,3723000000,3537000000,-5.0,STIMULATE_SLOW_MOVING
801157,501562,20260428,3677000000,3567000000,-2.99,STIMULATE_SLOW_MOVING
801158,501564,20260616,3065000000,2912000000,-4.99,STIMULATE_SLOW_MOVING
801159,501565,20250902,2382000000,2311000000,-2.98,STIMULATE_SLOW_MOVING
801160,501566,20260501,5157000000,5002000000,-3.01,STIMULATE_SLOW_MOVING
801161,501567,20260519,2495000000,2320000000,-7.01,STIMULATE_SLOW_MOVING
801162,501568,20260130,4264000000,4051000000,-5.0,STIMULATE_SLOW_MOVING
801163,501570,20260427,2976000000,2827000000,-5.01,STIMULATE_SLOW_MOVING
801164,501573,20250811,3444000000,3272000000,-4.99,STIMULATE_SLOW_MOVING
801165,501574,20260329,4189000000,3980000000,-4.99,STIMULATE_SLOW_MOVING
801166,501575,20260427,2802000000,2662000000,-5.0,STIMULATE_SLOW_MOVING
801167,501576,20250702,2786000000,2702000000,-3.02,STIMULATE_SLOW_MOVING
801168,501578,20260125,4013000000,3812000000,-5.01,STIMULATE_SLOW_MOVING
801169,501579,20260401,3181000000,3086000000,-2.99,STIMULATE_SLOW_MOVING
801170,501580,20260315,3239000000,3304000000,2.01,CAMPAIGN
801171,501581,20260526,2352000000,2281000000,-3.02,STIMULATE_SLOW_MOVING
801172,501582,20260418,3665000000,3482000000,-4.99,STIMULATE_SLOW_MOVING
801173,501584,20251004,2708000000,2573000000,-4.99,STIMULATE_SLOW_MOVING
801174,501585,20260108,2835000000,2892000000,2.01,CAMPAIGN
801175,501586,20260328,4088000000,3802000000,-7.0,STIMULATE_SLOW_MOVING
801176,501590,20251118,3266000000,3168000000,-3.0,STIMULATE_SLOW_MOVING
801177,501591,20260428,1917000000,1974000000,2.97,CAMPAIGN
801178,501593,20260208,1412000000,1370000000,-2.97,STIMULATE_SLOW_MOVING
801179,501595,20251231,2184000000,2118000000,-3.02,STIMULATE_SLOW_MOVING
801180,501597,20260218,2865000000,2808000000,-1.99,STIMULATE_SLOW_MOVING
801181,501598,20260425,3473000000,3369000000,-2.99,STIMULATE_SLOW_MOVING
801182,501599,20260505,2308000000,2354000000,1.99,CAMPAIGN
801183,501601,20250909,2357000000,2192000000,-7.0,STIMULATE_SLOW_MOVING
801184,501603,20260615,3220000000,2995000000,-6.99,STIMULATE_SLOW_MOVING
801185,501606,20260517,5065000000,4710000000,-7.01,STIMULATE_SLOW_MOVING
801186,501608,20260615,4535000000,4444000000,-2.01,STIMULATE_SLOW_MOVING
801187,501610,20260531,3506000000,3331000000,-4.99,STIMULATE_SLOW_MOVING
801188,501612,20260120,3532000000,3426000000,-3.0,STIMULATE_SLOW_MOVING
801189,501614,20260422,3702000000,3591000000,-3.0,STIMULATE_SLOW_MOVING
801190,501615,20260313,3158000000,3063000000,-3.01,STIMULATE_SLOW_MOVING
801191,501617,20260403,2625000000,2546000000,-3.01,STIMULATE_SLOW_MOVING
801192,501618,20260615,1435000000,1464000000,2.02,CAMPAIGN
801193,501619,20260420,3410000000,3171000000,-7.01,STIMULATE_SLOW_MOVING
801194,501620,20251015,1685000000,1736000000,3.03,CAMPAIGN
801195,501621,20260210,1957000000,1859000000,-5.01,STIMULATE_SLOW_MOVING
801196,501623,20251124,4932000000,4587000000,-7.0,STIMULATE_SLOW_MOVING
801197,501624,20250927,1940000000,1804000000,-7.01,STIMULATE_SLOW_MOVING
801198,501625,20251022,1854000000,1724000000,-7.01,STIMULATE_SLOW_MOVING
801199,501626,20260321,2458000000,2286000000,-7.0,STIMULATE_SLOW_MOVING
801200,501628,20260623,3372000000,3271000000,-3.0,STIMULATE_SLOW_MOVING
801201,501630,20260502,2605000000,2527000000,-2.99,STIMULATE_SLOW_MOVING
801202,501631,20250829,3209000000,3145000000,-1.99,STIMULATE_SLOW_MOVING
801203,501632,20260625,3540000000,3363000000,-5.0,STIMULATE_SLOW_MOVING
801204,501633,20260504,3700000000,3589000000,-3.0,STIMULATE_SLOW_MOVING
801205,501635,20260605,3796000000,3682000000,-3.0,STIMULATE_SLOW_MOVING
801206,501640,20260622,2586000000,2534000000,-2.01,STIMULATE_SLOW_MOVING
801207,501641,20250826,3281000000,3051000000,-7.01,STIMULATE_SLOW_MOVING
801208,501642,20260516,4117000000,3829000000,-7.0,STIMULATE_SLOW_MOVING
801209,501645,20260403,3641000000,3568000000,-2.0,STIMULATE_SLOW_MOVING
801210,501647,20260126,2134000000,2027000000,-5.01,STIMULATE_SLOW_MOVING
801211,501648,20260604,2091000000,2133000000,2.01,CAMPAIGN
801212,501650,20251013,4028000000,3947000000,-2.01,STIMULATE_SLOW_MOVING
801213,501652,20260611,3236000000,3171000000,-2.01,STIMULATE_SLOW_MOVING
801214,501654,20260423,2293000000,2339000000,2.01,CAMPAIGN
801215,501655,20260305,3631000000,3704000000,2.01,CAMPAIGN
801216,501657,20260528,2276000000,2230000000,-2.02,STIMULATE_SLOW_MOVING
801217,501660,20260131,2979000000,2890000000,-2.99,STIMULATE_SLOW_MOVING
801218,501661,20260627,2892000000,2747000000,-5.01,STIMULATE_SLOW_MOVING
801219,501662,20251118,3191000000,3031000000,-5.01,STIMULATE_SLOW_MOVING
801220,501664,20260203,3447000000,3206000000,-6.99,STIMULATE_SLOW_MOVING
801221,501665,20260619,2718000000,2636000000,-3.02,STIMULATE_SLOW_MOVING
801222,501666,20260523,4735000000,4593000000,-3.0,STIMULATE_SLOW_MOVING
801223,501667,20250711,4588000000,4496000000,-2.01,STIMULATE_SLOW_MOVING
801224,501668,20260512,2109000000,2046000000,-2.99,STIMULATE_SLOW_MOVING
801225,501672,20251127,2588000000,2459000000,-4.98,STIMULATE_SLOW_MOVING
801226,501673,20260625,1738000000,1686000000,-2.99,STIMULATE_SLOW_MOVING
801227,501674,20260524,2484000000,2409000000,-3.02,STIMULATE_SLOW_MOVING
801228,501675,20260101,4196000000,3986000000,-5.0,STIMULATE_SLOW_MOVING
801229,501679,20260317,2724000000,2806000000,3.01,CAMPAIGN
801230,501681,20251109,1707000000,1673000000,-1.99,STIMULATE_SLOW_MOVING
801231,501682,20260410,4443000000,4221000000,-5.0,STIMULATE_SLOW_MOVING
801232,501683,20260430,4374000000,4243000000,-2.99,STIMULATE_SLOW_MOVING
801233,501685,20260605,3308000000,3076000000,-7.01,STIMULATE_SLOW_MOVING
801234,501687,20260120,2935000000,2847000000,-3.0,STIMULATE_SLOW_MOVING
801235,501688,20260322,2933000000,2874000000,-2.01,STIMULATE_SLOW_MOVING
801236,501689,20260524,3004000000,2854000000,-4.99,STIMULATE_SLOW_MOVING
801237,501690,20250919,3261000000,3163000000,-3.01,STIMULATE_SLOW_MOVING
801238,501691,20260620,3740000000,3815000000,2.01,CAMPAIGN
801239,501692,20251225,3393000000,3291000000,-3.01,STIMULATE_SLOW_MOVING
801240,501693,20260206,3120000000,3214000000,3.01,CAMPAIGN
801241,501694,20260604,2304000000,2235000000,-2.99,STIMULATE_SLOW_MOVING
801242,501695,20250926,3539000000,3433000000,-3.0,STIMULATE_SLOW_MOVING
801243,501697,20260225,4216000000,4090000000,-2.99,STIMULATE_SLOW_MOVING
801244,501698,20250920,2168000000,2103000000,-3.0,STIMULATE_SLOW_MOVING
801245,501699,20260428,4851000000,4754000000,-2.0,STIMULATE_SLOW_MOVING
801246,501700,20260520,3239000000,3142000000,-2.99,STIMULATE_SLOW_MOVING
801247,501701,20251113,3665000000,3555000000,-3.0,STIMULATE_SLOW_MOVING
801248,501704,20260326,4278000000,4150000000,-2.99,STIMULATE_SLOW_MOVING
801249,501705,20260405,3264000000,3101000000,-4.99,STIMULATE_SLOW_MOVING
801250,501706,20251029,2962000000,2755000000,-6.99,STIMULATE_SLOW_MOVING
801251,501707,20260216,3643000000,3534000000,-2.99,STIMULATE_SLOW_MOVING
801252,501708,20260328,2303000000,2188000000,-4.99,STIMULATE_SLOW_MOVING
801253,501710,20260429,3389000000,3321000000,-2.01,STIMULATE_SLOW_MOVING
801254,501712,20260604,2534000000,2483000000,-2.01,STIMULATE_SLOW_MOVING
801255,501713,20260223,2761000000,2568000000,-6.99,STIMULATE_SLOW_MOVING
801256,501717,20251101,3371000000,3270000000,-3.0,STIMULATE_SLOW_MOVING
801257,501718,20260525,2286000000,2172000000,-4.99,STIMULATE_SLOW_MOVING
801258,501720,20260516,2449000000,2376000000,-2.98,STIMULATE_SLOW_MOVING
801259,501721,20260625,3678000000,3421000000,-6.99,STIMULATE_SLOW_MOVING
801260,501724,20260526,3688000000,3577000000,-3.01,STIMULATE_SLOW_MOVING
801261,501725,20260509,4548000000,4639000000,2.0,CAMPAIGN
801262,501727,20251203,3629000000,3448000000,-4.99,STIMULATE_SLOW_MOVING
801263,501728,20250627,3098000000,3005000000,-3.0,STIMULATE_SLOW_MOVING
801264,501730,20260122,5241000000,5084000000,-3.0,STIMULATE_SLOW_MOVING
801265,501731,20251012,3267000000,3202000000,-1.99,STIMULATE_SLOW_MOVING
801266,501733,20260614,4647000000,4554000000,-2.0,STIMULATE_SLOW_MOVING
801267,501734,20260525,2201000000,2157000000,-2.0,STIMULATE_SLOW_MOVING
801268,501735,20260309,2230000000,2185000000,-2.02,STIMULATE_SLOW_MOVING
801269,501737,20251223,5388000000,5226000000,-3.01,STIMULATE_SLOW_MOVING
801270,501738,20260427,2791000000,2735000000,-2.01,STIMULATE_SLOW_MOVING
801271,501739,20260428,2210000000,2055000000,-7.01,STIMULATE_SLOW_MOVING
801272,501742,20260425,4451000000,4317000000,-3.01,STIMULATE_SLOW_MOVING
801273,501743,20260128,3929000000,3850000000,-2.01,STIMULATE_SLOW_MOVING
801274,501744,20251016,1840000000,1785000000,-2.99,STIMULATE_SLOW_MOVING
801275,501745,20260319,2227000000,2116000000,-4.98,STIMULATE_SLOW_MOVING
801276,501748,20260629,3213000000,3117000000,-2.99,STIMULATE_SLOW_MOVING
801277,501749,20260615,4291000000,4162000000,-3.01,STIMULATE_SLOW_MOVING
801278,501751,20251212,2215000000,2171000000,-1.99,STIMULATE_SLOW_MOVING
801279,501752,20260430,3811000000,3735000000,-1.99,STIMULATE_SLOW_MOVING
801280,501753,20260326,3476000000,3372000000,-2.99,STIMULATE_SLOW_MOVING
801281,501755,20260619,4547000000,4320000000,-4.99,STIMULATE_SLOW_MOVING
801282,501756,20251115,3048000000,2896000000,-4.99,STIMULATE_SLOW_MOVING
801283,501757,20250810,5036000000,4935000000,-2.01,STIMULATE_SLOW_MOVING
801284,501758,20260606,4748000000,4416000000,-6.99,STIMULATE_SLOW_MOVING
801285,501759,20260212,3240000000,3013000000,-7.01,STIMULATE_SLOW_MOVING
801286,501761,20250826,2957000000,3046000000,3.01,CAMPAIGN
801287,501762,20251011,2456000000,2333000000,-5.01,STIMULATE_SLOW_MOVING
801288,501763,20260505,3481000000,3585000000,2.99,CAMPAIGN
801289,501764,20251118,2838000000,2696000000,-5.0,STIMULATE_SLOW_MOVING
801290,501765,20251010,3564000000,3386000000,-4.99,STIMULATE_SLOW_MOVING
801291,501766,20260428,2988000000,2898000000,-3.01,STIMULATE_SLOW_MOVING
801292,501767,20260521,4156000000,4031000000,-3.01,STIMULATE_SLOW_MOVING
801293,501768,20251027,1848000000,1885000000,2.0,CAMPAIGN
801294,501769,20251220,2254000000,2209000000,-2.0,STIMULATE_SLOW_MOVING
801295,501770,20260310,2270000000,2338000000,3.0,CAMPAIGN
801296,501771,20260610,1837000000,1892000000,2.99,CAMPAIGN
801297,501772,20260507,2681000000,2547000000,-5.0,STIMULATE_SLOW_MOVING
801298,501774,20260113,4494000000,4359000000,-3.0,STIMULATE_SLOW_MOVING
801299,501775,20260103,2134000000,2070000000,-3.0,STIMULATE_SLOW_MOVING
801300,501776,20250917,5068000000,4713000000,-7.0,STIMULATE_SLOW_MOVING
801301,501777,20250717,2445000000,2396000000,-2.0,STIMULATE_SLOW_MOVING
801302,501778,20251223,3757000000,3832000000,2.0,CAMPAIGN
801303,501779,20260622,3804000000,3690000000,-3.0,STIMULATE_SLOW_MOVING
801304,501780,20260529,4877000000,4731000000,-2.99,STIMULATE_SLOW_MOVING
801305,501781,20250826,3964000000,3766000000,-4.99,STIMULATE_SLOW_MOVING
801306,501782,20260210,2656000000,2603000000,-2.0,STIMULATE_SLOW_MOVING
801307,501783,20260408,2652000000,2732000000,3.02,CAMPAIGN
801308,501784,20251030,3631000000,3522000000,-3.0,STIMULATE_SLOW_MOVING
801309,501788,20260415,2728000000,2810000000,3.01,CAMPAIGN
801310,501791,20260410,4144000000,4020000000,-2.99,STIMULATE_SLOW_MOVING
801311,501792,20260604,1742000000,1655000000,-4.99,STIMULATE_SLOW_MOVING
801312,501793,20260412,1949000000,1988000000,2.0,CAMPAIGN
801313,501794,20260217,4786000000,4547000000,-4.99,STIMULATE_SLOW_MOVING
801314,501796,20260414,2473000000,2522000000,1.98,CAMPAIGN
801315,501798,20260223,4112000000,4030000000,-1.99,STIMULATE_SLOW_MOVING
801316,501799,20260608,3336000000,3403000000,2.01,CAMPAIGN
801317,501800,20260212,3428000000,3325000000,-3.0,STIMULATE_SLOW_MOVING
801318,501801,20251120,4395000000,4263000000,-3.0,STIMULATE_SLOW_MOVING
801319,501802,20251103,2066000000,2004000000,-3.0,STIMULATE_SLOW_MOVING
801320,501804,20260520,2946000000,2887000000,-2.0,STIMULATE_SLOW_MOVING
801321,501806,20260427,3895000000,3778000000,-3.0,STIMULATE_SLOW_MOVING
801322,501809,20260111,4351000000,4264000000,-2.0,STIMULATE_SLOW_MOVING
801323,501810,20260323,2987000000,2897000000,-3.01,STIMULATE_SLOW_MOVING
801324,501811,20251112,3743000000,3668000000,-2.0,STIMULATE_SLOW_MOVING
801325,501812,20251023,3445000000,3204000000,-7.0,STIMULATE_SLOW_MOVING
801326,501813,20260625,5202000000,5098000000,-2.0,STIMULATE_SLOW_MOVING
801327,501814,20251205,3332000000,3265000000,-2.01,STIMULATE_SLOW_MOVING
801328,501817,20260429,2132000000,2089000000,-2.02,STIMULATE_SLOW_MOVING
801329,501818,20260227,1770000000,1717000000,-2.99,STIMULATE_SLOW_MOVING
801330,501819,20260311,2597000000,2519000000,-3.0,STIMULATE_SLOW_MOVING
801331,501821,20260628,2940000000,2793000000,-5.0,STIMULATE_SLOW_MOVING
801332,501822,20260209,2996000000,2936000000,-2.0,STIMULATE_SLOW_MOVING
801333,501823,20260326,3672000000,3488000000,-5.01,STIMULATE_SLOW_MOVING
801334,501824,20260603,3005000000,2795000000,-6.99,STIMULATE_SLOW_MOVING
801335,501825,20251114,3868000000,3752000000,-3.0,STIMULATE_SLOW_MOVING
801336,501827,20260513,3304000000,3139000000,-4.99,STIMULATE_SLOW_MOVING
801337,501828,20260122,1636000000,1554000000,-5.01,STIMULATE_SLOW_MOVING
801338,501829,20260426,2239000000,2127000000,-5.0,STIMULATE_SLOW_MOVING
801339,501830,20251224,4931000000,4684000000,-5.01,STIMULATE_SLOW_MOVING
801340,501831,20260619,3608000000,3500000000,-2.99,STIMULATE_SLOW_MOVING
801341,501834,20260117,3351000000,3418000000,2.0,CAMPAIGN
801342,501835,20260322,3156000000,3251000000,3.01,CAMPAIGN
801343,501836,20260120,2122000000,2016000000,-5.0,STIMULATE_SLOW_MOVING
801344,501837,20260614,4831000000,4686000000,-3.0,STIMULATE_SLOW_MOVING
801345,501838,20251218,2015000000,1874000000,-7.0,STIMULATE_SLOW_MOVING
801346,501839,20260627,3798000000,3608000000,-5.0,STIMULATE_SLOW_MOVING
801347,501840,20260515,3476000000,3233000000,-6.99,STIMULATE_SLOW_MOVING
801348,501841,20251127,3806000000,3540000000,-6.99,STIMULATE_SLOW_MOVING
801349,501843,20251215,3674000000,3564000000,-2.99,STIMULATE_SLOW_MOVING
801350,501844,20251110,3865000000,3788000000,-1.99,STIMULATE_SLOW_MOVING
801351,501845,20251024,3329000000,3396000000,2.01,CAMPAIGN
801352,501847,20260522,3317000000,3251000000,-1.99,STIMULATE_SLOW_MOVING
801353,501848,20260205,2673000000,2753000000,2.99,CAMPAIGN
801354,501849,20260607,2689000000,2608000000,-3.01,STIMULATE_SLOW_MOVING
801355,501850,20260629,5620000000,5227000000,-6.99,STIMULATE_SLOW_MOVING
801356,501851,20260403,3195000000,3131000000,-2.0,STIMULATE_SLOW_MOVING
801357,501852,20260326,4002000000,3882000000,-3.0,STIMULATE_SLOW_MOVING
801358,501853,20260604,6228000000,5917000000,-4.99,STIMULATE_SLOW_MOVING
801359,501854,20260307,3517000000,3341000000,-5.0,STIMULATE_SLOW_MOVING
801360,501855,20260121,2283000000,2169000000,-4.99,STIMULATE_SLOW_MOVING
801361,501856,20260527,2043000000,1982000000,-2.99,STIMULATE_SLOW_MOVING
801362,501857,20260408,2433000000,2311000000,-5.01,STIMULATE_SLOW_MOVING
801363,501861,20260624,2572000000,2521000000,-1.98,STIMULATE_SLOW_MOVING
801364,501863,20260108,2613000000,2561000000,-1.99,STIMULATE_SLOW_MOVING
801365,501864,20250727,4906000000,4661000000,-4.99,STIMULATE_SLOW_MOVING
801366,501865,20260307,3438000000,3266000000,-5.0,STIMULATE_SLOW_MOVING
801367,501867,20260128,2963000000,2815000000,-4.99,STIMULATE_SLOW_MOVING
801368,501868,20251125,2514000000,2338000000,-7.0,STIMULATE_SLOW_MOVING
801369,501869,20250704,3277000000,3113000000,-5.0,STIMULATE_SLOW_MOVING
801370,501870,20260118,3322000000,3222000000,-3.01,STIMULATE_SLOW_MOVING
801371,501871,20251230,5237000000,4975000000,-5.0,STIMULATE_SLOW_MOVING
801372,501873,20260408,3365000000,3264000000,-3.0,STIMULATE_SLOW_MOVING
801373,501874,20251128,3287000000,3221000000,-2.01,STIMULATE_SLOW_MOVING
801374,501875,20250605,3609000000,3429000000,-4.99,STIMULATE_SLOW_MOVING
801375,501876,20260214,2908000000,2821000000,-2.99,STIMULATE_SLOW_MOVING
801376,501877,20250701,3376000000,3207000000,-5.01,STIMULATE_SLOW_MOVING
801377,501880,20250809,3612000000,3540000000,-1.99,STIMULATE_SLOW_MOVING
801378,501882,20250619,3927000000,3848000000,-2.01,STIMULATE_SLOW_MOVING
801379,501883,20260504,3187000000,3028000000,-4.99,STIMULATE_SLOW_MOVING
801380,501884,20260330,3246000000,3181000000,-2.0,STIMULATE_SLOW_MOVING
801381,501886,20260129,3508000000,3403000000,-2.99,STIMULATE_SLOW_MOVING
801382,501887,20260227,5624000000,5230000000,-7.01,STIMULATE_SLOW_MOVING
801383,501888,20260504,3898000000,3703000000,-5.0,STIMULATE_SLOW_MOVING
801384,501889,20260226,2438000000,2365000000,-2.99,STIMULATE_SLOW_MOVING
801385,501891,20260521,3489000000,3315000000,-4.99,STIMULATE_SLOW_MOVING
801386,501892,20260427,2434000000,2361000000,-3.0,STIMULATE_SLOW_MOVING
801387,501893,20251122,4092000000,3887000000,-5.01,STIMULATE_SLOW_MOVING
801388,501894,20250720,3526000000,3420000000,-3.01,STIMULATE_SLOW_MOVING
801389,501895,20260403,3438000000,3335000000,-3.0,STIMULATE_SLOW_MOVING
801390,501896,20251025,3985000000,3706000000,-7.0,STIMULATE_SLOW_MOVING
801391,501899,20251113,3472000000,3229000000,-7.0,STIMULATE_SLOW_MOVING
801392,501900,20251206,2610000000,2427000000,-7.01,STIMULATE_SLOW_MOVING
801393,501901,20260506,3289000000,3388000000,3.01,CAMPAIGN
801394,501902,20260325,3634000000,3707000000,2.01,CAMPAIGN
801395,501903,20250905,3548000000,3371000000,-4.99,STIMULATE_SLOW_MOVING
801396,501904,20260624,4224000000,3928000000,-7.01,STIMULATE_SLOW_MOVING
801397,501905,20251227,3386000000,3217000000,-4.99,STIMULATE_SLOW_MOVING
801398,501906,20260612,3182000000,3087000000,-2.99,STIMULATE_SLOW_MOVING
801399,501907,20260513,3542000000,3294000000,-7.0,STIMULATE_SLOW_MOVING
801400,501908,20260130,2938000000,2879000000,-2.01,STIMULATE_SLOW_MOVING
801401,501909,20260407,2836000000,2751000000,-3.0,STIMULATE_SLOW_MOVING
801402,501910,20251023,4430000000,4120000000,-7.0,STIMULATE_SLOW_MOVING
801403,501911,20260409,4244000000,4329000000,2.0,CAMPAIGN
801404,501912,20260624,2948000000,2801000000,-4.99,STIMULATE_SLOW_MOVING
801405,501913,20260326,2639000000,2718000000,2.99,CAMPAIGN
801406,501914,20260223,3765000000,3690000000,-1.99,STIMULATE_SLOW_MOVING
801407,501916,20260513,2369000000,2251000000,-4.98,STIMULATE_SLOW_MOVING
801408,501917,20260614,3393000000,3291000000,-3.01,STIMULATE_SLOW_MOVING
801409,501919,20260502,3795000000,3719000000,-2.0,STIMULATE_SLOW_MOVING
801410,501920,20260111,2798000000,2714000000,-3.0,STIMULATE_SLOW_MOVING
801411,501921,20251019,4127000000,4210000000,2.01,CAMPAIGN
801412,501923,20250827,5689000000,5518000000,-3.01,STIMULATE_SLOW_MOVING
801413,501925,20260204,4358000000,4227000000,-3.01,STIMULATE_SLOW_MOVING
801414,501926,20260306,2616000000,2538000000,-2.98,STIMULATE_SLOW_MOVING
801415,501928,20260416,1810000000,1846000000,1.99,CAMPAIGN
801416,501929,20260326,4681000000,4353000000,-7.01,STIMULATE_SLOW_MOVING
801417,501930,20260626,2301000000,2232000000,-3.0,STIMULATE_SLOW_MOVING
801418,501931,20260619,3827000000,3636000000,-4.99,STIMULATE_SLOW_MOVING
801419,501932,20250917,2730000000,2648000000,-3.0,STIMULATE_SLOW_MOVING
801420,501933,20251209,4639000000,4546000000,-2.0,STIMULATE_SLOW_MOVING
801421,501934,20260611,3059000000,2967000000,-3.01,STIMULATE_SLOW_MOVING
801422,501936,20260629,2388000000,2269000000,-4.98,STIMULATE_SLOW_MOVING
801423,501937,20260511,2982000000,2893000000,-2.98,STIMULATE_SLOW_MOVING
801424,501938,20251014,3104000000,3042000000,-2.0,STIMULATE_SLOW_MOVING
801425,501941,20251018,2358000000,2311000000,-1.99,STIMULATE_SLOW_MOVING
801426,501942,20260314,3043000000,2891000000,-5.0,STIMULATE_SLOW_MOVING
801427,501943,20251201,2341000000,2177000000,-7.01,STIMULATE_SLOW_MOVING
801428,501944,20260123,3079000000,2925000000,-5.0,STIMULATE_SLOW_MOVING
801429,501945,20260405,1908000000,1851000000,-2.99,STIMULATE_SLOW_MOVING
801430,501946,20260608,3758000000,3495000000,-7.0,STIMULATE_SLOW_MOVING
801431,501947,20260422,3447000000,3275000000,-4.99,STIMULATE_SLOW_MOVING
801432,501948,20260625,2636000000,2557000000,-3.0,STIMULATE_SLOW_MOVING
801433,501949,20260623,3255000000,3027000000,-7.0,STIMULATE_SLOW_MOVING
801434,501950,20260609,2919000000,2831000000,-3.01,STIMULATE_SLOW_MOVING
801435,501951,20250709,1665000000,1582000000,-4.98,STIMULATE_SLOW_MOVING
801436,501952,20260313,3198000000,3134000000,-2.0,STIMULATE_SLOW_MOVING
801437,501953,20260430,2223000000,2290000000,3.01,CAMPAIGN
801438,501954,20260331,1577000000,1498000000,-5.01,STIMULATE_SLOW_MOVING
801439,501955,20260407,2629000000,2708000000,3.0,CAMPAIGN
801440,501956,20251125,4769000000,4674000000,-1.99,STIMULATE_SLOW_MOVING
801441,501958,20251208,3167000000,3072000000,-3.0,STIMULATE_SLOW_MOVING
801442,501959,20260607,3658000000,3548000000,-3.01,STIMULATE_SLOW_MOVING
801443,501960,20260620,1945000000,1848000000,-4.99,STIMULATE_SLOW_MOVING
801444,501964,20251111,2862000000,2776000000,-3.0,STIMULATE_SLOW_MOVING
801445,501966,20260610,3443000000,3202000000,-7.0,STIMULATE_SLOW_MOVING
801446,501967,20260201,3042000000,2829000000,-7.0,STIMULATE_SLOW_MOVING
801447,501970,20260126,1690000000,1639000000,-3.02,STIMULATE_SLOW_MOVING
801448,501972,20260213,3063000000,2971000000,-3.0,STIMULATE_SLOW_MOVING
801449,501973,20251109,2471000000,2520000000,1.98,CAMPAIGN
801450,501974,20260520,1917000000,1821000000,-5.01,STIMULATE_SLOW_MOVING
801451,501976,20260602,2377000000,2211000000,-6.98,STIMULATE_SLOW_MOVING
801452,501977,20260216,4052000000,3768000000,-7.01,STIMULATE_SLOW_MOVING
801453,501978,20260526,4652000000,4326000000,-7.01,STIMULATE_SLOW_MOVING
801454,501979,20251024,2957000000,2898000000,-2.0,STIMULATE_SLOW_MOVING
801455,501980,20260426,3972000000,3694000000,-7.0,STIMULATE_SLOW_MOVING
801456,501981,20251111,3410000000,3478000000,1.99,CAMPAIGN
801457,501982,20260510,3205000000,3109000000,-3.0,STIMULATE_SLOW_MOVING
801458,501983,20260310,4918000000,4574000000,-6.99,STIMULATE_SLOW_MOVING
801459,501984,20250925,3024000000,2873000000,-4.99,STIMULATE_SLOW_MOVING
801460,501985,20260319,1960000000,1901000000,-3.01,STIMULATE_SLOW_MOVING
801461,501986,20260406,4566000000,4429000000,-3.0,STIMULATE_SLOW_MOVING
801462,501988,20260605,2791000000,2651000000,-5.02,STIMULATE_SLOW_MOVING
801463,501989,20260616,2947000000,3006000000,2.0,CAMPAIGN
801464,501993,20260112,3515000000,3585000000,1.99,CAMPAIGN
801465,501994,20260423,3223000000,3159000000,-1.99,STIMULATE_SLOW_MOVING
801466,501995,20250902,4998000000,4898000000,-2.0,STIMULATE_SLOW_MOVING
801467,501996,20260507,3532000000,3426000000,-3.0,STIMULATE_SLOW_MOVING
801468,501997,20251123,2730000000,2539000000,-7.0,STIMULATE_SLOW_MOVING
801469,501998,20251202,3277000000,3113000000,-5.0,STIMULATE_SLOW_MOVING
801470,501999,20251120,3415000000,3313000000,-2.99,STIMULATE_SLOW_MOVING
801471,502001,20251222,3424000000,3253000000,-4.99,STIMULATE_SLOW_MOVING
801472,502004,20251224,2711000000,2575000000,-5.02,STIMULATE_SLOW_MOVING
801473,502005,20260516,3011000000,2860000000,-5.01,STIMULATE_SLOW_MOVING
801474,502006,20251226,1878000000,1840000000,-2.02,STIMULATE_SLOW_MOVING
801475,502007,20260117,3266000000,3201000000,-1.99,STIMULATE_SLOW_MOVING
801476,502008,20260408,2431000000,2261000000,-6.99,STIMULATE_SLOW_MOVING
801477,502009,20260520,3984000000,3705000000,-7.0,STIMULATE_SLOW_MOVING
801478,502010,20260512,3793000000,3603000000,-5.01,STIMULATE_SLOW_MOVING
801479,502011,20260328,2526000000,2400000000,-4.99,STIMULATE_SLOW_MOVING
801480,502012,20251018,2491000000,2366000000,-5.02,STIMULATE_SLOW_MOVING
801481,502016,20260407,2204000000,2094000000,-4.99,STIMULATE_SLOW_MOVING
801482,502018,20260417,3376000000,3275000000,-2.99,STIMULATE_SLOW_MOVING
801483,502019,20260507,2331000000,2261000000,-3.0,STIMULATE_SLOW_MOVING
801484,502021,20260424,3452000000,3279000000,-5.01,STIMULATE_SLOW_MOVING
801485,502023,20260629,2319000000,2203000000,-5.0,STIMULATE_SLOW_MOVING
801486,502025,20260518,3138000000,3044000000,-3.0,STIMULATE_SLOW_MOVING
801487,502027,20260430,4230000000,4357000000,3.0,CAMPAIGN
801488,502028,20251020,3916000000,3720000000,-5.01,STIMULATE_SLOW_MOVING
801489,502029,20260410,4066000000,3863000000,-4.99,STIMULATE_SLOW_MOVING
801490,502031,20260608,3738000000,3663000000,-2.01,STIMULATE_SLOW_MOVING
801491,502032,20260117,1935000000,1838000000,-5.01,STIMULATE_SLOW_MOVING
801492,502033,20260513,2997000000,3057000000,2.0,CAMPAIGN
801493,502034,20260617,2434000000,2361000000,-3.0,STIMULATE_SLOW_MOVING
801494,502035,20260103,2131000000,1982000000,-6.99,STIMULATE_SLOW_MOVING
801495,502036,20251020,3288000000,3124000000,-4.99,STIMULATE_SLOW_MOVING
801496,502037,20260629,3404000000,3336000000,-2.0,STIMULATE_SLOW_MOVING
801497,502038,20260512,3220000000,3123000000,-3.01,STIMULATE_SLOW_MOVING
801498,502039,20260306,2369000000,2203000000,-7.01,STIMULATE_SLOW_MOVING
801499,502041,20251014,3043000000,2891000000,-5.0,STIMULATE_SLOW_MOVING
801500,502042,20251207,3705000000,3520000000,-4.99,STIMULATE_SLOW_MOVING
801501,502043,20260329,2937000000,2996000000,2.01,CAMPAIGN
801502,502046,20260415,3339000000,3272000000,-2.01,STIMULATE_SLOW_MOVING
801503,502048,20260207,3774000000,3585000000,-5.01,STIMULATE_SLOW_MOVING
801504,502049,20260213,2913000000,3000000000,2.99,CAMPAIGN
801505,502050,20260112,3543000000,3295000000,-7.0,STIMULATE_SLOW_MOVING
801506,502051,20260420,2831000000,2774000000,-2.01,STIMULATE_SLOW_MOVING
801507,502053,20260129,2966000000,2907000000,-1.99,STIMULATE_SLOW_MOVING
801508,502056,20260429,2323000000,2207000000,-4.99,STIMULATE_SLOW_MOVING
801509,502057,20260414,2841000000,2926000000,2.99,CAMPAIGN
801510,502059,20260627,4082000000,3796000000,-7.01,STIMULATE_SLOW_MOVING
801511,502060,20260423,3370000000,3269000000,-3.0,STIMULATE_SLOW_MOVING
801512,502063,20260328,4049000000,4170000000,2.99,CAMPAIGN
801513,502066,20260414,2115000000,1967000000,-7.0,STIMULATE_SLOW_MOVING
801514,502068,20260310,5453000000,5562000000,2.0,CAMPAIGN
801515,502069,20251109,3860000000,3744000000,-3.01,STIMULATE_SLOW_MOVING
801516,502071,20260205,1678000000,1594000000,-5.01,STIMULATE_SLOW_MOVING
801517,502073,20260520,2773000000,2579000000,-7.0,STIMULATE_SLOW_MOVING
801518,502074,20251128,3275000000,3177000000,-2.99,STIMULATE_SLOW_MOVING
801519,502076,20260604,2231000000,2119000000,-5.02,STIMULATE_SLOW_MOVING
801520,502078,20250730,2981000000,2772000000,-7.01,STIMULATE_SLOW_MOVING
801521,502080,20260310,2471000000,2545000000,2.99,CAMPAIGN
801522,502081,20260514,3058000000,2905000000,-5.0,STIMULATE_SLOW_MOVING
801523,502082,20250813,5935000000,5638000000,-5.0,STIMULATE_SLOW_MOVING
801524,502083,20250808,5741000000,5454000000,-5.0,STIMULATE_SLOW_MOVING
801525,502084,20260609,3493000000,3388000000,-3.01,STIMULATE_SLOW_MOVING
801526,502085,20250909,3170000000,2948000000,-7.0,STIMULATE_SLOW_MOVING
801527,502086,20260216,2490000000,2316000000,-6.99,STIMULATE_SLOW_MOVING
801528,502087,20260423,5041000000,4789000000,-5.0,STIMULATE_SLOW_MOVING
801529,502088,20260608,2052000000,2011000000,-2.0,STIMULATE_SLOW_MOVING
801530,502090,20260327,3061000000,3153000000,3.01,CAMPAIGN
801531,502091,20260204,2094000000,2031000000,-3.01,STIMULATE_SLOW_MOVING
801532,502092,20260415,2434000000,2385000000,-2.01,STIMULATE_SLOW_MOVING
801533,502093,20260526,4376000000,4464000000,2.01,CAMPAIGN
801534,502094,20260327,2535000000,2459000000,-3.0,STIMULATE_SLOW_MOVING
801535,502096,20260306,1983000000,1884000000,-4.99,STIMULATE_SLOW_MOVING
801536,502097,20260426,3600000000,3348000000,-7.0,STIMULATE_SLOW_MOVING
801537,502099,20260309,2829000000,2688000000,-4.98,STIMULATE_SLOW_MOVING
801538,502100,20260602,1969000000,1930000000,-1.98,STIMULATE_SLOW_MOVING
801539,502101,20251024,4498000000,4363000000,-3.0,STIMULATE_SLOW_MOVING
801540,502102,20251010,3366000000,3265000000,-3.0,STIMULATE_SLOW_MOVING
801541,502103,20250525,3709000000,3449000000,-7.01,STIMULATE_SLOW_MOVING
801542,502104,20260213,3669000000,3486000000,-4.99,STIMULATE_SLOW_MOVING
801543,502105,20251206,4590000000,4452000000,-3.01,STIMULATE_SLOW_MOVING
801544,502106,20260625,4594000000,4502000000,-2.0,STIMULATE_SLOW_MOVING
801545,502107,20260211,2020000000,1959000000,-3.02,STIMULATE_SLOW_MOVING
801546,502108,20260219,3071000000,3010000000,-1.99,STIMULATE_SLOW_MOVING
801547,502110,20250804,1891000000,1853000000,-2.01,STIMULATE_SLOW_MOVING
801548,502111,20251128,4303000000,4432000000,3.0,CAMPAIGN
801549,502113,20251013,3408000000,3306000000,-2.99,STIMULATE_SLOW_MOVING
801550,502114,20260617,3059000000,2906000000,-5.0,STIMULATE_SLOW_MOVING
801551,502115,20260405,3271000000,3107000000,-5.01,STIMULATE_SLOW_MOVING
801552,502117,20251113,4116000000,4239000000,2.99,CAMPAIGN
801553,502118,20260621,2410000000,2241000000,-7.01,STIMULATE_SLOW_MOVING
801554,502119,20260511,5333000000,5173000000,-3.0,STIMULATE_SLOW_MOVING
801555,502123,20260601,2985000000,2836000000,-4.99,STIMULATE_SLOW_MOVING
801556,502124,20260307,2682000000,2762000000,2.98,CAMPAIGN
801557,502125,20260129,5116000000,4758000000,-7.0,STIMULATE_SLOW_MOVING
801558,502126,20260105,2024000000,1963000000,-3.01,STIMULATE_SLOW_MOVING
801559,502127,20260328,2802000000,2858000000,2.0,CAMPAIGN
801560,502129,20260430,5281000000,5175000000,-2.01,STIMULATE_SLOW_MOVING
801561,502131,20251117,4195000000,4321000000,3.0,CAMPAIGN
801562,502132,20260416,2547000000,2369000000,-6.99,STIMULATE_SLOW_MOVING
801563,502133,20260603,2967000000,2908000000,-1.99,STIMULATE_SLOW_MOVING
801564,502136,20260615,1911000000,1815000000,-5.02,STIMULATE_SLOW_MOVING
801565,502139,20260226,3119000000,2963000000,-5.0,STIMULATE_SLOW_MOVING
801566,502140,20260615,2056000000,1953000000,-5.01,STIMULATE_SLOW_MOVING
801567,502142,20251116,1621000000,1589000000,-1.97,STIMULATE_SLOW_MOVING
801568,502143,20260125,5079000000,4825000000,-5.0,STIMULATE_SLOW_MOVING
801569,502144,20250624,1915000000,1972000000,2.98,CAMPAIGN
801570,502145,20260305,4393000000,4173000000,-5.01,STIMULATE_SLOW_MOVING
801571,502146,20260331,3222000000,3125000000,-3.01,STIMULATE_SLOW_MOVING
801572,502148,20260604,4340000000,4427000000,2.0,CAMPAIGN
801573,502149,20260317,3760000000,3572000000,-5.0,STIMULATE_SLOW_MOVING
801574,502150,20260112,2273000000,2114000000,-7.0,STIMULATE_SLOW_MOVING
801575,502151,20250819,2768000000,2685000000,-3.0,STIMULATE_SLOW_MOVING
801576,502153,20250626,5002000000,4902000000,-2.0,STIMULATE_SLOW_MOVING
801577,502154,20260427,2163000000,2055000000,-4.99,STIMULATE_SLOW_MOVING
801578,502156,20260621,2687000000,2606000000,-3.01,STIMULATE_SLOW_MOVING
801579,502159,20250815,3130000000,3036000000,-3.0,STIMULATE_SLOW_MOVING
801580,502160,20260502,4774000000,4440000000,-7.0,STIMULATE_SLOW_MOVING
801581,502161,20260322,2134000000,1985000000,-6.98,STIMULATE_SLOW_MOVING
801582,502162,20260425,3005000000,3065000000,2.0,CAMPAIGN
801583,502163,20260218,2674000000,2727000000,1.98,CAMPAIGN
801584,502164,20260118,1954000000,1856000000,-5.02,STIMULATE_SLOW_MOVING
801585,502165,20250826,1531000000,1485000000,-3.0,STIMULATE_SLOW_MOVING
801586,502166,20251015,2743000000,2798000000,2.01,CAMPAIGN
801587,502167,20260626,3332000000,3232000000,-3.0,STIMULATE_SLOW_MOVING
801588,502170,20260217,2986000000,2926000000,-2.01,STIMULATE_SLOW_MOVING
801589,502172,20251211,2897000000,2810000000,-3.0,STIMULATE_SLOW_MOVING
801590,502173,20260129,3342000000,3275000000,-2.0,STIMULATE_SLOW_MOVING
801591,502174,20260204,2431000000,2309000000,-5.02,STIMULATE_SLOW_MOVING
801592,502176,20260414,2488000000,2364000000,-4.98,STIMULATE_SLOW_MOVING
801593,502177,20260514,3418000000,3521000000,3.01,CAMPAIGN
801594,502178,20260416,1676000000,1710000000,2.03,CAMPAIGN
801595,502179,20260627,2560000000,2637000000,3.01,CAMPAIGN
801596,502182,20260407,1856000000,1912000000,3.02,CAMPAIGN
801597,502183,20250611,2170000000,2105000000,-3.0,STIMULATE_SLOW_MOVING
801598,502185,20260414,2896000000,2809000000,-3.0,STIMULATE_SLOW_MOVING
801599,502186,20260119,2086000000,2023000000,-3.02,STIMULATE_SLOW_MOVING
801600,502187,20260207,4000000000,4120000000,3.0,CAMPAIGN
801601,502188,20250917,3054000000,2901000000,-5.01,STIMULATE_SLOW_MOVING
801602,502189,20260329,2722000000,2586000000,-5.0,STIMULATE_SLOW_MOVING
801603,502190,20260501,2028000000,1967000000,-3.01,STIMULATE_SLOW_MOVING
801604,502192,20260107,3037000000,2885000000,-5.0,STIMULATE_SLOW_MOVING
801605,502193,20260313,4868000000,5014000000,3.0,CAMPAIGN
801606,502194,20251224,4079000000,3957000000,-2.99,STIMULATE_SLOW_MOVING
801607,502195,20260611,2963000000,2874000000,-3.0,STIMULATE_SLOW_MOVING
801608,502196,20260406,2885000000,2741000000,-4.99,STIMULATE_SLOW_MOVING
801609,502197,20260130,3537000000,3360000000,-5.0,STIMULATE_SLOW_MOVING
801610,502198,20260325,3270000000,3172000000,-3.0,STIMULATE_SLOW_MOVING
801611,502199,20260327,1657000000,1707000000,3.02,CAMPAIGN
801612,502202,20260322,4886000000,4739000000,-3.01,STIMULATE_SLOW_MOVING
801613,502203,20260212,4437000000,4304000000,-3.0,STIMULATE_SLOW_MOVING
801614,502204,20260420,1739000000,1652000000,-5.0,STIMULATE_SLOW_MOVING
801615,502205,20260115,2786000000,2702000000,-3.02,STIMULATE_SLOW_MOVING
801616,502210,20260516,2096000000,2159000000,3.01,CAMPAIGN
801617,502211,20260528,5341000000,5074000000,-5.0,STIMULATE_SLOW_MOVING
801618,502212,20250418,3580000000,3652000000,2.01,CAMPAIGN
801619,502213,20260605,3016000000,2926000000,-2.98,STIMULATE_SLOW_MOVING
801620,502214,20260411,3572000000,3393000000,-5.01,STIMULATE_SLOW_MOVING
801621,502215,20260622,2862000000,2805000000,-1.99,STIMULATE_SLOW_MOVING
801622,502217,20250901,2733000000,2542000000,-6.99,STIMULATE_SLOW_MOVING
801623,502218,20260524,4649000000,4324000000,-6.99,STIMULATE_SLOW_MOVING
801624,502219,20251001,2260000000,2147000000,-5.0,STIMULATE_SLOW_MOVING
801625,502220,20260608,2696000000,2642000000,-2.0,STIMULATE_SLOW_MOVING
801626,502221,20251010,2128000000,2085000000,-2.02,STIMULATE_SLOW_MOVING
801627,502222,20251215,4140000000,4057000000,-2.0,STIMULATE_SLOW_MOVING
801628,502223,20251001,5158000000,4900000000,-5.0,STIMULATE_SLOW_MOVING
801629,502224,20260601,3415000000,3347000000,-1.99,STIMULATE_SLOW_MOVING
801630,502226,20260405,2724000000,2588000000,-4.99,STIMULATE_SLOW_MOVING
801631,502227,20260420,3839000000,3724000000,-3.0,STIMULATE_SLOW_MOVING
801632,502228,20250817,3531000000,3425000000,-3.0,STIMULATE_SLOW_MOVING
801633,502229,20260612,3786000000,3597000000,-4.99,STIMULATE_SLOW_MOVING
801634,502232,20260323,4278000000,3979000000,-6.99,STIMULATE_SLOW_MOVING
801635,502235,20251105,3449000000,3518000000,2.0,CAMPAIGN
801636,502236,20260601,2440000000,2269000000,-7.01,STIMULATE_SLOW_MOVING
801637,502238,20260430,2463000000,2537000000,3.0,CAMPAIGN
801638,502239,20250421,1804000000,1714000000,-4.99,STIMULATE_SLOW_MOVING
801639,502240,20260625,4485000000,4261000000,-4.99,STIMULATE_SLOW_MOVING
801640,502241,20260604,2989000000,2840000000,-4.98,STIMULATE_SLOW_MOVING
801641,502243,20260427,1919000000,1823000000,-5.0,STIMULATE_SLOW_MOVING
801642,502244,20250920,1731000000,1644000000,-5.03,STIMULATE_SLOW_MOVING
801643,502245,20260411,4140000000,3933000000,-5.0,STIMULATE_SLOW_MOVING
801644,502246,20260303,3566000000,3459000000,-3.0,STIMULATE_SLOW_MOVING
801645,502247,20251108,3280000000,3182000000,-2.99,STIMULATE_SLOW_MOVING
801646,502248,20260530,4257000000,4129000000,-3.01,STIMULATE_SLOW_MOVING
801647,502250,20260303,4024000000,3944000000,-1.99,STIMULATE_SLOW_MOVING
801648,502251,20260423,1760000000,1707000000,-3.01,STIMULATE_SLOW_MOVING
801649,502254,20260425,3104000000,3011000000,-3.0,STIMULATE_SLOW_MOVING
801650,502255,20260126,2417000000,2296000000,-5.01,STIMULATE_SLOW_MOVING
801651,502256,20260623,3981000000,3862000000,-2.99,STIMULATE_SLOW_MOVING
801652,502257,20250510,2992000000,2783000000,-6.99,STIMULATE_SLOW_MOVING
801653,502258,20260515,3321000000,3387000000,1.99,CAMPAIGN
801654,502259,20251201,1842000000,1879000000,2.01,CAMPAIGN
801655,502260,20260509,2889000000,2831000000,-2.01,STIMULATE_SLOW_MOVING
801656,502262,20260401,3651000000,3395000000,-7.01,STIMULATE_SLOW_MOVING
801657,502263,20250915,3707000000,3633000000,-2.0,STIMULATE_SLOW_MOVING
801658,502264,20260328,4671000000,4531000000,-3.0,STIMULATE_SLOW_MOVING
801659,502265,20260515,3343000000,3243000000,-2.99,STIMULATE_SLOW_MOVING
801660,502266,20251214,2138000000,2031000000,-5.0,STIMULATE_SLOW_MOVING
801661,502268,20260219,2798000000,2854000000,2.0,CAMPAIGN
801662,502269,20260514,4096000000,3973000000,-3.0,STIMULATE_SLOW_MOVING
801663,502270,20260406,4838000000,4741000000,-2.0,STIMULATE_SLOW_MOVING
801664,502271,20260319,5080000000,4826000000,-5.0,STIMULATE_SLOW_MOVING
801665,502272,20251211,4205000000,4079000000,-3.0,STIMULATE_SLOW_MOVING
801666,502273,20260519,3313000000,3147000000,-5.01,STIMULATE_SLOW_MOVING
801667,502274,20260612,2232000000,2120000000,-5.02,STIMULATE_SLOW_MOVING
801668,502275,20260429,3519000000,3449000000,-1.99,STIMULATE_SLOW_MOVING
801669,502277,20251120,4433000000,4344000000,-2.01,STIMULATE_SLOW_MOVING
801670,502278,20260414,2752000000,2669000000,-3.02,STIMULATE_SLOW_MOVING
801671,502279,20260606,3441000000,3338000000,-2.99,STIMULATE_SLOW_MOVING
801672,502281,20260220,2374000000,2208000000,-6.99,STIMULATE_SLOW_MOVING
801673,502282,20260222,2884000000,2826000000,-2.01,STIMULATE_SLOW_MOVING
801674,502283,20260424,4124000000,3918000000,-5.0,STIMULATE_SLOW_MOVING
801675,502284,20260412,2338000000,2385000000,2.01,CAMPAIGN
801676,502285,20250817,4598000000,4460000000,-3.0,STIMULATE_SLOW_MOVING
801677,502286,20260212,3580000000,3652000000,2.01,CAMPAIGN
801678,502287,20250728,3818000000,3627000000,-5.0,STIMULATE_SLOW_MOVING
801679,502288,20260529,2925000000,2837000000,-3.01,STIMULATE_SLOW_MOVING
801680,502290,20260224,2414000000,2245000000,-7.0,STIMULATE_SLOW_MOVING
801681,502291,20260317,3747000000,3672000000,-2.0,STIMULATE_SLOW_MOVING
801682,502292,20250704,2802000000,2746000000,-2.0,STIMULATE_SLOW_MOVING
801683,502294,20260214,2359000000,2406000000,1.99,CAMPAIGN
801684,502295,20260318,5381000000,5112000000,-5.0,STIMULATE_SLOW_MOVING
801685,502296,20260429,2034000000,1973000000,-3.0,STIMULATE_SLOW_MOVING
801686,502298,20260506,1544000000,1575000000,2.01,CAMPAIGN
801687,502299,20260313,2177000000,2133000000,-2.02,STIMULATE_SLOW_MOVING
801688,502301,20260504,2895000000,2750000000,-5.01,STIMULATE_SLOW_MOVING
801689,502303,20260210,4233000000,4148000000,-2.01,STIMULATE_SLOW_MOVING
801690,502304,20251117,4942000000,5041000000,2.0,CAMPAIGN
801691,502305,20250725,3467000000,3363000000,-3.0,STIMULATE_SLOW_MOVING
801692,502306,20251008,3627000000,3518000000,-3.01,STIMULATE_SLOW_MOVING
801693,502307,20250828,3516000000,3411000000,-2.99,STIMULATE_SLOW_MOVING
801694,502309,20251005,4038000000,3836000000,-5.0,STIMULATE_SLOW_MOVING
801695,502310,20251001,3661000000,3405000000,-6.99,STIMULATE_SLOW_MOVING
801696,502311,20260110,3292000000,3127000000,-5.01,STIMULATE_SLOW_MOVING
801697,502312,20251227,3757000000,3682000000,-2.0,STIMULATE_SLOW_MOVING
801698,502314,20260619,3007000000,3067000000,2.0,CAMPAIGN
801699,502316,20260211,3414000000,3175000000,-7.0,STIMULATE_SLOW_MOVING
801700,502317,20260406,4959000000,4860000000,-2.0,STIMULATE_SLOW_MOVING
801701,502319,20250509,2536000000,2409000000,-5.01,STIMULATE_SLOW_MOVING
801702,502320,20250521,2774000000,2691000000,-2.99,STIMULATE_SLOW_MOVING
801703,502321,20260622,4558000000,4421000000,-3.01,STIMULATE_SLOW_MOVING
801704,502323,20260322,2454000000,2331000000,-5.01,STIMULATE_SLOW_MOVING
801705,502324,20260405,2287000000,2173000000,-4.98,STIMULATE_SLOW_MOVING
801706,502325,20260128,2786000000,2702000000,-3.02,STIMULATE_SLOW_MOVING
801707,502326,20260511,2262000000,2194000000,-3.01,STIMULATE_SLOW_MOVING
801708,502328,20260608,3691000000,3617000000,-2.0,STIMULATE_SLOW_MOVING
801709,502329,20260218,2092000000,2029000000,-3.01,STIMULATE_SLOW_MOVING
801710,502330,20260208,4266000000,4351000000,1.99,CAMPAIGN
801711,502331,20260528,1769000000,1804000000,1.98,CAMPAIGN
801712,502332,20260326,2172000000,2020000000,-7.0,STIMULATE_SLOW_MOVING
801713,502333,20250929,4685000000,4544000000,-3.01,STIMULATE_SLOW_MOVING
801714,502337,20260629,4401000000,4269000000,-3.0,STIMULATE_SLOW_MOVING
801715,502338,20250825,3438000000,3335000000,-3.0,STIMULATE_SLOW_MOVING
801716,502339,20250712,4452000000,4318000000,-3.01,STIMULATE_SLOW_MOVING
801717,502340,20260603,1807000000,1753000000,-2.99,STIMULATE_SLOW_MOVING
801718,502341,20260226,2494000000,2369000000,-5.01,STIMULATE_SLOW_MOVING
801719,502342,20251209,3768000000,3504000000,-7.01,STIMULATE_SLOW_MOVING
801720,502343,20250806,3985000000,3786000000,-4.99,STIMULATE_SLOW_MOVING
801721,502344,20260623,2043000000,2002000000,-2.01,STIMULATE_SLOW_MOVING
801722,502345,20260425,4223000000,4096000000,-3.01,STIMULATE_SLOW_MOVING
801723,502346,20260519,3356000000,3188000000,-5.01,STIMULATE_SLOW_MOVING
801724,502347,20260118,2681000000,2547000000,-5.0,STIMULATE_SLOW_MOVING
801725,502349,20260308,3305000000,3404000000,3.0,CAMPAIGN
801726,502350,20260331,2755000000,2617000000,-5.01,STIMULATE_SLOW_MOVING
801727,502352,20260410,2121000000,2057000000,-3.02,STIMULATE_SLOW_MOVING
801728,502353,20250721,2438000000,2267000000,-7.01,STIMULATE_SLOW_MOVING
801729,502354,20250721,2649000000,2517000000,-4.98,STIMULATE_SLOW_MOVING
801730,502356,20260417,3509000000,3334000000,-4.99,STIMULATE_SLOW_MOVING
801731,502358,20260126,5347000000,5454000000,2.0,CAMPAIGN
801732,502360,20260506,4006000000,3726000000,-6.99,STIMULATE_SLOW_MOVING
801733,502362,20260421,2888000000,2830000000,-2.01,STIMULATE_SLOW_MOVING
801734,502363,20260521,3723000000,3537000000,-5.0,STIMULATE_SLOW_MOVING
801735,502364,20260422,2863000000,2663000000,-6.99,STIMULATE_SLOW_MOVING
801736,502365,20250519,2587000000,2458000000,-4.99,STIMULATE_SLOW_MOVING
801737,502368,20260620,4251000000,4038000000,-5.01,STIMULATE_SLOW_MOVING
801738,502370,20260314,4470000000,4336000000,-3.0,STIMULATE_SLOW_MOVING
801739,502371,20260309,3291000000,3192000000,-3.01,STIMULATE_SLOW_MOVING
801740,502372,20251021,3671000000,3561000000,-3.0,STIMULATE_SLOW_MOVING
801741,502374,20260531,4760000000,4427000000,-7.0,STIMULATE_SLOW_MOVING
801742,502375,20260624,2703000000,2649000000,-2.0,STIMULATE_SLOW_MOVING
801743,502376,20251205,2909000000,2996000000,2.99,CAMPAIGN
801744,502378,20260609,4937000000,4690000000,-5.0,STIMULATE_SLOW_MOVING
801745,502379,20260409,3331000000,3164000000,-5.01,STIMULATE_SLOW_MOVING
801746,502381,20260622,3467000000,3363000000,-3.0,STIMULATE_SLOW_MOVING
801747,502382,20260419,2384000000,2312000000,-3.02,STIMULATE_SLOW_MOVING
801748,502385,20250801,2858000000,2658000000,-7.0,STIMULATE_SLOW_MOVING
801749,502386,20260211,2254000000,2299000000,2.0,CAMPAIGN
801750,502388,20260416,4424000000,4291000000,-3.01,STIMULATE_SLOW_MOVING
801751,502389,20260131,2753000000,2670000000,-3.01,STIMULATE_SLOW_MOVING
801752,502390,20260508,2965000000,2757000000,-7.02,STIMULATE_SLOW_MOVING
801753,502391,20260528,2370000000,2441000000,3.0,CAMPAIGN
801754,502392,20260421,4231000000,4104000000,-3.0,STIMULATE_SLOW_MOVING
801755,502393,20250911,3766000000,3653000000,-3.0,STIMULATE_SLOW_MOVING
801756,502394,20260222,4205000000,4079000000,-3.0,STIMULATE_SLOW_MOVING
801757,502395,20250806,2286000000,2217000000,-3.02,STIMULATE_SLOW_MOVING
801758,502396,20260319,4565000000,4656000000,1.99,CAMPAIGN
801759,502397,20260222,3940000000,3743000000,-5.0,STIMULATE_SLOW_MOVING
801760,502398,20260529,3895000000,3700000000,-5.01,STIMULATE_SLOW_MOVING
801761,502399,20260522,3194000000,3130000000,-2.0,STIMULATE_SLOW_MOVING
801762,502400,20260621,2445000000,2396000000,-2.0,STIMULATE_SLOW_MOVING
801763,502401,20260225,3028000000,3119000000,3.01,CAMPAIGN
801764,502405,20260106,3352000000,3251000000,-3.01,STIMULATE_SLOW_MOVING
801765,502406,20260623,2604000000,2552000000,-2.0,STIMULATE_SLOW_MOVING
801766,502408,20260103,2409000000,2337000000,-2.99,STIMULATE_SLOW_MOVING
801767,502409,20251110,3537000000,3360000000,-5.0,STIMULATE_SLOW_MOVING
801768,502411,20250826,3786000000,3672000000,-3.01,STIMULATE_SLOW_MOVING
801769,502413,20260228,3979000000,3860000000,-2.99,STIMULATE_SLOW_MOVING
801770,502414,20260104,2857000000,2943000000,3.01,CAMPAIGN
801771,502415,20260327,2489000000,2315000000,-6.99,STIMULATE_SLOW_MOVING
801772,502418,20260421,3180000000,3021000000,-5.0,STIMULATE_SLOW_MOVING
801773,502419,20260228,3291000000,3126000000,-5.01,STIMULATE_SLOW_MOVING
801774,502420,20260613,2887000000,2945000000,2.01,CAMPAIGN
801775,502421,20260410,4403000000,4315000000,-2.0,STIMULATE_SLOW_MOVING
801776,502422,20260502,3156000000,3061000000,-3.01,STIMULATE_SLOW_MOVING
801777,502426,20260612,3695000000,3621000000,-2.0,STIMULATE_SLOW_MOVING
801778,502427,20260531,2545000000,2469000000,-2.99,STIMULATE_SLOW_MOVING
801779,502428,20250619,3364000000,3196000000,-4.99,STIMULATE_SLOW_MOVING
801780,502430,20260219,3396000000,3158000000,-7.01,STIMULATE_SLOW_MOVING
801781,502431,20250731,3145000000,2988000000,-4.99,STIMULATE_SLOW_MOVING
801782,502433,20260428,3223000000,3062000000,-5.0,STIMULATE_SLOW_MOVING
801783,502435,20260309,4882000000,4736000000,-2.99,STIMULATE_SLOW_MOVING
801784,502436,20260424,3537000000,3289000000,-7.01,STIMULATE_SLOW_MOVING
801785,502438,20251224,4079000000,3875000000,-5.0,STIMULATE_SLOW_MOVING
801786,502439,20260218,3760000000,3497000000,-6.99,STIMULATE_SLOW_MOVING
801787,502440,20251111,3393000000,3461000000,2.0,CAMPAIGN
801788,502444,20260308,3189000000,3125000000,-2.01,STIMULATE_SLOW_MOVING
801789,502445,20251016,2964000000,2875000000,-3.0,STIMULATE_SLOW_MOVING
801790,502447,20260512,2848000000,2763000000,-2.98,STIMULATE_SLOW_MOVING
801791,502448,20260617,4018000000,3817000000,-5.0,STIMULATE_SLOW_MOVING
801792,502449,20260523,3149000000,3212000000,2.0,CAMPAIGN
801793,502450,20260228,3197000000,3037000000,-5.0,STIMULATE_SLOW_MOVING
801794,502452,20260204,3758000000,3570000000,-5.0,STIMULATE_SLOW_MOVING
801795,502454,20260620,3540000000,3363000000,-5.0,STIMULATE_SLOW_MOVING
801796,502458,20260121,4144000000,4061000000,-2.0,STIMULATE_SLOW_MOVING
801797,502459,20260414,3260000000,3358000000,3.01,CAMPAIGN
801798,502460,20260204,2091000000,2049000000,-2.01,STIMULATE_SLOW_MOVING
801799,502461,20250620,2702000000,2513000000,-6.99,STIMULATE_SLOW_MOVING
801800,502462,20260216,3395000000,3157000000,-7.01,STIMULATE_SLOW_MOVING
801801,502463,20260315,2274000000,2206000000,-2.99,STIMULATE_SLOW_MOVING
801802,502464,20260507,3029000000,2817000000,-7.0,STIMULATE_SLOW_MOVING
801803,502465,20260518,2922000000,2834000000,-3.01,STIMULATE_SLOW_MOVING
801804,502467,20260106,2814000000,2758000000,-1.99,STIMULATE_SLOW_MOVING
801805,502469,20260529,5072000000,4818000000,-5.01,STIMULATE_SLOW_MOVING
801806,502470,20250517,3291000000,3061000000,-6.99,STIMULATE_SLOW_MOVING
801807,502472,20260314,1913000000,1817000000,-5.02,STIMULATE_SLOW_MOVING
801808,502473,20260311,2624000000,2703000000,3.01,CAMPAIGN
801809,502474,20260310,2018000000,1917000000,-5.0,STIMULATE_SLOW_MOVING
801810,502475,20260113,3582000000,3475000000,-2.99,STIMULATE_SLOW_MOVING
801811,502476,20251224,3224000000,2998000000,-7.01,STIMULATE_SLOW_MOVING
801812,502478,20260620,2688000000,2769000000,3.01,CAMPAIGN
801813,502479,20260622,3828000000,3713000000,-3.0,STIMULATE_SLOW_MOVING
801814,502480,20251211,4188000000,3979000000,-4.99,STIMULATE_SLOW_MOVING
801815,502481,20250414,3214000000,3118000000,-2.99,STIMULATE_SLOW_MOVING
801816,502482,20260421,1547000000,1439000000,-6.98,STIMULATE_SLOW_MOVING
801817,502483,20260228,2095000000,1948000000,-7.02,STIMULATE_SLOW_MOVING
801818,502484,20260406,2400000000,2328000000,-3.0,STIMULATE_SLOW_MOVING
801819,502485,20251213,4136000000,4012000000,-3.0,STIMULATE_SLOW_MOVING
801820,502488,20260321,3275000000,3111000000,-5.01,STIMULATE_SLOW_MOVING
801821,502489,20260617,3270000000,3172000000,-3.0,STIMULATE_SLOW_MOVING
801822,502490,20260109,4439000000,4128000000,-7.01,STIMULATE_SLOW_MOVING
801823,502491,20260416,3082000000,2866000000,-7.01,STIMULATE_SLOW_MOVING
801824,502493,20251111,4799000000,4895000000,2.0,CAMPAIGN
801825,502494,20260609,2624000000,2676000000,1.98,CAMPAIGN
801826,502495,20260607,5149000000,4995000000,-2.99,STIMULATE_SLOW_MOVING
801827,502496,20260626,3891000000,3696000000,-5.01,STIMULATE_SLOW_MOVING
801828,502497,20250430,5603000000,5435000000,-3.0,STIMULATE_SLOW_MOVING
801829,502498,20251214,4987000000,4738000000,-4.99,STIMULATE_SLOW_MOVING
801830,502499,20251104,3193000000,3033000000,-5.01,STIMULATE_SLOW_MOVING
801831,502501,20260305,4919000000,4673000000,-5.0,STIMULATE_SLOW_MOVING
801832,502502,20260324,5074000000,4820000000,-5.01,STIMULATE_SLOW_MOVING
801833,502505,20260510,3203000000,3107000000,-3.0,STIMULATE_SLOW_MOVING
801834,502507,20260126,3369000000,3201000000,-4.99,STIMULATE_SLOW_MOVING
801835,502508,20260328,3600000000,3672000000,2.0,CAMPAIGN
801836,502509,20260210,3139000000,3202000000,2.01,CAMPAIGN
801837,502511,20260427,3636000000,3527000000,-3.0,STIMULATE_SLOW_MOVING
801838,502512,20260526,3220000000,3059000000,-5.0,STIMULATE_SLOW_MOVING
801839,502513,20251230,3685000000,3574000000,-3.01,STIMULATE_SLOW_MOVING
801840,502514,20251117,4839000000,4984000000,3.0,CAMPAIGN
801841,502516,20260610,2759000000,2621000000,-5.0,STIMULATE_SLOW_MOVING
801842,502517,20260303,4525000000,4299000000,-4.99,STIMULATE_SLOW_MOVING
801843,502518,20250801,2010000000,1950000000,-2.99,STIMULATE_SLOW_MOVING
801844,502520,20250701,3072000000,3011000000,-1.99,STIMULATE_SLOW_MOVING
801845,502521,20251011,2686000000,2632000000,-2.01,STIMULATE_SLOW_MOVING
801846,502524,20260424,2862000000,2662000000,-6.99,STIMULATE_SLOW_MOVING
801847,502525,20260616,3425000000,3493000000,1.99,CAMPAIGN
801848,502527,20251210,3895000000,3778000000,-3.0,STIMULATE_SLOW_MOVING
801849,502528,20260408,4427000000,4294000000,-3.0,STIMULATE_SLOW_MOVING
801850,502529,20260225,2755000000,2672000000,-3.01,STIMULATE_SLOW_MOVING
801851,502532,20250928,2361000000,2432000000,3.01,CAMPAIGN
801852,502533,20260429,3032000000,3093000000,2.01,CAMPAIGN
801853,502534,20251127,4932000000,4833000000,-2.01,STIMULATE_SLOW_MOVING
801854,502535,20260320,3717000000,3829000000,3.01,CAMPAIGN
801855,502536,20260415,4184000000,4058000000,-3.01,STIMULATE_SLOW_MOVING
801856,502537,20250629,3162000000,2941000000,-6.99,STIMULATE_SLOW_MOVING
801857,502538,20250412,2292000000,2246000000,-2.01,STIMULATE_SLOW_MOVING
801858,502539,20250802,1646000000,1597000000,-2.98,STIMULATE_SLOW_MOVING
801859,502540,20260528,4645000000,4506000000,-2.99,STIMULATE_SLOW_MOVING
801860,502541,20260507,3817000000,3893000000,1.99,CAMPAIGN
801861,502542,20260515,3007000000,2947000000,-2.0,STIMULATE_SLOW_MOVING
801862,502543,20260117,2918000000,2830000000,-3.02,STIMULATE_SLOW_MOVING
801863,502544,20260415,1660000000,1627000000,-1.99,STIMULATE_SLOW_MOVING
801864,502545,20260502,3236000000,3074000000,-5.01,STIMULATE_SLOW_MOVING
801865,502546,20260307,2951000000,2803000000,-5.02,STIMULATE_SLOW_MOVING
801866,502547,20260602,2975000000,2767000000,-6.99,STIMULATE_SLOW_MOVING
801867,502549,20251231,1549000000,1580000000,2.0,CAMPAIGN
801868,502550,20251211,4287000000,4073000000,-4.99,STIMULATE_SLOW_MOVING
801869,502551,20260627,3138000000,3232000000,3.0,CAMPAIGN
801870,502552,20260402,3305000000,3140000000,-4.99,STIMULATE_SLOW_MOVING
801871,502553,20250704,3435000000,3332000000,-3.0,STIMULATE_SLOW_MOVING
801872,502554,20260525,4185000000,3976000000,-4.99,STIMULATE_SLOW_MOVING
801873,502556,20250524,1850000000,1887000000,2.0,CAMPAIGN
801874,502557,20260606,3797000000,3911000000,3.0,CAMPAIGN
801875,502558,20260612,3770000000,3657000000,-3.0,STIMULATE_SLOW_MOVING
801876,502560,20260201,2336000000,2266000000,-3.0,STIMULATE_SLOW_MOVING
801877,502561,20260623,2348000000,2184000000,-6.98,STIMULATE_SLOW_MOVING
801878,502562,20260622,5011000000,4760000000,-5.01,STIMULATE_SLOW_MOVING
801879,502563,20251021,2957000000,2809000000,-5.01,STIMULATE_SLOW_MOVING
801880,502564,20250919,2974000000,3033000000,1.98,CAMPAIGN
801881,502566,20260318,3121000000,3183000000,1.99,CAMPAIGN
801882,502567,20250826,3055000000,2994000000,-2.0,STIMULATE_SLOW_MOVING
801883,502568,20260321,2380000000,2428000000,2.02,CAMPAIGN
801884,502570,20260605,3561000000,3490000000,-1.99,STIMULATE_SLOW_MOVING
801885,502571,20251225,3618000000,3437000000,-5.0,STIMULATE_SLOW_MOVING
801886,502572,20260124,2703000000,2514000000,-6.99,STIMULATE_SLOW_MOVING
801887,502574,20260505,3400000000,3468000000,2.0,CAMPAIGN
801888,502577,20251106,3079000000,3017000000,-2.01,STIMULATE_SLOW_MOVING
801889,502578,20251211,3829000000,3944000000,3.0,CAMPAIGN
801890,502579,20260131,4366000000,4235000000,-3.0,STIMULATE_SLOW_MOVING
801891,502580,20260521,3838000000,3761000000,-2.01,STIMULATE_SLOW_MOVING
801892,502583,20260620,2751000000,2558000000,-7.02,STIMULATE_SLOW_MOVING
801893,502584,20260226,5087000000,4934000000,-3.01,STIMULATE_SLOW_MOVING
801894,502586,20250917,3514000000,3338000000,-5.01,STIMULATE_SLOW_MOVING
801895,502588,20260423,3211000000,3115000000,-2.99,STIMULATE_SLOW_MOVING
801896,502589,20260516,4454000000,4320000000,-3.01,STIMULATE_SLOW_MOVING
801897,502590,20260526,5029000000,4778000000,-4.99,STIMULATE_SLOW_MOVING
801898,502591,20250705,3396000000,3294000000,-3.0,STIMULATE_SLOW_MOVING
801899,502593,20260530,3424000000,3184000000,-7.01,STIMULATE_SLOW_MOVING
801900,502594,20251229,4972000000,4873000000,-1.99,STIMULATE_SLOW_MOVING
801901,502595,20260317,2866000000,2780000000,-3.0,STIMULATE_SLOW_MOVING
801902,502598,20260220,3168000000,3263000000,3.0,CAMPAIGN
801903,502599,20250904,4837000000,4692000000,-3.0,STIMULATE_SLOW_MOVING
801904,502601,20251017,5253000000,4885000000,-7.01,STIMULATE_SLOW_MOVING
801905,502603,20260503,2019000000,1979000000,-1.98,STIMULATE_SLOW_MOVING
801906,502607,20260616,2648000000,2569000000,-2.98,STIMULATE_SLOW_MOVING
801907,502608,20260402,2284000000,2215000000,-3.02,STIMULATE_SLOW_MOVING
801908,502610,20260625,3163000000,2942000000,-6.99,STIMULATE_SLOW_MOVING
801909,502612,20260331,2817000000,2676000000,-5.01,STIMULATE_SLOW_MOVING
801910,502613,20260603,2393000000,2273000000,-5.01,STIMULATE_SLOW_MOVING
801911,502614,20260319,3358000000,3190000000,-5.0,STIMULATE_SLOW_MOVING
801912,502616,20260429,2774000000,2719000000,-1.98,STIMULATE_SLOW_MOVING
801913,502618,20260306,3678000000,3568000000,-2.99,STIMULATE_SLOW_MOVING
801914,502619,20250901,3153000000,2995000000,-5.01,STIMULATE_SLOW_MOVING
801915,502621,20260625,3344000000,3177000000,-4.99,STIMULATE_SLOW_MOVING
801916,502623,20250520,5156000000,5001000000,-3.01,STIMULATE_SLOW_MOVING
801917,502625,20250802,2988000000,2928000000,-2.01,STIMULATE_SLOW_MOVING
801918,502626,20260318,2355000000,2308000000,-2.0,STIMULATE_SLOW_MOVING
801919,502628,20260528,2144000000,2080000000,-2.99,STIMULATE_SLOW_MOVING
801920,502631,20260420,3563000000,3385000000,-5.0,STIMULATE_SLOW_MOVING
801921,502632,20250902,2854000000,2768000000,-3.01,STIMULATE_SLOW_MOVING
801922,502633,20260311,3213000000,3117000000,-2.99,STIMULATE_SLOW_MOVING
801923,502634,20260408,3432000000,3535000000,3.0,CAMPAIGN
801924,502635,20260419,5446000000,5609000000,2.99,CAMPAIGN
801925,502636,20250916,2697000000,2751000000,2.0,CAMPAIGN
801926,502637,20251029,3734000000,3547000000,-5.01,STIMULATE_SLOW_MOVING
801927,502638,20250419,3751000000,3488000000,-7.01,STIMULATE_SLOW_MOVING
801928,502639,20251205,3847000000,3655000000,-4.99,STIMULATE_SLOW_MOVING
801929,502640,20260330,3228000000,3293000000,2.01,CAMPAIGN
801930,502641,20260312,3783000000,3859000000,2.01,CAMPAIGN
801931,502643,20260425,3605000000,3533000000,-2.0,STIMULATE_SLOW_MOVING
801932,502644,20251006,4758000000,4663000000,-2.0,STIMULATE_SLOW_MOVING
801933,502645,20260415,3084000000,2930000000,-4.99,STIMULATE_SLOW_MOVING
801934,502647,20250717,2636000000,2583000000,-2.01,STIMULATE_SLOW_MOVING
801935,502648,20251111,3015000000,3075000000,1.99,CAMPAIGN
801936,502649,20260409,2433000000,2384000000,-2.01,STIMULATE_SLOW_MOVING
801937,502650,20260228,2872000000,2671000000,-7.0,STIMULATE_SLOW_MOVING
801938,502651,20260607,3518000000,3624000000,3.01,CAMPAIGN
801939,502653,20251102,4948000000,4701000000,-4.99,STIMULATE_SLOW_MOVING
801940,502654,20260423,3563000000,3314000000,-6.99,STIMULATE_SLOW_MOVING
801941,502655,20251031,3537000000,3431000000,-3.0,STIMULATE_SLOW_MOVING
801942,502656,20260419,3503000000,3433000000,-2.0,STIMULATE_SLOW_MOVING
801943,502659,20260102,3355000000,3422000000,2.0,CAMPAIGN
801944,502661,20260303,3193000000,3257000000,2.0,CAMPAIGN
801945,502662,20260514,2471000000,2520000000,1.98,CAMPAIGN
801946,502664,20260620,3361000000,3193000000,-5.0,STIMULATE_SLOW_MOVING
801947,502665,20251110,2929000000,2783000000,-4.98,STIMULATE_SLOW_MOVING
801948,502667,20260511,3688000000,3430000000,-7.0,STIMULATE_SLOW_MOVING
801949,502668,20260215,2375000000,2304000000,-2.99,STIMULATE_SLOW_MOVING
801950,502669,20260218,2873000000,2729000000,-5.01,STIMULATE_SLOW_MOVING
801951,502670,20260503,3432000000,3192000000,-6.99,STIMULATE_SLOW_MOVING
801952,502672,20250723,4163000000,4246000000,1.99,CAMPAIGN
801953,502673,20260101,5178000000,5333000000,2.99,CAMPAIGN
801954,502675,20260119,1877000000,1746000000,-6.98,STIMULATE_SLOW_MOVING
801955,502680,20251005,3416000000,3245000000,-5.01,STIMULATE_SLOW_MOVING
801956,502681,20260603,4071000000,3949000000,-3.0,STIMULATE_SLOW_MOVING
801957,502682,20260316,2429000000,2259000000,-7.0,STIMULATE_SLOW_MOVING
801958,502685,20260322,3160000000,3223000000,1.99,CAMPAIGN
801959,502687,20260601,3569000000,3462000000,-3.0,STIMULATE_SLOW_MOVING
801960,502688,20251015,3151000000,2993000000,-5.01,STIMULATE_SLOW_MOVING
801961,502689,20260324,3290000000,3060000000,-6.99,STIMULATE_SLOW_MOVING
801962,502690,20260430,2845000000,2902000000,2.0,CAMPAIGN
801963,502692,20260207,2564000000,2487000000,-3.0,STIMULATE_SLOW_MOVING
801964,502695,20251018,5133000000,4979000000,-3.0,STIMULATE_SLOW_MOVING
801965,502696,20251005,4289000000,4160000000,-3.01,STIMULATE_SLOW_MOVING
801966,502698,20260402,2893000000,2835000000,-2.0,STIMULATE_SLOW_MOVING
801967,502699,20260408,2665000000,2612000000,-1.99,STIMULATE_SLOW_MOVING
801968,502700,20260608,3157000000,3094000000,-2.0,STIMULATE_SLOW_MOVING
801969,502701,20260507,4812000000,4668000000,-2.99,STIMULATE_SLOW_MOVING
801970,502702,20260325,3808000000,3694000000,-2.99,STIMULATE_SLOW_MOVING
801971,502703,20260417,4561000000,4470000000,-2.0,STIMULATE_SLOW_MOVING
801972,502704,20260503,2034000000,1993000000,-2.02,STIMULATE_SLOW_MOVING
801973,502705,20250418,2900000000,2697000000,-7.0,STIMULATE_SLOW_MOVING
801974,502706,20251208,3254000000,3091000000,-5.01,STIMULATE_SLOW_MOVING
801975,502707,20250814,2759000000,2676000000,-3.01,STIMULATE_SLOW_MOVING
801976,502708,20260506,2426000000,2353000000,-3.01,STIMULATE_SLOW_MOVING
801977,502709,20260524,1733000000,1698000000,-2.02,STIMULATE_SLOW_MOVING
801978,502710,20260301,3568000000,3390000000,-4.99,STIMULATE_SLOW_MOVING
801979,502711,20251225,3119000000,3213000000,3.01,CAMPAIGN
801980,502713,20260626,3439000000,3267000000,-5.0,STIMULATE_SLOW_MOVING
801981,502714,20251113,4622000000,4391000000,-5.0,STIMULATE_SLOW_MOVING
801982,502715,20251213,3651000000,3395000000,-7.01,STIMULATE_SLOW_MOVING
801983,502717,20251127,5090000000,4937000000,-3.01,STIMULATE_SLOW_MOVING
801984,502718,20260407,3407000000,3339000000,-2.0,STIMULATE_SLOW_MOVING
801985,502719,20251230,3166000000,3229000000,1.99,CAMPAIGN
801986,502720,20260601,1496000000,1421000000,-5.01,STIMULATE_SLOW_MOVING
801987,502721,20260513,4273000000,4358000000,1.99,CAMPAIGN
801988,502722,20250616,4185000000,4059000000,-3.01,STIMULATE_SLOW_MOVING
801989,502723,20260409,4668000000,4575000000,-1.99,STIMULATE_SLOW_MOVING
801990,502724,20250629,3404000000,3234000000,-4.99,STIMULATE_SLOW_MOVING
801991,502725,20260226,3993000000,3873000000,-3.01,STIMULATE_SLOW_MOVING
801992,502727,20250711,2795000000,2655000000,-5.01,STIMULATE_SLOW_MOVING
801993,502731,20260206,4067000000,4189000000,3.0,CAMPAIGN
801994,502732,20260309,3640000000,3713000000,2.01,CAMPAIGN
801995,502733,20251228,2923000000,2865000000,-1.98,STIMULATE_SLOW_MOVING
801996,502734,20260609,3214000000,3150000000,-1.99,STIMULATE_SLOW_MOVING
801997,502735,20260430,3201000000,3041000000,-5.0,STIMULATE_SLOW_MOVING
801998,502736,20260625,4422000000,4289000000,-3.01,STIMULATE_SLOW_MOVING
801999,502737,20250910,2539000000,2412000000,-5.0,STIMULATE_SLOW_MOVING
802000,502738,20260223,3272000000,3337000000,1.99,CAMPAIGN
802001,502739,20260616,2976000000,2827000000,-5.01,STIMULATE_SLOW_MOVING
802002,502740,20250804,2514000000,2388000000,-5.01,STIMULATE_SLOW_MOVING
802003,502741,20260126,4710000000,4616000000,-2.0,STIMULATE_SLOW_MOVING
802004,502743,20260609,3343000000,3276000000,-2.0,STIMULATE_SLOW_MOVING
802005,502744,20260421,4897000000,4750000000,-3.0,STIMULATE_SLOW_MOVING
802006,502745,20251223,3238000000,3141000000,-3.0,STIMULATE_SLOW_MOVING
802007,502746,20260403,3264000000,3166000000,-3.0,STIMULATE_SLOW_MOVING
802008,502747,20250728,2294000000,2133000000,-7.02,STIMULATE_SLOW_MOVING
802009,502749,20260508,3340000000,3273000000,-2.01,STIMULATE_SLOW_MOVING
802010,502751,20260320,4202000000,3992000000,-5.0,STIMULATE_SLOW_MOVING
802011,502752,20260205,3766000000,3841000000,1.99,CAMPAIGN
802012,502753,20260619,3455000000,3282000000,-5.01,STIMULATE_SLOW_MOVING
802013,502754,20260304,2666000000,2479000000,-7.01,STIMULATE_SLOW_MOVING
802014,502755,20260207,3095000000,3188000000,3.0,CAMPAIGN
802015,502756,20260620,3645000000,3572000000,-2.0,STIMULATE_SLOW_MOVING
802016,502757,20260314,2698000000,2779000000,3.0,CAMPAIGN
802017,502758,20260309,5074000000,4719000000,-7.0,STIMULATE_SLOW_MOVING
802018,502760,20260216,3402000000,3232000000,-5.0,STIMULATE_SLOW_MOVING
802019,502761,20260323,4702000000,4467000000,-5.0,STIMULATE_SLOW_MOVING
802020,502762,20260422,3039000000,2887000000,-5.0,STIMULATE_SLOW_MOVING
802021,502763,20260115,3467000000,3294000000,-4.99,STIMULATE_SLOW_MOVING
802022,502764,20260220,1738000000,1686000000,-2.99,STIMULATE_SLOW_MOVING
802023,502765,20251116,3146000000,2989000000,-4.99,STIMULATE_SLOW_MOVING
802024,502766,20250811,3296000000,3197000000,-3.0,STIMULATE_SLOW_MOVING
802025,502767,20260508,2997000000,2937000000,-2.0,STIMULATE_SLOW_MOVING
802026,502768,20260428,2657000000,2471000000,-7.0,STIMULATE_SLOW_MOVING
802027,502771,20260503,1830000000,1793000000,-2.02,STIMULATE_SLOW_MOVING
802028,502772,20251205,2513000000,2337000000,-7.0,STIMULATE_SLOW_MOVING
802029,502774,20260624,2386000000,2338000000,-2.01,STIMULATE_SLOW_MOVING
802030,502776,20260208,2207000000,2163000000,-1.99,STIMULATE_SLOW_MOVING
802031,502777,20260407,2579000000,2502000000,-2.99,STIMULATE_SLOW_MOVING
802032,502778,20260523,3355000000,3456000000,3.01,CAMPAIGN
802033,502779,20260605,3036000000,3097000000,2.01,CAMPAIGN
802034,502780,20260606,1992000000,1952000000,-2.01,STIMULATE_SLOW_MOVING
802035,502781,20260428,2587000000,2458000000,-4.99,STIMULATE_SLOW_MOVING
802036,502782,20260625,4471000000,4560000000,1.99,CAMPAIGN
802037,502783,20260514,2772000000,2578000000,-7.0,STIMULATE_SLOW_MOVING
802038,502784,20260130,2151000000,2043000000,-5.02,STIMULATE_SLOW_MOVING
802039,502785,20250831,3206000000,3142000000,-2.0,STIMULATE_SLOW_MOVING
802040,502787,20260107,3308000000,3143000000,-4.99,STIMULATE_SLOW_MOVING
802041,502788,20260419,4072000000,3950000000,-3.0,STIMULATE_SLOW_MOVING
802042,502789,20250629,3609000000,3356000000,-7.01,STIMULATE_SLOW_MOVING
802043,502791,20260520,4718000000,4576000000,-3.01,STIMULATE_SLOW_MOVING
802044,502794,20260111,2145000000,2081000000,-2.98,STIMULATE_SLOW_MOVING
802045,502796,20260602,2454000000,2282000000,-7.01,STIMULATE_SLOW_MOVING
802046,502797,20251213,3301000000,3400000000,3.0,CAMPAIGN
802047,502798,20260429,3856000000,3663000000,-5.01,STIMULATE_SLOW_MOVING
802048,502799,20260217,1822000000,1858000000,1.98,CAMPAIGN
802049,502800,20260325,3643000000,3570000000,-2.0,STIMULATE_SLOW_MOVING
802050,502801,20250726,3482000000,3412000000,-2.01,STIMULATE_SLOW_MOVING
802051,502803,20250908,3112000000,2894000000,-7.01,STIMULATE_SLOW_MOVING
802052,502804,20260326,4069000000,3784000000,-7.0,STIMULATE_SLOW_MOVING
802053,502805,20260516,2565000000,2514000000,-1.99,STIMULATE_SLOW_MOVING
802054,502806,20260425,4241000000,4029000000,-5.0,STIMULATE_SLOW_MOVING
802055,502807,20251108,3083000000,2929000000,-5.0,STIMULATE_SLOW_MOVING
802056,502809,20260126,3420000000,3249000000,-5.0,STIMULATE_SLOW_MOVING
802057,502812,20251014,1882000000,1750000000,-7.01,STIMULATE_SLOW_MOVING
802058,502813,20251129,4872000000,4726000000,-3.0,STIMULATE_SLOW_MOVING
802059,502814,20251115,2883000000,2739000000,-4.99,STIMULATE_SLOW_MOVING
802060,502815,20260109,2852000000,2909000000,2.0,CAMPAIGN
802061,502818,20260131,2543000000,2467000000,-2.99,STIMULATE_SLOW_MOVING
802062,502819,20251130,3192000000,3096000000,-3.01,STIMULATE_SLOW_MOVING
802063,502820,20260524,2527000000,2401000000,-4.99,STIMULATE_SLOW_MOVING
802064,502821,20260117,1787000000,1698000000,-4.98,STIMULATE_SLOW_MOVING
802065,502822,20260429,4765000000,4431000000,-7.01,STIMULATE_SLOW_MOVING
802066,502823,20260604,3865000000,3594000000,-7.01,STIMULATE_SLOW_MOVING
802067,502824,20260414,2657000000,2604000000,-1.99,STIMULATE_SLOW_MOVING
802068,502825,20260628,3859000000,3743000000,-3.01,STIMULATE_SLOW_MOVING
802069,502826,20251124,3944000000,4023000000,2.0,CAMPAIGN
802070,502828,20260111,3472000000,3298000000,-5.01,STIMULATE_SLOW_MOVING
802071,502829,20250830,2965000000,3024000000,1.99,CAMPAIGN
802072,502830,20260302,2121000000,2079000000,-1.98,STIMULATE_SLOW_MOVING
802073,502833,20260306,3584000000,3476000000,-3.01,STIMULATE_SLOW_MOVING
802074,502834,20251011,5378000000,5002000000,-6.99,STIMULATE_SLOW_MOVING
802075,502835,20251024,3496000000,3251000000,-7.01,STIMULATE_SLOW_MOVING
802076,502836,20260217,4215000000,3920000000,-7.0,STIMULATE_SLOW_MOVING
802077,502838,20250817,4500000000,4410000000,-2.0,STIMULATE_SLOW_MOVING
802078,502839,20260219,2192000000,2082000000,-5.02,STIMULATE_SLOW_MOVING
802079,502841,20260603,2054000000,1951000000,-5.01,STIMULATE_SLOW_MOVING
802080,502842,20250701,5072000000,4818000000,-5.01,STIMULATE_SLOW_MOVING
802081,502844,20260515,3044000000,2831000000,-7.0,STIMULATE_SLOW_MOVING
802082,502846,20260502,3847000000,3732000000,-2.99,STIMULATE_SLOW_MOVING
802083,502847,20260321,2898000000,2811000000,-3.0,STIMULATE_SLOW_MOVING
802084,502848,20251129,3917000000,3839000000,-1.99,STIMULATE_SLOW_MOVING
802085,502849,20260623,2122000000,2186000000,3.02,CAMPAIGN
802086,502850,20260429,3568000000,3318000000,-7.01,STIMULATE_SLOW_MOVING
802087,502851,20251014,3120000000,2902000000,-6.99,STIMULATE_SLOW_MOVING
802088,502852,20260119,3587000000,3336000000,-7.0,STIMULATE_SLOW_MOVING
802089,502854,20260427,3298000000,3133000000,-5.0,STIMULATE_SLOW_MOVING
802090,502856,20260101,4197000000,4071000000,-3.0,STIMULATE_SLOW_MOVING
802091,502857,20260116,2456000000,2284000000,-7.0,STIMULATE_SLOW_MOVING
802092,502858,20260325,3087000000,2994000000,-3.01,STIMULATE_SLOW_MOVING
802093,502859,20260326,3098000000,2943000000,-5.0,STIMULATE_SLOW_MOVING
802094,502861,20260307,3276000000,3178000000,-2.99,STIMULATE_SLOW_MOVING
802095,502862,20260118,3640000000,3531000000,-2.99,STIMULATE_SLOW_MOVING
802096,502863,20260218,4523000000,4206000000,-7.01,STIMULATE_SLOW_MOVING
802097,502864,20250921,2725000000,2779000000,1.98,CAMPAIGN
802098,502865,20260519,2623000000,2544000000,-3.01,STIMULATE_SLOW_MOVING
802099,502866,20260304,3796000000,3720000000,-2.0,STIMULATE_SLOW_MOVING
802100,502867,20260320,1710000000,1676000000,-1.99,STIMULATE_SLOW_MOVING
802101,502870,20260316,4061000000,3858000000,-5.0,STIMULATE_SLOW_MOVING
802102,502872,20250714,2825000000,2684000000,-4.99,STIMULATE_SLOW_MOVING
802103,502874,20260126,3781000000,3705000000,-2.01,STIMULATE_SLOW_MOVING
802104,502875,20260517,3988000000,3789000000,-4.99,STIMULATE_SLOW_MOVING
802105,502876,20260607,3471000000,3367000000,-3.0,STIMULATE_SLOW_MOVING
802106,502879,20260402,3092000000,2999000000,-3.01,STIMULATE_SLOW_MOVING
802107,502880,20251216,3497000000,3392000000,-3.0,STIMULATE_SLOW_MOVING
802108,502884,20260605,4738000000,4596000000,-3.0,STIMULATE_SLOW_MOVING
802109,502885,20251228,2845000000,2646000000,-6.99,STIMULATE_SLOW_MOVING
802110,502886,20260209,3452000000,3210000000,-7.01,STIMULATE_SLOW_MOVING
802111,502887,20260514,3203000000,3043000000,-5.0,STIMULATE_SLOW_MOVING
802112,502888,20250519,3492000000,3422000000,-2.0,STIMULATE_SLOW_MOVING
802113,502890,20260514,3454000000,3385000000,-2.0,STIMULATE_SLOW_MOVING
802114,502893,20250624,4166000000,4041000000,-3.0,STIMULATE_SLOW_MOVING
802115,502894,20251206,4368000000,4062000000,-7.01,STIMULATE_SLOW_MOVING
802116,502898,20250606,3354000000,3186000000,-5.01,STIMULATE_SLOW_MOVING
802117,502899,20260612,2717000000,2581000000,-5.01,STIMULATE_SLOW_MOVING
802118,502901,20260412,4193000000,4067000000,-3.01,STIMULATE_SLOW_MOVING
802119,502902,20260621,3234000000,3072000000,-5.01,STIMULATE_SLOW_MOVING
802120,502903,20260626,3658000000,3585000000,-2.0,STIMULATE_SLOW_MOVING
802121,502904,20260526,3430000000,3327000000,-3.0,STIMULATE_SLOW_MOVING
802122,502905,20260507,5428000000,5537000000,2.01,CAMPAIGN
802123,502907,20260104,4801000000,4465000000,-7.0,STIMULATE_SLOW_MOVING
802124,502909,20260324,3043000000,2891000000,-5.0,STIMULATE_SLOW_MOVING
802125,502910,20260407,2123000000,1974000000,-7.02,STIMULATE_SLOW_MOVING
802126,502911,20260425,5460000000,5187000000,-5.0,STIMULATE_SLOW_MOVING
802127,502912,20260603,5386000000,5117000000,-4.99,STIMULATE_SLOW_MOVING
802128,502913,20260515,3633000000,3451000000,-5.01,STIMULATE_SLOW_MOVING
802129,502917,20260525,3809000000,3923000000,2.99,CAMPAIGN
802130,502918,20260408,4055000000,4177000000,3.01,CAMPAIGN
802131,502921,20260302,4835000000,4593000000,-5.01,STIMULATE_SLOW_MOVING
802132,502923,20260521,3249000000,3022000000,-6.99,STIMULATE_SLOW_MOVING
802133,502925,20260527,4336000000,4206000000,-3.0,STIMULATE_SLOW_MOVING
802134,502926,20260604,4140000000,3933000000,-5.0,STIMULATE_SLOW_MOVING
802135,502927,20250909,4455000000,4232000000,-5.01,STIMULATE_SLOW_MOVING
802136,502928,20251129,2588000000,2510000000,-3.01,STIMULATE_SLOW_MOVING
802137,502930,20250724,2278000000,2119000000,-6.98,STIMULATE_SLOW_MOVING
802138,502931,20260316,3094000000,3001000000,-3.01,STIMULATE_SLOW_MOVING
802139,502932,20260515,2512000000,2386000000,-5.02,STIMULATE_SLOW_MOVING
802140,502933,20260624,1825000000,1770000000,-3.01,STIMULATE_SLOW_MOVING
802141,502934,20260524,2907000000,2762000000,-4.99,STIMULATE_SLOW_MOVING
802142,502935,20260613,4128000000,4211000000,2.01,CAMPAIGN
802143,502936,20260421,2737000000,2545000000,-7.01,STIMULATE_SLOW_MOVING
802144,502937,20260506,3507000000,3437000000,-2.0,STIMULATE_SLOW_MOVING
802145,502938,20260524,3892000000,3814000000,-2.0,STIMULATE_SLOW_MOVING
802146,502939,20260223,4647000000,4740000000,2.0,CAMPAIGN
802147,502940,20251228,5442000000,5170000000,-5.0,STIMULATE_SLOW_MOVING
802148,502941,20250908,2950000000,3038000000,2.98,CAMPAIGN
802149,502942,20260612,3789000000,3675000000,-3.01,STIMULATE_SLOW_MOVING
802150,502943,20260414,3310000000,3409000000,2.99,CAMPAIGN
802151,502944,20251211,4966000000,5115000000,3.0,CAMPAIGN
802152,502945,20260624,4968000000,4819000000,-3.0,STIMULATE_SLOW_MOVING
802153,502946,20251207,3009000000,3099000000,2.99,CAMPAIGN
802154,502948,20260608,2313000000,2267000000,-1.99,STIMULATE_SLOW_MOVING
802155,502949,20250821,2640000000,2455000000,-7.01,STIMULATE_SLOW_MOVING
802156,502950,20260410,3458000000,3216000000,-7.0,STIMULATE_SLOW_MOVING
802157,502951,20260421,2665000000,2532000000,-4.99,STIMULATE_SLOW_MOVING
802158,502952,20260308,3140000000,2983000000,-5.0,STIMULATE_SLOW_MOVING
802159,502953,20260112,2842000000,2757000000,-2.99,STIMULATE_SLOW_MOVING
802160,502954,20260111,3873000000,3796000000,-1.99,STIMULATE_SLOW_MOVING
802161,502955,20260623,2767000000,2684000000,-3.0,STIMULATE_SLOW_MOVING
802162,502956,20260526,3152000000,3247000000,3.01,CAMPAIGN
802163,502957,20260324,1454000000,1410000000,-3.03,STIMULATE_SLOW_MOVING
802164,502958,20250824,3907000000,3790000000,-2.99,STIMULATE_SLOW_MOVING
802165,502959,20250718,5758000000,5585000000,-3.0,STIMULATE_SLOW_MOVING
802166,502960,20250922,2990000000,2930000000,-2.01,STIMULATE_SLOW_MOVING
802167,502961,20260128,3743000000,3556000000,-5.0,STIMULATE_SLOW_MOVING
802168,502963,20260201,3621000000,3549000000,-1.99,STIMULATE_SLOW_MOVING
802169,502964,20250816,2295000000,2134000000,-7.02,STIMULATE_SLOW_MOVING
802170,502966,20251217,2929000000,2870000000,-2.01,STIMULATE_SLOW_MOVING
802171,502968,20260329,4195000000,3985000000,-5.01,STIMULATE_SLOW_MOVING
802172,502969,20250810,5234000000,4972000000,-5.01,STIMULATE_SLOW_MOVING
802173,502970,20250827,3469000000,3400000000,-1.99,STIMULATE_SLOW_MOVING
802174,502971,20260501,4399000000,4179000000,-5.0,STIMULATE_SLOW_MOVING
802175,502973,20250523,3671000000,3598000000,-1.99,STIMULATE_SLOW_MOVING
802176,502975,20260215,4089000000,3885000000,-4.99,STIMULATE_SLOW_MOVING
802177,502976,20250529,2818000000,2677000000,-5.0,STIMULATE_SLOW_MOVING
802178,502977,20260517,3558000000,3487000000,-2.0,STIMULATE_SLOW_MOVING
802179,502978,20260226,3509000000,3579000000,1.99,CAMPAIGN
802180,502979,20260127,3231000000,3134000000,-3.0,STIMULATE_SLOW_MOVING
802181,502980,20251016,3257000000,3322000000,2.0,CAMPAIGN
802182,502981,20260616,3647000000,3465000000,-4.99,STIMULATE_SLOW_MOVING
802183,502982,20260305,5244000000,5139000000,-2.0,STIMULATE_SLOW_MOVING
802184,502983,20251026,3731000000,3843000000,3.0,CAMPAIGN
802185,502984,20260223,3502000000,3607000000,3.0,CAMPAIGN
802186,502986,20260405,2176000000,2024000000,-6.99,STIMULATE_SLOW_MOVING
802187,502987,20260520,4896000000,4994000000,2.0,CAMPAIGN
802188,502988,20251227,3419000000,3351000000,-1.99,STIMULATE_SLOW_MOVING
802189,502989,20251009,4149000000,3942000000,-4.99,STIMULATE_SLOW_MOVING
802190,502991,20260517,3055000000,2994000000,-2.0,STIMULATE_SLOW_MOVING
802191,502995,20260406,3101000000,3163000000,2.0,CAMPAIGN
802192,502996,20260323,2362000000,2197000000,-6.99,STIMULATE_SLOW_MOVING
802193,502998,20260504,1987000000,2027000000,2.01,CAMPAIGN
802194,503000,20260218,3714000000,3528000000,-5.01,STIMULATE_SLOW_MOVING
