diagnostic_id,cause_code,unit_key,snapshot_date_key,severity_rank,attribution_score,evidence_artifact_id
DIAG-20260630-TST-U00001,LEGAL_PERMIT_BARRIER,500001,20260630,1,0.892,
DIAG-20260630-TST-U00001,SECONDARY_ARBITRAGE,500001,20260630,2,0.108,
DIAG-20260630-TST-U00002,LEGAL_PERMIT_BARRIER,500002,20260630,1,0.891,
DIAG-20260630-TST-U00002,SECONDARY_ARBITRAGE,500002,20260630,2,0.109,
DIAG-20260630-TST-U00004,LEGAL_PERMIT_BARRIER,500004,20260630,1,0.737,
DIAG-20260630-TST-U00004,SECONDARY_ARBITRAGE,500004,20260630,2,0.15,
DIAG-20260630-TST-U00004,LUMP_SUM_TICKET_BARRIER,500004,20260630,3,0.113,
DIAG-20260630-TST-U00005,LEGAL_PERMIT_BARRIER,500005,20260630,1,0.901,
DIAG-20260630-TST-U00005,LOW_SALES_INCENTIVE,500005,20260630,2,0.099,
DIAG-20260630-TST-U00008,LEGAL_PERMIT_BARRIER,500008,20260630,1,0.763,
DIAG-20260630-TST-U00008,SECONDARY_ARBITRAGE,500008,20260630,2,0.126,
DIAG-20260630-TST-U00008,SEVERE_PHYSICAL_DEFECT,500008,20260630,3,0.111,
DIAG-20260630-TST-U00009,LEGAL_PERMIT_BARRIER,500009,20260630,1,1.0,
DIAG-20260630-TST-U00010,LEGAL_PERMIT_BARRIER,500010,20260630,1,0.772,
DIAG-20260630-TST-U00010,SEVERE_PHYSICAL_DEFECT,500010,20260630,2,0.116,
DIAG-20260630-TST-U00010,EXTREME_THERMAL_EXPOSURE,500010,20260630,3,0.112,
DIAG-20260630-TST-U00011,LEGAL_PERMIT_BARRIER,500011,20260630,1,0.786,
DIAG-20260630-TST-U00011,EXTREME_THERMAL_EXPOSURE,500011,20260630,2,0.11,
DIAG-20260630-TST-U00011,SECONDARY_ARBITRAGE,500011,20260630,3,0.104,
DIAG-20260630-TST-U00013,LEGAL_PERMIT_BARRIER,500013,20260630,1,0.767,
DIAG-20260630-TST-U00013,SECONDARY_ARBITRAGE,500013,20260630,2,0.118,
DIAG-20260630-TST-U00013,SEVERE_PHYSICAL_DEFECT,500013,20260630,3,0.115,
DIAG-20260630-TST-U00015,LEGAL_PERMIT_BARRIER,500015,20260630,1,0.882,
DIAG-20260630-TST-U00015,SECONDARY_ARBITRAGE,500015,20260630,2,0.118,
DIAG-20260630-TST-U00016,LEGAL_PERMIT_BARRIER,500016,20260630,1,0.798,
DIAG-20260630-TST-U00016,SECONDARY_ARBITRAGE,500016,20260630,2,0.114,
DIAG-20260630-TST-U00016,LOW_SALES_INCENTIVE,500016,20260630,3,0.088,
DIAG-20260630-TST-U00017,LEGAL_PERMIT_BARRIER,500017,20260630,1,0.765,
DIAG-20260630-TST-U00017,EXTREME_THERMAL_EXPOSURE,500017,20260630,2,0.126,
DIAG-20260630-TST-U00017,SECONDARY_ARBITRAGE,500017,20260630,3,0.109,
DIAG-20260630-TST-U00018,LEGAL_PERMIT_BARRIER,500018,20260630,1,0.789,
DIAG-20260630-TST-U00018,EXTREME_THERMAL_EXPOSURE,500018,20260630,2,0.111,
DIAG-20260630-TST-U00018,SECONDARY_ARBITRAGE,500018,20260630,3,0.1,
DIAG-20260630-TST-U00019,LEGAL_PERMIT_BARRIER,500019,20260630,1,0.763,
DIAG-20260630-TST-U00019,EXTREME_THERMAL_EXPOSURE,500019,20260630,2,0.126,
DIAG-20260630-TST-U00019,SEVERE_PHYSICAL_DEFECT,500019,20260630,3,0.111,
DIAG-20260630-TST-U00020,LEGAL_PERMIT_BARRIER,500020,20260630,1,0.776,
DIAG-20260630-TST-U00020,SECONDARY_ARBITRAGE,500020,20260630,2,0.119,
DIAG-20260630-TST-U00020,SEVERE_PHYSICAL_DEFECT,500020,20260630,3,0.105,
DIAG-20260630-TST-U00021,LEGAL_PERMIT_BARRIER,500021,20260630,1,0.796,
DIAG-20260630-TST-U00021,SEVERE_PHYSICAL_DEFECT,500021,20260630,2,0.108,
DIAG-20260630-TST-U00021,SECONDARY_ARBITRAGE,500021,20260630,3,0.096,
DIAG-20260630-TST-U00023,LEGAL_PERMIT_BARRIER,500023,20260630,1,0.784,
DIAG-20260630-TST-U00023,EXTREME_THERMAL_EXPOSURE,500023,20260630,2,0.11,
DIAG-20260630-TST-U00023,SEVERE_PHYSICAL_DEFECT,500023,20260630,3,0.106,
DIAG-20260630-TST-U00024,LEGAL_PERMIT_BARRIER,500024,20260630,1,0.789,
DIAG-20260630-TST-U00024,SECONDARY_ARBITRAGE,500024,20260630,2,0.108,
DIAG-20260630-TST-U00024,SEVERE_PHYSICAL_DEFECT,500024,20260630,3,0.103,
DIAG-20260630-TST-U00025,LEGAL_PERMIT_BARRIER,500025,20260630,1,0.873,
DIAG-20260630-TST-U00025,SECONDARY_ARBITRAGE,500025,20260630,2,0.127,
DIAG-20260630-TST-U00026,LEGAL_PERMIT_BARRIER,500026,20260630,1,0.886,
DIAG-20260630-TST-U00026,SECONDARY_ARBITRAGE,500026,20260630,2,0.114,
DIAG-20260630-TST-U00027,LEGAL_PERMIT_BARRIER,500027,20260630,1,0.775,
DIAG-20260630-TST-U00027,EXTREME_THERMAL_EXPOSURE,500027,20260630,2,0.12,
DIAG-20260630-TST-U00027,SEVERE_PHYSICAL_DEFECT,500027,20260630,3,0.105,
DIAG-20260630-TST-U00028,LEGAL_PERMIT_BARRIER,500028,20260630,1,0.778,
DIAG-20260630-TST-U00028,SECONDARY_ARBITRAGE,500028,20260630,2,0.113,
DIAG-20260630-TST-U00028,SEVERE_PHYSICAL_DEFECT,500028,20260630,3,0.109,
DIAG-20260630-TST-U00029,LEGAL_PERMIT_BARRIER,500029,20260630,1,0.806,
DIAG-20260630-TST-U00029,SEVERE_PHYSICAL_DEFECT,500029,20260630,2,0.105,
DIAG-20260630-TST-U00029,LOW_SALES_INCENTIVE,500029,20260630,3,0.089,
DIAG-20260630-TST-U00031,LEGAL_PERMIT_BARRIER,500031,20260630,1,0.758,
DIAG-20260630-TST-U00031,SECONDARY_ARBITRAGE,500031,20260630,2,0.136,
DIAG-20260630-TST-U00031,EXTREME_THERMAL_EXPOSURE,500031,20260630,3,0.106,
DIAG-20260630-TST-U00032,LEGAL_PERMIT_BARRIER,500032,20260630,1,0.773,
DIAG-20260630-TST-U00032,EXTREME_THERMAL_EXPOSURE,500032,20260630,2,0.128,
DIAG-20260630-TST-U00032,SECONDARY_ARBITRAGE,500032,20260630,3,0.099,
DIAG-20260630-TST-U00033,LEGAL_PERMIT_BARRIER,500033,20260630,1,0.768,
DIAG-20260630-TST-U00033,EXTREME_THERMAL_EXPOSURE,500033,20260630,2,0.127,
DIAG-20260630-TST-U00033,SECONDARY_ARBITRAGE,500033,20260630,3,0.105,
DIAG-20260630-TST-U00034,LEGAL_PERMIT_BARRIER,500034,20260630,1,0.867,
DIAG-20260630-TST-U00034,SECONDARY_ARBITRAGE,500034,20260630,2,0.133,
DIAG-20260630-TST-U00035,LEGAL_PERMIT_BARRIER,500035,20260630,1,0.877,
DIAG-20260630-TST-U00035,EXTREME_THERMAL_EXPOSURE,500035,20260630,2,0.123,
DIAG-20260630-TST-U00036,LEGAL_PERMIT_BARRIER,500036,20260630,1,0.764,
DIAG-20260630-TST-U00036,SECONDARY_ARBITRAGE,500036,20260630,2,0.129,
DIAG-20260630-TST-U00036,SEVERE_PHYSICAL_DEFECT,500036,20260630,3,0.107,
DIAG-20260630-TST-U00037,LEGAL_PERMIT_BARRIER,500037,20260630,1,0.804,
DIAG-20260630-TST-U00037,SECONDARY_ARBITRAGE,500037,20260630,2,0.108,
DIAG-20260630-TST-U00037,LOW_SALES_INCENTIVE,500037,20260630,3,0.088,
DIAG-20260630-TST-U00039,LEGAL_PERMIT_BARRIER,500039,20260630,1,0.77,
DIAG-20260630-TST-U00039,SEVERE_PHYSICAL_DEFECT,500039,20260630,2,0.116,
DIAG-20260630-TST-U00039,SECONDARY_ARBITRAGE,500039,20260630,3,0.114,
DIAG-20260630-TST-U00040,LEGAL_PERMIT_BARRIER,500040,20260630,1,0.901,
DIAG-20260630-TST-U00040,LOW_SALES_INCENTIVE,500040,20260630,2,0.099,
DIAG-20260630-TST-U00041,LEGAL_PERMIT_BARRIER,500041,20260630,1,0.754,
DIAG-20260630-TST-U00041,EXTREME_THERMAL_EXPOSURE,500041,20260630,2,0.124,
DIAG-20260630-TST-U00041,SECONDARY_ARBITRAGE,500041,20260630,3,0.122,
DIAG-20260630-TST-U00043,LEGAL_PERMIT_BARRIER,500043,20260630,1,0.775,
DIAG-20260630-TST-U00043,SEVERE_PHYSICAL_DEFECT,500043,20260630,2,0.116,
DIAG-20260630-TST-U00043,SECONDARY_ARBITRAGE,500043,20260630,3,0.109,
DIAG-20260630-TST-U00044,LEGAL_PERMIT_BARRIER,500044,20260630,1,0.764,
DIAG-20260630-TST-U00044,SECONDARY_ARBITRAGE,500044,20260630,2,0.135,
DIAG-20260630-TST-U00044,OVERPRICED_VS_PEER,500044,20260630,3,0.101,
DIAG-20260630-TST-U00045,LEGAL_PERMIT_BARRIER,500045,20260630,1,0.768,
DIAG-20260630-TST-U00045,SECONDARY_ARBITRAGE,500045,20260630,2,0.117,
DIAG-20260630-TST-U00045,SEVERE_PHYSICAL_DEFECT,500045,20260630,3,0.115,
DIAG-20260630-TST-U00046,LEGAL_PERMIT_BARRIER,500046,20260630,1,0.87,
DIAG-20260630-TST-U00046,SEVERE_PHYSICAL_DEFECT,500046,20260630,2,0.13,
DIAG-20260630-TST-U00048,LEGAL_PERMIT_BARRIER,500048,20260630,1,0.744,
DIAG-20260630-TST-U00048,SECONDARY_ARBITRAGE,500048,20260630,2,0.137,
DIAG-20260630-TST-U00048,SEVERE_PHYSICAL_DEFECT,500048,20260630,3,0.119,
DIAG-20260630-TST-U00049,LEGAL_PERMIT_BARRIER,500049,20260630,1,0.779,
DIAG-20260630-TST-U00049,SEVERE_PHYSICAL_DEFECT,500049,20260630,2,0.121,
DIAG-20260630-TST-U00049,SECONDARY_ARBITRAGE,500049,20260630,3,0.1,
DIAG-20260630-TST-U00051,LEGAL_PERMIT_BARRIER,500051,20260630,1,0.767,
DIAG-20260630-TST-U00051,SECONDARY_ARBITRAGE,500051,20260630,2,0.125,
DIAG-20260630-TST-U00051,EXTREME_THERMAL_EXPOSURE,500051,20260630,3,0.108,
DIAG-20260630-TST-U00052,LEGAL_PERMIT_BARRIER,500052,20260630,1,0.774,
DIAG-20260630-TST-U00052,SEVERE_PHYSICAL_DEFECT,500052,20260630,2,0.116,
DIAG-20260630-TST-U00052,SECONDARY_ARBITRAGE,500052,20260630,3,0.11,
DIAG-20260630-TST-U00053,LEGAL_PERMIT_BARRIER,500053,20260630,1,0.778,
DIAG-20260630-TST-U00053,SECONDARY_ARBITRAGE,500053,20260630,2,0.113,
DIAG-20260630-TST-U00053,EXTREME_THERMAL_EXPOSURE,500053,20260630,3,0.109,
DIAG-20260630-TST-U00055,LEGAL_PERMIT_BARRIER,500055,20260630,1,0.801,
DIAG-20260630-TST-U00055,SECONDARY_ARBITRAGE,500055,20260630,2,0.111,
DIAG-20260630-TST-U00055,LOW_SALES_INCENTIVE,500055,20260630,3,0.088,
DIAG-20260630-TST-U00057,LEGAL_PERMIT_BARRIER,500057,20260630,1,0.866,
DIAG-20260630-TST-U00057,SEVERE_PHYSICAL_DEFECT,500057,20260630,2,0.134,
DIAG-20260630-TST-U00058,LEGAL_PERMIT_BARRIER,500058,20260630,1,0.796,
DIAG-20260630-TST-U00058,SEVERE_PHYSICAL_DEFECT,500058,20260630,2,0.108,
DIAG-20260630-TST-U00058,SECONDARY_ARBITRAGE,500058,20260630,3,0.096,
DIAG-20260630-TST-U00059,LEGAL_PERMIT_BARRIER,500059,20260630,1,0.785,
DIAG-20260630-TST-U00059,EXTREME_THERMAL_EXPOSURE,500059,20260630,2,0.129,
DIAG-20260630-TST-U00059,LOW_SALES_INCENTIVE,500059,20260630,3,0.086,
DIAG-20260630-TST-U00060,LEGAL_PERMIT_BARRIER,500060,20260630,1,0.782,
DIAG-20260630-TST-U00060,SEVERE_PHYSICAL_DEFECT,500060,20260630,2,0.109,
DIAG-20260630-TST-U00060,SECONDARY_ARBITRAGE,500060,20260630,3,0.109,
DIAG-20260630-TST-U00061,LEGAL_PERMIT_BARRIER,500061,20260630,1,0.765,
DIAG-20260630-TST-U00061,SEVERE_PHYSICAL_DEFECT,500061,20260630,2,0.122,
DIAG-20260630-TST-U00061,SECONDARY_ARBITRAGE,500061,20260630,3,0.113,
DIAG-20260630-TST-U00062,LEGAL_PERMIT_BARRIER,500062,20260630,1,0.869,
DIAG-20260630-TST-U00062,SECONDARY_ARBITRAGE,500062,20260630,2,0.131,
DIAG-20260630-TST-U00063,LEGAL_PERMIT_BARRIER,500063,20260630,1,0.753,
DIAG-20260630-TST-U00063,SEVERE_PHYSICAL_DEFECT,500063,20260630,2,0.128,
DIAG-20260630-TST-U00063,SECONDARY_ARBITRAGE,500063,20260630,3,0.119,
DIAG-20260630-TST-U00064,LEGAL_PERMIT_BARRIER,500064,20260630,1,0.865,
DIAG-20260630-TST-U00064,SECONDARY_ARBITRAGE,500064,20260630,2,0.135,
DIAG-20260630-TST-U00065,LEGAL_PERMIT_BARRIER,500065,20260630,1,0.783,
DIAG-20260630-TST-U00065,SECONDARY_ARBITRAGE,500065,20260630,2,0.119,
DIAG-20260630-TST-U00065,SEVERE_PHYSICAL_DEFECT,500065,20260630,3,0.098,
DIAG-20260630-TST-U00066,LEGAL_PERMIT_BARRIER,500066,20260630,1,0.889,
DIAG-20260630-TST-U00066,SECONDARY_ARBITRAGE,500066,20260630,2,0.111,
DIAG-20260630-TST-U00067,LEGAL_PERMIT_BARRIER,500067,20260630,1,0.755,
DIAG-20260630-TST-U00067,EXTREME_THERMAL_EXPOSURE,500067,20260630,2,0.128,
DIAG-20260630-TST-U00067,SECONDARY_ARBITRAGE,500067,20260630,3,0.117,
DIAG-20260630-TST-U00068,LEGAL_PERMIT_BARRIER,500068,20260630,1,0.797,
DIAG-20260630-TST-U00068,SECONDARY_ARBITRAGE,500068,20260630,2,0.115,
DIAG-20260630-TST-U00068,LOW_SALES_INCENTIVE,500068,20260630,3,0.088,
DIAG-20260630-TST-U00069,LEGAL_PERMIT_BARRIER,500069,20260630,1,0.766,
DIAG-20260630-TST-U00069,EXTREME_THERMAL_EXPOSURE,500069,20260630,2,0.134,
DIAG-20260630-TST-U00069,SECONDARY_ARBITRAGE,500069,20260630,3,0.1,
DIAG-20260630-TST-U00072,LEGAL_PERMIT_BARRIER,500072,20260630,1,0.746,
DIAG-20260630-TST-U00072,EXTREME_THERMAL_EXPOSURE,500072,20260630,2,0.131,
DIAG-20260630-TST-U00072,SECONDARY_ARBITRAGE,500072,20260630,3,0.123,
DIAG-20260630-TST-U00073,LEGAL_PERMIT_BARRIER,500073,20260630,1,0.76,
DIAG-20260630-TST-U00073,SEVERE_PHYSICAL_DEFECT,500073,20260630,2,0.122,
DIAG-20260630-TST-U00073,EXTREME_THERMAL_EXPOSURE,500073,20260630,3,0.118,
DIAG-20260630-TST-U00074,LEGAL_PERMIT_BARRIER,500074,20260630,1,0.746,
DIAG-20260630-TST-U00074,EXTREME_THERMAL_EXPOSURE,500074,20260630,2,0.146,
DIAG-20260630-TST-U00074,SEVERE_PHYSICAL_DEFECT,500074,20260630,3,0.108,
DIAG-20260630-TST-U00077,LEGAL_PERMIT_BARRIER,500077,20260630,1,0.767,
DIAG-20260630-TST-U00077,EXTREME_THERMAL_EXPOSURE,500077,20260630,2,0.13,
DIAG-20260630-TST-U00077,SEVERE_PHYSICAL_DEFECT,500077,20260630,3,0.103,
DIAG-20260630-TST-U00078,LEGAL_PERMIT_BARRIER,500078,20260630,1,0.766,
DIAG-20260630-TST-U00078,SEVERE_PHYSICAL_DEFECT,500078,20260630,2,0.119,
DIAG-20260630-TST-U00078,SECONDARY_ARBITRAGE,500078,20260630,3,0.115,
DIAG-20260630-TST-U00079,LEGAL_PERMIT_BARRIER,500079,20260630,1,0.79,
DIAG-20260630-TST-U00079,EXTREME_THERMAL_EXPOSURE,500079,20260630,2,0.123,
DIAG-20260630-TST-U00079,LOW_SALES_INCENTIVE,500079,20260630,3,0.087,
DIAG-20260630-TST-U00080,LEGAL_PERMIT_BARRIER,500080,20260630,1,0.782,
DIAG-20260630-TST-U00080,EXTREME_THERMAL_EXPOSURE,500080,20260630,2,0.121,
DIAG-20260630-TST-U00080,SECONDARY_ARBITRAGE,500080,20260630,3,0.097,
DIAG-20260630-TST-U00081,LEGAL_PERMIT_BARRIER,500081,20260630,1,0.746,
DIAG-20260630-TST-U00081,SEVERE_PHYSICAL_DEFECT,500081,20260630,2,0.127,
DIAG-20260630-TST-U00081,EXTREME_THERMAL_EXPOSURE,500081,20260630,3,0.127,
DIAG-20260630-TST-U00084,LEGAL_PERMIT_BARRIER,500084,20260630,1,0.869,
DIAG-20260630-TST-U00084,SECONDARY_ARBITRAGE,500084,20260630,2,0.131,
DIAG-20260630-TST-U00085,LEGAL_PERMIT_BARRIER,500085,20260630,1,0.747,
DIAG-20260630-TST-U00085,EXTREME_THERMAL_EXPOSURE,500085,20260630,2,0.146,
DIAG-20260630-TST-U00085,SECONDARY_ARBITRAGE,500085,20260630,3,0.107,
DIAG-20260630-TST-U00086,LEGAL_PERMIT_BARRIER,500086,20260630,1,0.866,
DIAG-20260630-TST-U00086,EXTREME_THERMAL_EXPOSURE,500086,20260630,2,0.134,
DIAG-20260630-TST-U00087,LEGAL_PERMIT_BARRIER,500087,20260630,1,0.79,
DIAG-20260630-TST-U00087,EXTREME_THERMAL_EXPOSURE,500087,20260630,2,0.123,
DIAG-20260630-TST-U00087,LOW_SALES_INCENTIVE,500087,20260630,3,0.087,
DIAG-20260630-TST-U00089,LEGAL_PERMIT_BARRIER,500089,20260630,1,0.779,
DIAG-20260630-TST-U00089,SECONDARY_ARBITRAGE,500089,20260630,2,0.125,
DIAG-20260630-TST-U00089,OVERPRICED_VS_PEER,500089,20260630,3,0.096,
DIAG-20260630-TST-U00090,LEGAL_PERMIT_BARRIER,500090,20260630,1,0.762,
DIAG-20260630-TST-U00090,SECONDARY_ARBITRAGE,500090,20260630,2,0.138,
DIAG-20260630-TST-U00090,OVERPRICED_VS_PEER,500090,20260630,3,0.1,
DIAG-20260630-TST-U00091,LEGAL_PERMIT_BARRIER,500091,20260630,1,0.874,
DIAG-20260630-TST-U00091,SECONDARY_ARBITRAGE,500091,20260630,2,0.126,
DIAG-20260630-TST-U00092,LEGAL_PERMIT_BARRIER,500092,20260630,1,0.901,
DIAG-20260630-TST-U00092,LOW_SALES_INCENTIVE,500092,20260630,2,0.099,
DIAG-20260630-TST-U00093,LEGAL_PERMIT_BARRIER,500093,20260630,1,0.758,
DIAG-20260630-TST-U00093,SECONDARY_ARBITRAGE,500093,20260630,2,0.124,
DIAG-20260630-TST-U00093,EXTREME_THERMAL_EXPOSURE,500093,20260630,3,0.118,
DIAG-20260630-TST-U00095,LEGAL_PERMIT_BARRIER,500095,20260630,1,0.774,
DIAG-20260630-TST-U00095,SECONDARY_ARBITRAGE,500095,20260630,2,0.141,
DIAG-20260630-TST-U00095,LOW_SALES_INCENTIVE,500095,20260630,3,0.085,
DIAG-20260630-TST-U00096,LEGAL_PERMIT_BARRIER,500096,20260630,1,0.765,
DIAG-20260630-TST-U00096,SECONDARY_ARBITRAGE,500096,20260630,2,0.132,
DIAG-20260630-TST-U00096,OVERPRICED_VS_PEER,500096,20260630,3,0.103,
DIAG-20260630-TST-U00097,LEGAL_PERMIT_BARRIER,500097,20260630,1,0.766,
DIAG-20260630-TST-U00097,EXTREME_THERMAL_EXPOSURE,500097,20260630,2,0.119,
DIAG-20260630-TST-U00097,SEVERE_PHYSICAL_DEFECT,500097,20260630,3,0.115,
DIAG-20260630-TST-U00098,LEGAL_PERMIT_BARRIER,500098,20260630,1,0.761,
DIAG-20260630-TST-U00098,SECONDARY_ARBITRAGE,500098,20260630,2,0.121,
DIAG-20260630-TST-U00098,EXTREME_THERMAL_EXPOSURE,500098,20260630,3,0.118,
DIAG-20260630-TST-U00099,LEGAL_PERMIT_BARRIER,500099,20260630,1,0.866,
DIAG-20260630-TST-U00099,SEVERE_PHYSICAL_DEFECT,500099,20260630,2,0.134,
DIAG-20260630-TST-U00101,LEGAL_PERMIT_BARRIER,500101,20260630,1,0.866,
DIAG-20260630-TST-U00101,EXTREME_THERMAL_EXPOSURE,500101,20260630,2,0.134,
DIAG-20260630-TST-U00102,LEGAL_PERMIT_BARRIER,500102,20260630,1,0.77,
DIAG-20260630-TST-U00102,SECONDARY_ARBITRAGE,500102,20260630,2,0.118,
DIAG-20260630-TST-U00102,SEVERE_PHYSICAL_DEFECT,500102,20260630,3,0.112,
DIAG-20260630-TST-U00104,LEGAL_PERMIT_BARRIER,500104,20260630,1,0.801,
DIAG-20260630-TST-U00104,SECONDARY_ARBITRAGE,500104,20260630,2,0.111,
DIAG-20260630-TST-U00104,LOW_SALES_INCENTIVE,500104,20260630,3,0.088,
DIAG-20260630-TST-U00107,LEGAL_PERMIT_BARRIER,500107,20260630,1,0.79,
DIAG-20260630-TST-U00107,EXTREME_THERMAL_EXPOSURE,500107,20260630,2,0.123,
DIAG-20260630-TST-U00107,LOW_SALES_INCENTIVE,500107,20260630,3,0.087,
DIAG-20260630-TST-U00108,LEGAL_PERMIT_BARRIER,500108,20260630,1,0.783,
DIAG-20260630-TST-U00108,SECONDARY_ARBITRAGE,500108,20260630,2,0.115,
DIAG-20260630-TST-U00108,SEVERE_PHYSICAL_DEFECT,500108,20260630,3,0.102,
DIAG-20260630-TST-U00109,LEGAL_PERMIT_BARRIER,500109,20260630,1,0.741,
DIAG-20260630-TST-U00109,EXTREME_THERMAL_EXPOSURE,500109,20260630,2,0.144,
DIAG-20260630-TST-U00109,SEVERE_PHYSICAL_DEFECT,500109,20260630,3,0.115,
DIAG-20260630-TST-U00110,LEGAL_PERMIT_BARRIER,500110,20260630,1,0.754,
DIAG-20260630-TST-U00110,SECONDARY_ARBITRAGE,500110,20260630,2,0.138,
DIAG-20260630-TST-U00110,OVERPRICED_VS_PEER,500110,20260630,3,0.108,
DIAG-20260630-TST-U00111,LEGAL_PERMIT_BARRIER,500111,20260630,1,0.752,
DIAG-20260630-TST-U00111,EXTREME_THERMAL_EXPOSURE,500111,20260630,2,0.128,
DIAG-20260630-TST-U00111,SEVERE_PHYSICAL_DEFECT,500111,20260630,3,0.12,
DIAG-20260630-TST-U00112,LEGAL_PERMIT_BARRIER,500112,20260630,1,0.871,
DIAG-20260630-TST-U00112,SECONDARY_ARBITRAGE,500112,20260630,2,0.129,
DIAG-20260630-TST-U00114,LEGAL_PERMIT_BARRIER,500114,20260630,1,0.729,
DIAG-20260630-TST-U00114,SECONDARY_ARBITRAGE,500114,20260630,2,0.14,
DIAG-20260630-TST-U00114,SEVERE_PHYSICAL_DEFECT,500114,20260630,3,0.131,
DIAG-20260630-TST-U00115,LEGAL_PERMIT_BARRIER,500115,20260630,1,0.781,
DIAG-20260630-TST-U00115,SECONDARY_ARBITRAGE,500115,20260630,2,0.124,
DIAG-20260630-TST-U00115,OVERPRICED_VS_PEER,500115,20260630,3,0.095,
DIAG-20260630-TST-U00116,LEGAL_PERMIT_BARRIER,500116,20260630,1,0.769,
DIAG-20260630-TST-U00116,EXTREME_THERMAL_EXPOSURE,500116,20260630,2,0.119,
DIAG-20260630-TST-U00116,SEVERE_PHYSICAL_DEFECT,500116,20260630,3,0.112,
DIAG-20260630-TST-U00117,LEGAL_PERMIT_BARRIER,500117,20260630,1,0.763,
DIAG-20260630-TST-U00117,EXTREME_THERMAL_EXPOSURE,500117,20260630,2,0.13,
DIAG-20260630-TST-U00117,SEVERE_PHYSICAL_DEFECT,500117,20260630,3,0.107,
DIAG-20260630-TST-U00118,LEGAL_PERMIT_BARRIER,500118,20260630,1,0.748,
DIAG-20260630-TST-U00118,EXTREME_THERMAL_EXPOSURE,500118,20260630,2,0.127,
DIAG-20260630-TST-U00118,SECONDARY_ARBITRAGE,500118,20260630,3,0.125,
DIAG-20260630-TST-U00119,LEGAL_PERMIT_BARRIER,500119,20260630,1,0.757,
DIAG-20260630-TST-U00119,EXTREME_THERMAL_EXPOSURE,500119,20260630,2,0.129,
DIAG-20260630-TST-U00119,SEVERE_PHYSICAL_DEFECT,500119,20260630,3,0.114,
DIAG-20260630-TST-U00121,LEGAL_PERMIT_BARRIER,500121,20260630,1,0.725,
DIAG-20260630-TST-U00121,EXTREME_THERMAL_EXPOSURE,500121,20260630,2,0.141,
DIAG-20260630-TST-U00121,SEVERE_PHYSICAL_DEFECT,500121,20260630,3,0.134,
DIAG-20260630-TST-U00122,LEGAL_PERMIT_BARRIER,500122,20260630,1,0.855,
DIAG-20260630-TST-U00122,EXTREME_THERMAL_EXPOSURE,500122,20260630,2,0.145,
DIAG-20260630-TST-U00123,LEGAL_PERMIT_BARRIER,500123,20260630,1,0.779,
DIAG-20260630-TST-U00123,SECONDARY_ARBITRAGE,500123,20260630,2,0.135,
DIAG-20260630-TST-U00123,LOW_SALES_INCENTIVE,500123,20260630,3,0.086,
DIAG-20260630-TST-U00124,LEGAL_PERMIT_BARRIER,500124,20260630,1,0.783,
DIAG-20260630-TST-U00124,EXTREME_THERMAL_EXPOSURE,500124,20260630,2,0.121,
DIAG-20260630-TST-U00124,SECONDARY_ARBITRAGE,500124,20260630,3,0.096,
DIAG-20260630-TST-U00125,LEGAL_PERMIT_BARRIER,500125,20260630,1,0.787,
DIAG-20260630-TST-U00125,SECONDARY_ARBITRAGE,500125,20260630,2,0.107,
DIAG-20260630-TST-U00125,SEVERE_PHYSICAL_DEFECT,500125,20260630,3,0.106,
DIAG-20260630-TST-U00126,LEGAL_PERMIT_BARRIER,500126,20260630,1,0.901,
DIAG-20260630-TST-U00126,LOW_SALES_INCENTIVE,500126,20260630,2,0.099,
DIAG-20260630-TST-U00127,LEGAL_PERMIT_BARRIER,500127,20260630,1,0.772,
DIAG-20260630-TST-U00127,EXTREME_THERMAL_EXPOSURE,500127,20260630,2,0.12,
DIAG-20260630-TST-U00127,SEVERE_PHYSICAL_DEFECT,500127,20260630,3,0.108,
DIAG-20260630-TST-U00128,LEGAL_PERMIT_BARRIER,500128,20260630,1,0.75,
DIAG-20260630-TST-U00128,SECONDARY_ARBITRAGE,500128,20260630,2,0.137,
DIAG-20260630-TST-U00128,SEVERE_PHYSICAL_DEFECT,500128,20260630,3,0.113,
DIAG-20260630-TST-U00129,LEGAL_PERMIT_BARRIER,500129,20260630,1,0.732,
DIAG-20260630-TST-U00129,SEVERE_PHYSICAL_DEFECT,500129,20260630,2,0.143,
DIAG-20260630-TST-U00129,EXTREME_THERMAL_EXPOSURE,500129,20260630,3,0.125,
DIAG-20260630-TST-U00132,LEGAL_PERMIT_BARRIER,500132,20260630,1,0.746,
DIAG-20260630-TST-U00132,SECONDARY_ARBITRAGE,500132,20260630,2,0.143,
DIAG-20260630-TST-U00132,LUMP_SUM_TICKET_BARRIER,500132,20260630,3,0.111,
DIAG-20260630-TST-U00134,LEGAL_PERMIT_BARRIER,500134,20260630,1,0.772,
DIAG-20260630-TST-U00134,EXTREME_THERMAL_EXPOSURE,500134,20260630,2,0.127,
DIAG-20260630-TST-U00134,SECONDARY_ARBITRAGE,500134,20260630,3,0.101,
DIAG-20260630-TST-U00135,LEGAL_PERMIT_BARRIER,500135,20260630,1,0.901,
DIAG-20260630-TST-U00135,LOW_SALES_INCENTIVE,500135,20260630,2,0.099,
DIAG-20260630-TST-U00136,LEGAL_PERMIT_BARRIER,500136,20260630,1,0.76,
DIAG-20260630-TST-U00136,SEVERE_PHYSICAL_DEFECT,500136,20260630,2,0.137,
DIAG-20260630-TST-U00136,SECONDARY_ARBITRAGE,500136,20260630,3,0.103,
DIAG-20260630-TST-U00137,LEGAL_PERMIT_BARRIER,500137,20260630,1,0.8,
DIAG-20260630-TST-U00137,EXTREME_THERMAL_EXPOSURE,500137,20260630,2,0.112,
DIAG-20260630-TST-U00137,LOW_SALES_INCENTIVE,500137,20260630,3,0.088,
DIAG-20260630-TST-U00138,LEGAL_PERMIT_BARRIER,500138,20260630,1,0.759,
DIAG-20260630-TST-U00138,SEVERE_PHYSICAL_DEFECT,500138,20260630,2,0.121,
DIAG-20260630-TST-U00138,SECONDARY_ARBITRAGE,500138,20260630,3,0.12,
DIAG-20260630-TST-U00139,LEGAL_PERMIT_BARRIER,500139,20260630,1,0.769,
DIAG-20260630-TST-U00139,SECONDARY_ARBITRAGE,500139,20260630,2,0.13,
DIAG-20260630-TST-U00139,OVERPRICED_VS_PEER,500139,20260630,3,0.101,
DIAG-20260630-TST-U00141,LEGAL_PERMIT_BARRIER,500141,20260630,1,0.901,
DIAG-20260630-TST-U00141,LOW_SALES_INCENTIVE,500141,20260630,2,0.099,
DIAG-20260630-TST-U00143,LEGAL_PERMIT_BARRIER,500143,20260630,1,0.771,
DIAG-20260630-TST-U00143,SEVERE_PHYSICAL_DEFECT,500143,20260630,2,0.116,
DIAG-20260630-TST-U00143,SECONDARY_ARBITRAGE,500143,20260630,3,0.113,
DIAG-20260630-TST-U00144,LEGAL_PERMIT_BARRIER,500144,20260630,1,0.776,
DIAG-20260630-TST-U00144,SEVERE_PHYSICAL_DEFECT,500144,20260630,2,0.113,
DIAG-20260630-TST-U00144,SECONDARY_ARBITRAGE,500144,20260630,3,0.111,
DIAG-20260630-TST-U00146,LEGAL_PERMIT_BARRIER,500146,20260630,1,0.772,
DIAG-20260630-TST-U00146,EXTREME_THERMAL_EXPOSURE,500146,20260630,2,0.127,
DIAG-20260630-TST-U00146,SECONDARY_ARBITRAGE,500146,20260630,3,0.101,
DIAG-20260630-TST-U00147,LEGAL_PERMIT_BARRIER,500147,20260630,1,0.738,
DIAG-20260630-TST-U00147,EXTREME_THERMAL_EXPOSURE,500147,20260630,2,0.144,
DIAG-20260630-TST-U00147,SEVERE_PHYSICAL_DEFECT,500147,20260630,3,0.118,
DIAG-20260630-TST-U00148,LEGAL_PERMIT_BARRIER,500148,20260630,1,0.772,
DIAG-20260630-TST-U00148,SECONDARY_ARBITRAGE,500148,20260630,2,0.12,
DIAG-20260630-TST-U00148,EXTREME_THERMAL_EXPOSURE,500148,20260630,3,0.108,
DIAG-20260630-TST-U00149,LEGAL_PERMIT_BARRIER,500149,20260630,1,0.772,
DIAG-20260630-TST-U00149,SECONDARY_ARBITRAGE,500149,20260630,2,0.128,
DIAG-20260630-TST-U00149,OVERPRICED_VS_PEER,500149,20260630,3,0.1,
DIAG-20260630-TST-U00150,LEGAL_PERMIT_BARRIER,500150,20260630,1,0.761,
DIAG-20260630-TST-U00150,SECONDARY_ARBITRAGE,500150,20260630,2,0.128,
DIAG-20260630-TST-U00150,LUMP_SUM_TICKET_BARRIER,500150,20260630,3,0.111,
DIAG-20260630-TST-U00152,LEGAL_PERMIT_BARRIER,500152,20260630,1,0.773,
DIAG-20260630-TST-U00152,EXTREME_THERMAL_EXPOSURE,500152,20260630,2,0.128,
DIAG-20260630-TST-U00152,SECONDARY_ARBITRAGE,500152,20260630,3,0.099,
DIAG-20260630-TST-U00155,LEGAL_PERMIT_BARRIER,500155,20260630,1,0.753,
DIAG-20260630-TST-U00155,SECONDARY_ARBITRAGE,500155,20260630,2,0.142,
DIAG-20260630-TST-U00155,SEVERE_PHYSICAL_DEFECT,500155,20260630,3,0.105,
DIAG-20260630-TST-U00157,LEGAL_PERMIT_BARRIER,500157,20260630,1,0.775,
DIAG-20260630-TST-U00157,SECONDARY_ARBITRAGE,500157,20260630,2,0.113,
DIAG-20260630-TST-U00157,SEVERE_PHYSICAL_DEFECT,500157,20260630,3,0.112,
DIAG-20260630-TST-U00158,LEGAL_PERMIT_BARRIER,500158,20260630,1,0.756,
DIAG-20260630-TST-U00158,SECONDARY_ARBITRAGE,500158,20260630,2,0.141,
DIAG-20260630-TST-U00158,OVERPRICED_VS_PEER,500158,20260630,3,0.103,
DIAG-20260630-TST-U00159,LEGAL_PERMIT_BARRIER,500159,20260630,1,0.774,
DIAG-20260630-TST-U00159,SECONDARY_ARBITRAGE,500159,20260630,2,0.131,
DIAG-20260630-TST-U00159,OVERPRICED_VS_PEER,500159,20260630,3,0.095,
DIAG-20260630-TST-U00160,LEGAL_PERMIT_BARRIER,500160,20260630,1,0.875,
DIAG-20260630-TST-U00160,SECONDARY_ARBITRAGE,500160,20260630,2,0.125,
DIAG-20260630-TST-U00161,LEGAL_PERMIT_BARRIER,500161,20260630,1,0.771,
DIAG-20260630-TST-U00161,SEVERE_PHYSICAL_DEFECT,500161,20260630,2,0.131,
DIAG-20260630-TST-U00161,SECONDARY_ARBITRAGE,500161,20260630,3,0.098,
DIAG-20260630-TST-U00162,LEGAL_PERMIT_BARRIER,500162,20260630,1,0.866,
DIAG-20260630-TST-U00162,SEVERE_PHYSICAL_DEFECT,500162,20260630,2,0.134,
DIAG-20260630-TST-U00163,LEGAL_PERMIT_BARRIER,500163,20260630,1,0.789,
DIAG-20260630-TST-U00163,SEVERE_PHYSICAL_DEFECT,500163,20260630,2,0.11,
DIAG-20260630-TST-U00163,SECONDARY_ARBITRAGE,500163,20260630,3,0.101,
DIAG-20260630-TST-U00164,LEGAL_PERMIT_BARRIER,500164,20260630,1,0.752,
DIAG-20260630-TST-U00164,SEVERE_PHYSICAL_DEFECT,500164,20260630,2,0.124,
DIAG-20260630-TST-U00164,EXTREME_THERMAL_EXPOSURE,500164,20260630,3,0.124,
DIAG-20260630-TST-U00165,LEGAL_PERMIT_BARRIER,500165,20260630,1,0.769,
DIAG-20260630-TST-U00165,EXTREME_THERMAL_EXPOSURE,500165,20260630,2,0.127,
DIAG-20260630-TST-U00165,SEVERE_PHYSICAL_DEFECT,500165,20260630,3,0.104,
DIAG-20260630-TST-U00167,LEGAL_PERMIT_BARRIER,500167,20260630,1,0.901,
DIAG-20260630-TST-U00167,LOW_SALES_INCENTIVE,500167,20260630,2,0.099,
DIAG-20260630-TST-U00168,LEGAL_PERMIT_BARRIER,500168,20260630,1,0.79,
DIAG-20260630-TST-U00168,SECONDARY_ARBITRAGE,500168,20260630,2,0.123,
DIAG-20260630-TST-U00168,LOW_SALES_INCENTIVE,500168,20260630,3,0.087,
DIAG-20260630-TST-U00169,LEGAL_PERMIT_BARRIER,500169,20260630,1,0.761,
DIAG-20260630-TST-U00169,SECONDARY_ARBITRAGE,500169,20260630,2,0.133,
DIAG-20260630-TST-U00169,SEVERE_PHYSICAL_DEFECT,500169,20260630,3,0.106,
DIAG-20260630-TST-U00171,LEGAL_PERMIT_BARRIER,500171,20260630,1,0.752,
DIAG-20260630-TST-U00171,SEVERE_PHYSICAL_DEFECT,500171,20260630,2,0.124,
DIAG-20260630-TST-U00171,EXTREME_THERMAL_EXPOSURE,500171,20260630,3,0.124,
DIAG-20260630-TST-U00172,LEGAL_PERMIT_BARRIER,500172,20260630,1,0.782,
DIAG-20260630-TST-U00172,SEVERE_PHYSICAL_DEFECT,500172,20260630,2,0.109,
DIAG-20260630-TST-U00172,SECONDARY_ARBITRAGE,500172,20260630,3,0.109,
DIAG-20260630-TST-U00173,LEGAL_PERMIT_BARRIER,500173,20260630,1,0.759,
DIAG-20260630-TST-U00173,SECONDARY_ARBITRAGE,500173,20260630,2,0.139,
DIAG-20260630-TST-U00173,SEVERE_PHYSICAL_DEFECT,500173,20260630,3,0.102,
DIAG-20260630-TST-U00174,LEGAL_PERMIT_BARRIER,500174,20260630,1,0.901,
DIAG-20260630-TST-U00174,LOW_SALES_INCENTIVE,500174,20260630,2,0.099,
DIAG-20260630-TST-U00177,LEGAL_PERMIT_BARRIER,500177,20260630,1,0.769,
DIAG-20260630-TST-U00177,SECONDARY_ARBITRAGE,500177,20260630,2,0.123,
DIAG-20260630-TST-U00177,EXTREME_THERMAL_EXPOSURE,500177,20260630,3,0.108,
DIAG-20260630-TST-U00178,LEGAL_PERMIT_BARRIER,500178,20260630,1,0.883,
DIAG-20260630-TST-U00178,SECONDARY_ARBITRAGE,500178,20260630,2,0.117,
DIAG-20260630-TST-U00179,LEGAL_PERMIT_BARRIER,500179,20260630,1,0.769,
DIAG-20260630-TST-U00179,EXTREME_THERMAL_EXPOSURE,500179,20260630,2,0.127,
DIAG-20260630-TST-U00179,SEVERE_PHYSICAL_DEFECT,500179,20260630,3,0.104,
DIAG-20260630-TST-U00180,LEGAL_PERMIT_BARRIER,500180,20260630,1,0.785,
DIAG-20260630-TST-U00180,EXTREME_THERMAL_EXPOSURE,500180,20260630,2,0.129,
DIAG-20260630-TST-U00180,LOW_SALES_INCENTIVE,500180,20260630,3,0.086,
DIAG-20260630-TST-U00181,LEGAL_PERMIT_BARRIER,500181,20260630,1,0.768,
DIAG-20260630-TST-U00181,SECONDARY_ARBITRAGE,500181,20260630,2,0.132,
DIAG-20260630-TST-U00181,OVERPRICED_VS_PEER,500181,20260630,3,0.1,
DIAG-20260630-TST-U00182,LEGAL_PERMIT_BARRIER,500182,20260630,1,0.892,
DIAG-20260630-TST-U00182,SECONDARY_ARBITRAGE,500182,20260630,2,0.108,
DIAG-20260630-TST-U00183,LEGAL_PERMIT_BARRIER,500183,20260630,1,0.767,
DIAG-20260630-TST-U00183,EXTREME_THERMAL_EXPOSURE,500183,20260630,2,0.126,
DIAG-20260630-TST-U00183,SEVERE_PHYSICAL_DEFECT,500183,20260630,3,0.107,
DIAG-20260630-TST-U00184,LEGAL_PERMIT_BARRIER,500184,20260630,1,0.885,
DIAG-20260630-TST-U00184,SEVERE_PHYSICAL_DEFECT,500184,20260630,2,0.115,
DIAG-20260630-TST-U00186,LEGAL_PERMIT_BARRIER,500186,20260630,1,0.868,
DIAG-20260630-TST-U00186,SECONDARY_ARBITRAGE,500186,20260630,2,0.132,
DIAG-20260630-TST-U00187,LEGAL_PERMIT_BARRIER,500187,20260630,1,0.774,
DIAG-20260630-TST-U00187,SECONDARY_ARBITRAGE,500187,20260630,2,0.121,
DIAG-20260630-TST-U00187,SEVERE_PHYSICAL_DEFECT,500187,20260630,3,0.105,
DIAG-20260630-TST-U00189,LEGAL_PERMIT_BARRIER,500189,20260630,1,0.758,
DIAG-20260630-TST-U00189,EXTREME_THERMAL_EXPOSURE,500189,20260630,2,0.125,
DIAG-20260630-TST-U00189,SEVERE_PHYSICAL_DEFECT,500189,20260630,3,0.117,
DIAG-20260630-TST-U00190,LEGAL_PERMIT_BARRIER,500190,20260630,1,0.797,
DIAG-20260630-TST-U00190,SECONDARY_ARBITRAGE,500190,20260630,2,0.115,
DIAG-20260630-TST-U00190,LOW_SALES_INCENTIVE,500190,20260630,3,0.088,
DIAG-20260630-TST-U00193,LEGAL_PERMIT_BARRIER,500193,20260630,1,0.901,
DIAG-20260630-TST-U00193,LOW_SALES_INCENTIVE,500193,20260630,2,0.099,
DIAG-20260630-TST-U00194,LEGAL_PERMIT_BARRIER,500194,20260630,1,0.779,
DIAG-20260630-TST-U00194,SECONDARY_ARBITRAGE,500194,20260630,2,0.112,
DIAG-20260630-TST-U00194,SEVERE_PHYSICAL_DEFECT,500194,20260630,3,0.109,
DIAG-20260630-TST-U00195,LEGAL_PERMIT_BARRIER,500195,20260630,1,1.0,
DIAG-20260630-TST-U00196,LEGAL_PERMIT_BARRIER,500196,20260630,1,0.901,
DIAG-20260630-TST-U00196,LOW_SALES_INCENTIVE,500196,20260630,2,0.099,
DIAG-20260630-TST-U00197,LEGAL_PERMIT_BARRIER,500197,20260630,1,0.773,
DIAG-20260630-TST-U00197,EXTREME_THERMAL_EXPOSURE,500197,20260630,2,0.127,
DIAG-20260630-TST-U00197,SEVERE_PHYSICAL_DEFECT,500197,20260630,3,0.1,
DIAG-20260630-TST-U00198,LEGAL_PERMIT_BARRIER,500198,20260630,1,0.785,
DIAG-20260630-TST-U00198,SEVERE_PHYSICAL_DEFECT,500198,20260630,2,0.129,
DIAG-20260630-TST-U00198,LOW_SALES_INCENTIVE,500198,20260630,3,0.086,
DIAG-20260630-TST-U00199,LEGAL_PERMIT_BARRIER,500199,20260630,1,0.762,
DIAG-20260630-TST-U00199,SECONDARY_ARBITRAGE,500199,20260630,2,0.134,
DIAG-20260630-TST-U00199,OVERPRICED_VS_PEER,500199,20260630,3,0.104,
DIAG-20260630-TST-U00200,LEGAL_PERMIT_BARRIER,500200,20260630,1,0.757,
DIAG-20260630-TST-U00200,EXTREME_THERMAL_EXPOSURE,500200,20260630,2,0.125,
DIAG-20260630-TST-U00200,SECONDARY_ARBITRAGE,500200,20260630,3,0.118,
DIAG-20260630-TST-U00201,LEGAL_PERMIT_BARRIER,500201,20260630,1,0.763,
DIAG-20260630-TST-U00201,SEVERE_PHYSICAL_DEFECT,500201,20260630,2,0.126,
DIAG-20260630-TST-U00201,EXTREME_THERMAL_EXPOSURE,500201,20260630,3,0.111,
DIAG-20260630-TST-U00202,LEGAL_PERMIT_BARRIER,500202,20260630,1,0.782,
DIAG-20260630-TST-U00202,SEVERE_PHYSICAL_DEFECT,500202,20260630,2,0.121,
DIAG-20260630-TST-U00202,SECONDARY_ARBITRAGE,500202,20260630,3,0.097,
DIAG-20260630-TST-U00203,LEGAL_PERMIT_BARRIER,500203,20260630,1,0.877,
DIAG-20260630-TST-U00203,EXTREME_THERMAL_EXPOSURE,500203,20260630,2,0.123,
DIAG-20260630-TST-U00204,LEGAL_PERMIT_BARRIER,500204,20260630,1,0.889,
DIAG-20260630-TST-U00204,SECONDARY_ARBITRAGE,500204,20260630,2,0.111,
DIAG-20260630-TST-U00206,LEGAL_PERMIT_BARRIER,500206,20260630,1,0.791,
DIAG-20260630-TST-U00206,SECONDARY_ARBITRAGE,500206,20260630,2,0.11,
DIAG-20260630-TST-U00206,SEVERE_PHYSICAL_DEFECT,500206,20260630,3,0.099,
DIAG-20260630-TST-U00207,LEGAL_PERMIT_BARRIER,500207,20260630,1,0.731,
DIAG-20260630-TST-U00207,EXTREME_THERMAL_EXPOSURE,500207,20260630,2,0.143,
DIAG-20260630-TST-U00207,SECONDARY_ARBITRAGE,500207,20260630,3,0.126,
DIAG-20260630-TST-U00208,LEGAL_PERMIT_BARRIER,500208,20260630,1,0.767,
DIAG-20260630-TST-U00208,SECONDARY_ARBITRAGE,500208,20260630,2,0.126,
DIAG-20260630-TST-U00208,EXTREME_THERMAL_EXPOSURE,500208,20260630,3,0.107,
DIAG-20260630-TST-U00210,LEGAL_PERMIT_BARRIER,500210,20260630,1,0.784,
DIAG-20260630-TST-U00210,SECONDARY_ARBITRAGE,500210,20260630,2,0.11,
DIAG-20260630-TST-U00210,SEVERE_PHYSICAL_DEFECT,500210,20260630,3,0.106,
DIAG-20260630-TST-U00211,LEGAL_PERMIT_BARRIER,500211,20260630,1,0.8,
DIAG-20260630-TST-U00211,SEVERE_PHYSICAL_DEFECT,500211,20260630,2,0.112,
DIAG-20260630-TST-U00211,LOW_SALES_INCENTIVE,500211,20260630,3,0.088,
DIAG-20260630-TST-U00212,LEGAL_PERMIT_BARRIER,500212,20260630,1,0.781,
DIAG-20260630-TST-U00212,SEVERE_PHYSICAL_DEFECT,500212,20260630,2,0.121,
DIAG-20260630-TST-U00212,SECONDARY_ARBITRAGE,500212,20260630,3,0.098,
DIAG-20260630-TST-U00213,LEGAL_PERMIT_BARRIER,500213,20260630,1,0.769,
DIAG-20260630-TST-U00213,EXTREME_THERMAL_EXPOSURE,500213,20260630,2,0.119,
DIAG-20260630-TST-U00213,SEVERE_PHYSICAL_DEFECT,500213,20260630,3,0.112,
DIAG-20260630-TST-U00214,LEGAL_PERMIT_BARRIER,500214,20260630,1,0.776,
DIAG-20260630-TST-U00214,SEVERE_PHYSICAL_DEFECT,500214,20260630,2,0.116,
DIAG-20260630-TST-U00214,SECONDARY_ARBITRAGE,500214,20260630,3,0.108,
DIAG-20260630-TST-U00215,LEGAL_PERMIT_BARRIER,500215,20260630,1,0.793,
DIAG-20260630-TST-U00215,SECONDARY_ARBITRAGE,500215,20260630,2,0.104,
DIAG-20260630-TST-U00215,SEVERE_PHYSICAL_DEFECT,500215,20260630,3,0.103,
DIAG-20260630-TST-U00216,LEGAL_PERMIT_BARRIER,500216,20260630,1,0.86,
DIAG-20260630-TST-U00216,SECONDARY_ARBITRAGE,500216,20260630,2,0.14,
DIAG-20260630-TST-U00217,LEGAL_PERMIT_BARRIER,500217,20260630,1,0.879,
DIAG-20260630-TST-U00217,SECONDARY_ARBITRAGE,500217,20260630,2,0.121,
DIAG-20260630-TST-U00219,LEGAL_PERMIT_BARRIER,500219,20260630,1,0.763,
DIAG-20260630-TST-U00219,SECONDARY_ARBITRAGE,500219,20260630,2,0.124,
DIAG-20260630-TST-U00219,LUMP_SUM_TICKET_BARRIER,500219,20260630,3,0.113,
DIAG-20260630-TST-U00221,LEGAL_PERMIT_BARRIER,500221,20260630,1,0.87,
DIAG-20260630-TST-U00221,SEVERE_PHYSICAL_DEFECT,500221,20260630,2,0.13,
DIAG-20260630-TST-U00222,LEGAL_PERMIT_BARRIER,500222,20260630,1,0.81,
DIAG-20260630-TST-U00222,SECONDARY_ARBITRAGE,500222,20260630,2,0.101,
DIAG-20260630-TST-U00222,LOW_SALES_INCENTIVE,500222,20260630,3,0.089,
DIAG-20260630-TST-U00224,LEGAL_PERMIT_BARRIER,500224,20260630,1,0.8,
DIAG-20260630-TST-U00224,SECONDARY_ARBITRAGE,500224,20260630,2,0.112,
DIAG-20260630-TST-U00224,LOW_SALES_INCENTIVE,500224,20260630,3,0.088,
DIAG-20260630-TST-U00225,LEGAL_PERMIT_BARRIER,500225,20260630,1,0.872,
DIAG-20260630-TST-U00225,SECONDARY_ARBITRAGE,500225,20260630,2,0.128,
DIAG-20260630-TST-U00226,LEGAL_PERMIT_BARRIER,500226,20260630,1,0.875,
DIAG-20260630-TST-U00226,SECONDARY_ARBITRAGE,500226,20260630,2,0.125,
DIAG-20260630-TST-U00227,LEGAL_PERMIT_BARRIER,500227,20260630,1,0.759,
DIAG-20260630-TST-U00227,SECONDARY_ARBITRAGE,500227,20260630,2,0.139,
DIAG-20260630-TST-U00227,OVERPRICED_VS_PEER,500227,20260630,3,0.102,
DIAG-20260630-TST-U00229,LEGAL_PERMIT_BARRIER,500229,20260630,1,0.773,
DIAG-20260630-TST-U00229,SECONDARY_ARBITRAGE,500229,20260630,2,0.126,
DIAG-20260630-TST-U00229,SEVERE_PHYSICAL_DEFECT,500229,20260630,3,0.101,
DIAG-20260630-TST-U00230,LEGAL_PERMIT_BARRIER,500230,20260630,1,0.76,
DIAG-20260630-TST-U00230,SECONDARY_ARBITRAGE,500230,20260630,2,0.125,
DIAG-20260630-TST-U00230,LUMP_SUM_TICKET_BARRIER,500230,20260630,3,0.115,
DIAG-20260630-TST-U00231,LEGAL_PERMIT_BARRIER,500231,20260630,1,0.78,
DIAG-20260630-TST-U00231,SECONDARY_ARBITRAGE,500231,20260630,2,0.122,
DIAG-20260630-TST-U00231,SEVERE_PHYSICAL_DEFECT,500231,20260630,3,0.098,
DIAG-20260630-TST-U00232,LEGAL_PERMIT_BARRIER,500232,20260630,1,0.866,
DIAG-20260630-TST-U00232,SEVERE_PHYSICAL_DEFECT,500232,20260630,2,0.134,
DIAG-20260630-TST-U00233,LEGAL_PERMIT_BARRIER,500233,20260630,1,0.789,
DIAG-20260630-TST-U00233,SEVERE_PHYSICAL_DEFECT,500233,20260630,2,0.111,
DIAG-20260630-TST-U00233,SECONDARY_ARBITRAGE,500233,20260630,3,0.1,
DIAG-20260630-TST-U00236,LEGAL_PERMIT_BARRIER,500236,20260630,1,0.761,
DIAG-20260630-TST-U00236,EXTREME_THERMAL_EXPOSURE,500236,20260630,2,0.125,
DIAG-20260630-TST-U00236,SECONDARY_ARBITRAGE,500236,20260630,3,0.114,
DIAG-20260630-TST-U00237,LEGAL_PERMIT_BARRIER,500237,20260630,1,0.801,
DIAG-20260630-TST-U00237,SECONDARY_ARBITRAGE,500237,20260630,2,0.111,
DIAG-20260630-TST-U00237,LOW_SALES_INCENTIVE,500237,20260630,3,0.088,
DIAG-20260630-TST-U00240,LEGAL_PERMIT_BARRIER,500240,20260630,1,0.789,
DIAG-20260630-TST-U00240,SECONDARY_ARBITRAGE,500240,20260630,2,0.108,
DIAG-20260630-TST-U00240,SEVERE_PHYSICAL_DEFECT,500240,20260630,3,0.103,
DIAG-20260630-TST-U00243,LEGAL_PERMIT_BARRIER,500243,20260630,1,0.782,
DIAG-20260630-TST-U00243,SEVERE_PHYSICAL_DEFECT,500243,20260630,2,0.109,
DIAG-20260630-TST-U00243,EXTREME_THERMAL_EXPOSURE,500243,20260630,3,0.109,
DIAG-20260630-TST-U00244,LEGAL_PERMIT_BARRIER,500244,20260630,1,0.754,
DIAG-20260630-TST-U00244,SECONDARY_ARBITRAGE,500244,20260630,2,0.144,
DIAG-20260630-TST-U00244,SEVERE_PHYSICAL_DEFECT,500244,20260630,3,0.102,
DIAG-20260630-TST-U00245,LEGAL_PERMIT_BARRIER,500245,20260630,1,0.782,
DIAG-20260630-TST-U00245,SEVERE_PHYSICAL_DEFECT,500245,20260630,2,0.109,
DIAG-20260630-TST-U00245,EXTREME_THERMAL_EXPOSURE,500245,20260630,3,0.109,
DIAG-20260630-TST-U00247,LEGAL_PERMIT_BARRIER,500247,20260630,1,0.797,
DIAG-20260630-TST-U00247,SECONDARY_ARBITRAGE,500247,20260630,2,0.115,
DIAG-20260630-TST-U00247,LOW_SALES_INCENTIVE,500247,20260630,3,0.088,
DIAG-20260630-TST-U00248,LEGAL_PERMIT_BARRIER,500248,20260630,1,0.757,
DIAG-20260630-TST-U00248,SECONDARY_ARBITRAGE,500248,20260630,2,0.126,
DIAG-20260630-TST-U00248,SEVERE_PHYSICAL_DEFECT,500248,20260630,3,0.117,
DIAG-20260630-TST-U00249,LEGAL_PERMIT_BARRIER,500249,20260630,1,0.873,
DIAG-20260630-TST-U00249,SEVERE_PHYSICAL_DEFECT,500249,20260630,2,0.127,
DIAG-20260630-TST-U00252,LEGAL_PERMIT_BARRIER,500252,20260630,1,0.852,
DIAG-20260630-TST-U00252,SECONDARY_ARBITRAGE,500252,20260630,2,0.148,
DIAG-20260630-TST-U00253,LEGAL_PERMIT_BARRIER,500253,20260630,1,0.769,
DIAG-20260630-TST-U00253,SECONDARY_ARBITRAGE,500253,20260630,2,0.131,
DIAG-20260630-TST-U00253,SEVERE_PHYSICAL_DEFECT,500253,20260630,3,0.1,
DIAG-20260630-TST-U00254,LEGAL_PERMIT_BARRIER,500254,20260630,1,0.76,
DIAG-20260630-TST-U00254,EXTREME_THERMAL_EXPOSURE,500254,20260630,2,0.125,
DIAG-20260630-TST-U00254,SECONDARY_ARBITRAGE,500254,20260630,3,0.115,
DIAG-20260630-TST-U00255,LEGAL_PERMIT_BARRIER,500255,20260630,1,0.774,
DIAG-20260630-TST-U00255,EXTREME_THERMAL_EXPOSURE,500255,20260630,2,0.128,
DIAG-20260630-TST-U00255,SECONDARY_ARBITRAGE,500255,20260630,3,0.098,
DIAG-20260630-TST-U00256,LEGAL_PERMIT_BARRIER,500256,20260630,1,0.889,
DIAG-20260630-TST-U00256,SECONDARY_ARBITRAGE,500256,20260630,2,0.111,
DIAG-20260630-TST-U00257,LEGAL_PERMIT_BARRIER,500257,20260630,1,1.0,
DIAG-20260630-TST-U00258,LEGAL_PERMIT_BARRIER,500258,20260630,1,0.804,
DIAG-20260630-TST-U00258,SEVERE_PHYSICAL_DEFECT,500258,20260630,2,0.108,
DIAG-20260630-TST-U00258,LOW_SALES_INCENTIVE,500258,20260630,3,0.088,
DIAG-20260630-TST-U00259,LEGAL_PERMIT_BARRIER,500259,20260630,1,0.766,
DIAG-20260630-TST-U00259,SECONDARY_ARBITRAGE,500259,20260630,2,0.127,
DIAG-20260630-TST-U00259,EXTREME_THERMAL_EXPOSURE,500259,20260630,3,0.107,
DIAG-20260630-TST-U00261,LEGAL_PERMIT_BARRIER,500261,20260630,1,0.901,
DIAG-20260630-TST-U00261,LOW_SALES_INCENTIVE,500261,20260630,2,0.099,
DIAG-20260630-TST-U00262,LEGAL_PERMIT_BARRIER,500262,20260630,1,0.901,
DIAG-20260630-TST-U00262,LOW_SALES_INCENTIVE,500262,20260630,2,0.099,
DIAG-20260630-TST-U00264,LEGAL_PERMIT_BARRIER,500264,20260630,1,0.782,
DIAG-20260630-TST-U00264,SEVERE_PHYSICAL_DEFECT,500264,20260630,2,0.11,
DIAG-20260630-TST-U00264,SECONDARY_ARBITRAGE,500264,20260630,3,0.108,
DIAG-20260630-TST-U00265,LEGAL_PERMIT_BARRIER,500265,20260630,1,0.764,
DIAG-20260630-TST-U00265,EXTREME_THERMAL_EXPOSURE,500265,20260630,2,0.13,
DIAG-20260630-TST-U00265,SECONDARY_ARBITRAGE,500265,20260630,3,0.106,
DIAG-20260630-TST-U00266,LEGAL_PERMIT_BARRIER,500266,20260630,1,0.799,
DIAG-20260630-TST-U00266,SECONDARY_ARBITRAGE,500266,20260630,2,0.113,
DIAG-20260630-TST-U00266,LOW_SALES_INCENTIVE,500266,20260630,3,0.088,
DIAG-20260630-TST-U00267,LEGAL_PERMIT_BARRIER,500267,20260630,1,0.794,
DIAG-20260630-TST-U00267,SECONDARY_ARBITRAGE,500267,20260630,2,0.119,
DIAG-20260630-TST-U00267,LOW_SALES_INCENTIVE,500267,20260630,3,0.087,
DIAG-20260630-TST-U00268,LEGAL_PERMIT_BARRIER,500268,20260630,1,0.77,
DIAG-20260630-TST-U00268,SECONDARY_ARBITRAGE,500268,20260630,2,0.122,
DIAG-20260630-TST-U00268,SEVERE_PHYSICAL_DEFECT,500268,20260630,3,0.108,
DIAG-20260630-TST-U00269,LEGAL_PERMIT_BARRIER,500269,20260630,1,0.777,
DIAG-20260630-TST-U00269,SECONDARY_ARBITRAGE,500269,20260630,2,0.138,
DIAG-20260630-TST-U00269,LOW_SALES_INCENTIVE,500269,20260630,3,0.085,
DIAG-20260630-TST-U00270,LEGAL_PERMIT_BARRIER,500270,20260630,1,0.778,
DIAG-20260630-TST-U00270,EXTREME_THERMAL_EXPOSURE,500270,20260630,2,0.136,
DIAG-20260630-TST-U00270,LOW_SALES_INCENTIVE,500270,20260630,3,0.086,
DIAG-20260630-TST-U00271,LEGAL_PERMIT_BARRIER,500271,20260630,1,0.775,
DIAG-20260630-TST-U00271,EXTREME_THERMAL_EXPOSURE,500271,20260630,2,0.12,
DIAG-20260630-TST-U00271,SECONDARY_ARBITRAGE,500271,20260630,3,0.105,
DIAG-20260630-TST-U00272,LEGAL_PERMIT_BARRIER,500272,20260630,1,0.887,
DIAG-20260630-TST-U00272,SECONDARY_ARBITRAGE,500272,20260630,2,0.113,
DIAG-20260630-TST-U00273,LEGAL_PERMIT_BARRIER,500273,20260630,1,0.766,
DIAG-20260630-TST-U00273,SECONDARY_ARBITRAGE,500273,20260630,2,0.135,
DIAG-20260630-TST-U00273,OVERPRICED_VS_PEER,500273,20260630,3,0.099,
DIAG-20260630-TST-U00275,LEGAL_PERMIT_BARRIER,500275,20260630,1,0.738,
DIAG-20260630-TST-U00275,EXTREME_THERMAL_EXPOSURE,500275,20260630,2,0.144,
DIAG-20260630-TST-U00275,SECONDARY_ARBITRAGE,500275,20260630,3,0.118,
DIAG-20260630-TST-U00277,LEGAL_PERMIT_BARRIER,500277,20260630,1,0.771,
DIAG-20260630-TST-U00277,SEVERE_PHYSICAL_DEFECT,500277,20260630,2,0.116,
DIAG-20260630-TST-U00277,SECONDARY_ARBITRAGE,500277,20260630,3,0.113,
DIAG-20260630-TST-U00278,LEGAL_PERMIT_BARRIER,500278,20260630,1,0.758,
DIAG-20260630-TST-U00278,SECONDARY_ARBITRAGE,500278,20260630,2,0.125,
DIAG-20260630-TST-U00278,SEVERE_PHYSICAL_DEFECT,500278,20260630,3,0.117,
DIAG-20260630-TST-U00279,LEGAL_PERMIT_BARRIER,500279,20260630,1,0.759,
DIAG-20260630-TST-U00279,EXTREME_THERMAL_EXPOSURE,500279,20260630,2,0.133,
DIAG-20260630-TST-U00279,SECONDARY_ARBITRAGE,500279,20260630,3,0.108,
DIAG-20260630-TST-U00280,LEGAL_PERMIT_BARRIER,500280,20260630,1,0.746,
DIAG-20260630-TST-U00280,SEVERE_PHYSICAL_DEFECT,500280,20260630,2,0.138,
DIAG-20260630-TST-U00280,EXTREME_THERMAL_EXPOSURE,500280,20260630,3,0.116,
DIAG-20260630-TST-U00281,LEGAL_PERMIT_BARRIER,500281,20260630,1,0.738,
DIAG-20260630-TST-U00281,EXTREME_THERMAL_EXPOSURE,500281,20260630,2,0.144,
DIAG-20260630-TST-U00281,SEVERE_PHYSICAL_DEFECT,500281,20260630,3,0.118,
DIAG-20260630-TST-U00282,LEGAL_PERMIT_BARRIER,500282,20260630,1,0.736,
DIAG-20260630-TST-U00282,SECONDARY_ARBITRAGE,500282,20260630,2,0.139,
DIAG-20260630-TST-U00282,EXTREME_THERMAL_EXPOSURE,500282,20260630,3,0.125,
DIAG-20260630-TST-U00283,LEGAL_PERMIT_BARRIER,500283,20260630,1,0.758,
DIAG-20260630-TST-U00283,EXTREME_THERMAL_EXPOSURE,500283,20260630,2,0.148,
DIAG-20260630-TST-U00283,SECONDARY_ARBITRAGE,500283,20260630,3,0.094,
DIAG-20260630-TST-U00284,LEGAL_PERMIT_BARRIER,500284,20260630,1,0.772,
DIAG-20260630-TST-U00284,SECONDARY_ARBITRAGE,500284,20260630,2,0.115,
DIAG-20260630-TST-U00284,LUMP_SUM_TICKET_BARRIER,500284,20260630,3,0.113,
DIAG-20260630-TST-U00285,LEGAL_PERMIT_BARRIER,500285,20260630,1,0.778,
DIAG-20260630-TST-U00285,SEVERE_PHYSICAL_DEFECT,500285,20260630,2,0.117,
DIAG-20260630-TST-U00285,SECONDARY_ARBITRAGE,500285,20260630,3,0.105,
DIAG-20260630-TST-U00286,LEGAL_PERMIT_BARRIER,500286,20260630,1,0.747,
DIAG-20260630-TST-U00286,SECONDARY_ARBITRAGE,500286,20260630,2,0.145,
DIAG-20260630-TST-U00286,SEVERE_PHYSICAL_DEFECT,500286,20260630,3,0.108,
DIAG-20260630-TST-U00289,LEGAL_PERMIT_BARRIER,500289,20260630,1,0.744,
DIAG-20260630-TST-U00289,SEVERE_PHYSICAL_DEFECT,500289,20260630,2,0.13,
DIAG-20260630-TST-U00289,EXTREME_THERMAL_EXPOSURE,500289,20260630,3,0.126,
DIAG-20260630-TST-U00290,LEGAL_PERMIT_BARRIER,500290,20260630,1,0.731,
DIAG-20260630-TST-U00290,EXTREME_THERMAL_EXPOSURE,500290,20260630,2,0.142,
DIAG-20260630-TST-U00290,SECONDARY_ARBITRAGE,500290,20260630,3,0.127,
DIAG-20260630-TST-U00291,LEGAL_PERMIT_BARRIER,500291,20260630,1,0.744,
DIAG-20260630-TST-U00291,SECONDARY_ARBITRAGE,500291,20260630,2,0.129,
DIAG-20260630-TST-U00291,EXTREME_THERMAL_EXPOSURE,500291,20260630,3,0.127,
DIAG-20260630-TST-U00293,LEGAL_PERMIT_BARRIER,500293,20260630,1,0.776,
DIAG-20260630-TST-U00293,SECONDARY_ARBITRAGE,500293,20260630,2,0.119,
DIAG-20260630-TST-U00293,SEVERE_PHYSICAL_DEFECT,500293,20260630,3,0.105,
DIAG-20260630-TST-U00294,LEGAL_PERMIT_BARRIER,500294,20260630,1,0.769,
DIAG-20260630-TST-U00294,EXTREME_THERMAL_EXPOSURE,500294,20260630,2,0.119,
DIAG-20260630-TST-U00294,SECONDARY_ARBITRAGE,500294,20260630,3,0.112,
DIAG-20260630-TST-U00295,LEGAL_PERMIT_BARRIER,500295,20260630,1,0.748,
DIAG-20260630-TST-U00295,SECONDARY_ARBITRAGE,500295,20260630,2,0.14,
DIAG-20260630-TST-U00295,EXTREME_THERMAL_EXPOSURE,500295,20260630,3,0.112,
DIAG-20260630-TST-U00297,LEGAL_PERMIT_BARRIER,500297,20260630,1,0.763,
DIAG-20260630-TST-U00297,EXTREME_THERMAL_EXPOSURE,500297,20260630,2,0.13,
DIAG-20260630-TST-U00297,SECONDARY_ARBITRAGE,500297,20260630,3,0.107,
DIAG-20260630-TST-U00299,LEGAL_PERMIT_BARRIER,500299,20260630,1,0.755,
DIAG-20260630-TST-U00299,SECONDARY_ARBITRAGE,500299,20260630,2,0.136,
DIAG-20260630-TST-U00299,SEVERE_PHYSICAL_DEFECT,500299,20260630,3,0.109,
DIAG-20260630-TST-U00300,LEGAL_PERMIT_BARRIER,500300,20260630,1,0.734,
DIAG-20260630-TST-U00300,SECONDARY_ARBITRAGE,500300,20260630,2,0.141,
DIAG-20260630-TST-U00300,EXTREME_THERMAL_EXPOSURE,500300,20260630,3,0.125,
DIAG-20260630-TST-U00301,LEGAL_PERMIT_BARRIER,500301,20260630,1,0.877,
DIAG-20260630-TST-U00301,SECONDARY_ARBITRAGE,500301,20260630,2,0.123,
DIAG-20260630-TST-U00302,LEGAL_PERMIT_BARRIER,500302,20260630,1,0.751,
DIAG-20260630-TST-U00302,EXTREME_THERMAL_EXPOSURE,500302,20260630,2,0.147,
DIAG-20260630-TST-U00302,SEVERE_PHYSICAL_DEFECT,500302,20260630,3,0.102,
DIAG-20260630-TST-U00303,LEGAL_PERMIT_BARRIER,500303,20260630,1,0.758,
DIAG-20260630-TST-U00303,SEVERE_PHYSICAL_DEFECT,500303,20260630,2,0.125,
DIAG-20260630-TST-U00303,EXTREME_THERMAL_EXPOSURE,500303,20260630,3,0.117,
DIAG-20260630-TST-U00305,LEGAL_PERMIT_BARRIER,500305,20260630,1,0.876,
DIAG-20260630-TST-U00305,SECONDARY_ARBITRAGE,500305,20260630,2,0.124,
DIAG-20260630-TST-U00306,LEGAL_PERMIT_BARRIER,500306,20260630,1,0.795,
DIAG-20260630-TST-U00306,SECONDARY_ARBITRAGE,500306,20260630,2,0.117,
DIAG-20260630-TST-U00306,LOW_SALES_INCENTIVE,500306,20260630,3,0.088,
DIAG-20260630-TST-U00307,LEGAL_PERMIT_BARRIER,500307,20260630,1,0.763,
DIAG-20260630-TST-U00307,EXTREME_THERMAL_EXPOSURE,500307,20260630,2,0.13,
DIAG-20260630-TST-U00307,SECONDARY_ARBITRAGE,500307,20260630,3,0.107,
DIAG-20260630-TST-U00308,LEGAL_PERMIT_BARRIER,500308,20260630,1,0.772,
DIAG-20260630-TST-U00308,EXTREME_THERMAL_EXPOSURE,500308,20260630,2,0.12,
DIAG-20260630-TST-U00308,SEVERE_PHYSICAL_DEFECT,500308,20260630,3,0.108,
DIAG-20260630-TST-U00309,LEGAL_PERMIT_BARRIER,500309,20260630,1,0.754,
DIAG-20260630-TST-U00309,SECONDARY_ARBITRAGE,500309,20260630,2,0.141,
DIAG-20260630-TST-U00309,SEVERE_PHYSICAL_DEFECT,500309,20260630,3,0.105,
DIAG-20260630-TST-U00310,LEGAL_PERMIT_BARRIER,500310,20260630,1,0.901,
DIAG-20260630-TST-U00310,LOW_SALES_INCENTIVE,500310,20260630,2,0.099,
DIAG-20260630-TST-U00311,LEGAL_PERMIT_BARRIER,500311,20260630,1,0.763,
DIAG-20260630-TST-U00311,SEVERE_PHYSICAL_DEFECT,500311,20260630,2,0.126,
DIAG-20260630-TST-U00311,SECONDARY_ARBITRAGE,500311,20260630,3,0.111,
DIAG-20260630-TST-U00312,LEGAL_PERMIT_BARRIER,500312,20260630,1,0.757,
DIAG-20260630-TST-U00312,EXTREME_THERMAL_EXPOSURE,500312,20260630,2,0.129,
DIAG-20260630-TST-U00312,SECONDARY_ARBITRAGE,500312,20260630,3,0.114,
DIAG-20260630-TST-U00313,LEGAL_PERMIT_BARRIER,500313,20260630,1,0.764,
DIAG-20260630-TST-U00313,SEVERE_PHYSICAL_DEFECT,500313,20260630,2,0.122,
DIAG-20260630-TST-U00313,SECONDARY_ARBITRAGE,500313,20260630,3,0.114,
DIAG-20260630-TST-U00314,LEGAL_PERMIT_BARRIER,500314,20260630,1,0.859,
DIAG-20260630-TST-U00314,SECONDARY_ARBITRAGE,500314,20260630,2,0.141,
DIAG-20260630-TST-U00315,LEGAL_PERMIT_BARRIER,500315,20260630,1,0.767,
DIAG-20260630-TST-U00315,EXTREME_THERMAL_EXPOSURE,500315,20260630,2,0.13,
DIAG-20260630-TST-U00315,SEVERE_PHYSICAL_DEFECT,500315,20260630,3,0.103,
DIAG-20260630-TST-U00316,LEGAL_PERMIT_BARRIER,500316,20260630,1,0.803,
DIAG-20260630-TST-U00316,SECONDARY_ARBITRAGE,500316,20260630,2,0.109,
DIAG-20260630-TST-U00316,LOW_SALES_INCENTIVE,500316,20260630,3,0.088,
DIAG-20260630-TST-U00317,LEGAL_PERMIT_BARRIER,500317,20260630,1,0.775,
DIAG-20260630-TST-U00317,SECONDARY_ARBITRAGE,500317,20260630,2,0.116,
DIAG-20260630-TST-U00317,SEVERE_PHYSICAL_DEFECT,500317,20260630,3,0.109,
DIAG-20260630-TST-U00318,LEGAL_PERMIT_BARRIER,500318,20260630,1,0.781,
DIAG-20260630-TST-U00318,EXTREME_THERMAL_EXPOSURE,500318,20260630,2,0.121,
DIAG-20260630-TST-U00318,SECONDARY_ARBITRAGE,500318,20260630,3,0.098,
DIAG-20260630-TST-U00319,LEGAL_PERMIT_BARRIER,500319,20260630,1,0.749,
DIAG-20260630-TST-U00319,EXTREME_THERMAL_EXPOSURE,500319,20260630,2,0.146,
DIAG-20260630-TST-U00319,SEVERE_PHYSICAL_DEFECT,500319,20260630,3,0.105,
DIAG-20260630-TST-U00320,LEGAL_PERMIT_BARRIER,500320,20260630,1,0.759,
DIAG-20260630-TST-U00320,EXTREME_THERMAL_EXPOSURE,500320,20260630,2,0.129,
DIAG-20260630-TST-U00320,SECONDARY_ARBITRAGE,500320,20260630,3,0.112,
DIAG-20260630-TST-U00321,LEGAL_PERMIT_BARRIER,500321,20260630,1,0.766,
DIAG-20260630-TST-U00321,EXTREME_THERMAL_EXPOSURE,500321,20260630,2,0.134,
DIAG-20260630-TST-U00321,SEVERE_PHYSICAL_DEFECT,500321,20260630,3,0.1,
DIAG-20260630-TST-U00322,LEGAL_PERMIT_BARRIER,500322,20260630,1,0.762,
DIAG-20260630-TST-U00322,SECONDARY_ARBITRAGE,500322,20260630,2,0.126,
DIAG-20260630-TST-U00322,LUMP_SUM_TICKET_BARRIER,500322,20260630,3,0.112,
DIAG-20260630-TST-U00323,LEGAL_PERMIT_BARRIER,500323,20260630,1,0.77,
DIAG-20260630-TST-U00323,SEVERE_PHYSICAL_DEFECT,500323,20260630,2,0.131,
DIAG-20260630-TST-U00323,SECONDARY_ARBITRAGE,500323,20260630,3,0.099,
DIAG-20260630-TST-U00324,LEGAL_PERMIT_BARRIER,500324,20260630,1,0.743,
DIAG-20260630-TST-U00324,EXTREME_THERMAL_EXPOSURE,500324,20260630,2,0.145,
DIAG-20260630-TST-U00324,SEVERE_PHYSICAL_DEFECT,500324,20260630,3,0.112,
DIAG-20260630-TST-U00325,LEGAL_PERMIT_BARRIER,500325,20260630,1,0.774,
DIAG-20260630-TST-U00325,EXTREME_THERMAL_EXPOSURE,500325,20260630,2,0.12,
DIAG-20260630-TST-U00325,SECONDARY_ARBITRAGE,500325,20260630,3,0.106,
DIAG-20260630-TST-U00326,LEGAL_PERMIT_BARRIER,500326,20260630,1,0.767,
DIAG-20260630-TST-U00326,EXTREME_THERMAL_EXPOSURE,500326,20260630,2,0.119,
DIAG-20260630-TST-U00326,SECONDARY_ARBITRAGE,500326,20260630,3,0.114,
DIAG-20260630-TST-U00327,LEGAL_PERMIT_BARRIER,500327,20260630,1,0.785,
DIAG-20260630-TST-U00327,SECONDARY_ARBITRAGE,500327,20260630,2,0.113,
DIAG-20260630-TST-U00327,SEVERE_PHYSICAL_DEFECT,500327,20260630,3,0.102,
DIAG-20260630-TST-U00328,LEGAL_PERMIT_BARRIER,500328,20260630,1,0.756,
DIAG-20260630-TST-U00328,SECONDARY_ARBITRAGE,500328,20260630,2,0.127,
DIAG-20260630-TST-U00328,EXTREME_THERMAL_EXPOSURE,500328,20260630,3,0.117,
DIAG-20260630-TST-U00329,LEGAL_PERMIT_BARRIER,500329,20260630,1,0.752,
DIAG-20260630-TST-U00329,EXTREME_THERMAL_EXPOSURE,500329,20260630,2,0.128,
DIAG-20260630-TST-U00329,SECONDARY_ARBITRAGE,500329,20260630,3,0.12,
DIAG-20260630-TST-U00330,LEGAL_PERMIT_BARRIER,500330,20260630,1,0.758,
DIAG-20260630-TST-U00330,EXTREME_THERMAL_EXPOSURE,500330,20260630,2,0.129,
DIAG-20260630-TST-U00330,SECONDARY_ARBITRAGE,500330,20260630,3,0.113,
DIAG-20260630-TST-U00331,LEGAL_PERMIT_BARRIER,500331,20260630,1,0.79,
DIAG-20260630-TST-U00331,EXTREME_THERMAL_EXPOSURE,500331,20260630,2,0.123,
DIAG-20260630-TST-U00331,LOW_SALES_INCENTIVE,500331,20260630,3,0.087,
DIAG-20260630-TST-U00332,LEGAL_PERMIT_BARRIER,500332,20260630,1,0.759,
DIAG-20260630-TST-U00332,EXTREME_THERMAL_EXPOSURE,500332,20260630,2,0.125,
DIAG-20260630-TST-U00332,SECONDARY_ARBITRAGE,500332,20260630,3,0.116,
DIAG-20260630-TST-U00333,LEGAL_PERMIT_BARRIER,500333,20260630,1,0.876,
DIAG-20260630-TST-U00333,SECONDARY_ARBITRAGE,500333,20260630,2,0.124,
DIAG-20260630-TST-U00334,LEGAL_PERMIT_BARRIER,500334,20260630,1,0.794,
DIAG-20260630-TST-U00334,SEVERE_PHYSICAL_DEFECT,500334,20260630,2,0.119,
DIAG-20260630-TST-U00334,LOW_SALES_INCENTIVE,500334,20260630,3,0.087,
DIAG-20260630-TST-U00336,LEGAL_PERMIT_BARRIER,500336,20260630,1,0.79,
DIAG-20260630-TST-U00336,SECONDARY_ARBITRAGE,500336,20260630,2,0.107,
DIAG-20260630-TST-U00336,SEVERE_PHYSICAL_DEFECT,500336,20260630,3,0.103,
DIAG-20260630-TST-U00339,LEGAL_PERMIT_BARRIER,500339,20260630,1,0.788,
DIAG-20260630-TST-U00339,SECONDARY_ARBITRAGE,500339,20260630,2,0.125,
DIAG-20260630-TST-U00339,LOW_SALES_INCENTIVE,500339,20260630,3,0.087,
DIAG-20260630-TST-U00340,LEGAL_PERMIT_BARRIER,500340,20260630,1,0.893,
DIAG-20260630-TST-U00340,SECONDARY_ARBITRAGE,500340,20260630,2,0.107,
DIAG-20260630-TST-U00341,LEGAL_PERMIT_BARRIER,500341,20260630,1,0.828,
DIAG-20260630-TST-U00341,SECONDARY_ARBITRAGE,500341,20260630,2,0.172,
DIAG-20260630-TST-U00342,LEGAL_PERMIT_BARRIER,500342,20260630,1,0.796,
DIAG-20260630-TST-U00342,SECONDARY_ARBITRAGE,500342,20260630,2,0.117,
DIAG-20260630-TST-U00342,LOW_SALES_INCENTIVE,500342,20260630,3,0.087,
DIAG-20260630-TST-U00343,LEGAL_PERMIT_BARRIER,500343,20260630,1,0.804,
DIAG-20260630-TST-U00343,SECONDARY_ARBITRAGE,500343,20260630,2,0.108,
DIAG-20260630-TST-U00343,LOW_SALES_INCENTIVE,500343,20260630,3,0.088,
DIAG-20260630-TST-U00344,LEGAL_PERMIT_BARRIER,500344,20260630,1,0.755,
DIAG-20260630-TST-U00344,EXTREME_THERMAL_EXPOSURE,500344,20260630,2,0.125,
DIAG-20260630-TST-U00344,SECONDARY_ARBITRAGE,500344,20260630,3,0.12,
DIAG-20260630-TST-U00345,LEGAL_PERMIT_BARRIER,500345,20260630,1,0.901,
DIAG-20260630-TST-U00345,LOW_SALES_INCENTIVE,500345,20260630,2,0.099,
DIAG-20260630-TST-U00346,LEGAL_PERMIT_BARRIER,500346,20260630,1,0.773,
DIAG-20260630-TST-U00346,SEVERE_PHYSICAL_DEFECT,500346,20260630,2,0.127,
DIAG-20260630-TST-U00346,SECONDARY_ARBITRAGE,500346,20260630,3,0.1,
DIAG-20260630-TST-U00347,LEGAL_PERMIT_BARRIER,500347,20260630,1,0.866,
DIAG-20260630-TST-U00347,SEVERE_PHYSICAL_DEFECT,500347,20260630,2,0.134,
DIAG-20260630-TST-U00348,LEGAL_PERMIT_BARRIER,500348,20260630,1,0.749,
DIAG-20260630-TST-U00348,SECONDARY_ARBITRAGE,500348,20260630,2,0.127,
DIAG-20260630-TST-U00348,EXTREME_THERMAL_EXPOSURE,500348,20260630,3,0.124,
DIAG-20260630-TST-U00349,LEGAL_PERMIT_BARRIER,500349,20260630,1,0.866,
DIAG-20260630-TST-U00349,SECONDARY_ARBITRAGE,500349,20260630,2,0.134,
DIAG-20260630-TST-U00350,LEGAL_PERMIT_BARRIER,500350,20260630,1,0.752,
DIAG-20260630-TST-U00350,SECONDARY_ARBITRAGE,500350,20260630,2,0.135,
DIAG-20260630-TST-U00350,EXTREME_THERMAL_EXPOSURE,500350,20260630,3,0.113,
DIAG-20260630-TST-U00351,LEGAL_PERMIT_BARRIER,500351,20260630,1,0.77,
DIAG-20260630-TST-U00351,SECONDARY_ARBITRAGE,500351,20260630,2,0.118,
DIAG-20260630-TST-U00351,LUMP_SUM_TICKET_BARRIER,500351,20260630,3,0.112,
DIAG-20260630-TST-U00352,LEGAL_PERMIT_BARRIER,500352,20260630,1,0.79,
DIAG-20260630-TST-U00352,EXTREME_THERMAL_EXPOSURE,500352,20260630,2,0.115,
DIAG-20260630-TST-U00352,SECONDARY_ARBITRAGE,500352,20260630,3,0.095,
DIAG-20260630-TST-U00353,LEGAL_PERMIT_BARRIER,500353,20260630,1,0.873,
DIAG-20260630-TST-U00353,SECONDARY_ARBITRAGE,500353,20260630,2,0.127,
DIAG-20260630-TST-U00355,LEGAL_PERMIT_BARRIER,500355,20260630,1,0.769,
DIAG-20260630-TST-U00355,EXTREME_THERMAL_EXPOSURE,500355,20260630,2,0.127,
DIAG-20260630-TST-U00355,SEVERE_PHYSICAL_DEFECT,500355,20260630,3,0.104,
DIAG-20260630-TST-U00356,LEGAL_PERMIT_BARRIER,500356,20260630,1,0.74,
DIAG-20260630-TST-U00356,SEVERE_PHYSICAL_DEFECT,500356,20260630,2,0.13,
DIAG-20260630-TST-U00356,EXTREME_THERMAL_EXPOSURE,500356,20260630,3,0.13,
DIAG-20260630-TST-U00357,LEGAL_PERMIT_BARRIER,500357,20260630,1,0.901,
DIAG-20260630-TST-U00357,LOW_SALES_INCENTIVE,500357,20260630,2,0.099,
DIAG-20260630-TST-U00358,LEGAL_PERMIT_BARRIER,500358,20260630,1,0.877,
DIAG-20260630-TST-U00358,SEVERE_PHYSICAL_DEFECT,500358,20260630,2,0.123,
DIAG-20260630-TST-U00359,LEGAL_PERMIT_BARRIER,500359,20260630,1,0.757,
DIAG-20260630-TST-U00359,SEVERE_PHYSICAL_DEFECT,500359,20260630,2,0.129,
DIAG-20260630-TST-U00359,SECONDARY_ARBITRAGE,500359,20260630,3,0.114,
DIAG-20260630-TST-U00360,LEGAL_PERMIT_BARRIER,500360,20260630,1,0.756,
DIAG-20260630-TST-U00360,SECONDARY_ARBITRAGE,500360,20260630,2,0.138,
DIAG-20260630-TST-U00360,EXTREME_THERMAL_EXPOSURE,500360,20260630,3,0.106,
DIAG-20260630-TST-U00361,LEGAL_PERMIT_BARRIER,500361,20260630,1,0.773,
DIAG-20260630-TST-U00361,SECONDARY_ARBITRAGE,500361,20260630,2,0.115,
DIAG-20260630-TST-U00361,EXTREME_THERMAL_EXPOSURE,500361,20260630,3,0.112,
DIAG-20260630-TST-U00362,LEGAL_PERMIT_BARRIER,500362,20260630,1,0.771,
DIAG-20260630-TST-U00362,EXTREME_THERMAL_EXPOSURE,500362,20260630,2,0.131,
DIAG-20260630-TST-U00362,SECONDARY_ARBITRAGE,500362,20260630,3,0.098,
DIAG-20260630-TST-U00363,LEGAL_PERMIT_BARRIER,500363,20260630,1,0.889,
DIAG-20260630-TST-U00363,SECONDARY_ARBITRAGE,500363,20260630,2,0.111,
DIAG-20260630-TST-U00364,LEGAL_PERMIT_BARRIER,500364,20260630,1,0.87,
DIAG-20260630-TST-U00364,SECONDARY_ARBITRAGE,500364,20260630,2,0.13,
DIAG-20260630-TST-U00365,LEGAL_PERMIT_BARRIER,500365,20260630,1,0.76,
DIAG-20260630-TST-U00365,SECONDARY_ARBITRAGE,500365,20260630,2,0.13,
DIAG-20260630-TST-U00365,SEVERE_PHYSICAL_DEFECT,500365,20260630,3,0.11,
DIAG-20260630-TST-U00366,LEGAL_PERMIT_BARRIER,500366,20260630,1,0.858,
DIAG-20260630-TST-U00366,SEVERE_PHYSICAL_DEFECT,500366,20260630,2,0.142,
DIAG-20260630-TST-U00367,LEGAL_PERMIT_BARRIER,500367,20260630,1,0.884,
DIAG-20260630-TST-U00367,SECONDARY_ARBITRAGE,500367,20260630,2,0.116,
DIAG-20260630-TST-U00368,LEGAL_PERMIT_BARRIER,500368,20260630,1,0.861,
DIAG-20260630-TST-U00368,SECONDARY_ARBITRAGE,500368,20260630,2,0.139,
DIAG-20260630-TST-U00371,LEGAL_PERMIT_BARRIER,500371,20260630,1,0.861,
DIAG-20260630-TST-U00371,SECONDARY_ARBITRAGE,500371,20260630,2,0.139,
DIAG-20260630-TST-U00372,LEGAL_PERMIT_BARRIER,500372,20260630,1,0.768,
DIAG-20260630-TST-U00372,EXTREME_THERMAL_EXPOSURE,500372,20260630,2,0.119,
DIAG-20260630-TST-U00372,SECONDARY_ARBITRAGE,500372,20260630,3,0.113,
DIAG-20260630-TST-U00374,LEGAL_PERMIT_BARRIER,500374,20260630,1,0.803,
DIAG-20260630-TST-U00374,SECONDARY_ARBITRAGE,500374,20260630,2,0.109,
DIAG-20260630-TST-U00374,LOW_SALES_INCENTIVE,500374,20260630,3,0.088,
DIAG-20260630-TST-U00375,LEGAL_PERMIT_BARRIER,500375,20260630,1,0.757,
DIAG-20260630-TST-U00375,EXTREME_THERMAL_EXPOSURE,500375,20260630,2,0.125,
DIAG-20260630-TST-U00375,SECONDARY_ARBITRAGE,500375,20260630,3,0.118,
DIAG-20260630-TST-U00376,LEGAL_PERMIT_BARRIER,500376,20260630,1,0.754,
DIAG-20260630-TST-U00376,SEVERE_PHYSICAL_DEFECT,500376,20260630,2,0.136,
DIAG-20260630-TST-U00376,SECONDARY_ARBITRAGE,500376,20260630,3,0.11,
DIAG-20260630-TST-U00377,LEGAL_PERMIT_BARRIER,500377,20260630,1,0.767,
DIAG-20260630-TST-U00377,EXTREME_THERMAL_EXPOSURE,500377,20260630,2,0.127,
DIAG-20260630-TST-U00377,SECONDARY_ARBITRAGE,500377,20260630,3,0.106,
DIAG-20260630-TST-U00379,LEGAL_PERMIT_BARRIER,500379,20260630,1,0.783,
DIAG-20260630-TST-U00379,EXTREME_THERMAL_EXPOSURE,500379,20260630,2,0.11,
DIAG-20260630-TST-U00379,SECONDARY_ARBITRAGE,500379,20260630,3,0.107,
DIAG-20260630-TST-U00381,LEGAL_PERMIT_BARRIER,500381,20260630,1,0.762,
DIAG-20260630-TST-U00381,SECONDARY_ARBITRAGE,500381,20260630,2,0.139,
DIAG-20260630-TST-U00381,SEVERE_PHYSICAL_DEFECT,500381,20260630,3,0.099,
DIAG-20260630-TST-U00382,LEGAL_PERMIT_BARRIER,500382,20260630,1,0.88,
DIAG-20260630-TST-U00382,SECONDARY_ARBITRAGE,500382,20260630,2,0.12,
DIAG-20260630-TST-U00383,LEGAL_PERMIT_BARRIER,500383,20260630,1,0.777,
DIAG-20260630-TST-U00383,SEVERE_PHYSICAL_DEFECT,500383,20260630,2,0.116,
DIAG-20260630-TST-U00383,SECONDARY_ARBITRAGE,500383,20260630,3,0.107,
DIAG-20260630-TST-U00384,LEGAL_PERMIT_BARRIER,500384,20260630,1,0.765,
DIAG-20260630-TST-U00384,SEVERE_PHYSICAL_DEFECT,500384,20260630,2,0.119,
DIAG-20260630-TST-U00384,SECONDARY_ARBITRAGE,500384,20260630,3,0.116,
DIAG-20260630-TST-U00385,LEGAL_PERMIT_BARRIER,500385,20260630,1,0.78,
DIAG-20260630-TST-U00385,SECONDARY_ARBITRAGE,500385,20260630,2,0.111,
DIAG-20260630-TST-U00385,EXTREME_THERMAL_EXPOSURE,500385,20260630,3,0.109,
DIAG-20260630-TST-U00386,LEGAL_PERMIT_BARRIER,500386,20260630,1,0.77,
DIAG-20260630-TST-U00386,SEVERE_PHYSICAL_DEFECT,500386,20260630,2,0.123,
DIAG-20260630-TST-U00386,SECONDARY_ARBITRAGE,500386,20260630,3,0.107,
DIAG-20260630-TST-U00387,LEGAL_PERMIT_BARRIER,500387,20260630,1,0.866,
DIAG-20260630-TST-U00387,EXTREME_THERMAL_EXPOSURE,500387,20260630,2,0.134,
DIAG-20260630-TST-U00388,LEGAL_PERMIT_BARRIER,500388,20260630,1,0.785,
DIAG-20260630-TST-U00388,EXTREME_THERMAL_EXPOSURE,500388,20260630,2,0.129,
DIAG-20260630-TST-U00388,LOW_SALES_INCENTIVE,500388,20260630,3,0.086,
DIAG-20260630-TST-U00389,LEGAL_PERMIT_BARRIER,500389,20260630,1,0.755,
DIAG-20260630-TST-U00389,SECONDARY_ARBITRAGE,500389,20260630,2,0.151,
DIAG-20260630-TST-U00389,SEVERE_PHYSICAL_DEFECT,500389,20260630,3,0.094,
DIAG-20260630-TST-U00390,LEGAL_PERMIT_BARRIER,500390,20260630,1,0.805,
DIAG-20260630-TST-U00390,SECONDARY_ARBITRAGE,500390,20260630,2,0.106,
DIAG-20260630-TST-U00390,LOW_SALES_INCENTIVE,500390,20260630,3,0.089,
DIAG-20260630-TST-U00391,LEGAL_PERMIT_BARRIER,500391,20260630,1,0.785,
DIAG-20260630-TST-U00391,EXTREME_THERMAL_EXPOSURE,500391,20260630,2,0.129,
DIAG-20260630-TST-U00391,LOW_SALES_INCENTIVE,500391,20260630,3,0.086,
DIAG-20260630-TST-U00393,LEGAL_PERMIT_BARRIER,500393,20260630,1,0.761,
DIAG-20260630-TST-U00393,SECONDARY_ARBITRAGE,500393,20260630,2,0.125,
DIAG-20260630-TST-U00393,SEVERE_PHYSICAL_DEFECT,500393,20260630,3,0.114,
DIAG-20260630-TST-U00394,LEGAL_PERMIT_BARRIER,500394,20260630,1,0.754,
DIAG-20260630-TST-U00394,SECONDARY_ARBITRAGE,500394,20260630,2,0.144,
DIAG-20260630-TST-U00394,OVERPRICED_VS_PEER,500394,20260630,3,0.102,
DIAG-20260630-TST-U00395,LEGAL_PERMIT_BARRIER,500395,20260630,1,0.872,
DIAG-20260630-TST-U00395,SECONDARY_ARBITRAGE,500395,20260630,2,0.128,
DIAG-20260630-TST-U00396,LEGAL_PERMIT_BARRIER,500396,20260630,1,0.785,
DIAG-20260630-TST-U00396,EXTREME_THERMAL_EXPOSURE,500396,20260630,2,0.129,
DIAG-20260630-TST-U00396,LOW_SALES_INCENTIVE,500396,20260630,3,0.086,
DIAG-20260630-TST-U00397,LEGAL_PERMIT_BARRIER,500397,20260630,1,0.784,
DIAG-20260630-TST-U00397,SECONDARY_ARBITRAGE,500397,20260630,2,0.114,
DIAG-20260630-TST-U00397,SEVERE_PHYSICAL_DEFECT,500397,20260630,3,0.102,
DIAG-20260630-TST-U00398,LEGAL_PERMIT_BARRIER,500398,20260630,1,0.776,
DIAG-20260630-TST-U00398,SEVERE_PHYSICAL_DEFECT,500398,20260630,2,0.112,
DIAG-20260630-TST-U00398,SECONDARY_ARBITRAGE,500398,20260630,3,0.112,
DIAG-20260630-TST-U00400,LEGAL_PERMIT_BARRIER,500400,20260630,1,0.753,
DIAG-20260630-TST-U00400,SECONDARY_ARBITRAGE,500400,20260630,2,0.126,
DIAG-20260630-TST-U00400,SEVERE_PHYSICAL_DEFECT,500400,20260630,3,0.121,
DIAG-20260630-TST-U00401,LEGAL_PERMIT_BARRIER,500401,20260630,1,0.762,
DIAG-20260630-TST-U00401,SECONDARY_ARBITRAGE,500401,20260630,2,0.131,
DIAG-20260630-TST-U00401,SEVERE_PHYSICAL_DEFECT,500401,20260630,3,0.107,
DIAG-20260630-TST-U00403,LEGAL_PERMIT_BARRIER,500403,20260630,1,0.873,
DIAG-20260630-TST-U00403,SECONDARY_ARBITRAGE,500403,20260630,2,0.127,
DIAG-20260630-TST-U00405,LEGAL_PERMIT_BARRIER,500405,20260630,1,0.785,
DIAG-20260630-TST-U00405,SEVERE_PHYSICAL_DEFECT,500405,20260630,2,0.129,
DIAG-20260630-TST-U00405,LOW_SALES_INCENTIVE,500405,20260630,3,0.086,
DIAG-20260630-TST-U00407,LEGAL_PERMIT_BARRIER,500407,20260630,1,0.802,
DIAG-20260630-TST-U00407,SECONDARY_ARBITRAGE,500407,20260630,2,0.11,
DIAG-20260630-TST-U00407,LOW_SALES_INCENTIVE,500407,20260630,3,0.088,
DIAG-20260630-TST-U00408,LEGAL_PERMIT_BARRIER,500408,20260630,1,0.8,
DIAG-20260630-TST-U00408,EXTREME_THERMAL_EXPOSURE,500408,20260630,2,0.112,
DIAG-20260630-TST-U00408,LOW_SALES_INCENTIVE,500408,20260630,3,0.088,
DIAG-20260630-TST-U00411,LEGAL_PERMIT_BARRIER,500411,20260630,1,0.8,
DIAG-20260630-TST-U00411,EXTREME_THERMAL_EXPOSURE,500411,20260630,2,0.112,
DIAG-20260630-TST-U00411,LOW_SALES_INCENTIVE,500411,20260630,3,0.088,
DIAG-20260630-TST-U00412,LEGAL_PERMIT_BARRIER,500412,20260630,1,0.78,
DIAG-20260630-TST-U00412,SECONDARY_ARBITRAGE,500412,20260630,2,0.111,
DIAG-20260630-TST-U00412,EXTREME_THERMAL_EXPOSURE,500412,20260630,3,0.109,
DIAG-20260630-TST-U00413,LEGAL_PERMIT_BARRIER,500413,20260630,1,0.779,
DIAG-20260630-TST-U00413,SECONDARY_ARBITRAGE,500413,20260630,2,0.135,
DIAG-20260630-TST-U00413,LOW_SALES_INCENTIVE,500413,20260630,3,0.086,
DIAG-20260630-TST-U00414,LEGAL_PERMIT_BARRIER,500414,20260630,1,0.767,
DIAG-20260630-TST-U00414,SEVERE_PHYSICAL_DEFECT,500414,20260630,2,0.126,
DIAG-20260630-TST-U00414,EXTREME_THERMAL_EXPOSURE,500414,20260630,3,0.107,
DIAG-20260630-TST-U00415,LEGAL_PERMIT_BARRIER,500415,20260630,1,0.775,
DIAG-20260630-TST-U00415,SECONDARY_ARBITRAGE,500415,20260630,2,0.117,
DIAG-20260630-TST-U00415,SEVERE_PHYSICAL_DEFECT,500415,20260630,3,0.108,
DIAG-20260630-TST-U00416,LEGAL_PERMIT_BARRIER,500416,20260630,1,0.784,
DIAG-20260630-TST-U00416,EXTREME_THERMAL_EXPOSURE,500416,20260630,2,0.11,
DIAG-20260630-TST-U00416,SEVERE_PHYSICAL_DEFECT,500416,20260630,3,0.106,
DIAG-20260630-TST-U00419,LEGAL_PERMIT_BARRIER,500419,20260630,1,0.76,
DIAG-20260630-TST-U00419,SECONDARY_ARBITRAGE,500419,20260630,2,0.138,
DIAG-20260630-TST-U00419,SEVERE_PHYSICAL_DEFECT,500419,20260630,3,0.102,
DIAG-20260630-TST-U00420,LEGAL_PERMIT_BARRIER,500420,20260630,1,0.796,
DIAG-20260630-TST-U00420,SEVERE_PHYSICAL_DEFECT,500420,20260630,2,0.116,
DIAG-20260630-TST-U00420,LOW_SALES_INCENTIVE,500420,20260630,3,0.088,
DIAG-20260630-TST-U00421,LEGAL_PERMIT_BARRIER,500421,20260630,1,0.787,
DIAG-20260630-TST-U00421,EXTREME_THERMAL_EXPOSURE,500421,20260630,2,0.118,
DIAG-20260630-TST-U00421,SECONDARY_ARBITRAGE,500421,20260630,3,0.095,
DIAG-20260630-TST-U00423,LEGAL_PERMIT_BARRIER,500423,20260630,1,0.756,
DIAG-20260630-TST-U00423,EXTREME_THERMAL_EXPOSURE,500423,20260630,2,0.125,
DIAG-20260630-TST-U00423,SECONDARY_ARBITRAGE,500423,20260630,3,0.119,
DIAG-20260630-TST-U00424,LEGAL_PERMIT_BARRIER,500424,20260630,1,0.773,
DIAG-20260630-TST-U00424,EXTREME_THERMAL_EXPOSURE,500424,20260630,2,0.12,
DIAG-20260630-TST-U00424,SECONDARY_ARBITRAGE,500424,20260630,3,0.107,
DIAG-20260630-TST-U00425,LEGAL_PERMIT_BARRIER,500425,20260630,1,0.753,
DIAG-20260630-TST-U00425,SECONDARY_ARBITRAGE,500425,20260630,2,0.145,
DIAG-20260630-TST-U00425,OVERPRICED_VS_PEER,500425,20260630,3,0.102,
DIAG-20260630-TST-U00426,LEGAL_PERMIT_BARRIER,500426,20260630,1,0.764,
DIAG-20260630-TST-U00426,SEVERE_PHYSICAL_DEFECT,500426,20260630,2,0.122,
DIAG-20260630-TST-U00426,SECONDARY_ARBITRAGE,500426,20260630,3,0.114,
DIAG-20260630-TST-U00427,LEGAL_PERMIT_BARRIER,500427,20260630,1,0.758,
DIAG-20260630-TST-U00427,SECONDARY_ARBITRAGE,500427,20260630,2,0.136,
DIAG-20260630-TST-U00427,SEVERE_PHYSICAL_DEFECT,500427,20260630,3,0.106,
DIAG-20260630-TST-U00428,LEGAL_PERMIT_BARRIER,500428,20260630,1,0.858,
DIAG-20260630-TST-U00428,EXTREME_THERMAL_EXPOSURE,500428,20260630,2,0.142,
DIAG-20260630-TST-U00429,LEGAL_PERMIT_BARRIER,500429,20260630,1,0.873,
DIAG-20260630-TST-U00429,SECONDARY_ARBITRAGE,500429,20260630,2,0.127,
DIAG-20260630-TST-U00430,LEGAL_PERMIT_BARRIER,500430,20260630,1,0.865,
DIAG-20260630-TST-U00430,SECONDARY_ARBITRAGE,500430,20260630,2,0.135,
DIAG-20260630-TST-U00431,LEGAL_PERMIT_BARRIER,500431,20260630,1,0.749,
DIAG-20260630-TST-U00431,SEVERE_PHYSICAL_DEFECT,500431,20260630,2,0.142,
DIAG-20260630-TST-U00431,EXTREME_THERMAL_EXPOSURE,500431,20260630,3,0.109,
DIAG-20260630-TST-U00432,LEGAL_PERMIT_BARRIER,500432,20260630,1,0.8,
DIAG-20260630-TST-U00432,SEVERE_PHYSICAL_DEFECT,500432,20260630,2,0.112,
DIAG-20260630-TST-U00432,LOW_SALES_INCENTIVE,500432,20260630,3,0.088,
DIAG-20260630-TST-U00433,LEGAL_PERMIT_BARRIER,500433,20260630,1,0.764,
DIAG-20260630-TST-U00433,EXTREME_THERMAL_EXPOSURE,500433,20260630,2,0.126,
DIAG-20260630-TST-U00433,SECONDARY_ARBITRAGE,500433,20260630,3,0.11,
DIAG-20260630-TST-U00434,LEGAL_PERMIT_BARRIER,500434,20260630,1,0.796,
DIAG-20260630-TST-U00434,SEVERE_PHYSICAL_DEFECT,500434,20260630,2,0.104,
DIAG-20260630-TST-U00434,SECONDARY_ARBITRAGE,500434,20260630,3,0.1,
DIAG-20260630-TST-U00436,LEGAL_PERMIT_BARRIER,500436,20260630,1,0.774,
DIAG-20260630-TST-U00436,LUMP_SUM_TICKET_BARRIER,500436,20260630,2,0.115,
DIAG-20260630-TST-U00436,SECONDARY_ARBITRAGE,500436,20260630,3,0.111,
DIAG-20260630-TST-U00437,LEGAL_PERMIT_BARRIER,500437,20260630,1,1.0,
DIAG-20260630-TST-U00438,LEGAL_PERMIT_BARRIER,500438,20260630,1,0.901,
DIAG-20260630-TST-U00438,LOW_SALES_INCENTIVE,500438,20260630,2,0.099,
DIAG-20260630-TST-U00439,LEGAL_PERMIT_BARRIER,500439,20260630,1,0.776,
DIAG-20260630-TST-U00439,SECONDARY_ARBITRAGE,500439,20260630,2,0.127,
DIAG-20260630-TST-U00439,SEVERE_PHYSICAL_DEFECT,500439,20260630,3,0.097,
DIAG-20260630-TST-U00440,LEGAL_PERMIT_BARRIER,500440,20260630,1,0.759,
DIAG-20260630-TST-U00440,SEVERE_PHYSICAL_DEFECT,500440,20260630,2,0.129,
DIAG-20260630-TST-U00440,SECONDARY_ARBITRAGE,500440,20260630,3,0.112,
DIAG-20260630-TST-U00441,LEGAL_PERMIT_BARRIER,500441,20260630,1,0.778,
DIAG-20260630-TST-U00441,SECONDARY_ARBITRAGE,500441,20260630,2,0.117,
DIAG-20260630-TST-U00441,SEVERE_PHYSICAL_DEFECT,500441,20260630,3,0.105,
DIAG-20260630-TST-U00443,LEGAL_PERMIT_BARRIER,500443,20260630,1,0.751,
DIAG-20260630-TST-U00443,EXTREME_THERMAL_EXPOSURE,500443,20260630,2,0.147,
DIAG-20260630-TST-U00443,SEVERE_PHYSICAL_DEFECT,500443,20260630,3,0.102,
DIAG-20260630-TST-U00448,LEGAL_PERMIT_BARRIER,500448,20260630,1,0.798,
DIAG-20260630-TST-U00448,SECONDARY_ARBITRAGE,500448,20260630,2,0.102,
DIAG-20260630-TST-U00448,SEVERE_PHYSICAL_DEFECT,500448,20260630,3,0.1,
DIAG-20260630-TST-U00449,LEGAL_PERMIT_BARRIER,500449,20260630,1,0.783,
DIAG-20260630-TST-U00449,EXTREME_THERMAL_EXPOSURE,500449,20260630,2,0.11,
DIAG-20260630-TST-U00449,SECONDARY_ARBITRAGE,500449,20260630,3,0.107,
DIAG-20260630-TST-U00450,LEGAL_PERMIT_BARRIER,500450,20260630,1,0.771,
DIAG-20260630-TST-U00450,SECONDARY_ARBITRAGE,500450,20260630,2,0.121,
DIAG-20260630-TST-U00450,SEVERE_PHYSICAL_DEFECT,500450,20260630,3,0.108,
DIAG-20260630-TST-U00453,LEGAL_PERMIT_BARRIER,500453,20260630,1,0.776,
DIAG-20260630-TST-U00453,SECONDARY_ARBITRAGE,500453,20260630,2,0.115,
DIAG-20260630-TST-U00453,EXTREME_THERMAL_EXPOSURE,500453,20260630,3,0.109,
DIAG-20260630-TST-U00454,LEGAL_PERMIT_BARRIER,500454,20260630,1,0.809,
DIAG-20260630-TST-U00454,SECONDARY_ARBITRAGE,500454,20260630,2,0.102,
DIAG-20260630-TST-U00454,LOW_SALES_INCENTIVE,500454,20260630,3,0.089,
DIAG-20260630-TST-U00456,LEGAL_PERMIT_BARRIER,500456,20260630,1,0.754,
DIAG-20260630-TST-U00456,SECONDARY_ARBITRAGE,500456,20260630,2,0.131,
DIAG-20260630-TST-U00456,LUMP_SUM_TICKET_BARRIER,500456,20260630,3,0.115,
DIAG-20260630-TST-U00457,LEGAL_PERMIT_BARRIER,500457,20260630,1,0.775,
DIAG-20260630-TST-U00457,SECONDARY_ARBITRAGE,500457,20260630,2,0.117,
DIAG-20260630-TST-U00457,SEVERE_PHYSICAL_DEFECT,500457,20260630,3,0.108,
DIAG-20260630-TST-U00458,LEGAL_PERMIT_BARRIER,500458,20260630,1,0.771,
DIAG-20260630-TST-U00458,SECONDARY_ARBITRAGE,500458,20260630,2,0.116,
DIAG-20260630-TST-U00458,LUMP_SUM_TICKET_BARRIER,500458,20260630,3,0.113,
DIAG-20260630-TST-U00459,LEGAL_PERMIT_BARRIER,500459,20260630,1,0.728,
DIAG-20260630-TST-U00459,EXTREME_THERMAL_EXPOSURE,500459,20260630,2,0.142,
DIAG-20260630-TST-U00459,SECONDARY_ARBITRAGE,500459,20260630,3,0.13,
DIAG-20260630-TST-U00460,LEGAL_PERMIT_BARRIER,500460,20260630,1,0.782,
DIAG-20260630-TST-U00460,SECONDARY_ARBITRAGE,500460,20260630,2,0.112,
DIAG-20260630-TST-U00460,SEVERE_PHYSICAL_DEFECT,500460,20260630,3,0.106,
DIAG-20260630-TST-U00461,LEGAL_PERMIT_BARRIER,500461,20260630,1,0.758,
DIAG-20260630-TST-U00461,SECONDARY_ARBITRAGE,500461,20260630,2,0.131,
DIAG-20260630-TST-U00461,LUMP_SUM_TICKET_BARRIER,500461,20260630,3,0.111,
DIAG-20260630-TST-U00462,LEGAL_PERMIT_BARRIER,500462,20260630,1,0.901,
DIAG-20260630-TST-U00462,LOW_SALES_INCENTIVE,500462,20260630,2,0.099,
DIAG-20260630-TST-U00463,LEGAL_PERMIT_BARRIER,500463,20260630,1,0.775,
DIAG-20260630-TST-U00463,SECONDARY_ARBITRAGE,500463,20260630,2,0.13,
DIAG-20260630-TST-U00463,OVERPRICED_VS_PEER,500463,20260630,3,0.095,
DIAG-20260630-TST-U00464,LEGAL_PERMIT_BARRIER,500464,20260630,1,0.75,
DIAG-20260630-TST-U00464,EXTREME_THERMAL_EXPOSURE,500464,20260630,2,0.128,
DIAG-20260630-TST-U00464,SECONDARY_ARBITRAGE,500464,20260630,3,0.122,
DIAG-20260630-TST-U00465,LEGAL_PERMIT_BARRIER,500465,20260630,1,0.8,
DIAG-20260630-TST-U00465,SEVERE_PHYSICAL_DEFECT,500465,20260630,2,0.112,
DIAG-20260630-TST-U00465,LOW_SALES_INCENTIVE,500465,20260630,3,0.088,
DIAG-20260630-TST-U00466,LEGAL_PERMIT_BARRIER,500466,20260630,1,0.796,
DIAG-20260630-TST-U00466,SEVERE_PHYSICAL_DEFECT,500466,20260630,2,0.103,
DIAG-20260630-TST-U00466,SECONDARY_ARBITRAGE,500466,20260630,3,0.101,
DIAG-20260630-TST-U00467,LEGAL_PERMIT_BARRIER,500467,20260630,1,0.901,
DIAG-20260630-TST-U00467,LOW_SALES_INCENTIVE,500467,20260630,2,0.099,
DIAG-20260630-TST-U00468,LEGAL_PERMIT_BARRIER,500468,20260630,1,0.877,
DIAG-20260630-TST-U00468,SEVERE_PHYSICAL_DEFECT,500468,20260630,2,0.123,
DIAG-20260630-TST-U00469,LEGAL_PERMIT_BARRIER,500469,20260630,1,0.785,
DIAG-20260630-TST-U00469,EXTREME_THERMAL_EXPOSURE,500469,20260630,2,0.129,
DIAG-20260630-TST-U00469,LOW_SALES_INCENTIVE,500469,20260630,3,0.086,
DIAG-20260630-TST-U00470,LEGAL_PERMIT_BARRIER,500470,20260630,1,0.793,
DIAG-20260630-TST-U00470,SECONDARY_ARBITRAGE,500470,20260630,2,0.12,
DIAG-20260630-TST-U00470,LOW_SALES_INCENTIVE,500470,20260630,3,0.087,
DIAG-20260630-TST-U00472,LEGAL_PERMIT_BARRIER,500472,20260630,1,0.8,
DIAG-20260630-TST-U00472,EXTREME_THERMAL_EXPOSURE,500472,20260630,2,0.112,
DIAG-20260630-TST-U00472,LOW_SALES_INCENTIVE,500472,20260630,3,0.088,
DIAG-20260630-TST-U00473,LEGAL_PERMIT_BARRIER,500473,20260630,1,0.858,
DIAG-20260630-TST-U00473,EXTREME_THERMAL_EXPOSURE,500473,20260630,2,0.142,
DIAG-20260630-TST-U00474,LEGAL_PERMIT_BARRIER,500474,20260630,1,0.775,
DIAG-20260630-TST-U00474,EXTREME_THERMAL_EXPOSURE,500474,20260630,2,0.12,
DIAG-20260630-TST-U00474,SEVERE_PHYSICAL_DEFECT,500474,20260630,3,0.105,
DIAG-20260630-TST-U00475,LEGAL_PERMIT_BARRIER,500475,20260630,1,0.885,
DIAG-20260630-TST-U00475,SEVERE_PHYSICAL_DEFECT,500475,20260630,2,0.115,
DIAG-20260630-TST-U00476,LEGAL_PERMIT_BARRIER,500476,20260630,1,0.748,
DIAG-20260630-TST-U00476,SECONDARY_ARBITRAGE,500476,20260630,2,0.147,
DIAG-20260630-TST-U00476,EXTREME_THERMAL_EXPOSURE,500476,20260630,3,0.105,
DIAG-20260630-TST-U00477,LEGAL_PERMIT_BARRIER,500477,20260630,1,0.792,
DIAG-20260630-TST-U00477,SECONDARY_ARBITRAGE,500477,20260630,2,0.121,
DIAG-20260630-TST-U00477,LOW_SALES_INCENTIVE,500477,20260630,3,0.087,
DIAG-20260630-TST-U00478,LEGAL_PERMIT_BARRIER,500478,20260630,1,0.806,
DIAG-20260630-TST-U00478,SECONDARY_ARBITRAGE,500478,20260630,2,0.105,
DIAG-20260630-TST-U00478,LOW_SALES_INCENTIVE,500478,20260630,3,0.089,
DIAG-20260630-TST-U00481,LEGAL_PERMIT_BARRIER,500481,20260630,1,0.851,
DIAG-20260630-TST-U00481,SECONDARY_ARBITRAGE,500481,20260630,2,0.149,
DIAG-20260630-TST-U00482,LEGAL_PERMIT_BARRIER,500482,20260630,1,0.775,
DIAG-20260630-TST-U00482,EXTREME_THERMAL_EXPOSURE,500482,20260630,2,0.128,
DIAG-20260630-TST-U00482,SEVERE_PHYSICAL_DEFECT,500482,20260630,3,0.097,
DIAG-20260630-TST-U00483,LEGAL_PERMIT_BARRIER,500483,20260630,1,0.752,
DIAG-20260630-TST-U00483,SECONDARY_ARBITRAGE,500483,20260630,2,0.143,
DIAG-20260630-TST-U00483,EXTREME_THERMAL_EXPOSURE,500483,20260630,3,0.105,
DIAG-20260630-TST-U00485,LEGAL_PERMIT_BARRIER,500485,20260630,1,0.758,
DIAG-20260630-TST-U00485,SEVERE_PHYSICAL_DEFECT,500485,20260630,2,0.133,
DIAG-20260630-TST-U00485,SECONDARY_ARBITRAGE,500485,20260630,3,0.109,
DIAG-20260630-TST-U00486,LEGAL_PERMIT_BARRIER,500486,20260630,1,0.776,
DIAG-20260630-TST-U00486,SECONDARY_ARBITRAGE,500486,20260630,2,0.115,
DIAG-20260630-TST-U00486,SEVERE_PHYSICAL_DEFECT,500486,20260630,3,0.109,
DIAG-20260630-TST-U00487,LEGAL_PERMIT_BARRIER,500487,20260630,1,0.883,
DIAG-20260630-TST-U00487,SECONDARY_ARBITRAGE,500487,20260630,2,0.117,
DIAG-20260630-TST-U00489,LEGAL_PERMIT_BARRIER,500489,20260630,1,0.761,
DIAG-20260630-TST-U00489,SECONDARY_ARBITRAGE,500489,20260630,2,0.132,
DIAG-20260630-TST-U00489,SEVERE_PHYSICAL_DEFECT,500489,20260630,3,0.107,
DIAG-20260630-TST-U00490,LEGAL_PERMIT_BARRIER,500490,20260630,1,0.79,
DIAG-20260630-TST-U00490,SECONDARY_ARBITRAGE,500490,20260630,2,0.123,
DIAG-20260630-TST-U00490,LOW_SALES_INCENTIVE,500490,20260630,3,0.087,
DIAG-20260630-TST-U00491,LEGAL_PERMIT_BARRIER,500491,20260630,1,0.885,
DIAG-20260630-TST-U00491,SECONDARY_ARBITRAGE,500491,20260630,2,0.115,
DIAG-20260630-TST-U00492,LEGAL_PERMIT_BARRIER,500492,20260630,1,0.767,
DIAG-20260630-TST-U00492,EXTREME_THERMAL_EXPOSURE,500492,20260630,2,0.126,
DIAG-20260630-TST-U00492,SEVERE_PHYSICAL_DEFECT,500492,20260630,3,0.107,
DIAG-20260630-TST-U00493,LEGAL_PERMIT_BARRIER,500493,20260630,1,0.877,
DIAG-20260630-TST-U00493,SEVERE_PHYSICAL_DEFECT,500493,20260630,2,0.123,
DIAG-20260630-TST-U00494,LEGAL_PERMIT_BARRIER,500494,20260630,1,0.764,
DIAG-20260630-TST-U00494,SEVERE_PHYSICAL_DEFECT,500494,20260630,2,0.126,
DIAG-20260630-TST-U00494,SECONDARY_ARBITRAGE,500494,20260630,3,0.11,
DIAG-20260630-TST-U00495,LEGAL_PERMIT_BARRIER,500495,20260630,1,0.805,
DIAG-20260630-TST-U00495,SECONDARY_ARBITRAGE,500495,20260630,2,0.107,
DIAG-20260630-TST-U00495,LOW_SALES_INCENTIVE,500495,20260630,3,0.088,
DIAG-20260630-TST-U00496,LEGAL_PERMIT_BARRIER,500496,20260630,1,0.769,
DIAG-20260630-TST-U00496,EXTREME_THERMAL_EXPOSURE,500496,20260630,2,0.127,
DIAG-20260630-TST-U00496,SEVERE_PHYSICAL_DEFECT,500496,20260630,3,0.104,
DIAG-20260630-TST-U00497,LEGAL_PERMIT_BARRIER,500497,20260630,1,1.0,
DIAG-20260630-TST-U00498,LEGAL_PERMIT_BARRIER,500498,20260630,1,0.771,
DIAG-20260630-TST-U00498,SECONDARY_ARBITRAGE,500498,20260630,2,0.121,
DIAG-20260630-TST-U00498,EXTREME_THERMAL_EXPOSURE,500498,20260630,3,0.108,
DIAG-20260630-TST-U00500,LEGAL_PERMIT_BARRIER,500500,20260630,1,0.901,
DIAG-20260630-TST-U00500,LOW_SALES_INCENTIVE,500500,20260630,2,0.099,
DIAG-20260630-TST-U00503,LEGAL_PERMIT_BARRIER,500503,20260630,1,0.752,
DIAG-20260630-TST-U00503,SECONDARY_ARBITRAGE,500503,20260630,2,0.143,
DIAG-20260630-TST-U00503,OVERPRICED_VS_PEER,500503,20260630,3,0.105,
DIAG-20260630-TST-U00504,LEGAL_PERMIT_BARRIER,500504,20260630,1,0.874,
DIAG-20260630-TST-U00504,SECONDARY_ARBITRAGE,500504,20260630,2,0.126,
DIAG-20260630-TST-U00505,LEGAL_PERMIT_BARRIER,500505,20260630,1,0.775,
DIAG-20260630-TST-U00505,SECONDARY_ARBITRAGE,500505,20260630,2,0.116,
DIAG-20260630-TST-U00505,EXTREME_THERMAL_EXPOSURE,500505,20260630,3,0.109,
DIAG-20260630-TST-U00507,LEGAL_PERMIT_BARRIER,500507,20260630,1,0.778,
DIAG-20260630-TST-U00507,SEVERE_PHYSICAL_DEFECT,500507,20260630,2,0.117,
DIAG-20260630-TST-U00507,SECONDARY_ARBITRAGE,500507,20260630,3,0.105,
DIAG-20260630-TST-U00508,LEGAL_PERMIT_BARRIER,500508,20260630,1,0.767,
DIAG-20260630-TST-U00508,EXTREME_THERMAL_EXPOSURE,500508,20260630,2,0.126,
DIAG-20260630-TST-U00508,SEVERE_PHYSICAL_DEFECT,500508,20260630,3,0.107,
DIAG-20260630-TST-U00509,LEGAL_PERMIT_BARRIER,500509,20260630,1,0.801,
DIAG-20260630-TST-U00509,SEVERE_PHYSICAL_DEFECT,500509,20260630,2,0.1,
DIAG-20260630-TST-U00509,SECONDARY_ARBITRAGE,500509,20260630,3,0.099,
DIAG-20260630-TST-U00510,LEGAL_PERMIT_BARRIER,500510,20260630,1,0.879,
DIAG-20260630-TST-U00510,SECONDARY_ARBITRAGE,500510,20260630,2,0.121,
DIAG-20260630-TST-U00512,LEGAL_PERMIT_BARRIER,500512,20260630,1,0.748,
DIAG-20260630-TST-U00512,SECONDARY_ARBITRAGE,500512,20260630,2,0.129,
DIAG-20260630-TST-U00512,EXTREME_THERMAL_EXPOSURE,500512,20260630,3,0.123,
DIAG-20260630-TST-U00513,LEGAL_PERMIT_BARRIER,500513,20260630,1,0.765,
DIAG-20260630-TST-U00513,SECONDARY_ARBITRAGE,500513,20260630,2,0.124,
DIAG-20260630-TST-U00513,SEVERE_PHYSICAL_DEFECT,500513,20260630,3,0.111,
DIAG-20260630-TST-U00514,LEGAL_PERMIT_BARRIER,500514,20260630,1,0.784,
DIAG-20260630-TST-U00514,SEVERE_PHYSICAL_DEFECT,500514,20260630,2,0.118,
DIAG-20260630-TST-U00514,SECONDARY_ARBITRAGE,500514,20260630,3,0.098,
DIAG-20260630-TST-U00515,LEGAL_PERMIT_BARRIER,500515,20260630,1,0.8,
DIAG-20260630-TST-U00515,SEVERE_PHYSICAL_DEFECT,500515,20260630,2,0.104,
DIAG-20260630-TST-U00515,SECONDARY_ARBITRAGE,500515,20260630,3,0.096,
DIAG-20260630-TST-U00516,LEGAL_PERMIT_BARRIER,500516,20260630,1,0.893,
DIAG-20260630-TST-U00516,SECONDARY_ARBITRAGE,500516,20260630,2,0.107,
DIAG-20260630-TST-U00517,LEGAL_PERMIT_BARRIER,500517,20260630,1,0.8,
DIAG-20260630-TST-U00517,EXTREME_THERMAL_EXPOSURE,500517,20260630,2,0.112,
DIAG-20260630-TST-U00517,LOW_SALES_INCENTIVE,500517,20260630,3,0.088,
DIAG-20260630-TST-U00519,LEGAL_PERMIT_BARRIER,500519,20260630,1,0.873,
DIAG-20260630-TST-U00519,SEVERE_PHYSICAL_DEFECT,500519,20260630,2,0.127,
DIAG-20260630-TST-U00520,LEGAL_PERMIT_BARRIER,500520,20260630,1,0.779,
DIAG-20260630-TST-U00520,EXTREME_THERMAL_EXPOSURE,500520,20260630,2,0.113,
DIAG-20260630-TST-U00520,SECONDARY_ARBITRAGE,500520,20260630,3,0.108,
DIAG-20260630-TST-U00521,LEGAL_PERMIT_BARRIER,500521,20260630,1,0.775,
DIAG-20260630-TST-U00521,SECONDARY_ARBITRAGE,500521,20260630,2,0.116,
DIAG-20260630-TST-U00521,EXTREME_THERMAL_EXPOSURE,500521,20260630,3,0.109,
DIAG-20260630-TST-U00522,LEGAL_PERMIT_BARRIER,500522,20260630,1,0.761,
DIAG-20260630-TST-U00522,SEVERE_PHYSICAL_DEFECT,500522,20260630,2,0.133,
DIAG-20260630-TST-U00522,EXTREME_THERMAL_EXPOSURE,500522,20260630,3,0.106,
DIAG-20260630-TST-U00526,LEGAL_PERMIT_BARRIER,500526,20260630,1,0.767,
DIAG-20260630-TST-U00526,EXTREME_THERMAL_EXPOSURE,500526,20260630,2,0.126,
DIAG-20260630-TST-U00526,SEVERE_PHYSICAL_DEFECT,500526,20260630,3,0.107,
DIAG-20260630-TST-U00527,LEGAL_PERMIT_BARRIER,500527,20260630,1,0.787,
DIAG-20260630-TST-U00527,SEVERE_PHYSICAL_DEFECT,500527,20260630,2,0.11,
DIAG-20260630-TST-U00527,SECONDARY_ARBITRAGE,500527,20260630,3,0.103,
DIAG-20260630-TST-U00528,LEGAL_PERMIT_BARRIER,500528,20260630,1,0.773,
DIAG-20260630-TST-U00528,SECONDARY_ARBITRAGE,500528,20260630,2,0.126,
DIAG-20260630-TST-U00528,SEVERE_PHYSICAL_DEFECT,500528,20260630,3,0.101,
DIAG-20260630-TST-U00530,LEGAL_PERMIT_BARRIER,500530,20260630,1,0.8,
DIAG-20260630-TST-U00530,EXTREME_THERMAL_EXPOSURE,500530,20260630,2,0.112,
DIAG-20260630-TST-U00530,LOW_SALES_INCENTIVE,500530,20260630,3,0.088,
DIAG-20260630-TST-U00531,LEGAL_PERMIT_BARRIER,500531,20260630,1,0.81,
DIAG-20260630-TST-U00531,SECONDARY_ARBITRAGE,500531,20260630,2,0.101,
DIAG-20260630-TST-U00531,LOW_SALES_INCENTIVE,500531,20260630,3,0.089,
DIAG-20260630-TST-U00532,LEGAL_PERMIT_BARRIER,500532,20260630,1,0.79,
DIAG-20260630-TST-U00532,SECONDARY_ARBITRAGE,500532,20260630,2,0.123,
DIAG-20260630-TST-U00532,LOW_SALES_INCENTIVE,500532,20260630,3,0.087,
DIAG-20260630-TST-U00533,LEGAL_PERMIT_BARRIER,500533,20260630,1,0.738,
DIAG-20260630-TST-U00533,SECONDARY_ARBITRAGE,500533,20260630,2,0.137,
DIAG-20260630-TST-U00533,SEVERE_PHYSICAL_DEFECT,500533,20260630,3,0.125,
DIAG-20260630-TST-U00534,LEGAL_PERMIT_BARRIER,500534,20260630,1,0.786,
DIAG-20260630-TST-U00534,SEVERE_PHYSICAL_DEFECT,500534,20260630,2,0.114,
DIAG-20260630-TST-U00534,SECONDARY_ARBITRAGE,500534,20260630,3,0.1,
DIAG-20260630-TST-U00535,LEGAL_PERMIT_BARRIER,500535,20260630,1,0.812,
DIAG-20260630-TST-U00535,SECONDARY_ARBITRAGE,500535,20260630,2,0.099,
DIAG-20260630-TST-U00535,LOW_SALES_INCENTIVE,500535,20260630,3,0.089,
DIAG-20260630-TST-U00536,LEGAL_PERMIT_BARRIER,500536,20260630,1,0.901,
DIAG-20260630-TST-U00536,LOW_SALES_INCENTIVE,500536,20260630,2,0.099,
DIAG-20260630-TST-U00538,LEGAL_PERMIT_BARRIER,500538,20260630,1,0.776,
DIAG-20260630-TST-U00538,SECONDARY_ARBITRAGE,500538,20260630,2,0.115,
DIAG-20260630-TST-U00538,EXTREME_THERMAL_EXPOSURE,500538,20260630,3,0.109,
DIAG-20260630-TST-U00539,LEGAL_PERMIT_BARRIER,500539,20260630,1,0.773,
DIAG-20260630-TST-U00539,EXTREME_THERMAL_EXPOSURE,500539,20260630,2,0.128,
DIAG-20260630-TST-U00539,SECONDARY_ARBITRAGE,500539,20260630,3,0.099,
DIAG-20260630-TST-U00541,LEGAL_PERMIT_BARRIER,500541,20260630,1,0.776,
DIAG-20260630-TST-U00541,EXTREME_THERMAL_EXPOSURE,500541,20260630,2,0.113,
DIAG-20260630-TST-U00541,SECONDARY_ARBITRAGE,500541,20260630,3,0.111,
DIAG-20260630-TST-U00543,LEGAL_PERMIT_BARRIER,500543,20260630,1,0.759,
DIAG-20260630-TST-U00543,SECONDARY_ARBITRAGE,500543,20260630,2,0.139,
DIAG-20260630-TST-U00543,OVERPRICED_VS_PEER,500543,20260630,3,0.102,
DIAG-20260630-TST-U00544,LEGAL_PERMIT_BARRIER,500544,20260630,1,0.763,
DIAG-20260630-TST-U00544,EXTREME_THERMAL_EXPOSURE,500544,20260630,2,0.126,
DIAG-20260630-TST-U00544,SEVERE_PHYSICAL_DEFECT,500544,20260630,3,0.111,
DIAG-20260630-TST-U00545,LEGAL_PERMIT_BARRIER,500545,20260630,1,0.767,
DIAG-20260630-TST-U00545,EXTREME_THERMAL_EXPOSURE,500545,20260630,2,0.126,
DIAG-20260630-TST-U00545,SECONDARY_ARBITRAGE,500545,20260630,3,0.107,
DIAG-20260630-TST-U00546,LEGAL_PERMIT_BARRIER,500546,20260630,1,0.749,
DIAG-20260630-TST-U00546,EXTREME_THERMAL_EXPOSURE,500546,20260630,2,0.146,
DIAG-20260630-TST-U00546,SEVERE_PHYSICAL_DEFECT,500546,20260630,3,0.105,
DIAG-20260630-TST-U00547,LEGAL_PERMIT_BARRIER,500547,20260630,1,0.792,
DIAG-20260630-TST-U00547,SECONDARY_ARBITRAGE,500547,20260630,2,0.121,
DIAG-20260630-TST-U00547,LOW_SALES_INCENTIVE,500547,20260630,3,0.087,
DIAG-20260630-TST-U00548,LEGAL_PERMIT_BARRIER,500548,20260630,1,0.778,
DIAG-20260630-TST-U00548,SEVERE_PHYSICAL_DEFECT,500548,20260630,2,0.113,
DIAG-20260630-TST-U00548,EXTREME_THERMAL_EXPOSURE,500548,20260630,3,0.109,
DIAG-20260630-TST-U00550,LEGAL_PERMIT_BARRIER,500550,20260630,1,0.782,
DIAG-20260630-TST-U00550,EXTREME_THERMAL_EXPOSURE,500550,20260630,2,0.11,
DIAG-20260630-TST-U00550,SECONDARY_ARBITRAGE,500550,20260630,3,0.108,
DIAG-20260630-TST-U00553,LEGAL_PERMIT_BARRIER,500553,20260630,1,0.785,
DIAG-20260630-TST-U00553,EXTREME_THERMAL_EXPOSURE,500553,20260630,2,0.129,
DIAG-20260630-TST-U00553,LOW_SALES_INCENTIVE,500553,20260630,3,0.086,
DIAG-20260630-TST-U00554,LEGAL_PERMIT_BARRIER,500554,20260630,1,0.759,
DIAG-20260630-TST-U00554,SECONDARY_ARBITRAGE,500554,20260630,2,0.129,
DIAG-20260630-TST-U00554,LUMP_SUM_TICKET_BARRIER,500554,20260630,3,0.112,
DIAG-20260630-TST-U00555,LEGAL_PERMIT_BARRIER,500555,20260630,1,0.8,
DIAG-20260630-TST-U00555,SEVERE_PHYSICAL_DEFECT,500555,20260630,2,0.112,
DIAG-20260630-TST-U00555,LOW_SALES_INCENTIVE,500555,20260630,3,0.088,
DIAG-20260630-TST-U00557,LEGAL_PERMIT_BARRIER,500557,20260630,1,0.774,
DIAG-20260630-TST-U00557,SECONDARY_ARBITRAGE,500557,20260630,2,0.131,
DIAG-20260630-TST-U00557,OVERPRICED_VS_PEER,500557,20260630,3,0.095,
DIAG-20260630-TST-U00558,LEGAL_PERMIT_BARRIER,500558,20260630,1,0.766,
DIAG-20260630-TST-U00558,EXTREME_THERMAL_EXPOSURE,500558,20260630,2,0.127,
DIAG-20260630-TST-U00558,SECONDARY_ARBITRAGE,500558,20260630,3,0.107,
DIAG-20260630-TST-U00559,LEGAL_PERMIT_BARRIER,500559,20260630,1,0.774,
DIAG-20260630-TST-U00559,SECONDARY_ARBITRAGE,500559,20260630,2,0.114,
DIAG-20260630-TST-U00559,SEVERE_PHYSICAL_DEFECT,500559,20260630,3,0.112,
DIAG-20260630-TST-U00560,LEGAL_PERMIT_BARRIER,500560,20260630,1,0.781,
DIAG-20260630-TST-U00560,SECONDARY_ARBITRAGE,500560,20260630,2,0.121,
DIAG-20260630-TST-U00560,SEVERE_PHYSICAL_DEFECT,500560,20260630,3,0.098,
DIAG-20260630-TST-U00561,LEGAL_PERMIT_BARRIER,500561,20260630,1,0.901,
DIAG-20260630-TST-U00561,LOW_SALES_INCENTIVE,500561,20260630,2,0.099,
DIAG-20260630-TST-U00562,LEGAL_PERMIT_BARRIER,500562,20260630,1,0.881,
DIAG-20260630-TST-U00562,SEVERE_PHYSICAL_DEFECT,500562,20260630,2,0.119,
DIAG-20260630-TST-U00563,LEGAL_PERMIT_BARRIER,500563,20260630,1,0.801,
DIAG-20260630-TST-U00563,SECONDARY_ARBITRAGE,500563,20260630,2,0.111,
DIAG-20260630-TST-U00563,LOW_SALES_INCENTIVE,500563,20260630,3,0.088,
DIAG-20260630-TST-U00564,LEGAL_PERMIT_BARRIER,500564,20260630,1,0.791,
DIAG-20260630-TST-U00564,SEVERE_PHYSICAL_DEFECT,500564,20260630,2,0.111,
DIAG-20260630-TST-U00564,SECONDARY_ARBITRAGE,500564,20260630,3,0.098,
DIAG-20260630-TST-U00565,LEGAL_PERMIT_BARRIER,500565,20260630,1,0.805,
DIAG-20260630-TST-U00565,SECONDARY_ARBITRAGE,500565,20260630,2,0.107,
DIAG-20260630-TST-U00565,LOW_SALES_INCENTIVE,500565,20260630,3,0.088,
DIAG-20260630-TST-U00566,LEGAL_PERMIT_BARRIER,500566,20260630,1,0.758,
DIAG-20260630-TST-U00566,EXTREME_THERMAL_EXPOSURE,500566,20260630,2,0.125,
DIAG-20260630-TST-U00566,SEVERE_PHYSICAL_DEFECT,500566,20260630,3,0.117,
DIAG-20260630-TST-U00568,LEGAL_PERMIT_BARRIER,500568,20260630,1,0.901,
DIAG-20260630-TST-U00568,LOW_SALES_INCENTIVE,500568,20260630,2,0.099,
DIAG-20260630-TST-U00569,LEGAL_PERMIT_BARRIER,500569,20260630,1,0.764,
DIAG-20260630-TST-U00569,EXTREME_THERMAL_EXPOSURE,500569,20260630,2,0.126,
DIAG-20260630-TST-U00569,SECONDARY_ARBITRAGE,500569,20260630,3,0.11,
DIAG-20260630-TST-U00570,LEGAL_PERMIT_BARRIER,500570,20260630,1,0.748,
DIAG-20260630-TST-U00570,SECONDARY_ARBITRAGE,500570,20260630,2,0.144,
DIAG-20260630-TST-U00570,SEVERE_PHYSICAL_DEFECT,500570,20260630,3,0.108,
DIAG-20260630-TST-U00571,LEGAL_PERMIT_BARRIER,500571,20260630,1,0.805,
DIAG-20260630-TST-U00571,SECONDARY_ARBITRAGE,500571,20260630,2,0.106,
DIAG-20260630-TST-U00571,LOW_SALES_INCENTIVE,500571,20260630,3,0.089,
DIAG-20260630-TST-U00574,LEGAL_PERMIT_BARRIER,500574,20260630,1,0.8,
DIAG-20260630-TST-U00574,SECONDARY_ARBITRAGE,500574,20260630,2,0.112,
DIAG-20260630-TST-U00574,LOW_SALES_INCENTIVE,500574,20260630,3,0.088,
DIAG-20260630-TST-U00576,LEGAL_PERMIT_BARRIER,500576,20260630,1,0.867,
DIAG-20260630-TST-U00576,SECONDARY_ARBITRAGE,500576,20260630,2,0.133,
DIAG-20260630-TST-U00578,LEGAL_PERMIT_BARRIER,500578,20260630,1,0.888,
DIAG-20260630-TST-U00578,SECONDARY_ARBITRAGE,500578,20260630,2,0.112,
DIAG-20260630-TST-U00579,LEGAL_PERMIT_BARRIER,500579,20260630,1,0.77,
DIAG-20260630-TST-U00579,EXTREME_THERMAL_EXPOSURE,500579,20260630,2,0.131,
DIAG-20260630-TST-U00579,SECONDARY_ARBITRAGE,500579,20260630,3,0.099,
DIAG-20260630-TST-U00580,LEGAL_PERMIT_BARRIER,500580,20260630,1,0.792,
DIAG-20260630-TST-U00580,SECONDARY_ARBITRAGE,500580,20260630,2,0.105,
DIAG-20260630-TST-U00580,SEVERE_PHYSICAL_DEFECT,500580,20260630,3,0.103,
DIAG-20260630-TST-U00582,LEGAL_PERMIT_BARRIER,500582,20260630,1,0.877,
DIAG-20260630-TST-U00582,SEVERE_PHYSICAL_DEFECT,500582,20260630,2,0.123,
DIAG-20260630-TST-U00583,LEGAL_PERMIT_BARRIER,500583,20260630,1,0.736,
DIAG-20260630-TST-U00583,EXTREME_THERMAL_EXPOSURE,500583,20260630,2,0.144,
DIAG-20260630-TST-U00583,SECONDARY_ARBITRAGE,500583,20260630,3,0.12,
DIAG-20260630-TST-U00584,LEGAL_PERMIT_BARRIER,500584,20260630,1,0.796,
DIAG-20260630-TST-U00584,SEVERE_PHYSICAL_DEFECT,500584,20260630,2,0.116,
DIAG-20260630-TST-U00584,LOW_SALES_INCENTIVE,500584,20260630,3,0.088,
DIAG-20260630-TST-U00585,LEGAL_PERMIT_BARRIER,500585,20260630,1,0.8,
DIAG-20260630-TST-U00585,EXTREME_THERMAL_EXPOSURE,500585,20260630,2,0.112,
DIAG-20260630-TST-U00585,LOW_SALES_INCENTIVE,500585,20260630,3,0.088,
DIAG-20260630-TST-U00586,LEGAL_PERMIT_BARRIER,500586,20260630,1,0.781,
DIAG-20260630-TST-U00586,SECONDARY_ARBITRAGE,500586,20260630,2,0.11,
DIAG-20260630-TST-U00586,SEVERE_PHYSICAL_DEFECT,500586,20260630,3,0.109,
DIAG-20260630-TST-U00587,LEGAL_PERMIT_BARRIER,500587,20260630,1,0.782,
DIAG-20260630-TST-U00587,SECONDARY_ARBITRAGE,500587,20260630,2,0.132,
DIAG-20260630-TST-U00587,LOW_SALES_INCENTIVE,500587,20260630,3,0.086,
DIAG-20260630-TST-U00588,LEGAL_PERMIT_BARRIER,500588,20260630,1,0.751,
DIAG-20260630-TST-U00588,SECONDARY_ARBITRAGE,500588,20260630,2,0.146,
DIAG-20260630-TST-U00588,OVERPRICED_VS_PEER,500588,20260630,3,0.103,
DIAG-20260630-TST-U00589,LEGAL_PERMIT_BARRIER,500589,20260630,1,1.0,
DIAG-20260630-TST-U00591,LEGAL_PERMIT_BARRIER,500591,20260630,1,0.901,
DIAG-20260630-TST-U00591,LOW_SALES_INCENTIVE,500591,20260630,2,0.099,
DIAG-20260630-TST-U00592,LEGAL_PERMIT_BARRIER,500592,20260630,1,0.79,
DIAG-20260630-TST-U00592,SECONDARY_ARBITRAGE,500592,20260630,2,0.123,
DIAG-20260630-TST-U00592,LOW_SALES_INCENTIVE,500592,20260630,3,0.087,
DIAG-20260630-TST-U00593,LEGAL_PERMIT_BARRIER,500593,20260630,1,0.754,
DIAG-20260630-TST-U00593,EXTREME_THERMAL_EXPOSURE,500593,20260630,2,0.125,
DIAG-20260630-TST-U00593,SEVERE_PHYSICAL_DEFECT,500593,20260630,3,0.121,
DIAG-20260630-TST-U00594,LEGAL_PERMIT_BARRIER,500594,20260630,1,0.901,
DIAG-20260630-TST-U00594,LOW_SALES_INCENTIVE,500594,20260630,2,0.099,
DIAG-20260630-TST-U00595,LEGAL_PERMIT_BARRIER,500595,20260630,1,0.792,
DIAG-20260630-TST-U00595,SEVERE_PHYSICAL_DEFECT,500595,20260630,2,0.111,
DIAG-20260630-TST-U00595,SECONDARY_ARBITRAGE,500595,20260630,3,0.097,
DIAG-20260630-TST-U00596,LEGAL_PERMIT_BARRIER,500596,20260630,1,0.762,
DIAG-20260630-TST-U00596,SECONDARY_ARBITRAGE,500596,20260630,2,0.125,
DIAG-20260630-TST-U00596,LUMP_SUM_TICKET_BARRIER,500596,20260630,3,0.113,
DIAG-20260630-TST-U00597,LEGAL_PERMIT_BARRIER,500597,20260630,1,0.873,
DIAG-20260630-TST-U00597,SEVERE_PHYSICAL_DEFECT,500597,20260630,2,0.127,
DIAG-20260630-TST-U00598,LEGAL_PERMIT_BARRIER,500598,20260630,1,0.882,
DIAG-20260630-TST-U00598,SECONDARY_ARBITRAGE,500598,20260630,2,0.118,
DIAG-20260630-TST-U00600,LEGAL_PERMIT_BARRIER,500600,20260630,1,0.754,
DIAG-20260630-TST-U00600,EXTREME_THERMAL_EXPOSURE,500600,20260630,2,0.125,
DIAG-20260630-TST-U00600,SEVERE_PHYSICAL_DEFECT,500600,20260630,3,0.121,
DIAG-20260630-TST-U00601,LEGAL_PERMIT_BARRIER,500601,20260630,1,0.758,
DIAG-20260630-TST-U00601,SECONDARY_ARBITRAGE,500601,20260630,2,0.142,
DIAG-20260630-TST-U00601,OVERPRICED_VS_PEER,500601,20260630,3,0.1,
DIAG-20260630-TST-U00603,LEGAL_PERMIT_BARRIER,500603,20260630,1,0.767,
DIAG-20260630-TST-U00603,EXTREME_THERMAL_EXPOSURE,500603,20260630,2,0.126,
DIAG-20260630-TST-U00603,SEVERE_PHYSICAL_DEFECT,500603,20260630,3,0.107,
DIAG-20260630-TST-U00604,LEGAL_PERMIT_BARRIER,500604,20260630,1,1.0,
DIAG-20260630-TST-U00605,LEGAL_PERMIT_BARRIER,500605,20260630,1,0.764,
DIAG-20260630-TST-U00605,SECONDARY_ARBITRAGE,500605,20260630,2,0.136,
DIAG-20260630-TST-U00605,OVERPRICED_VS_PEER,500605,20260630,3,0.1,
DIAG-20260630-TST-U00606,LEGAL_PERMIT_BARRIER,500606,20260630,1,0.866,
DIAG-20260630-TST-U00606,SEVERE_PHYSICAL_DEFECT,500606,20260630,2,0.134,
DIAG-20260630-TST-U00607,LEGAL_PERMIT_BARRIER,500607,20260630,1,0.782,
DIAG-20260630-TST-U00607,EXTREME_THERMAL_EXPOSURE,500607,20260630,2,0.109,
DIAG-20260630-TST-U00607,SECONDARY_ARBITRAGE,500607,20260630,3,0.109,
DIAG-20260630-TST-U00609,LEGAL_PERMIT_BARRIER,500609,20260630,1,0.877,
DIAG-20260630-TST-U00609,SECONDARY_ARBITRAGE,500609,20260630,2,0.123,
DIAG-20260630-TST-U00610,LEGAL_PERMIT_BARRIER,500610,20260630,1,0.792,
DIAG-20260630-TST-U00610,SEVERE_PHYSICAL_DEFECT,500610,20260630,2,0.107,
DIAG-20260630-TST-U00610,SECONDARY_ARBITRAGE,500610,20260630,3,0.101,
DIAG-20260630-TST-U00611,LEGAL_PERMIT_BARRIER,500611,20260630,1,0.812,
DIAG-20260630-TST-U00611,SECONDARY_ARBITRAGE,500611,20260630,2,0.099,
DIAG-20260630-TST-U00611,LOW_SALES_INCENTIVE,500611,20260630,3,0.089,
DIAG-20260630-TST-U00612,LEGAL_PERMIT_BARRIER,500612,20260630,1,0.768,
DIAG-20260630-TST-U00612,EXTREME_THERMAL_EXPOSURE,500612,20260630,2,0.127,
DIAG-20260630-TST-U00612,SECONDARY_ARBITRAGE,500612,20260630,3,0.105,
DIAG-20260630-TST-U00613,LEGAL_PERMIT_BARRIER,500613,20260630,1,0.756,
DIAG-20260630-TST-U00613,SECONDARY_ARBITRAGE,500613,20260630,2,0.138,
DIAG-20260630-TST-U00613,SEVERE_PHYSICAL_DEFECT,500613,20260630,3,0.106,
DIAG-20260630-TST-U00615,LEGAL_PERMIT_BARRIER,500615,20260630,1,0.866,
DIAG-20260630-TST-U00615,EXTREME_THERMAL_EXPOSURE,500615,20260630,2,0.134,
DIAG-20260630-TST-U00618,LEGAL_PERMIT_BARRIER,500618,20260630,1,0.771,
DIAG-20260630-TST-U00618,SEVERE_PHYSICAL_DEFECT,500618,20260630,2,0.116,
DIAG-20260630-TST-U00618,SECONDARY_ARBITRAGE,500618,20260630,3,0.113,
DIAG-20260630-TST-U00619,LEGAL_PERMIT_BARRIER,500619,20260630,1,0.892,
DIAG-20260630-TST-U00619,SECONDARY_ARBITRAGE,500619,20260630,2,0.108,
DIAG-20260630-TST-U00620,LEGAL_PERMIT_BARRIER,500620,20260630,1,0.786,
DIAG-20260630-TST-U00620,SECONDARY_ARBITRAGE,500620,20260630,2,0.127,
DIAG-20260630-TST-U00620,LOW_SALES_INCENTIVE,500620,20260630,3,0.087,
DIAG-20260630-TST-U00621,LEGAL_PERMIT_BARRIER,500621,20260630,1,0.882,
DIAG-20260630-TST-U00621,SECONDARY_ARBITRAGE,500621,20260630,2,0.118,
DIAG-20260630-TST-U00622,LEGAL_PERMIT_BARRIER,500622,20260630,1,0.769,
DIAG-20260630-TST-U00622,SEVERE_PHYSICAL_DEFECT,500622,20260630,2,0.123,
DIAG-20260630-TST-U00622,EXTREME_THERMAL_EXPOSURE,500622,20260630,3,0.108,
DIAG-20260630-TST-U00624,LEGAL_PERMIT_BARRIER,500624,20260630,1,0.75,
DIAG-20260630-TST-U00624,SECONDARY_ARBITRAGE,500624,20260630,2,0.145,
DIAG-20260630-TST-U00624,EXTREME_THERMAL_EXPOSURE,500624,20260630,3,0.105,
DIAG-20260630-TST-U00625,LEGAL_PERMIT_BARRIER,500625,20260630,1,0.88,
DIAG-20260630-TST-U00625,SECONDARY_ARBITRAGE,500625,20260630,2,0.12,
DIAG-20260630-TST-U00626,LEGAL_PERMIT_BARRIER,500626,20260630,1,0.758,
DIAG-20260630-TST-U00626,SECONDARY_ARBITRAGE,500626,20260630,2,0.13,
DIAG-20260630-TST-U00626,LUMP_SUM_TICKET_BARRIER,500626,20260630,3,0.112,
DIAG-20260630-TST-U00627,LEGAL_PERMIT_BARRIER,500627,20260630,1,0.769,
DIAG-20260630-TST-U00627,SECONDARY_ARBITRAGE,500627,20260630,2,0.123,
DIAG-20260630-TST-U00627,SEVERE_PHYSICAL_DEFECT,500627,20260630,3,0.108,
DIAG-20260630-TST-U00628,LEGAL_PERMIT_BARRIER,500628,20260630,1,0.777,
DIAG-20260630-TST-U00628,EXTREME_THERMAL_EXPOSURE,500628,20260630,2,0.128,
DIAG-20260630-TST-U00628,SECONDARY_ARBITRAGE,500628,20260630,3,0.095,
DIAG-20260630-TST-U00629,LEGAL_PERMIT_BARRIER,500629,20260630,1,0.873,
DIAG-20260630-TST-U00629,SECONDARY_ARBITRAGE,500629,20260630,2,0.127,
DIAG-20260630-TST-U00630,LEGAL_PERMIT_BARRIER,500630,20260630,1,0.76,
DIAG-20260630-TST-U00630,SEVERE_PHYSICAL_DEFECT,500630,20260630,2,0.129,
DIAG-20260630-TST-U00630,SECONDARY_ARBITRAGE,500630,20260630,3,0.111,
DIAG-20260630-TST-U00631,LEGAL_PERMIT_BARRIER,500631,20260630,1,0.751,
DIAG-20260630-TST-U00631,SECONDARY_ARBITRAGE,500631,20260630,2,0.125,
DIAG-20260630-TST-U00631,EXTREME_THERMAL_EXPOSURE,500631,20260630,3,0.124,
DIAG-20260630-TST-U00632,LEGAL_PERMIT_BARRIER,500632,20260630,1,0.901,
DIAG-20260630-TST-U00632,LOW_SALES_INCENTIVE,500632,20260630,2,0.099,
DIAG-20260630-TST-U00633,LEGAL_PERMIT_BARRIER,500633,20260630,1,0.749,
DIAG-20260630-TST-U00633,SECONDARY_ARBITRAGE,500633,20260630,2,0.127,
DIAG-20260630-TST-U00633,SEVERE_PHYSICAL_DEFECT,500633,20260630,3,0.124,
DIAG-20260630-TST-U00635,LEGAL_PERMIT_BARRIER,500635,20260630,1,0.769,
DIAG-20260630-TST-U00635,SEVERE_PHYSICAL_DEFECT,500635,20260630,2,0.119,
DIAG-20260630-TST-U00635,SECONDARY_ARBITRAGE,500635,20260630,3,0.112,
DIAG-20260630-TST-U00636,LEGAL_PERMIT_BARRIER,500636,20260630,1,0.797,
DIAG-20260630-TST-U00636,SECONDARY_ARBITRAGE,500636,20260630,2,0.115,
DIAG-20260630-TST-U00636,LOW_SALES_INCENTIVE,500636,20260630,3,0.088,
DIAG-20260630-TST-U00637,LEGAL_PERMIT_BARRIER,500637,20260630,1,0.87,
DIAG-20260630-TST-U00637,SEVERE_PHYSICAL_DEFECT,500637,20260630,2,0.13,
DIAG-20260630-TST-U00638,LEGAL_PERMIT_BARRIER,500638,20260630,1,0.786,
DIAG-20260630-TST-U00638,SECONDARY_ARBITRAGE,500638,20260630,2,0.112,
DIAG-20260630-TST-U00638,SEVERE_PHYSICAL_DEFECT,500638,20260630,3,0.102,
DIAG-20260630-TST-U00639,LEGAL_PERMIT_BARRIER,500639,20260630,1,0.901,
DIAG-20260630-TST-U00639,LOW_SALES_INCENTIVE,500639,20260630,2,0.099,
DIAG-20260630-TST-U00640,LEGAL_PERMIT_BARRIER,500640,20260630,1,0.879,
DIAG-20260630-TST-U00640,SECONDARY_ARBITRAGE,500640,20260630,2,0.121,
DIAG-20260630-TST-U00641,LEGAL_PERMIT_BARRIER,500641,20260630,1,0.742,
DIAG-20260630-TST-U00641,SECONDARY_ARBITRAGE,500641,20260630,2,0.135,
DIAG-20260630-TST-U00641,EXTREME_THERMAL_EXPOSURE,500641,20260630,3,0.123,
DIAG-20260630-TST-U00644,LEGAL_PERMIT_BARRIER,500644,20260630,1,0.744,
DIAG-20260630-TST-U00644,SECONDARY_ARBITRAGE,500644,20260630,2,0.147,
DIAG-20260630-TST-U00644,OVERPRICED_VS_PEER,500644,20260630,3,0.109,
DIAG-20260630-TST-U00645,LEGAL_PERMIT_BARRIER,500645,20260630,1,0.777,
DIAG-20260630-TST-U00645,SEVERE_PHYSICAL_DEFECT,500645,20260630,2,0.117,
DIAG-20260630-TST-U00645,SECONDARY_ARBITRAGE,500645,20260630,3,0.106,
DIAG-20260630-TST-U00646,LEGAL_PERMIT_BARRIER,500646,20260630,1,0.871,
DIAG-20260630-TST-U00646,SECONDARY_ARBITRAGE,500646,20260630,2,0.129,
DIAG-20260630-TST-U00647,LEGAL_PERMIT_BARRIER,500647,20260630,1,0.766,
DIAG-20260630-TST-U00647,EXTREME_THERMAL_EXPOSURE,500647,20260630,2,0.119,
DIAG-20260630-TST-U00647,SEVERE_PHYSICAL_DEFECT,500647,20260630,3,0.115,
DIAG-20260630-TST-U00648,LEGAL_PERMIT_BARRIER,500648,20260630,1,1.0,
DIAG-20260630-TST-U00649,LEGAL_PERMIT_BARRIER,500649,20260630,1,0.874,
DIAG-20260630-TST-U00649,SECONDARY_ARBITRAGE,500649,20260630,2,0.126,
DIAG-20260630-TST-U00650,LEGAL_PERMIT_BARRIER,500650,20260630,1,0.759,
DIAG-20260630-TST-U00650,EXTREME_THERMAL_EXPOSURE,500650,20260630,2,0.125,
DIAG-20260630-TST-U00650,SECONDARY_ARBITRAGE,500650,20260630,3,0.116,
DIAG-20260630-TST-U00651,LEGAL_PERMIT_BARRIER,500651,20260630,1,0.764,
DIAG-20260630-TST-U00651,EXTREME_THERMAL_EXPOSURE,500651,20260630,2,0.126,
DIAG-20260630-TST-U00651,SECONDARY_ARBITRAGE,500651,20260630,3,0.11,
DIAG-20260630-TST-U00652,LEGAL_PERMIT_BARRIER,500652,20260630,1,0.777,
DIAG-20260630-TST-U00652,SEVERE_PHYSICAL_DEFECT,500652,20260630,2,0.117,
DIAG-20260630-TST-U00652,SECONDARY_ARBITRAGE,500652,20260630,3,0.106,
DIAG-20260630-TST-U00653,LEGAL_PERMIT_BARRIER,500653,20260630,1,0.865,
DIAG-20260630-TST-U00653,SECONDARY_ARBITRAGE,500653,20260630,2,0.135,
DIAG-20260630-TST-U00654,LEGAL_PERMIT_BARRIER,500654,20260630,1,0.866,
DIAG-20260630-TST-U00654,SECONDARY_ARBITRAGE,500654,20260630,2,0.134,
DIAG-20260630-TST-U00657,LEGAL_PERMIT_BARRIER,500657,20260630,1,0.785,
DIAG-20260630-TST-U00657,SECONDARY_ARBITRAGE,500657,20260630,2,0.129,
DIAG-20260630-TST-U00657,LOW_SALES_INCENTIVE,500657,20260630,3,0.086,
DIAG-20260630-TST-U00658,LEGAL_PERMIT_BARRIER,500658,20260630,1,0.772,
DIAG-20260630-TST-U00658,SEVERE_PHYSICAL_DEFECT,500658,20260630,2,0.116,
DIAG-20260630-TST-U00658,SECONDARY_ARBITRAGE,500658,20260630,3,0.112,
DIAG-20260630-TST-U00660,LEGAL_PERMIT_BARRIER,500660,20260630,1,0.891,
DIAG-20260630-TST-U00660,SECONDARY_ARBITRAGE,500660,20260630,2,0.109,
DIAG-20260630-TST-U00661,LEGAL_PERMIT_BARRIER,500661,20260630,1,0.777,
DIAG-20260630-TST-U00661,SECONDARY_ARBITRAGE,500661,20260630,2,0.126,
DIAG-20260630-TST-U00661,OVERPRICED_VS_PEER,500661,20260630,3,0.097,
DIAG-20260630-TST-U00662,LEGAL_PERMIT_BARRIER,500662,20260630,1,0.759,
DIAG-20260630-TST-U00662,SECONDARY_ARBITRAGE,500662,20260630,2,0.123,
DIAG-20260630-TST-U00662,EXTREME_THERMAL_EXPOSURE,500662,20260630,3,0.118,
DIAG-20260630-TST-U00664,LEGAL_PERMIT_BARRIER,500664,20260630,1,0.783,
DIAG-20260630-TST-U00664,EXTREME_THERMAL_EXPOSURE,500664,20260630,2,0.121,
DIAG-20260630-TST-U00664,SECONDARY_ARBITRAGE,500664,20260630,3,0.096,
DIAG-20260630-TST-U00665,LEGAL_PERMIT_BARRIER,500665,20260630,1,0.766,
DIAG-20260630-TST-U00665,SECONDARY_ARBITRAGE,500665,20260630,2,0.127,
DIAG-20260630-TST-U00665,SEVERE_PHYSICAL_DEFECT,500665,20260630,3,0.107,
DIAG-20260630-TST-U00666,LEGAL_PERMIT_BARRIER,500666,20260630,1,0.781,
DIAG-20260630-TST-U00666,EXTREME_THERMAL_EXPOSURE,500666,20260630,2,0.121,
DIAG-20260630-TST-U00666,SECONDARY_ARBITRAGE,500666,20260630,3,0.098,
DIAG-20260630-TST-U00668,LEGAL_PERMIT_BARRIER,500668,20260630,1,0.749,
DIAG-20260630-TST-U00668,EXTREME_THERMAL_EXPOSURE,500668,20260630,2,0.146,
DIAG-20260630-TST-U00668,SEVERE_PHYSICAL_DEFECT,500668,20260630,3,0.105,
DIAG-20260630-TST-U00669,LEGAL_PERMIT_BARRIER,500669,20260630,1,0.778,
DIAG-20260630-TST-U00669,EXTREME_THERMAL_EXPOSURE,500669,20260630,2,0.121,
DIAG-20260630-TST-U00669,SECONDARY_ARBITRAGE,500669,20260630,3,0.101,
DIAG-20260630-TST-U00670,LEGAL_PERMIT_BARRIER,500670,20260630,1,0.747,
DIAG-20260630-TST-U00670,EXTREME_THERMAL_EXPOSURE,500670,20260630,2,0.146,
DIAG-20260630-TST-U00670,SECONDARY_ARBITRAGE,500670,20260630,3,0.107,
DIAG-20260630-TST-U00671,LEGAL_PERMIT_BARRIER,500671,20260630,1,0.764,
DIAG-20260630-TST-U00671,EXTREME_THERMAL_EXPOSURE,500671,20260630,2,0.118,
DIAG-20260630-TST-U00671,SECONDARY_ARBITRAGE,500671,20260630,3,0.118,
DIAG-20260630-TST-U00672,LEGAL_PERMIT_BARRIER,500672,20260630,1,0.774,
DIAG-20260630-TST-U00672,EXTREME_THERMAL_EXPOSURE,500672,20260630,2,0.132,
DIAG-20260630-TST-U00672,SECONDARY_ARBITRAGE,500672,20260630,3,0.094,
DIAG-20260630-TST-U00673,LEGAL_PERMIT_BARRIER,500673,20260630,1,0.758,
DIAG-20260630-TST-U00673,EXTREME_THERMAL_EXPOSURE,500673,20260630,2,0.129,
DIAG-20260630-TST-U00673,SECONDARY_ARBITRAGE,500673,20260630,3,0.113,
DIAG-20260630-TST-U00674,LEGAL_PERMIT_BARRIER,500674,20260630,1,0.761,
DIAG-20260630-TST-U00674,SECONDARY_ARBITRAGE,500674,20260630,2,0.125,
DIAG-20260630-TST-U00674,SEVERE_PHYSICAL_DEFECT,500674,20260630,3,0.114,
DIAG-20260630-TST-U00676,LEGAL_PERMIT_BARRIER,500676,20260630,1,0.756,
DIAG-20260630-TST-U00676,EXTREME_THERMAL_EXPOSURE,500676,20260630,2,0.128,
DIAG-20260630-TST-U00676,SECONDARY_ARBITRAGE,500676,20260630,3,0.116,
DIAG-20260630-TST-U00677,LEGAL_PERMIT_BARRIER,500677,20260630,1,0.778,
DIAG-20260630-TST-U00677,EXTREME_THERMAL_EXPOSURE,500677,20260630,2,0.121,
DIAG-20260630-TST-U00677,SECONDARY_ARBITRAGE,500677,20260630,3,0.101,
DIAG-20260630-TST-U00678,LEGAL_PERMIT_BARRIER,500678,20260630,1,0.737,
DIAG-20260630-TST-U00678,SECONDARY_ARBITRAGE,500678,20260630,2,0.138,
DIAG-20260630-TST-U00678,EXTREME_THERMAL_EXPOSURE,500678,20260630,3,0.125,
DIAG-20260630-TST-U00679,LEGAL_PERMIT_BARRIER,500679,20260630,1,0.751,
DIAG-20260630-TST-U00679,EXTREME_THERMAL_EXPOSURE,500679,20260630,2,0.147,
DIAG-20260630-TST-U00679,SEVERE_PHYSICAL_DEFECT,500679,20260630,3,0.102,
DIAG-20260630-TST-U00680,LEGAL_PERMIT_BARRIER,500680,20260630,1,0.769,
DIAG-20260630-TST-U00680,SECONDARY_ARBITRAGE,500680,20260630,2,0.117,
DIAG-20260630-TST-U00680,LUMP_SUM_TICKET_BARRIER,500680,20260630,3,0.114,
DIAG-20260630-TST-U00681,LEGAL_PERMIT_BARRIER,500681,20260630,1,0.732,
DIAG-20260630-TST-U00681,EXTREME_THERMAL_EXPOSURE,500681,20260630,2,0.143,
DIAG-20260630-TST-U00681,SECONDARY_ARBITRAGE,500681,20260630,3,0.125,
DIAG-20260630-TST-U00682,LEGAL_PERMIT_BARRIER,500682,20260630,1,0.769,
DIAG-20260630-TST-U00682,SECONDARY_ARBITRAGE,500682,20260630,2,0.123,
DIAG-20260630-TST-U00682,SEVERE_PHYSICAL_DEFECT,500682,20260630,3,0.108,
DIAG-20260630-TST-U00683,LEGAL_PERMIT_BARRIER,500683,20260630,1,0.758,
DIAG-20260630-TST-U00683,SECONDARY_ARBITRAGE,500683,20260630,2,0.142,
DIAG-20260630-TST-U00683,OVERPRICED_VS_PEER,500683,20260630,3,0.1,
DIAG-20260630-TST-U00684,LEGAL_PERMIT_BARRIER,500684,20260630,1,0.859,
DIAG-20260630-TST-U00684,SECONDARY_ARBITRAGE,500684,20260630,2,0.141,
DIAG-20260630-TST-U00685,LEGAL_PERMIT_BARRIER,500685,20260630,1,0.769,
DIAG-20260630-TST-U00685,SECONDARY_ARBITRAGE,500685,20260630,2,0.116,
DIAG-20260630-TST-U00685,SEVERE_PHYSICAL_DEFECT,500685,20260630,3,0.115,
DIAG-20260630-TST-U00686,LEGAL_PERMIT_BARRIER,500686,20260630,1,0.746,
DIAG-20260630-TST-U00686,EXTREME_THERMAL_EXPOSURE,500686,20260630,2,0.146,
DIAG-20260630-TST-U00686,SEVERE_PHYSICAL_DEFECT,500686,20260630,3,0.108,
DIAG-20260630-TST-U00687,LEGAL_PERMIT_BARRIER,500687,20260630,1,0.755,
DIAG-20260630-TST-U00687,SEVERE_PHYSICAL_DEFECT,500687,20260630,2,0.128,
DIAG-20260630-TST-U00687,EXTREME_THERMAL_EXPOSURE,500687,20260630,3,0.117,
DIAG-20260630-TST-U00688,LEGAL_PERMIT_BARRIER,500688,20260630,1,0.781,
DIAG-20260630-TST-U00688,EXTREME_THERMAL_EXPOSURE,500688,20260630,2,0.121,
DIAG-20260630-TST-U00688,SEVERE_PHYSICAL_DEFECT,500688,20260630,3,0.098,
DIAG-20260630-TST-U00692,LEGAL_PERMIT_BARRIER,500692,20260630,1,0.757,
DIAG-20260630-TST-U00692,EXTREME_THERMAL_EXPOSURE,500692,20260630,2,0.129,
DIAG-20260630-TST-U00692,SECONDARY_ARBITRAGE,500692,20260630,3,0.114,
DIAG-20260630-TST-U00693,LEGAL_PERMIT_BARRIER,500693,20260630,1,0.774,
DIAG-20260630-TST-U00693,SECONDARY_ARBITRAGE,500693,20260630,2,0.121,
DIAG-20260630-TST-U00693,SEVERE_PHYSICAL_DEFECT,500693,20260630,3,0.105,
DIAG-20260630-TST-U00694,LEGAL_PERMIT_BARRIER,500694,20260630,1,0.794,
DIAG-20260630-TST-U00694,SECONDARY_ARBITRAGE,500694,20260630,2,0.119,
DIAG-20260630-TST-U00694,LOW_SALES_INCENTIVE,500694,20260630,3,0.087,
DIAG-20260630-TST-U00696,LEGAL_PERMIT_BARRIER,500696,20260630,1,0.792,
DIAG-20260630-TST-U00696,SECONDARY_ARBITRAGE,500696,20260630,2,0.121,
DIAG-20260630-TST-U00696,LOW_SALES_INCENTIVE,500696,20260630,3,0.087,
DIAG-20260630-TST-U00697,LEGAL_PERMIT_BARRIER,500697,20260630,1,0.763,
DIAG-20260630-TST-U00697,SECONDARY_ARBITRAGE,500697,20260630,2,0.126,
DIAG-20260630-TST-U00697,SEVERE_PHYSICAL_DEFECT,500697,20260630,3,0.111,
DIAG-20260630-TST-U00699,LEGAL_PERMIT_BARRIER,500699,20260630,1,0.759,
DIAG-20260630-TST-U00699,EXTREME_THERMAL_EXPOSURE,500699,20260630,2,0.129,
DIAG-20260630-TST-U00699,SECONDARY_ARBITRAGE,500699,20260630,3,0.112,
DIAG-20260630-TST-U00700,LEGAL_PERMIT_BARRIER,500700,20260630,1,0.772,
DIAG-20260630-TST-U00700,EXTREME_THERMAL_EXPOSURE,500700,20260630,2,0.12,
DIAG-20260630-TST-U00700,SEVERE_PHYSICAL_DEFECT,500700,20260630,3,0.108,
DIAG-20260630-TST-U00701,LEGAL_PERMIT_BARRIER,500701,20260630,1,0.757,
DIAG-20260630-TST-U00701,EXTREME_THERMAL_EXPOSURE,500701,20260630,2,0.148,
DIAG-20260630-TST-U00701,SEVERE_PHYSICAL_DEFECT,500701,20260630,3,0.095,
DIAG-20260630-TST-U00703,LEGAL_PERMIT_BARRIER,500703,20260630,1,0.752,
DIAG-20260630-TST-U00703,EXTREME_THERMAL_EXPOSURE,500703,20260630,2,0.128,
DIAG-20260630-TST-U00703,SEVERE_PHYSICAL_DEFECT,500703,20260630,3,0.12,
DIAG-20260630-TST-U00704,LEGAL_PERMIT_BARRIER,500704,20260630,1,0.785,
DIAG-20260630-TST-U00704,SECONDARY_ARBITRAGE,500704,20260630,2,0.109,
DIAG-20260630-TST-U00704,SEVERE_PHYSICAL_DEFECT,500704,20260630,3,0.106,
DIAG-20260630-TST-U00705,LEGAL_PERMIT_BARRIER,500705,20260630,1,0.752,
DIAG-20260630-TST-U00705,SECONDARY_ARBITRAGE,500705,20260630,2,0.143,
DIAG-20260630-TST-U00705,SEVERE_PHYSICAL_DEFECT,500705,20260630,3,0.105,
DIAG-20260630-TST-U00706,LEGAL_PERMIT_BARRIER,500706,20260630,1,0.76,
DIAG-20260630-TST-U00706,EXTREME_THERMAL_EXPOSURE,500706,20260630,2,0.129,
DIAG-20260630-TST-U00706,SECONDARY_ARBITRAGE,500706,20260630,3,0.111,
DIAG-20260630-TST-U00707,LEGAL_PERMIT_BARRIER,500707,20260630,1,0.762,
DIAG-20260630-TST-U00707,EXTREME_THERMAL_EXPOSURE,500707,20260630,2,0.13,
DIAG-20260630-TST-U00707,SECONDARY_ARBITRAGE,500707,20260630,3,0.108,
DIAG-20260630-TST-U00708,LEGAL_PERMIT_BARRIER,500708,20260630,1,0.778,
DIAG-20260630-TST-U00708,LUMP_SUM_TICKET_BARRIER,500708,20260630,2,0.113,
DIAG-20260630-TST-U00708,SECONDARY_ARBITRAGE,500708,20260630,3,0.109,
DIAG-20260630-TST-U00712,LEGAL_PERMIT_BARRIER,500712,20260630,1,0.749,
DIAG-20260630-TST-U00712,SECONDARY_ARBITRAGE,500712,20260630,2,0.142,
DIAG-20260630-TST-U00712,SEVERE_PHYSICAL_DEFECT,500712,20260630,3,0.109,
DIAG-20260630-TST-U00713,LEGAL_PERMIT_BARRIER,500713,20260630,1,0.777,
DIAG-20260630-TST-U00713,SECONDARY_ARBITRAGE,500713,20260630,2,0.126,
DIAG-20260630-TST-U00713,SEVERE_PHYSICAL_DEFECT,500713,20260630,3,0.097,
DIAG-20260630-TST-U00715,LEGAL_PERMIT_BARRIER,500715,20260630,1,0.866,
DIAG-20260630-TST-U00715,EXTREME_THERMAL_EXPOSURE,500715,20260630,2,0.134,
DIAG-20260630-TST-U00717,LEGAL_PERMIT_BARRIER,500717,20260630,1,0.785,
DIAG-20260630-TST-U00717,SECONDARY_ARBITRAGE,500717,20260630,2,0.129,
DIAG-20260630-TST-U00717,LOW_SALES_INCENTIVE,500717,20260630,3,0.086,
DIAG-20260630-TST-U00718,LEGAL_PERMIT_BARRIER,500718,20260630,1,0.901,
DIAG-20260630-TST-U00718,LOW_SALES_INCENTIVE,500718,20260630,2,0.099,
DIAG-20260630-TST-U00719,LEGAL_PERMIT_BARRIER,500719,20260630,1,0.844,
DIAG-20260630-TST-U00719,SEVERE_PHYSICAL_DEFECT,500719,20260630,2,0.156,
DIAG-20260630-TST-U00720,LEGAL_PERMIT_BARRIER,500720,20260630,1,0.751,
DIAG-20260630-TST-U00720,EXTREME_THERMAL_EXPOSURE,500720,20260630,2,0.128,
DIAG-20260630-TST-U00720,SECONDARY_ARBITRAGE,500720,20260630,3,0.121,
DIAG-20260630-TST-U00721,LEGAL_PERMIT_BARRIER,500721,20260630,1,0.855,
DIAG-20260630-TST-U00721,EXTREME_THERMAL_EXPOSURE,500721,20260630,2,0.145,
DIAG-20260630-TST-U00722,LEGAL_PERMIT_BARRIER,500722,20260630,1,0.738,
DIAG-20260630-TST-U00722,EXTREME_THERMAL_EXPOSURE,500722,20260630,2,0.144,
DIAG-20260630-TST-U00722,SECONDARY_ARBITRAGE,500722,20260630,3,0.118,
DIAG-20260630-TST-U00723,LEGAL_PERMIT_BARRIER,500723,20260630,1,0.797,
DIAG-20260630-TST-U00723,SECONDARY_ARBITRAGE,500723,20260630,2,0.115,
DIAG-20260630-TST-U00723,LOW_SALES_INCENTIVE,500723,20260630,3,0.088,
DIAG-20260630-TST-U00725,LEGAL_PERMIT_BARRIER,500725,20260630,1,0.75,
DIAG-20260630-TST-U00725,EXTREME_THERMAL_EXPOSURE,500725,20260630,2,0.146,
DIAG-20260630-TST-U00725,SECONDARY_ARBITRAGE,500725,20260630,3,0.104,
DIAG-20260630-TST-U00726,LEGAL_PERMIT_BARRIER,500726,20260630,1,0.778,
DIAG-20260630-TST-U00726,EXTREME_THERMAL_EXPOSURE,500726,20260630,2,0.136,
DIAG-20260630-TST-U00726,LOW_SALES_INCENTIVE,500726,20260630,3,0.086,
DIAG-20260630-TST-U00727,LEGAL_PERMIT_BARRIER,500727,20260630,1,0.782,
DIAG-20260630-TST-U00727,EXTREME_THERMAL_EXPOSURE,500727,20260630,2,0.121,
DIAG-20260630-TST-U00727,SECONDARY_ARBITRAGE,500727,20260630,3,0.097,
DIAG-20260630-TST-U00728,LEGAL_PERMIT_BARRIER,500728,20260630,1,0.752,
DIAG-20260630-TST-U00728,EXTREME_THERMAL_EXPOSURE,500728,20260630,2,0.128,
DIAG-20260630-TST-U00728,SEVERE_PHYSICAL_DEFECT,500728,20260630,3,0.12,
DIAG-20260630-TST-U00730,LEGAL_PERMIT_BARRIER,500730,20260630,1,0.866,
DIAG-20260630-TST-U00730,EXTREME_THERMAL_EXPOSURE,500730,20260630,2,0.134,
DIAG-20260630-TST-U00731,LEGAL_PERMIT_BARRIER,500731,20260630,1,0.751,
DIAG-20260630-TST-U00731,SECONDARY_ARBITRAGE,500731,20260630,2,0.144,
DIAG-20260630-TST-U00731,SEVERE_PHYSICAL_DEFECT,500731,20260630,3,0.105,
DIAG-20260630-TST-U00733,LEGAL_PERMIT_BARRIER,500733,20260630,1,0.882,
DIAG-20260630-TST-U00733,SECONDARY_ARBITRAGE,500733,20260630,2,0.118,
DIAG-20260630-TST-U00735,LEGAL_PERMIT_BARRIER,500735,20260630,1,0.747,
DIAG-20260630-TST-U00735,EXTREME_THERMAL_EXPOSURE,500735,20260630,2,0.127,
DIAG-20260630-TST-U00735,SECONDARY_ARBITRAGE,500735,20260630,3,0.126,
DIAG-20260630-TST-U00736,LEGAL_PERMIT_BARRIER,500736,20260630,1,0.776,
DIAG-20260630-TST-U00736,SECONDARY_ARBITRAGE,500736,20260630,2,0.115,
DIAG-20260630-TST-U00736,SEVERE_PHYSICAL_DEFECT,500736,20260630,3,0.109,
DIAG-20260630-TST-U00737,LEGAL_PERMIT_BARRIER,500737,20260630,1,0.759,
DIAG-20260630-TST-U00737,SECONDARY_ARBITRAGE,500737,20260630,2,0.138,
DIAG-20260630-TST-U00737,SEVERE_PHYSICAL_DEFECT,500737,20260630,3,0.103,
DIAG-20260630-TST-U00738,LEGAL_PERMIT_BARRIER,500738,20260630,1,0.766,
DIAG-20260630-TST-U00738,SEVERE_PHYSICAL_DEFECT,500738,20260630,2,0.13,
DIAG-20260630-TST-U00738,SECONDARY_ARBITRAGE,500738,20260630,3,0.104,
DIAG-20260630-TST-U00742,LEGAL_PERMIT_BARRIER,500742,20260630,1,0.773,
DIAG-20260630-TST-U00742,SECONDARY_ARBITRAGE,500742,20260630,2,0.114,
DIAG-20260630-TST-U00742,LUMP_SUM_TICKET_BARRIER,500742,20260630,3,0.113,
DIAG-20260630-TST-U00744,LEGAL_PERMIT_BARRIER,500744,20260630,1,0.866,
DIAG-20260630-TST-U00744,EXTREME_THERMAL_EXPOSURE,500744,20260630,2,0.134,
DIAG-20260630-TST-U00746,LEGAL_PERMIT_BARRIER,500746,20260630,1,0.79,
DIAG-20260630-TST-U00746,EXTREME_THERMAL_EXPOSURE,500746,20260630,2,0.123,
DIAG-20260630-TST-U00746,LOW_SALES_INCENTIVE,500746,20260630,3,0.087,
DIAG-20260630-TST-U00748,LEGAL_PERMIT_BARRIER,500748,20260630,1,0.866,
DIAG-20260630-TST-U00748,EXTREME_THERMAL_EXPOSURE,500748,20260630,2,0.134,
DIAG-20260630-TST-U00750,LEGAL_PERMIT_BARRIER,500750,20260630,1,0.837,
DIAG-20260630-TST-U00750,EXTREME_THERMAL_EXPOSURE,500750,20260630,2,0.163,
DIAG-20260630-TST-U00751,LEGAL_PERMIT_BARRIER,500751,20260630,1,0.751,
DIAG-20260630-TST-U00751,SECONDARY_ARBITRAGE,500751,20260630,2,0.146,
DIAG-20260630-TST-U00751,OVERPRICED_VS_PEER,500751,20260630,3,0.103,
DIAG-20260630-TST-U00753,LEGAL_PERMIT_BARRIER,500753,20260630,1,0.787,
DIAG-20260630-TST-U00753,SECONDARY_ARBITRAGE,500753,20260630,2,0.115,
DIAG-20260630-TST-U00753,SEVERE_PHYSICAL_DEFECT,500753,20260630,3,0.098,
DIAG-20260630-TST-U00755,LEGAL_PERMIT_BARRIER,500755,20260630,1,0.744,
DIAG-20260630-TST-U00755,SECONDARY_ARBITRAGE,500755,20260630,2,0.129,
DIAG-20260630-TST-U00755,EXTREME_THERMAL_EXPOSURE,500755,20260630,3,0.127,
DIAG-20260630-TST-U00756,LEGAL_PERMIT_BARRIER,500756,20260630,1,0.79,
DIAG-20260630-TST-U00756,EXTREME_THERMAL_EXPOSURE,500756,20260630,2,0.123,
DIAG-20260630-TST-U00756,LOW_SALES_INCENTIVE,500756,20260630,3,0.087,
DIAG-20260630-TST-U00757,LEGAL_PERMIT_BARRIER,500757,20260630,1,0.866,
DIAG-20260630-TST-U00757,EXTREME_THERMAL_EXPOSURE,500757,20260630,2,0.134,
DIAG-20260630-TST-U00758,LEGAL_PERMIT_BARRIER,500758,20260630,1,0.726,
DIAG-20260630-TST-U00758,EXTREME_THERMAL_EXPOSURE,500758,20260630,2,0.142,
DIAG-20260630-TST-U00758,SECONDARY_ARBITRAGE,500758,20260630,3,0.132,
DIAG-20260630-TST-U00759,LEGAL_PERMIT_BARRIER,500759,20260630,1,0.901,
DIAG-20260630-TST-U00759,LOW_SALES_INCENTIVE,500759,20260630,2,0.099,
DIAG-20260630-TST-U00760,LEGAL_PERMIT_BARRIER,500760,20260630,1,0.789,
DIAG-20260630-TST-U00760,SEVERE_PHYSICAL_DEFECT,500760,20260630,2,0.114,
DIAG-20260630-TST-U00760,SECONDARY_ARBITRAGE,500760,20260630,3,0.097,
DIAG-20260630-TST-U00761,LEGAL_PERMIT_BARRIER,500761,20260630,1,0.901,
DIAG-20260630-TST-U00761,LOW_SALES_INCENTIVE,500761,20260630,2,0.099,
DIAG-20260630-TST-U00762,LEGAL_PERMIT_BARRIER,500762,20260630,1,0.806,
DIAG-20260630-TST-U00762,SECONDARY_ARBITRAGE,500762,20260630,2,0.105,
DIAG-20260630-TST-U00762,LOW_SALES_INCENTIVE,500762,20260630,3,0.089,
DIAG-20260630-TST-U00764,LEGAL_PERMIT_BARRIER,500764,20260630,1,0.765,
DIAG-20260630-TST-U00764,EXTREME_THERMAL_EXPOSURE,500764,20260630,2,0.118,
DIAG-20260630-TST-U00764,SECONDARY_ARBITRAGE,500764,20260630,3,0.117,
DIAG-20260630-TST-U00766,LEGAL_PERMIT_BARRIER,500766,20260630,1,0.752,
DIAG-20260630-TST-U00766,SECONDARY_ARBITRAGE,500766,20260630,2,0.143,
DIAG-20260630-TST-U00766,SEVERE_PHYSICAL_DEFECT,500766,20260630,3,0.105,
DIAG-20260630-TST-U00767,LEGAL_PERMIT_BARRIER,500767,20260630,1,0.772,
DIAG-20260630-TST-U00767,EXTREME_THERMAL_EXPOSURE,500767,20260630,2,0.12,
DIAG-20260630-TST-U00767,SECONDARY_ARBITRAGE,500767,20260630,3,0.108,
DIAG-20260630-TST-U00770,LEGAL_PERMIT_BARRIER,500770,20260630,1,0.738,
DIAG-20260630-TST-U00770,EXTREME_THERMAL_EXPOSURE,500770,20260630,2,0.144,
DIAG-20260630-TST-U00770,SEVERE_PHYSICAL_DEFECT,500770,20260630,3,0.118,
DIAG-20260630-TST-U00772,LEGAL_PERMIT_BARRIER,500772,20260630,1,0.759,
DIAG-20260630-TST-U00772,SEVERE_PHYSICAL_DEFECT,500772,20260630,2,0.125,
DIAG-20260630-TST-U00772,SECONDARY_ARBITRAGE,500772,20260630,3,0.116,
DIAG-20260630-TST-U00773,LEGAL_PERMIT_BARRIER,500773,20260630,1,0.778,
DIAG-20260630-TST-U00773,SECONDARY_ARBITRAGE,500773,20260630,2,0.137,
DIAG-20260630-TST-U00773,LOW_SALES_INCENTIVE,500773,20260630,3,0.085,
DIAG-20260630-TST-U00774,LEGAL_PERMIT_BARRIER,500774,20260630,1,0.79,
DIAG-20260630-TST-U00774,SECONDARY_ARBITRAGE,500774,20260630,2,0.123,
DIAG-20260630-TST-U00774,LOW_SALES_INCENTIVE,500774,20260630,3,0.087,
DIAG-20260630-TST-U00775,LEGAL_PERMIT_BARRIER,500775,20260630,1,0.758,
DIAG-20260630-TST-U00775,SEVERE_PHYSICAL_DEFECT,500775,20260630,2,0.125,
DIAG-20260630-TST-U00775,EXTREME_THERMAL_EXPOSURE,500775,20260630,3,0.117,
DIAG-20260630-TST-U00776,LEGAL_PERMIT_BARRIER,500776,20260630,1,0.749,
DIAG-20260630-TST-U00776,EXTREME_THERMAL_EXPOSURE,500776,20260630,2,0.146,
DIAG-20260630-TST-U00776,SECONDARY_ARBITRAGE,500776,20260630,3,0.105,
DIAG-20260630-TST-U00777,LEGAL_PERMIT_BARRIER,500777,20260630,1,0.779,
DIAG-20260630-TST-U00777,SECONDARY_ARBITRAGE,500777,20260630,2,0.112,
DIAG-20260630-TST-U00777,SEVERE_PHYSICAL_DEFECT,500777,20260630,3,0.109,
DIAG-20260630-TST-U00780,LEGAL_PERMIT_BARRIER,500780,20260630,1,0.768,
DIAG-20260630-TST-U00780,EXTREME_THERMAL_EXPOSURE,500780,20260630,2,0.119,
DIAG-20260630-TST-U00780,SECONDARY_ARBITRAGE,500780,20260630,3,0.113,
DIAG-20260630-TST-U00781,LEGAL_PERMIT_BARRIER,500781,20260630,1,0.773,
DIAG-20260630-TST-U00781,EXTREME_THERMAL_EXPOSURE,500781,20260630,2,0.12,
DIAG-20260630-TST-U00781,SECONDARY_ARBITRAGE,500781,20260630,3,0.107,
DIAG-20260630-TST-U00782,LEGAL_PERMIT_BARRIER,500782,20260630,1,0.725,
DIAG-20260630-TST-U00782,EXTREME_THERMAL_EXPOSURE,500782,20260630,2,0.141,
DIAG-20260630-TST-U00782,SEVERE_PHYSICAL_DEFECT,500782,20260630,3,0.134,
DIAG-20260630-TST-U00783,LEGAL_PERMIT_BARRIER,500783,20260630,1,0.791,
DIAG-20260630-TST-U00783,SEVERE_PHYSICAL_DEFECT,500783,20260630,2,0.111,
DIAG-20260630-TST-U00783,SECONDARY_ARBITRAGE,500783,20260630,3,0.098,
DIAG-20260630-TST-U00784,LEGAL_PERMIT_BARRIER,500784,20260630,1,0.87,
DIAG-20260630-TST-U00784,SECONDARY_ARBITRAGE,500784,20260630,2,0.13,
DIAG-20260630-TST-U00785,LEGAL_PERMIT_BARRIER,500785,20260630,1,0.782,
DIAG-20260630-TST-U00785,SEVERE_PHYSICAL_DEFECT,500785,20260630,2,0.109,
DIAG-20260630-TST-U00785,SECONDARY_ARBITRAGE,500785,20260630,3,0.109,
DIAG-20260630-TST-U00786,LEGAL_PERMIT_BARRIER,500786,20260630,1,0.766,
DIAG-20260630-TST-U00786,SECONDARY_ARBITRAGE,500786,20260630,2,0.135,
DIAG-20260630-TST-U00786,OVERPRICED_VS_PEER,500786,20260630,3,0.099,
DIAG-20260630-TST-U00787,LEGAL_PERMIT_BARRIER,500787,20260630,1,0.862,
DIAG-20260630-TST-U00787,SEVERE_PHYSICAL_DEFECT,500787,20260630,2,0.138,
DIAG-20260630-TST-U00788,LEGAL_PERMIT_BARRIER,500788,20260630,1,0.81,
DIAG-20260630-TST-U00788,SEVERE_PHYSICAL_DEFECT,500788,20260630,2,0.101,
DIAG-20260630-TST-U00788,LOW_SALES_INCENTIVE,500788,20260630,3,0.089,
DIAG-20260630-TST-U00789,LEGAL_PERMIT_BARRIER,500789,20260630,1,0.776,
DIAG-20260630-TST-U00789,EXTREME_THERMAL_EXPOSURE,500789,20260630,2,0.12,
DIAG-20260630-TST-U00789,SECONDARY_ARBITRAGE,500789,20260630,3,0.104,
DIAG-20260630-TST-U00790,LEGAL_PERMIT_BARRIER,500790,20260630,1,0.783,
DIAG-20260630-TST-U00790,EXTREME_THERMAL_EXPOSURE,500790,20260630,2,0.121,
DIAG-20260630-TST-U00790,SECONDARY_ARBITRAGE,500790,20260630,3,0.096,
DIAG-20260630-TST-U00791,LEGAL_PERMIT_BARRIER,500791,20260630,1,0.79,
DIAG-20260630-TST-U00791,EXTREME_THERMAL_EXPOSURE,500791,20260630,2,0.123,
DIAG-20260630-TST-U00791,LOW_SALES_INCENTIVE,500791,20260630,3,0.087,
DIAG-20260630-TST-U00793,LEGAL_PERMIT_BARRIER,500793,20260630,1,0.784,
DIAG-20260630-TST-U00793,SEVERE_PHYSICAL_DEFECT,500793,20260630,2,0.114,
DIAG-20260630-TST-U00793,SECONDARY_ARBITRAGE,500793,20260630,3,0.102,
DIAG-20260630-TST-U00794,LEGAL_PERMIT_BARRIER,500794,20260630,1,0.773,
DIAG-20260630-TST-U00794,LUMP_SUM_TICKET_BARRIER,500794,20260630,2,0.114,
DIAG-20260630-TST-U00794,SECONDARY_ARBITRAGE,500794,20260630,3,0.113,
DIAG-20260630-TST-U00795,LEGAL_PERMIT_BARRIER,500795,20260630,1,0.773,
DIAG-20260630-TST-U00795,EXTREME_THERMAL_EXPOSURE,500795,20260630,2,0.127,
DIAG-20260630-TST-U00795,SECONDARY_ARBITRAGE,500795,20260630,3,0.1,
DIAG-20260630-TST-U00796,LEGAL_PERMIT_BARRIER,500796,20260630,1,0.788,
DIAG-20260630-TST-U00796,SECONDARY_ARBITRAGE,500796,20260630,2,0.11,
DIAG-20260630-TST-U00796,SEVERE_PHYSICAL_DEFECT,500796,20260630,3,0.102,
DIAG-20260630-TST-U00797,LEGAL_PERMIT_BARRIER,500797,20260630,1,0.771,
DIAG-20260630-TST-U00797,EXTREME_THERMAL_EXPOSURE,500797,20260630,2,0.127,
DIAG-20260630-TST-U00797,SECONDARY_ARBITRAGE,500797,20260630,3,0.102,
DIAG-20260630-TST-U00798,LEGAL_PERMIT_BARRIER,500798,20260630,1,0.795,
DIAG-20260630-TST-U00798,SECONDARY_ARBITRAGE,500798,20260630,2,0.106,
DIAG-20260630-TST-U00798,SEVERE_PHYSICAL_DEFECT,500798,20260630,3,0.099,
DIAG-20260630-TST-U00800,LEGAL_PERMIT_BARRIER,500800,20260630,1,0.773,
DIAG-20260630-TST-U00800,SECONDARY_ARBITRAGE,500800,20260630,2,0.119,
DIAG-20260630-TST-U00800,EXTREME_THERMAL_EXPOSURE,500800,20260630,3,0.108,
DIAG-20260630-TST-U00801,LEGAL_PERMIT_BARRIER,500801,20260630,1,0.882,
DIAG-20260630-TST-U00801,SECONDARY_ARBITRAGE,500801,20260630,2,0.118,
DIAG-20260630-TST-U00802,LEGAL_PERMIT_BARRIER,500802,20260630,1,0.766,
DIAG-20260630-TST-U00802,SEVERE_PHYSICAL_DEFECT,500802,20260630,2,0.122,
DIAG-20260630-TST-U00802,SECONDARY_ARBITRAGE,500802,20260630,3,0.112,
DIAG-20260630-TST-U00803,LEGAL_PERMIT_BARRIER,500803,20260630,1,0.772,
DIAG-20260630-TST-U00803,SECONDARY_ARBITRAGE,500803,20260630,2,0.115,
DIAG-20260630-TST-U00803,LUMP_SUM_TICKET_BARRIER,500803,20260630,3,0.113,
DIAG-20260630-TST-U00804,LEGAL_PERMIT_BARRIER,500804,20260630,1,0.797,
DIAG-20260630-TST-U00804,SECONDARY_ARBITRAGE,500804,20260630,2,0.115,
DIAG-20260630-TST-U00804,LOW_SALES_INCENTIVE,500804,20260630,3,0.088,
DIAG-20260630-TST-U00805,LEGAL_PERMIT_BARRIER,500805,20260630,1,1.0,
DIAG-20260630-TST-U00806,LEGAL_PERMIT_BARRIER,500806,20260630,1,0.861,
DIAG-20260630-TST-U00806,SECONDARY_ARBITRAGE,500806,20260630,2,0.139,
DIAG-20260630-TST-U00807,LEGAL_PERMIT_BARRIER,500807,20260630,1,0.872,
DIAG-20260630-TST-U00807,SECONDARY_ARBITRAGE,500807,20260630,2,0.128,
DIAG-20260630-TST-U00809,LEGAL_PERMIT_BARRIER,500809,20260630,1,0.792,
DIAG-20260630-TST-U00809,SECONDARY_ARBITRAGE,500809,20260630,2,0.121,
DIAG-20260630-TST-U00809,LOW_SALES_INCENTIVE,500809,20260630,3,0.087,
DIAG-20260630-TST-U00811,LEGAL_PERMIT_BARRIER,500811,20260630,1,0.901,
DIAG-20260630-TST-U00811,LOW_SALES_INCENTIVE,500811,20260630,2,0.099,
DIAG-20260630-TST-U00814,LEGAL_PERMIT_BARRIER,500814,20260630,1,0.847,
DIAG-20260630-TST-U00814,SEVERE_PHYSICAL_DEFECT,500814,20260630,2,0.153,
DIAG-20260630-TST-U00816,LEGAL_PERMIT_BARRIER,500816,20260630,1,0.863,
DIAG-20260630-TST-U00816,SECONDARY_ARBITRAGE,500816,20260630,2,0.137,
DIAG-20260630-TST-U00817,LEGAL_PERMIT_BARRIER,500817,20260630,1,0.766,
DIAG-20260630-TST-U00817,SECONDARY_ARBITRAGE,500817,20260630,2,0.127,
DIAG-20260630-TST-U00817,EXTREME_THERMAL_EXPOSURE,500817,20260630,3,0.107,
DIAG-20260630-TST-U00818,LEGAL_PERMIT_BARRIER,500818,20260630,1,0.755,
DIAG-20260630-TST-U00818,SECONDARY_ARBITRAGE,500818,20260630,2,0.141,
DIAG-20260630-TST-U00818,OVERPRICED_VS_PEER,500818,20260630,3,0.104,
DIAG-20260630-TST-U00819,LEGAL_PERMIT_BARRIER,500819,20260630,1,0.762,
DIAG-20260630-TST-U00819,SECONDARY_ARBITRAGE,500819,20260630,2,0.12,
DIAG-20260630-TST-U00819,SEVERE_PHYSICAL_DEFECT,500819,20260630,3,0.118,
DIAG-20260630-TST-U00820,LEGAL_PERMIT_BARRIER,500820,20260630,1,0.794,
DIAG-20260630-TST-U00820,SECONDARY_ARBITRAGE,500820,20260630,2,0.107,
DIAG-20260630-TST-U00820,SEVERE_PHYSICAL_DEFECT,500820,20260630,3,0.099,
DIAG-20260630-TST-U00821,LEGAL_PERMIT_BARRIER,500821,20260630,1,0.778,
DIAG-20260630-TST-U00821,SEVERE_PHYSICAL_DEFECT,500821,20260630,2,0.136,
DIAG-20260630-TST-U00821,LOW_SALES_INCENTIVE,500821,20260630,3,0.086,
DIAG-20260630-TST-U00823,LEGAL_PERMIT_BARRIER,500823,20260630,1,0.781,
DIAG-20260630-TST-U00823,SECONDARY_ARBITRAGE,500823,20260630,2,0.114,
DIAG-20260630-TST-U00823,SEVERE_PHYSICAL_DEFECT,500823,20260630,3,0.105,
DIAG-20260630-TST-U00824,LEGAL_PERMIT_BARRIER,500824,20260630,1,0.754,
DIAG-20260630-TST-U00824,EXTREME_THERMAL_EXPOSURE,500824,20260630,2,0.125,
DIAG-20260630-TST-U00824,SEVERE_PHYSICAL_DEFECT,500824,20260630,3,0.121,
DIAG-20260630-TST-U00826,LEGAL_PERMIT_BARRIER,500826,20260630,1,0.745,
DIAG-20260630-TST-U00826,SECONDARY_ARBITRAGE,500826,20260630,2,0.139,
DIAG-20260630-TST-U00826,SEVERE_PHYSICAL_DEFECT,500826,20260630,3,0.116,
DIAG-20260630-TST-U00827,LEGAL_PERMIT_BARRIER,500827,20260630,1,0.763,
DIAG-20260630-TST-U00827,SECONDARY_ARBITRAGE,500827,20260630,2,0.119,
DIAG-20260630-TST-U00827,SEVERE_PHYSICAL_DEFECT,500827,20260630,3,0.118,
DIAG-20260630-TST-U00828,LEGAL_PERMIT_BARRIER,500828,20260630,1,0.774,
DIAG-20260630-TST-U00828,EXTREME_THERMAL_EXPOSURE,500828,20260630,2,0.128,
DIAG-20260630-TST-U00828,SECONDARY_ARBITRAGE,500828,20260630,3,0.098,
DIAG-20260630-TST-U00829,LEGAL_PERMIT_BARRIER,500829,20260630,1,0.749,
DIAG-20260630-TST-U00829,SEVERE_PHYSICAL_DEFECT,500829,20260630,2,0.127,
DIAG-20260630-TST-U00829,SECONDARY_ARBITRAGE,500829,20260630,3,0.124,
DIAG-20260630-TST-U00830,LEGAL_PERMIT_BARRIER,500830,20260630,1,0.877,
DIAG-20260630-TST-U00830,SEVERE_PHYSICAL_DEFECT,500830,20260630,2,0.123,
DIAG-20260630-TST-U00831,LEGAL_PERMIT_BARRIER,500831,20260630,1,0.769,
DIAG-20260630-TST-U00831,EXTREME_THERMAL_EXPOSURE,500831,20260630,2,0.127,
DIAG-20260630-TST-U00831,SECONDARY_ARBITRAGE,500831,20260630,3,0.104,
DIAG-20260630-TST-U00832,LEGAL_PERMIT_BARRIER,500832,20260630,1,0.858,
DIAG-20260630-TST-U00832,EXTREME_THERMAL_EXPOSURE,500832,20260630,2,0.142,
DIAG-20260630-TST-U00834,LEGAL_PERMIT_BARRIER,500834,20260630,1,0.745,
DIAG-20260630-TST-U00834,SEVERE_PHYSICAL_DEFECT,500834,20260630,2,0.13,
DIAG-20260630-TST-U00834,SECONDARY_ARBITRAGE,500834,20260630,3,0.125,
DIAG-20260630-TST-U00836,LEGAL_PERMIT_BARRIER,500836,20260630,1,0.775,
DIAG-20260630-TST-U00836,SEVERE_PHYSICAL_DEFECT,500836,20260630,2,0.12,
DIAG-20260630-TST-U00836,SECONDARY_ARBITRAGE,500836,20260630,3,0.105,
DIAG-20260630-TST-U00837,LEGAL_PERMIT_BARRIER,500837,20260630,1,0.774,
DIAG-20260630-TST-U00837,SEVERE_PHYSICAL_DEFECT,500837,20260630,2,0.116,
DIAG-20260630-TST-U00837,SECONDARY_ARBITRAGE,500837,20260630,3,0.11,
DIAG-20260630-TST-U00838,LEGAL_PERMIT_BARRIER,500838,20260630,1,0.778,
DIAG-20260630-TST-U00838,SEVERE_PHYSICAL_DEFECT,500838,20260630,2,0.113,
DIAG-20260630-TST-U00838,EXTREME_THERMAL_EXPOSURE,500838,20260630,3,0.109,
DIAG-20260630-TST-U00839,LEGAL_PERMIT_BARRIER,500839,20260630,1,0.769,
DIAG-20260630-TST-U00839,SECONDARY_ARBITRAGE,500839,20260630,2,0.119,
DIAG-20260630-TST-U00839,EXTREME_THERMAL_EXPOSURE,500839,20260630,3,0.112,
DIAG-20260630-TST-U00840,LEGAL_PERMIT_BARRIER,500840,20260630,1,0.757,
DIAG-20260630-TST-U00840,EXTREME_THERMAL_EXPOSURE,500840,20260630,2,0.125,
DIAG-20260630-TST-U00840,SECONDARY_ARBITRAGE,500840,20260630,3,0.118,
DIAG-20260630-TST-U00841,LEGAL_PERMIT_BARRIER,500841,20260630,1,0.785,
DIAG-20260630-TST-U00841,EXTREME_THERMAL_EXPOSURE,500841,20260630,2,0.129,
DIAG-20260630-TST-U00841,LOW_SALES_INCENTIVE,500841,20260630,3,0.086,
DIAG-20260630-TST-U00842,LEGAL_PERMIT_BARRIER,500842,20260630,1,0.901,
DIAG-20260630-TST-U00842,LOW_SALES_INCENTIVE,500842,20260630,2,0.099,
DIAG-20260630-TST-U00843,LEGAL_PERMIT_BARRIER,500843,20260630,1,0.754,
DIAG-20260630-TST-U00843,SECONDARY_ARBITRAGE,500843,20260630,2,0.144,
DIAG-20260630-TST-U00843,SEVERE_PHYSICAL_DEFECT,500843,20260630,3,0.102,
DIAG-20260630-TST-U00844,LEGAL_PERMIT_BARRIER,500844,20260630,1,0.746,
DIAG-20260630-TST-U00844,EXTREME_THERMAL_EXPOSURE,500844,20260630,2,0.146,
DIAG-20260630-TST-U00844,SECONDARY_ARBITRAGE,500844,20260630,3,0.108,
DIAG-20260630-TST-U00846,LEGAL_PERMIT_BARRIER,500846,20260630,1,0.755,
DIAG-20260630-TST-U00846,EXTREME_THERMAL_EXPOSURE,500846,20260630,2,0.128,
DIAG-20260630-TST-U00846,SEVERE_PHYSICAL_DEFECT,500846,20260630,3,0.117,
DIAG-20260630-TST-U00847,LEGAL_PERMIT_BARRIER,500847,20260630,1,0.81,
DIAG-20260630-TST-U00847,SEVERE_PHYSICAL_DEFECT,500847,20260630,2,0.101,
DIAG-20260630-TST-U00847,LOW_SALES_INCENTIVE,500847,20260630,3,0.089,
DIAG-20260630-TST-U00848,LEGAL_PERMIT_BARRIER,500848,20260630,1,0.863,
DIAG-20260630-TST-U00848,SECONDARY_ARBITRAGE,500848,20260630,2,0.137,
DIAG-20260630-TST-U00849,LEGAL_PERMIT_BARRIER,500849,20260630,1,1.0,
DIAG-20260630-TST-U00850,LEGAL_PERMIT_BARRIER,500850,20260630,1,0.771,
DIAG-20260630-TST-U00850,SECONDARY_ARBITRAGE,500850,20260630,2,0.121,
DIAG-20260630-TST-U00850,EXTREME_THERMAL_EXPOSURE,500850,20260630,3,0.108,
DIAG-20260630-TST-U00851,LEGAL_PERMIT_BARRIER,500851,20260630,1,1.0,
DIAG-20260630-TST-U00852,LEGAL_PERMIT_BARRIER,500852,20260630,1,0.766,
DIAG-20260630-TST-U00852,SEVERE_PHYSICAL_DEFECT,500852,20260630,2,0.13,
DIAG-20260630-TST-U00852,SECONDARY_ARBITRAGE,500852,20260630,3,0.104,
DIAG-20260630-TST-U00853,LEGAL_PERMIT_BARRIER,500853,20260630,1,0.765,
DIAG-20260630-TST-U00853,SECONDARY_ARBITRAGE,500853,20260630,2,0.136,
DIAG-20260630-TST-U00853,OVERPRICED_VS_PEER,500853,20260630,3,0.099,
DIAG-20260630-TST-U00854,LEGAL_PERMIT_BARRIER,500854,20260630,1,0.762,
DIAG-20260630-TST-U00854,EXTREME_THERMAL_EXPOSURE,500854,20260630,2,0.13,
DIAG-20260630-TST-U00854,SECONDARY_ARBITRAGE,500854,20260630,3,0.108,
DIAG-20260630-TST-U00855,LEGAL_PERMIT_BARRIER,500855,20260630,1,1.0,
DIAG-20260630-TST-U00856,LEGAL_PERMIT_BARRIER,500856,20260630,1,0.79,
DIAG-20260630-TST-U00856,EXTREME_THERMAL_EXPOSURE,500856,20260630,2,0.111,
DIAG-20260630-TST-U00856,SECONDARY_ARBITRAGE,500856,20260630,3,0.099,
DIAG-20260630-TST-U00858,LEGAL_PERMIT_BARRIER,500858,20260630,1,0.775,
DIAG-20260630-TST-U00858,SEVERE_PHYSICAL_DEFECT,500858,20260630,2,0.116,
DIAG-20260630-TST-U00858,SECONDARY_ARBITRAGE,500858,20260630,3,0.109,
DIAG-20260630-TST-U00860,LEGAL_PERMIT_BARRIER,500860,20260630,1,0.761,
DIAG-20260630-TST-U00860,EXTREME_THERMAL_EXPOSURE,500860,20260630,2,0.125,
DIAG-20260630-TST-U00860,SEVERE_PHYSICAL_DEFECT,500860,20260630,3,0.114,
DIAG-20260630-TST-U00861,LEGAL_PERMIT_BARRIER,500861,20260630,1,0.751,
DIAG-20260630-TST-U00861,SECONDARY_ARBITRAGE,500861,20260630,2,0.146,
DIAG-20260630-TST-U00861,OVERPRICED_VS_PEER,500861,20260630,3,0.103,
DIAG-20260630-TST-U00862,LEGAL_PERMIT_BARRIER,500862,20260630,1,0.784,
DIAG-20260630-TST-U00862,EXTREME_THERMAL_EXPOSURE,500862,20260630,2,0.11,
DIAG-20260630-TST-U00862,SEVERE_PHYSICAL_DEFECT,500862,20260630,3,0.106,
DIAG-20260630-TST-U00863,LEGAL_PERMIT_BARRIER,500863,20260630,1,1.0,
DIAG-20260630-TST-U00864,LEGAL_PERMIT_BARRIER,500864,20260630,1,0.767,
DIAG-20260630-TST-U00864,EXTREME_THERMAL_EXPOSURE,500864,20260630,2,0.126,
DIAG-20260630-TST-U00864,SEVERE_PHYSICAL_DEFECT,500864,20260630,3,0.107,
DIAG-20260630-TST-U00865,LEGAL_PERMIT_BARRIER,500865,20260630,1,0.769,
DIAG-20260630-TST-U00865,SECONDARY_ARBITRAGE,500865,20260630,2,0.12,
DIAG-20260630-TST-U00865,EXTREME_THERMAL_EXPOSURE,500865,20260630,3,0.111,
DIAG-20260630-TST-U00866,LEGAL_PERMIT_BARRIER,500866,20260630,1,0.769,
DIAG-20260630-TST-U00866,SEVERE_PHYSICAL_DEFECT,500866,20260630,2,0.123,
DIAG-20260630-TST-U00866,EXTREME_THERMAL_EXPOSURE,500866,20260630,3,0.108,
DIAG-20260630-TST-U00867,LEGAL_PERMIT_BARRIER,500867,20260630,1,0.806,
DIAG-20260630-TST-U00867,SECONDARY_ARBITRAGE,500867,20260630,2,0.105,
DIAG-20260630-TST-U00867,LOW_SALES_INCENTIVE,500867,20260630,3,0.089,
DIAG-20260630-TST-U00868,LEGAL_PERMIT_BARRIER,500868,20260630,1,0.872,
DIAG-20260630-TST-U00868,SECONDARY_ARBITRAGE,500868,20260630,2,0.128,
DIAG-20260630-TST-U00870,LEGAL_PERMIT_BARRIER,500870,20260630,1,0.8,
DIAG-20260630-TST-U00870,SEVERE_PHYSICAL_DEFECT,500870,20260630,2,0.112,
DIAG-20260630-TST-U00870,LOW_SALES_INCENTIVE,500870,20260630,3,0.088,
DIAG-20260630-TST-U00871,LEGAL_PERMIT_BARRIER,500871,20260630,1,0.901,
DIAG-20260630-TST-U00871,LOW_SALES_INCENTIVE,500871,20260630,2,0.099,
DIAG-20260630-TST-U00872,LEGAL_PERMIT_BARRIER,500872,20260630,1,0.901,
DIAG-20260630-TST-U00872,LOW_SALES_INCENTIVE,500872,20260630,2,0.099,
DIAG-20260630-TST-U00874,LEGAL_PERMIT_BARRIER,500874,20260630,1,0.782,
DIAG-20260630-TST-U00874,SECONDARY_ARBITRAGE,500874,20260630,2,0.12,
DIAG-20260630-TST-U00874,SEVERE_PHYSICAL_DEFECT,500874,20260630,3,0.098,
DIAG-20260630-TST-U00875,LEGAL_PERMIT_BARRIER,500875,20260630,1,0.772,
DIAG-20260630-TST-U00875,SECONDARY_ARBITRAGE,500875,20260630,2,0.116,
DIAG-20260630-TST-U00875,LUMP_SUM_TICKET_BARRIER,500875,20260630,3,0.112,
DIAG-20260630-TST-U00876,LEGAL_PERMIT_BARRIER,500876,20260630,1,0.773,
DIAG-20260630-TST-U00876,SECONDARY_ARBITRAGE,500876,20260630,2,0.119,
DIAG-20260630-TST-U00876,SEVERE_PHYSICAL_DEFECT,500876,20260630,3,0.108,
DIAG-20260630-TST-U00877,LEGAL_PERMIT_BARRIER,500877,20260630,1,0.763,
DIAG-20260630-TST-U00877,EXTREME_THERMAL_EXPOSURE,500877,20260630,2,0.126,
DIAG-20260630-TST-U00877,SEVERE_PHYSICAL_DEFECT,500877,20260630,3,0.111,
DIAG-20260630-TST-U00878,LEGAL_PERMIT_BARRIER,500878,20260630,1,0.764,
DIAG-20260630-TST-U00878,SECONDARY_ARBITRAGE,500878,20260630,2,0.137,
DIAG-20260630-TST-U00878,SEVERE_PHYSICAL_DEFECT,500878,20260630,3,0.099,
DIAG-20260630-TST-U00879,LEGAL_PERMIT_BARRIER,500879,20260630,1,0.78,
DIAG-20260630-TST-U00879,SEVERE_PHYSICAL_DEFECT,500879,20260630,2,0.113,
DIAG-20260630-TST-U00879,SECONDARY_ARBITRAGE,500879,20260630,3,0.107,
DIAG-20260630-TST-U00880,LEGAL_PERMIT_BARRIER,500880,20260630,1,0.885,
DIAG-20260630-TST-U00880,SECONDARY_ARBITRAGE,500880,20260630,2,0.115,
DIAG-20260630-TST-U00881,LEGAL_PERMIT_BARRIER,500881,20260630,1,0.846,
DIAG-20260630-TST-U00881,SECONDARY_ARBITRAGE,500881,20260630,2,0.154,
DIAG-20260630-TST-U00882,LEGAL_PERMIT_BARRIER,500882,20260630,1,0.787,
DIAG-20260630-TST-U00882,SEVERE_PHYSICAL_DEFECT,500882,20260630,2,0.126,
DIAG-20260630-TST-U00882,LOW_SALES_INCENTIVE,500882,20260630,3,0.087,
DIAG-20260630-TST-U00883,LEGAL_PERMIT_BARRIER,500883,20260630,1,0.746,
DIAG-20260630-TST-U00883,SEVERE_PHYSICAL_DEFECT,500883,20260630,2,0.138,
DIAG-20260630-TST-U00883,SECONDARY_ARBITRAGE,500883,20260630,3,0.116,
DIAG-20260630-TST-U00884,LEGAL_PERMIT_BARRIER,500884,20260630,1,0.772,
DIAG-20260630-TST-U00884,SECONDARY_ARBITRAGE,500884,20260630,2,0.134,
DIAG-20260630-TST-U00884,OVERPRICED_VS_PEER,500884,20260630,3,0.094,
DIAG-20260630-TST-U00885,LEGAL_PERMIT_BARRIER,500885,20260630,1,0.783,
DIAG-20260630-TST-U00885,SECONDARY_ARBITRAGE,500885,20260630,2,0.123,
DIAG-20260630-TST-U00885,OVERPRICED_VS_PEER,500885,20260630,3,0.094,
DIAG-20260630-TST-U00886,LEGAL_PERMIT_BARRIER,500886,20260630,1,0.78,
DIAG-20260630-TST-U00886,SECONDARY_ARBITRAGE,500886,20260630,2,0.111,
DIAG-20260630-TST-U00886,SEVERE_PHYSICAL_DEFECT,500886,20260630,3,0.109,
DIAG-20260630-TST-U00887,LEGAL_PERMIT_BARRIER,500887,20260630,1,0.759,
DIAG-20260630-TST-U00887,EXTREME_THERMAL_EXPOSURE,500887,20260630,2,0.125,
DIAG-20260630-TST-U00887,SECONDARY_ARBITRAGE,500887,20260630,3,0.116,
DIAG-20260630-TST-U00888,LEGAL_PERMIT_BARRIER,500888,20260630,1,0.787,
DIAG-20260630-TST-U00888,SECONDARY_ARBITRAGE,500888,20260630,2,0.115,
DIAG-20260630-TST-U00888,SEVERE_PHYSICAL_DEFECT,500888,20260630,3,0.098,
DIAG-20260630-TST-U00889,LEGAL_PERMIT_BARRIER,500889,20260630,1,0.789,
DIAG-20260630-TST-U00889,SEVERE_PHYSICAL_DEFECT,500889,20260630,2,0.11,
DIAG-20260630-TST-U00889,SECONDARY_ARBITRAGE,500889,20260630,3,0.101,
DIAG-20260630-TST-U00890,LEGAL_PERMIT_BARRIER,500890,20260630,1,0.773,
DIAG-20260630-TST-U00890,SECONDARY_ARBITRAGE,500890,20260630,2,0.119,
DIAG-20260630-TST-U00890,EXTREME_THERMAL_EXPOSURE,500890,20260630,3,0.108,
DIAG-20260630-TST-U00892,LEGAL_PERMIT_BARRIER,500892,20260630,1,0.793,
DIAG-20260630-TST-U00892,EXTREME_THERMAL_EXPOSURE,500892,20260630,2,0.111,
DIAG-20260630-TST-U00892,SECONDARY_ARBITRAGE,500892,20260630,3,0.096,
DIAG-20260630-TST-U00893,LEGAL_PERMIT_BARRIER,500893,20260630,1,0.812,
DIAG-20260630-TST-U00893,SECONDARY_ARBITRAGE,500893,20260630,2,0.099,
DIAG-20260630-TST-U00893,LOW_SALES_INCENTIVE,500893,20260630,3,0.089,
DIAG-20260630-TST-U00894,LEGAL_PERMIT_BARRIER,500894,20260630,1,0.778,
DIAG-20260630-TST-U00894,SEVERE_PHYSICAL_DEFECT,500894,20260630,2,0.121,
DIAG-20260630-TST-U00894,SECONDARY_ARBITRAGE,500894,20260630,3,0.101,
DIAG-20260630-TST-U00895,LEGAL_PERMIT_BARRIER,500895,20260630,1,0.769,
DIAG-20260630-TST-U00895,EXTREME_THERMAL_EXPOSURE,500895,20260630,2,0.127,
DIAG-20260630-TST-U00895,SECONDARY_ARBITRAGE,500895,20260630,3,0.104,
DIAG-20260630-TST-U00897,LEGAL_PERMIT_BARRIER,500897,20260630,1,0.752,
DIAG-20260630-TST-U00897,SEVERE_PHYSICAL_DEFECT,500897,20260630,2,0.143,
DIAG-20260630-TST-U00897,SECONDARY_ARBITRAGE,500897,20260630,3,0.105,
DIAG-20260630-TST-U00898,LEGAL_PERMIT_BARRIER,500898,20260630,1,0.771,
DIAG-20260630-TST-U00898,SECONDARY_ARBITRAGE,500898,20260630,2,0.135,
DIAG-20260630-TST-U00898,OVERPRICED_VS_PEER,500898,20260630,3,0.094,
DIAG-20260630-TST-U00899,LEGAL_PERMIT_BARRIER,500899,20260630,1,0.873,
DIAG-20260630-TST-U00899,SEVERE_PHYSICAL_DEFECT,500899,20260630,2,0.127,
DIAG-20260630-TST-U00900,LEGAL_PERMIT_BARRIER,500900,20260630,1,0.756,
DIAG-20260630-TST-U00900,SECONDARY_ARBITRAGE,500900,20260630,2,0.138,
DIAG-20260630-TST-U00900,EXTREME_THERMAL_EXPOSURE,500900,20260630,3,0.106,
DIAG-20260630-TST-U00902,LEGAL_PERMIT_BARRIER,500902,20260630,1,0.792,
DIAG-20260630-TST-U00902,SECONDARY_ARBITRAGE,500902,20260630,2,0.105,
DIAG-20260630-TST-U00902,SEVERE_PHYSICAL_DEFECT,500902,20260630,3,0.103,
DIAG-20260630-TST-U00903,LEGAL_PERMIT_BARRIER,500903,20260630,1,1.0,
DIAG-20260630-TST-U00904,LEGAL_PERMIT_BARRIER,500904,20260630,1,0.743,
DIAG-20260630-TST-U00904,SECONDARY_ARBITRAGE,500904,20260630,2,0.142,
DIAG-20260630-TST-U00904,SEVERE_PHYSICAL_DEFECT,500904,20260630,3,0.115,
DIAG-20260630-TST-U00905,LEGAL_PERMIT_BARRIER,500905,20260630,1,0.761,
DIAG-20260630-TST-U00905,EXTREME_THERMAL_EXPOSURE,500905,20260630,2,0.125,
DIAG-20260630-TST-U00905,SEVERE_PHYSICAL_DEFECT,500905,20260630,3,0.114,
DIAG-20260630-TST-U00906,LEGAL_PERMIT_BARRIER,500906,20260630,1,0.792,
DIAG-20260630-TST-U00906,SECONDARY_ARBITRAGE,500906,20260630,2,0.121,
DIAG-20260630-TST-U00906,LOW_SALES_INCENTIVE,500906,20260630,3,0.087,
DIAG-20260630-TST-U00907,LEGAL_PERMIT_BARRIER,500907,20260630,1,0.888,
DIAG-20260630-TST-U00907,SECONDARY_ARBITRAGE,500907,20260630,2,0.112,
DIAG-20260630-TST-U00908,LEGAL_PERMIT_BARRIER,500908,20260630,1,0.764,
DIAG-20260630-TST-U00908,SECONDARY_ARBITRAGE,500908,20260630,2,0.129,
DIAG-20260630-TST-U00908,EXTREME_THERMAL_EXPOSURE,500908,20260630,3,0.107,
DIAG-20260630-TST-U00909,LEGAL_PERMIT_BARRIER,500909,20260630,1,1.0,
DIAG-20260630-TST-U00910,LEGAL_PERMIT_BARRIER,500910,20260630,1,0.752,
DIAG-20260630-TST-U00910,SECONDARY_ARBITRAGE,500910,20260630,2,0.145,
DIAG-20260630-TST-U00910,OVERPRICED_VS_PEER,500910,20260630,3,0.103,
DIAG-20260630-TST-U00911,LEGAL_PERMIT_BARRIER,500911,20260630,1,0.798,
DIAG-20260630-TST-U00911,SECONDARY_ARBITRAGE,500911,20260630,2,0.114,
DIAG-20260630-TST-U00911,LOW_SALES_INCENTIVE,500911,20260630,3,0.088,
DIAG-20260630-TST-U00913,LEGAL_PERMIT_BARRIER,500913,20260630,1,0.76,
DIAG-20260630-TST-U00913,EXTREME_THERMAL_EXPOSURE,500913,20260630,2,0.148,
DIAG-20260630-TST-U00913,SECONDARY_ARBITRAGE,500913,20260630,3,0.092,
DIAG-20260630-TST-U00914,LEGAL_PERMIT_BARRIER,500914,20260630,1,0.809,
DIAG-20260630-TST-U00914,SECONDARY_ARBITRAGE,500914,20260630,2,0.102,
DIAG-20260630-TST-U00914,LOW_SALES_INCENTIVE,500914,20260630,3,0.089,
DIAG-20260630-TST-U00915,LEGAL_PERMIT_BARRIER,500915,20260630,1,0.771,
DIAG-20260630-TST-U00915,SECONDARY_ARBITRAGE,500915,20260630,2,0.144,
DIAG-20260630-TST-U00915,LOW_SALES_INCENTIVE,500915,20260630,3,0.085,
DIAG-20260630-TST-U00916,LEGAL_PERMIT_BARRIER,500916,20260630,1,0.776,
DIAG-20260630-TST-U00916,SECONDARY_ARBITRAGE,500916,20260630,2,0.115,
DIAG-20260630-TST-U00916,SEVERE_PHYSICAL_DEFECT,500916,20260630,3,0.109,
DIAG-20260630-TST-U00917,LEGAL_PERMIT_BARRIER,500917,20260630,1,0.75,
DIAG-20260630-TST-U00917,SECONDARY_ARBITRAGE,500917,20260630,2,0.145,
DIAG-20260630-TST-U00917,EXTREME_THERMAL_EXPOSURE,500917,20260630,3,0.105,
DIAG-20260630-TST-U00919,LEGAL_PERMIT_BARRIER,500919,20260630,1,1.0,
DIAG-20260630-TST-U00920,LEGAL_PERMIT_BARRIER,500920,20260630,1,0.794,
DIAG-20260630-TST-U00920,SECONDARY_ARBITRAGE,500920,20260630,2,0.119,
DIAG-20260630-TST-U00920,LOW_SALES_INCENTIVE,500920,20260630,3,0.087,
DIAG-20260630-TST-U00921,LEGAL_PERMIT_BARRIER,500921,20260630,1,0.751,
DIAG-20260630-TST-U00921,SECONDARY_ARBITRAGE,500921,20260630,2,0.151,
DIAG-20260630-TST-U00921,SEVERE_PHYSICAL_DEFECT,500921,20260630,3,0.098,
DIAG-20260630-TST-U00922,LEGAL_PERMIT_BARRIER,500922,20260630,1,0.863,
DIAG-20260630-TST-U00922,SECONDARY_ARBITRAGE,500922,20260630,2,0.137,
DIAG-20260630-TST-U00923,LEGAL_PERMIT_BARRIER,500923,20260630,1,0.797,
DIAG-20260630-TST-U00923,SECONDARY_ARBITRAGE,500923,20260630,2,0.115,
DIAG-20260630-TST-U00923,LOW_SALES_INCENTIVE,500923,20260630,3,0.088,
DIAG-20260630-TST-U00924,LEGAL_PERMIT_BARRIER,500924,20260630,1,1.0,
DIAG-20260630-TST-U00925,LEGAL_PERMIT_BARRIER,500925,20260630,1,0.773,
DIAG-20260630-TST-U00925,EXTREME_THERMAL_EXPOSURE,500925,20260630,2,0.127,
DIAG-20260630-TST-U00925,SEVERE_PHYSICAL_DEFECT,500925,20260630,3,0.1,
DIAG-20260630-TST-U00926,LEGAL_PERMIT_BARRIER,500926,20260630,1,0.777,
DIAG-20260630-TST-U00926,SECONDARY_ARBITRAGE,500926,20260630,2,0.114,
DIAG-20260630-TST-U00926,SEVERE_PHYSICAL_DEFECT,500926,20260630,3,0.109,
DIAG-20260630-TST-U00927,LEGAL_PERMIT_BARRIER,500927,20260630,1,0.79,
DIAG-20260630-TST-U00927,EXTREME_THERMAL_EXPOSURE,500927,20260630,2,0.11,
DIAG-20260630-TST-U00927,SECONDARY_ARBITRAGE,500927,20260630,3,0.1,
DIAG-20260630-TST-U00929,LEGAL_PERMIT_BARRIER,500929,20260630,1,1.0,
DIAG-20260630-TST-U00931,LEGAL_PERMIT_BARRIER,500931,20260630,1,1.0,
DIAG-20260630-TST-U00932,LEGAL_PERMIT_BARRIER,500932,20260630,1,0.77,
DIAG-20260630-TST-U00932,SEVERE_PHYSICAL_DEFECT,500932,20260630,2,0.116,
DIAG-20260630-TST-U00932,LUMP_SUM_TICKET_BARRIER,500932,20260630,3,0.114,
DIAG-20260630-TST-U00933,LEGAL_PERMIT_BARRIER,500933,20260630,1,1.0,
DIAG-20260630-TST-U00934,LEGAL_PERMIT_BARRIER,500934,20260630,1,0.731,
DIAG-20260630-TST-U00934,SECONDARY_ARBITRAGE,500934,20260630,2,0.141,
DIAG-20260630-TST-U00934,SEVERE_PHYSICAL_DEFECT,500934,20260630,3,0.128,
DIAG-20260630-TST-U00935,LEGAL_PERMIT_BARRIER,500935,20260630,1,0.858,
DIAG-20260630-TST-U00935,EXTREME_THERMAL_EXPOSURE,500935,20260630,2,0.142,
DIAG-20260630-TST-U00936,LEGAL_PERMIT_BARRIER,500936,20260630,1,0.901,
DIAG-20260630-TST-U00936,LOW_SALES_INCENTIVE,500936,20260630,2,0.099,
DIAG-20260630-TST-U00937,LEGAL_PERMIT_BARRIER,500937,20260630,1,0.779,
DIAG-20260630-TST-U00937,SECONDARY_ARBITRAGE,500937,20260630,2,0.112,
DIAG-20260630-TST-U00937,SEVERE_PHYSICAL_DEFECT,500937,20260630,3,0.109,
DIAG-20260630-TST-U00938,LEGAL_PERMIT_BARRIER,500938,20260630,1,0.807,
DIAG-20260630-TST-U00938,SECONDARY_ARBITRAGE,500938,20260630,2,0.104,
DIAG-20260630-TST-U00938,LOW_SALES_INCENTIVE,500938,20260630,3,0.089,
DIAG-20260630-TST-U00939,LEGAL_PERMIT_BARRIER,500939,20260630,1,0.901,
DIAG-20260630-TST-U00939,LOW_SALES_INCENTIVE,500939,20260630,2,0.099,
DIAG-20260630-TST-U00941,LEGAL_PERMIT_BARRIER,500941,20260630,1,0.858,
DIAG-20260630-TST-U00941,EXTREME_THERMAL_EXPOSURE,500941,20260630,2,0.142,
DIAG-20260630-TST-U00942,LEGAL_PERMIT_BARRIER,500942,20260630,1,0.901,
DIAG-20260630-TST-U00942,LOW_SALES_INCENTIVE,500942,20260630,2,0.099,
DIAG-20260630-TST-U00944,LEGAL_PERMIT_BARRIER,500944,20260630,1,0.783,
DIAG-20260630-TST-U00944,EXTREME_THERMAL_EXPOSURE,500944,20260630,2,0.11,
DIAG-20260630-TST-U00944,SECONDARY_ARBITRAGE,500944,20260630,3,0.107,
DIAG-20260630-TST-U00945,LEGAL_PERMIT_BARRIER,500945,20260630,1,0.88,
DIAG-20260630-TST-U00945,SECONDARY_ARBITRAGE,500945,20260630,2,0.12,
DIAG-20260630-TST-U00948,LEGAL_PERMIT_BARRIER,500948,20260630,1,0.754,
DIAG-20260630-TST-U00948,SECONDARY_ARBITRAGE,500948,20260630,2,0.14,
DIAG-20260630-TST-U00948,EXTREME_THERMAL_EXPOSURE,500948,20260630,3,0.106,
DIAG-20260630-TST-U00950,LEGAL_PERMIT_BARRIER,500950,20260630,1,0.806,
DIAG-20260630-TST-U00950,SECONDARY_ARBITRAGE,500950,20260630,2,0.105,
DIAG-20260630-TST-U00950,LOW_SALES_INCENTIVE,500950,20260630,3,0.089,
DIAG-20260630-TST-U00951,LEGAL_PERMIT_BARRIER,500951,20260630,1,0.773,
DIAG-20260630-TST-U00951,EXTREME_THERMAL_EXPOSURE,500951,20260630,2,0.128,
DIAG-20260630-TST-U00951,SECONDARY_ARBITRAGE,500951,20260630,3,0.099,
DIAG-20260630-TST-U00953,LEGAL_PERMIT_BARRIER,500953,20260630,1,0.8,
DIAG-20260630-TST-U00953,EXTREME_THERMAL_EXPOSURE,500953,20260630,2,0.112,
DIAG-20260630-TST-U00953,LOW_SALES_INCENTIVE,500953,20260630,3,0.088,
DIAG-20260630-TST-U00954,LEGAL_PERMIT_BARRIER,500954,20260630,1,0.793,
DIAG-20260630-TST-U00954,SECONDARY_ARBITRAGE,500954,20260630,2,0.108,
DIAG-20260630-TST-U00954,SEVERE_PHYSICAL_DEFECT,500954,20260630,3,0.099,
DIAG-20260630-TST-U00955,LEGAL_PERMIT_BARRIER,500955,20260630,1,0.777,
DIAG-20260630-TST-U00955,SECONDARY_ARBITRAGE,500955,20260630,2,0.138,
DIAG-20260630-TST-U00955,LOW_SALES_INCENTIVE,500955,20260630,3,0.085,
DIAG-20260630-TST-U00957,LEGAL_PERMIT_BARRIER,500957,20260630,1,0.794,
DIAG-20260630-TST-U00957,SECONDARY_ARBITRAGE,500957,20260630,2,0.119,
DIAG-20260630-TST-U00957,LOW_SALES_INCENTIVE,500957,20260630,3,0.087,
DIAG-20260630-TST-U00958,LEGAL_PERMIT_BARRIER,500958,20260630,1,0.785,
DIAG-20260630-TST-U00958,SECONDARY_ARBITRAGE,500958,20260630,2,0.129,
DIAG-20260630-TST-U00958,LOW_SALES_INCENTIVE,500958,20260630,3,0.086,
DIAG-20260630-TST-U00959,LEGAL_PERMIT_BARRIER,500959,20260630,1,1.0,
DIAG-20260630-TST-U00960,LEGAL_PERMIT_BARRIER,500960,20260630,1,0.88,
DIAG-20260630-TST-U00960,SECONDARY_ARBITRAGE,500960,20260630,2,0.12,
DIAG-20260630-TST-U00961,LEGAL_PERMIT_BARRIER,500961,20260630,1,1.0,
DIAG-20260630-TST-U00962,LEGAL_PERMIT_BARRIER,500962,20260630,1,0.8,
DIAG-20260630-TST-U00962,SEVERE_PHYSICAL_DEFECT,500962,20260630,2,0.112,
DIAG-20260630-TST-U00962,LOW_SALES_INCENTIVE,500962,20260630,3,0.088,
DIAG-20260630-TST-U00963,LEGAL_PERMIT_BARRIER,500963,20260630,1,0.754,
DIAG-20260630-TST-U00963,EXTREME_THERMAL_EXPOSURE,500963,20260630,2,0.125,
DIAG-20260630-TST-U00963,SEVERE_PHYSICAL_DEFECT,500963,20260630,3,0.121,
DIAG-20260630-TST-U00964,LEGAL_PERMIT_BARRIER,500964,20260630,1,0.769,
DIAG-20260630-TST-U00964,SECONDARY_ARBITRAGE,500964,20260630,2,0.119,
DIAG-20260630-TST-U00964,SEVERE_PHYSICAL_DEFECT,500964,20260630,3,0.112,
DIAG-20260630-TST-U00965,LEGAL_PERMIT_BARRIER,500965,20260630,1,0.872,
DIAG-20260630-TST-U00965,SECONDARY_ARBITRAGE,500965,20260630,2,0.128,
DIAG-20260630-TST-U00966,LEGAL_PERMIT_BARRIER,500966,20260630,1,0.784,
DIAG-20260630-TST-U00966,SEVERE_PHYSICAL_DEFECT,500966,20260630,2,0.11,
DIAG-20260630-TST-U00966,SECONDARY_ARBITRAGE,500966,20260630,3,0.106,
DIAG-20260630-TST-U00967,LEGAL_PERMIT_BARRIER,500967,20260630,1,0.877,
DIAG-20260630-TST-U00967,SEVERE_PHYSICAL_DEFECT,500967,20260630,2,0.123,
DIAG-20260630-TST-U00969,LEGAL_PERMIT_BARRIER,500969,20260630,1,0.758,
DIAG-20260630-TST-U00969,SECONDARY_ARBITRAGE,500969,20260630,2,0.142,
DIAG-20260630-TST-U00969,OVERPRICED_VS_PEER,500969,20260630,3,0.1,
DIAG-20260630-TST-U00970,LEGAL_PERMIT_BARRIER,500970,20260630,1,0.743,
DIAG-20260630-TST-U00970,EXTREME_THERMAL_EXPOSURE,500970,20260630,2,0.145,
DIAG-20260630-TST-U00970,SEVERE_PHYSICAL_DEFECT,500970,20260630,3,0.112,
DIAG-20260630-TST-U00971,LEGAL_PERMIT_BARRIER,500971,20260630,1,0.784,
DIAG-20260630-TST-U00971,SEVERE_PHYSICAL_DEFECT,500971,20260630,2,0.11,
DIAG-20260630-TST-U00971,SECONDARY_ARBITRAGE,500971,20260630,3,0.106,
DIAG-20260630-TST-U00972,LEGAL_PERMIT_BARRIER,500972,20260630,1,0.901,
DIAG-20260630-TST-U00972,LOW_SALES_INCENTIVE,500972,20260630,2,0.099,
DIAG-20260630-TST-U00973,LEGAL_PERMIT_BARRIER,500973,20260630,1,0.8,
DIAG-20260630-TST-U00973,SEVERE_PHYSICAL_DEFECT,500973,20260630,2,0.112,
DIAG-20260630-TST-U00973,LOW_SALES_INCENTIVE,500973,20260630,3,0.088,
DIAG-20260630-TST-U00974,LEGAL_PERMIT_BARRIER,500974,20260630,1,0.767,
DIAG-20260630-TST-U00974,SECONDARY_ARBITRAGE,500974,20260630,2,0.126,
DIAG-20260630-TST-U00974,SEVERE_PHYSICAL_DEFECT,500974,20260630,3,0.107,
DIAG-20260630-TST-U00975,LEGAL_PERMIT_BARRIER,500975,20260630,1,0.774,
DIAG-20260630-TST-U00975,SEVERE_PHYSICAL_DEFECT,500975,20260630,2,0.12,
DIAG-20260630-TST-U00975,SECONDARY_ARBITRAGE,500975,20260630,3,0.106,
DIAG-20260630-TST-U00976,LEGAL_PERMIT_BARRIER,500976,20260630,1,0.769,
DIAG-20260630-TST-U00976,SEVERE_PHYSICAL_DEFECT,500976,20260630,2,0.123,
DIAG-20260630-TST-U00976,EXTREME_THERMAL_EXPOSURE,500976,20260630,3,0.108,
DIAG-20260630-TST-U00977,LEGAL_PERMIT_BARRIER,500977,20260630,1,0.784,
DIAG-20260630-TST-U00977,EXTREME_THERMAL_EXPOSURE,500977,20260630,2,0.11,
DIAG-20260630-TST-U00977,SEVERE_PHYSICAL_DEFECT,500977,20260630,3,0.106,
DIAG-20260630-TST-U00978,LEGAL_PERMIT_BARRIER,500978,20260630,1,0.768,
DIAG-20260630-TST-U00978,EXTREME_THERMAL_EXPOSURE,500978,20260630,2,0.131,
DIAG-20260630-TST-U00978,SECONDARY_ARBITRAGE,500978,20260630,3,0.101,
DIAG-20260630-TST-U00981,LEGAL_PERMIT_BARRIER,500981,20260630,1,0.747,
DIAG-20260630-TST-U00981,SECONDARY_ARBITRAGE,500981,20260630,2,0.149,
DIAG-20260630-TST-U00981,SEVERE_PHYSICAL_DEFECT,500981,20260630,3,0.104,
DIAG-20260630-TST-U00982,LEGAL_PERMIT_BARRIER,500982,20260630,1,0.755,
DIAG-20260630-TST-U00982,SECONDARY_ARBITRAGE,500982,20260630,2,0.139,
DIAG-20260630-TST-U00982,EXTREME_THERMAL_EXPOSURE,500982,20260630,3,0.106,
DIAG-20260630-TST-U00984,LEGAL_PERMIT_BARRIER,500984,20260630,1,0.792,
DIAG-20260630-TST-U00984,SEVERE_PHYSICAL_DEFECT,500984,20260630,2,0.111,
DIAG-20260630-TST-U00984,SECONDARY_ARBITRAGE,500984,20260630,3,0.097,
DIAG-20260630-TST-U00985,LEGAL_PERMIT_BARRIER,500985,20260630,1,0.754,
DIAG-20260630-TST-U00985,SECONDARY_ARBITRAGE,500985,20260630,2,0.141,
DIAG-20260630-TST-U00985,EXTREME_THERMAL_EXPOSURE,500985,20260630,3,0.105,
DIAG-20260630-TST-U00986,LEGAL_PERMIT_BARRIER,500986,20260630,1,0.767,
DIAG-20260630-TST-U00986,SECONDARY_ARBITRAGE,500986,20260630,2,0.126,
DIAG-20260630-TST-U00986,EXTREME_THERMAL_EXPOSURE,500986,20260630,3,0.107,
DIAG-20260630-TST-U00988,LEGAL_PERMIT_BARRIER,500988,20260630,1,0.744,
DIAG-20260630-TST-U00988,SECONDARY_ARBITRAGE,500988,20260630,2,0.148,
DIAG-20260630-TST-U00988,SEVERE_PHYSICAL_DEFECT,500988,20260630,3,0.108,
DIAG-20260630-TST-U00989,LEGAL_PERMIT_BARRIER,500989,20260630,1,0.782,
DIAG-20260630-TST-U00989,SEVERE_PHYSICAL_DEFECT,500989,20260630,2,0.109,
DIAG-20260630-TST-U00989,EXTREME_THERMAL_EXPOSURE,500989,20260630,3,0.109,
DIAG-20260630-TST-U00990,LEGAL_PERMIT_BARRIER,500990,20260630,1,0.901,
DIAG-20260630-TST-U00990,LOW_SALES_INCENTIVE,500990,20260630,2,0.099,
DIAG-20260630-TST-U00991,LEGAL_PERMIT_BARRIER,500991,20260630,1,0.889,
DIAG-20260630-TST-U00991,SECONDARY_ARBITRAGE,500991,20260630,2,0.111,
DIAG-20260630-TST-U00993,LEGAL_PERMIT_BARRIER,500993,20260630,1,0.773,
DIAG-20260630-TST-U00993,SEVERE_PHYSICAL_DEFECT,500993,20260630,2,0.116,
DIAG-20260630-TST-U00993,SECONDARY_ARBITRAGE,500993,20260630,3,0.111,
DIAG-20260630-TST-U00994,LEGAL_PERMIT_BARRIER,500994,20260630,1,0.796,
DIAG-20260630-TST-U00994,SECONDARY_ARBITRAGE,500994,20260630,2,0.116,
DIAG-20260630-TST-U00994,LOW_SALES_INCENTIVE,500994,20260630,3,0.088,
DIAG-20260630-TST-U00995,LEGAL_PERMIT_BARRIER,500995,20260630,1,0.775,
DIAG-20260630-TST-U00995,EXTREME_THERMAL_EXPOSURE,500995,20260630,2,0.128,
DIAG-20260630-TST-U00995,SEVERE_PHYSICAL_DEFECT,500995,20260630,3,0.097,
DIAG-20260630-TST-U00996,LEGAL_PERMIT_BARRIER,500996,20260630,1,0.785,
DIAG-20260630-TST-U00996,EXTREME_THERMAL_EXPOSURE,500996,20260630,2,0.129,
DIAG-20260630-TST-U00996,LOW_SALES_INCENTIVE,500996,20260630,3,0.086,
DIAG-20260630-TST-U00997,LEGAL_PERMIT_BARRIER,500997,20260630,1,0.793,
DIAG-20260630-TST-U00997,SECONDARY_ARBITRAGE,500997,20260630,2,0.12,
DIAG-20260630-TST-U00997,LOW_SALES_INCENTIVE,500997,20260630,3,0.087,
DIAG-20260630-TST-U00998,LEGAL_PERMIT_BARRIER,500998,20260630,1,0.773,
DIAG-20260630-TST-U00998,SECONDARY_ARBITRAGE,500998,20260630,2,0.119,
DIAG-20260630-TST-U00998,EXTREME_THERMAL_EXPOSURE,500998,20260630,3,0.108,
DIAG-20260630-TST-U00999,LEGAL_PERMIT_BARRIER,500999,20260630,1,0.767,
DIAG-20260630-TST-U00999,EXTREME_THERMAL_EXPOSURE,500999,20260630,2,0.13,
DIAG-20260630-TST-U00999,SEVERE_PHYSICAL_DEFECT,500999,20260630,3,0.103,
DIAG-20260630-TST-U01000,LEGAL_PERMIT_BARRIER,501000,20260630,1,0.778,
DIAG-20260630-TST-U01000,SEVERE_PHYSICAL_DEFECT,501000,20260630,2,0.113,
DIAG-20260630-TST-U01000,EXTREME_THERMAL_EXPOSURE,501000,20260630,3,0.109,
DIAG-20260630-TST-U01001,LEGAL_PERMIT_BARRIER,501001,20260630,1,0.802,
DIAG-20260630-TST-U01001,SECONDARY_ARBITRAGE,501001,20260630,2,0.11,
DIAG-20260630-TST-U01001,LOW_SALES_INCENTIVE,501001,20260630,3,0.088,
DIAG-20260630-TST-U01002,LEGAL_PERMIT_BARRIER,501002,20260630,1,0.746,
DIAG-20260630-TST-U01002,SEVERE_PHYSICAL_DEFECT,501002,20260630,2,0.131,
DIAG-20260630-TST-U01002,EXTREME_THERMAL_EXPOSURE,501002,20260630,3,0.123,
DIAG-20260630-TST-U01003,LEGAL_PERMIT_BARRIER,501003,20260630,1,1.0,
DIAG-20260630-TST-U01004,LEGAL_PERMIT_BARRIER,501004,20260630,1,0.901,
DIAG-20260630-TST-U01004,LOW_SALES_INCENTIVE,501004,20260630,2,0.099,
DIAG-20260630-TST-U01005,LEGAL_PERMIT_BARRIER,501005,20260630,1,0.79,
DIAG-20260630-TST-U01005,EXTREME_THERMAL_EXPOSURE,501005,20260630,2,0.111,
DIAG-20260630-TST-U01005,SEVERE_PHYSICAL_DEFECT,501005,20260630,3,0.099,
DIAG-20260630-TST-U01006,LEGAL_PERMIT_BARRIER,501006,20260630,1,0.858,
DIAG-20260630-TST-U01006,EXTREME_THERMAL_EXPOSURE,501006,20260630,2,0.142,
DIAG-20260630-TST-U01007,LEGAL_PERMIT_BARRIER,501007,20260630,1,0.858,
DIAG-20260630-TST-U01007,EXTREME_THERMAL_EXPOSURE,501007,20260630,2,0.142,
DIAG-20260630-TST-U01008,LEGAL_PERMIT_BARRIER,501008,20260630,1,0.772,
DIAG-20260630-TST-U01008,SEVERE_PHYSICAL_DEFECT,501008,20260630,2,0.123,
DIAG-20260630-TST-U01008,SECONDARY_ARBITRAGE,501008,20260630,3,0.105,
DIAG-20260630-TST-U01009,LEGAL_PERMIT_BARRIER,501009,20260630,1,0.775,
DIAG-20260630-TST-U01009,SEVERE_PHYSICAL_DEFECT,501009,20260630,2,0.124,
DIAG-20260630-TST-U01009,SECONDARY_ARBITRAGE,501009,20260630,3,0.101,
DIAG-20260630-TST-U01010,LEGAL_PERMIT_BARRIER,501010,20260630,1,0.803,
DIAG-20260630-TST-U01010,SECONDARY_ARBITRAGE,501010,20260630,2,0.109,
DIAG-20260630-TST-U01010,LOW_SALES_INCENTIVE,501010,20260630,3,0.088,
DIAG-20260630-TST-U01012,LEGAL_PERMIT_BARRIER,501012,20260630,1,0.901,
DIAG-20260630-TST-U01012,LOW_SALES_INCENTIVE,501012,20260630,2,0.099,
DIAG-20260630-TST-U01014,LEGAL_PERMIT_BARRIER,501014,20260630,1,0.77,
DIAG-20260630-TST-U01014,EXTREME_THERMAL_EXPOSURE,501014,20260630,2,0.127,
DIAG-20260630-TST-U01014,SECONDARY_ARBITRAGE,501014,20260630,3,0.103,
DIAG-20260630-TST-U01015,LEGAL_PERMIT_BARRIER,501015,20260630,1,0.804,
DIAG-20260630-TST-U01015,SECONDARY_ARBITRAGE,501015,20260630,2,0.108,
DIAG-20260630-TST-U01015,LOW_SALES_INCENTIVE,501015,20260630,3,0.088,
DIAG-20260630-TST-U01016,LEGAL_PERMIT_BARRIER,501016,20260630,1,0.774,
DIAG-20260630-TST-U01016,SECONDARY_ARBITRAGE,501016,20260630,2,0.118,
DIAG-20260630-TST-U01016,SEVERE_PHYSICAL_DEFECT,501016,20260630,3,0.108,
DIAG-20260630-TST-U01017,LEGAL_PERMIT_BARRIER,501017,20260630,1,0.749,
DIAG-20260630-TST-U01017,SEVERE_PHYSICAL_DEFECT,501017,20260630,2,0.131,
DIAG-20260630-TST-U01017,SECONDARY_ARBITRAGE,501017,20260630,3,0.12,
DIAG-20260630-TST-U01018,LEGAL_PERMIT_BARRIER,501018,20260630,1,0.78,
DIAG-20260630-TST-U01018,SECONDARY_ARBITRAGE,501018,20260630,2,0.115,
DIAG-20260630-TST-U01018,SEVERE_PHYSICAL_DEFECT,501018,20260630,3,0.105,
DIAG-20260630-TST-U01019,LEGAL_PERMIT_BARRIER,501019,20260630,1,0.763,
DIAG-20260630-TST-U01019,EXTREME_THERMAL_EXPOSURE,501019,20260630,2,0.126,
DIAG-20260630-TST-U01019,SEVERE_PHYSICAL_DEFECT,501019,20260630,3,0.111,
DIAG-20260630-TST-U01020,LEGAL_PERMIT_BARRIER,501020,20260630,1,0.877,
DIAG-20260630-TST-U01020,SEVERE_PHYSICAL_DEFECT,501020,20260630,2,0.123,
DIAG-20260630-TST-U01022,LEGAL_PERMIT_BARRIER,501022,20260630,1,0.877,
DIAG-20260630-TST-U01022,SEVERE_PHYSICAL_DEFECT,501022,20260630,2,0.123,
DIAG-20260630-TST-U01023,LEGAL_PERMIT_BARRIER,501023,20260630,1,0.761,
DIAG-20260630-TST-U01023,SECONDARY_ARBITRAGE,501023,20260630,2,0.132,
DIAG-20260630-TST-U01023,SEVERE_PHYSICAL_DEFECT,501023,20260630,3,0.107,
DIAG-20260630-TST-U01024,LEGAL_PERMIT_BARRIER,501024,20260630,1,0.779,
DIAG-20260630-TST-U01024,SECONDARY_ARBITRAGE,501024,20260630,2,0.124,
DIAG-20260630-TST-U01024,SEVERE_PHYSICAL_DEFECT,501024,20260630,3,0.097,
DIAG-20260630-TST-U01025,LEGAL_PERMIT_BARRIER,501025,20260630,1,0.767,
DIAG-20260630-TST-U01025,SECONDARY_ARBITRAGE,501025,20260630,2,0.137,
DIAG-20260630-TST-U01025,SEVERE_PHYSICAL_DEFECT,501025,20260630,3,0.096,
DIAG-20260630-TST-U01026,LEGAL_PERMIT_BARRIER,501026,20260630,1,0.787,
DIAG-20260630-TST-U01026,SEVERE_PHYSICAL_DEFECT,501026,20260630,2,0.11,
DIAG-20260630-TST-U01026,SECONDARY_ARBITRAGE,501026,20260630,3,0.103,
DIAG-20260630-TST-U01028,LEGAL_PERMIT_BARRIER,501028,20260630,1,0.768,
DIAG-20260630-TST-U01028,SECONDARY_ARBITRAGE,501028,20260630,2,0.134,
DIAG-20260630-TST-U01028,OVERPRICED_VS_PEER,501028,20260630,3,0.098,
DIAG-20260630-TST-U01029,LEGAL_PERMIT_BARRIER,501029,20260630,1,0.79,
DIAG-20260630-TST-U01029,EXTREME_THERMAL_EXPOSURE,501029,20260630,2,0.123,
DIAG-20260630-TST-U01029,LOW_SALES_INCENTIVE,501029,20260630,3,0.087,
DIAG-20260630-TST-U01030,LEGAL_PERMIT_BARRIER,501030,20260630,1,0.804,
DIAG-20260630-TST-U01030,SEVERE_PHYSICAL_DEFECT,501030,20260630,2,0.108,
DIAG-20260630-TST-U01030,LOW_SALES_INCENTIVE,501030,20260630,3,0.088,
DIAG-20260630-TST-U01031,LEGAL_PERMIT_BARRIER,501031,20260630,1,0.781,
DIAG-20260630-TST-U01031,SECONDARY_ARBITRAGE,501031,20260630,2,0.11,
DIAG-20260630-TST-U01031,EXTREME_THERMAL_EXPOSURE,501031,20260630,3,0.109,
DIAG-20260630-TST-U01032,LEGAL_PERMIT_BARRIER,501032,20260630,1,0.742,
DIAG-20260630-TST-U01032,SECONDARY_ARBITRAGE,501032,20260630,2,0.132,
DIAG-20260630-TST-U01032,EXTREME_THERMAL_EXPOSURE,501032,20260630,3,0.126,
DIAG-20260630-TST-U01033,LEGAL_PERMIT_BARRIER,501033,20260630,1,0.758,
DIAG-20260630-TST-U01033,SEVERE_PHYSICAL_DEFECT,501033,20260630,2,0.121,
DIAG-20260630-TST-U01033,SECONDARY_ARBITRAGE,501033,20260630,3,0.121,
DIAG-20260630-TST-U01034,LEGAL_PERMIT_BARRIER,501034,20260630,1,0.787,
DIAG-20260630-TST-U01034,SEVERE_PHYSICAL_DEFECT,501034,20260630,2,0.11,
DIAG-20260630-TST-U01034,SECONDARY_ARBITRAGE,501034,20260630,3,0.103,
DIAG-20260630-TST-U01037,LEGAL_PERMIT_BARRIER,501037,20260630,1,0.773,
DIAG-20260630-TST-U01037,EXTREME_THERMAL_EXPOSURE,501037,20260630,2,0.127,
DIAG-20260630-TST-U01037,SEVERE_PHYSICAL_DEFECT,501037,20260630,3,0.1,
DIAG-20260630-TST-U01038,LEGAL_PERMIT_BARRIER,501038,20260630,1,0.783,
DIAG-20260630-TST-U01038,EXTREME_THERMAL_EXPOSURE,501038,20260630,2,0.121,
DIAG-20260630-TST-U01038,SECONDARY_ARBITRAGE,501038,20260630,3,0.096,
DIAG-20260630-TST-U01039,LEGAL_PERMIT_BARRIER,501039,20260630,1,0.788,
DIAG-20260630-TST-U01039,EXTREME_THERMAL_EXPOSURE,501039,20260630,2,0.11,
DIAG-20260630-TST-U01039,SEVERE_PHYSICAL_DEFECT,501039,20260630,3,0.102,
DIAG-20260630-TST-U01041,LEGAL_PERMIT_BARRIER,501041,20260630,1,0.784,
DIAG-20260630-TST-U01041,EXTREME_THERMAL_EXPOSURE,501041,20260630,2,0.114,
DIAG-20260630-TST-U01041,SECONDARY_ARBITRAGE,501041,20260630,3,0.102,
DIAG-20260630-TST-U01042,LEGAL_PERMIT_BARRIER,501042,20260630,1,0.782,
DIAG-20260630-TST-U01042,SEVERE_PHYSICAL_DEFECT,501042,20260630,2,0.109,
DIAG-20260630-TST-U01042,EXTREME_THERMAL_EXPOSURE,501042,20260630,3,0.109,
DIAG-20260630-TST-U01043,LEGAL_PERMIT_BARRIER,501043,20260630,1,0.786,
DIAG-20260630-TST-U01043,SEVERE_PHYSICAL_DEFECT,501043,20260630,2,0.114,
DIAG-20260630-TST-U01043,SECONDARY_ARBITRAGE,501043,20260630,3,0.1,
DIAG-20260630-TST-U01044,LEGAL_PERMIT_BARRIER,501044,20260630,1,0.8,
DIAG-20260630-TST-U01044,SEVERE_PHYSICAL_DEFECT,501044,20260630,2,0.112,
DIAG-20260630-TST-U01044,LOW_SALES_INCENTIVE,501044,20260630,3,0.088,
DIAG-20260630-TST-U01046,LEGAL_PERMIT_BARRIER,501046,20260630,1,0.753,
DIAG-20260630-TST-U01046,EXTREME_THERMAL_EXPOSURE,501046,20260630,2,0.128,
DIAG-20260630-TST-U01046,SECONDARY_ARBITRAGE,501046,20260630,3,0.119,
DIAG-20260630-TST-U01047,LEGAL_PERMIT_BARRIER,501047,20260630,1,0.778,
DIAG-20260630-TST-U01047,SECONDARY_ARBITRAGE,501047,20260630,2,0.113,
DIAG-20260630-TST-U01047,EXTREME_THERMAL_EXPOSURE,501047,20260630,3,0.109,
DIAG-20260630-TST-U01051,LEGAL_PERMIT_BARRIER,501051,20260630,1,0.769,
DIAG-20260630-TST-U01051,SEVERE_PHYSICAL_DEFECT,501051,20260630,2,0.134,
DIAG-20260630-TST-U01051,SECONDARY_ARBITRAGE,501051,20260630,3,0.097,
DIAG-20260630-TST-U01052,LEGAL_PERMIT_BARRIER,501052,20260630,1,0.889,
DIAG-20260630-TST-U01052,SECONDARY_ARBITRAGE,501052,20260630,2,0.111,
DIAG-20260630-TST-U01053,LEGAL_PERMIT_BARRIER,501053,20260630,1,0.761,
DIAG-20260630-TST-U01053,EXTREME_THERMAL_EXPOSURE,501053,20260630,2,0.125,
DIAG-20260630-TST-U01053,SEVERE_PHYSICAL_DEFECT,501053,20260630,3,0.114,
DIAG-20260630-TST-U01054,LEGAL_PERMIT_BARRIER,501054,20260630,1,1.0,
DIAG-20260630-TST-U01055,LEGAL_PERMIT_BARRIER,501055,20260630,1,0.79,
DIAG-20260630-TST-U01055,SEVERE_PHYSICAL_DEFECT,501055,20260630,2,0.123,
DIAG-20260630-TST-U01055,LOW_SALES_INCENTIVE,501055,20260630,3,0.087,
DIAG-20260630-TST-U01056,LEGAL_PERMIT_BARRIER,501056,20260630,1,0.775,
DIAG-20260630-TST-U01056,EXTREME_THERMAL_EXPOSURE,501056,20260630,2,0.12,
DIAG-20260630-TST-U01056,SEVERE_PHYSICAL_DEFECT,501056,20260630,3,0.105,
DIAG-20260630-TST-U01057,LEGAL_PERMIT_BARRIER,501057,20260630,1,0.756,
DIAG-20260630-TST-U01057,SECONDARY_ARBITRAGE,501057,20260630,2,0.138,
DIAG-20260630-TST-U01057,EXTREME_THERMAL_EXPOSURE,501057,20260630,3,0.106,
DIAG-20260630-TST-U01059,LEGAL_PERMIT_BARRIER,501059,20260630,1,0.866,
DIAG-20260630-TST-U01059,EXTREME_THERMAL_EXPOSURE,501059,20260630,2,0.134,
DIAG-20260630-TST-U01060,LEGAL_PERMIT_BARRIER,501060,20260630,1,0.788,
DIAG-20260630-TST-U01060,SECONDARY_ARBITRAGE,501060,20260630,2,0.125,
DIAG-20260630-TST-U01060,LOW_SALES_INCENTIVE,501060,20260630,3,0.087,
DIAG-20260630-TST-U01062,LEGAL_PERMIT_BARRIER,501062,20260630,1,0.751,
DIAG-20260630-TST-U01062,SECONDARY_ARBITRAGE,501062,20260630,2,0.125,
DIAG-20260630-TST-U01062,SEVERE_PHYSICAL_DEFECT,501062,20260630,3,0.124,
DIAG-20260630-TST-U01063,LEGAL_PERMIT_BARRIER,501063,20260630,1,0.786,
DIAG-20260630-TST-U01063,EXTREME_THERMAL_EXPOSURE,501063,20260630,2,0.114,
DIAG-20260630-TST-U01063,SECONDARY_ARBITRAGE,501063,20260630,3,0.1,
DIAG-20260630-TST-U01064,LEGAL_PERMIT_BARRIER,501064,20260630,1,1.0,
DIAG-20260630-TST-U01065,LEGAL_PERMIT_BARRIER,501065,20260630,1,0.778,
DIAG-20260630-TST-U01065,EXTREME_THERMAL_EXPOSURE,501065,20260630,2,0.136,
DIAG-20260630-TST-U01065,LOW_SALES_INCENTIVE,501065,20260630,3,0.086,
DIAG-20260630-TST-U01066,LEGAL_PERMIT_BARRIER,501066,20260630,1,1.0,
DIAG-20260630-TST-U01067,LEGAL_PERMIT_BARRIER,501067,20260630,1,0.876,
DIAG-20260630-TST-U01067,SECONDARY_ARBITRAGE,501067,20260630,2,0.124,
DIAG-20260630-TST-U01068,LEGAL_PERMIT_BARRIER,501068,20260630,1,0.756,
DIAG-20260630-TST-U01068,EXTREME_THERMAL_EXPOSURE,501068,20260630,2,0.125,
DIAG-20260630-TST-U01068,SECONDARY_ARBITRAGE,501068,20260630,3,0.119,
DIAG-20260630-TST-U01069,LEGAL_PERMIT_BARRIER,501069,20260630,1,0.768,
DIAG-20260630-TST-U01069,SECONDARY_ARBITRAGE,501069,20260630,2,0.124,
DIAG-20260630-TST-U01069,SEVERE_PHYSICAL_DEFECT,501069,20260630,3,0.108,
DIAG-20260630-TST-U01070,LEGAL_PERMIT_BARRIER,501070,20260630,1,0.769,
DIAG-20260630-TST-U01070,SECONDARY_ARBITRAGE,501070,20260630,2,0.129,
DIAG-20260630-TST-U01070,OVERPRICED_VS_PEER,501070,20260630,3,0.102,
DIAG-20260630-TST-U01071,LEGAL_PERMIT_BARRIER,501071,20260630,1,0.881,
DIAG-20260630-TST-U01071,SEVERE_PHYSICAL_DEFECT,501071,20260630,2,0.119,
DIAG-20260630-TST-U01072,LEGAL_PERMIT_BARRIER,501072,20260630,1,0.758,
DIAG-20260630-TST-U01072,SECONDARY_ARBITRAGE,501072,20260630,2,0.139,
DIAG-20260630-TST-U01072,OVERPRICED_VS_PEER,501072,20260630,3,0.103,
DIAG-20260630-TST-U01074,LEGAL_PERMIT_BARRIER,501074,20260630,1,0.756,
DIAG-20260630-TST-U01074,SECONDARY_ARBITRAGE,501074,20260630,2,0.132,
DIAG-20260630-TST-U01074,LUMP_SUM_TICKET_BARRIER,501074,20260630,3,0.112,
DIAG-20260630-TST-U01075,LEGAL_PERMIT_BARRIER,501075,20260630,1,0.766,
DIAG-20260630-TST-U01075,SECONDARY_ARBITRAGE,501075,20260630,2,0.119,
DIAG-20260630-TST-U01075,SEVERE_PHYSICAL_DEFECT,501075,20260630,3,0.115,
DIAG-20260630-TST-U01077,LEGAL_PERMIT_BARRIER,501077,20260630,1,0.759,
DIAG-20260630-TST-U01077,SECONDARY_ARBITRAGE,501077,20260630,2,0.135,
DIAG-20260630-TST-U01077,EXTREME_THERMAL_EXPOSURE,501077,20260630,3,0.106,
DIAG-20260630-TST-U01078,LEGAL_PERMIT_BARRIER,501078,20260630,1,0.766,
DIAG-20260630-TST-U01078,SECONDARY_ARBITRAGE,501078,20260630,2,0.12,
DIAG-20260630-TST-U01078,LUMP_SUM_TICKET_BARRIER,501078,20260630,3,0.114,
DIAG-20260630-TST-U01079,LEGAL_PERMIT_BARRIER,501079,20260630,1,0.854,
DIAG-20260630-TST-U01079,SECONDARY_ARBITRAGE,501079,20260630,2,0.146,
DIAG-20260630-TST-U01080,LEGAL_PERMIT_BARRIER,501080,20260630,1,0.787,
DIAG-20260630-TST-U01080,EXTREME_THERMAL_EXPOSURE,501080,20260630,2,0.11,
DIAG-20260630-TST-U01080,SECONDARY_ARBITRAGE,501080,20260630,3,0.103,
DIAG-20260630-TST-U01082,LEGAL_PERMIT_BARRIER,501082,20260630,1,0.883,
DIAG-20260630-TST-U01082,SECONDARY_ARBITRAGE,501082,20260630,2,0.117,
DIAG-20260630-TST-U01084,LEGAL_PERMIT_BARRIER,501084,20260630,1,0.778,
DIAG-20260630-TST-U01084,SECONDARY_ARBITRAGE,501084,20260630,2,0.117,
DIAG-20260630-TST-U01084,SEVERE_PHYSICAL_DEFECT,501084,20260630,3,0.105,
DIAG-20260630-TST-U01085,LEGAL_PERMIT_BARRIER,501085,20260630,1,0.778,
DIAG-20260630-TST-U01085,SECONDARY_ARBITRAGE,501085,20260630,2,0.117,
DIAG-20260630-TST-U01085,SEVERE_PHYSICAL_DEFECT,501085,20260630,3,0.105,
DIAG-20260630-TST-U01086,LEGAL_PERMIT_BARRIER,501086,20260630,1,0.766,
DIAG-20260630-TST-U01086,SECONDARY_ARBITRAGE,501086,20260630,2,0.135,
DIAG-20260630-TST-U01086,OVERPRICED_VS_PEER,501086,20260630,3,0.099,
DIAG-20260630-TST-U01087,LEGAL_PERMIT_BARRIER,501087,20260630,1,0.76,
DIAG-20260630-TST-U01087,EXTREME_THERMAL_EXPOSURE,501087,20260630,2,0.126,
DIAG-20260630-TST-U01087,SECONDARY_ARBITRAGE,501087,20260630,3,0.114,
DIAG-20260630-TST-U01088,LEGAL_PERMIT_BARRIER,501088,20260630,1,0.785,
DIAG-20260630-TST-U01088,EXTREME_THERMAL_EXPOSURE,501088,20260630,2,0.129,
DIAG-20260630-TST-U01088,LOW_SALES_INCENTIVE,501088,20260630,3,0.086,
DIAG-20260630-TST-U01089,LEGAL_PERMIT_BARRIER,501089,20260630,1,0.77,
DIAG-20260630-TST-U01089,EXTREME_THERMAL_EXPOSURE,501089,20260630,2,0.127,
DIAG-20260630-TST-U01089,SECONDARY_ARBITRAGE,501089,20260630,3,0.103,
DIAG-20260630-TST-U01090,LEGAL_PERMIT_BARRIER,501090,20260630,1,0.752,
DIAG-20260630-TST-U01090,SEVERE_PHYSICAL_DEFECT,501090,20260630,2,0.143,
DIAG-20260630-TST-U01090,EXTREME_THERMAL_EXPOSURE,501090,20260630,3,0.105,
DIAG-20260630-TST-U01092,LEGAL_PERMIT_BARRIER,501092,20260630,1,0.772,
DIAG-20260630-TST-U01092,EXTREME_THERMAL_EXPOSURE,501092,20260630,2,0.12,
DIAG-20260630-TST-U01092,SEVERE_PHYSICAL_DEFECT,501092,20260630,3,0.108,
DIAG-20260630-TST-U01093,LEGAL_PERMIT_BARRIER,501093,20260630,1,0.877,
DIAG-20260630-TST-U01093,SEVERE_PHYSICAL_DEFECT,501093,20260630,2,0.123,
DIAG-20260630-TST-U01094,LEGAL_PERMIT_BARRIER,501094,20260630,1,0.788,
DIAG-20260630-TST-U01094,SECONDARY_ARBITRAGE,501094,20260630,2,0.125,
DIAG-20260630-TST-U01094,LOW_SALES_INCENTIVE,501094,20260630,3,0.087,
DIAG-20260630-TST-U01096,LEGAL_PERMIT_BARRIER,501096,20260630,1,0.771,
DIAG-20260630-TST-U01096,SECONDARY_ARBITRAGE,501096,20260630,2,0.121,
DIAG-20260630-TST-U01096,SEVERE_PHYSICAL_DEFECT,501096,20260630,3,0.108,
DIAG-20260630-TST-U01097,LEGAL_PERMIT_BARRIER,501097,20260630,1,0.79,
DIAG-20260630-TST-U01097,SECONDARY_ARBITRAGE,501097,20260630,2,0.123,
DIAG-20260630-TST-U01097,LOW_SALES_INCENTIVE,501097,20260630,3,0.087,
DIAG-20260630-TST-U01098,LEGAL_PERMIT_BARRIER,501098,20260630,1,0.761,
DIAG-20260630-TST-U01098,EXTREME_THERMAL_EXPOSURE,501098,20260630,2,0.125,
DIAG-20260630-TST-U01098,SEVERE_PHYSICAL_DEFECT,501098,20260630,3,0.114,
DIAG-20260630-TST-U01099,LEGAL_PERMIT_BARRIER,501099,20260630,1,0.765,
DIAG-20260630-TST-U01099,SEVERE_PHYSICAL_DEFECT,501099,20260630,2,0.119,
DIAG-20260630-TST-U01099,SECONDARY_ARBITRAGE,501099,20260630,3,0.116,
DIAG-20260630-TST-U01100,LEGAL_PERMIT_BARRIER,501100,20260630,1,0.737,
DIAG-20260630-TST-U01100,SECONDARY_ARBITRAGE,501100,20260630,2,0.134,
DIAG-20260630-TST-U01100,SEVERE_PHYSICAL_DEFECT,501100,20260630,3,0.129,
DIAG-20260630-TST-U01101,LEGAL_PERMIT_BARRIER,501101,20260630,1,0.744,
DIAG-20260630-TST-U01101,SECONDARY_ARBITRAGE,501101,20260630,2,0.133,
DIAG-20260630-TST-U01101,SEVERE_PHYSICAL_DEFECT,501101,20260630,3,0.123,
DIAG-20260630-TST-U01102,LEGAL_PERMIT_BARRIER,501102,20260630,1,0.775,
DIAG-20260630-TST-U01102,SECONDARY_ARBITRAGE,501102,20260630,2,0.117,
DIAG-20260630-TST-U01102,EXTREME_THERMAL_EXPOSURE,501102,20260630,3,0.108,
DIAG-20260630-TST-U01104,LEGAL_PERMIT_BARRIER,501104,20260630,1,0.81,
DIAG-20260630-TST-U01104,SEVERE_PHYSICAL_DEFECT,501104,20260630,2,0.101,
DIAG-20260630-TST-U01104,LOW_SALES_INCENTIVE,501104,20260630,3,0.089,
DIAG-20260630-TST-U01105,LEGAL_PERMIT_BARRIER,501105,20260630,1,0.782,
DIAG-20260630-TST-U01105,EXTREME_THERMAL_EXPOSURE,501105,20260630,2,0.113,
DIAG-20260630-TST-U01105,SECONDARY_ARBITRAGE,501105,20260630,3,0.105,
DIAG-20260630-TST-U01107,LEGAL_PERMIT_BARRIER,501107,20260630,1,0.778,
DIAG-20260630-TST-U01107,EXTREME_THERMAL_EXPOSURE,501107,20260630,2,0.128,
DIAG-20260630-TST-U01107,SECONDARY_ARBITRAGE,501107,20260630,3,0.094,
DIAG-20260630-TST-U01109,LEGAL_PERMIT_BARRIER,501109,20260630,1,0.787,
DIAG-20260630-TST-U01109,SECONDARY_ARBITRAGE,501109,20260630,2,0.107,
DIAG-20260630-TST-U01109,SEVERE_PHYSICAL_DEFECT,501109,20260630,3,0.106,
DIAG-20260630-TST-U01110,LEGAL_PERMIT_BARRIER,501110,20260630,1,0.772,
DIAG-20260630-TST-U01110,EXTREME_THERMAL_EXPOSURE,501110,20260630,2,0.127,
DIAG-20260630-TST-U01110,SECONDARY_ARBITRAGE,501110,20260630,3,0.101,
DIAG-20260630-TST-U01111,LEGAL_PERMIT_BARRIER,501111,20260630,1,0.793,
DIAG-20260630-TST-U01111,SECONDARY_ARBITRAGE,501111,20260630,2,0.12,
DIAG-20260630-TST-U01111,LOW_SALES_INCENTIVE,501111,20260630,3,0.087,
DIAG-20260630-TST-U01113,LEGAL_PERMIT_BARRIER,501113,20260630,1,0.749,
DIAG-20260630-TST-U01113,SECONDARY_ARBITRAGE,501113,20260630,2,0.146,
DIAG-20260630-TST-U01113,EXTREME_THERMAL_EXPOSURE,501113,20260630,3,0.105,
DIAG-20260630-TST-U01114,LEGAL_PERMIT_BARRIER,501114,20260630,1,0.773,
DIAG-20260630-TST-U01114,EXTREME_THERMAL_EXPOSURE,501114,20260630,2,0.127,
DIAG-20260630-TST-U01114,SEVERE_PHYSICAL_DEFECT,501114,20260630,3,0.1,
DIAG-20260630-TST-U01115,LEGAL_PERMIT_BARRIER,501115,20260630,1,0.901,
DIAG-20260630-TST-U01115,LOW_SALES_INCENTIVE,501115,20260630,2,0.099,
DIAG-20260630-TST-U01116,LEGAL_PERMIT_BARRIER,501116,20260630,1,0.781,
DIAG-20260630-TST-U01116,SEVERE_PHYSICAL_DEFECT,501116,20260630,2,0.133,
DIAG-20260630-TST-U01116,LOW_SALES_INCENTIVE,501116,20260630,3,0.086,
DIAG-20260630-TST-U01117,LEGAL_PERMIT_BARRIER,501117,20260630,1,0.833,
DIAG-20260630-TST-U01117,SEVERE_PHYSICAL_DEFECT,501117,20260630,2,0.167,
DIAG-20260630-TST-U01118,LEGAL_PERMIT_BARRIER,501118,20260630,1,0.782,
DIAG-20260630-TST-U01118,SEVERE_PHYSICAL_DEFECT,501118,20260630,2,0.109,
DIAG-20260630-TST-U01118,EXTREME_THERMAL_EXPOSURE,501118,20260630,3,0.109,
DIAG-20260630-TST-U01119,LEGAL_PERMIT_BARRIER,501119,20260630,1,0.738,
DIAG-20260630-TST-U01119,SECONDARY_ARBITRAGE,501119,20260630,2,0.14,
DIAG-20260630-TST-U01119,SEVERE_PHYSICAL_DEFECT,501119,20260630,3,0.122,
DIAG-20260630-TST-U01121,LEGAL_PERMIT_BARRIER,501121,20260630,1,0.794,
DIAG-20260630-TST-U01121,SEVERE_PHYSICAL_DEFECT,501121,20260630,2,0.119,
DIAG-20260630-TST-U01121,LOW_SALES_INCENTIVE,501121,20260630,3,0.087,
DIAG-20260630-TST-U01122,LEGAL_PERMIT_BARRIER,501122,20260630,1,0.865,
DIAG-20260630-TST-U01122,SECONDARY_ARBITRAGE,501122,20260630,2,0.135,
DIAG-20260630-TST-U01123,LEGAL_PERMIT_BARRIER,501123,20260630,1,0.87,
DIAG-20260630-TST-U01123,SECONDARY_ARBITRAGE,501123,20260630,2,0.13,
DIAG-20260630-TST-U01124,LEGAL_PERMIT_BARRIER,501124,20260630,1,0.785,
DIAG-20260630-TST-U01124,EXTREME_THERMAL_EXPOSURE,501124,20260630,2,0.11,
DIAG-20260630-TST-U01124,SECONDARY_ARBITRAGE,501124,20260630,3,0.105,
DIAG-20260630-TST-U01125,LEGAL_PERMIT_BARRIER,501125,20260630,1,0.901,
DIAG-20260630-TST-U01125,LOW_SALES_INCENTIVE,501125,20260630,2,0.099,
DIAG-20260630-TST-U01128,LEGAL_PERMIT_BARRIER,501128,20260630,1,0.781,
DIAG-20260630-TST-U01128,SECONDARY_ARBITRAGE,501128,20260630,2,0.118,
DIAG-20260630-TST-U01128,SEVERE_PHYSICAL_DEFECT,501128,20260630,3,0.101,
DIAG-20260630-TST-U01129,LEGAL_PERMIT_BARRIER,501129,20260630,1,0.753,
DIAG-20260630-TST-U01129,EXTREME_THERMAL_EXPOSURE,501129,20260630,2,0.128,
DIAG-20260630-TST-U01129,SECONDARY_ARBITRAGE,501129,20260630,3,0.119,
DIAG-20260630-TST-U01130,LEGAL_PERMIT_BARRIER,501130,20260630,1,0.901,
DIAG-20260630-TST-U01130,LOW_SALES_INCENTIVE,501130,20260630,2,0.099,
DIAG-20260630-TST-U01131,LEGAL_PERMIT_BARRIER,501131,20260630,1,0.861,
DIAG-20260630-TST-U01131,SECONDARY_ARBITRAGE,501131,20260630,2,0.139,
DIAG-20260630-TST-U01132,LEGAL_PERMIT_BARRIER,501132,20260630,1,0.777,
DIAG-20260630-TST-U01132,SECONDARY_ARBITRAGE,501132,20260630,2,0.138,
DIAG-20260630-TST-U01132,LOW_SALES_INCENTIVE,501132,20260630,3,0.085,
DIAG-20260630-TST-U01133,LEGAL_PERMIT_BARRIER,501133,20260630,1,0.769,
DIAG-20260630-TST-U01133,SEVERE_PHYSICAL_DEFECT,501133,20260630,2,0.123,
DIAG-20260630-TST-U01133,EXTREME_THERMAL_EXPOSURE,501133,20260630,3,0.108,
DIAG-20260630-TST-U01134,LEGAL_PERMIT_BARRIER,501134,20260630,1,0.741,
DIAG-20260630-TST-U01134,SEVERE_PHYSICAL_DEFECT,501134,20260630,2,0.137,
DIAG-20260630-TST-U01134,EXTREME_THERMAL_EXPOSURE,501134,20260630,3,0.122,
DIAG-20260630-TST-U01135,LEGAL_PERMIT_BARRIER,501135,20260630,1,0.77,
DIAG-20260630-TST-U01135,EXTREME_THERMAL_EXPOSURE,501135,20260630,2,0.127,
DIAG-20260630-TST-U01135,SECONDARY_ARBITRAGE,501135,20260630,3,0.103,
DIAG-20260630-TST-U01136,LEGAL_PERMIT_BARRIER,501136,20260630,1,0.803,
DIAG-20260630-TST-U01136,SECONDARY_ARBITRAGE,501136,20260630,2,0.109,
DIAG-20260630-TST-U01136,LOW_SALES_INCENTIVE,501136,20260630,3,0.088,
DIAG-20260630-TST-U01137,LEGAL_PERMIT_BARRIER,501137,20260630,1,0.889,
DIAG-20260630-TST-U01137,SEVERE_PHYSICAL_DEFECT,501137,20260630,2,0.111,
DIAG-20260630-TST-U01138,LEGAL_PERMIT_BARRIER,501138,20260630,1,0.75,
DIAG-20260630-TST-U01138,EXTREME_THERMAL_EXPOSURE,501138,20260630,2,0.127,
DIAG-20260630-TST-U01138,SECONDARY_ARBITRAGE,501138,20260630,3,0.123,
DIAG-20260630-TST-U01139,LEGAL_PERMIT_BARRIER,501139,20260630,1,0.762,
DIAG-20260630-TST-U01139,EXTREME_THERMAL_EXPOSURE,501139,20260630,2,0.126,
DIAG-20260630-TST-U01139,SECONDARY_ARBITRAGE,501139,20260630,3,0.112,
DIAG-20260630-TST-U01140,LEGAL_PERMIT_BARRIER,501140,20260630,1,0.753,
DIAG-20260630-TST-U01140,SECONDARY_ARBITRAGE,501140,20260630,2,0.142,
DIAG-20260630-TST-U01140,EXTREME_THERMAL_EXPOSURE,501140,20260630,3,0.105,
DIAG-20260630-TST-U01141,LEGAL_PERMIT_BARRIER,501141,20260630,1,0.781,
DIAG-20260630-TST-U01141,SECONDARY_ARBITRAGE,501141,20260630,2,0.124,
DIAG-20260630-TST-U01141,OVERPRICED_VS_PEER,501141,20260630,3,0.095,
DIAG-20260630-TST-U01142,LEGAL_PERMIT_BARRIER,501142,20260630,1,0.886,
DIAG-20260630-TST-U01142,SECONDARY_ARBITRAGE,501142,20260630,2,0.114,
DIAG-20260630-TST-U01144,LEGAL_PERMIT_BARRIER,501144,20260630,1,0.901,
DIAG-20260630-TST-U01144,LOW_SALES_INCENTIVE,501144,20260630,2,0.099,
DIAG-20260630-TST-U01145,LEGAL_PERMIT_BARRIER,501145,20260630,1,0.901,
DIAG-20260630-TST-U01145,LOW_SALES_INCENTIVE,501145,20260630,2,0.099,
DIAG-20260630-TST-U01146,LEGAL_PERMIT_BARRIER,501146,20260630,1,0.786,
DIAG-20260630-TST-U01146,SECONDARY_ARBITRAGE,501146,20260630,2,0.108,
DIAG-20260630-TST-U01146,SEVERE_PHYSICAL_DEFECT,501146,20260630,3,0.106,
DIAG-20260630-TST-U01147,LEGAL_PERMIT_BARRIER,501147,20260630,1,0.886,
DIAG-20260630-TST-U01147,SECONDARY_ARBITRAGE,501147,20260630,2,0.114,
DIAG-20260630-TST-U01148,LEGAL_PERMIT_BARRIER,501148,20260630,1,0.901,
DIAG-20260630-TST-U01148,LOW_SALES_INCENTIVE,501148,20260630,2,0.099,
DIAG-20260630-TST-U01149,LEGAL_PERMIT_BARRIER,501149,20260630,1,0.813,
DIAG-20260630-TST-U01149,SECONDARY_ARBITRAGE,501149,20260630,2,0.098,
DIAG-20260630-TST-U01149,LOW_SALES_INCENTIVE,501149,20260630,3,0.089,
DIAG-20260630-TST-U01150,LEGAL_PERMIT_BARRIER,501150,20260630,1,0.885,
DIAG-20260630-TST-U01150,SECONDARY_ARBITRAGE,501150,20260630,2,0.115,
DIAG-20260630-TST-U01151,LEGAL_PERMIT_BARRIER,501151,20260630,1,0.759,
DIAG-20260630-TST-U01151,SECONDARY_ARBITRAGE,501151,20260630,2,0.131,
DIAG-20260630-TST-U01151,EXTREME_THERMAL_EXPOSURE,501151,20260630,3,0.11,
DIAG-20260630-TST-U01152,LEGAL_PERMIT_BARRIER,501152,20260630,1,0.781,
DIAG-20260630-TST-U01152,SECONDARY_ARBITRAGE,501152,20260630,2,0.114,
DIAG-20260630-TST-U01152,SEVERE_PHYSICAL_DEFECT,501152,20260630,3,0.105,
DIAG-20260630-TST-U01153,LEGAL_PERMIT_BARRIER,501153,20260630,1,0.758,
DIAG-20260630-TST-U01153,EXTREME_THERMAL_EXPOSURE,501153,20260630,2,0.125,
DIAG-20260630-TST-U01153,SECONDARY_ARBITRAGE,501153,20260630,3,0.117,
DIAG-20260630-TST-U01156,LEGAL_PERMIT_BARRIER,501156,20260630,1,0.901,
DIAG-20260630-TST-U01156,LOW_SALES_INCENTIVE,501156,20260630,2,0.099,
DIAG-20260630-TST-U01159,LEGAL_PERMIT_BARRIER,501159,20260630,1,0.773,
DIAG-20260630-TST-U01159,EXTREME_THERMAL_EXPOSURE,501159,20260630,2,0.127,
DIAG-20260630-TST-U01159,SEVERE_PHYSICAL_DEFECT,501159,20260630,3,0.1,
DIAG-20260630-TST-U01160,LEGAL_PERMIT_BARRIER,501160,20260630,1,0.796,
DIAG-20260630-TST-U01160,SEVERE_PHYSICAL_DEFECT,501160,20260630,2,0.107,
DIAG-20260630-TST-U01160,SECONDARY_ARBITRAGE,501160,20260630,3,0.097,
DIAG-20260630-TST-U01162,LEGAL_PERMIT_BARRIER,501162,20260630,1,0.874,
DIAG-20260630-TST-U01162,SECONDARY_ARBITRAGE,501162,20260630,2,0.126,
DIAG-20260630-TST-U01163,LEGAL_PERMIT_BARRIER,501163,20260630,1,0.771,
DIAG-20260630-TST-U01163,SECONDARY_ARBITRAGE,501163,20260630,2,0.125,
DIAG-20260630-TST-U01163,SEVERE_PHYSICAL_DEFECT,501163,20260630,3,0.104,
DIAG-20260630-TST-U01165,LEGAL_PERMIT_BARRIER,501165,20260630,1,0.87,
DIAG-20260630-TST-U01165,SECONDARY_ARBITRAGE,501165,20260630,2,0.13,
DIAG-20260630-TST-U01166,LEGAL_PERMIT_BARRIER,501166,20260630,1,0.763,
DIAG-20260630-TST-U01166,EXTREME_THERMAL_EXPOSURE,501166,20260630,2,0.126,
DIAG-20260630-TST-U01166,SECONDARY_ARBITRAGE,501166,20260630,3,0.111,
DIAG-20260630-TST-U01167,LEGAL_PERMIT_BARRIER,501167,20260630,1,0.783,
DIAG-20260630-TST-U01167,EXTREME_THERMAL_EXPOSURE,501167,20260630,2,0.11,
DIAG-20260630-TST-U01167,SECONDARY_ARBITRAGE,501167,20260630,3,0.107,
DIAG-20260630-TST-U01168,LEGAL_PERMIT_BARRIER,501168,20260630,1,0.877,
DIAG-20260630-TST-U01168,SEVERE_PHYSICAL_DEFECT,501168,20260630,2,0.123,
DIAG-20260630-TST-U01170,LEGAL_PERMIT_BARRIER,501170,20260630,1,0.792,
DIAG-20260630-TST-U01170,SECONDARY_ARBITRAGE,501170,20260630,2,0.121,
DIAG-20260630-TST-U01170,LOW_SALES_INCENTIVE,501170,20260630,3,0.087,
DIAG-20260630-TST-U01171,LEGAL_PERMIT_BARRIER,501171,20260630,1,0.763,
DIAG-20260630-TST-U01171,SECONDARY_ARBITRAGE,501171,20260630,2,0.122,
DIAG-20260630-TST-U01171,LUMP_SUM_TICKET_BARRIER,501171,20260630,3,0.115,
DIAG-20260630-TST-U01172,LEGAL_PERMIT_BARRIER,501172,20260630,1,0.783,
DIAG-20260630-TST-U01172,SECONDARY_ARBITRAGE,501172,20260630,2,0.115,
DIAG-20260630-TST-U01172,SEVERE_PHYSICAL_DEFECT,501172,20260630,3,0.102,
DIAG-20260630-TST-U01173,LEGAL_PERMIT_BARRIER,501173,20260630,1,0.804,
DIAG-20260630-TST-U01173,SECONDARY_ARBITRAGE,501173,20260630,2,0.108,
DIAG-20260630-TST-U01173,LOW_SALES_INCENTIVE,501173,20260630,3,0.088,
DIAG-20260630-TST-U01175,LEGAL_PERMIT_BARRIER,501175,20260630,1,0.804,
DIAG-20260630-TST-U01175,SECONDARY_ARBITRAGE,501175,20260630,2,0.108,
DIAG-20260630-TST-U01175,LOW_SALES_INCENTIVE,501175,20260630,3,0.088,
DIAG-20260630-TST-U01176,LEGAL_PERMIT_BARRIER,501176,20260630,1,0.901,
DIAG-20260630-TST-U01176,LOW_SALES_INCENTIVE,501176,20260630,2,0.099,
DIAG-20260630-TST-U01177,LEGAL_PERMIT_BARRIER,501177,20260630,1,0.858,
DIAG-20260630-TST-U01177,EXTREME_THERMAL_EXPOSURE,501177,20260630,2,0.142,
DIAG-20260630-TST-U01178,LEGAL_PERMIT_BARRIER,501178,20260630,1,0.856,
DIAG-20260630-TST-U01178,SECONDARY_ARBITRAGE,501178,20260630,2,0.144,
DIAG-20260630-TST-U01179,LEGAL_PERMIT_BARRIER,501179,20260630,1,0.88,
DIAG-20260630-TST-U01179,SECONDARY_ARBITRAGE,501179,20260630,2,0.12,
DIAG-20260630-TST-U01180,LEGAL_PERMIT_BARRIER,501180,20260630,1,0.77,
DIAG-20260630-TST-U01180,SECONDARY_ARBITRAGE,501180,20260630,2,0.13,
DIAG-20260630-TST-U01180,OVERPRICED_VS_PEER,501180,20260630,3,0.1,
DIAG-20260630-TST-U01182,LEGAL_PERMIT_BARRIER,501182,20260630,1,0.762,
DIAG-20260630-TST-U01182,SECONDARY_ARBITRAGE,501182,20260630,2,0.127,
DIAG-20260630-TST-U01182,EXTREME_THERMAL_EXPOSURE,501182,20260630,3,0.111,
DIAG-20260630-TST-U01184,LEGAL_PERMIT_BARRIER,501184,20260630,1,0.751,
DIAG-20260630-TST-U01184,SECONDARY_ARBITRAGE,501184,20260630,2,0.125,
DIAG-20260630-TST-U01184,EXTREME_THERMAL_EXPOSURE,501184,20260630,3,0.124,
DIAG-20260630-TST-U01185,LEGAL_PERMIT_BARRIER,501185,20260630,1,0.804,
DIAG-20260630-TST-U01185,SECONDARY_ARBITRAGE,501185,20260630,2,0.108,
DIAG-20260630-TST-U01185,LOW_SALES_INCENTIVE,501185,20260630,3,0.088,
DIAG-20260630-TST-U01186,LEGAL_PERMIT_BARRIER,501186,20260630,1,0.794,
DIAG-20260630-TST-U01186,SECONDARY_ARBITRAGE,501186,20260630,2,0.119,
DIAG-20260630-TST-U01186,LOW_SALES_INCENTIVE,501186,20260630,3,0.087,
DIAG-20260630-TST-U01187,LEGAL_PERMIT_BARRIER,501187,20260630,1,0.885,
DIAG-20260630-TST-U01187,SEVERE_PHYSICAL_DEFECT,501187,20260630,2,0.115,
DIAG-20260630-TST-U01188,LEGAL_PERMIT_BARRIER,501188,20260630,1,0.806,
DIAG-20260630-TST-U01188,SEVERE_PHYSICAL_DEFECT,501188,20260630,2,0.105,
DIAG-20260630-TST-U01188,LOW_SALES_INCENTIVE,501188,20260630,3,0.089,
DIAG-20260630-TST-U01189,LEGAL_PERMIT_BARRIER,501189,20260630,1,0.799,
DIAG-20260630-TST-U01189,SECONDARY_ARBITRAGE,501189,20260630,2,0.113,
DIAG-20260630-TST-U01189,LOW_SALES_INCENTIVE,501189,20260630,3,0.088,
DIAG-20260630-TST-U01190,LEGAL_PERMIT_BARRIER,501190,20260630,1,0.851,
DIAG-20260630-TST-U01190,SEVERE_PHYSICAL_DEFECT,501190,20260630,2,0.149,
DIAG-20260630-TST-U01191,LEGAL_PERMIT_BARRIER,501191,20260630,1,0.765,
DIAG-20260630-TST-U01191,SECONDARY_ARBITRAGE,501191,20260630,2,0.128,
DIAG-20260630-TST-U01191,SEVERE_PHYSICAL_DEFECT,501191,20260630,3,0.107,
DIAG-20260630-TST-U01192,LEGAL_PERMIT_BARRIER,501192,20260630,1,0.8,
DIAG-20260630-TST-U01192,SEVERE_PHYSICAL_DEFECT,501192,20260630,2,0.112,
DIAG-20260630-TST-U01192,LOW_SALES_INCENTIVE,501192,20260630,3,0.088,
DIAG-20260630-TST-U01193,LEGAL_PERMIT_BARRIER,501193,20260630,1,0.883,
DIAG-20260630-TST-U01193,SECONDARY_ARBITRAGE,501193,20260630,2,0.117,
DIAG-20260630-TST-U01194,LEGAL_PERMIT_BARRIER,501194,20260630,1,0.798,
DIAG-20260630-TST-U01194,SECONDARY_ARBITRAGE,501194,20260630,2,0.114,
DIAG-20260630-TST-U01194,LOW_SALES_INCENTIVE,501194,20260630,3,0.088,
DIAG-20260630-TST-U01195,LEGAL_PERMIT_BARRIER,501195,20260630,1,0.866,
DIAG-20260630-TST-U01195,EXTREME_THERMAL_EXPOSURE,501195,20260630,2,0.134,
DIAG-20260630-TST-U01196,LEGAL_PERMIT_BARRIER,501196,20260630,1,0.744,
DIAG-20260630-TST-U01196,EXTREME_THERMAL_EXPOSURE,501196,20260630,2,0.145,
DIAG-20260630-TST-U01196,SECONDARY_ARBITRAGE,501196,20260630,3,0.111,
DIAG-20260630-TST-U01197,LEGAL_PERMIT_BARRIER,501197,20260630,1,0.763,
DIAG-20260630-TST-U01197,SEVERE_PHYSICAL_DEFECT,501197,20260630,2,0.153,
DIAG-20260630-TST-U01197,LOW_SALES_INCENTIVE,501197,20260630,3,0.084,
DIAG-20260630-TST-U01198,LEGAL_PERMIT_BARRIER,501198,20260630,1,0.749,
DIAG-20260630-TST-U01198,EXTREME_THERMAL_EXPOSURE,501198,20260630,2,0.146,
DIAG-20260630-TST-U01198,SEVERE_PHYSICAL_DEFECT,501198,20260630,3,0.105,
DIAG-20260630-TST-U01199,LEGAL_PERMIT_BARRIER,501199,20260630,1,0.799,
DIAG-20260630-TST-U01199,SECONDARY_ARBITRAGE,501199,20260630,2,0.113,
DIAG-20260630-TST-U01199,LOW_SALES_INCENTIVE,501199,20260630,3,0.088,
DIAG-20260630-TST-U01201,LEGAL_PERMIT_BARRIER,501201,20260630,1,0.788,
DIAG-20260630-TST-U01201,SEVERE_PHYSICAL_DEFECT,501201,20260630,2,0.106,
DIAG-20260630-TST-U01201,SECONDARY_ARBITRAGE,501201,20260630,3,0.106,
DIAG-20260630-TST-U01202,LEGAL_PERMIT_BARRIER,501202,20260630,1,0.754,
DIAG-20260630-TST-U01202,SECONDARY_ARBITRAGE,501202,20260630,2,0.144,
DIAG-20260630-TST-U01202,SEVERE_PHYSICAL_DEFECT,501202,20260630,3,0.102,
DIAG-20260630-TST-U01203,LEGAL_PERMIT_BARRIER,501203,20260630,1,0.782,
DIAG-20260630-TST-U01203,SECONDARY_ARBITRAGE,501203,20260630,2,0.109,
DIAG-20260630-TST-U01203,SEVERE_PHYSICAL_DEFECT,501203,20260630,3,0.109,
DIAG-20260630-TST-U01204,LEGAL_PERMIT_BARRIER,501204,20260630,1,1.0,
DIAG-20260630-TST-U01205,LEGAL_PERMIT_BARRIER,501205,20260630,1,0.796,
DIAG-20260630-TST-U01205,SEVERE_PHYSICAL_DEFECT,501205,20260630,2,0.116,
DIAG-20260630-TST-U01205,LOW_SALES_INCENTIVE,501205,20260630,3,0.088,
DIAG-20260630-TST-U01206,LEGAL_PERMIT_BARRIER,501206,20260630,1,0.767,
DIAG-20260630-TST-U01206,EXTREME_THERMAL_EXPOSURE,501206,20260630,2,0.126,
DIAG-20260630-TST-U01206,SEVERE_PHYSICAL_DEFECT,501206,20260630,3,0.107,
DIAG-20260630-TST-U01207,LEGAL_PERMIT_BARRIER,501207,20260630,1,0.785,
DIAG-20260630-TST-U01207,SEVERE_PHYSICAL_DEFECT,501207,20260630,2,0.11,
DIAG-20260630-TST-U01207,SECONDARY_ARBITRAGE,501207,20260630,3,0.105,
DIAG-20260630-TST-U01208,LEGAL_PERMIT_BARRIER,501208,20260630,1,0.782,
DIAG-20260630-TST-U01208,SEVERE_PHYSICAL_DEFECT,501208,20260630,2,0.11,
DIAG-20260630-TST-U01208,SECONDARY_ARBITRAGE,501208,20260630,3,0.108,
DIAG-20260630-TST-U01209,LEGAL_PERMIT_BARRIER,501209,20260630,1,0.787,
DIAG-20260630-TST-U01209,SECONDARY_ARBITRAGE,501209,20260630,2,0.127,
DIAG-20260630-TST-U01209,LOW_SALES_INCENTIVE,501209,20260630,3,0.086,
DIAG-20260630-TST-U01210,LEGAL_PERMIT_BARRIER,501210,20260630,1,0.866,
DIAG-20260630-TST-U01210,EXTREME_THERMAL_EXPOSURE,501210,20260630,2,0.134,
DIAG-20260630-TST-U01211,LEGAL_PERMIT_BARRIER,501211,20260630,1,0.777,
DIAG-20260630-TST-U01211,SEVERE_PHYSICAL_DEFECT,501211,20260630,2,0.124,
DIAG-20260630-TST-U01211,SECONDARY_ARBITRAGE,501211,20260630,3,0.099,
DIAG-20260630-TST-U01214,LEGAL_PERMIT_BARRIER,501214,20260630,1,0.794,
DIAG-20260630-TST-U01214,SEVERE_PHYSICAL_DEFECT,501214,20260630,2,0.119,
DIAG-20260630-TST-U01214,LOW_SALES_INCENTIVE,501214,20260630,3,0.087,
DIAG-20260630-TST-U01215,LEGAL_PERMIT_BARRIER,501215,20260630,1,0.778,
DIAG-20260630-TST-U01215,SECONDARY_ARBITRAGE,501215,20260630,2,0.123,
DIAG-20260630-TST-U01215,OVERPRICED_VS_PEER,501215,20260630,3,0.099,
DIAG-20260630-TST-U01216,LEGAL_PERMIT_BARRIER,501216,20260630,1,0.901,
DIAG-20260630-TST-U01216,LOW_SALES_INCENTIVE,501216,20260630,2,0.099,
DIAG-20260630-TST-U01217,LEGAL_PERMIT_BARRIER,501217,20260630,1,0.788,
DIAG-20260630-TST-U01217,EXTREME_THERMAL_EXPOSURE,501217,20260630,2,0.11,
DIAG-20260630-TST-U01217,SECONDARY_ARBITRAGE,501217,20260630,3,0.102,
DIAG-20260630-TST-U01218,LEGAL_PERMIT_BARRIER,501218,20260630,1,0.783,
DIAG-20260630-TST-U01218,EXTREME_THERMAL_EXPOSURE,501218,20260630,2,0.109,
DIAG-20260630-TST-U01218,SECONDARY_ARBITRAGE,501218,20260630,3,0.108,
DIAG-20260630-TST-U01220,LEGAL_PERMIT_BARRIER,501220,20260630,1,0.749,
DIAG-20260630-TST-U01220,SEVERE_PHYSICAL_DEFECT,501220,20260630,2,0.127,
DIAG-20260630-TST-U01220,EXTREME_THERMAL_EXPOSURE,501220,20260630,3,0.124,
DIAG-20260630-TST-U01221,LEGAL_PERMIT_BARRIER,501221,20260630,1,0.901,
DIAG-20260630-TST-U01221,LOW_SALES_INCENTIVE,501221,20260630,2,0.099,
DIAG-20260630-TST-U01225,LEGAL_PERMIT_BARRIER,501225,20260630,1,0.901,
DIAG-20260630-TST-U01225,LOW_SALES_INCENTIVE,501225,20260630,2,0.099,
DIAG-20260630-TST-U01226,LEGAL_PERMIT_BARRIER,501226,20260630,1,0.86,
DIAG-20260630-TST-U01226,SECONDARY_ARBITRAGE,501226,20260630,2,0.14,
DIAG-20260630-TST-U01227,LEGAL_PERMIT_BARRIER,501227,20260630,1,0.775,
DIAG-20260630-TST-U01227,SECONDARY_ARBITRAGE,501227,20260630,2,0.116,
DIAG-20260630-TST-U01227,EXTREME_THERMAL_EXPOSURE,501227,20260630,3,0.109,
DIAG-20260630-TST-U01228,LEGAL_PERMIT_BARRIER,501228,20260630,1,0.87,
DIAG-20260630-TST-U01228,SEVERE_PHYSICAL_DEFECT,501228,20260630,2,0.13,
DIAG-20260630-TST-U01229,LEGAL_PERMIT_BARRIER,501229,20260630,1,0.783,
DIAG-20260630-TST-U01229,SEVERE_PHYSICAL_DEFECT,501229,20260630,2,0.121,
DIAG-20260630-TST-U01229,SECONDARY_ARBITRAGE,501229,20260630,3,0.096,
DIAG-20260630-TST-U01230,LEGAL_PERMIT_BARRIER,501230,20260630,1,0.858,
DIAG-20260630-TST-U01230,EXTREME_THERMAL_EXPOSURE,501230,20260630,2,0.142,
DIAG-20260630-TST-U01231,LEGAL_PERMIT_BARRIER,501231,20260630,1,0.79,
DIAG-20260630-TST-U01231,EXTREME_THERMAL_EXPOSURE,501231,20260630,2,0.111,
DIAG-20260630-TST-U01231,SECONDARY_ARBITRAGE,501231,20260630,3,0.099,
DIAG-20260630-TST-U01232,LEGAL_PERMIT_BARRIER,501232,20260630,1,1.0,
DIAG-20260630-TST-U01233,LEGAL_PERMIT_BARRIER,501233,20260630,1,0.87,
DIAG-20260630-TST-U01233,SEVERE_PHYSICAL_DEFECT,501233,20260630,2,0.13,
DIAG-20260630-TST-U01234,LEGAL_PERMIT_BARRIER,501234,20260630,1,0.759,
DIAG-20260630-TST-U01234,SECONDARY_ARBITRAGE,501234,20260630,2,0.146,
DIAG-20260630-TST-U01234,OVERPRICED_VS_PEER,501234,20260630,3,0.095,
DIAG-20260630-TST-U01235,LEGAL_PERMIT_BARRIER,501235,20260630,1,0.783,
DIAG-20260630-TST-U01235,SEVERE_PHYSICAL_DEFECT,501235,20260630,2,0.11,
DIAG-20260630-TST-U01235,SECONDARY_ARBITRAGE,501235,20260630,3,0.107,
DIAG-20260630-TST-U01236,LEGAL_PERMIT_BARRIER,501236,20260630,1,0.877,
DIAG-20260630-TST-U01236,SEVERE_PHYSICAL_DEFECT,501236,20260630,2,0.123,
DIAG-20260630-TST-U01237,LEGAL_PERMIT_BARRIER,501237,20260630,1,0.862,
DIAG-20260630-TST-U01237,SEVERE_PHYSICAL_DEFECT,501237,20260630,2,0.138,
DIAG-20260630-TST-U01238,LEGAL_PERMIT_BARRIER,501238,20260630,1,0.753,
DIAG-20260630-TST-U01238,SECONDARY_ARBITRAGE,501238,20260630,2,0.138,
DIAG-20260630-TST-U01238,SEVERE_PHYSICAL_DEFECT,501238,20260630,3,0.109,
DIAG-20260630-TST-U01239,LEGAL_PERMIT_BARRIER,501239,20260630,1,0.901,
DIAG-20260630-TST-U01239,LOW_SALES_INCENTIVE,501239,20260630,2,0.099,
DIAG-20260630-TST-U01240,LEGAL_PERMIT_BARRIER,501240,20260630,1,1.0,
DIAG-20260630-TST-U01241,LEGAL_PERMIT_BARRIER,501241,20260630,1,0.768,
DIAG-20260630-TST-U01241,SECONDARY_ARBITRAGE,501241,20260630,2,0.128,
DIAG-20260630-TST-U01241,OVERPRICED_VS_PEER,501241,20260630,3,0.104,
DIAG-20260630-TST-U01243,LEGAL_PERMIT_BARRIER,501243,20260630,1,0.901,
DIAG-20260630-TST-U01243,LOW_SALES_INCENTIVE,501243,20260630,2,0.099,
DIAG-20260630-TST-U01245,LEGAL_PERMIT_BARRIER,501245,20260630,1,0.87,
DIAG-20260630-TST-U01245,SEVERE_PHYSICAL_DEFECT,501245,20260630,2,0.13,
DIAG-20260630-TST-U01246,LEGAL_PERMIT_BARRIER,501246,20260630,1,0.901,
DIAG-20260630-TST-U01246,LOW_SALES_INCENTIVE,501246,20260630,2,0.099,
DIAG-20260630-TST-U01247,LEGAL_PERMIT_BARRIER,501247,20260630,1,1.0,
DIAG-20260630-TST-U01248,LEGAL_PERMIT_BARRIER,501248,20260630,1,0.858,
DIAG-20260630-TST-U01248,EXTREME_THERMAL_EXPOSURE,501248,20260630,2,0.142,
DIAG-20260630-TST-U01249,LEGAL_PERMIT_BARRIER,501249,20260630,1,0.778,
DIAG-20260630-TST-U01249,SEVERE_PHYSICAL_DEFECT,501249,20260630,2,0.113,
DIAG-20260630-TST-U01249,EXTREME_THERMAL_EXPOSURE,501249,20260630,3,0.109,
DIAG-20260630-TST-U01250,LEGAL_PERMIT_BARRIER,501250,20260630,1,0.877,
DIAG-20260630-TST-U01250,SEVERE_PHYSICAL_DEFECT,501250,20260630,2,0.123,
DIAG-20260630-TST-U01251,LEGAL_PERMIT_BARRIER,501251,20260630,1,0.804,
DIAG-20260630-TST-U01251,SECONDARY_ARBITRAGE,501251,20260630,2,0.107,
DIAG-20260630-TST-U01251,LOW_SALES_INCENTIVE,501251,20260630,3,0.089,
DIAG-20260630-TST-U01252,LEGAL_PERMIT_BARRIER,501252,20260630,1,0.755,
DIAG-20260630-TST-U01252,SECONDARY_ARBITRAGE,501252,20260630,2,0.124,
DIAG-20260630-TST-U01252,SEVERE_PHYSICAL_DEFECT,501252,20260630,3,0.121,
DIAG-20260630-TST-U01253,LEGAL_PERMIT_BARRIER,501253,20260630,1,0.851,
DIAG-20260630-TST-U01253,SECONDARY_ARBITRAGE,501253,20260630,2,0.149,
DIAG-20260630-TST-U01254,LEGAL_PERMIT_BARRIER,501254,20260630,1,0.796,
DIAG-20260630-TST-U01254,SECONDARY_ARBITRAGE,501254,20260630,2,0.117,
DIAG-20260630-TST-U01254,LOW_SALES_INCENTIVE,501254,20260630,3,0.087,
DIAG-20260630-TST-U01255,LEGAL_PERMIT_BARRIER,501255,20260630,1,0.775,
DIAG-20260630-TST-U01255,SEVERE_PHYSICAL_DEFECT,501255,20260630,2,0.12,
DIAG-20260630-TST-U01255,SECONDARY_ARBITRAGE,501255,20260630,3,0.105,
DIAG-20260630-TST-U01256,LEGAL_PERMIT_BARRIER,501256,20260630,1,0.901,
DIAG-20260630-TST-U01256,LOW_SALES_INCENTIVE,501256,20260630,2,0.099,
DIAG-20260630-TST-U01258,LEGAL_PERMIT_BARRIER,501258,20260630,1,0.889,
DIAG-20260630-TST-U01258,SECONDARY_ARBITRAGE,501258,20260630,2,0.111,
DIAG-20260630-TST-U01260,LEGAL_PERMIT_BARRIER,501260,20260630,1,1.0,
DIAG-20260630-TST-U01262,LEGAL_PERMIT_BARRIER,501262,20260630,1,0.778,
DIAG-20260630-TST-U01262,SECONDARY_ARBITRAGE,501262,20260630,2,0.113,
DIAG-20260630-TST-U01262,SEVERE_PHYSICAL_DEFECT,501262,20260630,3,0.109,
DIAG-20260630-TST-U01264,LEGAL_PERMIT_BARRIER,501264,20260630,1,0.778,
DIAG-20260630-TST-U01264,LUMP_SUM_TICKET_BARRIER,501264,20260630,2,0.115,
DIAG-20260630-TST-U01264,SECONDARY_ARBITRAGE,501264,20260630,3,0.107,
DIAG-20260630-TST-U01265,LEGAL_PERMIT_BARRIER,501265,20260630,1,1.0,
DIAG-20260630-TST-U01266,LEGAL_PERMIT_BARRIER,501266,20260630,1,0.772,
DIAG-20260630-TST-U01266,LUMP_SUM_TICKET_BARRIER,501266,20260630,2,0.114,
DIAG-20260630-TST-U01266,SECONDARY_ARBITRAGE,501266,20260630,3,0.114,
DIAG-20260630-TST-U01267,LEGAL_PERMIT_BARRIER,501267,20260630,1,1.0,
DIAG-20260630-TST-U01269,LEGAL_PERMIT_BARRIER,501269,20260630,1,0.888,
DIAG-20260630-TST-U01269,SECONDARY_ARBITRAGE,501269,20260630,2,0.112,
DIAG-20260630-TST-U01270,LEGAL_PERMIT_BARRIER,501270,20260630,1,0.768,
DIAG-20260630-TST-U01270,SEVERE_PHYSICAL_DEFECT,501270,20260630,2,0.119,
DIAG-20260630-TST-U01270,SECONDARY_ARBITRAGE,501270,20260630,3,0.113,
DIAG-20260630-TST-U01271,LEGAL_PERMIT_BARRIER,501271,20260630,1,0.781,
DIAG-20260630-TST-U01271,SEVERE_PHYSICAL_DEFECT,501271,20260630,2,0.133,
DIAG-20260630-TST-U01271,LOW_SALES_INCENTIVE,501271,20260630,3,0.086,
DIAG-20260630-TST-U01272,LEGAL_PERMIT_BARRIER,501272,20260630,1,0.766,
DIAG-20260630-TST-U01272,SECONDARY_ARBITRAGE,501272,20260630,2,0.123,
DIAG-20260630-TST-U01272,SEVERE_PHYSICAL_DEFECT,501272,20260630,3,0.111,
DIAG-20260630-TST-U01274,LEGAL_PERMIT_BARRIER,501274,20260630,1,0.796,
DIAG-20260630-TST-U01274,SEVERE_PHYSICAL_DEFECT,501274,20260630,2,0.116,
DIAG-20260630-TST-U01274,LOW_SALES_INCENTIVE,501274,20260630,3,0.088,
DIAG-20260630-TST-U01275,LEGAL_PERMIT_BARRIER,501275,20260630,1,0.901,
DIAG-20260630-TST-U01275,LOW_SALES_INCENTIVE,501275,20260630,2,0.099,
DIAG-20260630-TST-U01278,LEGAL_PERMIT_BARRIER,501278,20260630,1,0.799,
DIAG-20260630-TST-U01278,SEVERE_PHYSICAL_DEFECT,501278,20260630,2,0.104,
DIAG-20260630-TST-U01278,SECONDARY_ARBITRAGE,501278,20260630,3,0.097,
DIAG-20260630-TST-U01279,LEGAL_PERMIT_BARRIER,501279,20260630,1,0.754,
DIAG-20260630-TST-U01279,SECONDARY_ARBITRAGE,501279,20260630,2,0.125,
DIAG-20260630-TST-U01279,SEVERE_PHYSICAL_DEFECT,501279,20260630,3,0.121,
DIAG-20260630-TST-U01280,LEGAL_PERMIT_BARRIER,501280,20260630,1,0.782,
DIAG-20260630-TST-U01280,EXTREME_THERMAL_EXPOSURE,501280,20260630,2,0.113,
DIAG-20260630-TST-U01280,SEVERE_PHYSICAL_DEFECT,501280,20260630,3,0.105,
DIAG-20260630-TST-U01281,LEGAL_PERMIT_BARRIER,501281,20260630,1,0.769,
DIAG-20260630-TST-U01281,SEVERE_PHYSICAL_DEFECT,501281,20260630,2,0.123,
DIAG-20260630-TST-U01281,EXTREME_THERMAL_EXPOSURE,501281,20260630,3,0.108,
DIAG-20260630-TST-U01282,LEGAL_PERMIT_BARRIER,501282,20260630,1,0.758,
DIAG-20260630-TST-U01282,SECONDARY_ARBITRAGE,501282,20260630,2,0.143,
DIAG-20260630-TST-U01282,SEVERE_PHYSICAL_DEFECT,501282,20260630,3,0.099,
DIAG-20260630-TST-U01283,LEGAL_PERMIT_BARRIER,501283,20260630,1,0.763,
DIAG-20260630-TST-U01283,SECONDARY_ARBITRAGE,501283,20260630,2,0.123,
DIAG-20260630-TST-U01283,LUMP_SUM_TICKET_BARRIER,501283,20260630,3,0.114,
DIAG-20260630-TST-U01284,LEGAL_PERMIT_BARRIER,501284,20260630,1,0.891,
DIAG-20260630-TST-U01284,SECONDARY_ARBITRAGE,501284,20260630,2,0.109,
DIAG-20260630-TST-U01286,LEGAL_PERMIT_BARRIER,501286,20260630,1,1.0,
DIAG-20260630-TST-U01287,LEGAL_PERMIT_BARRIER,501287,20260630,1,0.757,
DIAG-20260630-TST-U01287,SECONDARY_ARBITRAGE,501287,20260630,2,0.134,
DIAG-20260630-TST-U01287,OVERPRICED_VS_PEER,501287,20260630,3,0.109,
DIAG-20260630-TST-U01288,LEGAL_PERMIT_BARRIER,501288,20260630,1,0.775,
DIAG-20260630-TST-U01288,EXTREME_THERMAL_EXPOSURE,501288,20260630,2,0.12,
DIAG-20260630-TST-U01288,SECONDARY_ARBITRAGE,501288,20260630,3,0.105,
DIAG-20260630-TST-U01289,LEGAL_PERMIT_BARRIER,501289,20260630,1,0.778,
DIAG-20260630-TST-U01289,SECONDARY_ARBITRAGE,501289,20260630,2,0.113,
DIAG-20260630-TST-U01289,SEVERE_PHYSICAL_DEFECT,501289,20260630,3,0.109,
DIAG-20260630-TST-U01290,LEGAL_PERMIT_BARRIER,501290,20260630,1,0.753,
DIAG-20260630-TST-U01290,SEVERE_PHYSICAL_DEFECT,501290,20260630,2,0.132,
DIAG-20260630-TST-U01290,SECONDARY_ARBITRAGE,501290,20260630,3,0.115,
DIAG-20260630-TST-U01291,LEGAL_PERMIT_BARRIER,501291,20260630,1,0.79,
DIAG-20260630-TST-U01291,EXTREME_THERMAL_EXPOSURE,501291,20260630,2,0.111,
DIAG-20260630-TST-U01291,SECONDARY_ARBITRAGE,501291,20260630,3,0.099,
DIAG-20260630-TST-U01292,LEGAL_PERMIT_BARRIER,501292,20260630,1,0.79,
DIAG-20260630-TST-U01292,SECONDARY_ARBITRAGE,501292,20260630,2,0.107,
DIAG-20260630-TST-U01292,SEVERE_PHYSICAL_DEFECT,501292,20260630,3,0.103,
DIAG-20260630-TST-U01293,LEGAL_PERMIT_BARRIER,501293,20260630,1,0.876,
DIAG-20260630-TST-U01293,SECONDARY_ARBITRAGE,501293,20260630,2,0.124,
DIAG-20260630-TST-U01295,LEGAL_PERMIT_BARRIER,501295,20260630,1,0.763,
DIAG-20260630-TST-U01295,SEVERE_PHYSICAL_DEFECT,501295,20260630,2,0.126,
DIAG-20260630-TST-U01295,LUMP_SUM_TICKET_BARRIER,501295,20260630,3,0.111,
DIAG-20260630-TST-U01296,LEGAL_PERMIT_BARRIER,501296,20260630,1,0.8,
DIAG-20260630-TST-U01296,SEVERE_PHYSICAL_DEFECT,501296,20260630,2,0.112,
DIAG-20260630-TST-U01296,LOW_SALES_INCENTIVE,501296,20260630,3,0.088,
DIAG-20260630-TST-U01297,LEGAL_PERMIT_BARRIER,501297,20260630,1,0.882,
DIAG-20260630-TST-U01297,SECONDARY_ARBITRAGE,501297,20260630,2,0.118,
DIAG-20260630-TST-U01298,LEGAL_PERMIT_BARRIER,501298,20260630,1,0.781,
DIAG-20260630-TST-U01298,EXTREME_THERMAL_EXPOSURE,501298,20260630,2,0.121,
DIAG-20260630-TST-U01298,SEVERE_PHYSICAL_DEFECT,501298,20260630,3,0.098,
DIAG-20260630-TST-U01299,LEGAL_PERMIT_BARRIER,501299,20260630,1,0.782,
DIAG-20260630-TST-U01299,SEVERE_PHYSICAL_DEFECT,501299,20260630,2,0.109,
DIAG-20260630-TST-U01299,EXTREME_THERMAL_EXPOSURE,501299,20260630,3,0.109,
DIAG-20260630-TST-U01300,LEGAL_PERMIT_BARRIER,501300,20260630,1,0.8,
DIAG-20260630-TST-U01300,SEVERE_PHYSICAL_DEFECT,501300,20260630,2,0.112,
DIAG-20260630-TST-U01300,LOW_SALES_INCENTIVE,501300,20260630,3,0.088,
DIAG-20260630-TST-U01302,LEGAL_PERMIT_BARRIER,501302,20260630,1,0.778,
DIAG-20260630-TST-U01302,LUMP_SUM_TICKET_BARRIER,501302,20260630,2,0.113,
DIAG-20260630-TST-U01302,EXTREME_THERMAL_EXPOSURE,501302,20260630,3,0.109,
DIAG-20260630-TST-U01303,LEGAL_PERMIT_BARRIER,501303,20260630,1,0.765,
DIAG-20260630-TST-U01303,SECONDARY_ARBITRAGE,501303,20260630,2,0.13,
DIAG-20260630-TST-U01303,OVERPRICED_VS_PEER,501303,20260630,3,0.105,
DIAG-20260630-TST-U01305,LEGAL_PERMIT_BARRIER,501305,20260630,1,0.779,
DIAG-20260630-TST-U01305,SECONDARY_ARBITRAGE,501305,20260630,2,0.12,
DIAG-20260630-TST-U01305,SEVERE_PHYSICAL_DEFECT,501305,20260630,3,0.101,
DIAG-20260630-TST-U01306,LEGAL_PERMIT_BARRIER,501306,20260630,1,0.759,
DIAG-20260630-TST-U01306,SECONDARY_ARBITRAGE,501306,20260630,2,0.125,
DIAG-20260630-TST-U01306,LUMP_SUM_TICKET_BARRIER,501306,20260630,3,0.116,
DIAG-20260630-TST-U01307,LEGAL_PERMIT_BARRIER,501307,20260630,1,0.76,
DIAG-20260630-TST-U01307,SEVERE_PHYSICAL_DEFECT,501307,20260630,2,0.125,
DIAG-20260630-TST-U01307,SECONDARY_ARBITRAGE,501307,20260630,3,0.115,
DIAG-20260630-TST-U01308,LEGAL_PERMIT_BARRIER,501308,20260630,1,0.756,
DIAG-20260630-TST-U01308,EXTREME_THERMAL_EXPOSURE,501308,20260630,2,0.132,
DIAG-20260630-TST-U01308,SECONDARY_ARBITRAGE,501308,20260630,3,0.112,
DIAG-20260630-TST-U01310,LEGAL_PERMIT_BARRIER,501310,20260630,1,1.0,
DIAG-20260630-TST-U01312,LEGAL_PERMIT_BARRIER,501312,20260630,1,0.87,
DIAG-20260630-TST-U01312,SECONDARY_ARBITRAGE,501312,20260630,2,0.13,
DIAG-20260630-TST-U01314,LEGAL_PERMIT_BARRIER,501314,20260630,1,0.89,
DIAG-20260630-TST-U01314,SECONDARY_ARBITRAGE,501314,20260630,2,0.11,
DIAG-20260630-TST-U01315,LEGAL_PERMIT_BARRIER,501315,20260630,1,0.77,
DIAG-20260630-TST-U01315,SECONDARY_ARBITRAGE,501315,20260630,2,0.117,
DIAG-20260630-TST-U01315,LUMP_SUM_TICKET_BARRIER,501315,20260630,3,0.113,
DIAG-20260630-TST-U01318,LEGAL_PERMIT_BARRIER,501318,20260630,1,0.781,
DIAG-20260630-TST-U01318,SEVERE_PHYSICAL_DEFECT,501318,20260630,2,0.121,
DIAG-20260630-TST-U01318,SECONDARY_ARBITRAGE,501318,20260630,3,0.098,
DIAG-20260630-TST-U01320,LEGAL_PERMIT_BARRIER,501320,20260630,1,0.773,
DIAG-20260630-TST-U01320,EXTREME_THERMAL_EXPOSURE,501320,20260630,2,0.127,
DIAG-20260630-TST-U01320,SEVERE_PHYSICAL_DEFECT,501320,20260630,3,0.1,
DIAG-20260630-TST-U01321,LEGAL_PERMIT_BARRIER,501321,20260630,1,0.782,
DIAG-20260630-TST-U01321,SEVERE_PHYSICAL_DEFECT,501321,20260630,2,0.109,
DIAG-20260630-TST-U01321,EXTREME_THERMAL_EXPOSURE,501321,20260630,3,0.109,
DIAG-20260630-TST-U01322,LEGAL_PERMIT_BARRIER,501322,20260630,1,0.788,
DIAG-20260630-TST-U01322,SEVERE_PHYSICAL_DEFECT,501322,20260630,2,0.106,
DIAG-20260630-TST-U01322,SECONDARY_ARBITRAGE,501322,20260630,3,0.106,
DIAG-20260630-TST-U01324,LEGAL_PERMIT_BARRIER,501324,20260630,1,0.778,
DIAG-20260630-TST-U01324,SEVERE_PHYSICAL_DEFECT,501324,20260630,2,0.113,
DIAG-20260630-TST-U01324,EXTREME_THERMAL_EXPOSURE,501324,20260630,3,0.109,
DIAG-20260630-TST-U01325,LEGAL_PERMIT_BARRIER,501325,20260630,1,0.767,
DIAG-20260630-TST-U01325,SECONDARY_ARBITRAGE,501325,20260630,2,0.122,
DIAG-20260630-TST-U01325,EXTREME_THERMAL_EXPOSURE,501325,20260630,3,0.111,
DIAG-20260630-TST-U01326,LEGAL_PERMIT_BARRIER,501326,20260630,1,0.782,
DIAG-20260630-TST-U01326,SEVERE_PHYSICAL_DEFECT,501326,20260630,2,0.109,
DIAG-20260630-TST-U01326,EXTREME_THERMAL_EXPOSURE,501326,20260630,3,0.109,
DIAG-20260630-TST-U01327,LEGAL_PERMIT_BARRIER,501327,20260630,1,0.809,
DIAG-20260630-TST-U01327,SECONDARY_ARBITRAGE,501327,20260630,2,0.102,
DIAG-20260630-TST-U01327,LOW_SALES_INCENTIVE,501327,20260630,3,0.089,
DIAG-20260630-TST-U01328,LEGAL_PERMIT_BARRIER,501328,20260630,1,0.803,
DIAG-20260630-TST-U01328,SECONDARY_ARBITRAGE,501328,20260630,2,0.109,
DIAG-20260630-TST-U01328,LOW_SALES_INCENTIVE,501328,20260630,3,0.088,
DIAG-20260630-TST-U01329,LEGAL_PERMIT_BARRIER,501329,20260630,1,0.788,
DIAG-20260630-TST-U01329,SEVERE_PHYSICAL_DEFECT,501329,20260630,2,0.11,
DIAG-20260630-TST-U01329,SECONDARY_ARBITRAGE,501329,20260630,3,0.102,
DIAG-20260630-TST-U01331,LEGAL_PERMIT_BARRIER,501331,20260630,1,0.752,
DIAG-20260630-TST-U01331,SEVERE_PHYSICAL_DEFECT,501331,20260630,2,0.124,
DIAG-20260630-TST-U01331,EXTREME_THERMAL_EXPOSURE,501331,20260630,3,0.124,
DIAG-20260630-TST-U01332,LEGAL_PERMIT_BARRIER,501332,20260630,1,0.771,
DIAG-20260630-TST-U01332,SEVERE_PHYSICAL_DEFECT,501332,20260630,2,0.123,
DIAG-20260630-TST-U01332,SECONDARY_ARBITRAGE,501332,20260630,3,0.106,
DIAG-20260630-TST-U01333,LEGAL_PERMIT_BARRIER,501333,20260630,1,0.759,
DIAG-20260630-TST-U01333,SECONDARY_ARBITRAGE,501333,20260630,2,0.135,
DIAG-20260630-TST-U01333,SEVERE_PHYSICAL_DEFECT,501333,20260630,3,0.106,
DIAG-20260630-TST-U01334,LEGAL_PERMIT_BARRIER,501334,20260630,1,0.787,
DIAG-20260630-TST-U01334,SEVERE_PHYSICAL_DEFECT,501334,20260630,2,0.126,
DIAG-20260630-TST-U01334,LOW_SALES_INCENTIVE,501334,20260630,3,0.087,
DIAG-20260630-TST-U01335,LEGAL_PERMIT_BARRIER,501335,20260630,1,0.777,
DIAG-20260630-TST-U01335,SECONDARY_ARBITRAGE,501335,20260630,2,0.114,
DIAG-20260630-TST-U01335,SEVERE_PHYSICAL_DEFECT,501335,20260630,3,0.109,
DIAG-20260630-TST-U01336,LEGAL_PERMIT_BARRIER,501336,20260630,1,0.769,
DIAG-20260630-TST-U01336,SEVERE_PHYSICAL_DEFECT,501336,20260630,2,0.123,
DIAG-20260630-TST-U01336,EXTREME_THERMAL_EXPOSURE,501336,20260630,3,0.108,
DIAG-20260630-TST-U01337,LEGAL_PERMIT_BARRIER,501337,20260630,1,0.901,
DIAG-20260630-TST-U01337,LOW_SALES_INCENTIVE,501337,20260630,2,0.099,
DIAG-20260630-TST-U01341,LEGAL_PERMIT_BARRIER,501341,20260630,1,0.796,
DIAG-20260630-TST-U01341,SECONDARY_ARBITRAGE,501341,20260630,2,0.116,
DIAG-20260630-TST-U01341,LOW_SALES_INCENTIVE,501341,20260630,3,0.088,
DIAG-20260630-TST-U01343,LEGAL_PERMIT_BARRIER,501343,20260630,1,0.901,
DIAG-20260630-TST-U01343,LOW_SALES_INCENTIVE,501343,20260630,2,0.099,
DIAG-20260630-TST-U01346,LEGAL_PERMIT_BARRIER,501346,20260630,1,0.801,
DIAG-20260630-TST-U01346,SECONDARY_ARBITRAGE,501346,20260630,2,0.111,
DIAG-20260630-TST-U01346,LOW_SALES_INCENTIVE,501346,20260630,3,0.088,
DIAG-20260630-TST-U01347,LEGAL_PERMIT_BARRIER,501347,20260630,1,0.762,
DIAG-20260630-TST-U01347,SEVERE_PHYSICAL_DEFECT,501347,20260630,2,0.122,
DIAG-20260630-TST-U01347,SECONDARY_ARBITRAGE,501347,20260630,3,0.116,
DIAG-20260630-TST-U01348,LEGAL_PERMIT_BARRIER,501348,20260630,1,0.789,
DIAG-20260630-TST-U01348,EXTREME_THERMAL_EXPOSURE,501348,20260630,2,0.114,
DIAG-20260630-TST-U01348,SECONDARY_ARBITRAGE,501348,20260630,3,0.097,
DIAG-20260630-TST-U01349,LEGAL_PERMIT_BARRIER,501349,20260630,1,0.793,
DIAG-20260630-TST-U01349,EXTREME_THERMAL_EXPOSURE,501349,20260630,2,0.111,
DIAG-20260630-TST-U01349,SECONDARY_ARBITRAGE,501349,20260630,3,0.096,
DIAG-20260630-TST-U01350,LEGAL_PERMIT_BARRIER,501350,20260630,1,0.754,
DIAG-20260630-TST-U01350,EXTREME_THERMAL_EXPOSURE,501350,20260630,2,0.125,
DIAG-20260630-TST-U01350,SEVERE_PHYSICAL_DEFECT,501350,20260630,3,0.121,
DIAG-20260630-TST-U01351,LEGAL_PERMIT_BARRIER,501351,20260630,1,0.763,
DIAG-20260630-TST-U01351,EXTREME_THERMAL_EXPOSURE,501351,20260630,2,0.13,
DIAG-20260630-TST-U01351,SEVERE_PHYSICAL_DEFECT,501351,20260630,3,0.107,
DIAG-20260630-TST-U01354,LEGAL_PERMIT_BARRIER,501354,20260630,1,0.791,
DIAG-20260630-TST-U01354,SECONDARY_ARBITRAGE,501354,20260630,2,0.106,
DIAG-20260630-TST-U01354,SEVERE_PHYSICAL_DEFECT,501354,20260630,3,0.103,
DIAG-20260630-TST-U01355,LEGAL_PERMIT_BARRIER,501355,20260630,1,0.774,
DIAG-20260630-TST-U01355,SECONDARY_ARBITRAGE,501355,20260630,2,0.118,
DIAG-20260630-TST-U01355,SEVERE_PHYSICAL_DEFECT,501355,20260630,3,0.108,
DIAG-20260630-TST-U01356,LEGAL_PERMIT_BARRIER,501356,20260630,1,0.79,
DIAG-20260630-TST-U01356,SEVERE_PHYSICAL_DEFECT,501356,20260630,2,0.123,
DIAG-20260630-TST-U01356,LOW_SALES_INCENTIVE,501356,20260630,3,0.087,
DIAG-20260630-TST-U01357,LEGAL_PERMIT_BARRIER,501357,20260630,1,0.78,
DIAG-20260630-TST-U01357,SECONDARY_ARBITRAGE,501357,20260630,2,0.111,
DIAG-20260630-TST-U01357,SEVERE_PHYSICAL_DEFECT,501357,20260630,3,0.109,
DIAG-20260630-TST-U01359,LEGAL_PERMIT_BARRIER,501359,20260630,1,0.795,
DIAG-20260630-TST-U01359,SECONDARY_ARBITRAGE,501359,20260630,2,0.117,
DIAG-20260630-TST-U01359,LOW_SALES_INCENTIVE,501359,20260630,3,0.088,
DIAG-20260630-TST-U01361,LEGAL_PERMIT_BARRIER,501361,20260630,1,0.806,
DIAG-20260630-TST-U01361,SECONDARY_ARBITRAGE,501361,20260630,2,0.105,
DIAG-20260630-TST-U01361,LOW_SALES_INCENTIVE,501361,20260630,3,0.089,
DIAG-20260630-TST-U01363,LEGAL_PERMIT_BARRIER,501363,20260630,1,0.769,
DIAG-20260630-TST-U01363,EXTREME_THERMAL_EXPOSURE,501363,20260630,2,0.131,
DIAG-20260630-TST-U01363,SEVERE_PHYSICAL_DEFECT,501363,20260630,3,0.1,
DIAG-20260630-TST-U01364,LEGAL_PERMIT_BARRIER,501364,20260630,1,1.0,
DIAG-20260630-TST-U01366,LEGAL_PERMIT_BARRIER,501366,20260630,1,0.796,
DIAG-20260630-TST-U01366,EXTREME_THERMAL_EXPOSURE,501366,20260630,2,0.116,
DIAG-20260630-TST-U01366,LOW_SALES_INCENTIVE,501366,20260630,3,0.088,
DIAG-20260630-TST-U01367,LEGAL_PERMIT_BARRIER,501367,20260630,1,0.775,
DIAG-20260630-TST-U01367,SECONDARY_ARBITRAGE,501367,20260630,2,0.14,
DIAG-20260630-TST-U01367,LOW_SALES_INCENTIVE,501367,20260630,3,0.085,
DIAG-20260630-TST-U01368,LEGAL_PERMIT_BARRIER,501368,20260630,1,0.754,
DIAG-20260630-TST-U01368,EXTREME_THERMAL_EXPOSURE,501368,20260630,2,0.124,
DIAG-20260630-TST-U01368,SECONDARY_ARBITRAGE,501368,20260630,3,0.122,
DIAG-20260630-TST-U01369,LEGAL_PERMIT_BARRIER,501369,20260630,1,0.764,
DIAG-20260630-TST-U01369,SECONDARY_ARBITRAGE,501369,20260630,2,0.129,
DIAG-20260630-TST-U01369,EXTREME_THERMAL_EXPOSURE,501369,20260630,3,0.107,
DIAG-20260630-TST-U01370,LEGAL_PERMIT_BARRIER,501370,20260630,1,0.806,
DIAG-20260630-TST-U01370,SEVERE_PHYSICAL_DEFECT,501370,20260630,2,0.105,
DIAG-20260630-TST-U01370,LOW_SALES_INCENTIVE,501370,20260630,3,0.089,
DIAG-20260630-TST-U01371,LEGAL_PERMIT_BARRIER,501371,20260630,1,0.783,
DIAG-20260630-TST-U01371,EXTREME_THERMAL_EXPOSURE,501371,20260630,2,0.11,
DIAG-20260630-TST-U01371,SECONDARY_ARBITRAGE,501371,20260630,3,0.107,
DIAG-20260630-TST-U01374,LEGAL_PERMIT_BARRIER,501374,20260630,1,0.766,
DIAG-20260630-TST-U01374,EXTREME_THERMAL_EXPOSURE,501374,20260630,2,0.126,
DIAG-20260630-TST-U01374,SECONDARY_ARBITRAGE,501374,20260630,3,0.108,
DIAG-20260630-TST-U01375,LEGAL_PERMIT_BARRIER,501375,20260630,1,0.761,
DIAG-20260630-TST-U01375,SECONDARY_ARBITRAGE,501375,20260630,2,0.133,
DIAG-20260630-TST-U01375,SEVERE_PHYSICAL_DEFECT,501375,20260630,3,0.106,
DIAG-20260630-TST-U01376,LEGAL_PERMIT_BARRIER,501376,20260630,1,0.8,
DIAG-20260630-TST-U01376,SEVERE_PHYSICAL_DEFECT,501376,20260630,2,0.112,
DIAG-20260630-TST-U01376,LOW_SALES_INCENTIVE,501376,20260630,3,0.088,
DIAG-20260630-TST-U01378,LEGAL_PERMIT_BARRIER,501378,20260630,1,0.769,
DIAG-20260630-TST-U01378,SECONDARY_ARBITRAGE,501378,20260630,2,0.12,
DIAG-20260630-TST-U01378,SEVERE_PHYSICAL_DEFECT,501378,20260630,3,0.111,
DIAG-20260630-TST-U01379,LEGAL_PERMIT_BARRIER,501379,20260630,1,0.782,
DIAG-20260630-TST-U01379,EXTREME_THERMAL_EXPOSURE,501379,20260630,2,0.109,
DIAG-20260630-TST-U01379,SECONDARY_ARBITRAGE,501379,20260630,3,0.109,
DIAG-20260630-TST-U01381,LEGAL_PERMIT_BARRIER,501381,20260630,1,0.808,
DIAG-20260630-TST-U01381,SECONDARY_ARBITRAGE,501381,20260630,2,0.103,
DIAG-20260630-TST-U01381,LOW_SALES_INCENTIVE,501381,20260630,3,0.089,
DIAG-20260630-TST-U01382,LEGAL_PERMIT_BARRIER,501382,20260630,1,0.901,
DIAG-20260630-TST-U01382,LOW_SALES_INCENTIVE,501382,20260630,2,0.099,
DIAG-20260630-TST-U01383,LEGAL_PERMIT_BARRIER,501383,20260630,1,0.783,
DIAG-20260630-TST-U01383,SECONDARY_ARBITRAGE,501383,20260630,2,0.111,
DIAG-20260630-TST-U01383,SEVERE_PHYSICAL_DEFECT,501383,20260630,3,0.106,
DIAG-20260630-TST-U01384,LEGAL_PERMIT_BARRIER,501384,20260630,1,0.775,
DIAG-20260630-TST-U01384,EXTREME_THERMAL_EXPOSURE,501384,20260630,2,0.128,
DIAG-20260630-TST-U01384,SECONDARY_ARBITRAGE,501384,20260630,3,0.097,
DIAG-20260630-TST-U01385,LEGAL_PERMIT_BARRIER,501385,20260630,1,0.79,
DIAG-20260630-TST-U01385,SECONDARY_ARBITRAGE,501385,20260630,2,0.111,
DIAG-20260630-TST-U01385,SEVERE_PHYSICAL_DEFECT,501385,20260630,3,0.099,
DIAG-20260630-TST-U01387,LEGAL_PERMIT_BARRIER,501387,20260630,1,0.754,
DIAG-20260630-TST-U01387,SEVERE_PHYSICAL_DEFECT,501387,20260630,2,0.14,
DIAG-20260630-TST-U01387,EXTREME_THERMAL_EXPOSURE,501387,20260630,3,0.106,
DIAG-20260630-TST-U01389,LEGAL_PERMIT_BARRIER,501389,20260630,1,0.901,
DIAG-20260630-TST-U01389,LOW_SALES_INCENTIVE,501389,20260630,2,0.099,
DIAG-20260630-TST-U01390,LEGAL_PERMIT_BARRIER,501390,20260630,1,0.794,
DIAG-20260630-TST-U01390,SEVERE_PHYSICAL_DEFECT,501390,20260630,2,0.103,
DIAG-20260630-TST-U01390,SECONDARY_ARBITRAGE,501390,20260630,3,0.103,
DIAG-20260630-TST-U01393,LEGAL_PERMIT_BARRIER,501393,20260630,1,0.758,
DIAG-20260630-TST-U01393,SECONDARY_ARBITRAGE,501393,20260630,2,0.129,
DIAG-20260630-TST-U01393,LUMP_SUM_TICKET_BARRIER,501393,20260630,3,0.113,
DIAG-20260630-TST-U01394,LEGAL_PERMIT_BARRIER,501394,20260630,1,0.806,
DIAG-20260630-TST-U01394,SEVERE_PHYSICAL_DEFECT,501394,20260630,2,0.105,
DIAG-20260630-TST-U01394,LOW_SALES_INCENTIVE,501394,20260630,3,0.089,
DIAG-20260630-TST-U01395,LEGAL_PERMIT_BARRIER,501395,20260630,1,0.788,
DIAG-20260630-TST-U01395,EXTREME_THERMAL_EXPOSURE,501395,20260630,2,0.11,
DIAG-20260630-TST-U01395,SEVERE_PHYSICAL_DEFECT,501395,20260630,3,0.102,
DIAG-20260630-TST-U01396,LEGAL_PERMIT_BARRIER,501396,20260630,1,0.785,
DIAG-20260630-TST-U01396,EXTREME_THERMAL_EXPOSURE,501396,20260630,2,0.129,
DIAG-20260630-TST-U01396,LOW_SALES_INCENTIVE,501396,20260630,3,0.086,
DIAG-20260630-TST-U01398,LEGAL_PERMIT_BARRIER,501398,20260630,1,0.764,
DIAG-20260630-TST-U01398,SECONDARY_ARBITRAGE,501398,20260630,2,0.129,
DIAG-20260630-TST-U01398,EXTREME_THERMAL_EXPOSURE,501398,20260630,3,0.107,
DIAG-20260630-TST-U01400,LEGAL_PERMIT_BARRIER,501400,20260630,1,0.769,
DIAG-20260630-TST-U01400,SEVERE_PHYSICAL_DEFECT,501400,20260630,2,0.119,
DIAG-20260630-TST-U01400,EXTREME_THERMAL_EXPOSURE,501400,20260630,3,0.112,
DIAG-20260630-TST-U01401,LEGAL_PERMIT_BARRIER,501401,20260630,1,0.768,
DIAG-20260630-TST-U01401,SECONDARY_ARBITRAGE,501401,20260630,2,0.121,
DIAG-20260630-TST-U01401,SEVERE_PHYSICAL_DEFECT,501401,20260630,3,0.111,
DIAG-20260630-TST-U01402,LEGAL_PERMIT_BARRIER,501402,20260630,1,0.798,
DIAG-20260630-TST-U01402,SEVERE_PHYSICAL_DEFECT,501402,20260630,2,0.104,
DIAG-20260630-TST-U01402,SECONDARY_ARBITRAGE,501402,20260630,3,0.098,
DIAG-20260630-TST-U01403,LEGAL_PERMIT_BARRIER,501403,20260630,1,0.808,
DIAG-20260630-TST-U01403,SECONDARY_ARBITRAGE,501403,20260630,2,0.103,
DIAG-20260630-TST-U01403,LOW_SALES_INCENTIVE,501403,20260630,3,0.089,
DIAG-20260630-TST-U01404,LEGAL_PERMIT_BARRIER,501404,20260630,1,0.769,
DIAG-20260630-TST-U01404,EXTREME_THERMAL_EXPOSURE,501404,20260630,2,0.127,
DIAG-20260630-TST-U01404,SEVERE_PHYSICAL_DEFECT,501404,20260630,3,0.104,
DIAG-20260630-TST-U01405,LEGAL_PERMIT_BARRIER,501405,20260630,1,0.791,
DIAG-20260630-TST-U01405,SEVERE_PHYSICAL_DEFECT,501405,20260630,2,0.111,
DIAG-20260630-TST-U01405,SECONDARY_ARBITRAGE,501405,20260630,3,0.098,
DIAG-20260630-TST-U01406,LEGAL_PERMIT_BARRIER,501406,20260630,1,0.901,
DIAG-20260630-TST-U01406,LOW_SALES_INCENTIVE,501406,20260630,2,0.099,
DIAG-20260630-TST-U01407,LEGAL_PERMIT_BARRIER,501407,20260630,1,0.901,
DIAG-20260630-TST-U01407,LOW_SALES_INCENTIVE,501407,20260630,2,0.099,
DIAG-20260630-TST-U01410,LEGAL_PERMIT_BARRIER,501410,20260630,1,0.79,
DIAG-20260630-TST-U01410,EXTREME_THERMAL_EXPOSURE,501410,20260630,2,0.111,
DIAG-20260630-TST-U01410,SEVERE_PHYSICAL_DEFECT,501410,20260630,3,0.099,
DIAG-20260630-TST-U01411,LEGAL_PERMIT_BARRIER,501411,20260630,1,0.778,
DIAG-20260630-TST-U01411,EXTREME_THERMAL_EXPOSURE,501411,20260630,2,0.113,
DIAG-20260630-TST-U01411,SEVERE_PHYSICAL_DEFECT,501411,20260630,3,0.109,
DIAG-20260630-TST-U01412,LEGAL_PERMIT_BARRIER,501412,20260630,1,0.755,
DIAG-20260630-TST-U01412,SECONDARY_ARBITRAGE,501412,20260630,2,0.128,
DIAG-20260630-TST-U01412,SEVERE_PHYSICAL_DEFECT,501412,20260630,3,0.117,
DIAG-20260630-TST-U01413,LEGAL_PERMIT_BARRIER,501413,20260630,1,0.782,
DIAG-20260630-TST-U01413,SECONDARY_ARBITRAGE,501413,20260630,2,0.112,
DIAG-20260630-TST-U01413,SEVERE_PHYSICAL_DEFECT,501413,20260630,3,0.106,
DIAG-20260630-TST-U01415,LEGAL_PERMIT_BARRIER,501415,20260630,1,0.796,
DIAG-20260630-TST-U01415,SEVERE_PHYSICAL_DEFECT,501415,20260630,2,0.116,
DIAG-20260630-TST-U01415,LOW_SALES_INCENTIVE,501415,20260630,3,0.088,
DIAG-20260630-TST-U01416,LEGAL_PERMIT_BARRIER,501416,20260630,1,0.804,
DIAG-20260630-TST-U01416,SECONDARY_ARBITRAGE,501416,20260630,2,0.108,
DIAG-20260630-TST-U01416,LOW_SALES_INCENTIVE,501416,20260630,3,0.088,
DIAG-20260630-TST-U01417,LEGAL_PERMIT_BARRIER,501417,20260630,1,0.886,
DIAG-20260630-TST-U01417,SECONDARY_ARBITRAGE,501417,20260630,2,0.114,
DIAG-20260630-TST-U01418,LEGAL_PERMIT_BARRIER,501418,20260630,1,0.792,
DIAG-20260630-TST-U01418,EXTREME_THERMAL_EXPOSURE,501418,20260630,2,0.111,
DIAG-20260630-TST-U01418,SECONDARY_ARBITRAGE,501418,20260630,3,0.097,
DIAG-20260630-TST-U01420,LEGAL_PERMIT_BARRIER,501420,20260630,1,0.785,
DIAG-20260630-TST-U01420,EXTREME_THERMAL_EXPOSURE,501420,20260630,2,0.11,
DIAG-20260630-TST-U01420,SECONDARY_ARBITRAGE,501420,20260630,3,0.105,
DIAG-20260630-TST-U01421,LEGAL_PERMIT_BARRIER,501421,20260630,1,0.766,
DIAG-20260630-TST-U01421,EXTREME_THERMAL_EXPOSURE,501421,20260630,2,0.127,
DIAG-20260630-TST-U01421,SECONDARY_ARBITRAGE,501421,20260630,3,0.107,
DIAG-20260630-TST-U01422,LEGAL_PERMIT_BARRIER,501422,20260630,1,0.763,
DIAG-20260630-TST-U01422,SEVERE_PHYSICAL_DEFECT,501422,20260630,2,0.13,
DIAG-20260630-TST-U01422,EXTREME_THERMAL_EXPOSURE,501422,20260630,3,0.107,
DIAG-20260630-TST-U01423,LEGAL_PERMIT_BARRIER,501423,20260630,1,0.77,
DIAG-20260630-TST-U01423,SECONDARY_ARBITRAGE,501423,20260630,2,0.118,
DIAG-20260630-TST-U01423,SEVERE_PHYSICAL_DEFECT,501423,20260630,3,0.112,
DIAG-20260630-TST-U01425,LEGAL_PERMIT_BARRIER,501425,20260630,1,0.8,
DIAG-20260630-TST-U01425,SEVERE_PHYSICAL_DEFECT,501425,20260630,2,0.112,
DIAG-20260630-TST-U01425,LOW_SALES_INCENTIVE,501425,20260630,3,0.088,
DIAG-20260630-TST-U01426,LEGAL_PERMIT_BARRIER,501426,20260630,1,0.754,
DIAG-20260630-TST-U01426,EXTREME_THERMAL_EXPOSURE,501426,20260630,2,0.125,
DIAG-20260630-TST-U01426,SEVERE_PHYSICAL_DEFECT,501426,20260630,3,0.121,
DIAG-20260630-TST-U01427,LEGAL_PERMIT_BARRIER,501427,20260630,1,0.739,
DIAG-20260630-TST-U01427,SEVERE_PHYSICAL_DEFECT,501427,20260630,2,0.14,
DIAG-20260630-TST-U01427,SECONDARY_ARBITRAGE,501427,20260630,3,0.121,
DIAG-20260630-TST-U01428,LEGAL_PERMIT_BARRIER,501428,20260630,1,0.751,
DIAG-20260630-TST-U01428,SECONDARY_ARBITRAGE,501428,20260630,2,0.138,
DIAG-20260630-TST-U01428,LUMP_SUM_TICKET_BARRIER,501428,20260630,3,0.111,
DIAG-20260630-TST-U01430,LEGAL_PERMIT_BARRIER,501430,20260630,1,0.882,
DIAG-20260630-TST-U01430,SECONDARY_ARBITRAGE,501430,20260630,2,0.118,
DIAG-20260630-TST-U01431,LEGAL_PERMIT_BARRIER,501431,20260630,1,0.766,
DIAG-20260630-TST-U01431,EXTREME_THERMAL_EXPOSURE,501431,20260630,2,0.119,
DIAG-20260630-TST-U01431,SEVERE_PHYSICAL_DEFECT,501431,20260630,3,0.115,
DIAG-20260630-TST-U01432,LEGAL_PERMIT_BARRIER,501432,20260630,1,0.901,
DIAG-20260630-TST-U01432,LOW_SALES_INCENTIVE,501432,20260630,2,0.099,
DIAG-20260630-TST-U01433,LEGAL_PERMIT_BARRIER,501433,20260630,1,0.796,
DIAG-20260630-TST-U01433,SEVERE_PHYSICAL_DEFECT,501433,20260630,2,0.116,
DIAG-20260630-TST-U01433,LOW_SALES_INCENTIVE,501433,20260630,3,0.088,
DIAG-20260630-TST-U01435,LEGAL_PERMIT_BARRIER,501435,20260630,1,0.8,
DIAG-20260630-TST-U01435,EXTREME_THERMAL_EXPOSURE,501435,20260630,2,0.112,
DIAG-20260630-TST-U01435,LOW_SALES_INCENTIVE,501435,20260630,3,0.088,
DIAG-20260630-TST-U01436,LEGAL_PERMIT_BARRIER,501436,20260630,1,0.777,
DIAG-20260630-TST-U01436,SECONDARY_ARBITRAGE,501436,20260630,2,0.114,
DIAG-20260630-TST-U01436,EXTREME_THERMAL_EXPOSURE,501436,20260630,3,0.109,
DIAG-20260630-TST-U01437,LEGAL_PERMIT_BARRIER,501437,20260630,1,0.782,
DIAG-20260630-TST-U01437,SECONDARY_ARBITRAGE,501437,20260630,2,0.116,
DIAG-20260630-TST-U01437,OVERPRICED_VS_PEER,501437,20260630,3,0.102,
DIAG-20260630-TST-U01438,LEGAL_PERMIT_BARRIER,501438,20260630,1,0.732,
DIAG-20260630-TST-U01438,SEVERE_PHYSICAL_DEFECT,501438,20260630,2,0.147,
DIAG-20260630-TST-U01438,EXTREME_THERMAL_EXPOSURE,501438,20260630,3,0.121,
DIAG-20260630-TST-U01439,LEGAL_PERMIT_BARRIER,501439,20260630,1,0.769,
DIAG-20260630-TST-U01439,SECONDARY_ARBITRAGE,501439,20260630,2,0.118,
DIAG-20260630-TST-U01439,LUMP_SUM_TICKET_BARRIER,501439,20260630,3,0.113,
DIAG-20260630-TST-U01440,LEGAL_PERMIT_BARRIER,501440,20260630,1,0.794,
DIAG-20260630-TST-U01440,SEVERE_PHYSICAL_DEFECT,501440,20260630,2,0.119,
DIAG-20260630-TST-U01440,LOW_SALES_INCENTIVE,501440,20260630,3,0.087,
DIAG-20260630-TST-U01441,LEGAL_PERMIT_BARRIER,501441,20260630,1,0.766,
DIAG-20260630-TST-U01441,EXTREME_THERMAL_EXPOSURE,501441,20260630,2,0.126,
DIAG-20260630-TST-U01441,SECONDARY_ARBITRAGE,501441,20260630,3,0.108,
DIAG-20260630-TST-U01443,LEGAL_PERMIT_BARRIER,501443,20260630,1,0.773,
DIAG-20260630-TST-U01443,EXTREME_THERMAL_EXPOSURE,501443,20260630,2,0.128,
DIAG-20260630-TST-U01443,SECONDARY_ARBITRAGE,501443,20260630,3,0.099,
DIAG-20260630-TST-U01445,LEGAL_PERMIT_BARRIER,501445,20260630,1,0.787,
DIAG-20260630-TST-U01445,SEVERE_PHYSICAL_DEFECT,501445,20260630,2,0.126,
DIAG-20260630-TST-U01445,LOW_SALES_INCENTIVE,501445,20260630,3,0.087,
DIAG-20260630-TST-U01446,LEGAL_PERMIT_BARRIER,501446,20260630,1,0.79,
DIAG-20260630-TST-U01446,SEVERE_PHYSICAL_DEFECT,501446,20260630,2,0.123,
DIAG-20260630-TST-U01446,LOW_SALES_INCENTIVE,501446,20260630,3,0.087,
DIAG-20260630-TST-U01448,LEGAL_PERMIT_BARRIER,501448,20260630,1,0.761,
DIAG-20260630-TST-U01448,EXTREME_THERMAL_EXPOSURE,501448,20260630,2,0.125,
DIAG-20260630-TST-U01448,SEVERE_PHYSICAL_DEFECT,501448,20260630,3,0.114,
DIAG-20260630-TST-U01449,LEGAL_PERMIT_BARRIER,501449,20260630,1,0.802,
DIAG-20260630-TST-U01449,SEVERE_PHYSICAL_DEFECT,501449,20260630,2,0.1,
DIAG-20260630-TST-U01449,SECONDARY_ARBITRAGE,501449,20260630,3,0.098,
DIAG-20260630-TST-U01450,LEGAL_PERMIT_BARRIER,501450,20260630,1,0.787,
DIAG-20260630-TST-U01450,SEVERE_PHYSICAL_DEFECT,501450,20260630,2,0.114,
DIAG-20260630-TST-U01450,SECONDARY_ARBITRAGE,501450,20260630,3,0.099,
DIAG-20260630-TST-U01451,LEGAL_PERMIT_BARRIER,501451,20260630,1,0.901,
DIAG-20260630-TST-U01451,LOW_SALES_INCENTIVE,501451,20260630,2,0.099,
DIAG-20260630-TST-U01452,LEGAL_PERMIT_BARRIER,501452,20260630,1,0.761,
DIAG-20260630-TST-U01452,SECONDARY_ARBITRAGE,501452,20260630,2,0.129,
DIAG-20260630-TST-U01452,SEVERE_PHYSICAL_DEFECT,501452,20260630,3,0.11,
DIAG-20260630-TST-U01453,LEGAL_PERMIT_BARRIER,501453,20260630,1,0.751,
DIAG-20260630-TST-U01453,SECONDARY_ARBITRAGE,501453,20260630,2,0.125,
DIAG-20260630-TST-U01453,EXTREME_THERMAL_EXPOSURE,501453,20260630,3,0.124,
DIAG-20260630-TST-U01455,LEGAL_PERMIT_BARRIER,501455,20260630,1,0.753,
DIAG-20260630-TST-U01455,SEVERE_PHYSICAL_DEFECT,501455,20260630,2,0.124,
DIAG-20260630-TST-U01455,SECONDARY_ARBITRAGE,501455,20260630,3,0.123,
DIAG-20260630-TST-U01457,LEGAL_PERMIT_BARRIER,501457,20260630,1,0.769,
DIAG-20260630-TST-U01457,SECONDARY_ARBITRAGE,501457,20260630,2,0.133,
DIAG-20260630-TST-U01457,OVERPRICED_VS_PEER,501457,20260630,3,0.098,
DIAG-20260630-TST-U01458,LEGAL_PERMIT_BARRIER,501458,20260630,1,0.768,
DIAG-20260630-TST-U01458,EXTREME_THERMAL_EXPOSURE,501458,20260630,2,0.127,
DIAG-20260630-TST-U01458,SECONDARY_ARBITRAGE,501458,20260630,3,0.105,
DIAG-20260630-TST-U01459,LEGAL_PERMIT_BARRIER,501459,20260630,1,0.763,
DIAG-20260630-TST-U01459,EXTREME_THERMAL_EXPOSURE,501459,20260630,2,0.126,
DIAG-20260630-TST-U01459,SEVERE_PHYSICAL_DEFECT,501459,20260630,3,0.111,
DIAG-20260630-TST-U01460,LEGAL_PERMIT_BARRIER,501460,20260630,1,1.0,
DIAG-20260630-TST-U01461,LEGAL_PERMIT_BARRIER,501461,20260630,1,0.752,
DIAG-20260630-TST-U01461,SEVERE_PHYSICAL_DEFECT,501461,20260630,2,0.124,
DIAG-20260630-TST-U01461,EXTREME_THERMAL_EXPOSURE,501461,20260630,3,0.124,
DIAG-20260630-TST-U01463,LEGAL_PERMIT_BARRIER,501463,20260630,1,0.901,
DIAG-20260630-TST-U01463,LOW_SALES_INCENTIVE,501463,20260630,2,0.099,
DIAG-20260630-TST-U01464,LEGAL_PERMIT_BARRIER,501464,20260630,1,0.767,
DIAG-20260630-TST-U01464,EXTREME_THERMAL_EXPOSURE,501464,20260630,2,0.126,
DIAG-20260630-TST-U01464,SEVERE_PHYSICAL_DEFECT,501464,20260630,3,0.107,
DIAG-20260630-TST-U01465,LEGAL_PERMIT_BARRIER,501465,20260630,1,0.784,
DIAG-20260630-TST-U01465,SECONDARY_ARBITRAGE,501465,20260630,2,0.11,
DIAG-20260630-TST-U01465,SEVERE_PHYSICAL_DEFECT,501465,20260630,3,0.106,
DIAG-20260630-TST-U01466,LEGAL_PERMIT_BARRIER,501466,20260630,1,0.775,
DIAG-20260630-TST-U01466,SEVERE_PHYSICAL_DEFECT,501466,20260630,2,0.116,
DIAG-20260630-TST-U01466,EXTREME_THERMAL_EXPOSURE,501466,20260630,3,0.109,
DIAG-20260630-TST-U01467,LEGAL_PERMIT_BARRIER,501467,20260630,1,0.813,
DIAG-20260630-TST-U01467,SECONDARY_ARBITRAGE,501467,20260630,2,0.098,
DIAG-20260630-TST-U01467,LOW_SALES_INCENTIVE,501467,20260630,3,0.089,
DIAG-20260630-TST-U01468,LEGAL_PERMIT_BARRIER,501468,20260630,1,0.776,
DIAG-20260630-TST-U01468,EXTREME_THERMAL_EXPOSURE,501468,20260630,2,0.128,
DIAG-20260630-TST-U01468,SECONDARY_ARBITRAGE,501468,20260630,3,0.096,
DIAG-20260630-TST-U01469,LEGAL_PERMIT_BARRIER,501469,20260630,1,0.757,
DIAG-20260630-TST-U01469,SEVERE_PHYSICAL_DEFECT,501469,20260630,2,0.125,
DIAG-20260630-TST-U01469,SECONDARY_ARBITRAGE,501469,20260630,3,0.118,
DIAG-20260630-TST-U01472,LEGAL_PERMIT_BARRIER,501472,20260630,1,0.781,
DIAG-20260630-TST-U01472,SECONDARY_ARBITRAGE,501472,20260630,2,0.11,
DIAG-20260630-TST-U01472,EXTREME_THERMAL_EXPOSURE,501472,20260630,3,0.109,
DIAG-20260630-TST-U01473,LEGAL_PERMIT_BARRIER,501473,20260630,1,0.774,
DIAG-20260630-TST-U01473,SECONDARY_ARBITRAGE,501473,20260630,2,0.12,
DIAG-20260630-TST-U01473,OVERPRICED_VS_PEER,501473,20260630,3,0.106,
DIAG-20260630-TST-U01474,LEGAL_PERMIT_BARRIER,501474,20260630,1,0.785,
DIAG-20260630-TST-U01474,EXTREME_THERMAL_EXPOSURE,501474,20260630,2,0.129,
DIAG-20260630-TST-U01474,LOW_SALES_INCENTIVE,501474,20260630,3,0.086,
DIAG-20260630-TST-U01475,LEGAL_PERMIT_BARRIER,501475,20260630,1,0.865,
DIAG-20260630-TST-U01475,SECONDARY_ARBITRAGE,501475,20260630,2,0.135,
DIAG-20260630-TST-U01476,LEGAL_PERMIT_BARRIER,501476,20260630,1,0.806,
DIAG-20260630-TST-U01476,SECONDARY_ARBITRAGE,501476,20260630,2,0.105,
DIAG-20260630-TST-U01476,LOW_SALES_INCENTIVE,501476,20260630,3,0.089,
DIAG-20260630-TST-U01477,LEGAL_PERMIT_BARRIER,501477,20260630,1,0.767,
DIAG-20260630-TST-U01477,EXTREME_THERMAL_EXPOSURE,501477,20260630,2,0.126,
DIAG-20260630-TST-U01477,SEVERE_PHYSICAL_DEFECT,501477,20260630,3,0.107,
DIAG-20260630-TST-U01479,LEGAL_PERMIT_BARRIER,501479,20260630,1,0.751,
DIAG-20260630-TST-U01479,SEVERE_PHYSICAL_DEFECT,501479,20260630,2,0.132,
DIAG-20260630-TST-U01479,EXTREME_THERMAL_EXPOSURE,501479,20260630,3,0.117,
DIAG-20260630-TST-U01480,LEGAL_PERMIT_BARRIER,501480,20260630,1,0.877,
DIAG-20260630-TST-U01480,SEVERE_PHYSICAL_DEFECT,501480,20260630,2,0.123,
DIAG-20260630-TST-U01481,LEGAL_PERMIT_BARRIER,501481,20260630,1,0.877,
DIAG-20260630-TST-U01481,EXTREME_THERMAL_EXPOSURE,501481,20260630,2,0.123,
DIAG-20260630-TST-U01482,LEGAL_PERMIT_BARRIER,501482,20260630,1,0.782,
DIAG-20260630-TST-U01482,SEVERE_PHYSICAL_DEFECT,501482,20260630,2,0.109,
DIAG-20260630-TST-U01482,EXTREME_THERMAL_EXPOSURE,501482,20260630,3,0.109,
DIAG-20260630-TST-U01483,LEGAL_PERMIT_BARRIER,501483,20260630,1,0.881,
DIAG-20260630-TST-U01483,SEVERE_PHYSICAL_DEFECT,501483,20260630,2,0.119,
DIAG-20260630-TST-U01485,LEGAL_PERMIT_BARRIER,501485,20260630,1,0.788,
DIAG-20260630-TST-U01485,SECONDARY_ARBITRAGE,501485,20260630,2,0.115,
DIAG-20260630-TST-U01485,OVERPRICED_VS_PEER,501485,20260630,3,0.097,
DIAG-20260630-TST-U01486,LEGAL_PERMIT_BARRIER,501486,20260630,1,0.784,
DIAG-20260630-TST-U01486,SECONDARY_ARBITRAGE,501486,20260630,2,0.114,
DIAG-20260630-TST-U01486,SEVERE_PHYSICAL_DEFECT,501486,20260630,3,0.102,
DIAG-20260630-TST-U01488,LEGAL_PERMIT_BARRIER,501488,20260630,1,0.866,
DIAG-20260630-TST-U01488,EXTREME_THERMAL_EXPOSURE,501488,20260630,2,0.134,
DIAG-20260630-TST-U01489,LEGAL_PERMIT_BARRIER,501489,20260630,1,0.787,
DIAG-20260630-TST-U01489,SEVERE_PHYSICAL_DEFECT,501489,20260630,2,0.11,
DIAG-20260630-TST-U01489,SECONDARY_ARBITRAGE,501489,20260630,3,0.103,
DIAG-20260630-TST-U01490,LEGAL_PERMIT_BARRIER,501490,20260630,1,0.775,
DIAG-20260630-TST-U01490,EXTREME_THERMAL_EXPOSURE,501490,20260630,2,0.128,
DIAG-20260630-TST-U01490,SEVERE_PHYSICAL_DEFECT,501490,20260630,3,0.097,
DIAG-20260630-TST-U01491,LEGAL_PERMIT_BARRIER,501491,20260630,1,0.783,
DIAG-20260630-TST-U01491,EXTREME_THERMAL_EXPOSURE,501491,20260630,2,0.11,
DIAG-20260630-TST-U01491,SECONDARY_ARBITRAGE,501491,20260630,3,0.107,
DIAG-20260630-TST-U01492,LEGAL_PERMIT_BARRIER,501492,20260630,1,0.877,
DIAG-20260630-TST-U01492,SEVERE_PHYSICAL_DEFECT,501492,20260630,2,0.123,
DIAG-20260630-TST-U01495,LEGAL_PERMIT_BARRIER,501495,20260630,1,0.877,
DIAG-20260630-TST-U01495,SEVERE_PHYSICAL_DEFECT,501495,20260630,2,0.123,
DIAG-20260630-TST-U01496,LEGAL_PERMIT_BARRIER,501496,20260630,1,1.0,
DIAG-20260630-TST-U01497,LEGAL_PERMIT_BARRIER,501497,20260630,1,0.893,
DIAG-20260630-TST-U01497,SECONDARY_ARBITRAGE,501497,20260630,2,0.107,
DIAG-20260630-TST-U01498,LEGAL_PERMIT_BARRIER,501498,20260630,1,0.782,
DIAG-20260630-TST-U01498,SEVERE_PHYSICAL_DEFECT,501498,20260630,2,0.109,
DIAG-20260630-TST-U01498,EXTREME_THERMAL_EXPOSURE,501498,20260630,3,0.109,
DIAG-20260630-TST-U01499,LEGAL_PERMIT_BARRIER,501499,20260630,1,0.782,
DIAG-20260630-TST-U01499,SECONDARY_ARBITRAGE,501499,20260630,2,0.118,
DIAG-20260630-TST-U01499,OVERPRICED_VS_PEER,501499,20260630,3,0.1,
DIAG-20260630-TST-U01500,LEGAL_PERMIT_BARRIER,501500,20260630,1,0.862,
DIAG-20260630-TST-U01500,SEVERE_PHYSICAL_DEFECT,501500,20260630,2,0.138,
DIAG-20260630-TST-U01501,LEGAL_PERMIT_BARRIER,501501,20260630,1,0.776,
DIAG-20260630-TST-U01501,SECONDARY_ARBITRAGE,501501,20260630,2,0.119,
DIAG-20260630-TST-U01501,SEVERE_PHYSICAL_DEFECT,501501,20260630,3,0.105,
DIAG-20260630-TST-U01502,LEGAL_PERMIT_BARRIER,501502,20260630,1,0.762,
DIAG-20260630-TST-U01502,EXTREME_THERMAL_EXPOSURE,501502,20260630,2,0.126,
DIAG-20260630-TST-U01502,SECONDARY_ARBITRAGE,501502,20260630,3,0.112,
DIAG-20260630-TST-U01503,LEGAL_PERMIT_BARRIER,501503,20260630,1,0.808,
DIAG-20260630-TST-U01503,SECONDARY_ARBITRAGE,501503,20260630,2,0.103,
DIAG-20260630-TST-U01503,LOW_SALES_INCENTIVE,501503,20260630,3,0.089,
DIAG-20260630-TST-U01504,LEGAL_PERMIT_BARRIER,501504,20260630,1,0.883,
DIAG-20260630-TST-U01504,SECONDARY_ARBITRAGE,501504,20260630,2,0.117,
DIAG-20260630-TST-U01505,LEGAL_PERMIT_BARRIER,501505,20260630,1,0.748,
DIAG-20260630-TST-U01505,SECONDARY_ARBITRAGE,501505,20260630,2,0.146,
DIAG-20260630-TST-U01505,OVERPRICED_VS_PEER,501505,20260630,3,0.106,
DIAG-20260630-TST-U01506,LEGAL_PERMIT_BARRIER,501506,20260630,1,0.74,
DIAG-20260630-TST-U01506,SECONDARY_ARBITRAGE,501506,20260630,2,0.145,
DIAG-20260630-TST-U01506,SEVERE_PHYSICAL_DEFECT,501506,20260630,3,0.115,
DIAG-20260630-TST-U01507,LEGAL_PERMIT_BARRIER,501507,20260630,1,0.798,
DIAG-20260630-TST-U01507,SEVERE_PHYSICAL_DEFECT,501507,20260630,2,0.104,
DIAG-20260630-TST-U01507,SECONDARY_ARBITRAGE,501507,20260630,3,0.098,
DIAG-20260630-TST-U01508,LEGAL_PERMIT_BARRIER,501508,20260630,1,0.901,
DIAG-20260630-TST-U01508,LOW_SALES_INCENTIVE,501508,20260630,2,0.099,
DIAG-20260630-TST-U01509,LEGAL_PERMIT_BARRIER,501509,20260630,1,0.796,
DIAG-20260630-TST-U01509,SEVERE_PHYSICAL_DEFECT,501509,20260630,2,0.116,
DIAG-20260630-TST-U01509,LOW_SALES_INCENTIVE,501509,20260630,3,0.088,
DIAG-20260630-TST-U01510,LEGAL_PERMIT_BARRIER,501510,20260630,1,0.792,
DIAG-20260630-TST-U01510,SEVERE_PHYSICAL_DEFECT,501510,20260630,2,0.111,
DIAG-20260630-TST-U01510,SECONDARY_ARBITRAGE,501510,20260630,3,0.097,
DIAG-20260630-TST-U01511,LEGAL_PERMIT_BARRIER,501511,20260630,1,0.878,
DIAG-20260630-TST-U01511,SECONDARY_ARBITRAGE,501511,20260630,2,0.122,
DIAG-20260630-TST-U01512,LEGAL_PERMIT_BARRIER,501512,20260630,1,0.747,
DIAG-20260630-TST-U01512,EXTREME_THERMAL_EXPOSURE,501512,20260630,2,0.146,
DIAG-20260630-TST-U01512,SECONDARY_ARBITRAGE,501512,20260630,3,0.107,
DIAG-20260630-TST-U01513,LEGAL_PERMIT_BARRIER,501513,20260630,1,0.837,
DIAG-20260630-TST-U01513,EXTREME_THERMAL_EXPOSURE,501513,20260630,2,0.163,
DIAG-20260630-TST-U01514,LEGAL_PERMIT_BARRIER,501514,20260630,1,1.0,
DIAG-20260630-TST-U01516,LEGAL_PERMIT_BARRIER,501516,20260630,1,0.746,
DIAG-20260630-TST-U01516,EXTREME_THERMAL_EXPOSURE,501516,20260630,2,0.146,
DIAG-20260630-TST-U01516,SECONDARY_ARBITRAGE,501516,20260630,3,0.108,
DIAG-20260630-TST-U01518,LEGAL_PERMIT_BARRIER,501518,20260630,1,0.901,
DIAG-20260630-TST-U01518,LOW_SALES_INCENTIVE,501518,20260630,2,0.099,
DIAG-20260630-TST-U01519,LEGAL_PERMIT_BARRIER,501519,20260630,1,0.767,
DIAG-20260630-TST-U01519,EXTREME_THERMAL_EXPOSURE,501519,20260630,2,0.126,
DIAG-20260630-TST-U01519,SEVERE_PHYSICAL_DEFECT,501519,20260630,3,0.107,
DIAG-20260630-TST-U01522,LEGAL_PERMIT_BARRIER,501522,20260630,1,0.885,
DIAG-20260630-TST-U01522,SECONDARY_ARBITRAGE,501522,20260630,2,0.115,
DIAG-20260630-TST-U01523,LEGAL_PERMIT_BARRIER,501523,20260630,1,0.794,
DIAG-20260630-TST-U01523,SEVERE_PHYSICAL_DEFECT,501523,20260630,2,0.119,
DIAG-20260630-TST-U01523,LOW_SALES_INCENTIVE,501523,20260630,3,0.087,
DIAG-20260630-TST-U01524,LEGAL_PERMIT_BARRIER,501524,20260630,1,0.765,
DIAG-20260630-TST-U01524,SEVERE_PHYSICAL_DEFECT,501524,20260630,2,0.13,
DIAG-20260630-TST-U01524,SECONDARY_ARBITRAGE,501524,20260630,3,0.105,
DIAG-20260630-TST-U01525,LEGAL_PERMIT_BARRIER,501525,20260630,1,0.883,
DIAG-20260630-TST-U01525,SECONDARY_ARBITRAGE,501525,20260630,2,0.117,
DIAG-20260630-TST-U01526,LEGAL_PERMIT_BARRIER,501526,20260630,1,0.797,
DIAG-20260630-TST-U01526,SECONDARY_ARBITRAGE,501526,20260630,2,0.115,
DIAG-20260630-TST-U01526,LOW_SALES_INCENTIVE,501526,20260630,3,0.088,
DIAG-20260630-TST-U01527,LEGAL_PERMIT_BARRIER,501527,20260630,1,0.779,
DIAG-20260630-TST-U01527,SEVERE_PHYSICAL_DEFECT,501527,20260630,2,0.125,
DIAG-20260630-TST-U01527,SECONDARY_ARBITRAGE,501527,20260630,3,0.096,
DIAG-20260630-TST-U01528,LEGAL_PERMIT_BARRIER,501528,20260630,1,0.761,
DIAG-20260630-TST-U01528,SECONDARY_ARBITRAGE,501528,20260630,2,0.132,
DIAG-20260630-TST-U01528,SEVERE_PHYSICAL_DEFECT,501528,20260630,3,0.107,
DIAG-20260630-TST-U01529,LEGAL_PERMIT_BARRIER,501529,20260630,1,0.776,
DIAG-20260630-TST-U01529,SECONDARY_ARBITRAGE,501529,20260630,2,0.115,
DIAG-20260630-TST-U01529,EXTREME_THERMAL_EXPOSURE,501529,20260630,3,0.109,
DIAG-20260630-TST-U01530,LEGAL_PERMIT_BARRIER,501530,20260630,1,0.772,
DIAG-20260630-TST-U01530,SEVERE_PHYSICAL_DEFECT,501530,20260630,2,0.116,
DIAG-20260630-TST-U01530,SECONDARY_ARBITRAGE,501530,20260630,3,0.112,
DIAG-20260630-TST-U01531,LEGAL_PERMIT_BARRIER,501531,20260630,1,0.801,
DIAG-20260630-TST-U01531,SECONDARY_ARBITRAGE,501531,20260630,2,0.111,
DIAG-20260630-TST-U01531,LOW_SALES_INCENTIVE,501531,20260630,3,0.088,
DIAG-20260630-TST-U01532,LEGAL_PERMIT_BARRIER,501532,20260630,1,0.789,
DIAG-20260630-TST-U01532,SECONDARY_ARBITRAGE,501532,20260630,2,0.109,
DIAG-20260630-TST-U01532,SEVERE_PHYSICAL_DEFECT,501532,20260630,3,0.102,
DIAG-20260630-TST-U01533,LEGAL_PERMIT_BARRIER,501533,20260630,1,0.858,
DIAG-20260630-TST-U01533,EXTREME_THERMAL_EXPOSURE,501533,20260630,2,0.142,
DIAG-20260630-TST-U01534,LEGAL_PERMIT_BARRIER,501534,20260630,1,0.767,
DIAG-20260630-TST-U01534,EXTREME_THERMAL_EXPOSURE,501534,20260630,2,0.131,
DIAG-20260630-TST-U01534,SECONDARY_ARBITRAGE,501534,20260630,3,0.102,
DIAG-20260630-TST-U01535,LEGAL_PERMIT_BARRIER,501535,20260630,1,0.753,
DIAG-20260630-TST-U01535,SECONDARY_ARBITRAGE,501535,20260630,2,0.142,
DIAG-20260630-TST-U01535,EXTREME_THERMAL_EXPOSURE,501535,20260630,3,0.105,
DIAG-20260630-TST-U01536,LEGAL_PERMIT_BARRIER,501536,20260630,1,0.785,
DIAG-20260630-TST-U01536,SEVERE_PHYSICAL_DEFECT,501536,20260630,2,0.114,
DIAG-20260630-TST-U01536,SECONDARY_ARBITRAGE,501536,20260630,3,0.101,
DIAG-20260630-TST-U01537,LEGAL_PERMIT_BARRIER,501537,20260630,1,0.78,
DIAG-20260630-TST-U01537,SECONDARY_ARBITRAGE,501537,20260630,2,0.111,
DIAG-20260630-TST-U01537,SEVERE_PHYSICAL_DEFECT,501537,20260630,3,0.109,
DIAG-20260630-TST-U01538,LEGAL_PERMIT_BARRIER,501538,20260630,1,0.768,
DIAG-20260630-TST-U01538,EXTREME_THERMAL_EXPOSURE,501538,20260630,2,0.127,
DIAG-20260630-TST-U01538,SECONDARY_ARBITRAGE,501538,20260630,3,0.105,
DIAG-20260630-TST-U01539,LEGAL_PERMIT_BARRIER,501539,20260630,1,0.79,
DIAG-20260630-TST-U01539,SECONDARY_ARBITRAGE,501539,20260630,2,0.111,
DIAG-20260630-TST-U01539,SEVERE_PHYSICAL_DEFECT,501539,20260630,3,0.099,
DIAG-20260630-TST-U01540,LEGAL_PERMIT_BARRIER,501540,20260630,1,0.901,
DIAG-20260630-TST-U01540,LOW_SALES_INCENTIVE,501540,20260630,2,0.099,
DIAG-20260630-TST-U01541,LEGAL_PERMIT_BARRIER,501541,20260630,1,0.773,
DIAG-20260630-TST-U01541,SECONDARY_ARBITRAGE,501541,20260630,2,0.119,
DIAG-20260630-TST-U01541,SEVERE_PHYSICAL_DEFECT,501541,20260630,3,0.108,
DIAG-20260630-TST-U01542,LEGAL_PERMIT_BARRIER,501542,20260630,1,0.783,
DIAG-20260630-TST-U01542,SEVERE_PHYSICAL_DEFECT,501542,20260630,2,0.118,
DIAG-20260630-TST-U01542,SECONDARY_ARBITRAGE,501542,20260630,3,0.099,
DIAG-20260630-TST-U01543,LEGAL_PERMIT_BARRIER,501543,20260630,1,0.901,
DIAG-20260630-TST-U01543,LOW_SALES_INCENTIVE,501543,20260630,2,0.099,
DIAG-20260630-TST-U01544,LEGAL_PERMIT_BARRIER,501544,20260630,1,0.789,
DIAG-20260630-TST-U01544,SECONDARY_ARBITRAGE,501544,20260630,2,0.108,
DIAG-20260630-TST-U01544,SEVERE_PHYSICAL_DEFECT,501544,20260630,3,0.103,
DIAG-20260630-TST-U01545,LEGAL_PERMIT_BARRIER,501545,20260630,1,0.777,
DIAG-20260630-TST-U01545,EXTREME_THERMAL_EXPOSURE,501545,20260630,2,0.128,
DIAG-20260630-TST-U01545,SECONDARY_ARBITRAGE,501545,20260630,3,0.095,
DIAG-20260630-TST-U01546,LEGAL_PERMIT_BARRIER,501546,20260630,1,0.758,
DIAG-20260630-TST-U01546,EXTREME_THERMAL_EXPOSURE,501546,20260630,2,0.125,
DIAG-20260630-TST-U01546,SEVERE_PHYSICAL_DEFECT,501546,20260630,3,0.117,
DIAG-20260630-TST-U01547,LEGAL_PERMIT_BARRIER,501547,20260630,1,0.785,
DIAG-20260630-TST-U01547,SECONDARY_ARBITRAGE,501547,20260630,2,0.12,
DIAG-20260630-TST-U01547,OVERPRICED_VS_PEER,501547,20260630,3,0.095,
DIAG-20260630-TST-U01548,LEGAL_PERMIT_BARRIER,501548,20260630,1,0.88,
DIAG-20260630-TST-U01548,SECONDARY_ARBITRAGE,501548,20260630,2,0.12,
DIAG-20260630-TST-U01549,LEGAL_PERMIT_BARRIER,501549,20260630,1,0.81,
DIAG-20260630-TST-U01549,SECONDARY_ARBITRAGE,501549,20260630,2,0.101,
DIAG-20260630-TST-U01549,LOW_SALES_INCENTIVE,501549,20260630,3,0.089,
DIAG-20260630-TST-U01550,LEGAL_PERMIT_BARRIER,501550,20260630,1,0.753,
DIAG-20260630-TST-U01550,EXTREME_THERMAL_EXPOSURE,501550,20260630,2,0.124,
DIAG-20260630-TST-U01550,SECONDARY_ARBITRAGE,501550,20260630,3,0.123,
DIAG-20260630-TST-U01551,LEGAL_PERMIT_BARRIER,501551,20260630,1,0.796,
DIAG-20260630-TST-U01551,SECONDARY_ARBITRAGE,501551,20260630,2,0.116,
DIAG-20260630-TST-U01551,LOW_SALES_INCENTIVE,501551,20260630,3,0.088,
DIAG-20260630-TST-U01552,LEGAL_PERMIT_BARRIER,501552,20260630,1,0.879,
DIAG-20260630-TST-U01552,SECONDARY_ARBITRAGE,501552,20260630,2,0.121,
DIAG-20260630-TST-U01553,LEGAL_PERMIT_BARRIER,501553,20260630,1,0.773,
DIAG-20260630-TST-U01553,EXTREME_THERMAL_EXPOSURE,501553,20260630,2,0.127,
DIAG-20260630-TST-U01553,SEVERE_PHYSICAL_DEFECT,501553,20260630,3,0.1,
DIAG-20260630-TST-U01558,LEGAL_PERMIT_BARRIER,501558,20260630,1,0.901,
DIAG-20260630-TST-U01558,LOW_SALES_INCENTIVE,501558,20260630,2,0.099,
DIAG-20260630-TST-U01559,LEGAL_PERMIT_BARRIER,501559,20260630,1,0.802,
DIAG-20260630-TST-U01559,SECONDARY_ARBITRAGE,501559,20260630,2,0.11,
DIAG-20260630-TST-U01559,LOW_SALES_INCENTIVE,501559,20260630,3,0.088,
DIAG-20260630-TST-U01560,LEGAL_PERMIT_BARRIER,501560,20260630,1,0.781,
DIAG-20260630-TST-U01560,SECONDARY_ARBITRAGE,501560,20260630,2,0.121,
DIAG-20260630-TST-U01560,OVERPRICED_VS_PEER,501560,20260630,3,0.098,
DIAG-20260630-TST-U01561,LEGAL_PERMIT_BARRIER,501561,20260630,1,1.0,
DIAG-20260630-TST-U01562,LEGAL_PERMIT_BARRIER,501562,20260630,1,0.759,
DIAG-20260630-TST-U01562,SEVERE_PHYSICAL_DEFECT,501562,20260630,2,0.121,
DIAG-20260630-TST-U01562,SECONDARY_ARBITRAGE,501562,20260630,3,0.12,
DIAG-20260630-TST-U01564,LEGAL_PERMIT_BARRIER,501564,20260630,1,0.746,
DIAG-20260630-TST-U01564,EXTREME_THERMAL_EXPOSURE,501564,20260630,2,0.131,
DIAG-20260630-TST-U01564,SEVERE_PHYSICAL_DEFECT,501564,20260630,3,0.123,
DIAG-20260630-TST-U01565,LEGAL_PERMIT_BARRIER,501565,20260630,1,0.851,
DIAG-20260630-TST-U01565,EXTREME_THERMAL_EXPOSURE,501565,20260630,2,0.149,
DIAG-20260630-TST-U01566,LEGAL_PERMIT_BARRIER,501566,20260630,1,0.763,
DIAG-20260630-TST-U01566,SECONDARY_ARBITRAGE,501566,20260630,2,0.125,
DIAG-20260630-TST-U01566,LUMP_SUM_TICKET_BARRIER,501566,20260630,3,0.112,
DIAG-20260630-TST-U01568,LEGAL_PERMIT_BARRIER,501568,20260630,1,0.755,
DIAG-20260630-TST-U01568,EXTREME_THERMAL_EXPOSURE,501568,20260630,2,0.147,
DIAG-20260630-TST-U01568,SECONDARY_ARBITRAGE,501568,20260630,3,0.098,
DIAG-20260630-TST-U01569,LEGAL_PERMIT_BARRIER,501569,20260630,1,0.796,
DIAG-20260630-TST-U01569,SECONDARY_ARBITRAGE,501569,20260630,2,0.116,
DIAG-20260630-TST-U01569,LOW_SALES_INCENTIVE,501569,20260630,3,0.088,
DIAG-20260630-TST-U01570,LEGAL_PERMIT_BARRIER,501570,20260630,1,0.751,
DIAG-20260630-TST-U01570,EXTREME_THERMAL_EXPOSURE,501570,20260630,2,0.147,
DIAG-20260630-TST-U01570,SEVERE_PHYSICAL_DEFECT,501570,20260630,3,0.102,
DIAG-20260630-TST-U01571,LEGAL_PERMIT_BARRIER,501571,20260630,1,0.741,
DIAG-20260630-TST-U01571,EXTREME_THERMAL_EXPOSURE,501571,20260630,2,0.144,
DIAG-20260630-TST-U01571,SEVERE_PHYSICAL_DEFECT,501571,20260630,3,0.115,
DIAG-20260630-TST-U01572,LEGAL_PERMIT_BARRIER,501572,20260630,1,0.866,
DIAG-20260630-TST-U01572,EXTREME_THERMAL_EXPOSURE,501572,20260630,2,0.134,
DIAG-20260630-TST-U01573,LEGAL_PERMIT_BARRIER,501573,20260630,1,0.786,
DIAG-20260630-TST-U01573,SECONDARY_ARBITRAGE,501573,20260630,2,0.112,
DIAG-20260630-TST-U01573,SEVERE_PHYSICAL_DEFECT,501573,20260630,3,0.102,
DIAG-20260630-TST-U01574,LEGAL_PERMIT_BARRIER,501574,20260630,1,0.748,
DIAG-20260630-TST-U01574,SEVERE_PHYSICAL_DEFECT,501574,20260630,2,0.127,
DIAG-20260630-TST-U01574,SECONDARY_ARBITRAGE,501574,20260630,3,0.125,
DIAG-20260630-TST-U01575,LEGAL_PERMIT_BARRIER,501575,20260630,1,0.786,
DIAG-20260630-TST-U01575,SECONDARY_ARBITRAGE,501575,20260630,2,0.118,
DIAG-20260630-TST-U01575,OVERPRICED_VS_PEER,501575,20260630,3,0.096,
DIAG-20260630-TST-U01576,LEGAL_PERMIT_BARRIER,501576,20260630,1,0.79,
DIAG-20260630-TST-U01576,EXTREME_THERMAL_EXPOSURE,501576,20260630,2,0.123,
DIAG-20260630-TST-U01576,LOW_SALES_INCENTIVE,501576,20260630,3,0.087,
DIAG-20260630-TST-U01579,LEGAL_PERMIT_BARRIER,501579,20260630,1,0.744,
DIAG-20260630-TST-U01579,SEVERE_PHYSICAL_DEFECT,501579,20260630,2,0.13,
DIAG-20260630-TST-U01579,EXTREME_THERMAL_EXPOSURE,501579,20260630,3,0.126,
DIAG-20260630-TST-U01580,LEGAL_PERMIT_BARRIER,501580,20260630,1,0.901,
DIAG-20260630-TST-U01580,LOW_SALES_INCENTIVE,501580,20260630,2,0.099,
DIAG-20260630-TST-U01582,LEGAL_PERMIT_BARRIER,501582,20260630,1,0.751,
DIAG-20260630-TST-U01582,SECONDARY_ARBITRAGE,501582,20260630,2,0.133,
DIAG-20260630-TST-U01582,SEVERE_PHYSICAL_DEFECT,501582,20260630,3,0.116,
DIAG-20260630-TST-U01584,LEGAL_PERMIT_BARRIER,501584,20260630,1,0.781,
DIAG-20260630-TST-U01584,EXTREME_THERMAL_EXPOSURE,501584,20260630,2,0.133,
DIAG-20260630-TST-U01584,LOW_SALES_INCENTIVE,501584,20260630,3,0.086,
DIAG-20260630-TST-U01585,LEGAL_PERMIT_BARRIER,501585,20260630,1,0.776,
DIAG-20260630-TST-U01585,EXTREME_THERMAL_EXPOSURE,501585,20260630,2,0.12,
DIAG-20260630-TST-U01585,SECONDARY_ARBITRAGE,501585,20260630,3,0.104,
DIAG-20260630-TST-U01586,LEGAL_PERMIT_BARRIER,501586,20260630,1,0.76,
DIAG-20260630-TST-U01586,EXTREME_THERMAL_EXPOSURE,501586,20260630,2,0.148,
DIAG-20260630-TST-U01586,SECONDARY_ARBITRAGE,501586,20260630,3,0.092,
DIAG-20260630-TST-U01587,LEGAL_PERMIT_BARRIER,501587,20260630,1,1.0,
DIAG-20260630-TST-U01588,LEGAL_PERMIT_BARRIER,501588,20260630,1,0.772,
DIAG-20260630-TST-U01588,EXTREME_THERMAL_EXPOSURE,501588,20260630,2,0.12,
DIAG-20260630-TST-U01588,SEVERE_PHYSICAL_DEFECT,501588,20260630,3,0.108,
DIAG-20260630-TST-U01589,LEGAL_PERMIT_BARRIER,501589,20260630,1,0.785,
DIAG-20260630-TST-U01589,SECONDARY_ARBITRAGE,501589,20260630,2,0.129,
DIAG-20260630-TST-U01589,LOW_SALES_INCENTIVE,501589,20260630,3,0.086,
DIAG-20260630-TST-U01590,LEGAL_PERMIT_BARRIER,501590,20260630,1,0.756,
DIAG-20260630-TST-U01590,EXTREME_THERMAL_EXPOSURE,501590,20260630,2,0.129,
DIAG-20260630-TST-U01590,SECONDARY_ARBITRAGE,501590,20260630,3,0.115,
DIAG-20260630-TST-U01591,LEGAL_PERMIT_BARRIER,501591,20260630,1,0.772,
DIAG-20260630-TST-U01591,EXTREME_THERMAL_EXPOSURE,501591,20260630,2,0.12,
DIAG-20260630-TST-U01591,SEVERE_PHYSICAL_DEFECT,501591,20260630,3,0.108,
DIAG-20260630-TST-U01592,LEGAL_PERMIT_BARRIER,501592,20260630,1,0.775,
DIAG-20260630-TST-U01592,EXTREME_THERMAL_EXPOSURE,501592,20260630,2,0.12,
DIAG-20260630-TST-U01592,SECONDARY_ARBITRAGE,501592,20260630,3,0.105,
DIAG-20260630-TST-U01594,LEGAL_PERMIT_BARRIER,501594,20260630,1,0.787,
DIAG-20260630-TST-U01594,SEVERE_PHYSICAL_DEFECT,501594,20260630,2,0.126,
DIAG-20260630-TST-U01594,LOW_SALES_INCENTIVE,501594,20260630,3,0.087,
DIAG-20260630-TST-U01595,LEGAL_PERMIT_BARRIER,501595,20260630,1,0.755,
DIAG-20260630-TST-U01595,SEVERE_PHYSICAL_DEFECT,501595,20260630,2,0.128,
DIAG-20260630-TST-U01595,EXTREME_THERMAL_EXPOSURE,501595,20260630,3,0.117,
DIAG-20260630-TST-U01596,LEGAL_PERMIT_BARRIER,501596,20260630,1,0.738,
DIAG-20260630-TST-U01596,EXTREME_THERMAL_EXPOSURE,501596,20260630,2,0.144,
DIAG-20260630-TST-U01596,SECONDARY_ARBITRAGE,501596,20260630,3,0.118,
DIAG-20260630-TST-U01597,LEGAL_PERMIT_BARRIER,501597,20260630,1,0.882,
DIAG-20260630-TST-U01597,SECONDARY_ARBITRAGE,501597,20260630,2,0.118,
DIAG-20260630-TST-U01599,LEGAL_PERMIT_BARRIER,501599,20260630,1,0.775,
DIAG-20260630-TST-U01599,EXTREME_THERMAL_EXPOSURE,501599,20260630,2,0.12,
DIAG-20260630-TST-U01599,SECONDARY_ARBITRAGE,501599,20260630,3,0.105,
DIAG-20260630-TST-U01600,LEGAL_PERMIT_BARRIER,501600,20260630,1,0.762,
DIAG-20260630-TST-U01600,EXTREME_THERMAL_EXPOSURE,501600,20260630,2,0.13,
DIAG-20260630-TST-U01600,SECONDARY_ARBITRAGE,501600,20260630,3,0.108,
DIAG-20260630-TST-U01601,LEGAL_PERMIT_BARRIER,501601,20260630,1,0.892,
DIAG-20260630-TST-U01601,SECONDARY_ARBITRAGE,501601,20260630,2,0.108,
DIAG-20260630-TST-U01602,LEGAL_PERMIT_BARRIER,501602,20260630,1,0.752,
DIAG-20260630-TST-U01602,EXTREME_THERMAL_EXPOSURE,501602,20260630,2,0.147,
DIAG-20260630-TST-U01602,SECONDARY_ARBITRAGE,501602,20260630,3,0.101,
DIAG-20260630-TST-U01603,LEGAL_PERMIT_BARRIER,501603,20260630,1,0.779,
DIAG-20260630-TST-U01603,SEVERE_PHYSICAL_DEFECT,501603,20260630,2,0.121,
DIAG-20260630-TST-U01603,SECONDARY_ARBITRAGE,501603,20260630,3,0.1,
DIAG-20260630-TST-U01604,LEGAL_PERMIT_BARRIER,501604,20260630,1,0.866,
DIAG-20260630-TST-U01604,SEVERE_PHYSICAL_DEFECT,501604,20260630,2,0.134,
DIAG-20260630-TST-U01605,LEGAL_PERMIT_BARRIER,501605,20260630,1,0.855,
DIAG-20260630-TST-U01605,EXTREME_THERMAL_EXPOSURE,501605,20260630,2,0.145,
DIAG-20260630-TST-U01606,LEGAL_PERMIT_BARRIER,501606,20260630,1,0.776,
DIAG-20260630-TST-U01606,SECONDARY_ARBITRAGE,501606,20260630,2,0.131,
DIAG-20260630-TST-U01606,OVERPRICED_VS_PEER,501606,20260630,3,0.093,
DIAG-20260630-TST-U01607,LEGAL_PERMIT_BARRIER,501607,20260630,1,0.772,
DIAG-20260630-TST-U01607,SECONDARY_ARBITRAGE,501607,20260630,2,0.127,
DIAG-20260630-TST-U01607,OVERPRICED_VS_PEER,501607,20260630,3,0.101,
DIAG-20260630-TST-U01609,LEGAL_PERMIT_BARRIER,501609,20260630,1,0.746,
DIAG-20260630-TST-U01609,EXTREME_THERMAL_EXPOSURE,501609,20260630,2,0.146,
DIAG-20260630-TST-U01609,SECONDARY_ARBITRAGE,501609,20260630,3,0.108,
DIAG-20260630-TST-U01610,LEGAL_PERMIT_BARRIER,501610,20260630,1,0.79,
DIAG-20260630-TST-U01610,EXTREME_THERMAL_EXPOSURE,501610,20260630,2,0.123,
DIAG-20260630-TST-U01610,LOW_SALES_INCENTIVE,501610,20260630,3,0.087,
DIAG-20260630-TST-U01612,LEGAL_PERMIT_BARRIER,501612,20260630,1,0.795,
DIAG-20260630-TST-U01612,SECONDARY_ARBITRAGE,501612,20260630,2,0.106,
DIAG-20260630-TST-U01612,SEVERE_PHYSICAL_DEFECT,501612,20260630,3,0.099,
DIAG-20260630-TST-U01613,LEGAL_PERMIT_BARRIER,501613,20260630,1,0.736,
DIAG-20260630-TST-U01613,EXTREME_THERMAL_EXPOSURE,501613,20260630,2,0.143,
DIAG-20260630-TST-U01613,SEVERE_PHYSICAL_DEFECT,501613,20260630,3,0.121,
DIAG-20260630-TST-U01614,LEGAL_PERMIT_BARRIER,501614,20260630,1,0.877,
DIAG-20260630-TST-U01614,SEVERE_PHYSICAL_DEFECT,501614,20260630,2,0.123,
DIAG-20260630-TST-U01615,LEGAL_PERMIT_BARRIER,501615,20260630,1,0.76,
DIAG-20260630-TST-U01615,EXTREME_THERMAL_EXPOSURE,501615,20260630,2,0.148,
DIAG-20260630-TST-U01615,SECONDARY_ARBITRAGE,501615,20260630,3,0.092,
DIAG-20260630-TST-U01616,LEGAL_PERMIT_BARRIER,501616,20260630,1,0.757,
DIAG-20260630-TST-U01616,EXTREME_THERMAL_EXPOSURE,501616,20260630,2,0.148,
DIAG-20260630-TST-U01616,SECONDARY_ARBITRAGE,501616,20260630,3,0.095,
DIAG-20260630-TST-U01618,LEGAL_PERMIT_BARRIER,501618,20260630,1,0.79,
DIAG-20260630-TST-U01618,EXTREME_THERMAL_EXPOSURE,501618,20260630,2,0.123,
DIAG-20260630-TST-U01618,LOW_SALES_INCENTIVE,501618,20260630,3,0.087,
DIAG-20260630-TST-U01619,LEGAL_PERMIT_BARRIER,501619,20260630,1,0.766,
DIAG-20260630-TST-U01619,EXTREME_THERMAL_EXPOSURE,501619,20260630,2,0.119,
DIAG-20260630-TST-U01619,SEVERE_PHYSICAL_DEFECT,501619,20260630,3,0.115,
DIAG-20260630-TST-U01620,LEGAL_PERMIT_BARRIER,501620,20260630,1,0.778,
DIAG-20260630-TST-U01620,EXTREME_THERMAL_EXPOSURE,501620,20260630,2,0.121,
DIAG-20260630-TST-U01620,SEVERE_PHYSICAL_DEFECT,501620,20260630,3,0.101,
DIAG-20260630-TST-U01621,LEGAL_PERMIT_BARRIER,501621,20260630,1,0.764,
DIAG-20260630-TST-U01621,EXTREME_THERMAL_EXPOSURE,501621,20260630,2,0.118,
DIAG-20260630-TST-U01621,SECONDARY_ARBITRAGE,501621,20260630,3,0.118,
DIAG-20260630-TST-U01623,LEGAL_PERMIT_BARRIER,501623,20260630,1,0.765,
DIAG-20260630-TST-U01623,EXTREME_THERMAL_EXPOSURE,501623,20260630,2,0.119,
DIAG-20260630-TST-U01623,SECONDARY_ARBITRAGE,501623,20260630,3,0.116,
DIAG-20260630-TST-U01624,LEGAL_PERMIT_BARRIER,501624,20260630,1,0.804,
DIAG-20260630-TST-U01624,SECONDARY_ARBITRAGE,501624,20260630,2,0.108,
DIAG-20260630-TST-U01624,LOW_SALES_INCENTIVE,501624,20260630,3,0.088,
DIAG-20260630-TST-U01625,LEGAL_PERMIT_BARRIER,501625,20260630,1,0.773,
DIAG-20260630-TST-U01625,EXTREME_THERMAL_EXPOSURE,501625,20260630,2,0.132,
DIAG-20260630-TST-U01625,SECONDARY_ARBITRAGE,501625,20260630,3,0.095,
DIAG-20260630-TST-U01627,LEGAL_PERMIT_BARRIER,501627,20260630,1,0.746,
DIAG-20260630-TST-U01627,EXTREME_THERMAL_EXPOSURE,501627,20260630,2,0.146,
DIAG-20260630-TST-U01627,SEVERE_PHYSICAL_DEFECT,501627,20260630,3,0.108,
DIAG-20260630-TST-U01628,LEGAL_PERMIT_BARRIER,501628,20260630,1,0.766,
DIAG-20260630-TST-U01628,SEVERE_PHYSICAL_DEFECT,501628,20260630,2,0.126,
DIAG-20260630-TST-U01628,SECONDARY_ARBITRAGE,501628,20260630,3,0.108,
DIAG-20260630-TST-U01629,LEGAL_PERMIT_BARRIER,501629,20260630,1,0.782,
DIAG-20260630-TST-U01629,SEVERE_PHYSICAL_DEFECT,501629,20260630,2,0.109,
DIAG-20260630-TST-U01629,SECONDARY_ARBITRAGE,501629,20260630,3,0.109,
DIAG-20260630-TST-U01630,LEGAL_PERMIT_BARRIER,501630,20260630,1,0.76,
DIAG-20260630-TST-U01630,SEVERE_PHYSICAL_DEFECT,501630,20260630,2,0.122,
DIAG-20260630-TST-U01630,EXTREME_THERMAL_EXPOSURE,501630,20260630,3,0.118,
DIAG-20260630-TST-U01632,LEGAL_PERMIT_BARRIER,501632,20260630,1,0.877,
DIAG-20260630-TST-U01632,SECONDARY_ARBITRAGE,501632,20260630,2,0.123,
DIAG-20260630-TST-U01633,LEGAL_PERMIT_BARRIER,501633,20260630,1,0.802,
DIAG-20260630-TST-U01633,SECONDARY_ARBITRAGE,501633,20260630,2,0.11,
DIAG-20260630-TST-U01633,LOW_SALES_INCENTIVE,501633,20260630,3,0.088,
DIAG-20260630-TST-U01634,LEGAL_PERMIT_BARRIER,501634,20260630,1,0.812,
DIAG-20260630-TST-U01634,SECONDARY_ARBITRAGE,501634,20260630,2,0.099,
DIAG-20260630-TST-U01634,LOW_SALES_INCENTIVE,501634,20260630,3,0.089,
DIAG-20260630-TST-U01635,LEGAL_PERMIT_BARRIER,501635,20260630,1,0.765,
DIAG-20260630-TST-U01635,SECONDARY_ARBITRAGE,501635,20260630,2,0.131,
DIAG-20260630-TST-U01635,OVERPRICED_VS_PEER,501635,20260630,3,0.104,
DIAG-20260630-TST-U01636,LEGAL_PERMIT_BARRIER,501636,20260630,1,0.782,
DIAG-20260630-TST-U01636,SEVERE_PHYSICAL_DEFECT,501636,20260630,2,0.109,
DIAG-20260630-TST-U01636,EXTREME_THERMAL_EXPOSURE,501636,20260630,3,0.109,
DIAG-20260630-TST-U01638,LEGAL_PERMIT_BARRIER,501638,20260630,1,0.762,
DIAG-20260630-TST-U01638,SECONDARY_ARBITRAGE,501638,20260630,2,0.127,
DIAG-20260630-TST-U01638,EXTREME_THERMAL_EXPOSURE,501638,20260630,3,0.111,
DIAG-20260630-TST-U01639,LEGAL_PERMIT_BARRIER,501639,20260630,1,0.763,
DIAG-20260630-TST-U01639,EXTREME_THERMAL_EXPOSURE,501639,20260630,2,0.126,
DIAG-20260630-TST-U01639,SEVERE_PHYSICAL_DEFECT,501639,20260630,3,0.111,
DIAG-20260630-TST-U01640,LEGAL_PERMIT_BARRIER,501640,20260630,1,0.88,
DIAG-20260630-TST-U01640,SECONDARY_ARBITRAGE,501640,20260630,2,0.12,
DIAG-20260630-TST-U01641,LEGAL_PERMIT_BARRIER,501641,20260630,1,0.772,
DIAG-20260630-TST-U01641,SEVERE_PHYSICAL_DEFECT,501641,20260630,2,0.12,
DIAG-20260630-TST-U01641,EXTREME_THERMAL_EXPOSURE,501641,20260630,3,0.108,
DIAG-20260630-TST-U01642,LEGAL_PERMIT_BARRIER,501642,20260630,1,0.763,
DIAG-20260630-TST-U01642,SECONDARY_ARBITRAGE,501642,20260630,2,0.132,
DIAG-20260630-TST-U01642,OVERPRICED_VS_PEER,501642,20260630,3,0.105,
DIAG-20260630-TST-U01643,LEGAL_PERMIT_BARRIER,501643,20260630,1,0.767,
DIAG-20260630-TST-U01643,EXTREME_THERMAL_EXPOSURE,501643,20260630,2,0.127,
DIAG-20260630-TST-U01643,SECONDARY_ARBITRAGE,501643,20260630,3,0.106,
DIAG-20260630-TST-U01645,LEGAL_PERMIT_BARRIER,501645,20260630,1,0.751,
DIAG-20260630-TST-U01645,SEVERE_PHYSICAL_DEFECT,501645,20260630,2,0.131,
DIAG-20260630-TST-U01645,SECONDARY_ARBITRAGE,501645,20260630,3,0.118,
DIAG-20260630-TST-U01647,LEGAL_PERMIT_BARRIER,501647,20260630,1,1.0,
DIAG-20260630-TST-U01648,LEGAL_PERMIT_BARRIER,501648,20260630,1,0.767,
DIAG-20260630-TST-U01648,EXTREME_THERMAL_EXPOSURE,501648,20260630,2,0.126,
DIAG-20260630-TST-U01648,SEVERE_PHYSICAL_DEFECT,501648,20260630,3,0.107,
DIAG-20260630-TST-U01649,LEGAL_PERMIT_BARRIER,501649,20260630,1,0.868,
DIAG-20260630-TST-U01649,SECONDARY_ARBITRAGE,501649,20260630,2,0.132,
DIAG-20260630-TST-U01650,LEGAL_PERMIT_BARRIER,501650,20260630,1,0.784,
DIAG-20260630-TST-U01650,SEVERE_PHYSICAL_DEFECT,501650,20260630,2,0.118,
DIAG-20260630-TST-U01650,SECONDARY_ARBITRAGE,501650,20260630,3,0.098,
DIAG-20260630-TST-U01651,LEGAL_PERMIT_BARRIER,501651,20260630,1,0.798,
DIAG-20260630-TST-U01651,SECONDARY_ARBITRAGE,501651,20260630,2,0.114,
DIAG-20260630-TST-U01651,LOW_SALES_INCENTIVE,501651,20260630,3,0.088,
DIAG-20260630-TST-U01652,LEGAL_PERMIT_BARRIER,501652,20260630,1,0.767,
DIAG-20260630-TST-U01652,SECONDARY_ARBITRAGE,501652,20260630,2,0.126,
DIAG-20260630-TST-U01652,SEVERE_PHYSICAL_DEFECT,501652,20260630,3,0.107,
DIAG-20260630-TST-U01653,LEGAL_PERMIT_BARRIER,501653,20260630,1,0.901,
DIAG-20260630-TST-U01653,LOW_SALES_INCENTIVE,501653,20260630,2,0.099,
DIAG-20260630-TST-U01654,LEGAL_PERMIT_BARRIER,501654,20260630,1,0.772,
DIAG-20260630-TST-U01654,SEVERE_PHYSICAL_DEFECT,501654,20260630,2,0.143,
DIAG-20260630-TST-U01654,LOW_SALES_INCENTIVE,501654,20260630,3,0.085,
DIAG-20260630-TST-U01655,LEGAL_PERMIT_BARRIER,501655,20260630,1,0.746,
DIAG-20260630-TST-U01655,SECONDARY_ARBITRAGE,501655,20260630,2,0.127,
DIAG-20260630-TST-U01655,SEVERE_PHYSICAL_DEFECT,501655,20260630,3,0.127,
DIAG-20260630-TST-U01656,LEGAL_PERMIT_BARRIER,501656,20260630,1,0.767,
DIAG-20260630-TST-U01656,EXTREME_THERMAL_EXPOSURE,501656,20260630,2,0.126,
DIAG-20260630-TST-U01656,SEVERE_PHYSICAL_DEFECT,501656,20260630,3,0.107,
DIAG-20260630-TST-U01657,LEGAL_PERMIT_BARRIER,501657,20260630,1,0.769,
DIAG-20260630-TST-U01657,EXTREME_THERMAL_EXPOSURE,501657,20260630,2,0.127,
DIAG-20260630-TST-U01657,SECONDARY_ARBITRAGE,501657,20260630,3,0.104,
DIAG-20260630-TST-U01659,LEGAL_PERMIT_BARRIER,501659,20260630,1,0.88,
DIAG-20260630-TST-U01659,SECONDARY_ARBITRAGE,501659,20260630,2,0.12,
DIAG-20260630-TST-U01660,LEGAL_PERMIT_BARRIER,501660,20260630,1,0.763,
DIAG-20260630-TST-U01660,SEVERE_PHYSICAL_DEFECT,501660,20260630,2,0.13,
DIAG-20260630-TST-U01660,EXTREME_THERMAL_EXPOSURE,501660,20260630,3,0.107,
DIAG-20260630-TST-U01661,LEGAL_PERMIT_BARRIER,501661,20260630,1,0.807,
DIAG-20260630-TST-U01661,SECONDARY_ARBITRAGE,501661,20260630,2,0.104,
DIAG-20260630-TST-U01661,LOW_SALES_INCENTIVE,501661,20260630,3,0.089,
DIAG-20260630-TST-U01662,LEGAL_PERMIT_BARRIER,501662,20260630,1,0.789,
DIAG-20260630-TST-U01662,SEVERE_PHYSICAL_DEFECT,501662,20260630,2,0.114,
DIAG-20260630-TST-U01662,SECONDARY_ARBITRAGE,501662,20260630,3,0.097,
DIAG-20260630-TST-U01663,LEGAL_PERMIT_BARRIER,501663,20260630,1,0.782,
DIAG-20260630-TST-U01663,SEVERE_PHYSICAL_DEFECT,501663,20260630,2,0.109,
DIAG-20260630-TST-U01663,EXTREME_THERMAL_EXPOSURE,501663,20260630,3,0.109,
DIAG-20260630-TST-U01664,LEGAL_PERMIT_BARRIER,501664,20260630,1,0.784,
DIAG-20260630-TST-U01664,SECONDARY_ARBITRAGE,501664,20260630,2,0.11,
DIAG-20260630-TST-U01664,SEVERE_PHYSICAL_DEFECT,501664,20260630,3,0.106,
DIAG-20260630-TST-U01668,LEGAL_PERMIT_BARRIER,501668,20260630,1,0.901,
DIAG-20260630-TST-U01668,LOW_SALES_INCENTIVE,501668,20260630,2,0.099,
DIAG-20260630-TST-U01669,LEGAL_PERMIT_BARRIER,501669,20260630,1,0.787,
DIAG-20260630-TST-U01669,EXTREME_THERMAL_EXPOSURE,501669,20260630,2,0.11,
DIAG-20260630-TST-U01669,SECONDARY_ARBITRAGE,501669,20260630,3,0.103,
DIAG-20260630-TST-U01671,LEGAL_PERMIT_BARRIER,501671,20260630,1,0.887,
DIAG-20260630-TST-U01671,SECONDARY_ARBITRAGE,501671,20260630,2,0.113,
DIAG-20260630-TST-U01672,LEGAL_PERMIT_BARRIER,501672,20260630,1,0.877,
DIAG-20260630-TST-U01672,SEVERE_PHYSICAL_DEFECT,501672,20260630,2,0.123,
DIAG-20260630-TST-U01673,LEGAL_PERMIT_BARRIER,501673,20260630,1,0.809,
DIAG-20260630-TST-U01673,SECONDARY_ARBITRAGE,501673,20260630,2,0.102,
DIAG-20260630-TST-U01673,LOW_SALES_INCENTIVE,501673,20260630,3,0.089,
DIAG-20260630-TST-U01674,LEGAL_PERMIT_BARRIER,501674,20260630,1,0.807,
DIAG-20260630-TST-U01674,SECONDARY_ARBITRAGE,501674,20260630,2,0.104,
DIAG-20260630-TST-U01674,LOW_SALES_INCENTIVE,501674,20260630,3,0.089,
DIAG-20260630-TST-U01675,LEGAL_PERMIT_BARRIER,501675,20260630,1,0.767,
DIAG-20260630-TST-U01675,SECONDARY_ARBITRAGE,501675,20260630,2,0.126,
DIAG-20260630-TST-U01675,SEVERE_PHYSICAL_DEFECT,501675,20260630,3,0.107,
DIAG-20260630-TST-U01676,LEGAL_PERMIT_BARRIER,501676,20260630,1,0.769,
DIAG-20260630-TST-U01676,SEVERE_PHYSICAL_DEFECT,501676,20260630,2,0.123,
DIAG-20260630-TST-U01676,EXTREME_THERMAL_EXPOSURE,501676,20260630,3,0.108,
DIAG-20260630-TST-U01677,LEGAL_PERMIT_BARRIER,501677,20260630,1,0.772,
DIAG-20260630-TST-U01677,EXTREME_THERMAL_EXPOSURE,501677,20260630,2,0.127,
DIAG-20260630-TST-U01677,SECONDARY_ARBITRAGE,501677,20260630,3,0.101,
DIAG-20260630-TST-U01678,LEGAL_PERMIT_BARRIER,501678,20260630,1,0.804,
DIAG-20260630-TST-U01678,SEVERE_PHYSICAL_DEFECT,501678,20260630,2,0.108,
DIAG-20260630-TST-U01678,LOW_SALES_INCENTIVE,501678,20260630,3,0.088,
DIAG-20260630-TST-U01679,LEGAL_PERMIT_BARRIER,501679,20260630,1,0.885,
DIAG-20260630-TST-U01679,SEVERE_PHYSICAL_DEFECT,501679,20260630,2,0.115,
DIAG-20260630-TST-U01680,LEGAL_PERMIT_BARRIER,501680,20260630,1,0.901,
DIAG-20260630-TST-U01680,LOW_SALES_INCENTIVE,501680,20260630,2,0.099,
DIAG-20260630-TST-U01681,LEGAL_PERMIT_BARRIER,501681,20260630,1,1.0,
DIAG-20260630-TST-U01683,LEGAL_PERMIT_BARRIER,501683,20260630,1,0.792,
DIAG-20260630-TST-U01683,SECONDARY_ARBITRAGE,501683,20260630,2,0.121,
DIAG-20260630-TST-U01683,LOW_SALES_INCENTIVE,501683,20260630,3,0.087,
DIAG-20260630-TST-U01685,LEGAL_PERMIT_BARRIER,501685,20260630,1,0.781,
DIAG-20260630-TST-U01685,EXTREME_THERMAL_EXPOSURE,501685,20260630,2,0.133,
DIAG-20260630-TST-U01685,LOW_SALES_INCENTIVE,501685,20260630,3,0.086,
DIAG-20260630-TST-U01686,LEGAL_PERMIT_BARRIER,501686,20260630,1,0.858,
DIAG-20260630-TST-U01686,EXTREME_THERMAL_EXPOSURE,501686,20260630,2,0.142,
DIAG-20260630-TST-U01687,LEGAL_PERMIT_BARRIER,501687,20260630,1,0.784,
DIAG-20260630-TST-U01687,SECONDARY_ARBITRAGE,501687,20260630,2,0.114,
DIAG-20260630-TST-U01687,SEVERE_PHYSICAL_DEFECT,501687,20260630,3,0.102,
DIAG-20260630-TST-U01690,LEGAL_PERMIT_BARRIER,501690,20260630,1,0.77,
DIAG-20260630-TST-U01690,SEVERE_PHYSICAL_DEFECT,501690,20260630,2,0.138,
DIAG-20260630-TST-U01690,SECONDARY_ARBITRAGE,501690,20260630,3,0.092,
DIAG-20260630-TST-U01691,LEGAL_PERMIT_BARRIER,501691,20260630,1,0.809,
DIAG-20260630-TST-U01691,SECONDARY_ARBITRAGE,501691,20260630,2,0.102,
DIAG-20260630-TST-U01691,LOW_SALES_INCENTIVE,501691,20260630,3,0.089,
DIAG-20260630-TST-U01693,LEGAL_PERMIT_BARRIER,501693,20260630,1,0.803,
DIAG-20260630-TST-U01693,SECONDARY_ARBITRAGE,501693,20260630,2,0.109,
DIAG-20260630-TST-U01693,LOW_SALES_INCENTIVE,501693,20260630,3,0.088,
DIAG-20260630-TST-U01696,LEGAL_PERMIT_BARRIER,501696,20260630,1,0.769,
DIAG-20260630-TST-U01696,SECONDARY_ARBITRAGE,501696,20260630,2,0.127,
DIAG-20260630-TST-U01696,OVERPRICED_VS_PEER,501696,20260630,3,0.104,
DIAG-20260630-TST-U01697,LEGAL_PERMIT_BARRIER,501697,20260630,1,0.794,
DIAG-20260630-TST-U01697,SECONDARY_ARBITRAGE,501697,20260630,2,0.119,
DIAG-20260630-TST-U01697,LOW_SALES_INCENTIVE,501697,20260630,3,0.087,
DIAG-20260630-TST-U01699,LEGAL_PERMIT_BARRIER,501699,20260630,1,0.769,
DIAG-20260630-TST-U01699,SECONDARY_ARBITRAGE,501699,20260630,2,0.12,
DIAG-20260630-TST-U01699,SEVERE_PHYSICAL_DEFECT,501699,20260630,3,0.111,
DIAG-20260630-TST-U01700,LEGAL_PERMIT_BARRIER,501700,20260630,1,1.0,
DIAG-20260630-TST-U01701,LEGAL_PERMIT_BARRIER,501701,20260630,1,0.877,
DIAG-20260630-TST-U01701,EXTREME_THERMAL_EXPOSURE,501701,20260630,2,0.123,
DIAG-20260630-TST-U01702,LEGAL_PERMIT_BARRIER,501702,20260630,1,0.76,
DIAG-20260630-TST-U01702,SECONDARY_ARBITRAGE,501702,20260630,2,0.122,
DIAG-20260630-TST-U01702,SEVERE_PHYSICAL_DEFECT,501702,20260630,3,0.118,
DIAG-20260630-TST-U01703,LEGAL_PERMIT_BARRIER,501703,20260630,1,0.87,
DIAG-20260630-TST-U01703,SEVERE_PHYSICAL_DEFECT,501703,20260630,2,0.13,
DIAG-20260630-TST-U01704,LEGAL_PERMIT_BARRIER,501704,20260630,1,0.769,
DIAG-20260630-TST-U01704,SECONDARY_ARBITRAGE,501704,20260630,2,0.133,
DIAG-20260630-TST-U01704,OVERPRICED_VS_PEER,501704,20260630,3,0.098,
DIAG-20260630-TST-U01706,LEGAL_PERMIT_BARRIER,501706,20260630,1,0.765,
DIAG-20260630-TST-U01706,SECONDARY_ARBITRAGE,501706,20260630,2,0.14,
DIAG-20260630-TST-U01706,OVERPRICED_VS_PEER,501706,20260630,3,0.095,
DIAG-20260630-TST-U01707,LEGAL_PERMIT_BARRIER,501707,20260630,1,0.775,
DIAG-20260630-TST-U01707,SECONDARY_ARBITRAGE,501707,20260630,2,0.113,
DIAG-20260630-TST-U01707,EXTREME_THERMAL_EXPOSURE,501707,20260630,3,0.112,
DIAG-20260630-TST-U01708,LEGAL_PERMIT_BARRIER,501708,20260630,1,0.858,
DIAG-20260630-TST-U01708,EXTREME_THERMAL_EXPOSURE,501708,20260630,2,0.142,
DIAG-20260630-TST-U01709,LEGAL_PERMIT_BARRIER,501709,20260630,1,0.78,
DIAG-20260630-TST-U01709,SECONDARY_ARBITRAGE,501709,20260630,2,0.111,
DIAG-20260630-TST-U01709,EXTREME_THERMAL_EXPOSURE,501709,20260630,3,0.109,
DIAG-20260630-TST-U01710,LEGAL_PERMIT_BARRIER,501710,20260630,1,0.8,
DIAG-20260630-TST-U01710,SECONDARY_ARBITRAGE,501710,20260630,2,0.112,
DIAG-20260630-TST-U01710,LOW_SALES_INCENTIVE,501710,20260630,3,0.088,
DIAG-20260630-TST-U01711,LEGAL_PERMIT_BARRIER,501711,20260630,1,0.77,
DIAG-20260630-TST-U01711,SEVERE_PHYSICAL_DEFECT,501711,20260630,2,0.116,
DIAG-20260630-TST-U01711,SECONDARY_ARBITRAGE,501711,20260630,3,0.114,
DIAG-20260630-TST-U01712,LEGAL_PERMIT_BARRIER,501712,20260630,1,0.758,
DIAG-20260630-TST-U01712,SECONDARY_ARBITRAGE,501712,20260630,2,0.128,
DIAG-20260630-TST-U01712,SEVERE_PHYSICAL_DEFECT,501712,20260630,3,0.114,
DIAG-20260630-TST-U01713,LEGAL_PERMIT_BARRIER,501713,20260630,1,0.772,
DIAG-20260630-TST-U01713,SECONDARY_ARBITRAGE,501713,20260630,2,0.12,
DIAG-20260630-TST-U01713,SEVERE_PHYSICAL_DEFECT,501713,20260630,3,0.108,
DIAG-20260630-TST-U01714,LEGAL_PERMIT_BARRIER,501714,20260630,1,0.769,
DIAG-20260630-TST-U01714,SECONDARY_ARBITRAGE,501714,20260630,2,0.138,
DIAG-20260630-TST-U01714,OVERPRICED_VS_PEER,501714,20260630,3,0.093,
DIAG-20260630-TST-U01715,LEGAL_PERMIT_BARRIER,501715,20260630,1,0.845,
DIAG-20260630-TST-U01715,SECONDARY_ARBITRAGE,501715,20260630,2,0.155,
DIAG-20260630-TST-U01717,LEGAL_PERMIT_BARRIER,501717,20260630,1,0.793,
DIAG-20260630-TST-U01717,SECONDARY_ARBITRAGE,501717,20260630,2,0.12,
DIAG-20260630-TST-U01717,LOW_SALES_INCENTIVE,501717,20260630,3,0.087,
DIAG-20260630-TST-U01720,LEGAL_PERMIT_BARRIER,501720,20260630,1,0.863,
DIAG-20260630-TST-U01720,SECONDARY_ARBITRAGE,501720,20260630,2,0.137,
DIAG-20260630-TST-U01721,LEGAL_PERMIT_BARRIER,501721,20260630,1,0.796,
DIAG-20260630-TST-U01721,SEVERE_PHYSICAL_DEFECT,501721,20260630,2,0.116,
DIAG-20260630-TST-U01721,LOW_SALES_INCENTIVE,501721,20260630,3,0.088,
DIAG-20260630-TST-U01722,LEGAL_PERMIT_BARRIER,501722,20260630,1,0.782,
DIAG-20260630-TST-U01722,SEVERE_PHYSICAL_DEFECT,501722,20260630,2,0.113,
DIAG-20260630-TST-U01722,SECONDARY_ARBITRAGE,501722,20260630,3,0.105,
DIAG-20260630-TST-U01723,LEGAL_PERMIT_BARRIER,501723,20260630,1,0.744,
DIAG-20260630-TST-U01723,SECONDARY_ARBITRAGE,501723,20260630,2,0.141,
DIAG-20260630-TST-U01723,SEVERE_PHYSICAL_DEFECT,501723,20260630,3,0.115,
DIAG-20260630-TST-U01725,LEGAL_PERMIT_BARRIER,501725,20260630,1,0.762,
DIAG-20260630-TST-U01725,SECONDARY_ARBITRAGE,501725,20260630,2,0.134,
DIAG-20260630-TST-U01725,OVERPRICED_VS_PEER,501725,20260630,3,0.104,
DIAG-20260630-TST-U01726,LEGAL_PERMIT_BARRIER,501726,20260630,1,0.761,
DIAG-20260630-TST-U01726,SECONDARY_ARBITRAGE,501726,20260630,2,0.132,
DIAG-20260630-TST-U01726,EXTREME_THERMAL_EXPOSURE,501726,20260630,3,0.107,
DIAG-20260630-TST-U01727,LEGAL_PERMIT_BARRIER,501727,20260630,1,0.877,
DIAG-20260630-TST-U01727,SECONDARY_ARBITRAGE,501727,20260630,2,0.123,
DIAG-20260630-TST-U01729,LEGAL_PERMIT_BARRIER,501729,20260630,1,1.0,
DIAG-20260630-TST-U01730,LEGAL_PERMIT_BARRIER,501730,20260630,1,0.77,
DIAG-20260630-TST-U01730,SECONDARY_ARBITRAGE,501730,20260630,2,0.117,
DIAG-20260630-TST-U01730,LUMP_SUM_TICKET_BARRIER,501730,20260630,3,0.113,
DIAG-20260630-TST-U01731,LEGAL_PERMIT_BARRIER,501731,20260630,1,0.788,
DIAG-20260630-TST-U01731,SECONDARY_ARBITRAGE,501731,20260630,2,0.125,
DIAG-20260630-TST-U01731,LOW_SALES_INCENTIVE,501731,20260630,3,0.087,
DIAG-20260630-TST-U01732,LEGAL_PERMIT_BARRIER,501732,20260630,1,0.767,
DIAG-20260630-TST-U01732,EXTREME_THERMAL_EXPOSURE,501732,20260630,2,0.126,
DIAG-20260630-TST-U01732,SEVERE_PHYSICAL_DEFECT,501732,20260630,3,0.107,
DIAG-20260630-TST-U01733,LEGAL_PERMIT_BARRIER,501733,20260630,1,0.782,
DIAG-20260630-TST-U01733,SEVERE_PHYSICAL_DEFECT,501733,20260630,2,0.117,
DIAG-20260630-TST-U01733,SECONDARY_ARBITRAGE,501733,20260630,3,0.101,
DIAG-20260630-TST-U01735,LEGAL_PERMIT_BARRIER,501735,20260630,1,0.884,
DIAG-20260630-TST-U01735,SECONDARY_ARBITRAGE,501735,20260630,2,0.116,
DIAG-20260630-TST-U01736,LEGAL_PERMIT_BARRIER,501736,20260630,1,0.751,
DIAG-20260630-TST-U01736,SECONDARY_ARBITRAGE,501736,20260630,2,0.144,
DIAG-20260630-TST-U01736,EXTREME_THERMAL_EXPOSURE,501736,20260630,3,0.105,
DIAG-20260630-TST-U01737,LEGAL_PERMIT_BARRIER,501737,20260630,1,0.766,
DIAG-20260630-TST-U01737,SECONDARY_ARBITRAGE,501737,20260630,2,0.12,
DIAG-20260630-TST-U01737,LUMP_SUM_TICKET_BARRIER,501737,20260630,3,0.114,
DIAG-20260630-TST-U01739,LEGAL_PERMIT_BARRIER,501739,20260630,1,0.889,
DIAG-20260630-TST-U01739,SECONDARY_ARBITRAGE,501739,20260630,2,0.111,
DIAG-20260630-TST-U01740,LEGAL_PERMIT_BARRIER,501740,20260630,1,0.746,
DIAG-20260630-TST-U01740,SEVERE_PHYSICAL_DEFECT,501740,20260630,2,0.131,
DIAG-20260630-TST-U01740,SECONDARY_ARBITRAGE,501740,20260630,3,0.123,
DIAG-20260630-TST-U01741,LEGAL_PERMIT_BARRIER,501741,20260630,1,0.79,
DIAG-20260630-TST-U01741,SEVERE_PHYSICAL_DEFECT,501741,20260630,2,0.111,
DIAG-20260630-TST-U01741,SECONDARY_ARBITRAGE,501741,20260630,3,0.099,
DIAG-20260630-TST-U01743,LEGAL_PERMIT_BARRIER,501743,20260630,1,0.753,
DIAG-20260630-TST-U01743,SECONDARY_ARBITRAGE,501743,20260630,2,0.141,
DIAG-20260630-TST-U01743,OVERPRICED_VS_PEER,501743,20260630,3,0.106,
DIAG-20260630-TST-U01745,LEGAL_PERMIT_BARRIER,501745,20260630,1,0.763,
DIAG-20260630-TST-U01745,SECONDARY_ARBITRAGE,501745,20260630,2,0.136,
DIAG-20260630-TST-U01745,OVERPRICED_VS_PEER,501745,20260630,3,0.101,
DIAG-20260630-TST-U01746,LEGAL_PERMIT_BARRIER,501746,20260630,1,0.762,
DIAG-20260630-TST-U01746,SECONDARY_ARBITRAGE,501746,20260630,2,0.127,
DIAG-20260630-TST-U01746,LUMP_SUM_TICKET_BARRIER,501746,20260630,3,0.111,
DIAG-20260630-TST-U01747,LEGAL_PERMIT_BARRIER,501747,20260630,1,0.784,
DIAG-20260630-TST-U01747,SECONDARY_ARBITRAGE,501747,20260630,2,0.118,
DIAG-20260630-TST-U01747,SEVERE_PHYSICAL_DEFECT,501747,20260630,3,0.098,
DIAG-20260630-TST-U01748,LEGAL_PERMIT_BARRIER,501748,20260630,1,0.782,
DIAG-20260630-TST-U01748,SEVERE_PHYSICAL_DEFECT,501748,20260630,2,0.109,
DIAG-20260630-TST-U01748,EXTREME_THERMAL_EXPOSURE,501748,20260630,3,0.109,
DIAG-20260630-TST-U01749,LEGAL_PERMIT_BARRIER,501749,20260630,1,0.79,
DIAG-20260630-TST-U01749,SEVERE_PHYSICAL_DEFECT,501749,20260630,2,0.123,
DIAG-20260630-TST-U01749,LOW_SALES_INCENTIVE,501749,20260630,3,0.087,
DIAG-20260630-TST-U01750,LEGAL_PERMIT_BARRIER,501750,20260630,1,0.758,
DIAG-20260630-TST-U01750,SECONDARY_ARBITRAGE,501750,20260630,2,0.136,
DIAG-20260630-TST-U01750,EXTREME_THERMAL_EXPOSURE,501750,20260630,3,0.106,
DIAG-20260630-TST-U01751,LEGAL_PERMIT_BARRIER,501751,20260630,1,0.761,
DIAG-20260630-TST-U01751,EXTREME_THERMAL_EXPOSURE,501751,20260630,2,0.125,
DIAG-20260630-TST-U01751,SEVERE_PHYSICAL_DEFECT,501751,20260630,3,0.114,
DIAG-20260630-TST-U01754,LEGAL_PERMIT_BARRIER,501754,20260630,1,0.782,
DIAG-20260630-TST-U01754,SECONDARY_ARBITRAGE,501754,20260630,2,0.112,
DIAG-20260630-TST-U01754,SEVERE_PHYSICAL_DEFECT,501754,20260630,3,0.106,
DIAG-20260630-TST-U01755,LEGAL_PERMIT_BARRIER,501755,20260630,1,0.778,
DIAG-20260630-TST-U01755,SEVERE_PHYSICAL_DEFECT,501755,20260630,2,0.128,
DIAG-20260630-TST-U01755,SECONDARY_ARBITRAGE,501755,20260630,3,0.094,
DIAG-20260630-TST-U01756,LEGAL_PERMIT_BARRIER,501756,20260630,1,0.763,
DIAG-20260630-TST-U01756,EXTREME_THERMAL_EXPOSURE,501756,20260630,2,0.126,
DIAG-20260630-TST-U01756,SEVERE_PHYSICAL_DEFECT,501756,20260630,3,0.111,
DIAG-20260630-TST-U01757,LEGAL_PERMIT_BARRIER,501757,20260630,1,0.765,
DIAG-20260630-TST-U01757,SECONDARY_ARBITRAGE,501757,20260630,2,0.124,
DIAG-20260630-TST-U01757,LUMP_SUM_TICKET_BARRIER,501757,20260630,3,0.111,
DIAG-20260630-TST-U01758,LEGAL_PERMIT_BARRIER,501758,20260630,1,0.757,
DIAG-20260630-TST-U01758,EXTREME_THERMAL_EXPOSURE,501758,20260630,2,0.129,
DIAG-20260630-TST-U01758,SECONDARY_ARBITRAGE,501758,20260630,3,0.114,
DIAG-20260630-TST-U01760,LEGAL_PERMIT_BARRIER,501760,20260630,1,0.775,
DIAG-20260630-TST-U01760,SECONDARY_ARBITRAGE,501760,20260630,2,0.127,
DIAG-20260630-TST-U01760,OVERPRICED_VS_PEER,501760,20260630,3,0.098,
DIAG-20260630-TST-U01761,LEGAL_PERMIT_BARRIER,501761,20260630,1,0.762,
DIAG-20260630-TST-U01761,EXTREME_THERMAL_EXPOSURE,501761,20260630,2,0.129,
DIAG-20260630-TST-U01761,SECONDARY_ARBITRAGE,501761,20260630,3,0.109,
DIAG-20260630-TST-U01762,LEGAL_PERMIT_BARRIER,501762,20260630,1,0.761,
DIAG-20260630-TST-U01762,EXTREME_THERMAL_EXPOSURE,501762,20260630,2,0.126,
DIAG-20260630-TST-U01762,SECONDARY_ARBITRAGE,501762,20260630,3,0.113,
DIAG-20260630-TST-U01763,LEGAL_PERMIT_BARRIER,501763,20260630,1,0.769,
DIAG-20260630-TST-U01763,SECONDARY_ARBITRAGE,501763,20260630,2,0.123,
DIAG-20260630-TST-U01763,SEVERE_PHYSICAL_DEFECT,501763,20260630,3,0.108,
DIAG-20260630-TST-U01764,LEGAL_PERMIT_BARRIER,501764,20260630,1,0.749,
DIAG-20260630-TST-U01764,SECONDARY_ARBITRAGE,501764,20260630,2,0.146,
DIAG-20260630-TST-U01764,SEVERE_PHYSICAL_DEFECT,501764,20260630,3,0.105,
DIAG-20260630-TST-U01765,LEGAL_PERMIT_BARRIER,501765,20260630,1,0.871,
DIAG-20260630-TST-U01765,SECONDARY_ARBITRAGE,501765,20260630,2,0.129,
DIAG-20260630-TST-U01766,LEGAL_PERMIT_BARRIER,501766,20260630,1,0.748,
DIAG-20260630-TST-U01766,EXTREME_THERMAL_EXPOSURE,501766,20260630,2,0.146,
DIAG-20260630-TST-U01766,SECONDARY_ARBITRAGE,501766,20260630,3,0.106,
DIAG-20260630-TST-U01767,LEGAL_PERMIT_BARRIER,501767,20260630,1,0.758,
DIAG-20260630-TST-U01767,EXTREME_THERMAL_EXPOSURE,501767,20260630,2,0.148,
DIAG-20260630-TST-U01767,SECONDARY_ARBITRAGE,501767,20260630,3,0.094,
DIAG-20260630-TST-U01768,LEGAL_PERMIT_BARRIER,501768,20260630,1,1.0,
DIAG-20260630-TST-U01769,LEGAL_PERMIT_BARRIER,501769,20260630,1,0.738,
DIAG-20260630-TST-U01769,EXTREME_THERMAL_EXPOSURE,501769,20260630,2,0.144,
DIAG-20260630-TST-U01769,SECONDARY_ARBITRAGE,501769,20260630,3,0.118,
DIAG-20260630-TST-U01770,LEGAL_PERMIT_BARRIER,501770,20260630,1,0.769,
DIAG-20260630-TST-U01770,SECONDARY_ARBITRAGE,501770,20260630,2,0.123,
DIAG-20260630-TST-U01770,SEVERE_PHYSICAL_DEFECT,501770,20260630,3,0.108,
DIAG-20260630-TST-U01771,LEGAL_PERMIT_BARRIER,501771,20260630,1,0.783,
DIAG-20260630-TST-U01771,EXTREME_THERMAL_EXPOSURE,501771,20260630,2,0.117,
DIAG-20260630-TST-U01771,SECONDARY_ARBITRAGE,501771,20260630,3,0.1,
DIAG-20260630-TST-U01773,LEGAL_PERMIT_BARRIER,501773,20260630,1,0.736,
DIAG-20260630-TST-U01773,EXTREME_THERMAL_EXPOSURE,501773,20260630,2,0.143,
DIAG-20260630-TST-U01773,SEVERE_PHYSICAL_DEFECT,501773,20260630,3,0.121,
DIAG-20260630-TST-U01775,LEGAL_PERMIT_BARRIER,501775,20260630,1,0.763,
DIAG-20260630-TST-U01775,EXTREME_THERMAL_EXPOSURE,501775,20260630,2,0.134,
DIAG-20260630-TST-U01775,SEVERE_PHYSICAL_DEFECT,501775,20260630,3,0.103,
DIAG-20260630-TST-U01776,LEGAL_PERMIT_BARRIER,501776,20260630,1,0.781,
DIAG-20260630-TST-U01776,SEVERE_PHYSICAL_DEFECT,501776,20260630,2,0.125,
DIAG-20260630-TST-U01776,SECONDARY_ARBITRAGE,501776,20260630,3,0.094,
DIAG-20260630-TST-U01777,LEGAL_PERMIT_BARRIER,501777,20260630,1,0.877,
DIAG-20260630-TST-U01777,SEVERE_PHYSICAL_DEFECT,501777,20260630,2,0.123,
DIAG-20260630-TST-U01778,LEGAL_PERMIT_BARRIER,501778,20260630,1,0.772,
DIAG-20260630-TST-U01778,EXTREME_THERMAL_EXPOSURE,501778,20260630,2,0.131,
DIAG-20260630-TST-U01778,SEVERE_PHYSICAL_DEFECT,501778,20260630,3,0.097,
DIAG-20260630-TST-U01779,LEGAL_PERMIT_BARRIER,501779,20260630,1,0.889,
DIAG-20260630-TST-U01779,SECONDARY_ARBITRAGE,501779,20260630,2,0.111,
DIAG-20260630-TST-U01781,LEGAL_PERMIT_BARRIER,501781,20260630,1,0.79,
DIAG-20260630-TST-U01781,EXTREME_THERMAL_EXPOSURE,501781,20260630,2,0.123,
DIAG-20260630-TST-U01781,LOW_SALES_INCENTIVE,501781,20260630,3,0.087,
DIAG-20260630-TST-U01782,LEGAL_PERMIT_BARRIER,501782,20260630,1,0.778,
DIAG-20260630-TST-U01782,EXTREME_THERMAL_EXPOSURE,501782,20260630,2,0.136,
DIAG-20260630-TST-U01782,LOW_SALES_INCENTIVE,501782,20260630,3,0.086,
DIAG-20260630-TST-U01783,LEGAL_PERMIT_BARRIER,501783,20260630,1,0.769,
DIAG-20260630-TST-U01783,EXTREME_THERMAL_EXPOSURE,501783,20260630,2,0.131,
DIAG-20260630-TST-U01783,SEVERE_PHYSICAL_DEFECT,501783,20260630,3,0.1,
DIAG-20260630-TST-U01784,LEGAL_PERMIT_BARRIER,501784,20260630,1,0.757,
DIAG-20260630-TST-U01784,SECONDARY_ARBITRAGE,501784,20260630,2,0.122,
DIAG-20260630-TST-U01784,SEVERE_PHYSICAL_DEFECT,501784,20260630,3,0.121,
DIAG-20260630-TST-U01785,LEGAL_PERMIT_BARRIER,501785,20260630,1,0.865,
DIAG-20260630-TST-U01785,SECONDARY_ARBITRAGE,501785,20260630,2,0.135,
DIAG-20260630-TST-U01786,LEGAL_PERMIT_BARRIER,501786,20260630,1,0.762,
DIAG-20260630-TST-U01786,SEVERE_PHYSICAL_DEFECT,501786,20260630,2,0.126,
DIAG-20260630-TST-U01786,SECONDARY_ARBITRAGE,501786,20260630,3,0.112,
DIAG-20260630-TST-U01787,LEGAL_PERMIT_BARRIER,501787,20260630,1,0.771,
DIAG-20260630-TST-U01787,SECONDARY_ARBITRAGE,501787,20260630,2,0.125,
DIAG-20260630-TST-U01787,SEVERE_PHYSICAL_DEFECT,501787,20260630,3,0.104,
DIAG-20260630-TST-U01788,LEGAL_PERMIT_BARRIER,501788,20260630,1,0.736,
DIAG-20260630-TST-U01788,EXTREME_THERMAL_EXPOSURE,501788,20260630,2,0.143,
DIAG-20260630-TST-U01788,SEVERE_PHYSICAL_DEFECT,501788,20260630,3,0.121,
DIAG-20260630-TST-U01789,LEGAL_PERMIT_BARRIER,501789,20260630,1,0.866,
DIAG-20260630-TST-U01789,EXTREME_THERMAL_EXPOSURE,501789,20260630,2,0.134,
DIAG-20260630-TST-U01790,LEGAL_PERMIT_BARRIER,501790,20260630,1,0.762,
DIAG-20260630-TST-U01790,EXTREME_THERMAL_EXPOSURE,501790,20260630,2,0.13,
DIAG-20260630-TST-U01790,SECONDARY_ARBITRAGE,501790,20260630,3,0.108,
DIAG-20260630-TST-U01791,LEGAL_PERMIT_BARRIER,501791,20260630,1,0.766,
DIAG-20260630-TST-U01791,EXTREME_THERMAL_EXPOSURE,501791,20260630,2,0.134,
DIAG-20260630-TST-U01791,SECONDARY_ARBITRAGE,501791,20260630,3,0.1,
DIAG-20260630-TST-U01793,LEGAL_PERMIT_BARRIER,501793,20260630,1,0.751,
DIAG-20260630-TST-U01793,EXTREME_THERMAL_EXPOSURE,501793,20260630,2,0.146,
DIAG-20260630-TST-U01793,SECONDARY_ARBITRAGE,501793,20260630,3,0.103,
DIAG-20260630-TST-U01794,LEGAL_PERMIT_BARRIER,501794,20260630,1,0.761,
DIAG-20260630-TST-U01794,EXTREME_THERMAL_EXPOSURE,501794,20260630,2,0.129,
DIAG-20260630-TST-U01794,SECONDARY_ARBITRAGE,501794,20260630,3,0.11,
DIAG-20260630-TST-U01795,LEGAL_PERMIT_BARRIER,501795,20260630,1,0.774,
DIAG-20260630-TST-U01795,SECONDARY_ARBITRAGE,501795,20260630,2,0.13,
DIAG-20260630-TST-U01795,OVERPRICED_VS_PEER,501795,20260630,3,0.096,
DIAG-20260630-TST-U01797,LEGAL_PERMIT_BARRIER,501797,20260630,1,0.751,
DIAG-20260630-TST-U01797,EXTREME_THERMAL_EXPOSURE,501797,20260630,2,0.132,
DIAG-20260630-TST-U01797,SECONDARY_ARBITRAGE,501797,20260630,3,0.117,
DIAG-20260630-TST-U01799,LEGAL_PERMIT_BARRIER,501799,20260630,1,0.745,
DIAG-20260630-TST-U01799,SECONDARY_ARBITRAGE,501799,20260630,2,0.128,
DIAG-20260630-TST-U01799,EXTREME_THERMAL_EXPOSURE,501799,20260630,3,0.127,
DIAG-20260630-TST-U01800,LEGAL_PERMIT_BARRIER,501800,20260630,1,0.744,
DIAG-20260630-TST-U01800,SECONDARY_ARBITRAGE,501800,20260630,2,0.13,
DIAG-20260630-TST-U01800,EXTREME_THERMAL_EXPOSURE,501800,20260630,3,0.126,
DIAG-20260630-TST-U01801,LEGAL_PERMIT_BARRIER,501801,20260630,1,0.757,
DIAG-20260630-TST-U01801,EXTREME_THERMAL_EXPOSURE,501801,20260630,2,0.148,
DIAG-20260630-TST-U01801,SECONDARY_ARBITRAGE,501801,20260630,3,0.095,
DIAG-20260630-TST-U01802,LEGAL_PERMIT_BARRIER,501802,20260630,1,0.764,
DIAG-20260630-TST-U01802,EXTREME_THERMAL_EXPOSURE,501802,20260630,2,0.13,
DIAG-20260630-TST-U01802,SECONDARY_ARBITRAGE,501802,20260630,3,0.106,
DIAG-20260630-TST-U01803,LEGAL_PERMIT_BARRIER,501803,20260630,1,0.755,
DIAG-20260630-TST-U01803,EXTREME_THERMAL_EXPOSURE,501803,20260630,2,0.128,
DIAG-20260630-TST-U01803,SECONDARY_ARBITRAGE,501803,20260630,3,0.117,
DIAG-20260630-TST-U01805,LEGAL_PERMIT_BARRIER,501805,20260630,1,0.769,
DIAG-20260630-TST-U01805,SECONDARY_ARBITRAGE,501805,20260630,2,0.146,
DIAG-20260630-TST-U01805,LOW_SALES_INCENTIVE,501805,20260630,3,0.085,
DIAG-20260630-TST-U01807,LEGAL_PERMIT_BARRIER,501807,20260630,1,0.793,
DIAG-20260630-TST-U01807,SECONDARY_ARBITRAGE,501807,20260630,2,0.12,
DIAG-20260630-TST-U01807,LOW_SALES_INCENTIVE,501807,20260630,3,0.087,
DIAG-20260630-TST-U01808,LEGAL_PERMIT_BARRIER,501808,20260630,1,0.79,
DIAG-20260630-TST-U01808,EXTREME_THERMAL_EXPOSURE,501808,20260630,2,0.123,
DIAG-20260630-TST-U01808,LOW_SALES_INCENTIVE,501808,20260630,3,0.087,
DIAG-20260630-TST-U01809,LEGAL_PERMIT_BARRIER,501809,20260630,1,0.741,
DIAG-20260630-TST-U01809,EXTREME_THERMAL_EXPOSURE,501809,20260630,2,0.144,
DIAG-20260630-TST-U01809,SEVERE_PHYSICAL_DEFECT,501809,20260630,3,0.115,
DIAG-20260630-TST-U01810,LEGAL_PERMIT_BARRIER,501810,20260630,1,0.783,
DIAG-20260630-TST-U01810,EXTREME_THERMAL_EXPOSURE,501810,20260630,2,0.122,
DIAG-20260630-TST-U01810,SECONDARY_ARBITRAGE,501810,20260630,3,0.095,
DIAG-20260630-TST-U01811,LEGAL_PERMIT_BARRIER,501811,20260630,1,0.721,
DIAG-20260630-TST-U01811,SEVERE_PHYSICAL_DEFECT,501811,20260630,2,0.144,
DIAG-20260630-TST-U01811,SECONDARY_ARBITRAGE,501811,20260630,3,0.135,
DIAG-20260630-TST-U01812,LEGAL_PERMIT_BARRIER,501812,20260630,1,0.776,
DIAG-20260630-TST-U01812,SEVERE_PHYSICAL_DEFECT,501812,20260630,2,0.116,
DIAG-20260630-TST-U01812,SECONDARY_ARBITRAGE,501812,20260630,3,0.108,
DIAG-20260630-TST-U01813,LEGAL_PERMIT_BARRIER,501813,20260630,1,0.742,
DIAG-20260630-TST-U01813,SECONDARY_ARBITRAGE,501813,20260630,2,0.132,
DIAG-20260630-TST-U01813,EXTREME_THERMAL_EXPOSURE,501813,20260630,3,0.126,
DIAG-20260630-TST-U01814,LEGAL_PERMIT_BARRIER,501814,20260630,1,0.87,
DIAG-20260630-TST-U01814,SECONDARY_ARBITRAGE,501814,20260630,2,0.13,
DIAG-20260630-TST-U01815,LEGAL_PERMIT_BARRIER,501815,20260630,1,0.757,
DIAG-20260630-TST-U01815,EXTREME_THERMAL_EXPOSURE,501815,20260630,2,0.129,
DIAG-20260630-TST-U01815,SEVERE_PHYSICAL_DEFECT,501815,20260630,3,0.114,
DIAG-20260630-TST-U01817,LEGAL_PERMIT_BARRIER,501817,20260630,1,0.781,
DIAG-20260630-TST-U01817,EXTREME_THERMAL_EXPOSURE,501817,20260630,2,0.121,
DIAG-20260630-TST-U01817,SECONDARY_ARBITRAGE,501817,20260630,3,0.098,
DIAG-20260630-TST-U01819,LEGAL_PERMIT_BARRIER,501819,20260630,1,0.736,
DIAG-20260630-TST-U01819,EXTREME_THERMAL_EXPOSURE,501819,20260630,2,0.143,
DIAG-20260630-TST-U01819,SECONDARY_ARBITRAGE,501819,20260630,3,0.121,
DIAG-20260630-TST-U01820,LEGAL_PERMIT_BARRIER,501820,20260630,1,0.768,
DIAG-20260630-TST-U01820,SECONDARY_ARBITRAGE,501820,20260630,2,0.132,
DIAG-20260630-TST-U01820,SEVERE_PHYSICAL_DEFECT,501820,20260630,3,0.1,
DIAG-20260630-TST-U01821,LEGAL_PERMIT_BARRIER,501821,20260630,1,0.866,
DIAG-20260630-TST-U01821,EXTREME_THERMAL_EXPOSURE,501821,20260630,2,0.134,
DIAG-20260630-TST-U01822,LEGAL_PERMIT_BARRIER,501822,20260630,1,0.766,
DIAG-20260630-TST-U01822,EXTREME_THERMAL_EXPOSURE,501822,20260630,2,0.13,
DIAG-20260630-TST-U01822,SECONDARY_ARBITRAGE,501822,20260630,3,0.104,
DIAG-20260630-TST-U01824,LEGAL_PERMIT_BARRIER,501824,20260630,1,0.772,
DIAG-20260630-TST-U01824,EXTREME_THERMAL_EXPOSURE,501824,20260630,2,0.12,
DIAG-20260630-TST-U01824,SEVERE_PHYSICAL_DEFECT,501824,20260630,3,0.108,
DIAG-20260630-TST-U01825,LEGAL_PERMIT_BARRIER,501825,20260630,1,0.76,
DIAG-20260630-TST-U01825,SECONDARY_ARBITRAGE,501825,20260630,2,0.141,
DIAG-20260630-TST-U01825,SEVERE_PHYSICAL_DEFECT,501825,20260630,3,0.099,
DIAG-20260630-TST-U01826,LEGAL_PERMIT_BARRIER,501826,20260630,1,0.755,
DIAG-20260630-TST-U01826,SECONDARY_ARBITRAGE,501826,20260630,2,0.128,
DIAG-20260630-TST-U01826,EXTREME_THERMAL_EXPOSURE,501826,20260630,3,0.117,
DIAG-20260630-TST-U01827,LEGAL_PERMIT_BARRIER,501827,20260630,1,0.775,
DIAG-20260630-TST-U01827,SECONDARY_ARBITRAGE,501827,20260630,2,0.12,
DIAG-20260630-TST-U01827,SEVERE_PHYSICAL_DEFECT,501827,20260630,3,0.105,
DIAG-20260630-TST-U01828,LEGAL_PERMIT_BARRIER,501828,20260630,1,0.873,
DIAG-20260630-TST-U01828,SEVERE_PHYSICAL_DEFECT,501828,20260630,2,0.127,
DIAG-20260630-TST-U01829,LEGAL_PERMIT_BARRIER,501829,20260630,1,0.734,
DIAG-20260630-TST-U01829,EXTREME_THERMAL_EXPOSURE,501829,20260630,2,0.143,
DIAG-20260630-TST-U01829,SECONDARY_ARBITRAGE,501829,20260630,3,0.123,
DIAG-20260630-TST-U01830,LEGAL_PERMIT_BARRIER,501830,20260630,1,0.862,
DIAG-20260630-TST-U01830,SECONDARY_ARBITRAGE,501830,20260630,2,0.138,
DIAG-20260630-TST-U01831,LEGAL_PERMIT_BARRIER,501831,20260630,1,0.76,
DIAG-20260630-TST-U01831,SECONDARY_ARBITRAGE,501831,20260630,2,0.133,
DIAG-20260630-TST-U01831,SEVERE_PHYSICAL_DEFECT,501831,20260630,3,0.107,
DIAG-20260630-TST-U01832,LEGAL_PERMIT_BARRIER,501832,20260630,1,0.782,
DIAG-20260630-TST-U01832,EXTREME_THERMAL_EXPOSURE,501832,20260630,2,0.121,
DIAG-20260630-TST-U01832,SECONDARY_ARBITRAGE,501832,20260630,3,0.097,
DIAG-20260630-TST-U01833,LEGAL_PERMIT_BARRIER,501833,20260630,1,0.752,
DIAG-20260630-TST-U01833,SECONDARY_ARBITRAGE,501833,20260630,2,0.143,
DIAG-20260630-TST-U01833,SEVERE_PHYSICAL_DEFECT,501833,20260630,3,0.105,
DIAG-20260630-TST-U01834,LEGAL_PERMIT_BARRIER,501834,20260630,1,0.772,
DIAG-20260630-TST-U01834,SECONDARY_ARBITRAGE,501834,20260630,2,0.12,
DIAG-20260630-TST-U01834,EXTREME_THERMAL_EXPOSURE,501834,20260630,3,0.108,
DIAG-20260630-TST-U01835,LEGAL_PERMIT_BARRIER,501835,20260630,1,0.757,
DIAG-20260630-TST-U01835,SECONDARY_ARBITRAGE,501835,20260630,2,0.137,
DIAG-20260630-TST-U01835,SEVERE_PHYSICAL_DEFECT,501835,20260630,3,0.106,
DIAG-20260630-TST-U01837,LEGAL_PERMIT_BARRIER,501837,20260630,1,0.88,
DIAG-20260630-TST-U01837,SECONDARY_ARBITRAGE,501837,20260630,2,0.12,
DIAG-20260630-TST-U01839,LEGAL_PERMIT_BARRIER,501839,20260630,1,0.744,
DIAG-20260630-TST-U01839,SECONDARY_ARBITRAGE,501839,20260630,2,0.133,
DIAG-20260630-TST-U01839,EXTREME_THERMAL_EXPOSURE,501839,20260630,3,0.123,
DIAG-20260630-TST-U01840,LEGAL_PERMIT_BARRIER,501840,20260630,1,0.776,
DIAG-20260630-TST-U01840,SEVERE_PHYSICAL_DEFECT,501840,20260630,2,0.12,
DIAG-20260630-TST-U01840,SECONDARY_ARBITRAGE,501840,20260630,3,0.104,
DIAG-20260630-TST-U01841,LEGAL_PERMIT_BARRIER,501841,20260630,1,0.742,
DIAG-20260630-TST-U01841,SECONDARY_ARBITRAGE,501841,20260630,2,0.136,
DIAG-20260630-TST-U01841,EXTREME_THERMAL_EXPOSURE,501841,20260630,3,0.122,
DIAG-20260630-TST-U01843,LEGAL_PERMIT_BARRIER,501843,20260630,1,0.765,
DIAG-20260630-TST-U01843,EXTREME_THERMAL_EXPOSURE,501843,20260630,2,0.119,
DIAG-20260630-TST-U01843,SECONDARY_ARBITRAGE,501843,20260630,3,0.116,
DIAG-20260630-TST-U01844,LEGAL_PERMIT_BARRIER,501844,20260630,1,0.746,
DIAG-20260630-TST-U01844,SEVERE_PHYSICAL_DEFECT,501844,20260630,2,0.131,
DIAG-20260630-TST-U01844,EXTREME_THERMAL_EXPOSURE,501844,20260630,3,0.123,
DIAG-20260630-TST-U01846,LEGAL_PERMIT_BARRIER,501846,20260630,1,0.777,
DIAG-20260630-TST-U01846,SECONDARY_ARBITRAGE,501846,20260630,2,0.114,
DIAG-20260630-TST-U01846,EXTREME_THERMAL_EXPOSURE,501846,20260630,3,0.109,
DIAG-20260630-TST-U01847,LEGAL_PERMIT_BARRIER,501847,20260630,1,0.775,
DIAG-20260630-TST-U01847,SEVERE_PHYSICAL_DEFECT,501847,20260630,2,0.116,
DIAG-20260630-TST-U01847,SECONDARY_ARBITRAGE,501847,20260630,3,0.109,
DIAG-20260630-TST-U01849,LEGAL_PERMIT_BARRIER,501849,20260630,1,0.806,
DIAG-20260630-TST-U01849,SEVERE_PHYSICAL_DEFECT,501849,20260630,2,0.105,
DIAG-20260630-TST-U01849,LOW_SALES_INCENTIVE,501849,20260630,3,0.089,
DIAG-20260630-TST-U01850,LEGAL_PERMIT_BARRIER,501850,20260630,1,0.756,
DIAG-20260630-TST-U01850,SEVERE_PHYSICAL_DEFECT,501850,20260630,2,0.128,
DIAG-20260630-TST-U01850,SECONDARY_ARBITRAGE,501850,20260630,3,0.116,
DIAG-20260630-TST-U01851,LEGAL_PERMIT_BARRIER,501851,20260630,1,0.88,
DIAG-20260630-TST-U01851,SECONDARY_ARBITRAGE,501851,20260630,2,0.12,
DIAG-20260630-TST-U01852,LEGAL_PERMIT_BARRIER,501852,20260630,1,0.8,
DIAG-20260630-TST-U01852,SEVERE_PHYSICAL_DEFECT,501852,20260630,2,0.112,
DIAG-20260630-TST-U01852,LOW_SALES_INCENTIVE,501852,20260630,3,0.088,
DIAG-20260630-TST-U01853,LEGAL_PERMIT_BARRIER,501853,20260630,1,0.746,
DIAG-20260630-TST-U01853,SECONDARY_ARBITRAGE,501853,20260630,2,0.139,
DIAG-20260630-TST-U01853,LUMP_SUM_TICKET_BARRIER,501853,20260630,3,0.115,
DIAG-20260630-TST-U01854,LEGAL_PERMIT_BARRIER,501854,20260630,1,0.758,
DIAG-20260630-TST-U01854,SEVERE_PHYSICAL_DEFECT,501854,20260630,2,0.125,
DIAG-20260630-TST-U01854,SECONDARY_ARBITRAGE,501854,20260630,3,0.117,
DIAG-20260630-TST-U01857,LEGAL_PERMIT_BARRIER,501857,20260630,1,0.791,
DIAG-20260630-TST-U01857,SECONDARY_ARBITRAGE,501857,20260630,2,0.122,
DIAG-20260630-TST-U01857,LOW_SALES_INCENTIVE,501857,20260630,3,0.087,
DIAG-20260630-TST-U01858,LEGAL_PERMIT_BARRIER,501858,20260630,1,0.796,
DIAG-20260630-TST-U01858,SEVERE_PHYSICAL_DEFECT,501858,20260630,2,0.108,
DIAG-20260630-TST-U01858,SECONDARY_ARBITRAGE,501858,20260630,3,0.096,
DIAG-20260630-TST-U01859,LEGAL_PERMIT_BARRIER,501859,20260630,1,0.764,
DIAG-20260630-TST-U01859,SECONDARY_ARBITRAGE,501859,20260630,2,0.129,
DIAG-20260630-TST-U01859,EXTREME_THERMAL_EXPOSURE,501859,20260630,3,0.107,
DIAG-20260630-TST-U01860,LEGAL_PERMIT_BARRIER,501860,20260630,1,0.729,
DIAG-20260630-TST-U01860,EXTREME_THERMAL_EXPOSURE,501860,20260630,2,0.142,
DIAG-20260630-TST-U01860,SECONDARY_ARBITRAGE,501860,20260630,3,0.129,
DIAG-20260630-TST-U01861,LEGAL_PERMIT_BARRIER,501861,20260630,1,0.758,
DIAG-20260630-TST-U01861,SECONDARY_ARBITRAGE,501861,20260630,2,0.136,
DIAG-20260630-TST-U01861,SEVERE_PHYSICAL_DEFECT,501861,20260630,3,0.106,
DIAG-20260630-TST-U01862,LEGAL_PERMIT_BARRIER,501862,20260630,1,0.785,
DIAG-20260630-TST-U01862,SEVERE_PHYSICAL_DEFECT,501862,20260630,2,0.114,
DIAG-20260630-TST-U01862,SECONDARY_ARBITRAGE,501862,20260630,3,0.101,
DIAG-20260630-TST-U01863,LEGAL_PERMIT_BARRIER,501863,20260630,1,0.783,
DIAG-20260630-TST-U01863,SECONDARY_ARBITRAGE,501863,20260630,2,0.131,
DIAG-20260630-TST-U01863,LOW_SALES_INCENTIVE,501863,20260630,3,0.086,
DIAG-20260630-TST-U01864,LEGAL_PERMIT_BARRIER,501864,20260630,1,0.888,
DIAG-20260630-TST-U01864,SECONDARY_ARBITRAGE,501864,20260630,2,0.112,
DIAG-20260630-TST-U01865,LEGAL_PERMIT_BARRIER,501865,20260630,1,0.779,
DIAG-20260630-TST-U01865,SECONDARY_ARBITRAGE,501865,20260630,2,0.116,
DIAG-20260630-TST-U01865,SEVERE_PHYSICAL_DEFECT,501865,20260630,3,0.105,
DIAG-20260630-TST-U01866,LEGAL_PERMIT_BARRIER,501866,20260630,1,0.855,
DIAG-20260630-TST-U01866,SEVERE_PHYSICAL_DEFECT,501866,20260630,2,0.145,
DIAG-20260630-TST-U01867,LEGAL_PERMIT_BARRIER,501867,20260630,1,0.766,
DIAG-20260630-TST-U01867,SEVERE_PHYSICAL_DEFECT,501867,20260630,2,0.127,
DIAG-20260630-TST-U01867,SECONDARY_ARBITRAGE,501867,20260630,3,0.107,
DIAG-20260630-TST-U01868,LEGAL_PERMIT_BARRIER,501868,20260630,1,0.777,
DIAG-20260630-TST-U01868,SEVERE_PHYSICAL_DEFECT,501868,20260630,2,0.12,
DIAG-20260630-TST-U01868,SECONDARY_ARBITRAGE,501868,20260630,3,0.103,
DIAG-20260630-TST-U01869,LEGAL_PERMIT_BARRIER,501869,20260630,1,0.878,
DIAG-20260630-TST-U01869,SECONDARY_ARBITRAGE,501869,20260630,2,0.122,
DIAG-20260630-TST-U01870,LEGAL_PERMIT_BARRIER,501870,20260630,1,0.763,
DIAG-20260630-TST-U01870,SEVERE_PHYSICAL_DEFECT,501870,20260630,2,0.122,
DIAG-20260630-TST-U01870,SECONDARY_ARBITRAGE,501870,20260630,3,0.115,
DIAG-20260630-TST-U01871,LEGAL_PERMIT_BARRIER,501871,20260630,1,0.756,
DIAG-20260630-TST-U01871,SEVERE_PHYSICAL_DEFECT,501871,20260630,2,0.129,
DIAG-20260630-TST-U01871,SECONDARY_ARBITRAGE,501871,20260630,3,0.115,
DIAG-20260630-TST-U01872,LEGAL_PERMIT_BARRIER,501872,20260630,1,0.858,
DIAG-20260630-TST-U01872,EXTREME_THERMAL_EXPOSURE,501872,20260630,2,0.142,
DIAG-20260630-TST-U01873,LEGAL_PERMIT_BARRIER,501873,20260630,1,0.793,
DIAG-20260630-TST-U01873,SECONDARY_ARBITRAGE,501873,20260630,2,0.12,
DIAG-20260630-TST-U01873,LOW_SALES_INCENTIVE,501873,20260630,3,0.087,
DIAG-20260630-TST-U01874,LEGAL_PERMIT_BARRIER,501874,20260630,1,0.749,
DIAG-20260630-TST-U01874,SEVERE_PHYSICAL_DEFECT,501874,20260630,2,0.146,
DIAG-20260630-TST-U01874,SECONDARY_ARBITRAGE,501874,20260630,3,0.105,
DIAG-20260630-TST-U01875,LEGAL_PERMIT_BARRIER,501875,20260630,1,0.77,
DIAG-20260630-TST-U01875,SECONDARY_ARBITRAGE,501875,20260630,2,0.132,
DIAG-20260630-TST-U01875,OVERPRICED_VS_PEER,501875,20260630,3,0.098,
DIAG-20260630-TST-U01876,LEGAL_PERMIT_BARRIER,501876,20260630,1,0.769,
DIAG-20260630-TST-U01876,SEVERE_PHYSICAL_DEFECT,501876,20260630,2,0.134,
DIAG-20260630-TST-U01876,SECONDARY_ARBITRAGE,501876,20260630,3,0.097,
DIAG-20260630-TST-U01877,LEGAL_PERMIT_BARRIER,501877,20260630,1,0.776,
DIAG-20260630-TST-U01877,SEVERE_PHYSICAL_DEFECT,501877,20260630,2,0.112,
DIAG-20260630-TST-U01877,SECONDARY_ARBITRAGE,501877,20260630,3,0.112,
DIAG-20260630-TST-U01878,LEGAL_PERMIT_BARRIER,501878,20260630,1,0.877,
DIAG-20260630-TST-U01878,EXTREME_THERMAL_EXPOSURE,501878,20260630,2,0.123,
DIAG-20260630-TST-U01880,LEGAL_PERMIT_BARRIER,501880,20260630,1,0.762,
DIAG-20260630-TST-U01880,SECONDARY_ARBITRAGE,501880,20260630,2,0.128,
DIAG-20260630-TST-U01880,SEVERE_PHYSICAL_DEFECT,501880,20260630,3,0.11,
DIAG-20260630-TST-U01881,LEGAL_PERMIT_BARRIER,501881,20260630,1,0.782,
DIAG-20260630-TST-U01881,SECONDARY_ARBITRAGE,501881,20260630,2,0.116,
DIAG-20260630-TST-U01881,SEVERE_PHYSICAL_DEFECT,501881,20260630,3,0.102,
DIAG-20260630-TST-U01882,LEGAL_PERMIT_BARRIER,501882,20260630,1,0.76,
DIAG-20260630-TST-U01882,SECONDARY_ARBITRAGE,501882,20260630,2,0.141,
DIAG-20260630-TST-U01882,SEVERE_PHYSICAL_DEFECT,501882,20260630,3,0.099,
DIAG-20260630-TST-U01883,LEGAL_PERMIT_BARRIER,501883,20260630,1,0.788,
DIAG-20260630-TST-U01883,SEVERE_PHYSICAL_DEFECT,501883,20260630,2,0.106,
DIAG-20260630-TST-U01883,SECONDARY_ARBITRAGE,501883,20260630,3,0.106,
DIAG-20260630-TST-U01885,LEGAL_PERMIT_BARRIER,501885,20260630,1,0.779,
DIAG-20260630-TST-U01885,SECONDARY_ARBITRAGE,501885,20260630,2,0.112,
DIAG-20260630-TST-U01885,SEVERE_PHYSICAL_DEFECT,501885,20260630,3,0.109,
DIAG-20260630-TST-U01886,LEGAL_PERMIT_BARRIER,501886,20260630,1,0.782,
DIAG-20260630-TST-U01886,SEVERE_PHYSICAL_DEFECT,501886,20260630,2,0.109,
DIAG-20260630-TST-U01886,SECONDARY_ARBITRAGE,501886,20260630,3,0.109,
DIAG-20260630-TST-U01887,LEGAL_PERMIT_BARRIER,501887,20260630,1,0.761,
DIAG-20260630-TST-U01887,SECONDARY_ARBITRAGE,501887,20260630,2,0.126,
DIAG-20260630-TST-U01887,LUMP_SUM_TICKET_BARRIER,501887,20260630,3,0.113,
DIAG-20260630-TST-U01888,LEGAL_PERMIT_BARRIER,501888,20260630,1,0.755,
DIAG-20260630-TST-U01888,EXTREME_THERMAL_EXPOSURE,501888,20260630,2,0.124,
DIAG-20260630-TST-U01888,SECONDARY_ARBITRAGE,501888,20260630,3,0.121,
DIAG-20260630-TST-U01891,LEGAL_PERMIT_BARRIER,501891,20260630,1,0.772,
DIAG-20260630-TST-U01891,SECONDARY_ARBITRAGE,501891,20260630,2,0.116,
DIAG-20260630-TST-U01891,SEVERE_PHYSICAL_DEFECT,501891,20260630,3,0.112,
DIAG-20260630-TST-U01892,LEGAL_PERMIT_BARRIER,501892,20260630,1,0.748,
DIAG-20260630-TST-U01892,SECONDARY_ARBITRAGE,501892,20260630,2,0.129,
DIAG-20260630-TST-U01892,EXTREME_THERMAL_EXPOSURE,501892,20260630,3,0.123,
DIAG-20260630-TST-U01893,LEGAL_PERMIT_BARRIER,501893,20260630,1,0.776,
DIAG-20260630-TST-U01893,SEVERE_PHYSICAL_DEFECT,501893,20260630,2,0.12,
DIAG-20260630-TST-U01893,SECONDARY_ARBITRAGE,501893,20260630,3,0.104,
DIAG-20260630-TST-U01894,LEGAL_PERMIT_BARRIER,501894,20260630,1,0.901,
DIAG-20260630-TST-U01894,LOW_SALES_INCENTIVE,501894,20260630,2,0.099,
DIAG-20260630-TST-U01895,LEGAL_PERMIT_BARRIER,501895,20260630,1,0.79,
DIAG-20260630-TST-U01895,EXTREME_THERMAL_EXPOSURE,501895,20260630,2,0.111,
DIAG-20260630-TST-U01895,SECONDARY_ARBITRAGE,501895,20260630,3,0.099,
DIAG-20260630-TST-U01896,LEGAL_PERMIT_BARRIER,501896,20260630,1,0.758,
DIAG-20260630-TST-U01896,SECONDARY_ARBITRAGE,501896,20260630,2,0.143,
DIAG-20260630-TST-U01896,SEVERE_PHYSICAL_DEFECT,501896,20260630,3,0.099,
DIAG-20260630-TST-U01897,LEGAL_PERMIT_BARRIER,501897,20260630,1,0.872,
DIAG-20260630-TST-U01897,SECONDARY_ARBITRAGE,501897,20260630,2,0.128,
DIAG-20260630-TST-U01898,LEGAL_PERMIT_BARRIER,501898,20260630,1,0.804,
DIAG-20260630-TST-U01898,SECONDARY_ARBITRAGE,501898,20260630,2,0.108,
DIAG-20260630-TST-U01898,LOW_SALES_INCENTIVE,501898,20260630,3,0.088,
DIAG-20260630-TST-U01899,LEGAL_PERMIT_BARRIER,501899,20260630,1,0.786,
DIAG-20260630-TST-U01899,SEVERE_PHYSICAL_DEFECT,501899,20260630,2,0.11,
DIAG-20260630-TST-U01899,SECONDARY_ARBITRAGE,501899,20260630,3,0.104,
DIAG-20260630-TST-U01900,LEGAL_PERMIT_BARRIER,501900,20260630,1,0.867,
DIAG-20260630-TST-U01900,SECONDARY_ARBITRAGE,501900,20260630,2,0.133,
DIAG-20260630-TST-U01903,LEGAL_PERMIT_BARRIER,501903,20260630,1,0.757,
DIAG-20260630-TST-U01903,SECONDARY_ARBITRAGE,501903,20260630,2,0.126,
DIAG-20260630-TST-U01903,SEVERE_PHYSICAL_DEFECT,501903,20260630,3,0.117,
DIAG-20260630-TST-U01904,LEGAL_PERMIT_BARRIER,501904,20260630,1,0.785,
DIAG-20260630-TST-U01904,EXTREME_THERMAL_EXPOSURE,501904,20260630,2,0.129,
DIAG-20260630-TST-U01904,LOW_SALES_INCENTIVE,501904,20260630,3,0.086,
DIAG-20260630-TST-U01905,LEGAL_PERMIT_BARRIER,501905,20260630,1,0.887,
DIAG-20260630-TST-U01905,SECONDARY_ARBITRAGE,501905,20260630,2,0.113,
DIAG-20260630-TST-U01906,LEGAL_PERMIT_BARRIER,501906,20260630,1,0.774,
DIAG-20260630-TST-U01906,SEVERE_PHYSICAL_DEFECT,501906,20260630,2,0.116,
DIAG-20260630-TST-U01906,SECONDARY_ARBITRAGE,501906,20260630,3,0.11,
DIAG-20260630-TST-U01907,LEGAL_PERMIT_BARRIER,501907,20260630,1,0.765,
DIAG-20260630-TST-U01907,SECONDARY_ARBITRAGE,501907,20260630,2,0.124,
DIAG-20260630-TST-U01907,SEVERE_PHYSICAL_DEFECT,501907,20260630,3,0.111,
DIAG-20260630-TST-U01908,LEGAL_PERMIT_BARRIER,501908,20260630,1,0.862,
DIAG-20260630-TST-U01908,SEVERE_PHYSICAL_DEFECT,501908,20260630,2,0.138,
DIAG-20260630-TST-U01909,LEGAL_PERMIT_BARRIER,501909,20260630,1,0.886,
DIAG-20260630-TST-U01909,SECONDARY_ARBITRAGE,501909,20260630,2,0.114,
DIAG-20260630-TST-U01910,LEGAL_PERMIT_BARRIER,501910,20260630,1,0.8,
DIAG-20260630-TST-U01910,EXTREME_THERMAL_EXPOSURE,501910,20260630,2,0.112,
DIAG-20260630-TST-U01910,LOW_SALES_INCENTIVE,501910,20260630,3,0.088,
DIAG-20260630-TST-U01913,LEGAL_PERMIT_BARRIER,501913,20260630,1,0.87,
DIAG-20260630-TST-U01913,SEVERE_PHYSICAL_DEFECT,501913,20260630,2,0.13,
DIAG-20260630-TST-U01918,LEGAL_PERMIT_BARRIER,501918,20260630,1,0.758,
DIAG-20260630-TST-U01918,SECONDARY_ARBITRAGE,501918,20260630,2,0.127,
DIAG-20260630-TST-U01918,LUMP_SUM_TICKET_BARRIER,501918,20260630,3,0.115,
DIAG-20260630-TST-U01919,LEGAL_PERMIT_BARRIER,501919,20260630,1,0.776,
DIAG-20260630-TST-U01919,SECONDARY_ARBITRAGE,501919,20260630,2,0.129,
DIAG-20260630-TST-U01919,OVERPRICED_VS_PEER,501919,20260630,3,0.095,
DIAG-20260630-TST-U01920,LEGAL_PERMIT_BARRIER,501920,20260630,1,0.78,
DIAG-20260630-TST-U01920,SECONDARY_ARBITRAGE,501920,20260630,2,0.115,
DIAG-20260630-TST-U01920,SEVERE_PHYSICAL_DEFECT,501920,20260630,3,0.105,
DIAG-20260630-TST-U01921,LEGAL_PERMIT_BARRIER,501921,20260630,1,0.807,
DIAG-20260630-TST-U01921,SECONDARY_ARBITRAGE,501921,20260630,2,0.104,
DIAG-20260630-TST-U01921,LOW_SALES_INCENTIVE,501921,20260630,3,0.089,
DIAG-20260630-TST-U01922,LEGAL_PERMIT_BARRIER,501922,20260630,1,0.739,
DIAG-20260630-TST-U01922,SEVERE_PHYSICAL_DEFECT,501922,20260630,2,0.137,
DIAG-20260630-TST-U01922,SECONDARY_ARBITRAGE,501922,20260630,3,0.124,
DIAG-20260630-TST-U01925,LEGAL_PERMIT_BARRIER,501925,20260630,1,0.885,
DIAG-20260630-TST-U01925,SEVERE_PHYSICAL_DEFECT,501925,20260630,2,0.115,
DIAG-20260630-TST-U01926,LEGAL_PERMIT_BARRIER,501926,20260630,1,0.742,
DIAG-20260630-TST-U01926,SECONDARY_ARBITRAGE,501926,20260630,2,0.132,
DIAG-20260630-TST-U01926,EXTREME_THERMAL_EXPOSURE,501926,20260630,3,0.126,
DIAG-20260630-TST-U01928,LEGAL_PERMIT_BARRIER,501928,20260630,1,0.775,
DIAG-20260630-TST-U01928,SEVERE_PHYSICAL_DEFECT,501928,20260630,2,0.116,
DIAG-20260630-TST-U01928,EXTREME_THERMAL_EXPOSURE,501928,20260630,3,0.109,
DIAG-20260630-TST-U01929,LEGAL_PERMIT_BARRIER,501929,20260630,1,0.799,
DIAG-20260630-TST-U01929,SECONDARY_ARBITRAGE,501929,20260630,2,0.113,
DIAG-20260630-TST-U01929,LOW_SALES_INCENTIVE,501929,20260630,3,0.088,
DIAG-20260630-TST-U01930,LEGAL_PERMIT_BARRIER,501930,20260630,1,0.765,
DIAG-20260630-TST-U01930,SEVERE_PHYSICAL_DEFECT,501930,20260630,2,0.134,
DIAG-20260630-TST-U01930,SECONDARY_ARBITRAGE,501930,20260630,3,0.101,
DIAG-20260630-TST-U01931,LEGAL_PERMIT_BARRIER,501931,20260630,1,0.812,
DIAG-20260630-TST-U01931,SECONDARY_ARBITRAGE,501931,20260630,2,0.099,
DIAG-20260630-TST-U01931,LOW_SALES_INCENTIVE,501931,20260630,3,0.089,
DIAG-20260630-TST-U01932,LEGAL_PERMIT_BARRIER,501932,20260630,1,0.785,
DIAG-20260630-TST-U01932,EXTREME_THERMAL_EXPOSURE,501932,20260630,2,0.129,
DIAG-20260630-TST-U01932,LOW_SALES_INCENTIVE,501932,20260630,3,0.086,
DIAG-20260630-TST-U01933,LEGAL_PERMIT_BARRIER,501933,20260630,1,0.759,
DIAG-20260630-TST-U01933,EXTREME_THERMAL_EXPOSURE,501933,20260630,2,0.129,
DIAG-20260630-TST-U01933,SECONDARY_ARBITRAGE,501933,20260630,3,0.112,
DIAG-20260630-TST-U01934,LEGAL_PERMIT_BARRIER,501934,20260630,1,0.761,
DIAG-20260630-TST-U01934,EXTREME_THERMAL_EXPOSURE,501934,20260630,2,0.125,
DIAG-20260630-TST-U01934,SEVERE_PHYSICAL_DEFECT,501934,20260630,3,0.114,
DIAG-20260630-TST-U01935,LEGAL_PERMIT_BARRIER,501935,20260630,1,0.867,
DIAG-20260630-TST-U01935,SECONDARY_ARBITRAGE,501935,20260630,2,0.133,
DIAG-20260630-TST-U01936,LEGAL_PERMIT_BARRIER,501936,20260630,1,0.858,
DIAG-20260630-TST-U01936,EXTREME_THERMAL_EXPOSURE,501936,20260630,2,0.142,
DIAG-20260630-TST-U01938,LEGAL_PERMIT_BARRIER,501938,20260630,1,0.776,
DIAG-20260630-TST-U01938,SEVERE_PHYSICAL_DEFECT,501938,20260630,2,0.116,
DIAG-20260630-TST-U01938,SECONDARY_ARBITRAGE,501938,20260630,3,0.108,
DIAG-20260630-TST-U01939,LEGAL_PERMIT_BARRIER,501939,20260630,1,0.746,
DIAG-20260630-TST-U01939,SEVERE_PHYSICAL_DEFECT,501939,20260630,2,0.138,
DIAG-20260630-TST-U01939,EXTREME_THERMAL_EXPOSURE,501939,20260630,3,0.116,
DIAG-20260630-TST-U01940,LEGAL_PERMIT_BARRIER,501940,20260630,1,0.866,
DIAG-20260630-TST-U01940,EXTREME_THERMAL_EXPOSURE,501940,20260630,2,0.134,
DIAG-20260630-TST-U01941,LEGAL_PERMIT_BARRIER,501941,20260630,1,0.749,
DIAG-20260630-TST-U01941,EXTREME_THERMAL_EXPOSURE,501941,20260630,2,0.146,
DIAG-20260630-TST-U01941,SEVERE_PHYSICAL_DEFECT,501941,20260630,3,0.105,
DIAG-20260630-TST-U01942,LEGAL_PERMIT_BARRIER,501942,20260630,1,0.891,
DIAG-20260630-TST-U01942,SECONDARY_ARBITRAGE,501942,20260630,2,0.109,
DIAG-20260630-TST-U01943,LEGAL_PERMIT_BARRIER,501943,20260630,1,0.809,
DIAG-20260630-TST-U01943,SECONDARY_ARBITRAGE,501943,20260630,2,0.102,
DIAG-20260630-TST-U01943,LOW_SALES_INCENTIVE,501943,20260630,3,0.089,
DIAG-20260630-TST-U01944,LEGAL_PERMIT_BARRIER,501944,20260630,1,0.769,
DIAG-20260630-TST-U01944,EXTREME_THERMAL_EXPOSURE,501944,20260630,2,0.127,
DIAG-20260630-TST-U01944,SEVERE_PHYSICAL_DEFECT,501944,20260630,3,0.104,
DIAG-20260630-TST-U01945,LEGAL_PERMIT_BARRIER,501945,20260630,1,0.759,
DIAG-20260630-TST-U01945,SEVERE_PHYSICAL_DEFECT,501945,20260630,2,0.137,
DIAG-20260630-TST-U01945,SECONDARY_ARBITRAGE,501945,20260630,3,0.104,
DIAG-20260630-TST-U01947,LEGAL_PERMIT_BARRIER,501947,20260630,1,0.777,
DIAG-20260630-TST-U01947,SECONDARY_ARBITRAGE,501947,20260630,2,0.129,
DIAG-20260630-TST-U01947,OVERPRICED_VS_PEER,501947,20260630,3,0.094,
DIAG-20260630-TST-U01948,LEGAL_PERMIT_BARRIER,501948,20260630,1,1.0,
DIAG-20260630-TST-U01949,LEGAL_PERMIT_BARRIER,501949,20260630,1,0.775,
DIAG-20260630-TST-U01949,EXTREME_THERMAL_EXPOSURE,501949,20260630,2,0.128,
DIAG-20260630-TST-U01949,SECONDARY_ARBITRAGE,501949,20260630,3,0.097,
DIAG-20260630-TST-U01952,LEGAL_PERMIT_BARRIER,501952,20260630,1,0.901,
DIAG-20260630-TST-U01952,LOW_SALES_INCENTIVE,501952,20260630,2,0.099,
DIAG-20260630-TST-U01953,LEGAL_PERMIT_BARRIER,501953,20260630,1,0.853,
DIAG-20260630-TST-U01953,SECONDARY_ARBITRAGE,501953,20260630,2,0.147,
DIAG-20260630-TST-U01954,LEGAL_PERMIT_BARRIER,501954,20260630,1,0.901,
DIAG-20260630-TST-U01954,LOW_SALES_INCENTIVE,501954,20260630,2,0.099,
DIAG-20260630-TST-U01955,LEGAL_PERMIT_BARRIER,501955,20260630,1,0.858,
DIAG-20260630-TST-U01955,SEVERE_PHYSICAL_DEFECT,501955,20260630,2,0.142,
DIAG-20260630-TST-U01956,LEGAL_PERMIT_BARRIER,501956,20260630,1,0.782,
DIAG-20260630-TST-U01956,SECONDARY_ARBITRAGE,501956,20260630,2,0.109,
DIAG-20260630-TST-U01956,SEVERE_PHYSICAL_DEFECT,501956,20260630,3,0.109,
DIAG-20260630-TST-U01957,LEGAL_PERMIT_BARRIER,501957,20260630,1,0.771,
DIAG-20260630-TST-U01957,SECONDARY_ARBITRAGE,501957,20260630,2,0.121,
DIAG-20260630-TST-U01957,EXTREME_THERMAL_EXPOSURE,501957,20260630,3,0.108,
DIAG-20260630-TST-U01958,LEGAL_PERMIT_BARRIER,501958,20260630,1,0.756,
DIAG-20260630-TST-U01958,EXTREME_THERMAL_EXPOSURE,501958,20260630,2,0.125,
DIAG-20260630-TST-U01958,SECONDARY_ARBITRAGE,501958,20260630,3,0.119,
DIAG-20260630-TST-U01959,LEGAL_PERMIT_BARRIER,501959,20260630,1,0.804,
DIAG-20260630-TST-U01959,SEVERE_PHYSICAL_DEFECT,501959,20260630,2,0.108,
DIAG-20260630-TST-U01959,LOW_SALES_INCENTIVE,501959,20260630,3,0.088,
DIAG-20260630-TST-U01960,LEGAL_PERMIT_BARRIER,501960,20260630,1,0.784,
DIAG-20260630-TST-U01960,EXTREME_THERMAL_EXPOSURE,501960,20260630,2,0.11,
DIAG-20260630-TST-U01960,SEVERE_PHYSICAL_DEFECT,501960,20260630,3,0.106,
DIAG-20260630-TST-U01962,LEGAL_PERMIT_BARRIER,501962,20260630,1,1.0,
DIAG-20260630-TST-U01964,LEGAL_PERMIT_BARRIER,501964,20260630,1,0.749,
DIAG-20260630-TST-U01964,SEVERE_PHYSICAL_DEFECT,501964,20260630,2,0.127,
DIAG-20260630-TST-U01964,EXTREME_THERMAL_EXPOSURE,501964,20260630,3,0.124,
DIAG-20260630-TST-U01965,LEGAL_PERMIT_BARRIER,501965,20260630,1,0.755,
DIAG-20260630-TST-U01965,SEVERE_PHYSICAL_DEFECT,501965,20260630,2,0.14,
DIAG-20260630-TST-U01965,SECONDARY_ARBITRAGE,501965,20260630,3,0.105,
DIAG-20260630-TST-U01966,LEGAL_PERMIT_BARRIER,501966,20260630,1,0.775,
DIAG-20260630-TST-U01966,SECONDARY_ARBITRAGE,501966,20260630,2,0.116,
DIAG-20260630-TST-U01966,EXTREME_THERMAL_EXPOSURE,501966,20260630,3,0.109,
DIAG-20260630-TST-U01968,LEGAL_PERMIT_BARRIER,501968,20260630,1,0.738,
DIAG-20260630-TST-U01968,SECONDARY_ARBITRAGE,501968,20260630,2,0.133,
DIAG-20260630-TST-U01968,SEVERE_PHYSICAL_DEFECT,501968,20260630,3,0.129,
DIAG-20260630-TST-U01969,LEGAL_PERMIT_BARRIER,501969,20260630,1,0.775,
DIAG-20260630-TST-U01969,EXTREME_THERMAL_EXPOSURE,501969,20260630,2,0.12,
DIAG-20260630-TST-U01969,SECONDARY_ARBITRAGE,501969,20260630,3,0.105,
DIAG-20260630-TST-U01970,LEGAL_PERMIT_BARRIER,501970,20260630,1,0.781,
DIAG-20260630-TST-U01970,EXTREME_THERMAL_EXPOSURE,501970,20260630,2,0.121,
DIAG-20260630-TST-U01970,SEVERE_PHYSICAL_DEFECT,501970,20260630,3,0.098,
DIAG-20260630-TST-U01971,LEGAL_PERMIT_BARRIER,501971,20260630,1,0.766,
DIAG-20260630-TST-U01971,SEVERE_PHYSICAL_DEFECT,501971,20260630,2,0.13,
DIAG-20260630-TST-U01971,SECONDARY_ARBITRAGE,501971,20260630,3,0.104,
DIAG-20260630-TST-U01973,LEGAL_PERMIT_BARRIER,501973,20260630,1,0.749,
DIAG-20260630-TST-U01973,SEVERE_PHYSICAL_DEFECT,501973,20260630,2,0.127,
DIAG-20260630-TST-U01973,EXTREME_THERMAL_EXPOSURE,501973,20260630,3,0.124,
DIAG-20260630-TST-U01974,LEGAL_PERMIT_BARRIER,501974,20260630,1,0.788,
DIAG-20260630-TST-U01974,SEVERE_PHYSICAL_DEFECT,501974,20260630,2,0.11,
DIAG-20260630-TST-U01974,SECONDARY_ARBITRAGE,501974,20260630,3,0.102,
DIAG-20260630-TST-U01975,LEGAL_PERMIT_BARRIER,501975,20260630,1,0.761,
DIAG-20260630-TST-U01975,SECONDARY_ARBITRAGE,501975,20260630,2,0.125,
DIAG-20260630-TST-U01975,SEVERE_PHYSICAL_DEFECT,501975,20260630,3,0.114,
DIAG-20260630-TST-U01976,LEGAL_PERMIT_BARRIER,501976,20260630,1,0.773,
DIAG-20260630-TST-U01976,SECONDARY_ARBITRAGE,501976,20260630,2,0.119,
DIAG-20260630-TST-U01976,SEVERE_PHYSICAL_DEFECT,501976,20260630,3,0.108,
DIAG-20260630-TST-U01977,LEGAL_PERMIT_BARRIER,501977,20260630,1,0.761,
DIAG-20260630-TST-U01977,SECONDARY_ARBITRAGE,501977,20260630,2,0.137,
DIAG-20260630-TST-U01977,OVERPRICED_VS_PEER,501977,20260630,3,0.102,
DIAG-20260630-TST-U01978,LEGAL_PERMIT_BARRIER,501978,20260630,1,0.804,
DIAG-20260630-TST-U01978,SECONDARY_ARBITRAGE,501978,20260630,2,0.108,
DIAG-20260630-TST-U01978,LOW_SALES_INCENTIVE,501978,20260630,3,0.088,
DIAG-20260630-TST-U01979,LEGAL_PERMIT_BARRIER,501979,20260630,1,0.755,
DIAG-20260630-TST-U01979,EXTREME_THERMAL_EXPOSURE,501979,20260630,2,0.129,
DIAG-20260630-TST-U01979,SECONDARY_ARBITRAGE,501979,20260630,3,0.116,
DIAG-20260630-TST-U01980,LEGAL_PERMIT_BARRIER,501980,20260630,1,0.752,
DIAG-20260630-TST-U01980,SEVERE_PHYSICAL_DEFECT,501980,20260630,2,0.128,
DIAG-20260630-TST-U01980,SECONDARY_ARBITRAGE,501980,20260630,3,0.12,
DIAG-20260630-TST-U01984,LEGAL_PERMIT_BARRIER,501984,20260630,1,0.876,
DIAG-20260630-TST-U01984,SECONDARY_ARBITRAGE,501984,20260630,2,0.124,
DIAG-20260630-TST-U01985,LEGAL_PERMIT_BARRIER,501985,20260630,1,0.877,
DIAG-20260630-TST-U01985,EXTREME_THERMAL_EXPOSURE,501985,20260630,2,0.123,
DIAG-20260630-TST-U01986,LEGAL_PERMIT_BARRIER,501986,20260630,1,0.765,
DIAG-20260630-TST-U01986,SEVERE_PHYSICAL_DEFECT,501986,20260630,2,0.122,
DIAG-20260630-TST-U01986,SECONDARY_ARBITRAGE,501986,20260630,3,0.113,
DIAG-20260630-TST-U01987,LEGAL_PERMIT_BARRIER,501987,20260630,1,1.0,
DIAG-20260630-TST-U01988,LEGAL_PERMIT_BARRIER,501988,20260630,1,0.881,
DIAG-20260630-TST-U01988,SEVERE_PHYSICAL_DEFECT,501988,20260630,2,0.119,
DIAG-20260630-TST-U01989,LEGAL_PERMIT_BARRIER,501989,20260630,1,0.808,
DIAG-20260630-TST-U01989,SECONDARY_ARBITRAGE,501989,20260630,2,0.103,
DIAG-20260630-TST-U01989,LOW_SALES_INCENTIVE,501989,20260630,3,0.089,
DIAG-20260630-TST-U01990,LEGAL_PERMIT_BARRIER,501990,20260630,1,0.81,
DIAG-20260630-TST-U01990,SECONDARY_ARBITRAGE,501990,20260630,2,0.101,
DIAG-20260630-TST-U01990,LOW_SALES_INCENTIVE,501990,20260630,3,0.089,
DIAG-20260630-TST-U01993,LEGAL_PERMIT_BARRIER,501993,20260630,1,0.8,
DIAG-20260630-TST-U01993,SECONDARY_ARBITRAGE,501993,20260630,2,0.112,
DIAG-20260630-TST-U01993,LOW_SALES_INCENTIVE,501993,20260630,3,0.088,
DIAG-20260630-TST-U01994,LEGAL_PERMIT_BARRIER,501994,20260630,1,0.874,
DIAG-20260630-TST-U01994,SECONDARY_ARBITRAGE,501994,20260630,2,0.126,
DIAG-20260630-TST-U01995,LEGAL_PERMIT_BARRIER,501995,20260630,1,0.757,
DIAG-20260630-TST-U01995,EXTREME_THERMAL_EXPOSURE,501995,20260630,2,0.125,
DIAG-20260630-TST-U01995,SECONDARY_ARBITRAGE,501995,20260630,3,0.118,
DIAG-20260630-TST-U01996,LEGAL_PERMIT_BARRIER,501996,20260630,1,0.776,
DIAG-20260630-TST-U01996,SECONDARY_ARBITRAGE,501996,20260630,2,0.123,
DIAG-20260630-TST-U01996,SEVERE_PHYSICAL_DEFECT,501996,20260630,3,0.101,
DIAG-20260630-TST-U01997,LEGAL_PERMIT_BARRIER,501997,20260630,1,0.753,
DIAG-20260630-TST-U01997,SECONDARY_ARBITRAGE,501997,20260630,2,0.142,
DIAG-20260630-TST-U01997,SEVERE_PHYSICAL_DEFECT,501997,20260630,3,0.105,
DIAG-20260630-TST-U01998,LEGAL_PERMIT_BARRIER,501998,20260630,1,0.787,
DIAG-20260630-TST-U01998,SECONDARY_ARBITRAGE,501998,20260630,2,0.126,
DIAG-20260630-TST-U01998,LOW_SALES_INCENTIVE,501998,20260630,3,0.087,
DIAG-20260630-TST-U01999,LEGAL_PERMIT_BARRIER,501999,20260630,1,0.799,
DIAG-20260630-TST-U01999,SECONDARY_ARBITRAGE,501999,20260630,2,0.113,
DIAG-20260630-TST-U01999,LOW_SALES_INCENTIVE,501999,20260630,3,0.088,
DIAG-20260630-TST-U02000,LEGAL_PERMIT_BARRIER,502000,20260630,1,0.881,
DIAG-20260630-TST-U02000,SEVERE_PHYSICAL_DEFECT,502000,20260630,2,0.119,
DIAG-20260630-TST-U02001,LEGAL_PERMIT_BARRIER,502001,20260630,1,0.772,
DIAG-20260630-TST-U02001,SEVERE_PHYSICAL_DEFECT,502001,20260630,2,0.127,
DIAG-20260630-TST-U02001,SECONDARY_ARBITRAGE,502001,20260630,3,0.101,
DIAG-20260630-TST-U02002,LEGAL_PERMIT_BARRIER,502002,20260630,1,0.787,
DIAG-20260630-TST-U02002,SECONDARY_ARBITRAGE,502002,20260630,2,0.127,
DIAG-20260630-TST-U02002,LOW_SALES_INCENTIVE,502002,20260630,3,0.086,
DIAG-20260630-TST-U02004,LEGAL_PERMIT_BARRIER,502004,20260630,1,0.776,
DIAG-20260630-TST-U02004,SEVERE_PHYSICAL_DEFECT,502004,20260630,2,0.112,
DIAG-20260630-TST-U02004,EXTREME_THERMAL_EXPOSURE,502004,20260630,3,0.112,
DIAG-20260630-TST-U02005,LEGAL_PERMIT_BARRIER,502005,20260630,1,0.883,
DIAG-20260630-TST-U02005,SECONDARY_ARBITRAGE,502005,20260630,2,0.117,
DIAG-20260630-TST-U02006,LEGAL_PERMIT_BARRIER,502006,20260630,1,0.901,
DIAG-20260630-TST-U02006,LOW_SALES_INCENTIVE,502006,20260630,2,0.099,
DIAG-20260630-TST-U02007,LEGAL_PERMIT_BARRIER,502007,20260630,1,0.759,
DIAG-20260630-TST-U02007,SECONDARY_ARBITRAGE,502007,20260630,2,0.135,
DIAG-20260630-TST-U02007,EXTREME_THERMAL_EXPOSURE,502007,20260630,3,0.106,
DIAG-20260630-TST-U02009,LEGAL_PERMIT_BARRIER,502009,20260630,1,0.744,
DIAG-20260630-TST-U02009,SECONDARY_ARBITRAGE,502009,20260630,2,0.133,
DIAG-20260630-TST-U02009,SEVERE_PHYSICAL_DEFECT,502009,20260630,3,0.123,
DIAG-20260630-TST-U02011,LEGAL_PERMIT_BARRIER,502011,20260630,1,0.778,
DIAG-20260630-TST-U02011,EXTREME_THERMAL_EXPOSURE,502011,20260630,2,0.113,
DIAG-20260630-TST-U02011,SEVERE_PHYSICAL_DEFECT,502011,20260630,3,0.109,
DIAG-20260630-TST-U02012,LEGAL_PERMIT_BARRIER,502012,20260630,1,0.864,
DIAG-20260630-TST-U02012,SECONDARY_ARBITRAGE,502012,20260630,2,0.136,
DIAG-20260630-TST-U02013,LEGAL_PERMIT_BARRIER,502013,20260630,1,0.775,
DIAG-20260630-TST-U02013,SEVERE_PHYSICAL_DEFECT,502013,20260630,2,0.116,
DIAG-20260630-TST-U02013,EXTREME_THERMAL_EXPOSURE,502013,20260630,3,0.109,
DIAG-20260630-TST-U02014,LEGAL_PERMIT_BARRIER,502014,20260630,1,0.766,
DIAG-20260630-TST-U02014,EXTREME_THERMAL_EXPOSURE,502014,20260630,2,0.126,
DIAG-20260630-TST-U02014,SECONDARY_ARBITRAGE,502014,20260630,3,0.108,
DIAG-20260630-TST-U02015,LEGAL_PERMIT_BARRIER,502015,20260630,1,0.783,
DIAG-20260630-TST-U02015,SEVERE_PHYSICAL_DEFECT,502015,20260630,2,0.113,
DIAG-20260630-TST-U02015,SECONDARY_ARBITRAGE,502015,20260630,3,0.104,
DIAG-20260630-TST-U02016,LEGAL_PERMIT_BARRIER,502016,20260630,1,0.752,
DIAG-20260630-TST-U02016,SEVERE_PHYSICAL_DEFECT,502016,20260630,2,0.124,
DIAG-20260630-TST-U02016,EXTREME_THERMAL_EXPOSURE,502016,20260630,3,0.124,
DIAG-20260630-TST-U02017,LEGAL_PERMIT_BARRIER,502017,20260630,1,0.775,
DIAG-20260630-TST-U02017,EXTREME_THERMAL_EXPOSURE,502017,20260630,2,0.12,
DIAG-20260630-TST-U02017,SEVERE_PHYSICAL_DEFECT,502017,20260630,3,0.105,
DIAG-20260630-TST-U02019,LEGAL_PERMIT_BARRIER,502019,20260630,1,0.775,
DIAG-20260630-TST-U02019,SEVERE_PHYSICAL_DEFECT,502019,20260630,2,0.116,
DIAG-20260630-TST-U02019,SECONDARY_ARBITRAGE,502019,20260630,3,0.109,
DIAG-20260630-TST-U02020,LEGAL_PERMIT_BARRIER,502020,20260630,1,0.753,
DIAG-20260630-TST-U02020,SECONDARY_ARBITRAGE,502020,20260630,2,0.13,
DIAG-20260630-TST-U02020,EXTREME_THERMAL_EXPOSURE,502020,20260630,3,0.117,
DIAG-20260630-TST-U02021,LEGAL_PERMIT_BARRIER,502021,20260630,1,0.793,
DIAG-20260630-TST-U02021,SECONDARY_ARBITRAGE,502021,20260630,2,0.108,
DIAG-20260630-TST-U02021,SEVERE_PHYSICAL_DEFECT,502021,20260630,3,0.099,
DIAG-20260630-TST-U02022,LEGAL_PERMIT_BARRIER,502022,20260630,1,0.792,
DIAG-20260630-TST-U02022,SEVERE_PHYSICAL_DEFECT,502022,20260630,2,0.111,
DIAG-20260630-TST-U02022,SECONDARY_ARBITRAGE,502022,20260630,3,0.097,
DIAG-20260630-TST-U02024,LEGAL_PERMIT_BARRIER,502024,20260630,1,0.864,
DIAG-20260630-TST-U02024,SECONDARY_ARBITRAGE,502024,20260630,2,0.136,
DIAG-20260630-TST-U02026,LEGAL_PERMIT_BARRIER,502026,20260630,1,0.774,
DIAG-20260630-TST-U02026,SECONDARY_ARBITRAGE,502026,20260630,2,0.125,
DIAG-20260630-TST-U02026,SEVERE_PHYSICAL_DEFECT,502026,20260630,3,0.101,
DIAG-20260630-TST-U02027,LEGAL_PERMIT_BARRIER,502027,20260630,1,0.787,
DIAG-20260630-TST-U02027,SEVERE_PHYSICAL_DEFECT,502027,20260630,2,0.11,
DIAG-20260630-TST-U02027,SECONDARY_ARBITRAGE,502027,20260630,3,0.103,
DIAG-20260630-TST-U02028,LEGAL_PERMIT_BARRIER,502028,20260630,1,0.754,
DIAG-20260630-TST-U02028,SECONDARY_ARBITRAGE,502028,20260630,2,0.14,
DIAG-20260630-TST-U02028,EXTREME_THERMAL_EXPOSURE,502028,20260630,3,0.106,
DIAG-20260630-TST-U02029,LEGAL_PERMIT_BARRIER,502029,20260630,1,0.778,
DIAG-20260630-TST-U02029,EXTREME_THERMAL_EXPOSURE,502029,20260630,2,0.128,
DIAG-20260630-TST-U02029,SECONDARY_ARBITRAGE,502029,20260630,3,0.094,
DIAG-20260630-TST-U02030,LEGAL_PERMIT_BARRIER,502030,20260630,1,0.753,
DIAG-20260630-TST-U02030,SEVERE_PHYSICAL_DEFECT,502030,20260630,2,0.124,
DIAG-20260630-TST-U02030,SECONDARY_ARBITRAGE,502030,20260630,3,0.123,
DIAG-20260630-TST-U02031,LEGAL_PERMIT_BARRIER,502031,20260630,1,0.765,
DIAG-20260630-TST-U02031,SECONDARY_ARBITRAGE,502031,20260630,2,0.128,
DIAG-20260630-TST-U02031,EXTREME_THERMAL_EXPOSURE,502031,20260630,3,0.107,
DIAG-20260630-TST-U02032,LEGAL_PERMIT_BARRIER,502032,20260630,1,0.858,
DIAG-20260630-TST-U02032,EXTREME_THERMAL_EXPOSURE,502032,20260630,2,0.142,
DIAG-20260630-TST-U02034,LEGAL_PERMIT_BARRIER,502034,20260630,1,0.786,
DIAG-20260630-TST-U02034,SECONDARY_ARBITRAGE,502034,20260630,2,0.127,
DIAG-20260630-TST-U02034,LOW_SALES_INCENTIVE,502034,20260630,3,0.087,
DIAG-20260630-TST-U02035,LEGAL_PERMIT_BARRIER,502035,20260630,1,0.901,
DIAG-20260630-TST-U02035,LOW_SALES_INCENTIVE,502035,20260630,2,0.099,
DIAG-20260630-TST-U02036,LEGAL_PERMIT_BARRIER,502036,20260630,1,0.739,
DIAG-20260630-TST-U02036,SECONDARY_ARBITRAGE,502036,20260630,2,0.132,
DIAG-20260630-TST-U02036,SEVERE_PHYSICAL_DEFECT,502036,20260630,3,0.129,
DIAG-20260630-TST-U02037,LEGAL_PERMIT_BARRIER,502037,20260630,1,0.869,
DIAG-20260630-TST-U02037,SECONDARY_ARBITRAGE,502037,20260630,2,0.131,
DIAG-20260630-TST-U02038,LEGAL_PERMIT_BARRIER,502038,20260630,1,0.806,
DIAG-20260630-TST-U02038,SECONDARY_ARBITRAGE,502038,20260630,2,0.105,
DIAG-20260630-TST-U02038,LOW_SALES_INCENTIVE,502038,20260630,3,0.089,
DIAG-20260630-TST-U02039,LEGAL_PERMIT_BARRIER,502039,20260630,1,0.77,
DIAG-20260630-TST-U02039,SECONDARY_ARBITRAGE,502039,20260630,2,0.118,
DIAG-20260630-TST-U02039,EXTREME_THERMAL_EXPOSURE,502039,20260630,3,0.112,
DIAG-20260630-TST-U02040,LEGAL_PERMIT_BARRIER,502040,20260630,1,0.752,
DIAG-20260630-TST-U02040,SECONDARY_ARBITRAGE,502040,20260630,2,0.143,
DIAG-20260630-TST-U02040,SEVERE_PHYSICAL_DEFECT,502040,20260630,3,0.105,
DIAG-20260630-TST-U02042,LEGAL_PERMIT_BARRIER,502042,20260630,1,0.771,
DIAG-20260630-TST-U02042,SECONDARY_ARBITRAGE,502042,20260630,2,0.121,
DIAG-20260630-TST-U02042,EXTREME_THERMAL_EXPOSURE,502042,20260630,3,0.108,
DIAG-20260630-TST-U02044,LEGAL_PERMIT_BARRIER,502044,20260630,1,0.756,
DIAG-20260630-TST-U02044,SECONDARY_ARBITRAGE,502044,20260630,2,0.145,
DIAG-20260630-TST-U02044,OVERPRICED_VS_PEER,502044,20260630,3,0.099,
DIAG-20260630-TST-U02045,LEGAL_PERMIT_BARRIER,502045,20260630,1,1.0,
DIAG-20260630-TST-U02046,LEGAL_PERMIT_BARRIER,502046,20260630,1,0.766,
DIAG-20260630-TST-U02046,SEVERE_PHYSICAL_DEFECT,502046,20260630,2,0.123,
DIAG-20260630-TST-U02046,SECONDARY_ARBITRAGE,502046,20260630,3,0.111,
DIAG-20260630-TST-U02047,LEGAL_PERMIT_BARRIER,502047,20260630,1,0.801,
DIAG-20260630-TST-U02047,SECONDARY_ARBITRAGE,502047,20260630,2,0.111,
DIAG-20260630-TST-U02047,LOW_SALES_INCENTIVE,502047,20260630,3,0.088,
DIAG-20260630-TST-U02048,LEGAL_PERMIT_BARRIER,502048,20260630,1,0.774,
DIAG-20260630-TST-U02048,SECONDARY_ARBITRAGE,502048,20260630,2,0.13,
DIAG-20260630-TST-U02048,OVERPRICED_VS_PEER,502048,20260630,3,0.096,
DIAG-20260630-TST-U02049,LEGAL_PERMIT_BARRIER,502049,20260630,1,0.889,
DIAG-20260630-TST-U02049,SEVERE_PHYSICAL_DEFECT,502049,20260630,2,0.111,
DIAG-20260630-TST-U02051,LEGAL_PERMIT_BARRIER,502051,20260630,1,0.804,
DIAG-20260630-TST-U02051,SECONDARY_ARBITRAGE,502051,20260630,2,0.108,
DIAG-20260630-TST-U02051,LOW_SALES_INCENTIVE,502051,20260630,3,0.088,
DIAG-20260630-TST-U02053,LEGAL_PERMIT_BARRIER,502053,20260630,1,0.787,
DIAG-20260630-TST-U02053,SECONDARY_ARBITRAGE,502053,20260630,2,0.127,
DIAG-20260630-TST-U02053,LOW_SALES_INCENTIVE,502053,20260630,3,0.086,
DIAG-20260630-TST-U02057,LEGAL_PERMIT_BARRIER,502057,20260630,1,0.796,
DIAG-20260630-TST-U02057,SEVERE_PHYSICAL_DEFECT,502057,20260630,2,0.104,
DIAG-20260630-TST-U02057,SECONDARY_ARBITRAGE,502057,20260630,3,0.1,
DIAG-20260630-TST-U02058,LEGAL_PERMIT_BARRIER,502058,20260630,1,0.77,
DIAG-20260630-TST-U02058,SECONDARY_ARBITRAGE,502058,20260630,2,0.116,
DIAG-20260630-TST-U02058,LUMP_SUM_TICKET_BARRIER,502058,20260630,3,0.114,
DIAG-20260630-TST-U02059,LEGAL_PERMIT_BARRIER,502059,20260630,1,0.806,
DIAG-20260630-TST-U02059,SEVERE_PHYSICAL_DEFECT,502059,20260630,2,0.105,
DIAG-20260630-TST-U02059,LOW_SALES_INCENTIVE,502059,20260630,3,0.089,
DIAG-20260630-TST-U02060,LEGAL_PERMIT_BARRIER,502060,20260630,1,0.773,
DIAG-20260630-TST-U02060,SEVERE_PHYSICAL_DEFECT,502060,20260630,2,0.128,
DIAG-20260630-TST-U02060,SECONDARY_ARBITRAGE,502060,20260630,3,0.099,
DIAG-20260630-TST-U02061,LEGAL_PERMIT_BARRIER,502061,20260630,1,0.798,
DIAG-20260630-TST-U02061,SECONDARY_ARBITRAGE,502061,20260630,2,0.114,
DIAG-20260630-TST-U02061,LOW_SALES_INCENTIVE,502061,20260630,3,0.088,
DIAG-20260630-TST-U02062,LEGAL_PERMIT_BARRIER,502062,20260630,1,0.855,
DIAG-20260630-TST-U02062,SECONDARY_ARBITRAGE,502062,20260630,2,0.145,
DIAG-20260630-TST-U02063,LEGAL_PERMIT_BARRIER,502063,20260630,1,0.877,
DIAG-20260630-TST-U02063,SEVERE_PHYSICAL_DEFECT,502063,20260630,2,0.123,
DIAG-20260630-TST-U02064,LEGAL_PERMIT_BARRIER,502064,20260630,1,0.761,
DIAG-20260630-TST-U02064,EXTREME_THERMAL_EXPOSURE,502064,20260630,2,0.126,
DIAG-20260630-TST-U02064,SECONDARY_ARBITRAGE,502064,20260630,3,0.113,
DIAG-20260630-TST-U02065,LEGAL_PERMIT_BARRIER,502065,20260630,1,0.773,
DIAG-20260630-TST-U02065,EXTREME_THERMAL_EXPOSURE,502065,20260630,2,0.127,
DIAG-20260630-TST-U02065,SECONDARY_ARBITRAGE,502065,20260630,3,0.1,
DIAG-20260630-TST-U02067,LEGAL_PERMIT_BARRIER,502067,20260630,1,0.756,
DIAG-20260630-TST-U02067,SECONDARY_ARBITRAGE,502067,20260630,2,0.138,
DIAG-20260630-TST-U02067,EXTREME_THERMAL_EXPOSURE,502067,20260630,3,0.106,
DIAG-20260630-TST-U02068,LEGAL_PERMIT_BARRIER,502068,20260630,1,0.752,
DIAG-20260630-TST-U02068,SECONDARY_ARBITRAGE,502068,20260630,2,0.134,
DIAG-20260630-TST-U02068,LUMP_SUM_TICKET_BARRIER,502068,20260630,3,0.114,
DIAG-20260630-TST-U02069,LEGAL_PERMIT_BARRIER,502069,20260630,1,0.901,
DIAG-20260630-TST-U02069,LOW_SALES_INCENTIVE,502069,20260630,2,0.099,
DIAG-20260630-TST-U02070,LEGAL_PERMIT_BARRIER,502070,20260630,1,0.765,
DIAG-20260630-TST-U02070,SECONDARY_ARBITRAGE,502070,20260630,2,0.12,
DIAG-20260630-TST-U02070,SEVERE_PHYSICAL_DEFECT,502070,20260630,3,0.115,
DIAG-20260630-TST-U02071,LEGAL_PERMIT_BARRIER,502071,20260630,1,0.796,
DIAG-20260630-TST-U02071,SEVERE_PHYSICAL_DEFECT,502071,20260630,2,0.116,
DIAG-20260630-TST-U02071,LOW_SALES_INCENTIVE,502071,20260630,3,0.088,
DIAG-20260630-TST-U02072,LEGAL_PERMIT_BARRIER,502072,20260630,1,0.779,
DIAG-20260630-TST-U02072,SECONDARY_ARBITRAGE,502072,20260630,2,0.116,
DIAG-20260630-TST-U02072,SEVERE_PHYSICAL_DEFECT,502072,20260630,3,0.105,
DIAG-20260630-TST-U02073,LEGAL_PERMIT_BARRIER,502073,20260630,1,0.758,
DIAG-20260630-TST-U02073,SEVERE_PHYSICAL_DEFECT,502073,20260630,2,0.136,
DIAG-20260630-TST-U02073,EXTREME_THERMAL_EXPOSURE,502073,20260630,3,0.106,
DIAG-20260630-TST-U02074,LEGAL_PERMIT_BARRIER,502074,20260630,1,0.901,
DIAG-20260630-TST-U02074,LOW_SALES_INCENTIVE,502074,20260630,2,0.099,
DIAG-20260630-TST-U02075,LEGAL_PERMIT_BARRIER,502075,20260630,1,0.784,
DIAG-20260630-TST-U02075,SEVERE_PHYSICAL_DEFECT,502075,20260630,2,0.117,
DIAG-20260630-TST-U02075,SECONDARY_ARBITRAGE,502075,20260630,3,0.099,
DIAG-20260630-TST-U02076,LEGAL_PERMIT_BARRIER,502076,20260630,1,0.874,
DIAG-20260630-TST-U02076,SECONDARY_ARBITRAGE,502076,20260630,2,0.126,
DIAG-20260630-TST-U02079,LEGAL_PERMIT_BARRIER,502079,20260630,1,0.801,
DIAG-20260630-TST-U02079,SECONDARY_ARBITRAGE,502079,20260630,2,0.111,
DIAG-20260630-TST-U02079,LOW_SALES_INCENTIVE,502079,20260630,3,0.088,
DIAG-20260630-TST-U02080,LEGAL_PERMIT_BARRIER,502080,20260630,1,0.741,
DIAG-20260630-TST-U02080,SEVERE_PHYSICAL_DEFECT,502080,20260630,2,0.13,
DIAG-20260630-TST-U02080,SECONDARY_ARBITRAGE,502080,20260630,3,0.129,
DIAG-20260630-TST-U02081,LEGAL_PERMIT_BARRIER,502081,20260630,1,0.77,
DIAG-20260630-TST-U02081,SEVERE_PHYSICAL_DEFECT,502081,20260630,2,0.123,
DIAG-20260630-TST-U02081,SECONDARY_ARBITRAGE,502081,20260630,3,0.107,
DIAG-20260630-TST-U02082,LEGAL_PERMIT_BARRIER,502082,20260630,1,0.747,
DIAG-20260630-TST-U02082,SECONDARY_ARBITRAGE,502082,20260630,2,0.139,
DIAG-20260630-TST-U02082,LUMP_SUM_TICKET_BARRIER,502082,20260630,3,0.114,
DIAG-20260630-TST-U02083,LEGAL_PERMIT_BARRIER,502083,20260630,1,0.756,
DIAG-20260630-TST-U02083,SECONDARY_ARBITRAGE,502083,20260630,2,0.13,
DIAG-20260630-TST-U02083,LUMP_SUM_TICKET_BARRIER,502083,20260630,3,0.114,
DIAG-20260630-TST-U02085,LEGAL_PERMIT_BARRIER,502085,20260630,1,0.79,
DIAG-20260630-TST-U02085,EXTREME_THERMAL_EXPOSURE,502085,20260630,2,0.111,
DIAG-20260630-TST-U02085,SECONDARY_ARBITRAGE,502085,20260630,3,0.099,
DIAG-20260630-TST-U02086,LEGAL_PERMIT_BARRIER,502086,20260630,1,0.773,
DIAG-20260630-TST-U02086,SECONDARY_ARBITRAGE,502086,20260630,2,0.123,
DIAG-20260630-TST-U02086,SEVERE_PHYSICAL_DEFECT,502086,20260630,3,0.104,
DIAG-20260630-TST-U02087,LEGAL_PERMIT_BARRIER,502087,20260630,1,0.777,
DIAG-20260630-TST-U02087,SECONDARY_ARBITRAGE,502087,20260630,2,0.114,
DIAG-20260630-TST-U02087,EXTREME_THERMAL_EXPOSURE,502087,20260630,3,0.109,
DIAG-20260630-TST-U02089,LEGAL_PERMIT_BARRIER,502089,20260630,1,0.877,
DIAG-20260630-TST-U02089,EXTREME_THERMAL_EXPOSURE,502089,20260630,2,0.123,
DIAG-20260630-TST-U02090,LEGAL_PERMIT_BARRIER,502090,20260630,1,0.744,
DIAG-20260630-TST-U02090,SEVERE_PHYSICAL_DEFECT,502090,20260630,2,0.13,
DIAG-20260630-TST-U02090,SECONDARY_ARBITRAGE,502090,20260630,3,0.126,
DIAG-20260630-TST-U02091,LEGAL_PERMIT_BARRIER,502091,20260630,1,0.877,
DIAG-20260630-TST-U02091,EXTREME_THERMAL_EXPOSURE,502091,20260630,2,0.123,
DIAG-20260630-TST-U02093,LEGAL_PERMIT_BARRIER,502093,20260630,1,0.89,
DIAG-20260630-TST-U02093,SECONDARY_ARBITRAGE,502093,20260630,2,0.11,
DIAG-20260630-TST-U02094,LEGAL_PERMIT_BARRIER,502094,20260630,1,0.744,
DIAG-20260630-TST-U02094,SECONDARY_ARBITRAGE,502094,20260630,2,0.13,
DIAG-20260630-TST-U02094,SEVERE_PHYSICAL_DEFECT,502094,20260630,3,0.126,
DIAG-20260630-TST-U02095,LEGAL_PERMIT_BARRIER,502095,20260630,1,0.81,
DIAG-20260630-TST-U02095,SECONDARY_ARBITRAGE,502095,20260630,2,0.101,
DIAG-20260630-TST-U02095,LOW_SALES_INCENTIVE,502095,20260630,3,0.089,
DIAG-20260630-TST-U02097,LEGAL_PERMIT_BARRIER,502097,20260630,1,0.788,
DIAG-20260630-TST-U02097,SECONDARY_ARBITRAGE,502097,20260630,2,0.125,
DIAG-20260630-TST-U02097,LOW_SALES_INCENTIVE,502097,20260630,3,0.087,
DIAG-20260630-TST-U02098,LEGAL_PERMIT_BARRIER,502098,20260630,1,0.772,
DIAG-20260630-TST-U02098,EXTREME_THERMAL_EXPOSURE,502098,20260630,2,0.12,
DIAG-20260630-TST-U02098,SEVERE_PHYSICAL_DEFECT,502098,20260630,3,0.108,
DIAG-20260630-TST-U02099,LEGAL_PERMIT_BARRIER,502099,20260630,1,0.778,
DIAG-20260630-TST-U02099,SECONDARY_ARBITRAGE,502099,20260630,2,0.136,
DIAG-20260630-TST-U02099,LOW_SALES_INCENTIVE,502099,20260630,3,0.086,
DIAG-20260630-TST-U02100,LEGAL_PERMIT_BARRIER,502100,20260630,1,0.81,
DIAG-20260630-TST-U02100,SECONDARY_ARBITRAGE,502100,20260630,2,0.101,
DIAG-20260630-TST-U02100,LOW_SALES_INCENTIVE,502100,20260630,3,0.089,
DIAG-20260630-TST-U02101,LEGAL_PERMIT_BARRIER,502101,20260630,1,0.771,
DIAG-20260630-TST-U02101,SEVERE_PHYSICAL_DEFECT,502101,20260630,2,0.131,
DIAG-20260630-TST-U02101,SECONDARY_ARBITRAGE,502101,20260630,3,0.098,
DIAG-20260630-TST-U02102,LEGAL_PERMIT_BARRIER,502102,20260630,1,0.773,
DIAG-20260630-TST-U02102,SECONDARY_ARBITRAGE,502102,20260630,2,0.127,
DIAG-20260630-TST-U02102,SEVERE_PHYSICAL_DEFECT,502102,20260630,3,0.1,
DIAG-20260630-TST-U02103,LEGAL_PERMIT_BARRIER,502103,20260630,1,0.774,
DIAG-20260630-TST-U02103,SECONDARY_ARBITRAGE,502103,20260630,2,0.114,
DIAG-20260630-TST-U02103,SEVERE_PHYSICAL_DEFECT,502103,20260630,3,0.112,
DIAG-20260630-TST-U02104,LEGAL_PERMIT_BARRIER,502104,20260630,1,0.786,
DIAG-20260630-TST-U02104,SECONDARY_ARBITRAGE,502104,20260630,2,0.128,
DIAG-20260630-TST-U02104,LOW_SALES_INCENTIVE,502104,20260630,3,0.086,
DIAG-20260630-TST-U02106,LEGAL_PERMIT_BARRIER,502106,20260630,1,0.883,
DIAG-20260630-TST-U02106,SECONDARY_ARBITRAGE,502106,20260630,2,0.117,
DIAG-20260630-TST-U02107,LEGAL_PERMIT_BARRIER,502107,20260630,1,0.878,
DIAG-20260630-TST-U02107,SECONDARY_ARBITRAGE,502107,20260630,2,0.122,
DIAG-20260630-TST-U02108,LEGAL_PERMIT_BARRIER,502108,20260630,1,0.872,
DIAG-20260630-TST-U02108,SECONDARY_ARBITRAGE,502108,20260630,2,0.128,
DIAG-20260630-TST-U02109,LEGAL_PERMIT_BARRIER,502109,20260630,1,0.901,
DIAG-20260630-TST-U02109,LOW_SALES_INCENTIVE,502109,20260630,2,0.099,
DIAG-20260630-TST-U02110,LEGAL_PERMIT_BARRIER,502110,20260630,1,0.752,
DIAG-20260630-TST-U02110,EXTREME_THERMAL_EXPOSURE,502110,20260630,2,0.131,
DIAG-20260630-TST-U02110,SECONDARY_ARBITRAGE,502110,20260630,3,0.117,
DIAG-20260630-TST-U02111,LEGAL_PERMIT_BARRIER,502111,20260630,1,0.79,
DIAG-20260630-TST-U02111,SEVERE_PHYSICAL_DEFECT,502111,20260630,2,0.107,
DIAG-20260630-TST-U02111,SECONDARY_ARBITRAGE,502111,20260630,3,0.103,
DIAG-20260630-TST-U02112,LEGAL_PERMIT_BARRIER,502112,20260630,1,0.777,
DIAG-20260630-TST-U02112,SECONDARY_ARBITRAGE,502112,20260630,2,0.138,
DIAG-20260630-TST-U02112,LOW_SALES_INCENTIVE,502112,20260630,3,0.085,
DIAG-20260630-TST-U02113,LEGAL_PERMIT_BARRIER,502113,20260630,1,0.776,
DIAG-20260630-TST-U02113,SEVERE_PHYSICAL_DEFECT,502113,20260630,2,0.112,
DIAG-20260630-TST-U02113,SECONDARY_ARBITRAGE,502113,20260630,3,0.112,
DIAG-20260630-TST-U02114,LEGAL_PERMIT_BARRIER,502114,20260630,1,0.889,
DIAG-20260630-TST-U02114,SECONDARY_ARBITRAGE,502114,20260630,2,0.111,
DIAG-20260630-TST-U02117,LEGAL_PERMIT_BARRIER,502117,20260630,1,0.778,
DIAG-20260630-TST-U02117,EXTREME_THERMAL_EXPOSURE,502117,20260630,2,0.113,
DIAG-20260630-TST-U02117,SECONDARY_ARBITRAGE,502117,20260630,3,0.109,
DIAG-20260630-TST-U02118,LEGAL_PERMIT_BARRIER,502118,20260630,1,0.779,
DIAG-20260630-TST-U02118,SECONDARY_ARBITRAGE,502118,20260630,2,0.112,
DIAG-20260630-TST-U02118,EXTREME_THERMAL_EXPOSURE,502118,20260630,3,0.109,
DIAG-20260630-TST-U02119,LEGAL_PERMIT_BARRIER,502119,20260630,1,0.772,
DIAG-20260630-TST-U02119,LUMP_SUM_TICKET_BARRIER,502119,20260630,2,0.114,
DIAG-20260630-TST-U02119,SECONDARY_ARBITRAGE,502119,20260630,3,0.114,
DIAG-20260630-TST-U02120,LEGAL_PERMIT_BARRIER,502120,20260630,1,0.785,
DIAG-20260630-TST-U02120,EXTREME_THERMAL_EXPOSURE,502120,20260630,2,0.129,
DIAG-20260630-TST-U02120,LOW_SALES_INCENTIVE,502120,20260630,3,0.086,
DIAG-20260630-TST-U02121,LEGAL_PERMIT_BARRIER,502121,20260630,1,0.765,
DIAG-20260630-TST-U02121,SECONDARY_ARBITRAGE,502121,20260630,2,0.12,
DIAG-20260630-TST-U02121,SEVERE_PHYSICAL_DEFECT,502121,20260630,3,0.115,
DIAG-20260630-TST-U02122,LEGAL_PERMIT_BARRIER,502122,20260630,1,0.785,
DIAG-20260630-TST-U02122,SEVERE_PHYSICAL_DEFECT,502122,20260630,2,0.114,
DIAG-20260630-TST-U02122,SECONDARY_ARBITRAGE,502122,20260630,3,0.101,
DIAG-20260630-TST-U02123,LEGAL_PERMIT_BARRIER,502123,20260630,1,0.779,
DIAG-20260630-TST-U02123,SECONDARY_ARBITRAGE,502123,20260630,2,0.112,
DIAG-20260630-TST-U02123,EXTREME_THERMAL_EXPOSURE,502123,20260630,3,0.109,
DIAG-20260630-TST-U02124,LEGAL_PERMIT_BARRIER,502124,20260630,1,0.875,
DIAG-20260630-TST-U02124,SECONDARY_ARBITRAGE,502124,20260630,2,0.125,
DIAG-20260630-TST-U02125,LEGAL_PERMIT_BARRIER,502125,20260630,1,0.872,
DIAG-20260630-TST-U02125,SECONDARY_ARBITRAGE,502125,20260630,2,0.128,
DIAG-20260630-TST-U02126,LEGAL_PERMIT_BARRIER,502126,20260630,1,0.768,
DIAG-20260630-TST-U02126,SECONDARY_ARBITRAGE,502126,20260630,2,0.133,
DIAG-20260630-TST-U02126,OVERPRICED_VS_PEER,502126,20260630,3,0.099,
DIAG-20260630-TST-U02127,LEGAL_PERMIT_BARRIER,502127,20260630,1,1.0,
DIAG-20260630-TST-U02128,LEGAL_PERMIT_BARRIER,502128,20260630,1,0.872,
DIAG-20260630-TST-U02128,SECONDARY_ARBITRAGE,502128,20260630,2,0.128,
DIAG-20260630-TST-U02129,LEGAL_PERMIT_BARRIER,502129,20260630,1,0.757,
DIAG-20260630-TST-U02129,SEVERE_PHYSICAL_DEFECT,502129,20260630,2,0.125,
DIAG-20260630-TST-U02129,SECONDARY_ARBITRAGE,502129,20260630,3,0.118,
DIAG-20260630-TST-U02131,LEGAL_PERMIT_BARRIER,502131,20260630,1,0.885,
DIAG-20260630-TST-U02131,SEVERE_PHYSICAL_DEFECT,502131,20260630,2,0.115,
DIAG-20260630-TST-U02132,LEGAL_PERMIT_BARRIER,502132,20260630,1,0.863,
DIAG-20260630-TST-U02132,SECONDARY_ARBITRAGE,502132,20260630,2,0.137,
DIAG-20260630-TST-U02133,LEGAL_PERMIT_BARRIER,502133,20260630,1,0.881,
DIAG-20260630-TST-U02133,SEVERE_PHYSICAL_DEFECT,502133,20260630,2,0.119,
DIAG-20260630-TST-U02134,LEGAL_PERMIT_BARRIER,502134,20260630,1,0.765,
DIAG-20260630-TST-U02134,SECONDARY_ARBITRAGE,502134,20260630,2,0.123,
DIAG-20260630-TST-U02134,LUMP_SUM_TICKET_BARRIER,502134,20260630,3,0.112,
DIAG-20260630-TST-U02135,LEGAL_PERMIT_BARRIER,502135,20260630,1,0.756,
DIAG-20260630-TST-U02135,SEVERE_PHYSICAL_DEFECT,502135,20260630,2,0.132,
DIAG-20260630-TST-U02135,SECONDARY_ARBITRAGE,502135,20260630,3,0.112,
DIAG-20260630-TST-U02136,LEGAL_PERMIT_BARRIER,502136,20260630,1,0.779,
DIAG-20260630-TST-U02136,SECONDARY_ARBITRAGE,502136,20260630,2,0.112,
DIAG-20260630-TST-U02136,EXTREME_THERMAL_EXPOSURE,502136,20260630,3,0.109,
DIAG-20260630-TST-U02137,LEGAL_PERMIT_BARRIER,502137,20260630,1,0.901,
DIAG-20260630-TST-U02137,LOW_SALES_INCENTIVE,502137,20260630,2,0.099,
DIAG-20260630-TST-U02139,LEGAL_PERMIT_BARRIER,502139,20260630,1,0.784,
DIAG-20260630-TST-U02139,EXTREME_THERMAL_EXPOSURE,502139,20260630,2,0.11,
DIAG-20260630-TST-U02139,SECONDARY_ARBITRAGE,502139,20260630,3,0.106,
DIAG-20260630-TST-U02140,LEGAL_PERMIT_BARRIER,502140,20260630,1,0.791,
DIAG-20260630-TST-U02140,SEVERE_PHYSICAL_DEFECT,502140,20260630,2,0.111,
DIAG-20260630-TST-U02140,SECONDARY_ARBITRAGE,502140,20260630,3,0.098,
DIAG-20260630-TST-U02141,LEGAL_PERMIT_BARRIER,502141,20260630,1,0.773,
DIAG-20260630-TST-U02141,EXTREME_THERMAL_EXPOSURE,502141,20260630,2,0.127,
DIAG-20260630-TST-U02141,SEVERE_PHYSICAL_DEFECT,502141,20260630,3,0.1,
DIAG-20260630-TST-U02143,LEGAL_PERMIT_BARRIER,502143,20260630,1,0.781,
DIAG-20260630-TST-U02143,SECONDARY_ARBITRAGE,502143,20260630,2,0.11,
DIAG-20260630-TST-U02143,SEVERE_PHYSICAL_DEFECT,502143,20260630,3,0.109,
DIAG-20260630-TST-U02144,LEGAL_PERMIT_BARRIER,502144,20260630,1,0.764,
DIAG-20260630-TST-U02144,SEVERE_PHYSICAL_DEFECT,502144,20260630,2,0.118,
DIAG-20260630-TST-U02144,EXTREME_THERMAL_EXPOSURE,502144,20260630,3,0.118,
DIAG-20260630-TST-U02145,LEGAL_PERMIT_BARRIER,502145,20260630,1,0.878,
DIAG-20260630-TST-U02145,SECONDARY_ARBITRAGE,502145,20260630,2,0.122,
DIAG-20260630-TST-U02146,LEGAL_PERMIT_BARRIER,502146,20260630,1,0.871,
DIAG-20260630-TST-U02146,SECONDARY_ARBITRAGE,502146,20260630,2,0.129,
DIAG-20260630-TST-U02147,LEGAL_PERMIT_BARRIER,502147,20260630,1,0.874,
DIAG-20260630-TST-U02147,SECONDARY_ARBITRAGE,502147,20260630,2,0.126,
DIAG-20260630-TST-U02148,LEGAL_PERMIT_BARRIER,502148,20260630,1,0.803,
DIAG-20260630-TST-U02148,SECONDARY_ARBITRAGE,502148,20260630,2,0.109,
DIAG-20260630-TST-U02148,LOW_SALES_INCENTIVE,502148,20260630,3,0.088,
DIAG-20260630-TST-U02150,LEGAL_PERMIT_BARRIER,502150,20260630,1,0.773,
DIAG-20260630-TST-U02150,SECONDARY_ARBITRAGE,502150,20260630,2,0.119,
DIAG-20260630-TST-U02150,SEVERE_PHYSICAL_DEFECT,502150,20260630,3,0.108,
DIAG-20260630-TST-U02151,LEGAL_PERMIT_BARRIER,502151,20260630,1,0.796,
DIAG-20260630-TST-U02151,EXTREME_THERMAL_EXPOSURE,502151,20260630,2,0.116,
DIAG-20260630-TST-U02151,LOW_SALES_INCENTIVE,502151,20260630,3,0.088,
DIAG-20260630-TST-U02153,LEGAL_PERMIT_BARRIER,502153,20260630,1,0.746,
DIAG-20260630-TST-U02153,EXTREME_THERMAL_EXPOSURE,502153,20260630,2,0.145,
DIAG-20260630-TST-U02153,LUMP_SUM_TICKET_BARRIER,502153,20260630,3,0.109,
DIAG-20260630-TST-U02155,LEGAL_PERMIT_BARRIER,502155,20260630,1,0.763,
DIAG-20260630-TST-U02155,SECONDARY_ARBITRAGE,502155,20260630,2,0.123,
DIAG-20260630-TST-U02155,SEVERE_PHYSICAL_DEFECT,502155,20260630,3,0.114,
DIAG-20260630-TST-U02156,LEGAL_PERMIT_BARRIER,502156,20260630,1,0.759,
DIAG-20260630-TST-U02156,SECONDARY_ARBITRAGE,502156,20260630,2,0.135,
DIAG-20260630-TST-U02156,EXTREME_THERMAL_EXPOSURE,502156,20260630,3,0.106,
DIAG-20260630-TST-U02157,LEGAL_PERMIT_BARRIER,502157,20260630,1,0.778,
DIAG-20260630-TST-U02157,SECONDARY_ARBITRAGE,502157,20260630,2,0.128,
DIAG-20260630-TST-U02157,OVERPRICED_VS_PEER,502157,20260630,3,0.094,
DIAG-20260630-TST-U02158,LEGAL_PERMIT_BARRIER,502158,20260630,1,0.773,
DIAG-20260630-TST-U02158,EXTREME_THERMAL_EXPOSURE,502158,20260630,2,0.127,
DIAG-20260630-TST-U02158,SEVERE_PHYSICAL_DEFECT,502158,20260630,3,0.1,
DIAG-20260630-TST-U02160,LEGAL_PERMIT_BARRIER,502160,20260630,1,0.762,
DIAG-20260630-TST-U02160,SECONDARY_ARBITRAGE,502160,20260630,2,0.131,
DIAG-20260630-TST-U02160,SEVERE_PHYSICAL_DEFECT,502160,20260630,3,0.107,
DIAG-20260630-TST-U02162,LEGAL_PERMIT_BARRIER,502162,20260630,1,0.749,
DIAG-20260630-TST-U02162,EXTREME_THERMAL_EXPOSURE,502162,20260630,2,0.146,
DIAG-20260630-TST-U02162,SEVERE_PHYSICAL_DEFECT,502162,20260630,3,0.105,
DIAG-20260630-TST-U02163,LEGAL_PERMIT_BARRIER,502163,20260630,1,0.79,
DIAG-20260630-TST-U02163,EXTREME_THERMAL_EXPOSURE,502163,20260630,2,0.123,
DIAG-20260630-TST-U02163,LOW_SALES_INCENTIVE,502163,20260630,3,0.087,
DIAG-20260630-TST-U02164,LEGAL_PERMIT_BARRIER,502164,20260630,1,0.78,
DIAG-20260630-TST-U02164,SEVERE_PHYSICAL_DEFECT,502164,20260630,2,0.121,
DIAG-20260630-TST-U02164,SECONDARY_ARBITRAGE,502164,20260630,3,0.099,
DIAG-20260630-TST-U02165,LEGAL_PERMIT_BARRIER,502165,20260630,1,0.8,
DIAG-20260630-TST-U02165,SEVERE_PHYSICAL_DEFECT,502165,20260630,2,0.112,
DIAG-20260630-TST-U02165,LOW_SALES_INCENTIVE,502165,20260630,3,0.088,
DIAG-20260630-TST-U02166,LEGAL_PERMIT_BARRIER,502166,20260630,1,0.79,
DIAG-20260630-TST-U02166,EXTREME_THERMAL_EXPOSURE,502166,20260630,2,0.123,
DIAG-20260630-TST-U02166,LOW_SALES_INCENTIVE,502166,20260630,3,0.087,
DIAG-20260630-TST-U02167,LEGAL_PERMIT_BARRIER,502167,20260630,1,0.809,
DIAG-20260630-TST-U02167,SECONDARY_ARBITRAGE,502167,20260630,2,0.102,
DIAG-20260630-TST-U02167,LOW_SALES_INCENTIVE,502167,20260630,3,0.089,
DIAG-20260630-TST-U02168,LEGAL_PERMIT_BARRIER,502168,20260630,1,0.756,
DIAG-20260630-TST-U02168,SECONDARY_ARBITRAGE,502168,20260630,2,0.127,
DIAG-20260630-TST-U02168,EXTREME_THERMAL_EXPOSURE,502168,20260630,3,0.117,
DIAG-20260630-TST-U02169,LEGAL_PERMIT_BARRIER,502169,20260630,1,0.762,
DIAG-20260630-TST-U02169,EXTREME_THERMAL_EXPOSURE,502169,20260630,2,0.133,
DIAG-20260630-TST-U02169,SECONDARY_ARBITRAGE,502169,20260630,3,0.105,
DIAG-20260630-TST-U02170,LEGAL_PERMIT_BARRIER,502170,20260630,1,0.744,
DIAG-20260630-TST-U02170,SEVERE_PHYSICAL_DEFECT,502170,20260630,2,0.141,
DIAG-20260630-TST-U02170,EXTREME_THERMAL_EXPOSURE,502170,20260630,3,0.115,
DIAG-20260630-TST-U02171,LEGAL_PERMIT_BARRIER,502171,20260630,1,0.749,
DIAG-20260630-TST-U02171,SECONDARY_ARBITRAGE,502171,20260630,2,0.127,
DIAG-20260630-TST-U02171,SEVERE_PHYSICAL_DEFECT,502171,20260630,3,0.124,
DIAG-20260630-TST-U02173,LEGAL_PERMIT_BARRIER,502173,20260630,1,0.757,
DIAG-20260630-TST-U02173,EXTREME_THERMAL_EXPOSURE,502173,20260630,2,0.129,
DIAG-20260630-TST-U02173,SEVERE_PHYSICAL_DEFECT,502173,20260630,3,0.114,
DIAG-20260630-TST-U02174,LEGAL_PERMIT_BARRIER,502174,20260630,1,0.781,
DIAG-20260630-TST-U02174,SEVERE_PHYSICAL_DEFECT,502174,20260630,2,0.133,
DIAG-20260630-TST-U02174,LOW_SALES_INCENTIVE,502174,20260630,3,0.086,
DIAG-20260630-TST-U02175,LEGAL_PERMIT_BARRIER,502175,20260630,1,0.753,
DIAG-20260630-TST-U02175,EXTREME_THERMAL_EXPOSURE,502175,20260630,2,0.132,
DIAG-20260630-TST-U02175,SECONDARY_ARBITRAGE,502175,20260630,3,0.115,
DIAG-20260630-TST-U02178,LEGAL_PERMIT_BARRIER,502178,20260630,1,0.768,
DIAG-20260630-TST-U02178,EXTREME_THERMAL_EXPOSURE,502178,20260630,2,0.119,
DIAG-20260630-TST-U02178,SECONDARY_ARBITRAGE,502178,20260630,3,0.113,
DIAG-20260630-TST-U02179,LEGAL_PERMIT_BARRIER,502179,20260630,1,0.778,
DIAG-20260630-TST-U02179,EXTREME_THERMAL_EXPOSURE,502179,20260630,2,0.121,
DIAG-20260630-TST-U02179,SECONDARY_ARBITRAGE,502179,20260630,3,0.101,
DIAG-20260630-TST-U02180,LEGAL_PERMIT_BARRIER,502180,20260630,1,0.765,
DIAG-20260630-TST-U02180,SECONDARY_ARBITRAGE,502180,20260630,2,0.14,
DIAG-20260630-TST-U02180,OVERPRICED_VS_PEER,502180,20260630,3,0.095,
DIAG-20260630-TST-U02181,LEGAL_PERMIT_BARRIER,502181,20260630,1,0.761,
DIAG-20260630-TST-U02181,SECONDARY_ARBITRAGE,502181,20260630,2,0.121,
DIAG-20260630-TST-U02181,EXTREME_THERMAL_EXPOSURE,502181,20260630,3,0.118,
DIAG-20260630-TST-U02183,LEGAL_PERMIT_BARRIER,502183,20260630,1,0.744,
DIAG-20260630-TST-U02183,SEVERE_PHYSICAL_DEFECT,502183,20260630,2,0.138,
DIAG-20260630-TST-U02183,SECONDARY_ARBITRAGE,502183,20260630,3,0.118,
DIAG-20260630-TST-U02184,LEGAL_PERMIT_BARRIER,502184,20260630,1,0.756,
DIAG-20260630-TST-U02184,EXTREME_THERMAL_EXPOSURE,502184,20260630,2,0.132,
DIAG-20260630-TST-U02184,SECONDARY_ARBITRAGE,502184,20260630,3,0.112,
DIAG-20260630-TST-U02186,LEGAL_PERMIT_BARRIER,502186,20260630,1,0.755,
DIAG-20260630-TST-U02186,EXTREME_THERMAL_EXPOSURE,502186,20260630,2,0.147,
DIAG-20260630-TST-U02186,SEVERE_PHYSICAL_DEFECT,502186,20260630,3,0.098,
DIAG-20260630-TST-U02187,LEGAL_PERMIT_BARRIER,502187,20260630,1,0.747,
DIAG-20260630-TST-U02187,SECONDARY_ARBITRAGE,502187,20260630,2,0.141,
DIAG-20260630-TST-U02187,SEVERE_PHYSICAL_DEFECT,502187,20260630,3,0.112,
DIAG-20260630-TST-U02188,LEGAL_PERMIT_BARRIER,502188,20260630,1,0.79,
DIAG-20260630-TST-U02188,EXTREME_THERMAL_EXPOSURE,502188,20260630,2,0.123,
DIAG-20260630-TST-U02188,LOW_SALES_INCENTIVE,502188,20260630,3,0.087,
DIAG-20260630-TST-U02189,LEGAL_PERMIT_BARRIER,502189,20260630,1,0.746,
DIAG-20260630-TST-U02189,EXTREME_THERMAL_EXPOSURE,502189,20260630,2,0.146,
DIAG-20260630-TST-U02189,SEVERE_PHYSICAL_DEFECT,502189,20260630,3,0.108,
DIAG-20260630-TST-U02190,LEGAL_PERMIT_BARRIER,502190,20260630,1,0.8,
DIAG-20260630-TST-U02190,SEVERE_PHYSICAL_DEFECT,502190,20260630,2,0.112,
DIAG-20260630-TST-U02190,LOW_SALES_INCENTIVE,502190,20260630,3,0.088,
DIAG-20260630-TST-U02192,LEGAL_PERMIT_BARRIER,502192,20260630,1,0.808,
DIAG-20260630-TST-U02192,SECONDARY_ARBITRAGE,502192,20260630,2,0.103,
DIAG-20260630-TST-U02192,LOW_SALES_INCENTIVE,502192,20260630,3,0.089,
DIAG-20260630-TST-U02194,LEGAL_PERMIT_BARRIER,502194,20260630,1,0.79,
DIAG-20260630-TST-U02194,SEVERE_PHYSICAL_DEFECT,502194,20260630,2,0.123,
DIAG-20260630-TST-U02194,LOW_SALES_INCENTIVE,502194,20260630,3,0.087,
DIAG-20260630-TST-U02196,LEGAL_PERMIT_BARRIER,502196,20260630,1,0.746,
DIAG-20260630-TST-U02196,EXTREME_THERMAL_EXPOSURE,502196,20260630,2,0.146,
DIAG-20260630-TST-U02196,SEVERE_PHYSICAL_DEFECT,502196,20260630,3,0.108,
DIAG-20260630-TST-U02197,LEGAL_PERMIT_BARRIER,502197,20260630,1,0.755,
DIAG-20260630-TST-U02197,SEVERE_PHYSICAL_DEFECT,502197,20260630,2,0.128,
DIAG-20260630-TST-U02197,EXTREME_THERMAL_EXPOSURE,502197,20260630,3,0.117,
DIAG-20260630-TST-U02198,LEGAL_PERMIT_BARRIER,502198,20260630,1,0.776,
DIAG-20260630-TST-U02198,SEVERE_PHYSICAL_DEFECT,502198,20260630,2,0.116,
DIAG-20260630-TST-U02198,SECONDARY_ARBITRAGE,502198,20260630,3,0.108,
DIAG-20260630-TST-U02200,LEGAL_PERMIT_BARRIER,502200,20260630,1,0.725,
DIAG-20260630-TST-U02200,EXTREME_THERMAL_EXPOSURE,502200,20260630,2,0.141,
DIAG-20260630-TST-U02200,SECONDARY_ARBITRAGE,502200,20260630,3,0.134,
DIAG-20260630-TST-U02201,LEGAL_PERMIT_BARRIER,502201,20260630,1,0.792,
DIAG-20260630-TST-U02201,SECONDARY_ARBITRAGE,502201,20260630,2,0.121,
DIAG-20260630-TST-U02201,LOW_SALES_INCENTIVE,502201,20260630,3,0.087,
DIAG-20260630-TST-U02202,LEGAL_PERMIT_BARRIER,502202,20260630,1,0.76,
DIAG-20260630-TST-U02202,SECONDARY_ARBITRAGE,502202,20260630,2,0.126,
DIAG-20260630-TST-U02202,EXTREME_THERMAL_EXPOSURE,502202,20260630,3,0.114,
DIAG-20260630-TST-U02204,LEGAL_PERMIT_BARRIER,502204,20260630,1,0.802,
DIAG-20260630-TST-U02204,SECONDARY_ARBITRAGE,502204,20260630,2,0.11,
DIAG-20260630-TST-U02204,LOW_SALES_INCENTIVE,502204,20260630,3,0.088,
DIAG-20260630-TST-U02206,LEGAL_PERMIT_BARRIER,502206,20260630,1,0.757,
DIAG-20260630-TST-U02206,EXTREME_THERMAL_EXPOSURE,502206,20260630,2,0.129,
DIAG-20260630-TST-U02206,SECONDARY_ARBITRAGE,502206,20260630,3,0.114,
DIAG-20260630-TST-U02208,LEGAL_PERMIT_BARRIER,502208,20260630,1,0.766,
DIAG-20260630-TST-U02208,SECONDARY_ARBITRAGE,502208,20260630,2,0.127,
DIAG-20260630-TST-U02208,SEVERE_PHYSICAL_DEFECT,502208,20260630,3,0.107,
DIAG-20260630-TST-U02209,LEGAL_PERMIT_BARRIER,502209,20260630,1,0.78,
DIAG-20260630-TST-U02209,SECONDARY_ARBITRAGE,502209,20260630,2,0.111,
DIAG-20260630-TST-U02209,SEVERE_PHYSICAL_DEFECT,502209,20260630,3,0.109,
DIAG-20260630-TST-U02210,LEGAL_PERMIT_BARRIER,502210,20260630,1,0.771,
DIAG-20260630-TST-U02210,EXTREME_THERMAL_EXPOSURE,502210,20260630,2,0.12,
DIAG-20260630-TST-U02210,SECONDARY_ARBITRAGE,502210,20260630,3,0.109,
DIAG-20260630-TST-U02212,LEGAL_PERMIT_BARRIER,502212,20260630,1,0.759,
DIAG-20260630-TST-U02212,SECONDARY_ARBITRAGE,502212,20260630,2,0.138,
DIAG-20260630-TST-U02212,OVERPRICED_VS_PEER,502212,20260630,3,0.103,
DIAG-20260630-TST-U02213,LEGAL_PERMIT_BARRIER,502213,20260630,1,0.855,
DIAG-20260630-TST-U02213,EXTREME_THERMAL_EXPOSURE,502213,20260630,2,0.145,
DIAG-20260630-TST-U02214,LEGAL_PERMIT_BARRIER,502214,20260630,1,0.768,
DIAG-20260630-TST-U02214,EXTREME_THERMAL_EXPOSURE,502214,20260630,2,0.119,
DIAG-20260630-TST-U02214,SECONDARY_ARBITRAGE,502214,20260630,3,0.113,
DIAG-20260630-TST-U02215,LEGAL_PERMIT_BARRIER,502215,20260630,1,0.738,
DIAG-20260630-TST-U02215,EXTREME_THERMAL_EXPOSURE,502215,20260630,2,0.144,
DIAG-20260630-TST-U02215,SEVERE_PHYSICAL_DEFECT,502215,20260630,3,0.118,
DIAG-20260630-TST-U02216,LEGAL_PERMIT_BARRIER,502216,20260630,1,0.799,
DIAG-20260630-TST-U02216,SECONDARY_ARBITRAGE,502216,20260630,2,0.113,
DIAG-20260630-TST-U02216,LOW_SALES_INCENTIVE,502216,20260630,3,0.088,
DIAG-20260630-TST-U02217,LEGAL_PERMIT_BARRIER,502217,20260630,1,0.768,
DIAG-20260630-TST-U02217,SECONDARY_ARBITRAGE,502217,20260630,2,0.117,
DIAG-20260630-TST-U02217,EXTREME_THERMAL_EXPOSURE,502217,20260630,3,0.115,
DIAG-20260630-TST-U02218,LEGAL_PERMIT_BARRIER,502218,20260630,1,0.754,
DIAG-20260630-TST-U02218,EXTREME_THERMAL_EXPOSURE,502218,20260630,2,0.128,
DIAG-20260630-TST-U02218,SECONDARY_ARBITRAGE,502218,20260630,3,0.118,
DIAG-20260630-TST-U02219,LEGAL_PERMIT_BARRIER,502219,20260630,1,0.74,
DIAG-20260630-TST-U02219,EXTREME_THERMAL_EXPOSURE,502219,20260630,2,0.144,
DIAG-20260630-TST-U02219,SECONDARY_ARBITRAGE,502219,20260630,3,0.116,
DIAG-20260630-TST-U02220,LEGAL_PERMIT_BARRIER,502220,20260630,1,0.877,
DIAG-20260630-TST-U02220,SEVERE_PHYSICAL_DEFECT,502220,20260630,2,0.123,
DIAG-20260630-TST-U02221,LEGAL_PERMIT_BARRIER,502221,20260630,1,0.87,
DIAG-20260630-TST-U02221,SECONDARY_ARBITRAGE,502221,20260630,2,0.13,
DIAG-20260630-TST-U02222,LEGAL_PERMIT_BARRIER,502222,20260630,1,0.755,
DIAG-20260630-TST-U02222,SEVERE_PHYSICAL_DEFECT,502222,20260630,2,0.128,
DIAG-20260630-TST-U02222,EXTREME_THERMAL_EXPOSURE,502222,20260630,3,0.117,
DIAG-20260630-TST-U02223,LEGAL_PERMIT_BARRIER,502223,20260630,1,0.757,
DIAG-20260630-TST-U02223,SEVERE_PHYSICAL_DEFECT,502223,20260630,2,0.133,
DIAG-20260630-TST-U02223,LUMP_SUM_TICKET_BARRIER,502223,20260630,3,0.11,
DIAG-20260630-TST-U02227,LEGAL_PERMIT_BARRIER,502227,20260630,1,0.79,
DIAG-20260630-TST-U02227,EXTREME_THERMAL_EXPOSURE,502227,20260630,2,0.123,
DIAG-20260630-TST-U02227,LOW_SALES_INCENTIVE,502227,20260630,3,0.087,
DIAG-20260630-TST-U02228,LEGAL_PERMIT_BARRIER,502228,20260630,1,0.762,
DIAG-20260630-TST-U02228,SECONDARY_ARBITRAGE,502228,20260630,2,0.12,
DIAG-20260630-TST-U02228,EXTREME_THERMAL_EXPOSURE,502228,20260630,3,0.118,
DIAG-20260630-TST-U02230,LEGAL_PERMIT_BARRIER,502230,20260630,1,0.746,
DIAG-20260630-TST-U02230,EXTREME_THERMAL_EXPOSURE,502230,20260630,2,0.145,
DIAG-20260630-TST-U02230,SECONDARY_ARBITRAGE,502230,20260630,3,0.109,
DIAG-20260630-TST-U02231,LEGAL_PERMIT_BARRIER,502231,20260630,1,0.782,
DIAG-20260630-TST-U02231,SECONDARY_ARBITRAGE,502231,20260630,2,0.109,
DIAG-20260630-TST-U02231,SEVERE_PHYSICAL_DEFECT,502231,20260630,3,0.109,
DIAG-20260630-TST-U02234,LEGAL_PERMIT_BARRIER,502234,20260630,1,0.802,
DIAG-20260630-TST-U02234,SECONDARY_ARBITRAGE,502234,20260630,2,0.11,
DIAG-20260630-TST-U02234,LOW_SALES_INCENTIVE,502234,20260630,3,0.088,
DIAG-20260630-TST-U02235,LEGAL_PERMIT_BARRIER,502235,20260630,1,0.771,
DIAG-20260630-TST-U02235,SECONDARY_ARBITRAGE,502235,20260630,2,0.121,
DIAG-20260630-TST-U02235,SEVERE_PHYSICAL_DEFECT,502235,20260630,3,0.108,
DIAG-20260630-TST-U02236,LEGAL_PERMIT_BARRIER,502236,20260630,1,0.751,
DIAG-20260630-TST-U02236,SEVERE_PHYSICAL_DEFECT,502236,20260630,2,0.128,
DIAG-20260630-TST-U02236,SECONDARY_ARBITRAGE,502236,20260630,3,0.121,
DIAG-20260630-TST-U02237,LEGAL_PERMIT_BARRIER,502237,20260630,1,0.808,
DIAG-20260630-TST-U02237,SECONDARY_ARBITRAGE,502237,20260630,2,0.103,
DIAG-20260630-TST-U02237,LOW_SALES_INCENTIVE,502237,20260630,3,0.089,
DIAG-20260630-TST-U02239,LEGAL_PERMIT_BARRIER,502239,20260630,1,0.761,
DIAG-20260630-TST-U02239,EXTREME_THERMAL_EXPOSURE,502239,20260630,2,0.148,
DIAG-20260630-TST-U02239,SECONDARY_ARBITRAGE,502239,20260630,3,0.091,
DIAG-20260630-TST-U02240,LEGAL_PERMIT_BARRIER,502240,20260630,1,0.877,
DIAG-20260630-TST-U02240,SEVERE_PHYSICAL_DEFECT,502240,20260630,2,0.123,
DIAG-20260630-TST-U02241,LEGAL_PERMIT_BARRIER,502241,20260630,1,0.811,
DIAG-20260630-TST-U02241,SECONDARY_ARBITRAGE,502241,20260630,2,0.1,
DIAG-20260630-TST-U02241,LOW_SALES_INCENTIVE,502241,20260630,3,0.089,
DIAG-20260630-TST-U02242,LEGAL_PERMIT_BARRIER,502242,20260630,1,0.795,
DIAG-20260630-TST-U02242,SECONDARY_ARBITRAGE,502242,20260630,2,0.118,
DIAG-20260630-TST-U02242,LOW_SALES_INCENTIVE,502242,20260630,3,0.087,
DIAG-20260630-TST-U02243,LEGAL_PERMIT_BARRIER,502243,20260630,1,0.766,
DIAG-20260630-TST-U02243,EXTREME_THERMAL_EXPOSURE,502243,20260630,2,0.119,
DIAG-20260630-TST-U02243,SEVERE_PHYSICAL_DEFECT,502243,20260630,3,0.115,
DIAG-20260630-TST-U02244,LEGAL_PERMIT_BARRIER,502244,20260630,1,0.89,
DIAG-20260630-TST-U02244,SECONDARY_ARBITRAGE,502244,20260630,2,0.11,
DIAG-20260630-TST-U02245,LEGAL_PERMIT_BARRIER,502245,20260630,1,0.777,
DIAG-20260630-TST-U02245,SECONDARY_ARBITRAGE,502245,20260630,2,0.137,
DIAG-20260630-TST-U02245,LOW_SALES_INCENTIVE,502245,20260630,3,0.086,
DIAG-20260630-TST-U02246,LEGAL_PERMIT_BARRIER,502246,20260630,1,0.788,
DIAG-20260630-TST-U02246,SECONDARY_ARBITRAGE,502246,20260630,2,0.125,
DIAG-20260630-TST-U02246,LOW_SALES_INCENTIVE,502246,20260630,3,0.087,
DIAG-20260630-TST-U02247,LEGAL_PERMIT_BARRIER,502247,20260630,1,0.787,
DIAG-20260630-TST-U02247,SECONDARY_ARBITRAGE,502247,20260630,2,0.107,
DIAG-20260630-TST-U02247,SEVERE_PHYSICAL_DEFECT,502247,20260630,3,0.106,
DIAG-20260630-TST-U02248,LEGAL_PERMIT_BARRIER,502248,20260630,1,0.875,
DIAG-20260630-TST-U02248,SECONDARY_ARBITRAGE,502248,20260630,2,0.125,
DIAG-20260630-TST-U02249,LEGAL_PERMIT_BARRIER,502249,20260630,1,0.752,
DIAG-20260630-TST-U02249,EXTREME_THERMAL_EXPOSURE,502249,20260630,2,0.128,
DIAG-20260630-TST-U02249,SEVERE_PHYSICAL_DEFECT,502249,20260630,3,0.12,
DIAG-20260630-TST-U02250,LEGAL_PERMIT_BARRIER,502250,20260630,1,0.763,
DIAG-20260630-TST-U02250,EXTREME_THERMAL_EXPOSURE,502250,20260630,2,0.13,
DIAG-20260630-TST-U02250,SEVERE_PHYSICAL_DEFECT,502250,20260630,3,0.107,
DIAG-20260630-TST-U02251,LEGAL_PERMIT_BARRIER,502251,20260630,1,0.761,
DIAG-20260630-TST-U02251,EXTREME_THERMAL_EXPOSURE,502251,20260630,2,0.148,
DIAG-20260630-TST-U02251,SECONDARY_ARBITRAGE,502251,20260630,3,0.091,
DIAG-20260630-TST-U02253,LEGAL_PERMIT_BARRIER,502253,20260630,1,0.762,
DIAG-20260630-TST-U02253,SECONDARY_ARBITRAGE,502253,20260630,2,0.142,
DIAG-20260630-TST-U02253,OVERPRICED_VS_PEER,502253,20260630,3,0.096,
DIAG-20260630-TST-U02254,LEGAL_PERMIT_BARRIER,502254,20260630,1,0.764,
DIAG-20260630-TST-U02254,EXTREME_THERMAL_EXPOSURE,502254,20260630,2,0.13,
DIAG-20260630-TST-U02254,SECONDARY_ARBITRAGE,502254,20260630,3,0.106,
DIAG-20260630-TST-U02255,LEGAL_PERMIT_BARRIER,502255,20260630,1,0.804,
DIAG-20260630-TST-U02255,SEVERE_PHYSICAL_DEFECT,502255,20260630,2,0.108,
DIAG-20260630-TST-U02255,LOW_SALES_INCENTIVE,502255,20260630,3,0.088,
DIAG-20260630-TST-U02256,LEGAL_PERMIT_BARRIER,502256,20260630,1,0.781,
DIAG-20260630-TST-U02256,EXTREME_THERMAL_EXPOSURE,502256,20260630,2,0.133,
DIAG-20260630-TST-U02256,LOW_SALES_INCENTIVE,502256,20260630,3,0.086,
DIAG-20260630-TST-U02257,LEGAL_PERMIT_BARRIER,502257,20260630,1,0.745,
DIAG-20260630-TST-U02257,SECONDARY_ARBITRAGE,502257,20260630,2,0.14,
DIAG-20260630-TST-U02257,EXTREME_THERMAL_EXPOSURE,502257,20260630,3,0.115,
DIAG-20260630-TST-U02258,LEGAL_PERMIT_BARRIER,502258,20260630,1,0.8,
DIAG-20260630-TST-U02258,SECONDARY_ARBITRAGE,502258,20260630,2,0.112,
DIAG-20260630-TST-U02258,LOW_SALES_INCENTIVE,502258,20260630,3,0.088,
DIAG-20260630-TST-U02259,LEGAL_PERMIT_BARRIER,502259,20260630,1,0.748,
DIAG-20260630-TST-U02259,SEVERE_PHYSICAL_DEFECT,502259,20260630,2,0.131,
DIAG-20260630-TST-U02259,SECONDARY_ARBITRAGE,502259,20260630,3,0.121,
DIAG-20260630-TST-U02260,LEGAL_PERMIT_BARRIER,502260,20260630,1,0.755,
DIAG-20260630-TST-U02260,EXTREME_THERMAL_EXPOSURE,502260,20260630,2,0.132,
DIAG-20260630-TST-U02260,SEVERE_PHYSICAL_DEFECT,502260,20260630,3,0.113,
DIAG-20260630-TST-U02261,LEGAL_PERMIT_BARRIER,502261,20260630,1,0.866,
DIAG-20260630-TST-U02261,EXTREME_THERMAL_EXPOSURE,502261,20260630,2,0.134,
DIAG-20260630-TST-U02264,LEGAL_PERMIT_BARRIER,502264,20260630,1,0.778,
DIAG-20260630-TST-U02264,EXTREME_THERMAL_EXPOSURE,502264,20260630,2,0.121,
DIAG-20260630-TST-U02264,SEVERE_PHYSICAL_DEFECT,502264,20260630,3,0.101,
DIAG-20260630-TST-U02265,LEGAL_PERMIT_BARRIER,502265,20260630,1,0.755,
DIAG-20260630-TST-U02265,SEVERE_PHYSICAL_DEFECT,502265,20260630,2,0.128,
DIAG-20260630-TST-U02265,EXTREME_THERMAL_EXPOSURE,502265,20260630,3,0.117,
DIAG-20260630-TST-U02266,LEGAL_PERMIT_BARRIER,502266,20260630,1,0.747,
DIAG-20260630-TST-U02266,SECONDARY_ARBITRAGE,502266,20260630,2,0.13,
DIAG-20260630-TST-U02266,SEVERE_PHYSICAL_DEFECT,502266,20260630,3,0.123,
DIAG-20260630-TST-U02267,LEGAL_PERMIT_BARRIER,502267,20260630,1,0.754,
DIAG-20260630-TST-U02267,SECONDARY_ARBITRAGE,502267,20260630,2,0.14,
DIAG-20260630-TST-U02267,SEVERE_PHYSICAL_DEFECT,502267,20260630,3,0.106,
DIAG-20260630-TST-U02268,LEGAL_PERMIT_BARRIER,502268,20260630,1,0.796,
DIAG-20260630-TST-U02268,SEVERE_PHYSICAL_DEFECT,502268,20260630,2,0.116,
DIAG-20260630-TST-U02268,LOW_SALES_INCENTIVE,502268,20260630,3,0.088,
DIAG-20260630-TST-U02271,LEGAL_PERMIT_BARRIER,502271,20260630,1,0.754,
DIAG-20260630-TST-U02271,EXTREME_THERMAL_EXPOSURE,502271,20260630,2,0.147,
DIAG-20260630-TST-U02271,SECONDARY_ARBITRAGE,502271,20260630,3,0.099,
DIAG-20260630-TST-U02272,LEGAL_PERMIT_BARRIER,502272,20260630,1,0.781,
DIAG-20260630-TST-U02272,EXTREME_THERMAL_EXPOSURE,502272,20260630,2,0.133,
DIAG-20260630-TST-U02272,LOW_SALES_INCENTIVE,502272,20260630,3,0.086,
DIAG-20260630-TST-U02273,LEGAL_PERMIT_BARRIER,502273,20260630,1,0.879,
DIAG-20260630-TST-U02273,SECONDARY_ARBITRAGE,502273,20260630,2,0.121,
DIAG-20260630-TST-U02274,LEGAL_PERMIT_BARRIER,502274,20260630,1,0.779,
DIAG-20260630-TST-U02274,EXTREME_THERMAL_EXPOSURE,502274,20260630,2,0.121,
DIAG-20260630-TST-U02274,SECONDARY_ARBITRAGE,502274,20260630,3,0.1,
DIAG-20260630-TST-U02276,LEGAL_PERMIT_BARRIER,502276,20260630,1,0.79,
DIAG-20260630-TST-U02276,EXTREME_THERMAL_EXPOSURE,502276,20260630,2,0.123,
DIAG-20260630-TST-U02276,LOW_SALES_INCENTIVE,502276,20260630,3,0.087,
DIAG-20260630-TST-U02277,LEGAL_PERMIT_BARRIER,502277,20260630,1,0.769,
DIAG-20260630-TST-U02277,EXTREME_THERMAL_EXPOSURE,502277,20260630,2,0.119,
DIAG-20260630-TST-U02277,SEVERE_PHYSICAL_DEFECT,502277,20260630,3,0.112,
DIAG-20260630-TST-U02278,LEGAL_PERMIT_BARRIER,502278,20260630,1,0.79,
DIAG-20260630-TST-U02278,SECONDARY_ARBITRAGE,502278,20260630,2,0.107,
DIAG-20260630-TST-U02278,SEVERE_PHYSICAL_DEFECT,502278,20260630,3,0.103,
DIAG-20260630-TST-U02279,LEGAL_PERMIT_BARRIER,502279,20260630,1,0.764,
DIAG-20260630-TST-U02279,SEVERE_PHYSICAL_DEFECT,502279,20260630,2,0.118,
DIAG-20260630-TST-U02279,EXTREME_THERMAL_EXPOSURE,502279,20260630,3,0.118,
DIAG-20260630-TST-U02280,LEGAL_PERMIT_BARRIER,502280,20260630,1,0.772,
DIAG-20260630-TST-U02280,SEVERE_PHYSICAL_DEFECT,502280,20260630,2,0.116,
DIAG-20260630-TST-U02280,LUMP_SUM_TICKET_BARRIER,502280,20260630,3,0.112,
DIAG-20260630-TST-U02282,LEGAL_PERMIT_BARRIER,502282,20260630,1,0.746,
DIAG-20260630-TST-U02282,SEVERE_PHYSICAL_DEFECT,502282,20260630,2,0.127,
DIAG-20260630-TST-U02282,EXTREME_THERMAL_EXPOSURE,502282,20260630,3,0.127,
DIAG-20260630-TST-U02283,LEGAL_PERMIT_BARRIER,502283,20260630,1,0.901,
DIAG-20260630-TST-U02283,LOW_SALES_INCENTIVE,502283,20260630,2,0.099,
DIAG-20260630-TST-U02284,LEGAL_PERMIT_BARRIER,502284,20260630,1,0.866,
DIAG-20260630-TST-U02284,EXTREME_THERMAL_EXPOSURE,502284,20260630,2,0.134,
DIAG-20260630-TST-U02286,LEGAL_PERMIT_BARRIER,502286,20260630,1,0.758,
DIAG-20260630-TST-U02286,SECONDARY_ARBITRAGE,502286,20260630,2,0.125,
DIAG-20260630-TST-U02286,EXTREME_THERMAL_EXPOSURE,502286,20260630,3,0.117,
DIAG-20260630-TST-U02287,LEGAL_PERMIT_BARRIER,502287,20260630,1,0.77,
DIAG-20260630-TST-U02287,SECONDARY_ARBITRAGE,502287,20260630,2,0.122,
DIAG-20260630-TST-U02287,SEVERE_PHYSICAL_DEFECT,502287,20260630,3,0.108,
DIAG-20260630-TST-U02288,LEGAL_PERMIT_BARRIER,502288,20260630,1,0.773,
DIAG-20260630-TST-U02288,EXTREME_THERMAL_EXPOSURE,502288,20260630,2,0.12,
DIAG-20260630-TST-U02288,SECONDARY_ARBITRAGE,502288,20260630,3,0.107,
DIAG-20260630-TST-U02291,LEGAL_PERMIT_BARRIER,502291,20260630,1,0.755,
DIAG-20260630-TST-U02291,EXTREME_THERMAL_EXPOSURE,502291,20260630,2,0.147,
DIAG-20260630-TST-U02291,SEVERE_PHYSICAL_DEFECT,502291,20260630,3,0.098,
DIAG-20260630-TST-U02292,LEGAL_PERMIT_BARRIER,502292,20260630,1,0.746,
DIAG-20260630-TST-U02292,SECONDARY_ARBITRAGE,502292,20260630,2,0.149,
DIAG-20260630-TST-U02292,SEVERE_PHYSICAL_DEFECT,502292,20260630,3,0.105,
DIAG-20260630-TST-U02293,LEGAL_PERMIT_BARRIER,502293,20260630,1,0.769,
DIAG-20260630-TST-U02293,EXTREME_THERMAL_EXPOSURE,502293,20260630,2,0.127,
DIAG-20260630-TST-U02293,SECONDARY_ARBITRAGE,502293,20260630,3,0.104,
DIAG-20260630-TST-U02294,LEGAL_PERMIT_BARRIER,502294,20260630,1,1.0,
DIAG-20260630-TST-U02295,LEGAL_PERMIT_BARRIER,502295,20260630,1,0.771,
DIAG-20260630-TST-U02295,SECONDARY_ARBITRAGE,502295,20260630,2,0.115,
DIAG-20260630-TST-U02295,LUMP_SUM_TICKET_BARRIER,502295,20260630,3,0.114,
DIAG-20260630-TST-U02298,LEGAL_PERMIT_BARRIER,502298,20260630,1,0.885,
DIAG-20260630-TST-U02298,SEVERE_PHYSICAL_DEFECT,502298,20260630,2,0.115,
DIAG-20260630-TST-U02300,LEGAL_PERMIT_BARRIER,502300,20260630,1,0.783,
DIAG-20260630-TST-U02300,EXTREME_THERMAL_EXPOSURE,502300,20260630,2,0.114,
DIAG-20260630-TST-U02300,SECONDARY_ARBITRAGE,502300,20260630,3,0.103,
DIAG-20260630-TST-U02302,LEGAL_PERMIT_BARRIER,502302,20260630,1,0.803,
DIAG-20260630-TST-U02302,SECONDARY_ARBITRAGE,502302,20260630,2,0.109,
DIAG-20260630-TST-U02302,LOW_SALES_INCENTIVE,502302,20260630,3,0.088,
DIAG-20260630-TST-U02303,LEGAL_PERMIT_BARRIER,502303,20260630,1,0.783,
DIAG-20260630-TST-U02303,SEVERE_PHYSICAL_DEFECT,502303,20260630,2,0.114,
DIAG-20260630-TST-U02303,SECONDARY_ARBITRAGE,502303,20260630,3,0.103,
DIAG-20260630-TST-U02305,LEGAL_PERMIT_BARRIER,502305,20260630,1,0.761,
DIAG-20260630-TST-U02305,SECONDARY_ARBITRAGE,502305,20260630,2,0.137,
DIAG-20260630-TST-U02305,OVERPRICED_VS_PEER,502305,20260630,3,0.102,
DIAG-20260630-TST-U02306,LEGAL_PERMIT_BARRIER,502306,20260630,1,0.774,
DIAG-20260630-TST-U02306,SECONDARY_ARBITRAGE,502306,20260630,2,0.13,
DIAG-20260630-TST-U02306,OVERPRICED_VS_PEER,502306,20260630,3,0.096,
DIAG-20260630-TST-U02307,LEGAL_PERMIT_BARRIER,502307,20260630,1,0.788,
DIAG-20260630-TST-U02307,SECONDARY_ARBITRAGE,502307,20260630,2,0.125,
DIAG-20260630-TST-U02307,LOW_SALES_INCENTIVE,502307,20260630,3,0.087,
DIAG-20260630-TST-U02309,LEGAL_PERMIT_BARRIER,502309,20260630,1,0.813,
DIAG-20260630-TST-U02309,SECONDARY_ARBITRAGE,502309,20260630,2,0.098,
DIAG-20260630-TST-U02309,LOW_SALES_INCENTIVE,502309,20260630,3,0.089,
DIAG-20260630-TST-U02310,LEGAL_PERMIT_BARRIER,502310,20260630,1,0.764,
DIAG-20260630-TST-U02310,SECONDARY_ARBITRAGE,502310,20260630,2,0.129,
DIAG-20260630-TST-U02310,EXTREME_THERMAL_EXPOSURE,502310,20260630,3,0.107,
DIAG-20260630-TST-U02311,LEGAL_PERMIT_BARRIER,502311,20260630,1,0.8,
DIAG-20260630-TST-U02311,SECONDARY_ARBITRAGE,502311,20260630,2,0.112,
DIAG-20260630-TST-U02311,LOW_SALES_INCENTIVE,502311,20260630,3,0.088,
DIAG-20260630-TST-U02312,LEGAL_PERMIT_BARRIER,502312,20260630,1,0.774,
DIAG-20260630-TST-U02312,SECONDARY_ARBITRAGE,502312,20260630,2,0.141,
DIAG-20260630-TST-U02312,LOW_SALES_INCENTIVE,502312,20260630,3,0.085,
DIAG-20260630-TST-U02314,LEGAL_PERMIT_BARRIER,502314,20260630,1,0.781,
DIAG-20260630-TST-U02314,SECONDARY_ARBITRAGE,502314,20260630,2,0.11,
DIAG-20260630-TST-U02314,EXTREME_THERMAL_EXPOSURE,502314,20260630,3,0.109,
DIAG-20260630-TST-U02315,LEGAL_PERMIT_BARRIER,502315,20260630,1,0.77,
DIAG-20260630-TST-U02315,SEVERE_PHYSICAL_DEFECT,502315,20260630,2,0.116,
DIAG-20260630-TST-U02315,SECONDARY_ARBITRAGE,502315,20260630,3,0.114,
DIAG-20260630-TST-U02316,LEGAL_PERMIT_BARRIER,502316,20260630,1,0.768,
DIAG-20260630-TST-U02316,EXTREME_THERMAL_EXPOSURE,502316,20260630,2,0.127,
DIAG-20260630-TST-U02316,SECONDARY_ARBITRAGE,502316,20260630,3,0.105,
DIAG-20260630-TST-U02317,LEGAL_PERMIT_BARRIER,502317,20260630,1,0.753,
DIAG-20260630-TST-U02317,SECONDARY_ARBITRAGE,502317,20260630,2,0.138,
DIAG-20260630-TST-U02317,LUMP_SUM_TICKET_BARRIER,502317,20260630,3,0.109,
DIAG-20260630-TST-U02318,LEGAL_PERMIT_BARRIER,502318,20260630,1,0.781,
DIAG-20260630-TST-U02318,SECONDARY_ARBITRAGE,502318,20260630,2,0.118,
DIAG-20260630-TST-U02318,SEVERE_PHYSICAL_DEFECT,502318,20260630,3,0.101,
DIAG-20260630-TST-U02319,LEGAL_PERMIT_BARRIER,502319,20260630,1,0.771,
DIAG-20260630-TST-U02319,SECONDARY_ARBITRAGE,502319,20260630,2,0.125,
DIAG-20260630-TST-U02319,SEVERE_PHYSICAL_DEFECT,502319,20260630,3,0.104,
DIAG-20260630-TST-U02320,LEGAL_PERMIT_BARRIER,502320,20260630,1,0.858,
DIAG-20260630-TST-U02320,EXTREME_THERMAL_EXPOSURE,502320,20260630,2,0.142,
DIAG-20260630-TST-U02321,LEGAL_PERMIT_BARRIER,502321,20260630,1,0.777,
DIAG-20260630-TST-U02321,SEVERE_PHYSICAL_DEFECT,502321,20260630,2,0.117,
DIAG-20260630-TST-U02321,SECONDARY_ARBITRAGE,502321,20260630,3,0.106,
DIAG-20260630-TST-U02322,LEGAL_PERMIT_BARRIER,502322,20260630,1,0.776,
DIAG-20260630-TST-U02322,SECONDARY_ARBITRAGE,502322,20260630,2,0.119,
DIAG-20260630-TST-U02322,SEVERE_PHYSICAL_DEFECT,502322,20260630,3,0.105,
DIAG-20260630-TST-U02324,LEGAL_PERMIT_BARRIER,502324,20260630,1,0.773,
DIAG-20260630-TST-U02324,EXTREME_THERMAL_EXPOSURE,502324,20260630,2,0.128,
DIAG-20260630-TST-U02324,SECONDARY_ARBITRAGE,502324,20260630,3,0.099,
DIAG-20260630-TST-U02325,LEGAL_PERMIT_BARRIER,502325,20260630,1,0.772,
DIAG-20260630-TST-U02325,SECONDARY_ARBITRAGE,502325,20260630,2,0.131,
DIAG-20260630-TST-U02325,SEVERE_PHYSICAL_DEFECT,502325,20260630,3,0.097,
DIAG-20260630-TST-U02327,LEGAL_PERMIT_BARRIER,502327,20260630,1,0.812,
DIAG-20260630-TST-U02327,SECONDARY_ARBITRAGE,502327,20260630,2,0.099,
DIAG-20260630-TST-U02327,LOW_SALES_INCENTIVE,502327,20260630,3,0.089,
DIAG-20260630-TST-U02328,LEGAL_PERMIT_BARRIER,502328,20260630,1,0.783,
DIAG-20260630-TST-U02328,SECONDARY_ARBITRAGE,502328,20260630,2,0.131,
DIAG-20260630-TST-U02328,LOW_SALES_INCENTIVE,502328,20260630,3,0.086,
DIAG-20260630-TST-U02329,LEGAL_PERMIT_BARRIER,502329,20260630,1,1.0,
DIAG-20260630-TST-U02330,LEGAL_PERMIT_BARRIER,502330,20260630,1,0.882,
DIAG-20260630-TST-U02330,SECONDARY_ARBITRAGE,502330,20260630,2,0.118,
DIAG-20260630-TST-U02332,LEGAL_PERMIT_BARRIER,502332,20260630,1,0.776,
DIAG-20260630-TST-U02332,EXTREME_THERMAL_EXPOSURE,502332,20260630,2,0.113,
DIAG-20260630-TST-U02332,SECONDARY_ARBITRAGE,502332,20260630,3,0.111,
DIAG-20260630-TST-U02333,LEGAL_PERMIT_BARRIER,502333,20260630,1,0.785,
DIAG-20260630-TST-U02333,EXTREME_THERMAL_EXPOSURE,502333,20260630,2,0.129,
DIAG-20260630-TST-U02333,LOW_SALES_INCENTIVE,502333,20260630,3,0.086,
DIAG-20260630-TST-U02334,LEGAL_PERMIT_BARRIER,502334,20260630,1,0.757,
DIAG-20260630-TST-U02334,SEVERE_PHYSICAL_DEFECT,502334,20260630,2,0.132,
DIAG-20260630-TST-U02334,SECONDARY_ARBITRAGE,502334,20260630,3,0.111,
DIAG-20260630-TST-U02335,LEGAL_PERMIT_BARRIER,502335,20260630,1,0.901,
DIAG-20260630-TST-U02335,LOW_SALES_INCENTIVE,502335,20260630,2,0.099,
DIAG-20260630-TST-U02337,LEGAL_PERMIT_BARRIER,502337,20260630,1,0.79,
DIAG-20260630-TST-U02337,SEVERE_PHYSICAL_DEFECT,502337,20260630,2,0.111,
DIAG-20260630-TST-U02337,SECONDARY_ARBITRAGE,502337,20260630,3,0.099,
DIAG-20260630-TST-U02338,LEGAL_PERMIT_BARRIER,502338,20260630,1,0.775,
DIAG-20260630-TST-U02338,SEVERE_PHYSICAL_DEFECT,502338,20260630,2,0.116,
DIAG-20260630-TST-U02338,SECONDARY_ARBITRAGE,502338,20260630,3,0.109,
DIAG-20260630-TST-U02340,LEGAL_PERMIT_BARRIER,502340,20260630,1,0.779,
DIAG-20260630-TST-U02340,SECONDARY_ARBITRAGE,502340,20260630,2,0.112,
DIAG-20260630-TST-U02340,EXTREME_THERMAL_EXPOSURE,502340,20260630,3,0.109,
DIAG-20260630-TST-U02342,LEGAL_PERMIT_BARRIER,502342,20260630,1,0.754,
DIAG-20260630-TST-U02342,SECONDARY_ARBITRAGE,502342,20260630,2,0.141,
DIAG-20260630-TST-U02342,OVERPRICED_VS_PEER,502342,20260630,3,0.105,
DIAG-20260630-TST-U02343,LEGAL_PERMIT_BARRIER,502343,20260630,1,0.74,
DIAG-20260630-TST-U02343,SECONDARY_ARBITRAGE,502343,20260630,2,0.131,
DIAG-20260630-TST-U02343,SEVERE_PHYSICAL_DEFECT,502343,20260630,3,0.129,
DIAG-20260630-TST-U02345,LEGAL_PERMIT_BARRIER,502345,20260630,1,0.803,
DIAG-20260630-TST-U02345,SECONDARY_ARBITRAGE,502345,20260630,2,0.109,
DIAG-20260630-TST-U02345,LOW_SALES_INCENTIVE,502345,20260630,3,0.088,
DIAG-20260630-TST-U02347,LEGAL_PERMIT_BARRIER,502347,20260630,1,0.753,
DIAG-20260630-TST-U02347,SECONDARY_ARBITRAGE,502347,20260630,2,0.127,
DIAG-20260630-TST-U02347,SEVERE_PHYSICAL_DEFECT,502347,20260630,3,0.12,
DIAG-20260630-TST-U02348,LEGAL_PERMIT_BARRIER,502348,20260630,1,0.778,
DIAG-20260630-TST-U02348,LUMP_SUM_TICKET_BARRIER,502348,20260630,2,0.114,
DIAG-20260630-TST-U02348,SECONDARY_ARBITRAGE,502348,20260630,3,0.108,
DIAG-20260630-TST-U02350,LEGAL_PERMIT_BARRIER,502350,20260630,1,0.866,
DIAG-20260630-TST-U02350,SEVERE_PHYSICAL_DEFECT,502350,20260630,2,0.134,
DIAG-20260630-TST-U02351,LEGAL_PERMIT_BARRIER,502351,20260630,1,0.802,
DIAG-20260630-TST-U02351,SECONDARY_ARBITRAGE,502351,20260630,2,0.11,
DIAG-20260630-TST-U02351,LOW_SALES_INCENTIVE,502351,20260630,3,0.088,
DIAG-20260630-TST-U02352,LEGAL_PERMIT_BARRIER,502352,20260630,1,0.756,
DIAG-20260630-TST-U02352,EXTREME_THERMAL_EXPOSURE,502352,20260630,2,0.125,
DIAG-20260630-TST-U02352,SECONDARY_ARBITRAGE,502352,20260630,3,0.119,
DIAG-20260630-TST-U02354,LEGAL_PERMIT_BARRIER,502354,20260630,1,0.769,
DIAG-20260630-TST-U02354,SECONDARY_ARBITRAGE,502354,20260630,2,0.138,
DIAG-20260630-TST-U02354,OVERPRICED_VS_PEER,502354,20260630,3,0.093,
DIAG-20260630-TST-U02356,LEGAL_PERMIT_BARRIER,502356,20260630,1,1.0,
DIAG-20260630-TST-U02358,LEGAL_PERMIT_BARRIER,502358,20260630,1,0.765,
DIAG-20260630-TST-U02358,SECONDARY_ARBITRAGE,502358,20260630,2,0.12,
DIAG-20260630-TST-U02358,LUMP_SUM_TICKET_BARRIER,502358,20260630,3,0.115,
DIAG-20260630-TST-U02359,LEGAL_PERMIT_BARRIER,502359,20260630,1,0.774,
DIAG-20260630-TST-U02359,SECONDARY_ARBITRAGE,502359,20260630,2,0.114,
DIAG-20260630-TST-U02359,SEVERE_PHYSICAL_DEFECT,502359,20260630,3,0.112,
DIAG-20260630-TST-U02360,LEGAL_PERMIT_BARRIER,502360,20260630,1,0.877,
DIAG-20260630-TST-U02360,SEVERE_PHYSICAL_DEFECT,502360,20260630,2,0.123,
DIAG-20260630-TST-U02361,LEGAL_PERMIT_BARRIER,502361,20260630,1,0.747,
DIAG-20260630-TST-U02361,SECONDARY_ARBITRAGE,502361,20260630,2,0.148,
DIAG-20260630-TST-U02361,EXTREME_THERMAL_EXPOSURE,502361,20260630,3,0.105,
DIAG-20260630-TST-U02362,LEGAL_PERMIT_BARRIER,502362,20260630,1,0.782,
DIAG-20260630-TST-U02362,SEVERE_PHYSICAL_DEFECT,502362,20260630,2,0.117,
DIAG-20260630-TST-U02362,SECONDARY_ARBITRAGE,502362,20260630,3,0.101,
DIAG-20260630-TST-U02363,LEGAL_PERMIT_BARRIER,502363,20260630,1,1.0,
DIAG-20260630-TST-U02364,LEGAL_PERMIT_BARRIER,502364,20260630,1,0.782,
DIAG-20260630-TST-U02364,SEVERE_PHYSICAL_DEFECT,502364,20260630,2,0.109,
DIAG-20260630-TST-U02364,EXTREME_THERMAL_EXPOSURE,502364,20260630,3,0.109,
DIAG-20260630-TST-U02365,LEGAL_PERMIT_BARRIER,502365,20260630,1,0.778,
DIAG-20260630-TST-U02365,SEVERE_PHYSICAL_DEFECT,502365,20260630,2,0.136,
DIAG-20260630-TST-U02365,LOW_SALES_INCENTIVE,502365,20260630,3,0.086,
DIAG-20260630-TST-U02366,LEGAL_PERMIT_BARRIER,502366,20260630,1,0.769,
DIAG-20260630-TST-U02366,SECONDARY_ARBITRAGE,502366,20260630,2,0.118,
DIAG-20260630-TST-U02366,LUMP_SUM_TICKET_BARRIER,502366,20260630,3,0.113,
DIAG-20260630-TST-U02367,LEGAL_PERMIT_BARRIER,502367,20260630,1,0.788,
DIAG-20260630-TST-U02367,SEVERE_PHYSICAL_DEFECT,502367,20260630,2,0.114,
DIAG-20260630-TST-U02367,SECONDARY_ARBITRAGE,502367,20260630,3,0.098,
DIAG-20260630-TST-U02368,LEGAL_PERMIT_BARRIER,502368,20260630,1,0.862,
DIAG-20260630-TST-U02368,SEVERE_PHYSICAL_DEFECT,502368,20260630,2,0.138,
DIAG-20260630-TST-U02369,LEGAL_PERMIT_BARRIER,502369,20260630,1,0.869,
DIAG-20260630-TST-U02369,SECONDARY_ARBITRAGE,502369,20260630,2,0.131,
DIAG-20260630-TST-U02370,LEGAL_PERMIT_BARRIER,502370,20260630,1,0.901,
DIAG-20260630-TST-U02370,LOW_SALES_INCENTIVE,502370,20260630,2,0.099,
DIAG-20260630-TST-U02372,LEGAL_PERMIT_BARRIER,502372,20260630,1,0.852,
DIAG-20260630-TST-U02372,SECONDARY_ARBITRAGE,502372,20260630,2,0.148,
DIAG-20260630-TST-U02373,LEGAL_PERMIT_BARRIER,502373,20260630,1,0.745,
DIAG-20260630-TST-U02373,SECONDARY_ARBITRAGE,502373,20260630,2,0.128,
DIAG-20260630-TST-U02373,SEVERE_PHYSICAL_DEFECT,502373,20260630,3,0.127,
DIAG-20260630-TST-U02375,LEGAL_PERMIT_BARRIER,502375,20260630,1,0.748,
DIAG-20260630-TST-U02375,SECONDARY_ARBITRAGE,502375,20260630,2,0.14,
DIAG-20260630-TST-U02375,SEVERE_PHYSICAL_DEFECT,502375,20260630,3,0.112,
DIAG-20260630-TST-U02376,LEGAL_PERMIT_BARRIER,502376,20260630,1,0.775,
DIAG-20260630-TST-U02376,EXTREME_THERMAL_EXPOSURE,502376,20260630,2,0.128,
DIAG-20260630-TST-U02376,SEVERE_PHYSICAL_DEFECT,502376,20260630,3,0.097,
DIAG-20260630-TST-U02377,LEGAL_PERMIT_BARRIER,502377,20260630,1,0.798,
DIAG-20260630-TST-U02377,SECONDARY_ARBITRAGE,502377,20260630,2,0.114,
DIAG-20260630-TST-U02377,LOW_SALES_INCENTIVE,502377,20260630,3,0.088,
DIAG-20260630-TST-U02378,LEGAL_PERMIT_BARRIER,502378,20260630,1,0.87,
DIAG-20260630-TST-U02378,SECONDARY_ARBITRAGE,502378,20260630,2,0.13,
DIAG-20260630-TST-U02380,LEGAL_PERMIT_BARRIER,502380,20260630,1,0.858,
DIAG-20260630-TST-U02380,EXTREME_THERMAL_EXPOSURE,502380,20260630,2,0.142,
DIAG-20260630-TST-U02381,LEGAL_PERMIT_BARRIER,502381,20260630,1,0.774,
DIAG-20260630-TST-U02381,SECONDARY_ARBITRAGE,502381,20260630,2,0.118,
DIAG-20260630-TST-U02381,EXTREME_THERMAL_EXPOSURE,502381,20260630,3,0.108,
DIAG-20260630-TST-U02383,LEGAL_PERMIT_BARRIER,502383,20260630,1,0.769,
DIAG-20260630-TST-U02383,EXTREME_THERMAL_EXPOSURE,502383,20260630,2,0.127,
DIAG-20260630-TST-U02383,SEVERE_PHYSICAL_DEFECT,502383,20260630,3,0.104,
DIAG-20260630-TST-U02385,LEGAL_PERMIT_BARRIER,502385,20260630,1,0.769,
DIAG-20260630-TST-U02385,SECONDARY_ARBITRAGE,502385,20260630,2,0.138,
DIAG-20260630-TST-U02385,OVERPRICED_VS_PEER,502385,20260630,3,0.093,
DIAG-20260630-TST-U02386,LEGAL_PERMIT_BARRIER,502386,20260630,1,0.762,
DIAG-20260630-TST-U02386,SECONDARY_ARBITRAGE,502386,20260630,2,0.142,
DIAG-20260630-TST-U02386,OVERPRICED_VS_PEER,502386,20260630,3,0.096,
DIAG-20260630-TST-U02387,LEGAL_PERMIT_BARRIER,502387,20260630,1,0.86,
DIAG-20260630-TST-U02387,SECONDARY_ARBITRAGE,502387,20260630,2,0.14,
DIAG-20260630-TST-U02389,LEGAL_PERMIT_BARRIER,502389,20260630,1,0.767,
DIAG-20260630-TST-U02389,EXTREME_THERMAL_EXPOSURE,502389,20260630,2,0.126,
DIAG-20260630-TST-U02389,SEVERE_PHYSICAL_DEFECT,502389,20260630,3,0.107,
DIAG-20260630-TST-U02390,LEGAL_PERMIT_BARRIER,502390,20260630,1,0.851,
DIAG-20260630-TST-U02390,SEVERE_PHYSICAL_DEFECT,502390,20260630,2,0.149,
DIAG-20260630-TST-U02391,LEGAL_PERMIT_BARRIER,502391,20260630,1,0.759,
DIAG-20260630-TST-U02391,EXTREME_THERMAL_EXPOSURE,502391,20260630,2,0.125,
DIAG-20260630-TST-U02391,SECONDARY_ARBITRAGE,502391,20260630,3,0.116,
DIAG-20260630-TST-U02392,LEGAL_PERMIT_BARRIER,502392,20260630,1,0.901,
DIAG-20260630-TST-U02392,LOW_SALES_INCENTIVE,502392,20260630,2,0.099,
DIAG-20260630-TST-U02393,LEGAL_PERMIT_BARRIER,502393,20260630,1,0.759,
DIAG-20260630-TST-U02393,SECONDARY_ARBITRAGE,502393,20260630,2,0.123,
DIAG-20260630-TST-U02393,SEVERE_PHYSICAL_DEFECT,502393,20260630,3,0.118,
DIAG-20260630-TST-U02394,LEGAL_PERMIT_BARRIER,502394,20260630,1,0.81,
DIAG-20260630-TST-U02394,SECONDARY_ARBITRAGE,502394,20260630,2,0.101,
DIAG-20260630-TST-U02394,LOW_SALES_INCENTIVE,502394,20260630,3,0.089,
DIAG-20260630-TST-U02395,LEGAL_PERMIT_BARRIER,502395,20260630,1,0.775,
DIAG-20260630-TST-U02395,EXTREME_THERMAL_EXPOSURE,502395,20260630,2,0.12,
DIAG-20260630-TST-U02395,SECONDARY_ARBITRAGE,502395,20260630,3,0.105,
DIAG-20260630-TST-U02396,LEGAL_PERMIT_BARRIER,502396,20260630,1,0.786,
DIAG-20260630-TST-U02396,SEVERE_PHYSICAL_DEFECT,502396,20260630,2,0.114,
DIAG-20260630-TST-U02396,SECONDARY_ARBITRAGE,502396,20260630,3,0.1,
DIAG-20260630-TST-U02397,LEGAL_PERMIT_BARRIER,502397,20260630,1,0.754,
DIAG-20260630-TST-U02397,EXTREME_THERMAL_EXPOSURE,502397,20260630,2,0.125,
DIAG-20260630-TST-U02397,SEVERE_PHYSICAL_DEFECT,502397,20260630,3,0.121,
DIAG-20260630-TST-U02398,LEGAL_PERMIT_BARRIER,502398,20260630,1,0.789,
DIAG-20260630-TST-U02398,SECONDARY_ARBITRAGE,502398,20260630,2,0.124,
DIAG-20260630-TST-U02398,LOW_SALES_INCENTIVE,502398,20260630,3,0.087,
DIAG-20260630-TST-U02399,LEGAL_PERMIT_BARRIER,502399,20260630,1,0.783,
DIAG-20260630-TST-U02399,SEVERE_PHYSICAL_DEFECT,502399,20260630,2,0.109,
DIAG-20260630-TST-U02399,SECONDARY_ARBITRAGE,502399,20260630,3,0.108,
DIAG-20260630-TST-U02400,LEGAL_PERMIT_BARRIER,502400,20260630,1,0.796,
DIAG-20260630-TST-U02400,SEVERE_PHYSICAL_DEFECT,502400,20260630,2,0.116,
DIAG-20260630-TST-U02400,LOW_SALES_INCENTIVE,502400,20260630,3,0.088,
DIAG-20260630-TST-U02401,LEGAL_PERMIT_BARRIER,502401,20260630,1,0.858,
DIAG-20260630-TST-U02401,EXTREME_THERMAL_EXPOSURE,502401,20260630,2,0.142,
DIAG-20260630-TST-U02402,LEGAL_PERMIT_BARRIER,502402,20260630,1,0.792,
DIAG-20260630-TST-U02402,SECONDARY_ARBITRAGE,502402,20260630,2,0.105,
DIAG-20260630-TST-U02402,SEVERE_PHYSICAL_DEFECT,502402,20260630,3,0.103,
DIAG-20260630-TST-U02403,LEGAL_PERMIT_BARRIER,502403,20260630,1,0.81,
DIAG-20260630-TST-U02403,SECONDARY_ARBITRAGE,502403,20260630,2,0.101,
DIAG-20260630-TST-U02403,LOW_SALES_INCENTIVE,502403,20260630,3,0.089,
DIAG-20260630-TST-U02404,LEGAL_PERMIT_BARRIER,502404,20260630,1,0.746,
DIAG-20260630-TST-U02404,SECONDARY_ARBITRAGE,502404,20260630,2,0.149,
DIAG-20260630-TST-U02404,EXTREME_THERMAL_EXPOSURE,502404,20260630,3,0.105,
DIAG-20260630-TST-U02405,LEGAL_PERMIT_BARRIER,502405,20260630,1,0.749,
DIAG-20260630-TST-U02405,SEVERE_PHYSICAL_DEFECT,502405,20260630,2,0.138,
DIAG-20260630-TST-U02405,SECONDARY_ARBITRAGE,502405,20260630,3,0.113,
DIAG-20260630-TST-U02407,LEGAL_PERMIT_BARRIER,502407,20260630,1,0.869,
DIAG-20260630-TST-U02407,SECONDARY_ARBITRAGE,502407,20260630,2,0.131,
DIAG-20260630-TST-U02408,LEGAL_PERMIT_BARRIER,502408,20260630,1,0.789,
DIAG-20260630-TST-U02408,SECONDARY_ARBITRAGE,502408,20260630,2,0.108,
DIAG-20260630-TST-U02408,SEVERE_PHYSICAL_DEFECT,502408,20260630,3,0.103,
DIAG-20260630-TST-U02409,LEGAL_PERMIT_BARRIER,502409,20260630,1,0.742,
DIAG-20260630-TST-U02409,SECONDARY_ARBITRAGE,502409,20260630,2,0.143,
DIAG-20260630-TST-U02409,SEVERE_PHYSICAL_DEFECT,502409,20260630,3,0.115,
DIAG-20260630-TST-U02410,LEGAL_PERMIT_BARRIER,502410,20260630,1,0.768,
DIAG-20260630-TST-U02410,EXTREME_THERMAL_EXPOSURE,502410,20260630,2,0.127,
DIAG-20260630-TST-U02410,SECONDARY_ARBITRAGE,502410,20260630,3,0.105,
DIAG-20260630-TST-U02411,LEGAL_PERMIT_BARRIER,502411,20260630,1,0.79,
DIAG-20260630-TST-U02411,EXTREME_THERMAL_EXPOSURE,502411,20260630,2,0.123,
DIAG-20260630-TST-U02411,LOW_SALES_INCENTIVE,502411,20260630,3,0.087,
DIAG-20260630-TST-U02412,LEGAL_PERMIT_BARRIER,502412,20260630,1,0.889,
DIAG-20260630-TST-U02412,SECONDARY_ARBITRAGE,502412,20260630,2,0.111,
DIAG-20260630-TST-U02413,LEGAL_PERMIT_BARRIER,502413,20260630,1,0.901,
DIAG-20260630-TST-U02413,LOW_SALES_INCENTIVE,502413,20260630,2,0.099,
DIAG-20260630-TST-U02414,LEGAL_PERMIT_BARRIER,502414,20260630,1,0.774,
DIAG-20260630-TST-U02414,SECONDARY_ARBITRAGE,502414,20260630,2,0.114,
DIAG-20260630-TST-U02414,SEVERE_PHYSICAL_DEFECT,502414,20260630,3,0.112,
DIAG-20260630-TST-U02415,LEGAL_PERMIT_BARRIER,502415,20260630,1,0.788,
DIAG-20260630-TST-U02415,SECONDARY_ARBITRAGE,502415,20260630,2,0.125,
DIAG-20260630-TST-U02415,LOW_SALES_INCENTIVE,502415,20260630,3,0.087,
DIAG-20260630-TST-U02416,LEGAL_PERMIT_BARRIER,502416,20260630,1,0.869,
DIAG-20260630-TST-U02416,SECONDARY_ARBITRAGE,502416,20260630,2,0.131,
DIAG-20260630-TST-U02418,LEGAL_PERMIT_BARRIER,502418,20260630,1,0.777,
DIAG-20260630-TST-U02418,EXTREME_THERMAL_EXPOSURE,502418,20260630,2,0.128,
DIAG-20260630-TST-U02418,SECONDARY_ARBITRAGE,502418,20260630,3,0.095,
DIAG-20260630-TST-U02419,LEGAL_PERMIT_BARRIER,502419,20260630,1,0.878,
DIAG-20260630-TST-U02419,SECONDARY_ARBITRAGE,502419,20260630,2,0.122,
DIAG-20260630-TST-U02420,LEGAL_PERMIT_BARRIER,502420,20260630,1,0.893,
DIAG-20260630-TST-U02420,SECONDARY_ARBITRAGE,502420,20260630,2,0.107,
DIAG-20260630-TST-U02421,LEGAL_PERMIT_BARRIER,502421,20260630,1,0.877,
DIAG-20260630-TST-U02421,EXTREME_THERMAL_EXPOSURE,502421,20260630,2,0.123,
DIAG-20260630-TST-U02424,LEGAL_PERMIT_BARRIER,502424,20260630,1,0.775,
DIAG-20260630-TST-U02424,SECONDARY_ARBITRAGE,502424,20260630,2,0.13,
DIAG-20260630-TST-U02424,OVERPRICED_VS_PEER,502424,20260630,3,0.095,
DIAG-20260630-TST-U02426,LEGAL_PERMIT_BARRIER,502426,20260630,1,0.776,
DIAG-20260630-TST-U02426,SEVERE_PHYSICAL_DEFECT,502426,20260630,2,0.112,
DIAG-20260630-TST-U02426,EXTREME_THERMAL_EXPOSURE,502426,20260630,3,0.112,
DIAG-20260630-TST-U02428,LEGAL_PERMIT_BARRIER,502428,20260630,1,0.78,
DIAG-20260630-TST-U02428,SECONDARY_ARBITRAGE,502428,20260630,2,0.111,
DIAG-20260630-TST-U02428,EXTREME_THERMAL_EXPOSURE,502428,20260630,3,0.109,
DIAG-20260630-TST-U02429,LEGAL_PERMIT_BARRIER,502429,20260630,1,0.746,
DIAG-20260630-TST-U02429,EXTREME_THERMAL_EXPOSURE,502429,20260630,2,0.145,
DIAG-20260630-TST-U02429,SECONDARY_ARBITRAGE,502429,20260630,3,0.109,
DIAG-20260630-TST-U02430,LEGAL_PERMIT_BARRIER,502430,20260630,1,0.763,
DIAG-20260630-TST-U02430,EXTREME_THERMAL_EXPOSURE,502430,20260630,2,0.126,
DIAG-20260630-TST-U02430,SECONDARY_ARBITRAGE,502430,20260630,3,0.111,
DIAG-20260630-TST-U02431,LEGAL_PERMIT_BARRIER,502431,20260630,1,0.746,
DIAG-20260630-TST-U02431,SEVERE_PHYSICAL_DEFECT,502431,20260630,2,0.131,
DIAG-20260630-TST-U02431,SECONDARY_ARBITRAGE,502431,20260630,3,0.123,
DIAG-20260630-TST-U02432,LEGAL_PERMIT_BARRIER,502432,20260630,1,1.0,
DIAG-20260630-TST-U02433,LEGAL_PERMIT_BARRIER,502433,20260630,1,0.79,
DIAG-20260630-TST-U02433,EXTREME_THERMAL_EXPOSURE,502433,20260630,2,0.11,
DIAG-20260630-TST-U02433,SECONDARY_ARBITRAGE,502433,20260630,3,0.1,
DIAG-20260630-TST-U02434,LEGAL_PERMIT_BARRIER,502434,20260630,1,0.768,
DIAG-20260630-TST-U02434,SECONDARY_ARBITRAGE,502434,20260630,2,0.133,
DIAG-20260630-TST-U02434,OVERPRICED_VS_PEER,502434,20260630,3,0.099,
DIAG-20260630-TST-U02435,LEGAL_PERMIT_BARRIER,502435,20260630,1,0.877,
DIAG-20260630-TST-U02435,SECONDARY_ARBITRAGE,502435,20260630,2,0.123,
DIAG-20260630-TST-U02437,LEGAL_PERMIT_BARRIER,502437,20260630,1,0.777,
DIAG-20260630-TST-U02437,LUMP_SUM_TICKET_BARRIER,502437,20260630,2,0.114,
DIAG-20260630-TST-U02437,SECONDARY_ARBITRAGE,502437,20260630,3,0.109,
DIAG-20260630-TST-U02438,LEGAL_PERMIT_BARRIER,502438,20260630,1,0.859,
DIAG-20260630-TST-U02438,SECONDARY_ARBITRAGE,502438,20260630,2,0.141,
DIAG-20260630-TST-U02439,LEGAL_PERMIT_BARRIER,502439,20260630,1,0.762,
DIAG-20260630-TST-U02439,EXTREME_THERMAL_EXPOSURE,502439,20260630,2,0.126,
DIAG-20260630-TST-U02439,SECONDARY_ARBITRAGE,502439,20260630,3,0.112,
DIAG-20260630-TST-U02440,LEGAL_PERMIT_BARRIER,502440,20260630,1,0.795,
DIAG-20260630-TST-U02440,SECONDARY_ARBITRAGE,502440,20260630,2,0.118,
DIAG-20260630-TST-U02440,LOW_SALES_INCENTIVE,502440,20260630,3,0.087,
DIAG-20260630-TST-U02441,LEGAL_PERMIT_BARRIER,502441,20260630,1,0.809,
DIAG-20260630-TST-U02441,SECONDARY_ARBITRAGE,502441,20260630,2,0.102,
DIAG-20260630-TST-U02441,LOW_SALES_INCENTIVE,502441,20260630,3,0.089,
DIAG-20260630-TST-U02443,LEGAL_PERMIT_BARRIER,502443,20260630,1,0.8,
DIAG-20260630-TST-U02443,SECONDARY_ARBITRAGE,502443,20260630,2,0.112,
DIAG-20260630-TST-U02443,LOW_SALES_INCENTIVE,502443,20260630,3,0.088,
DIAG-20260630-TST-U02446,LEGAL_PERMIT_BARRIER,502446,20260630,1,0.851,
DIAG-20260630-TST-U02446,EXTREME_THERMAL_EXPOSURE,502446,20260630,2,0.149,
DIAG-20260630-TST-U02447,LEGAL_PERMIT_BARRIER,502447,20260630,1,0.783,
DIAG-20260630-TST-U02447,SECONDARY_ARBITRAGE,502447,20260630,2,0.131,
DIAG-20260630-TST-U02447,LOW_SALES_INCENTIVE,502447,20260630,3,0.086,
DIAG-20260630-TST-U02448,LEGAL_PERMIT_BARRIER,502448,20260630,1,0.863,
DIAG-20260630-TST-U02448,SECONDARY_ARBITRAGE,502448,20260630,2,0.137,
DIAG-20260630-TST-U02449,LEGAL_PERMIT_BARRIER,502449,20260630,1,0.874,
DIAG-20260630-TST-U02449,SECONDARY_ARBITRAGE,502449,20260630,2,0.126,
DIAG-20260630-TST-U02450,LEGAL_PERMIT_BARRIER,502450,20260630,1,0.873,
DIAG-20260630-TST-U02450,SECONDARY_ARBITRAGE,502450,20260630,2,0.127,
DIAG-20260630-TST-U02451,LEGAL_PERMIT_BARRIER,502451,20260630,1,0.765,
DIAG-20260630-TST-U02451,EXTREME_THERMAL_EXPOSURE,502451,20260630,2,0.126,
DIAG-20260630-TST-U02451,SECONDARY_ARBITRAGE,502451,20260630,3,0.109,
DIAG-20260630-TST-U02452,LEGAL_PERMIT_BARRIER,502452,20260630,1,0.901,
DIAG-20260630-TST-U02452,LOW_SALES_INCENTIVE,502452,20260630,2,0.099,
DIAG-20260630-TST-U02454,LEGAL_PERMIT_BARRIER,502454,20260630,1,0.765,
DIAG-20260630-TST-U02454,SECONDARY_ARBITRAGE,502454,20260630,2,0.135,
DIAG-20260630-TST-U02454,OVERPRICED_VS_PEER,502454,20260630,3,0.1,
DIAG-20260630-TST-U02455,LEGAL_PERMIT_BARRIER,502455,20260630,1,0.79,
DIAG-20260630-TST-U02455,SECONDARY_ARBITRAGE,502455,20260630,2,0.123,
DIAG-20260630-TST-U02455,LOW_SALES_INCENTIVE,502455,20260630,3,0.087,
DIAG-20260630-TST-U02456,LEGAL_PERMIT_BARRIER,502456,20260630,1,0.775,
DIAG-20260630-TST-U02456,SECONDARY_ARBITRAGE,502456,20260630,2,0.117,
DIAG-20260630-TST-U02456,EXTREME_THERMAL_EXPOSURE,502456,20260630,3,0.108,
DIAG-20260630-TST-U02457,LEGAL_PERMIT_BARRIER,502457,20260630,1,0.788,
DIAG-20260630-TST-U02457,SEVERE_PHYSICAL_DEFECT,502457,20260630,2,0.106,
DIAG-20260630-TST-U02457,SECONDARY_ARBITRAGE,502457,20260630,3,0.106,
DIAG-20260630-TST-U02458,LEGAL_PERMIT_BARRIER,502458,20260630,1,0.813,
DIAG-20260630-TST-U02458,SECONDARY_ARBITRAGE,502458,20260630,2,0.098,
DIAG-20260630-TST-U02458,LOW_SALES_INCENTIVE,502458,20260630,3,0.089,
DIAG-20260630-TST-U02459,LEGAL_PERMIT_BARRIER,502459,20260630,1,0.776,
DIAG-20260630-TST-U02459,SECONDARY_ARBITRAGE,502459,20260630,2,0.115,
DIAG-20260630-TST-U02459,EXTREME_THERMAL_EXPOSURE,502459,20260630,3,0.109,
DIAG-20260630-TST-U02460,LEGAL_PERMIT_BARRIER,502460,20260630,1,0.802,
DIAG-20260630-TST-U02460,SECONDARY_ARBITRAGE,502460,20260630,2,0.11,
DIAG-20260630-TST-U02460,LOW_SALES_INCENTIVE,502460,20260630,3,0.088,
DIAG-20260630-TST-U02461,LEGAL_PERMIT_BARRIER,502461,20260630,1,0.763,
DIAG-20260630-TST-U02461,EXTREME_THERMAL_EXPOSURE,502461,20260630,2,0.126,
DIAG-20260630-TST-U02461,SECONDARY_ARBITRAGE,502461,20260630,3,0.111,
DIAG-20260630-TST-U02462,LEGAL_PERMIT_BARRIER,502462,20260630,1,0.785,
DIAG-20260630-TST-U02462,SEVERE_PHYSICAL_DEFECT,502462,20260630,2,0.118,
DIAG-20260630-TST-U02462,SECONDARY_ARBITRAGE,502462,20260630,3,0.097,
DIAG-20260630-TST-U02463,LEGAL_PERMIT_BARRIER,502463,20260630,1,0.767,
DIAG-20260630-TST-U02463,EXTREME_THERMAL_EXPOSURE,502463,20260630,2,0.126,
DIAG-20260630-TST-U02463,SECONDARY_ARBITRAGE,502463,20260630,3,0.107,
DIAG-20260630-TST-U02466,LEGAL_PERMIT_BARRIER,502466,20260630,1,0.79,
DIAG-20260630-TST-U02466,EXTREME_THERMAL_EXPOSURE,502466,20260630,2,0.123,
DIAG-20260630-TST-U02466,LOW_SALES_INCENTIVE,502466,20260630,3,0.087,
DIAG-20260630-TST-U02467,LEGAL_PERMIT_BARRIER,502467,20260630,1,0.786,
DIAG-20260630-TST-U02467,SEVERE_PHYSICAL_DEFECT,502467,20260630,2,0.11,
DIAG-20260630-TST-U02467,SECONDARY_ARBITRAGE,502467,20260630,3,0.104,
DIAG-20260630-TST-U02469,LEGAL_PERMIT_BARRIER,502469,20260630,1,0.743,
DIAG-20260630-TST-U02469,SEVERE_PHYSICAL_DEFECT,502469,20260630,2,0.134,
DIAG-20260630-TST-U02469,SECONDARY_ARBITRAGE,502469,20260630,3,0.123,
DIAG-20260630-TST-U02470,LEGAL_PERMIT_BARRIER,502470,20260630,1,0.766,
DIAG-20260630-TST-U02470,SECONDARY_ARBITRAGE,502470,20260630,2,0.127,
DIAG-20260630-TST-U02470,EXTREME_THERMAL_EXPOSURE,502470,20260630,3,0.107,
DIAG-20260630-TST-U02471,LEGAL_PERMIT_BARRIER,502471,20260630,1,0.785,
DIAG-20260630-TST-U02471,EXTREME_THERMAL_EXPOSURE,502471,20260630,2,0.129,
DIAG-20260630-TST-U02471,LOW_SALES_INCENTIVE,502471,20260630,3,0.086,
DIAG-20260630-TST-U02472,LEGAL_PERMIT_BARRIER,502472,20260630,1,0.809,
DIAG-20260630-TST-U02472,SECONDARY_ARBITRAGE,502472,20260630,2,0.102,
DIAG-20260630-TST-U02472,LOW_SALES_INCENTIVE,502472,20260630,3,0.089,
DIAG-20260630-TST-U02473,LEGAL_PERMIT_BARRIER,502473,20260630,1,0.758,
DIAG-20260630-TST-U02473,SEVERE_PHYSICAL_DEFECT,502473,20260630,2,0.133,
DIAG-20260630-TST-U02473,SECONDARY_ARBITRAGE,502473,20260630,3,0.109,
DIAG-20260630-TST-U02475,LEGAL_PERMIT_BARRIER,502475,20260630,1,0.795,
DIAG-20260630-TST-U02475,SECONDARY_ARBITRAGE,502475,20260630,2,0.118,
DIAG-20260630-TST-U02475,LOW_SALES_INCENTIVE,502475,20260630,3,0.087,
DIAG-20260630-TST-U02477,LEGAL_PERMIT_BARRIER,502477,20260630,1,1.0,
DIAG-20260630-TST-U02478,LEGAL_PERMIT_BARRIER,502478,20260630,1,0.772,
DIAG-20260630-TST-U02478,EXTREME_THERMAL_EXPOSURE,502478,20260630,2,0.127,
DIAG-20260630-TST-U02478,SECONDARY_ARBITRAGE,502478,20260630,3,0.101,
DIAG-20260630-TST-U02480,LEGAL_PERMIT_BARRIER,502480,20260630,1,0.777,
DIAG-20260630-TST-U02480,EXTREME_THERMAL_EXPOSURE,502480,20260630,2,0.128,
DIAG-20260630-TST-U02480,SECONDARY_ARBITRAGE,502480,20260630,3,0.095,
DIAG-20260630-TST-U02481,LEGAL_PERMIT_BARRIER,502481,20260630,1,0.781,
DIAG-20260630-TST-U02481,SECONDARY_ARBITRAGE,502481,20260630,2,0.11,
DIAG-20260630-TST-U02481,EXTREME_THERMAL_EXPOSURE,502481,20260630,3,0.109,
DIAG-20260630-TST-U02482,LEGAL_PERMIT_BARRIER,502482,20260630,1,1.0,
DIAG-20260630-TST-U02484,LEGAL_PERMIT_BARRIER,502484,20260630,1,0.782,
DIAG-20260630-TST-U02484,SEVERE_PHYSICAL_DEFECT,502484,20260630,2,0.11,
DIAG-20260630-TST-U02484,SECONDARY_ARBITRAGE,502484,20260630,3,0.108,
DIAG-20260630-TST-U02486,LEGAL_PERMIT_BARRIER,502486,20260630,1,0.747,
DIAG-20260630-TST-U02486,SECONDARY_ARBITRAGE,502486,20260630,2,0.13,
DIAG-20260630-TST-U02486,EXTREME_THERMAL_EXPOSURE,502486,20260630,3,0.123,
DIAG-20260630-TST-U02487,LEGAL_PERMIT_BARRIER,502487,20260630,1,0.796,
DIAG-20260630-TST-U02487,SECONDARY_ARBITRAGE,502487,20260630,2,0.116,
DIAG-20260630-TST-U02487,LOW_SALES_INCENTIVE,502487,20260630,3,0.088,
DIAG-20260630-TST-U02488,LEGAL_PERMIT_BARRIER,502488,20260630,1,0.777,
DIAG-20260630-TST-U02488,SECONDARY_ARBITRAGE,502488,20260630,2,0.122,
DIAG-20260630-TST-U02488,SEVERE_PHYSICAL_DEFECT,502488,20260630,3,0.101,
DIAG-20260630-TST-U02489,LEGAL_PERMIT_BARRIER,502489,20260630,1,0.755,
DIAG-20260630-TST-U02489,SECONDARY_ARBITRAGE,502489,20260630,2,0.139,
DIAG-20260630-TST-U02489,SEVERE_PHYSICAL_DEFECT,502489,20260630,3,0.106,
DIAG-20260630-TST-U02490,LEGAL_PERMIT_BARRIER,502490,20260630,1,0.877,
DIAG-20260630-TST-U02490,EXTREME_THERMAL_EXPOSURE,502490,20260630,2,0.123,
DIAG-20260630-TST-U02491,LEGAL_PERMIT_BARRIER,502491,20260630,1,0.79,
DIAG-20260630-TST-U02491,EXTREME_THERMAL_EXPOSURE,502491,20260630,2,0.111,
DIAG-20260630-TST-U02491,SEVERE_PHYSICAL_DEFECT,502491,20260630,3,0.099,
DIAG-20260630-TST-U02492,LEGAL_PERMIT_BARRIER,502492,20260630,1,0.792,
DIAG-20260630-TST-U02492,SECONDARY_ARBITRAGE,502492,20260630,2,0.121,
DIAG-20260630-TST-U02492,LOW_SALES_INCENTIVE,502492,20260630,3,0.087,
DIAG-20260630-TST-U02493,LEGAL_PERMIT_BARRIER,502493,20260630,1,0.741,
DIAG-20260630-TST-U02493,EXTREME_THERMAL_EXPOSURE,502493,20260630,2,0.145,
DIAG-20260630-TST-U02493,SECONDARY_ARBITRAGE,502493,20260630,3,0.114,
DIAG-20260630-TST-U02495,LEGAL_PERMIT_BARRIER,502495,20260630,1,0.762,
DIAG-20260630-TST-U02495,SECONDARY_ARBITRAGE,502495,20260630,2,0.127,
DIAG-20260630-TST-U02495,LUMP_SUM_TICKET_BARRIER,502495,20260630,3,0.111,
DIAG-20260630-TST-U02496,LEGAL_PERMIT_BARRIER,502496,20260630,1,0.8,
DIAG-20260630-TST-U02496,SEVERE_PHYSICAL_DEFECT,502496,20260630,2,0.112,
DIAG-20260630-TST-U02496,LOW_SALES_INCENTIVE,502496,20260630,3,0.088,
DIAG-20260630-TST-U02497,LEGAL_PERMIT_BARRIER,502497,20260630,1,0.754,
DIAG-20260630-TST-U02497,SECONDARY_ARBITRAGE,502497,20260630,2,0.133,
DIAG-20260630-TST-U02497,LUMP_SUM_TICKET_BARRIER,502497,20260630,3,0.113,
DIAG-20260630-TST-U02498,LEGAL_PERMIT_BARRIER,502498,20260630,1,0.763,
DIAG-20260630-TST-U02498,SECONDARY_ARBITRAGE,502498,20260630,2,0.13,
DIAG-20260630-TST-U02498,SEVERE_PHYSICAL_DEFECT,502498,20260630,3,0.107,
DIAG-20260630-TST-U02499,LEGAL_PERMIT_BARRIER,502499,20260630,1,0.761,
DIAG-20260630-TST-U02499,EXTREME_THERMAL_EXPOSURE,502499,20260630,2,0.125,
DIAG-20260630-TST-U02499,SEVERE_PHYSICAL_DEFECT,502499,20260630,3,0.114,
DIAG-20260630-TST-U02500,LEGAL_PERMIT_BARRIER,502500,20260630,1,0.87,
DIAG-20260630-TST-U02500,SECONDARY_ARBITRAGE,502500,20260630,2,0.13,
DIAG-20260630-TST-U02501,LEGAL_PERMIT_BARRIER,502501,20260630,1,0.778,
DIAG-20260630-TST-U02501,SECONDARY_ARBITRAGE,502501,20260630,2,0.113,
DIAG-20260630-TST-U02501,SEVERE_PHYSICAL_DEFECT,502501,20260630,3,0.109,
DIAG-20260630-TST-U02503,LEGAL_PERMIT_BARRIER,502503,20260630,1,0.79,
DIAG-20260630-TST-U02503,SEVERE_PHYSICAL_DEFECT,502503,20260630,2,0.107,
DIAG-20260630-TST-U02503,SECONDARY_ARBITRAGE,502503,20260630,3,0.103,
DIAG-20260630-TST-U02504,LEGAL_PERMIT_BARRIER,502504,20260630,1,0.797,
DIAG-20260630-TST-U02504,SECONDARY_ARBITRAGE,502504,20260630,2,0.103,
DIAG-20260630-TST-U02504,SEVERE_PHYSICAL_DEFECT,502504,20260630,3,0.1,
DIAG-20260630-TST-U02505,LEGAL_PERMIT_BARRIER,502505,20260630,1,0.863,
DIAG-20260630-TST-U02505,SECONDARY_ARBITRAGE,502505,20260630,2,0.137,
DIAG-20260630-TST-U02507,LEGAL_PERMIT_BARRIER,502507,20260630,1,0.776,
DIAG-20260630-TST-U02507,SECONDARY_ARBITRAGE,502507,20260630,2,0.115,
DIAG-20260630-TST-U02507,SEVERE_PHYSICAL_DEFECT,502507,20260630,3,0.109,
DIAG-20260630-TST-U02509,LEGAL_PERMIT_BARRIER,502509,20260630,1,0.769,
DIAG-20260630-TST-U02509,SEVERE_PHYSICAL_DEFECT,502509,20260630,2,0.131,
DIAG-20260630-TST-U02509,SECONDARY_ARBITRAGE,502509,20260630,3,0.1,
DIAG-20260630-TST-U02510,LEGAL_PERMIT_BARRIER,502510,20260630,1,1.0,
DIAG-20260630-TST-U02511,LEGAL_PERMIT_BARRIER,502511,20260630,1,0.744,
DIAG-20260630-TST-U02511,SECONDARY_ARBITRAGE,502511,20260630,2,0.13,
DIAG-20260630-TST-U02511,EXTREME_THERMAL_EXPOSURE,502511,20260630,3,0.126,
DIAG-20260630-TST-U02512,LEGAL_PERMIT_BARRIER,502512,20260630,1,0.788,
DIAG-20260630-TST-U02512,EXTREME_THERMAL_EXPOSURE,502512,20260630,2,0.11,
DIAG-20260630-TST-U02512,SEVERE_PHYSICAL_DEFECT,502512,20260630,3,0.102,
DIAG-20260630-TST-U02513,LEGAL_PERMIT_BARRIER,502513,20260630,1,0.754,
DIAG-20260630-TST-U02513,SECONDARY_ARBITRAGE,502513,20260630,2,0.141,
DIAG-20260630-TST-U02513,OVERPRICED_VS_PEER,502513,20260630,3,0.105,
DIAG-20260630-TST-U02515,LEGAL_PERMIT_BARRIER,502515,20260630,1,0.878,
DIAG-20260630-TST-U02515,SECONDARY_ARBITRAGE,502515,20260630,2,0.122,
DIAG-20260630-TST-U02516,LEGAL_PERMIT_BARRIER,502516,20260630,1,0.768,
DIAG-20260630-TST-U02516,SECONDARY_ARBITRAGE,502516,20260630,2,0.148,
DIAG-20260630-TST-U02516,LOW_SALES_INCENTIVE,502516,20260630,3,0.084,
DIAG-20260630-TST-U02518,LEGAL_PERMIT_BARRIER,502518,20260630,1,0.79,
DIAG-20260630-TST-U02518,SEVERE_PHYSICAL_DEFECT,502518,20260630,2,0.123,
DIAG-20260630-TST-U02518,LOW_SALES_INCENTIVE,502518,20260630,3,0.087,
DIAG-20260630-TST-U02521,LEGAL_PERMIT_BARRIER,502521,20260630,1,0.788,
DIAG-20260630-TST-U02521,SEVERE_PHYSICAL_DEFECT,502521,20260630,2,0.11,
DIAG-20260630-TST-U02521,SECONDARY_ARBITRAGE,502521,20260630,3,0.102,
DIAG-20260630-TST-U02523,LEGAL_PERMIT_BARRIER,502523,20260630,1,0.901,
DIAG-20260630-TST-U02523,LOW_SALES_INCENTIVE,502523,20260630,2,0.099,
DIAG-20260630-TST-U02524,LEGAL_PERMIT_BARRIER,502524,20260630,1,0.862,
DIAG-20260630-TST-U02524,SEVERE_PHYSICAL_DEFECT,502524,20260630,2,0.138,
DIAG-20260630-TST-U02526,LEGAL_PERMIT_BARRIER,502526,20260630,1,0.803,
DIAG-20260630-TST-U02526,SECONDARY_ARBITRAGE,502526,20260630,2,0.109,
DIAG-20260630-TST-U02526,LOW_SALES_INCENTIVE,502526,20260630,3,0.088,
DIAG-20260630-TST-U02527,LEGAL_PERMIT_BARRIER,502527,20260630,1,0.792,
DIAG-20260630-TST-U02527,SEVERE_PHYSICAL_DEFECT,502527,20260630,2,0.107,
DIAG-20260630-TST-U02527,SECONDARY_ARBITRAGE,502527,20260630,3,0.101,
DIAG-20260630-TST-U02528,LEGAL_PERMIT_BARRIER,502528,20260630,1,0.88,
DIAG-20260630-TST-U02528,SECONDARY_ARBITRAGE,502528,20260630,2,0.12,
DIAG-20260630-TST-U02529,LEGAL_PERMIT_BARRIER,502529,20260630,1,0.901,
DIAG-20260630-TST-U02529,LOW_SALES_INCENTIVE,502529,20260630,2,0.099,
DIAG-20260630-TST-U02531,LEGAL_PERMIT_BARRIER,502531,20260630,1,1.0,
DIAG-20260630-TST-U02532,LEGAL_PERMIT_BARRIER,502532,20260630,1,0.773,
DIAG-20260630-TST-U02532,SECONDARY_ARBITRAGE,502532,20260630,2,0.123,
DIAG-20260630-TST-U02532,SEVERE_PHYSICAL_DEFECT,502532,20260630,3,0.104,
DIAG-20260630-TST-U02533,LEGAL_PERMIT_BARRIER,502533,20260630,1,0.891,
DIAG-20260630-TST-U02533,SECONDARY_ARBITRAGE,502533,20260630,2,0.109,
DIAG-20260630-TST-U02534,LEGAL_PERMIT_BARRIER,502534,20260630,1,0.778,
DIAG-20260630-TST-U02534,SEVERE_PHYSICAL_DEFECT,502534,20260630,2,0.113,
DIAG-20260630-TST-U02534,SECONDARY_ARBITRAGE,502534,20260630,3,0.109,
DIAG-20260630-TST-U02535,LEGAL_PERMIT_BARRIER,502535,20260630,1,0.771,
DIAG-20260630-TST-U02535,SECONDARY_ARBITRAGE,502535,20260630,2,0.132,
DIAG-20260630-TST-U02535,OVERPRICED_VS_PEER,502535,20260630,3,0.097,
DIAG-20260630-TST-U02536,LEGAL_PERMIT_BARRIER,502536,20260630,1,1.0,
DIAG-20260630-TST-U02537,LEGAL_PERMIT_BARRIER,502537,20260630,1,0.773,
DIAG-20260630-TST-U02537,SEVERE_PHYSICAL_DEFECT,502537,20260630,2,0.116,
DIAG-20260630-TST-U02537,SECONDARY_ARBITRAGE,502537,20260630,3,0.111,
DIAG-20260630-TST-U02539,LEGAL_PERMIT_BARRIER,502539,20260630,1,0.8,
DIAG-20260630-TST-U02539,EXTREME_THERMAL_EXPOSURE,502539,20260630,2,0.112,
DIAG-20260630-TST-U02539,LOW_SALES_INCENTIVE,502539,20260630,3,0.088,
DIAG-20260630-TST-U02541,LEGAL_PERMIT_BARRIER,502541,20260630,1,0.811,
DIAG-20260630-TST-U02541,SECONDARY_ARBITRAGE,502541,20260630,2,0.1,
DIAG-20260630-TST-U02541,LOW_SALES_INCENTIVE,502541,20260630,3,0.089,
DIAG-20260630-TST-U02542,LEGAL_PERMIT_BARRIER,502542,20260630,1,0.877,
DIAG-20260630-TST-U02542,SEVERE_PHYSICAL_DEFECT,502542,20260630,2,0.123,
DIAG-20260630-TST-U02543,LEGAL_PERMIT_BARRIER,502543,20260630,1,0.789,
DIAG-20260630-TST-U02543,SEVERE_PHYSICAL_DEFECT,502543,20260630,2,0.107,
DIAG-20260630-TST-U02543,SECONDARY_ARBITRAGE,502543,20260630,3,0.104,
DIAG-20260630-TST-U02544,LEGAL_PERMIT_BARRIER,502544,20260630,1,0.769,
DIAG-20260630-TST-U02544,EXTREME_THERMAL_EXPOSURE,502544,20260630,2,0.127,
DIAG-20260630-TST-U02544,SECONDARY_ARBITRAGE,502544,20260630,3,0.104,
DIAG-20260630-TST-U02545,LEGAL_PERMIT_BARRIER,502545,20260630,1,0.881,
DIAG-20260630-TST-U02545,SECONDARY_ARBITRAGE,502545,20260630,2,0.119,
DIAG-20260630-TST-U02546,LEGAL_PERMIT_BARRIER,502546,20260630,1,0.8,
DIAG-20260630-TST-U02546,SEVERE_PHYSICAL_DEFECT,502546,20260630,2,0.112,
DIAG-20260630-TST-U02546,LOW_SALES_INCENTIVE,502546,20260630,3,0.088,
DIAG-20260630-TST-U02547,LEGAL_PERMIT_BARRIER,502547,20260630,1,0.784,
DIAG-20260630-TST-U02547,EXTREME_THERMAL_EXPOSURE,502547,20260630,2,0.11,
DIAG-20260630-TST-U02547,SECONDARY_ARBITRAGE,502547,20260630,3,0.106,
DIAG-20260630-TST-U02548,LEGAL_PERMIT_BARRIER,502548,20260630,1,0.759,
DIAG-20260630-TST-U02548,SEVERE_PHYSICAL_DEFECT,502548,20260630,2,0.121,
DIAG-20260630-TST-U02548,SECONDARY_ARBITRAGE,502548,20260630,3,0.12,
DIAG-20260630-TST-U02549,LEGAL_PERMIT_BARRIER,502549,20260630,1,0.752,
DIAG-20260630-TST-U02549,SEVERE_PHYSICAL_DEFECT,502549,20260630,2,0.124,
DIAG-20260630-TST-U02549,EXTREME_THERMAL_EXPOSURE,502549,20260630,3,0.124,
DIAG-20260630-TST-U02550,LEGAL_PERMIT_BARRIER,502550,20260630,1,0.755,
DIAG-20260630-TST-U02550,SECONDARY_ARBITRAGE,502550,20260630,2,0.139,
DIAG-20260630-TST-U02550,SEVERE_PHYSICAL_DEFECT,502550,20260630,3,0.106,
DIAG-20260630-TST-U02552,LEGAL_PERMIT_BARRIER,502552,20260630,1,0.86,
DIAG-20260630-TST-U02552,SECONDARY_ARBITRAGE,502552,20260630,2,0.14,
DIAG-20260630-TST-U02553,LEGAL_PERMIT_BARRIER,502553,20260630,1,0.727,
DIAG-20260630-TST-U02553,SEVERE_PHYSICAL_DEFECT,502553,20260630,2,0.142,
DIAG-20260630-TST-U02553,SECONDARY_ARBITRAGE,502553,20260630,3,0.131,
DIAG-20260630-TST-U02554,LEGAL_PERMIT_BARRIER,502554,20260630,1,0.764,
DIAG-20260630-TST-U02554,SEVERE_PHYSICAL_DEFECT,502554,20260630,2,0.118,
DIAG-20260630-TST-U02554,EXTREME_THERMAL_EXPOSURE,502554,20260630,3,0.118,
DIAG-20260630-TST-U02555,LEGAL_PERMIT_BARRIER,502555,20260630,1,0.782,
DIAG-20260630-TST-U02555,SECONDARY_ARBITRAGE,502555,20260630,2,0.112,
DIAG-20260630-TST-U02555,SEVERE_PHYSICAL_DEFECT,502555,20260630,3,0.106,
DIAG-20260630-TST-U02556,LEGAL_PERMIT_BARRIER,502556,20260630,1,0.777,
DIAG-20260630-TST-U02556,SECONDARY_ARBITRAGE,502556,20260630,2,0.128,
DIAG-20260630-TST-U02556,OVERPRICED_VS_PEER,502556,20260630,3,0.095,
DIAG-20260630-TST-U02557,LEGAL_PERMIT_BARRIER,502557,20260630,1,0.773,
DIAG-20260630-TST-U02557,EXTREME_THERMAL_EXPOSURE,502557,20260630,2,0.127,
DIAG-20260630-TST-U02557,SEVERE_PHYSICAL_DEFECT,502557,20260630,3,0.1,
DIAG-20260630-TST-U02558,LEGAL_PERMIT_BARRIER,502558,20260630,1,0.77,
DIAG-20260630-TST-U02558,SECONDARY_ARBITRAGE,502558,20260630,2,0.13,
DIAG-20260630-TST-U02558,SEVERE_PHYSICAL_DEFECT,502558,20260630,3,0.1,
DIAG-20260630-TST-U02559,LEGAL_PERMIT_BARRIER,502559,20260630,1,0.797,
DIAG-20260630-TST-U02559,SECONDARY_ARBITRAGE,502559,20260630,2,0.103,
DIAG-20260630-TST-U02559,SEVERE_PHYSICAL_DEFECT,502559,20260630,3,0.1,
DIAG-20260630-TST-U02561,LEGAL_PERMIT_BARRIER,502561,20260630,1,0.788,
DIAG-20260630-TST-U02561,SEVERE_PHYSICAL_DEFECT,502561,20260630,2,0.11,
DIAG-20260630-TST-U02561,SECONDARY_ARBITRAGE,502561,20260630,3,0.102,
DIAG-20260630-TST-U02562,LEGAL_PERMIT_BARRIER,502562,20260630,1,0.786,
DIAG-20260630-TST-U02562,EXTREME_THERMAL_EXPOSURE,502562,20260630,2,0.11,
DIAG-20260630-TST-U02562,SECONDARY_ARBITRAGE,502562,20260630,3,0.104,
DIAG-20260630-TST-U02563,LEGAL_PERMIT_BARRIER,502563,20260630,1,0.765,
DIAG-20260630-TST-U02563,EXTREME_THERMAL_EXPOSURE,502563,20260630,2,0.13,
DIAG-20260630-TST-U02563,SECONDARY_ARBITRAGE,502563,20260630,3,0.105,
DIAG-20260630-TST-U02564,LEGAL_PERMIT_BARRIER,502564,20260630,1,0.781,
DIAG-20260630-TST-U02564,EXTREME_THERMAL_EXPOSURE,502564,20260630,2,0.113,
DIAG-20260630-TST-U02564,SECONDARY_ARBITRAGE,502564,20260630,3,0.106,
DIAG-20260630-TST-U02565,LEGAL_PERMIT_BARRIER,502565,20260630,1,0.763,
DIAG-20260630-TST-U02565,EXTREME_THERMAL_EXPOSURE,502565,20260630,2,0.126,
DIAG-20260630-TST-U02565,SEVERE_PHYSICAL_DEFECT,502565,20260630,3,0.111,
DIAG-20260630-TST-U02566,LEGAL_PERMIT_BARRIER,502566,20260630,1,0.875,
DIAG-20260630-TST-U02566,SECONDARY_ARBITRAGE,502566,20260630,2,0.125,
DIAG-20260630-TST-U02567,LEGAL_PERMIT_BARRIER,502567,20260630,1,0.796,
DIAG-20260630-TST-U02567,SEVERE_PHYSICAL_DEFECT,502567,20260630,2,0.108,
DIAG-20260630-TST-U02567,SECONDARY_ARBITRAGE,502567,20260630,3,0.096,
DIAG-20260630-TST-U02568,LEGAL_PERMIT_BARRIER,502568,20260630,1,0.765,
DIAG-20260630-TST-U02568,SECONDARY_ARBITRAGE,502568,20260630,2,0.14,
DIAG-20260630-TST-U02568,OVERPRICED_VS_PEER,502568,20260630,3,0.095,
DIAG-20260630-TST-U02569,LEGAL_PERMIT_BARRIER,502569,20260630,1,0.756,
DIAG-20260630-TST-U02569,SECONDARY_ARBITRAGE,502569,20260630,2,0.134,
DIAG-20260630-TST-U02569,LUMP_SUM_TICKET_BARRIER,502569,20260630,3,0.11,
DIAG-20260630-TST-U02570,LEGAL_PERMIT_BARRIER,502570,20260630,1,0.772,
DIAG-20260630-TST-U02570,SEVERE_PHYSICAL_DEFECT,502570,20260630,2,0.116,
DIAG-20260630-TST-U02570,EXTREME_THERMAL_EXPOSURE,502570,20260630,3,0.112,
DIAG-20260630-TST-U02571,LEGAL_PERMIT_BARRIER,502571,20260630,1,0.761,
DIAG-20260630-TST-U02571,SECONDARY_ARBITRAGE,502571,20260630,2,0.137,
DIAG-20260630-TST-U02571,OVERPRICED_VS_PEER,502571,20260630,3,0.102,
DIAG-20260630-TST-U02572,LEGAL_PERMIT_BARRIER,502572,20260630,1,0.755,
DIAG-20260630-TST-U02572,SECONDARY_ARBITRAGE,502572,20260630,2,0.128,
DIAG-20260630-TST-U02572,EXTREME_THERMAL_EXPOSURE,502572,20260630,3,0.117,
DIAG-20260630-TST-U02573,LEGAL_PERMIT_BARRIER,502573,20260630,1,0.862,
DIAG-20260630-TST-U02573,SEVERE_PHYSICAL_DEFECT,502573,20260630,2,0.138,
DIAG-20260630-TST-U02575,LEGAL_PERMIT_BARRIER,502575,20260630,1,0.785,
DIAG-20260630-TST-U02575,SEVERE_PHYSICAL_DEFECT,502575,20260630,2,0.114,
DIAG-20260630-TST-U02575,SECONDARY_ARBITRAGE,502575,20260630,3,0.101,
DIAG-20260630-TST-U02577,LEGAL_PERMIT_BARRIER,502577,20260630,1,0.794,
DIAG-20260630-TST-U02577,SEVERE_PHYSICAL_DEFECT,502577,20260630,2,0.119,
DIAG-20260630-TST-U02577,LOW_SALES_INCENTIVE,502577,20260630,3,0.087,
DIAG-20260630-TST-U02578,LEGAL_PERMIT_BARRIER,502578,20260630,1,0.806,
DIAG-20260630-TST-U02578,SEVERE_PHYSICAL_DEFECT,502578,20260630,2,0.105,
DIAG-20260630-TST-U02578,LOW_SALES_INCENTIVE,502578,20260630,3,0.089,
DIAG-20260630-TST-U02580,LEGAL_PERMIT_BARRIER,502580,20260630,1,1.0,
DIAG-20260630-TST-U02582,LEGAL_PERMIT_BARRIER,502582,20260630,1,0.901,
DIAG-20260630-TST-U02582,LOW_SALES_INCENTIVE,502582,20260630,2,0.099,
DIAG-20260630-TST-U02583,LEGAL_PERMIT_BARRIER,502583,20260630,1,0.782,
DIAG-20260630-TST-U02583,SEVERE_PHYSICAL_DEFECT,502583,20260630,2,0.109,
DIAG-20260630-TST-U02583,EXTREME_THERMAL_EXPOSURE,502583,20260630,3,0.109,
DIAG-20260630-TST-U02584,LEGAL_PERMIT_BARRIER,502584,20260630,1,0.754,
DIAG-20260630-TST-U02584,EXTREME_THERMAL_EXPOSURE,502584,20260630,2,0.125,
DIAG-20260630-TST-U02584,SECONDARY_ARBITRAGE,502584,20260630,3,0.121,
DIAG-20260630-TST-U02585,LEGAL_PERMIT_BARRIER,502585,20260630,1,0.762,
DIAG-20260630-TST-U02585,SEVERE_PHYSICAL_DEFECT,502585,20260630,2,0.134,
DIAG-20260630-TST-U02585,SECONDARY_ARBITRAGE,502585,20260630,3,0.104,
DIAG-20260630-TST-U02586,LEGAL_PERMIT_BARRIER,502586,20260630,1,0.755,
DIAG-20260630-TST-U02586,SECONDARY_ARBITRAGE,502586,20260630,2,0.14,
DIAG-20260630-TST-U02586,OVERPRICED_VS_PEER,502586,20260630,3,0.105,
DIAG-20260630-TST-U02587,LEGAL_PERMIT_BARRIER,502587,20260630,1,0.764,
DIAG-20260630-TST-U02587,SEVERE_PHYSICAL_DEFECT,502587,20260630,2,0.137,
DIAG-20260630-TST-U02587,SECONDARY_ARBITRAGE,502587,20260630,3,0.099,
DIAG-20260630-TST-U02588,LEGAL_PERMIT_BARRIER,502588,20260630,1,0.777,
DIAG-20260630-TST-U02588,SECONDARY_ARBITRAGE,502588,20260630,2,0.114,
DIAG-20260630-TST-U02588,SEVERE_PHYSICAL_DEFECT,502588,20260630,3,0.109,
DIAG-20260630-TST-U02589,LEGAL_PERMIT_BARRIER,502589,20260630,1,0.776,
DIAG-20260630-TST-U02589,SECONDARY_ARBITRAGE,502589,20260630,2,0.115,
DIAG-20260630-TST-U02589,EXTREME_THERMAL_EXPOSURE,502589,20260630,3,0.109,
DIAG-20260630-TST-U02590,LEGAL_PERMIT_BARRIER,502590,20260630,1,0.778,
DIAG-20260630-TST-U02590,SECONDARY_ARBITRAGE,502590,20260630,2,0.113,
DIAG-20260630-TST-U02590,EXTREME_THERMAL_EXPOSURE,502590,20260630,3,0.109,
DIAG-20260630-TST-U02591,LEGAL_PERMIT_BARRIER,502591,20260630,1,0.765,
DIAG-20260630-TST-U02591,EXTREME_THERMAL_EXPOSURE,502591,20260630,2,0.126,
DIAG-20260630-TST-U02591,SECONDARY_ARBITRAGE,502591,20260630,3,0.109,
DIAG-20260630-TST-U02592,LEGAL_PERMIT_BARRIER,502592,20260630,1,0.789,
DIAG-20260630-TST-U02592,EXTREME_THERMAL_EXPOSURE,502592,20260630,2,0.11,
DIAG-20260630-TST-U02592,SECONDARY_ARBITRAGE,502592,20260630,3,0.101,
DIAG-20260630-TST-U02593,LEGAL_PERMIT_BARRIER,502593,20260630,1,0.809,
DIAG-20260630-TST-U02593,SECONDARY_ARBITRAGE,502593,20260630,2,0.102,
DIAG-20260630-TST-U02593,LOW_SALES_INCENTIVE,502593,20260630,3,0.089,
DIAG-20260630-TST-U02595,LEGAL_PERMIT_BARRIER,502595,20260630,1,0.801,
DIAG-20260630-TST-U02595,SECONDARY_ARBITRAGE,502595,20260630,2,0.111,
DIAG-20260630-TST-U02595,LOW_SALES_INCENTIVE,502595,20260630,3,0.088,
DIAG-20260630-TST-U02597,LEGAL_PERMIT_BARRIER,502597,20260630,1,0.862,
DIAG-20260630-TST-U02597,SEVERE_PHYSICAL_DEFECT,502597,20260630,2,0.138,
DIAG-20260630-TST-U02598,LEGAL_PERMIT_BARRIER,502598,20260630,1,0.763,
DIAG-20260630-TST-U02598,EXTREME_THERMAL_EXPOSURE,502598,20260630,2,0.126,
DIAG-20260630-TST-U02598,SEVERE_PHYSICAL_DEFECT,502598,20260630,3,0.111,
DIAG-20260630-TST-U02599,LEGAL_PERMIT_BARRIER,502599,20260630,1,0.752,
DIAG-20260630-TST-U02599,SEVERE_PHYSICAL_DEFECT,502599,20260630,2,0.132,
DIAG-20260630-TST-U02599,SECONDARY_ARBITRAGE,502599,20260630,3,0.116,
DIAG-20260630-TST-U02601,LEGAL_PERMIT_BARRIER,502601,20260630,1,0.774,
DIAG-20260630-TST-U02601,SECONDARY_ARBITRAGE,502601,20260630,2,0.114,
DIAG-20260630-TST-U02601,LUMP_SUM_TICKET_BARRIER,502601,20260630,3,0.112,
DIAG-20260630-TST-U02602,LEGAL_PERMIT_BARRIER,502602,20260630,1,0.765,
DIAG-20260630-TST-U02602,SECONDARY_ARBITRAGE,502602,20260630,2,0.135,
DIAG-20260630-TST-U02602,OVERPRICED_VS_PEER,502602,20260630,3,0.1,
DIAG-20260630-TST-U02603,LEGAL_PERMIT_BARRIER,502603,20260630,1,0.901,
DIAG-20260630-TST-U02603,LOW_SALES_INCENTIVE,502603,20260630,2,0.099,
DIAG-20260630-TST-U02604,LEGAL_PERMIT_BARRIER,502604,20260630,1,0.772,
DIAG-20260630-TST-U02604,SEVERE_PHYSICAL_DEFECT,502604,20260630,2,0.12,
DIAG-20260630-TST-U02604,SECONDARY_ARBITRAGE,502604,20260630,3,0.108,
DIAG-20260630-TST-U02605,LEGAL_PERMIT_BARRIER,502605,20260630,1,0.769,
DIAG-20260630-TST-U02605,SECONDARY_ARBITRAGE,502605,20260630,2,0.138,
DIAG-20260630-TST-U02605,OVERPRICED_VS_PEER,502605,20260630,3,0.093,
DIAG-20260630-TST-U02606,LEGAL_PERMIT_BARRIER,502606,20260630,1,0.8,
DIAG-20260630-TST-U02606,EXTREME_THERMAL_EXPOSURE,502606,20260630,2,0.112,
DIAG-20260630-TST-U02606,LOW_SALES_INCENTIVE,502606,20260630,3,0.088,
DIAG-20260630-TST-U02607,LEGAL_PERMIT_BARRIER,502607,20260630,1,0.794,
DIAG-20260630-TST-U02607,SEVERE_PHYSICAL_DEFECT,502607,20260630,2,0.119,
DIAG-20260630-TST-U02607,LOW_SALES_INCENTIVE,502607,20260630,3,0.087,
DIAG-20260630-TST-U02610,LEGAL_PERMIT_BARRIER,502610,20260630,1,0.798,
DIAG-20260630-TST-U02610,SECONDARY_ARBITRAGE,502610,20260630,2,0.114,
DIAG-20260630-TST-U02610,LOW_SALES_INCENTIVE,502610,20260630,3,0.088,
DIAG-20260630-TST-U02611,LEGAL_PERMIT_BARRIER,502611,20260630,1,0.789,
DIAG-20260630-TST-U02611,EXTREME_THERMAL_EXPOSURE,502611,20260630,2,0.11,
DIAG-20260630-TST-U02611,SECONDARY_ARBITRAGE,502611,20260630,3,0.101,
DIAG-20260630-TST-U02612,LEGAL_PERMIT_BARRIER,502612,20260630,1,0.806,
DIAG-20260630-TST-U02612,SEVERE_PHYSICAL_DEFECT,502612,20260630,2,0.105,
DIAG-20260630-TST-U02612,LOW_SALES_INCENTIVE,502612,20260630,3,0.089,
DIAG-20260630-TST-U02613,LEGAL_PERMIT_BARRIER,502613,20260630,1,0.781,
DIAG-20260630-TST-U02613,SECONDARY_ARBITRAGE,502613,20260630,2,0.11,
DIAG-20260630-TST-U02613,SEVERE_PHYSICAL_DEFECT,502613,20260630,3,0.109,
DIAG-20260630-TST-U02614,LEGAL_PERMIT_BARRIER,502614,20260630,1,0.801,
DIAG-20260630-TST-U02614,SECONDARY_ARBITRAGE,502614,20260630,2,0.111,
DIAG-20260630-TST-U02614,LOW_SALES_INCENTIVE,502614,20260630,3,0.088,
DIAG-20260630-TST-U02616,LEGAL_PERMIT_BARRIER,502616,20260630,1,0.788,
DIAG-20260630-TST-U02616,SEVERE_PHYSICAL_DEFECT,502616,20260630,2,0.114,
DIAG-20260630-TST-U02616,SECONDARY_ARBITRAGE,502616,20260630,3,0.098,
DIAG-20260630-TST-U02617,LEGAL_PERMIT_BARRIER,502617,20260630,1,0.795,
DIAG-20260630-TST-U02617,SECONDARY_ARBITRAGE,502617,20260630,2,0.118,
DIAG-20260630-TST-U02617,LOW_SALES_INCENTIVE,502617,20260630,3,0.087,
DIAG-20260630-TST-U02618,LEGAL_PERMIT_BARRIER,502618,20260630,1,0.788,
DIAG-20260630-TST-U02618,SECONDARY_ARBITRAGE,502618,20260630,2,0.125,
DIAG-20260630-TST-U02618,LOW_SALES_INCENTIVE,502618,20260630,3,0.087,
DIAG-20260630-TST-U02619,LEGAL_PERMIT_BARRIER,502619,20260630,1,0.789,
DIAG-20260630-TST-U02619,SECONDARY_ARBITRAGE,502619,20260630,2,0.108,
DIAG-20260630-TST-U02619,SEVERE_PHYSICAL_DEFECT,502619,20260630,3,0.103,
DIAG-20260630-TST-U02620,LEGAL_PERMIT_BARRIER,502620,20260630,1,0.781,
DIAG-20260630-TST-U02620,SECONDARY_ARBITRAGE,502620,20260630,2,0.121,
DIAG-20260630-TST-U02620,SEVERE_PHYSICAL_DEFECT,502620,20260630,3,0.098,
DIAG-20260630-TST-U02621,LEGAL_PERMIT_BARRIER,502621,20260630,1,0.743,
DIAG-20260630-TST-U02621,SEVERE_PHYSICAL_DEFECT,502621,20260630,2,0.134,
DIAG-20260630-TST-U02621,EXTREME_THERMAL_EXPOSURE,502621,20260630,3,0.123,
DIAG-20260630-TST-U02623,LEGAL_PERMIT_BARRIER,502623,20260630,1,0.767,
DIAG-20260630-TST-U02623,SECONDARY_ARBITRAGE,502623,20260630,2,0.121,
DIAG-20260630-TST-U02623,LUMP_SUM_TICKET_BARRIER,502623,20260630,3,0.112,
DIAG-20260630-TST-U02624,LEGAL_PERMIT_BARRIER,502624,20260630,1,0.746,
DIAG-20260630-TST-U02624,SEVERE_PHYSICAL_DEFECT,502624,20260630,2,0.131,
DIAG-20260630-TST-U02624,EXTREME_THERMAL_EXPOSURE,502624,20260630,3,0.123,
DIAG-20260630-TST-U02625,LEGAL_PERMIT_BARRIER,502625,20260630,1,0.885,
DIAG-20260630-TST-U02625,SEVERE_PHYSICAL_DEFECT,502625,20260630,2,0.115,
DIAG-20260630-TST-U02627,LEGAL_PERMIT_BARRIER,502627,20260630,1,0.756,
DIAG-20260630-TST-U02627,SECONDARY_ARBITRAGE,502627,20260630,2,0.135,
DIAG-20260630-TST-U02627,SEVERE_PHYSICAL_DEFECT,502627,20260630,3,0.109,
DIAG-20260630-TST-U02628,LEGAL_PERMIT_BARRIER,502628,20260630,1,0.763,
DIAG-20260630-TST-U02628,SECONDARY_ARBITRAGE,502628,20260630,2,0.122,
DIAG-20260630-TST-U02628,SEVERE_PHYSICAL_DEFECT,502628,20260630,3,0.115,
DIAG-20260630-TST-U02629,LEGAL_PERMIT_BARRIER,502629,20260630,1,0.802,
DIAG-20260630-TST-U02629,SECONDARY_ARBITRAGE,502629,20260630,2,0.11,
DIAG-20260630-TST-U02629,LOW_SALES_INCENTIVE,502629,20260630,3,0.088,
DIAG-20260630-TST-U02632,LEGAL_PERMIT_BARRIER,502632,20260630,1,0.768,
DIAG-20260630-TST-U02632,EXTREME_THERMAL_EXPOSURE,502632,20260630,2,0.127,
DIAG-20260630-TST-U02632,SECONDARY_ARBITRAGE,502632,20260630,3,0.105,
DIAG-20260630-TST-U02633,LEGAL_PERMIT_BARRIER,502633,20260630,1,0.742,
DIAG-20260630-TST-U02633,SEVERE_PHYSICAL_DEFECT,502633,20260630,2,0.137,
DIAG-20260630-TST-U02633,SECONDARY_ARBITRAGE,502633,20260630,3,0.121,
DIAG-20260630-TST-U02636,LEGAL_PERMIT_BARRIER,502636,20260630,1,0.901,
DIAG-20260630-TST-U02636,LOW_SALES_INCENTIVE,502636,20260630,2,0.099,
DIAG-20260630-TST-U02637,LEGAL_PERMIT_BARRIER,502637,20260630,1,0.76,
DIAG-20260630-TST-U02637,EXTREME_THERMAL_EXPOSURE,502637,20260630,2,0.126,
DIAG-20260630-TST-U02637,SECONDARY_ARBITRAGE,502637,20260630,3,0.114,
DIAG-20260630-TST-U02639,LEGAL_PERMIT_BARRIER,502639,20260630,1,0.881,
DIAG-20260630-TST-U02639,SEVERE_PHYSICAL_DEFECT,502639,20260630,2,0.119,
DIAG-20260630-TST-U02640,LEGAL_PERMIT_BARRIER,502640,20260630,1,1.0,
DIAG-20260630-TST-U02644,LEGAL_PERMIT_BARRIER,502644,20260630,1,0.764,
DIAG-20260630-TST-U02644,SECONDARY_ARBITRAGE,502644,20260630,2,0.133,
DIAG-20260630-TST-U02644,OVERPRICED_VS_PEER,502644,20260630,3,0.103,
DIAG-20260630-TST-U02646,LEGAL_PERMIT_BARRIER,502646,20260630,1,0.878,
DIAG-20260630-TST-U02646,SECONDARY_ARBITRAGE,502646,20260630,2,0.122,
DIAG-20260630-TST-U02647,LEGAL_PERMIT_BARRIER,502647,20260630,1,0.785,
DIAG-20260630-TST-U02647,EXTREME_THERMAL_EXPOSURE,502647,20260630,2,0.129,
DIAG-20260630-TST-U02647,LOW_SALES_INCENTIVE,502647,20260630,3,0.086,
DIAG-20260630-TST-U02648,LEGAL_PERMIT_BARRIER,502648,20260630,1,0.763,
DIAG-20260630-TST-U02648,EXTREME_THERMAL_EXPOSURE,502648,20260630,2,0.126,
DIAG-20260630-TST-U02648,SECONDARY_ARBITRAGE,502648,20260630,3,0.111,
DIAG-20260630-TST-U02649,LEGAL_PERMIT_BARRIER,502649,20260630,1,0.77,
DIAG-20260630-TST-U02649,SECONDARY_ARBITRAGE,502649,20260630,2,0.13,
DIAG-20260630-TST-U02649,SEVERE_PHYSICAL_DEFECT,502649,20260630,3,0.1,
DIAG-20260630-TST-U02650,LEGAL_PERMIT_BARRIER,502650,20260630,1,0.763,
DIAG-20260630-TST-U02650,SECONDARY_ARBITRAGE,502650,20260630,2,0.141,
DIAG-20260630-TST-U02650,OVERPRICED_VS_PEER,502650,20260630,3,0.096,
DIAG-20260630-TST-U02651,LEGAL_PERMIT_BARRIER,502651,20260630,1,0.868,
DIAG-20260630-TST-U02651,SECONDARY_ARBITRAGE,502651,20260630,2,0.132,
DIAG-20260630-TST-U02652,LEGAL_PERMIT_BARRIER,502652,20260630,1,0.759,
DIAG-20260630-TST-U02652,SECONDARY_ARBITRAGE,502652,20260630,2,0.13,
DIAG-20260630-TST-U02652,LUMP_SUM_TICKET_BARRIER,502652,20260630,3,0.111,
DIAG-20260630-TST-U02653,LEGAL_PERMIT_BARRIER,502653,20260630,1,0.771,
DIAG-20260630-TST-U02653,SECONDARY_ARBITRAGE,502653,20260630,2,0.129,
DIAG-20260630-TST-U02653,SEVERE_PHYSICAL_DEFECT,502653,20260630,3,0.1,
DIAG-20260630-TST-U02654,LEGAL_PERMIT_BARRIER,502654,20260630,1,0.761,
DIAG-20260630-TST-U02654,SECONDARY_ARBITRAGE,502654,20260630,2,0.137,
DIAG-20260630-TST-U02654,OVERPRICED_VS_PEER,502654,20260630,3,0.102,
DIAG-20260630-TST-U02655,LEGAL_PERMIT_BARRIER,502655,20260630,1,0.759,
DIAG-20260630-TST-U02655,SEVERE_PHYSICAL_DEFECT,502655,20260630,2,0.125,
DIAG-20260630-TST-U02655,SECONDARY_ARBITRAGE,502655,20260630,3,0.116,
DIAG-20260630-TST-U02656,LEGAL_PERMIT_BARRIER,502656,20260630,1,0.901,
DIAG-20260630-TST-U02656,LOW_SALES_INCENTIVE,502656,20260630,2,0.099,
DIAG-20260630-TST-U02657,LEGAL_PERMIT_BARRIER,502657,20260630,1,0.781,
DIAG-20260630-TST-U02657,SECONDARY_ARBITRAGE,502657,20260630,2,0.11,
DIAG-20260630-TST-U02657,SEVERE_PHYSICAL_DEFECT,502657,20260630,3,0.109,
DIAG-20260630-TST-U02658,LEGAL_PERMIT_BARRIER,502658,20260630,1,0.746,
DIAG-20260630-TST-U02658,SECONDARY_ARBITRAGE,502658,20260630,2,0.146,
DIAG-20260630-TST-U02658,SEVERE_PHYSICAL_DEFECT,502658,20260630,3,0.108,
DIAG-20260630-TST-U02659,LEGAL_PERMIT_BARRIER,502659,20260630,1,0.773,
DIAG-20260630-TST-U02659,EXTREME_THERMAL_EXPOSURE,502659,20260630,2,0.127,
DIAG-20260630-TST-U02659,SECONDARY_ARBITRAGE,502659,20260630,3,0.1,
DIAG-20260630-TST-U02660,LEGAL_PERMIT_BARRIER,502660,20260630,1,1.0,
DIAG-20260630-TST-U02661,LEGAL_PERMIT_BARRIER,502661,20260630,1,0.873,
DIAG-20260630-TST-U02661,SEVERE_PHYSICAL_DEFECT,502661,20260630,2,0.127,
DIAG-20260630-TST-U02662,LEGAL_PERMIT_BARRIER,502662,20260630,1,0.773,
DIAG-20260630-TST-U02662,SECONDARY_ARBITRAGE,502662,20260630,2,0.119,
DIAG-20260630-TST-U02662,EXTREME_THERMAL_EXPOSURE,502662,20260630,3,0.108,
DIAG-20260630-TST-U02663,LEGAL_PERMIT_BARRIER,502663,20260630,1,0.776,
DIAG-20260630-TST-U02663,LUMP_SUM_TICKET_BARRIER,502663,20260630,2,0.112,
DIAG-20260630-TST-U02663,SECONDARY_ARBITRAGE,502663,20260630,3,0.112,
DIAG-20260630-TST-U02666,LEGAL_PERMIT_BARRIER,502666,20260630,1,0.79,
DIAG-20260630-TST-U02666,SEVERE_PHYSICAL_DEFECT,502666,20260630,2,0.111,
DIAG-20260630-TST-U02666,SECONDARY_ARBITRAGE,502666,20260630,3,0.099,
DIAG-20260630-TST-U02667,LEGAL_PERMIT_BARRIER,502667,20260630,1,0.777,
DIAG-20260630-TST-U02667,SECONDARY_ARBITRAGE,502667,20260630,2,0.129,
DIAG-20260630-TST-U02667,OVERPRICED_VS_PEER,502667,20260630,3,0.094,
DIAG-20260630-TST-U02668,LEGAL_PERMIT_BARRIER,502668,20260630,1,0.748,
DIAG-20260630-TST-U02668,SECONDARY_ARBITRAGE,502668,20260630,2,0.144,
DIAG-20260630-TST-U02668,OVERPRICED_VS_PEER,502668,20260630,3,0.108,
DIAG-20260630-TST-U02669,LEGAL_PERMIT_BARRIER,502669,20260630,1,0.881,
DIAG-20260630-TST-U02669,SEVERE_PHYSICAL_DEFECT,502669,20260630,2,0.119,
DIAG-20260630-TST-U02672,LEGAL_PERMIT_BARRIER,502672,20260630,1,0.765,
DIAG-20260630-TST-U02672,EXTREME_THERMAL_EXPOSURE,502672,20260630,2,0.126,
DIAG-20260630-TST-U02672,SECONDARY_ARBITRAGE,502672,20260630,3,0.109,
DIAG-20260630-TST-U02673,LEGAL_PERMIT_BARRIER,502673,20260630,1,0.763,
DIAG-20260630-TST-U02673,SECONDARY_ARBITRAGE,502673,20260630,2,0.123,
DIAG-20260630-TST-U02673,LUMP_SUM_TICKET_BARRIER,502673,20260630,3,0.114,
DIAG-20260630-TST-U02674,LEGAL_PERMIT_BARRIER,502674,20260630,1,0.901,
DIAG-20260630-TST-U02674,LOW_SALES_INCENTIVE,502674,20260630,2,0.099,
DIAG-20260630-TST-U02676,LEGAL_PERMIT_BARRIER,502676,20260630,1,0.785,
DIAG-20260630-TST-U02676,SEVERE_PHYSICAL_DEFECT,502676,20260630,2,0.129,
DIAG-20260630-TST-U02676,LOW_SALES_INCENTIVE,502676,20260630,3,0.086,
DIAG-20260630-TST-U02677,LEGAL_PERMIT_BARRIER,502677,20260630,1,1.0,
DIAG-20260630-TST-U02678,LEGAL_PERMIT_BARRIER,502678,20260630,1,0.795,
DIAG-20260630-TST-U02678,SEVERE_PHYSICAL_DEFECT,502678,20260630,2,0.107,
DIAG-20260630-TST-U02678,SECONDARY_ARBITRAGE,502678,20260630,3,0.098,
DIAG-20260630-TST-U02680,LEGAL_PERMIT_BARRIER,502680,20260630,1,0.758,
DIAG-20260630-TST-U02680,EXTREME_THERMAL_EXPOSURE,502680,20260630,2,0.129,
DIAG-20260630-TST-U02680,SECONDARY_ARBITRAGE,502680,20260630,3,0.113,
DIAG-20260630-TST-U02681,LEGAL_PERMIT_BARRIER,502681,20260630,1,0.901,
DIAG-20260630-TST-U02681,LOW_SALES_INCENTIVE,502681,20260630,2,0.099,
DIAG-20260630-TST-U02682,LEGAL_PERMIT_BARRIER,502682,20260630,1,0.868,
DIAG-20260630-TST-U02682,SECONDARY_ARBITRAGE,502682,20260630,2,0.132,
DIAG-20260630-TST-U02683,LEGAL_PERMIT_BARRIER,502683,20260630,1,0.794,
DIAG-20260630-TST-U02683,SEVERE_PHYSICAL_DEFECT,502683,20260630,2,0.119,
DIAG-20260630-TST-U02683,LOW_SALES_INCENTIVE,502683,20260630,3,0.087,
DIAG-20260630-TST-U02684,LEGAL_PERMIT_BARRIER,502684,20260630,1,0.877,
DIAG-20260630-TST-U02684,SEVERE_PHYSICAL_DEFECT,502684,20260630,2,0.123,
DIAG-20260630-TST-U02685,LEGAL_PERMIT_BARRIER,502685,20260630,1,0.768,
DIAG-20260630-TST-U02685,SEVERE_PHYSICAL_DEFECT,502685,20260630,2,0.119,
DIAG-20260630-TST-U02685,SECONDARY_ARBITRAGE,502685,20260630,3,0.113,
DIAG-20260630-TST-U02686,LEGAL_PERMIT_BARRIER,502686,20260630,1,0.788,
DIAG-20260630-TST-U02686,SEVERE_PHYSICAL_DEFECT,502686,20260630,2,0.114,
DIAG-20260630-TST-U02686,SECONDARY_ARBITRAGE,502686,20260630,3,0.098,
DIAG-20260630-TST-U02687,LEGAL_PERMIT_BARRIER,502687,20260630,1,0.771,
DIAG-20260630-TST-U02687,SECONDARY_ARBITRAGE,502687,20260630,2,0.121,
DIAG-20260630-TST-U02687,EXTREME_THERMAL_EXPOSURE,502687,20260630,3,0.108,
DIAG-20260630-TST-U02688,LEGAL_PERMIT_BARRIER,502688,20260630,1,0.882,
DIAG-20260630-TST-U02688,SECONDARY_ARBITRAGE,502688,20260630,2,0.118,
DIAG-20260630-TST-U02689,LEGAL_PERMIT_BARRIER,502689,20260630,1,0.887,
DIAG-20260630-TST-U02689,SECONDARY_ARBITRAGE,502689,20260630,2,0.113,
DIAG-20260630-TST-U02690,LEGAL_PERMIT_BARRIER,502690,20260630,1,1.0,
DIAG-20260630-TST-U02691,LEGAL_PERMIT_BARRIER,502691,20260630,1,0.8,
DIAG-20260630-TST-U02691,EXTREME_THERMAL_EXPOSURE,502691,20260630,2,0.112,
DIAG-20260630-TST-U02691,LOW_SALES_INCENTIVE,502691,20260630,3,0.088,
DIAG-20260630-TST-U02692,LEGAL_PERMIT_BARRIER,502692,20260630,1,0.767,
DIAG-20260630-TST-U02692,SECONDARY_ARBITRAGE,502692,20260630,2,0.125,
DIAG-20260630-TST-U02692,EXTREME_THERMAL_EXPOSURE,502692,20260630,3,0.108,
DIAG-20260630-TST-U02693,LEGAL_PERMIT_BARRIER,502693,20260630,1,0.742,
DIAG-20260630-TST-U02693,SECONDARY_ARBITRAGE,502693,20260630,2,0.132,
DIAG-20260630-TST-U02693,EXTREME_THERMAL_EXPOSURE,502693,20260630,3,0.126,
DIAG-20260630-TST-U02694,LEGAL_PERMIT_BARRIER,502694,20260630,1,0.778,
DIAG-20260630-TST-U02694,SECONDARY_ARBITRAGE,502694,20260630,2,0.113,
DIAG-20260630-TST-U02694,EXTREME_THERMAL_EXPOSURE,502694,20260630,3,0.109,
DIAG-20260630-TST-U02695,LEGAL_PERMIT_BARRIER,502695,20260630,1,0.779,
DIAG-20260630-TST-U02695,LUMP_SUM_TICKET_BARRIER,502695,20260630,2,0.114,
DIAG-20260630-TST-U02695,SECONDARY_ARBITRAGE,502695,20260630,3,0.107,
DIAG-20260630-TST-U02696,LEGAL_PERMIT_BARRIER,502696,20260630,1,0.753,
DIAG-20260630-TST-U02696,EXTREME_THERMAL_EXPOSURE,502696,20260630,2,0.124,
DIAG-20260630-TST-U02696,SECONDARY_ARBITRAGE,502696,20260630,3,0.123,
DIAG-20260630-TST-U02697,LEGAL_PERMIT_BARRIER,502697,20260630,1,1.0,
DIAG-20260630-TST-U02698,LEGAL_PERMIT_BARRIER,502698,20260630,1,0.779,
DIAG-20260630-TST-U02698,EXTREME_THERMAL_EXPOSURE,502698,20260630,2,0.128,
DIAG-20260630-TST-U02698,SECONDARY_ARBITRAGE,502698,20260630,3,0.093,
DIAG-20260630-TST-U02699,LEGAL_PERMIT_BARRIER,502699,20260630,1,0.786,
DIAG-20260630-TST-U02699,SECONDARY_ARBITRAGE,502699,20260630,2,0.128,
DIAG-20260630-TST-U02699,LOW_SALES_INCENTIVE,502699,20260630,3,0.086,
DIAG-20260630-TST-U02700,LEGAL_PERMIT_BARRIER,502700,20260630,1,0.855,
DIAG-20260630-TST-U02700,SEVERE_PHYSICAL_DEFECT,502700,20260630,2,0.145,
DIAG-20260630-TST-U02701,LEGAL_PERMIT_BARRIER,502701,20260630,1,0.783,
DIAG-20260630-TST-U02701,SEVERE_PHYSICAL_DEFECT,502701,20260630,2,0.11,
DIAG-20260630-TST-U02701,SECONDARY_ARBITRAGE,502701,20260630,3,0.107,
DIAG-20260630-TST-U02702,LEGAL_PERMIT_BARRIER,502702,20260630,1,0.901,
DIAG-20260630-TST-U02702,LOW_SALES_INCENTIVE,502702,20260630,2,0.099,
DIAG-20260630-TST-U02703,LEGAL_PERMIT_BARRIER,502703,20260630,1,0.79,
DIAG-20260630-TST-U02703,EXTREME_THERMAL_EXPOSURE,502703,20260630,2,0.111,
DIAG-20260630-TST-U02703,SECONDARY_ARBITRAGE,502703,20260630,3,0.099,
DIAG-20260630-TST-U02704,LEGAL_PERMIT_BARRIER,502704,20260630,1,0.8,
DIAG-20260630-TST-U02704,SEVERE_PHYSICAL_DEFECT,502704,20260630,2,0.112,
DIAG-20260630-TST-U02704,LOW_SALES_INCENTIVE,502704,20260630,3,0.088,
DIAG-20260630-TST-U02705,LEGAL_PERMIT_BARRIER,502705,20260630,1,0.728,
DIAG-20260630-TST-U02705,EXTREME_THERMAL_EXPOSURE,502705,20260630,2,0.142,
DIAG-20260630-TST-U02705,SECONDARY_ARBITRAGE,502705,20260630,3,0.13,
DIAG-20260630-TST-U02706,LEGAL_PERMIT_BARRIER,502706,20260630,1,0.789,
DIAG-20260630-TST-U02706,SECONDARY_ARBITRAGE,502706,20260630,2,0.109,
DIAG-20260630-TST-U02706,SEVERE_PHYSICAL_DEFECT,502706,20260630,3,0.102,
DIAG-20260630-TST-U02707,LEGAL_PERMIT_BARRIER,502707,20260630,1,0.785,
DIAG-20260630-TST-U02707,EXTREME_THERMAL_EXPOSURE,502707,20260630,2,0.129,
DIAG-20260630-TST-U02707,LOW_SALES_INCENTIVE,502707,20260630,3,0.086,
DIAG-20260630-TST-U02709,LEGAL_PERMIT_BARRIER,502709,20260630,1,0.862,
DIAG-20260630-TST-U02709,SEVERE_PHYSICAL_DEFECT,502709,20260630,2,0.138,
DIAG-20260630-TST-U02713,LEGAL_PERMIT_BARRIER,502713,20260630,1,0.808,
DIAG-20260630-TST-U02713,SECONDARY_ARBITRAGE,502713,20260630,2,0.103,
DIAG-20260630-TST-U02713,LOW_SALES_INCENTIVE,502713,20260630,3,0.089,
DIAG-20260630-TST-U02714,LEGAL_PERMIT_BARRIER,502714,20260630,1,0.761,
DIAG-20260630-TST-U02714,SEVERE_PHYSICAL_DEFECT,502714,20260630,2,0.133,
DIAG-20260630-TST-U02714,EXTREME_THERMAL_EXPOSURE,502714,20260630,3,0.106,
DIAG-20260630-TST-U02715,LEGAL_PERMIT_BARRIER,502715,20260630,1,0.786,
DIAG-20260630-TST-U02715,SECONDARY_ARBITRAGE,502715,20260630,2,0.108,
DIAG-20260630-TST-U02715,SEVERE_PHYSICAL_DEFECT,502715,20260630,3,0.106,
DIAG-20260630-TST-U02717,LEGAL_PERMIT_BARRIER,502717,20260630,1,0.763,
DIAG-20260630-TST-U02717,EXTREME_THERMAL_EXPOSURE,502717,20260630,2,0.126,
DIAG-20260630-TST-U02717,LUMP_SUM_TICKET_BARRIER,502717,20260630,3,0.111,
DIAG-20260630-TST-U02718,LEGAL_PERMIT_BARRIER,502718,20260630,1,0.769,
DIAG-20260630-TST-U02718,EXTREME_THERMAL_EXPOSURE,502718,20260630,2,0.127,
DIAG-20260630-TST-U02718,SEVERE_PHYSICAL_DEFECT,502718,20260630,3,0.104,
DIAG-20260630-TST-U02719,LEGAL_PERMIT_BARRIER,502719,20260630,1,0.784,
DIAG-20260630-TST-U02719,EXTREME_THERMAL_EXPOSURE,502719,20260630,2,0.11,
DIAG-20260630-TST-U02719,SEVERE_PHYSICAL_DEFECT,502719,20260630,3,0.106,
DIAG-20260630-TST-U02720,LEGAL_PERMIT_BARRIER,502720,20260630,1,0.79,
DIAG-20260630-TST-U02720,EXTREME_THERMAL_EXPOSURE,502720,20260630,2,0.123,
DIAG-20260630-TST-U02720,LOW_SALES_INCENTIVE,502720,20260630,3,0.087,
DIAG-20260630-TST-U02721,LEGAL_PERMIT_BARRIER,502721,20260630,1,0.884,
DIAG-20260630-TST-U02721,SECONDARY_ARBITRAGE,502721,20260630,2,0.116,
DIAG-20260630-TST-U02722,LEGAL_PERMIT_BARRIER,502722,20260630,1,0.8,
DIAG-20260630-TST-U02722,EXTREME_THERMAL_EXPOSURE,502722,20260630,2,0.112,
DIAG-20260630-TST-U02722,LOW_SALES_INCENTIVE,502722,20260630,3,0.088,
DIAG-20260630-TST-U02724,LEGAL_PERMIT_BARRIER,502724,20260630,1,0.772,
DIAG-20260630-TST-U02724,SECONDARY_ARBITRAGE,502724,20260630,2,0.12,
DIAG-20260630-TST-U02724,SEVERE_PHYSICAL_DEFECT,502724,20260630,3,0.108,
DIAG-20260630-TST-U02725,LEGAL_PERMIT_BARRIER,502725,20260630,1,0.761,
DIAG-20260630-TST-U02725,EXTREME_THERMAL_EXPOSURE,502725,20260630,2,0.126,
DIAG-20260630-TST-U02725,SECONDARY_ARBITRAGE,502725,20260630,3,0.113,
DIAG-20260630-TST-U02726,LEGAL_PERMIT_BARRIER,502726,20260630,1,0.782,
DIAG-20260630-TST-U02726,LUMP_SUM_TICKET_BARRIER,502726,20260630,2,0.114,
DIAG-20260630-TST-U02726,SECONDARY_ARBITRAGE,502726,20260630,3,0.104,
DIAG-20260630-TST-U02727,LEGAL_PERMIT_BARRIER,502727,20260630,1,0.766,
DIAG-20260630-TST-U02727,SECONDARY_ARBITRAGE,502727,20260630,2,0.141,
DIAG-20260630-TST-U02727,OVERPRICED_VS_PEER,502727,20260630,3,0.093,
DIAG-20260630-TST-U02728,LEGAL_PERMIT_BARRIER,502728,20260630,1,0.761,
DIAG-20260630-TST-U02728,SEVERE_PHYSICAL_DEFECT,502728,20260630,2,0.133,
DIAG-20260630-TST-U02728,EXTREME_THERMAL_EXPOSURE,502728,20260630,3,0.106,
DIAG-20260630-TST-U02730,LEGAL_PERMIT_BARRIER,502730,20260630,1,0.769,
DIAG-20260630-TST-U02730,SECONDARY_ARBITRAGE,502730,20260630,2,0.123,
DIAG-20260630-TST-U02730,EXTREME_THERMAL_EXPOSURE,502730,20260630,3,0.108,
DIAG-20260630-TST-U02731,LEGAL_PERMIT_BARRIER,502731,20260630,1,0.877,
DIAG-20260630-TST-U02731,SEVERE_PHYSICAL_DEFECT,502731,20260630,2,0.123,
DIAG-20260630-TST-U02732,LEGAL_PERMIT_BARRIER,502732,20260630,1,0.776,
DIAG-20260630-TST-U02732,SECONDARY_ARBITRAGE,502732,20260630,2,0.112,
DIAG-20260630-TST-U02732,EXTREME_THERMAL_EXPOSURE,502732,20260630,3,0.112,
DIAG-20260630-TST-U02734,LEGAL_PERMIT_BARRIER,502734,20260630,1,0.901,
DIAG-20260630-TST-U02734,LOW_SALES_INCENTIVE,502734,20260630,2,0.099,
DIAG-20260630-TST-U02736,LEGAL_PERMIT_BARRIER,502736,20260630,1,0.763,
DIAG-20260630-TST-U02736,SECONDARY_ARBITRAGE,502736,20260630,2,0.13,
DIAG-20260630-TST-U02736,SEVERE_PHYSICAL_DEFECT,502736,20260630,3,0.107,
DIAG-20260630-TST-U02737,LEGAL_PERMIT_BARRIER,502737,20260630,1,0.777,
DIAG-20260630-TST-U02737,SECONDARY_ARBITRAGE,502737,20260630,2,0.137,
DIAG-20260630-TST-U02737,LOW_SALES_INCENTIVE,502737,20260630,3,0.086,
DIAG-20260630-TST-U02738,LEGAL_PERMIT_BARRIER,502738,20260630,1,0.78,
DIAG-20260630-TST-U02738,SECONDARY_ARBITRAGE,502738,20260630,2,0.111,
DIAG-20260630-TST-U02738,SEVERE_PHYSICAL_DEFECT,502738,20260630,3,0.109,
DIAG-20260630-TST-U02739,LEGAL_PERMIT_BARRIER,502739,20260630,1,0.8,
DIAG-20260630-TST-U02739,EXTREME_THERMAL_EXPOSURE,502739,20260630,2,0.112,
DIAG-20260630-TST-U02739,LOW_SALES_INCENTIVE,502739,20260630,3,0.088,
DIAG-20260630-TST-U02741,LEGAL_PERMIT_BARRIER,502741,20260630,1,0.772,
DIAG-20260630-TST-U02741,SEVERE_PHYSICAL_DEFECT,502741,20260630,2,0.124,
DIAG-20260630-TST-U02741,SECONDARY_ARBITRAGE,502741,20260630,3,0.104,
DIAG-20260630-TST-U02742,LEGAL_PERMIT_BARRIER,502742,20260630,1,0.79,
DIAG-20260630-TST-U02742,EXTREME_THERMAL_EXPOSURE,502742,20260630,2,0.123,
DIAG-20260630-TST-U02742,LOW_SALES_INCENTIVE,502742,20260630,3,0.087,
DIAG-20260630-TST-U02743,LEGAL_PERMIT_BARRIER,502743,20260630,1,1.0,
DIAG-20260630-TST-U02745,LEGAL_PERMIT_BARRIER,502745,20260630,1,0.803,
DIAG-20260630-TST-U02745,SECONDARY_ARBITRAGE,502745,20260630,2,0.109,
DIAG-20260630-TST-U02745,LOW_SALES_INCENTIVE,502745,20260630,3,0.088,
DIAG-20260630-TST-U02748,LEGAL_PERMIT_BARRIER,502748,20260630,1,0.858,
DIAG-20260630-TST-U02748,EXTREME_THERMAL_EXPOSURE,502748,20260630,2,0.142,
DIAG-20260630-TST-U02749,LEGAL_PERMIT_BARRIER,502749,20260630,1,1.0,
DIAG-20260630-TST-U02750,LEGAL_PERMIT_BARRIER,502750,20260630,1,0.779,
DIAG-20260630-TST-U02750,SEVERE_PHYSICAL_DEFECT,502750,20260630,2,0.113,
DIAG-20260630-TST-U02750,SECONDARY_ARBITRAGE,502750,20260630,3,0.108,
DIAG-20260630-TST-U02751,LEGAL_PERMIT_BARRIER,502751,20260630,1,0.877,
DIAG-20260630-TST-U02751,EXTREME_THERMAL_EXPOSURE,502751,20260630,2,0.123,
DIAG-20260630-TST-U02752,LEGAL_PERMIT_BARRIER,502752,20260630,1,0.783,
DIAG-20260630-TST-U02752,EXTREME_THERMAL_EXPOSURE,502752,20260630,2,0.109,
DIAG-20260630-TST-U02752,SECONDARY_ARBITRAGE,502752,20260630,3,0.108,
DIAG-20260630-TST-U02753,LEGAL_PERMIT_BARRIER,502753,20260630,1,0.773,
DIAG-20260630-TST-U02753,EXTREME_THERMAL_EXPOSURE,502753,20260630,2,0.128,
DIAG-20260630-TST-U02753,SECONDARY_ARBITRAGE,502753,20260630,3,0.099,
DIAG-20260630-TST-U02754,LEGAL_PERMIT_BARRIER,502754,20260630,1,0.844,
DIAG-20260630-TST-U02754,SEVERE_PHYSICAL_DEFECT,502754,20260630,2,0.156,
DIAG-20260630-TST-U02757,LEGAL_PERMIT_BARRIER,502757,20260630,1,0.806,
DIAG-20260630-TST-U02757,SEVERE_PHYSICAL_DEFECT,502757,20260630,2,0.105,
DIAG-20260630-TST-U02757,LOW_SALES_INCENTIVE,502757,20260630,3,0.089,
DIAG-20260630-TST-U02758,LEGAL_PERMIT_BARRIER,502758,20260630,1,0.777,
DIAG-20260630-TST-U02758,SEVERE_PHYSICAL_DEFECT,502758,20260630,2,0.12,
DIAG-20260630-TST-U02758,SECONDARY_ARBITRAGE,502758,20260630,3,0.103,
DIAG-20260630-TST-U02759,LEGAL_PERMIT_BARRIER,502759,20260630,1,0.782,
DIAG-20260630-TST-U02759,EXTREME_THERMAL_EXPOSURE,502759,20260630,2,0.11,
DIAG-20260630-TST-U02759,SECONDARY_ARBITRAGE,502759,20260630,3,0.108,
DIAG-20260630-TST-U02760,LEGAL_PERMIT_BARRIER,502760,20260630,1,0.795,
DIAG-20260630-TST-U02760,SEVERE_PHYSICAL_DEFECT,502760,20260630,2,0.107,
DIAG-20260630-TST-U02760,SECONDARY_ARBITRAGE,502760,20260630,3,0.098,
DIAG-20260630-TST-U02761,LEGAL_PERMIT_BARRIER,502761,20260630,1,0.791,
DIAG-20260630-TST-U02761,SEVERE_PHYSICAL_DEFECT,502761,20260630,2,0.111,
DIAG-20260630-TST-U02761,SECONDARY_ARBITRAGE,502761,20260630,3,0.098,
DIAG-20260630-TST-U02764,LEGAL_PERMIT_BARRIER,502764,20260630,1,0.901,
DIAG-20260630-TST-U02764,LOW_SALES_INCENTIVE,502764,20260630,2,0.099,
DIAG-20260630-TST-U02765,LEGAL_PERMIT_BARRIER,502765,20260630,1,0.783,
DIAG-20260630-TST-U02765,EXTREME_THERMAL_EXPOSURE,502765,20260630,2,0.11,
DIAG-20260630-TST-U02765,SECONDARY_ARBITRAGE,502765,20260630,3,0.107,
DIAG-20260630-TST-U02766,LEGAL_PERMIT_BARRIER,502766,20260630,1,1.0,
DIAG-20260630-TST-U02767,LEGAL_PERMIT_BARRIER,502767,20260630,1,0.794,
DIAG-20260630-TST-U02767,SEVERE_PHYSICAL_DEFECT,502767,20260630,2,0.119,
DIAG-20260630-TST-U02767,LOW_SALES_INCENTIVE,502767,20260630,3,0.087,
DIAG-20260630-TST-U02770,LEGAL_PERMIT_BARRIER,502770,20260630,1,0.798,
DIAG-20260630-TST-U02770,SECONDARY_ARBITRAGE,502770,20260630,2,0.114,
DIAG-20260630-TST-U02770,LOW_SALES_INCENTIVE,502770,20260630,3,0.088,
DIAG-20260630-TST-U02771,LEGAL_PERMIT_BARRIER,502771,20260630,1,0.79,
DIAG-20260630-TST-U02771,SEVERE_PHYSICAL_DEFECT,502771,20260630,2,0.107,
DIAG-20260630-TST-U02771,SECONDARY_ARBITRAGE,502771,20260630,3,0.103,
DIAG-20260630-TST-U02772,LEGAL_PERMIT_BARRIER,502772,20260630,1,0.742,
DIAG-20260630-TST-U02772,EXTREME_THERMAL_EXPOSURE,502772,20260630,2,0.145,
DIAG-20260630-TST-U02772,SECONDARY_ARBITRAGE,502772,20260630,3,0.113,
DIAG-20260630-TST-U02773,LEGAL_PERMIT_BARRIER,502773,20260630,1,0.746,
DIAG-20260630-TST-U02773,SECONDARY_ARBITRAGE,502773,20260630,2,0.131,
DIAG-20260630-TST-U02773,EXTREME_THERMAL_EXPOSURE,502773,20260630,3,0.123,
DIAG-20260630-TST-U02774,LEGAL_PERMIT_BARRIER,502774,20260630,1,0.79,
DIAG-20260630-TST-U02774,SECONDARY_ARBITRAGE,502774,20260630,2,0.123,
DIAG-20260630-TST-U02774,LOW_SALES_INCENTIVE,502774,20260630,3,0.087,
DIAG-20260630-TST-U02775,LEGAL_PERMIT_BARRIER,502775,20260630,1,0.858,
DIAG-20260630-TST-U02775,SEVERE_PHYSICAL_DEFECT,502775,20260630,2,0.142,
DIAG-20260630-TST-U02776,LEGAL_PERMIT_BARRIER,502776,20260630,1,0.77,
DIAG-20260630-TST-U02776,SECONDARY_ARBITRAGE,502776,20260630,2,0.122,
DIAG-20260630-TST-U02776,SEVERE_PHYSICAL_DEFECT,502776,20260630,3,0.108,
DIAG-20260630-TST-U02777,LEGAL_PERMIT_BARRIER,502777,20260630,1,0.788,
DIAG-20260630-TST-U02777,EXTREME_THERMAL_EXPOSURE,502777,20260630,2,0.11,
DIAG-20260630-TST-U02777,SEVERE_PHYSICAL_DEFECT,502777,20260630,3,0.102,
DIAG-20260630-TST-U02778,LEGAL_PERMIT_BARRIER,502778,20260630,1,0.767,
DIAG-20260630-TST-U02778,EXTREME_THERMAL_EXPOSURE,502778,20260630,2,0.127,
DIAG-20260630-TST-U02778,SECONDARY_ARBITRAGE,502778,20260630,3,0.106,
DIAG-20260630-TST-U02779,LEGAL_PERMIT_BARRIER,502779,20260630,1,0.806,
DIAG-20260630-TST-U02779,SEVERE_PHYSICAL_DEFECT,502779,20260630,2,0.105,
DIAG-20260630-TST-U02779,LOW_SALES_INCENTIVE,502779,20260630,3,0.089,
DIAG-20260630-TST-U02780,LEGAL_PERMIT_BARRIER,502780,20260630,1,0.837,
DIAG-20260630-TST-U02780,SEVERE_PHYSICAL_DEFECT,502780,20260630,2,0.163,
DIAG-20260630-TST-U02783,LEGAL_PERMIT_BARRIER,502783,20260630,1,0.754,
DIAG-20260630-TST-U02783,EXTREME_THERMAL_EXPOSURE,502783,20260630,2,0.125,
DIAG-20260630-TST-U02783,SEVERE_PHYSICAL_DEFECT,502783,20260630,3,0.121,
DIAG-20260630-TST-U02784,LEGAL_PERMIT_BARRIER,502784,20260630,1,0.892,
DIAG-20260630-TST-U02784,SECONDARY_ARBITRAGE,502784,20260630,2,0.108,
DIAG-20260630-TST-U02785,LEGAL_PERMIT_BARRIER,502785,20260630,1,0.795,
DIAG-20260630-TST-U02785,SECONDARY_ARBITRAGE,502785,20260630,2,0.118,
DIAG-20260630-TST-U02785,LOW_SALES_INCENTIVE,502785,20260630,3,0.087,
DIAG-20260630-TST-U02786,LEGAL_PERMIT_BARRIER,502786,20260630,1,0.75,
DIAG-20260630-TST-U02786,SEVERE_PHYSICAL_DEFECT,502786,20260630,2,0.127,
DIAG-20260630-TST-U02786,SECONDARY_ARBITRAGE,502786,20260630,3,0.123,
DIAG-20260630-TST-U02787,LEGAL_PERMIT_BARRIER,502787,20260630,1,0.866,
DIAG-20260630-TST-U02787,SEVERE_PHYSICAL_DEFECT,502787,20260630,2,0.134,
DIAG-20260630-TST-U02788,LEGAL_PERMIT_BARRIER,502788,20260630,1,1.0,
DIAG-20260630-TST-U02790,LEGAL_PERMIT_BARRIER,502790,20260630,1,0.77,
DIAG-20260630-TST-U02790,SEVERE_PHYSICAL_DEFECT,502790,20260630,2,0.123,
DIAG-20260630-TST-U02790,SECONDARY_ARBITRAGE,502790,20260630,3,0.107,
DIAG-20260630-TST-U02791,LEGAL_PERMIT_BARRIER,502791,20260630,1,0.782,
DIAG-20260630-TST-U02791,SEVERE_PHYSICAL_DEFECT,502791,20260630,2,0.109,
DIAG-20260630-TST-U02791,EXTREME_THERMAL_EXPOSURE,502791,20260630,3,0.109,
DIAG-20260630-TST-U02792,LEGAL_PERMIT_BARRIER,502792,20260630,1,0.763,
DIAG-20260630-TST-U02792,SECONDARY_ARBITRAGE,502792,20260630,2,0.123,
DIAG-20260630-TST-U02792,SEVERE_PHYSICAL_DEFECT,502792,20260630,3,0.114,
DIAG-20260630-TST-U02795,LEGAL_PERMIT_BARRIER,502795,20260630,1,0.901,
DIAG-20260630-TST-U02795,LOW_SALES_INCENTIVE,502795,20260630,2,0.099,
DIAG-20260630-TST-U02797,LEGAL_PERMIT_BARRIER,502797,20260630,1,0.808,
DIAG-20260630-TST-U02797,SECONDARY_ARBITRAGE,502797,20260630,2,0.103,
DIAG-20260630-TST-U02797,LOW_SALES_INCENTIVE,502797,20260630,3,0.089,
DIAG-20260630-TST-U02799,LEGAL_PERMIT_BARRIER,502799,20260630,1,1.0,
DIAG-20260630-TST-U02801,LEGAL_PERMIT_BARRIER,502801,20260630,1,0.802,
DIAG-20260630-TST-U02801,SECONDARY_ARBITRAGE,502801,20260630,2,0.11,
DIAG-20260630-TST-U02801,LOW_SALES_INCENTIVE,502801,20260630,3,0.088,
DIAG-20260630-TST-U02802,LEGAL_PERMIT_BARRIER,502802,20260630,1,0.785,
DIAG-20260630-TST-U02802,SEVERE_PHYSICAL_DEFECT,502802,20260630,2,0.114,
DIAG-20260630-TST-U02802,SECONDARY_ARBITRAGE,502802,20260630,3,0.101,
DIAG-20260630-TST-U02803,LEGAL_PERMIT_BARRIER,502803,20260630,1,0.901,
DIAG-20260630-TST-U02803,LOW_SALES_INCENTIVE,502803,20260630,2,0.099,
DIAG-20260630-TST-U02804,LEGAL_PERMIT_BARRIER,502804,20260630,1,0.869,
DIAG-20260630-TST-U02804,SECONDARY_ARBITRAGE,502804,20260630,2,0.131,
DIAG-20260630-TST-U02805,LEGAL_PERMIT_BARRIER,502805,20260630,1,0.74,
DIAG-20260630-TST-U02805,SECONDARY_ARBITRAGE,502805,20260630,2,0.155,
DIAG-20260630-TST-U02805,OVERPRICED_VS_PEER,502805,20260630,3,0.105,
DIAG-20260630-TST-U02806,LEGAL_PERMIT_BARRIER,502806,20260630,1,0.86,
DIAG-20260630-TST-U02806,SECONDARY_ARBITRAGE,502806,20260630,2,0.14,
DIAG-20260630-TST-U02807,LEGAL_PERMIT_BARRIER,502807,20260630,1,0.866,
DIAG-20260630-TST-U02807,SEVERE_PHYSICAL_DEFECT,502807,20260630,2,0.134,
DIAG-20260630-TST-U02808,LEGAL_PERMIT_BARRIER,502808,20260630,1,0.862,
DIAG-20260630-TST-U02808,SEVERE_PHYSICAL_DEFECT,502808,20260630,2,0.138,
DIAG-20260630-TST-U02809,LEGAL_PERMIT_BARRIER,502809,20260630,1,0.889,
DIAG-20260630-TST-U02809,SECONDARY_ARBITRAGE,502809,20260630,2,0.111,
DIAG-20260630-TST-U02810,LEGAL_PERMIT_BARRIER,502810,20260630,1,0.779,
DIAG-20260630-TST-U02810,LUMP_SUM_TICKET_BARRIER,502810,20260630,2,0.113,
DIAG-20260630-TST-U02810,SECONDARY_ARBITRAGE,502810,20260630,3,0.108,
DIAG-20260630-TST-U02811,LEGAL_PERMIT_BARRIER,502811,20260630,1,0.784,
DIAG-20260630-TST-U02811,EXTREME_THERMAL_EXPOSURE,502811,20260630,2,0.11,
DIAG-20260630-TST-U02811,SEVERE_PHYSICAL_DEFECT,502811,20260630,3,0.106,
DIAG-20260630-TST-U02812,LEGAL_PERMIT_BARRIER,502812,20260630,1,0.773,
DIAG-20260630-TST-U02812,EXTREME_THERMAL_EXPOSURE,502812,20260630,2,0.127,
DIAG-20260630-TST-U02812,SEVERE_PHYSICAL_DEFECT,502812,20260630,3,0.1,
DIAG-20260630-TST-U02813,LEGAL_PERMIT_BARRIER,502813,20260630,1,0.784,
DIAG-20260630-TST-U02813,EXTREME_THERMAL_EXPOSURE,502813,20260630,2,0.11,
DIAG-20260630-TST-U02813,SECONDARY_ARBITRAGE,502813,20260630,3,0.106,
DIAG-20260630-TST-U02814,LEGAL_PERMIT_BARRIER,502814,20260630,1,0.782,
DIAG-20260630-TST-U02814,SECONDARY_ARBITRAGE,502814,20260630,2,0.132,
DIAG-20260630-TST-U02814,LOW_SALES_INCENTIVE,502814,20260630,3,0.086,
DIAG-20260630-TST-U02816,LEGAL_PERMIT_BARRIER,502816,20260630,1,0.745,
DIAG-20260630-TST-U02816,SECONDARY_ARBITRAGE,502816,20260630,2,0.147,
DIAG-20260630-TST-U02816,SEVERE_PHYSICAL_DEFECT,502816,20260630,3,0.108,
DIAG-20260630-TST-U02818,LEGAL_PERMIT_BARRIER,502818,20260630,1,0.758,
DIAG-20260630-TST-U02818,EXTREME_THERMAL_EXPOSURE,502818,20260630,2,0.125,
DIAG-20260630-TST-U02818,SECONDARY_ARBITRAGE,502818,20260630,3,0.117,
DIAG-20260630-TST-U02819,LEGAL_PERMIT_BARRIER,502819,20260630,1,0.785,
DIAG-20260630-TST-U02819,EXTREME_THERMAL_EXPOSURE,502819,20260630,2,0.129,
DIAG-20260630-TST-U02819,LOW_SALES_INCENTIVE,502819,20260630,3,0.086,
DIAG-20260630-TST-U02820,LEGAL_PERMIT_BARRIER,502820,20260630,1,0.766,
DIAG-20260630-TST-U02820,SEVERE_PHYSICAL_DEFECT,502820,20260630,2,0.122,
DIAG-20260630-TST-U02820,SECONDARY_ARBITRAGE,502820,20260630,3,0.112,
DIAG-20260630-TST-U02821,LEGAL_PERMIT_BARRIER,502821,20260630,1,0.901,
DIAG-20260630-TST-U02821,LOW_SALES_INCENTIVE,502821,20260630,2,0.099,
DIAG-20260630-TST-U02823,LEGAL_PERMIT_BARRIER,502823,20260630,1,0.734,
DIAG-20260630-TST-U02823,SEVERE_PHYSICAL_DEFECT,502823,20260630,2,0.139,
DIAG-20260630-TST-U02823,SECONDARY_ARBITRAGE,502823,20260630,3,0.127,
DIAG-20260630-TST-U02824,LEGAL_PERMIT_BARRIER,502824,20260630,1,0.763,
DIAG-20260630-TST-U02824,SECONDARY_ARBITRAGE,502824,20260630,2,0.13,
DIAG-20260630-TST-U02824,SEVERE_PHYSICAL_DEFECT,502824,20260630,3,0.107,
DIAG-20260630-TST-U02825,LEGAL_PERMIT_BARRIER,502825,20260630,1,0.782,
DIAG-20260630-TST-U02825,EXTREME_THERMAL_EXPOSURE,502825,20260630,2,0.11,
DIAG-20260630-TST-U02825,SECONDARY_ARBITRAGE,502825,20260630,3,0.108,
DIAG-20260630-TST-U02826,LEGAL_PERMIT_BARRIER,502826,20260630,1,0.788,
DIAG-20260630-TST-U02826,SECONDARY_ARBITRAGE,502826,20260630,2,0.125,
DIAG-20260630-TST-U02826,LOW_SALES_INCENTIVE,502826,20260630,3,0.087,
DIAG-20260630-TST-U02828,LEGAL_PERMIT_BARRIER,502828,20260630,1,0.782,
DIAG-20260630-TST-U02828,EXTREME_THERMAL_EXPOSURE,502828,20260630,2,0.11,
DIAG-20260630-TST-U02828,SECONDARY_ARBITRAGE,502828,20260630,3,0.108,
DIAG-20260630-TST-U02829,LEGAL_PERMIT_BARRIER,502829,20260630,1,0.858,
DIAG-20260630-TST-U02829,EXTREME_THERMAL_EXPOSURE,502829,20260630,2,0.142,
DIAG-20260630-TST-U02830,LEGAL_PERMIT_BARRIER,502830,20260630,1,0.877,
DIAG-20260630-TST-U02830,SEVERE_PHYSICAL_DEFECT,502830,20260630,2,0.123,
DIAG-20260630-TST-U02831,LEGAL_PERMIT_BARRIER,502831,20260630,1,0.775,
DIAG-20260630-TST-U02831,SECONDARY_ARBITRAGE,502831,20260630,2,0.117,
DIAG-20260630-TST-U02831,SEVERE_PHYSICAL_DEFECT,502831,20260630,3,0.108,
DIAG-20260630-TST-U02832,LEGAL_PERMIT_BARRIER,502832,20260630,1,0.794,
DIAG-20260630-TST-U02832,SEVERE_PHYSICAL_DEFECT,502832,20260630,2,0.119,
DIAG-20260630-TST-U02832,LOW_SALES_INCENTIVE,502832,20260630,3,0.087,
DIAG-20260630-TST-U02833,LEGAL_PERMIT_BARRIER,502833,20260630,1,0.791,
DIAG-20260630-TST-U02833,EXTREME_THERMAL_EXPOSURE,502833,20260630,2,0.111,
DIAG-20260630-TST-U02833,SECONDARY_ARBITRAGE,502833,20260630,3,0.098,
DIAG-20260630-TST-U02834,LEGAL_PERMIT_BARRIER,502834,20260630,1,0.789,
DIAG-20260630-TST-U02834,LUMP_SUM_TICKET_BARRIER,502834,20260630,2,0.115,
DIAG-20260630-TST-U02834,SECONDARY_ARBITRAGE,502834,20260630,3,0.096,
DIAG-20260630-TST-U02835,LEGAL_PERMIT_BARRIER,502835,20260630,1,0.788,
DIAG-20260630-TST-U02835,EXTREME_THERMAL_EXPOSURE,502835,20260630,2,0.11,
DIAG-20260630-TST-U02835,SECONDARY_ARBITRAGE,502835,20260630,3,0.102,
DIAG-20260630-TST-U02837,LEGAL_PERMIT_BARRIER,502837,20260630,1,0.8,
DIAG-20260630-TST-U02837,SECONDARY_ARBITRAGE,502837,20260630,2,0.112,
DIAG-20260630-TST-U02837,LOW_SALES_INCENTIVE,502837,20260630,3,0.088,
DIAG-20260630-TST-U02838,LEGAL_PERMIT_BARRIER,502838,20260630,1,0.808,
DIAG-20260630-TST-U02838,SECONDARY_ARBITRAGE,502838,20260630,2,0.103,
DIAG-20260630-TST-U02838,LOW_SALES_INCENTIVE,502838,20260630,3,0.089,
DIAG-20260630-TST-U02839,LEGAL_PERMIT_BARRIER,502839,20260630,1,0.772,
DIAG-20260630-TST-U02839,EXTREME_THERMAL_EXPOSURE,502839,20260630,2,0.127,
DIAG-20260630-TST-U02839,SECONDARY_ARBITRAGE,502839,20260630,3,0.101,
DIAG-20260630-TST-U02840,LEGAL_PERMIT_BARRIER,502840,20260630,1,0.786,
DIAG-20260630-TST-U02840,SECONDARY_ARBITRAGE,502840,20260630,2,0.108,
DIAG-20260630-TST-U02840,SEVERE_PHYSICAL_DEFECT,502840,20260630,3,0.106,
DIAG-20260630-TST-U02842,LEGAL_PERMIT_BARRIER,502842,20260630,1,0.782,
DIAG-20260630-TST-U02842,EXTREME_THERMAL_EXPOSURE,502842,20260630,2,0.121,
DIAG-20260630-TST-U02842,SECONDARY_ARBITRAGE,502842,20260630,3,0.097,
DIAG-20260630-TST-U02843,LEGAL_PERMIT_BARRIER,502843,20260630,1,0.901,
DIAG-20260630-TST-U02843,LOW_SALES_INCENTIVE,502843,20260630,2,0.099,
DIAG-20260630-TST-U02846,LEGAL_PERMIT_BARRIER,502846,20260630,1,0.781,
DIAG-20260630-TST-U02846,SECONDARY_ARBITRAGE,502846,20260630,2,0.123,
DIAG-20260630-TST-U02846,OVERPRICED_VS_PEER,502846,20260630,3,0.096,
DIAG-20260630-TST-U02849,LEGAL_PERMIT_BARRIER,502849,20260630,1,0.768,
DIAG-20260630-TST-U02849,SEVERE_PHYSICAL_DEFECT,502849,20260630,2,0.123,
DIAG-20260630-TST-U02849,SECONDARY_ARBITRAGE,502849,20260630,3,0.109,
DIAG-20260630-TST-U02852,LEGAL_PERMIT_BARRIER,502852,20260630,1,0.754,
DIAG-20260630-TST-U02852,EXTREME_THERMAL_EXPOSURE,502852,20260630,2,0.125,
DIAG-20260630-TST-U02852,SEVERE_PHYSICAL_DEFECT,502852,20260630,3,0.121,
DIAG-20260630-TST-U02853,LEGAL_PERMIT_BARRIER,502853,20260630,1,0.79,
DIAG-20260630-TST-U02853,SEVERE_PHYSICAL_DEFECT,502853,20260630,2,0.111,
DIAG-20260630-TST-U02853,SECONDARY_ARBITRAGE,502853,20260630,3,0.099,
DIAG-20260630-TST-U02854,LEGAL_PERMIT_BARRIER,502854,20260630,1,0.783,
DIAG-20260630-TST-U02854,SECONDARY_ARBITRAGE,502854,20260630,2,0.122,
DIAG-20260630-TST-U02854,OVERPRICED_VS_PEER,502854,20260630,3,0.095,
DIAG-20260630-TST-U02855,LEGAL_PERMIT_BARRIER,502855,20260630,1,0.793,
DIAG-20260630-TST-U02855,SECONDARY_ARBITRAGE,502855,20260630,2,0.12,
DIAG-20260630-TST-U02855,LOW_SALES_INCENTIVE,502855,20260630,3,0.087,
DIAG-20260630-TST-U02856,LEGAL_PERMIT_BARRIER,502856,20260630,1,0.772,
DIAG-20260630-TST-U02856,EXTREME_THERMAL_EXPOSURE,502856,20260630,2,0.12,
DIAG-20260630-TST-U02856,SEVERE_PHYSICAL_DEFECT,502856,20260630,3,0.108,
DIAG-20260630-TST-U02857,LEGAL_PERMIT_BARRIER,502857,20260630,1,0.783,
DIAG-20260630-TST-U02857,SEVERE_PHYSICAL_DEFECT,502857,20260630,2,0.11,
DIAG-20260630-TST-U02857,SECONDARY_ARBITRAGE,502857,20260630,3,0.107,
DIAG-20260630-TST-U02858,LEGAL_PERMIT_BARRIER,502858,20260630,1,0.746,
DIAG-20260630-TST-U02858,SEVERE_PHYSICAL_DEFECT,502858,20260630,2,0.127,
DIAG-20260630-TST-U02858,EXTREME_THERMAL_EXPOSURE,502858,20260630,3,0.127,
DIAG-20260630-TST-U02859,LEGAL_PERMIT_BARRIER,502859,20260630,1,0.811,
DIAG-20260630-TST-U02859,SECONDARY_ARBITRAGE,502859,20260630,2,0.1,
DIAG-20260630-TST-U02859,LOW_SALES_INCENTIVE,502859,20260630,3,0.089,
DIAG-20260630-TST-U02860,LEGAL_PERMIT_BARRIER,502860,20260630,1,0.752,
DIAG-20260630-TST-U02860,SEVERE_PHYSICAL_DEFECT,502860,20260630,2,0.124,
DIAG-20260630-TST-U02860,EXTREME_THERMAL_EXPOSURE,502860,20260630,3,0.124,
DIAG-20260630-TST-U02861,LEGAL_PERMIT_BARRIER,502861,20260630,1,0.795,
DIAG-20260630-TST-U02861,SECONDARY_ARBITRAGE,502861,20260630,2,0.118,
DIAG-20260630-TST-U02861,LOW_SALES_INCENTIVE,502861,20260630,3,0.087,
DIAG-20260630-TST-U02862,LEGAL_PERMIT_BARRIER,502862,20260630,1,1.0,
DIAG-20260630-TST-U02863,LEGAL_PERMIT_BARRIER,502863,20260630,1,0.79,
DIAG-20260630-TST-U02863,EXTREME_THERMAL_EXPOSURE,502863,20260630,2,0.123,
DIAG-20260630-TST-U02863,LOW_SALES_INCENTIVE,502863,20260630,3,0.087,
DIAG-20260630-TST-U02864,LEGAL_PERMIT_BARRIER,502864,20260630,1,0.785,
DIAG-20260630-TST-U02864,EXTREME_THERMAL_EXPOSURE,502864,20260630,2,0.129,
DIAG-20260630-TST-U02864,LOW_SALES_INCENTIVE,502864,20260630,3,0.086,
DIAG-20260630-TST-U02865,LEGAL_PERMIT_BARRIER,502865,20260630,1,0.767,
DIAG-20260630-TST-U02865,EXTREME_THERMAL_EXPOSURE,502865,20260630,2,0.126,
DIAG-20260630-TST-U02865,SEVERE_PHYSICAL_DEFECT,502865,20260630,3,0.107,
DIAG-20260630-TST-U02866,LEGAL_PERMIT_BARRIER,502866,20260630,1,0.767,
DIAG-20260630-TST-U02866,SECONDARY_ARBITRAGE,502866,20260630,2,0.129,
DIAG-20260630-TST-U02866,SEVERE_PHYSICAL_DEFECT,502866,20260630,3,0.104,
DIAG-20260630-TST-U02867,LEGAL_PERMIT_BARRIER,502867,20260630,1,1.0,
DIAG-20260630-TST-U02869,LEGAL_PERMIT_BARRIER,502869,20260630,1,0.783,
DIAG-20260630-TST-U02869,EXTREME_THERMAL_EXPOSURE,502869,20260630,2,0.109,
DIAG-20260630-TST-U02869,SECONDARY_ARBITRAGE,502869,20260630,3,0.108,
DIAG-20260630-TST-U02870,LEGAL_PERMIT_BARRIER,502870,20260630,1,0.889,
DIAG-20260630-TST-U02870,SEVERE_PHYSICAL_DEFECT,502870,20260630,2,0.111,
DIAG-20260630-TST-U02871,LEGAL_PERMIT_BARRIER,502871,20260630,1,0.788,
DIAG-20260630-TST-U02871,EXTREME_THERMAL_EXPOSURE,502871,20260630,2,0.114,
DIAG-20260630-TST-U02871,SEVERE_PHYSICAL_DEFECT,502871,20260630,3,0.098,
DIAG-20260630-TST-U02872,LEGAL_PERMIT_BARRIER,502872,20260630,1,0.858,
DIAG-20260630-TST-U02872,EXTREME_THERMAL_EXPOSURE,502872,20260630,2,0.142,
DIAG-20260630-TST-U02873,LEGAL_PERMIT_BARRIER,502873,20260630,1,0.782,
DIAG-20260630-TST-U02873,SEVERE_PHYSICAL_DEFECT,502873,20260630,2,0.109,
DIAG-20260630-TST-U02873,SECONDARY_ARBITRAGE,502873,20260630,3,0.109,
DIAG-20260630-TST-U02875,LEGAL_PERMIT_BARRIER,502875,20260630,1,0.776,
DIAG-20260630-TST-U02875,SECONDARY_ARBITRAGE,502875,20260630,2,0.115,
DIAG-20260630-TST-U02875,EXTREME_THERMAL_EXPOSURE,502875,20260630,3,0.109,
DIAG-20260630-TST-U02876,LEGAL_PERMIT_BARRIER,502876,20260630,1,0.764,
DIAG-20260630-TST-U02876,SECONDARY_ARBITRAGE,502876,20260630,2,0.129,
DIAG-20260630-TST-U02876,EXTREME_THERMAL_EXPOSURE,502876,20260630,3,0.107,
DIAG-20260630-TST-U02877,LEGAL_PERMIT_BARRIER,502877,20260630,1,0.752,
DIAG-20260630-TST-U02877,SEVERE_PHYSICAL_DEFECT,502877,20260630,2,0.124,
DIAG-20260630-TST-U02877,EXTREME_THERMAL_EXPOSURE,502877,20260630,3,0.124,
DIAG-20260630-TST-U02878,LEGAL_PERMIT_BARRIER,502878,20260630,1,0.762,
DIAG-20260630-TST-U02878,EXTREME_THERMAL_EXPOSURE,502878,20260630,2,0.129,
DIAG-20260630-TST-U02878,SECONDARY_ARBITRAGE,502878,20260630,3,0.109,
DIAG-20260630-TST-U02879,LEGAL_PERMIT_BARRIER,502879,20260630,1,0.759,
DIAG-20260630-TST-U02879,EXTREME_THERMAL_EXPOSURE,502879,20260630,2,0.125,
DIAG-20260630-TST-U02879,SECONDARY_ARBITRAGE,502879,20260630,3,0.116,
DIAG-20260630-TST-U02880,LEGAL_PERMIT_BARRIER,502880,20260630,1,0.78,
DIAG-20260630-TST-U02880,SECONDARY_ARBITRAGE,502880,20260630,2,0.111,
DIAG-20260630-TST-U02880,SEVERE_PHYSICAL_DEFECT,502880,20260630,3,0.109,
DIAG-20260630-TST-U02881,LEGAL_PERMIT_BARRIER,502881,20260630,1,0.757,
DIAG-20260630-TST-U02881,EXTREME_THERMAL_EXPOSURE,502881,20260630,2,0.125,
DIAG-20260630-TST-U02881,SECONDARY_ARBITRAGE,502881,20260630,3,0.118,
DIAG-20260630-TST-U02883,LEGAL_PERMIT_BARRIER,502883,20260630,1,0.901,
DIAG-20260630-TST-U02883,LOW_SALES_INCENTIVE,502883,20260630,2,0.099,
DIAG-20260630-TST-U02884,LEGAL_PERMIT_BARRIER,502884,20260630,1,0.799,
DIAG-20260630-TST-U02884,SEVERE_PHYSICAL_DEFECT,502884,20260630,2,0.104,
DIAG-20260630-TST-U02884,SECONDARY_ARBITRAGE,502884,20260630,3,0.097,
DIAG-20260630-TST-U02885,LEGAL_PERMIT_BARRIER,502885,20260630,1,0.858,
DIAG-20260630-TST-U02885,EXTREME_THERMAL_EXPOSURE,502885,20260630,2,0.142,
DIAG-20260630-TST-U02886,LEGAL_PERMIT_BARRIER,502886,20260630,1,0.79,
DIAG-20260630-TST-U02886,EXTREME_THERMAL_EXPOSURE,502886,20260630,2,0.111,
DIAG-20260630-TST-U02886,SECONDARY_ARBITRAGE,502886,20260630,3,0.099,
DIAG-20260630-TST-U02887,LEGAL_PERMIT_BARRIER,502887,20260630,1,0.813,
DIAG-20260630-TST-U02887,SECONDARY_ARBITRAGE,502887,20260630,2,0.098,
DIAG-20260630-TST-U02887,LOW_SALES_INCENTIVE,502887,20260630,3,0.089,
DIAG-20260630-TST-U02888,LEGAL_PERMIT_BARRIER,502888,20260630,1,0.891,
DIAG-20260630-TST-U02888,SECONDARY_ARBITRAGE,502888,20260630,2,0.109,
DIAG-20260630-TST-U02889,LEGAL_PERMIT_BARRIER,502889,20260630,1,0.776,
DIAG-20260630-TST-U02889,SECONDARY_ARBITRAGE,502889,20260630,2,0.115,
DIAG-20260630-TST-U02889,SEVERE_PHYSICAL_DEFECT,502889,20260630,3,0.109,
DIAG-20260630-TST-U02890,LEGAL_PERMIT_BARRIER,502890,20260630,1,0.782,
DIAG-20260630-TST-U02890,EXTREME_THERMAL_EXPOSURE,502890,20260630,2,0.11,
DIAG-20260630-TST-U02890,SECONDARY_ARBITRAGE,502890,20260630,3,0.108,
DIAG-20260630-TST-U02891,LEGAL_PERMIT_BARRIER,502891,20260630,1,0.877,
DIAG-20260630-TST-U02891,SEVERE_PHYSICAL_DEFECT,502891,20260630,2,0.123,
DIAG-20260630-TST-U02892,LEGAL_PERMIT_BARRIER,502892,20260630,1,0.804,
DIAG-20260630-TST-U02892,SECONDARY_ARBITRAGE,502892,20260630,2,0.108,
DIAG-20260630-TST-U02892,LOW_SALES_INCENTIVE,502892,20260630,3,0.088,
DIAG-20260630-TST-U02893,LEGAL_PERMIT_BARRIER,502893,20260630,1,0.804,
DIAG-20260630-TST-U02893,SECONDARY_ARBITRAGE,502893,20260630,2,0.108,
DIAG-20260630-TST-U02893,LOW_SALES_INCENTIVE,502893,20260630,3,0.088,
DIAG-20260630-TST-U02894,LEGAL_PERMIT_BARRIER,502894,20260630,1,0.797,
DIAG-20260630-TST-U02894,SECONDARY_ARBITRAGE,502894,20260630,2,0.115,
DIAG-20260630-TST-U02894,LOW_SALES_INCENTIVE,502894,20260630,3,0.088,
DIAG-20260630-TST-U02895,LEGAL_PERMIT_BARRIER,502895,20260630,1,1.0,
DIAG-20260630-TST-U02896,LEGAL_PERMIT_BARRIER,502896,20260630,1,0.787,
DIAG-20260630-TST-U02896,SEVERE_PHYSICAL_DEFECT,502896,20260630,2,0.126,
DIAG-20260630-TST-U02896,LOW_SALES_INCENTIVE,502896,20260630,3,0.087,
DIAG-20260630-TST-U02898,LEGAL_PERMIT_BARRIER,502898,20260630,1,0.772,
DIAG-20260630-TST-U02898,EXTREME_THERMAL_EXPOSURE,502898,20260630,2,0.12,
DIAG-20260630-TST-U02898,SEVERE_PHYSICAL_DEFECT,502898,20260630,3,0.108,
DIAG-20260630-TST-U02899,LEGAL_PERMIT_BARRIER,502899,20260630,1,0.805,
DIAG-20260630-TST-U02899,SECONDARY_ARBITRAGE,502899,20260630,2,0.107,
DIAG-20260630-TST-U02899,LOW_SALES_INCENTIVE,502899,20260630,3,0.088,
DIAG-20260630-TST-U02900,LEGAL_PERMIT_BARRIER,502900,20260630,1,1.0,
DIAG-20260630-TST-U02901,LEGAL_PERMIT_BARRIER,502901,20260630,1,0.765,
DIAG-20260630-TST-U02901,SECONDARY_ARBITRAGE,502901,20260630,2,0.13,
DIAG-20260630-TST-U02901,OVERPRICED_VS_PEER,502901,20260630,3,0.105,
DIAG-20260630-TST-U02902,LEGAL_PERMIT_BARRIER,502902,20260630,1,0.795,
DIAG-20260630-TST-U02902,SECONDARY_ARBITRAGE,502902,20260630,2,0.106,
DIAG-20260630-TST-U02902,SEVERE_PHYSICAL_DEFECT,502902,20260630,3,0.099,
DIAG-20260630-TST-U02903,LEGAL_PERMIT_BARRIER,502903,20260630,1,0.786,
DIAG-20260630-TST-U02903,SECONDARY_ARBITRAGE,502903,20260630,2,0.108,
DIAG-20260630-TST-U02903,SEVERE_PHYSICAL_DEFECT,502903,20260630,3,0.106,
DIAG-20260630-TST-U02904,LEGAL_PERMIT_BARRIER,502904,20260630,1,0.755,
DIAG-20260630-TST-U02904,SEVERE_PHYSICAL_DEFECT,502904,20260630,2,0.128,
DIAG-20260630-TST-U02904,EXTREME_THERMAL_EXPOSURE,502904,20260630,3,0.117,
DIAG-20260630-TST-U02905,LEGAL_PERMIT_BARRIER,502905,20260630,1,0.748,
DIAG-20260630-TST-U02905,SECONDARY_ARBITRAGE,502905,20260630,2,0.139,
DIAG-20260630-TST-U02905,LUMP_SUM_TICKET_BARRIER,502905,20260630,3,0.113,
DIAG-20260630-TST-U02907,LEGAL_PERMIT_BARRIER,502907,20260630,1,0.78,
DIAG-20260630-TST-U02907,SEVERE_PHYSICAL_DEFECT,502907,20260630,2,0.113,
DIAG-20260630-TST-U02907,SECONDARY_ARBITRAGE,502907,20260630,3,0.107,
DIAG-20260630-TST-U02908,LEGAL_PERMIT_BARRIER,502908,20260630,1,0.885,
DIAG-20260630-TST-U02908,SEVERE_PHYSICAL_DEFECT,502908,20260630,2,0.115,
DIAG-20260630-TST-U02909,LEGAL_PERMIT_BARRIER,502909,20260630,1,0.901,
DIAG-20260630-TST-U02909,LOW_SALES_INCENTIVE,502909,20260630,2,0.099,
DIAG-20260630-TST-U02910,LEGAL_PERMIT_BARRIER,502910,20260630,1,0.806,
DIAG-20260630-TST-U02910,SECONDARY_ARBITRAGE,502910,20260630,2,0.105,
DIAG-20260630-TST-U02910,LOW_SALES_INCENTIVE,502910,20260630,3,0.089,
DIAG-20260630-TST-U02911,LEGAL_PERMIT_BARRIER,502911,20260630,1,0.749,
DIAG-20260630-TST-U02911,SECONDARY_ARBITRAGE,502911,20260630,2,0.14,
DIAG-20260630-TST-U02911,LUMP_SUM_TICKET_BARRIER,502911,20260630,3,0.111,
DIAG-20260630-TST-U02913,LEGAL_PERMIT_BARRIER,502913,20260630,1,0.783,
DIAG-20260630-TST-U02913,SEVERE_PHYSICAL_DEFECT,502913,20260630,2,0.11,
DIAG-20260630-TST-U02913,SECONDARY_ARBITRAGE,502913,20260630,3,0.107,
DIAG-20260630-TST-U02914,LEGAL_PERMIT_BARRIER,502914,20260630,1,0.778,
DIAG-20260630-TST-U02914,SECONDARY_ARBITRAGE,502914,20260630,2,0.123,
DIAG-20260630-TST-U02914,OVERPRICED_VS_PEER,502914,20260630,3,0.099,
DIAG-20260630-TST-U02915,LEGAL_PERMIT_BARRIER,502915,20260630,1,0.781,
DIAG-20260630-TST-U02915,SEVERE_PHYSICAL_DEFECT,502915,20260630,2,0.113,
DIAG-20260630-TST-U02915,SECONDARY_ARBITRAGE,502915,20260630,3,0.106,
DIAG-20260630-TST-U02916,LEGAL_PERMIT_BARRIER,502916,20260630,1,0.766,
DIAG-20260630-TST-U02916,SEVERE_PHYSICAL_DEFECT,502916,20260630,2,0.123,
DIAG-20260630-TST-U02916,EXTREME_THERMAL_EXPOSURE,502916,20260630,3,0.111,
DIAG-20260630-TST-U02917,LEGAL_PERMIT_BARRIER,502917,20260630,1,0.77,
DIAG-20260630-TST-U02917,SEVERE_PHYSICAL_DEFECT,502917,20260630,2,0.119,
DIAG-20260630-TST-U02917,SECONDARY_ARBITRAGE,502917,20260630,3,0.111,
DIAG-20260630-TST-U02919,LEGAL_PERMIT_BARRIER,502919,20260630,1,0.769,
DIAG-20260630-TST-U02919,EXTREME_THERMAL_EXPOSURE,502919,20260630,2,0.131,
DIAG-20260630-TST-U02919,SEVERE_PHYSICAL_DEFECT,502919,20260630,3,0.1,
DIAG-20260630-TST-U02920,LEGAL_PERMIT_BARRIER,502920,20260630,1,0.877,
DIAG-20260630-TST-U02920,EXTREME_THERMAL_EXPOSURE,502920,20260630,2,0.123,
DIAG-20260630-TST-U02921,LEGAL_PERMIT_BARRIER,502921,20260630,1,0.854,
DIAG-20260630-TST-U02921,SECONDARY_ARBITRAGE,502921,20260630,2,0.146,
DIAG-20260630-TST-U02922,LEGAL_PERMIT_BARRIER,502922,20260630,1,0.794,
DIAG-20260630-TST-U02922,SECONDARY_ARBITRAGE,502922,20260630,2,0.107,
DIAG-20260630-TST-U02922,SEVERE_PHYSICAL_DEFECT,502922,20260630,3,0.099,
DIAG-20260630-TST-U02923,LEGAL_PERMIT_BARRIER,502923,20260630,1,0.901,
DIAG-20260630-TST-U02923,LOW_SALES_INCENTIVE,502923,20260630,2,0.099,
DIAG-20260630-TST-U02924,LEGAL_PERMIT_BARRIER,502924,20260630,1,0.785,
DIAG-20260630-TST-U02924,EXTREME_THERMAL_EXPOSURE,502924,20260630,2,0.129,
DIAG-20260630-TST-U02924,LOW_SALES_INCENTIVE,502924,20260630,3,0.086,
DIAG-20260630-TST-U02927,LEGAL_PERMIT_BARRIER,502927,20260630,1,0.766,
DIAG-20260630-TST-U02927,SEVERE_PHYSICAL_DEFECT,502927,20260630,2,0.126,
DIAG-20260630-TST-U02927,SECONDARY_ARBITRAGE,502927,20260630,3,0.108,
DIAG-20260630-TST-U02929,LEGAL_PERMIT_BARRIER,502929,20260630,1,0.782,
DIAG-20260630-TST-U02929,SEVERE_PHYSICAL_DEFECT,502929,20260630,2,0.109,
DIAG-20260630-TST-U02929,EXTREME_THERMAL_EXPOSURE,502929,20260630,3,0.109,
DIAG-20260630-TST-U02930,LEGAL_PERMIT_BARRIER,502930,20260630,1,0.81,
DIAG-20260630-TST-U02930,SECONDARY_ARBITRAGE,502930,20260630,2,0.101,
DIAG-20260630-TST-U02930,LOW_SALES_INCENTIVE,502930,20260630,3,0.089,
DIAG-20260630-TST-U02932,LEGAL_PERMIT_BARRIER,502932,20260630,1,0.765,
DIAG-20260630-TST-U02932,SEVERE_PHYSICAL_DEFECT,502932,20260630,2,0.142,
DIAG-20260630-TST-U02932,SECONDARY_ARBITRAGE,502932,20260630,3,0.093,
DIAG-20260630-TST-U02933,LEGAL_PERMIT_BARRIER,502933,20260630,1,0.749,
DIAG-20260630-TST-U02933,SEVERE_PHYSICAL_DEFECT,502933,20260630,2,0.127,
DIAG-20260630-TST-U02933,EXTREME_THERMAL_EXPOSURE,502933,20260630,3,0.124,
DIAG-20260630-TST-U02934,LEGAL_PERMIT_BARRIER,502934,20260630,1,0.804,
DIAG-20260630-TST-U02934,SEVERE_PHYSICAL_DEFECT,502934,20260630,2,0.108,
DIAG-20260630-TST-U02934,LOW_SALES_INCENTIVE,502934,20260630,3,0.088,
DIAG-20260630-TST-U02935,LEGAL_PERMIT_BARRIER,502935,20260630,1,0.76,
DIAG-20260630-TST-U02935,SEVERE_PHYSICAL_DEFECT,502935,20260630,2,0.125,
DIAG-20260630-TST-U02935,SECONDARY_ARBITRAGE,502935,20260630,3,0.115,
DIAG-20260630-TST-U02936,LEGAL_PERMIT_BARRIER,502936,20260630,1,0.767,
DIAG-20260630-TST-U02936,EXTREME_THERMAL_EXPOSURE,502936,20260630,2,0.127,
DIAG-20260630-TST-U02936,SECONDARY_ARBITRAGE,502936,20260630,3,0.106,
DIAG-20260630-TST-U02937,LEGAL_PERMIT_BARRIER,502937,20260630,1,0.808,
DIAG-20260630-TST-U02937,SECONDARY_ARBITRAGE,502937,20260630,2,0.103,
DIAG-20260630-TST-U02937,LOW_SALES_INCENTIVE,502937,20260630,3,0.089,
DIAG-20260630-TST-U02938,LEGAL_PERMIT_BARRIER,502938,20260630,1,0.883,
DIAG-20260630-TST-U02938,SECONDARY_ARBITRAGE,502938,20260630,2,0.117,
DIAG-20260630-TST-U02940,LEGAL_PERMIT_BARRIER,502940,20260630,1,0.76,
DIAG-20260630-TST-U02940,SECONDARY_ARBITRAGE,502940,20260630,2,0.127,
DIAG-20260630-TST-U02940,LUMP_SUM_TICKET_BARRIER,502940,20260630,3,0.113,
DIAG-20260630-TST-U02941,LEGAL_PERMIT_BARRIER,502941,20260630,1,0.858,
DIAG-20260630-TST-U02941,EXTREME_THERMAL_EXPOSURE,502941,20260630,2,0.142,
DIAG-20260630-TST-U02942,LEGAL_PERMIT_BARRIER,502942,20260630,1,0.784,
DIAG-20260630-TST-U02942,SECONDARY_ARBITRAGE,502942,20260630,2,0.12,
DIAG-20260630-TST-U02942,OVERPRICED_VS_PEER,502942,20260630,3,0.096,
DIAG-20260630-TST-U02943,LEGAL_PERMIT_BARRIER,502943,20260630,1,0.874,
DIAG-20260630-TST-U02943,SECONDARY_ARBITRAGE,502943,20260630,2,0.126,
DIAG-20260630-TST-U02944,LEGAL_PERMIT_BARRIER,502944,20260630,1,0.756,
DIAG-20260630-TST-U02944,SECONDARY_ARBITRAGE,502944,20260630,2,0.133,
DIAG-20260630-TST-U02944,LUMP_SUM_TICKET_BARRIER,502944,20260630,3,0.111,
DIAG-20260630-TST-U02945,LEGAL_PERMIT_BARRIER,502945,20260630,1,0.767,
DIAG-20260630-TST-U02945,SECONDARY_ARBITRAGE,502945,20260630,2,0.122,
DIAG-20260630-TST-U02945,EXTREME_THERMAL_EXPOSURE,502945,20260630,3,0.111,
DIAG-20260630-TST-U02946,LEGAL_PERMIT_BARRIER,502946,20260630,1,0.787,
DIAG-20260630-TST-U02946,EXTREME_THERMAL_EXPOSURE,502946,20260630,2,0.11,
DIAG-20260630-TST-U02946,SECONDARY_ARBITRAGE,502946,20260630,3,0.103,
DIAG-20260630-TST-U02948,LEGAL_PERMIT_BARRIER,502948,20260630,1,0.764,
DIAG-20260630-TST-U02948,SECONDARY_ARBITRAGE,502948,20260630,2,0.13,
DIAG-20260630-TST-U02948,OVERPRICED_VS_PEER,502948,20260630,3,0.106,
DIAG-20260630-TST-U02949,LEGAL_PERMIT_BARRIER,502949,20260630,1,0.901,
DIAG-20260630-TST-U02949,LOW_SALES_INCENTIVE,502949,20260630,2,0.099,
DIAG-20260630-TST-U02950,LEGAL_PERMIT_BARRIER,502950,20260630,1,0.881,
DIAG-20260630-TST-U02950,SEVERE_PHYSICAL_DEFECT,502950,20260630,2,0.119,
DIAG-20260630-TST-U02951,LEGAL_PERMIT_BARRIER,502951,20260630,1,0.783,
DIAG-20260630-TST-U02951,SECONDARY_ARBITRAGE,502951,20260630,2,0.12,
DIAG-20260630-TST-U02951,OVERPRICED_VS_PEER,502951,20260630,3,0.097,
DIAG-20260630-TST-U02953,LEGAL_PERMIT_BARRIER,502953,20260630,1,0.887,
DIAG-20260630-TST-U02953,SECONDARY_ARBITRAGE,502953,20260630,2,0.113,
DIAG-20260630-TST-U02954,LEGAL_PERMIT_BARRIER,502954,20260630,1,0.785,
DIAG-20260630-TST-U02954,EXTREME_THERMAL_EXPOSURE,502954,20260630,2,0.11,
DIAG-20260630-TST-U02954,SECONDARY_ARBITRAGE,502954,20260630,3,0.105,
DIAG-20260630-TST-U02955,LEGAL_PERMIT_BARRIER,502955,20260630,1,0.877,
DIAG-20260630-TST-U02955,SEVERE_PHYSICAL_DEFECT,502955,20260630,2,0.123,
DIAG-20260630-TST-U02956,LEGAL_PERMIT_BARRIER,502956,20260630,1,0.773,
DIAG-20260630-TST-U02956,EXTREME_THERMAL_EXPOSURE,502956,20260630,2,0.127,
DIAG-20260630-TST-U02956,SEVERE_PHYSICAL_DEFECT,502956,20260630,3,0.1,
DIAG-20260630-TST-U02957,LEGAL_PERMIT_BARRIER,502957,20260630,1,0.901,
DIAG-20260630-TST-U02957,LOW_SALES_INCENTIVE,502957,20260630,2,0.099,
DIAG-20260630-TST-U02958,LEGAL_PERMIT_BARRIER,502958,20260630,1,0.805,
DIAG-20260630-TST-U02958,SECONDARY_ARBITRAGE,502958,20260630,2,0.107,
DIAG-20260630-TST-U02958,LOW_SALES_INCENTIVE,502958,20260630,3,0.088,
DIAG-20260630-TST-U02959,LEGAL_PERMIT_BARRIER,502959,20260630,1,0.747,
DIAG-20260630-TST-U02959,SECONDARY_ARBITRAGE,502959,20260630,2,0.14,
DIAG-20260630-TST-U02959,LUMP_SUM_TICKET_BARRIER,502959,20260630,3,0.113,
DIAG-20260630-TST-U02960,LEGAL_PERMIT_BARRIER,502960,20260630,1,0.804,
DIAG-20260630-TST-U02960,SEVERE_PHYSICAL_DEFECT,502960,20260630,2,0.108,
DIAG-20260630-TST-U02960,LOW_SALES_INCENTIVE,502960,20260630,3,0.088,
DIAG-20260630-TST-U02961,LEGAL_PERMIT_BARRIER,502961,20260630,1,0.873,
DIAG-20260630-TST-U02961,SECONDARY_ARBITRAGE,502961,20260630,2,0.127,
DIAG-20260630-TST-U02962,LEGAL_PERMIT_BARRIER,502962,20260630,1,0.79,
DIAG-20260630-TST-U02962,SEVERE_PHYSICAL_DEFECT,502962,20260630,2,0.111,
DIAG-20260630-TST-U02962,SECONDARY_ARBITRAGE,502962,20260630,3,0.099,
DIAG-20260630-TST-U02963,LEGAL_PERMIT_BARRIER,502963,20260630,1,0.874,
DIAG-20260630-TST-U02963,SECONDARY_ARBITRAGE,502963,20260630,2,0.126,
DIAG-20260630-TST-U02964,LEGAL_PERMIT_BARRIER,502964,20260630,1,0.901,
DIAG-20260630-TST-U02964,LOW_SALES_INCENTIVE,502964,20260630,2,0.099,
DIAG-20260630-TST-U02965,LEGAL_PERMIT_BARRIER,502965,20260630,1,0.877,
DIAG-20260630-TST-U02965,SECONDARY_ARBITRAGE,502965,20260630,2,0.123,
DIAG-20260630-TST-U02967,LEGAL_PERMIT_BARRIER,502967,20260630,1,0.799,
DIAG-20260630-TST-U02967,SECONDARY_ARBITRAGE,502967,20260630,2,0.113,
DIAG-20260630-TST-U02967,LOW_SALES_INCENTIVE,502967,20260630,3,0.088,
DIAG-20260630-TST-U02969,LEGAL_PERMIT_BARRIER,502969,20260630,1,0.75,
DIAG-20260630-TST-U02969,SECONDARY_ARBITRAGE,502969,20260630,2,0.14,
DIAG-20260630-TST-U02969,LUMP_SUM_TICKET_BARRIER,502969,20260630,3,0.11,
DIAG-20260630-TST-U02970,LEGAL_PERMIT_BARRIER,502970,20260630,1,0.781,
DIAG-20260630-TST-U02970,SECONDARY_ARBITRAGE,502970,20260630,2,0.114,
DIAG-20260630-TST-U02970,SEVERE_PHYSICAL_DEFECT,502970,20260630,3,0.105,
DIAG-20260630-TST-U02971,LEGAL_PERMIT_BARRIER,502971,20260630,1,0.772,
DIAG-20260630-TST-U02971,SEVERE_PHYSICAL_DEFECT,502971,20260630,2,0.116,
DIAG-20260630-TST-U02971,SECONDARY_ARBITRAGE,502971,20260630,3,0.112,
DIAG-20260630-TST-U02972,LEGAL_PERMIT_BARRIER,502972,20260630,1,0.783,
DIAG-20260630-TST-U02972,SEVERE_PHYSICAL_DEFECT,502972,20260630,2,0.114,
DIAG-20260630-TST-U02972,SECONDARY_ARBITRAGE,502972,20260630,3,0.103,
DIAG-20260630-TST-U02973,LEGAL_PERMIT_BARRIER,502973,20260630,1,0.773,
DIAG-20260630-TST-U02973,SECONDARY_ARBITRAGE,502973,20260630,2,0.119,
DIAG-20260630-TST-U02973,EXTREME_THERMAL_EXPOSURE,502973,20260630,3,0.108,
DIAG-20260630-TST-U02975,LEGAL_PERMIT_BARRIER,502975,20260630,1,0.783,
DIAG-20260630-TST-U02975,SEVERE_PHYSICAL_DEFECT,502975,20260630,2,0.11,
DIAG-20260630-TST-U02975,SECONDARY_ARBITRAGE,502975,20260630,3,0.107,
DIAG-20260630-TST-U02976,LEGAL_PERMIT_BARRIER,502976,20260630,1,0.766,
DIAG-20260630-TST-U02976,EXTREME_THERMAL_EXPOSURE,502976,20260630,2,0.119,
DIAG-20260630-TST-U02976,SEVERE_PHYSICAL_DEFECT,502976,20260630,3,0.115,
DIAG-20260630-TST-U02978,LEGAL_PERMIT_BARRIER,502978,20260630,1,0.751,
DIAG-20260630-TST-U02978,EXTREME_THERMAL_EXPOSURE,502978,20260630,2,0.128,
DIAG-20260630-TST-U02978,SECONDARY_ARBITRAGE,502978,20260630,3,0.121,
DIAG-20260630-TST-U02979,LEGAL_PERMIT_BARRIER,502979,20260630,1,0.773,
DIAG-20260630-TST-U02979,EXTREME_THERMAL_EXPOSURE,502979,20260630,2,0.127,
DIAG-20260630-TST-U02979,SEVERE_PHYSICAL_DEFECT,502979,20260630,3,0.1,
DIAG-20260630-TST-U02980,LEGAL_PERMIT_BARRIER,502980,20260630,1,0.796,
DIAG-20260630-TST-U02980,SEVERE_PHYSICAL_DEFECT,502980,20260630,2,0.116,
DIAG-20260630-TST-U02980,LOW_SALES_INCENTIVE,502980,20260630,3,0.088,
DIAG-20260630-TST-U02981,LEGAL_PERMIT_BARRIER,502981,20260630,1,0.763,
DIAG-20260630-TST-U02981,EXTREME_THERMAL_EXPOSURE,502981,20260630,2,0.126,
DIAG-20260630-TST-U02981,SEVERE_PHYSICAL_DEFECT,502981,20260630,3,0.111,
DIAG-20260630-TST-U02982,LEGAL_PERMIT_BARRIER,502982,20260630,1,0.737,
DIAG-20260630-TST-U02982,SECONDARY_ARBITRAGE,502982,20260630,2,0.141,
DIAG-20260630-TST-U02982,EXTREME_THERMAL_EXPOSURE,502982,20260630,3,0.122,
DIAG-20260630-TST-U02984,LEGAL_PERMIT_BARRIER,502984,20260630,1,0.794,
DIAG-20260630-TST-U02984,SEVERE_PHYSICAL_DEFECT,502984,20260630,2,0.119,
DIAG-20260630-TST-U02984,LOW_SALES_INCENTIVE,502984,20260630,3,0.087,
DIAG-20260630-TST-U02985,LEGAL_PERMIT_BARRIER,502985,20260630,1,0.877,
DIAG-20260630-TST-U02985,EXTREME_THERMAL_EXPOSURE,502985,20260630,2,0.123,
DIAG-20260630-TST-U02986,LEGAL_PERMIT_BARRIER,502986,20260630,1,0.892,
DIAG-20260630-TST-U02986,SECONDARY_ARBITRAGE,502986,20260630,2,0.108,
DIAG-20260630-TST-U02987,LEGAL_PERMIT_BARRIER,502987,20260630,1,0.748,
DIAG-20260630-TST-U02987,SECONDARY_ARBITRAGE,502987,20260630,2,0.128,
DIAG-20260630-TST-U02987,EXTREME_THERMAL_EXPOSURE,502987,20260630,3,0.124,
DIAG-20260630-TST-U02989,LEGAL_PERMIT_BARRIER,502989,20260630,1,0.766,
DIAG-20260630-TST-U02989,EXTREME_THERMAL_EXPOSURE,502989,20260630,2,0.126,
DIAG-20260630-TST-U02989,SECONDARY_ARBITRAGE,502989,20260630,3,0.108,
DIAG-20260630-TST-U02990,LEGAL_PERMIT_BARRIER,502990,20260630,1,0.88,
DIAG-20260630-TST-U02990,SECONDARY_ARBITRAGE,502990,20260630,2,0.12,
DIAG-20260630-TST-U02991,LEGAL_PERMIT_BARRIER,502991,20260630,1,0.789,
DIAG-20260630-TST-U02991,EXTREME_THERMAL_EXPOSURE,502991,20260630,2,0.11,
DIAG-20260630-TST-U02991,SECONDARY_ARBITRAGE,502991,20260630,3,0.101,
DIAG-20260630-TST-U02992,LEGAL_PERMIT_BARRIER,502992,20260630,1,0.765,
DIAG-20260630-TST-U02992,SECONDARY_ARBITRAGE,502992,20260630,2,0.123,
DIAG-20260630-TST-U02992,LUMP_SUM_TICKET_BARRIER,502992,20260630,3,0.112,
DIAG-20260630-TST-U02993,LEGAL_PERMIT_BARRIER,502993,20260630,1,1.0,
DIAG-20260630-TST-U02994,LEGAL_PERMIT_BARRIER,502994,20260630,1,0.78,
DIAG-20260630-TST-U02994,SEVERE_PHYSICAL_DEFECT,502994,20260630,2,0.125,
DIAG-20260630-TST-U02994,SECONDARY_ARBITRAGE,502994,20260630,3,0.095,
DIAG-20260630-TST-U02995,LEGAL_PERMIT_BARRIER,502995,20260630,1,0.901,
DIAG-20260630-TST-U02995,LOW_SALES_INCENTIVE,502995,20260630,2,0.099,
DIAG-20260630-TST-U02996,LEGAL_PERMIT_BARRIER,502996,20260630,1,0.778,
DIAG-20260630-TST-U02996,EXTREME_THERMAL_EXPOSURE,502996,20260630,2,0.121,
DIAG-20260630-TST-U02996,SEVERE_PHYSICAL_DEFECT,502996,20260630,3,0.101,
DIAG-20260630-TST-U02997,LEGAL_PERMIT_BARRIER,502997,20260630,1,0.858,
DIAG-20260630-TST-U02997,EXTREME_THERMAL_EXPOSURE,502997,20260630,2,0.142,
DIAG-20260630-TST-U02999,LEGAL_PERMIT_BARRIER,502999,20260630,1,0.758,
DIAG-20260630-TST-U02999,SEVERE_PHYSICAL_DEFECT,502999,20260630,2,0.14,
DIAG-20260630-TST-U02999,SECONDARY_ARBITRAGE,502999,20260630,3,0.102,
DIAG-20260630-TST-U03000,LEGAL_PERMIT_BARRIER,503000,20260630,1,0.78,
DIAG-20260630-TST-U03000,SECONDARY_ARBITRAGE,503000,20260630,2,0.122,
DIAG-20260630-TST-U03000,OVERPRICED_VS_PEER,503000,20260630,3,0.098,
