unit_key,unit_id,unit_code,project_key,zone_key,unit_type,bedroom_count,bathroom_count,net_area_m2,gross_area_m2,floor_number,floor_band,balcony_orientation,door_orientation,view_primary_type,is_corner_unit,efficiency_ratio,distance_to_trash_room_m,is_adjacent_elevator,dark_bedroom_count,west_facing_exposure_pct,view_obstruction_distance_m,taboo_view_type,is_taboo_floor,ext_attributes.data_label,ext_attributes.dataset_role,ext_attributes.official_reference_project,ext_attributes.official_eligible_units,ext_attributes.sample_unit_count,ext_attributes.generated_with_seed,ext_attributes.phase_code,ext_attributes.phase_permit_status,ext_attributes.phase_permit_status_as_of,ext_attributes.phase_permit_suspended_from,ext_attributes.phase_status_data_label
500001,TST-U00001,TST-U00001,500,501,2PN,2,2,83.47,99.84,3,LOW,S,SE,CITY_OPEN,False,0.836,12.3,False,0,0.29,57.0,NONE,False,SYNTHETIC,RISK_PROJECT_BASELINE,Tổ hợp thương mại căn hộ Phú Mỹ,1248,3000,20260630,TC-01,SUSPENDED_PENDING_REVIEW,2026-06-30,2026-05-15,SYNTHETIC_RISK_SCENARIO
500002,TST-U00002,TST-U00002,500,501,2PN,2,2,77.09,89.74,3,LOW,E,NW,OBSTRUCTED,False,0.859,14.1,False,0,0.2,7.8,NONE,False,SYNTHETIC,RISK_PROJECT_BASELINE,Tổ hợp thương mại căn hộ Phú Mỹ,1248,3000,20260630,TC-01,SUSPENDED_PENDING_REVIEW,2026-06-30,2026-05-15,SYNTHETIC_RISK_SCENARIO
500003,TST-U00003,TST-U00003,500,501,2PN,2,2,77.3,94.38,3,LOW,E,E,CITY_OPEN,False,0.819,13.1,False,0,0.1,47.6,NONE,False,SYNTHETIC,RISK_PROJECT_BASELINE,Tổ hợp thương mại căn hộ Phú Mỹ,1248,3000,20260630,TC-01,SUSPENDED_PENDING_REVIEW,2026-06-30,2026-05-15,SYNTHETIC_RISK_SCENARIO
500004,TST-U00004,TST-U00004,500,501,3PN,3,2,113.88,133.19,3,LOW,E,NE,POOL,False,0.855,15.3,False,1,0.31,35.0,NONE,False,SYNTHETIC,RISK_PROJECT_BASELINE,Tổ hợp thương mại căn hộ Phú Mỹ,1248,3000,20260630,TC-01,SUSPENDED_PENDING_REVIEW,2026-06-30,2026-05-15,SYNTHETIC_RISK_SCENARIO
500005,TST-U00005,TST-U00005,500,501,1PN,1,1,51.5,58.26,3,LOW,W,NW,CITY_OPEN,False,0.884,12.6,False,1,0.78,41.2,NONE,False,SYNTHETIC,RISK_PROJECT_BASELINE,Tổ hợp thương mại căn hộ Phú Mỹ,1248,3000,20260630,TC-01,SUSPENDED_PENDING_REVIEW,2026-06-30,2026-05-15,SYNTHETIC_RISK_SCENARIO
500006,TST-U00006,TST-U00006,500,501,2PN,2,2,76.23,88.23,3,LOW,SW,W,PARK,True,0.864,8.2,True,1,0.56,110.0,NONE,False,SYNTHETIC,RISK_PROJECT_BASELINE,Tổ hợp thương mại căn hộ Phú Mỹ,1248,3000,20260630,TC-01,SUSPENDED_PENDING_REVIEW,2026-06-30,2026-05-15,SYNTHETIC_RISK_SCENARIO
500007,TST-U00007,TST-U00007,500,501,1PN,1,1,54.33,62.74,3,LOW,E,N,PARK,True,0.866,14.6,True,1,0.05,83.8,NONE,False,SYNTHETIC,RISK_PROJECT_BASELINE,Tổ hợp thương mại căn hộ Phú Mỹ,1248,3000,20260630,TC-01,SUSPENDED_PENDING_REVIEW,2026-06-30,2026-05-15,SYNTHETIC_RISK_SCENARIO
500008,TST-U00008,TST-U00008,500,501,2PN,2,2,71.66,88.91,3,LOW,NW,N,CITY_OPEN,False,0.806,5.2,True,0,0.59,46.7,NONE,False,SYNTHETIC,RISK_PROJECT_BASELINE,Tổ hợp thương mại căn hộ Phú Mỹ,1248,3000,20260630,TC-01,SUSPENDED_PENDING_REVIEW,2026-06-30,2026-05-15,SYNTHETIC_RISK_SCENARIO
500009,TST-U00009,TST-U00009,500,501,1PN,1,1,51.98,61.95,3,LOW,E,NW,CITY_OPEN,True,0.839,13.1,False,0,0.05,36.1,NONE,False,SYNTHETIC,RISK_PROJECT_BASELINE,Tổ hợp thương mại căn hộ Phú Mỹ,1248,3000,20260630,TC-01,SUSPENDED_PENDING_REVIEW,2026-06-30,2026-05-15,SYNTHETIC_RISK_SCENARIO
500010,TST-U00010,TST-U00010,500,501,2PN,2,2,78.47,97.84,3,LOW,SE,S,OBSTRUCTED,False,0.802,2.3,False,0,0.3,5.9,NONE,False,SYNTHETIC,RISK_PROJECT_BASELINE,Tổ hợp thương mại căn hộ Phú Mỹ,1248,3000,20260630,TC-01,SUSPENDED_PENDING_REVIEW,2026-06-30,2026-05-15,SYNTHETIC_RISK_SCENARIO
500011,TST-U00011,TST-U00011,500,501,2PN,2,2,85.39,103.25,3,LOW,W,NE,CITY_OPEN,True,0.827,5.5,False,0,0.88,46.6,NONE,False,SYNTHETIC,RISK_PROJECT_BASELINE,Tổ hợp thương mại căn hộ Phú Mỹ,1248,3000,20260630,TC-01,SUSPENDED_PENDING_REVIEW,2026-06-30,2026-05-15,SYNTHETIC_RISK_SCENARIO
500012,TST-U00012,TST-U00012,500,501,STUDIO,1,1,43.52,49.12,3,LOW,NW,SW,OBSTRUCTED,False,0.886,12.2,False,0,0.8,16.5,NONE,False,SYNTHETIC,RISK_PROJECT_BASELINE,Tổ hợp thương mại căn hộ Phú Mỹ,1248,3000,20260630,TC-01,SUSPENDED_PENDING_REVIEW,2026-06-30,2026-05-15,SYNTHETIC_RISK_SCENARIO
500013,TST-U00013,TST-U00013,500,501,3PN,3,2,96.33,115.23,3,LOW,E,W,OBSTRUCTED,False,0.836,2.7,False,0,0.24,16.3,NONE,False,SYNTHETIC,RISK_PROJECT_BASELINE,Tổ hợp thương mại căn hộ Phú Mỹ,1248,3000,20260630,TC-01,SUSPENDED_PENDING_REVIEW,2026-06-30,2026-05-15,SYNTHETIC_RISK_SCENARIO
500014,TST-U00014,TST-U00014,500,501,2PN,2,2,73.0,84.79,3,LOW,NE,W,PARK,False,0.861,12.5,False,0,0.04,41.3,NONE,False,SYNTHETIC,RISK_PROJECT_BASELINE,Tổ hợp thương mại căn hộ Phú Mỹ,1248,3000,20260630,TC-01,SUSPENDED_PENDING_REVIEW,2026-06-30,2026-05-15,SYNTHETIC_RISK_SCENARIO
500015,TST-U00015,TST-U00015,500,501,STUDIO,1,1,45.16,52.03,3,LOW,SE,E,OBSTRUCTED,False,0.868,14.2,True,0,0.04,5.8,NONE,False,SYNTHETIC,RISK_PROJECT_BASELINE,Tổ hợp thương mại căn hộ Phú Mỹ,1248,3000,20260630,TC-01,SUSPENDED_PENDING_REVIEW,2026-06-30,2026-05-15,SYNTHETIC_RISK_SCENARIO
500016,TST-U00016,TST-U00016,500,501,1PN,1,1,56.11,63.4,3,LOW,SE,N,OBSTRUCTED,False,0.885,11.9,False,0,0.08,9.4,NONE,False,SYNTHETIC,RISK_PROJECT_BASELINE,Tổ hợp thương mại căn hộ Phú Mỹ,1248,3000,20260630,TC-01,SUSPENDED_PENDING_REVIEW,2026-06-30,2026-05-15,SYNTHETIC_RISK_SCENARIO
500017,TST-U00017,TST-U00017,500,501,STUDIO,1,1,44.13,52.47,3,LOW,W,E,OBSTRUCTED,False,0.841,10.0,False,0,0.76,12.0,NONE,False,SYNTHETIC,RISK_PROJECT_BASELINE,Tổ hợp thương mại căn hộ Phú Mỹ,1248,3000,20260630,TC-01,SUSPENDED_PENDING_REVIEW,2026-06-30,2026-05-15,SYNTHETIC_RISK_SCENARIO
500018,TST-U00018,TST-U00018,500,501,2PN,2,2,70.9,83.02,3,LOW,W,NE,POOL,False,0.854,15.9,False,2,0.69,92.7,NONE,False,SYNTHETIC,RISK_PROJECT_BASELINE,Tổ hợp thương mại căn hộ Phú Mỹ,1248,3000,20260630,TC-01,SUSPENDED_PENDING_REVIEW,2026-06-30,2026-05-15,SYNTHETIC_RISK_SCENARIO
500019,TST-U00019,TST-U00019,500,501,3PN,3,2,93.25,110.49,3,LOW,NW,NE,OBSTRUCTED,False,0.844,12.9,True,0,0.86,5.7,NONE,False,SYNTHETIC,RISK_PROJECT_BASELINE,Tổ hợp thương mại căn hộ Phú Mỹ,1248,3000,20260630,TC-01,SUSPENDED_PENDING_REVIEW,2026-06-30,2026-05-15,SYNTHETIC_RISK_SCENARIO
500020,TST-U00020,TST-U00020,500,501,1PN,1,1,59.8,74.66,3,LOW,N,NE,OBSTRUCTED,True,0.801,3.8,False,0,0.29,14.0,NONE,False,SYNTHETIC,RISK_PROJECT_BASELINE,Tổ hợp thương mại căn hộ Phú Mỹ,1248,3000,20260630,TC-01,SUSPENDED_PENDING_REVIEW,2026-06-30,2026-05-15,SYNTHETIC_RISK_SCENARIO
500021,TST-U00021,TST-U00021,500,501,3PN,3,2,105.05,118.7,3,LOW,E,NW,POOL,False,0.885,4.5,False,1,0.15,59.3,NONE,False,SYNTHETIC,RISK_PROJECT_BASELINE,Tổ hợp thương mại căn hộ Phú Mỹ,1248,3000,20260630,TC-01,SUSPENDED_PENDING_REVIEW,2026-06-30,2026-05-15,SYNTHETIC_RISK_SCENARIO
500022,TST-U00022,TST-U00022,500,501,2PN,2,2,69.31,77.96,3,LOW,W,E,POOL,False,0.889,6.8,False,0,0.73,28.1,NONE,False,SYNTHETIC,RISK_PROJECT_BASELINE,Tổ hợp thương mại căn hộ Phú Mỹ,1248,3000,20260630,TC-01,SUSPENDED_PENDING_REVIEW,2026-06-30,2026-05-15,SYNTHETIC_RISK_SCENARIO
500023,TST-U00023,TST-U00023,500,501,2PN,2,2,81.66,96.07,3,LOW,NW,SW,POOL,False,0.85,5.4,True,0,0.68,102.6,NONE,False,SYNTHETIC,RISK_PROJECT_BASELINE,Tổ hợp thương mại căn hộ Phú Mỹ,1248,3000,20260630,TC-01,SUSPENDED_PENDING_REVIEW,2026-06-30,2026-05-15,SYNTHETIC_RISK_SCENARIO
500024,TST-U00024,TST-U00024,500,501,1PN,1,1,52.99,62.12,3,LOW,SW,NW,CITY_OPEN,False,0.853,14.3,False,1,0.94,108.8,NONE,False,SYNTHETIC,RISK_PROJECT_BASELINE,Tổ hợp thương mại căn hộ Phú Mỹ,1248,3000,20260630,TC-01,SUSPENDED_PENDING_REVIEW,2026-06-30,2026-05-15,SYNTHETIC_RISK_SCENARIO
500025,TST-U00025,TST-U00025,500,501,STUDIO,1,1,41.25,50.43,3,LOW,E,SE,OBSTRUCTED,False,0.818,15.1,False,0,0.2,13.3,NONE,False,SYNTHETIC,RISK_PROJECT_BASELINE,Tổ hợp thương mại căn hộ Phú Mỹ,1248,3000,20260630,TC-01,SUSPENDED_PENDING_REVIEW,2026-06-30,2026-05-15,SYNTHETIC_RISK_SCENARIO
500026,TST-U00026,TST-U00026,500,501,STUDIO,1,1,44.79,55.71,3,LOW,SE,SW,POOL,False,0.804,12.5,False,0,0.05,85.0,NONE,False,SYNTHETIC,RISK_PROJECT_BASELINE,Tổ hợp thương mại căn hộ Phú Mỹ,1248,3000,20260630,TC-01,SUSPENDED_PENDING_REVIEW,2026-06-30,2026-05-15,SYNTHETIC_RISK_SCENARIO
500027,TST-U00027,TST-U00027,500,501,3PN,3,2,109.63,124.58,3,LOW,NE,S,OBSTRUCTED,False,0.88,4.7,False,1,0.08,10.4,WASTE_STATION,False,SYNTHETIC,RISK_PROJECT_BASELINE,Tổ hợp thương mại căn hộ Phú Mỹ,1248,3000,20260630,TC-01,SUSPENDED_PENDING_REVIEW,2026-06-30,2026-05-15,SYNTHETIC_RISK_SCENARIO
500028,TST-U00028,TST-U00028,500,501,3PN,3,2,104.39,126.38,3,LOW,NE,SW,OBSTRUCTED,False,0.826,10.7,False,1,0.05,7.4,NONE,False,SYNTHETIC,RISK_PROJECT_BASELINE,Tổ hợp thương mại căn hộ Phú Mỹ,1248,3000,20260630,TC-01,SUSPENDED_PENDING_REVIEW,2026-06-30,2026-05-15,SYNTHETIC_RISK_SCENARIO
500029,TST-U00029,TST-U00029,500,501,2PN,2,2,80.85,94.89,3,LOW,NE,W,CITY_OPEN,False,0.852,9.5,False,1,0.04,73.3,NONE,False,SYNTHETIC,RISK_PROJECT_BASELINE,Tổ hợp thương mại căn hộ Phú Mỹ,1248,3000,20260630,TC-01,SUSPENDED_PENDING_REVIEW,2026-06-30,2026-05-15,SYNTHETIC_RISK_SCENARIO
500030,TST-U00030,TST-U00030,500,501,3PN,3,2,102.19,117.06,3,LOW,S,W,OBSTRUCTED,False,0.873,15.6,False,1,0.07,6.5,NONE,False,SYNTHETIC,RISK_PROJECT_BASELINE,Tổ hợp thương mại căn hộ Phú Mỹ,1248,3000,20260630,TC-01,SUSPENDED_PENDING_REVIEW,2026-06-30,2026-05-15,SYNTHETIC_RISK_SCENARIO
500031,TST-U00031,TST-U00031,500,501,3PN,3,2,101.49,121.84,3,LOW,W,NW,CITY_OPEN,False,0.833,14.9,False,1,0.77,57.5,NONE,False,SYNTHETIC,RISK_PROJECT_BASELINE,Tổ hợp thương mại căn hộ Phú Mỹ,1248,3000,20260630,TC-01,SUSPENDED_PENDING_REVIEW,2026-06-30,2026-05-15,SYNTHETIC_RISK_SCENARIO
500032,TST-U00032,TST-U00032,500,501,2PN,2,2,75.82,86.75,3,LOW,NW,NE,OBSTRUCTED,False,0.874,15.4,False,0,0.89,17.3,NONE,False,SYNTHETIC,RISK_PROJECT_BASELINE,Tổ hợp thương mại căn hộ Phú Mỹ,1248,3000,20260630,TC-01,SUSPENDED_PENDING_REVIEW,2026-06-30,2026-05-15,SYNTHETIC_RISK_SCENARIO
500033,TST-U00033,TST-U00033,500,501,2PN,2,2,80.52,90.88,3,LOW,W,NE,OBSTRUCTED,False,0.886,2.7,False,0,0.8,14.8,NONE,False,SYNTHETIC,RISK_PROJECT_BASELINE,Tổ hợp thương mại căn hộ Phú Mỹ,1248,3000,20260630,TC-01,SUSPENDED_PENDING_REVIEW,2026-06-30,2026-05-15,SYNTHETIC_RISK_SCENARIO
500034,TST-U00034,TST-U00034,500,501,2PN,2,2,68.69,80.25,3,LOW,NE,NE,CITY_OPEN,True,0.856,8.4,False,0,0.22,94.5,NONE,False,SYNTHETIC,RISK_PROJECT_BASELINE,Tổ hợp thương mại căn hộ Phú Mỹ,1248,3000,20260630,TC-01,SUSPENDED_PENDING_REVIEW,2026-06-30,2026-05-15,SYNTHETIC_RISK_SCENARIO
500035,TST-U00035,TST-U00035,500,501,1PN,1,1,55.72,68.54,3,LOW,SW,SW,CITY_OPEN,False,0.813,15.2,False,0,0.75,78.3,NONE,False,SYNTHETIC,RISK_PROJECT_BASELINE,Tổ hợp thương mại căn hộ Phú Mỹ,1248,3000,20260630,TC-01,SUSPENDED_PENDING_REVIEW,2026-06-30,2026-05-15,SYNTHETIC_RISK_SCENARIO
500036,TST-U00036,TST-U00036,500,501,2PN,2,2,80.8,95.96,3,LOW,E,NE,CITY_OPEN,True,0.842,14.6,False,1,0.09,57.5,NONE,False,SYNTHETIC,RISK_PROJECT_BASELINE,Tổ hợp thương mại căn hộ Phú Mỹ,1248,3000,20260630,TC-01,SUSPENDED_PENDING_REVIEW,2026-06-30,2026-05-15,SYNTHETIC_RISK_SCENARIO
500037,TST-U00037,TST-U00037,500,501,2PN,2,2,80.62,91.82,3,LOW,N,W,OBSTRUCTED,False,0.878,7.9,True,0,0.16,17.8,NONE,False,SYNTHETIC,RISK_PROJECT_BASELINE,Tổ hợp thương mại căn hộ Phú Mỹ,1248,3000,20260630,TC-01,SUSPENDED_PENDING_REVIEW,2026-06-30,2026-05-15,SYNTHETIC_RISK_SCENARIO
500038,TST-U00038,TST-U00038,500,501,2PN,2,2,78.58,94.67,3,LOW,E,S,PARK,True,0.83,13.3,True,2,0.26,79.0,NONE,False,SYNTHETIC,RISK_PROJECT_BASELINE,Tổ hợp thương mại căn hộ Phú Mỹ,1248,3000,20260630,TC-01,SUSPENDED_PENDING_REVIEW,2026-06-30,2026-05-15,SYNTHETIC_RISK_SCENARIO
500039,TST-U00039,TST-U00039,500,501,STUDIO,1,1,44.23,51.43,3,LOW,SE,S,POOL,False,0.86,11.9,False,2,0.16,38.4,NONE,False,SYNTHETIC,RISK_PROJECT_BASELINE,Tổ hợp thương mại căn hộ Phú Mỹ,1248,3000,20260630,TC-01,SUSPENDED_PENDING_REVIEW,2026-06-30,2026-05-15,SYNTHETIC_RISK_SCENARIO
500040,TST-U00040,TST-U00040,500,501,1PN,1,1,53.58,62.09,3,LOW,E,NW,CITY_OPEN,False,0.863,11.3,False,0,0.08,71.9,NONE,False,SYNTHETIC,RISK_PROJECT_BASELINE,Tổ hợp thương mại căn hộ Phú Mỹ,1248,3000,20260630,TC-01,SUSPENDED_PENDING_REVIEW,2026-06-30,2026-05-15,SYNTHETIC_RISK_SCENARIO
500041,TST-U00041,TST-U00041,500,501,STUDIO,1,1,43.46,52.81,3,LOW,W,NE,OBSTRUCTED,False,0.823,14.0,False,0,0.59,5.0,NONE,False,SYNTHETIC,RISK_PROJECT_BASELINE,Tổ hợp thương mại căn hộ Phú Mỹ,1248,3000,20260630,TC-01,SUSPENDED_PENDING_REVIEW,2026-06-30,2026-05-15,SYNTHETIC_RISK_SCENARIO
500042,TST-U00042,TST-U00042,500,501,3PN,3,2,103.38,120.35,3,LOW,W,S,PARK,False,0.859,13.5,False,0,0.83,97.6,WASTE_STATION,False,SYNTHETIC,RISK_PROJECT_BASELINE,Tổ hợp thương mại căn hộ Phú Mỹ,1248,3000,20260630,TC-01,SUSPENDED_PENDING_REVIEW,2026-06-30,2026-05-15,SYNTHETIC_RISK_SCENARIO
500043,TST-U00043,TST-U00043,500,501,3PN,3,2,101.75,126.08,3,LOW,E,NW,OBSTRUCTED,False,0.807,1.8,False,0,0.12,14.6,NONE,False,SYNTHETIC,RISK_PROJECT_BASELINE,Tổ hợp thương mại căn hộ Phú Mỹ,1248,3000,20260630,TC-01,SUSPENDED_PENDING_REVIEW,2026-06-30,2026-05-15,SYNTHETIC_RISK_SCENARIO
500044,TST-U00044,TST-U00044,500,501,STUDIO,1,1,43.82,49.91,3,LOW,SE,N,PARK,False,0.878,14.2,False,0,0.08,65.9,NONE,False,SYNTHETIC,RISK_PROJECT_BASELINE,Tổ hợp thương mại căn hộ Phú Mỹ,1248,3000,20260630,TC-01,SUSPENDED_PENDING_REVIEW,2026-06-30,2026-05-15,SYNTHETIC_RISK_SCENARIO
500045,TST-U00045,TST-U00045,500,501,3PN,3,2,107.18,127.75,3,LOW,NW,S,OBSTRUCTED,False,0.839,1.8,False,0,0.67,4.7,NONE,False,SYNTHETIC,RISK_PROJECT_BASELINE,Tổ hợp thương mại căn hộ Phú Mỹ,1248,3000,20260630,TC-01,SUSPENDED_PENDING_REVIEW,2026-06-30,2026-05-15,SYNTHETIC_RISK_SCENARIO
500046,TST-U00046,TST-U00046,500,501,2PN,2,2,76.4,88.63,3,LOW,SE,N,OBSTRUCTED,False,0.862,13.9,False,2,0.03,14.5,WASTE_STATION,False,SYNTHETIC,RISK_PROJECT_BASELINE,Tổ hợp thương mại căn hộ Phú Mỹ,1248,3000,20260630,TC-01,SUSPENDED_PENDING_REVIEW,2026-06-30,2026-05-15,SYNTHETIC_RISK_SCENARIO
500047,TST-U00047,TST-U00047,500,501,2PN,2,2,77.43,93.85,3,LOW,E,W,POOL,False,0.825,12.9,True,0,0.19,73.3,NONE,False,SYNTHETIC,RISK_PROJECT_BASELINE,Tổ hợp thương mại căn hộ Phú Mỹ,1248,3000,20260630,TC-01,SUSPENDED_PENDING_REVIEW,2026-06-30,2026-05-15,SYNTHETIC_RISK_SCENARIO
500048,TST-U00048,TST-U00048,500,501,3PN,3,2,107.01,131.95,3,LOW,N,N,CITY_OPEN,False,0.811,4.7,True,0,0.14,47.8,NONE,False,SYNTHETIC,RISK_PROJECT_BASELINE,Tổ hợp thương mại căn hộ Phú Mỹ,1248,3000,20260630,TC-01,SUSPENDED_PENDING_REVIEW,2026-06-30,2026-05-15,SYNTHETIC_RISK_SCENARIO
500049,TST-U00049,TST-U00049,500,501,1PN,1,1,55.03,63.47,3,LOW,NE,SW,PARK,False,0.867,5.7,True,1,0.21,51.8,NONE,False,SYNTHETIC,RISK_PROJECT_BASELINE,Tổ hợp thương mại căn hộ Phú Mỹ,1248,3000,20260630,TC-01,SUSPENDED_PENDING_REVIEW,2026-06-30,2026-05-15,SYNTHETIC_RISK_SCENARIO
500050,TST-U00050,TST-U00050,500,501,2PN,2,2,71.86,80.92,3,LOW,NE,N,POOL,False,0.888,12.1,False,0,0.22,72.8,NONE,False,SYNTHETIC,RISK_PROJECT_BASELINE,Tổ hợp thương mại căn hộ Phú Mỹ,1248,3000,20260630,TC-01,SUSPENDED_PENDING_REVIEW,2026-06-30,2026-05-15,SYNTHETIC_RISK_SCENARIO
500051,TST-U00051,TST-U00051,500,501,2PN,2,2,80.6,100.37,3,LOW,W,NE,PARK,False,0.803,5.1,False,0,0.62,63.1,NONE,False,SYNTHETIC,RISK_PROJECT_BASELINE,Tổ hợp thương mại căn hộ Phú Mỹ,1248,3000,20260630,TC-01,SUSPENDED_PENDING_REVIEW,2026-06-30,2026-05-15,SYNTHETIC_RISK_SCENARIO
500052,TST-U00052,TST-U00052,500,501,2PN,2,2,77.54,93.53,3,LOW,N,E,CITY_OPEN,False,0.829,1.6,False,0,0.22,29.7,NONE,False,SYNTHETIC,RISK_PROJECT_BASELINE,Tổ hợp thương mại căn hộ Phú Mỹ,1248,3000,20260630,TC-01,SUSPENDED_PENDING_REVIEW,2026-06-30,2026-05-15,SYNTHETIC_RISK_SCENARIO
500053,TST-U00053,TST-U00053,500,501,2PN,2,2,72.39,89.04,3,LOW,W,W,CITY_OPEN,False,0.813,8.8,False,0,0.59,65.1,NONE,False,SYNTHETIC,RISK_PROJECT_BASELINE,Tổ hợp thương mại căn hộ Phú Mỹ,1248,3000,20260630,TC-01,SUSPENDED_PENDING_REVIEW,2026-06-30,2026-05-15,SYNTHETIC_RISK_SCENARIO
500054,TST-U00054,TST-U00054,500,501,2PN,2,2,73.53,83.18,3,LOW,W,N,CITY_OPEN,False,0.884,14.5,False,0,0.63,59.5,NONE,False,SYNTHETIC,RISK_PROJECT_BASELINE,Tổ hợp thương mại căn hộ Phú Mỹ,1248,3000,20260630,TC-01,SUSPENDED_PENDING_REVIEW,2026-06-30,2026-05-15,SYNTHETIC_RISK_SCENARIO
500055,TST-U00055,TST-U00055,500,501,2PN,2,2,82.25,100.67,3,LOW,W,S,CITY_OPEN,False,0.817,4.8,False,0,0.64,46.7,NONE,False,SYNTHETIC,RISK_PROJECT_BASELINE,Tổ hợp thương mại căn hộ Phú Mỹ,1248,3000,20260630,TC-01,SUSPENDED_PENDING_REVIEW,2026-06-30,2026-05-15,SYNTHETIC_RISK_SCENARIO
500056,TST-U00056,TST-U00056,500,501,3PN,3,2,101.88,126.25,3,LOW,N,E,POOL,True,0.807,11.6,False,0,0.09,41.6,NONE,False,SYNTHETIC,RISK_PROJECT_BASELINE,Tổ hợp thương mại căn hộ Phú Mỹ,1248,3000,20260630,TC-01,SUSPENDED_PENDING_REVIEW,2026-06-30,2026-05-15,SYNTHETIC_RISK_SCENARIO
500057,TST-U00057,TST-U00057,500,501,3PN,3,2,112.27,132.39,3,LOW,E,NE,OBSTRUCTED,False,0.848,3.5,False,1,0.27,13.7,NONE,False,SYNTHETIC,RISK_PROJECT_BASELINE,Tổ hợp thương mại căn hộ Phú Mỹ,1248,3000,20260630,TC-01,SUSPENDED_PENDING_REVIEW,2026-06-30,2026-05-15,SYNTHETIC_RISK_SCENARIO
500058,TST-U00058,TST-U00058,500,501,2PN,2,2,80.29,98.88,3,LOW,E,E,OBSTRUCTED,False,0.812,4.7,False,0,0.04,5.1,NONE,False,SYNTHETIC,RISK_PROJECT_BASELINE,Tổ hợp thương mại căn hộ Phú Mỹ,1248,3000,20260630,TC-01,SUSPENDED_PENDING_REVIEW,2026-06-30,2026-05-15,SYNTHETIC_RISK_SCENARIO
500059,TST-U00059,TST-U00059,500,501,2PN,2,2,81.46,97.21,3,LOW,NW,NW,OBSTRUCTED,True,0.838,13.4,False,0,0.74,13.7,NONE,False,SYNTHETIC,RISK_PROJECT_BASELINE,Tổ hợp thương mại căn hộ Phú Mỹ,1248,3000,20260630,TC-01,SUSPENDED_PENDING_REVIEW,2026-06-30,2026-05-15,SYNTHETIC_RISK_SCENARIO
500060,TST-U00060,TST-U00060,500,501,1PN,1,1,54.11,67.05,3,LOW,SE,NE,PARK,False,0.807,13.0,False,1,0.12,109.1,NONE,False,SYNTHETIC,RISK_PROJECT_BASELINE,Tổ hợp thương mại căn hộ Phú Mỹ,1248,3000,20260630,TC-01,SUSPENDED_PENDING_REVIEW,2026-06-30,2026-05-15,SYNTHETIC_RISK_SCENARIO
500061,TST-U00061,TST-U00061,500,501,1PN,1,1,52.92,63.99,3,LOW,SE,SE,POOL,False,0.827,13.6,False,2,0.28,49.9,NONE,False,SYNTHETIC,RISK_PROJECT_BASELINE,Tổ hợp thương mại căn hộ Phú Mỹ,1248,3000,20260630,TC-01,SUSPENDED_PENDING_REVIEW,2026-06-30,2026-05-15,SYNTHETIC_RISK_SCENARIO
500062,TST-U00062,TST-U00062,500,501,2PN,2,2,67.93,80.01,3,LOW,S,W,CITY_OPEN,False,0.849,8.6,False,0,0.28,69.4,NONE,False,SYNTHETIC,RISK_PROJECT_BASELINE,Tổ hợp thương mại căn hộ Phú Mỹ,1248,3000,20260630,TC-01,SUSPENDED_PENDING_REVIEW,2026-06-30,2026-05-15,SYNTHETIC_RISK_SCENARIO
500063,TST-U00063,TST-U00063,500,501,1PN,1,1,55.07,65.17,3,LOW,NW,NW,POOL,True,0.845,2.1,False,1,0.59,100.1,NONE,False,SYNTHETIC,RISK_PROJECT_BASELINE,Tổ hợp thương mại căn hộ Phú Mỹ,1248,3000,20260630,TC-01,SUSPENDED_PENDING_REVIEW,2026-06-30,2026-05-15,SYNTHETIC_RISK_SCENARIO
500064,TST-U00064,TST-U00064,500,501,1PN,1,1,58.57,66.48,3,LOW,SE,W,OBSTRUCTED,True,0.881,13.9,False,0,0.09,17.7,NONE,False,SYNTHETIC,RISK_PROJECT_BASELINE,Tổ hợp thương mại căn hộ Phú Mỹ,1248,3000,20260630,TC-01,SUSPENDED_PENDING_REVIEW,2026-06-30,2026-05-15,SYNTHETIC_RISK_SCENARIO
500065,TST-U00065,TST-U00065,500,501,3PN,3,2,103.11,119.2,3,LOW,NE,NW,OBSTRUCTED,False,0.865,4.0,False,0,0.19,15.3,NONE,False,SYNTHETIC,RISK_PROJECT_BASELINE,Tổ hợp thương mại căn hộ Phú Mỹ,1248,3000,20260630,TC-01,SUSPENDED_PENDING_REVIEW,2026-06-30,2026-05-15,SYNTHETIC_RISK_SCENARIO
500066,TST-U00066,TST-U00066,500,501,3PN,3,2,101.12,116.63,3,LOW,E,S,CITY_OPEN,False,0.867,14.6,False,0,0.26,61.3,NONE,False,SYNTHETIC,RISK_PROJECT_BASELINE,Tổ hợp thương mại căn hộ Phú Mỹ,1248,3000,20260630,TC-01,SUSPENDED_PENDING_REVIEW,2026-06-30,2026-05-15,SYNTHETIC_RISK_SCENARIO
500067,TST-U00067,TST-U00067,500,501,2PN,2,2,77.84,87.46,4,LOW,SW,SE,CITY_OPEN,False,0.89,12.7,False,1,0.65,73.3,NONE,True,SYNTHETIC,RISK_PROJECT_BASELINE,Tổ hợp thương mại căn hộ Phú Mỹ,1248,3000,20260630,TC-01,SUSPENDED_PENDING_REVIEW,2026-06-30,2026-05-15,SYNTHETIC_RISK_SCENARIO
500068,TST-U00068,TST-U00068,500,501,1PN,1,1,50.88,61.45,4,LOW,NW,E,OBSTRUCTED,False,0.828,13.2,False,0,0.7,5.4,NONE,True,SYNTHETIC,RISK_PROJECT_BASELINE,Tổ hợp thương mại căn hộ Phú Mỹ,1248,3000,20260630,TC-01,SUSPENDED_PENDING_REVIEW,2026-06-30,2026-05-15,SYNTHETIC_RISK_SCENARIO
500069,TST-U00069,TST-U00069,500,501,3PN,3,2,105.29,119.92,4,LOW,SE,W,OBSTRUCTED,False,0.878,3.3,False,0,0.3,15.0,NONE,True,SYNTHETIC,RISK_PROJECT_BASELINE,Tổ hợp thương mại căn hộ Phú Mỹ,1248,3000,20260630,TC-01,SUSPENDED_PENDING_REVIEW,2026-06-30,2026-05-15,SYNTHETIC_RISK_SCENARIO
500070,TST-U00070,TST-U00070,500,501,2PN,2,2,70.72,87.42,4,LOW,W,S,OBSTRUCTED,False,0.809,11.3,False,0,0.91,9.9,NONE,True,SYNTHETIC,RISK_PROJECT_BASELINE,Tổ hợp thương mại căn hộ Phú Mỹ,1248,3000,20260630,TC-01,SUSPENDED_PENDING_REVIEW,2026-06-30,2026-05-15,SYNTHETIC_RISK_SCENARIO
500071,TST-U00071,TST-U00071,500,501,3PN,3,2,105.42,122.72,4,LOW,SW,SE,POOL,False,0.859,3.0,False,2,0.93,42.2,NONE,True,SYNTHETIC,RISK_PROJECT_BASELINE,Tổ hợp thương mại căn hộ Phú Mỹ,1248,3000,20260630,TC-01,SUSPENDED_PENDING_REVIEW,2026-06-30,2026-05-15,SYNTHETIC_RISK_SCENARIO
500072,TST-U00072,TST-U00072,500,501,2PN,2,2,70.83,83.23,4,LOW,N,SW,OBSTRUCTED,True,0.851,10.0,False,0,0.3,16.7,NONE,True,SYNTHETIC,RISK_PROJECT_BASELINE,Tổ hợp thương mại căn hộ Phú Mỹ,1248,3000,20260630,TC-01,SUSPENDED_PENDING_REVIEW,2026-06-30,2026-05-15,SYNTHETIC_RISK_SCENARIO
500073,TST-U00073,TST-U00073,500,501,2PN,2,2,75.79,91.09,4,LOW,S,NE,OBSTRUCTED,False,0.832,9.2,False,2,0.18,15.7,NONE,True,SYNTHETIC,RISK_PROJECT_BASELINE,Tổ hợp thương mại căn hộ Phú Mỹ,1248,3000,20260630,TC-01,SUSPENDED_PENDING_REVIEW,2026-06-30,2026-05-15,SYNTHETIC_RISK_SCENARIO
500074,TST-U00074,TST-U00074,500,501,2PN,2,2,75.79,87.22,4,LOW,SW,W,OBSTRUCTED,False,0.869,4.9,False,1,0.63,12.3,NONE,True,SYNTHETIC,RISK_PROJECT_BASELINE,Tổ hợp thương mại căn hộ Phú Mỹ,1248,3000,20260630,TC-01,SUSPENDED_PENDING_REVIEW,2026-06-30,2026-05-15,SYNTHETIC_RISK_SCENARIO
500075,TST-U00075,TST-U00075,500,501,3PN,3,2,106.65,131.34,4,LOW,NW,W,CITY_OPEN,False,0.812,4.4,False,2,0.66,92.6,NONE,True,SYNTHETIC,RISK_PROJECT_BASELINE,Tổ hợp thương mại căn hộ Phú Mỹ,1248,3000,20260630,TC-01,SUSPENDED_PENDING_REVIEW,2026-06-30,2026-05-15,SYNTHETIC_RISK_SCENARIO
500076,TST-U00076,TST-U00076,500,501,1PN,1,1,54.3,62.7,4,LOW,NW,NE,CITY_OPEN,True,0.866,10.2,False,1,0.56,75.7,NONE,True,SYNTHETIC,RISK_PROJECT_BASELINE,Tổ hợp thương mại căn hộ Phú Mỹ,1248,3000,20260630,TC-01,SUSPENDED_PENDING_REVIEW,2026-06-30,2026-05-15,SYNTHETIC_RISK_SCENARIO
500077,TST-U00077,TST-U00077,500,501,1PN,1,1,54.89,61.81,4,LOW,W,NW,CITY_OPEN,False,0.888,3.1,False,1,0.77,37.0,NONE,True,SYNTHETIC,RISK_PROJECT_BASELINE,Tổ hợp thương mại căn hộ Phú Mỹ,1248,3000,20260630,TC-01,SUSPENDED_PENDING_REVIEW,2026-06-30,2026-05-15,SYNTHETIC_RISK_SCENARIO
500078,TST-U00078,TST-U00078,500,501,2PN,2,2,74.31,86.31,4,LOW,N,S,CITY_OPEN,True,0.861,8.2,True,1,0.11,76.3,NONE,True,SYNTHETIC,RISK_PROJECT_BASELINE,Tổ hợp thương mại căn hộ Phú Mỹ,1248,3000,20260630,TC-01,SUSPENDED_PENDING_REVIEW,2026-06-30,2026-05-15,SYNTHETIC_RISK_SCENARIO
500079,TST-U00079,TST-U00079,500,501,2PN,2,2,68.15,77.01,4,LOW,N,SE,OBSTRUCTED,False,0.885,3.1,True,0,0.04,6.7,NONE,True,SYNTHETIC,RISK_PROJECT_BASELINE,Tổ hợp thương mại căn hộ Phú Mỹ,1248,3000,20260630,TC-01,SUSPENDED_PENDING_REVIEW,2026-06-30,2026-05-15,SYNTHETIC_RISK_SCENARIO
500080,TST-U00080,TST-U00080,500,501,2PN,2,2,86.14,103.04,4,LOW,E,N,OBSTRUCTED,True,0.836,11.5,False,0,0.04,5.0,NONE,True,SYNTHETIC,RISK_PROJECT_BASELINE,Tổ hợp thương mại căn hộ Phú Mỹ,1248,3000,20260630,TC-01,SUSPENDED_PENDING_REVIEW,2026-06-30,2026-05-15,SYNTHETIC_RISK_SCENARIO
500081,TST-U00081,TST-U00081,500,501,3PN,3,2,104.09,121.6,4,LOW,W,S,CITY_OPEN,True,0.856,3.4,True,1,0.84,35.7,NONE,True,SYNTHETIC,RISK_PROJECT_BASELINE,Tổ hợp thương mại căn hộ Phú Mỹ,1248,3000,20260630,TC-01,SUSPENDED_PENDING_REVIEW,2026-06-30,2026-05-15,SYNTHETIC_RISK_SCENARIO
500082,TST-U00082,TST-U00082,500,501,2PN,2,2,75.22,91.96,4,LOW,SE,SW,CITY_OPEN,True,0.818,3.1,False,0,0.21,109.6,NONE,True,SYNTHETIC,RISK_PROJECT_BASELINE,Tổ hợp thương mại căn hộ Phú Mỹ,1248,3000,20260630,TC-01,SUSPENDED_PENDING_REVIEW,2026-06-30,2026-05-15,SYNTHETIC_RISK_SCENARIO
500083,TST-U00083,TST-U00083,500,501,1PN,1,1,53.11,65.98,4,LOW,W,NE,CITY_OPEN,False,0.805,13.2,False,0,0.55,101.8,NONE,True,SYNTHETIC,RISK_PROJECT_BASELINE,Tổ hợp thương mại căn hộ Phú Mỹ,1248,3000,20260630,TC-01,SUSPENDED_PENDING_REVIEW,2026-06-30,2026-05-15,SYNTHETIC_RISK_SCENARIO
500084,TST-U00084,TST-U00084,500,501,3PN,3,2,104.69,120.47,4,LOW,S,S,PARK,False,0.869,14.5,False,0,0.21,96.0,NONE,True,SYNTHETIC,RISK_PROJECT_BASELINE,Tổ hợp thương mại căn hộ Phú Mỹ,1248,3000,20260630,TC-01,SUSPENDED_PENDING_REVIEW,2026-06-30,2026-05-15,SYNTHETIC_RISK_SCENARIO
500085,TST-U00085,TST-U00085,500,501,1PN,1,1,54.19,66.57,4,LOW,SW,NE,OBSTRUCTED,False,0.814,15.0,False,1,0.65,14.9,NONE,True,SYNTHETIC,RISK_PROJECT_BASELINE,Tổ hợp thương mại căn hộ Phú Mỹ,1248,3000,20260630,TC-01,SUSPENDED_PENDING_REVIEW,2026-06-30,2026-05-15,SYNTHETIC_RISK_SCENARIO
500086,TST-U00086,TST-U00086,500,501,2PN,2,2,71.2,88.67,4,LOW,E,NE,OBSTRUCTED,False,0.803,10.5,False,0,0.29,8.2,NONE,True,SYNTHETIC,RISK_PROJECT_BASELINE,Tổ hợp thương mại căn hộ Phú Mỹ,1248,3000,20260630,TC-01,SUSPENDED_PENDING_REVIEW,2026-06-30,2026-05-15,SYNTHETIC_RISK_SCENARIO
500087,TST-U00087,TST-U00087,500,501,2PN,2,2,76.22,91.39,4,LOW,SE,SE,OBSTRUCTED,False,0.834,7.4,False,0,0.06,11.1,NONE,True,SYNTHETIC,RISK_PROJECT_BASELINE,Tổ hợp thương mại căn hộ Phú Mỹ,1248,3000,20260630,TC-01,SUSPENDED_PENDING_REVIEW,2026-06-30,2026-05-15,SYNTHETIC_RISK_SCENARIO
500088,TST-U00088,TST-U00088,500,501,STUDIO,1,1,44.79,53.64,4,LOW,N,S,OBSTRUCTED,False,0.835,6.8,False,0,0.23,6.2,NONE,True,SYNTHETIC,RISK_PROJECT_BASELINE,Tổ hợp thương mại căn hộ Phú Mỹ,1248,3000,20260630,TC-01,SUSPENDED_PENDING_REVIEW,2026-06-30,2026-05-15,SYNTHETIC_RISK_SCENARIO
500089,TST-U00089,TST-U00089,500,501,2PN,2,2,68.22,77.26,4,LOW,SE,E,POOL,False,0.883,9.6,False,0,0.26,31.2,WASTE_STATION,True,SYNTHETIC,RISK_PROJECT_BASELINE,Tổ hợp thương mại căn hộ Phú Mỹ,1248,3000,20260630,TC-01,SUSPENDED_PENDING_REVIEW,2026-06-30,2026-05-15,SYNTHETIC_RISK_SCENARIO
500090,TST-U00090,TST-U00090,500,501,3PN,3,2,99.23,119.7,4,LOW,SE,NE,PARK,True,0.829,11.8,False,0,0.02,109.0,NONE,True,SYNTHETIC,RISK_PROJECT_BASELINE,Tổ hợp thương mại căn hộ Phú Mỹ,1248,3000,20260630,TC-01,SUSPENDED_PENDING_REVIEW,2026-06-30,2026-05-15,SYNTHETIC_RISK_SCENARIO
500091,TST-U00091,TST-U00091,500,501,2PN,2,2,81.36,99.83,4,LOW,S,SW,OBSTRUCTED,False,0.815,15.4,False,0,0.08,6.6,NONE,True,SYNTHETIC,RISK_PROJECT_BASELINE,Tổ hợp thương mại căn hộ Phú Mỹ,1248,3000,20260630,TC-01,SUSPENDED_PENDING_REVIEW,2026-06-30,2026-05-15,SYNTHETIC_RISK_SCENARIO
500092,TST-U00092,TST-U00092,500,501,2PN,2,2,76.51,93.19,4,LOW,S,N,CITY_OPEN,False,0.821,6.7,False,0,0.25,72.7,NONE,True,SYNTHETIC,RISK_PROJECT_BASELINE,Tổ hợp thương mại căn hộ Phú Mỹ,1248,3000,20260630,TC-01,SUSPENDED_PENDING_REVIEW,2026-06-30,2026-05-15,SYNTHETIC_RISK_SCENARIO
500093,TST-U00093,TST-U00093,500,501,1PN,1,1,55.76,69.53,4,LOW,SE,NW,OBSTRUCTED,False,0.802,15.5,False,0,0.2,16.2,NONE,True,SYNTHETIC,RISK_PROJECT_BASELINE,Tổ hợp thương mại căn hộ Phú Mỹ,1248,3000,20260630,TC-01,SUSPENDED_PENDING_REVIEW,2026-06-30,2026-05-15,SYNTHETIC_RISK_SCENARIO
500094,TST-U00094,TST-U00094,500,501,1PN,1,1,48.98,59.8,4,LOW,SW,W,CITY_OPEN,False,0.819,9.8,False,0,0.58,87.5,NONE,True,SYNTHETIC,RISK_PROJECT_BASELINE,Tổ hợp thương mại căn hộ Phú Mỹ,1248,3000,20260630,TC-01,SUSPENDED_PENDING_REVIEW,2026-06-30,2026-05-15,SYNTHETIC_RISK_SCENARIO
500095,TST-U00095,TST-U00095,500,501,2PN,2,2,82.61,95.95,4,LOW,SE,S,CITY_OPEN,True,0.861,14.7,False,1,0.17,98.5,NONE,True,SYNTHETIC,RISK_PROJECT_BASELINE,Tổ hợp thương mại căn hộ Phú Mỹ,1248,3000,20260630,TC-01,SUSPENDED_PENDING_REVIEW,2026-06-30,2026-05-15,SYNTHETIC_RISK_SCENARIO
500096,TST-U00096,TST-U00096,500,501,2PN,2,2,67.94,78.45,4,LOW,SE,E,PARK,False,0.866,11.8,False,0,0.17,79.7,NONE,True,SYNTHETIC,RISK_PROJECT_BASELINE,Tổ hợp thương mại căn hộ Phú Mỹ,1248,3000,20260630,TC-01,SUSPENDED_PENDING_REVIEW,2026-06-30,2026-05-15,SYNTHETIC_RISK_SCENARIO
500097,TST-U00097,TST-U00097,500,501,2PN,2,2,70.25,83.33,4,LOW,S,N,OBSTRUCTED,False,0.843,1.7,False,0,0.04,7.2,NONE,True,SYNTHETIC,RISK_PROJECT_BASELINE,Tổ hợp thương mại căn hộ Phú Mỹ,1248,3000,20260630,TC-01,SUSPENDED_PENDING_REVIEW,2026-06-30,2026-05-15,SYNTHETIC_RISK_SCENARIO
500098,TST-U00098,TST-U00098,500,501,2PN,2,2,65.45,80.6,4,LOW,S,SW,OBSTRUCTED,False,0.812,1.8,False,0,0.11,15.7,NONE,True,SYNTHETIC,RISK_PROJECT_BASELINE,Tổ hợp thương mại căn hộ Phú Mỹ,1248,3000,20260630,TC-01,SUSPENDED_PENDING_REVIEW,2026-06-30,2026-05-15,SYNTHETIC_RISK_SCENARIO
500099,TST-U00099,TST-U00099,500,501,1PN,1,1,52.28,59.01,4,LOW,N,W,POOL,False,0.886,2.0,True,0,0.25,43.8,NONE,True,SYNTHETIC,RISK_PROJECT_BASELINE,Tổ hợp thương mại căn hộ Phú Mỹ,1248,3000,20260630,TC-01,SUSPENDED_PENDING_REVIEW,2026-06-30,2026-05-15,SYNTHETIC_RISK_SCENARIO
500100,TST-U00100,TST-U00100,500,501,3PN,3,2,115.1,135.57,4,LOW,SW,SW,OBSTRUCTED,False,0.849,6.9,False,1,0.85,15.3,NONE,True,SYNTHETIC,RISK_PROJECT_BASELINE,Tổ hợp thương mại căn hộ Phú Mỹ,1248,3000,20260630,TC-01,SUSPENDED_PENDING_REVIEW,2026-06-30,2026-05-15,SYNTHETIC_RISK_SCENARIO
500101,TST-U00101,TST-U00101,500,501,2PN,2,2,81.73,101.65,4,LOW,NE,NW,OBSTRUCTED,False,0.804,4.2,False,1,0.1,17.4,NONE,True,SYNTHETIC,RISK_PROJECT_BASELINE,Tổ hợp thương mại căn hộ Phú Mỹ,1248,3000,20260630,TC-01,SUSPENDED_PENDING_REVIEW,2026-06-30,2026-05-15,SYNTHETIC_RISK_SCENARIO
500102,TST-U00102,TST-U00102,500,501,2PN,2,2,65.29,78.19,4,LOW,SE,W,PARK,False,0.835,7.9,True,0,0.04,87.2,NONE,True,SYNTHETIC,RISK_PROJECT_BASELINE,Tổ hợp thương mại căn hộ Phú Mỹ,1248,3000,20260630,TC-01,SUSPENDED_PENDING_REVIEW,2026-06-30,2026-05-15,SYNTHETIC_RISK_SCENARIO
500103,TST-U00103,TST-U00103,500,501,3PN,3,2,98.65,118.14,4,LOW,N,W,CITY_OPEN,False,0.835,1.3,False,1,0.26,55.2,NONE,True,SYNTHETIC,RISK_PROJECT_BASELINE,Tổ hợp thương mại căn hộ Phú Mỹ,1248,3000,20260630,TC-01,SUSPENDED_PENDING_REVIEW,2026-06-30,2026-05-15,SYNTHETIC_RISK_SCENARIO
500104,TST-U00104,TST-U00104,500,501,2PN,2,2,77.88,87.8,4,LOW,E,SE,CITY_OPEN,False,0.887,6.3,False,0,0.19,95.6,NONE,True,SYNTHETIC,RISK_PROJECT_BASELINE,Tổ hợp thương mại căn hộ Phú Mỹ,1248,3000,20260630,TC-01,SUSPENDED_PENDING_REVIEW,2026-06-30,2026-05-15,SYNTHETIC_RISK_SCENARIO
500105,TST-U00105,TST-U00105,500,501,2PN,2,2,72.32,84.78,4,LOW,NE,SE,OBSTRUCTED,False,0.853,8.1,False,0,0.04,11.7,NONE,True,SYNTHETIC,RISK_PROJECT_BASELINE,Tổ hợp thương mại căn hộ Phú Mỹ,1248,3000,20260630,TC-01,SUSPENDED_PENDING_REVIEW,2026-06-30,2026-05-15,SYNTHETIC_RISK_SCENARIO
500106,TST-U00106,TST-U00106,500,501,2PN,2,2,80.2,98.04,4,LOW,SW,S,POOL,False,0.818,5.5,False,0,0.82,79.1,WASTE_STATION,True,SYNTHETIC,RISK_PROJECT_BASELINE,Tổ hợp thương mại căn hộ Phú Mỹ,1248,3000,20260630,TC-01,SUSPENDED_PENDING_REVIEW,2026-06-30,2026-05-15,SYNTHETIC_RISK_SCENARIO
500107,TST-U00107,TST-U00107,500,501,2PN,2,2,70.27,83.26,4,LOW,N,W,OBSTRUCTED,False,0.844,14.9,False,0,0.11,11.4,NONE,True,SYNTHETIC,RISK_PROJECT_BASELINE,Tổ hợp thương mại căn hộ Phú Mỹ,1248,3000,20260630,TC-01,SUSPENDED_PENDING_REVIEW,2026-06-30,2026-05-15,SYNTHETIC_RISK_SCENARIO
500108,TST-U00108,TST-U00108,500,501,STUDIO,1,1,41.65,47.87,4,LOW,N,W,OBSTRUCTED,True,0.87,2.8,False,0,0.24,9.8,NONE,True,SYNTHETIC,RISK_PROJECT_BASELINE,Tổ hợp thương mại căn hộ Phú Mỹ,1248,3000,20260630,TC-01,SUSPENDED_PENDING_REVIEW,2026-06-30,2026-05-15,SYNTHETIC_RISK_SCENARIO
500109,TST-U00109,TST-U00109,500,501,2PN,2,2,81.83,92.15,4,LOW,NW,W,OBSTRUCTED,True,0.888,4.0,False,2,0.59,15.1,NONE,True,SYNTHETIC,RISK_PROJECT_BASELINE,Tổ hợp thương mại căn hộ Phú Mỹ,1248,3000,20260630,TC-01,SUSPENDED_PENDING_REVIEW,2026-06-30,2026-05-15,SYNTHETIC_RISK_SCENARIO
500110,TST-U00110,TST-U00110,500,501,2PN,2,2,68.52,80.42,4,LOW,N,E,POOL,False,0.852,12.7,False,0,0.17,38.4,NONE,True,SYNTHETIC,RISK_PROJECT_BASELINE,Tổ hợp thương mại căn hộ Phú Mỹ,1248,3000,20260630,TC-01,SUSPENDED_PENDING_REVIEW,2026-06-30,2026-05-15,SYNTHETIC_RISK_SCENARIO
500111,TST-U00111,TST-U00111,500,501,3PN,3,2,105.96,122.5,4,LOW,SW,NW,CITY_OPEN,False,0.865,1.5,False,1,0.9,96.4,NONE,True,SYNTHETIC,RISK_PROJECT_BASELINE,Tổ hợp thương mại căn hộ Phú Mỹ,1248,3000,20260630,TC-01,SUSPENDED_PENDING_REVIEW,2026-06-30,2026-05-15,SYNTHETIC_RISK_SCENARIO
500112,TST-U00112,TST-U00112,500,501,2PN,2,2,80.21,90.74,4,LOW,S,S,CITY_OPEN,False,0.884,8.2,False,0,0.25,101.2,NONE,True,SYNTHETIC,RISK_PROJECT_BASELINE,Tổ hợp thương mại căn hộ Phú Mỹ,1248,3000,20260630,TC-01,SUSPENDED_PENDING_REVIEW,2026-06-30,2026-05-15,SYNTHETIC_RISK_SCENARIO
500113,TST-U00113,TST-U00113,500,501,STUDIO,1,1,44.77,53.05,4,LOW,E,NE,CITY_OPEN,False,0.844,7.0,True,1,0.05,46.1,NONE,True,SYNTHETIC,RISK_PROJECT_BASELINE,Tổ hợp thương mại căn hộ Phú Mỹ,1248,3000,20260630,TC-01,SUSPENDED_PENDING_REVIEW,2026-06-30,2026-05-15,SYNTHETIC_RISK_SCENARIO
500114,TST-U00114,TST-U00114,500,501,3PN,3,2,105.56,131.46,4,LOW,SE,NE,CITY_OPEN,False,0.803,4.5,True,1,0.2,94.9,NONE,True,SYNTHETIC,RISK_PROJECT_BASELINE,Tổ hợp thương mại căn hộ Phú Mỹ,1248,3000,20260630,TC-01,SUSPENDED_PENDING_REVIEW,2026-06-30,2026-05-15,SYNTHETIC_RISK_SCENARIO
500115,TST-U00115,TST-U00115,500,501,2PN,2,2,74.6,84.87,4,LOW,SE,N,CITY_OPEN,False,0.879,4.1,False,0,0.2,93.4,NONE,True,SYNTHETIC,RISK_PROJECT_BASELINE,Tổ hợp thương mại căn hộ Phú Mỹ,1248,3000,20260630,TC-01,SUSPENDED_PENDING_REVIEW,2026-06-30,2026-05-15,SYNTHETIC_RISK_SCENARIO
500116,TST-U00116,TST-U00116,500,501,3PN,3,2,93.34,115.23,4,LOW,S,N,OBSTRUCTED,False,0.81,13.5,True,0,0.1,15.7,NONE,True,SYNTHETIC,RISK_PROJECT_BASELINE,Tổ hợp thương mại căn hộ Phú Mỹ,1248,3000,20260630,TC-01,SUSPENDED_PENDING_REVIEW,2026-06-30,2026-05-15,SYNTHETIC_RISK_SCENARIO
500117,TST-U00117,TST-U00117,500,501,2PN,2,2,70.38,82.51,4,LOW,W,SE,CITY_OPEN,False,0.853,2.0,False,0,0.83,43.3,NONE,True,SYNTHETIC,RISK_PROJECT_BASELINE,Tổ hợp thương mại căn hộ Phú Mỹ,1248,3000,20260630,TC-01,SUSPENDED_PENDING_REVIEW,2026-06-30,2026-05-15,SYNTHETIC_RISK_SCENARIO
500118,TST-U00118,TST-U00118,500,501,3PN,3,2,113.69,136.81,4,LOW,SW,SW,CITY_OPEN,False,0.831,1.9,False,0,0.9,29.6,NONE,True,SYNTHETIC,RISK_PROJECT_BASELINE,Tổ hợp thương mại căn hộ Phú Mỹ,1248,3000,20260630,TC-01,SUSPENDED_PENDING_REVIEW,2026-06-30,2026-05-15,SYNTHETIC_RISK_SCENARIO
500119,TST-U00119,TST-U00119,500,501,3PN,3,2,103.12,116.39,4,LOW,SW,NE,CITY_OPEN,False,0.886,1.8,False,1,0.7,98.2,NONE,True,SYNTHETIC,RISK_PROJECT_BASELINE,Tổ hợp thương mại căn hộ Phú Mỹ,1248,3000,20260630,TC-01,SUSPENDED_PENDING_REVIEW,2026-06-30,2026-05-15,SYNTHETIC_RISK_SCENARIO
500120,TST-U00120,TST-U00120,500,501,2PN,2,2,78.11,93.32,4,LOW,SE,S,OBSTRUCTED,False,0.837,12.9,True,1,0.14,8.2,NONE,True,SYNTHETIC,RISK_PROJECT_BASELINE,Tổ hợp thương mại căn hộ Phú Mỹ,1248,3000,20260630,TC-01,SUSPENDED_PENDING_REVIEW,2026-06-30,2026-05-15,SYNTHETIC_RISK_SCENARIO
500121,TST-U00121,TST-U00121,500,501,2PN,2,2,68.46,82.38,4,LOW,NW,S,OBSTRUCTED,False,0.831,15.1,True,2,0.55,8.3,NONE,True,SYNTHETIC,RISK_PROJECT_BASELINE,Tổ hợp thương mại căn hộ Phú Mỹ,1248,3000,20260630,TC-01,SUSPENDED_PENDING_REVIEW,2026-06-30,2026-05-15,SYNTHETIC_RISK_SCENARIO
500122,TST-U00122,TST-U00122,500,501,2PN,2,2,65.66,77.34,4,LOW,W,NW,POOL,False,0.849,13.4,False,0,0.55,64.2,NONE,True,SYNTHETIC,RISK_PROJECT_BASELINE,Tổ hợp thương mại căn hộ Phú Mỹ,1248,3000,20260630,TC-01,SUSPENDED_PENDING_REVIEW,2026-06-30,2026-05-15,SYNTHETIC_RISK_SCENARIO
500123,TST-U00123,TST-U00123,500,501,1PN,1,1,50.52,61.68,4,LOW,W,S,OBSTRUCTED,True,0.819,11.7,False,0,0.55,16.4,NONE,True,SYNTHETIC,RISK_PROJECT_BASELINE,Tổ hợp thương mại căn hộ Phú Mỹ,1248,3000,20260630,TC-01,SUSPENDED_PENDING_REVIEW,2026-06-30,2026-05-15,SYNTHETIC_RISK_SCENARIO
500124,TST-U00124,TST-U00124,500,501,2PN,2,2,87.01,108.63,4,LOW,SE,W,OBSTRUCTED,False,0.801,8.0,False,0,0.19,12.5,NONE,True,SYNTHETIC,RISK_PROJECT_BASELINE,Tổ hợp thương mại căn hộ Phú Mỹ,1248,3000,20260630,TC-01,SUSPENDED_PENDING_REVIEW,2026-06-30,2026-05-15,SYNTHETIC_RISK_SCENARIO
500125,TST-U00125,TST-U00125,500,501,2PN,2,2,76.07,93.91,4,LOW,S,N,PARK,False,0.81,4.9,False,0,0.05,64.0,NONE,True,SYNTHETIC,RISK_PROJECT_BASELINE,Tổ hợp thương mại căn hộ Phú Mỹ,1248,3000,20260630,TC-01,SUSPENDED_PENDING_REVIEW,2026-06-30,2026-05-15,SYNTHETIC_RISK_SCENARIO
500126,TST-U00126,TST-U00126,500,501,1PN,1,1,54.88,63.89,4,LOW,SE,SW,OBSTRUCTED,False,0.859,13.7,False,0,0.3,14.0,NONE,True,SYNTHETIC,RISK_PROJECT_BASELINE,Tổ hợp thương mại căn hộ Phú Mỹ,1248,3000,20260630,TC-01,SUSPENDED_PENDING_REVIEW,2026-06-30,2026-05-15,SYNTHETIC_RISK_SCENARIO
500127,TST-U00127,TST-U00127,500,501,1PN,1,1,53.88,64.6,4,LOW,N,E,OBSTRUCTED,False,0.834,9.4,False,1,0.12,7.0,NONE,True,SYNTHETIC,RISK_PROJECT_BASELINE,Tổ hợp thương mại căn hộ Phú Mỹ,1248,3000,20260630,TC-01,SUSPENDED_PENDING_REVIEW,2026-06-30,2026-05-15,SYNTHETIC_RISK_SCENARIO
500128,TST-U00128,TST-U00128,500,501,2PN,2,2,74.74,88.55,4,LOW,NE,NW,CITY_OPEN,True,0.844,1.8,False,0,0.07,46.1,NONE,True,SYNTHETIC,RISK_PROJECT_BASELINE,Tổ hợp thương mại căn hộ Phú Mỹ,1248,3000,20260630,TC-01,SUSPENDED_PENDING_REVIEW,2026-06-30,2026-05-15,SYNTHETIC_RISK_SCENARIO
500129,TST-U00129,TST-U00129,500,501,2PN,2,2,81.2,99.51,4,LOW,NW,N,CITY_OPEN,False,0.816,1.9,True,1,0.66,86.4,NONE,True,SYNTHETIC,RISK_PROJECT_BASELINE,Tổ hợp thương mại căn hộ Phú Mỹ,1248,3000,20260630,TC-01,SUSPENDED_PENDING_REVIEW,2026-06-30,2026-05-15,SYNTHETIC_RISK_SCENARIO
500130,TST-U00130,TST-U00130,500,501,2PN,2,2,80.22,92.42,4,LOW,E,E,CITY_OPEN,False,0.868,7.2,False,0,0.21,86.7,NONE,True,SYNTHETIC,RISK_PROJECT_BASELINE,Tổ hợp thương mại căn hộ Phú Mỹ,1248,3000,20260630,TC-01,SUSPENDED_PENDING_REVIEW,2026-06-30,2026-05-15,SYNTHETIC_RISK_SCENARIO
500131,TST-U00131,TST-U00131,500,501,3PN,3,2,106.58,123.36,4,LOW,SE,E,CITY_OPEN,False,0.864,6.6,False,2,0.25,103.9,NONE,True,SYNTHETIC,RISK_PROJECT_BASELINE,Tổ hợp thương mại căn hộ Phú Mỹ,1248,3000,20260630,TC-01,SUSPENDED_PENDING_REVIEW,2026-06-30,2026-05-15,SYNTHETIC_RISK_SCENARIO
500132,TST-U00132,TST-U00132,500,501,3PN,3,2,108.85,127.91,4,LOW,NE,W,CITY_OPEN,False,0.851,10.7,False,0,0.22,102.1,NONE,True,SYNTHETIC,RISK_PROJECT_BASELINE,Tổ hợp thương mại căn hộ Phú Mỹ,1248,3000,20260630,TC-01,SUSPENDED_PENDING_REVIEW,2026-06-30,2026-05-15,SYNTHETIC_RISK_SCENARIO
500133,TST-U00133,TST-U00133,500,501,2PN,2,2,75.62,94.53,5,LOW,W,NW,POOL,False,0.8,10.8,False,0,0.74,36.0,NONE,False,SYNTHETIC,RISK_PROJECT_BASELINE,Tổ hợp thương mại căn hộ Phú Mỹ,1248,3000,20260630,TC-01,SUSPENDED_PENDING_REVIEW,2026-06-30,2026-05-15,SYNTHETIC_RISK_SCENARIO
500134,TST-U00134,TST-U00134,500,501,2PN,2,2,75.12,88.48,5,LOW,W,NE,OBSTRUCTED,False,0.849,12.5,False,0,0.62,12.1,NONE,False,SYNTHETIC,RISK_PROJECT_BASELINE,Tổ hợp thương mại căn hộ Phú Mỹ,1248,3000,20260630,TC-01,SUSPENDED_PENDING_REVIEW,2026-06-30,2026-05-15,SYNTHETIC_RISK_SCENARIO
500135,TST-U00135,TST-U00135,500,501,1PN,1,1,56.86,64.03,5,LOW,S,S,CITY_OPEN,False,0.888,15.1,False,1,0.2,72.9,NONE,False,SYNTHETIC,RISK_PROJECT_BASELINE,Tổ hợp thương mại căn hộ Phú Mỹ,1248,3000,20260630,TC-01,SUSPENDED_PENDING_REVIEW,2026-06-30,2026-05-15,SYNTHETIC_RISK_SCENARIO
500136,TST-U00136,TST-U00136,500,501,3PN,3,2,104.64,120.41,5,LOW,NE,S,POOL,False,0.869,1.8,False,2,0.25,35.0,NONE,False,SYNTHETIC,RISK_PROJECT_BASELINE,Tổ hợp thương mại căn hộ Phú Mỹ,1248,3000,20260630,TC-01,SUSPENDED_PENDING_REVIEW,2026-06-30,2026-05-15,SYNTHETIC_RISK_SCENARIO
500137,TST-U00137,TST-U00137,500,501,2PN,2,2,82.06,102.45,5,LOW,NW,NW,PARK,False,0.801,12.5,False,0,0.87,29.0,NONE,False,SYNTHETIC,RISK_PROJECT_BASELINE,Tổ hợp thương mại căn hộ Phú Mỹ,1248,3000,20260630,TC-01,SUSPENDED_PENDING_REVIEW,2026-06-30,2026-05-15,SYNTHETIC_RISK_SCENARIO
500138,TST-U00138,TST-U00138,500,501,2PN,2,2,63.06,73.58,5,LOW,E,NW,CITY_OPEN,True,0.857,1.5,False,1,0.09,42.8,NONE,False,SYNTHETIC,RISK_PROJECT_BASELINE,Tổ hợp thương mại căn hộ Phú Mỹ,1248,3000,20260630,TC-01,SUSPENDED_PENDING_REVIEW,2026-06-30,2026-05-15,SYNTHETIC_RISK_SCENARIO
500139,TST-U00139,TST-U00139,500,501,2PN,2,2,80.44,98.34,5,LOW,S,SW,PARK,True,0.818,9.7,False,0,0.29,86.1,NONE,False,SYNTHETIC,RISK_PROJECT_BASELINE,Tổ hợp thương mại căn hộ Phú Mỹ,1248,3000,20260630,TC-01,SUSPENDED_PENDING_REVIEW,2026-06-30,2026-05-15,SYNTHETIC_RISK_SCENARIO
500140,TST-U00140,TST-U00140,500,501,2PN,2,2,75.9,86.45,5,LOW,SW,NE,CITY_OPEN,False,0.878,7.6,False,0,0.78,108.0,NONE,False,SYNTHETIC,RISK_PROJECT_BASELINE,Tổ hợp thương mại căn hộ Phú Mỹ,1248,3000,20260630,TC-01,SUSPENDED_PENDING_REVIEW,2026-06-30,2026-05-15,SYNTHETIC_RISK_SCENARIO
500141,TST-U00141,TST-U00141,500,501,STUDIO,1,1,42.23,52.07,5,LOW,SE,S,OBSTRUCTED,False,0.811,7.5,True,1,0.29,5.0,NONE,False,SYNTHETIC,RISK_PROJECT_BASELINE,Tổ hợp thương mại căn hộ Phú Mỹ,1248,3000,20260630,TC-01,SUSPENDED_PENDING_REVIEW,2026-06-30,2026-05-15,SYNTHETIC_RISK_SCENARIO
500142,TST-U00142,TST-U00142,500,501,2PN,2,2,76.55,91.02,5,LOW,E,NE,OBSTRUCTED,False,0.841,9.4,True,1,0.17,9.0,NONE,False,SYNTHETIC,RISK_PROJECT_BASELINE,Tổ hợp thương mại căn hộ Phú Mỹ,1248,3000,20260630,TC-01,SUSPENDED_PENDING_REVIEW,2026-06-30,2026-05-15,SYNTHETIC_RISK_SCENARIO
500143,TST-U00143,TST-U00143,500,501,2PN,2,2,79.31,98.28,5,LOW,SE,N,POOL,False,0.807,2.2,False,0,0.14,37.2,NONE,False,SYNTHETIC,RISK_PROJECT_BASELINE,Tổ hợp thương mại căn hộ Phú Mỹ,1248,3000,20260630,TC-01,SUSPENDED_PENDING_REVIEW,2026-06-30,2026-05-15,SYNTHETIC_RISK_SCENARIO
500144,TST-U00144,TST-U00144,500,501,1PN,1,1,56.36,63.47,5,LOW,N,NE,CITY_OPEN,False,0.888,9.9,True,1,0.25,64.2,WASTE_STATION,False,SYNTHETIC,RISK_PROJECT_BASELINE,Tổ hợp thương mại căn hộ Phú Mỹ,1248,3000,20260630,TC-01,SUSPENDED_PENDING_REVIEW,2026-06-30,2026-05-15,SYNTHETIC_RISK_SCENARIO
500145,TST-U00145,TST-U00145,500,501,1PN,1,1,57.05,67.36,5,LOW,SE,W,CITY_OPEN,True,0.847,10.7,False,0,0.26,79.8,WASTE_STATION,False,SYNTHETIC,RISK_PROJECT_BASELINE,Tổ hợp thương mại căn hộ Phú Mỹ,1248,3000,20260630,TC-01,SUSPENDED_PENDING_REVIEW,2026-06-30,2026-05-15,SYNTHETIC_RISK_SCENARIO
500146,TST-U00146,TST-U00146,500,501,2PN,2,2,83.03,100.04,5,LOW,W,NE,OBSTRUCTED,False,0.83,11.3,False,0,0.9,4.7,NONE,False,SYNTHETIC,RISK_PROJECT_BASELINE,Tổ hợp thương mại căn hộ Phú Mỹ,1248,3000,20260630,TC-01,SUSPENDED_PENDING_REVIEW,2026-06-30,2026-05-15,SYNTHETIC_RISK_SCENARIO
500147,TST-U00147,TST-U00147,500,501,2PN,2,2,76.61,95.17,5,LOW,W,NW,OBSTRUCTED,False,0.805,5.9,False,2,0.58,10.7,CEMETERY,False,SYNTHETIC,RISK_PROJECT_BASELINE,Tổ hợp thương mại căn hộ Phú Mỹ,1248,3000,20260630,TC-01,SUSPENDED_PENDING_REVIEW,2026-06-30,2026-05-15,SYNTHETIC_RISK_SCENARIO
500148,TST-U00148,TST-U00148,500,501,2PN,2,2,76.75,88.73,5,LOW,SW,W,PARK,False,0.865,10.5,False,0,0.91,38.5,NONE,False,SYNTHETIC,RISK_PROJECT_BASELINE,Tổ hợp thương mại căn hộ Phú Mỹ,1248,3000,20260630,TC-01,SUSPENDED_PENDING_REVIEW,2026-06-30,2026-05-15,SYNTHETIC_RISK_SCENARIO
500149,TST-U00149,TST-U00149,500,501,2PN,2,2,80.98,94.82,5,LOW,N,S,CITY_OPEN,True,0.854,9.9,False,0,0.23,45.5,NONE,False,SYNTHETIC,RISK_PROJECT_BASELINE,Tổ hợp thương mại căn hộ Phú Mỹ,1248,3000,20260630,TC-01,SUSPENDED_PENDING_REVIEW,2026-06-30,2026-05-15,SYNTHETIC_RISK_SCENARIO
500150,TST-U00150,TST-U00150,500,501,3PN,3,2,112.54,131.01,5,LOW,NE,NE,OBSTRUCTED,False,0.859,7.4,False,0,0.06,7.1,NONE,False,SYNTHETIC,RISK_PROJECT_BASELINE,Tổ hợp thương mại căn hộ Phú Mỹ,1248,3000,20260630,TC-01,SUSPENDED_PENDING_REVIEW,2026-06-30,2026-05-15,SYNTHETIC_RISK_SCENARIO
500151,TST-U00151,TST-U00151,500,501,1PN,1,1,48.69,56.03,5,LOW,E,SW,CITY_OPEN,False,0.869,9.4,False,0,0.24,74.9,NONE,False,SYNTHETIC,RISK_PROJECT_BASELINE,Tổ hợp thương mại căn hộ Phú Mỹ,1248,3000,20260630,TC-01,SUSPENDED_PENDING_REVIEW,2026-06-30,2026-05-15,SYNTHETIC_RISK_SCENARIO
500152,TST-U00152,TST-U00152,500,501,2PN,2,2,71.18,86.28,5,LOW,W,NE,OBSTRUCTED,False,0.825,7.8,False,0,0.54,4.8,NONE,False,SYNTHETIC,RISK_PROJECT_BASELINE,Tổ hợp thương mại căn hộ Phú Mỹ,1248,3000,20260630,TC-01,SUSPENDED_PENDING_REVIEW,2026-06-30,2026-05-15,SYNTHETIC_RISK_SCENARIO
500153,TST-U00153,TST-U00153,500,501,1PN,1,1,58.03,66.17,5,LOW,E,SE,OBSTRUCTED,False,0.877,4.8,False,2,0.12,5.8,NONE,False,SYNTHETIC,RISK_PROJECT_BASELINE,Tổ hợp thương mại căn hộ Phú Mỹ,1248,3000,20260630,TC-01,SUSPENDED_PENDING_REVIEW,2026-06-30,2026-05-15,SYNTHETIC_RISK_SCENARIO
500154,TST-U00154,TST-U00154,500,501,2PN,2,2,78.85,94.09,5,LOW,SW,E,OBSTRUCTED,False,0.838,5.8,False,1,0.58,13.8,NONE,False,SYNTHETIC,RISK_PROJECT_BASELINE,Tổ hợp thương mại căn hộ Phú Mỹ,1248,3000,20260630,TC-01,SUSPENDED_PENDING_REVIEW,2026-06-30,2026-05-15,SYNTHETIC_RISK_SCENARIO
500155,TST-U00155,TST-U00155,500,501,3PN,3,2,101.35,122.26,5,LOW,W,W,PARK,False,0.829,6.4,False,1,0.58,97.9,NONE,False,SYNTHETIC,RISK_PROJECT_BASELINE,Tổ hợp thương mại căn hộ Phú Mỹ,1248,3000,20260630,TC-01,SUSPENDED_PENDING_REVIEW,2026-06-30,2026-05-15,SYNTHETIC_RISK_SCENARIO
500156,TST-U00156,TST-U00156,500,501,3PN,3,2,98.66,114.59,5,LOW,SW,NE,CITY_OPEN,False,0.861,10.5,False,1,0.72,77.8,NONE,False,SYNTHETIC,RISK_PROJECT_BASELINE,Tổ hợp thương mại căn hộ Phú Mỹ,1248,3000,20260630,TC-01,SUSPENDED_PENDING_REVIEW,2026-06-30,2026-05-15,SYNTHETIC_RISK_SCENARIO
500157,TST-U00157,TST-U00157,500,501,2PN,2,2,79.84,98.69,5,LOW,SW,SE,CITY_OPEN,False,0.809,12.8,True,0,0.94,88.9,NONE,False,SYNTHETIC,RISK_PROJECT_BASELINE,Tổ hợp thương mại căn hộ Phú Mỹ,1248,3000,20260630,TC-01,SUSPENDED_PENDING_REVIEW,2026-06-30,2026-05-15,SYNTHETIC_RISK_SCENARIO
500158,TST-U00158,TST-U00158,500,501,3PN,3,2,94.01,114.79,5,LOW,S,W,POOL,False,0.819,8.3,False,0,0.09,75.8,NONE,False,SYNTHETIC,RISK_PROJECT_BASELINE,Tổ hợp thương mại căn hộ Phú Mỹ,1248,3000,20260630,TC-01,SUSPENDED_PENDING_REVIEW,2026-06-30,2026-05-15,SYNTHETIC_RISK_SCENARIO
500159,TST-U00159,TST-U00159,500,501,3PN,3,2,109.29,130.73,5,LOW,N,S,CITY_OPEN,True,0.836,6.7,False,0,0.19,30.7,NONE,False,SYNTHETIC,RISK_PROJECT_BASELINE,Tổ hợp thương mại căn hộ Phú Mỹ,1248,3000,20260630,TC-01,SUSPENDED_PENDING_REVIEW,2026-06-30,2026-05-15,SYNTHETIC_RISK_SCENARIO
500160,TST-U00160,TST-U00160,500,501,3PN,3,2,95.44,108.58,5,LOW,SE,SE,OBSTRUCTED,False,0.879,4.2,False,0,0.13,12.5,NONE,False,SYNTHETIC,RISK_PROJECT_BASELINE,Tổ hợp thương mại căn hộ Phú Mỹ,1248,3000,20260630,TC-01,SUSPENDED_PENDING_REVIEW,2026-06-30,2026-05-15,SYNTHETIC_RISK_SCENARIO
500161,TST-U00161,TST-U00161,500,501,3PN,3,2,103.22,123.47,5,LOW,NE,N,OBSTRUCTED,False,0.836,2.9,False,1,0.2,15.3,NONE,False,SYNTHETIC,RISK_PROJECT_BASELINE,Tổ hợp thương mại căn hộ Phú Mỹ,1248,3000,20260630,TC-01,SUSPENDED_PENDING_REVIEW,2026-06-30,2026-05-15,SYNTHETIC_RISK_SCENARIO
500162,TST-U00162,TST-U00162,500,501,2PN,2,2,76.93,94.51,5,LOW,NW,W,CITY_OPEN,False,0.814,4.8,False,1,0.67,48.8,WASTE_STATION,False,SYNTHETIC,RISK_PROJECT_BASELINE,Tổ hợp thương mại căn hộ Phú Mỹ,1248,3000,20260630,TC-01,SUSPENDED_PENDING_REVIEW,2026-06-30,2026-05-15,SYNTHETIC_RISK_SCENARIO
500163,TST-U00163,TST-U00163,500,501,STUDIO,1,1,45.46,53.05,5,LOW,SW,E,OBSTRUCTED,True,0.857,2.9,False,0,0.62,11.1,NONE,False,SYNTHETIC,RISK_PROJECT_BASELINE,Tổ hợp thương mại căn hộ Phú Mỹ,1248,3000,20260630,TC-01,SUSPENDED_PENDING_REVIEW,2026-06-30,2026-05-15,SYNTHETIC_RISK_SCENARIO
500164,TST-U00164,TST-U00164,500,501,2PN,2,2,80.41,95.05,5,LOW,W,E,OBSTRUCTED,True,0.846,8.2,True,1,0.86,13.1,NONE,False,SYNTHETIC,RISK_PROJECT_BASELINE,Tổ hợp thương mại căn hộ Phú Mỹ,1248,3000,20260630,TC-01,SUSPENDED_PENDING_REVIEW,2026-06-30,2026-05-15,SYNTHETIC_RISK_SCENARIO
500165,TST-U00165,TST-U00165,500,501,1PN,1,1,51.11,62.63,5,LOW,W,SW,OBSTRUCTED,False,0.816,4.0,False,0,0.53,10.7,NONE,False,SYNTHETIC,RISK_PROJECT_BASELINE,Tổ hợp thương mại căn hộ Phú Mỹ,1248,3000,20260630,TC-01,SUSPENDED_PENDING_REVIEW,2026-06-30,2026-05-15,SYNTHETIC_RISK_SCENARIO
500166,TST-U00166,TST-U00166,500,501,1PN,1,1,57.05,68.32,5,LOW,E,SW,OBSTRUCTED,False,0.835,15.9,True,0,0.21,13.2,NONE,False,SYNTHETIC,RISK_PROJECT_BASELINE,Tổ hợp thương mại căn hộ Phú Mỹ,1248,3000,20260630,TC-01,SUSPENDED_PENDING_REVIEW,2026-06-30,2026-05-15,SYNTHETIC_RISK_SCENARIO
500167,TST-U00167,TST-U00167,500,501,2PN,2,2,84.99,102.52,5,LOW,S,S,OBSTRUCTED,False,0.829,15.4,False,0,0.09,6.6,NONE,False,SYNTHETIC,RISK_PROJECT_BASELINE,Tổ hợp thương mại căn hộ Phú Mỹ,1248,3000,20260630,TC-01,SUSPENDED_PENDING_REVIEW,2026-06-30,2026-05-15,SYNTHETIC_RISK_SCENARIO
500168,TST-U00168,TST-U00168,500,501,3PN,3,2,110.55,131.76,5,LOW,N,S,OBSTRUCTED,False,0.839,13.2,False,0,0.3,5.2,NONE,False,SYNTHETIC,RISK_PROJECT_BASELINE,Tổ hợp thương mại căn hộ Phú Mỹ,1248,3000,20260630,TC-01,SUSPENDED_PENDING_REVIEW,2026-06-30,2026-05-15,SYNTHETIC_RISK_SCENARIO
500169,TST-U00169,TST-U00169,500,501,2PN,2,2,82.7,101.6,5,LOW,NW,N,PARK,False,0.814,10.1,False,1,0.81,66.2,NONE,False,SYNTHETIC,RISK_PROJECT_BASELINE,Tổ hợp thương mại căn hộ Phú Mỹ,1248,3000,20260630,TC-01,SUSPENDED_PENDING_REVIEW,2026-06-30,2026-05-15,SYNTHETIC_RISK_SCENARIO
500170,TST-U00170,TST-U00170,500,501,2PN,2,2,74.92,91.14,5,LOW,N,E,CITY_OPEN,False,0.822,3.4,False,0,0.32,96.1,NONE,False,SYNTHETIC,RISK_PROJECT_BASELINE,Tổ hợp thương mại căn hộ Phú Mỹ,1248,3000,20260630,TC-01,SUSPENDED_PENDING_REVIEW,2026-06-30,2026-05-15,SYNTHETIC_RISK_SCENARIO
500171,TST-U00171,TST-U00171,500,501,2PN,2,2,72.19,83.94,5,LOW,SW,SW,OBSTRUCTED,False,0.86,2.3,True,0,0.66,11.5,NONE,False,SYNTHETIC,RISK_PROJECT_BASELINE,Tổ hợp thương mại căn hộ Phú Mỹ,1248,3000,20260630,TC-01,SUSPENDED_PENDING_REVIEW,2026-06-30,2026-05-15,SYNTHETIC_RISK_SCENARIO
500172,TST-U00172,TST-U00172,500,501,2PN,2,2,69.44,84.99,5,LOW,N,NW,POOL,True,0.817,6.2,False,1,0.15,64.8,NONE,False,SYNTHETIC,RISK_PROJECT_BASELINE,Tổ hợp thương mại căn hộ Phú Mỹ,1248,3000,20260630,TC-01,SUSPENDED_PENDING_REVIEW,2026-06-30,2026-05-15,SYNTHETIC_RISK_SCENARIO
500173,TST-U00173,TST-U00173,500,501,1PN,1,1,57.7,66.09,5,LOW,NE,W,CITY_OPEN,False,0.873,3.6,False,1,0.14,78.7,NONE,False,SYNTHETIC,RISK_PROJECT_BASELINE,Tổ hợp thương mại căn hộ Phú Mỹ,1248,3000,20260630,TC-01,SUSPENDED_PENDING_REVIEW,2026-06-30,2026-05-15,SYNTHETIC_RISK_SCENARIO
500174,TST-U00174,TST-U00174,500,501,3PN,3,2,96.9,109.62,5,LOW,SW,E,OBSTRUCTED,False,0.884,13.7,False,1,0.85,11.1,NONE,False,SYNTHETIC,RISK_PROJECT_BASELINE,Tổ hợp thương mại căn hộ Phú Mỹ,1248,3000,20260630,TC-01,SUSPENDED_PENDING_REVIEW,2026-06-30,2026-05-15,SYNTHETIC_RISK_SCENARIO
500175,TST-U00175,TST-U00175,500,501,2PN,2,2,74.12,86.49,5,LOW,S,E,OBSTRUCTED,False,0.857,10.1,False,1,0.05,16.2,NONE,False,SYNTHETIC,RISK_PROJECT_BASELINE,Tổ hợp thương mại căn hộ Phú Mỹ,1248,3000,20260630,TC-01,SUSPENDED_PENDING_REVIEW,2026-06-30,2026-05-15,SYNTHETIC_RISK_SCENARIO
500176,TST-U00176,TST-U00176,500,501,STUDIO,1,1,42.17,51.93,5,LOW,N,N,OBSTRUCTED,False,0.812,13.6,False,0,0.02,15.6,WASTE_STATION,False,SYNTHETIC,RISK_PROJECT_BASELINE,Tổ hợp thương mại căn hộ Phú Mỹ,1248,3000,20260630,TC-01,SUSPENDED_PENDING_REVIEW,2026-06-30,2026-05-15,SYNTHETIC_RISK_SCENARIO
500177,TST-U00177,TST-U00177,500,501,1PN,1,1,54.3,67.45,5,LOW,NW,E,CITY_OPEN,False,0.805,5.9,False,0,0.72,80.0,NONE,False,SYNTHETIC,RISK_PROJECT_BASELINE,Tổ hợp thương mại căn hộ Phú Mỹ,1248,3000,20260630,TC-01,SUSPENDED_PENDING_REVIEW,2026-06-30,2026-05-15,SYNTHETIC_RISK_SCENARIO
500178,TST-U00178,TST-U00178,500,501,2PN,2,2,76.58,91.71,5,LOW,SE,S,PARK,False,0.835,5.5,False,1,0.19,41.6,NONE,False,SYNTHETIC,RISK_PROJECT_BASELINE,Tổ hợp thương mại căn hộ Phú Mỹ,1248,3000,20260630,TC-01,SUSPENDED_PENDING_REVIEW,2026-06-30,2026-05-15,SYNTHETIC_RISK_SCENARIO
500179,TST-U00179,TST-U00179,500,501,3PN,3,2,101.76,119.02,5,LOW,W,NW,OBSTRUCTED,False,0.855,6.6,True,0,0.93,12.1,NONE,False,SYNTHETIC,RISK_PROJECT_BASELINE,Tổ hợp thương mại căn hộ Phú Mỹ,1248,3000,20260630,TC-01,SUSPENDED_PENDING_REVIEW,2026-06-30,2026-05-15,SYNTHETIC_RISK_SCENARIO
500180,TST-U00180,TST-U00180,500,501,2PN,2,2,76.15,93.44,5,LOW,SW,NW,OBSTRUCTED,False,0.815,8.6,False,0,0.74,9.6,NONE,False,SYNTHETIC,RISK_PROJECT_BASELINE,Tổ hợp thương mại căn hộ Phú Mỹ,1248,3000,20260630,TC-01,SUSPENDED_PENDING_REVIEW,2026-06-30,2026-05-15,SYNTHETIC_RISK_SCENARIO
500181,TST-U00181,TST-U00181,500,501,1PN,1,1,55.61,66.36,5,LOW,SE,N,CITY_OPEN,False,0.838,5.6,False,0,0.12,70.2,NONE,False,SYNTHETIC,RISK_PROJECT_BASELINE,Tổ hợp thương mại căn hộ Phú Mỹ,1248,3000,20260630,TC-01,SUSPENDED_PENDING_REVIEW,2026-06-30,2026-05-15,SYNTHETIC_RISK_SCENARIO
500182,TST-U00182,TST-U00182,500,501,STUDIO,1,1,42.56,48.09,5,LOW,E,E,CITY_OPEN,True,0.885,5.7,False,0,0.26,53.5,NONE,False,SYNTHETIC,RISK_PROJECT_BASELINE,Tổ hợp thương mại căn hộ Phú Mỹ,1248,3000,20260630,TC-01,SUSPENDED_PENDING_REVIEW,2026-06-30,2026-05-15,SYNTHETIC_RISK_SCENARIO
500183,TST-U00183,TST-U00183,500,501,3PN,3,2,108.36,123.28,5,LOW,W,N,OBSTRUCTED,False,0.879,7.5,False,2,0.63,17.1,NONE,False,SYNTHETIC,RISK_PROJECT_BASELINE,Tổ hợp thương mại căn hộ Phú Mỹ,1248,3000,20260630,TC-01,SUSPENDED_PENDING_REVIEW,2026-06-30,2026-05-15,SYNTHETIC_RISK_SCENARIO
500184,TST-U00184,TST-U00184,500,501,2PN,2,2,72.9,82.84,5,LOW,SE,N,POOL,False,0.88,2.5,False,0,0.12,90.3,NONE,False,SYNTHETIC,RISK_PROJECT_BASELINE,Tổ hợp thương mại căn hộ Phú Mỹ,1248,3000,20260630,TC-01,SUSPENDED_PENDING_REVIEW,2026-06-30,2026-05-15,SYNTHETIC_RISK_SCENARIO
500185,TST-U00185,TST-U00185,500,501,1PN,1,1,54.03,65.81,5,LOW,W,E,CITY_OPEN,False,0.821,5.6,False,0,0.78,87.3,NONE,False,SYNTHETIC,RISK_PROJECT_BASELINE,Tổ hợp thương mại căn hộ Phú Mỹ,1248,3000,20260630,TC-01,SUSPENDED_PENDING_REVIEW,2026-06-30,2026-05-15,SYNTHETIC_RISK_SCENARIO
500186,TST-U00186,TST-U00186,500,501,2PN,2,2,80.63,97.26,5,LOW,S,N,OBSTRUCTED,False,0.829,13.6,False,0,0.07,15.0,NONE,False,SYNTHETIC,RISK_PROJECT_BASELINE,Tổ hợp thương mại căn hộ Phú Mỹ,1248,3000,20260630,TC-01,SUSPENDED_PENDING_REVIEW,2026-06-30,2026-05-15,SYNTHETIC_RISK_SCENARIO
500187,TST-U00187,TST-U00187,500,501,2PN,2,2,76.2,95.25,5,LOW,SW,E,CITY_OPEN,False,0.8,4.9,False,0,0.85,35.3,WASTE_STATION,False,SYNTHETIC,RISK_PROJECT_BASELINE,Tổ hợp thương mại căn hộ Phú Mỹ,1248,3000,20260630,TC-01,SUSPENDED_PENDING_REVIEW,2026-06-30,2026-05-15,SYNTHETIC_RISK_SCENARIO
500188,TST-U00188,TST-U00188,500,501,1PN,1,1,54.79,68.15,5,LOW,E,SE,OBSTRUCTED,False,0.804,12.6,False,0,0.16,15.2,NONE,False,SYNTHETIC,RISK_PROJECT_BASELINE,Tổ hợp thương mại căn hộ Phú Mỹ,1248,3000,20260630,TC-01,SUSPENDED_PENDING_REVIEW,2026-06-30,2026-05-15,SYNTHETIC_RISK_SCENARIO
500189,TST-U00189,TST-U00189,500,501,3PN,3,2,94.02,108.82,5,LOW,SW,W,OBSTRUCTED,False,0.864,15.6,True,1,0.81,5.8,NONE,False,SYNTHETIC,RISK_PROJECT_BASELINE,Tổ hợp thương mại căn hộ Phú Mỹ,1248,3000,20260630,TC-01,SUSPENDED_PENDING_REVIEW,2026-06-30,2026-05-15,SYNTHETIC_RISK_SCENARIO
500190,TST-U00190,TST-U00190,500,501,STUDIO,1,1,46.58,54.8,5,LOW,W,SE,OBSTRUCTED,False,0.85,13.3,False,0,0.83,15.3,NONE,False,SYNTHETIC,RISK_PROJECT_BASELINE,Tổ hợp thương mại căn hộ Phú Mỹ,1248,3000,20260630,TC-01,SUSPENDED_PENDING_REVIEW,2026-06-30,2026-05-15,SYNTHETIC_RISK_SCENARIO
500191,TST-U00191,TST-U00191,500,501,1PN,1,1,52.33,59.53,5,LOW,NE,N,POOL,True,0.879,3.0,True,0,0.28,101.7,NONE,False,SYNTHETIC,RISK_PROJECT_BASELINE,Tổ hợp thương mại căn hộ Phú Mỹ,1248,3000,20260630,TC-01,SUSPENDED_PENDING_REVIEW,2026-06-30,2026-05-15,SYNTHETIC_RISK_SCENARIO
500192,TST-U00192,TST-U00192,500,501,2PN,2,2,75.67,92.73,5,LOW,S,SE,CITY_OPEN,True,0.816,3.6,False,0,0.3,91.4,CEMETERY,False,SYNTHETIC,RISK_PROJECT_BASELINE,Tổ hợp thương mại căn hộ Phú Mỹ,1248,3000,20260630,TC-01,SUSPENDED_PENDING_REVIEW,2026-06-30,2026-05-15,SYNTHETIC_RISK_SCENARIO
500193,TST-U00193,TST-U00193,500,501,2PN,2,2,78.05,95.77,5,LOW,NW,NW,OBSTRUCTED,False,0.815,6.2,False,0,0.69,9.6,NONE,False,SYNTHETIC,RISK_PROJECT_BASELINE,Tổ hợp thương mại căn hộ Phú Mỹ,1248,3000,20260630,TC-01,SUSPENDED_PENDING_REVIEW,2026-06-30,2026-05-15,SYNTHETIC_RISK_SCENARIO
500194,TST-U00194,TST-U00194,500,501,2PN,2,2,80.21,99.27,5,LOW,E,SW,OBSTRUCTED,False,0.808,6.7,False,1,0.28,7.6,NONE,False,SYNTHETIC,RISK_PROJECT_BASELINE,Tổ hợp thương mại căn hộ Phú Mỹ,1248,3000,20260630,TC-01,SUSPENDED_PENDING_REVIEW,2026-06-30,2026-05-15,SYNTHETIC_RISK_SCENARIO
500195,TST-U00195,TST-U00195,500,501,1PN,1,1,56.91,65.19,5,LOW,NE,NE,OBSTRUCTED,False,0.873,15.7,False,0,0.1,11.6,NONE,False,SYNTHETIC,RISK_PROJECT_BASELINE,Tổ hợp thương mại căn hộ Phú Mỹ,1248,3000,20260630,TC-01,SUSPENDED_PENDING_REVIEW,2026-06-30,2026-05-15,SYNTHETIC_RISK_SCENARIO
500196,TST-U00196,TST-U00196,500,501,2PN,2,2,82.72,97.2,5,LOW,S,NW,POOL,True,0.851,12.8,False,0,0.25,50.3,NONE,False,SYNTHETIC,RISK_PROJECT_BASELINE,Tổ hợp thương mại căn hộ Phú Mỹ,1248,3000,20260630,TC-01,SUSPENDED_PENDING_REVIEW,2026-06-30,2026-05-15,SYNTHETIC_RISK_SCENARIO
500197,TST-U00197,TST-U00197,500,501,2PN,2,2,81.74,95.38,5,LOW,SW,E,OBSTRUCTED,False,0.857,5.6,False,1,0.55,8.3,NONE,False,SYNTHETIC,RISK_PROJECT_BASELINE,Tổ hợp thương mại căn hộ Phú Mỹ,1248,3000,20260630,TC-01,SUSPENDED_PENDING_REVIEW,2026-06-30,2026-05-15,SYNTHETIC_RISK_SCENARIO
500198,TST-U00198,TST-U00198,500,501,1PN,1,1,54.37,67.29,5,LOW,E,E,OBSTRUCTED,False,0.808,10.7,True,1,0.15,13.1,NONE,False,SYNTHETIC,RISK_PROJECT_BASELINE,Tổ hợp thương mại căn hộ Phú Mỹ,1248,3000,20260630,TC-01,SUSPENDED_PENDING_REVIEW,2026-06-30,2026-05-15,SYNTHETIC_RISK_SCENARIO
500199,TST-U00199,TST-U00199,500,501,STUDIO,1,1,40.55,46.5,6,MID,S,S,PARK,False,0.872,7.5,False,0,0.09,32.8,NONE,False,SYNTHETIC,RISK_PROJECT_BASELINE,Tổ hợp thương mại căn hộ Phú Mỹ,1248,3000,20260630,TC-01,SUSPENDED_PENDING_REVIEW,2026-06-30,2026-05-15,SYNTHETIC_RISK_SCENARIO
500200,TST-U00200,TST-U00200,500,501,1PN,1,1,55.26,63.15,6,MID,NW,E,OBSTRUCTED,True,0.875,4.1,False,0,0.63,9.8,NONE,False,SYNTHETIC,RISK_PROJECT_BASELINE,Tổ hợp thương mại căn hộ Phú Mỹ,1248,3000,20260630,TC-01,SUSPENDED_PENDING_REVIEW,2026-06-30,2026-05-15,SYNTHETIC_RISK_SCENARIO
500201,TST-U00201,TST-U00201,500,501,1PN,1,1,57.08,69.36,6,MID,S,SW,OBSTRUCTED,False,0.823,8.1,True,1,0.32,6.6,NONE,False,SYNTHETIC,RISK_PROJECT_BASELINE,Tổ hợp thương mại căn hộ Phú Mỹ,1248,3000,20260630,TC-01,SUSPENDED_PENDING_REVIEW,2026-06-30,2026-05-15,SYNTHETIC_RISK_SCENARIO
500202,TST-U00202,TST-U00202,500,501,2PN,2,2,81.04,93.15,6,MID,SE,NW,OBSTRUCTED,False,0.87,2.5,True,0,0.03,15.0,NONE,False,SYNTHETIC,RISK_PROJECT_BASELINE,Tổ hợp thương mại căn hộ Phú Mỹ,1248,3000,20260630,TC-01,SUSPENDED_PENDING_REVIEW,2026-06-30,2026-05-15,SYNTHETIC_RISK_SCENARIO
500203,TST-U00203,TST-U00203,500,501,3PN,3,2,103.88,118.18,6,MID,SW,SE,CITY_OPEN,False,0.879,2.2,False,0,0.61,78.0,NONE,False,SYNTHETIC,RISK_PROJECT_BASELINE,Tổ hợp thương mại căn hộ Phú Mỹ,1248,3000,20260630,TC-01,SUSPENDED_PENDING_REVIEW,2026-06-30,2026-05-15,SYNTHETIC_RISK_SCENARIO
500204,TST-U00204,TST-U00204,500,501,1PN,1,1,48.23,59.32,6,MID,E,NE,PARK,False,0.813,5.0,False,0,0.21,55.9,NONE,False,SYNTHETIC,RISK_PROJECT_BASELINE,Tổ hợp thương mại căn hộ Phú Mỹ,1248,3000,20260630,TC-01,SUSPENDED_PENDING_REVIEW,2026-06-30,2026-05-15,SYNTHETIC_RISK_SCENARIO
500205,TST-U00205,TST-U00205,500,501,3PN,3,2,106.35,130.97,6,MID,W,E,POOL,False,0.812,9.1,False,0,0.74,73.6,NONE,False,SYNTHETIC,RISK_PROJECT_BASELINE,Tổ hợp thương mại căn hộ Phú Mỹ,1248,3000,20260630,TC-01,SUSPENDED_PENDING_REVIEW,2026-06-30,2026-05-15,SYNTHETIC_RISK_SCENARIO
500206,TST-U00206,TST-U00206,500,501,2PN,2,2,79.04,88.81,6,MID,SE,SE,OBSTRUCTED,False,0.89,11.2,True,0,0.19,15.0,NONE,False,SYNTHETIC,RISK_PROJECT_BASELINE,Tổ hợp thương mại căn hộ Phú Mỹ,1248,3000,20260630,TC-01,SUSPENDED_PENDING_REVIEW,2026-06-30,2026-05-15,SYNTHETIC_RISK_SCENARIO
500207,TST-U00207,TST-U00207,500,501,2PN,2,2,74.79,86.06,6,MID,SW,NE,OBSTRUCTED,False,0.869,5.6,False,0,0.85,17.5,CEMETERY,False,SYNTHETIC,RISK_PROJECT_BASELINE,Tổ hợp thương mại căn hộ Phú Mỹ,1248,3000,20260630,TC-01,SUSPENDED_PENDING_REVIEW,2026-06-30,2026-05-15,SYNTHETIC_RISK_SCENARIO
500208,TST-U00208,TST-U00208,500,501,3PN,3,2,94.46,111.65,6,MID,SW,E,PARK,False,0.846,13.9,False,0,0.84,37.4,NONE,False,SYNTHETIC,RISK_PROJECT_BASELINE,Tổ hợp thương mại căn hộ Phú Mỹ,1248,3000,20260630,TC-01,SUSPENDED_PENDING_REVIEW,2026-06-30,2026-05-15,SYNTHETIC_RISK_SCENARIO
500209,TST-U00209,TST-U00209,500,501,2PN,2,2,68.82,82.62,6,MID,S,S,CITY_OPEN,False,0.833,9.1,False,0,0.1,48.2,NONE,False,SYNTHETIC,RISK_PROJECT_BASELINE,Tổ hợp thương mại căn hộ Phú Mỹ,1248,3000,20260630,TC-01,SUSPENDED_PENDING_REVIEW,2026-06-30,2026-05-15,SYNTHETIC_RISK_SCENARIO
500210,TST-U00210,TST-U00210,500,501,2PN,2,2,83.13,102.13,6,MID,SW,N,OBSTRUCTED,False,0.814,4.7,False,0,0.56,9.1,NONE,False,SYNTHETIC,RISK_PROJECT_BASELINE,Tổ hợp thương mại căn hộ Phú Mỹ,1248,3000,20260630,TC-01,SUSPENDED_PENDING_REVIEW,2026-06-30,2026-05-15,SYNTHETIC_RISK_SCENARIO
500211,TST-U00211,TST-U00211,500,501,3PN,3,2,93.42,113.37,6,MID,SE,W,CITY_OPEN,True,0.824,8.7,False,1,0.28,98.2,NONE,False,SYNTHETIC,RISK_PROJECT_BASELINE,Tổ hợp thương mại căn hộ Phú Mỹ,1248,3000,20260630,TC-01,SUSPENDED_PENDING_REVIEW,2026-06-30,2026-05-15,SYNTHETIC_RISK_SCENARIO
500212,TST-U00212,TST-U00212,500,501,2PN,2,2,72.04,85.25,6,MID,E,S,OBSTRUCTED,False,0.845,3.6,False,1,0.15,14.2,NONE,False,SYNTHETIC,RISK_PROJECT_BASELINE,Tổ hợp thương mại căn hộ Phú Mỹ,1248,3000,20260630,TC-01,SUSPENDED_PENDING_REVIEW,2026-06-30,2026-05-15,SYNTHETIC_RISK_SCENARIO
500213,TST-U00213,TST-U00213,500,501,2PN,2,2,77.45,94.8,6,MID,SE,N,OBSTRUCTED,True,0.817,14.7,True,0,0.23,5.2,WASTE_STATION,False,SYNTHETIC,RISK_PROJECT_BASELINE,Tổ hợp thương mại căn hộ Phú Mỹ,1248,3000,20260630,TC-01,SUSPENDED_PENDING_REVIEW,2026-06-30,2026-05-15,SYNTHETIC_RISK_SCENARIO
500214,TST-U00214,TST-U00214,500,501,2PN,2,2,77.78,92.05,6,MID,SE,W,PARK,False,0.845,2.3,False,0,0.29,86.4,NONE,False,SYNTHETIC,RISK_PROJECT_BASELINE,Tổ hợp thương mại căn hộ Phú Mỹ,1248,3000,20260630,TC-01,SUSPENDED_PENDING_REVIEW,2026-06-30,2026-05-15,SYNTHETIC_RISK_SCENARIO
500215,TST-U00215,TST-U00215,500,501,3PN,3,2,106.78,120.38,6,MID,N,SE,CITY_OPEN,False,0.887,2.5,False,0,0.2,74.4,NONE,False,SYNTHETIC,RISK_PROJECT_BASELINE,Tổ hợp thương mại căn hộ Phú Mỹ,1248,3000,20260630,TC-01,SUSPENDED_PENDING_REVIEW,2026-06-30,2026-05-15,SYNTHETIC_RISK_SCENARIO
500216,TST-U00216,TST-U00216,500,501,1PN,1,1,52.83,61.08,6,MID,S,SE,POOL,False,0.865,7.9,False,0,0.05,65.6,WASTE_STATION,False,SYNTHETIC,RISK_PROJECT_BASELINE,Tổ hợp thương mại căn hộ Phú Mỹ,1248,3000,20260630,TC-01,SUSPENDED_PENDING_REVIEW,2026-06-30,2026-05-15,SYNTHETIC_RISK_SCENARIO
500217,TST-U00217,TST-U00217,500,501,3PN,3,2,100.88,125.79,6,MID,S,W,POOL,False,0.802,7.7,False,0,0.05,98.1,NONE,False,SYNTHETIC,RISK_PROJECT_BASELINE,Tổ hợp thương mại căn hộ Phú Mỹ,1248,3000,20260630,TC-01,SUSPENDED_PENDING_REVIEW,2026-06-30,2026-05-15,SYNTHETIC_RISK_SCENARIO
500218,TST-U00218,TST-U00218,500,501,1PN,1,1,58.69,72.64,6,MID,SW,N,CITY_OPEN,False,0.808,6.8,False,1,0.66,102.7,WASTE_STATION,False,SYNTHETIC,RISK_PROJECT_BASELINE,Tổ hợp thương mại căn hộ Phú Mỹ,1248,3000,20260630,TC-01,SUSPENDED_PENDING_REVIEW,2026-06-30,2026-05-15,SYNTHETIC_RISK_SCENARIO
500219,TST-U00219,TST-U00219,500,501,3PN,3,2,108.36,128.54,6,MID,E,S,PARK,False,0.843,14.8,True,0,0.1,99.3,NONE,False,SYNTHETIC,RISK_PROJECT_BASELINE,Tổ hợp thương mại căn hộ Phú Mỹ,1248,3000,20260630,TC-01,SUSPENDED_PENDING_REVIEW,2026-06-30,2026-05-15,SYNTHETIC_RISK_SCENARIO
500220,TST-U00220,TST-U00220,500,501,STUDIO,1,1,38.78,46.44,6,MID,SW,N,OBSTRUCTED,True,0.835,8.2,False,1,0.8,6.5,NONE,False,SYNTHETIC,RISK_PROJECT_BASELINE,Tổ hợp thương mại căn hộ Phú Mỹ,1248,3000,20260630,TC-01,SUSPENDED_PENDING_REVIEW,2026-06-30,2026-05-15,SYNTHETIC_RISK_SCENARIO
500221,TST-U00221,TST-U00221,500,501,2PN,2,2,77.23,87.76,6,MID,W,E,CITY_OPEN,False,0.88,1.7,False,1,0.71,95.1,NONE,False,SYNTHETIC,RISK_PROJECT_BASELINE,Tổ hợp thương mại căn hộ Phú Mỹ,1248,3000,20260630,TC-01,SUSPENDED_PENDING_REVIEW,2026-06-30,2026-05-15,SYNTHETIC_RISK_SCENARIO
500222,TST-U00222,TST-U00222,500,501,1PN,1,1,59.88,67.66,6,MID,S,NE,OBSTRUCTED,False,0.885,10.4,False,0,0.31,16.2,NONE,False,SYNTHETIC,RISK_PROJECT_BASELINE,Tổ hợp thương mại căn hộ Phú Mỹ,1248,3000,20260630,TC-01,SUSPENDED_PENDING_REVIEW,2026-06-30,2026-05-15,SYNTHETIC_RISK_SCENARIO
500223,TST-U00223,TST-U00223,500,501,2PN,2,2,81.03,95.11,6,MID,NE,E,OBSTRUCTED,True,0.852,10.5,False,0,0.32,8.2,NONE,False,SYNTHETIC,RISK_PROJECT_BASELINE,Tổ hợp thương mại căn hộ Phú Mỹ,1248,3000,20260630,TC-01,SUSPENDED_PENDING_REVIEW,2026-06-30,2026-05-15,SYNTHETIC_RISK_SCENARIO
500224,TST-U00224,TST-U00224,500,501,3PN,3,2,105.83,128.75,6,MID,SE,NW,OBSTRUCTED,True,0.822,14.7,False,0,0.32,10.2,NONE,False,SYNTHETIC,RISK_PROJECT_BASELINE,Tổ hợp thương mại căn hộ Phú Mỹ,1248,3000,20260630,TC-01,SUSPENDED_PENDING_REVIEW,2026-06-30,2026-05-15,SYNTHETIC_RISK_SCENARIO
500225,TST-U00225,TST-U00225,500,501,2PN,2,2,78.35,93.16,6,MID,NE,N,OBSTRUCTED,False,0.841,9.9,False,0,0.29,13.3,NONE,False,SYNTHETIC,RISK_PROJECT_BASELINE,Tổ hợp thương mại căn hộ Phú Mỹ,1248,3000,20260630,TC-01,SUSPENDED_PENDING_REVIEW,2026-06-30,2026-05-15,SYNTHETIC_RISK_SCENARIO
500226,TST-U00226,TST-U00226,500,501,2PN,2,2,85.97,107.33,6,MID,E,NW,OBSTRUCTED,False,0.801,5.6,False,0,0.03,7.7,NONE,False,SYNTHETIC,RISK_PROJECT_BASELINE,Tổ hợp thương mại căn hộ Phú Mỹ,1248,3000,20260630,TC-01,SUSPENDED_PENDING_REVIEW,2026-06-30,2026-05-15,SYNTHETIC_RISK_SCENARIO
500227,TST-U00227,TST-U00227,500,501,2PN,2,2,70.3,87.11,6,MID,N,S,OBSTRUCTED,False,0.807,14.9,False,0,0.13,11.1,NONE,False,SYNTHETIC,RISK_PROJECT_BASELINE,Tổ hợp thương mại căn hộ Phú Mỹ,1248,3000,20260630,TC-01,SUSPENDED_PENDING_REVIEW,2026-06-30,2026-05-15,SYNTHETIC_RISK_SCENARIO
500228,TST-U00228,TST-U00228,500,501,2PN,2,2,76.08,91.55,6,MID,NW,NW,OBSTRUCTED,True,0.831,13.9,False,0,0.8,5.6,NONE,False,SYNTHETIC,RISK_PROJECT_BASELINE,Tổ hợp thương mại căn hộ Phú Mỹ,1248,3000,20260630,TC-01,SUSPENDED_PENDING_REVIEW,2026-06-30,2026-05-15,SYNTHETIC_RISK_SCENARIO
500229,TST-U00229,TST-U00229,500,501,1PN,1,1,54.67,63.06,6,MID,E,NW,OBSTRUCTED,False,0.867,10.5,False,1,0.2,6.3,NONE,False,SYNTHETIC,RISK_PROJECT_BASELINE,Tổ hợp thương mại căn hộ Phú Mỹ,1248,3000,20260630,TC-01,SUSPENDED_PENDING_REVIEW,2026-06-30,2026-05-15,SYNTHETIC_RISK_SCENARIO
500230,TST-U00230,TST-U00230,500,501,3PN,3,2,113.82,130.68,6,MID,SE,S,OBSTRUCTED,True,0.871,6.1,False,1,0.16,12.0,NONE,False,SYNTHETIC,RISK_PROJECT_BASELINE,Tổ hợp thương mại căn hộ Phú Mỹ,1248,3000,20260630,TC-01,SUSPENDED_PENDING_REVIEW,2026-06-30,2026-05-15,SYNTHETIC_RISK_SCENARIO
500231,TST-U00231,TST-U00231,500,501,STUDIO,1,1,43.38,48.8,6,MID,S,N,PARK,False,0.889,11.0,True,0,0.24,38.2,NONE,False,SYNTHETIC,RISK_PROJECT_BASELINE,Tổ hợp thương mại căn hộ Phú Mỹ,1248,3000,20260630,TC-01,SUSPENDED_PENDING_REVIEW,2026-06-30,2026-05-15,SYNTHETIC_RISK_SCENARIO
500232,TST-U00232,TST-U00232,500,501,2PN,2,2,71.72,81.32,6,MID,S,SE,OBSTRUCTED,True,0.882,4.5,False,2,0.24,5.8,NONE,False,SYNTHETIC,RISK_PROJECT_BASELINE,Tổ hợp thương mại căn hộ Phú Mỹ,1248,3000,20260630,TC-01,SUSPENDED_PENDING_REVIEW,2026-06-30,2026-05-15,SYNTHETIC_RISK_SCENARIO
500233,TST-U00233,TST-U00233,500,501,STUDIO,1,1,43.59,52.33,6,MID,E,E,CITY_OPEN,False,0.833,11.8,False,1,0.17,96.0,NONE,False,SYNTHETIC,RISK_PROJECT_BASELINE,Tổ hợp thương mại căn hộ Phú Mỹ,1248,3000,20260630,TC-01,SUSPENDED_PENDING_REVIEW,2026-06-30,2026-05-15,SYNTHETIC_RISK_SCENARIO
500234,TST-U00234,TST-U00234,500,501,2PN,2,2,76.71,95.17,6,MID,S,W,OBSTRUCTED,True,0.806,10.7,False,0,0.23,11.4,WASTE_STATION,False,SYNTHETIC,RISK_PROJECT_BASELINE,Tổ hợp thương mại căn hộ Phú Mỹ,1248,3000,20260630,TC-01,SUSPENDED_PENDING_REVIEW,2026-06-30,2026-05-15,SYNTHETIC_RISK_SCENARIO
500235,TST-U00235,TST-U00235,500,501,STUDIO,1,1,43.8,54.75,6,MID,S,S,CITY_OPEN,False,0.8,7.3,False,0,0.04,76.1,NONE,False,SYNTHETIC,RISK_PROJECT_BASELINE,Tổ hợp thương mại căn hộ Phú Mỹ,1248,3000,20260630,TC-01,SUSPENDED_PENDING_REVIEW,2026-06-30,2026-05-15,SYNTHETIC_RISK_SCENARIO
500236,TST-U00236,TST-U00236,500,501,1PN,1,1,49.37,60.88,6,MID,W,SW,OBSTRUCTED,False,0.811,8.7,False,1,0.88,17.4,NONE,False,SYNTHETIC,RISK_PROJECT_BASELINE,Tổ hợp thương mại căn hộ Phú Mỹ,1248,3000,20260630,TC-01,SUSPENDED_PENDING_REVIEW,2026-06-30,2026-05-15,SYNTHETIC_RISK_SCENARIO
500237,TST-U00237,TST-U00237,500,501,1PN,1,1,56.72,64.75,6,MID,E,SE,PARK,False,0.876,11.7,False,0,0.13,88.1,NONE,False,SYNTHETIC,RISK_PROJECT_BASELINE,Tổ hợp thương mại căn hộ Phú Mỹ,1248,3000,20260630,TC-01,SUSPENDED_PENDING_REVIEW,2026-06-30,2026-05-15,SYNTHETIC_RISK_SCENARIO
500238,TST-U00238,TST-U00238,500,501,1PN,1,1,53.2,62.66,6,MID,N,NW,OBSTRUCTED,True,0.849,6.0,False,0,0.06,6.8,NONE,False,SYNTHETIC,RISK_PROJECT_BASELINE,Tổ hợp thương mại căn hộ Phú Mỹ,1248,3000,20260630,TC-01,SUSPENDED_PENDING_REVIEW,2026-06-30,2026-05-15,SYNTHETIC_RISK_SCENARIO
500239,TST-U00239,TST-U00239,500,501,2PN,2,2,75.2,91.6,6,MID,SW,NW,OBSTRUCTED,False,0.821,8.2,False,1,0.87,16.0,NONE,False,SYNTHETIC,RISK_PROJECT_BASELINE,Tổ hợp thương mại căn hộ Phú Mỹ,1248,3000,20260630,TC-01,SUSPENDED_PENDING_REVIEW,2026-06-30,2026-05-15,SYNTHETIC_RISK_SCENARIO
500240,TST-U00240,TST-U00240,500,501,3PN,3,2,106.82,123.78,6,MID,S,NW,CITY_OPEN,True,0.863,10.4,False,1,0.18,68.4,NONE,False,SYNTHETIC,RISK_PROJECT_BASELINE,Tổ hợp thương mại căn hộ Phú Mỹ,1248,3000,20260630,TC-01,SUSPENDED_PENDING_REVIEW,2026-06-30,2026-05-15,SYNTHETIC_RISK_SCENARIO
500241,TST-U00241,TST-U00241,500,501,2PN,2,2,77.59,96.5,6,MID,W,SW,CITY_OPEN,False,0.804,7.6,False,0,0.51,102.7,NONE,False,SYNTHETIC,RISK_PROJECT_BASELINE,Tổ hợp thương mại căn hộ Phú Mỹ,1248,3000,20260630,TC-01,SUSPENDED_PENDING_REVIEW,2026-06-30,2026-05-15,SYNTHETIC_RISK_SCENARIO
500242,TST-U00242,TST-U00242,500,501,2PN,2,2,79.67,93.18,6,MID,NE,SW,OBSTRUCTED,False,0.855,8.9,False,0,0.32,5.2,NONE,False,SYNTHETIC,RISK_PROJECT_BASELINE,Tổ hợp thương mại căn hộ Phú Mỹ,1248,3000,20260630,TC-01,SUSPENDED_PENDING_REVIEW,2026-06-30,2026-05-15,SYNTHETIC_RISK_SCENARIO
500243,TST-U00243,TST-U00243,500,501,2PN,2,2,76.3,88.52,6,MID,W,W,CITY_OPEN,False,0.862,1.9,False,0,0.8,42.0,NONE,False,SYNTHETIC,RISK_PROJECT_BASELINE,Tổ hợp thương mại căn hộ Phú Mỹ,1248,3000,20260630,TC-01,SUSPENDED_PENDING_REVIEW,2026-06-30,2026-05-15,SYNTHETIC_RISK_SCENARIO
500244,TST-U00244,TST-U00244,500,501,1PN,1,1,60.9,74.54,6,MID,SE,N,PARK,False,0.817,4.5,False,0,0.31,81.4,NONE,False,SYNTHETIC,RISK_PROJECT_BASELINE,Tổ hợp thương mại căn hộ Phú Mỹ,1248,3000,20260630,TC-01,SUSPENDED_PENDING_REVIEW,2026-06-30,2026-05-15,SYNTHETIC_RISK_SCENARIO
500245,TST-U00245,TST-U00245,500,501,1PN,1,1,50.98,63.09,6,MID,NW,NW,CITY_OPEN,False,0.808,10.5,False,1,0.93,62.2,NONE,False,SYNTHETIC,RISK_PROJECT_BASELINE,Tổ hợp thương mại căn hộ Phú Mỹ,1248,3000,20260630,TC-01,SUSPENDED_PENDING_REVIEW,2026-06-30,2026-05-15,SYNTHETIC_RISK_SCENARIO
500246,TST-U00246,TST-U00246,500,501,3PN,3,2,102.33,117.08,6,MID,NE,E,PARK,False,0.874,13.1,True,0,0.16,32.8,NONE,False,SYNTHETIC,RISK_PROJECT_BASELINE,Tổ hợp thương mại căn hộ Phú Mỹ,1248,3000,20260630,TC-01,SUSPENDED_PENDING_REVIEW,2026-06-30,2026-05-15,SYNTHETIC_RISK_SCENARIO
500247,TST-U00247,TST-U00247,500,501,2PN,2,2,73.66,83.61,6,MID,E,SW,CITY_OPEN,False,0.881,6.2,False,1,0.15,88.0,NONE,False,SYNTHETIC,RISK_PROJECT_BASELINE,Tổ hợp thương mại căn hộ Phú Mỹ,1248,3000,20260630,TC-01,SUSPENDED_PENDING_REVIEW,2026-06-30,2026-05-15,SYNTHETIC_RISK_SCENARIO
500248,TST-U00248,TST-U00248,500,501,1PN,1,1,54.69,63.37,6,MID,W,SW,CITY_OPEN,True,0.863,12.3,True,1,0.61,56.9,NONE,False,SYNTHETIC,RISK_PROJECT_BASELINE,Tổ hợp thương mại căn hộ Phú Mỹ,1248,3000,20260630,TC-01,SUSPENDED_PENDING_REVIEW,2026-06-30,2026-05-15,SYNTHETIC_RISK_SCENARIO
500249,TST-U00249,TST-U00249,500,501,2PN,2,2,79.85,91.78,6,MID,N,NE,CITY_OPEN,False,0.87,12.6,True,1,0.22,100.5,NONE,False,SYNTHETIC,RISK_PROJECT_BASELINE,Tổ hợp thương mại căn hộ Phú Mỹ,1248,3000,20260630,TC-01,SUSPENDED_PENDING_REVIEW,2026-06-30,2026-05-15,SYNTHETIC_RISK_SCENARIO
500250,TST-U00250,TST-U00250,500,501,STUDIO,1,1,40.36,46.23,6,MID,E,NW,POOL,False,0.873,15.9,False,0,0.21,89.8,NONE,False,SYNTHETIC,RISK_PROJECT_BASELINE,Tổ hợp thương mại căn hộ Phú Mỹ,1248,3000,20260630,TC-01,SUSPENDED_PENDING_REVIEW,2026-06-30,2026-05-15,SYNTHETIC_RISK_SCENARIO
500251,TST-U00251,TST-U00251,500,501,3PN,3,2,106.0,120.32,6,MID,N,N,OBSTRUCTED,True,0.881,9.7,False,1,0.15,13.5,NONE,False,SYNTHETIC,RISK_PROJECT_BASELINE,Tổ hợp thương mại căn hộ Phú Mỹ,1248,3000,20260630,TC-01,SUSPENDED_PENDING_REVIEW,2026-06-30,2026-05-15,SYNTHETIC_RISK_SCENARIO
500252,TST-U00252,TST-U00252,500,501,1PN,1,1,59.88,67.74,6,MID,W,SW,OBSTRUCTED,False,0.884,7.0,False,0,0.72,5.0,NONE,False,SYNTHETIC,RISK_PROJECT_BASELINE,Tổ hợp thương mại căn hộ Phú Mỹ,1248,3000,20260630,TC-01,SUSPENDED_PENDING_REVIEW,2026-06-30,2026-05-15,SYNTHETIC_RISK_SCENARIO
500253,TST-U00253,TST-U00253,500,501,2PN,2,2,68.71,80.74,6,MID,NE,SW,PARK,False,0.851,10.0,False,1,0.25,84.8,NONE,False,SYNTHETIC,RISK_PROJECT_BASELINE,Tổ hợp thương mại căn hộ Phú Mỹ,1248,3000,20260630,TC-01,SUSPENDED_PENDING_REVIEW,2026-06-30,2026-05-15,SYNTHETIC_RISK_SCENARIO
500254,TST-U00254,TST-U00254,500,501,2PN,2,2,68.0,83.33,6,MID,W,E,OBSTRUCTED,False,0.816,4.0,False,0,0.63,7.9,NONE,False,SYNTHETIC,RISK_PROJECT_BASELINE,Tổ hợp thương mại căn hộ Phú Mỹ,1248,3000,20260630,TC-01,SUSPENDED_PENDING_REVIEW,2026-06-30,2026-05-15,SYNTHETIC_RISK_SCENARIO
500255,TST-U00255,TST-U00255,500,501,1PN,1,1,57.24,69.55,6,MID,W,SE,OBSTRUCTED,True,0.823,11.4,False,0,0.74,17.3,NONE,False,SYNTHETIC,RISK_PROJECT_BASELINE,Tổ hợp thương mại căn hộ Phú Mỹ,1248,3000,20260630,TC-01,SUSPENDED_PENDING_REVIEW,2026-06-30,2026-05-15,SYNTHETIC_RISK_SCENARIO
500256,TST-U00256,TST-U00256,500,501,3PN,3,2,105.02,123.41,6,MID,N,SW,OBSTRUCTED,False,0.851,11.5,False,0,0.03,14.9,NONE,False,SYNTHETIC,RISK_PROJECT_BASELINE,Tổ hợp thương mại căn hộ Phú Mỹ,1248,3000,20260630,TC-01,SUSPENDED_PENDING_REVIEW,2026-06-30,2026-05-15,SYNTHETIC_RISK_SCENARIO
500257,TST-U00257,TST-U00257,500,501,2PN,2,2,83.23,93.94,6,MID,S,S,CITY_OPEN,False,0.886,4.0,False,0,0.11,66.8,NONE,False,SYNTHETIC,RISK_PROJECT_BASELINE,Tổ hợp thương mại căn hộ Phú Mỹ,1248,3000,20260630,TC-01,SUSPENDED_PENDING_REVIEW,2026-06-30,2026-05-15,SYNTHETIC_RISK_SCENARIO
500258,TST-U00258,TST-U00258,500,501,1PN,1,1,58.3,68.19,6,MID,SE,W,OBSTRUCTED,False,0.855,6.8,True,0,0.23,16.8,NONE,False,SYNTHETIC,RISK_PROJECT_BASELINE,Tổ hợp thương mại căn hộ Phú Mỹ,1248,3000,20260630,TC-01,SUSPENDED_PENDING_REVIEW,2026-06-30,2026-05-15,SYNTHETIC_RISK_SCENARIO
500259,TST-U00259,TST-U00259,500,501,2PN,2,2,85.66,98.8,6,MID,SW,SW,CITY_OPEN,False,0.867,10.1,False,0,0.73,46.6,NONE,False,SYNTHETIC,RISK_PROJECT_BASELINE,Tổ hợp thương mại căn hộ Phú Mỹ,1248,3000,20260630,TC-01,SUSPENDED_PENDING_REVIEW,2026-06-30,2026-05-15,SYNTHETIC_RISK_SCENARIO
500260,TST-U00260,TST-U00260,500,501,2PN,2,2,78.07,88.21,6,MID,SE,S,OBSTRUCTED,False,0.885,6.9,False,0,0.17,13.2,NONE,False,SYNTHETIC,RISK_PROJECT_BASELINE,Tổ hợp thương mại căn hộ Phú Mỹ,1248,3000,20260630,TC-01,SUSPENDED_PENDING_REVIEW,2026-06-30,2026-05-15,SYNTHETIC_RISK_SCENARIO
500261,TST-U00261,TST-U00261,500,501,STUDIO,1,1,38.26,44.75,6,MID,E,W,OBSTRUCTED,False,0.855,14.2,False,0,0.12,11.3,NONE,False,SYNTHETIC,RISK_PROJECT_BASELINE,Tổ hợp thương mại căn hộ Phú Mỹ,1248,3000,20260630,TC-01,SUSPENDED_PENDING_REVIEW,2026-06-30,2026-05-15,SYNTHETIC_RISK_SCENARIO
500262,TST-U00262,TST-U00262,500,501,3PN,3,2,99.68,120.53,6,MID,SE,N,CITY_OPEN,False,0.827,12.4,False,0,0.25,49.8,NONE,False,SYNTHETIC,RISK_PROJECT_BASELINE,Tổ hợp thương mại căn hộ Phú Mỹ,1248,3000,20260630,TC-01,SUSPENDED_PENDING_REVIEW,2026-06-30,2026-05-15,SYNTHETIC_RISK_SCENARIO
500263,TST-U00263,TST-U00263,500,501,3PN,3,2,108.63,132.8,6,MID,SE,SE,CITY_OPEN,False,0.818,3.6,False,1,0.13,68.5,NONE,False,SYNTHETIC,RISK_PROJECT_BASELINE,Tổ hợp thương mại căn hộ Phú Mỹ,1248,3000,20260630,TC-01,SUSPENDED_PENDING_REVIEW,2026-06-30,2026-05-15,SYNTHETIC_RISK_SCENARIO
500264,TST-U00264,TST-U00264,500,501,2PN,2,2,75.85,90.84,6,MID,W,S,OBSTRUCTED,False,0.835,10.7,False,1,0.73,13.9,NONE,False,SYNTHETIC,RISK_PROJECT_BASELINE,Tổ hợp thương mại căn hộ Phú Mỹ,1248,3000,20260630,TC-01,SUSPENDED_PENDING_REVIEW,2026-06-30,2026-05-15,SYNTHETIC_RISK_SCENARIO
500265,TST-U00265,TST-U00265,500,501,2PN,2,2,78.85,94.77,7,MID,NW,SE,PARK,False,0.832,7.9,False,0,0.68,68.0,WASTE_STATION,True,SYNTHETIC,RISK_PROJECT_BASELINE,Tổ hợp thương mại căn hộ Phú Mỹ,1248,3000,20260630,TC-01,SUSPENDED_PENDING_REVIEW,2026-06-30,2026-05-15,SYNTHETIC_RISK_SCENARIO
500266,TST-U00266,TST-U00266,500,501,2PN,2,2,75.89,90.02,7,MID,E,NE,CITY_OPEN,False,0.843,13.6,False,0,0.13,64.3,NONE,True,SYNTHETIC,RISK_PROJECT_BASELINE,Tổ hợp thương mại căn hộ Phú Mỹ,1248,3000,20260630,TC-01,SUSPENDED_PENDING_REVIEW,2026-06-30,2026-05-15,SYNTHETIC_RISK_SCENARIO
500267,TST-U00267,TST-U00267,500,501,2PN,2,2,73.63,85.12,7,MID,S,E,POOL,True,0.865,14.7,False,0,0.25,54.6,NONE,True,SYNTHETIC,RISK_PROJECT_BASELINE,Tổ hợp thương mại căn hộ Phú Mỹ,1248,3000,20260630,TC-01,SUSPENDED_PENDING_REVIEW,2026-06-30,2026-05-15,SYNTHETIC_RISK_SCENARIO
500268,TST-U00268,TST-U00268,500,501,2PN,2,2,81.86,99.71,7,MID,NW,NW,CITY_OPEN,False,0.821,6.3,False,1,0.51,76.1,NONE,True,SYNTHETIC,RISK_PROJECT_BASELINE,Tổ hợp thương mại căn hộ Phú Mỹ,1248,3000,20260630,TC-01,SUSPENDED_PENDING_REVIEW,2026-06-30,2026-05-15,SYNTHETIC_RISK_SCENARIO
500269,TST-U00269,TST-U00269,500,501,2PN,2,2,72.93,85.3,7,MID,SE,W,CITY_OPEN,True,0.855,3.0,False,0,0.25,87.0,NONE,True,SYNTHETIC,RISK_PROJECT_BASELINE,Tổ hợp thương mại căn hộ Phú Mỹ,1248,3000,20260630,TC-01,SUSPENDED_PENDING_REVIEW,2026-06-30,2026-05-15,SYNTHETIC_RISK_SCENARIO
500270,TST-U00270,TST-U00270,500,501,2PN,2,2,69.01,79.69,7,MID,SE,NE,OBSTRUCTED,False,0.866,11.0,False,0,0.31,5.8,NONE,True,SYNTHETIC,RISK_PROJECT_BASELINE,Tổ hợp thương mại căn hộ Phú Mỹ,1248,3000,20260630,TC-01,SUSPENDED_PENDING_REVIEW,2026-06-30,2026-05-15,SYNTHETIC_RISK_SCENARIO
500271,TST-U00271,TST-U00271,500,501,2PN,2,2,76.78,92.73,7,MID,N,SW,OBSTRUCTED,False,0.828,3.1,False,1,0.28,16.1,NONE,True,SYNTHETIC,RISK_PROJECT_BASELINE,Tổ hợp thương mại căn hộ Phú Mỹ,1248,3000,20260630,TC-01,SUSPENDED_PENDING_REVIEW,2026-06-30,2026-05-15,SYNTHETIC_RISK_SCENARIO
500272,TST-U00272,TST-U00272,500,501,3PN,3,2,97.06,110.93,7,MID,S,W,CITY_OPEN,False,0.875,1.4,False,1,0.28,72.2,NONE,True,SYNTHETIC,RISK_PROJECT_BASELINE,Tổ hợp thương mại căn hộ Phú Mỹ,1248,3000,20260630,TC-01,SUSPENDED_PENDING_REVIEW,2026-06-30,2026-05-15,SYNTHETIC_RISK_SCENARIO
500273,TST-U00273,TST-U00273,500,501,2PN,2,2,79.06,90.98,7,MID,E,SE,CITY_OPEN,False,0.869,7.5,False,0,0.29,89.9,NONE,True,SYNTHETIC,RISK_PROJECT_BASELINE,Tổ hợp thương mại căn hộ Phú Mỹ,1248,3000,20260630,TC-01,SUSPENDED_PENDING_REVIEW,2026-06-30,2026-05-15,SYNTHETIC_RISK_SCENARIO
500274,TST-U00274,TST-U00274,500,501,STUDIO,1,1,38.77,46.32,7,MID,S,NW,OBSTRUCTED,False,0.837,14.1,False,0,0.27,7.7,NONE,True,SYNTHETIC,RISK_PROJECT_BASELINE,Tổ hợp thương mại căn hộ Phú Mỹ,1248,3000,20260630,TC-01,SUSPENDED_PENDING_REVIEW,2026-06-30,2026-05-15,SYNTHETIC_RISK_SCENARIO
500275,TST-U00275,TST-U00275,500,501,2PN,2,2,69.21,82.59,7,MID,SW,SE,OBSTRUCTED,True,0.838,13.5,False,0,0.51,8.0,NONE,True,SYNTHETIC,RISK_PROJECT_BASELINE,Tổ hợp thương mại căn hộ Phú Mỹ,1248,3000,20260630,TC-01,SUSPENDED_PENDING_REVIEW,2026-06-30,2026-05-15,SYNTHETIC_RISK_SCENARIO
500276,TST-U00276,TST-U00276,500,501,2PN,2,2,66.78,81.84,7,MID,E,S,OBSTRUCTED,False,0.816,12.6,False,0,0.07,7.8,NONE,True,SYNTHETIC,RISK_PROJECT_BASELINE,Tổ hợp thương mại căn hộ Phú Mỹ,1248,3000,20260630,TC-01,SUSPENDED_PENDING_REVIEW,2026-06-30,2026-05-15,SYNTHETIC_RISK_SCENARIO
500277,TST-U00277,TST-U00277,500,501,3PN,3,2,94.18,112.66,7,MID,E,NW,CITY_OPEN,True,0.836,2.1,False,0,0.27,57.9,NONE,True,SYNTHETIC,RISK_PROJECT_BASELINE,Tổ hợp thương mại căn hộ Phú Mỹ,1248,3000,20260630,TC-01,SUSPENDED_PENDING_REVIEW,2026-06-30,2026-05-15,SYNTHETIC_RISK_SCENARIO
500278,TST-U00278,TST-U00278,500,501,2PN,2,2,70.56,82.72,7,MID,W,E,POOL,True,0.853,6.3,True,1,0.59,35.4,NONE,True,SYNTHETIC,RISK_PROJECT_BASELINE,Tổ hợp thương mại căn hộ Phú Mỹ,1248,3000,20260630,TC-01,SUSPENDED_PENDING_REVIEW,2026-06-30,2026-05-15,SYNTHETIC_RISK_SCENARIO
500279,TST-U00279,TST-U00279,500,501,1PN,1,1,57.82,71.74,7,MID,NE,NW,OBSTRUCTED,False,0.806,6.7,False,0,0.3,13.8,NONE,True,SYNTHETIC,RISK_PROJECT_BASELINE,Tổ hợp thương mại căn hộ Phú Mỹ,1248,3000,20260630,TC-01,SUSPENDED_PENDING_REVIEW,2026-06-30,2026-05-15,SYNTHETIC_RISK_SCENARIO
500280,TST-U00280,TST-U00280,500,501,2PN,2,2,67.5,84.16,7,MID,SE,NW,OBSTRUCTED,False,0.802,9.1,True,2,0.13,8.6,NONE,True,SYNTHETIC,RISK_PROJECT_BASELINE,Tổ hợp thương mại căn hộ Phú Mỹ,1248,3000,20260630,TC-01,SUSPENDED_PENDING_REVIEW,2026-06-30,2026-05-15,SYNTHETIC_RISK_SCENARIO
500281,TST-U00281,TST-U00281,500,501,3PN,3,2,93.65,113.1,7,MID,SW,W,OBSTRUCTED,False,0.828,7.6,False,2,0.69,8.7,NONE,True,SYNTHETIC,RISK_PROJECT_BASELINE,Tổ hợp thương mại căn hộ Phú Mỹ,1248,3000,20260630,TC-01,SUSPENDED_PENDING_REVIEW,2026-06-30,2026-05-15,SYNTHETIC_RISK_SCENARIO
500282,TST-U00282,TST-U00282,500,501,1PN,1,1,53.01,61.86,7,MID,NW,SE,CITY_OPEN,False,0.857,13.1,True,1,0.82,101.8,NONE,True,SYNTHETIC,RISK_PROJECT_BASELINE,Tổ hợp thương mại căn hộ Phú Mỹ,1248,3000,20260630,TC-01,SUSPENDED_PENDING_REVIEW,2026-06-30,2026-05-15,SYNTHETIC_RISK_SCENARIO
500283,TST-U00283,TST-U00283,500,501,2PN,2,2,81.08,93.63,7,MID,SW,NE,OBSTRUCTED,False,0.866,10.7,False,1,0.73,13.5,WASTE_STATION,True,SYNTHETIC,RISK_PROJECT_BASELINE,Tổ hợp thương mại căn hộ Phú Mỹ,1248,3000,20260630,TC-01,SUSPENDED_PENDING_REVIEW,2026-06-30,2026-05-15,SYNTHETIC_RISK_SCENARIO
500284,TST-U00284,TST-U00284,500,501,3PN,3,2,109.1,125.11,7,MID,S,N,CITY_OPEN,False,0.872,6.4,False,0,0.15,86.8,NONE,True,SYNTHETIC,RISK_PROJECT_BASELINE,Tổ hợp thương mại căn hộ Phú Mỹ,1248,3000,20260630,TC-01,SUSPENDED_PENDING_REVIEW,2026-06-30,2026-05-15,SYNTHETIC_RISK_SCENARIO
500285,TST-U00285,TST-U00285,500,501,STUDIO,1,1,43.71,50.42,7,MID,W,W,CITY_OPEN,False,0.867,3.2,True,0,0.89,69.1,NONE,True,SYNTHETIC,RISK_PROJECT_BASELINE,Tổ hợp thương mại căn hộ Phú Mỹ,1248,3000,20260630,TC-01,SUSPENDED_PENDING_REVIEW,2026-06-30,2026-05-15,SYNTHETIC_RISK_SCENARIO
500286,TST-U00286,TST-U00286,500,501,1PN,1,1,55.84,67.6,7,MID,S,W,CITY_OPEN,False,0.826,11.4,True,0,0.23,82.0,NONE,True,SYNTHETIC,RISK_PROJECT_BASELINE,Tổ hợp thương mại căn hộ Phú Mỹ,1248,3000,20260630,TC-01,SUSPENDED_PENDING_REVIEW,2026-06-30,2026-05-15,SYNTHETIC_RISK_SCENARIO
500287,TST-U00287,TST-U00287,500,501,2PN,2,2,84.26,94.99,7,MID,S,N,CITY_OPEN,False,0.887,14.5,False,0,0.23,59.4,NONE,True,SYNTHETIC,RISK_PROJECT_BASELINE,Tổ hợp thương mại căn hộ Phú Mỹ,1248,3000,20260630,TC-01,SUSPENDED_PENDING_REVIEW,2026-06-30,2026-05-15,SYNTHETIC_RISK_SCENARIO
500288,TST-U00288,TST-U00288,500,501,1PN,1,1,59.33,72.62,7,MID,NE,W,PARK,False,0.817,6.3,False,0,0.18,69.8,NONE,True,SYNTHETIC,RISK_PROJECT_BASELINE,Tổ hợp thương mại căn hộ Phú Mỹ,1248,3000,20260630,TC-01,SUSPENDED_PENDING_REVIEW,2026-06-30,2026-05-15,SYNTHETIC_RISK_SCENARIO
500289,TST-U00289,TST-U00289,500,501,3PN,3,2,101.49,120.25,7,MID,W,S,CITY_OPEN,False,0.844,1.8,True,0,0.51,35.8,NONE,True,SYNTHETIC,RISK_PROJECT_BASELINE,Tổ hợp thương mại căn hộ Phú Mỹ,1248,3000,20260630,TC-01,SUSPENDED_PENDING_REVIEW,2026-06-30,2026-05-15,SYNTHETIC_RISK_SCENARIO
500290,TST-U00290,TST-U00290,500,501,1PN,1,1,47.82,58.46,7,MID,W,NE,OBSTRUCTED,False,0.818,14.6,False,0,0.86,9.4,NONE,True,SYNTHETIC,RISK_PROJECT_BASELINE,Tổ hợp thương mại căn hộ Phú Mỹ,1248,3000,20260630,TC-01,SUSPENDED_PENDING_REVIEW,2026-06-30,2026-05-15,SYNTHETIC_RISK_SCENARIO
500291,TST-U00291,TST-U00291,500,501,2PN,2,2,75.17,90.02,7,MID,NW,SE,PARK,False,0.835,7.9,False,2,0.85,48.2,NONE,True,SYNTHETIC,RISK_PROJECT_BASELINE,Tổ hợp thương mại căn hộ Phú Mỹ,1248,3000,20260630,TC-01,SUSPENDED_PENDING_REVIEW,2026-06-30,2026-05-15,SYNTHETIC_RISK_SCENARIO
500292,TST-U00292,TST-U00292,500,501,2PN,2,2,62.82,72.96,7,MID,W,NW,OBSTRUCTED,False,0.861,15.7,False,0,0.85,6.3,NONE,True,SYNTHETIC,RISK_PROJECT_BASELINE,Tổ hợp thương mại căn hộ Phú Mỹ,1248,3000,20260630,TC-01,SUSPENDED_PENDING_REVIEW,2026-06-30,2026-05-15,SYNTHETIC_RISK_SCENARIO
500293,TST-U00293,TST-U00293,500,501,STUDIO,1,1,45.07,55.85,7,MID,S,NW,CITY_OPEN,False,0.807,3.7,False,0,0.31,36.3,NONE,True,SYNTHETIC,RISK_PROJECT_BASELINE,Tổ hợp thương mại căn hộ Phú Mỹ,1248,3000,20260630,TC-01,SUSPENDED_PENDING_REVIEW,2026-06-30,2026-05-15,SYNTHETIC_RISK_SCENARIO
500294,TST-U00294,TST-U00294,500,501,2PN,2,2,75.8,94.28,7,MID,NE,SW,OBSTRUCTED,False,0.804,11.7,True,0,0.09,12.5,NONE,True,SYNTHETIC,RISK_PROJECT_BASELINE,Tổ hợp thương mại căn hộ Phú Mỹ,1248,3000,20260630,TC-01,SUSPENDED_PENDING_REVIEW,2026-06-30,2026-05-15,SYNTHETIC_RISK_SCENARIO
500295,TST-U00295,TST-U00295,500,501,2PN,2,2,67.83,77.7,7,MID,E,SW,CITY_OPEN,False,0.873,1.6,False,0,0.31,70.3,NONE,True,SYNTHETIC,RISK_PROJECT_BASELINE,Tổ hợp thương mại căn hộ Phú Mỹ,1248,3000,20260630,TC-01,SUSPENDED_PENDING_REVIEW,2026-06-30,2026-05-15,SYNTHETIC_RISK_SCENARIO
500296,TST-U00296,TST-U00296,500,501,2PN,2,2,72.01,85.12,7,MID,NE,SW,OBSTRUCTED,False,0.846,11.3,False,2,0.25,6.7,NONE,True,SYNTHETIC,RISK_PROJECT_BASELINE,Tổ hợp thương mại căn hộ Phú Mỹ,1248,3000,20260630,TC-01,SUSPENDED_PENDING_REVIEW,2026-06-30,2026-05-15,SYNTHETIC_RISK_SCENARIO
500297,TST-U00297,TST-U00297,500,501,2PN,2,2,77.68,92.7,7,MID,W,NW,PARK,False,0.838,6.9,False,0,0.53,63.9,NONE,True,SYNTHETIC,RISK_PROJECT_BASELINE,Tổ hợp thương mại căn hộ Phú Mỹ,1248,3000,20260630,TC-01,SUSPENDED_PENDING_REVIEW,2026-06-30,2026-05-15,SYNTHETIC_RISK_SCENARIO
500298,TST-U00298,TST-U00298,500,501,2PN,2,2,80.93,98.94,7,MID,E,S,CITY_OPEN,False,0.818,12.2,False,0,0.09,106.4,WASTE_STATION,True,SYNTHETIC,RISK_PROJECT_BASELINE,Tổ hợp thương mại căn hộ Phú Mỹ,1248,3000,20260630,TC-01,SUSPENDED_PENDING_REVIEW,2026-06-30,2026-05-15,SYNTHETIC_RISK_SCENARIO
500299,TST-U00299,TST-U00299,500,501,1PN,1,1,56.14,66.75,7,MID,E,W,PARK,False,0.841,8.5,True,0,0.28,47.7,WASTE_STATION,True,SYNTHETIC,RISK_PROJECT_BASELINE,Tổ hợp thương mại căn hộ Phú Mỹ,1248,3000,20260630,TC-01,SUSPENDED_PENDING_REVIEW,2026-06-30,2026-05-15,SYNTHETIC_RISK_SCENARIO
500300,TST-U00300,TST-U00300,500,501,2PN,2,2,72.25,84.11,7,MID,NW,NE,CITY_OPEN,False,0.859,4.1,True,0,0.8,98.1,NONE,True,SYNTHETIC,RISK_PROJECT_BASELINE,Tổ hợp thương mại căn hộ Phú Mỹ,1248,3000,20260630,TC-01,SUSPENDED_PENDING_REVIEW,2026-06-30,2026-05-15,SYNTHETIC_RISK_SCENARIO
500301,TST-U00301,TST-U00301,500,501,1PN,1,1,57.36,64.96,7,MID,E,NW,PARK,True,0.883,8.1,False,0,0.12,94.5,NONE,True,SYNTHETIC,RISK_PROJECT_BASELINE,Tổ hợp thương mại căn hộ Phú Mỹ,1248,3000,20260630,TC-01,SUSPENDED_PENDING_REVIEW,2026-06-30,2026-05-15,SYNTHETIC_RISK_SCENARIO
500302,TST-U00302,TST-U00302,500,501,2PN,2,2,67.8,83.29,7,MID,SW,E,OBSTRUCTED,True,0.814,3.2,False,0,0.79,6.7,NONE,True,SYNTHETIC,RISK_PROJECT_BASELINE,Tổ hợp thương mại căn hộ Phú Mỹ,1248,3000,20260630,TC-01,SUSPENDED_PENDING_REVIEW,2026-06-30,2026-05-15,SYNTHETIC_RISK_SCENARIO
500303,TST-U00303,TST-U00303,500,501,2PN,2,2,84.83,105.64,7,MID,S,W,OBSTRUCTED,False,0.803,7.2,True,1,0.12,17.4,WASTE_STATION,True,SYNTHETIC,RISK_PROJECT_BASELINE,Tổ hợp thương mại căn hộ Phú Mỹ,1248,3000,20260630,TC-01,SUSPENDED_PENDING_REVIEW,2026-06-30,2026-05-15,SYNTHETIC_RISK_SCENARIO
500304,TST-U00304,TST-U00304,500,501,3PN,3,2,103.19,120.55,7,MID,SW,N,CITY_OPEN,False,0.856,3.8,False,1,0.88,30.0,NONE,True,SYNTHETIC,RISK_PROJECT_BASELINE,Tổ hợp thương mại căn hộ Phú Mỹ,1248,3000,20260630,TC-01,SUSPENDED_PENDING_REVIEW,2026-06-30,2026-05-15,SYNTHETIC_RISK_SCENARIO
500305,TST-U00305,TST-U00305,500,501,1PN,1,1,55.61,63.48,7,MID,S,S,CITY_OPEN,False,0.876,15.4,False,0,0.09,103.2,NONE,True,SYNTHETIC,RISK_PROJECT_BASELINE,Tổ hợp thương mại căn hộ Phú Mỹ,1248,3000,20260630,TC-01,SUSPENDED_PENDING_REVIEW,2026-06-30,2026-05-15,SYNTHETIC_RISK_SCENARIO
500306,TST-U00306,TST-U00306,500,501,STUDIO,1,1,41.1,47.74,7,MID,E,E,CITY_OPEN,False,0.861,5.4,False,0,0.14,32.5,NONE,True,SYNTHETIC,RISK_PROJECT_BASELINE,Tổ hợp thương mại căn hộ Phú Mỹ,1248,3000,20260630,TC-01,SUSPENDED_PENDING_REVIEW,2026-06-30,2026-05-15,SYNTHETIC_RISK_SCENARIO
500307,TST-U00307,TST-U00307,500,501,2PN,2,2,76.37,88.8,7,MID,NW,SE,CITY_OPEN,False,0.86,12.8,True,0,0.94,54.9,NONE,True,SYNTHETIC,RISK_PROJECT_BASELINE,Tổ hợp thương mại căn hộ Phú Mỹ,1248,3000,20260630,TC-01,SUSPENDED_PENDING_REVIEW,2026-06-30,2026-05-15,SYNTHETIC_RISK_SCENARIO
500308,TST-U00308,TST-U00308,500,501,2PN,2,2,66.67,79.56,7,MID,NE,NE,OBSTRUCTED,False,0.838,12.3,False,1,0.21,16.3,NONE,True,SYNTHETIC,RISK_PROJECT_BASELINE,Tổ hợp thương mại căn hộ Phú Mỹ,1248,3000,20260630,TC-01,SUSPENDED_PENDING_REVIEW,2026-06-30,2026-05-15,SYNTHETIC_RISK_SCENARIO
500309,TST-U00309,TST-U00309,500,501,1PN,1,1,58.0,67.13,7,MID,E,NE,PARK,True,0.864,2.2,False,0,0.06,74.4,NONE,True,SYNTHETIC,RISK_PROJECT_BASELINE,Tổ hợp thương mại căn hộ Phú Mỹ,1248,3000,20260630,TC-01,SUSPENDED_PENDING_REVIEW,2026-06-30,2026-05-15,SYNTHETIC_RISK_SCENARIO
500310,TST-U00310,TST-U00310,500,501,2PN,2,2,78.7,88.73,7,MID,SW,W,OBSTRUCTED,False,0.887,4.9,False,0,0.93,8.7,NONE,True,SYNTHETIC,RISK_PROJECT_BASELINE,Tổ hợp thương mại căn hộ Phú Mỹ,1248,3000,20260630,TC-01,SUSPENDED_PENDING_REVIEW,2026-06-30,2026-05-15,SYNTHETIC_RISK_SCENARIO
500311,TST-U00311,TST-U00311,500,501,2PN,2,2,75.24,91.98,7,MID,S,N,CITY_OPEN,False,0.818,10.5,True,1,0.14,67.0,NONE,True,SYNTHETIC,RISK_PROJECT_BASELINE,Tổ hợp thương mại căn hộ Phú Mỹ,1248,3000,20260630,TC-01,SUSPENDED_PENDING_REVIEW,2026-06-30,2026-05-15,SYNTHETIC_RISK_SCENARIO
500312,TST-U00312,TST-U00312,500,501,3PN,3,2,104.57,125.53,7,MID,SW,N,CITY_OPEN,True,0.833,12.7,False,0,0.63,98.9,NONE,True,SYNTHETIC,RISK_PROJECT_BASELINE,Tổ hợp thương mại căn hộ Phú Mỹ,1248,3000,20260630,TC-01,SUSPENDED_PENDING_REVIEW,2026-06-30,2026-05-15,SYNTHETIC_RISK_SCENARIO
500313,TST-U00313,TST-U00313,500,501,2PN,2,2,82.94,100.78,7,MID,SE,NW,CITY_OPEN,True,0.823,15.5,False,2,0.1,56.4,NONE,True,SYNTHETIC,RISK_PROJECT_BASELINE,Tổ hợp thương mại căn hộ Phú Mỹ,1248,3000,20260630,TC-01,SUSPENDED_PENDING_REVIEW,2026-06-30,2026-05-15,SYNTHETIC_RISK_SCENARIO
500314,TST-U00314,TST-U00314,500,501,1PN,1,1,57.97,68.36,7,MID,N,NW,OBSTRUCTED,False,0.848,13.8,False,0,0.25,15.7,NONE,True,SYNTHETIC,RISK_PROJECT_BASELINE,Tổ hợp thương mại căn hộ Phú Mỹ,1248,3000,20260630,TC-01,SUSPENDED_PENDING_REVIEW,2026-06-30,2026-05-15,SYNTHETIC_RISK_SCENARIO
500315,TST-U00315,TST-U00315,500,501,2PN,2,2,75.9,90.36,7,MID,W,SW,CITY_OPEN,False,0.84,3.7,False,0,0.81,57.4,NONE,True,SYNTHETIC,RISK_PROJECT_BASELINE,Tổ hợp thương mại căn hộ Phú Mỹ,1248,3000,20260630,TC-01,SUSPENDED_PENDING_REVIEW,2026-06-30,2026-05-15,SYNTHETIC_RISK_SCENARIO
500316,TST-U00316,TST-U00316,500,501,2PN,2,2,75.46,93.39,7,MID,E,NE,CITY_OPEN,False,0.808,10.9,False,0,0.22,43.9,NONE,True,SYNTHETIC,RISK_PROJECT_BASELINE,Tổ hợp thương mại căn hộ Phú Mỹ,1248,3000,20260630,TC-01,SUSPENDED_PENDING_REVIEW,2026-06-30,2026-05-15,SYNTHETIC_RISK_SCENARIO
500317,TST-U00317,TST-U00317,500,501,1PN,1,1,55.71,65.62,7,MID,S,N,PARK,False,0.849,11.1,False,1,0.19,82.8,NONE,True,SYNTHETIC,RISK_PROJECT_BASELINE,Tổ hợp thương mại căn hộ Phú Mỹ,1248,3000,20260630,TC-01,SUSPENDED_PENDING_REVIEW,2026-06-30,2026-05-15,SYNTHETIC_RISK_SCENARIO
500318,TST-U00318,TST-U00318,500,501,2PN,2,2,77.31,93.14,7,MID,S,E,OBSTRUCTED,False,0.83,14.4,False,0,0.05,14.8,NONE,True,SYNTHETIC,RISK_PROJECT_BASELINE,Tổ hợp thương mại căn hộ Phú Mỹ,1248,3000,20260630,TC-01,SUSPENDED_PENDING_REVIEW,2026-06-30,2026-05-15,SYNTHETIC_RISK_SCENARIO
500319,TST-U00319,TST-U00319,500,501,1PN,1,1,58.3,72.42,7,MID,W,E,OBSTRUCTED,False,0.805,14.4,False,1,0.8,6.0,NONE,True,SYNTHETIC,RISK_PROJECT_BASELINE,Tổ hợp thương mại căn hộ Phú Mỹ,1248,3000,20260630,TC-01,SUSPENDED_PENDING_REVIEW,2026-06-30,2026-05-15,SYNTHETIC_RISK_SCENARIO
500320,TST-U00320,TST-U00320,500,501,3PN,3,2,106.39,130.38,7,MID,SW,W,CITY_OPEN,False,0.816,6.7,False,0,0.91,98.1,NONE,True,SYNTHETIC,RISK_PROJECT_BASELINE,Tổ hợp thương mại căn hộ Phú Mỹ,1248,3000,20260630,TC-01,SUSPENDED_PENDING_REVIEW,2026-06-30,2026-05-15,SYNTHETIC_RISK_SCENARIO
500321,TST-U00321,TST-U00321,500,501,STUDIO,1,1,42.69,49.47,7,MID,SE,N,OBSTRUCTED,False,0.863,6.0,False,1,0.3,13.0,NONE,True,SYNTHETIC,RISK_PROJECT_BASELINE,Tổ hợp thương mại căn hộ Phú Mỹ,1248,3000,20260630,TC-01,SUSPENDED_PENDING_REVIEW,2026-06-30,2026-05-15,SYNTHETIC_RISK_SCENARIO
500322,TST-U00322,TST-U00322,500,501,3PN,3,2,103.89,119.97,7,MID,W,SW,CITY_OPEN,False,0.866,2.5,False,0,0.58,63.9,NONE,True,SYNTHETIC,RISK_PROJECT_BASELINE,Tổ hợp thương mại căn hộ Phú Mỹ,1248,3000,20260630,TC-01,SUSPENDED_PENDING_REVIEW,2026-06-30,2026-05-15,SYNTHETIC_RISK_SCENARIO
500323,TST-U00323,TST-U00323,500,501,STUDIO,1,1,42.43,52.0,7,MID,S,NW,PARK,False,0.816,2.2,False,1,0.28,48.3,NONE,True,SYNTHETIC,RISK_PROJECT_BASELINE,Tổ hợp thương mại căn hộ Phú Mỹ,1248,3000,20260630,TC-01,SUSPENDED_PENDING_REVIEW,2026-06-30,2026-05-15,SYNTHETIC_RISK_SCENARIO
500324,TST-U00324,TST-U00324,500,501,2PN,2,2,70.63,82.32,7,MID,SW,S,OBSTRUCTED,False,0.858,10.1,False,2,0.88,15.9,TEMPLE,True,SYNTHETIC,RISK_PROJECT_BASELINE,Tổ hợp thương mại căn hộ Phú Mỹ,1248,3000,20260630,TC-01,SUSPENDED_PENDING_REVIEW,2026-06-30,2026-05-15,SYNTHETIC_RISK_SCENARIO
500325,TST-U00325,TST-U00325,500,501,2PN,2,2,71.38,88.89,7,MID,SE,E,OBSTRUCTED,False,0.803,9.2,False,0,0.14,13.5,NONE,True,SYNTHETIC,RISK_PROJECT_BASELINE,Tổ hợp thương mại căn hộ Phú Mỹ,1248,3000,20260630,TC-01,SUSPENDED_PENDING_REVIEW,2026-06-30,2026-05-15,SYNTHETIC_RISK_SCENARIO
500326,TST-U00326,TST-U00326,500,501,1PN,1,1,58.77,70.98,7,MID,S,SW,OBSTRUCTED,False,0.828,14.7,False,0,0.19,12.5,NONE,True,SYNTHETIC,RISK_PROJECT_BASELINE,Tổ hợp thương mại căn hộ Phú Mỹ,1248,3000,20260630,TC-01,SUSPENDED_PENDING_REVIEW,2026-06-30,2026-05-15,SYNTHETIC_RISK_SCENARIO
500327,TST-U00327,TST-U00327,500,501,2PN,2,2,74.94,86.94,7,MID,S,W,OBSTRUCTED,False,0.862,8.3,False,1,0.27,11.7,NONE,True,SYNTHETIC,RISK_PROJECT_BASELINE,Tổ hợp thương mại căn hộ Phú Mỹ,1248,3000,20260630,TC-01,SUSPENDED_PENDING_REVIEW,2026-06-30,2026-05-15,SYNTHETIC_RISK_SCENARIO
500328,TST-U00328,TST-U00328,500,501,1PN,1,1,58.15,71.44,7,MID,S,SW,OBSTRUCTED,True,0.814,11.2,False,0,0.12,10.0,TEMPLE,True,SYNTHETIC,RISK_PROJECT_BASELINE,Tổ hợp thương mại căn hộ Phú Mỹ,1248,3000,20260630,TC-01,SUSPENDED_PENDING_REVIEW,2026-06-30,2026-05-15,SYNTHETIC_RISK_SCENARIO
500329,TST-U00329,TST-U00329,500,501,2PN,2,2,72.23,82.64,7,MID,SW,W,CITY_OPEN,False,0.874,3.8,False,0,0.62,97.5,NONE,True,SYNTHETIC,RISK_PROJECT_BASELINE,Tổ hợp thương mại căn hộ Phú Mỹ,1248,3000,20260630,TC-01,SUSPENDED_PENDING_REVIEW,2026-06-30,2026-05-15,SYNTHETIC_RISK_SCENARIO
500330,TST-U00330,TST-U00330,500,501,1PN,1,1,54.31,62.5,7,MID,NW,S,PARK,False,0.869,6.5,False,0,0.55,56.2,NONE,True,SYNTHETIC,RISK_PROJECT_BASELINE,Tổ hợp thương mại căn hộ Phú Mỹ,1248,3000,20260630,TC-01,SUSPENDED_PENDING_REVIEW,2026-06-30,2026-05-15,SYNTHETIC_RISK_SCENARIO
500331,TST-U00331,TST-U00331,500,501,3PN,3,2,105.29,121.44,8,MID,S,NE,OBSTRUCTED,False,0.867,12.4,False,0,0.13,15.2,WASTE_STATION,False,SYNTHETIC,RISK_PROJECT_BASELINE,Tổ hợp thương mại căn hộ Phú Mỹ,1248,3000,20260630,TC-01,SUSPENDED_PENDING_REVIEW,2026-06-30,2026-05-15,SYNTHETIC_RISK_SCENARIO
500332,TST-U00332,TST-U00332,500,501,3PN,3,2,103.12,119.77,8,MID,NW,NE,OBSTRUCTED,False,0.861,5.9,False,0,0.77,11.7,NONE,False,SYNTHETIC,RISK_PROJECT_BASELINE,Tổ hợp thương mại căn hộ Phú Mỹ,1248,3000,20260630,TC-01,SUSPENDED_PENDING_REVIEW,2026-06-30,2026-05-15,SYNTHETIC_RISK_SCENARIO
500333,TST-U00333,TST-U00333,500,501,STUDIO,1,1,41.12,50.02,8,MID,E,W,POOL,False,0.822,14.7,False,0,0.17,96.5,WASTE_STATION,False,SYNTHETIC,RISK_PROJECT_BASELINE,Tổ hợp thương mại căn hộ Phú Mỹ,1248,3000,20260630,TC-01,SUSPENDED_PENDING_REVIEW,2026-06-30,2026-05-15,SYNTHETIC_RISK_SCENARIO
500334,TST-U00334,TST-U00334,500,501,3PN,3,2,99.01,122.39,8,MID,SE,N,POOL,True,0.809,1.9,False,0,0.08,42.9,NONE,False,SYNTHETIC,RISK_PROJECT_BASELINE,Tổ hợp thương mại căn hộ Phú Mỹ,1248,3000,20260630,TC-01,SUSPENDED_PENDING_REVIEW,2026-06-30,2026-05-15,SYNTHETIC_RISK_SCENARIO
500335,TST-U00335,TST-U00335,500,501,1PN,1,1,56.76,64.06,8,MID,S,N,OBSTRUCTED,False,0.886,7.0,True,2,0.21,13.7,NONE,False,SYNTHETIC,RISK_PROJECT_BASELINE,Tổ hợp thương mại căn hộ Phú Mỹ,1248,3000,20260630,TC-01,SUSPENDED_PENDING_REVIEW,2026-06-30,2026-05-15,SYNTHETIC_RISK_SCENARIO
500336,TST-U00336,TST-U00336,500,501,1PN,1,1,49.17,55.43,8,MID,S,N,CITY_OPEN,False,0.887,2.8,False,0,0.31,51.2,NONE,False,SYNTHETIC,RISK_PROJECT_BASELINE,Tổ hợp thương mại căn hộ Phú Mỹ,1248,3000,20260630,TC-01,SUSPENDED_PENDING_REVIEW,2026-06-30,2026-05-15,SYNTHETIC_RISK_SCENARIO
500337,TST-U00337,TST-U00337,500,501,2PN,2,2,73.29,83.86,8,MID,SW,W,CITY_OPEN,False,0.874,15.0,False,1,0.53,109.8,NONE,False,SYNTHETIC,RISK_PROJECT_BASELINE,Tổ hợp thương mại căn hộ Phú Mỹ,1248,3000,20260630,TC-01,SUSPENDED_PENDING_REVIEW,2026-06-30,2026-05-15,SYNTHETIC_RISK_SCENARIO
500338,TST-U00338,TST-U00338,500,501,1PN,1,1,51.87,62.19,8,MID,E,NW,POOL,False,0.834,3.3,False,1,0.14,65.6,NONE,False,SYNTHETIC,RISK_PROJECT_BASELINE,Tổ hợp thương mại căn hộ Phú Mỹ,1248,3000,20260630,TC-01,SUSPENDED_PENDING_REVIEW,2026-06-30,2026-05-15,SYNTHETIC_RISK_SCENARIO
500339,TST-U00339,TST-U00339,500,501,2PN,2,2,75.0,86.21,8,MID,NE,W,OBSTRUCTED,True,0.87,4.7,True,0,0.28,8.3,NONE,False,SYNTHETIC,RISK_PROJECT_BASELINE,Tổ hợp thương mại căn hộ Phú Mỹ,1248,3000,20260630,TC-01,SUSPENDED_PENDING_REVIEW,2026-06-30,2026-05-15,SYNTHETIC_RISK_SCENARIO
500340,TST-U00340,TST-U00340,500,501,2PN,2,2,65.4,81.04,8,MID,NE,SE,PARK,False,0.807,6.8,False,0,0.12,90.8,NONE,False,SYNTHETIC,RISK_PROJECT_BASELINE,Tổ hợp thương mại căn hộ Phú Mỹ,1248,3000,20260630,TC-01,SUSPENDED_PENDING_REVIEW,2026-06-30,2026-05-15,SYNTHETIC_RISK_SCENARIO
500341,TST-U00341,TST-U00341,500,501,1PN,1,1,54.79,63.27,8,MID,S,SE,POOL,False,0.866,3.5,False,0,0.11,103.4,NONE,False,SYNTHETIC,RISK_PROJECT_BASELINE,Tổ hợp thương mại căn hộ Phú Mỹ,1248,3000,20260630,TC-01,SUSPENDED_PENDING_REVIEW,2026-06-30,2026-05-15,SYNTHETIC_RISK_SCENARIO
500342,TST-U00342,TST-U00342,500,501,2PN,2,2,78.92,90.92,8,MID,SE,W,CITY_OPEN,False,0.868,6.3,False,0,0.28,50.7,NONE,False,SYNTHETIC,RISK_PROJECT_BASELINE,Tổ hợp thương mại căn hộ Phú Mỹ,1248,3000,20260630,TC-01,SUSPENDED_PENDING_REVIEW,2026-06-30,2026-05-15,SYNTHETIC_RISK_SCENARIO
500343,TST-U00343,TST-U00343,500,501,3PN,3,2,105.78,121.87,8,MID,E,E,CITY_OPEN,False,0.868,11.2,True,0,0.12,56.7,NONE,False,SYNTHETIC,RISK_PROJECT_BASELINE,Tổ hợp thương mại căn hộ Phú Mỹ,1248,3000,20260630,TC-01,SUSPENDED_PENDING_REVIEW,2026-06-30,2026-05-15,SYNTHETIC_RISK_SCENARIO
500344,TST-U00344,TST-U00344,500,501,1PN,1,1,61.8,71.45,8,MID,SW,E,OBSTRUCTED,False,0.865,11.7,True,0,0.75,12.9,NONE,False,SYNTHETIC,RISK_PROJECT_BASELINE,Tổ hợp thương mại căn hộ Phú Mỹ,1248,3000,20260630,TC-01,SUSPENDED_PENDING_REVIEW,2026-06-30,2026-05-15,SYNTHETIC_RISK_SCENARIO
500345,TST-U00345,TST-U00345,500,501,2PN,2,2,78.57,90.21,8,MID,SE,W,OBSTRUCTED,False,0.871,15.1,True,0,0.25,16.4,NONE,False,SYNTHETIC,RISK_PROJECT_BASELINE,Tổ hợp thương mại căn hộ Phú Mỹ,1248,3000,20260630,TC-01,SUSPENDED_PENDING_REVIEW,2026-06-30,2026-05-15,SYNTHETIC_RISK_SCENARIO
500346,TST-U00346,TST-U00346,500,501,2PN,2,2,62.15,73.2,8,MID,E,NW,CITY_OPEN,False,0.849,5.2,True,1,0.05,45.4,NONE,False,SYNTHETIC,RISK_PROJECT_BASELINE,Tổ hợp thương mại căn hộ Phú Mỹ,1248,3000,20260630,TC-01,SUSPENDED_PENDING_REVIEW,2026-06-30,2026-05-15,SYNTHETIC_RISK_SCENARIO
500347,TST-U00347,TST-U00347,500,501,3PN,3,2,102.13,119.45,8,MID,SE,S,CITY_OPEN,False,0.855,14.0,True,1,0.27,38.5,NONE,False,SYNTHETIC,RISK_PROJECT_BASELINE,Tổ hợp thương mại căn hộ Phú Mỹ,1248,3000,20260630,TC-01,SUSPENDED_PENDING_REVIEW,2026-06-30,2026-05-15,SYNTHETIC_RISK_SCENARIO
500348,TST-U00348,TST-U00348,500,501,1PN,1,1,56.39,67.94,8,MID,W,E,OBSTRUCTED,False,0.83,4.1,False,0,0.85,15.8,NONE,False,SYNTHETIC,RISK_PROJECT_BASELINE,Tổ hợp thương mại căn hộ Phú Mỹ,1248,3000,20260630,TC-01,SUSPENDED_PENDING_REVIEW,2026-06-30,2026-05-15,SYNTHETIC_RISK_SCENARIO
500349,TST-U00349,TST-U00349,500,501,1PN,1,1,53.56,61.35,8,MID,S,W,POOL,False,0.873,12.0,False,1,0.13,68.5,NONE,False,SYNTHETIC,RISK_PROJECT_BASELINE,Tổ hợp thương mại căn hộ Phú Mỹ,1248,3000,20260630,TC-01,SUSPENDED_PENDING_REVIEW,2026-06-30,2026-05-15,SYNTHETIC_RISK_SCENARIO
500350,TST-U00350,TST-U00350,500,501,3PN,3,2,103.28,128.46,8,MID,SE,W,POOL,False,0.804,9.8,False,0,0.31,60.1,CEMETERY,False,SYNTHETIC,RISK_PROJECT_BASELINE,Tổ hợp thương mại căn hộ Phú Mỹ,1248,3000,20260630,TC-01,SUSPENDED_PENDING_REVIEW,2026-06-30,2026-05-15,SYNTHETIC_RISK_SCENARIO
500351,TST-U00351,TST-U00351,500,501,3PN,3,2,106.4,121.46,8,MID,SW,SW,CITY_OPEN,False,0.876,5.3,False,1,0.54,36.1,NONE,False,SYNTHETIC,RISK_PROJECT_BASELINE,Tổ hợp thương mại căn hộ Phú Mỹ,1248,3000,20260630,TC-01,SUSPENDED_PENDING_REVIEW,2026-06-30,2026-05-15,SYNTHETIC_RISK_SCENARIO
500352,TST-U00352,TST-U00352,500,501,2PN,2,2,79.86,96.45,8,MID,N,N,OBSTRUCTED,True,0.828,8.7,False,0,0.31,5.8,NONE,False,SYNTHETIC,RISK_PROJECT_BASELINE,Tổ hợp thương mại căn hộ Phú Mỹ,1248,3000,20260630,TC-01,SUSPENDED_PENDING_REVIEW,2026-06-30,2026-05-15,SYNTHETIC_RISK_SCENARIO
500353,TST-U00353,TST-U00353,500,501,3PN,3,2,97.95,110.93,8,MID,N,S,CITY_OPEN,True,0.883,7.7,False,0,0.06,49.8,TEMPLE,False,SYNTHETIC,RISK_PROJECT_BASELINE,Tổ hợp thương mại căn hộ Phú Mỹ,1248,3000,20260630,TC-01,SUSPENDED_PENDING_REVIEW,2026-06-30,2026-05-15,SYNTHETIC_RISK_SCENARIO
500354,TST-U00354,TST-U00354,500,501,2PN,2,2,72.93,82.41,8,MID,SW,SW,CITY_OPEN,False,0.885,15.8,False,0,0.54,29.5,CEMETERY,False,SYNTHETIC,RISK_PROJECT_BASELINE,Tổ hợp thương mại căn hộ Phú Mỹ,1248,3000,20260630,TC-01,SUSPENDED_PENDING_REVIEW,2026-06-30,2026-05-15,SYNTHETIC_RISK_SCENARIO
500355,TST-U00355,TST-U00355,500,501,2PN,2,2,76.66,90.29,8,MID,W,S,OBSTRUCTED,False,0.849,3.8,False,0,0.91,5.6,NONE,False,SYNTHETIC,RISK_PROJECT_BASELINE,Tổ hợp thương mại căn hộ Phú Mỹ,1248,3000,20260630,TC-01,SUSPENDED_PENDING_REVIEW,2026-06-30,2026-05-15,SYNTHETIC_RISK_SCENARIO
500356,TST-U00356,TST-U00356,500,501,2PN,2,2,74.08,91.12,8,MID,E,NW,OBSTRUCTED,True,0.813,4.5,False,2,0.3,7.8,TEMPLE,False,SYNTHETIC,RISK_PROJECT_BASELINE,Tổ hợp thương mại căn hộ Phú Mỹ,1248,3000,20260630,TC-01,SUSPENDED_PENDING_REVIEW,2026-06-30,2026-05-15,SYNTHETIC_RISK_SCENARIO
500357,TST-U00357,TST-U00357,500,501,2PN,2,2,69.43,78.36,8,MID,S,SW,OBSTRUCTED,False,0.886,5.9,False,0,0.05,9.6,NONE,False,SYNTHETIC,RISK_PROJECT_BASELINE,Tổ hợp thương mại căn hộ Phú Mỹ,1248,3000,20260630,TC-01,SUSPENDED_PENDING_REVIEW,2026-06-30,2026-05-15,SYNTHETIC_RISK_SCENARIO
500358,TST-U00358,TST-U00358,500,501,2PN,2,2,74.9,90.24,8,MID,NE,NW,OBSTRUCTED,False,0.83,15.3,False,1,0.12,6.1,NONE,False,SYNTHETIC,RISK_PROJECT_BASELINE,Tổ hợp thương mại căn hộ Phú Mỹ,1248,3000,20260630,TC-01,SUSPENDED_PENDING_REVIEW,2026-06-30,2026-05-15,SYNTHETIC_RISK_SCENARIO
500359,TST-U00359,TST-U00359,500,501,1PN,1,1,55.0,62.22,8,MID,E,S,OBSTRUCTED,False,0.884,2.7,False,2,0.07,8.1,NONE,False,SYNTHETIC,RISK_PROJECT_BASELINE,Tổ hợp thương mại căn hộ Phú Mỹ,1248,3000,20260630,TC-01,SUSPENDED_PENDING_REVIEW,2026-06-30,2026-05-15,SYNTHETIC_RISK_SCENARIO
500360,TST-U00360,TST-U00360,500,501,STUDIO,1,1,41.28,51.03,8,MID,SW,NW,PARK,False,0.809,10.2,False,0,0.87,82.1,NONE,False,SYNTHETIC,RISK_PROJECT_BASELINE,Tổ hợp thương mại căn hộ Phú Mỹ,1248,3000,20260630,TC-01,SUSPENDED_PENDING_REVIEW,2026-06-30,2026-05-15,SYNTHETIC_RISK_SCENARIO
500361,TST-U00361,TST-U00361,500,501,2PN,2,2,76.22,86.61,8,MID,SE,SW,OBSTRUCTED,False,0.88,2.5,False,0,0.3,11.6,NONE,False,SYNTHETIC,RISK_PROJECT_BASELINE,Tổ hợp thương mại căn hộ Phú Mỹ,1248,3000,20260630,TC-01,SUSPENDED_PENDING_REVIEW,2026-06-30,2026-05-15,SYNTHETIC_RISK_SCENARIO
500362,TST-U00362,TST-U00362,500,501,STUDIO,1,1,43.5,52.41,8,MID,NW,SE,POOL,True,0.83,11.6,False,0,0.93,38.4,WASTE_STATION,False,SYNTHETIC,RISK_PROJECT_BASELINE,Tổ hợp thương mại căn hộ Phú Mỹ,1248,3000,20260630,TC-01,SUSPENDED_PENDING_REVIEW,2026-06-30,2026-05-15,SYNTHETIC_RISK_SCENARIO
500363,TST-U00363,TST-U00363,500,501,3PN,3,2,96.83,112.33,8,MID,SE,W,CITY_OPEN,False,0.862,10.0,False,0,0.07,55.5,NONE,False,SYNTHETIC,RISK_PROJECT_BASELINE,Tổ hợp thương mại căn hộ Phú Mỹ,1248,3000,20260630,TC-01,SUSPENDED_PENDING_REVIEW,2026-06-30,2026-05-15,SYNTHETIC_RISK_SCENARIO
500364,TST-U00364,TST-U00364,500,501,STUDIO,1,1,42.54,49.35,8,MID,NE,NW,CITY_OPEN,True,0.862,7.1,False,0,0.04,50.2,NONE,False,SYNTHETIC,RISK_PROJECT_BASELINE,Tổ hợp thương mại căn hộ Phú Mỹ,1248,3000,20260630,TC-01,SUSPENDED_PENDING_REVIEW,2026-06-30,2026-05-15,SYNTHETIC_RISK_SCENARIO
500365,TST-U00365,TST-U00365,500,501,2PN,2,2,74.49,89.86,8,MID,E,SE,OBSTRUCTED,False,0.829,8.9,True,0,0.09,10.8,NONE,False,SYNTHETIC,RISK_PROJECT_BASELINE,Tổ hợp thương mại căn hộ Phú Mỹ,1248,3000,20260630,TC-01,SUSPENDED_PENDING_REVIEW,2026-06-30,2026-05-15,SYNTHETIC_RISK_SCENARIO
500366,TST-U00366,TST-U00366,500,501,1PN,1,1,57.52,70.49,8,MID,NE,E,OBSTRUCTED,False,0.816,9.0,True,1,0.26,9.8,NONE,False,SYNTHETIC,RISK_PROJECT_BASELINE,Tổ hợp thương mại căn hộ Phú Mỹ,1248,3000,20260630,TC-01,SUSPENDED_PENDING_REVIEW,2026-06-30,2026-05-15,SYNTHETIC_RISK_SCENARIO
500367,TST-U00367,TST-U00367,500,501,2PN,2,2,83.35,97.26,8,MID,SE,SW,PARK,False,0.857,12.6,False,0,0.26,29.5,NONE,False,SYNTHETIC,RISK_PROJECT_BASELINE,Tổ hợp thương mại căn hộ Phú Mỹ,1248,3000,20260630,TC-01,SUSPENDED_PENDING_REVIEW,2026-06-30,2026-05-15,SYNTHETIC_RISK_SCENARIO
500368,TST-U00368,TST-U00368,500,501,2PN,2,2,72.77,85.01,8,MID,S,S,CITY_OPEN,True,0.856,14.5,False,0,0.3,56.4,NONE,False,SYNTHETIC,RISK_PROJECT_BASELINE,Tổ hợp thương mại căn hộ Phú Mỹ,1248,3000,20260630,TC-01,SUSPENDED_PENDING_REVIEW,2026-06-30,2026-05-15,SYNTHETIC_RISK_SCENARIO
500369,TST-U00369,TST-U00369,500,501,2PN,2,2,81.98,96.33,8,MID,N,NW,CITY_OPEN,True,0.851,8.8,True,0,0.06,66.2,NONE,False,SYNTHETIC,RISK_PROJECT_BASELINE,Tổ hợp thương mại căn hộ Phú Mỹ,1248,3000,20260630,TC-01,SUSPENDED_PENDING_REVIEW,2026-06-30,2026-05-15,SYNTHETIC_RISK_SCENARIO
500370,TST-U00370,TST-U00370,500,501,3PN,3,2,103.0,120.47,8,MID,SE,SE,OBSTRUCTED,False,0.855,10.3,False,1,0.27,7.1,NONE,False,SYNTHETIC,RISK_PROJECT_BASELINE,Tổ hợp thương mại căn hộ Phú Mỹ,1248,3000,20260630,TC-01,SUSPENDED_PENDING_REVIEW,2026-06-30,2026-05-15,SYNTHETIC_RISK_SCENARIO
500371,TST-U00371,TST-U00371,500,501,2PN,2,2,77.67,88.26,8,MID,NE,S,CITY_OPEN,False,0.88,11.9,False,1,0.15,59.5,NONE,False,SYNTHETIC,RISK_PROJECT_BASELINE,Tổ hợp thương mại căn hộ Phú Mỹ,1248,3000,20260630,TC-01,SUSPENDED_PENDING_REVIEW,2026-06-30,2026-05-15,SYNTHETIC_RISK_SCENARIO
500372,TST-U00372,TST-U00372,500,501,2PN,2,2,77.26,94.33,8,MID,NE,SE,OBSTRUCTED,False,0.819,10.6,False,0,0.18,5.6,CEMETERY,False,SYNTHETIC,RISK_PROJECT_BASELINE,Tổ hợp thương mại căn hộ Phú Mỹ,1248,3000,20260630,TC-01,SUSPENDED_PENDING_REVIEW,2026-06-30,2026-05-15,SYNTHETIC_RISK_SCENARIO
500373,TST-U00373,TST-U00373,500,501,2PN,2,2,69.25,82.44,8,MID,N,NW,PARK,False,0.84,11.7,False,0,0.06,102.0,NONE,False,SYNTHETIC,RISK_PROJECT_BASELINE,Tổ hợp thương mại căn hộ Phú Mỹ,1248,3000,20260630,TC-01,SUSPENDED_PENDING_REVIEW,2026-06-30,2026-05-15,SYNTHETIC_RISK_SCENARIO
500374,TST-U00374,TST-U00374,500,501,2PN,2,2,72.52,82.22,8,MID,N,W,CITY_OPEN,False,0.882,15.2,False,0,0.17,66.3,NONE,False,SYNTHETIC,RISK_PROJECT_BASELINE,Tổ hợp thương mại căn hộ Phú Mỹ,1248,3000,20260630,TC-01,SUSPENDED_PENDING_REVIEW,2026-06-30,2026-05-15,SYNTHETIC_RISK_SCENARIO
500375,TST-U00375,TST-U00375,500,501,3PN,3,2,108.6,135.41,8,MID,W,E,OBSTRUCTED,True,0.802,15.6,False,1,0.84,10.8,NONE,False,SYNTHETIC,RISK_PROJECT_BASELINE,Tổ hợp thương mại căn hộ Phú Mỹ,1248,3000,20260630,TC-01,SUSPENDED_PENDING_REVIEW,2026-06-30,2026-05-15,SYNTHETIC_RISK_SCENARIO
500376,TST-U00376,TST-U00376,500,501,STUDIO,1,1,43.1,51.13,8,MID,E,SE,CITY_OPEN,False,0.843,3.6,True,1,0.28,43.2,NONE,False,SYNTHETIC,RISK_PROJECT_BASELINE,Tổ hợp thương mại căn hộ Phú Mỹ,1248,3000,20260630,TC-01,SUSPENDED_PENDING_REVIEW,2026-06-30,2026-05-15,SYNTHETIC_RISK_SCENARIO
500377,TST-U00377,TST-U00377,500,501,1PN,1,1,49.43,56.43,8,MID,NW,SW,OBSTRUCTED,False,0.876,3.5,False,0,0.91,9.8,NONE,False,SYNTHETIC,RISK_PROJECT_BASELINE,Tổ hợp thương mại căn hộ Phú Mỹ,1248,3000,20260630,TC-01,SUSPENDED_PENDING_REVIEW,2026-06-30,2026-05-15,SYNTHETIC_RISK_SCENARIO
500378,TST-U00378,TST-U00378,500,501,1PN,1,1,58.99,72.56,8,MID,NW,SW,OBSTRUCTED,False,0.813,5.7,False,0,0.59,17.5,NONE,False,SYNTHETIC,RISK_PROJECT_BASELINE,Tổ hợp thương mại căn hộ Phú Mỹ,1248,3000,20260630,TC-01,SUSPENDED_PENDING_REVIEW,2026-06-30,2026-05-15,SYNTHETIC_RISK_SCENARIO
500379,TST-U00379,TST-U00379,500,501,2PN,2,2,78.14,92.47,8,MID,W,NW,PARK,False,0.845,5.0,False,0,0.61,36.3,NONE,False,SYNTHETIC,RISK_PROJECT_BASELINE,Tổ hợp thương mại căn hộ Phú Mỹ,1248,3000,20260630,TC-01,SUSPENDED_PENDING_REVIEW,2026-06-30,2026-05-15,SYNTHETIC_RISK_SCENARIO
500380,TST-U00380,TST-U00380,500,501,3PN,3,2,107.27,126.8,8,MID,W,S,PARK,False,0.846,9.7,True,0,0.8,35.5,NONE,False,SYNTHETIC,RISK_PROJECT_BASELINE,Tổ hợp thương mại căn hộ Phú Mỹ,1248,3000,20260630,TC-01,SUSPENDED_PENDING_REVIEW,2026-06-30,2026-05-15,SYNTHETIC_RISK_SCENARIO
500381,TST-U00381,TST-U00381,500,501,1PN,1,1,53.57,61.86,8,MID,N,E,CITY_OPEN,False,0.866,15.4,False,1,0.2,107.7,NONE,False,SYNTHETIC,RISK_PROJECT_BASELINE,Tổ hợp thương mại căn hộ Phú Mỹ,1248,3000,20260630,TC-01,SUSPENDED_PENDING_REVIEW,2026-06-30,2026-05-15,SYNTHETIC_RISK_SCENARIO
500382,TST-U00382,TST-U00382,500,501,2PN,2,2,66.39,76.05,8,MID,E,W,CITY_OPEN,True,0.873,15.7,False,0,0.31,46.2,NONE,False,SYNTHETIC,RISK_PROJECT_BASELINE,Tổ hợp thương mại căn hộ Phú Mỹ,1248,3000,20260630,TC-01,SUSPENDED_PENDING_REVIEW,2026-06-30,2026-05-15,SYNTHETIC_RISK_SCENARIO
500383,TST-U00383,TST-U00383,500,501,1PN,1,1,55.33,65.71,8,MID,W,S,POOL,False,0.842,2.6,False,0,0.85,63.2,NONE,False,SYNTHETIC,RISK_PROJECT_BASELINE,Tổ hợp thương mại căn hộ Phú Mỹ,1248,3000,20260630,TC-01,SUSPENDED_PENDING_REVIEW,2026-06-30,2026-05-15,SYNTHETIC_RISK_SCENARIO
500384,TST-U00384,TST-U00384,500,501,1PN,1,1,51.75,59.55,8,MID,S,W,PARK,True,0.869,14.9,True,1,0.29,48.7,NONE,False,SYNTHETIC,RISK_PROJECT_BASELINE,Tổ hợp thương mại căn hộ Phú Mỹ,1248,3000,20260630,TC-01,SUSPENDED_PENDING_REVIEW,2026-06-30,2026-05-15,SYNTHETIC_RISK_SCENARIO
500385,TST-U00385,TST-U00385,500,501,2PN,2,2,71.95,82.89,8,MID,SW,N,CITY_OPEN,False,0.868,10.8,False,0,0.71,79.8,NONE,False,SYNTHETIC,RISK_PROJECT_BASELINE,Tổ hợp thương mại căn hộ Phú Mỹ,1248,3000,20260630,TC-01,SUSPENDED_PENDING_REVIEW,2026-06-30,2026-05-15,SYNTHETIC_RISK_SCENARIO
500386,TST-U00386,TST-U00386,500,501,3PN,3,2,94.24,109.71,8,MID,E,NW,PARK,True,0.859,2.6,False,1,0.15,49.9,NONE,False,SYNTHETIC,RISK_PROJECT_BASELINE,Tổ hợp thương mại căn hộ Phú Mỹ,1248,3000,20260630,TC-01,SUSPENDED_PENDING_REVIEW,2026-06-30,2026-05-15,SYNTHETIC_RISK_SCENARIO
500387,TST-U00387,TST-U00387,500,501,2PN,2,2,76.99,91.44,8,MID,SE,E,OBSTRUCTED,False,0.842,11.3,False,0,0.24,8.6,CEMETERY,False,SYNTHETIC,RISK_PROJECT_BASELINE,Tổ hợp thương mại căn hộ Phú Mỹ,1248,3000,20260630,TC-01,SUSPENDED_PENDING_REVIEW,2026-06-30,2026-05-15,SYNTHETIC_RISK_SCENARIO
500388,TST-U00388,TST-U00388,500,501,3PN,3,2,109.08,126.84,8,MID,W,SW,OBSTRUCTED,False,0.86,10.4,False,0,0.77,9.9,NONE,False,SYNTHETIC,RISK_PROJECT_BASELINE,Tổ hợp thương mại căn hộ Phú Mỹ,1248,3000,20260630,TC-01,SUSPENDED_PENDING_REVIEW,2026-06-30,2026-05-15,SYNTHETIC_RISK_SCENARIO
500389,TST-U00389,TST-U00389,500,501,1PN,1,1,56.6,64.46,8,MID,NE,E,PARK,True,0.878,10.1,True,0,0.25,38.7,NONE,False,SYNTHETIC,RISK_PROJECT_BASELINE,Tổ hợp thương mại căn hộ Phú Mỹ,1248,3000,20260630,TC-01,SUSPENDED_PENDING_REVIEW,2026-06-30,2026-05-15,SYNTHETIC_RISK_SCENARIO
500390,TST-U00390,TST-U00390,500,501,2PN,2,2,76.06,85.65,8,MID,S,E,OBSTRUCTED,True,0.888,6.6,False,0,0.25,8.5,NONE,False,SYNTHETIC,RISK_PROJECT_BASELINE,Tổ hợp thương mại căn hộ Phú Mỹ,1248,3000,20260630,TC-01,SUSPENDED_PENDING_REVIEW,2026-06-30,2026-05-15,SYNTHETIC_RISK_SCENARIO
500391,TST-U00391,TST-U00391,500,501,2PN,2,2,68.89,77.84,8,MID,W,W,OBSTRUCTED,False,0.885,10.7,False,0,0.7,13.2,NONE,False,SYNTHETIC,RISK_PROJECT_BASELINE,Tổ hợp thương mại căn hộ Phú Mỹ,1248,3000,20260630,TC-01,SUSPENDED_PENDING_REVIEW,2026-06-30,2026-05-15,SYNTHETIC_RISK_SCENARIO
500392,TST-U00392,TST-U00392,500,501,STUDIO,1,1,43.68,49.3,8,MID,SE,SE,POOL,False,0.886,6.9,False,0,0.18,84.4,NONE,False,SYNTHETIC,RISK_PROJECT_BASELINE,Tổ hợp thương mại căn hộ Phú Mỹ,1248,3000,20260630,TC-01,SUSPENDED_PENDING_REVIEW,2026-06-30,2026-05-15,SYNTHETIC_RISK_SCENARIO
500393,TST-U00393,TST-U00393,500,501,3PN,3,2,109.44,131.54,8,MID,NE,E,PARK,False,0.832,2.7,False,0,0.17,85.1,NONE,False,SYNTHETIC,RISK_PROJECT_BASELINE,Tổ hợp thương mại căn hộ Phú Mỹ,1248,3000,20260630,TC-01,SUSPENDED_PENDING_REVIEW,2026-06-30,2026-05-15,SYNTHETIC_RISK_SCENARIO
500394,TST-U00394,TST-U00394,500,501,1PN,1,1,52.51,59.54,8,MID,S,NE,OBSTRUCTED,False,0.882,9.8,False,1,0.27,14.5,NONE,False,SYNTHETIC,RISK_PROJECT_BASELINE,Tổ hợp thương mại căn hộ Phú Mỹ,1248,3000,20260630,TC-01,SUSPENDED_PENDING_REVIEW,2026-06-30,2026-05-15,SYNTHETIC_RISK_SCENARIO
500395,TST-U00395,TST-U00395,500,501,1PN,1,1,58.04,70.18,8,MID,E,E,CITY_OPEN,False,0.827,5.1,False,0,0.08,97.9,NONE,False,SYNTHETIC,RISK_PROJECT_BASELINE,Tổ hợp thương mại căn hộ Phú Mỹ,1248,3000,20260630,TC-01,SUSPENDED_PENDING_REVIEW,2026-06-30,2026-05-15,SYNTHETIC_RISK_SCENARIO
500396,TST-U00396,TST-U00396,500,501,3PN,3,2,112.12,126.98,8,MID,SW,NE,OBSTRUCTED,False,0.883,12.0,False,0,0.93,11.4,NONE,False,SYNTHETIC,RISK_PROJECT_BASELINE,Tổ hợp thương mại căn hộ Phú Mỹ,1248,3000,20260630,TC-01,SUSPENDED_PENDING_REVIEW,2026-06-30,2026-05-15,SYNTHETIC_RISK_SCENARIO
500397,TST-U00397,TST-U00397,500,501,3PN,3,2,97.31,113.28,9,MID,E,W,CITY_OPEN,True,0.859,14.2,False,1,0.07,95.5,NONE,False,SYNTHETIC,RISK_PROJECT_BASELINE,Tổ hợp thương mại căn hộ Phú Mỹ,1248,3000,20260630,TC-01,SUSPENDED_PENDING_REVIEW,2026-06-30,2026-05-15,SYNTHETIC_RISK_SCENARIO
500398,TST-U00398,TST-U00398,500,501,2PN,2,2,66.47,81.96,9,MID,SE,E,CITY_OPEN,True,0.811,8.6,True,0,0.15,66.4,NONE,False,SYNTHETIC,RISK_PROJECT_BASELINE,Tổ hợp thương mại căn hộ Phú Mỹ,1248,3000,20260630,TC-01,SUSPENDED_PENDING_REVIEW,2026-06-30,2026-05-15,SYNTHETIC_RISK_SCENARIO
500399,TST-U00399,TST-U00399,500,501,2PN,2,2,75.03,93.32,9,MID,W,NW,OBSTRUCTED,False,0.804,15.5,True,0,0.83,13.7,NONE,False,SYNTHETIC,RISK_PROJECT_BASELINE,Tổ hợp thương mại căn hộ Phú Mỹ,1248,3000,20260630,TC-01,SUSPENDED_PENDING_REVIEW,2026-06-30,2026-05-15,SYNTHETIC_RISK_SCENARIO
500400,TST-U00400,TST-U00400,500,501,2PN,2,2,81.23,98.82,9,MID,S,SW,CITY_OPEN,False,0.822,4.4,True,0,0.02,63.7,NONE,False,SYNTHETIC,RISK_PROJECT_BASELINE,Tổ hợp thương mại căn hộ Phú Mỹ,1248,3000,20260630,TC-01,SUSPENDED_PENDING_REVIEW,2026-06-30,2026-05-15,SYNTHETIC_RISK_SCENARIO
500401,TST-U00401,TST-U00401,500,501,1PN,1,1,50.95,62.75,9,MID,SW,E,CITY_OPEN,False,0.812,14.1,False,1,0.52,46.7,NONE,False,SYNTHETIC,RISK_PROJECT_BASELINE,Tổ hợp thương mại căn hộ Phú Mỹ,1248,3000,20260630,TC-01,SUSPENDED_PENDING_REVIEW,2026-06-30,2026-05-15,SYNTHETIC_RISK_SCENARIO
500402,TST-U00402,TST-U00402,500,501,2PN,2,2,64.35,79.84,9,MID,NE,E,CITY_OPEN,False,0.806,13.5,False,0,0.03,104.3,NONE,False,SYNTHETIC,RISK_PROJECT_BASELINE,Tổ hợp thương mại căn hộ Phú Mỹ,1248,3000,20260630,TC-01,SUSPENDED_PENDING_REVIEW,2026-06-30,2026-05-15,SYNTHETIC_RISK_SCENARIO
500403,TST-U00403,TST-U00403,500,501,2PN,2,2,68.91,85.5,9,MID,W,W,CITY_OPEN,False,0.806,10.3,False,0,0.59,35.6,NONE,False,SYNTHETIC,RISK_PROJECT_BASELINE,Tổ hợp thương mại căn hộ Phú Mỹ,1248,3000,20260630,TC-01,SUSPENDED_PENDING_REVIEW,2026-06-30,2026-05-15,SYNTHETIC_RISK_SCENARIO
500404,TST-U00404,TST-U00404,500,501,3PN,3,2,101.75,119.57,9,MID,N,NW,CITY_OPEN,False,0.851,1.4,True,0,0.22,31.0,NONE,False,SYNTHETIC,RISK_PROJECT_BASELINE,Tổ hợp thương mại căn hộ Phú Mỹ,1248,3000,20260630,TC-01,SUSPENDED_PENDING_REVIEW,2026-06-30,2026-05-15,SYNTHETIC_RISK_SCENARIO
500405,TST-U00405,TST-U00405,500,501,2PN,2,2,75.97,93.21,9,MID,SE,SE,OBSTRUCTED,False,0.815,9.6,True,1,0.03,7.1,NONE,False,SYNTHETIC,RISK_PROJECT_BASELINE,Tổ hợp thương mại căn hộ Phú Mỹ,1248,3000,20260630,TC-01,SUSPENDED_PENDING_REVIEW,2026-06-30,2026-05-15,SYNTHETIC_RISK_SCENARIO
500406,TST-U00406,TST-U00406,500,501,2PN,2,2,73.66,91.39,9,MID,SW,W,CITY_OPEN,True,0.806,15.7,False,0,0.86,79.5,NONE,False,SYNTHETIC,RISK_PROJECT_BASELINE,Tổ hợp thương mại căn hộ Phú Mỹ,1248,3000,20260630,TC-01,SUSPENDED_PENDING_REVIEW,2026-06-30,2026-05-15,SYNTHETIC_RISK_SCENARIO
500407,TST-U00407,TST-U00407,500,501,2PN,2,2,78.47,92.86,9,MID,SE,S,OBSTRUCTED,False,0.845,14.1,False,0,0.07,6.6,NONE,False,SYNTHETIC,RISK_PROJECT_BASELINE,Tổ hợp thương mại căn hộ Phú Mỹ,1248,3000,20260630,TC-01,SUSPENDED_PENDING_REVIEW,2026-06-30,2026-05-15,SYNTHETIC_RISK_SCENARIO
500408,TST-U00408,TST-U00408,500,501,1PN,1,1,56.06,63.13,9,MID,NW,NE,CITY_OPEN,True,0.888,4.4,False,0,0.82,37.6,NONE,False,SYNTHETIC,RISK_PROJECT_BASELINE,Tổ hợp thương mại căn hộ Phú Mỹ,1248,3000,20260630,TC-01,SUSPENDED_PENDING_REVIEW,2026-06-30,2026-05-15,SYNTHETIC_RISK_SCENARIO
500409,TST-U00409,TST-U00409,500,501,1PN,1,1,56.34,63.52,9,MID,E,N,CITY_OPEN,False,0.887,5.5,False,0,0.23,75.4,NONE,False,SYNTHETIC,RISK_PROJECT_BASELINE,Tổ hợp thương mại căn hộ Phú Mỹ,1248,3000,20260630,TC-01,SUSPENDED_PENDING_REVIEW,2026-06-30,2026-05-15,SYNTHETIC_RISK_SCENARIO
500410,TST-U00410,TST-U00410,500,501,3PN,3,2,109.47,128.04,9,MID,W,E,POOL,True,0.855,3.1,False,0,0.87,50.5,WASTE_STATION,False,SYNTHETIC,RISK_PROJECT_BASELINE,Tổ hợp thương mại căn hộ Phú Mỹ,1248,3000,20260630,TC-01,SUSPENDED_PENDING_REVIEW,2026-06-30,2026-05-15,SYNTHETIC_RISK_SCENARIO
500411,TST-U00411,TST-U00411,500,501,3PN,3,2,94.67,113.11,9,MID,W,SE,POOL,False,0.837,15.2,False,0,0.53,84.3,NONE,False,SYNTHETIC,RISK_PROJECT_BASELINE,Tổ hợp thương mại căn hộ Phú Mỹ,1248,3000,20260630,TC-01,SUSPENDED_PENDING_REVIEW,2026-06-30,2026-05-15,SYNTHETIC_RISK_SCENARIO
500412,TST-U00412,TST-U00412,500,501,2PN,2,2,86.37,102.7,9,MID,NW,S,CITY_OPEN,False,0.841,15.3,False,0,0.84,89.1,NONE,False,SYNTHETIC,RISK_PROJECT_BASELINE,Tổ hợp thương mại căn hộ Phú Mỹ,1248,3000,20260630,TC-01,SUSPENDED_PENDING_REVIEW,2026-06-30,2026-05-15,SYNTHETIC_RISK_SCENARIO
500413,TST-U00413,TST-U00413,500,501,2PN,2,2,74.38,85.49,9,MID,NW,W,PARK,False,0.87,9.8,False,0,0.5,67.2,NONE,False,SYNTHETIC,RISK_PROJECT_BASELINE,Tổ hợp thương mại căn hộ Phú Mỹ,1248,3000,20260630,TC-01,SUSPENDED_PENDING_REVIEW,2026-06-30,2026-05-15,SYNTHETIC_RISK_SCENARIO
500414,TST-U00414,TST-U00414,500,501,2PN,2,2,70.94,88.12,9,MID,SW,NE,CITY_OPEN,False,0.805,8.7,True,1,0.71,93.4,NONE,False,SYNTHETIC,RISK_PROJECT_BASELINE,Tổ hợp thương mại căn hộ Phú Mỹ,1248,3000,20260630,TC-01,SUSPENDED_PENDING_REVIEW,2026-06-30,2026-05-15,SYNTHETIC_RISK_SCENARIO
500415,TST-U00415,TST-U00415,500,501,1PN,1,1,53.23,64.6,9,MID,SW,N,CITY_OPEN,False,0.824,7.5,False,1,0.9,53.5,NONE,False,SYNTHETIC,RISK_PROJECT_BASELINE,Tổ hợp thương mại căn hộ Phú Mỹ,1248,3000,20260630,TC-01,SUSPENDED_PENDING_REVIEW,2026-06-30,2026-05-15,SYNTHETIC_RISK_SCENARIO
500416,TST-U00416,TST-U00416,500,501,2PN,2,2,82.87,101.56,9,MID,W,S,CITY_OPEN,False,0.816,4.7,False,0,0.81,79.3,NONE,False,SYNTHETIC,RISK_PROJECT_BASELINE,Tổ hợp thương mại căn hộ Phú Mỹ,1248,3000,20260630,TC-01,SUSPENDED_PENDING_REVIEW,2026-06-30,2026-05-15,SYNTHETIC_RISK_SCENARIO
500417,TST-U00417,TST-U00417,500,501,2PN,2,2,77.93,93.11,9,MID,W,NE,OBSTRUCTED,False,0.837,1.6,False,0,0.75,15.9,WASTE_STATION,False,SYNTHETIC,RISK_PROJECT_BASELINE,Tổ hợp thương mại căn hộ Phú Mỹ,1248,3000,20260630,TC-01,SUSPENDED_PENDING_REVIEW,2026-06-30,2026-05-15,SYNTHETIC_RISK_SCENARIO
500418,TST-U00418,TST-U00418,500,501,2PN,2,2,69.02,78.61,9,MID,E,NW,CITY_OPEN,True,0.878,1.8,False,0,0.18,78.1,NONE,False,SYNTHETIC,RISK_PROJECT_BASELINE,Tổ hợp thương mại căn hộ Phú Mỹ,1248,3000,20260630,TC-01,SUSPENDED_PENDING_REVIEW,2026-06-30,2026-05-15,SYNTHETIC_RISK_SCENARIO
500419,TST-U00419,TST-U00419,500,501,2PN,2,2,72.69,90.41,9,MID,SE,SE,OBSTRUCTED,False,0.804,4.1,False,0,0.07,15.6,NONE,False,SYNTHETIC,RISK_PROJECT_BASELINE,Tổ hợp thương mại căn hộ Phú Mỹ,1248,3000,20260630,TC-01,SUSPENDED_PENDING_REVIEW,2026-06-30,2026-05-15,SYNTHETIC_RISK_SCENARIO
500420,TST-U00420,TST-U00420,500,501,3PN,3,2,108.46,124.95,9,MID,E,NW,OBSTRUCTED,False,0.868,3.2,False,1,0.24,15.1,NONE,False,SYNTHETIC,RISK_PROJECT_BASELINE,Tổ hợp thương mại căn hộ Phú Mỹ,1248,3000,20260630,TC-01,SUSPENDED_PENDING_REVIEW,2026-06-30,2026-05-15,SYNTHETIC_RISK_SCENARIO
500421,TST-U00421,TST-U00421,500,501,2PN,2,2,68.94,83.97,9,MID,NE,NE,CITY_OPEN,False,0.821,15.2,False,1,0.3,107.0,WASTE_STATION,False,SYNTHETIC,RISK_PROJECT_BASELINE,Tổ hợp thương mại căn hộ Phú Mỹ,1248,3000,20260630,TC-01,SUSPENDED_PENDING_REVIEW,2026-06-30,2026-05-15,SYNTHETIC_RISK_SCENARIO
500422,TST-U00422,TST-U00422,500,501,1PN,1,1,56.87,65.44,9,MID,NW,NW,OBSTRUCTED,True,0.869,11.2,True,1,0.5,11.1,NONE,False,SYNTHETIC,RISK_PROJECT_BASELINE,Tổ hợp thương mại căn hộ Phú Mỹ,1248,3000,20260630,TC-01,SUSPENDED_PENDING_REVIEW,2026-06-30,2026-05-15,SYNTHETIC_RISK_SCENARIO
500423,TST-U00423,TST-U00423,500,501,2PN,2,2,70.95,84.46,9,MID,W,S,OBSTRUCTED,False,0.84,4.0,False,0,0.69,16.6,NONE,False,SYNTHETIC,RISK_PROJECT_BASELINE,Tổ hợp thương mại căn hộ Phú Mỹ,1248,3000,20260630,TC-01,SUSPENDED_PENDING_REVIEW,2026-06-30,2026-05-15,SYNTHETIC_RISK_SCENARIO
500424,TST-U00424,TST-U00424,500,501,3PN,3,2,102.83,120.41,9,MID,SE,NW,OBSTRUCTED,True,0.854,14.1,True,0,0.11,5.8,TEMPLE,False,SYNTHETIC,RISK_PROJECT_BASELINE,Tổ hợp thương mại căn hộ Phú Mỹ,1248,3000,20260630,TC-01,SUSPENDED_PENDING_REVIEW,2026-06-30,2026-05-15,SYNTHETIC_RISK_SCENARIO
500425,TST-U00425,TST-U00425,500,501,1PN,1,1,46.82,52.73,9,MID,S,SE,CITY_OPEN,False,0.888,5.5,False,0,0.26,100.1,NONE,False,SYNTHETIC,RISK_PROJECT_BASELINE,Tổ hợp thương mại căn hộ Phú Mỹ,1248,3000,20260630,TC-01,SUSPENDED_PENDING_REVIEW,2026-06-30,2026-05-15,SYNTHETIC_RISK_SCENARIO
500426,TST-U00426,TST-U00426,500,501,1PN,1,1,59.62,70.72,9,MID,SE,SW,PARK,False,0.843,9.1,False,2,0.24,40.7,NONE,False,SYNTHETIC,RISK_PROJECT_BASELINE,Tổ hợp thương mại căn hộ Phú Mỹ,1248,3000,20260630,TC-01,SUSPENDED_PENDING_REVIEW,2026-06-30,2026-05-15,SYNTHETIC_RISK_SCENARIO
500427,TST-U00427,TST-U00427,500,501,1PN,1,1,59.29,66.84,9,MID,NE,W,POOL,True,0.887,15.8,False,2,0.22,75.3,TEMPLE,False,SYNTHETIC,RISK_PROJECT_BASELINE,Tổ hợp thương mại căn hộ Phú Mỹ,1248,3000,20260630,TC-01,SUSPENDED_PENDING_REVIEW,2026-06-30,2026-05-15,SYNTHETIC_RISK_SCENARIO
500428,TST-U00428,TST-U00428,500,501,3PN,3,2,102.87,126.69,9,MID,W,N,OBSTRUCTED,False,0.812,5.1,False,0,0.54,5.0,NONE,False,SYNTHETIC,RISK_PROJECT_BASELINE,Tổ hợp thương mại căn hộ Phú Mỹ,1248,3000,20260630,TC-01,SUSPENDED_PENDING_REVIEW,2026-06-30,2026-05-15,SYNTHETIC_RISK_SCENARIO
500429,TST-U00429,TST-U00429,500,501,2PN,2,2,78.49,95.37,9,MID,SE,SW,OBSTRUCTED,True,0.823,13.2,False,0,0.28,15.7,NONE,False,SYNTHETIC,RISK_PROJECT_BASELINE,Tổ hợp thương mại căn hộ Phú Mỹ,1248,3000,20260630,TC-01,SUSPENDED_PENDING_REVIEW,2026-06-30,2026-05-15,SYNTHETIC_RISK_SCENARIO
500430,TST-U00430,TST-U00430,500,501,2PN,2,2,74.25,90.33,9,MID,S,NW,PARK,False,0.822,10.4,False,1,0.11,80.7,NONE,False,SYNTHETIC,RISK_PROJECT_BASELINE,Tổ hợp thương mại căn hộ Phú Mỹ,1248,3000,20260630,TC-01,SUSPENDED_PENDING_REVIEW,2026-06-30,2026-05-15,SYNTHETIC_RISK_SCENARIO
500431,TST-U00431,TST-U00431,500,501,3PN,3,2,107.5,129.99,9,MID,E,SW,OBSTRUCTED,True,0.827,2.4,False,2,0.3,12.7,NONE,False,SYNTHETIC,RISK_PROJECT_BASELINE,Tổ hợp thương mại căn hộ Phú Mỹ,1248,3000,20260630,TC-01,SUSPENDED_PENDING_REVIEW,2026-06-30,2026-05-15,SYNTHETIC_RISK_SCENARIO
500432,TST-U00432,TST-U00432,500,501,2PN,2,2,77.14,94.19,9,MID,NE,S,OBSTRUCTED,False,0.819,13.8,False,1,0.19,13.2,NONE,False,SYNTHETIC,RISK_PROJECT_BASELINE,Tổ hợp thương mại căn hộ Phú Mỹ,1248,3000,20260630,TC-01,SUSPENDED_PENDING_REVIEW,2026-06-30,2026-05-15,SYNTHETIC_RISK_SCENARIO
500433,TST-U00433,TST-U00433,500,501,3PN,3,2,107.13,124.86,9,MID,SW,NW,OBSTRUCTED,False,0.858,10.3,False,0,0.67,5.5,NONE,False,SYNTHETIC,RISK_PROJECT_BASELINE,Tổ hợp thương mại căn hộ Phú Mỹ,1248,3000,20260630,TC-01,SUSPENDED_PENDING_REVIEW,2026-06-30,2026-05-15,SYNTHETIC_RISK_SCENARIO
500434,TST-U00434,TST-U00434,500,501,2PN,2,2,74.99,85.9,9,MID,SE,E,CITY_OPEN,False,0.873,2.5,False,0,0.09,85.9,NONE,False,SYNTHETIC,RISK_PROJECT_BASELINE,Tổ hợp thương mại căn hộ Phú Mỹ,1248,3000,20260630,TC-01,SUSPENDED_PENDING_REVIEW,2026-06-30,2026-05-15,SYNTHETIC_RISK_SCENARIO
500435,TST-U00435,TST-U00435,500,501,3PN,3,2,106.47,125.26,9,MID,W,NW,OBSTRUCTED,False,0.85,3.7,False,0,0.79,12.8,NONE,False,SYNTHETIC,RISK_PROJECT_BASELINE,Tổ hợp thương mại căn hộ Phú Mỹ,1248,3000,20260630,TC-01,SUSPENDED_PENDING_REVIEW,2026-06-30,2026-05-15,SYNTHETIC_RISK_SCENARIO
500436,TST-U00436,TST-U00436,500,501,3PN,3,2,116.98,137.95,9,MID,NE,NE,PARK,False,0.848,11.8,False,0,0.04,41.6,NONE,False,SYNTHETIC,RISK_PROJECT_BASELINE,Tổ hợp thương mại căn hộ Phú Mỹ,1248,3000,20260630,TC-01,SUSPENDED_PENDING_REVIEW,2026-06-30,2026-05-15,SYNTHETIC_RISK_SCENARIO
500437,TST-U00437,TST-U00437,500,501,1PN,1,1,56.57,64.36,9,MID,SE,SW,OBSTRUCTED,False,0.879,5.5,False,0,0.19,17.8,NONE,False,SYNTHETIC,RISK_PROJECT_BASELINE,Tổ hợp thương mại căn hộ Phú Mỹ,1248,3000,20260630,TC-01,SUSPENDED_PENDING_REVIEW,2026-06-30,2026-05-15,SYNTHETIC_RISK_SCENARIO
500438,TST-U00438,TST-U00438,500,501,1PN,1,1,54.1,62.26,9,MID,E,NW,OBSTRUCTED,False,0.869,4.4,False,0,0.29,8.8,NONE,False,SYNTHETIC,RISK_PROJECT_BASELINE,Tổ hợp thương mại căn hộ Phú Mỹ,1248,3000,20260630,TC-01,SUSPENDED_PENDING_REVIEW,2026-06-30,2026-05-15,SYNTHETIC_RISK_SCENARIO
500439,TST-U00439,TST-U00439,500,501,1PN,1,1,53.84,60.56,9,MID,SE,NW,PARK,False,0.889,10.9,True,0,0.09,39.8,NONE,False,SYNTHETIC,RISK_PROJECT_BASELINE,Tổ hợp thương mại căn hộ Phú Mỹ,1248,3000,20260630,TC-01,SUSPENDED_PENDING_REVIEW,2026-06-30,2026-05-15,SYNTHETIC_RISK_SCENARIO
500440,TST-U00440,TST-U00440,500,501,2PN,2,2,75.4,86.57,9,MID,S,E,CITY_OPEN,False,0.871,1.4,False,2,0.14,62.8,NONE,False,SYNTHETIC,RISK_PROJECT_BASELINE,Tổ hợp thương mại căn hộ Phú Mỹ,1248,3000,20260630,TC-01,SUSPENDED_PENDING_REVIEW,2026-06-30,2026-05-15,SYNTHETIC_RISK_SCENARIO
500441,TST-U00441,TST-U00441,500,501,2PN,2,2,81.9,100.49,9,MID,SE,NW,PARK,False,0.815,4.2,False,0,0.32,70.6,NONE,False,SYNTHETIC,RISK_PROJECT_BASELINE,Tổ hợp thương mại căn hộ Phú Mỹ,1248,3000,20260630,TC-01,SUSPENDED_PENDING_REVIEW,2026-06-30,2026-05-15,SYNTHETIC_RISK_SCENARIO
500442,TST-U00442,TST-U00442,500,501,2PN,2,2,63.77,72.38,9,MID,E,E,PARK,False,0.881,11.3,True,0,0.2,88.7,NONE,False,SYNTHETIC,RISK_PROJECT_BASELINE,Tổ hợp thương mại căn hộ Phú Mỹ,1248,3000,20260630,TC-01,SUSPENDED_PENDING_REVIEW,2026-06-30,2026-05-15,SYNTHETIC_RISK_SCENARIO
500443,TST-U00443,TST-U00443,500,501,3PN,3,2,99.44,118.24,9,MID,SW,N,OBSTRUCTED,False,0.841,4.5,False,0,0.83,6.7,TEMPLE,False,SYNTHETIC,RISK_PROJECT_BASELINE,Tổ hợp thương mại căn hộ Phú Mỹ,1248,3000,20260630,TC-01,SUSPENDED_PENDING_REVIEW,2026-06-30,2026-05-15,SYNTHETIC_RISK_SCENARIO
500444,TST-U00444,TST-U00444,500,501,1PN,1,1,53.59,66.08,9,MID,SE,S,POOL,False,0.811,15.5,True,0,0.31,74.1,NONE,False,SYNTHETIC,RISK_PROJECT_BASELINE,Tổ hợp thương mại căn hộ Phú Mỹ,1248,3000,20260630,TC-01,SUSPENDED_PENDING_REVIEW,2026-06-30,2026-05-15,SYNTHETIC_RISK_SCENARIO
500445,TST-U00445,TST-U00445,500,501,2PN,2,2,69.73,83.31,9,MID,N,NE,OBSTRUCTED,False,0.837,13.9,False,0,0.12,4.7,NONE,False,SYNTHETIC,RISK_PROJECT_BASELINE,Tổ hợp thương mại căn hộ Phú Mỹ,1248,3000,20260630,TC-01,SUSPENDED_PENDING_REVIEW,2026-06-30,2026-05-15,SYNTHETIC_RISK_SCENARIO
500446,TST-U00446,TST-U00446,500,501,3PN,3,2,95.88,116.5,9,MID,SE,N,POOL,False,0.823,4.0,False,0,0.08,46.5,NONE,False,SYNTHETIC,RISK_PROJECT_BASELINE,Tổ hợp thương mại căn hộ Phú Mỹ,1248,3000,20260630,TC-01,SUSPENDED_PENDING_REVIEW,2026-06-30,2026-05-15,SYNTHETIC_RISK_SCENARIO
500447,TST-U00447,TST-U00447,500,501,STUDIO,1,1,46.15,52.5,9,MID,E,NW,POOL,False,0.879,12.9,False,0,0.29,49.2,NONE,False,SYNTHETIC,RISK_PROJECT_BASELINE,Tổ hợp thương mại căn hộ Phú Mỹ,1248,3000,20260630,TC-01,SUSPENDED_PENDING_REVIEW,2026-06-30,2026-05-15,SYNTHETIC_RISK_SCENARIO
500448,TST-U00448,TST-U00448,500,501,1PN,1,1,56.93,65.97,9,MID,NE,W,OBSTRUCTED,False,0.863,4.4,False,0,0.22,17.3,NONE,False,SYNTHETIC,RISK_PROJECT_BASELINE,Tổ hợp thương mại căn hộ Phú Mỹ,1248,3000,20260630,TC-01,SUSPENDED_PENDING_REVIEW,2026-06-30,2026-05-15,SYNTHETIC_RISK_SCENARIO
500449,TST-U00449,TST-U00449,500,501,2PN,2,2,75.69,88.53,9,MID,SW,N,CITY_OPEN,False,0.855,5.6,False,0,0.51,71.9,NONE,False,SYNTHETIC,RISK_PROJECT_BASELINE,Tổ hợp thương mại căn hộ Phú Mỹ,1248,3000,20260630,TC-01,SUSPENDED_PENDING_REVIEW,2026-06-30,2026-05-15,SYNTHETIC_RISK_SCENARIO
500450,TST-U00450,TST-U00450,500,501,2PN,2,2,74.49,87.95,9,MID,W,W,CITY_OPEN,True,0.847,6.2,False,1,0.88,88.4,NONE,False,SYNTHETIC,RISK_PROJECT_BASELINE,Tổ hợp thương mại căn hộ Phú Mỹ,1248,3000,20260630,TC-01,SUSPENDED_PENDING_REVIEW,2026-06-30,2026-05-15,SYNTHETIC_RISK_SCENARIO
500451,TST-U00451,TST-U00451,500,501,2PN,2,2,83.42,103.5,9,MID,NW,SW,PARK,False,0.806,11.9,True,0,0.7,37.2,NONE,False,SYNTHETIC,RISK_PROJECT_BASELINE,Tổ hợp thương mại căn hộ Phú Mỹ,1248,3000,20260630,TC-01,SUSPENDED_PENDING_REVIEW,2026-06-30,2026-05-15,SYNTHETIC_RISK_SCENARIO
500452,TST-U00452,TST-U00452,500,501,1PN,1,1,49.43,56.62,9,MID,S,E,CITY_OPEN,False,0.873,8.2,True,2,0.26,75.2,NONE,False,SYNTHETIC,RISK_PROJECT_BASELINE,Tổ hợp thương mại căn hộ Phú Mỹ,1248,3000,20260630,TC-01,SUSPENDED_PENDING_REVIEW,2026-06-30,2026-05-15,SYNTHETIC_RISK_SCENARIO
500453,TST-U00453,TST-U00453,500,501,2PN,2,2,72.72,88.9,9,MID,W,NE,POOL,True,0.818,9.6,False,0,0.66,63.8,NONE,False,SYNTHETIC,RISK_PROJECT_BASELINE,Tổ hợp thương mại căn hộ Phú Mỹ,1248,3000,20260630,TC-01,SUSPENDED_PENDING_REVIEW,2026-06-30,2026-05-15,SYNTHETIC_RISK_SCENARIO
500454,TST-U00454,TST-U00454,500,501,2PN,2,2,82.42,93.87,9,MID,SE,S,OBSTRUCTED,False,0.878,9.8,False,0,0.23,5.2,NONE,False,SYNTHETIC,RISK_PROJECT_BASELINE,Tổ hợp thương mại căn hộ Phú Mỹ,1248,3000,20260630,TC-01,SUSPENDED_PENDING_REVIEW,2026-06-30,2026-05-15,SYNTHETIC_RISK_SCENARIO
500455,TST-U00455,TST-U00455,500,501,2PN,2,2,76.9,93.33,9,MID,W,N,CITY_OPEN,False,0.824,8.7,True,1,0.81,54.9,NONE,False,SYNTHETIC,RISK_PROJECT_BASELINE,Tổ hợp thương mại căn hộ Phú Mỹ,1248,3000,20260630,TC-01,SUSPENDED_PENDING_REVIEW,2026-06-30,2026-05-15,SYNTHETIC_RISK_SCENARIO
500456,TST-U00456,TST-U00456,500,501,3PN,3,2,113.24,129.86,9,MID,NE,SE,CITY_OPEN,False,0.872,2.9,False,0,0.3,70.1,NONE,False,SYNTHETIC,RISK_PROJECT_BASELINE,Tổ hợp thương mại căn hộ Phú Mỹ,1248,3000,20260630,TC-01,SUSPENDED_PENDING_REVIEW,2026-06-30,2026-05-15,SYNTHETIC_RISK_SCENARIO
500457,TST-U00457,TST-U00457,500,501,1PN,1,1,52.23,64.96,9,MID,NE,NE,OBSTRUCTED,False,0.804,6.9,False,1,0.2,17.0,NONE,False,SYNTHETIC,RISK_PROJECT_BASELINE,Tổ hợp thương mại căn hộ Phú Mỹ,1248,3000,20260630,TC-01,SUSPENDED_PENDING_REVIEW,2026-06-30,2026-05-15,SYNTHETIC_RISK_SCENARIO
500458,TST-U00458,TST-U00458,500,501,3PN,3,2,109.32,134.8,9,MID,E,SE,OBSTRUCTED,False,0.811,6.2,False,0,0.09,14.5,NONE,False,SYNTHETIC,RISK_PROJECT_BASELINE,Tổ hợp thương mại căn hộ Phú Mỹ,1248,3000,20260630,TC-01,SUSPENDED_PENDING_REVIEW,2026-06-30,2026-05-15,SYNTHETIC_RISK_SCENARIO
500459,TST-U00459,TST-U00459,500,501,1PN,1,1,53.12,61.84,9,MID,NW,S,OBSTRUCTED,False,0.859,2.8,True,0,0.77,13.9,CEMETERY,False,SYNTHETIC,RISK_PROJECT_BASELINE,Tổ hợp thương mại căn hộ Phú Mỹ,1248,3000,20260630,TC-01,SUSPENDED_PENDING_REVIEW,2026-06-30,2026-05-15,SYNTHETIC_RISK_SCENARIO
500460,TST-U00460,TST-U00460,500,501,1PN,1,1,57.63,71.06,9,MID,S,W,OBSTRUCTED,True,0.811,4.9,False,0,0.11,11.2,NONE,False,SYNTHETIC,RISK_PROJECT_BASELINE,Tổ hợp thương mại căn hộ Phú Mỹ,1248,3000,20260630,TC-01,SUSPENDED_PENDING_REVIEW,2026-06-30,2026-05-15,SYNTHETIC_RISK_SCENARIO
500461,TST-U00461,TST-U00461,500,501,3PN,3,2,99.57,116.46,9,MID,SE,NW,CITY_OPEN,False,0.855,6.8,False,0,0.08,90.2,NONE,False,SYNTHETIC,RISK_PROJECT_BASELINE,Tổ hợp thương mại căn hộ Phú Mỹ,1248,3000,20260630,TC-01,SUSPENDED_PENDING_REVIEW,2026-06-30,2026-05-15,SYNTHETIC_RISK_SCENARIO
500462,TST-U00462,TST-U00462,500,501,3PN,3,2,99.8,118.95,9,MID,SE,W,OBSTRUCTED,False,0.839,6.0,False,0,0.24,11.8,NONE,False,SYNTHETIC,RISK_PROJECT_BASELINE,Tổ hợp thương mại căn hộ Phú Mỹ,1248,3000,20260630,TC-01,SUSPENDED_PENDING_REVIEW,2026-06-30,2026-05-15,SYNTHETIC_RISK_SCENARIO
500463,TST-U00463,TST-U00463,500,501,2PN,2,2,66.83,81.7,10,MID,E,SW,OBSTRUCTED,False,0.818,13.5,False,0,0.1,13.3,NONE,False,SYNTHETIC,RISK_PROJECT_BASELINE,Tổ hợp thương mại căn hộ Phú Mỹ,1248,3000,20260630,TC-01,SUSPENDED_PENDING_REVIEW,2026-06-30,2026-05-15,SYNTHETIC_RISK_SCENARIO
500464,TST-U00464,TST-U00464,500,501,2PN,2,2,76.14,87.62,10,MID,SW,N,PARK,False,0.869,13.5,False,2,0.6,28.2,WASTE_STATION,False,SYNTHETIC,RISK_PROJECT_BASELINE,Tổ hợp thương mại căn hộ Phú Mỹ,1248,3000,20260630,TC-01,SUSPENDED_PENDING_REVIEW,2026-06-30,2026-05-15,SYNTHETIC_RISK_SCENARIO
500465,TST-U00465,TST-U00465,500,501,2PN,2,2,82.39,102.22,10,MID,E,NW,CITY_OPEN,False,0.806,9.3,False,1,0.31,29.6,NONE,False,SYNTHETIC,RISK_PROJECT_BASELINE,Tổ hợp thương mại căn hộ Phú Mỹ,1248,3000,20260630,TC-01,SUSPENDED_PENDING_REVIEW,2026-06-30,2026-05-15,SYNTHETIC_RISK_SCENARIO
500466,TST-U00466,TST-U00466,500,501,STUDIO,1,1,42.44,49.7,10,MID,E,W,CITY_OPEN,False,0.854,11.1,False,1,0.13,99.2,NONE,False,SYNTHETIC,RISK_PROJECT_BASELINE,Tổ hợp thương mại căn hộ Phú Mỹ,1248,3000,20260630,TC-01,SUSPENDED_PENDING_REVIEW,2026-06-30,2026-05-15,SYNTHETIC_RISK_SCENARIO
500467,TST-U00467,TST-U00467,500,501,2PN,2,2,77.47,91.14,10,MID,SE,E,POOL,False,0.85,10.4,False,0,0.3,95.7,NONE,False,SYNTHETIC,RISK_PROJECT_BASELINE,Tổ hợp thương mại căn hộ Phú Mỹ,1248,3000,20260630,TC-01,SUSPENDED_PENDING_REVIEW,2026-06-30,2026-05-15,SYNTHETIC_RISK_SCENARIO
500468,TST-U00468,TST-U00468,500,501,1PN,1,1,55.14,64.95,10,MID,E,SE,PARK,False,0.849,12.3,False,1,0.07,83.2,NONE,False,SYNTHETIC,RISK_PROJECT_BASELINE,Tổ hợp thương mại căn hộ Phú Mỹ,1248,3000,20260630,TC-01,SUSPENDED_PENDING_REVIEW,2026-06-30,2026-05-15,SYNTHETIC_RISK_SCENARIO
500469,TST-U00469,TST-U00469,500,501,2PN,2,2,80.75,100.56,10,MID,SW,N,OBSTRUCTED,False,0.803,10.7,False,0,0.65,5.8,NONE,False,SYNTHETIC,RISK_PROJECT_BASELINE,Tổ hợp thương mại căn hộ Phú Mỹ,1248,3000,20260630,TC-01,SUSPENDED_PENDING_REVIEW,2026-06-30,2026-05-15,SYNTHETIC_RISK_SCENARIO
500470,TST-U00470,TST-U00470,500,501,1PN,1,1,59.93,69.44,10,MID,SE,SW,CITY_OPEN,False,0.863,5.4,False,0,0.27,64.6,NONE,False,SYNTHETIC,RISK_PROJECT_BASELINE,Tổ hợp thương mại căn hộ Phú Mỹ,1248,3000,20260630,TC-01,SUSPENDED_PENDING_REVIEW,2026-06-30,2026-05-15,SYNTHETIC_RISK_SCENARIO
500471,TST-U00471,TST-U00471,500,501,2PN,2,2,80.74,91.54,10,MID,SE,S,CITY_OPEN,False,0.882,5.9,False,2,0.29,90.8,NONE,False,SYNTHETIC,RISK_PROJECT_BASELINE,Tổ hợp thương mại căn hộ Phú Mỹ,1248,3000,20260630,TC-01,SUSPENDED_PENDING_REVIEW,2026-06-30,2026-05-15,SYNTHETIC_RISK_SCENARIO
500472,TST-U00472,TST-U00472,500,501,STUDIO,1,1,39.73,46.47,10,MID,W,SW,CITY_OPEN,False,0.855,9.5,False,0,0.76,74.2,NONE,False,SYNTHETIC,RISK_PROJECT_BASELINE,Tổ hợp thương mại căn hộ Phú Mỹ,1248,3000,20260630,TC-01,SUSPENDED_PENDING_REVIEW,2026-06-30,2026-05-15,SYNTHETIC_RISK_SCENARIO
500473,TST-U00473,TST-U00473,500,501,2PN,2,2,74.2,83.84,10,MID,NW,N,OBSTRUCTED,False,0.885,6.2,False,0,0.53,5.9,NONE,False,SYNTHETIC,RISK_PROJECT_BASELINE,Tổ hợp thương mại căn hộ Phú Mỹ,1248,3000,20260630,TC-01,SUSPENDED_PENDING_REVIEW,2026-06-30,2026-05-15,SYNTHETIC_RISK_SCENARIO
500474,TST-U00474,TST-U00474,500,501,2PN,2,2,71.33,82.18,10,MID,N,NE,OBSTRUCTED,False,0.868,11.0,True,0,0.03,7.1,WASTE_STATION,False,SYNTHETIC,RISK_PROJECT_BASELINE,Tổ hợp thương mại căn hộ Phú Mỹ,1248,3000,20260630,TC-01,SUSPENDED_PENDING_REVIEW,2026-06-30,2026-05-15,SYNTHETIC_RISK_SCENARIO
500475,TST-U00475,TST-U00475,500,501,3PN,3,2,103.38,119.79,10,MID,NW,NE,OBSTRUCTED,True,0.863,6.4,False,1,0.91,11.6,NONE,False,SYNTHETIC,RISK_PROJECT_BASELINE,Tổ hợp thương mại căn hộ Phú Mỹ,1248,3000,20260630,TC-01,SUSPENDED_PENDING_REVIEW,2026-06-30,2026-05-15,SYNTHETIC_RISK_SCENARIO
500476,TST-U00476,TST-U00476,500,501,2PN,2,2,73.61,89.66,10,MID,SW,S,CITY_OPEN,False,0.821,10.1,False,0,0.92,54.5,NONE,False,SYNTHETIC,RISK_PROJECT_BASELINE,Tổ hợp thương mại căn hộ Phú Mỹ,1248,3000,20260630,TC-01,SUSPENDED_PENDING_REVIEW,2026-06-30,2026-05-15,SYNTHETIC_RISK_SCENARIO
500477,TST-U00477,TST-U00477,500,501,1PN,1,1,57.87,71.44,10,MID,E,SW,CITY_OPEN,False,0.81,2.6,True,0,0.31,84.8,NONE,False,SYNTHETIC,RISK_PROJECT_BASELINE,Tổ hợp thương mại căn hộ Phú Mỹ,1248,3000,20260630,TC-01,SUSPENDED_PENDING_REVIEW,2026-06-30,2026-05-15,SYNTHETIC_RISK_SCENARIO
500478,TST-U00478,TST-U00478,500,501,2PN,2,2,74.78,90.53,10,MID,S,SW,OBSTRUCTED,False,0.826,11.1,False,0,0.08,7.5,NONE,False,SYNTHETIC,RISK_PROJECT_BASELINE,Tổ hợp thương mại căn hộ Phú Mỹ,1248,3000,20260630,TC-01,SUSPENDED_PENDING_REVIEW,2026-06-30,2026-05-15,SYNTHETIC_RISK_SCENARIO
500479,TST-U00479,TST-U00479,500,501,2PN,2,2,68.73,81.92,10,MID,SW,W,OBSTRUCTED,False,0.839,13.9,False,1,0.72,12.9,CEMETERY,False,SYNTHETIC,RISK_PROJECT_BASELINE,Tổ hợp thương mại căn hộ Phú Mỹ,1248,3000,20260630,TC-01,SUSPENDED_PENDING_REVIEW,2026-06-30,2026-05-15,SYNTHETIC_RISK_SCENARIO
500480,TST-U00480,TST-U00480,500,501,1PN,1,1,53.7,61.16,10,MID,NE,SE,PARK,False,0.878,12.0,False,0,0.24,62.1,NONE,False,SYNTHETIC,RISK_PROJECT_BASELINE,Tổ hợp thương mại căn hộ Phú Mỹ,1248,3000,20260630,TC-01,SUSPENDED_PENDING_REVIEW,2026-06-30,2026-05-15,SYNTHETIC_RISK_SCENARIO
500481,TST-U00481,TST-U00481,500,501,2PN,2,2,75.36,93.85,10,MID,NW,E,POOL,False,0.803,5.5,False,0,0.9,94.5,NONE,False,SYNTHETIC,RISK_PROJECT_BASELINE,Tổ hợp thương mại căn hộ Phú Mỹ,1248,3000,20260630,TC-01,SUSPENDED_PENDING_REVIEW,2026-06-30,2026-05-15,SYNTHETIC_RISK_SCENARIO
500482,TST-U00482,TST-U00482,500,501,3PN,3,2,105.69,118.75,10,MID,NW,NW,OBSTRUCTED,False,0.89,5.5,True,0,0.78,14.8,NONE,False,SYNTHETIC,RISK_PROJECT_BASELINE,Tổ hợp thương mại căn hộ Phú Mỹ,1248,3000,20260630,TC-01,SUSPENDED_PENDING_REVIEW,2026-06-30,2026-05-15,SYNTHETIC_RISK_SCENARIO
500483,TST-U00483,TST-U00483,500,501,1PN,1,1,53.34,60.41,10,MID,SW,W,CITY_OPEN,False,0.883,7.3,False,1,0.55,53.7,NONE,False,SYNTHETIC,RISK_PROJECT_BASELINE,Tổ hợp thương mại căn hộ Phú Mỹ,1248,3000,20260630,TC-01,SUSPENDED_PENDING_REVIEW,2026-06-30,2026-05-15,SYNTHETIC_RISK_SCENARIO
500484,TST-U00484,TST-U00484,500,501,2PN,2,2,74.48,91.95,10,MID,W,N,OBSTRUCTED,False,0.81,11.3,False,0,0.5,7.5,NONE,False,SYNTHETIC,RISK_PROJECT_BASELINE,Tổ hợp thương mại căn hộ Phú Mỹ,1248,3000,20260630,TC-01,SUSPENDED_PENDING_REVIEW,2026-06-30,2026-05-15,SYNTHETIC_RISK_SCENARIO
500485,TST-U00485,TST-U00485,500,501,2PN,2,2,78.4,96.43,10,MID,S,W,CITY_OPEN,False,0.813,2.4,True,0,0.13,92.2,NONE,False,SYNTHETIC,RISK_PROJECT_BASELINE,Tổ hợp thương mại căn hộ Phú Mỹ,1248,3000,20260630,TC-01,SUSPENDED_PENDING_REVIEW,2026-06-30,2026-05-15,SYNTHETIC_RISK_SCENARIO
500486,TST-U00486,TST-U00486,500,501,2PN,2,2,79.52,89.55,10,MID,N,SE,CITY_OPEN,False,0.888,4.4,True,0,0.26,66.6,NONE,False,SYNTHETIC,RISK_PROJECT_BASELINE,Tổ hợp thương mại căn hộ Phú Mỹ,1248,3000,20260630,TC-01,SUSPENDED_PENDING_REVIEW,2026-06-30,2026-05-15,SYNTHETIC_RISK_SCENARIO
500487,TST-U00487,TST-U00487,500,501,2PN,2,2,72.52,82.6,10,MID,S,N,CITY_OPEN,False,0.878,12.8,False,0,0.3,67.6,TEMPLE,False,SYNTHETIC,RISK_PROJECT_BASELINE,Tổ hợp thương mại căn hộ Phú Mỹ,1248,3000,20260630,TC-01,SUSPENDED_PENDING_REVIEW,2026-06-30,2026-05-15,SYNTHETIC_RISK_SCENARIO
500488,TST-U00488,TST-U00488,500,501,1PN,1,1,53.4,65.68,10,MID,N,SW,CITY_OPEN,False,0.813,13.2,False,1,0.3,89.8,NONE,False,SYNTHETIC,RISK_PROJECT_BASELINE,Tổ hợp thương mại căn hộ Phú Mỹ,1248,3000,20260630,TC-01,SUSPENDED_PENDING_REVIEW,2026-06-30,2026-05-15,SYNTHETIC_RISK_SCENARIO
500489,TST-U00489,TST-U00489,500,501,1PN,1,1,56.93,67.37,10,MID,N,N,CITY_OPEN,False,0.845,12.4,False,1,0.25,105.5,NONE,False,SYNTHETIC,RISK_PROJECT_BASELINE,Tổ hợp thương mại căn hộ Phú Mỹ,1248,3000,20260630,TC-01,SUSPENDED_PENDING_REVIEW,2026-06-30,2026-05-15,SYNTHETIC_RISK_SCENARIO
500490,TST-U00490,TST-U00490,500,501,2PN,2,2,87.23,100.15,10,MID,N,SE,CITY_OPEN,False,0.871,12.0,False,1,0.14,31.3,NONE,False,SYNTHETIC,RISK_PROJECT_BASELINE,Tổ hợp thương mại căn hộ Phú Mỹ,1248,3000,20260630,TC-01,SUSPENDED_PENDING_REVIEW,2026-06-30,2026-05-15,SYNTHETIC_RISK_SCENARIO
500491,TST-U00491,TST-U00491,500,501,2PN,2,2,79.92,90.2,10,MID,N,NE,CITY_OPEN,False,0.886,11.5,False,0,0.25,78.1,NONE,False,SYNTHETIC,RISK_PROJECT_BASELINE,Tổ hợp thương mại căn hộ Phú Mỹ,1248,3000,20260630,TC-01,SUSPENDED_PENDING_REVIEW,2026-06-30,2026-05-15,SYNTHETIC_RISK_SCENARIO
500492,TST-U00492,TST-U00492,500,501,3PN,3,2,103.61,127.44,10,MID,SW,NW,OBSTRUCTED,True,0.813,8.4,False,1,0.85,15.1,NONE,False,SYNTHETIC,RISK_PROJECT_BASELINE,Tổ hợp thương mại căn hộ Phú Mỹ,1248,3000,20260630,TC-01,SUSPENDED_PENDING_REVIEW,2026-06-30,2026-05-15,SYNTHETIC_RISK_SCENARIO
500493,TST-U00493,TST-U00493,500,501,2PN,2,2,77.82,95.37,10,MID,S,NE,OBSTRUCTED,False,0.816,8.8,False,1,0.16,17.1,NONE,False,SYNTHETIC,RISK_PROJECT_BASELINE,Tổ hợp thương mại căn hộ Phú Mỹ,1248,3000,20260630,TC-01,SUSPENDED_PENDING_REVIEW,2026-06-30,2026-05-15,SYNTHETIC_RISK_SCENARIO
500494,TST-U00494,TST-U00494,500,501,3PN,3,2,101.67,120.6,10,MID,SE,S,CITY_OPEN,False,0.843,7.8,True,1,0.24,41.7,NONE,False,SYNTHETIC,RISK_PROJECT_BASELINE,Tổ hợp thương mại căn hộ Phú Mỹ,1248,3000,20260630,TC-01,SUSPENDED_PENDING_REVIEW,2026-06-30,2026-05-15,SYNTHETIC_RISK_SCENARIO
500495,TST-U00495,TST-U00495,500,501,1PN,1,1,54.22,61.82,10,MID,NE,NW,OBSTRUCTED,False,0.877,10.7,False,0,0.28,12.1,NONE,False,SYNTHETIC,RISK_PROJECT_BASELINE,Tổ hợp thương mại căn hộ Phú Mỹ,1248,3000,20260630,TC-01,SUSPENDED_PENDING_REVIEW,2026-06-30,2026-05-15,SYNTHETIC_RISK_SCENARIO
500496,TST-U00496,TST-U00496,500,501,2PN,2,2,76.19,93.95,10,MID,W,W,OBSTRUCTED,False,0.811,4.7,False,0,0.66,7.1,NONE,False,SYNTHETIC,RISK_PROJECT_BASELINE,Tổ hợp thương mại căn hộ Phú Mỹ,1248,3000,20260630,TC-01,SUSPENDED_PENDING_REVIEW,2026-06-30,2026-05-15,SYNTHETIC_RISK_SCENARIO
500497,TST-U00497,TST-U00497,500,501,1PN,1,1,59.89,68.52,10,MID,S,N,OBSTRUCTED,True,0.874,13.1,False,1,0.15,16.1,NONE,False,SYNTHETIC,RISK_PROJECT_BASELINE,Tổ hợp thương mại căn hộ Phú Mỹ,1248,3000,20260630,TC-01,SUSPENDED_PENDING_REVIEW,2026-06-30,2026-05-15,SYNTHETIC_RISK_SCENARIO
500498,TST-U00498,TST-U00498,500,501,2PN,2,2,81.91,100.63,10,MID,NW,N,CITY_OPEN,False,0.814,4.2,False,0,0.81,31.1,NONE,False,SYNTHETIC,RISK_PROJECT_BASELINE,Tổ hợp thương mại căn hộ Phú Mỹ,1248,3000,20260630,TC-01,SUSPENDED_PENDING_REVIEW,2026-06-30,2026-05-15,SYNTHETIC_RISK_SCENARIO
500499,TST-U00499,TST-U00499,500,501,2PN,2,2,76.6,88.55,10,MID,NW,S,PARK,False,0.865,7.6,False,1,0.88,36.8,NONE,False,SYNTHETIC,RISK_PROJECT_BASELINE,Tổ hợp thương mại căn hộ Phú Mỹ,1248,3000,20260630,TC-01,SUSPENDED_PENDING_REVIEW,2026-06-30,2026-05-15,SYNTHETIC_RISK_SCENARIO
500500,TST-U00500,TST-U00500,500,501,3PN,3,2,99.54,115.21,10,MID,NE,N,CITY_OPEN,False,0.864,7.6,False,2,0.26,75.5,CEMETERY,False,SYNTHETIC,RISK_PROJECT_BASELINE,Tổ hợp thương mại căn hộ Phú Mỹ,1248,3000,20260630,TC-01,SUSPENDED_PENDING_REVIEW,2026-06-30,2026-05-15,SYNTHETIC_RISK_SCENARIO
500501,TST-U00501,TST-U00501,500,501,STUDIO,1,1,43.41,50.54,10,MID,E,SE,OBSTRUCTED,False,0.859,10.8,False,0,0.03,8.1,WASTE_STATION,False,SYNTHETIC,RISK_PROJECT_BASELINE,Tổ hợp thương mại căn hộ Phú Mỹ,1248,3000,20260630,TC-01,SUSPENDED_PENDING_REVIEW,2026-06-30,2026-05-15,SYNTHETIC_RISK_SCENARIO
500502,TST-U00502,TST-U00502,500,501,STUDIO,1,1,46.84,55.76,10,MID,SW,SE,OBSTRUCTED,False,0.84,1.4,True,2,0.81,10.1,WASTE_STATION,False,SYNTHETIC,RISK_PROJECT_BASELINE,Tổ hợp thương mại căn hộ Phú Mỹ,1248,3000,20260630,TC-01,SUSPENDED_PENDING_REVIEW,2026-06-30,2026-05-15,SYNTHETIC_RISK_SCENARIO
500503,TST-U00503,TST-U00503,500,501,2PN,2,2,67.23,80.13,10,MID,NE,NW,POOL,False,0.839,6.9,False,0,0.09,86.2,NONE,False,SYNTHETIC,RISK_PROJECT_BASELINE,Tổ hợp thương mại căn hộ Phú Mỹ,1248,3000,20260630,TC-01,SUSPENDED_PENDING_REVIEW,2026-06-30,2026-05-15,SYNTHETIC_RISK_SCENARIO
500504,TST-U00504,TST-U00504,500,501,1PN,1,1,51.7,61.55,10,MID,NE,NW,CITY_OPEN,False,0.84,14.5,False,0,0.22,107.9,NONE,False,SYNTHETIC,RISK_PROJECT_BASELINE,Tổ hợp thương mại căn hộ Phú Mỹ,1248,3000,20260630,TC-01,SUSPENDED_PENDING_REVIEW,2026-06-30,2026-05-15,SYNTHETIC_RISK_SCENARIO
500505,TST-U00505,TST-U00505,500,501,2PN,2,2,69.44,81.22,10,MID,SW,SW,POOL,False,0.855,13.2,False,1,0.54,74.2,NONE,False,SYNTHETIC,RISK_PROJECT_BASELINE,Tổ hợp thương mại căn hộ Phú Mỹ,1248,3000,20260630,TC-01,SUSPENDED_PENDING_REVIEW,2026-06-30,2026-05-15,SYNTHETIC_RISK_SCENARIO
500506,TST-U00506,TST-U00506,500,501,3PN,3,2,101.13,114.01,10,MID,NW,W,PARK,False,0.887,4.4,False,0,0.73,80.2,NONE,False,SYNTHETIC,RISK_PROJECT_BASELINE,Tổ hợp thương mại căn hộ Phú Mỹ,1248,3000,20260630,TC-01,SUSPENDED_PENDING_REVIEW,2026-06-30,2026-05-15,SYNTHETIC_RISK_SCENARIO
500507,TST-U00507,TST-U00507,500,501,2PN,2,2,77.07,87.18,10,MID,S,N,CITY_OPEN,False,0.884,1.4,False,1,0.3,29.2,NONE,False,SYNTHETIC,RISK_PROJECT_BASELINE,Tổ hợp thương mại căn hộ Phú Mỹ,1248,3000,20260630,TC-01,SUSPENDED_PENDING_REVIEW,2026-06-30,2026-05-15,SYNTHETIC_RISK_SCENARIO
500508,TST-U00508,TST-U00508,500,501,1PN,1,1,51.5,62.96,10,MID,W,S,OBSTRUCTED,False,0.818,11.3,False,1,0.63,11.2,NONE,False,SYNTHETIC,RISK_PROJECT_BASELINE,Tổ hợp thương mại căn hộ Phú Mỹ,1248,3000,20260630,TC-01,SUSPENDED_PENDING_REVIEW,2026-06-30,2026-05-15,SYNTHETIC_RISK_SCENARIO
500509,TST-U00509,TST-U00509,500,501,2PN,2,2,82.36,92.85,10,MID,NE,SE,OBSTRUCTED,False,0.887,5.1,True,0,0.07,15.6,NONE,False,SYNTHETIC,RISK_PROJECT_BASELINE,Tổ hợp thương mại căn hộ Phú Mỹ,1248,3000,20260630,TC-01,SUSPENDED_PENDING_REVIEW,2026-06-30,2026-05-15,SYNTHETIC_RISK_SCENARIO
500510,TST-U00510,TST-U00510,500,501,3PN,3,2,98.71,112.81,10,MID,SE,NE,CITY_OPEN,True,0.875,6.6,False,0,0.31,94.7,NONE,False,SYNTHETIC,RISK_PROJECT_BASELINE,Tổ hợp thương mại căn hộ Phú Mỹ,1248,3000,20260630,TC-01,SUSPENDED_PENDING_REVIEW,2026-06-30,2026-05-15,SYNTHETIC_RISK_SCENARIO
500511,TST-U00511,TST-U00511,500,501,3PN,3,2,102.32,115.75,10,MID,NW,SE,OBSTRUCTED,False,0.884,3.2,False,0,0.86,6.9,NONE,False,SYNTHETIC,RISK_PROJECT_BASELINE,Tổ hợp thương mại căn hộ Phú Mỹ,1248,3000,20260630,TC-01,SUSPENDED_PENDING_REVIEW,2026-06-30,2026-05-15,SYNTHETIC_RISK_SCENARIO
500512,TST-U00512,TST-U00512,500,501,1PN,1,1,55.2,64.71,10,MID,NW,NW,OBSTRUCTED,False,0.853,10.9,False,0,0.54,15.8,NONE,False,SYNTHETIC,RISK_PROJECT_BASELINE,Tổ hợp thương mại căn hộ Phú Mỹ,1248,3000,20260630,TC-01,SUSPENDED_PENDING_REVIEW,2026-06-30,2026-05-15,SYNTHETIC_RISK_SCENARIO
500513,TST-U00513,TST-U00513,500,501,1PN,1,1,55.53,65.95,10,MID,NE,SW,CITY_OPEN,True,0.842,9.7,True,0,0.04,35.6,NONE,False,SYNTHETIC,RISK_PROJECT_BASELINE,Tổ hợp thương mại căn hộ Phú Mỹ,1248,3000,20260630,TC-01,SUSPENDED_PENDING_REVIEW,2026-06-30,2026-05-15,SYNTHETIC_RISK_SCENARIO
500514,TST-U00514,TST-U00514,500,501,2PN,2,2,74.81,89.92,10,MID,SE,W,PARK,False,0.832,2.8,False,0,0.16,77.9,NONE,False,SYNTHETIC,RISK_PROJECT_BASELINE,Tổ hợp thương mại căn hộ Phú Mỹ,1248,3000,20260630,TC-01,SUSPENDED_PENDING_REVIEW,2026-06-30,2026-05-15,SYNTHETIC_RISK_SCENARIO
500515,TST-U00515,TST-U00515,500,501,2PN,2,2,76.0,87.56,10,MID,W,E,OBSTRUCTED,False,0.868,12.0,False,1,0.9,16.3,CEMETERY,False,SYNTHETIC,RISK_PROJECT_BASELINE,Tổ hợp thương mại căn hộ Phú Mỹ,1248,3000,20260630,TC-01,SUSPENDED_PENDING_REVIEW,2026-06-30,2026-05-15,SYNTHETIC_RISK_SCENARIO
500516,TST-U00516,TST-U00516,500,501,1PN,1,1,59.6,67.12,10,MID,SE,S,CITY_OPEN,True,0.888,8.6,False,0,0.27,71.4,NONE,False,SYNTHETIC,RISK_PROJECT_BASELINE,Tổ hợp thương mại căn hộ Phú Mỹ,1248,3000,20260630,TC-01,SUSPENDED_PENDING_REVIEW,2026-06-30,2026-05-15,SYNTHETIC_RISK_SCENARIO
500517,TST-U00517,TST-U00517,500,501,2PN,2,2,79.74,95.84,10,MID,SW,N,CITY_OPEN,False,0.832,7.1,False,0,0.74,62.8,NONE,False,SYNTHETIC,RISK_PROJECT_BASELINE,Tổ hợp thương mại căn hộ Phú Mỹ,1248,3000,20260630,TC-01,SUSPENDED_PENDING_REVIEW,2026-06-30,2026-05-15,SYNTHETIC_RISK_SCENARIO
500518,TST-U00518,TST-U00518,500,501,1PN,1,1,54.94,66.35,10,MID,SW,N,OBSTRUCTED,False,0.828,13.2,False,0,0.9,12.5,NONE,False,SYNTHETIC,RISK_PROJECT_BASELINE,Tổ hợp thương mại căn hộ Phú Mỹ,1248,3000,20260630,TC-01,SUSPENDED_PENDING_REVIEW,2026-06-30,2026-05-15,SYNTHETIC_RISK_SCENARIO
500519,TST-U00519,TST-U00519,500,501,3PN,3,2,110.23,132.33,10,MID,W,SE,OBSTRUCTED,False,0.833,10.2,True,0,0.59,7.6,NONE,False,SYNTHETIC,RISK_PROJECT_BASELINE,Tổ hợp thương mại căn hộ Phú Mỹ,1248,3000,20260630,TC-01,SUSPENDED_PENDING_REVIEW,2026-06-30,2026-05-15,SYNTHETIC_RISK_SCENARIO
500520,TST-U00520,TST-U00520,500,501,3PN,3,2,109.47,130.48,10,MID,N,W,OBSTRUCTED,False,0.839,4.6,False,0,0.3,13.8,NONE,False,SYNTHETIC,RISK_PROJECT_BASELINE,Tổ hợp thương mại căn hộ Phú Mỹ,1248,3000,20260630,TC-01,SUSPENDED_PENDING_REVIEW,2026-06-30,2026-05-15,SYNTHETIC_RISK_SCENARIO
500521,TST-U00521,TST-U00521,500,501,2PN,2,2,76.41,87.03,10,MID,NW,NW,CITY_OPEN,False,0.878,10.2,False,0,0.67,100.6,NONE,False,SYNTHETIC,RISK_PROJECT_BASELINE,Tổ hợp thương mại căn hộ Phú Mỹ,1248,3000,20260630,TC-01,SUSPENDED_PENDING_REVIEW,2026-06-30,2026-05-15,SYNTHETIC_RISK_SCENARIO
500522,TST-U00522,TST-U00522,500,501,3PN,3,2,104.75,123.38,10,MID,SW,SE,POOL,False,0.849,2.5,True,0,0.76,64.7,NONE,False,SYNTHETIC,RISK_PROJECT_BASELINE,Tổ hợp thương mại căn hộ Phú Mỹ,1248,3000,20260630,TC-01,SUSPENDED_PENDING_REVIEW,2026-06-30,2026-05-15,SYNTHETIC_RISK_SCENARIO
500523,TST-U00523,TST-U00523,500,501,2PN,2,2,72.04,85.36,10,MID,SW,S,POOL,False,0.844,4.1,False,0,0.88,44.8,NONE,False,SYNTHETIC,RISK_PROJECT_BASELINE,Tổ hợp thương mại căn hộ Phú Mỹ,1248,3000,20260630,TC-01,SUSPENDED_PENDING_REVIEW,2026-06-30,2026-05-15,SYNTHETIC_RISK_SCENARIO
500524,TST-U00524,TST-U00524,500,501,3PN,3,2,106.84,121.55,10,MID,SE,E,OBSTRUCTED,False,0.879,15.7,False,1,0.09,14.4,NONE,False,SYNTHETIC,RISK_PROJECT_BASELINE,Tổ hợp thương mại căn hộ Phú Mỹ,1248,3000,20260630,TC-01,SUSPENDED_PENDING_REVIEW,2026-06-30,2026-05-15,SYNTHETIC_RISK_SCENARIO
500525,TST-U00525,TST-U00525,500,501,3PN,3,2,102.5,126.86,10,MID,S,W,OBSTRUCTED,False,0.808,13.2,False,0,0.17,14.7,NONE,False,SYNTHETIC,RISK_PROJECT_BASELINE,Tổ hợp thương mại căn hộ Phú Mỹ,1248,3000,20260630,TC-01,SUSPENDED_PENDING_REVIEW,2026-06-30,2026-05-15,SYNTHETIC_RISK_SCENARIO
500526,TST-U00526,TST-U00526,500,501,2PN,2,2,76.4,92.38,10,MID,SW,N,OBSTRUCTED,False,0.827,11.3,False,1,0.94,17.9,NONE,False,SYNTHETIC,RISK_PROJECT_BASELINE,Tổ hợp thương mại căn hộ Phú Mỹ,1248,3000,20260630,TC-01,SUSPENDED_PENDING_REVIEW,2026-06-30,2026-05-15,SYNTHETIC_RISK_SCENARIO
500527,TST-U00527,TST-U00527,500,501,STUDIO,1,1,41.41,51.38,10,MID,S,NW,CITY_OPEN,True,0.806,7.2,False,1,0.13,71.6,NONE,False,SYNTHETIC,RISK_PROJECT_BASELINE,Tổ hợp thương mại căn hộ Phú Mỹ,1248,3000,20260630,TC-01,SUSPENDED_PENDING_REVIEW,2026-06-30,2026-05-15,SYNTHETIC_RISK_SCENARIO
500528,TST-U00528,TST-U00528,500,501,2PN,2,2,65.98,76.99,10,MID,NE,E,OBSTRUCTED,False,0.857,14.4,False,1,0.16,5.6,NONE,False,SYNTHETIC,RISK_PROJECT_BASELINE,Tổ hợp thương mại căn hộ Phú Mỹ,1248,3000,20260630,TC-01,SUSPENDED_PENDING_REVIEW,2026-06-30,2026-05-15,SYNTHETIC_RISK_SCENARIO
500529,TST-U00529,TST-U00529,500,501,STUDIO,1,1,42.17,48.53,11,MID,E,SW,OBSTRUCTED,True,0.869,7.3,False,2,0.28,5.2,NONE,False,SYNTHETIC,RISK_PROJECT_BASELINE,Tổ hợp thương mại căn hộ Phú Mỹ,1248,3000,20260630,TC-01,SUSPENDED_PENDING_REVIEW,2026-06-30,2026-05-15,SYNTHETIC_RISK_SCENARIO
500530,TST-U00530,TST-U00530,500,501,2PN,2,2,77.1,91.79,11,MID,SW,S,CITY_OPEN,False,0.84,10.4,False,0,0.59,58.7,NONE,False,SYNTHETIC,RISK_PROJECT_BASELINE,Tổ hợp thương mại căn hộ Phú Mỹ,1248,3000,20260630,TC-01,SUSPENDED_PENDING_REVIEW,2026-06-30,2026-05-15,SYNTHETIC_RISK_SCENARIO
500531,TST-U00531,TST-U00531,500,501,1PN,1,1,52.35,61.81,11,MID,SE,NE,OBSTRUCTED,False,0.847,10.8,False,0,0.08,5.1,CEMETERY,False,SYNTHETIC,RISK_PROJECT_BASELINE,Tổ hợp thương mại căn hộ Phú Mỹ,1248,3000,20260630,TC-01,SUSPENDED_PENDING_REVIEW,2026-06-30,2026-05-15,SYNTHETIC_RISK_SCENARIO
500532,TST-U00532,TST-U00532,500,501,STUDIO,1,1,42.74,48.08,11,MID,SE,E,OBSTRUCTED,False,0.889,7.0,False,0,0.24,13.8,NONE,False,SYNTHETIC,RISK_PROJECT_BASELINE,Tổ hợp thương mại căn hộ Phú Mỹ,1248,3000,20260630,TC-01,SUSPENDED_PENDING_REVIEW,2026-06-30,2026-05-15,SYNTHETIC_RISK_SCENARIO
500533,TST-U00533,TST-U00533,500,501,3PN,3,2,93.68,110.6,11,MID,SE,E,CITY_OPEN,False,0.847,2.7,False,1,0.2,92.2,NONE,False,SYNTHETIC,RISK_PROJECT_BASELINE,Tổ hợp thương mại căn hộ Phú Mỹ,1248,3000,20260630,TC-01,SUSPENDED_PENDING_REVIEW,2026-06-30,2026-05-15,SYNTHETIC_RISK_SCENARIO
500534,TST-U00534,TST-U00534,500,501,2PN,2,2,82.46,97.82,11,MID,SE,NW,OBSTRUCTED,False,0.843,11.9,True,0,0.21,7.8,NONE,False,SYNTHETIC,RISK_PROJECT_BASELINE,Tổ hợp thương mại căn hộ Phú Mỹ,1248,3000,20260630,TC-01,SUSPENDED_PENDING_REVIEW,2026-06-30,2026-05-15,SYNTHETIC_RISK_SCENARIO
500535,TST-U00535,TST-U00535,500,501,STUDIO,1,1,43.88,51.81,11,MID,E,E,POOL,False,0.847,7.2,False,0,0.24,55.5,NONE,False,SYNTHETIC,RISK_PROJECT_BASELINE,Tổ hợp thương mại căn hộ Phú Mỹ,1248,3000,20260630,TC-01,SUSPENDED_PENDING_REVIEW,2026-06-30,2026-05-15,SYNTHETIC_RISK_SCENARIO
500536,TST-U00536,TST-U00536,500,501,3PN,3,2,103.3,124.01,11,MID,E,N,OBSTRUCTED,False,0.833,12.4,False,0,0.14,17.4,NONE,False,SYNTHETIC,RISK_PROJECT_BASELINE,Tổ hợp thương mại căn hộ Phú Mỹ,1248,3000,20260630,TC-01,SUSPENDED_PENDING_REVIEW,2026-06-30,2026-05-15,SYNTHETIC_RISK_SCENARIO
500537,TST-U00537,TST-U00537,500,501,3PN,3,2,113.38,141.55,11,MID,SE,S,CITY_OPEN,False,0.801,1.7,False,0,0.24,70.9,WASTE_STATION,False,SYNTHETIC,RISK_PROJECT_BASELINE,Tổ hợp thương mại căn hộ Phú Mỹ,1248,3000,20260630,TC-01,SUSPENDED_PENDING_REVIEW,2026-06-30,2026-05-15,SYNTHETIC_RISK_SCENARIO
500538,TST-U00538,TST-U00538,500,501,2PN,2,2,75.6,87.5,11,MID,SW,NW,PARK,True,0.864,5.2,False,0,0.73,56.1,NONE,False,SYNTHETIC,RISK_PROJECT_BASELINE,Tổ hợp thương mại căn hộ Phú Mỹ,1248,3000,20260630,TC-01,SUSPENDED_PENDING_REVIEW,2026-06-30,2026-05-15,SYNTHETIC_RISK_SCENARIO
500539,TST-U00539,TST-U00539,500,501,STUDIO,1,1,40.71,48.99,11,MID,NW,E,OBSTRUCTED,False,0.831,15.6,False,0,0.93,11.3,NONE,False,SYNTHETIC,RISK_PROJECT_BASELINE,Tổ hợp thương mại căn hộ Phú Mỹ,1248,3000,20260630,TC-01,SUSPENDED_PENDING_REVIEW,2026-06-30,2026-05-15,SYNTHETIC_RISK_SCENARIO
500540,TST-U00540,TST-U00540,500,501,2PN,2,2,86.79,106.1,11,MID,N,E,OBSTRUCTED,False,0.818,14.2,False,0,0.31,13.9,NONE,False,SYNTHETIC,RISK_PROJECT_BASELINE,Tổ hợp thương mại căn hộ Phú Mỹ,1248,3000,20260630,TC-01,SUSPENDED_PENDING_REVIEW,2026-06-30,2026-05-15,SYNTHETIC_RISK_SCENARIO
500541,TST-U00541,TST-U00541,500,501,2PN,2,2,74.25,92.47,11,MID,E,S,OBSTRUCTED,False,0.803,1.8,False,0,0.3,8.0,NONE,False,SYNTHETIC,RISK_PROJECT_BASELINE,Tổ hợp thương mại căn hộ Phú Mỹ,1248,3000,20260630,TC-01,SUSPENDED_PENDING_REVIEW,2026-06-30,2026-05-15,SYNTHETIC_RISK_SCENARIO
500542,TST-U00542,TST-U00542,500,501,1PN,1,1,52.0,60.89,11,MID,SW,E,OBSTRUCTED,False,0.854,5.5,True,0,0.78,5.4,NONE,False,SYNTHETIC,RISK_PROJECT_BASELINE,Tổ hợp thương mại căn hộ Phú Mỹ,1248,3000,20260630,TC-01,SUSPENDED_PENDING_REVIEW,2026-06-30,2026-05-15,SYNTHETIC_RISK_SCENARIO
500543,TST-U00543,TST-U00543,500,501,2PN,2,2,71.47,81.96,11,MID,E,NE,PARK,False,0.872,10.3,False,1,0.14,86.0,NONE,False,SYNTHETIC,RISK_PROJECT_BASELINE,Tổ hợp thương mại căn hộ Phú Mỹ,1248,3000,20260630,TC-01,SUSPENDED_PENDING_REVIEW,2026-06-30,2026-05-15,SYNTHETIC_RISK_SCENARIO
500544,TST-U00544,TST-U00544,500,501,1PN,1,1,50.04,59.15,11,MID,SW,N,OBSTRUCTED,False,0.846,6.4,True,0,0.89,12.2,NONE,False,SYNTHETIC,RISK_PROJECT_BASELINE,Tổ hợp thương mại căn hộ Phú Mỹ,1248,3000,20260630,TC-01,SUSPENDED_PENDING_REVIEW,2026-06-30,2026-05-15,SYNTHETIC_RISK_SCENARIO
500545,TST-U00545,TST-U00545,500,501,2PN,2,2,68.68,81.28,11,MID,NW,SE,OBSTRUCTED,True,0.845,10.5,False,0,0.86,17.0,NONE,False,SYNTHETIC,RISK_PROJECT_BASELINE,Tổ hợp thương mại căn hộ Phú Mỹ,1248,3000,20260630,TC-01,SUSPENDED_PENDING_REVIEW,2026-06-30,2026-05-15,SYNTHETIC_RISK_SCENARIO
500546,TST-U00546,TST-U00546,500,501,1PN,1,1,55.04,65.45,11,MID,W,NW,OBSTRUCTED,True,0.841,8.2,False,1,0.8,9.5,WASTE_STATION,False,SYNTHETIC,RISK_PROJECT_BASELINE,Tổ hợp thương mại căn hộ Phú Mỹ,1248,3000,20260630,TC-01,SUSPENDED_PENDING_REVIEW,2026-06-30,2026-05-15,SYNTHETIC_RISK_SCENARIO
500547,TST-U00547,TST-U00547,500,501,2PN,2,2,72.65,83.12,11,MID,E,E,OBSTRUCTED,True,0.874,1.6,False,1,0.19,13.5,NONE,False,SYNTHETIC,RISK_PROJECT_BASELINE,Tổ hợp thương mại căn hộ Phú Mỹ,1248,3000,20260630,TC-01,SUSPENDED_PENDING_REVIEW,2026-06-30,2026-05-15,SYNTHETIC_RISK_SCENARIO
500548,TST-U00548,TST-U00548,500,501,3PN,3,2,98.7,119.35,11,MID,W,SW,PARK,False,0.827,15.6,True,0,0.72,53.7,NONE,False,SYNTHETIC,RISK_PROJECT_BASELINE,Tổ hợp thương mại căn hộ Phú Mỹ,1248,3000,20260630,TC-01,SUSPENDED_PENDING_REVIEW,2026-06-30,2026-05-15,SYNTHETIC_RISK_SCENARIO
500549,TST-U00549,TST-U00549,500,501,1PN,1,1,51.33,57.74,11,MID,N,NW,CITY_OPEN,False,0.889,6.6,True,0,0.07,45.9,NONE,False,SYNTHETIC,RISK_PROJECT_BASELINE,Tổ hợp thương mại căn hộ Phú Mỹ,1248,3000,20260630,TC-01,SUSPENDED_PENDING_REVIEW,2026-06-30,2026-05-15,SYNTHETIC_RISK_SCENARIO
500550,TST-U00550,TST-U00550,500,501,2PN,2,2,67.31,79.0,11,MID,SW,NW,CITY_OPEN,False,0.852,5.0,False,0,0.76,90.0,NONE,False,SYNTHETIC,RISK_PROJECT_BASELINE,Tổ hợp thương mại căn hộ Phú Mỹ,1248,3000,20260630,TC-01,SUSPENDED_PENDING_REVIEW,2026-06-30,2026-05-15,SYNTHETIC_RISK_SCENARIO
500551,TST-U00551,TST-U00551,500,501,3PN,3,2,108.91,131.53,11,MID,SW,N,CITY_OPEN,False,0.828,1.7,False,0,0.61,32.3,NONE,False,SYNTHETIC,RISK_PROJECT_BASELINE,Tổ hợp thương mại căn hộ Phú Mỹ,1248,3000,20260630,TC-01,SUSPENDED_PENDING_REVIEW,2026-06-30,2026-05-15,SYNTHETIC_RISK_SCENARIO
500552,TST-U00552,TST-U00552,500,501,STUDIO,1,1,47.76,55.15,11,MID,S,NE,PARK,False,0.866,15.0,False,0,0.19,32.1,WASTE_STATION,False,SYNTHETIC,RISK_PROJECT_BASELINE,Tổ hợp thương mại căn hộ Phú Mỹ,1248,3000,20260630,TC-01,SUSPENDED_PENDING_REVIEW,2026-06-30,2026-05-15,SYNTHETIC_RISK_SCENARIO
500553,TST-U00553,TST-U00553,500,501,3PN,3,2,103.07,118.06,11,MID,W,S,OBSTRUCTED,False,0.873,15.3,False,1,0.87,11.2,NONE,False,SYNTHETIC,RISK_PROJECT_BASELINE,Tổ hợp thương mại căn hộ Phú Mỹ,1248,3000,20260630,TC-01,SUSPENDED_PENDING_REVIEW,2026-06-30,2026-05-15,SYNTHETIC_RISK_SCENARIO
500554,TST-U00554,TST-U00554,500,501,3PN,3,2,105.47,125.86,11,MID,S,NW,PARK,False,0.838,8.9,False,1,0.31,56.9,NONE,False,SYNTHETIC,RISK_PROJECT_BASELINE,Tổ hợp thương mại căn hộ Phú Mỹ,1248,3000,20260630,TC-01,SUSPENDED_PENDING_REVIEW,2026-06-30,2026-05-15,SYNTHETIC_RISK_SCENARIO
500555,TST-U00555,TST-U00555,500,501,STUDIO,1,1,38.91,48.46,11,MID,NE,E,OBSTRUCTED,False,0.803,11.7,False,1,0.14,9.1,NONE,False,SYNTHETIC,RISK_PROJECT_BASELINE,Tổ hợp thương mại căn hộ Phú Mỹ,1248,3000,20260630,TC-01,SUSPENDED_PENDING_REVIEW,2026-06-30,2026-05-15,SYNTHETIC_RISK_SCENARIO
500556,TST-U00556,TST-U00556,500,501,2PN,2,2,78.14,94.14,11,MID,SW,E,OBSTRUCTED,False,0.83,2.0,True,0,0.57,16.2,NONE,False,SYNTHETIC,RISK_PROJECT_BASELINE,Tổ hợp thương mại căn hộ Phú Mỹ,1248,3000,20260630,TC-01,SUSPENDED_PENDING_REVIEW,2026-06-30,2026-05-15,SYNTHETIC_RISK_SCENARIO
500557,TST-U00557,TST-U00557,500,501,2PN,2,2,74.47,90.6,11,MID,SE,E,CITY_OPEN,False,0.822,12.2,False,0,0.32,49.3,NONE,False,SYNTHETIC,RISK_PROJECT_BASELINE,Tổ hợp thương mại căn hộ Phú Mỹ,1248,3000,20260630,TC-01,SUSPENDED_PENDING_REVIEW,2026-06-30,2026-05-15,SYNTHETIC_RISK_SCENARIO
500558,TST-U00558,TST-U00558,500,501,2PN,2,2,71.41,80.87,11,MID,NW,NE,OBSTRUCTED,False,0.883,4.9,False,0,0.51,8.5,NONE,False,SYNTHETIC,RISK_PROJECT_BASELINE,Tổ hợp thương mại căn hộ Phú Mỹ,1248,3000,20260630,TC-01,SUSPENDED_PENDING_REVIEW,2026-06-30,2026-05-15,SYNTHETIC_RISK_SCENARIO
500559,TST-U00559,TST-U00559,500,501,2PN,2,2,73.51,85.68,11,MID,SW,S,CITY_OPEN,False,0.858,4.7,False,1,0.76,103.4,NONE,False,SYNTHETIC,RISK_PROJECT_BASELINE,Tổ hợp thương mại căn hộ Phú Mỹ,1248,3000,20260630,TC-01,SUSPENDED_PENDING_REVIEW,2026-06-30,2026-05-15,SYNTHETIC_RISK_SCENARIO
500560,TST-U00560,TST-U00560,500,501,1PN,1,1,56.97,65.56,11,MID,E,SE,OBSTRUCTED,False,0.869,4.6,False,0,0.25,13.4,NONE,False,SYNTHETIC,RISK_PROJECT_BASELINE,Tổ hợp thương mại căn hộ Phú Mỹ,1248,3000,20260630,TC-01,SUSPENDED_PENDING_REVIEW,2026-06-30,2026-05-15,SYNTHETIC_RISK_SCENARIO
500561,TST-U00561,TST-U00561,500,501,3PN,3,2,90.88,108.71,11,MID,SE,E,CITY_OPEN,False,0.836,7.2,False,0,0.11,68.4,NONE,False,SYNTHETIC,RISK_PROJECT_BASELINE,Tổ hợp thương mại căn hộ Phú Mỹ,1248,3000,20260630,TC-01,SUSPENDED_PENDING_REVIEW,2026-06-30,2026-05-15,SYNTHETIC_RISK_SCENARIO
500562,TST-U00562,TST-U00562,500,501,3PN,3,2,115.33,132.87,11,MID,E,S,PARK,False,0.868,11.5,True,0,0.04,67.5,WASTE_STATION,False,SYNTHETIC,RISK_PROJECT_BASELINE,Tổ hợp thương mại căn hộ Phú Mỹ,1248,3000,20260630,TC-01,SUSPENDED_PENDING_REVIEW,2026-06-30,2026-05-15,SYNTHETIC_RISK_SCENARIO
500563,TST-U00563,TST-U00563,500,501,2PN,2,2,74.34,84.67,11,MID,E,S,OBSTRUCTED,False,0.878,5.3,False,0,0.17,14.7,NONE,False,SYNTHETIC,RISK_PROJECT_BASELINE,Tổ hợp thương mại căn hộ Phú Mỹ,1248,3000,20260630,TC-01,SUSPENDED_PENDING_REVIEW,2026-06-30,2026-05-15,SYNTHETIC_RISK_SCENARIO
500564,TST-U00564,TST-U00564,500,501,2PN,2,2,76.64,87.19,11,MID,SE,NE,OBSTRUCTED,False,0.879,3.4,True,0,0.19,14.0,NONE,False,SYNTHETIC,RISK_PROJECT_BASELINE,Tổ hợp thương mại căn hộ Phú Mỹ,1248,3000,20260630,TC-01,SUSPENDED_PENDING_REVIEW,2026-06-30,2026-05-15,SYNTHETIC_RISK_SCENARIO
500565,TST-U00565,TST-U00565,500,501,1PN,1,1,60.39,73.65,11,MID,S,NE,CITY_OPEN,False,0.82,5.0,False,0,0.2,43.8,NONE,False,SYNTHETIC,RISK_PROJECT_BASELINE,Tổ hợp thương mại căn hộ Phú Mỹ,1248,3000,20260630,TC-01,SUSPENDED_PENDING_REVIEW,2026-06-30,2026-05-15,SYNTHETIC_RISK_SCENARIO
500566,TST-U00566,TST-U00566,500,501,2PN,2,2,76.48,95.24,11,MID,SW,NW,OBSTRUCTED,True,0.803,3.4,False,1,0.65,10.0,NONE,False,SYNTHETIC,RISK_PROJECT_BASELINE,Tổ hợp thương mại căn hộ Phú Mỹ,1248,3000,20260630,TC-01,SUSPENDED_PENDING_REVIEW,2026-06-30,2026-05-15,SYNTHETIC_RISK_SCENARIO
500567,TST-U00567,TST-U00567,500,501,1PN,1,1,56.34,67.07,11,MID,S,E,OBSTRUCTED,True,0.84,5.1,False,1,0.1,17.6,NONE,False,SYNTHETIC,RISK_PROJECT_BASELINE,Tổ hợp thương mại căn hộ Phú Mỹ,1248,3000,20260630,TC-01,SUSPENDED_PENDING_REVIEW,2026-06-30,2026-05-15,SYNTHETIC_RISK_SCENARIO
500568,TST-U00568,TST-U00568,500,501,1PN,1,1,49.99,57.33,11,MID,SE,S,OBSTRUCTED,False,0.872,15.3,False,0,0.05,5.4,NONE,False,SYNTHETIC,RISK_PROJECT_BASELINE,Tổ hợp thương mại căn hộ Phú Mỹ,1248,3000,20260630,TC-01,SUSPENDED_PENDING_REVIEW,2026-06-30,2026-05-15,SYNTHETIC_RISK_SCENARIO
500569,TST-U00569,TST-U00569,500,501,2PN,2,2,76.03,87.19,11,MID,SW,SE,OBSTRUCTED,False,0.872,13.7,False,0,0.81,7.6,NONE,False,SYNTHETIC,RISK_PROJECT_BASELINE,Tổ hợp thương mại căn hộ Phú Mỹ,1248,3000,20260630,TC-01,SUSPENDED_PENDING_REVIEW,2026-06-30,2026-05-15,SYNTHETIC_RISK_SCENARIO
500570,TST-U00570,TST-U00570,500,501,STUDIO,1,1,45.5,53.59,11,MID,N,SW,CITY_OPEN,True,0.849,13.0,True,0,0.13,33.2,NONE,False,SYNTHETIC,RISK_PROJECT_BASELINE,Tổ hợp thương mại căn hộ Phú Mỹ,1248,3000,20260630,TC-01,SUSPENDED_PENDING_REVIEW,2026-06-30,2026-05-15,SYNTHETIC_RISK_SCENARIO
500571,TST-U00571,TST-U00571,500,501,2PN,2,2,70.97,80.92,11,MID,NE,NE,CITY_OPEN,False,0.877,12.3,False,1,0.09,106.5,NONE,False,SYNTHETIC,RISK_PROJECT_BASELINE,Tổ hợp thương mại căn hộ Phú Mỹ,1248,3000,20260630,TC-01,SUSPENDED_PENDING_REVIEW,2026-06-30,2026-05-15,SYNTHETIC_RISK_SCENARIO
500572,TST-U00572,TST-U00572,500,501,2PN,2,2,79.36,96.78,11,MID,SE,SW,OBSTRUCTED,True,0.82,13.1,False,0,0.09,17.9,NONE,False,SYNTHETIC,RISK_PROJECT_BASELINE,Tổ hợp thương mại căn hộ Phú Mỹ,1248,3000,20260630,TC-01,SUSPENDED_PENDING_REVIEW,2026-06-30,2026-05-15,SYNTHETIC_RISK_SCENARIO
500573,TST-U00573,TST-U00573,500,501,2PN,2,2,85.41,101.56,11,MID,E,NW,PARK,False,0.841,1.9,False,2,0.22,64.0,NONE,False,SYNTHETIC,RISK_PROJECT_BASELINE,Tổ hợp thương mại căn hộ Phú Mỹ,1248,3000,20260630,TC-01,SUSPENDED_PENDING_REVIEW,2026-06-30,2026-05-15,SYNTHETIC_RISK_SCENARIO
500574,TST-U00574,TST-U00574,500,501,STUDIO,1,1,43.48,51.09,11,MID,NE,S,CITY_OPEN,True,0.851,12.3,False,0,0.15,74.9,TEMPLE,False,SYNTHETIC,RISK_PROJECT_BASELINE,Tổ hợp thương mại căn hộ Phú Mỹ,1248,3000,20260630,TC-01,SUSPENDED_PENDING_REVIEW,2026-06-30,2026-05-15,SYNTHETIC_RISK_SCENARIO
500575,TST-U00575,TST-U00575,500,501,1PN,1,1,46.83,52.68,11,MID,NE,S,CITY_OPEN,False,0.889,8.3,False,0,0.28,70.8,NONE,False,SYNTHETIC,RISK_PROJECT_BASELINE,Tổ hợp thương mại căn hộ Phú Mỹ,1248,3000,20260630,TC-01,SUSPENDED_PENDING_REVIEW,2026-06-30,2026-05-15,SYNTHETIC_RISK_SCENARIO
500576,TST-U00576,TST-U00576,500,501,1PN,1,1,51.87,63.18,11,MID,N,N,OBSTRUCTED,False,0.821,13.4,False,0,0.13,6.5,NONE,False,SYNTHETIC,RISK_PROJECT_BASELINE,Tổ hợp thương mại căn hộ Phú Mỹ,1248,3000,20260630,TC-01,SUSPENDED_PENDING_REVIEW,2026-06-30,2026-05-15,SYNTHETIC_RISK_SCENARIO
500577,TST-U00577,TST-U00577,500,501,1PN,1,1,56.31,65.02,11,MID,SE,S,PARK,True,0.866,11.1,False,1,0.2,104.2,NONE,False,SYNTHETIC,RISK_PROJECT_BASELINE,Tổ hợp thương mại căn hộ Phú Mỹ,1248,3000,20260630,TC-01,SUSPENDED_PENDING_REVIEW,2026-06-30,2026-05-15,SYNTHETIC_RISK_SCENARIO
500578,TST-U00578,TST-U00578,500,501,3PN,3,2,103.86,119.79,11,MID,E,S,CITY_OPEN,False,0.867,11.8,False,0,0.19,104.3,NONE,False,SYNTHETIC,RISK_PROJECT_BASELINE,Tổ hợp thương mại căn hộ Phú Mỹ,1248,3000,20260630,TC-01,SUSPENDED_PENDING_REVIEW,2026-06-30,2026-05-15,SYNTHETIC_RISK_SCENARIO
500579,TST-U00579,TST-U00579,500,501,1PN,1,1,53.7,60.82,11,MID,SW,S,POOL,False,0.883,6.9,False,0,0.58,49.9,WASTE_STATION,False,SYNTHETIC,RISK_PROJECT_BASELINE,Tổ hợp thương mại căn hộ Phú Mỹ,1248,3000,20260630,TC-01,SUSPENDED_PENDING_REVIEW,2026-06-30,2026-05-15,SYNTHETIC_RISK_SCENARIO
500580,TST-U00580,TST-U00580,500,501,2PN,2,2,83.21,97.44,11,MID,E,S,CITY_OPEN,False,0.854,7.3,False,1,0.13,88.9,NONE,False,SYNTHETIC,RISK_PROJECT_BASELINE,Tổ hợp thương mại căn hộ Phú Mỹ,1248,3000,20260630,TC-01,SUSPENDED_PENDING_REVIEW,2026-06-30,2026-05-15,SYNTHETIC_RISK_SCENARIO
500581,TST-U00581,TST-U00581,500,501,1PN,1,1,49.18,58.69,11,MID,SW,E,PARK,False,0.838,5.8,False,1,0.81,87.4,NONE,False,SYNTHETIC,RISK_PROJECT_BASELINE,Tổ hợp thương mại căn hộ Phú Mỹ,1248,3000,20260630,TC-01,SUSPENDED_PENDING_REVIEW,2026-06-30,2026-05-15,SYNTHETIC_RISK_SCENARIO
500582,TST-U00582,TST-U00582,500,501,2PN,2,2,68.89,81.33,11,MID,SE,SE,OBSTRUCTED,False,0.847,14.2,False,1,0.09,13.1,NONE,False,SYNTHETIC,RISK_PROJECT_BASELINE,Tổ hợp thương mại căn hộ Phú Mỹ,1248,3000,20260630,TC-01,SUSPENDED_PENDING_REVIEW,2026-06-30,2026-05-15,SYNTHETIC_RISK_SCENARIO
500583,TST-U00583,TST-U00583,500,501,3PN,3,2,102.55,128.03,11,MID,NW,N,OBSTRUCTED,False,0.801,8.2,False,1,0.62,4.9,WASTE_STATION,False,SYNTHETIC,RISK_PROJECT_BASELINE,Tổ hợp thương mại căn hộ Phú Mỹ,1248,3000,20260630,TC-01,SUSPENDED_PENDING_REVIEW,2026-06-30,2026-05-15,SYNTHETIC_RISK_SCENARIO
500584,TST-U00584,TST-U00584,500,501,2PN,2,2,86.26,102.57,11,MID,SE,SW,OBSTRUCTED,False,0.841,14.0,True,0,0.23,6.3,NONE,False,SYNTHETIC,RISK_PROJECT_BASELINE,Tổ hợp thương mại căn hộ Phú Mỹ,1248,3000,20260630,TC-01,SUSPENDED_PENDING_REVIEW,2026-06-30,2026-05-15,SYNTHETIC_RISK_SCENARIO
500585,TST-U00585,TST-U00585,500,501,2PN,2,2,75.72,88.56,11,MID,W,S,CITY_OPEN,False,0.855,6.0,False,0,0.87,33.7,NONE,False,SYNTHETIC,RISK_PROJECT_BASELINE,Tổ hợp thương mại căn hộ Phú Mỹ,1248,3000,20260630,TC-01,SUSPENDED_PENDING_REVIEW,2026-06-30,2026-05-15,SYNTHETIC_RISK_SCENARIO
500586,TST-U00586,TST-U00586,500,501,2PN,2,2,71.22,85.09,11,MID,NW,NW,CITY_OPEN,False,0.837,11.6,False,1,0.86,84.0,NONE,False,SYNTHETIC,RISK_PROJECT_BASELINE,Tổ hợp thương mại căn hộ Phú Mỹ,1248,3000,20260630,TC-01,SUSPENDED_PENDING_REVIEW,2026-06-30,2026-05-15,SYNTHETIC_RISK_SCENARIO
500587,TST-U00587,TST-U00587,500,501,1PN,1,1,57.7,67.49,11,MID,NE,N,CITY_OPEN,False,0.855,12.5,False,0,0.07,63.5,NONE,False,SYNTHETIC,RISK_PROJECT_BASELINE,Tổ hợp thương mại căn hộ Phú Mỹ,1248,3000,20260630,TC-01,SUSPENDED_PENDING_REVIEW,2026-06-30,2026-05-15,SYNTHETIC_RISK_SCENARIO
500588,TST-U00588,TST-U00588,500,501,1PN,1,1,56.17,65.54,11,MID,S,NE,POOL,False,0.857,6.5,False,0,0.28,62.9,NONE,False,SYNTHETIC,RISK_PROJECT_BASELINE,Tổ hợp thương mại căn hộ Phú Mỹ,1248,3000,20260630,TC-01,SUSPENDED_PENDING_REVIEW,2026-06-30,2026-05-15,SYNTHETIC_RISK_SCENARIO
500589,TST-U00589,TST-U00589,500,501,STUDIO,1,1,44.77,52.92,11,MID,SE,NW,OBSTRUCTED,False,0.846,7.4,False,0,0.17,15.4,NONE,False,SYNTHETIC,RISK_PROJECT_BASELINE,Tổ hợp thương mại căn hộ Phú Mỹ,1248,3000,20260630,TC-01,SUSPENDED_PENDING_REVIEW,2026-06-30,2026-05-15,SYNTHETIC_RISK_SCENARIO
500590,TST-U00590,TST-U00590,500,501,2PN,2,2,76.11,89.54,11,MID,SE,N,CITY_OPEN,False,0.85,13.1,False,0,0.3,51.5,CEMETERY,False,SYNTHETIC,RISK_PROJECT_BASELINE,Tổ hợp thương mại căn hộ Phú Mỹ,1248,3000,20260630,TC-01,SUSPENDED_PENDING_REVIEW,2026-06-30,2026-05-15,SYNTHETIC_RISK_SCENARIO
500591,TST-U00591,TST-U00591,500,501,3PN,3,2,106.09,131.14,11,MID,SE,SW,POOL,False,0.809,14.8,False,0,0.06,88.1,NONE,False,SYNTHETIC,RISK_PROJECT_BASELINE,Tổ hợp thương mại căn hộ Phú Mỹ,1248,3000,20260630,TC-01,SUSPENDED_PENDING_REVIEW,2026-06-30,2026-05-15,SYNTHETIC_RISK_SCENARIO
500592,TST-U00592,TST-U00592,500,501,2PN,2,2,77.39,94.26,11,MID,E,SE,OBSTRUCTED,True,0.821,9.1,False,0,0.2,12.0,NONE,False,SYNTHETIC,RISK_PROJECT_BASELINE,Tổ hợp thương mại căn hộ Phú Mỹ,1248,3000,20260630,TC-01,SUSPENDED_PENDING_REVIEW,2026-06-30,2026-05-15,SYNTHETIC_RISK_SCENARIO
500593,TST-U00593,TST-U00593,500,501,2PN,2,2,78.37,91.66,11,MID,W,E,OBSTRUCTED,False,0.855,1.4,False,1,0.73,11.2,NONE,False,SYNTHETIC,RISK_PROJECT_BASELINE,Tổ hợp thương mại căn hộ Phú Mỹ,1248,3000,20260630,TC-01,SUSPENDED_PENDING_REVIEW,2026-06-30,2026-05-15,SYNTHETIC_RISK_SCENARIO
500594,TST-U00594,TST-U00594,500,501,3PN,3,2,103.96,123.03,11,MID,S,SE,CITY_OPEN,False,0.845,12.9,False,0,0.31,108.0,NONE,False,SYNTHETIC,RISK_PROJECT_BASELINE,Tổ hợp thương mại căn hộ Phú Mỹ,1248,3000,20260630,TC-01,SUSPENDED_PENDING_REVIEW,2026-06-30,2026-05-15,SYNTHETIC_RISK_SCENARIO
500595,TST-U00595,TST-U00595,500,501,2PN,2,2,83.15,93.53,12,MID,SE,W,CITY_OPEN,False,0.889,4.2,True,0,0.19,36.7,NONE,False,SYNTHETIC,RISK_PROJECT_BASELINE,Tổ hợp thương mại căn hộ Phú Mỹ,1248,3000,20260630,TC-01,SUSPENDED_PENDING_REVIEW,2026-06-30,2026-05-15,SYNTHETIC_RISK_SCENARIO
500596,TST-U00596,TST-U00596,500,501,3PN,3,2,107.17,130.7,12,MID,NW,E,CITY_OPEN,True,0.82,15.9,False,0,0.66,46.9,NONE,False,SYNTHETIC,RISK_PROJECT_BASELINE,Tổ hợp thương mại căn hộ Phú Mỹ,1248,3000,20260630,TC-01,SUSPENDED_PENDING_REVIEW,2026-06-30,2026-05-15,SYNTHETIC_RISK_SCENARIO
500597,TST-U00597,TST-U00597,500,501,2PN,2,2,80.22,95.96,12,MID,E,SW,OBSTRUCTED,False,0.836,6.5,True,0,0.11,15.6,WASTE_STATION,False,SYNTHETIC,RISK_PROJECT_BASELINE,Tổ hợp thương mại căn hộ Phú Mỹ,1248,3000,20260630,TC-01,SUSPENDED_PENDING_REVIEW,2026-06-30,2026-05-15,SYNTHETIC_RISK_SCENARIO
500598,TST-U00598,TST-U00598,500,501,3PN,3,2,98.76,113.39,12,MID,S,N,CITY_OPEN,False,0.871,6.1,False,1,0.29,73.0,NONE,False,SYNTHETIC,RISK_PROJECT_BASELINE,Tổ hợp thương mại căn hộ Phú Mỹ,1248,3000,20260630,TC-01,SUSPENDED_PENDING_REVIEW,2026-06-30,2026-05-15,SYNTHETIC_RISK_SCENARIO
500599,TST-U00599,TST-U00599,500,501,2PN,2,2,66.0,81.18,12,MID,NE,NE,OBSTRUCTED,False,0.813,15.3,False,0,0.19,11.9,NONE,False,SYNTHETIC,RISK_PROJECT_BASELINE,Tổ hợp thương mại căn hộ Phú Mỹ,1248,3000,20260630,TC-01,SUSPENDED_PENDING_REVIEW,2026-06-30,2026-05-15,SYNTHETIC_RISK_SCENARIO
500600,TST-U00600,TST-U00600,500,501,3PN,3,2,104.72,125.56,12,MID,NW,SE,OBSTRUCTED,False,0.834,3.0,True,0,0.79,11.0,NONE,False,SYNTHETIC,RISK_PROJECT_BASELINE,Tổ hợp thương mại căn hộ Phú Mỹ,1248,3000,20260630,TC-01,SUSPENDED_PENDING_REVIEW,2026-06-30,2026-05-15,SYNTHETIC_RISK_SCENARIO
500601,TST-U00601,TST-U00601,500,501,1PN,1,1,55.9,69.44,12,MID,NE,SE,CITY_OPEN,False,0.805,10.3,False,0,0.08,40.1,NONE,False,SYNTHETIC,RISK_PROJECT_BASELINE,Tổ hợp thương mại căn hộ Phú Mỹ,1248,3000,20260630,TC-01,SUSPENDED_PENDING_REVIEW,2026-06-30,2026-05-15,SYNTHETIC_RISK_SCENARIO
500602,TST-U00602,TST-U00602,500,501,3PN,3,2,103.74,117.35,12,MID,E,NE,CITY_OPEN,True,0.884,9.1,False,0,0.19,54.9,NONE,False,SYNTHETIC,RISK_PROJECT_BASELINE,Tổ hợp thương mại căn hộ Phú Mỹ,1248,3000,20260630,TC-01,SUSPENDED_PENDING_REVIEW,2026-06-30,2026-05-15,SYNTHETIC_RISK_SCENARIO
500603,TST-U00603,TST-U00603,500,501,1PN,1,1,51.89,61.7,12,MID,W,E,OBSTRUCTED,False,0.841,9.7,False,1,0.83,16.4,NONE,False,SYNTHETIC,RISK_PROJECT_BASELINE,Tổ hợp thương mại căn hộ Phú Mỹ,1248,3000,20260630,TC-01,SUSPENDED_PENDING_REVIEW,2026-06-30,2026-05-15,SYNTHETIC_RISK_SCENARIO
500604,TST-U00604,TST-U00604,500,501,3PN,3,2,104.08,122.59,12,MID,NW,E,CITY_OPEN,True,0.849,10.1,False,0,0.62,74.5,NONE,False,SYNTHETIC,RISK_PROJECT_BASELINE,Tổ hợp thương mại căn hộ Phú Mỹ,1248,3000,20260630,TC-01,SUSPENDED_PENDING_REVIEW,2026-06-30,2026-05-15,SYNTHETIC_RISK_SCENARIO
500605,TST-U00605,TST-U00605,500,501,2PN,2,2,75.12,86.54,12,MID,N,E,CITY_OPEN,False,0.868,9.1,False,0,0.06,69.8,NONE,False,SYNTHETIC,RISK_PROJECT_BASELINE,Tổ hợp thương mại căn hộ Phú Mỹ,1248,3000,20260630,TC-01,SUSPENDED_PENDING_REVIEW,2026-06-30,2026-05-15,SYNTHETIC_RISK_SCENARIO
500606,TST-U00606,TST-U00606,500,501,3PN,3,2,111.3,131.72,12,MID,N,E,OBSTRUCTED,False,0.845,4.8,False,1,0.13,6.0,NONE,False,SYNTHETIC,RISK_PROJECT_BASELINE,Tổ hợp thương mại căn hộ Phú Mỹ,1248,3000,20260630,TC-01,SUSPENDED_PENDING_REVIEW,2026-06-30,2026-05-15,SYNTHETIC_RISK_SCENARIO
500607,TST-U00607,TST-U00607,500,501,2PN,2,2,82.23,94.63,12,MID,SW,NE,CITY_OPEN,False,0.869,6.2,True,0,0.61,62.9,NONE,False,SYNTHETIC,RISK_PROJECT_BASELINE,Tổ hợp thương mại căn hộ Phú Mỹ,1248,3000,20260630,TC-01,SUSPENDED_PENDING_REVIEW,2026-06-30,2026-05-15,SYNTHETIC_RISK_SCENARIO
500608,TST-U00608,TST-U00608,500,501,3PN,3,2,102.12,116.71,12,MID,W,NW,CITY_OPEN,False,0.875,14.7,False,0,0.77,100.9,NONE,False,SYNTHETIC,RISK_PROJECT_BASELINE,Tổ hợp thương mại căn hộ Phú Mỹ,1248,3000,20260630,TC-01,SUSPENDED_PENDING_REVIEW,2026-06-30,2026-05-15,SYNTHETIC_RISK_SCENARIO
500609,TST-U00609,TST-U00609,500,501,2PN,2,2,69.88,80.41,12,MID,S,SE,CITY_OPEN,False,0.869,12.2,False,0,0.3,41.9,NONE,False,SYNTHETIC,RISK_PROJECT_BASELINE,Tổ hợp thương mại căn hộ Phú Mỹ,1248,3000,20260630,TC-01,SUSPENDED_PENDING_REVIEW,2026-06-30,2026-05-15,SYNTHETIC_RISK_SCENARIO
500610,TST-U00610,TST-U00610,500,501,2PN,2,2,76.72,95.9,12,MID,SE,NE,CITY_OPEN,False,0.8,4.2,False,0,0.19,97.1,NONE,False,SYNTHETIC,RISK_PROJECT_BASELINE,Tổ hợp thương mại căn hộ Phú Mỹ,1248,3000,20260630,TC-01,SUSPENDED_PENDING_REVIEW,2026-06-30,2026-05-15,SYNTHETIC_RISK_SCENARIO
500611,TST-U00611,TST-U00611,500,501,1PN,1,1,49.61,57.82,12,MID,NE,E,OBSTRUCTED,False,0.858,15.2,False,0,0.07,17.1,NONE,False,SYNTHETIC,RISK_PROJECT_BASELINE,Tổ hợp thương mại căn hộ Phú Mỹ,1248,3000,20260630,TC-01,SUSPENDED_PENDING_REVIEW,2026-06-30,2026-05-15,SYNTHETIC_RISK_SCENARIO
500612,TST-U00612,TST-U00612,500,501,2PN,2,2,81.49,94.65,12,MID,W,N,OBSTRUCTED,False,0.861,12.3,False,0,0.58,7.8,NONE,False,SYNTHETIC,RISK_PROJECT_BASELINE,Tổ hợp thương mại căn hộ Phú Mỹ,1248,3000,20260630,TC-01,SUSPENDED_PENDING_REVIEW,2026-06-30,2026-05-15,SYNTHETIC_RISK_SCENARIO
500613,TST-U00613,TST-U00613,500,501,2PN,2,2,67.16,79.48,12,MID,NW,NW,PARK,False,0.845,12.3,False,1,0.88,91.4,NONE,False,SYNTHETIC,RISK_PROJECT_BASELINE,Tổ hợp thương mại căn hộ Phú Mỹ,1248,3000,20260630,TC-01,SUSPENDED_PENDING_REVIEW,2026-06-30,2026-05-15,SYNTHETIC_RISK_SCENARIO
500614,TST-U00614,TST-U00614,500,501,3PN,3,2,112.09,133.6,12,MID,N,N,OBSTRUCTED,False,0.839,9.1,False,2,0.05,5.4,NONE,False,SYNTHETIC,RISK_PROJECT_BASELINE,Tổ hợp thương mại căn hộ Phú Mỹ,1248,3000,20260630,TC-01,SUSPENDED_PENDING_REVIEW,2026-06-30,2026-05-15,SYNTHETIC_RISK_SCENARIO
500615,TST-U00615,TST-U00615,500,501,2PN,2,2,65.2,73.34,12,MID,N,SW,OBSTRUCTED,False,0.889,5.5,False,0,0.26,9.8,WASTE_STATION,False,SYNTHETIC,RISK_PROJECT_BASELINE,Tổ hợp thương mại căn hộ Phú Mỹ,1248,3000,20260630,TC-01,SUSPENDED_PENDING_REVIEW,2026-06-30,2026-05-15,SYNTHETIC_RISK_SCENARIO
500616,TST-U00616,TST-U00616,500,501,3PN,3,2,103.31,119.57,12,MID,NE,N,PARK,False,0.864,10.6,False,1,0.22,107.5,NONE,False,SYNTHETIC,RISK_PROJECT_BASELINE,Tổ hợp thương mại căn hộ Phú Mỹ,1248,3000,20260630,TC-01,SUSPENDED_PENDING_REVIEW,2026-06-30,2026-05-15,SYNTHETIC_RISK_SCENARIO
500617,TST-U00617,TST-U00617,500,501,2PN,2,2,71.3,83.98,12,MID,E,S,OBSTRUCTED,False,0.849,3.0,False,0,0.15,5.0,NONE,False,SYNTHETIC,RISK_PROJECT_BASELINE,Tổ hợp thương mại căn hộ Phú Mỹ,1248,3000,20260630,TC-01,SUSPENDED_PENDING_REVIEW,2026-06-30,2026-05-15,SYNTHETIC_RISK_SCENARIO
500618,TST-U00618,TST-U00618,500,501,2PN,2,2,73.34,88.9,12,MID,E,SE,CITY_OPEN,False,0.825,2.1,False,0,0.11,51.5,NONE,False,SYNTHETIC,RISK_PROJECT_BASELINE,Tổ hợp thương mại căn hộ Phú Mỹ,1248,3000,20260630,TC-01,SUSPENDED_PENDING_REVIEW,2026-06-30,2026-05-15,SYNTHETIC_RISK_SCENARIO
500619,TST-U00619,TST-U00619,500,501,2PN,2,2,74.66,84.65,12,MID,SE,SE,OBSTRUCTED,False,0.882,11.1,False,1,0.21,4.6,NONE,False,SYNTHETIC,RISK_PROJECT_BASELINE,Tổ hợp thương mại căn hộ Phú Mỹ,1248,3000,20260630,TC-01,SUSPENDED_PENDING_REVIEW,2026-06-30,2026-05-15,SYNTHETIC_RISK_SCENARIO
500620,TST-U00620,TST-U00620,500,501,2PN,2,2,80.1,93.36,12,MID,SE,SE,OBSTRUCTED,False,0.858,7.0,False,0,0.26,8.4,NONE,False,SYNTHETIC,RISK_PROJECT_BASELINE,Tổ hợp thương mại căn hộ Phú Mỹ,1248,3000,20260630,TC-01,SUSPENDED_PENDING_REVIEW,2026-06-30,2026-05-15,SYNTHETIC_RISK_SCENARIO
500621,TST-U00621,TST-U00621,500,501,2PN,2,2,66.43,79.75,12,MID,SE,SW,CITY_OPEN,False,0.833,6.1,False,0,0.11,72.0,NONE,False,SYNTHETIC,RISK_PROJECT_BASELINE,Tổ hợp thương mại căn hộ Phú Mỹ,1248,3000,20260630,TC-01,SUSPENDED_PENDING_REVIEW,2026-06-30,2026-05-15,SYNTHETIC_RISK_SCENARIO
500622,TST-U00622,TST-U00622,500,501,2PN,2,2,83.53,100.64,12,MID,SW,SW,CITY_OPEN,False,0.83,7.9,False,2,0.51,90.0,NONE,False,SYNTHETIC,RISK_PROJECT_BASELINE,Tổ hợp thương mại căn hộ Phú Mỹ,1248,3000,20260630,TC-01,SUSPENDED_PENDING_REVIEW,2026-06-30,2026-05-15,SYNTHETIC_RISK_SCENARIO
500623,TST-U00623,TST-U00623,500,501,2PN,2,2,78.11,93.43,12,MID,W,N,CITY_OPEN,False,0.836,4.5,False,0,0.52,75.9,NONE,False,SYNTHETIC,RISK_PROJECT_BASELINE,Tổ hợp thương mại căn hộ Phú Mỹ,1248,3000,20260630,TC-01,SUSPENDED_PENDING_REVIEW,2026-06-30,2026-05-15,SYNTHETIC_RISK_SCENARIO
500624,TST-U00624,TST-U00624,500,501,1PN,1,1,55.86,62.98,12,MID,SW,N,PARK,False,0.887,11.8,False,0,0.58,55.6,NONE,False,SYNTHETIC,RISK_PROJECT_BASELINE,Tổ hợp thương mại căn hộ Phú Mỹ,1248,3000,20260630,TC-01,SUSPENDED_PENDING_REVIEW,2026-06-30,2026-05-15,SYNTHETIC_RISK_SCENARIO
500625,TST-U00625,TST-U00625,500,501,3PN,3,2,108.77,124.31,12,MID,S,E,CITY_OPEN,False,0.875,3.1,False,0,0.29,34.3,NONE,False,SYNTHETIC,RISK_PROJECT_BASELINE,Tổ hợp thương mại căn hộ Phú Mỹ,1248,3000,20260630,TC-01,SUSPENDED_PENDING_REVIEW,2026-06-30,2026-05-15,SYNTHETIC_RISK_SCENARIO
500626,TST-U00626,TST-U00626,500,501,3PN,3,2,102.94,116.32,12,MID,SE,SW,CITY_OPEN,False,0.885,10.1,False,1,0.1,79.5,NONE,False,SYNTHETIC,RISK_PROJECT_BASELINE,Tổ hợp thương mại căn hộ Phú Mỹ,1248,3000,20260630,TC-01,SUSPENDED_PENDING_REVIEW,2026-06-30,2026-05-15,SYNTHETIC_RISK_SCENARIO
500627,TST-U00627,TST-U00627,500,501,2PN,2,2,76.94,93.6,12,MID,SW,NW,OBSTRUCTED,False,0.822,5.8,False,1,0.56,17.8,NONE,False,SYNTHETIC,RISK_PROJECT_BASELINE,Tổ hợp thương mại căn hộ Phú Mỹ,1248,3000,20260630,TC-01,SUSPENDED_PENDING_REVIEW,2026-06-30,2026-05-15,SYNTHETIC_RISK_SCENARIO
500628,TST-U00628,TST-U00628,500,501,2PN,2,2,74.31,91.74,12,MID,SW,W,OBSTRUCTED,True,0.81,15.6,False,0,0.53,10.7,NONE,False,SYNTHETIC,RISK_PROJECT_BASELINE,Tổ hợp thương mại căn hộ Phú Mỹ,1248,3000,20260630,TC-01,SUSPENDED_PENDING_REVIEW,2026-06-30,2026-05-15,SYNTHETIC_RISK_SCENARIO
500629,TST-U00629,TST-U00629,500,501,1PN,1,1,50.7,57.48,12,MID,E,S,PARK,False,0.882,12.0,False,1,0.2,54.2,NONE,False,SYNTHETIC,RISK_PROJECT_BASELINE,Tổ hợp thương mại căn hộ Phú Mỹ,1248,3000,20260630,TC-01,SUSPENDED_PENDING_REVIEW,2026-06-30,2026-05-15,SYNTHETIC_RISK_SCENARIO
500630,TST-U00630,TST-U00630,500,501,2PN,2,2,66.69,82.84,12,MID,S,NE,CITY_OPEN,True,0.805,1.3,False,1,0.06,63.7,NONE,False,SYNTHETIC,RISK_PROJECT_BASELINE,Tổ hợp thương mại căn hộ Phú Mỹ,1248,3000,20260630,TC-01,SUSPENDED_PENDING_REVIEW,2026-06-30,2026-05-15,SYNTHETIC_RISK_SCENARIO
500631,TST-U00631,TST-U00631,500,501,1PN,1,1,55.69,65.52,12,MID,SW,NE,OBSTRUCTED,True,0.85,14.6,False,0,0.66,17.2,NONE,False,SYNTHETIC,RISK_PROJECT_BASELINE,Tổ hợp thương mại căn hộ Phú Mỹ,1248,3000,20260630,TC-01,SUSPENDED_PENDING_REVIEW,2026-06-30,2026-05-15,SYNTHETIC_RISK_SCENARIO
500632,TST-U00632,TST-U00632,500,501,1PN,1,1,55.23,65.59,12,MID,SE,SE,OBSTRUCTED,False,0.842,14.3,False,0,0.05,14.7,NONE,False,SYNTHETIC,RISK_PROJECT_BASELINE,Tổ hợp thương mại căn hộ Phú Mỹ,1248,3000,20260630,TC-01,SUSPENDED_PENDING_REVIEW,2026-06-30,2026-05-15,SYNTHETIC_RISK_SCENARIO
500633,TST-U00633,TST-U00633,500,501,2PN,2,2,82.83,96.88,12,MID,SW,NW,CITY_OPEN,True,0.855,1.2,True,0,0.88,36.2,NONE,False,SYNTHETIC,RISK_PROJECT_BASELINE,Tổ hợp thương mại căn hộ Phú Mỹ,1248,3000,20260630,TC-01,SUSPENDED_PENDING_REVIEW,2026-06-30,2026-05-15,SYNTHETIC_RISK_SCENARIO
500634,TST-U00634,TST-U00634,500,501,STUDIO,1,1,43.72,52.93,12,MID,E,W,OBSTRUCTED,True,0.826,4.6,False,0,0.2,11.0,NONE,False,SYNTHETIC,RISK_PROJECT_BASELINE,Tổ hợp thương mại căn hộ Phú Mỹ,1248,3000,20260630,TC-01,SUSPENDED_PENDING_REVIEW,2026-06-30,2026-05-15,SYNTHETIC_RISK_SCENARIO
500635,TST-U00635,TST-U00635,500,501,2PN,2,2,77.98,95.1,12,MID,S,S,CITY_OPEN,False,0.82,3.0,False,1,0.1,98.3,NONE,False,SYNTHETIC,RISK_PROJECT_BASELINE,Tổ hợp thương mại căn hộ Phú Mỹ,1248,3000,20260630,TC-01,SUSPENDED_PENDING_REVIEW,2026-06-30,2026-05-15,SYNTHETIC_RISK_SCENARIO
500636,TST-U00636,TST-U00636,500,501,2PN,2,2,75.85,93.64,12,MID,E,SE,CITY_OPEN,False,0.81,6.3,False,0,0.07,77.3,NONE,False,SYNTHETIC,RISK_PROJECT_BASELINE,Tổ hợp thương mại căn hộ Phú Mỹ,1248,3000,20260630,TC-01,SUSPENDED_PENDING_REVIEW,2026-06-30,2026-05-15,SYNTHETIC_RISK_SCENARIO
500637,TST-U00637,TST-U00637,500,501,2PN,2,2,79.63,93.79,12,MID,N,NE,OBSTRUCTED,False,0.849,1.6,False,0,0.18,4.7,NONE,False,SYNTHETIC,RISK_PROJECT_BASELINE,Tổ hợp thương mại căn hộ Phú Mỹ,1248,3000,20260630,TC-01,SUSPENDED_PENDING_REVIEW,2026-06-30,2026-05-15,SYNTHETIC_RISK_SCENARIO
500638,TST-U00638,TST-U00638,500,501,3PN,3,2,99.28,116.39,12,MID,N,NE,CITY_OPEN,True,0.853,14.8,False,1,0.13,39.1,NONE,False,SYNTHETIC,RISK_PROJECT_BASELINE,Tổ hợp thương mại căn hộ Phú Mỹ,1248,3000,20260630,TC-01,SUSPENDED_PENDING_REVIEW,2026-06-30,2026-05-15,SYNTHETIC_RISK_SCENARIO
500639,TST-U00639,TST-U00639,500,501,2PN,2,2,67.31,78.54,12,MID,S,W,CITY_OPEN,True,0.857,8.8,False,0,0.15,66.8,NONE,False,SYNTHETIC,RISK_PROJECT_BASELINE,Tổ hợp thương mại căn hộ Phú Mỹ,1248,3000,20260630,TC-01,SUSPENDED_PENDING_REVIEW,2026-06-30,2026-05-15,SYNTHETIC_RISK_SCENARIO
500640,TST-U00640,TST-U00640,500,501,1PN,1,1,54.34,66.35,12,MID,E,NW,POOL,False,0.819,11.2,False,0,0.03,54.1,WASTE_STATION,False,SYNTHETIC,RISK_PROJECT_BASELINE,Tổ hợp thương mại căn hộ Phú Mỹ,1248,3000,20260630,TC-01,SUSPENDED_PENDING_REVIEW,2026-06-30,2026-05-15,SYNTHETIC_RISK_SCENARIO
500641,TST-U00641,TST-U00641,500,501,1PN,1,1,59.33,68.99,12,MID,SW,N,OBSTRUCTED,True,0.86,3.7,False,0,0.79,17.8,NONE,False,SYNTHETIC,RISK_PROJECT_BASELINE,Tổ hợp thương mại căn hộ Phú Mỹ,1248,3000,20260630,TC-01,SUSPENDED_PENDING_REVIEW,2026-06-30,2026-05-15,SYNTHETIC_RISK_SCENARIO
500642,TST-U00642,TST-U00642,500,501,2PN,2,2,74.63,87.39,12,MID,NE,NW,CITY_OPEN,True,0.854,1.7,False,1,0.14,99.6,NONE,False,SYNTHETIC,RISK_PROJECT_BASELINE,Tổ hợp thương mại căn hộ Phú Mỹ,1248,3000,20260630,TC-01,SUSPENDED_PENDING_REVIEW,2026-06-30,2026-05-15,SYNTHETIC_RISK_SCENARIO
500643,TST-U00643,TST-U00643,500,501,2PN,2,2,63.89,78.88,12,MID,SE,E,OBSTRUCTED,False,0.81,15.7,False,0,0.28,4.7,TEMPLE,False,SYNTHETIC,RISK_PROJECT_BASELINE,Tổ hợp thương mại căn hộ Phú Mỹ,1248,3000,20260630,TC-01,SUSPENDED_PENDING_REVIEW,2026-06-30,2026-05-15,SYNTHETIC_RISK_SCENARIO
500644,TST-U00644,TST-U00644,500,501,2PN,2,2,75.64,90.91,12,MID,SE,SE,CITY_OPEN,True,0.832,12.6,False,0,0.31,73.4,NONE,False,SYNTHETIC,RISK_PROJECT_BASELINE,Tổ hợp thương mại căn hộ Phú Mỹ,1248,3000,20260630,TC-01,SUSPENDED_PENDING_REVIEW,2026-06-30,2026-05-15,SYNTHETIC_RISK_SCENARIO
500645,TST-U00645,TST-U00645,500,501,2PN,2,2,74.91,87.0,12,MID,NE,S,CITY_OPEN,False,0.861,11.7,False,2,0.16,73.0,NONE,False,SYNTHETIC,RISK_PROJECT_BASELINE,Tổ hợp thương mại căn hộ Phú Mỹ,1248,3000,20260630,TC-01,SUSPENDED_PENDING_REVIEW,2026-06-30,2026-05-15,SYNTHETIC_RISK_SCENARIO
500646,TST-U00646,TST-U00646,500,501,1PN,1,1,58.23,68.51,12,MID,SE,S,OBSTRUCTED,False,0.85,12.2,False,0,0.21,6.0,NONE,False,SYNTHETIC,RISK_PROJECT_BASELINE,Tổ hợp thương mại căn hộ Phú Mỹ,1248,3000,20260630,TC-01,SUSPENDED_PENDING_REVIEW,2026-06-30,2026-05-15,SYNTHETIC_RISK_SCENARIO
500647,TST-U00647,TST-U00647,500,501,1PN,1,1,57.48,69.17,12,MID,NE,S,OBSTRUCTED,False,0.831,2.9,False,0,0.18,14.2,WASTE_STATION,False,SYNTHETIC,RISK_PROJECT_BASELINE,Tổ hợp thương mại căn hộ Phú Mỹ,1248,3000,20260630,TC-01,SUSPENDED_PENDING_REVIEW,2026-06-30,2026-05-15,SYNTHETIC_RISK_SCENARIO
500648,TST-U00648,TST-U00648,500,501,3PN,3,2,111.44,125.78,12,MID,SE,E,PARK,False,0.886,3.0,False,0,0.07,69.8,NONE,False,SYNTHETIC,RISK_PROJECT_BASELINE,Tổ hợp thương mại căn hộ Phú Mỹ,1248,3000,20260630,TC-01,SUSPENDED_PENDING_REVIEW,2026-06-30,2026-05-15,SYNTHETIC_RISK_SCENARIO
500649,TST-U00649,TST-U00649,500,501,2PN,2,2,78.62,94.04,12,MID,E,NW,CITY_OPEN,True,0.836,5.0,True,1,0.25,68.1,NONE,False,SYNTHETIC,RISK_PROJECT_BASELINE,Tổ hợp thương mại căn hộ Phú Mỹ,1248,3000,20260630,TC-01,SUSPENDED_PENDING_REVIEW,2026-06-30,2026-05-15,SYNTHETIC_RISK_SCENARIO
500650,TST-U00650,TST-U00650,500,501,3PN,3,2,97.01,109.37,12,MID,NW,NW,OBSTRUCTED,False,0.887,13.9,False,1,0.56,12.1,NONE,False,SYNTHETIC,RISK_PROJECT_BASELINE,Tổ hợp thương mại căn hộ Phú Mỹ,1248,3000,20260630,TC-01,SUSPENDED_PENDING_REVIEW,2026-06-30,2026-05-15,SYNTHETIC_RISK_SCENARIO
500651,TST-U00651,TST-U00651,500,501,3PN,3,2,107.69,131.33,12,MID,W,N,OBSTRUCTED,True,0.82,8.2,False,0,0.91,12.7,NONE,False,SYNTHETIC,RISK_PROJECT_BASELINE,Tổ hợp thương mại căn hộ Phú Mỹ,1248,3000,20260630,TC-01,SUSPENDED_PENDING_REVIEW,2026-06-30,2026-05-15,SYNTHETIC_RISK_SCENARIO
500652,TST-U00652,TST-U00652,500,501,1PN,1,1,50.77,59.94,12,MID,E,N,OBSTRUCTED,False,0.847,2.2,False,0,0.22,10.4,NONE,False,SYNTHETIC,RISK_PROJECT_BASELINE,Tổ hợp thương mại căn hộ Phú Mỹ,1248,3000,20260630,TC-01,SUSPENDED_PENDING_REVIEW,2026-06-30,2026-05-15,SYNTHETIC_RISK_SCENARIO
500653,TST-U00653,TST-U00653,500,501,2PN,2,2,69.02,80.07,12,MID,E,N,OBSTRUCTED,False,0.862,10.5,False,1,0.14,15.2,TEMPLE,False,SYNTHETIC,RISK_PROJECT_BASELINE,Tổ hợp thương mại căn hộ Phú Mỹ,1248,3000,20260630,TC-01,SUSPENDED_PENDING_REVIEW,2026-06-30,2026-05-15,SYNTHETIC_RISK_SCENARIO
500654,TST-U00654,TST-U00654,500,501,2PN,2,2,83.63,99.09,12,MID,SE,S,CITY_OPEN,False,0.844,12.2,False,0,0.09,43.7,NONE,False,SYNTHETIC,RISK_PROJECT_BASELINE,Tổ hợp thương mại căn hộ Phú Mỹ,1248,3000,20260630,TC-01,SUSPENDED_PENDING_REVIEW,2026-06-30,2026-05-15,SYNTHETIC_RISK_SCENARIO
500655,TST-U00655,TST-U00655,500,501,1PN,1,1,56.19,66.11,12,MID,NE,SW,OBSTRUCTED,True,0.85,14.8,False,0,0.24,10.3,NONE,False,SYNTHETIC,RISK_PROJECT_BASELINE,Tổ hợp thương mại căn hộ Phú Mỹ,1248,3000,20260630,TC-01,SUSPENDED_PENDING_REVIEW,2026-06-30,2026-05-15,SYNTHETIC_RISK_SCENARIO
500656,TST-U00656,TST-U00656,500,501,3PN,3,2,101.22,114.76,12,MID,E,NE,OBSTRUCTED,False,0.882,12.1,False,2,0.12,6.1,WASTE_STATION,False,SYNTHETIC,RISK_PROJECT_BASELINE,Tổ hợp thương mại căn hộ Phú Mỹ,1248,3000,20260630,TC-01,SUSPENDED_PENDING_REVIEW,2026-06-30,2026-05-15,SYNTHETIC_RISK_SCENARIO
500657,TST-U00657,TST-U00657,500,501,2PN,2,2,65.28,74.78,12,MID,S,NW,PARK,False,0.873,14.3,False,1,0.17,70.9,NONE,False,SYNTHETIC,RISK_PROJECT_BASELINE,Tổ hợp thương mại căn hộ Phú Mỹ,1248,3000,20260630,TC-01,SUSPENDED_PENDING_REVIEW,2026-06-30,2026-05-15,SYNTHETIC_RISK_SCENARIO
500658,TST-U00658,TST-U00658,500,501,2PN,2,2,78.04,96.82,12,MID,N,SE,PARK,False,0.806,2.0,False,0,0.08,57.0,NONE,False,SYNTHETIC,RISK_PROJECT_BASELINE,Tổ hợp thương mại căn hộ Phú Mỹ,1248,3000,20260630,TC-01,SUSPENDED_PENDING_REVIEW,2026-06-30,2026-05-15,SYNTHETIC_RISK_SCENARIO
500659,TST-U00659,TST-U00659,500,501,3PN,3,2,114.42,141.43,12,MID,SE,NE,OBSTRUCTED,False,0.809,8.1,False,1,0.03,10.2,NONE,False,SYNTHETIC,RISK_PROJECT_BASELINE,Tổ hợp thương mại căn hộ Phú Mỹ,1248,3000,20260630,TC-01,SUSPENDED_PENDING_REVIEW,2026-06-30,2026-05-15,SYNTHETIC_RISK_SCENARIO
500660,TST-U00660,TST-U00660,500,501,2PN,2,2,68.15,83.31,12,MID,S,SE,OBSTRUCTED,False,0.818,9.2,False,0,0.2,12.0,NONE,False,SYNTHETIC,RISK_PROJECT_BASELINE,Tổ hợp thương mại căn hộ Phú Mỹ,1248,3000,20260630,TC-01,SUSPENDED_PENDING_REVIEW,2026-06-30,2026-05-15,SYNTHETIC_RISK_SCENARIO
500661,TST-U00661,TST-U00661,500,501,STUDIO,1,1,42.86,49.04,13,MID,SE,NW,CITY_OPEN,False,0.874,13.8,False,0,0.29,30.1,NONE,True,SYNTHETIC,RISK_PROJECT_BASELINE,Tổ hợp thương mại căn hộ Phú Mỹ,1248,3000,20260630,TC-01,SUSPENDED_PENDING_REVIEW,2026-06-30,2026-05-15,SYNTHETIC_RISK_SCENARIO
500662,TST-U00662,TST-U00662,500,501,3PN,3,2,101.61,118.84,13,MID,SE,SW,OBSTRUCTED,True,0.855,10.5,False,0,0.13,13.2,NONE,True,SYNTHETIC,RISK_PROJECT_BASELINE,Tổ hợp thương mại căn hộ Phú Mỹ,1248,3000,20260630,TC-01,SUSPENDED_PENDING_REVIEW,2026-06-30,2026-05-15,SYNTHETIC_RISK_SCENARIO
500663,TST-U00663,TST-U00663,500,501,3PN,3,2,98.35,113.31,13,MID,N,NE,OBSTRUCTED,True,0.868,7.6,False,0,0.03,14.2,NONE,True,SYNTHETIC,RISK_PROJECT_BASELINE,Tổ hợp thương mại căn hộ Phú Mỹ,1248,3000,20260630,TC-01,SUSPENDED_PENDING_REVIEW,2026-06-30,2026-05-15,SYNTHETIC_RISK_SCENARIO
500664,TST-U00664,TST-U00664,500,501,3PN,3,2,90.26,102.34,13,MID,SE,NE,OBSTRUCTED,False,0.882,7.6,False,1,0.27,13.5,CEMETERY,True,SYNTHETIC,RISK_PROJECT_BASELINE,Tổ hợp thương mại căn hộ Phú Mỹ,1248,3000,20260630,TC-01,SUSPENDED_PENDING_REVIEW,2026-06-30,2026-05-15,SYNTHETIC_RISK_SCENARIO
500665,TST-U00665,TST-U00665,500,501,STUDIO,1,1,40.7,50.25,13,MID,N,W,CITY_OPEN,False,0.81,11.4,False,1,0.08,90.3,NONE,True,SYNTHETIC,RISK_PROJECT_BASELINE,Tổ hợp thương mại căn hộ Phú Mỹ,1248,3000,20260630,TC-01,SUSPENDED_PENDING_REVIEW,2026-06-30,2026-05-15,SYNTHETIC_RISK_SCENARIO
500666,TST-U00666,TST-U00666,500,501,2PN,2,2,81.75,101.68,13,MID,NE,NE,OBSTRUCTED,False,0.804,7.9,False,0,0.24,9.0,NONE,True,SYNTHETIC,RISK_PROJECT_BASELINE,Tổ hợp thương mại căn hộ Phú Mỹ,1248,3000,20260630,TC-01,SUSPENDED_PENDING_REVIEW,2026-06-30,2026-05-15,SYNTHETIC_RISK_SCENARIO
500667,TST-U00667,TST-U00667,500,501,2PN,2,2,80.63,94.64,13,MID,NW,SE,CITY_OPEN,False,0.852,2.6,False,0,0.68,44.9,NONE,True,SYNTHETIC,RISK_PROJECT_BASELINE,Tổ hợp thương mại căn hộ Phú Mỹ,1248,3000,20260630,TC-01,SUSPENDED_PENDING_REVIEW,2026-06-30,2026-05-15,SYNTHETIC_RISK_SCENARIO
500668,TST-U00668,TST-U00668,500,501,STUDIO,1,1,42.2,50.18,13,MID,SW,N,OBSTRUCTED,False,0.841,5.3,False,1,0.78,16.0,NONE,True,SYNTHETIC,RISK_PROJECT_BASELINE,Tổ hợp thương mại căn hộ Phú Mỹ,1248,3000,20260630,TC-01,SUSPENDED_PENDING_REVIEW,2026-06-30,2026-05-15,SYNTHETIC_RISK_SCENARIO
500669,TST-U00669,TST-U00669,500,501,STUDIO,1,1,42.8,52.77,13,MID,SE,SE,OBSTRUCTED,False,0.811,8.7,False,0,0.21,6.5,NONE,True,SYNTHETIC,RISK_PROJECT_BASELINE,Tổ hợp thương mại căn hộ Phú Mỹ,1248,3000,20260630,TC-01,SUSPENDED_PENDING_REVIEW,2026-06-30,2026-05-15,SYNTHETIC_RISK_SCENARIO
500670,TST-U00670,TST-U00670,500,501,1PN,1,1,49.93,58.53,13,MID,SW,E,OBSTRUCTED,False,0.853,2.3,False,0,0.59,16.2,NONE,True,SYNTHETIC,RISK_PROJECT_BASELINE,Tổ hợp thương mại căn hộ Phú Mỹ,1248,3000,20260630,TC-01,SUSPENDED_PENDING_REVIEW,2026-06-30,2026-05-15,SYNTHETIC_RISK_SCENARIO
500671,TST-U00671,TST-U00671,500,501,1PN,1,1,47.35,57.32,13,MID,SE,W,OBSTRUCTED,False,0.826,15.5,False,0,0.23,10.1,NONE,True,SYNTHETIC,RISK_PROJECT_BASELINE,Tổ hợp thương mại căn hộ Phú Mỹ,1248,3000,20260630,TC-01,SUSPENDED_PENDING_REVIEW,2026-06-30,2026-05-15,SYNTHETIC_RISK_SCENARIO
500672,TST-U00672,TST-U00672,500,501,3PN,3,2,94.93,108.49,13,MID,SW,E,PARK,True,0.875,11.9,False,1,0.57,28.3,NONE,True,SYNTHETIC,RISK_PROJECT_BASELINE,Tổ hợp thương mại căn hộ Phú Mỹ,1248,3000,20260630,TC-01,SUSPENDED_PENDING_REVIEW,2026-06-30,2026-05-15,SYNTHETIC_RISK_SCENARIO
500673,TST-U00673,TST-U00673,500,501,2PN,2,2,76.31,89.88,13,MID,NW,S,POOL,False,0.849,8.4,False,0,0.82,90.1,NONE,True,SYNTHETIC,RISK_PROJECT_BASELINE,Tổ hợp thương mại căn hộ Phú Mỹ,1248,3000,20260630,TC-01,SUSPENDED_PENDING_REVIEW,2026-06-30,2026-05-15,SYNTHETIC_RISK_SCENARIO
500674,TST-U00674,TST-U00674,500,501,2PN,2,2,65.82,80.66,13,MID,N,S,CITY_OPEN,False,0.816,1.3,False,0,0.25,42.7,NONE,True,SYNTHETIC,RISK_PROJECT_BASELINE,Tổ hợp thương mại căn hộ Phú Mỹ,1248,3000,20260630,TC-01,SUSPENDED_PENDING_REVIEW,2026-06-30,2026-05-15,SYNTHETIC_RISK_SCENARIO
500675,TST-U00675,TST-U00675,500,501,1PN,1,1,59.39,71.04,13,MID,SE,SE,CITY_OPEN,False,0.836,13.2,False,2,0.19,67.2,WASTE_STATION,True,SYNTHETIC,RISK_PROJECT_BASELINE,Tổ hợp thương mại căn hộ Phú Mỹ,1248,3000,20260630,TC-01,SUSPENDED_PENDING_REVIEW,2026-06-30,2026-05-15,SYNTHETIC_RISK_SCENARIO
500676,TST-U00676,TST-U00676,500,501,2PN,2,2,70.43,87.71,13,MID,W,SE,CITY_OPEN,False,0.803,7.3,False,0,0.86,34.8,NONE,True,SYNTHETIC,RISK_PROJECT_BASELINE,Tổ hợp thương mại căn hộ Phú Mỹ,1248,3000,20260630,TC-01,SUSPENDED_PENDING_REVIEW,2026-06-30,2026-05-15,SYNTHETIC_RISK_SCENARIO
500677,TST-U00677,TST-U00677,500,501,3PN,3,2,103.57,120.99,13,MID,NE,E,OBSTRUCTED,True,0.856,4.4,False,0,0.03,7.2,NONE,True,SYNTHETIC,RISK_PROJECT_BASELINE,Tổ hợp thương mại căn hộ Phú Mỹ,1248,3000,20260630,TC-01,SUSPENDED_PENDING_REVIEW,2026-06-30,2026-05-15,SYNTHETIC_RISK_SCENARIO
500678,TST-U00678,TST-U00678,500,501,2PN,2,2,75.17,87.51,13,MID,W,N,CITY_OPEN,False,0.859,8.3,False,0,0.64,104.0,NONE,True,SYNTHETIC,RISK_PROJECT_BASELINE,Tổ hợp thương mại căn hộ Phú Mỹ,1248,3000,20260630,TC-01,SUSPENDED_PENDING_REVIEW,2026-06-30,2026-05-15,SYNTHETIC_RISK_SCENARIO
500679,TST-U00679,TST-U00679,500,501,STUDIO,1,1,42.26,48.08,13,MID,NW,N,OBSTRUCTED,False,0.879,3.0,False,1,0.88,16.8,WASTE_STATION,True,SYNTHETIC,RISK_PROJECT_BASELINE,Tổ hợp thương mại căn hộ Phú Mỹ,1248,3000,20260630,TC-01,SUSPENDED_PENDING_REVIEW,2026-06-30,2026-05-15,SYNTHETIC_RISK_SCENARIO
500680,TST-U00680,TST-U00680,500,501,3PN,3,2,112.14,129.04,13,MID,NE,NE,OBSTRUCTED,False,0.869,12.0,False,0,0.06,6.9,NONE,True,SYNTHETIC,RISK_PROJECT_BASELINE,Tổ hợp thương mại căn hộ Phú Mỹ,1248,3000,20260630,TC-01,SUSPENDED_PENDING_REVIEW,2026-06-30,2026-05-15,SYNTHETIC_RISK_SCENARIO
500681,TST-U00681,TST-U00681,500,501,3PN,3,2,115.86,133.79,13,MID,W,S,OBSTRUCTED,False,0.866,15.2,False,0,0.76,6.1,NONE,True,SYNTHETIC,RISK_PROJECT_BASELINE,Tổ hợp thương mại căn hộ Phú Mỹ,1248,3000,20260630,TC-01,SUSPENDED_PENDING_REVIEW,2026-06-30,2026-05-15,SYNTHETIC_RISK_SCENARIO
500682,TST-U00682,TST-U00682,500,501,2PN,2,2,79.16,95.49,13,MID,N,S,CITY_OPEN,True,0.829,13.2,False,1,0.21,91.2,NONE,True,SYNTHETIC,RISK_PROJECT_BASELINE,Tổ hợp thương mại căn hộ Phú Mỹ,1248,3000,20260630,TC-01,SUSPENDED_PENDING_REVIEW,2026-06-30,2026-05-15,SYNTHETIC_RISK_SCENARIO
500683,TST-U00683,TST-U00683,500,501,1PN,1,1,54.07,62.8,13,MID,NE,NW,CITY_OPEN,True,0.861,12.1,False,0,0.09,65.7,NONE,True,SYNTHETIC,RISK_PROJECT_BASELINE,Tổ hợp thương mại căn hộ Phú Mỹ,1248,3000,20260630,TC-01,SUSPENDED_PENDING_REVIEW,2026-06-30,2026-05-15,SYNTHETIC_RISK_SCENARIO
500684,TST-U00684,TST-U00684,500,501,2PN,2,2,81.88,97.71,13,MID,E,SW,CITY_OPEN,False,0.838,14.8,False,0,0.28,30.7,NONE,True,SYNTHETIC,RISK_PROJECT_BASELINE,Tổ hợp thương mại căn hộ Phú Mỹ,1248,3000,20260630,TC-01,SUSPENDED_PENDING_REVIEW,2026-06-30,2026-05-15,SYNTHETIC_RISK_SCENARIO
500685,TST-U00685,TST-U00685,500,501,2PN,2,2,72.18,86.75,13,MID,NE,NE,CITY_OPEN,True,0.832,2.9,False,0,0.08,49.8,NONE,True,SYNTHETIC,RISK_PROJECT_BASELINE,Tổ hợp thương mại căn hộ Phú Mỹ,1248,3000,20260630,TC-01,SUSPENDED_PENDING_REVIEW,2026-06-30,2026-05-15,SYNTHETIC_RISK_SCENARIO
500686,TST-U00686,TST-U00686,500,501,3PN,3,2,105.56,131.29,13,MID,W,NE,OBSTRUCTED,True,0.804,10.2,True,0,0.83,16.9,NONE,True,SYNTHETIC,RISK_PROJECT_BASELINE,Tổ hợp thương mại căn hộ Phú Mỹ,1248,3000,20260630,TC-01,SUSPENDED_PENDING_REVIEW,2026-06-30,2026-05-15,SYNTHETIC_RISK_SCENARIO
500687,TST-U00687,TST-U00687,500,501,STUDIO,1,1,40.57,50.27,13,MID,S,SE,OBSTRUCTED,False,0.807,1.8,False,1,0.13,10.5,NONE,True,SYNTHETIC,RISK_PROJECT_BASELINE,Tổ hợp thương mại căn hộ Phú Mỹ,1248,3000,20260630,TC-01,SUSPENDED_PENDING_REVIEW,2026-06-30,2026-05-15,SYNTHETIC_RISK_SCENARIO
500688,TST-U00688,TST-U00688,500,501,3PN,3,2,101.37,118.56,13,MID,SE,N,OBSTRUCTED,False,0.855,4.7,False,0,0.07,12.8,NONE,True,SYNTHETIC,RISK_PROJECT_BASELINE,Tổ hợp thương mại căn hộ Phú Mỹ,1248,3000,20260630,TC-01,SUSPENDED_PENDING_REVIEW,2026-06-30,2026-05-15,SYNTHETIC_RISK_SCENARIO
500689,TST-U00689,TST-U00689,500,501,3PN,3,2,109.46,128.17,13,MID,S,NE,OBSTRUCTED,False,0.854,8.8,False,0,0.32,14.0,NONE,True,SYNTHETIC,RISK_PROJECT_BASELINE,Tổ hợp thương mại căn hộ Phú Mỹ,1248,3000,20260630,TC-01,SUSPENDED_PENDING_REVIEW,2026-06-30,2026-05-15,SYNTHETIC_RISK_SCENARIO
500690,TST-U00690,TST-U00690,500,501,1PN,1,1,48.8,59.15,13,MID,E,N,CITY_OPEN,False,0.825,1.3,True,0,0.16,61.4,NONE,True,SYNTHETIC,RISK_PROJECT_BASELINE,Tổ hợp thương mại căn hộ Phú Mỹ,1248,3000,20260630,TC-01,SUSPENDED_PENDING_REVIEW,2026-06-30,2026-05-15,SYNTHETIC_RISK_SCENARIO
500691,TST-U00691,TST-U00691,500,501,2PN,2,2,74.8,92.92,13,MID,NW,NE,OBSTRUCTED,False,0.805,4.1,True,0,0.64,14.2,TEMPLE,True,SYNTHETIC,RISK_PROJECT_BASELINE,Tổ hợp thương mại căn hộ Phú Mỹ,1248,3000,20260630,TC-01,SUSPENDED_PENDING_REVIEW,2026-06-30,2026-05-15,SYNTHETIC_RISK_SCENARIO
500692,TST-U00692,TST-U00692,500,501,2PN,2,2,70.58,81.13,13,MID,SW,W,PARK,False,0.87,6.5,True,1,0.72,43.5,NONE,True,SYNTHETIC,RISK_PROJECT_BASELINE,Tổ hợp thương mại căn hộ Phú Mỹ,1248,3000,20260630,TC-01,SUSPENDED_PENDING_REVIEW,2026-06-30,2026-05-15,SYNTHETIC_RISK_SCENARIO
500693,TST-U00693,TST-U00693,500,501,1PN,1,1,52.29,61.66,13,MID,SE,SE,CITY_OPEN,True,0.848,4.4,False,0,0.21,53.6,WASTE_STATION,True,SYNTHETIC,RISK_PROJECT_BASELINE,Tổ hợp thương mại căn hộ Phú Mỹ,1248,3000,20260630,TC-01,SUSPENDED_PENDING_REVIEW,2026-06-30,2026-05-15,SYNTHETIC_RISK_SCENARIO
500694,TST-U00694,TST-U00694,500,501,2PN,2,2,73.8,87.54,13,MID,SE,S,POOL,False,0.843,13.6,False,0,0.18,98.1,NONE,True,SYNTHETIC,RISK_PROJECT_BASELINE,Tổ hợp thương mại căn hộ Phú Mỹ,1248,3000,20260630,TC-01,SUSPENDED_PENDING_REVIEW,2026-06-30,2026-05-15,SYNTHETIC_RISK_SCENARIO
500695,TST-U00695,TST-U00695,500,501,2PN,2,2,78.13,93.57,13,MID,S,E,CITY_OPEN,False,0.835,15.5,False,2,0.32,95.5,NONE,True,SYNTHETIC,RISK_PROJECT_BASELINE,Tổ hợp thương mại căn hộ Phú Mỹ,1248,3000,20260630,TC-01,SUSPENDED_PENDING_REVIEW,2026-06-30,2026-05-15,SYNTHETIC_RISK_SCENARIO
500696,TST-U00696,TST-U00696,500,501,2PN,2,2,73.99,87.15,13,MID,E,E,PARK,False,0.849,4.5,False,0,0.07,69.7,NONE,True,SYNTHETIC,RISK_PROJECT_BASELINE,Tổ hợp thương mại căn hộ Phú Mỹ,1248,3000,20260630,TC-01,SUSPENDED_PENDING_REVIEW,2026-06-30,2026-05-15,SYNTHETIC_RISK_SCENARIO
500697,TST-U00697,TST-U00697,500,501,2PN,2,2,79.17,94.14,13,MID,S,SW,POOL,False,0.841,11.1,True,0,0.23,44.8,NONE,True,SYNTHETIC,RISK_PROJECT_BASELINE,Tổ hợp thương mại căn hộ Phú Mỹ,1248,3000,20260630,TC-01,SUSPENDED_PENDING_REVIEW,2026-06-30,2026-05-15,SYNTHETIC_RISK_SCENARIO
500698,TST-U00698,TST-U00698,500,501,1PN,1,1,58.7,69.55,13,MID,NW,W,PARK,False,0.844,7.4,False,0,0.81,70.1,NONE,True,SYNTHETIC,RISK_PROJECT_BASELINE,Tổ hợp thương mại căn hộ Phú Mỹ,1248,3000,20260630,TC-01,SUSPENDED_PENDING_REVIEW,2026-06-30,2026-05-15,SYNTHETIC_RISK_SCENARIO
500699,TST-U00699,TST-U00699,500,501,2PN,2,2,71.08,83.62,13,MID,SW,NE,POOL,False,0.85,10.8,False,1,0.75,63.3,NONE,True,SYNTHETIC,RISK_PROJECT_BASELINE,Tổ hợp thương mại căn hộ Phú Mỹ,1248,3000,20260630,TC-01,SUSPENDED_PENDING_REVIEW,2026-06-30,2026-05-15,SYNTHETIC_RISK_SCENARIO
500700,TST-U00700,TST-U00700,500,501,3PN,3,2,105.4,125.63,13,MID,SE,E,OBSTRUCTED,False,0.839,13.0,False,1,0.07,10.1,NONE,True,SYNTHETIC,RISK_PROJECT_BASELINE,Tổ hợp thương mại căn hộ Phú Mỹ,1248,3000,20260630,TC-01,SUSPENDED_PENDING_REVIEW,2026-06-30,2026-05-15,SYNTHETIC_RISK_SCENARIO
500701,TST-U00701,TST-U00701,500,501,1PN,1,1,56.58,64.22,13,MID,NW,N,OBSTRUCTED,False,0.881,5.0,True,0,0.78,5.1,NONE,True,SYNTHETIC,RISK_PROJECT_BASELINE,Tổ hợp thương mại căn hộ Phú Mỹ,1248,3000,20260630,TC-01,SUSPENDED_PENDING_REVIEW,2026-06-30,2026-05-15,SYNTHETIC_RISK_SCENARIO
500702,TST-U00702,TST-U00702,500,501,2PN,2,2,80.27,93.88,13,MID,N,N,PARK,True,0.855,3.0,False,0,0.28,69.4,NONE,True,SYNTHETIC,RISK_PROJECT_BASELINE,Tổ hợp thương mại căn hộ Phú Mỹ,1248,3000,20260630,TC-01,SUSPENDED_PENDING_REVIEW,2026-06-30,2026-05-15,SYNTHETIC_RISK_SCENARIO
500703,TST-U00703,TST-U00703,500,501,2PN,2,2,67.53,79.73,13,MID,W,NE,CITY_OPEN,True,0.847,6.8,False,2,0.92,64.2,NONE,True,SYNTHETIC,RISK_PROJECT_BASELINE,Tổ hợp thương mại căn hộ Phú Mỹ,1248,3000,20260630,TC-01,SUSPENDED_PENDING_REVIEW,2026-06-30,2026-05-15,SYNTHETIC_RISK_SCENARIO
500704,TST-U00704,TST-U00704,500,501,1PN,1,1,48.05,57.34,13,MID,SE,S,CITY_OPEN,False,0.838,3.6,False,0,0.13,65.0,NONE,True,SYNTHETIC,RISK_PROJECT_BASELINE,Tổ hợp thương mại căn hộ Phú Mỹ,1248,3000,20260630,TC-01,SUSPENDED_PENDING_REVIEW,2026-06-30,2026-05-15,SYNTHETIC_RISK_SCENARIO
500705,TST-U00705,TST-U00705,500,501,2PN,2,2,81.0,96.77,13,MID,E,W,CITY_OPEN,False,0.837,8.8,False,1,0.21,40.4,WASTE_STATION,True,SYNTHETIC,RISK_PROJECT_BASELINE,Tổ hợp thương mại căn hộ Phú Mỹ,1248,3000,20260630,TC-01,SUSPENDED_PENDING_REVIEW,2026-06-30,2026-05-15,SYNTHETIC_RISK_SCENARIO
500706,TST-U00706,TST-U00706,500,501,3PN,3,2,107.1,132.06,13,MID,NW,S,POOL,False,0.811,15.9,False,0,0.56,102.7,NONE,True,SYNTHETIC,RISK_PROJECT_BASELINE,Tổ hợp thương mại căn hộ Phú Mỹ,1248,3000,20260630,TC-01,SUSPENDED_PENDING_REVIEW,2026-06-30,2026-05-15,SYNTHETIC_RISK_SCENARIO
500707,TST-U00707,TST-U00707,500,501,2PN,2,2,74.43,87.05,13,MID,W,E,CITY_OPEN,False,0.855,2.3,False,0,0.81,44.7,NONE,True,SYNTHETIC,RISK_PROJECT_BASELINE,Tổ hợp thương mại căn hộ Phú Mỹ,1248,3000,20260630,TC-01,SUSPENDED_PENDING_REVIEW,2026-06-30,2026-05-15,SYNTHETIC_RISK_SCENARIO
500708,TST-U00708,TST-U00708,500,501,3PN,3,2,111.28,134.56,13,MID,SW,N,CITY_OPEN,False,0.827,2.3,False,0,0.6,41.5,NONE,True,SYNTHETIC,RISK_PROJECT_BASELINE,Tổ hợp thương mại căn hộ Phú Mỹ,1248,3000,20260630,TC-01,SUSPENDED_PENDING_REVIEW,2026-06-30,2026-05-15,SYNTHETIC_RISK_SCENARIO
500709,TST-U00709,TST-U00709,500,501,1PN,1,1,56.65,65.19,13,MID,SW,NE,PARK,False,0.869,9.3,False,0,0.52,75.2,WASTE_STATION,True,SYNTHETIC,RISK_PROJECT_BASELINE,Tổ hợp thương mại căn hộ Phú Mỹ,1248,3000,20260630,TC-01,SUSPENDED_PENDING_REVIEW,2026-06-30,2026-05-15,SYNTHETIC_RISK_SCENARIO
500710,TST-U00710,TST-U00710,500,501,2PN,2,2,64.18,80.02,13,MID,E,SE,OBSTRUCTED,False,0.802,2.4,False,0,0.27,13.3,NONE,True,SYNTHETIC,RISK_PROJECT_BASELINE,Tổ hợp thương mại căn hộ Phú Mỹ,1248,3000,20260630,TC-01,SUSPENDED_PENDING_REVIEW,2026-06-30,2026-05-15,SYNTHETIC_RISK_SCENARIO
500711,TST-U00711,TST-U00711,500,501,2PN,2,2,74.17,84.19,13,MID,SE,NW,OBSTRUCTED,False,0.881,1.7,False,1,0.27,15.0,NONE,True,SYNTHETIC,RISK_PROJECT_BASELINE,Tổ hợp thương mại căn hộ Phú Mỹ,1248,3000,20260630,TC-01,SUSPENDED_PENDING_REVIEW,2026-06-30,2026-05-15,SYNTHETIC_RISK_SCENARIO
500712,TST-U00712,TST-U00712,500,501,2PN,2,2,69.0,82.44,13,MID,S,SW,POOL,False,0.837,12.3,True,0,0.13,51.5,NONE,True,SYNTHETIC,RISK_PROJECT_BASELINE,Tổ hợp thương mại căn hộ Phú Mỹ,1248,3000,20260630,TC-01,SUSPENDED_PENDING_REVIEW,2026-06-30,2026-05-15,SYNTHETIC_RISK_SCENARIO
500713,TST-U00713,TST-U00713,500,501,1PN,1,1,59.12,69.39,13,MID,S,NW,POOL,False,0.852,4.9,False,0,0.16,38.3,WASTE_STATION,True,SYNTHETIC,RISK_PROJECT_BASELINE,Tổ hợp thương mại căn hộ Phú Mỹ,1248,3000,20260630,TC-01,SUSPENDED_PENDING_REVIEW,2026-06-30,2026-05-15,SYNTHETIC_RISK_SCENARIO
500714,TST-U00714,TST-U00714,500,501,3PN,3,2,103.16,119.26,13,MID,E,W,OBSTRUCTED,False,0.865,1.7,True,0,0.22,17.6,WASTE_STATION,True,SYNTHETIC,RISK_PROJECT_BASELINE,Tổ hợp thương mại căn hộ Phú Mỹ,1248,3000,20260630,TC-01,SUSPENDED_PENDING_REVIEW,2026-06-30,2026-05-15,SYNTHETIC_RISK_SCENARIO
500715,TST-U00715,TST-U00715,500,501,1PN,1,1,53.45,61.86,13,MID,N,S,OBSTRUCTED,False,0.864,8.2,False,0,0.25,15.6,NONE,True,SYNTHETIC,RISK_PROJECT_BASELINE,Tổ hợp thương mại căn hộ Phú Mỹ,1248,3000,20260630,TC-01,SUSPENDED_PENDING_REVIEW,2026-06-30,2026-05-15,SYNTHETIC_RISK_SCENARIO
500716,TST-U00716,TST-U00716,500,501,2PN,2,2,79.15,95.36,13,MID,SW,SE,OBSTRUCTED,False,0.83,9.6,False,0,0.88,7.6,NONE,True,SYNTHETIC,RISK_PROJECT_BASELINE,Tổ hợp thương mại căn hộ Phú Mỹ,1248,3000,20260630,TC-01,SUSPENDED_PENDING_REVIEW,2026-06-30,2026-05-15,SYNTHETIC_RISK_SCENARIO
500717,TST-U00717,TST-U00717,500,501,2PN,2,2,76.66,87.41,13,MID,SE,E,PARK,False,0.877,13.5,False,1,0.14,98.4,WASTE_STATION,True,SYNTHETIC,RISK_PROJECT_BASELINE,Tổ hợp thương mại căn hộ Phú Mỹ,1248,3000,20260630,TC-01,SUSPENDED_PENDING_REVIEW,2026-06-30,2026-05-15,SYNTHETIC_RISK_SCENARIO
500718,TST-U00718,TST-U00718,500,501,3PN,3,2,100.25,116.57,13,MID,E,SE,CITY_OPEN,False,0.86,16.0,False,0,0.23,49.1,NONE,True,SYNTHETIC,RISK_PROJECT_BASELINE,Tổ hợp thương mại căn hộ Phú Mỹ,1248,3000,20260630,TC-01,SUSPENDED_PENDING_REVIEW,2026-06-30,2026-05-15,SYNTHETIC_RISK_SCENARIO
500719,TST-U00719,TST-U00719,500,501,2PN,2,2,75.7,87.41,13,MID,NE,W,CITY_OPEN,False,0.866,2.7,True,1,0.28,103.1,NONE,True,SYNTHETIC,RISK_PROJECT_BASELINE,Tổ hợp thương mại căn hộ Phú Mỹ,1248,3000,20260630,TC-01,SUSPENDED_PENDING_REVIEW,2026-06-30,2026-05-15,SYNTHETIC_RISK_SCENARIO
500720,TST-U00720,TST-U00720,500,501,1PN,1,1,55.27,69.0,13,MID,SW,S,CITY_OPEN,False,0.801,12.7,False,0,0.69,94.2,NONE,True,SYNTHETIC,RISK_PROJECT_BASELINE,Tổ hợp thương mại căn hộ Phú Mỹ,1248,3000,20260630,TC-01,SUSPENDED_PENDING_REVIEW,2026-06-30,2026-05-15,SYNTHETIC_RISK_SCENARIO
500721,TST-U00721,TST-U00721,500,501,2PN,2,2,80.08,94.21,13,MID,SW,S,CITY_OPEN,False,0.85,11.4,False,0,0.78,103.7,NONE,True,SYNTHETIC,RISK_PROJECT_BASELINE,Tổ hợp thương mại căn hộ Phú Mỹ,1248,3000,20260630,TC-01,SUSPENDED_PENDING_REVIEW,2026-06-30,2026-05-15,SYNTHETIC_RISK_SCENARIO
500722,TST-U00722,TST-U00722,500,501,2PN,2,2,77.57,89.88,13,MID,NW,SE,OBSTRUCTED,False,0.863,1.6,False,0,0.6,12.6,NONE,True,SYNTHETIC,RISK_PROJECT_BASELINE,Tổ hợp thương mại căn hộ Phú Mỹ,1248,3000,20260630,TC-01,SUSPENDED_PENDING_REVIEW,2026-06-30,2026-05-15,SYNTHETIC_RISK_SCENARIO
500723,TST-U00723,TST-U00723,500,501,1PN,1,1,51.64,60.12,13,MID,S,SW,CITY_OPEN,True,0.859,6.0,False,0,0.16,101.6,NONE,True,SYNTHETIC,RISK_PROJECT_BASELINE,Tổ hợp thương mại căn hộ Phú Mỹ,1248,3000,20260630,TC-01,SUSPENDED_PENDING_REVIEW,2026-06-30,2026-05-15,SYNTHETIC_RISK_SCENARIO
500724,TST-U00724,TST-U00724,500,501,2PN,2,2,83.28,101.81,13,MID,E,NW,CITY_OPEN,False,0.818,10.7,False,0,0.02,95.4,NONE,True,SYNTHETIC,RISK_PROJECT_BASELINE,Tổ hợp thương mại căn hộ Phú Mỹ,1248,3000,20260630,TC-01,SUSPENDED_PENDING_REVIEW,2026-06-30,2026-05-15,SYNTHETIC_RISK_SCENARIO
500725,TST-U00725,TST-U00725,500,501,1PN,1,1,48.3,58.26,13,MID,W,E,OBSTRUCTED,False,0.829,11.0,False,0,0.63,10.9,NONE,True,SYNTHETIC,RISK_PROJECT_BASELINE,Tổ hợp thương mại căn hộ Phú Mỹ,1248,3000,20260630,TC-01,SUSPENDED_PENDING_REVIEW,2026-06-30,2026-05-15,SYNTHETIC_RISK_SCENARIO
500726,TST-U00726,TST-U00726,500,501,3PN,3,2,98.43,112.49,13,MID,SE,S,OBSTRUCTED,False,0.875,11.9,False,0,0.31,11.0,NONE,True,SYNTHETIC,RISK_PROJECT_BASELINE,Tổ hợp thương mại căn hộ Phú Mỹ,1248,3000,20260630,TC-01,SUSPENDED_PENDING_REVIEW,2026-06-30,2026-05-15,SYNTHETIC_RISK_SCENARIO
500727,TST-U00727,TST-U00727,500,501,1PN,1,1,47.65,53.72,14,MID,SE,W,OBSTRUCTED,False,0.887,10.1,False,1,0.27,6.5,NONE,True,SYNTHETIC,RISK_PROJECT_BASELINE,Tổ hợp thương mại căn hộ Phú Mỹ,1248,3000,20260630,TC-01,SUSPENDED_PENDING_REVIEW,2026-06-30,2026-05-15,SYNTHETIC_RISK_SCENARIO
500728,TST-U00728,TST-U00728,500,501,2PN,2,2,77.38,95.89,14,MID,W,SW,POOL,False,0.807,6.0,False,2,0.93,84.4,NONE,True,SYNTHETIC,RISK_PROJECT_BASELINE,Tổ hợp thương mại căn hộ Phú Mỹ,1248,3000,20260630,TC-01,SUSPENDED_PENDING_REVIEW,2026-06-30,2026-05-15,SYNTHETIC_RISK_SCENARIO
500729,TST-U00729,TST-U00729,500,501,STUDIO,1,1,45.18,53.66,14,MID,NW,W,OBSTRUCTED,False,0.842,14.4,False,0,0.82,17.3,NONE,True,SYNTHETIC,RISK_PROJECT_BASELINE,Tổ hợp thương mại căn hộ Phú Mỹ,1248,3000,20260630,TC-01,SUSPENDED_PENDING_REVIEW,2026-06-30,2026-05-15,SYNTHETIC_RISK_SCENARIO
500730,TST-U00730,TST-U00730,500,501,3PN,3,2,103.52,122.22,14,MID,N,SE,OBSTRUCTED,False,0.847,12.5,False,0,0.07,12.0,NONE,True,SYNTHETIC,RISK_PROJECT_BASELINE,Tổ hợp thương mại căn hộ Phú Mỹ,1248,3000,20260630,TC-01,SUSPENDED_PENDING_REVIEW,2026-06-30,2026-05-15,SYNTHETIC_RISK_SCENARIO
500731,TST-U00731,TST-U00731,500,501,STUDIO,1,1,43.59,49.14,14,MID,NE,NE,PARK,True,0.887,8.6,False,2,0.29,52.0,NONE,True,SYNTHETIC,RISK_PROJECT_BASELINE,Tổ hợp thương mại căn hộ Phú Mỹ,1248,3000,20260630,TC-01,SUSPENDED_PENDING_REVIEW,2026-06-30,2026-05-15,SYNTHETIC_RISK_SCENARIO
500732,TST-U00732,TST-U00732,500,501,3PN,3,2,111.27,138.74,14,MID,W,W,CITY_OPEN,False,0.802,7.5,True,0,0.62,29.3,NONE,True,SYNTHETIC,RISK_PROJECT_BASELINE,Tổ hợp thương mại căn hộ Phú Mỹ,1248,3000,20260630,TC-01,SUSPENDED_PENDING_REVIEW,2026-06-30,2026-05-15,SYNTHETIC_RISK_SCENARIO
500733,TST-U00733,TST-U00733,500,501,2PN,2,2,81.09,92.46,14,MID,NE,E,OBSTRUCTED,False,0.877,14.7,False,0,0.05,13.0,NONE,True,SYNTHETIC,RISK_PROJECT_BASELINE,Tổ hợp thương mại căn hộ Phú Mỹ,1248,3000,20260630,TC-01,SUSPENDED_PENDING_REVIEW,2026-06-30,2026-05-15,SYNTHETIC_RISK_SCENARIO
500734,TST-U00734,TST-U00734,500,501,1PN,1,1,59.6,67.27,14,MID,S,E,CITY_OPEN,False,0.886,15.1,False,0,0.13,47.4,NONE,True,SYNTHETIC,RISK_PROJECT_BASELINE,Tổ hợp thương mại căn hộ Phú Mỹ,1248,3000,20260630,TC-01,SUSPENDED_PENDING_REVIEW,2026-06-30,2026-05-15,SYNTHETIC_RISK_SCENARIO
500735,TST-U00735,TST-U00735,500,501,1PN,1,1,57.82,68.35,14,MID,SW,E,CITY_OPEN,True,0.846,5.6,False,0,0.54,83.3,NONE,True,SYNTHETIC,RISK_PROJECT_BASELINE,Tổ hợp thương mại căn hộ Phú Mỹ,1248,3000,20260630,TC-01,SUSPENDED_PENDING_REVIEW,2026-06-30,2026-05-15,SYNTHETIC_RISK_SCENARIO
500736,TST-U00736,TST-U00736,500,501,1PN,1,1,50.06,61.42,14,MID,S,NE,CITY_OPEN,False,0.815,6.8,False,1,0.06,49.0,NONE,True,SYNTHETIC,RISK_PROJECT_BASELINE,Tổ hợp thương mại căn hộ Phú Mỹ,1248,3000,20260630,TC-01,SUSPENDED_PENDING_REVIEW,2026-06-30,2026-05-15,SYNTHETIC_RISK_SCENARIO
500737,TST-U00737,TST-U00737,500,501,STUDIO,1,1,42.59,52.58,14,MID,NE,SW,POOL,False,0.81,3.9,False,0,0.09,55.3,NONE,True,SYNTHETIC,RISK_PROJECT_BASELINE,Tổ hợp thương mại căn hộ Phú Mỹ,1248,3000,20260630,TC-01,SUSPENDED_PENDING_REVIEW,2026-06-30,2026-05-15,SYNTHETIC_RISK_SCENARIO
500738,TST-U00738,TST-U00738,500,501,2PN,2,2,78.57,97.48,14,MID,SW,SE,OBSTRUCTED,False,0.806,1.9,False,1,0.8,8.7,NONE,True,SYNTHETIC,RISK_PROJECT_BASELINE,Tổ hợp thương mại căn hộ Phú Mỹ,1248,3000,20260630,TC-01,SUSPENDED_PENDING_REVIEW,2026-06-30,2026-05-15,SYNTHETIC_RISK_SCENARIO
500739,TST-U00739,TST-U00739,500,501,3PN,3,2,103.91,124.74,14,MID,SW,SE,CITY_OPEN,False,0.833,10.3,False,0,0.63,50.1,NONE,True,SYNTHETIC,RISK_PROJECT_BASELINE,Tổ hợp thương mại căn hộ Phú Mỹ,1248,3000,20260630,TC-01,SUSPENDED_PENDING_REVIEW,2026-06-30,2026-05-15,SYNTHETIC_RISK_SCENARIO
500740,TST-U00740,TST-U00740,500,501,3PN,3,2,109.39,130.69,14,MID,NE,S,OBSTRUCTED,False,0.837,7.4,False,1,0.3,11.7,NONE,True,SYNTHETIC,RISK_PROJECT_BASELINE,Tổ hợp thương mại căn hộ Phú Mỹ,1248,3000,20260630,TC-01,SUSPENDED_PENDING_REVIEW,2026-06-30,2026-05-15,SYNTHETIC_RISK_SCENARIO
500741,TST-U00741,TST-U00741,500,501,2PN,2,2,77.41,96.64,14,MID,SW,N,OBSTRUCTED,False,0.801,10.9,True,0,0.82,5.4,NONE,True,SYNTHETIC,RISK_PROJECT_BASELINE,Tổ hợp thương mại căn hộ Phú Mỹ,1248,3000,20260630,TC-01,SUSPENDED_PENDING_REVIEW,2026-06-30,2026-05-15,SYNTHETIC_RISK_SCENARIO
500742,TST-U00742,TST-U00742,500,501,3PN,3,2,109.37,127.17,14,MID,S,SW,CITY_OPEN,False,0.86,3.6,False,0,0.19,37.7,WASTE_STATION,True,SYNTHETIC,RISK_PROJECT_BASELINE,Tổ hợp thương mại căn hộ Phú Mỹ,1248,3000,20260630,TC-01,SUSPENDED_PENDING_REVIEW,2026-06-30,2026-05-15,SYNTHETIC_RISK_SCENARIO
500743,TST-U00743,TST-U00743,500,501,2PN,2,2,80.14,99.93,14,MID,NE,SE,OBSTRUCTED,False,0.802,9.7,False,0,0.27,12.7,NONE,True,SYNTHETIC,RISK_PROJECT_BASELINE,Tổ hợp thương mại căn hộ Phú Mỹ,1248,3000,20260630,TC-01,SUSPENDED_PENDING_REVIEW,2026-06-30,2026-05-15,SYNTHETIC_RISK_SCENARIO
500744,TST-U00744,TST-U00744,500,501,3PN,3,2,111.74,128.29,14,MID,S,E,OBSTRUCTED,True,0.871,8.3,False,0,0.29,5.1,NONE,True,SYNTHETIC,RISK_PROJECT_BASELINE,Tổ hợp thương mại căn hộ Phú Mỹ,1248,3000,20260630,TC-01,SUSPENDED_PENDING_REVIEW,2026-06-30,2026-05-15,SYNTHETIC_RISK_SCENARIO
500745,TST-U00745,TST-U00745,500,501,3PN,3,2,97.16,117.2,14,MID,SW,SW,CITY_OPEN,False,0.829,10.1,False,0,0.92,98.4,WASTE_STATION,True,SYNTHETIC,RISK_PROJECT_BASELINE,Tổ hợp thương mại căn hộ Phú Mỹ,1248,3000,20260630,TC-01,SUSPENDED_PENDING_REVIEW,2026-06-30,2026-05-15,SYNTHETIC_RISK_SCENARIO
500746,TST-U00746,TST-U00746,500,501,2PN,2,2,70.88,84.28,14,MID,E,E,OBSTRUCTED,False,0.841,7.3,False,0,0.27,14.4,NONE,True,SYNTHETIC,RISK_PROJECT_BASELINE,Tổ hợp thương mại căn hộ Phú Mỹ,1248,3000,20260630,TC-01,SUSPENDED_PENDING_REVIEW,2026-06-30,2026-05-15,SYNTHETIC_RISK_SCENARIO
500747,TST-U00747,TST-U00747,500,501,1PN,1,1,49.74,61.26,14,MID,NW,S,CITY_OPEN,False,0.812,1.6,False,2,0.7,91.4,WASTE_STATION,True,SYNTHETIC,RISK_PROJECT_BASELINE,Tổ hợp thương mại căn hộ Phú Mỹ,1248,3000,20260630,TC-01,SUSPENDED_PENDING_REVIEW,2026-06-30,2026-05-15,SYNTHETIC_RISK_SCENARIO
500748,TST-U00748,TST-U00748,500,501,3PN,3,2,106.39,124.14,14,MID,NE,SW,OBSTRUCTED,False,0.857,10.5,False,0,0.07,15.4,NONE,True,SYNTHETIC,RISK_PROJECT_BASELINE,Tổ hợp thương mại căn hộ Phú Mỹ,1248,3000,20260630,TC-01,SUSPENDED_PENDING_REVIEW,2026-06-30,2026-05-15,SYNTHETIC_RISK_SCENARIO
500749,TST-U00749,TST-U00749,500,501,2PN,2,2,78.72,90.07,14,MID,S,NW,PARK,False,0.874,4.2,False,1,0.24,54.7,NONE,True,SYNTHETIC,RISK_PROJECT_BASELINE,Tổ hợp thương mại căn hộ Phú Mỹ,1248,3000,20260630,TC-01,SUSPENDED_PENDING_REVIEW,2026-06-30,2026-05-15,SYNTHETIC_RISK_SCENARIO
500750,TST-U00750,TST-U00750,500,501,2PN,2,2,74.15,91.54,14,MID,SW,N,OBSTRUCTED,False,0.81,11.4,False,0,0.87,8.2,NONE,True,SYNTHETIC,RISK_PROJECT_BASELINE,Tổ hợp thương mại căn hộ Phú Mỹ,1248,3000,20260630,TC-01,SUSPENDED_PENDING_REVIEW,2026-06-30,2026-05-15,SYNTHETIC_RISK_SCENARIO
500751,TST-U00751,TST-U00751,500,501,1PN,1,1,59.8,68.74,14,MID,S,N,CITY_OPEN,False,0.87,4.5,False,0,0.17,64.0,NONE,True,SYNTHETIC,RISK_PROJECT_BASELINE,Tổ hợp thương mại căn hộ Phú Mỹ,1248,3000,20260630,TC-01,SUSPENDED_PENDING_REVIEW,2026-06-30,2026-05-15,SYNTHETIC_RISK_SCENARIO
500752,TST-U00752,TST-U00752,500,501,3PN,3,2,104.27,121.24,14,MID,SE,SW,CITY_OPEN,True,0.86,15.6,False,0,0.03,82.0,NONE,True,SYNTHETIC,RISK_PROJECT_BASELINE,Tổ hợp thương mại căn hộ Phú Mỹ,1248,3000,20260630,TC-01,SUSPENDED_PENDING_REVIEW,2026-06-30,2026-05-15,SYNTHETIC_RISK_SCENARIO
500753,TST-U00753,TST-U00753,500,501,3PN,3,2,107.5,120.92,14,MID,E,NW,POOL,True,0.889,13.9,True,0,0.08,55.9,NONE,True,SYNTHETIC,RISK_PROJECT_BASELINE,Tổ hợp thương mại căn hộ Phú Mỹ,1248,3000,20260630,TC-01,SUSPENDED_PENDING_REVIEW,2026-06-30,2026-05-15,SYNTHETIC_RISK_SCENARIO
500754,TST-U00754,TST-U00754,500,501,3PN,3,2,106.64,121.87,14,MID,S,NE,OBSTRUCTED,False,0.875,6.5,False,0,0.05,12.6,NONE,True,SYNTHETIC,RISK_PROJECT_BASELINE,Tổ hợp thương mại căn hộ Phú Mỹ,1248,3000,20260630,TC-01,SUSPENDED_PENDING_REVIEW,2026-06-30,2026-05-15,SYNTHETIC_RISK_SCENARIO
500755,TST-U00755,TST-U00755,500,501,2PN,2,2,71.45,83.08,14,MID,SW,SW,POOL,False,0.86,10.8,False,1,0.75,46.6,NONE,True,SYNTHETIC,RISK_PROJECT_BASELINE,Tổ hợp thương mại căn hộ Phú Mỹ,1248,3000,20260630,TC-01,SUSPENDED_PENDING_REVIEW,2026-06-30,2026-05-15,SYNTHETIC_RISK_SCENARIO
500756,TST-U00756,TST-U00756,500,501,STUDIO,1,1,41.91,52.13,14,MID,E,NW,OBSTRUCTED,False,0.804,15.6,False,0,0.05,9.9,NONE,True,SYNTHETIC,RISK_PROJECT_BASELINE,Tổ hợp thương mại căn hộ Phú Mỹ,1248,3000,20260630,TC-01,SUSPENDED_PENDING_REVIEW,2026-06-30,2026-05-15,SYNTHETIC_RISK_SCENARIO
500757,TST-U00757,TST-U00757,500,501,3PN,3,2,100.44,118.16,14,MID,N,NE,OBSTRUCTED,True,0.85,13.1,False,0,0.17,11.2,WASTE_STATION,True,SYNTHETIC,RISK_PROJECT_BASELINE,Tổ hợp thương mại căn hộ Phú Mỹ,1248,3000,20260630,TC-01,SUSPENDED_PENDING_REVIEW,2026-06-30,2026-05-15,SYNTHETIC_RISK_SCENARIO
500758,TST-U00758,TST-U00758,500,501,2PN,2,2,70.84,84.23,14,MID,SW,NW,OBSTRUCTED,True,0.841,3.0,False,0,0.59,13.7,NONE,True,SYNTHETIC,RISK_PROJECT_BASELINE,Tổ hợp thương mại căn hộ Phú Mỹ,1248,3000,20260630,TC-01,SUSPENDED_PENDING_REVIEW,2026-06-30,2026-05-15,SYNTHETIC_RISK_SCENARIO
500759,TST-U00759,TST-U00759,500,501,2PN,2,2,70.41,85.87,14,MID,SE,S,OBSTRUCTED,False,0.82,9.3,False,1,0.29,15.6,TEMPLE,True,SYNTHETIC,RISK_PROJECT_BASELINE,Tổ hợp thương mại căn hộ Phú Mỹ,1248,3000,20260630,TC-01,SUSPENDED_PENDING_REVIEW,2026-06-30,2026-05-15,SYNTHETIC_RISK_SCENARIO
500760,TST-U00760,TST-U00760,500,501,2PN,2,2,78.86,96.64,14,MID,SE,NW,CITY_OPEN,False,0.816,6.5,True,0,0.17,83.4,TEMPLE,True,SYNTHETIC,RISK_PROJECT_BASELINE,Tổ hợp thương mại căn hộ Phú Mỹ,1248,3000,20260630,TC-01,SUSPENDED_PENDING_REVIEW,2026-06-30,2026-05-15,SYNTHETIC_RISK_SCENARIO
500761,TST-U00761,TST-U00761,500,501,2PN,2,2,69.87,79.94,14,MID,W,W,CITY_OPEN,False,0.874,9.9,False,1,0.71,103.8,NONE,True,SYNTHETIC,RISK_PROJECT_BASELINE,Tổ hợp thương mại căn hộ Phú Mỹ,1248,3000,20260630,TC-01,SUSPENDED_PENDING_REVIEW,2026-06-30,2026-05-15,SYNTHETIC_RISK_SCENARIO
500762,TST-U00762,TST-U00762,500,501,2PN,2,2,82.22,99.54,14,MID,S,E,CITY_OPEN,False,0.826,7.1,False,0,0.21,71.4,NONE,True,SYNTHETIC,RISK_PROJECT_BASELINE,Tổ hợp thương mại căn hộ Phú Mỹ,1248,3000,20260630,TC-01,SUSPENDED_PENDING_REVIEW,2026-06-30,2026-05-15,SYNTHETIC_RISK_SCENARIO
500763,TST-U00763,TST-U00763,500,501,2PN,2,2,84.73,102.83,14,MID,S,W,OBSTRUCTED,False,0.824,14.9,False,0,0.22,16.6,NONE,True,SYNTHETIC,RISK_PROJECT_BASELINE,Tổ hợp thương mại căn hộ Phú Mỹ,1248,3000,20260630,TC-01,SUSPENDED_PENDING_REVIEW,2026-06-30,2026-05-15,SYNTHETIC_RISK_SCENARIO
500764,TST-U00764,TST-U00764,500,501,2PN,2,2,76.94,94.75,14,MID,S,SE,OBSTRUCTED,False,0.812,3.5,False,1,0.16,16.8,NONE,True,SYNTHETIC,RISK_PROJECT_BASELINE,Tổ hợp thương mại căn hộ Phú Mỹ,1248,3000,20260630,TC-01,SUSPENDED_PENDING_REVIEW,2026-06-30,2026-05-15,SYNTHETIC_RISK_SCENARIO
500765,TST-U00765,TST-U00765,500,501,1PN,1,1,58.44,66.56,14,MID,NW,E,POOL,False,0.878,11.3,False,1,0.57,44.5,NONE,True,SYNTHETIC,RISK_PROJECT_BASELINE,Tổ hợp thương mại căn hộ Phú Mỹ,1248,3000,20260630,TC-01,SUSPENDED_PENDING_REVIEW,2026-06-30,2026-05-15,SYNTHETIC_RISK_SCENARIO
500766,TST-U00766,TST-U00766,500,501,2PN,2,2,77.7,94.41,14,MID,S,S,CITY_OPEN,False,0.823,14.7,False,1,0.12,48.7,NONE,True,SYNTHETIC,RISK_PROJECT_BASELINE,Tổ hợp thương mại căn hộ Phú Mỹ,1248,3000,20260630,TC-01,SUSPENDED_PENDING_REVIEW,2026-06-30,2026-05-15,SYNTHETIC_RISK_SCENARIO
500767,TST-U00767,TST-U00767,500,501,1PN,1,1,57.09,66.15,14,MID,N,NE,OBSTRUCTED,False,0.863,14.4,False,0,0.16,16.2,NONE,True,SYNTHETIC,RISK_PROJECT_BASELINE,Tổ hợp thương mại căn hộ Phú Mỹ,1248,3000,20260630,TC-01,SUSPENDED_PENDING_REVIEW,2026-06-30,2026-05-15,SYNTHETIC_RISK_SCENARIO
500768,TST-U00768,TST-U00768,500,501,3PN,3,2,93.52,113.91,14,MID,S,SW,PARK,False,0.821,4.7,False,1,0.08,43.6,NONE,True,SYNTHETIC,RISK_PROJECT_BASELINE,Tổ hợp thương mại căn hộ Phú Mỹ,1248,3000,20260630,TC-01,SUSPENDED_PENDING_REVIEW,2026-06-30,2026-05-15,SYNTHETIC_RISK_SCENARIO
500769,TST-U00769,TST-U00769,500,501,2PN,2,2,72.64,82.83,14,MID,E,SE,OBSTRUCTED,False,0.877,2.2,False,0,0.07,14.7,NONE,True,SYNTHETIC,RISK_PROJECT_BASELINE,Tổ hợp thương mại căn hộ Phú Mỹ,1248,3000,20260630,TC-01,SUSPENDED_PENDING_REVIEW,2026-06-30,2026-05-15,SYNTHETIC_RISK_SCENARIO
500770,TST-U00770,TST-U00770,500,501,2PN,2,2,72.83,85.58,14,MID,SW,S,OBSTRUCTED,False,0.851,2.0,False,1,0.6,6.6,NONE,True,SYNTHETIC,RISK_PROJECT_BASELINE,Tổ hợp thương mại căn hộ Phú Mỹ,1248,3000,20260630,TC-01,SUSPENDED_PENDING_REVIEW,2026-06-30,2026-05-15,SYNTHETIC_RISK_SCENARIO
500771,TST-U00771,TST-U00771,500,501,2PN,2,2,81.01,98.19,14,MID,E,S,OBSTRUCTED,False,0.825,7.3,False,0,0.02,10.0,NONE,True,SYNTHETIC,RISK_PROJECT_BASELINE,Tổ hợp thương mại căn hộ Phú Mỹ,1248,3000,20260630,TC-01,SUSPENDED_PENDING_REVIEW,2026-06-30,2026-05-15,SYNTHETIC_RISK_SCENARIO
500772,TST-U00772,TST-U00772,500,501,1PN,1,1,61.8,74.28,14,MID,N,N,PARK,False,0.832,5.5,True,1,0.04,102.5,WASTE_STATION,True,SYNTHETIC,RISK_PROJECT_BASELINE,Tổ hợp thương mại căn hộ Phú Mỹ,1248,3000,20260630,TC-01,SUSPENDED_PENDING_REVIEW,2026-06-30,2026-05-15,SYNTHETIC_RISK_SCENARIO
500773,TST-U00773,TST-U00773,500,501,1PN,1,1,50.51,58.66,14,MID,SW,E,PARK,False,0.861,13.4,False,0,0.82,49.7,NONE,True,SYNTHETIC,RISK_PROJECT_BASELINE,Tổ hợp thương mại căn hộ Phú Mỹ,1248,3000,20260630,TC-01,SUSPENDED_PENDING_REVIEW,2026-06-30,2026-05-15,SYNTHETIC_RISK_SCENARIO
500774,TST-U00774,TST-U00774,500,501,1PN,1,1,60.04,72.08,14,MID,E,E,PARK,False,0.833,11.8,False,0,0.26,92.0,NONE,True,SYNTHETIC,RISK_PROJECT_BASELINE,Tổ hợp thương mại căn hộ Phú Mỹ,1248,3000,20260630,TC-01,SUSPENDED_PENDING_REVIEW,2026-06-30,2026-05-15,SYNTHETIC_RISK_SCENARIO
500775,TST-U00775,TST-U00775,500,501,2PN,2,2,74.2,88.23,14,MID,SE,NE,OBSTRUCTED,False,0.841,6.4,True,1,0.16,8.5,NONE,True,SYNTHETIC,RISK_PROJECT_BASELINE,Tổ hợp thương mại căn hộ Phú Mỹ,1248,3000,20260630,TC-01,SUSPENDED_PENDING_REVIEW,2026-06-30,2026-05-15,SYNTHETIC_RISK_SCENARIO
500776,TST-U00776,TST-U00776,500,501,2PN,2,2,73.56,89.82,14,MID,SW,E,OBSTRUCTED,False,0.819,11.3,False,1,0.85,4.8,NONE,True,SYNTHETIC,RISK_PROJECT_BASELINE,Tổ hợp thương mại căn hộ Phú Mỹ,1248,3000,20260630,TC-01,SUSPENDED_PENDING_REVIEW,2026-06-30,2026-05-15,SYNTHETIC_RISK_SCENARIO
500777,TST-U00777,TST-U00777,500,501,2PN,2,2,83.48,103.57,14,MID,SE,NE,PARK,False,0.806,7.5,False,1,0.27,106.6,NONE,True,SYNTHETIC,RISK_PROJECT_BASELINE,Tổ hợp thương mại căn hộ Phú Mỹ,1248,3000,20260630,TC-01,SUSPENDED_PENDING_REVIEW,2026-06-30,2026-05-15,SYNTHETIC_RISK_SCENARIO
500778,TST-U00778,TST-U00778,500,501,2PN,2,2,82.94,102.65,14,MID,W,N,OBSTRUCTED,False,0.808,7.6,False,0,0.83,8.9,NONE,True,SYNTHETIC,RISK_PROJECT_BASELINE,Tổ hợp thương mại căn hộ Phú Mỹ,1248,3000,20260630,TC-01,SUSPENDED_PENDING_REVIEW,2026-06-30,2026-05-15,SYNTHETIC_RISK_SCENARIO
500779,TST-U00779,TST-U00779,500,501,1PN,1,1,59.32,68.42,14,MID,NE,NE,OBSTRUCTED,False,0.867,11.5,False,0,0.18,6.9,NONE,True,SYNTHETIC,RISK_PROJECT_BASELINE,Tổ hợp thương mại căn hộ Phú Mỹ,1248,3000,20260630,TC-01,SUSPENDED_PENDING_REVIEW,2026-06-30,2026-05-15,SYNTHETIC_RISK_SCENARIO
500780,TST-U00780,TST-U00780,500,501,2PN,2,2,70.65,85.12,14,MID,SE,S,OBSTRUCTED,False,0.83,15.3,False,0,0.14,7.7,NONE,True,SYNTHETIC,RISK_PROJECT_BASELINE,Tổ hợp thương mại căn hộ Phú Mỹ,1248,3000,20260630,TC-01,SUSPENDED_PENDING_REVIEW,2026-06-30,2026-05-15,SYNTHETIC_RISK_SCENARIO
500781,TST-U00781,TST-U00781,500,501,2PN,2,2,84.45,100.3,14,MID,NE,E,OBSTRUCTED,True,0.842,13.0,False,0,0.13,16.2,NONE,True,SYNTHETIC,RISK_PROJECT_BASELINE,Tổ hợp thương mại căn hộ Phú Mỹ,1248,3000,20260630,TC-01,SUSPENDED_PENDING_REVIEW,2026-06-30,2026-05-15,SYNTHETIC_RISK_SCENARIO
500782,TST-U00782,TST-U00782,500,501,3PN,3,2,98.15,118.25,14,MID,SW,NW,OBSTRUCTED,False,0.83,6.4,True,2,0.83,10.6,NONE,True,SYNTHETIC,RISK_PROJECT_BASELINE,Tổ hợp thương mại căn hộ Phú Mỹ,1248,3000,20260630,TC-01,SUSPENDED_PENDING_REVIEW,2026-06-30,2026-05-15,SYNTHETIC_RISK_SCENARIO
500783,TST-U00783,TST-U00783,500,501,2PN,2,2,79.71,98.04,14,MID,N,NW,OBSTRUCTED,True,0.813,11.1,False,1,0.17,9.7,NONE,True,SYNTHETIC,RISK_PROJECT_BASELINE,Tổ hợp thương mại căn hộ Phú Mỹ,1248,3000,20260630,TC-01,SUSPENDED_PENDING_REVIEW,2026-06-30,2026-05-15,SYNTHETIC_RISK_SCENARIO
500784,TST-U00784,TST-U00784,500,501,STUDIO,1,1,46.26,52.27,14,MID,NE,S,POOL,False,0.885,3.6,False,0,0.1,44.9,NONE,True,SYNTHETIC,RISK_PROJECT_BASELINE,Tổ hợp thương mại căn hộ Phú Mỹ,1248,3000,20260630,TC-01,SUSPENDED_PENDING_REVIEW,2026-06-30,2026-05-15,SYNTHETIC_RISK_SCENARIO
500785,TST-U00785,TST-U00785,500,501,2PN,2,2,80.8,99.26,14,MID,E,SW,CITY_OPEN,False,0.814,13.3,False,1,0.18,83.5,NONE,True,SYNTHETIC,RISK_PROJECT_BASELINE,Tổ hợp thương mại căn hộ Phú Mỹ,1248,3000,20260630,TC-01,SUSPENDED_PENDING_REVIEW,2026-06-30,2026-05-15,SYNTHETIC_RISK_SCENARIO
500786,TST-U00786,TST-U00786,500,501,2PN,2,2,79.3,95.89,14,MID,S,NE,CITY_OPEN,False,0.827,5.2,False,0,0.07,78.7,NONE,True,SYNTHETIC,RISK_PROJECT_BASELINE,Tổ hợp thương mại căn hộ Phú Mỹ,1248,3000,20260630,TC-01,SUSPENDED_PENDING_REVIEW,2026-06-30,2026-05-15,SYNTHETIC_RISK_SCENARIO
500787,TST-U00787,TST-U00787,500,501,2PN,2,2,71.79,84.96,14,MID,NE,N,CITY_OPEN,False,0.845,7.6,False,2,0.14,46.1,NONE,True,SYNTHETIC,RISK_PROJECT_BASELINE,Tổ hợp thương mại căn hộ Phú Mỹ,1248,3000,20260630,TC-01,SUSPENDED_PENDING_REVIEW,2026-06-30,2026-05-15,SYNTHETIC_RISK_SCENARIO
500788,TST-U00788,TST-U00788,500,501,3PN,3,2,105.97,124.67,14,MID,N,N,CITY_OPEN,True,0.85,4.6,False,0,0.28,98.2,NONE,True,SYNTHETIC,RISK_PROJECT_BASELINE,Tổ hợp thương mại căn hộ Phú Mỹ,1248,3000,20260630,TC-01,SUSPENDED_PENDING_REVIEW,2026-06-30,2026-05-15,SYNTHETIC_RISK_SCENARIO
500789,TST-U00789,TST-U00789,500,501,2PN,2,2,85.62,97.52,14,MID,NE,E,OBSTRUCTED,True,0.878,14.2,False,0,0.17,17.3,NONE,True,SYNTHETIC,RISK_PROJECT_BASELINE,Tổ hợp thương mại căn hộ Phú Mỹ,1248,3000,20260630,TC-01,SUSPENDED_PENDING_REVIEW,2026-06-30,2026-05-15,SYNTHETIC_RISK_SCENARIO
500790,TST-U00790,TST-U00790,500,501,1PN,1,1,52.08,61.78,14,MID,NE,NW,OBSTRUCTED,False,0.843,5.6,False,0,0.17,4.9,NONE,True,SYNTHETIC,RISK_PROJECT_BASELINE,Tổ hợp thương mại căn hộ Phú Mỹ,1248,3000,20260630,TC-01,SUSPENDED_PENDING_REVIEW,2026-06-30,2026-05-15,SYNTHETIC_RISK_SCENARIO
500791,TST-U00791,TST-U00791,500,501,2PN,2,2,76.78,90.01,14,MID,SE,NW,OBSTRUCTED,False,0.853,15.1,False,0,0.08,6.8,NONE,True,SYNTHETIC,RISK_PROJECT_BASELINE,Tổ hợp thương mại căn hộ Phú Mỹ,1248,3000,20260630,TC-01,SUSPENDED_PENDING_REVIEW,2026-06-30,2026-05-15,SYNTHETIC_RISK_SCENARIO
500792,TST-U00792,TST-U00792,500,501,1PN,1,1,53.19,65.59,14,MID,SE,N,CITY_OPEN,False,0.811,15.9,False,2,0.24,53.5,NONE,True,SYNTHETIC,RISK_PROJECT_BASELINE,Tổ hợp thương mại căn hộ Phú Mỹ,1248,3000,20260630,TC-01,SUSPENDED_PENDING_REVIEW,2026-06-30,2026-05-15,SYNTHETIC_RISK_SCENARIO
500793,TST-U00793,TST-U00793,500,501,3PN,3,2,95.45,108.96,15,MID,N,S,POOL,False,0.876,10.0,True,1,0.22,51.7,NONE,False,SYNTHETIC,RISK_PROJECT_BASELINE,Tổ hợp thương mại căn hộ Phú Mỹ,1248,3000,20260630,TC-01,SUSPENDED_PENDING_REVIEW,2026-06-30,2026-05-15,SYNTHETIC_RISK_SCENARIO
500794,TST-U00794,TST-U00794,500,501,3PN,3,2,113.9,128.56,15,MID,W,N,PARK,False,0.886,2.9,False,0,0.88,80.4,NONE,False,SYNTHETIC,RISK_PROJECT_BASELINE,Tổ hợp thương mại căn hộ Phú Mỹ,1248,3000,20260630,TC-01,SUSPENDED_PENDING_REVIEW,2026-06-30,2026-05-15,SYNTHETIC_RISK_SCENARIO
500795,TST-U00795,TST-U00795,500,501,STUDIO,1,1,41.0,48.87,15,MID,W,SE,OBSTRUCTED,False,0.839,11.1,False,0,0.89,14.6,NONE,False,SYNTHETIC,RISK_PROJECT_BASELINE,Tổ hợp thương mại căn hộ Phú Mỹ,1248,3000,20260630,TC-01,SUSPENDED_PENDING_REVIEW,2026-06-30,2026-05-15,SYNTHETIC_RISK_SCENARIO
500796,TST-U00796,TST-U00796,500,501,3PN,3,2,105.61,124.1,15,MID,SE,NE,CITY_OPEN,False,0.851,7.9,False,1,0.11,56.6,NONE,False,SYNTHETIC,RISK_PROJECT_BASELINE,Tổ hợp thương mại căn hộ Phú Mỹ,1248,3000,20260630,TC-01,SUSPENDED_PENDING_REVIEW,2026-06-30,2026-05-15,SYNTHETIC_RISK_SCENARIO
500797,TST-U00797,TST-U00797,500,501,1PN,1,1,57.76,67.16,15,MID,NW,S,OBSTRUCTED,False,0.86,15.0,False,0,0.8,17.9,NONE,False,SYNTHETIC,RISK_PROJECT_BASELINE,Tổ hợp thương mại căn hộ Phú Mỹ,1248,3000,20260630,TC-01,SUSPENDED_PENDING_REVIEW,2026-06-30,2026-05-15,SYNTHETIC_RISK_SCENARIO
500798,TST-U00798,TST-U00798,500,501,2PN,2,2,79.79,90.57,15,MID,E,NE,OBSTRUCTED,False,0.881,11.5,True,0,0.18,13.4,NONE,False,SYNTHETIC,RISK_PROJECT_BASELINE,Tổ hợp thương mại căn hộ Phú Mỹ,1248,3000,20260630,TC-01,SUSPENDED_PENDING_REVIEW,2026-06-30,2026-05-15,SYNTHETIC_RISK_SCENARIO
500799,TST-U00799,TST-U00799,500,501,2PN,2,2,76.34,87.95,15,MID,E,E,OBSTRUCTED,False,0.868,3.2,False,0,0.23,13.7,NONE,False,SYNTHETIC,RISK_PROJECT_BASELINE,Tổ hợp thương mại căn hộ Phú Mỹ,1248,3000,20260630,TC-01,SUSPENDED_PENDING_REVIEW,2026-06-30,2026-05-15,SYNTHETIC_RISK_SCENARIO
500800,TST-U00800,TST-U00800,500,501,1PN,1,1,50.01,60.54,15,MID,SW,NE,CITY_OPEN,False,0.826,4.4,False,0,0.7,52.0,NONE,False,SYNTHETIC,RISK_PROJECT_BASELINE,Tổ hợp thương mại căn hộ Phú Mỹ,1248,3000,20260630,TC-01,SUSPENDED_PENDING_REVIEW,2026-06-30,2026-05-15,SYNTHETIC_RISK_SCENARIO
500801,TST-U00801,TST-U00801,500,501,2PN,2,2,75.31,85.19,15,MID,SE,NW,OBSTRUCTED,False,0.884,3.7,False,0,0.23,10.6,NONE,False,SYNTHETIC,RISK_PROJECT_BASELINE,Tổ hợp thương mại căn hộ Phú Mỹ,1248,3000,20260630,TC-01,SUSPENDED_PENDING_REVIEW,2026-06-30,2026-05-15,SYNTHETIC_RISK_SCENARIO
500802,TST-U00802,TST-U00802,500,501,3PN,3,2,109.95,129.2,15,MID,NW,SW,CITY_OPEN,False,0.851,1.2,False,1,0.88,93.2,NONE,False,SYNTHETIC,RISK_PROJECT_BASELINE,Tổ hợp thương mại căn hộ Phú Mỹ,1248,3000,20260630,TC-01,SUSPENDED_PENDING_REVIEW,2026-06-30,2026-05-15,SYNTHETIC_RISK_SCENARIO
500803,TST-U00803,TST-U00803,500,501,3PN,3,2,111.4,137.87,15,MID,E,SE,CITY_OPEN,False,0.808,5.9,True,0,0.13,54.7,NONE,False,SYNTHETIC,RISK_PROJECT_BASELINE,Tổ hợp thương mại căn hộ Phú Mỹ,1248,3000,20260630,TC-01,SUSPENDED_PENDING_REVIEW,2026-06-30,2026-05-15,SYNTHETIC_RISK_SCENARIO
500804,TST-U00804,TST-U00804,500,501,1PN,1,1,50.95,58.1,15,MID,N,NE,OBSTRUCTED,False,0.877,15.4,False,0,0.15,15.3,NONE,False,SYNTHETIC,RISK_PROJECT_BASELINE,Tổ hợp thương mại căn hộ Phú Mỹ,1248,3000,20260630,TC-01,SUSPENDED_PENDING_REVIEW,2026-06-30,2026-05-15,SYNTHETIC_RISK_SCENARIO
500805,TST-U00805,TST-U00805,500,501,2PN,2,2,79.61,94.55,15,MID,S,E,CITY_OPEN,False,0.842,6.3,False,1,0.18,69.6,WASTE_STATION,False,SYNTHETIC,RISK_PROJECT_BASELINE,Tổ hợp thương mại căn hộ Phú Mỹ,1248,3000,20260630,TC-01,SUSPENDED_PENDING_REVIEW,2026-06-30,2026-05-15,SYNTHETIC_RISK_SCENARIO
500806,TST-U00806,TST-U00806,500,501,2PN,2,2,75.8,86.43,15,MID,N,SW,OBSTRUCTED,False,0.877,5.0,False,0,0.11,11.5,NONE,False,SYNTHETIC,RISK_PROJECT_BASELINE,Tổ hợp thương mại căn hộ Phú Mỹ,1248,3000,20260630,TC-01,SUSPENDED_PENDING_REVIEW,2026-06-30,2026-05-15,SYNTHETIC_RISK_SCENARIO
500807,TST-U00807,TST-U00807,500,501,1PN,1,1,58.35,67.61,15,MID,N,NW,CITY_OPEN,False,0.863,7.1,False,0,0.14,62.6,CEMETERY,False,SYNTHETIC,RISK_PROJECT_BASELINE,Tổ hợp thương mại căn hộ Phú Mỹ,1248,3000,20260630,TC-01,SUSPENDED_PENDING_REVIEW,2026-06-30,2026-05-15,SYNTHETIC_RISK_SCENARIO
500808,TST-U00808,TST-U00808,500,501,2PN,2,2,70.35,85.9,15,MID,N,S,PARK,False,0.819,15.3,False,2,0.12,77.0,NONE,False,SYNTHETIC,RISK_PROJECT_BASELINE,Tổ hợp thương mại căn hộ Phú Mỹ,1248,3000,20260630,TC-01,SUSPENDED_PENDING_REVIEW,2026-06-30,2026-05-15,SYNTHETIC_RISK_SCENARIO
500809,TST-U00809,TST-U00809,500,501,1PN,1,1,54.79,62.47,15,MID,S,N,CITY_OPEN,False,0.877,6.1,False,0,0.17,46.5,NONE,False,SYNTHETIC,RISK_PROJECT_BASELINE,Tổ hợp thương mại căn hộ Phú Mỹ,1248,3000,20260630,TC-01,SUSPENDED_PENDING_REVIEW,2026-06-30,2026-05-15,SYNTHETIC_RISK_SCENARIO
500810,TST-U00810,TST-U00810,500,501,2PN,2,2,78.35,89.34,15,MID,NW,S,OBSTRUCTED,False,0.877,2.1,False,0,0.91,8.6,NONE,False,SYNTHETIC,RISK_PROJECT_BASELINE,Tổ hợp thương mại căn hộ Phú Mỹ,1248,3000,20260630,TC-01,SUSPENDED_PENDING_REVIEW,2026-06-30,2026-05-15,SYNTHETIC_RISK_SCENARIO
500811,TST-U00811,TST-U00811,500,501,3PN,3,2,103.49,116.28,15,MID,SE,E,OBSTRUCTED,False,0.89,14.0,False,1,0.2,10.8,CEMETERY,False,SYNTHETIC,RISK_PROJECT_BASELINE,Tổ hợp thương mại căn hộ Phú Mỹ,1248,3000,20260630,TC-01,SUSPENDED_PENDING_REVIEW,2026-06-30,2026-05-15,SYNTHETIC_RISK_SCENARIO
500812,TST-U00812,TST-U00812,500,501,2PN,2,2,69.47,80.59,15,MID,N,N,OBSTRUCTED,False,0.862,13.6,False,0,0.17,10.5,NONE,False,SYNTHETIC,RISK_PROJECT_BASELINE,Tổ hợp thương mại căn hộ Phú Mỹ,1248,3000,20260630,TC-01,SUSPENDED_PENDING_REVIEW,2026-06-30,2026-05-15,SYNTHETIC_RISK_SCENARIO
500813,TST-U00813,TST-U00813,500,501,2PN,2,2,83.12,99.43,15,MID,SE,SE,PARK,True,0.836,15.4,False,1,0.3,36.3,NONE,False,SYNTHETIC,RISK_PROJECT_BASELINE,Tổ hợp thương mại căn hộ Phú Mỹ,1248,3000,20260630,TC-01,SUSPENDED_PENDING_REVIEW,2026-06-30,2026-05-15,SYNTHETIC_RISK_SCENARIO
500814,TST-U00814,TST-U00814,500,501,2PN,2,2,67.44,81.94,15,MID,W,S,OBSTRUCTED,False,0.823,3.4,True,1,0.75,7.0,NONE,False,SYNTHETIC,RISK_PROJECT_BASELINE,Tổ hợp thương mại căn hộ Phú Mỹ,1248,3000,20260630,TC-01,SUSPENDED_PENDING_REVIEW,2026-06-30,2026-05-15,SYNTHETIC_RISK_SCENARIO
500815,TST-U00815,TST-U00815,500,501,2PN,2,2,79.61,89.85,15,MID,SE,S,PARK,False,0.886,8.1,False,0,0.17,109.2,NONE,False,SYNTHETIC,RISK_PROJECT_BASELINE,Tổ hợp thương mại căn hộ Phú Mỹ,1248,3000,20260630,TC-01,SUSPENDED_PENDING_REVIEW,2026-06-30,2026-05-15,SYNTHETIC_RISK_SCENARIO
500816,TST-U00816,TST-U00816,500,501,1PN,1,1,54.23,61.35,15,MID,NE,S,CITY_OPEN,False,0.884,5.7,False,0,0.15,46.2,NONE,False,SYNTHETIC,RISK_PROJECT_BASELINE,Tổ hợp thương mại căn hộ Phú Mỹ,1248,3000,20260630,TC-01,SUSPENDED_PENDING_REVIEW,2026-06-30,2026-05-15,SYNTHETIC_RISK_SCENARIO
500817,TST-U00817,TST-U00817,500,501,2PN,2,2,78.19,92.1,15,MID,NW,N,CITY_OPEN,False,0.849,8.2,False,0,0.74,61.9,NONE,False,SYNTHETIC,RISK_PROJECT_BASELINE,Tổ hợp thương mại căn hộ Phú Mỹ,1248,3000,20260630,TC-01,SUSPENDED_PENDING_REVIEW,2026-06-30,2026-05-15,SYNTHETIC_RISK_SCENARIO
500818,TST-U00818,TST-U00818,500,501,2PN,2,2,79.76,95.64,15,MID,N,SE,CITY_OPEN,True,0.834,15.9,False,0,0.18,33.7,NONE,False,SYNTHETIC,RISK_PROJECT_BASELINE,Tổ hợp thương mại căn hộ Phú Mỹ,1248,3000,20260630,TC-01,SUSPENDED_PENDING_REVIEW,2026-06-30,2026-05-15,SYNTHETIC_RISK_SCENARIO
500819,TST-U00819,TST-U00819,500,501,2PN,2,2,69.73,85.98,15,MID,SW,NW,CITY_OPEN,False,0.811,3.7,False,1,0.78,32.9,NONE,False,SYNTHETIC,RISK_PROJECT_BASELINE,Tổ hợp thương mại căn hộ Phú Mỹ,1248,3000,20260630,TC-01,SUSPENDED_PENDING_REVIEW,2026-06-30,2026-05-15,SYNTHETIC_RISK_SCENARIO
500820,TST-U00820,TST-U00820,500,501,3PN,3,2,98.63,112.98,15,MID,E,E,OBSTRUCTED,False,0.873,15.1,True,0,0.12,12.0,NONE,False,SYNTHETIC,RISK_PROJECT_BASELINE,Tổ hợp thương mại căn hộ Phú Mỹ,1248,3000,20260630,TC-01,SUSPENDED_PENDING_REVIEW,2026-06-30,2026-05-15,SYNTHETIC_RISK_SCENARIO
500821,TST-U00821,TST-U00821,500,501,1PN,1,1,54.41,67.84,15,MID,SE,NW,POOL,False,0.802,4.2,False,2,0.17,87.3,NONE,False,SYNTHETIC,RISK_PROJECT_BASELINE,Tổ hợp thương mại căn hộ Phú Mỹ,1248,3000,20260630,TC-01,SUSPENDED_PENDING_REVIEW,2026-06-30,2026-05-15,SYNTHETIC_RISK_SCENARIO
500822,TST-U00822,TST-U00822,500,501,2PN,2,2,76.74,87.11,15,MID,E,NE,PARK,True,0.881,7.9,False,0,0.12,67.3,NONE,False,SYNTHETIC,RISK_PROJECT_BASELINE,Tổ hợp thương mại căn hộ Phú Mỹ,1248,3000,20260630,TC-01,SUSPENDED_PENDING_REVIEW,2026-06-30,2026-05-15,SYNTHETIC_RISK_SCENARIO
500823,TST-U00823,TST-U00823,500,501,2PN,2,2,83.15,101.53,15,MID,NE,S,OBSTRUCTED,False,0.819,4.3,False,0,0.28,16.2,NONE,False,SYNTHETIC,RISK_PROJECT_BASELINE,Tổ hợp thương mại căn hộ Phú Mỹ,1248,3000,20260630,TC-01,SUSPENDED_PENDING_REVIEW,2026-06-30,2026-05-15,SYNTHETIC_RISK_SCENARIO
500824,TST-U00824,TST-U00824,500,501,2PN,2,2,66.84,77.09,15,MID,SW,N,OBSTRUCTED,False,0.867,2.8,False,1,0.56,12.5,NONE,False,SYNTHETIC,RISK_PROJECT_BASELINE,Tổ hợp thương mại căn hộ Phú Mỹ,1248,3000,20260630,TC-01,SUSPENDED_PENDING_REVIEW,2026-06-30,2026-05-15,SYNTHETIC_RISK_SCENARIO
500825,TST-U00825,TST-U00825,500,501,2PN,2,2,68.72,77.47,15,MID,E,N,CITY_OPEN,False,0.887,15.3,False,0,0.08,50.9,NONE,False,SYNTHETIC,RISK_PROJECT_BASELINE,Tổ hợp thương mại căn hộ Phú Mỹ,1248,3000,20260630,TC-01,SUSPENDED_PENDING_REVIEW,2026-06-30,2026-05-15,SYNTHETIC_RISK_SCENARIO
500826,TST-U00826,TST-U00826,500,501,1PN,1,1,49.63,61.58,15,MID,E,NW,OBSTRUCTED,False,0.806,3.5,False,1,0.12,5.1,NONE,False,SYNTHETIC,RISK_PROJECT_BASELINE,Tổ hợp thương mại căn hộ Phú Mỹ,1248,3000,20260630,TC-01,SUSPENDED_PENDING_REVIEW,2026-06-30,2026-05-15,SYNTHETIC_RISK_SCENARIO
500827,TST-U00827,TST-U00827,500,501,3PN,3,2,102.4,119.07,15,MID,NE,S,OBSTRUCTED,True,0.86,6.9,True,1,0.17,9.6,NONE,False,SYNTHETIC,RISK_PROJECT_BASELINE,Tổ hợp thương mại căn hộ Phú Mỹ,1248,3000,20260630,TC-01,SUSPENDED_PENDING_REVIEW,2026-06-30,2026-05-15,SYNTHETIC_RISK_SCENARIO
500828,TST-U00828,TST-U00828,500,501,2PN,2,2,77.28,95.88,15,MID,W,E,OBSTRUCTED,True,0.806,5.0,False,0,0.73,8.6,NONE,False,SYNTHETIC,RISK_PROJECT_BASELINE,Tổ hợp thương mại căn hộ Phú Mỹ,1248,3000,20260630,TC-01,SUSPENDED_PENDING_REVIEW,2026-06-30,2026-05-15,SYNTHETIC_RISK_SCENARIO
500829,TST-U00829,TST-U00829,500,501,2PN,2,2,70.9,83.61,15,MID,SE,N,CITY_OPEN,False,0.848,1.5,False,1,0.25,103.1,NONE,False,SYNTHETIC,RISK_PROJECT_BASELINE,Tổ hợp thương mại căn hộ Phú Mỹ,1248,3000,20260630,TC-01,SUSPENDED_PENDING_REVIEW,2026-06-30,2026-05-15,SYNTHETIC_RISK_SCENARIO
500830,TST-U00830,TST-U00830,500,501,3PN,3,2,96.4,112.22,15,MID,SE,N,CITY_OPEN,False,0.859,1.7,False,0,0.21,104.0,NONE,False,SYNTHETIC,RISK_PROJECT_BASELINE,Tổ hợp thương mại căn hộ Phú Mỹ,1248,3000,20260630,TC-01,SUSPENDED_PENDING_REVIEW,2026-06-30,2026-05-15,SYNTHETIC_RISK_SCENARIO
500831,TST-U00831,TST-U00831,500,501,STUDIO,1,1,41.44,51.41,15,MID,SW,NE,OBSTRUCTED,False,0.806,6.6,False,0,0.91,12.2,NONE,False,SYNTHETIC,RISK_PROJECT_BASELINE,Tổ hợp thương mại căn hộ Phú Mỹ,1248,3000,20260630,TC-01,SUSPENDED_PENDING_REVIEW,2026-06-30,2026-05-15,SYNTHETIC_RISK_SCENARIO
500832,TST-U00832,TST-U00832,500,501,2PN,2,2,74.82,84.26,15,MID,W,E,OBSTRUCTED,False,0.888,11.6,False,0,0.82,9.4,NONE,False,SYNTHETIC,RISK_PROJECT_BASELINE,Tổ hợp thương mại căn hộ Phú Mỹ,1248,3000,20260630,TC-01,SUSPENDED_PENDING_REVIEW,2026-06-30,2026-05-15,SYNTHETIC_RISK_SCENARIO
500833,TST-U00833,TST-U00833,500,501,2PN,2,2,77.35,94.44,15,MID,NE,SE,OBSTRUCTED,True,0.819,13.4,False,0,0.14,12.5,NONE,False,SYNTHETIC,RISK_PROJECT_BASELINE,Tổ hợp thương mại căn hộ Phú Mỹ,1248,3000,20260630,TC-01,SUSPENDED_PENDING_REVIEW,2026-06-30,2026-05-15,SYNTHETIC_RISK_SCENARIO
500834,TST-U00834,TST-U00834,500,501,1PN,1,1,53.49,63.23,15,MID,NW,SW,PARK,False,0.846,1.6,True,0,0.56,73.0,NONE,False,SYNTHETIC,RISK_PROJECT_BASELINE,Tổ hợp thương mại căn hộ Phú Mỹ,1248,3000,20260630,TC-01,SUSPENDED_PENDING_REVIEW,2026-06-30,2026-05-15,SYNTHETIC_RISK_SCENARIO
500835,TST-U00835,TST-U00835,500,501,3PN,3,2,98.06,115.77,15,MID,SE,N,CITY_OPEN,False,0.847,3.1,False,2,0.06,70.4,NONE,False,SYNTHETIC,RISK_PROJECT_BASELINE,Tổ hợp thương mại căn hộ Phú Mỹ,1248,3000,20260630,TC-01,SUSPENDED_PENDING_REVIEW,2026-06-30,2026-05-15,SYNTHETIC_RISK_SCENARIO
500836,TST-U00836,TST-U00836,500,501,3PN,3,2,94.63,108.4,15,MID,NE,S,CITY_OPEN,False,0.873,4.4,False,2,0.15,47.8,NONE,False,SYNTHETIC,RISK_PROJECT_BASELINE,Tổ hợp thương mại căn hộ Phú Mỹ,1248,3000,20260630,TC-01,SUSPENDED_PENDING_REVIEW,2026-06-30,2026-05-15,SYNTHETIC_RISK_SCENARIO
500837,TST-U00837,TST-U00837,500,501,1PN,1,1,55.28,66.84,15,MID,SE,NW,CITY_OPEN,False,0.827,1.3,False,0,0.07,83.1,NONE,False,SYNTHETIC,RISK_PROJECT_BASELINE,Tổ hợp thương mại căn hộ Phú Mỹ,1248,3000,20260630,TC-01,SUSPENDED_PENDING_REVIEW,2026-06-30,2026-05-15,SYNTHETIC_RISK_SCENARIO
500838,TST-U00838,TST-U00838,500,501,1PN,1,1,59.75,74.04,15,MID,W,N,CITY_OPEN,False,0.807,8.0,True,0,0.5,50.0,NONE,False,SYNTHETIC,RISK_PROJECT_BASELINE,Tổ hợp thương mại căn hộ Phú Mỹ,1248,3000,20260630,TC-01,SUSPENDED_PENDING_REVIEW,2026-06-30,2026-05-15,SYNTHETIC_RISK_SCENARIO
500839,TST-U00839,TST-U00839,500,501,2PN,2,2,73.7,92.01,15,MID,E,W,OBSTRUCTED,False,0.801,10.3,False,1,0.31,5.7,NONE,False,SYNTHETIC,RISK_PROJECT_BASELINE,Tổ hợp thương mại căn hộ Phú Mỹ,1248,3000,20260630,TC-01,SUSPENDED_PENDING_REVIEW,2026-06-30,2026-05-15,SYNTHETIC_RISK_SCENARIO
500840,TST-U00840,TST-U00840,500,501,2PN,2,2,76.45,86.38,15,MID,W,SE,OBSTRUCTED,False,0.885,11.9,False,0,0.89,6.7,NONE,False,SYNTHETIC,RISK_PROJECT_BASELINE,Tổ hợp thương mại căn hộ Phú Mỹ,1248,3000,20260630,TC-01,SUSPENDED_PENDING_REVIEW,2026-06-30,2026-05-15,SYNTHETIC_RISK_SCENARIO
500841,TST-U00841,TST-U00841,500,501,2PN,2,2,78.56,91.24,15,MID,W,SE,OBSTRUCTED,False,0.861,9.1,False,0,0.88,15.3,NONE,False,SYNTHETIC,RISK_PROJECT_BASELINE,Tổ hợp thương mại căn hộ Phú Mỹ,1248,3000,20260630,TC-01,SUSPENDED_PENDING_REVIEW,2026-06-30,2026-05-15,SYNTHETIC_RISK_SCENARIO
500842,TST-U00842,TST-U00842,500,501,3PN,3,2,92.39,105.47,15,MID,S,SW,CITY_OPEN,False,0.876,3.7,False,0,0.07,88.2,NONE,False,SYNTHETIC,RISK_PROJECT_BASELINE,Tổ hợp thương mại căn hộ Phú Mỹ,1248,3000,20260630,TC-01,SUSPENDED_PENDING_REVIEW,2026-06-30,2026-05-15,SYNTHETIC_RISK_SCENARIO
500843,TST-U00843,TST-U00843,500,501,2PN,2,2,84.17,103.53,15,MID,NE,NE,PARK,False,0.813,3.3,False,0,0.22,80.0,NONE,False,SYNTHETIC,RISK_PROJECT_BASELINE,Tổ hợp thương mại căn hộ Phú Mỹ,1248,3000,20260630,TC-01,SUSPENDED_PENDING_REVIEW,2026-06-30,2026-05-15,SYNTHETIC_RISK_SCENARIO
500844,TST-U00844,TST-U00844,500,501,STUDIO,1,1,41.67,51.44,15,MID,SW,E,OBSTRUCTED,False,0.81,14.4,False,0,0.89,15.2,TEMPLE,False,SYNTHETIC,RISK_PROJECT_BASELINE,Tổ hợp thương mại căn hộ Phú Mỹ,1248,3000,20260630,TC-01,SUSPENDED_PENDING_REVIEW,2026-06-30,2026-05-15,SYNTHETIC_RISK_SCENARIO
500845,TST-U00845,TST-U00845,500,501,1PN,1,1,59.37,73.66,15,MID,SW,NE,PARK,False,0.806,13.1,True,0,0.8,103.9,NONE,False,SYNTHETIC,RISK_PROJECT_BASELINE,Tổ hợp thương mại căn hộ Phú Mỹ,1248,3000,20260630,TC-01,SUSPENDED_PENDING_REVIEW,2026-06-30,2026-05-15,SYNTHETIC_RISK_SCENARIO
500846,TST-U00846,TST-U00846,500,501,1PN,1,1,47.68,54.37,15,MID,SW,SW,POOL,False,0.877,4.8,False,2,0.76,29.0,WASTE_STATION,False,SYNTHETIC,RISK_PROJECT_BASELINE,Tổ hợp thương mại căn hộ Phú Mỹ,1248,3000,20260630,TC-01,SUSPENDED_PENDING_REVIEW,2026-06-30,2026-05-15,SYNTHETIC_RISK_SCENARIO
500847,TST-U00847,TST-U00847,500,501,2PN,2,2,77.58,89.38,15,MID,E,W,OBSTRUCTED,True,0.868,3.3,False,0,0.17,15.4,NONE,False,SYNTHETIC,RISK_PROJECT_BASELINE,Tổ hợp thương mại căn hộ Phú Mỹ,1248,3000,20260630,TC-01,SUSPENDED_PENDING_REVIEW,2026-06-30,2026-05-15,SYNTHETIC_RISK_SCENARIO
500848,TST-U00848,TST-U00848,500,501,2PN,2,2,67.21,80.88,15,MID,S,NW,OBSTRUCTED,False,0.831,8.6,False,0,0.15,9.5,NONE,False,SYNTHETIC,RISK_PROJECT_BASELINE,Tổ hợp thương mại căn hộ Phú Mỹ,1248,3000,20260630,TC-01,SUSPENDED_PENDING_REVIEW,2026-06-30,2026-05-15,SYNTHETIC_RISK_SCENARIO
500849,TST-U00849,TST-U00849,500,501,3PN,3,2,110.79,128.08,15,MID,SE,SW,OBSTRUCTED,False,0.865,6.0,False,0,0.17,14.5,NONE,False,SYNTHETIC,RISK_PROJECT_BASELINE,Tổ hợp thương mại căn hộ Phú Mỹ,1248,3000,20260630,TC-01,SUSPENDED_PENDING_REVIEW,2026-06-30,2026-05-15,SYNTHETIC_RISK_SCENARIO
500850,TST-U00850,TST-U00850,500,501,2PN,2,2,74.37,90.92,15,MID,SW,NW,CITY_OPEN,False,0.818,6.6,False,0,0.76,105.2,NONE,False,SYNTHETIC,RISK_PROJECT_BASELINE,Tổ hợp thương mại căn hộ Phú Mỹ,1248,3000,20260630,TC-01,SUSPENDED_PENDING_REVIEW,2026-06-30,2026-05-15,SYNTHETIC_RISK_SCENARIO
500851,TST-U00851,TST-U00851,500,501,2PN,2,2,73.3,86.03,15,MID,E,SE,OBSTRUCTED,False,0.852,15.3,False,0,0.26,13.1,NONE,False,SYNTHETIC,RISK_PROJECT_BASELINE,Tổ hợp thương mại căn hộ Phú Mỹ,1248,3000,20260630,TC-01,SUSPENDED_PENDING_REVIEW,2026-06-30,2026-05-15,SYNTHETIC_RISK_SCENARIO
500852,TST-U00852,TST-U00852,500,501,2PN,2,2,75.71,90.89,15,MID,E,NW,OBSTRUCTED,False,0.833,2.8,False,1,0.04,16.3,NONE,False,SYNTHETIC,RISK_PROJECT_BASELINE,Tổ hợp thương mại căn hộ Phú Mỹ,1248,3000,20260630,TC-01,SUSPENDED_PENDING_REVIEW,2026-06-30,2026-05-15,SYNTHETIC_RISK_SCENARIO
500853,TST-U00853,TST-U00853,500,501,2PN,2,2,66.38,81.55,15,MID,S,NW,CITY_OPEN,False,0.814,10.7,False,0,0.15,52.4,WASTE_STATION,False,SYNTHETIC,RISK_PROJECT_BASELINE,Tổ hợp thương mại căn hộ Phú Mỹ,1248,3000,20260630,TC-01,SUSPENDED_PENDING_REVIEW,2026-06-30,2026-05-15,SYNTHETIC_RISK_SCENARIO
500854,TST-U00854,TST-U00854,500,501,STUDIO,1,1,41.84,49.99,15,MID,W,NE,CITY_OPEN,True,0.837,4.3,False,0,0.76,29.5,WASTE_STATION,False,SYNTHETIC,RISK_PROJECT_BASELINE,Tổ hợp thương mại căn hộ Phú Mỹ,1248,3000,20260630,TC-01,SUSPENDED_PENDING_REVIEW,2026-06-30,2026-05-15,SYNTHETIC_RISK_SCENARIO
500855,TST-U00855,TST-U00855,500,501,3PN,3,2,92.8,114.85,15,MID,SE,W,CITY_OPEN,False,0.808,5.0,False,0,0.14,28.8,NONE,False,SYNTHETIC,RISK_PROJECT_BASELINE,Tổ hợp thương mại căn hộ Phú Mỹ,1248,3000,20260630,TC-01,SUSPENDED_PENDING_REVIEW,2026-06-30,2026-05-15,SYNTHETIC_RISK_SCENARIO
500856,TST-U00856,TST-U00856,500,501,3PN,3,2,111.36,126.83,15,MID,W,E,CITY_OPEN,False,0.878,4.4,False,0,0.87,63.8,NONE,False,SYNTHETIC,RISK_PROJECT_BASELINE,Tổ hợp thương mại căn hộ Phú Mỹ,1248,3000,20260630,TC-01,SUSPENDED_PENDING_REVIEW,2026-06-30,2026-05-15,SYNTHETIC_RISK_SCENARIO
500857,TST-U00857,TST-U00857,500,501,2PN,2,2,80.35,97.04,15,MID,S,SW,CITY_OPEN,False,0.828,7.4,False,1,0.22,63.9,NONE,False,SYNTHETIC,RISK_PROJECT_BASELINE,Tổ hợp thương mại căn hộ Phú Mỹ,1248,3000,20260630,TC-01,SUSPENDED_PENDING_REVIEW,2026-06-30,2026-05-15,SYNTHETIC_RISK_SCENARIO
500858,TST-U00858,TST-U00858,500,501,1PN,1,1,51.56,58.72,15,MID,NE,SW,CITY_OPEN,False,0.878,2.6,False,1,0.32,37.6,NONE,False,SYNTHETIC,RISK_PROJECT_BASELINE,Tổ hợp thương mại căn hộ Phú Mỹ,1248,3000,20260630,TC-01,SUSPENDED_PENDING_REVIEW,2026-06-30,2026-05-15,SYNTHETIC_RISK_SCENARIO
500859,TST-U00859,TST-U00859,500,501,2PN,2,2,74.67,90.4,16,MID,NW,SE,CITY_OPEN,True,0.826,6.5,False,0,0.8,46.5,NONE,False,SYNTHETIC,RISK_PROJECT_BASELINE,Tổ hợp thương mại căn hộ Phú Mỹ,1248,3000,20260630,TC-01,SUSPENDED_PENDING_REVIEW,2026-06-30,2026-05-15,SYNTHETIC_RISK_SCENARIO
500860,TST-U00860,TST-U00860,500,501,2PN,2,2,71.17,85.64,16,MID,W,N,OBSTRUCTED,False,0.831,2.8,False,0,0.82,14.7,NONE,False,SYNTHETIC,RISK_PROJECT_BASELINE,Tổ hợp thương mại căn hộ Phú Mỹ,1248,3000,20260630,TC-01,SUSPENDED_PENDING_REVIEW,2026-06-30,2026-05-15,SYNTHETIC_RISK_SCENARIO
500861,TST-U00861,TST-U00861,500,501,1PN,1,1,48.39,57.95,16,MID,S,N,CITY_OPEN,False,0.835,9.2,False,0,0.26,49.8,NONE,False,SYNTHETIC,RISK_PROJECT_BASELINE,Tổ hợp thương mại căn hộ Phú Mỹ,1248,3000,20260630,TC-01,SUSPENDED_PENDING_REVIEW,2026-06-30,2026-05-15,SYNTHETIC_RISK_SCENARIO
500862,TST-U00862,TST-U00862,500,501,2PN,2,2,69.06,85.79,16,MID,W,NW,PARK,False,0.805,3.3,False,0,0.71,30.0,NONE,False,SYNTHETIC,RISK_PROJECT_BASELINE,Tổ hợp thương mại căn hộ Phú Mỹ,1248,3000,20260630,TC-01,SUSPENDED_PENDING_REVIEW,2026-06-30,2026-05-15,SYNTHETIC_RISK_SCENARIO
500863,TST-U00863,TST-U00863,500,501,3PN,3,2,102.54,116.52,16,MID,SW,NW,CITY_OPEN,False,0.88,9.5,False,0,0.5,102.2,NONE,False,SYNTHETIC,RISK_PROJECT_BASELINE,Tổ hợp thương mại căn hộ Phú Mỹ,1248,3000,20260630,TC-01,SUSPENDED_PENDING_REVIEW,2026-06-30,2026-05-15,SYNTHETIC_RISK_SCENARIO
500864,TST-U00864,TST-U00864,500,501,1PN,1,1,51.76,60.54,16,MID,NW,SE,OBSTRUCTED,False,0.855,1.3,False,0,0.55,12.7,NONE,False,SYNTHETIC,RISK_PROJECT_BASELINE,Tổ hợp thương mại căn hộ Phú Mỹ,1248,3000,20260630,TC-01,SUSPENDED_PENDING_REVIEW,2026-06-30,2026-05-15,SYNTHETIC_RISK_SCENARIO
500865,TST-U00865,TST-U00865,500,501,2PN,2,2,76.93,89.66,16,MID,N,NE,OBSTRUCTED,False,0.858,14.6,False,0,0.31,11.5,NONE,False,SYNTHETIC,RISK_PROJECT_BASELINE,Tổ hợp thương mại căn hộ Phú Mỹ,1248,3000,20260630,TC-01,SUSPENDED_PENDING_REVIEW,2026-06-30,2026-05-15,SYNTHETIC_RISK_SCENARIO
500866,TST-U00866,TST-U00866,500,501,2PN,2,2,71.46,82.42,16,MID,W,NW,CITY_OPEN,False,0.867,1.2,False,1,0.68,100.2,NONE,False,SYNTHETIC,RISK_PROJECT_BASELINE,Tổ hợp thương mại căn hộ Phú Mỹ,1248,3000,20260630,TC-01,SUSPENDED_PENDING_REVIEW,2026-06-30,2026-05-15,SYNTHETIC_RISK_SCENARIO
500867,TST-U00867,TST-U00867,500,501,2PN,2,2,79.37,89.48,16,MID,N,W,CITY_OPEN,False,0.887,15.6,False,1,0.13,45.4,NONE,False,SYNTHETIC,RISK_PROJECT_BASELINE,Tổ hợp thương mại căn hộ Phú Mỹ,1248,3000,20260630,TC-01,SUSPENDED_PENDING_REVIEW,2026-06-30,2026-05-15,SYNTHETIC_RISK_SCENARIO
500868,TST-U00868,TST-U00868,500,501,2PN,2,2,80.17,90.79,16,MID,N,W,OBSTRUCTED,False,0.883,12.7,False,0,0.14,6.1,NONE,False,SYNTHETIC,RISK_PROJECT_BASELINE,Tổ hợp thương mại căn hộ Phú Mỹ,1248,3000,20260630,TC-01,SUSPENDED_PENDING_REVIEW,2026-06-30,2026-05-15,SYNTHETIC_RISK_SCENARIO
500869,TST-U00869,TST-U00869,500,501,2PN,2,2,83.35,98.17,16,MID,NE,N,OBSTRUCTED,False,0.849,10.9,False,0,0.31,10.4,NONE,False,SYNTHETIC,RISK_PROJECT_BASELINE,Tổ hợp thương mại căn hộ Phú Mỹ,1248,3000,20260630,TC-01,SUSPENDED_PENDING_REVIEW,2026-06-30,2026-05-15,SYNTHETIC_RISK_SCENARIO
500870,TST-U00870,TST-U00870,500,501,2PN,2,2,77.75,94.7,16,MID,SE,N,CITY_OPEN,False,0.821,8.0,False,1,0.12,45.6,NONE,False,SYNTHETIC,RISK_PROJECT_BASELINE,Tổ hợp thương mại căn hộ Phú Mỹ,1248,3000,20260630,TC-01,SUSPENDED_PENDING_REVIEW,2026-06-30,2026-05-15,SYNTHETIC_RISK_SCENARIO
500871,TST-U00871,TST-U00871,500,501,2PN,2,2,77.98,92.5,16,MID,S,W,PARK,False,0.843,7.7,False,0,0.04,49.9,NONE,False,SYNTHETIC,RISK_PROJECT_BASELINE,Tổ hợp thương mại căn hộ Phú Mỹ,1248,3000,20260630,TC-01,SUSPENDED_PENDING_REVIEW,2026-06-30,2026-05-15,SYNTHETIC_RISK_SCENARIO
500872,TST-U00872,TST-U00872,500,501,2PN,2,2,69.97,83.3,16,MID,E,E,OBSTRUCTED,False,0.84,5.5,False,0,0.14,15.7,NONE,False,SYNTHETIC,RISK_PROJECT_BASELINE,Tổ hợp thương mại căn hộ Phú Mỹ,1248,3000,20260630,TC-01,SUSPENDED_PENDING_REVIEW,2026-06-30,2026-05-15,SYNTHETIC_RISK_SCENARIO
500873,TST-U00873,TST-U00873,500,501,2PN,2,2,81.03,96.81,16,MID,E,W,CITY_OPEN,False,0.837,12.1,True,0,0.22,34.4,NONE,False,SYNTHETIC,RISK_PROJECT_BASELINE,Tổ hợp thương mại căn hộ Phú Mỹ,1248,3000,20260630,TC-01,SUSPENDED_PENDING_REVIEW,2026-06-30,2026-05-15,SYNTHETIC_RISK_SCENARIO
500874,TST-U00874,TST-U00874,500,501,2PN,2,2,75.23,88.3,16,MID,SE,N,CITY_OPEN,True,0.852,4.3,False,0,0.2,42.8,NONE,False,SYNTHETIC,RISK_PROJECT_BASELINE,Tổ hợp thương mại căn hộ Phú Mỹ,1248,3000,20260630,TC-01,SUSPENDED_PENDING_REVIEW,2026-06-30,2026-05-15,SYNTHETIC_RISK_SCENARIO
500875,TST-U00875,TST-U00875,500,501,3PN,3,2,108.4,122.21,16,MID,S,E,OBSTRUCTED,False,0.887,6.3,False,0,0.14,14.0,NONE,False,SYNTHETIC,RISK_PROJECT_BASELINE,Tổ hợp thương mại căn hộ Phú Mỹ,1248,3000,20260630,TC-01,SUSPENDED_PENDING_REVIEW,2026-06-30,2026-05-15,SYNTHETIC_RISK_SCENARIO
500876,TST-U00876,TST-U00876,500,501,2PN,2,2,76.43,94.13,16,MID,E,N,PARK,True,0.812,10.3,False,1,0.13,48.0,NONE,False,SYNTHETIC,RISK_PROJECT_BASELINE,Tổ hợp thương mại căn hộ Phú Mỹ,1248,3000,20260630,TC-01,SUSPENDED_PENDING_REVIEW,2026-06-30,2026-05-15,SYNTHETIC_RISK_SCENARIO
500877,TST-U00877,TST-U00877,500,501,1PN,1,1,59.86,67.95,16,MID,SW,NE,OBSTRUCTED,False,0.881,13.1,True,1,0.87,9.5,NONE,False,SYNTHETIC,RISK_PROJECT_BASELINE,Tổ hợp thương mại căn hộ Phú Mỹ,1248,3000,20260630,TC-01,SUSPENDED_PENDING_REVIEW,2026-06-30,2026-05-15,SYNTHETIC_RISK_SCENARIO
500878,TST-U00878,TST-U00878,500,501,2PN,2,2,78.31,92.02,16,MID,S,NW,PARK,False,0.851,9.3,False,1,0.07,29.4,CEMETERY,False,SYNTHETIC,RISK_PROJECT_BASELINE,Tổ hợp thương mại căn hộ Phú Mỹ,1248,3000,20260630,TC-01,SUSPENDED_PENDING_REVIEW,2026-06-30,2026-05-15,SYNTHETIC_RISK_SCENARIO
500879,TST-U00879,TST-U00879,500,501,1PN,1,1,51.84,61.57,16,MID,E,SW,OBSTRUCTED,False,0.842,11.6,True,0,0.19,7.6,NONE,False,SYNTHETIC,RISK_PROJECT_BASELINE,Tổ hợp thương mại căn hộ Phú Mỹ,1248,3000,20260630,TC-01,SUSPENDED_PENDING_REVIEW,2026-06-30,2026-05-15,SYNTHETIC_RISK_SCENARIO
500880,TST-U00880,TST-U00880,500,501,2PN,2,2,81.32,100.27,16,MID,SW,SW,OBSTRUCTED,False,0.811,14.6,False,0,0.88,15.9,NONE,False,SYNTHETIC,RISK_PROJECT_BASELINE,Tổ hợp thương mại căn hộ Phú Mỹ,1248,3000,20260630,TC-01,SUSPENDED_PENDING_REVIEW,2026-06-30,2026-05-15,SYNTHETIC_RISK_SCENARIO
500881,TST-U00881,TST-U00881,500,501,2PN,2,2,81.38,94.08,16,MID,SW,SW,CITY_OPEN,False,0.865,11.2,False,0,0.52,94.2,NONE,False,SYNTHETIC,RISK_PROJECT_BASELINE,Tổ hợp thương mại căn hộ Phú Mỹ,1248,3000,20260630,TC-01,SUSPENDED_PENDING_REVIEW,2026-06-30,2026-05-15,SYNTHETIC_RISK_SCENARIO
500882,TST-U00882,TST-U00882,500,501,3PN,3,2,102.9,127.99,16,MID,SE,E,OBSTRUCTED,False,0.804,13.6,False,2,0.28,13.3,NONE,False,SYNTHETIC,RISK_PROJECT_BASELINE,Tổ hợp thương mại căn hộ Phú Mỹ,1248,3000,20260630,TC-01,SUSPENDED_PENDING_REVIEW,2026-06-30,2026-05-15,SYNTHETIC_RISK_SCENARIO
500883,TST-U00883,TST-U00883,500,501,2PN,2,2,66.35,82.83,16,MID,NE,S,PARK,False,0.801,6.1,True,2,0.21,74.8,NONE,False,SYNTHETIC,RISK_PROJECT_BASELINE,Tổ hợp thương mại căn hộ Phú Mỹ,1248,3000,20260630,TC-01,SUSPENDED_PENDING_REVIEW,2026-06-30,2026-05-15,SYNTHETIC_RISK_SCENARIO
500884,TST-U00884,TST-U00884,500,501,1PN,1,1,54.65,66.97,16,MID,E,SE,OBSTRUCTED,False,0.816,14.0,False,0,0.05,17.8,NONE,False,SYNTHETIC,RISK_PROJECT_BASELINE,Tổ hợp thương mại căn hộ Phú Mỹ,1248,3000,20260630,TC-01,SUSPENDED_PENDING_REVIEW,2026-06-30,2026-05-15,SYNTHETIC_RISK_SCENARIO
500885,TST-U00885,TST-U00885,500,501,STUDIO,1,1,43.54,53.23,16,MID,NE,S,PARK,False,0.818,6.3,False,0,0.19,67.8,NONE,False,SYNTHETIC,RISK_PROJECT_BASELINE,Tổ hợp thương mại căn hộ Phú Mỹ,1248,3000,20260630,TC-01,SUSPENDED_PENDING_REVIEW,2026-06-30,2026-05-15,SYNTHETIC_RISK_SCENARIO
500886,TST-U00886,TST-U00886,500,501,2PN,2,2,78.12,93.11,16,MID,NE,SE,PARK,False,0.839,13.7,False,1,0.29,52.9,NONE,False,SYNTHETIC,RISK_PROJECT_BASELINE,Tổ hợp thương mại căn hộ Phú Mỹ,1248,3000,20260630,TC-01,SUSPENDED_PENDING_REVIEW,2026-06-30,2026-05-15,SYNTHETIC_RISK_SCENARIO
500887,TST-U00887,TST-U00887,500,501,2PN,2,2,69.23,79.85,16,MID,W,W,OBSTRUCTED,False,0.867,5.8,False,0,0.78,9.8,NONE,False,SYNTHETIC,RISK_PROJECT_BASELINE,Tổ hợp thương mại căn hộ Phú Mỹ,1248,3000,20260630,TC-01,SUSPENDED_PENDING_REVIEW,2026-06-30,2026-05-15,SYNTHETIC_RISK_SCENARIO
500888,TST-U00888,TST-U00888,500,501,3PN,3,2,104.93,122.73,16,MID,NE,N,CITY_OPEN,True,0.855,4.6,False,0,0.09,34.1,NONE,False,SYNTHETIC,RISK_PROJECT_BASELINE,Tổ hợp thương mại căn hộ Phú Mỹ,1248,3000,20260630,TC-01,SUSPENDED_PENDING_REVIEW,2026-06-30,2026-05-15,SYNTHETIC_RISK_SCENARIO
500889,TST-U00889,TST-U00889,500,501,2PN,2,2,81.06,99.95,16,MID,S,SE,OBSTRUCTED,False,0.811,14.5,False,1,0.03,4.6,NONE,False,SYNTHETIC,RISK_PROJECT_BASELINE,Tổ hợp thương mại căn hộ Phú Mỹ,1248,3000,20260630,TC-01,SUSPENDED_PENDING_REVIEW,2026-06-30,2026-05-15,SYNTHETIC_RISK_SCENARIO
500890,TST-U00890,TST-U00890,500,501,1PN,1,1,55.18,62.63,16,MID,W,W,CITY_OPEN,False,0.881,6.8,False,1,0.8,55.7,NONE,False,SYNTHETIC,RISK_PROJECT_BASELINE,Tổ hợp thương mại căn hộ Phú Mỹ,1248,3000,20260630,TC-01,SUSPENDED_PENDING_REVIEW,2026-06-30,2026-05-15,SYNTHETIC_RISK_SCENARIO
500891,TST-U00891,TST-U00891,500,501,STUDIO,1,1,44.78,51.41,16,MID,W,N,OBSTRUCTED,False,0.871,15.2,False,0,0.69,17.9,NONE,False,SYNTHETIC,RISK_PROJECT_BASELINE,Tổ hợp thương mại căn hộ Phú Mỹ,1248,3000,20260630,TC-01,SUSPENDED_PENDING_REVIEW,2026-06-30,2026-05-15,SYNTHETIC_RISK_SCENARIO
500892,TST-U00892,TST-U00892,500,501,3PN,3,2,98.55,117.6,16,MID,SW,S,POOL,True,0.838,15.0,False,0,0.57,78.4,NONE,False,SYNTHETIC,RISK_PROJECT_BASELINE,Tổ hợp thương mại căn hộ Phú Mỹ,1248,3000,20260630,TC-01,SUSPENDED_PENDING_REVIEW,2026-06-30,2026-05-15,SYNTHETIC_RISK_SCENARIO
500893,TST-U00893,TST-U00893,500,501,3PN,3,2,99.21,111.98,16,MID,E,E,OBSTRUCTED,False,0.886,9.6,False,0,0.24,15.4,NONE,False,SYNTHETIC,RISK_PROJECT_BASELINE,Tổ hợp thương mại căn hộ Phú Mỹ,1248,3000,20260630,TC-01,SUSPENDED_PENDING_REVIEW,2026-06-30,2026-05-15,SYNTHETIC_RISK_SCENARIO
500894,TST-U00894,TST-U00894,500,501,2PN,2,2,74.94,91.95,16,MID,NE,S,OBSTRUCTED,False,0.815,4.2,False,1,0.16,11.1,NONE,False,SYNTHETIC,RISK_PROJECT_BASELINE,Tổ hợp thương mại căn hộ Phú Mỹ,1248,3000,20260630,TC-01,SUSPENDED_PENDING_REVIEW,2026-06-30,2026-05-15,SYNTHETIC_RISK_SCENARIO
500895,TST-U00895,TST-U00895,500,501,2PN,2,2,82.36,101.68,16,MID,NW,W,OBSTRUCTED,False,0.81,14.9,False,0,0.58,10.0,NONE,False,SYNTHETIC,RISK_PROJECT_BASELINE,Tổ hợp thương mại căn hộ Phú Mỹ,1248,3000,20260630,TC-01,SUSPENDED_PENDING_REVIEW,2026-06-30,2026-05-15,SYNTHETIC_RISK_SCENARIO
500896,TST-U00896,TST-U00896,500,501,2PN,2,2,78.79,95.62,16,MID,NE,NW,CITY_OPEN,False,0.824,11.8,True,0,0.31,63.8,NONE,False,SYNTHETIC,RISK_PROJECT_BASELINE,Tổ hợp thương mại căn hộ Phú Mỹ,1248,3000,20260630,TC-01,SUSPENDED_PENDING_REVIEW,2026-06-30,2026-05-15,SYNTHETIC_RISK_SCENARIO
500897,TST-U00897,TST-U00897,500,501,3PN,3,2,101.49,122.13,16,MID,SW,N,CITY_OPEN,False,0.831,1.8,False,2,0.88,89.3,NONE,False,SYNTHETIC,RISK_PROJECT_BASELINE,Tổ hợp thương mại căn hộ Phú Mỹ,1248,3000,20260630,TC-01,SUSPENDED_PENDING_REVIEW,2026-06-30,2026-05-15,SYNTHETIC_RISK_SCENARIO
500898,TST-U00898,TST-U00898,500,501,1PN,1,1,57.2,70.7,16,MID,E,S,CITY_OPEN,False,0.809,12.0,False,0,0.26,63.8,NONE,False,SYNTHETIC,RISK_PROJECT_BASELINE,Tổ hợp thương mại căn hộ Phú Mỹ,1248,3000,20260630,TC-01,SUSPENDED_PENDING_REVIEW,2026-06-30,2026-05-15,SYNTHETIC_RISK_SCENARIO
500899,TST-U00899,TST-U00899,500,501,2PN,2,2,82.85,96.45,16,MID,NE,SE,OBSTRUCTED,True,0.859,3.9,False,1,0.18,6.3,NONE,False,SYNTHETIC,RISK_PROJECT_BASELINE,Tổ hợp thương mại căn hộ Phú Mỹ,1248,3000,20260630,TC-01,SUSPENDED_PENDING_REVIEW,2026-06-30,2026-05-15,SYNTHETIC_RISK_SCENARIO
500900,TST-U00900,TST-U00900,500,501,1PN,1,1,55.3,64.6,16,MID,W,SW,CITY_OPEN,False,0.856,12.7,True,0,0.66,97.5,NONE,False,SYNTHETIC,RISK_PROJECT_BASELINE,Tổ hợp thương mại căn hộ Phú Mỹ,1248,3000,20260630,TC-01,SUSPENDED_PENDING_REVIEW,2026-06-30,2026-05-15,SYNTHETIC_RISK_SCENARIO
500901,TST-U00901,TST-U00901,500,501,1PN,1,1,55.22,63.76,16,MID,SW,W,OBSTRUCTED,False,0.866,2.4,False,2,0.85,10.5,WASTE_STATION,False,SYNTHETIC,RISK_PROJECT_BASELINE,Tổ hợp thương mại căn hộ Phú Mỹ,1248,3000,20260630,TC-01,SUSPENDED_PENDING_REVIEW,2026-06-30,2026-05-15,SYNTHETIC_RISK_SCENARIO
500902,TST-U00902,TST-U00902,500,501,2PN,2,2,73.99,83.32,16,MID,SE,S,CITY_OPEN,True,0.888,2.1,False,0,0.26,82.4,NONE,False,SYNTHETIC,RISK_PROJECT_BASELINE,Tổ hợp thương mại căn hộ Phú Mỹ,1248,3000,20260630,TC-01,SUSPENDED_PENDING_REVIEW,2026-06-30,2026-05-15,SYNTHETIC_RISK_SCENARIO
500903,TST-U00903,TST-U00903,500,501,2PN,2,2,76.11,91.15,16,MID,E,N,OBSTRUCTED,False,0.835,9.4,False,0,0.26,8.7,NONE,False,SYNTHETIC,RISK_PROJECT_BASELINE,Tổ hợp thương mại căn hộ Phú Mỹ,1248,3000,20260630,TC-01,SUSPENDED_PENDING_REVIEW,2026-06-30,2026-05-15,SYNTHETIC_RISK_SCENARIO
500904,TST-U00904,TST-U00904,500,501,1PN,1,1,53.79,62.84,16,MID,S,SW,PARK,False,0.856,11.9,True,1,0.16,77.5,NONE,False,SYNTHETIC,RISK_PROJECT_BASELINE,Tổ hợp thương mại căn hộ Phú Mỹ,1248,3000,20260630,TC-01,SUSPENDED_PENDING_REVIEW,2026-06-30,2026-05-15,SYNTHETIC_RISK_SCENARIO
500905,TST-U00905,TST-U00905,500,501,2PN,2,2,82.02,95.71,16,MID,W,NE,OBSTRUCTED,True,0.857,14.7,False,2,0.61,12.6,NONE,False,SYNTHETIC,RISK_PROJECT_BASELINE,Tổ hợp thương mại căn hộ Phú Mỹ,1248,3000,20260630,TC-01,SUSPENDED_PENDING_REVIEW,2026-06-30,2026-05-15,SYNTHETIC_RISK_SCENARIO
500906,TST-U00906,TST-U00906,500,501,2PN,2,2,76.09,92.34,16,MID,NE,NW,CITY_OPEN,False,0.824,11.1,False,0,0.14,45.9,NONE,False,SYNTHETIC,RISK_PROJECT_BASELINE,Tổ hợp thương mại căn hộ Phú Mỹ,1248,3000,20260630,TC-01,SUSPENDED_PENDING_REVIEW,2026-06-30,2026-05-15,SYNTHETIC_RISK_SCENARIO
500907,TST-U00907,TST-U00907,500,501,3PN,3,2,105.33,127.06,16,MID,S,S,CITY_OPEN,True,0.829,11.8,False,0,0.32,99.1,NONE,False,SYNTHETIC,RISK_PROJECT_BASELINE,Tổ hợp thương mại căn hộ Phú Mỹ,1248,3000,20260630,TC-01,SUSPENDED_PENDING_REVIEW,2026-06-30,2026-05-15,SYNTHETIC_RISK_SCENARIO
500908,TST-U00908,TST-U00908,500,501,2PN,2,2,82.73,94.23,16,MID,W,SE,CITY_OPEN,False,0.878,3.4,False,1,0.53,76.9,NONE,False,SYNTHETIC,RISK_PROJECT_BASELINE,Tổ hợp thương mại căn hộ Phú Mỹ,1248,3000,20260630,TC-01,SUSPENDED_PENDING_REVIEW,2026-06-30,2026-05-15,SYNTHETIC_RISK_SCENARIO
500909,TST-U00909,TST-U00909,500,501,STUDIO,1,1,42.33,49.22,16,MID,E,W,CITY_OPEN,False,0.86,7.4,False,0,0.29,83.7,NONE,False,SYNTHETIC,RISK_PROJECT_BASELINE,Tổ hợp thương mại căn hộ Phú Mỹ,1248,3000,20260630,TC-01,SUSPENDED_PENDING_REVIEW,2026-06-30,2026-05-15,SYNTHETIC_RISK_SCENARIO
500910,TST-U00910,TST-U00910,500,501,1PN,1,1,47.97,55.01,16,MID,N,N,PARK,False,0.872,6.7,False,0,0.2,37.5,NONE,False,SYNTHETIC,RISK_PROJECT_BASELINE,Tổ hợp thương mại căn hộ Phú Mỹ,1248,3000,20260630,TC-01,SUSPENDED_PENDING_REVIEW,2026-06-30,2026-05-15,SYNTHETIC_RISK_SCENARIO
500911,TST-U00911,TST-U00911,500,501,2PN,2,2,66.6,76.99,16,MID,S,E,OBSTRUCTED,False,0.865,6.9,False,0,0.03,7.1,NONE,False,SYNTHETIC,RISK_PROJECT_BASELINE,Tổ hợp thương mại căn hộ Phú Mỹ,1248,3000,20260630,TC-01,SUSPENDED_PENDING_REVIEW,2026-06-30,2026-05-15,SYNTHETIC_RISK_SCENARIO
500912,TST-U00912,TST-U00912,500,501,1PN,1,1,51.41,59.92,16,MID,W,W,CITY_OPEN,False,0.858,15.9,False,0,0.66,73.8,NONE,False,SYNTHETIC,RISK_PROJECT_BASELINE,Tổ hợp thương mại căn hộ Phú Mỹ,1248,3000,20260630,TC-01,SUSPENDED_PENDING_REVIEW,2026-06-30,2026-05-15,SYNTHETIC_RISK_SCENARIO
500913,TST-U00913,TST-U00913,500,501,2PN,2,2,75.87,86.91,16,MID,W,NE,OBSTRUCTED,False,0.873,9.3,False,0,0.5,18.0,TEMPLE,False,SYNTHETIC,RISK_PROJECT_BASELINE,Tổ hợp thương mại căn hộ Phú Mỹ,1248,3000,20260630,TC-01,SUSPENDED_PENDING_REVIEW,2026-06-30,2026-05-15,SYNTHETIC_RISK_SCENARIO
500914,TST-U00914,TST-U00914,500,501,1PN,1,1,53.27,61.73,16,MID,E,W,CITY_OPEN,False,0.863,8.0,False,0,0.16,32.6,NONE,False,SYNTHETIC,RISK_PROJECT_BASELINE,Tổ hợp thương mại căn hộ Phú Mỹ,1248,3000,20260630,TC-01,SUSPENDED_PENDING_REVIEW,2026-06-30,2026-05-15,SYNTHETIC_RISK_SCENARIO
500915,TST-U00915,TST-U00915,500,501,2PN,2,2,86.83,107.73,16,MID,SE,SE,CITY_OPEN,False,0.806,2.3,False,0,0.2,108.5,NONE,False,SYNTHETIC,RISK_PROJECT_BASELINE,Tổ hợp thương mại căn hộ Phú Mỹ,1248,3000,20260630,TC-01,SUSPENDED_PENDING_REVIEW,2026-06-30,2026-05-15,SYNTHETIC_RISK_SCENARIO
500916,TST-U00916,TST-U00916,500,501,2PN,2,2,80.17,99.47,16,MID,S,S,CITY_OPEN,True,0.806,7.5,False,1,0.2,54.6,NONE,False,SYNTHETIC,RISK_PROJECT_BASELINE,Tổ hợp thương mại căn hộ Phú Mỹ,1248,3000,20260630,TC-01,SUSPENDED_PENDING_REVIEW,2026-06-30,2026-05-15,SYNTHETIC_RISK_SCENARIO
500917,TST-U00917,TST-U00917,500,501,1PN,1,1,55.24,65.61,16,MID,NW,N,CITY_OPEN,False,0.842,12.9,False,0,0.67,54.0,NONE,False,SYNTHETIC,RISK_PROJECT_BASELINE,Tổ hợp thương mại căn hộ Phú Mỹ,1248,3000,20260630,TC-01,SUSPENDED_PENDING_REVIEW,2026-06-30,2026-05-15,SYNTHETIC_RISK_SCENARIO
500918,TST-U00918,TST-U00918,500,501,1PN,1,1,55.8,67.39,16,MID,NW,NE,PARK,False,0.828,11.3,False,0,0.76,75.2,NONE,False,SYNTHETIC,RISK_PROJECT_BASELINE,Tổ hợp thương mại căn hộ Phú Mỹ,1248,3000,20260630,TC-01,SUSPENDED_PENDING_REVIEW,2026-06-30,2026-05-15,SYNTHETIC_RISK_SCENARIO
500919,TST-U00919,TST-U00919,500,501,1PN,1,1,55.64,69.03,16,MID,NW,NW,OBSTRUCTED,False,0.806,6.4,False,0,0.78,16.6,NONE,False,SYNTHETIC,RISK_PROJECT_BASELINE,Tổ hợp thương mại căn hộ Phú Mỹ,1248,3000,20260630,TC-01,SUSPENDED_PENDING_REVIEW,2026-06-30,2026-05-15,SYNTHETIC_RISK_SCENARIO
500920,TST-U00920,TST-U00920,500,501,1PN,1,1,54.36,62.05,16,MID,SE,NW,PARK,False,0.876,8.8,False,0,0.25,83.0,NONE,False,SYNTHETIC,RISK_PROJECT_BASELINE,Tổ hợp thương mại căn hộ Phú Mỹ,1248,3000,20260630,TC-01,SUSPENDED_PENDING_REVIEW,2026-06-30,2026-05-15,SYNTHETIC_RISK_SCENARIO
500921,TST-U00921,TST-U00921,500,501,1PN,1,1,51.78,60.7,16,MID,NE,S,CITY_OPEN,False,0.853,11.4,False,1,0.3,68.6,NONE,False,SYNTHETIC,RISK_PROJECT_BASELINE,Tổ hợp thương mại căn hộ Phú Mỹ,1248,3000,20260630,TC-01,SUSPENDED_PENDING_REVIEW,2026-06-30,2026-05-15,SYNTHETIC_RISK_SCENARIO
500922,TST-U00922,TST-U00922,500,501,2PN,2,2,67.78,80.12,16,MID,S,NW,CITY_OPEN,False,0.846,11.5,False,0,0.2,98.5,NONE,False,SYNTHETIC,RISK_PROJECT_BASELINE,Tổ hợp thương mại căn hộ Phú Mỹ,1248,3000,20260630,TC-01,SUSPENDED_PENDING_REVIEW,2026-06-30,2026-05-15,SYNTHETIC_RISK_SCENARIO
500923,TST-U00923,TST-U00923,500,501,STUDIO,1,1,41.51,51.25,16,MID,N,E,OBSTRUCTED,False,0.81,13.7,False,0,0.02,14.7,NONE,False,SYNTHETIC,RISK_PROJECT_BASELINE,Tổ hợp thương mại căn hộ Phú Mỹ,1248,3000,20260630,TC-01,SUSPENDED_PENDING_REVIEW,2026-06-30,2026-05-15,SYNTHETIC_RISK_SCENARIO
500924,TST-U00924,TST-U00924,500,501,2PN,2,2,78.69,97.27,16,MID,E,W,OBSTRUCTED,False,0.809,6.1,False,0,0.03,16.8,NONE,False,SYNTHETIC,RISK_PROJECT_BASELINE,Tổ hợp thương mại căn hộ Phú Mỹ,1248,3000,20260630,TC-01,SUSPENDED_PENDING_REVIEW,2026-06-30,2026-05-15,SYNTHETIC_RISK_SCENARIO
500925,TST-U00925,TST-U00925,500,501,STUDIO,1,1,41.86,48.56,17,MID,SW,S,OBSTRUCTED,False,0.862,14.9,False,1,0.64,12.2,NONE,False,SYNTHETIC,RISK_PROJECT_BASELINE,Tổ hợp thương mại căn hộ Phú Mỹ,1248,3000,20260630,TC-01,SUSPENDED_PENDING_REVIEW,2026-06-30,2026-05-15,SYNTHETIC_RISK_SCENARIO
500926,TST-U00926,TST-U00926,500,501,2PN,2,2,72.04,88.39,17,MID,SE,SW,PARK,False,0.815,6.0,False,1,0.29,95.7,NONE,False,SYNTHETIC,RISK_PROJECT_BASELINE,Tổ hợp thương mại căn hộ Phú Mỹ,1248,3000,20260630,TC-01,SUSPENDED_PENDING_REVIEW,2026-06-30,2026-05-15,SYNTHETIC_RISK_SCENARIO
500927,TST-U00927,TST-U00927,500,501,2PN,2,2,85.23,102.69,17,MID,SW,SW,CITY_OPEN,False,0.83,8.5,False,0,0.74,73.8,NONE,False,SYNTHETIC,RISK_PROJECT_BASELINE,Tổ hợp thương mại căn hộ Phú Mỹ,1248,3000,20260630,TC-01,SUSPENDED_PENDING_REVIEW,2026-06-30,2026-05-15,SYNTHETIC_RISK_SCENARIO
500928,TST-U00928,TST-U00928,500,501,1PN,1,1,53.54,64.66,17,MID,E,S,POOL,False,0.828,14.9,False,0,0.08,47.5,NONE,False,SYNTHETIC,RISK_PROJECT_BASELINE,Tổ hợp thương mại căn hộ Phú Mỹ,1248,3000,20260630,TC-01,SUSPENDED_PENDING_REVIEW,2026-06-30,2026-05-15,SYNTHETIC_RISK_SCENARIO
500929,TST-U00929,TST-U00929,500,501,3PN,3,2,91.76,103.57,17,MID,SE,S,CITY_OPEN,False,0.886,7.8,False,0,0.31,92.8,NONE,False,SYNTHETIC,RISK_PROJECT_BASELINE,Tổ hợp thương mại căn hộ Phú Mỹ,1248,3000,20260630,TC-01,SUSPENDED_PENDING_REVIEW,2026-06-30,2026-05-15,SYNTHETIC_RISK_SCENARIO
500930,TST-U00930,TST-U00930,500,501,2PN,2,2,73.1,87.44,17,MID,SE,E,OBSTRUCTED,False,0.836,13.6,True,0,0.09,16.4,NONE,False,SYNTHETIC,RISK_PROJECT_BASELINE,Tổ hợp thương mại căn hộ Phú Mỹ,1248,3000,20260630,TC-01,SUSPENDED_PENDING_REVIEW,2026-06-30,2026-05-15,SYNTHETIC_RISK_SCENARIO
500931,TST-U00931,TST-U00931,500,501,1PN,1,1,50.19,61.43,17,MID,SE,SE,OBSTRUCTED,True,0.817,5.3,False,0,0.05,7.7,NONE,False,SYNTHETIC,RISK_PROJECT_BASELINE,Tổ hợp thương mại căn hộ Phú Mỹ,1248,3000,20260630,TC-01,SUSPENDED_PENDING_REVIEW,2026-06-30,2026-05-15,SYNTHETIC_RISK_SCENARIO
500932,TST-U00932,TST-U00932,500,501,3PN,3,2,115.7,135.32,17,MID,NE,SW,CITY_OPEN,False,0.855,8.1,False,2,0.1,93.2,NONE,False,SYNTHETIC,RISK_PROJECT_BASELINE,Tổ hợp thương mại căn hộ Phú Mỹ,1248,3000,20260630,TC-01,SUSPENDED_PENDING_REVIEW,2026-06-30,2026-05-15,SYNTHETIC_RISK_SCENARIO
500933,TST-U00933,TST-U00933,500,501,1PN,1,1,51.85,63.31,17,MID,S,S,OBSTRUCTED,False,0.819,6.3,False,0,0.28,7.3,NONE,False,SYNTHETIC,RISK_PROJECT_BASELINE,Tổ hợp thương mại căn hộ Phú Mỹ,1248,3000,20260630,TC-01,SUSPENDED_PENDING_REVIEW,2026-06-30,2026-05-15,SYNTHETIC_RISK_SCENARIO
500934,TST-U00934,TST-U00934,500,501,2PN,2,2,65.39,77.48,17,MID,NW,SE,CITY_OPEN,False,0.844,4.9,False,2,0.57,64.7,NONE,False,SYNTHETIC,RISK_PROJECT_BASELINE,Tổ hợp thương mại căn hộ Phú Mỹ,1248,3000,20260630,TC-01,SUSPENDED_PENDING_REVIEW,2026-06-30,2026-05-15,SYNTHETIC_RISK_SCENARIO
500935,TST-U00935,TST-U00935,500,501,3PN,3,2,100.88,114.64,17,MID,W,NW,OBSTRUCTED,False,0.88,7.8,False,1,0.69,16.1,NONE,False,SYNTHETIC,RISK_PROJECT_BASELINE,Tổ hợp thương mại căn hộ Phú Mỹ,1248,3000,20260630,TC-01,SUSPENDED_PENDING_REVIEW,2026-06-30,2026-05-15,SYNTHETIC_RISK_SCENARIO
500936,TST-U00936,TST-U00936,500,501,STUDIO,1,1,41.62,49.49,17,MID,S,SW,OBSTRUCTED,False,0.841,10.0,False,0,0.16,14.1,NONE,False,SYNTHETIC,RISK_PROJECT_BASELINE,Tổ hợp thương mại căn hộ Phú Mỹ,1248,3000,20260630,TC-01,SUSPENDED_PENDING_REVIEW,2026-06-30,2026-05-15,SYNTHETIC_RISK_SCENARIO
500937,TST-U00937,TST-U00937,500,501,2PN,2,2,76.13,91.39,17,MID,NE,NE,CITY_OPEN,False,0.833,8.4,False,1,0.26,100.9,NONE,False,SYNTHETIC,RISK_PROJECT_BASELINE,Tổ hợp thương mại căn hộ Phú Mỹ,1248,3000,20260630,TC-01,SUSPENDED_PENDING_REVIEW,2026-06-30,2026-05-15,SYNTHETIC_RISK_SCENARIO
500938,TST-U00938,TST-U00938,500,501,1PN,1,1,51.92,61.96,17,MID,E,S,OBSTRUCTED,True,0.838,5.8,True,0,0.02,6.9,NONE,False,SYNTHETIC,RISK_PROJECT_BASELINE,Tổ hợp thương mại căn hộ Phú Mỹ,1248,3000,20260630,TC-01,SUSPENDED_PENDING_REVIEW,2026-06-30,2026-05-15,SYNTHETIC_RISK_SCENARIO
500939,TST-U00939,TST-U00939,500,501,1PN,1,1,55.82,69.51,17,MID,SE,W,OBSTRUCTED,False,0.803,12.2,False,0,0.11,7.4,NONE,False,SYNTHETIC,RISK_PROJECT_BASELINE,Tổ hợp thương mại căn hộ Phú Mỹ,1248,3000,20260630,TC-01,SUSPENDED_PENDING_REVIEW,2026-06-30,2026-05-15,SYNTHETIC_RISK_SCENARIO
500940,TST-U00940,TST-U00940,500,501,2PN,2,2,87.04,101.33,17,MID,N,E,CITY_OPEN,False,0.859,10.8,False,0,0.14,39.9,NONE,False,SYNTHETIC,RISK_PROJECT_BASELINE,Tổ hợp thương mại căn hộ Phú Mỹ,1248,3000,20260630,TC-01,SUSPENDED_PENDING_REVIEW,2026-06-30,2026-05-15,SYNTHETIC_RISK_SCENARIO
500941,TST-U00941,TST-U00941,500,501,1PN,1,1,57.88,66.38,17,MID,W,W,OBSTRUCTED,False,0.872,4.6,False,0,0.64,7.6,NONE,False,SYNTHETIC,RISK_PROJECT_BASELINE,Tổ hợp thương mại căn hộ Phú Mỹ,1248,3000,20260630,TC-01,SUSPENDED_PENDING_REVIEW,2026-06-30,2026-05-15,SYNTHETIC_RISK_SCENARIO
500942,TST-U00942,TST-U00942,500,501,3PN,3,2,109.2,130.94,17,MID,N,E,OBSTRUCTED,False,0.834,3.6,True,0,0.13,16.9,NONE,False,SYNTHETIC,RISK_PROJECT_BASELINE,Tổ hợp thương mại căn hộ Phú Mỹ,1248,3000,20260630,TC-01,SUSPENDED_PENDING_REVIEW,2026-06-30,2026-05-15,SYNTHETIC_RISK_SCENARIO
500943,TST-U00943,TST-U00943,500,501,3PN,3,2,113.8,139.12,17,MID,NW,S,POOL,True,0.818,5.9,False,1,0.66,61.2,NONE,False,SYNTHETIC,RISK_PROJECT_BASELINE,Tổ hợp thương mại căn hộ Phú Mỹ,1248,3000,20260630,TC-01,SUSPENDED_PENDING_REVIEW,2026-06-30,2026-05-15,SYNTHETIC_RISK_SCENARIO
500944,TST-U00944,TST-U00944,500,501,2PN,2,2,63.22,71.27,17,MID,W,W,CITY_OPEN,True,0.887,7.3,False,0,0.68,78.7,NONE,False,SYNTHETIC,RISK_PROJECT_BASELINE,Tổ hợp thương mại căn hộ Phú Mỹ,1248,3000,20260630,TC-01,SUSPENDED_PENDING_REVIEW,2026-06-30,2026-05-15,SYNTHETIC_RISK_SCENARIO
500945,TST-U00945,TST-U00945,500,501,3PN,3,2,91.75,111.75,17,MID,NE,SE,CITY_OPEN,True,0.821,5.7,False,0,0.13,48.1,NONE,False,SYNTHETIC,RISK_PROJECT_BASELINE,Tổ hợp thương mại căn hộ Phú Mỹ,1248,3000,20260630,TC-01,SUSPENDED_PENDING_REVIEW,2026-06-30,2026-05-15,SYNTHETIC_RISK_SCENARIO
500946,TST-U00946,TST-U00946,500,501,3PN,3,2,109.5,129.59,17,MID,W,NE,POOL,False,0.845,11.0,False,1,0.68,59.7,NONE,False,SYNTHETIC,RISK_PROJECT_BASELINE,Tổ hợp thương mại căn hộ Phú Mỹ,1248,3000,20260630,TC-01,SUSPENDED_PENDING_REVIEW,2026-06-30,2026-05-15,SYNTHETIC_RISK_SCENARIO
500947,TST-U00947,TST-U00947,500,501,1PN,1,1,54.18,67.47,17,MID,S,W,PARK,False,0.803,10.7,False,0,0.32,80.9,NONE,False,SYNTHETIC,RISK_PROJECT_BASELINE,Tổ hợp thương mại căn hộ Phú Mỹ,1248,3000,20260630,TC-01,SUSPENDED_PENDING_REVIEW,2026-06-30,2026-05-15,SYNTHETIC_RISK_SCENARIO
500948,TST-U00948,TST-U00948,500,501,2PN,2,2,85.78,96.38,17,MID,NW,SE,CITY_OPEN,False,0.89,4.0,False,0,0.58,63.9,NONE,False,SYNTHETIC,RISK_PROJECT_BASELINE,Tổ hợp thương mại căn hộ Phú Mỹ,1248,3000,20260630,TC-01,SUSPENDED_PENDING_REVIEW,2026-06-30,2026-05-15,SYNTHETIC_RISK_SCENARIO
500949,TST-U00949,TST-U00949,500,501,2PN,2,2,67.56,79.48,17,MID,SE,S,CITY_OPEN,False,0.85,10.3,False,1,0.08,96.7,NONE,False,SYNTHETIC,RISK_PROJECT_BASELINE,Tổ hợp thương mại căn hộ Phú Mỹ,1248,3000,20260630,TC-01,SUSPENDED_PENDING_REVIEW,2026-06-30,2026-05-15,SYNTHETIC_RISK_SCENARIO
500950,TST-U00950,TST-U00950,500,501,1PN,1,1,51.24,59.72,17,MID,E,NW,OBSTRUCTED,True,0.858,10.8,False,0,0.13,11.2,NONE,False,SYNTHETIC,RISK_PROJECT_BASELINE,Tổ hợp thương mại căn hộ Phú Mỹ,1248,3000,20260630,TC-01,SUSPENDED_PENDING_REVIEW,2026-06-30,2026-05-15,SYNTHETIC_RISK_SCENARIO
500951,TST-U00951,TST-U00951,500,501,2PN,2,2,63.71,76.3,17,MID,SW,NE,OBSTRUCTED,False,0.835,11.8,False,0,0.59,14.8,NONE,False,SYNTHETIC,RISK_PROJECT_BASELINE,Tổ hợp thương mại căn hộ Phú Mỹ,1248,3000,20260630,TC-01,SUSPENDED_PENDING_REVIEW,2026-06-30,2026-05-15,SYNTHETIC_RISK_SCENARIO
500952,TST-U00952,TST-U00952,500,501,STUDIO,1,1,44.77,53.05,17,MID,SE,SE,OBSTRUCTED,False,0.844,8.1,True,0,0.13,15.3,NONE,False,SYNTHETIC,RISK_PROJECT_BASELINE,Tổ hợp thương mại căn hộ Phú Mỹ,1248,3000,20260630,TC-01,SUSPENDED_PENDING_REVIEW,2026-06-30,2026-05-15,SYNTHETIC_RISK_SCENARIO
500953,TST-U00953,TST-U00953,500,501,STUDIO,1,1,47.15,58.07,17,MID,W,SW,CITY_OPEN,False,0.812,13.9,False,0,0.85,56.8,NONE,False,SYNTHETIC,RISK_PROJECT_BASELINE,Tổ hợp thương mại căn hộ Phú Mỹ,1248,3000,20260630,TC-01,SUSPENDED_PENDING_REVIEW,2026-06-30,2026-05-15,SYNTHETIC_RISK_SCENARIO
500954,TST-U00954,TST-U00954,500,501,1PN,1,1,53.91,62.69,17,MID,SE,S,OBSTRUCTED,False,0.86,4.6,False,0,0.14,14.5,NONE,False,SYNTHETIC,RISK_PROJECT_BASELINE,Tổ hợp thương mại căn hộ Phú Mỹ,1248,3000,20260630,TC-01,SUSPENDED_PENDING_REVIEW,2026-06-30,2026-05-15,SYNTHETIC_RISK_SCENARIO
500955,TST-U00955,TST-U00955,500,501,2PN,2,2,80.29,90.62,17,MID,SW,E,CITY_OPEN,False,0.886,4.8,False,0,0.61,97.4,NONE,False,SYNTHETIC,RISK_PROJECT_BASELINE,Tổ hợp thương mại căn hộ Phú Mỹ,1248,3000,20260630,TC-01,SUSPENDED_PENDING_REVIEW,2026-06-30,2026-05-15,SYNTHETIC_RISK_SCENARIO
500956,TST-U00956,TST-U00956,500,501,2PN,2,2,74.93,87.13,17,MID,W,SW,CITY_OPEN,False,0.86,5.2,False,0,0.83,92.8,NONE,False,SYNTHETIC,RISK_PROJECT_BASELINE,Tổ hợp thương mại căn hộ Phú Mỹ,1248,3000,20260630,TC-01,SUSPENDED_PENDING_REVIEW,2026-06-30,2026-05-15,SYNTHETIC_RISK_SCENARIO
500957,TST-U00957,TST-U00957,500,501,2PN,2,2,79.38,97.88,17,MID,E,NW,POOL,False,0.811,7.4,False,0,0.07,88.9,NONE,False,SYNTHETIC,RISK_PROJECT_BASELINE,Tổ hợp thương mại căn hộ Phú Mỹ,1248,3000,20260630,TC-01,SUSPENDED_PENDING_REVIEW,2026-06-30,2026-05-15,SYNTHETIC_RISK_SCENARIO
500958,TST-U00958,TST-U00958,500,501,2PN,2,2,78.67,89.09,17,MID,S,SW,OBSTRUCTED,False,0.883,13.5,False,0,0.11,15.4,NONE,False,SYNTHETIC,RISK_PROJECT_BASELINE,Tổ hợp thương mại căn hộ Phú Mỹ,1248,3000,20260630,TC-01,SUSPENDED_PENDING_REVIEW,2026-06-30,2026-05-15,SYNTHETIC_RISK_SCENARIO
500959,TST-U00959,TST-U00959,500,501,3PN,3,2,109.81,124.64,17,MID,E,S,OBSTRUCTED,False,0.881,8.1,False,0,0.18,14.2,NONE,False,SYNTHETIC,RISK_PROJECT_BASELINE,Tổ hợp thương mại căn hộ Phú Mỹ,1248,3000,20260630,TC-01,SUSPENDED_PENDING_REVIEW,2026-06-30,2026-05-15,SYNTHETIC_RISK_SCENARIO
500960,TST-U00960,TST-U00960,500,501,1PN,1,1,52.54,60.74,17,MID,E,NE,CITY_OPEN,False,0.865,13.7,False,0,0.12,64.9,NONE,False,SYNTHETIC,RISK_PROJECT_BASELINE,Tổ hợp thương mại căn hộ Phú Mỹ,1248,3000,20260630,TC-01,SUSPENDED_PENDING_REVIEW,2026-06-30,2026-05-15,SYNTHETIC_RISK_SCENARIO
500961,TST-U00961,TST-U00961,500,501,1PN,1,1,56.32,63.93,17,MID,SE,W,OBSTRUCTED,False,0.881,13.9,False,0,0.31,11.2,NONE,False,SYNTHETIC,RISK_PROJECT_BASELINE,Tổ hợp thương mại căn hộ Phú Mỹ,1248,3000,20260630,TC-01,SUSPENDED_PENDING_REVIEW,2026-06-30,2026-05-15,SYNTHETIC_RISK_SCENARIO
500962,TST-U00962,TST-U00962,500,501,3PN,3,2,97.62,121.72,17,MID,SE,SW,POOL,False,0.802,10.9,False,1,0.09,81.8,NONE,False,SYNTHETIC,RISK_PROJECT_BASELINE,Tổ hợp thương mại căn hộ Phú Mỹ,1248,3000,20260630,TC-01,SUSPENDED_PENDING_REVIEW,2026-06-30,2026-05-15,SYNTHETIC_RISK_SCENARIO
500963,TST-U00963,TST-U00963,500,501,2PN,2,2,75.65,86.56,17,MID,SW,N,OBSTRUCTED,False,0.874,3.6,True,1,0.92,5.5,NONE,False,SYNTHETIC,RISK_PROJECT_BASELINE,Tổ hợp thương mại căn hộ Phú Mỹ,1248,3000,20260630,TC-01,SUSPENDED_PENDING_REVIEW,2026-06-30,2026-05-15,SYNTHETIC_RISK_SCENARIO
500964,TST-U00964,TST-U00964,500,501,1PN,1,1,54.65,65.29,17,MID,N,N,CITY_OPEN,False,0.837,8.1,True,0,0.08,90.3,NONE,False,SYNTHETIC,RISK_PROJECT_BASELINE,Tổ hợp thương mại căn hộ Phú Mỹ,1248,3000,20260630,TC-01,SUSPENDED_PENDING_REVIEW,2026-06-30,2026-05-15,SYNTHETIC_RISK_SCENARIO
500965,TST-U00965,TST-U00965,500,501,1PN,1,1,50.87,58.95,17,MID,SE,E,CITY_OPEN,False,0.863,9.0,False,0,0.3,93.9,NONE,False,SYNTHETIC,RISK_PROJECT_BASELINE,Tổ hợp thương mại căn hộ Phú Mỹ,1248,3000,20260630,TC-01,SUSPENDED_PENDING_REVIEW,2026-06-30,2026-05-15,SYNTHETIC_RISK_SCENARIO
500966,TST-U00966,TST-U00966,500,501,1PN,1,1,47.37,57.63,17,MID,S,N,OBSTRUCTED,False,0.822,7.8,False,1,0.2,9.1,NONE,False,SYNTHETIC,RISK_PROJECT_BASELINE,Tổ hợp thương mại căn hộ Phú Mỹ,1248,3000,20260630,TC-01,SUSPENDED_PENDING_REVIEW,2026-06-30,2026-05-15,SYNTHETIC_RISK_SCENARIO
500967,TST-U00967,TST-U00967,500,501,2PN,2,2,81.12,99.29,17,MID,S,N,CITY_OPEN,True,0.817,14.5,False,1,0.24,81.3,NONE,False,SYNTHETIC,RISK_PROJECT_BASELINE,Tổ hợp thương mại căn hộ Phú Mỹ,1248,3000,20260630,TC-01,SUSPENDED_PENDING_REVIEW,2026-06-30,2026-05-15,SYNTHETIC_RISK_SCENARIO
500968,TST-U00968,TST-U00968,500,501,2PN,2,2,70.52,83.36,17,MID,W,E,CITY_OPEN,False,0.846,14.6,False,2,0.86,99.0,NONE,False,SYNTHETIC,RISK_PROJECT_BASELINE,Tổ hợp thương mại căn hộ Phú Mỹ,1248,3000,20260630,TC-01,SUSPENDED_PENDING_REVIEW,2026-06-30,2026-05-15,SYNTHETIC_RISK_SCENARIO
500969,TST-U00969,TST-U00969,500,501,1PN,1,1,54.72,66.81,17,MID,S,NW,CITY_OPEN,False,0.819,6.1,False,0,0.17,108.2,NONE,False,SYNTHETIC,RISK_PROJECT_BASELINE,Tổ hợp thương mại căn hộ Phú Mỹ,1248,3000,20260630,TC-01,SUSPENDED_PENDING_REVIEW,2026-06-30,2026-05-15,SYNTHETIC_RISK_SCENARIO
500970,TST-U00970,TST-U00970,500,501,1PN,1,1,56.69,68.63,17,MID,SW,SE,OBSTRUCTED,False,0.826,1.7,False,0,0.5,5.6,WASTE_STATION,False,SYNTHETIC,RISK_PROJECT_BASELINE,Tổ hợp thương mại căn hộ Phú Mỹ,1248,3000,20260630,TC-01,SUSPENDED_PENDING_REVIEW,2026-06-30,2026-05-15,SYNTHETIC_RISK_SCENARIO
500971,TST-U00971,TST-U00971,500,501,1PN,1,1,53.72,61.32,17,MID,SE,N,PARK,False,0.876,15.6,False,2,0.22,91.6,NONE,False,SYNTHETIC,RISK_PROJECT_BASELINE,Tổ hợp thương mại căn hộ Phú Mỹ,1248,3000,20260630,TC-01,SUSPENDED_PENDING_REVIEW,2026-06-30,2026-05-15,SYNTHETIC_RISK_SCENARIO
500972,TST-U00972,TST-U00972,500,501,3PN,3,2,94.57,114.08,17,MID,NE,S,PARK,False,0.829,14.2,False,0,0.06,29.6,NONE,False,SYNTHETIC,RISK_PROJECT_BASELINE,Tổ hợp thương mại căn hộ Phú Mỹ,1248,3000,20260630,TC-01,SUSPENDED_PENDING_REVIEW,2026-06-30,2026-05-15,SYNTHETIC_RISK_SCENARIO
500973,TST-U00973,TST-U00973,500,501,STUDIO,1,1,42.89,50.11,17,MID,E,E,CITY_OPEN,False,0.856,1.3,False,0,0.03,64.6,TEMPLE,False,SYNTHETIC,RISK_PROJECT_BASELINE,Tổ hợp thương mại căn hộ Phú Mỹ,1248,3000,20260630,TC-01,SUSPENDED_PENDING_REVIEW,2026-06-30,2026-05-15,SYNTHETIC_RISK_SCENARIO
500974,TST-U00974,TST-U00974,500,501,2PN,2,2,75.23,84.72,17,MID,E,E,PARK,False,0.888,3.5,True,0,0.31,40.5,NONE,False,SYNTHETIC,RISK_PROJECT_BASELINE,Tổ hợp thương mại căn hộ Phú Mỹ,1248,3000,20260630,TC-01,SUSPENDED_PENDING_REVIEW,2026-06-30,2026-05-15,SYNTHETIC_RISK_SCENARIO
500975,TST-U00975,TST-U00975,500,501,2PN,2,2,84.1,94.92,17,MID,N,S,OBSTRUCTED,True,0.886,1.2,True,0,0.07,5.8,NONE,False,SYNTHETIC,RISK_PROJECT_BASELINE,Tổ hợp thương mại căn hộ Phú Mỹ,1248,3000,20260630,TC-01,SUSPENDED_PENDING_REVIEW,2026-06-30,2026-05-15,SYNTHETIC_RISK_SCENARIO
500976,TST-U00976,TST-U00976,500,501,3PN,3,2,98.38,118.39,17,MID,SW,SE,CITY_OPEN,False,0.831,14.6,False,2,0.88,92.2,NONE,False,SYNTHETIC,RISK_PROJECT_BASELINE,Tổ hợp thương mại căn hộ Phú Mỹ,1248,3000,20260630,TC-01,SUSPENDED_PENDING_REVIEW,2026-06-30,2026-05-15,SYNTHETIC_RISK_SCENARIO
500977,TST-U00977,TST-U00977,500,501,2PN,2,2,71.11,82.69,17,MID,W,NE,CITY_OPEN,False,0.86,8.1,True,0,0.84,30.2,NONE,False,SYNTHETIC,RISK_PROJECT_BASELINE,Tổ hợp thương mại căn hộ Phú Mỹ,1248,3000,20260630,TC-01,SUSPENDED_PENDING_REVIEW,2026-06-30,2026-05-15,SYNTHETIC_RISK_SCENARIO
500978,TST-U00978,TST-U00978,500,501,3PN,3,2,102.28,120.47,17,MID,NW,NE,PARK,False,0.849,15.1,False,0,0.77,35.1,WASTE_STATION,False,SYNTHETIC,RISK_PROJECT_BASELINE,Tổ hợp thương mại căn hộ Phú Mỹ,1248,3000,20260630,TC-01,SUSPENDED_PENDING_REVIEW,2026-06-30,2026-05-15,SYNTHETIC_RISK_SCENARIO
500979,TST-U00979,TST-U00979,500,501,1PN,1,1,60.12,71.23,17,MID,SE,SE,PARK,False,0.844,12.0,False,0,0.06,56.2,NONE,False,SYNTHETIC,RISK_PROJECT_BASELINE,Tổ hợp thương mại căn hộ Phú Mỹ,1248,3000,20260630,TC-01,SUSPENDED_PENDING_REVIEW,2026-06-30,2026-05-15,SYNTHETIC_RISK_SCENARIO
500980,TST-U00980,TST-U00980,500,501,3PN,3,2,112.83,128.36,17,MID,N,NW,CITY_OPEN,False,0.879,9.5,False,0,0.24,39.1,NONE,False,SYNTHETIC,RISK_PROJECT_BASELINE,Tổ hợp thương mại căn hộ Phú Mỹ,1248,3000,20260630,TC-01,SUSPENDED_PENDING_REVIEW,2026-06-30,2026-05-15,SYNTHETIC_RISK_SCENARIO
500981,TST-U00981,TST-U00981,500,501,1PN,1,1,55.01,62.51,17,MID,N,SW,POOL,False,0.88,8.3,False,2,0.12,80.2,NONE,False,SYNTHETIC,RISK_PROJECT_BASELINE,Tổ hợp thương mại căn hộ Phú Mỹ,1248,3000,20260630,TC-01,SUSPENDED_PENDING_REVIEW,2026-06-30,2026-05-15,SYNTHETIC_RISK_SCENARIO
500982,TST-U00982,TST-U00982,500,501,1PN,1,1,60.58,72.29,17,MID,W,SW,CITY_OPEN,False,0.838,7.7,False,0,0.54,43.3,NONE,False,SYNTHETIC,RISK_PROJECT_BASELINE,Tổ hợp thương mại căn hộ Phú Mỹ,1248,3000,20260630,TC-01,SUSPENDED_PENDING_REVIEW,2026-06-30,2026-05-15,SYNTHETIC_RISK_SCENARIO
500983,TST-U00983,TST-U00983,500,501,2PN,2,2,83.5,103.86,17,MID,E,SE,PARK,False,0.804,8.0,False,0,0.11,43.7,NONE,False,SYNTHETIC,RISK_PROJECT_BASELINE,Tổ hợp thương mại căn hộ Phú Mỹ,1248,3000,20260630,TC-01,SUSPENDED_PENDING_REVIEW,2026-06-30,2026-05-15,SYNTHETIC_RISK_SCENARIO
500984,TST-U00984,TST-U00984,500,501,2PN,2,2,76.69,90.33,17,MID,E,E,OBSTRUCTED,False,0.849,12.8,False,1,0.26,11.9,NONE,False,SYNTHETIC,RISK_PROJECT_BASELINE,Tổ hợp thương mại căn hộ Phú Mỹ,1248,3000,20260630,TC-01,SUSPENDED_PENDING_REVIEW,2026-06-30,2026-05-15,SYNTHETIC_RISK_SCENARIO
500985,TST-U00985,TST-U00985,500,501,1PN,1,1,58.88,72.78,17,MID,W,NE,PARK,False,0.809,10.4,False,0,0.52,78.4,NONE,False,SYNTHETIC,RISK_PROJECT_BASELINE,Tổ hợp thương mại căn hộ Phú Mỹ,1248,3000,20260630,TC-01,SUSPENDED_PENDING_REVIEW,2026-06-30,2026-05-15,SYNTHETIC_RISK_SCENARIO
500986,TST-U00986,TST-U00986,500,501,3PN,3,2,97.62,120.67,17,MID,NW,W,PARK,False,0.809,9.1,False,0,0.63,48.8,NONE,False,SYNTHETIC,RISK_PROJECT_BASELINE,Tổ hợp thương mại căn hộ Phú Mỹ,1248,3000,20260630,TC-01,SUSPENDED_PENDING_REVIEW,2026-06-30,2026-05-15,SYNTHETIC_RISK_SCENARIO
500987,TST-U00987,TST-U00987,500,501,1PN,1,1,55.58,68.28,17,MID,N,SW,OBSTRUCTED,False,0.814,11.8,False,1,0.31,11.3,NONE,False,SYNTHETIC,RISK_PROJECT_BASELINE,Tổ hợp thương mại căn hộ Phú Mỹ,1248,3000,20260630,TC-01,SUSPENDED_PENDING_REVIEW,2026-06-30,2026-05-15,SYNTHETIC_RISK_SCENARIO
500988,TST-U00988,TST-U00988,500,501,2PN,2,2,76.68,95.61,17,MID,SE,SE,CITY_OPEN,False,0.802,10.8,True,0,0.31,65.3,NONE,False,SYNTHETIC,RISK_PROJECT_BASELINE,Tổ hợp thương mại căn hộ Phú Mỹ,1248,3000,20260630,TC-01,SUSPENDED_PENDING_REVIEW,2026-06-30,2026-05-15,SYNTHETIC_RISK_SCENARIO
500989,TST-U00989,TST-U00989,500,501,3PN,3,2,107.06,133.16,17,MID,SW,S,PARK,False,0.804,7.1,False,1,0.7,31.8,NONE,False,SYNTHETIC,RISK_PROJECT_BASELINE,Tổ hợp thương mại căn hộ Phú Mỹ,1248,3000,20260630,TC-01,SUSPENDED_PENDING_REVIEW,2026-06-30,2026-05-15,SYNTHETIC_RISK_SCENARIO
500990,TST-U00990,TST-U00990,500,501,3PN,3,2,105.46,130.36,17,MID,NE,SE,OBSTRUCTED,False,0.809,14.5,False,0,0.2,7.0,NONE,False,SYNTHETIC,RISK_PROJECT_BASELINE,Tổ hợp thương mại căn hộ Phú Mỹ,1248,3000,20260630,TC-01,SUSPENDED_PENDING_REVIEW,2026-06-30,2026-05-15,SYNTHETIC_RISK_SCENARIO
500991,TST-U00991,TST-U00991,500,501,3PN,3,2,97.63,114.45,18,MID,NE,S,OBSTRUCTED,False,0.853,5.9,False,0,0.28,8.5,NONE,False,SYNTHETIC,RISK_PROJECT_BASELINE,Tổ hợp thương mại căn hộ Phú Mỹ,1248,3000,20260630,TC-01,SUSPENDED_PENDING_REVIEW,2026-06-30,2026-05-15,SYNTHETIC_RISK_SCENARIO
500992,TST-U00992,TST-U00992,500,501,STUDIO,1,1,41.1,48.7,18,MID,SE,SE,OBSTRUCTED,False,0.844,7.2,False,2,0.12,7.0,NONE,False,SYNTHETIC,RISK_PROJECT_BASELINE,Tổ hợp thương mại căn hộ Phú Mỹ,1248,3000,20260630,TC-01,SUSPENDED_PENDING_REVIEW,2026-06-30,2026-05-15,SYNTHETIC_RISK_SCENARIO
500993,TST-U00993,TST-U00993,500,501,2PN,2,2,65.94,81.01,18,MID,N,NW,PARK,False,0.814,2.1,False,0,0.28,78.3,NONE,False,SYNTHETIC,RISK_PROJECT_BASELINE,Tổ hợp thương mại căn hộ Phú Mỹ,1248,3000,20260630,TC-01,SUSPENDED_PENDING_REVIEW,2026-06-30,2026-05-15,SYNTHETIC_RISK_SCENARIO
500994,TST-U00994,TST-U00994,500,501,2PN,2,2,78.87,95.25,18,MID,SE,E,CITY_OPEN,True,0.828,11.7,False,0,0.22,47.4,NONE,False,SYNTHETIC,RISK_PROJECT_BASELINE,Tổ hợp thương mại căn hộ Phú Mỹ,1248,3000,20260630,TC-01,SUSPENDED_PENDING_REVIEW,2026-06-30,2026-05-15,SYNTHETIC_RISK_SCENARIO
500995,TST-U00995,TST-U00995,500,501,2PN,2,2,85.05,96.54,18,MID,W,W,OBSTRUCTED,False,0.881,13.7,True,0,0.68,10.4,NONE,False,SYNTHETIC,RISK_PROJECT_BASELINE,Tổ hợp thương mại căn hộ Phú Mỹ,1248,3000,20260630,TC-01,SUSPENDED_PENDING_REVIEW,2026-06-30,2026-05-15,SYNTHETIC_RISK_SCENARIO
500996,TST-U00996,TST-U00996,500,501,1PN,1,1,55.25,68.8,18,MID,W,W,OBSTRUCTED,False,0.803,5.5,False,0,0.83,10.5,NONE,False,SYNTHETIC,RISK_PROJECT_BASELINE,Tổ hợp thương mại căn hộ Phú Mỹ,1248,3000,20260630,TC-01,SUSPENDED_PENDING_REVIEW,2026-06-30,2026-05-15,SYNTHETIC_RISK_SCENARIO
500997,TST-U00997,TST-U00997,500,501,2PN,2,2,79.12,93.41,18,MID,SE,W,OBSTRUCTED,False,0.847,9.9,False,0,0.12,8.5,NONE,False,SYNTHETIC,RISK_PROJECT_BASELINE,Tổ hợp thương mại căn hộ Phú Mỹ,1248,3000,20260630,TC-01,SUSPENDED_PENDING_REVIEW,2026-06-30,2026-05-15,SYNTHETIC_RISK_SCENARIO
500998,TST-U00998,TST-U00998,500,501,1PN,1,1,48.04,55.86,18,MID,NW,NE,POOL,False,0.86,14.8,False,1,0.65,95.9,NONE,False,SYNTHETIC,RISK_PROJECT_BASELINE,Tổ hợp thương mại căn hộ Phú Mỹ,1248,3000,20260630,TC-01,SUSPENDED_PENDING_REVIEW,2026-06-30,2026-05-15,SYNTHETIC_RISK_SCENARIO
500999,TST-U00999,TST-U00999,500,501,3PN,3,2,114.31,141.65,18,MID,SW,S,CITY_OPEN,False,0.807,4.4,False,0,0.71,42.8,CEMETERY,False,SYNTHETIC,RISK_PROJECT_BASELINE,Tổ hợp thương mại căn hộ Phú Mỹ,1248,3000,20260630,TC-01,SUSPENDED_PENDING_REVIEW,2026-06-30,2026-05-15,SYNTHETIC_RISK_SCENARIO
501000,TST-U01000,TST-U01000,500,501,1PN,1,1,52.08,59.32,18,MID,SW,E,CITY_OPEN,False,0.878,15.1,True,1,0.54,96.4,NONE,False,SYNTHETIC,RISK_PROJECT_BASELINE,Tổ hợp thương mại căn hộ Phú Mỹ,1248,3000,20260630,TC-01,SUSPENDED_PENDING_REVIEW,2026-06-30,2026-05-15,SYNTHETIC_RISK_SCENARIO
501001,TST-U01001,TST-U01001,500,501,2PN,2,2,81.55,93.41,18,MID,NE,E,CITY_OPEN,False,0.873,13.5,False,0,0.07,36.7,NONE,False,SYNTHETIC,RISK_PROJECT_BASELINE,Tổ hợp thương mại căn hộ Phú Mỹ,1248,3000,20260630,TC-01,SUSPENDED_PENDING_REVIEW,2026-06-30,2026-05-15,SYNTHETIC_RISK_SCENARIO
501002,TST-U01002,TST-U01002,500,501,2PN,2,2,76.65,93.25,18,MID,SW,NW,OBSTRUCTED,True,0.822,4.6,False,2,0.92,14.9,NONE,False,SYNTHETIC,RISK_PROJECT_BASELINE,Tổ hợp thương mại căn hộ Phú Mỹ,1248,3000,20260630,TC-01,SUSPENDED_PENDING_REVIEW,2026-06-30,2026-05-15,SYNTHETIC_RISK_SCENARIO
501003,TST-U01003,TST-U01003,500,501,2PN,2,2,74.95,91.51,18,MID,NE,NE,CITY_OPEN,True,0.819,5.5,False,0,0.29,76.5,NONE,False,SYNTHETIC,RISK_PROJECT_BASELINE,Tổ hợp thương mại căn hộ Phú Mỹ,1248,3000,20260630,TC-01,SUSPENDED_PENDING_REVIEW,2026-06-30,2026-05-15,SYNTHETIC_RISK_SCENARIO
501004,TST-U01004,TST-U01004,500,501,2PN,2,2,71.29,81.85,18,MID,SE,S,OBSTRUCTED,True,0.871,5.6,False,1,0.06,12.1,NONE,False,SYNTHETIC,RISK_PROJECT_BASELINE,Tổ hợp thương mại căn hộ Phú Mỹ,1248,3000,20260630,TC-01,SUSPENDED_PENDING_REVIEW,2026-06-30,2026-05-15,SYNTHETIC_RISK_SCENARIO
501005,TST-U01005,TST-U01005,500,501,2PN,2,2,74.53,85.96,18,MID,NW,S,CITY_OPEN,False,0.867,3.5,False,0,0.81,106.9,NONE,False,SYNTHETIC,RISK_PROJECT_BASELINE,Tổ hợp thương mại căn hộ Phú Mỹ,1248,3000,20260630,TC-01,SUSPENDED_PENDING_REVIEW,2026-06-30,2026-05-15,SYNTHETIC_RISK_SCENARIO
501006,TST-U01006,TST-U01006,500,501,2PN,2,2,84.41,101.94,18,MID,SW,E,OBSTRUCTED,True,0.828,5.8,False,0,0.83,14.0,NONE,False,SYNTHETIC,RISK_PROJECT_BASELINE,Tổ hợp thương mại căn hộ Phú Mỹ,1248,3000,20260630,TC-01,SUSPENDED_PENDING_REVIEW,2026-06-30,2026-05-15,SYNTHETIC_RISK_SCENARIO
501007,TST-U01007,TST-U01007,500,501,3PN,3,2,96.89,111.88,18,MID,W,N,OBSTRUCTED,True,0.866,8.4,False,0,0.71,14.4,NONE,False,SYNTHETIC,RISK_PROJECT_BASELINE,Tổ hợp thương mại căn hộ Phú Mỹ,1248,3000,20260630,TC-01,SUSPENDED_PENDING_REVIEW,2026-06-30,2026-05-15,SYNTHETIC_RISK_SCENARIO
501008,TST-U01008,TST-U01008,500,501,2PN,2,2,76.4,89.15,18,MID,SE,W,CITY_OPEN,False,0.857,2.6,False,1,0.19,53.1,NONE,False,SYNTHETIC,RISK_PROJECT_BASELINE,Tổ hợp thương mại căn hộ Phú Mỹ,1248,3000,20260630,TC-01,SUSPENDED_PENDING_REVIEW,2026-06-30,2026-05-15,SYNTHETIC_RISK_SCENARIO
501009,TST-U01009,TST-U01009,500,501,3PN,3,2,97.57,116.71,18,MID,SE,N,CITY_OPEN,False,0.836,3.4,True,0,0.21,83.5,NONE,False,SYNTHETIC,RISK_PROJECT_BASELINE,Tổ hợp thương mại căn hộ Phú Mỹ,1248,3000,20260630,TC-01,SUSPENDED_PENDING_REVIEW,2026-06-30,2026-05-15,SYNTHETIC_RISK_SCENARIO
501010,TST-U01010,TST-U01010,500,501,1PN,1,1,48.24,56.55,18,MID,SE,E,CITY_OPEN,True,0.853,12.7,False,0,0.17,103.3,NONE,False,SYNTHETIC,RISK_PROJECT_BASELINE,Tổ hợp thương mại căn hộ Phú Mỹ,1248,3000,20260630,TC-01,SUSPENDED_PENDING_REVIEW,2026-06-30,2026-05-15,SYNTHETIC_RISK_SCENARIO
501011,TST-U01011,TST-U01011,500,501,3PN,3,2,102.71,121.41,18,MID,NW,SW,OBSTRUCTED,True,0.846,15.8,False,1,0.64,14.5,NONE,False,SYNTHETIC,RISK_PROJECT_BASELINE,Tổ hợp thương mại căn hộ Phú Mỹ,1248,3000,20260630,TC-01,SUSPENDED_PENDING_REVIEW,2026-06-30,2026-05-15,SYNTHETIC_RISK_SCENARIO
501012,TST-U01012,TST-U01012,500,501,2PN,2,2,69.88,83.19,18,MID,S,S,POOL,False,0.84,10.6,False,0,0.26,49.0,NONE,False,SYNTHETIC,RISK_PROJECT_BASELINE,Tổ hợp thương mại căn hộ Phú Mỹ,1248,3000,20260630,TC-01,SUSPENDED_PENDING_REVIEW,2026-06-30,2026-05-15,SYNTHETIC_RISK_SCENARIO
501013,TST-U01013,TST-U01013,500,501,1PN,1,1,53.36,61.69,18,MID,S,S,CITY_OPEN,True,0.865,11.9,False,0,0.19,83.0,NONE,False,SYNTHETIC,RISK_PROJECT_BASELINE,Tổ hợp thương mại căn hộ Phú Mỹ,1248,3000,20260630,TC-01,SUSPENDED_PENDING_REVIEW,2026-06-30,2026-05-15,SYNTHETIC_RISK_SCENARIO
501014,TST-U01014,TST-U01014,500,501,2PN,2,2,81.02,91.96,18,MID,W,NW,OBSTRUCTED,False,0.881,14.2,False,1,0.89,12.9,NONE,False,SYNTHETIC,RISK_PROJECT_BASELINE,Tổ hợp thương mại căn hộ Phú Mỹ,1248,3000,20260630,TC-01,SUSPENDED_PENDING_REVIEW,2026-06-30,2026-05-15,SYNTHETIC_RISK_SCENARIO
501015,TST-U01015,TST-U01015,500,501,3PN,3,2,100.53,115.15,18,MID,SE,N,POOL,False,0.873,11.9,False,0,0.29,34.4,NONE,False,SYNTHETIC,RISK_PROJECT_BASELINE,Tổ hợp thương mại căn hộ Phú Mỹ,1248,3000,20260630,TC-01,SUSPENDED_PENDING_REVIEW,2026-06-30,2026-05-15,SYNTHETIC_RISK_SCENARIO
501016,TST-U01016,TST-U01016,500,501,1PN,1,1,49.01,58.55,18,MID,SE,S,OBSTRUCTED,False,0.837,9.9,False,1,0.26,5.4,NONE,False,SYNTHETIC,RISK_PROJECT_BASELINE,Tổ hợp thương mại căn hộ Phú Mỹ,1248,3000,20260630,TC-01,SUSPENDED_PENDING_REVIEW,2026-06-30,2026-05-15,SYNTHETIC_RISK_SCENARIO
501017,TST-U01017,TST-U01017,500,501,3PN,3,2,114.89,134.06,18,MID,SW,E,PARK,False,0.857,14.2,True,2,0.64,107.7,NONE,False,SYNTHETIC,RISK_PROJECT_BASELINE,Tổ hợp thương mại căn hộ Phú Mỹ,1248,3000,20260630,TC-01,SUSPENDED_PENDING_REVIEW,2026-06-30,2026-05-15,SYNTHETIC_RISK_SCENARIO
501018,TST-U01018,TST-U01018,500,501,2PN,2,2,75.34,91.65,18,MID,S,S,OBSTRUCTED,True,0.822,4.4,False,0,0.19,10.6,NONE,False,SYNTHETIC,RISK_PROJECT_BASELINE,Tổ hợp thương mại căn hộ Phú Mỹ,1248,3000,20260630,TC-01,SUSPENDED_PENDING_REVIEW,2026-06-30,2026-05-15,SYNTHETIC_RISK_SCENARIO
501019,TST-U01019,TST-U01019,500,501,2PN,2,2,68.53,80.81,18,MID,W,NE,OBSTRUCTED,False,0.848,9.1,True,0,0.89,6.5,NONE,False,SYNTHETIC,RISK_PROJECT_BASELINE,Tổ hợp thương mại căn hộ Phú Mỹ,1248,3000,20260630,TC-01,SUSPENDED_PENDING_REVIEW,2026-06-30,2026-05-15,SYNTHETIC_RISK_SCENARIO
501020,TST-U01020,TST-U01020,500,501,2PN,2,2,80.95,97.3,18,MID,E,N,OBSTRUCTED,False,0.832,14.7,False,1,0.13,10.2,NONE,False,SYNTHETIC,RISK_PROJECT_BASELINE,Tổ hợp thương mại căn hộ Phú Mỹ,1248,3000,20260630,TC-01,SUSPENDED_PENDING_REVIEW,2026-06-30,2026-05-15,SYNTHETIC_RISK_SCENARIO
501021,TST-U01021,TST-U01021,500,501,2PN,2,2,70.24,79.55,18,MID,SE,NW,OBSTRUCTED,False,0.883,10.9,False,0,0.14,9.2,NONE,False,SYNTHETIC,RISK_PROJECT_BASELINE,Tổ hợp thương mại căn hộ Phú Mỹ,1248,3000,20260630,TC-01,SUSPENDED_PENDING_REVIEW,2026-06-30,2026-05-15,SYNTHETIC_RISK_SCENARIO
501022,TST-U01022,TST-U01022,500,501,1PN,1,1,55.39,68.64,18,MID,SW,SW,OBSTRUCTED,False,0.807,11.5,False,1,0.85,5.1,NONE,False,SYNTHETIC,RISK_PROJECT_BASELINE,Tổ hợp thương mại căn hộ Phú Mỹ,1248,3000,20260630,TC-01,SUSPENDED_PENDING_REVIEW,2026-06-30,2026-05-15,SYNTHETIC_RISK_SCENARIO
501023,TST-U01023,TST-U01023,500,501,2PN,2,2,86.57,102.94,18,MID,SE,NE,CITY_OPEN,False,0.841,13.1,False,1,0.03,43.3,NONE,False,SYNTHETIC,RISK_PROJECT_BASELINE,Tổ hợp thương mại căn hộ Phú Mỹ,1248,3000,20260630,TC-01,SUSPENDED_PENDING_REVIEW,2026-06-30,2026-05-15,SYNTHETIC_RISK_SCENARIO
501024,TST-U01024,TST-U01024,500,501,2PN,2,2,77.08,90.36,18,MID,N,NW,CITY_OPEN,True,0.853,3.2,False,0,0.28,47.7,NONE,False,SYNTHETIC,RISK_PROJECT_BASELINE,Tổ hợp thương mại căn hộ Phú Mỹ,1248,3000,20260630,TC-01,SUSPENDED_PENDING_REVIEW,2026-06-30,2026-05-15,SYNTHETIC_RISK_SCENARIO
501025,TST-U01025,TST-U01025,500,501,2PN,2,2,80.32,92.64,18,MID,E,SW,PARK,False,0.867,3.9,False,0,0.25,33.1,NONE,False,SYNTHETIC,RISK_PROJECT_BASELINE,Tổ hợp thương mại căn hộ Phú Mỹ,1248,3000,20260630,TC-01,SUSPENDED_PENDING_REVIEW,2026-06-30,2026-05-15,SYNTHETIC_RISK_SCENARIO
501026,TST-U01026,TST-U01026,500,501,1PN,1,1,56.32,66.65,18,MID,E,N,OBSTRUCTED,False,0.845,10.6,False,1,0.12,14.5,NONE,False,SYNTHETIC,RISK_PROJECT_BASELINE,Tổ hợp thương mại căn hộ Phú Mỹ,1248,3000,20260630,TC-01,SUSPENDED_PENDING_REVIEW,2026-06-30,2026-05-15,SYNTHETIC_RISK_SCENARIO
501027,TST-U01027,TST-U01027,500,501,2PN,2,2,74.68,87.35,18,MID,W,E,OBSTRUCTED,False,0.855,14.8,False,1,0.51,8.2,NONE,False,SYNTHETIC,RISK_PROJECT_BASELINE,Tổ hợp thương mại căn hộ Phú Mỹ,1248,3000,20260630,TC-01,SUSPENDED_PENDING_REVIEW,2026-06-30,2026-05-15,SYNTHETIC_RISK_SCENARIO
501028,TST-U01028,TST-U01028,500,501,2PN,2,2,81.14,91.58,18,MID,NE,NE,PARK,False,0.886,12.6,False,0,0.11,54.2,NONE,False,SYNTHETIC,RISK_PROJECT_BASELINE,Tổ hợp thương mại căn hộ Phú Mỹ,1248,3000,20260630,TC-01,SUSPENDED_PENDING_REVIEW,2026-06-30,2026-05-15,SYNTHETIC_RISK_SCENARIO
501029,TST-U01029,TST-U01029,500,501,3PN,3,2,99.88,112.86,18,MID,S,S,OBSTRUCTED,False,0.885,10.4,False,0,0.18,17.3,TEMPLE,False,SYNTHETIC,RISK_PROJECT_BASELINE,Tổ hợp thương mại căn hộ Phú Mỹ,1248,3000,20260630,TC-01,SUSPENDED_PENDING_REVIEW,2026-06-30,2026-05-15,SYNTHETIC_RISK_SCENARIO
501030,TST-U01030,TST-U01030,500,501,1PN,1,1,54.94,65.64,18,MID,SE,E,OBSTRUCTED,False,0.837,3.1,False,0,0.14,15.3,NONE,False,SYNTHETIC,RISK_PROJECT_BASELINE,Tổ hợp thương mại căn hộ Phú Mỹ,1248,3000,20260630,TC-01,SUSPENDED_PENDING_REVIEW,2026-06-30,2026-05-15,SYNTHETIC_RISK_SCENARIO
501031,TST-U01031,TST-U01031,500,501,2PN,2,2,76.07,92.09,18,MID,SW,E,CITY_OPEN,False,0.826,7.7,False,0,0.63,72.6,NONE,False,SYNTHETIC,RISK_PROJECT_BASELINE,Tổ hợp thương mại căn hộ Phú Mỹ,1248,3000,20260630,TC-01,SUSPENDED_PENDING_REVIEW,2026-06-30,2026-05-15,SYNTHETIC_RISK_SCENARIO
501032,TST-U01032,TST-U01032,500,501,3PN,3,2,98.0,114.89,18,MID,W,N,CITY_OPEN,True,0.853,12.7,False,1,0.78,102.4,WASTE_STATION,False,SYNTHETIC,RISK_PROJECT_BASELINE,Tổ hợp thương mại căn hộ Phú Mỹ,1248,3000,20260630,TC-01,SUSPENDED_PENDING_REVIEW,2026-06-30,2026-05-15,SYNTHETIC_RISK_SCENARIO
501033,TST-U01033,TST-U01033,500,501,2PN,2,2,80.35,99.81,18,MID,S,S,CITY_OPEN,False,0.805,15.9,False,2,0.09,80.0,NONE,False,SYNTHETIC,RISK_PROJECT_BASELINE,Tổ hợp thương mại căn hộ Phú Mỹ,1248,3000,20260630,TC-01,SUSPENDED_PENDING_REVIEW,2026-06-30,2026-05-15,SYNTHETIC_RISK_SCENARIO
501034,TST-U01034,TST-U01034,500,501,2PN,2,2,78.17,88.33,18,MID,SE,S,POOL,False,0.885,3.0,True,0,0.11,98.0,NONE,False,SYNTHETIC,RISK_PROJECT_BASELINE,Tổ hợp thương mại căn hộ Phú Mỹ,1248,3000,20260630,TC-01,SUSPENDED_PENDING_REVIEW,2026-06-30,2026-05-15,SYNTHETIC_RISK_SCENARIO
501035,TST-U01035,TST-U01035,500,501,2PN,2,2,84.94,101.24,18,MID,W,NE,CITY_OPEN,False,0.839,11.6,False,2,0.64,74.7,NONE,False,SYNTHETIC,RISK_PROJECT_BASELINE,Tổ hợp thương mại căn hộ Phú Mỹ,1248,3000,20260630,TC-01,SUSPENDED_PENDING_REVIEW,2026-06-30,2026-05-15,SYNTHETIC_RISK_SCENARIO
501036,TST-U01036,TST-U01036,500,501,2PN,2,2,82.84,101.27,18,MID,N,E,OBSTRUCTED,False,0.818,5.0,False,0,0.12,12.9,NONE,False,SYNTHETIC,RISK_PROJECT_BASELINE,Tổ hợp thương mại căn hộ Phú Mỹ,1248,3000,20260630,TC-01,SUSPENDED_PENDING_REVIEW,2026-06-30,2026-05-15,SYNTHETIC_RISK_SCENARIO
501037,TST-U01037,TST-U01037,500,501,3PN,3,2,108.58,125.53,18,MID,NW,SW,OBSTRUCTED,False,0.865,10.9,False,1,0.71,17.2,NONE,False,SYNTHETIC,RISK_PROJECT_BASELINE,Tổ hợp thương mại căn hộ Phú Mỹ,1248,3000,20260630,TC-01,SUSPENDED_PENDING_REVIEW,2026-06-30,2026-05-15,SYNTHETIC_RISK_SCENARIO
501038,TST-U01038,TST-U01038,500,501,3PN,3,2,115.31,138.59,18,MID,E,SW,OBSTRUCTED,False,0.832,5.6,False,0,0.23,16.2,TEMPLE,False,SYNTHETIC,RISK_PROJECT_BASELINE,Tổ hợp thương mại căn hộ Phú Mỹ,1248,3000,20260630,TC-01,SUSPENDED_PENDING_REVIEW,2026-06-30,2026-05-15,SYNTHETIC_RISK_SCENARIO
501039,TST-U01039,TST-U01039,500,501,1PN,1,1,50.58,59.3,18,MID,NW,S,CITY_OPEN,False,0.853,13.6,False,1,0.71,66.9,NONE,False,SYNTHETIC,RISK_PROJECT_BASELINE,Tổ hợp thương mại căn hộ Phú Mỹ,1248,3000,20260630,TC-01,SUSPENDED_PENDING_REVIEW,2026-06-30,2026-05-15,SYNTHETIC_RISK_SCENARIO
501040,TST-U01040,TST-U01040,500,501,1PN,1,1,50.53,57.55,18,MID,N,W,OBSTRUCTED,False,0.878,2.8,True,0,0.22,16.1,CEMETERY,False,SYNTHETIC,RISK_PROJECT_BASELINE,Tổ hợp thương mại căn hộ Phú Mỹ,1248,3000,20260630,TC-01,SUSPENDED_PENDING_REVIEW,2026-06-30,2026-05-15,SYNTHETIC_RISK_SCENARIO
501041,TST-U01041,TST-U01041,500,501,3PN,3,2,111.84,136.39,18,MID,SE,NE,OBSTRUCTED,False,0.82,8.7,False,0,0.32,11.0,NONE,False,SYNTHETIC,RISK_PROJECT_BASELINE,Tổ hợp thương mại căn hộ Phú Mỹ,1248,3000,20260630,TC-01,SUSPENDED_PENDING_REVIEW,2026-06-30,2026-05-15,SYNTHETIC_RISK_SCENARIO
501042,TST-U01042,TST-U01042,500,501,1PN,1,1,57.11,64.6,18,MID,W,NW,CITY_OPEN,False,0.884,12.2,False,2,0.82,66.6,NONE,False,SYNTHETIC,RISK_PROJECT_BASELINE,Tổ hợp thương mại căn hộ Phú Mỹ,1248,3000,20260630,TC-01,SUSPENDED_PENDING_REVIEW,2026-06-30,2026-05-15,SYNTHETIC_RISK_SCENARIO
501043,TST-U01043,TST-U01043,500,501,2PN,2,2,83.39,103.98,18,MID,E,W,OBSTRUCTED,False,0.802,10.8,True,0,0.18,11.9,NONE,False,SYNTHETIC,RISK_PROJECT_BASELINE,Tổ hợp thương mại căn hộ Phú Mỹ,1248,3000,20260630,TC-01,SUSPENDED_PENDING_REVIEW,2026-06-30,2026-05-15,SYNTHETIC_RISK_SCENARIO
501044,TST-U01044,TST-U01044,500,501,3PN,3,2,110.57,125.65,18,MID,S,S,OBSTRUCTED,False,0.88,7.7,False,2,0.14,15.0,NONE,False,SYNTHETIC,RISK_PROJECT_BASELINE,Tổ hợp thương mại căn hộ Phú Mỹ,1248,3000,20260630,TC-01,SUSPENDED_PENDING_REVIEW,2026-06-30,2026-05-15,SYNTHETIC_RISK_SCENARIO
501045,TST-U01045,TST-U01045,500,501,1PN,1,1,55.89,67.34,18,MID,N,SW,POOL,False,0.83,12.3,False,1,0.28,32.3,NONE,False,SYNTHETIC,RISK_PROJECT_BASELINE,Tổ hợp thương mại căn hộ Phú Mỹ,1248,3000,20260630,TC-01,SUSPENDED_PENDING_REVIEW,2026-06-30,2026-05-15,SYNTHETIC_RISK_SCENARIO
501046,TST-U01046,TST-U01046,500,501,1PN,1,1,56.79,64.24,18,MID,W,NW,CITY_OPEN,False,0.884,13.5,True,0,0.61,71.4,WASTE_STATION,False,SYNTHETIC,RISK_PROJECT_BASELINE,Tổ hợp thương mại căn hộ Phú Mỹ,1248,3000,20260630,TC-01,SUSPENDED_PENDING_REVIEW,2026-06-30,2026-05-15,SYNTHETIC_RISK_SCENARIO
501047,TST-U01047,TST-U01047,500,501,2PN,2,2,71.39,84.49,18,MID,SW,E,CITY_OPEN,False,0.845,14.1,False,0,0.78,58.8,NONE,False,SYNTHETIC,RISK_PROJECT_BASELINE,Tổ hợp thương mại căn hộ Phú Mỹ,1248,3000,20260630,TC-01,SUSPENDED_PENDING_REVIEW,2026-06-30,2026-05-15,SYNTHETIC_RISK_SCENARIO
501048,TST-U01048,TST-U01048,500,501,3PN,3,2,114.24,138.31,18,MID,W,W,CITY_OPEN,False,0.826,7.4,False,0,0.67,88.4,NONE,False,SYNTHETIC,RISK_PROJECT_BASELINE,Tổ hợp thương mại căn hộ Phú Mỹ,1248,3000,20260630,TC-01,SUSPENDED_PENDING_REVIEW,2026-06-30,2026-05-15,SYNTHETIC_RISK_SCENARIO
501049,TST-U01049,TST-U01049,500,501,2PN,2,2,75.31,87.37,18,MID,NE,E,OBSTRUCTED,False,0.862,10.6,False,0,0.32,8.0,NONE,False,SYNTHETIC,RISK_PROJECT_BASELINE,Tổ hợp thương mại căn hộ Phú Mỹ,1248,3000,20260630,TC-01,SUSPENDED_PENDING_REVIEW,2026-06-30,2026-05-15,SYNTHETIC_RISK_SCENARIO
501050,TST-U01050,TST-U01050,500,501,1PN,1,1,54.02,62.38,18,MID,W,S,OBSTRUCTED,False,0.866,5.9,True,0,0.76,16.7,NONE,False,SYNTHETIC,RISK_PROJECT_BASELINE,Tổ hợp thương mại căn hộ Phú Mỹ,1248,3000,20260630,TC-01,SUSPENDED_PENDING_REVIEW,2026-06-30,2026-05-15,SYNTHETIC_RISK_SCENARIO
501051,TST-U01051,TST-U01051,500,501,3PN,3,2,106.6,125.56,18,MID,SE,SW,OBSTRUCTED,False,0.849,1.7,True,0,0.26,9.2,NONE,False,SYNTHETIC,RISK_PROJECT_BASELINE,Tổ hợp thương mại căn hộ Phú Mỹ,1248,3000,20260630,TC-01,SUSPENDED_PENDING_REVIEW,2026-06-30,2026-05-15,SYNTHETIC_RISK_SCENARIO
501052,TST-U01052,TST-U01052,500,501,2PN,2,2,80.01,97.57,18,MID,E,SE,OBSTRUCTED,True,0.82,7.4,False,0,0.24,4.7,NONE,False,SYNTHETIC,RISK_PROJECT_BASELINE,Tổ hợp thương mại căn hộ Phú Mỹ,1248,3000,20260630,TC-01,SUSPENDED_PENDING_REVIEW,2026-06-30,2026-05-15,SYNTHETIC_RISK_SCENARIO
501053,TST-U01053,TST-U01053,500,501,1PN,1,1,55.51,64.85,18,MID,SW,N,OBSTRUCTED,True,0.856,8.8,False,2,0.67,15.7,NONE,False,SYNTHETIC,RISK_PROJECT_BASELINE,Tổ hợp thương mại căn hộ Phú Mỹ,1248,3000,20260630,TC-01,SUSPENDED_PENDING_REVIEW,2026-06-30,2026-05-15,SYNTHETIC_RISK_SCENARIO
501054,TST-U01054,TST-U01054,500,501,3PN,3,2,101.12,117.17,18,MID,SE,W,OBSTRUCTED,False,0.863,12.5,False,0,0.08,15.9,NONE,False,SYNTHETIC,RISK_PROJECT_BASELINE,Tổ hợp thương mại căn hộ Phú Mỹ,1248,3000,20260630,TC-01,SUSPENDED_PENDING_REVIEW,2026-06-30,2026-05-15,SYNTHETIC_RISK_SCENARIO
501055,TST-U01055,TST-U01055,500,501,2PN,2,2,66.38,79.78,18,MID,SE,E,OBSTRUCTED,False,0.832,3.0,False,1,0.21,14.8,NONE,False,SYNTHETIC,RISK_PROJECT_BASELINE,Tổ hợp thương mại căn hộ Phú Mỹ,1248,3000,20260630,TC-01,SUSPENDED_PENDING_REVIEW,2026-06-30,2026-05-15,SYNTHETIC_RISK_SCENARIO
501056,TST-U01056,TST-U01056,500,501,3PN,3,2,97.47,118.29,18,MID,SE,S,OBSTRUCTED,False,0.824,4.2,False,0,0.21,6.3,WASTE_STATION,False,SYNTHETIC,RISK_PROJECT_BASELINE,Tổ hợp thương mại căn hộ Phú Mỹ,1248,3000,20260630,TC-01,SUSPENDED_PENDING_REVIEW,2026-06-30,2026-05-15,SYNTHETIC_RISK_SCENARIO
501057,TST-U01057,TST-U01057,500,501,2PN,2,2,72.64,83.88,19,MID,NW,SE,CITY_OPEN,False,0.866,10.0,False,0,0.9,102.6,NONE,False,SYNTHETIC,RISK_PROJECT_BASELINE,Tổ hợp thương mại căn hộ Phú Mỹ,1248,3000,20260630,TC-01,SUSPENDED_PENDING_REVIEW,2026-06-30,2026-05-15,SYNTHETIC_RISK_SCENARIO
501058,TST-U01058,TST-U01058,500,501,1PN,1,1,59.02,68.07,19,MID,NW,SW,CITY_OPEN,False,0.867,15.2,False,0,0.91,82.8,NONE,False,SYNTHETIC,RISK_PROJECT_BASELINE,Tổ hợp thương mại căn hộ Phú Mỹ,1248,3000,20260630,TC-01,SUSPENDED_PENDING_REVIEW,2026-06-30,2026-05-15,SYNTHETIC_RISK_SCENARIO
501059,TST-U01059,TST-U01059,500,501,2PN,2,2,76.65,90.5,19,MID,SE,N,OBSTRUCTED,False,0.847,8.8,False,0,0.12,7.7,TEMPLE,False,SYNTHETIC,RISK_PROJECT_BASELINE,Tổ hợp thương mại căn hộ Phú Mỹ,1248,3000,20260630,TC-01,SUSPENDED_PENDING_REVIEW,2026-06-30,2026-05-15,SYNTHETIC_RISK_SCENARIO
501060,TST-U01060,TST-U01060,500,501,1PN,1,1,53.71,61.38,19,MID,SE,NW,CITY_OPEN,True,0.875,9.3,False,1,0.16,97.9,NONE,False,SYNTHETIC,RISK_PROJECT_BASELINE,Tổ hợp thương mại căn hộ Phú Mỹ,1248,3000,20260630,TC-01,SUSPENDED_PENDING_REVIEW,2026-06-30,2026-05-15,SYNTHETIC_RISK_SCENARIO
501061,TST-U01061,TST-U01061,500,501,STUDIO,1,1,39.75,48.53,19,MID,SE,NW,OBSTRUCTED,False,0.819,12.9,False,0,0.17,8.3,NONE,False,SYNTHETIC,RISK_PROJECT_BASELINE,Tổ hợp thương mại căn hộ Phú Mỹ,1248,3000,20260630,TC-01,SUSPENDED_PENDING_REVIEW,2026-06-30,2026-05-15,SYNTHETIC_RISK_SCENARIO
501062,TST-U01062,TST-U01062,500,501,3PN,3,2,113.8,136.12,19,MID,W,N,CITY_OPEN,True,0.836,6.1,True,1,0.9,46.7,NONE,False,SYNTHETIC,RISK_PROJECT_BASELINE,Tổ hợp thương mại căn hộ Phú Mỹ,1248,3000,20260630,TC-01,SUSPENDED_PENDING_REVIEW,2026-06-30,2026-05-15,SYNTHETIC_RISK_SCENARIO
501063,TST-U01063,TST-U01063,500,501,2PN,2,2,79.64,95.15,19,MID,NE,SE,OBSTRUCTED,True,0.837,5.1,False,0,0.3,8.2,NONE,False,SYNTHETIC,RISK_PROJECT_BASELINE,Tổ hợp thương mại căn hộ Phú Mỹ,1248,3000,20260630,TC-01,SUSPENDED_PENDING_REVIEW,2026-06-30,2026-05-15,SYNTHETIC_RISK_SCENARIO
501064,TST-U01064,TST-U01064,500,501,2PN,2,2,74.24,84.75,19,MID,SE,SW,CITY_OPEN,False,0.876,8.4,False,0,0.07,36.8,NONE,False,SYNTHETIC,RISK_PROJECT_BASELINE,Tổ hợp thương mại căn hộ Phú Mỹ,1248,3000,20260630,TC-01,SUSPENDED_PENDING_REVIEW,2026-06-30,2026-05-15,SYNTHETIC_RISK_SCENARIO
501065,TST-U01065,TST-U01065,500,501,3PN,3,2,99.09,113.25,19,MID,S,E,OBSTRUCTED,False,0.875,12.0,False,0,0.3,13.2,WASTE_STATION,False,SYNTHETIC,RISK_PROJECT_BASELINE,Tổ hợp thương mại căn hộ Phú Mỹ,1248,3000,20260630,TC-01,SUSPENDED_PENDING_REVIEW,2026-06-30,2026-05-15,SYNTHETIC_RISK_SCENARIO
501066,TST-U01066,TST-U01066,500,501,2PN,2,2,81.73,93.83,19,MID,S,SE,OBSTRUCTED,False,0.871,12.5,False,1,0.13,10.2,NONE,False,SYNTHETIC,RISK_PROJECT_BASELINE,Tổ hợp thương mại căn hộ Phú Mỹ,1248,3000,20260630,TC-01,SUSPENDED_PENDING_REVIEW,2026-06-30,2026-05-15,SYNTHETIC_RISK_SCENARIO
501067,TST-U01067,TST-U01067,500,501,2PN,2,2,76.82,93.57,19,MID,E,W,PARK,False,0.821,11.7,False,0,0.04,96.6,NONE,False,SYNTHETIC,RISK_PROJECT_BASELINE,Tổ hợp thương mại căn hộ Phú Mỹ,1248,3000,20260630,TC-01,SUSPENDED_PENDING_REVIEW,2026-06-30,2026-05-15,SYNTHETIC_RISK_SCENARIO
501068,TST-U01068,TST-U01068,500,501,2PN,2,2,73.7,85.5,19,MID,SW,E,OBSTRUCTED,False,0.862,13.9,False,1,0.91,8.1,NONE,False,SYNTHETIC,RISK_PROJECT_BASELINE,Tổ hợp thương mại căn hộ Phú Mỹ,1248,3000,20260630,TC-01,SUSPENDED_PENDING_REVIEW,2026-06-30,2026-05-15,SYNTHETIC_RISK_SCENARIO
501069,TST-U01069,TST-U01069,500,501,STUDIO,1,1,42.96,51.33,19,MID,SE,N,OBSTRUCTED,False,0.837,14.9,False,1,0.06,9.7,WASTE_STATION,False,SYNTHETIC,RISK_PROJECT_BASELINE,Tổ hợp thương mại căn hộ Phú Mỹ,1248,3000,20260630,TC-01,SUSPENDED_PENDING_REVIEW,2026-06-30,2026-05-15,SYNTHETIC_RISK_SCENARIO
501070,TST-U01070,TST-U01070,500,501,3PN,3,2,96.18,109.67,19,MID,E,E,POOL,False,0.877,5.6,False,1,0.11,57.4,NONE,False,SYNTHETIC,RISK_PROJECT_BASELINE,Tổ hợp thương mại căn hộ Phú Mỹ,1248,3000,20260630,TC-01,SUSPENDED_PENDING_REVIEW,2026-06-30,2026-05-15,SYNTHETIC_RISK_SCENARIO
501071,TST-U01071,TST-U01071,500,501,2PN,2,2,72.51,87.26,19,MID,N,W,PARK,False,0.831,4.6,False,0,0.18,98.3,NONE,False,SYNTHETIC,RISK_PROJECT_BASELINE,Tổ hợp thương mại căn hộ Phú Mỹ,1248,3000,20260630,TC-01,SUSPENDED_PENDING_REVIEW,2026-06-30,2026-05-15,SYNTHETIC_RISK_SCENARIO
501072,TST-U01072,TST-U01072,500,501,2PN,2,2,68.99,82.43,19,MID,N,SE,CITY_OPEN,True,0.837,11.6,False,0,0.22,106.6,NONE,False,SYNTHETIC,RISK_PROJECT_BASELINE,Tổ hợp thương mại căn hộ Phú Mỹ,1248,3000,20260630,TC-01,SUSPENDED_PENDING_REVIEW,2026-06-30,2026-05-15,SYNTHETIC_RISK_SCENARIO
501073,TST-U01073,TST-U01073,500,501,2PN,2,2,74.23,91.19,19,MID,SE,E,CITY_OPEN,False,0.814,1.9,False,2,0.05,64.6,NONE,False,SYNTHETIC,RISK_PROJECT_BASELINE,Tổ hợp thương mại căn hộ Phú Mỹ,1248,3000,20260630,TC-01,SUSPENDED_PENDING_REVIEW,2026-06-30,2026-05-15,SYNTHETIC_RISK_SCENARIO
501074,TST-U01074,TST-U01074,500,501,3PN,3,2,102.65,123.82,19,MID,N,NE,OBSTRUCTED,False,0.829,4.8,False,0,0.22,10.6,NONE,False,SYNTHETIC,RISK_PROJECT_BASELINE,Tổ hợp thương mại căn hộ Phú Mỹ,1248,3000,20260630,TC-01,SUSPENDED_PENDING_REVIEW,2026-06-30,2026-05-15,SYNTHETIC_RISK_SCENARIO
501075,TST-U01075,TST-U01075,500,501,3PN,3,2,97.64,120.84,19,MID,SE,NE,CITY_OPEN,True,0.808,2.4,False,0,0.09,98.5,CEMETERY,False,SYNTHETIC,RISK_PROJECT_BASELINE,Tổ hợp thương mại căn hộ Phú Mỹ,1248,3000,20260630,TC-01,SUSPENDED_PENDING_REVIEW,2026-06-30,2026-05-15,SYNTHETIC_RISK_SCENARIO
501076,TST-U01076,TST-U01076,500,501,2PN,2,2,70.59,86.19,19,MID,N,SW,POOL,True,0.819,6.2,False,2,0.23,90.3,NONE,False,SYNTHETIC,RISK_PROJECT_BASELINE,Tổ hợp thương mại căn hộ Phú Mỹ,1248,3000,20260630,TC-01,SUSPENDED_PENDING_REVIEW,2026-06-30,2026-05-15,SYNTHETIC_RISK_SCENARIO
501077,TST-U01077,TST-U01077,500,501,2PN,2,2,69.69,78.92,19,MID,NW,NW,POOL,False,0.883,15.4,False,0,0.58,44.7,NONE,False,SYNTHETIC,RISK_PROJECT_BASELINE,Tổ hợp thương mại căn hộ Phú Mỹ,1248,3000,20260630,TC-01,SUSPENDED_PENDING_REVIEW,2026-06-30,2026-05-15,SYNTHETIC_RISK_SCENARIO
501078,TST-U01078,TST-U01078,500,501,3PN,3,2,111.99,139.64,19,MID,SE,S,OBSTRUCTED,False,0.802,2.8,True,1,0.28,8.0,NONE,False,SYNTHETIC,RISK_PROJECT_BASELINE,Tổ hợp thương mại căn hộ Phú Mỹ,1248,3000,20260630,TC-01,SUSPENDED_PENDING_REVIEW,2026-06-30,2026-05-15,SYNTHETIC_RISK_SCENARIO
501079,TST-U01079,TST-U01079,500,501,2PN,2,2,78.8,90.78,19,MID,NW,SW,PARK,False,0.868,11.3,False,0,0.55,92.7,NONE,False,SYNTHETIC,RISK_PROJECT_BASELINE,Tổ hợp thương mại căn hộ Phú Mỹ,1248,3000,20260630,TC-01,SUSPENDED_PENDING_REVIEW,2026-06-30,2026-05-15,SYNTHETIC_RISK_SCENARIO
501080,TST-U01080,TST-U01080,500,501,3PN,3,2,101.62,117.48,19,MID,W,NE,CITY_OPEN,False,0.865,11.6,False,1,0.71,58.7,NONE,False,SYNTHETIC,RISK_PROJECT_BASELINE,Tổ hợp thương mại căn hộ Phú Mỹ,1248,3000,20260630,TC-01,SUSPENDED_PENDING_REVIEW,2026-06-30,2026-05-15,SYNTHETIC_RISK_SCENARIO
501081,TST-U01081,TST-U01081,500,501,STUDIO,1,1,43.31,52.12,19,MID,SW,SW,CITY_OPEN,False,0.831,3.8,False,0,0.52,42.6,NONE,False,SYNTHETIC,RISK_PROJECT_BASELINE,Tổ hợp thương mại căn hộ Phú Mỹ,1248,3000,20260630,TC-01,SUSPENDED_PENDING_REVIEW,2026-06-30,2026-05-15,SYNTHETIC_RISK_SCENARIO
501082,TST-U01082,TST-U01082,500,501,STUDIO,1,1,40.82,46.02,19,MID,E,S,OBSTRUCTED,True,0.887,5.9,False,0,0.26,10.8,NONE,False,SYNTHETIC,RISK_PROJECT_BASELINE,Tổ hợp thương mại căn hộ Phú Mỹ,1248,3000,20260630,TC-01,SUSPENDED_PENDING_REVIEW,2026-06-30,2026-05-15,SYNTHETIC_RISK_SCENARIO
501083,TST-U01083,TST-U01083,500,501,2PN,2,2,72.74,83.9,19,MID,W,S,PARK,False,0.867,14.7,False,0,0.53,61.4,NONE,False,SYNTHETIC,RISK_PROJECT_BASELINE,Tổ hợp thương mại căn hộ Phú Mỹ,1248,3000,20260630,TC-01,SUSPENDED_PENDING_REVIEW,2026-06-30,2026-05-15,SYNTHETIC_RISK_SCENARIO
501084,TST-U01084,TST-U01084,500,501,2PN,2,2,66.89,80.79,19,MID,E,W,OBSTRUCTED,False,0.828,4.2,False,0,0.05,17.6,NONE,False,SYNTHETIC,RISK_PROJECT_BASELINE,Tổ hợp thương mại căn hộ Phú Mỹ,1248,3000,20260630,TC-01,SUSPENDED_PENDING_REVIEW,2026-06-30,2026-05-15,SYNTHETIC_RISK_SCENARIO
501085,TST-U01085,TST-U01085,500,501,2PN,2,2,65.82,80.46,19,MID,SE,SE,CITY_OPEN,False,0.818,3.1,False,0,0.06,73.7,TEMPLE,False,SYNTHETIC,RISK_PROJECT_BASELINE,Tổ hợp thương mại căn hộ Phú Mỹ,1248,3000,20260630,TC-01,SUSPENDED_PENDING_REVIEW,2026-06-30,2026-05-15,SYNTHETIC_RISK_SCENARIO
501086,TST-U01086,TST-U01086,500,501,2PN,2,2,71.48,82.45,19,MID,SE,E,CITY_OPEN,False,0.867,7.4,False,0,0.16,83.8,NONE,False,SYNTHETIC,RISK_PROJECT_BASELINE,Tổ hợp thương mại căn hộ Phú Mỹ,1248,3000,20260630,TC-01,SUSPENDED_PENDING_REVIEW,2026-06-30,2026-05-15,SYNTHETIC_RISK_SCENARIO
501087,TST-U01087,TST-U01087,500,501,1PN,1,1,54.92,67.06,19,MID,SW,N,OBSTRUCTED,True,0.819,3.6,False,0,0.68,10.5,NONE,False,SYNTHETIC,RISK_PROJECT_BASELINE,Tổ hợp thương mại căn hộ Phú Mỹ,1248,3000,20260630,TC-01,SUSPENDED_PENDING_REVIEW,2026-06-30,2026-05-15,SYNTHETIC_RISK_SCENARIO
501088,TST-U01088,TST-U01088,500,501,1PN,1,1,54.19,65.61,19,MID,W,S,OBSTRUCTED,False,0.826,13.6,False,0,0.7,9.6,NONE,False,SYNTHETIC,RISK_PROJECT_BASELINE,Tổ hợp thương mại căn hộ Phú Mỹ,1248,3000,20260630,TC-01,SUSPENDED_PENDING_REVIEW,2026-06-30,2026-05-15,SYNTHETIC_RISK_SCENARIO
501089,TST-U01089,TST-U01089,500,501,STUDIO,1,1,45.14,51.01,19,MID,NW,W,OBSTRUCTED,False,0.885,2.8,False,0,0.73,6.4,NONE,False,SYNTHETIC,RISK_PROJECT_BASELINE,Tổ hợp thương mại căn hộ Phú Mỹ,1248,3000,20260630,TC-01,SUSPENDED_PENDING_REVIEW,2026-06-30,2026-05-15,SYNTHETIC_RISK_SCENARIO
501090,TST-U01090,TST-U01090,500,501,3PN,3,2,98.84,120.98,19,MID,NW,S,POOL,False,0.817,1.4,False,2,0.92,70.7,NONE,False,SYNTHETIC,RISK_PROJECT_BASELINE,Tổ hợp thương mại căn hộ Phú Mỹ,1248,3000,20260630,TC-01,SUSPENDED_PENDING_REVIEW,2026-06-30,2026-05-15,SYNTHETIC_RISK_SCENARIO
501091,TST-U01091,TST-U01091,500,501,3PN,3,2,116.37,138.21,19,MID,N,S,OBSTRUCTED,False,0.842,14.3,False,0,0.18,16.2,NONE,False,SYNTHETIC,RISK_PROJECT_BASELINE,Tổ hợp thương mại căn hộ Phú Mỹ,1248,3000,20260630,TC-01,SUSPENDED_PENDING_REVIEW,2026-06-30,2026-05-15,SYNTHETIC_RISK_SCENARIO
501092,TST-U01092,TST-U01092,500,501,3PN,3,2,109.21,129.55,19,MID,S,SE,OBSTRUCTED,False,0.843,14.9,False,1,0.18,7.8,TEMPLE,False,SYNTHETIC,RISK_PROJECT_BASELINE,Tổ hợp thương mại căn hộ Phú Mỹ,1248,3000,20260630,TC-01,SUSPENDED_PENDING_REVIEW,2026-06-30,2026-05-15,SYNTHETIC_RISK_SCENARIO
501093,TST-U01093,TST-U01093,500,501,3PN,3,2,97.96,121.09,19,MID,E,SW,CITY_OPEN,False,0.809,13.4,False,1,0.22,79.5,NONE,False,SYNTHETIC,RISK_PROJECT_BASELINE,Tổ hợp thương mại căn hộ Phú Mỹ,1248,3000,20260630,TC-01,SUSPENDED_PENDING_REVIEW,2026-06-30,2026-05-15,SYNTHETIC_RISK_SCENARIO
501094,TST-U01094,TST-U01094,500,501,2PN,2,2,62.51,75.4,19,MID,SE,N,OBSTRUCTED,False,0.829,10.4,False,0,0.23,6.6,NONE,False,SYNTHETIC,RISK_PROJECT_BASELINE,Tổ hợp thương mại căn hộ Phú Mỹ,1248,3000,20260630,TC-01,SUSPENDED_PENDING_REVIEW,2026-06-30,2026-05-15,SYNTHETIC_RISK_SCENARIO
501095,TST-U01095,TST-U01095,500,501,1PN,1,1,52.45,64.67,19,MID,S,SE,POOL,False,0.811,13.1,False,0,0.28,90.5,NONE,False,SYNTHETIC,RISK_PROJECT_BASELINE,Tổ hợp thương mại căn hộ Phú Mỹ,1248,3000,20260630,TC-01,SUSPENDED_PENDING_REVIEW,2026-06-30,2026-05-15,SYNTHETIC_RISK_SCENARIO
501096,TST-U01096,TST-U01096,500,501,2PN,2,2,74.32,92.21,19,MID,E,SE,OBSTRUCTED,False,0.806,11.6,False,1,0.02,7.1,NONE,False,SYNTHETIC,RISK_PROJECT_BASELINE,Tổ hợp thương mại căn hộ Phú Mỹ,1248,3000,20260630,TC-01,SUSPENDED_PENDING_REVIEW,2026-06-30,2026-05-15,SYNTHETIC_RISK_SCENARIO
501097,TST-U01097,TST-U01097,500,501,2PN,2,2,75.07,90.99,19,MID,SE,S,CITY_OPEN,False,0.825,1.9,False,0,0.02,90.6,NONE,False,SYNTHETIC,RISK_PROJECT_BASELINE,Tổ hợp thương mại căn hộ Phú Mỹ,1248,3000,20260630,TC-01,SUSPENDED_PENDING_REVIEW,2026-06-30,2026-05-15,SYNTHETIC_RISK_SCENARIO
501098,TST-U01098,TST-U01098,500,501,3PN,3,2,99.68,113.27,19,MID,W,SE,OBSTRUCTED,False,0.88,1.6,False,1,0.75,15.2,NONE,False,SYNTHETIC,RISK_PROJECT_BASELINE,Tổ hợp thương mại căn hộ Phú Mỹ,1248,3000,20260630,TC-01,SUSPENDED_PENDING_REVIEW,2026-06-30,2026-05-15,SYNTHETIC_RISK_SCENARIO
501099,TST-U01099,TST-U01099,500,501,2PN,2,2,78.52,89.23,19,MID,E,W,CITY_OPEN,False,0.88,3.6,False,2,0.25,52.4,NONE,False,SYNTHETIC,RISK_PROJECT_BASELINE,Tổ hợp thương mại căn hộ Phú Mỹ,1248,3000,20260630,TC-01,SUSPENDED_PENDING_REVIEW,2026-06-30,2026-05-15,SYNTHETIC_RISK_SCENARIO
501100,TST-U01100,TST-U01100,500,501,1PN,1,1,54.1,67.04,19,MID,SE,E,CITY_OPEN,True,0.807,2.7,True,0,0.27,41.8,NONE,False,SYNTHETIC,RISK_PROJECT_BASELINE,Tổ hợp thương mại căn hộ Phú Mỹ,1248,3000,20260630,TC-01,SUSPENDED_PENDING_REVIEW,2026-06-30,2026-05-15,SYNTHETIC_RISK_SCENARIO
501101,TST-U01101,TST-U01101,500,501,1PN,1,1,51.39,63.21,19,MID,N,NE,POOL,False,0.813,14.3,True,1,0.03,108.3,NONE,False,SYNTHETIC,RISK_PROJECT_BASELINE,Tổ hợp thương mại căn hộ Phú Mỹ,1248,3000,20260630,TC-01,SUSPENDED_PENDING_REVIEW,2026-06-30,2026-05-15,SYNTHETIC_RISK_SCENARIO
501102,TST-U01102,TST-U01102,500,501,2PN,2,2,82.04,96.86,19,MID,W,NW,CITY_OPEN,True,0.847,9.1,False,0,0.55,45.0,NONE,False,SYNTHETIC,RISK_PROJECT_BASELINE,Tổ hợp thương mại căn hộ Phú Mỹ,1248,3000,20260630,TC-01,SUSPENDED_PENDING_REVIEW,2026-06-30,2026-05-15,SYNTHETIC_RISK_SCENARIO
501103,TST-U01103,TST-U01103,500,501,3PN,3,2,109.76,132.88,19,MID,S,N,OBSTRUCTED,False,0.826,7.5,False,0,0.1,15.0,NONE,False,SYNTHETIC,RISK_PROJECT_BASELINE,Tổ hợp thương mại căn hộ Phú Mỹ,1248,3000,20260630,TC-01,SUSPENDED_PENDING_REVIEW,2026-06-30,2026-05-15,SYNTHETIC_RISK_SCENARIO
501104,TST-U01104,TST-U01104,500,501,1PN,1,1,58.45,66.72,19,MID,S,S,OBSTRUCTED,False,0.876,5.8,True,0,0.24,13.8,NONE,False,SYNTHETIC,RISK_PROJECT_BASELINE,Tổ hợp thương mại căn hộ Phú Mỹ,1248,3000,20260630,TC-01,SUSPENDED_PENDING_REVIEW,2026-06-30,2026-05-15,SYNTHETIC_RISK_SCENARIO
501105,TST-U01105,TST-U01105,500,501,1PN,1,1,52.39,59.47,19,MID,SE,N,OBSTRUCTED,False,0.881,6.4,False,1,0.3,12.0,NONE,False,SYNTHETIC,RISK_PROJECT_BASELINE,Tổ hợp thương mại căn hộ Phú Mỹ,1248,3000,20260630,TC-01,SUSPENDED_PENDING_REVIEW,2026-06-30,2026-05-15,SYNTHETIC_RISK_SCENARIO
501106,TST-U01106,TST-U01106,500,501,2PN,2,2,76.13,91.61,19,MID,SE,NW,OBSTRUCTED,False,0.831,7.7,False,0,0.03,15.5,NONE,False,SYNTHETIC,RISK_PROJECT_BASELINE,Tổ hợp thương mại căn hộ Phú Mỹ,1248,3000,20260630,TC-01,SUSPENDED_PENDING_REVIEW,2026-06-30,2026-05-15,SYNTHETIC_RISK_SCENARIO
501107,TST-U01107,TST-U01107,500,501,3PN,3,2,100.45,123.1,19,MID,SW,E,OBSTRUCTED,False,0.816,13.1,False,0,0.76,14.3,NONE,False,SYNTHETIC,RISK_PROJECT_BASELINE,Tổ hợp thương mại căn hộ Phú Mỹ,1248,3000,20260630,TC-01,SUSPENDED_PENDING_REVIEW,2026-06-30,2026-05-15,SYNTHETIC_RISK_SCENARIO
501108,TST-U01108,TST-U01108,500,501,1PN,1,1,52.62,62.35,19,MID,SW,NE,OBSTRUCTED,False,0.844,4.6,False,1,0.78,13.3,NONE,False,SYNTHETIC,RISK_PROJECT_BASELINE,Tổ hợp thương mại căn hộ Phú Mỹ,1248,3000,20260630,TC-01,SUSPENDED_PENDING_REVIEW,2026-06-30,2026-05-15,SYNTHETIC_RISK_SCENARIO
501109,TST-U01109,TST-U01109,500,501,1PN,1,1,51.49,63.96,19,MID,NE,S,OBSTRUCTED,False,0.805,3.5,False,0,0.26,7.9,NONE,False,SYNTHETIC,RISK_PROJECT_BASELINE,Tổ hợp thương mại căn hộ Phú Mỹ,1248,3000,20260630,TC-01,SUSPENDED_PENDING_REVIEW,2026-06-30,2026-05-15,SYNTHETIC_RISK_SCENARIO
501110,TST-U01110,TST-U01110,500,501,2PN,2,2,81.61,100.63,19,MID,NW,SW,OBSTRUCTED,False,0.811,2.3,False,1,0.55,7.1,NONE,False,SYNTHETIC,RISK_PROJECT_BASELINE,Tổ hợp thương mại căn hộ Phú Mỹ,1248,3000,20260630,TC-01,SUSPENDED_PENDING_REVIEW,2026-06-30,2026-05-15,SYNTHETIC_RISK_SCENARIO
501111,TST-U01111,TST-U01111,500,501,STUDIO,1,1,41.32,48.9,19,MID,NE,S,POOL,False,0.845,13.7,False,0,0.29,92.2,NONE,False,SYNTHETIC,RISK_PROJECT_BASELINE,Tổ hợp thương mại căn hộ Phú Mỹ,1248,3000,20260630,TC-01,SUSPENDED_PENDING_REVIEW,2026-06-30,2026-05-15,SYNTHETIC_RISK_SCENARIO
501112,TST-U01112,TST-U01112,500,501,1PN,1,1,56.73,66.58,19,MID,SW,SW,CITY_OPEN,False,0.852,10.3,False,0,0.69,75.7,WASTE_STATION,False,SYNTHETIC,RISK_PROJECT_BASELINE,Tổ hợp thương mại căn hộ Phú Mỹ,1248,3000,20260630,TC-01,SUSPENDED_PENDING_REVIEW,2026-06-30,2026-05-15,SYNTHETIC_RISK_SCENARIO
501113,TST-U01113,TST-U01113,500,501,1PN,1,1,59.2,69.98,19,MID,NW,S,CITY_OPEN,False,0.846,7.2,False,0,0.73,33.7,NONE,False,SYNTHETIC,RISK_PROJECT_BASELINE,Tổ hợp thương mại căn hộ Phú Mỹ,1248,3000,20260630,TC-01,SUSPENDED_PENDING_REVIEW,2026-06-30,2026-05-15,SYNTHETIC_RISK_SCENARIO
501114,TST-U01114,TST-U01114,500,501,3PN,3,2,102.83,117.12,19,MID,NW,SE,OBSTRUCTED,False,0.878,2.1,False,0,0.65,13.6,NONE,False,SYNTHETIC,RISK_PROJECT_BASELINE,Tổ hợp thương mại căn hộ Phú Mỹ,1248,3000,20260630,TC-01,SUSPENDED_PENDING_REVIEW,2026-06-30,2026-05-15,SYNTHETIC_RISK_SCENARIO
501115,TST-U01115,TST-U01115,500,501,STUDIO,1,1,43.84,52.82,19,MID,E,E,OBSTRUCTED,False,0.83,2.5,False,0,0.14,8.1,NONE,False,SYNTHETIC,RISK_PROJECT_BASELINE,Tổ hợp thương mại căn hộ Phú Mỹ,1248,3000,20260630,TC-01,SUSPENDED_PENDING_REVIEW,2026-06-30,2026-05-15,SYNTHETIC_RISK_SCENARIO
501116,TST-U01116,TST-U01116,500,501,3PN,3,2,96.67,114.13,19,MID,SE,NE,OBSTRUCTED,False,0.847,1.3,False,1,0.23,17.8,NONE,False,SYNTHETIC,RISK_PROJECT_BASELINE,Tổ hợp thương mại căn hộ Phú Mỹ,1248,3000,20260630,TC-01,SUSPENDED_PENDING_REVIEW,2026-06-30,2026-05-15,SYNTHETIC_RISK_SCENARIO
501117,TST-U01117,TST-U01117,500,501,1PN,1,1,53.28,63.35,19,MID,S,SW,OBSTRUCTED,False,0.841,2.4,True,2,0.28,16.2,NONE,False,SYNTHETIC,RISK_PROJECT_BASELINE,Tổ hợp thương mại căn hộ Phú Mỹ,1248,3000,20260630,TC-01,SUSPENDED_PENDING_REVIEW,2026-06-30,2026-05-15,SYNTHETIC_RISK_SCENARIO
501118,TST-U01118,TST-U01118,500,501,2PN,2,2,70.89,88.39,19,MID,W,SW,CITY_OPEN,False,0.802,6.2,False,1,0.89,61.7,NONE,False,SYNTHETIC,RISK_PROJECT_BASELINE,Tổ hợp thương mại căn hộ Phú Mỹ,1248,3000,20260630,TC-01,SUSPENDED_PENDING_REVIEW,2026-06-30,2026-05-15,SYNTHETIC_RISK_SCENARIO
501119,TST-U01119,TST-U01119,500,501,2PN,2,2,78.66,92.87,19,MID,E,SW,CITY_OPEN,True,0.847,12.4,True,1,0.03,31.0,NONE,False,SYNTHETIC,RISK_PROJECT_BASELINE,Tổ hợp thương mại căn hộ Phú Mỹ,1248,3000,20260630,TC-01,SUSPENDED_PENDING_REVIEW,2026-06-30,2026-05-15,SYNTHETIC_RISK_SCENARIO
501120,TST-U01120,TST-U01120,500,501,1PN,1,1,59.0,71.86,19,MID,N,S,CITY_OPEN,False,0.821,10.1,False,0,0.2,70.0,NONE,False,SYNTHETIC,RISK_PROJECT_BASELINE,Tổ hợp thương mại căn hộ Phú Mỹ,1248,3000,20260630,TC-01,SUSPENDED_PENDING_REVIEW,2026-06-30,2026-05-15,SYNTHETIC_RISK_SCENARIO
501121,TST-U01121,TST-U01121,500,501,2PN,2,2,84.43,105.01,19,MID,E,NW,OBSTRUCTED,False,0.804,1.8,False,0,0.15,18.0,NONE,False,SYNTHETIC,RISK_PROJECT_BASELINE,Tổ hợp thương mại căn hộ Phú Mỹ,1248,3000,20260630,TC-01,SUSPENDED_PENDING_REVIEW,2026-06-30,2026-05-15,SYNTHETIC_RISK_SCENARIO
501122,TST-U01122,TST-U01122,500,501,1PN,1,1,51.72,63.07,19,MID,E,E,PARK,False,0.82,12.1,False,0,0.14,96.7,NONE,False,SYNTHETIC,RISK_PROJECT_BASELINE,Tổ hợp thương mại căn hộ Phú Mỹ,1248,3000,20260630,TC-01,SUSPENDED_PENDING_REVIEW,2026-06-30,2026-05-15,SYNTHETIC_RISK_SCENARIO
501123,TST-U01123,TST-U01123,500,501,2PN,2,2,81.77,92.71,20,MID,SE,NE,CITY_OPEN,False,0.882,15.2,False,0,0.22,86.2,NONE,False,SYNTHETIC,RISK_PROJECT_BASELINE,Tổ hợp thương mại căn hộ Phú Mỹ,1248,3000,20260630,TC-01,SUSPENDED_PENDING_REVIEW,2026-06-30,2026-05-15,SYNTHETIC_RISK_SCENARIO
501124,TST-U01124,TST-U01124,500,501,3PN,3,2,106.85,127.51,20,MID,SW,SW,CITY_OPEN,False,0.838,8.6,False,0,0.89,61.7,NONE,False,SYNTHETIC,RISK_PROJECT_BASELINE,Tổ hợp thương mại căn hộ Phú Mỹ,1248,3000,20260630,TC-01,SUSPENDED_PENDING_REVIEW,2026-06-30,2026-05-15,SYNTHETIC_RISK_SCENARIO
501125,TST-U01125,TST-U01125,500,501,2PN,2,2,78.72,89.76,20,MID,NE,NE,CITY_OPEN,True,0.877,6.8,False,0,0.11,56.3,NONE,False,SYNTHETIC,RISK_PROJECT_BASELINE,Tổ hợp thương mại căn hộ Phú Mỹ,1248,3000,20260630,TC-01,SUSPENDED_PENDING_REVIEW,2026-06-30,2026-05-15,SYNTHETIC_RISK_SCENARIO
501126,TST-U01126,TST-U01126,500,501,3PN,3,2,97.61,116.62,20,MID,SE,E,OBSTRUCTED,True,0.837,14.3,False,0,0.09,17.5,NONE,False,SYNTHETIC,RISK_PROJECT_BASELINE,Tổ hợp thương mại căn hộ Phú Mỹ,1248,3000,20260630,TC-01,SUSPENDED_PENDING_REVIEW,2026-06-30,2026-05-15,SYNTHETIC_RISK_SCENARIO
501127,TST-U01127,TST-U01127,500,501,1PN,1,1,54.08,65.39,20,MID,SW,NE,CITY_OPEN,True,0.827,3.3,True,0,0.82,108.7,TEMPLE,False,SYNTHETIC,RISK_PROJECT_BASELINE,Tổ hợp thương mại căn hộ Phú Mỹ,1248,3000,20260630,TC-01,SUSPENDED_PENDING_REVIEW,2026-06-30,2026-05-15,SYNTHETIC_RISK_SCENARIO
501128,TST-U01128,TST-U01128,500,501,2PN,2,2,79.18,91.01,20,MID,NE,NE,CITY_OPEN,False,0.87,2.6,False,0,0.09,50.3,NONE,False,SYNTHETIC,RISK_PROJECT_BASELINE,Tổ hợp thương mại căn hộ Phú Mỹ,1248,3000,20260630,TC-01,SUSPENDED_PENDING_REVIEW,2026-06-30,2026-05-15,SYNTHETIC_RISK_SCENARIO
501129,TST-U01129,TST-U01129,500,501,2PN,2,2,75.78,89.15,20,MID,W,NE,CITY_OPEN,False,0.85,1.7,False,0,0.75,73.3,WASTE_STATION,False,SYNTHETIC,RISK_PROJECT_BASELINE,Tổ hợp thương mại căn hộ Phú Mỹ,1248,3000,20260630,TC-01,SUSPENDED_PENDING_REVIEW,2026-06-30,2026-05-15,SYNTHETIC_RISK_SCENARIO
501130,TST-U01130,TST-U01130,500,501,2PN,2,2,74.02,88.65,20,MID,W,E,OBSTRUCTED,True,0.835,6.1,False,0,0.78,6.4,NONE,False,SYNTHETIC,RISK_PROJECT_BASELINE,Tổ hợp thương mại căn hộ Phú Mỹ,1248,3000,20260630,TC-01,SUSPENDED_PENDING_REVIEW,2026-06-30,2026-05-15,SYNTHETIC_RISK_SCENARIO
501131,TST-U01131,TST-U01131,500,501,1PN,1,1,60.83,69.28,20,MID,N,N,CITY_OPEN,False,0.878,6.4,False,0,0.24,102.7,NONE,False,SYNTHETIC,RISK_PROJECT_BASELINE,Tổ hợp thương mại căn hộ Phú Mỹ,1248,3000,20260630,TC-01,SUSPENDED_PENDING_REVIEW,2026-06-30,2026-05-15,SYNTHETIC_RISK_SCENARIO
501132,TST-U01132,TST-U01132,500,501,2PN,2,2,71.51,85.33,20,MID,SE,E,OBSTRUCTED,False,0.838,6.2,False,2,0.05,7.9,NONE,False,SYNTHETIC,RISK_PROJECT_BASELINE,Tổ hợp thương mại căn hộ Phú Mỹ,1248,3000,20260630,TC-01,SUSPENDED_PENDING_REVIEW,2026-06-30,2026-05-15,SYNTHETIC_RISK_SCENARIO
501133,TST-U01133,TST-U01133,500,501,3PN,3,2,105.59,129.72,20,MID,SW,W,PARK,False,0.814,3.2,True,0,0.72,96.8,NONE,False,SYNTHETIC,RISK_PROJECT_BASELINE,Tổ hợp thương mại căn hộ Phú Mỹ,1248,3000,20260630,TC-01,SUSPENDED_PENDING_REVIEW,2026-06-30,2026-05-15,SYNTHETIC_RISK_SCENARIO
501134,TST-U01134,TST-U01134,500,501,2PN,2,2,73.88,86.61,20,MID,W,NW,OBSTRUCTED,False,0.853,2.8,True,1,0.74,7.5,NONE,False,SYNTHETIC,RISK_PROJECT_BASELINE,Tổ hợp thương mại căn hộ Phú Mỹ,1248,3000,20260630,TC-01,SUSPENDED_PENDING_REVIEW,2026-06-30,2026-05-15,SYNTHETIC_RISK_SCENARIO
501135,TST-U01135,TST-U01135,500,501,1PN,1,1,51.18,57.51,20,MID,SW,NE,OBSTRUCTED,False,0.89,13.0,False,1,0.56,17.1,NONE,False,SYNTHETIC,RISK_PROJECT_BASELINE,Tổ hợp thương mại căn hộ Phú Mỹ,1248,3000,20260630,TC-01,SUSPENDED_PENDING_REVIEW,2026-06-30,2026-05-15,SYNTHETIC_RISK_SCENARIO
501136,TST-U01136,TST-U01136,500,501,1PN,1,1,60.11,71.73,20,MID,SE,N,PARK,False,0.838,10.3,False,0,0.02,78.7,NONE,False,SYNTHETIC,RISK_PROJECT_BASELINE,Tổ hợp thương mại căn hộ Phú Mỹ,1248,3000,20260630,TC-01,SUSPENDED_PENDING_REVIEW,2026-06-30,2026-05-15,SYNTHETIC_RISK_SCENARIO
501137,TST-U01137,TST-U01137,500,501,3PN,3,2,97.03,111.15,20,MID,NE,N,OBSTRUCTED,False,0.873,12.2,True,0,0.28,6.2,NONE,False,SYNTHETIC,RISK_PROJECT_BASELINE,Tổ hợp thương mại căn hộ Phú Mỹ,1248,3000,20260630,TC-01,SUSPENDED_PENDING_REVIEW,2026-06-30,2026-05-15,SYNTHETIC_RISK_SCENARIO
501138,TST-U01138,TST-U01138,500,501,1PN,1,1,52.66,60.74,20,MID,W,N,POOL,False,0.867,2.0,False,0,0.84,38.8,WASTE_STATION,False,SYNTHETIC,RISK_PROJECT_BASELINE,Tổ hợp thương mại căn hộ Phú Mỹ,1248,3000,20260630,TC-01,SUSPENDED_PENDING_REVIEW,2026-06-30,2026-05-15,SYNTHETIC_RISK_SCENARIO
501139,TST-U01139,TST-U01139,500,501,2PN,2,2,70.61,79.79,20,MID,W,NW,OBSTRUCTED,True,0.885,1.7,False,0,0.76,6.7,NONE,False,SYNTHETIC,RISK_PROJECT_BASELINE,Tổ hợp thương mại căn hộ Phú Mỹ,1248,3000,20260630,TC-01,SUSPENDED_PENDING_REVIEW,2026-06-30,2026-05-15,SYNTHETIC_RISK_SCENARIO
501140,TST-U01140,TST-U01140,500,501,1PN,1,1,53.26,62.88,20,MID,W,NE,CITY_OPEN,False,0.847,6.6,False,0,0.68,88.0,NONE,False,SYNTHETIC,RISK_PROJECT_BASELINE,Tổ hợp thương mại căn hộ Phú Mỹ,1248,3000,20260630,TC-01,SUSPENDED_PENDING_REVIEW,2026-06-30,2026-05-15,SYNTHETIC_RISK_SCENARIO
501141,TST-U01141,TST-U01141,500,501,STUDIO,1,1,45.28,51.87,20,MID,S,W,OBSTRUCTED,False,0.873,9.6,False,1,0.21,17.8,NONE,False,SYNTHETIC,RISK_PROJECT_BASELINE,Tổ hợp thương mại căn hộ Phú Mỹ,1248,3000,20260630,TC-01,SUSPENDED_PENDING_REVIEW,2026-06-30,2026-05-15,SYNTHETIC_RISK_SCENARIO
501142,TST-U01142,TST-U01142,500,501,2PN,2,2,81.15,100.19,20,MID,SE,E,OBSTRUCTED,False,0.81,5.5,False,0,0.25,8.7,NONE,False,SYNTHETIC,RISK_PROJECT_BASELINE,Tổ hợp thương mại căn hộ Phú Mỹ,1248,3000,20260630,TC-01,SUSPENDED_PENDING_REVIEW,2026-06-30,2026-05-15,SYNTHETIC_RISK_SCENARIO
501143,TST-U01143,TST-U01143,500,501,3PN,3,2,105.34,124.52,20,MID,S,S,OBSTRUCTED,False,0.846,10.2,False,0,0.29,14.4,NONE,False,SYNTHETIC,RISK_PROJECT_BASELINE,Tổ hợp thương mại căn hộ Phú Mỹ,1248,3000,20260630,TC-01,SUSPENDED_PENDING_REVIEW,2026-06-30,2026-05-15,SYNTHETIC_RISK_SCENARIO
501144,TST-U01144,TST-U01144,500,501,2PN,2,2,74.24,84.56,20,MID,SE,W,OBSTRUCTED,True,0.878,15.2,False,0,0.09,11.1,NONE,False,SYNTHETIC,RISK_PROJECT_BASELINE,Tổ hợp thương mại căn hộ Phú Mỹ,1248,3000,20260630,TC-01,SUSPENDED_PENDING_REVIEW,2026-06-30,2026-05-15,SYNTHETIC_RISK_SCENARIO
501145,TST-U01145,TST-U01145,500,501,2PN,2,2,76.09,86.86,20,MID,SE,E,CITY_OPEN,False,0.876,15.7,False,0,0.28,38.5,NONE,False,SYNTHETIC,RISK_PROJECT_BASELINE,Tổ hợp thương mại căn hộ Phú Mỹ,1248,3000,20260630,TC-01,SUSPENDED_PENDING_REVIEW,2026-06-30,2026-05-15,SYNTHETIC_RISK_SCENARIO
501146,TST-U01146,TST-U01146,500,501,3PN,3,2,101.67,125.36,20,MID,S,NE,PARK,False,0.811,4.6,False,0,0.29,100.0,NONE,False,SYNTHETIC,RISK_PROJECT_BASELINE,Tổ hợp thương mại căn hộ Phú Mỹ,1248,3000,20260630,TC-01,SUSPENDED_PENDING_REVIEW,2026-06-30,2026-05-15,SYNTHETIC_RISK_SCENARIO
501147,TST-U01147,TST-U01147,500,501,2PN,2,2,72.75,86.92,20,MID,SE,E,CITY_OPEN,False,0.837,5.1,False,0,0.09,85.8,NONE,False,SYNTHETIC,RISK_PROJECT_BASELINE,Tổ hợp thương mại căn hộ Phú Mỹ,1248,3000,20260630,TC-01,SUSPENDED_PENDING_REVIEW,2026-06-30,2026-05-15,SYNTHETIC_RISK_SCENARIO
501148,TST-U01148,TST-U01148,500,501,STUDIO,1,1,39.62,45.96,20,MID,S,E,OBSTRUCTED,False,0.862,6.6,False,0,0.12,9.4,NONE,False,SYNTHETIC,RISK_PROJECT_BASELINE,Tổ hợp thương mại căn hộ Phú Mỹ,1248,3000,20260630,TC-01,SUSPENDED_PENDING_REVIEW,2026-06-30,2026-05-15,SYNTHETIC_RISK_SCENARIO
501149,TST-U01149,TST-U01149,500,501,2PN,2,2,70.12,87.43,20,MID,N,E,OBSTRUCTED,False,0.802,5.5,False,0,0.05,14.9,NONE,False,SYNTHETIC,RISK_PROJECT_BASELINE,Tổ hợp thương mại căn hộ Phú Mỹ,1248,3000,20260630,TC-01,SUSPENDED_PENDING_REVIEW,2026-06-30,2026-05-15,SYNTHETIC_RISK_SCENARIO
501150,TST-U01150,TST-U01150,500,501,STUDIO,1,1,42.77,48.49,20,MID,SE,NW,CITY_OPEN,False,0.882,11.0,False,0,0.26,76.6,NONE,False,SYNTHETIC,RISK_PROJECT_BASELINE,Tổ hợp thương mại căn hộ Phú Mỹ,1248,3000,20260630,TC-01,SUSPENDED_PENDING_REVIEW,2026-06-30,2026-05-15,SYNTHETIC_RISK_SCENARIO
501151,TST-U01151,TST-U01151,500,501,2PN,2,2,78.97,88.83,20,MID,NE,W,OBSTRUCTED,False,0.889,1.3,False,0,0.32,17.4,NONE,False,SYNTHETIC,RISK_PROJECT_BASELINE,Tổ hợp thương mại căn hộ Phú Mỹ,1248,3000,20260630,TC-01,SUSPENDED_PENDING_REVIEW,2026-06-30,2026-05-15,SYNTHETIC_RISK_SCENARIO
501152,TST-U01152,TST-U01152,500,501,2PN,2,2,81.84,99.68,20,MID,E,S,POOL,True,0.821,3.1,False,0,0.2,64.8,NONE,False,SYNTHETIC,RISK_PROJECT_BASELINE,Tổ hợp thương mại căn hộ Phú Mỹ,1248,3000,20260630,TC-01,SUSPENDED_PENDING_REVIEW,2026-06-30,2026-05-15,SYNTHETIC_RISK_SCENARIO
501153,TST-U01153,TST-U01153,500,501,1PN,1,1,57.85,70.12,20,MID,NW,SW,OBSTRUCTED,False,0.825,8.0,False,1,0.7,10.8,NONE,False,SYNTHETIC,RISK_PROJECT_BASELINE,Tổ hợp thương mại căn hộ Phú Mỹ,1248,3000,20260630,TC-01,SUSPENDED_PENDING_REVIEW,2026-06-30,2026-05-15,SYNTHETIC_RISK_SCENARIO
501154,TST-U01154,TST-U01154,500,501,2PN,2,2,84.01,100.49,20,MID,SW,W,OBSTRUCTED,False,0.836,9.3,False,0,0.51,16.8,NONE,False,SYNTHETIC,RISK_PROJECT_BASELINE,Tổ hợp thương mại căn hộ Phú Mỹ,1248,3000,20260630,TC-01,SUSPENDED_PENDING_REVIEW,2026-06-30,2026-05-15,SYNTHETIC_RISK_SCENARIO
501155,TST-U01155,TST-U01155,500,501,2PN,2,2,75.98,90.13,20,MID,E,N,OBSTRUCTED,False,0.843,8.8,False,0,0.09,9.8,NONE,False,SYNTHETIC,RISK_PROJECT_BASELINE,Tổ hợp thương mại căn hộ Phú Mỹ,1248,3000,20260630,TC-01,SUSPENDED_PENDING_REVIEW,2026-06-30,2026-05-15,SYNTHETIC_RISK_SCENARIO
501156,TST-U01156,TST-U01156,500,501,2PN,2,2,72.99,82.76,20,MID,E,E,OBSTRUCTED,True,0.882,8.1,False,1,0.21,8.7,NONE,False,SYNTHETIC,RISK_PROJECT_BASELINE,Tổ hợp thương mại căn hộ Phú Mỹ,1248,3000,20260630,TC-01,SUSPENDED_PENDING_REVIEW,2026-06-30,2026-05-15,SYNTHETIC_RISK_SCENARIO
501157,TST-U01157,TST-U01157,500,501,2PN,2,2,82.73,93.37,20,MID,SW,S,OBSTRUCTED,False,0.886,10.7,True,0,0.78,12.9,NONE,False,SYNTHETIC,RISK_PROJECT_BASELINE,Tổ hợp thương mại căn hộ Phú Mỹ,1248,3000,20260630,TC-01,SUSPENDED_PENDING_REVIEW,2026-06-30,2026-05-15,SYNTHETIC_RISK_SCENARIO
501158,TST-U01158,TST-U01158,500,501,STUDIO,1,1,45.89,53.17,20,MID,S,S,POOL,False,0.863,5.3,False,0,0.29,92.6,NONE,False,SYNTHETIC,RISK_PROJECT_BASELINE,Tổ hợp thương mại căn hộ Phú Mỹ,1248,3000,20260630,TC-01,SUSPENDED_PENDING_REVIEW,2026-06-30,2026-05-15,SYNTHETIC_RISK_SCENARIO
501159,TST-U01159,TST-U01159,500,501,3PN,3,2,97.2,113.68,20,MID,NW,S,OBSTRUCTED,False,0.855,14.5,False,1,0.53,12.9,NONE,False,SYNTHETIC,RISK_PROJECT_BASELINE,Tổ hợp thương mại căn hộ Phú Mỹ,1248,3000,20260630,TC-01,SUSPENDED_PENDING_REVIEW,2026-06-30,2026-05-15,SYNTHETIC_RISK_SCENARIO
501160,TST-U01160,TST-U01160,500,501,3PN,3,2,106.92,121.09,20,MID,E,E,CITY_OPEN,True,0.883,3.9,False,1,0.31,93.2,NONE,False,SYNTHETIC,RISK_PROJECT_BASELINE,Tổ hợp thương mại căn hộ Phú Mỹ,1248,3000,20260630,TC-01,SUSPENDED_PENDING_REVIEW,2026-06-30,2026-05-15,SYNTHETIC_RISK_SCENARIO
501161,TST-U01161,TST-U01161,500,501,2PN,2,2,71.43,83.54,20,MID,SW,E,OBSTRUCTED,True,0.855,1.8,True,0,0.55,15.0,NONE,False,SYNTHETIC,RISK_PROJECT_BASELINE,Tổ hợp thương mại căn hộ Phú Mỹ,1248,3000,20260630,TC-01,SUSPENDED_PENDING_REVIEW,2026-06-30,2026-05-15,SYNTHETIC_RISK_SCENARIO
501162,TST-U01162,TST-U01162,500,501,2PN,2,2,81.23,98.46,20,MID,SE,SE,OBSTRUCTED,False,0.825,6.3,False,0,0.28,12.4,NONE,False,SYNTHETIC,RISK_PROJECT_BASELINE,Tổ hợp thương mại căn hộ Phú Mỹ,1248,3000,20260630,TC-01,SUSPENDED_PENDING_REVIEW,2026-06-30,2026-05-15,SYNTHETIC_RISK_SCENARIO
501163,TST-U01163,TST-U01163,500,501,2PN,2,2,71.39,85.09,20,MID,E,NW,CITY_OPEN,False,0.839,3.5,False,0,0.25,104.6,NONE,False,SYNTHETIC,RISK_PROJECT_BASELINE,Tổ hợp thương mại căn hộ Phú Mỹ,1248,3000,20260630,TC-01,SUSPENDED_PENDING_REVIEW,2026-06-30,2026-05-15,SYNTHETIC_RISK_SCENARIO
501164,TST-U01164,TST-U01164,500,501,STUDIO,1,1,42.69,52.38,20,MID,SE,E,OBSTRUCTED,False,0.815,9.6,False,0,0.2,9.0,NONE,False,SYNTHETIC,RISK_PROJECT_BASELINE,Tổ hợp thương mại căn hộ Phú Mỹ,1248,3000,20260630,TC-01,SUSPENDED_PENDING_REVIEW,2026-06-30,2026-05-15,SYNTHETIC_RISK_SCENARIO
501165,TST-U01165,TST-U01165,500,501,2PN,2,2,69.77,82.76,20,MID,E,N,CITY_OPEN,True,0.843,12.6,False,0,0.29,52.1,NONE,False,SYNTHETIC,RISK_PROJECT_BASELINE,Tổ hợp thương mại căn hộ Phú Mỹ,1248,3000,20260630,TC-01,SUSPENDED_PENDING_REVIEW,2026-06-30,2026-05-15,SYNTHETIC_RISK_SCENARIO
501166,TST-U01166,TST-U01166,500,501,2PN,2,2,66.42,78.23,20,MID,W,N,OBSTRUCTED,True,0.849,7.9,False,0,0.82,17.7,NONE,False,SYNTHETIC,RISK_PROJECT_BASELINE,Tổ hợp thương mại căn hộ Phú Mỹ,1248,3000,20260630,TC-01,SUSPENDED_PENDING_REVIEW,2026-06-30,2026-05-15,SYNTHETIC_RISK_SCENARIO
501167,TST-U01167,TST-U01167,500,501,2PN,2,2,72.97,88.56,20,MID,NW,SE,CITY_OPEN,False,0.824,10.6,True,0,0.53,73.6,NONE,False,SYNTHETIC,RISK_PROJECT_BASELINE,Tổ hợp thương mại căn hộ Phú Mỹ,1248,3000,20260630,TC-01,SUSPENDED_PENDING_REVIEW,2026-06-30,2026-05-15,SYNTHETIC_RISK_SCENARIO
501168,TST-U01168,TST-U01168,500,501,2PN,2,2,72.66,88.94,20,MID,E,S,OBSTRUCTED,False,0.817,11.0,False,1,0.2,14.5,NONE,False,SYNTHETIC,RISK_PROJECT_BASELINE,Tổ hợp thương mại căn hộ Phú Mỹ,1248,3000,20260630,TC-01,SUSPENDED_PENDING_REVIEW,2026-06-30,2026-05-15,SYNTHETIC_RISK_SCENARIO
501169,TST-U01169,TST-U01169,500,501,1PN,1,1,56.28,68.47,20,MID,E,N,POOL,False,0.822,4.7,False,0,0.16,36.0,NONE,False,SYNTHETIC,RISK_PROJECT_BASELINE,Tổ hợp thương mại căn hộ Phú Mỹ,1248,3000,20260630,TC-01,SUSPENDED_PENDING_REVIEW,2026-06-30,2026-05-15,SYNTHETIC_RISK_SCENARIO
501170,TST-U01170,TST-U01170,500,501,2PN,2,2,84.25,104.01,20,MID,SE,SE,OBSTRUCTED,True,0.81,8.1,False,0,0.22,9.7,NONE,False,SYNTHETIC,RISK_PROJECT_BASELINE,Tổ hợp thương mại căn hộ Phú Mỹ,1248,3000,20260630,TC-01,SUSPENDED_PENDING_REVIEW,2026-06-30,2026-05-15,SYNTHETIC_RISK_SCENARIO
501171,TST-U01171,TST-U01171,500,501,3PN,3,2,115.82,132.82,20,MID,NE,NW,OBSTRUCTED,False,0.872,6.2,True,1,0.05,13.9,NONE,False,SYNTHETIC,RISK_PROJECT_BASELINE,Tổ hợp thương mại căn hộ Phú Mỹ,1248,3000,20260630,TC-01,SUSPENDED_PENDING_REVIEW,2026-06-30,2026-05-15,SYNTHETIC_RISK_SCENARIO
501172,TST-U01172,TST-U01172,500,501,2PN,2,2,70.57,82.15,20,MID,SE,E,PARK,False,0.859,13.5,False,1,0.24,105.0,NONE,False,SYNTHETIC,RISK_PROJECT_BASELINE,Tổ hợp thương mại căn hộ Phú Mỹ,1248,3000,20260630,TC-01,SUSPENDED_PENDING_REVIEW,2026-06-30,2026-05-15,SYNTHETIC_RISK_SCENARIO
501173,TST-U01173,TST-U01173,500,501,3PN,3,2,103.95,126.46,20,MID,NE,SE,CITY_OPEN,False,0.822,14.7,False,0,0.3,84.6,NONE,False,SYNTHETIC,RISK_PROJECT_BASELINE,Tổ hợp thương mại căn hộ Phú Mỹ,1248,3000,20260630,TC-01,SUSPENDED_PENDING_REVIEW,2026-06-30,2026-05-15,SYNTHETIC_RISK_SCENARIO
501174,TST-U01174,TST-U01174,500,501,2PN,2,2,71.46,88.55,20,MID,E,S,OBSTRUCTED,False,0.807,6.5,True,1,0.26,17.5,NONE,False,SYNTHETIC,RISK_PROJECT_BASELINE,Tổ hợp thương mại căn hộ Phú Mỹ,1248,3000,20260630,TC-01,SUSPENDED_PENDING_REVIEW,2026-06-30,2026-05-15,SYNTHETIC_RISK_SCENARIO
501175,TST-U01175,TST-U01175,500,501,2PN,2,2,85.91,96.64,20,MID,NE,NW,OBSTRUCTED,False,0.889,4.8,False,0,0.19,9.8,NONE,False,SYNTHETIC,RISK_PROJECT_BASELINE,Tổ hợp thương mại căn hộ Phú Mỹ,1248,3000,20260630,TC-01,SUSPENDED_PENDING_REVIEW,2026-06-30,2026-05-15,SYNTHETIC_RISK_SCENARIO
501176,TST-U01176,TST-U01176,500,501,2PN,2,2,81.75,92.48,20,MID,SE,E,OBSTRUCTED,False,0.884,3.4,False,0,0.18,11.1,NONE,False,SYNTHETIC,RISK_PROJECT_BASELINE,Tổ hợp thương mại căn hộ Phú Mỹ,1248,3000,20260630,TC-01,SUSPENDED_PENDING_REVIEW,2026-06-30,2026-05-15,SYNTHETIC_RISK_SCENARIO
501177,TST-U01177,TST-U01177,500,501,3PN,3,2,104.66,118.53,20,MID,W,W,OBSTRUCTED,True,0.883,15.9,False,0,0.53,16.6,NONE,False,SYNTHETIC,RISK_PROJECT_BASELINE,Tổ hợp thương mại căn hộ Phú Mỹ,1248,3000,20260630,TC-01,SUSPENDED_PENDING_REVIEW,2026-06-30,2026-05-15,SYNTHETIC_RISK_SCENARIO
501178,TST-U01178,TST-U01178,500,501,1PN,1,1,54.99,65.23,20,MID,NE,E,CITY_OPEN,False,0.843,14.0,False,0,0.3,83.2,NONE,False,SYNTHETIC,RISK_PROJECT_BASELINE,Tổ hợp thương mại căn hộ Phú Mỹ,1248,3000,20260630,TC-01,SUSPENDED_PENDING_REVIEW,2026-06-30,2026-05-15,SYNTHETIC_RISK_SCENARIO
501179,TST-U01179,TST-U01179,500,501,1PN,1,1,54.9,65.51,20,MID,NE,NE,OBSTRUCTED,False,0.838,9.1,False,0,0.21,10.1,NONE,False,SYNTHETIC,RISK_PROJECT_BASELINE,Tổ hợp thương mại căn hộ Phú Mỹ,1248,3000,20260630,TC-01,SUSPENDED_PENDING_REVIEW,2026-06-30,2026-05-15,SYNTHETIC_RISK_SCENARIO
501180,TST-U01180,TST-U01180,500,501,STUDIO,1,1,41.77,49.43,20,MID,NE,SW,CITY_OPEN,False,0.845,13.2,False,0,0.2,89.6,NONE,False,SYNTHETIC,RISK_PROJECT_BASELINE,Tổ hợp thương mại căn hộ Phú Mỹ,1248,3000,20260630,TC-01,SUSPENDED_PENDING_REVIEW,2026-06-30,2026-05-15,SYNTHETIC_RISK_SCENARIO
501181,TST-U01181,TST-U01181,500,501,1PN,1,1,48.81,57.15,20,MID,W,N,OBSTRUCTED,True,0.854,14.3,False,0,0.79,14.6,NONE,False,SYNTHETIC,RISK_PROJECT_BASELINE,Tổ hợp thương mại căn hộ Phú Mỹ,1248,3000,20260630,TC-01,SUSPENDED_PENDING_REVIEW,2026-06-30,2026-05-15,SYNTHETIC_RISK_SCENARIO
501182,TST-U01182,TST-U01182,500,501,STUDIO,1,1,43.02,53.57,20,MID,N,SW,OBSTRUCTED,False,0.803,5.5,False,0,0.31,9.8,NONE,False,SYNTHETIC,RISK_PROJECT_BASELINE,Tổ hợp thương mại căn hộ Phú Mỹ,1248,3000,20260630,TC-01,SUSPENDED_PENDING_REVIEW,2026-06-30,2026-05-15,SYNTHETIC_RISK_SCENARIO
501183,TST-U01183,TST-U01183,500,501,3PN,3,2,94.2,108.78,20,MID,W,NE,CITY_OPEN,False,0.866,4.7,False,0,0.65,102.3,NONE,False,SYNTHETIC,RISK_PROJECT_BASELINE,Tổ hợp thương mại căn hộ Phú Mỹ,1248,3000,20260630,TC-01,SUSPENDED_PENDING_REVIEW,2026-06-30,2026-05-15,SYNTHETIC_RISK_SCENARIO
501184,TST-U01184,TST-U01184,500,501,2PN,2,2,77.61,91.2,20,MID,NW,E,OBSTRUCTED,False,0.851,10.8,False,0,0.6,15.2,NONE,False,SYNTHETIC,RISK_PROJECT_BASELINE,Tổ hợp thương mại căn hộ Phú Mỹ,1248,3000,20260630,TC-01,SUSPENDED_PENDING_REVIEW,2026-06-30,2026-05-15,SYNTHETIC_RISK_SCENARIO
501185,TST-U01185,TST-U01185,500,501,2PN,2,2,76.21,85.82,20,MID,SE,N,OBSTRUCTED,False,0.888,5.0,False,0,0.04,5.0,NONE,False,SYNTHETIC,RISK_PROJECT_BASELINE,Tổ hợp thương mại căn hộ Phú Mỹ,1248,3000,20260630,TC-01,SUSPENDED_PENDING_REVIEW,2026-06-30,2026-05-15,SYNTHETIC_RISK_SCENARIO
501186,TST-U01186,TST-U01186,500,501,1PN,1,1,49.17,59.31,20,MID,SE,E,CITY_OPEN,True,0.829,5.7,False,0,0.13,71.0,NONE,False,SYNTHETIC,RISK_PROJECT_BASELINE,Tổ hợp thương mại căn hộ Phú Mỹ,1248,3000,20260630,TC-01,SUSPENDED_PENDING_REVIEW,2026-06-30,2026-05-15,SYNTHETIC_RISK_SCENARIO
501187,TST-U01187,TST-U01187,500,501,STUDIO,1,1,42.35,49.47,20,MID,SW,SE,OBSTRUCTED,False,0.856,8.6,False,1,0.86,15.2,NONE,False,SYNTHETIC,RISK_PROJECT_BASELINE,Tổ hợp thương mại căn hộ Phú Mỹ,1248,3000,20260630,TC-01,SUSPENDED_PENDING_REVIEW,2026-06-30,2026-05-15,SYNTHETIC_RISK_SCENARIO
501188,TST-U01188,TST-U01188,500,501,2PN,2,2,66.67,78.16,20,MID,E,N,OBSTRUCTED,False,0.853,12.2,False,1,0.22,13.5,NONE,False,SYNTHETIC,RISK_PROJECT_BASELINE,Tổ hợp thương mại căn hộ Phú Mỹ,1248,3000,20260630,TC-01,SUSPENDED_PENDING_REVIEW,2026-06-30,2026-05-15,SYNTHETIC_RISK_SCENARIO
501189,TST-U01189,TST-U01189,500,501,2PN,2,2,71.5,83.53,21,HIGH,SE,E,POOL,False,0.856,4.9,False,0,0.06,108.7,NONE,False,SYNTHETIC,RISK_PROJECT_BASELINE,Tổ hợp thương mại căn hộ Phú Mỹ,1248,3000,20260630,TC-01,SUSPENDED_PENDING_REVIEW,2026-06-30,2026-05-15,SYNTHETIC_RISK_SCENARIO
501190,TST-U01190,TST-U01190,500,501,STUDIO,1,1,40.9,50.56,21,HIGH,E,E,OBSTRUCTED,True,0.809,2.4,True,0,0.14,12.5,NONE,False,SYNTHETIC,RISK_PROJECT_BASELINE,Tổ hợp thương mại căn hộ Phú Mỹ,1248,3000,20260630,TC-01,SUSPENDED_PENDING_REVIEW,2026-06-30,2026-05-15,SYNTHETIC_RISK_SCENARIO
501191,TST-U01191,TST-U01191,500,501,1PN,1,1,51.55,62.33,21,HIGH,E,S,CITY_OPEN,False,0.827,16.0,False,1,0.27,72.9,NONE,False,SYNTHETIC,RISK_PROJECT_BASELINE,Tổ hợp thương mại căn hộ Phú Mỹ,1248,3000,20260630,TC-01,SUSPENDED_PENDING_REVIEW,2026-06-30,2026-05-15,SYNTHETIC_RISK_SCENARIO
501192,TST-U01192,TST-U01192,500,501,2PN,2,2,72.95,88.1,21,HIGH,E,NW,OBSTRUCTED,False,0.828,15.3,False,1,0.18,9.2,NONE,False,SYNTHETIC,RISK_PROJECT_BASELINE,Tổ hợp thương mại căn hộ Phú Mỹ,1248,3000,20260630,TC-01,SUSPENDED_PENDING_REVIEW,2026-06-30,2026-05-15,SYNTHETIC_RISK_SCENARIO
501193,TST-U01193,TST-U01193,500,501,2PN,2,2,80.02,94.36,21,HIGH,SE,SW,OBSTRUCTED,False,0.848,7.6,False,0,0.16,10.2,NONE,False,SYNTHETIC,RISK_PROJECT_BASELINE,Tổ hợp thương mại căn hộ Phú Mỹ,1248,3000,20260630,TC-01,SUSPENDED_PENDING_REVIEW,2026-06-30,2026-05-15,SYNTHETIC_RISK_SCENARIO
501194,TST-U01194,TST-U01194,500,501,2PN,2,2,79.92,93.8,21,HIGH,SE,SE,OBSTRUCTED,False,0.852,14.6,False,0,0.19,4.6,NONE,False,SYNTHETIC,RISK_PROJECT_BASELINE,Tổ hợp thương mại căn hộ Phú Mỹ,1248,3000,20260630,TC-01,SUSPENDED_PENDING_REVIEW,2026-06-30,2026-05-15,SYNTHETIC_RISK_SCENARIO
501195,TST-U01195,TST-U01195,500,501,3PN,3,2,100.13,115.62,21,HIGH,S,E,OBSTRUCTED,False,0.866,13.8,False,0,0.19,13.2,WASTE_STATION,False,SYNTHETIC,RISK_PROJECT_BASELINE,Tổ hợp thương mại căn hộ Phú Mỹ,1248,3000,20260630,TC-01,SUSPENDED_PENDING_REVIEW,2026-06-30,2026-05-15,SYNTHETIC_RISK_SCENARIO
501196,TST-U01196,TST-U01196,500,501,1PN,1,1,56.41,65.29,21,HIGH,SW,S,OBSTRUCTED,True,0.864,8.6,False,1,0.93,10.2,WASTE_STATION,False,SYNTHETIC,RISK_PROJECT_BASELINE,Tổ hợp thương mại căn hộ Phú Mỹ,1248,3000,20260630,TC-01,SUSPENDED_PENDING_REVIEW,2026-06-30,2026-05-15,SYNTHETIC_RISK_SCENARIO
501197,TST-U01197,TST-U01197,500,501,2PN,2,2,77.43,96.07,21,HIGH,SE,SW,POOL,False,0.806,4.4,True,2,0.25,108.3,NONE,False,SYNTHETIC,RISK_PROJECT_BASELINE,Tổ hợp thương mại căn hộ Phú Mỹ,1248,3000,20260630,TC-01,SUSPENDED_PENDING_REVIEW,2026-06-30,2026-05-15,SYNTHETIC_RISK_SCENARIO
501198,TST-U01198,TST-U01198,500,501,3PN,3,2,102.78,123.53,21,HIGH,NW,S,OBSTRUCTED,True,0.832,10.9,False,1,0.57,5.0,TEMPLE,False,SYNTHETIC,RISK_PROJECT_BASELINE,Tổ hợp thương mại căn hộ Phú Mỹ,1248,3000,20260630,TC-01,SUSPENDED_PENDING_REVIEW,2026-06-30,2026-05-15,SYNTHETIC_RISK_SCENARIO
501199,TST-U01199,TST-U01199,500,501,2PN,2,2,80.68,91.58,21,HIGH,E,NE,CITY_OPEN,False,0.881,3.4,False,0,0.07,74.1,NONE,False,SYNTHETIC,RISK_PROJECT_BASELINE,Tổ hợp thương mại căn hộ Phú Mỹ,1248,3000,20260630,TC-01,SUSPENDED_PENDING_REVIEW,2026-06-30,2026-05-15,SYNTHETIC_RISK_SCENARIO
501200,TST-U01200,TST-U01200,500,501,2PN,2,2,81.31,98.08,21,HIGH,NW,N,POOL,False,0.829,12.8,False,0,0.89,30.0,NONE,False,SYNTHETIC,RISK_PROJECT_BASELINE,Tổ hợp thương mại căn hộ Phú Mỹ,1248,3000,20260630,TC-01,SUSPENDED_PENDING_REVIEW,2026-06-30,2026-05-15,SYNTHETIC_RISK_SCENARIO
501201,TST-U01201,TST-U01201,500,501,2PN,2,2,69.57,84.74,21,HIGH,E,NW,CITY_OPEN,False,0.821,3.3,False,0,0.14,92.2,NONE,False,SYNTHETIC,RISK_PROJECT_BASELINE,Tổ hợp thương mại căn hộ Phú Mỹ,1248,3000,20260630,TC-01,SUSPENDED_PENDING_REVIEW,2026-06-30,2026-05-15,SYNTHETIC_RISK_SCENARIO
501202,TST-U01202,TST-U01202,500,501,1PN,1,1,49.63,58.18,21,HIGH,S,W,OBSTRUCTED,False,0.853,14.9,True,0,0.14,12.9,NONE,False,SYNTHETIC,RISK_PROJECT_BASELINE,Tổ hợp thương mại căn hộ Phú Mỹ,1248,3000,20260630,TC-01,SUSPENDED_PENDING_REVIEW,2026-06-30,2026-05-15,SYNTHETIC_RISK_SCENARIO
501203,TST-U01203,TST-U01203,500,501,3PN,3,2,97.34,116.44,21,HIGH,E,N,CITY_OPEN,False,0.836,6.7,False,1,0.13,80.4,NONE,False,SYNTHETIC,RISK_PROJECT_BASELINE,Tổ hợp thương mại căn hộ Phú Mỹ,1248,3000,20260630,TC-01,SUSPENDED_PENDING_REVIEW,2026-06-30,2026-05-15,SYNTHETIC_RISK_SCENARIO
501204,TST-U01204,TST-U01204,500,501,3PN,3,2,105.28,124.0,21,HIGH,NE,SE,OBSTRUCTED,False,0.849,5.8,False,0,0.06,7.6,NONE,False,SYNTHETIC,RISK_PROJECT_BASELINE,Tổ hợp thương mại căn hộ Phú Mỹ,1248,3000,20260630,TC-01,SUSPENDED_PENDING_REVIEW,2026-06-30,2026-05-15,SYNTHETIC_RISK_SCENARIO
501205,TST-U01205,TST-U01205,500,501,STUDIO,1,1,43.87,52.48,21,HIGH,SE,SE,CITY_OPEN,False,0.836,13.7,True,0,0.27,108.1,NONE,False,SYNTHETIC,RISK_PROJECT_BASELINE,Tổ hợp thương mại căn hộ Phú Mỹ,1248,3000,20260630,TC-01,SUSPENDED_PENDING_REVIEW,2026-06-30,2026-05-15,SYNTHETIC_RISK_SCENARIO
501206,TST-U01206,TST-U01206,500,501,2PN,2,2,78.16,94.4,21,HIGH,SW,E,OBSTRUCTED,False,0.828,15.5,False,1,0.66,14.3,NONE,False,SYNTHETIC,RISK_PROJECT_BASELINE,Tổ hợp thương mại căn hộ Phú Mỹ,1248,3000,20260630,TC-01,SUSPENDED_PENDING_REVIEW,2026-06-30,2026-05-15,SYNTHETIC_RISK_SCENARIO
501207,TST-U01207,TST-U01207,500,501,1PN,1,1,55.11,63.78,21,HIGH,E,SE,OBSTRUCTED,False,0.864,1.6,False,0,0.25,13.9,NONE,False,SYNTHETIC,RISK_PROJECT_BASELINE,Tổ hợp thương mại căn hộ Phú Mỹ,1248,3000,20260630,TC-01,SUSPENDED_PENDING_REVIEW,2026-06-30,2026-05-15,SYNTHETIC_RISK_SCENARIO
501208,TST-U01208,TST-U01208,500,501,2PN,2,2,66.6,79.76,21,HIGH,SE,E,CITY_OPEN,False,0.835,11.4,False,1,0.11,30.8,NONE,False,SYNTHETIC,RISK_PROJECT_BASELINE,Tổ hợp thương mại căn hộ Phú Mỹ,1248,3000,20260630,TC-01,SUSPENDED_PENDING_REVIEW,2026-06-30,2026-05-15,SYNTHETIC_RISK_SCENARIO
501209,TST-U01209,TST-U01209,500,501,1PN,1,1,54.83,67.52,21,HIGH,SE,NW,CITY_OPEN,False,0.812,7.6,False,0,0.13,71.6,NONE,False,SYNTHETIC,RISK_PROJECT_BASELINE,Tổ hợp thương mại căn hộ Phú Mỹ,1248,3000,20260630,TC-01,SUSPENDED_PENDING_REVIEW,2026-06-30,2026-05-15,SYNTHETIC_RISK_SCENARIO
501210,TST-U01210,TST-U01210,500,501,2PN,2,2,66.36,76.81,21,HIGH,SE,S,OBSTRUCTED,False,0.864,7.5,False,0,0.22,5.0,WASTE_STATION,False,SYNTHETIC,RISK_PROJECT_BASELINE,Tổ hợp thương mại căn hộ Phú Mỹ,1248,3000,20260630,TC-01,SUSPENDED_PENDING_REVIEW,2026-06-30,2026-05-15,SYNTHETIC_RISK_SCENARIO
501211,TST-U01211,TST-U01211,500,501,2PN,2,2,69.33,86.66,21,HIGH,E,SE,CITY_OPEN,False,0.8,8.2,False,2,0.2,41.0,NONE,False,SYNTHETIC,RISK_PROJECT_BASELINE,Tổ hợp thương mại căn hộ Phú Mỹ,1248,3000,20260630,TC-01,SUSPENDED_PENDING_REVIEW,2026-06-30,2026-05-15,SYNTHETIC_RISK_SCENARIO
501212,TST-U01212,TST-U01212,500,501,1PN,1,1,56.36,66.38,21,HIGH,SW,S,OBSTRUCTED,True,0.849,11.0,True,0,0.7,13.0,NONE,False,SYNTHETIC,RISK_PROJECT_BASELINE,Tổ hợp thương mại căn hộ Phú Mỹ,1248,3000,20260630,TC-01,SUSPENDED_PENDING_REVIEW,2026-06-30,2026-05-15,SYNTHETIC_RISK_SCENARIO
501213,TST-U01213,TST-U01213,500,501,2PN,2,2,74.7,87.78,21,HIGH,NW,NW,OBSTRUCTED,False,0.851,15.3,False,1,0.91,9.7,NONE,False,SYNTHETIC,RISK_PROJECT_BASELINE,Tổ hợp thương mại căn hộ Phú Mỹ,1248,3000,20260630,TC-01,SUSPENDED_PENDING_REVIEW,2026-06-30,2026-05-15,SYNTHETIC_RISK_SCENARIO
501214,TST-U01214,TST-U01214,500,501,2PN,2,2,79.82,98.06,21,HIGH,S,NE,CITY_OPEN,True,0.814,1.9,False,0,0.05,33.7,NONE,False,SYNTHETIC,RISK_PROJECT_BASELINE,Tổ hợp thương mại căn hộ Phú Mỹ,1248,3000,20260630,TC-01,SUSPENDED_PENDING_REVIEW,2026-06-30,2026-05-15,SYNTHETIC_RISK_SCENARIO
501215,TST-U01215,TST-U01215,500,501,2PN,2,2,76.76,92.48,21,HIGH,E,W,POOL,False,0.83,13.0,False,0,0.13,95.6,NONE,False,SYNTHETIC,RISK_PROJECT_BASELINE,Tổ hợp thương mại căn hộ Phú Mỹ,1248,3000,20260630,TC-01,SUSPENDED_PENDING_REVIEW,2026-06-30,2026-05-15,SYNTHETIC_RISK_SCENARIO
501216,TST-U01216,TST-U01216,500,501,3PN,3,2,90.89,108.07,21,HIGH,E,S,PARK,False,0.841,1.6,True,0,0.32,28.3,NONE,False,SYNTHETIC,RISK_PROJECT_BASELINE,Tổ hợp thương mại căn hộ Phú Mỹ,1248,3000,20260630,TC-01,SUSPENDED_PENDING_REVIEW,2026-06-30,2026-05-15,SYNTHETIC_RISK_SCENARIO
501217,TST-U01217,TST-U01217,500,501,2PN,2,2,81.93,94.72,21,HIGH,NW,E,CITY_OPEN,True,0.865,8.9,False,0,0.67,77.7,NONE,False,SYNTHETIC,RISK_PROJECT_BASELINE,Tổ hợp thương mại căn hộ Phú Mỹ,1248,3000,20260630,TC-01,SUSPENDED_PENDING_REVIEW,2026-06-30,2026-05-15,SYNTHETIC_RISK_SCENARIO
501218,TST-U01218,TST-U01218,500,501,2PN,2,2,75.25,87.09,21,HIGH,W,S,POOL,False,0.864,8.1,False,1,0.71,75.2,NONE,False,SYNTHETIC,RISK_PROJECT_BASELINE,Tổ hợp thương mại căn hộ Phú Mỹ,1248,3000,20260630,TC-01,SUSPENDED_PENDING_REVIEW,2026-06-30,2026-05-15,SYNTHETIC_RISK_SCENARIO
501219,TST-U01219,TST-U01219,500,501,3PN,3,2,91.03,113.5,21,HIGH,W,E,OBSTRUCTED,False,0.802,11.4,False,0,0.74,11.0,NONE,False,SYNTHETIC,RISK_PROJECT_BASELINE,Tổ hợp thương mại căn hộ Phú Mỹ,1248,3000,20260630,TC-01,SUSPENDED_PENDING_REVIEW,2026-06-30,2026-05-15,SYNTHETIC_RISK_SCENARIO
501220,TST-U01220,TST-U01220,500,501,2PN,2,2,64.85,76.84,21,HIGH,W,S,OBSTRUCTED,False,0.844,1.3,False,1,0.64,16.7,NONE,False,SYNTHETIC,RISK_PROJECT_BASELINE,Tổ hợp thương mại căn hộ Phú Mỹ,1248,3000,20260630,TC-01,SUSPENDED_PENDING_REVIEW,2026-06-30,2026-05-15,SYNTHETIC_RISK_SCENARIO
501221,TST-U01221,TST-U01221,500,501,2PN,2,2,72.04,87.85,21,HIGH,E,N,CITY_OPEN,False,0.82,12.3,False,0,0.09,42.3,NONE,False,SYNTHETIC,RISK_PROJECT_BASELINE,Tổ hợp thương mại căn hộ Phú Mỹ,1248,3000,20260630,TC-01,SUSPENDED_PENDING_REVIEW,2026-06-30,2026-05-15,SYNTHETIC_RISK_SCENARIO
501222,TST-U01222,TST-U01222,500,501,2PN,2,2,75.9,87.34,21,HIGH,E,S,CITY_OPEN,False,0.869,5.1,False,2,0.22,55.7,NONE,False,SYNTHETIC,RISK_PROJECT_BASELINE,Tổ hợp thương mại căn hộ Phú Mỹ,1248,3000,20260630,TC-01,SUSPENDED_PENDING_REVIEW,2026-06-30,2026-05-15,SYNTHETIC_RISK_SCENARIO
501223,TST-U01223,TST-U01223,500,501,1PN,1,1,57.27,64.57,21,HIGH,SW,W,PARK,False,0.887,10.0,False,1,0.6,42.7,NONE,False,SYNTHETIC,RISK_PROJECT_BASELINE,Tổ hợp thương mại căn hộ Phú Mỹ,1248,3000,20260630,TC-01,SUSPENDED_PENDING_REVIEW,2026-06-30,2026-05-15,SYNTHETIC_RISK_SCENARIO
501224,TST-U01224,TST-U01224,500,501,2PN,2,2,77.43,89.0,21,HIGH,NE,E,PARK,False,0.87,2.9,False,0,0.19,46.6,NONE,False,SYNTHETIC,RISK_PROJECT_BASELINE,Tổ hợp thương mại căn hộ Phú Mỹ,1248,3000,20260630,TC-01,SUSPENDED_PENDING_REVIEW,2026-06-30,2026-05-15,SYNTHETIC_RISK_SCENARIO
501225,TST-U01225,TST-U01225,500,501,2PN,2,2,79.37,98.72,21,HIGH,NE,W,CITY_OPEN,False,0.804,6.7,False,0,0.07,54.5,NONE,False,SYNTHETIC,RISK_PROJECT_BASELINE,Tổ hợp thương mại căn hộ Phú Mỹ,1248,3000,20260630,TC-01,SUSPENDED_PENDING_REVIEW,2026-06-30,2026-05-15,SYNTHETIC_RISK_SCENARIO
501226,TST-U01226,TST-U01226,500,501,1PN,1,1,57.73,70.57,21,HIGH,NE,NE,POOL,False,0.818,13.7,False,0,0.03,32.9,NONE,False,SYNTHETIC,RISK_PROJECT_BASELINE,Tổ hợp thương mại căn hộ Phú Mỹ,1248,3000,20260630,TC-01,SUSPENDED_PENDING_REVIEW,2026-06-30,2026-05-15,SYNTHETIC_RISK_SCENARIO
501227,TST-U01227,TST-U01227,500,501,2PN,2,2,83.0,95.84,21,HIGH,SW,NW,CITY_OPEN,False,0.866,11.1,False,0,0.66,105.9,NONE,False,SYNTHETIC,RISK_PROJECT_BASELINE,Tổ hợp thương mại căn hộ Phú Mỹ,1248,3000,20260630,TC-01,SUSPENDED_PENDING_REVIEW,2026-06-30,2026-05-15,SYNTHETIC_RISK_SCENARIO
501228,TST-U01228,TST-U01228,500,501,3PN,3,2,103.94,125.99,21,HIGH,S,N,PARK,False,0.825,2.6,False,0,0.07,108.7,NONE,False,SYNTHETIC,RISK_PROJECT_BASELINE,Tổ hợp thương mại căn hộ Phú Mỹ,1248,3000,20260630,TC-01,SUSPENDED_PENDING_REVIEW,2026-06-30,2026-05-15,SYNTHETIC_RISK_SCENARIO
501229,TST-U01229,TST-U01229,500,501,3PN,3,2,100.38,121.09,21,HIGH,NE,E,PARK,False,0.829,3.8,False,1,0.29,77.3,NONE,False,SYNTHETIC,RISK_PROJECT_BASELINE,Tổ hợp thương mại căn hộ Phú Mỹ,1248,3000,20260630,TC-01,SUSPENDED_PENDING_REVIEW,2026-06-30,2026-05-15,SYNTHETIC_RISK_SCENARIO
501230,TST-U01230,TST-U01230,500,501,3PN,3,2,95.45,109.97,21,HIGH,SW,S,OBSTRUCTED,False,0.868,10.0,False,0,0.93,16.3,NONE,False,SYNTHETIC,RISK_PROJECT_BASELINE,Tổ hợp thương mại căn hộ Phú Mỹ,1248,3000,20260630,TC-01,SUSPENDED_PENDING_REVIEW,2026-06-30,2026-05-15,SYNTHETIC_RISK_SCENARIO
501231,TST-U01231,TST-U01231,500,501,3PN,3,2,107.43,128.35,21,HIGH,NW,N,CITY_OPEN,False,0.837,8.3,False,0,0.82,46.1,NONE,False,SYNTHETIC,RISK_PROJECT_BASELINE,Tổ hợp thương mại căn hộ Phú Mỹ,1248,3000,20260630,TC-01,SUSPENDED_PENDING_REVIEW,2026-06-30,2026-05-15,SYNTHETIC_RISK_SCENARIO
501232,TST-U01232,TST-U01232,500,501,2PN,2,2,72.73,87.42,21,HIGH,SE,NW,OBSTRUCTED,True,0.832,12.7,False,0,0.13,12.0,NONE,False,SYNTHETIC,RISK_PROJECT_BASELINE,Tổ hợp thương mại căn hộ Phú Mỹ,1248,3000,20260630,TC-01,SUSPENDED_PENDING_REVIEW,2026-06-30,2026-05-15,SYNTHETIC_RISK_SCENARIO
501233,TST-U01233,TST-U01233,500,501,3PN,3,2,113.51,141.53,21,HIGH,NE,NW,OBSTRUCTED,False,0.802,1.6,False,0,0.15,8.5,NONE,False,SYNTHETIC,RISK_PROJECT_BASELINE,Tổ hợp thương mại căn hộ Phú Mỹ,1248,3000,20260630,TC-01,SUSPENDED_PENDING_REVIEW,2026-06-30,2026-05-15,SYNTHETIC_RISK_SCENARIO
501234,TST-U01234,TST-U01234,500,501,1PN,1,1,49.62,56.07,21,HIGH,E,SE,PARK,False,0.885,3.9,False,0,0.24,29.2,NONE,False,SYNTHETIC,RISK_PROJECT_BASELINE,Tổ hợp thương mại căn hộ Phú Mỹ,1248,3000,20260630,TC-01,SUSPENDED_PENDING_REVIEW,2026-06-30,2026-05-15,SYNTHETIC_RISK_SCENARIO
501235,TST-U01235,TST-U01235,500,501,1PN,1,1,58.09,68.75,21,HIGH,E,W,OBSTRUCTED,False,0.845,5.3,False,1,0.17,17.8,NONE,False,SYNTHETIC,RISK_PROJECT_BASELINE,Tổ hợp thương mại căn hộ Phú Mỹ,1248,3000,20260630,TC-01,SUSPENDED_PENDING_REVIEW,2026-06-30,2026-05-15,SYNTHETIC_RISK_SCENARIO
501236,TST-U01236,TST-U01236,500,501,2PN,2,2,74.71,92.92,21,HIGH,S,SE,PARK,True,0.804,15.9,False,1,0.02,97.3,NONE,False,SYNTHETIC,RISK_PROJECT_BASELINE,Tổ hợp thương mại căn hộ Phú Mỹ,1248,3000,20260630,TC-01,SUSPENDED_PENDING_REVIEW,2026-06-30,2026-05-15,SYNTHETIC_RISK_SCENARIO
501237,TST-U01237,TST-U01237,500,501,2PN,2,2,79.44,95.6,21,HIGH,E,S,CITY_OPEN,False,0.831,10.2,False,2,0.12,37.9,NONE,False,SYNTHETIC,RISK_PROJECT_BASELINE,Tổ hợp thương mại căn hộ Phú Mỹ,1248,3000,20260630,TC-01,SUSPENDED_PENDING_REVIEW,2026-06-30,2026-05-15,SYNTHETIC_RISK_SCENARIO
501238,TST-U01238,TST-U01238,500,501,1PN,1,1,53.52,63.34,21,HIGH,NW,E,CITY_OPEN,False,0.845,13.2,True,0,0.89,95.7,NONE,False,SYNTHETIC,RISK_PROJECT_BASELINE,Tổ hợp thương mại căn hộ Phú Mỹ,1248,3000,20260630,TC-01,SUSPENDED_PENDING_REVIEW,2026-06-30,2026-05-15,SYNTHETIC_RISK_SCENARIO
501239,TST-U01239,TST-U01239,500,501,STUDIO,1,1,44.56,53.05,21,HIGH,NE,W,POOL,False,0.84,10.4,False,0,0.28,75.1,NONE,False,SYNTHETIC,RISK_PROJECT_BASELINE,Tổ hợp thương mại căn hộ Phú Mỹ,1248,3000,20260630,TC-01,SUSPENDED_PENDING_REVIEW,2026-06-30,2026-05-15,SYNTHETIC_RISK_SCENARIO
501240,TST-U01240,TST-U01240,500,501,STUDIO,1,1,43.11,48.82,21,HIGH,SE,W,OBSTRUCTED,False,0.883,12.6,False,0,0.14,9.9,NONE,False,SYNTHETIC,RISK_PROJECT_BASELINE,Tổ hợp thương mại căn hộ Phú Mỹ,1248,3000,20260630,TC-01,SUSPENDED_PENDING_REVIEW,2026-06-30,2026-05-15,SYNTHETIC_RISK_SCENARIO
501241,TST-U01241,TST-U01241,500,501,2PN,2,2,77.11,91.8,21,HIGH,S,SE,CITY_OPEN,False,0.84,7.7,False,0,0.32,60.4,NONE,False,SYNTHETIC,RISK_PROJECT_BASELINE,Tổ hợp thương mại căn hộ Phú Mỹ,1248,3000,20260630,TC-01,SUSPENDED_PENDING_REVIEW,2026-06-30,2026-05-15,SYNTHETIC_RISK_SCENARIO
501242,TST-U01242,TST-U01242,500,501,2PN,2,2,86.9,98.64,21,HIGH,E,SW,CITY_OPEN,False,0.881,8.4,True,1,0.31,84.3,NONE,False,SYNTHETIC,RISK_PROJECT_BASELINE,Tổ hợp thương mại căn hộ Phú Mỹ,1248,3000,20260630,TC-01,SUSPENDED_PENDING_REVIEW,2026-06-30,2026-05-15,SYNTHETIC_RISK_SCENARIO
501243,TST-U01243,TST-U01243,500,501,2PN,2,2,74.97,88.72,21,HIGH,SE,SE,OBSTRUCTED,False,0.845,12.8,False,0,0.29,15.1,NONE,False,SYNTHETIC,RISK_PROJECT_BASELINE,Tổ hợp thương mại căn hộ Phú Mỹ,1248,3000,20260630,TC-01,SUSPENDED_PENDING_REVIEW,2026-06-30,2026-05-15,SYNTHETIC_RISK_SCENARIO
501244,TST-U01244,TST-U01244,500,501,2PN,2,2,79.18,89.27,21,HIGH,SE,S,CITY_OPEN,False,0.887,4.4,False,0,0.09,73.6,NONE,False,SYNTHETIC,RISK_PROJECT_BASELINE,Tổ hợp thương mại căn hộ Phú Mỹ,1248,3000,20260630,TC-01,SUSPENDED_PENDING_REVIEW,2026-06-30,2026-05-15,SYNTHETIC_RISK_SCENARIO
501245,TST-U01245,TST-U01245,500,501,1PN,1,1,58.27,70.46,21,HIGH,N,E,POOL,False,0.827,2.5,False,0,0.07,77.6,NONE,False,SYNTHETIC,RISK_PROJECT_BASELINE,Tổ hợp thương mại căn hộ Phú Mỹ,1248,3000,20260630,TC-01,SUSPENDED_PENDING_REVIEW,2026-06-30,2026-05-15,SYNTHETIC_RISK_SCENARIO
501246,TST-U01246,TST-U01246,500,501,2PN,2,2,76.9,86.4,21,HIGH,NE,SW,OBSTRUCTED,False,0.89,10.0,False,0,0.15,4.7,NONE,False,SYNTHETIC,RISK_PROJECT_BASELINE,Tổ hợp thương mại căn hộ Phú Mỹ,1248,3000,20260630,TC-01,SUSPENDED_PENDING_REVIEW,2026-06-30,2026-05-15,SYNTHETIC_RISK_SCENARIO
501247,TST-U01247,TST-U01247,500,501,2PN,2,2,76.91,92.11,21,HIGH,SE,SE,OBSTRUCTED,False,0.835,13.2,False,0,0.07,15.5,NONE,False,SYNTHETIC,RISK_PROJECT_BASELINE,Tổ hợp thương mại căn hộ Phú Mỹ,1248,3000,20260630,TC-01,SUSPENDED_PENDING_REVIEW,2026-06-30,2026-05-15,SYNTHETIC_RISK_SCENARIO
501248,TST-U01248,TST-U01248,500,501,2PN,2,2,80.75,99.45,21,HIGH,SW,NW,OBSTRUCTED,True,0.812,5.0,False,0,0.77,4.6,NONE,False,SYNTHETIC,RISK_PROJECT_BASELINE,Tổ hợp thương mại căn hộ Phú Mỹ,1248,3000,20260630,TC-01,SUSPENDED_PENDING_REVIEW,2026-06-30,2026-05-15,SYNTHETIC_RISK_SCENARIO
501249,TST-U01249,TST-U01249,500,501,2PN,2,2,73.93,89.61,21,HIGH,SW,N,CITY_OPEN,False,0.825,11.3,True,0,0.73,42.2,NONE,False,SYNTHETIC,RISK_PROJECT_BASELINE,Tổ hợp thương mại căn hộ Phú Mỹ,1248,3000,20260630,TC-01,SUSPENDED_PENDING_REVIEW,2026-06-30,2026-05-15,SYNTHETIC_RISK_SCENARIO
501250,TST-U01250,TST-U01250,500,501,3PN,3,2,106.16,125.48,21,HIGH,SE,N,PARK,False,0.846,7.5,False,1,0.29,34.7,NONE,False,SYNTHETIC,RISK_PROJECT_BASELINE,Tổ hợp thương mại căn hộ Phú Mỹ,1248,3000,20260630,TC-01,SUSPENDED_PENDING_REVIEW,2026-06-30,2026-05-15,SYNTHETIC_RISK_SCENARIO
501251,TST-U01251,TST-U01251,500,501,2PN,2,2,72.2,81.49,21,HIGH,NE,NW,OBSTRUCTED,False,0.886,10.1,False,1,0.17,9.2,NONE,False,SYNTHETIC,RISK_PROJECT_BASELINE,Tổ hợp thương mại căn hộ Phú Mỹ,1248,3000,20260630,TC-01,SUSPENDED_PENDING_REVIEW,2026-06-30,2026-05-15,SYNTHETIC_RISK_SCENARIO
501252,TST-U01252,TST-U01252,500,501,1PN,1,1,58.44,69.24,21,HIGH,E,W,CITY_OPEN,False,0.844,3.3,True,0,0.25,66.0,NONE,False,SYNTHETIC,RISK_PROJECT_BASELINE,Tổ hợp thương mại căn hộ Phú Mỹ,1248,3000,20260630,TC-01,SUSPENDED_PENDING_REVIEW,2026-06-30,2026-05-15,SYNTHETIC_RISK_SCENARIO
501253,TST-U01253,TST-U01253,500,501,1PN,1,1,56.01,63.0,21,HIGH,SE,SE,CITY_OPEN,True,0.889,7.2,False,0,0.13,105.6,NONE,False,SYNTHETIC,RISK_PROJECT_BASELINE,Tổ hợp thương mại căn hộ Phú Mỹ,1248,3000,20260630,TC-01,SUSPENDED_PENDING_REVIEW,2026-06-30,2026-05-15,SYNTHETIC_RISK_SCENARIO
501254,TST-U01254,TST-U01254,500,501,1PN,1,1,51.11,58.15,21,HIGH,S,SW,POOL,False,0.879,9.0,False,0,0.19,98.9,NONE,False,SYNTHETIC,RISK_PROJECT_BASELINE,Tổ hợp thương mại căn hộ Phú Mỹ,1248,3000,20260630,TC-01,SUSPENDED_PENDING_REVIEW,2026-06-30,2026-05-15,SYNTHETIC_RISK_SCENARIO
501255,TST-U01255,TST-U01255,500,501,2PN,2,2,84.32,102.21,22,HIGH,SE,E,OBSTRUCTED,False,0.825,3.9,False,1,0.21,8.2,NONE,False,SYNTHETIC,RISK_PROJECT_BASELINE,Tổ hợp thương mại căn hộ Phú Mỹ,1248,3000,20260630,TC-01,SUSPENDED_PENDING_REVIEW,2026-06-30,2026-05-15,SYNTHETIC_RISK_SCENARIO
501256,TST-U01256,TST-U01256,500,501,3PN,3,2,116.51,145.09,22,HIGH,SE,SW,CITY_OPEN,False,0.803,6.1,False,0,0.18,56.5,NONE,False,SYNTHETIC,RISK_PROJECT_BASELINE,Tổ hợp thương mại căn hộ Phú Mỹ,1248,3000,20260630,TC-01,SUSPENDED_PENDING_REVIEW,2026-06-30,2026-05-15,SYNTHETIC_RISK_SCENARIO
501257,TST-U01257,TST-U01257,500,501,STUDIO,1,1,41.53,49.15,22,HIGH,SW,W,OBSTRUCTED,False,0.845,7.5,False,0,0.91,10.9,NONE,False,SYNTHETIC,RISK_PROJECT_BASELINE,Tổ hợp thương mại căn hộ Phú Mỹ,1248,3000,20260630,TC-01,SUSPENDED_PENDING_REVIEW,2026-06-30,2026-05-15,SYNTHETIC_RISK_SCENARIO
501258,TST-U01258,TST-U01258,500,501,3PN,3,2,110.55,124.63,22,HIGH,SE,SE,CITY_OPEN,False,0.887,8.6,False,0,0.28,34.2,NONE,False,SYNTHETIC,RISK_PROJECT_BASELINE,Tổ hợp thương mại căn hộ Phú Mỹ,1248,3000,20260630,TC-01,SUSPENDED_PENDING_REVIEW,2026-06-30,2026-05-15,SYNTHETIC_RISK_SCENARIO
501259,TST-U01259,TST-U01259,500,501,STUDIO,1,1,44.97,51.51,22,HIGH,N,N,POOL,False,0.873,10.0,False,2,0.25,63.2,NONE,False,SYNTHETIC,RISK_PROJECT_BASELINE,Tổ hợp thương mại căn hộ Phú Mỹ,1248,3000,20260630,TC-01,SUSPENDED_PENDING_REVIEW,2026-06-30,2026-05-15,SYNTHETIC_RISK_SCENARIO
501260,TST-U01260,TST-U01260,500,501,1PN,1,1,55.6,65.72,22,HIGH,E,NE,OBSTRUCTED,False,0.846,16.0,False,0,0.08,9.8,NONE,False,SYNTHETIC,RISK_PROJECT_BASELINE,Tổ hợp thương mại căn hộ Phú Mỹ,1248,3000,20260630,TC-01,SUSPENDED_PENDING_REVIEW,2026-06-30,2026-05-15,SYNTHETIC_RISK_SCENARIO
501261,TST-U01261,TST-U01261,500,501,STUDIO,1,1,41.2,46.98,22,HIGH,NW,N,CITY_OPEN,False,0.877,5.5,False,1,0.66,98.1,NONE,False,SYNTHETIC,RISK_PROJECT_BASELINE,Tổ hợp thương mại căn hộ Phú Mỹ,1248,3000,20260630,TC-01,SUSPENDED_PENDING_REVIEW,2026-06-30,2026-05-15,SYNTHETIC_RISK_SCENARIO
501262,TST-U01262,TST-U01262,500,501,1PN,1,1,54.33,66.42,22,HIGH,SW,E,CITY_OPEN,False,0.818,12.3,False,1,0.69,36.5,NONE,False,SYNTHETIC,RISK_PROJECT_BASELINE,Tổ hợp thương mại căn hộ Phú Mỹ,1248,3000,20260630,TC-01,SUSPENDED_PENDING_REVIEW,2026-06-30,2026-05-15,SYNTHETIC_RISK_SCENARIO
501263,TST-U01263,TST-U01263,500,501,2PN,2,2,76.57,86.03,22,HIGH,S,NE,CITY_OPEN,False,0.89,7.3,True,0,0.08,36.7,NONE,False,SYNTHETIC,RISK_PROJECT_BASELINE,Tổ hợp thương mại căn hộ Phú Mỹ,1248,3000,20260630,TC-01,SUSPENDED_PENDING_REVIEW,2026-06-30,2026-05-15,SYNTHETIC_RISK_SCENARIO
501264,TST-U01264,TST-U01264,500,501,3PN,3,2,111.56,126.49,22,HIGH,N,NE,OBSTRUCTED,False,0.882,15.6,False,0,0.04,12.3,NONE,False,SYNTHETIC,RISK_PROJECT_BASELINE,Tổ hợp thương mại căn hộ Phú Mỹ,1248,3000,20260630,TC-01,SUSPENDED_PENDING_REVIEW,2026-06-30,2026-05-15,SYNTHETIC_RISK_SCENARIO
501265,TST-U01265,TST-U01265,500,501,STUDIO,1,1,45.01,55.84,22,HIGH,N,SW,OBSTRUCTED,False,0.806,16.0,False,0,0.25,5.4,NONE,False,SYNTHETIC,RISK_PROJECT_BASELINE,Tổ hợp thương mại căn hộ Phú Mỹ,1248,3000,20260630,TC-01,SUSPENDED_PENDING_REVIEW,2026-06-30,2026-05-15,SYNTHETIC_RISK_SCENARIO
501266,TST-U01266,TST-U01266,500,501,3PN,3,2,105.72,121.8,22,HIGH,SW,SW,PARK,False,0.868,6.4,False,0,0.58,35.9,NONE,False,SYNTHETIC,RISK_PROJECT_BASELINE,Tổ hợp thương mại căn hộ Phú Mỹ,1248,3000,20260630,TC-01,SUSPENDED_PENDING_REVIEW,2026-06-30,2026-05-15,SYNTHETIC_RISK_SCENARIO
501267,TST-U01267,TST-U01267,500,501,2PN,2,2,70.49,81.77,22,HIGH,N,E,CITY_OPEN,True,0.862,12.7,False,0,0.21,100.8,WASTE_STATION,False,SYNTHETIC,RISK_PROJECT_BASELINE,Tổ hợp thương mại căn hộ Phú Mỹ,1248,3000,20260630,TC-01,SUSPENDED_PENDING_REVIEW,2026-06-30,2026-05-15,SYNTHETIC_RISK_SCENARIO
501268,TST-U01268,TST-U01268,500,501,1PN,1,1,52.16,60.65,22,HIGH,S,SE,OBSTRUCTED,False,0.86,12.1,False,0,0.26,13.3,NONE,False,SYNTHETIC,RISK_PROJECT_BASELINE,Tổ hợp thương mại căn hộ Phú Mỹ,1248,3000,20260630,TC-01,SUSPENDED_PENDING_REVIEW,2026-06-30,2026-05-15,SYNTHETIC_RISK_SCENARIO
501269,TST-U01269,TST-U01269,500,501,2PN,2,2,78.15,95.65,22,HIGH,SE,NE,CITY_OPEN,False,0.817,15.7,False,0,0.14,53.9,NONE,False,SYNTHETIC,RISK_PROJECT_BASELINE,Tổ hợp thương mại căn hộ Phú Mỹ,1248,3000,20260630,TC-01,SUSPENDED_PENDING_REVIEW,2026-06-30,2026-05-15,SYNTHETIC_RISK_SCENARIO
501270,TST-U01270,TST-U01270,500,501,2PN,2,2,65.51,79.12,22,HIGH,NE,S,POOL,False,0.828,4.7,False,1,0.2,51.4,NONE,False,SYNTHETIC,RISK_PROJECT_BASELINE,Tổ hợp thương mại căn hộ Phú Mỹ,1248,3000,20260630,TC-01,SUSPENDED_PENDING_REVIEW,2026-06-30,2026-05-15,SYNTHETIC_RISK_SCENARIO
501271,TST-U01271,TST-U01271,500,501,2PN,2,2,62.92,75.35,22,HIGH,SE,W,POOL,False,0.835,1.9,False,1,0.29,107.2,NONE,False,SYNTHETIC,RISK_PROJECT_BASELINE,Tổ hợp thương mại căn hộ Phú Mỹ,1248,3000,20260630,TC-01,SUSPENDED_PENDING_REVIEW,2026-06-30,2026-05-15,SYNTHETIC_RISK_SCENARIO
501272,TST-U01272,TST-U01272,500,501,1PN,1,1,54.38,66.81,22,HIGH,SE,S,CITY_OPEN,True,0.814,11.9,True,0,0.23,28.8,NONE,False,SYNTHETIC,RISK_PROJECT_BASELINE,Tổ hợp thương mại căn hộ Phú Mỹ,1248,3000,20260630,TC-01,SUSPENDED_PENDING_REVIEW,2026-06-30,2026-05-15,SYNTHETIC_RISK_SCENARIO
501273,TST-U01273,TST-U01273,500,501,3PN,3,2,109.86,124.98,22,HIGH,SE,E,OBSTRUCTED,False,0.879,4.0,False,0,0.05,14.3,NONE,False,SYNTHETIC,RISK_PROJECT_BASELINE,Tổ hợp thương mại căn hộ Phú Mỹ,1248,3000,20260630,TC-01,SUSPENDED_PENDING_REVIEW,2026-06-30,2026-05-15,SYNTHETIC_RISK_SCENARIO
501274,TST-U01274,TST-U01274,500,501,2PN,2,2,76.41,90.0,22,HIGH,SE,SE,OBSTRUCTED,False,0.849,13.9,True,0,0.28,12.5,NONE,False,SYNTHETIC,RISK_PROJECT_BASELINE,Tổ hợp thương mại căn hộ Phú Mỹ,1248,3000,20260630,TC-01,SUSPENDED_PENDING_REVIEW,2026-06-30,2026-05-15,SYNTHETIC_RISK_SCENARIO
501275,TST-U01275,TST-U01275,500,501,3PN,3,2,100.92,114.29,22,HIGH,SE,W,OBSTRUCTED,False,0.883,7.7,False,1,0.06,7.4,NONE,False,SYNTHETIC,RISK_PROJECT_BASELINE,Tổ hợp thương mại căn hộ Phú Mỹ,1248,3000,20260630,TC-01,SUSPENDED_PENDING_REVIEW,2026-06-30,2026-05-15,SYNTHETIC_RISK_SCENARIO
501276,TST-U01276,TST-U01276,500,501,2PN,2,2,71.58,84.31,22,HIGH,W,SW,OBSTRUCTED,False,0.849,11.2,False,0,0.77,8.0,NONE,False,SYNTHETIC,RISK_PROJECT_BASELINE,Tổ hợp thương mại căn hộ Phú Mỹ,1248,3000,20260630,TC-01,SUSPENDED_PENDING_REVIEW,2026-06-30,2026-05-15,SYNTHETIC_RISK_SCENARIO
501277,TST-U01277,TST-U01277,500,501,2PN,2,2,71.9,87.15,22,HIGH,E,E,OBSTRUCTED,False,0.825,8.0,False,0,0.13,15.0,TEMPLE,False,SYNTHETIC,RISK_PROJECT_BASELINE,Tổ hợp thương mại căn hộ Phú Mỹ,1248,3000,20260630,TC-01,SUSPENDED_PENDING_REVIEW,2026-06-30,2026-05-15,SYNTHETIC_RISK_SCENARIO
501278,TST-U01278,TST-U01278,500,501,2PN,2,2,67.59,78.78,22,HIGH,N,SW,OBSTRUCTED,False,0.858,5.3,False,1,0.23,6.5,NONE,False,SYNTHETIC,RISK_PROJECT_BASELINE,Tổ hợp thương mại căn hộ Phú Mỹ,1248,3000,20260630,TC-01,SUSPENDED_PENDING_REVIEW,2026-06-30,2026-05-15,SYNTHETIC_RISK_SCENARIO
501279,TST-U01279,TST-U01279,500,501,3PN,3,2,104.71,122.61,22,HIGH,SW,NE,PARK,True,0.854,2.5,False,1,0.83,93.9,NONE,False,SYNTHETIC,RISK_PROJECT_BASELINE,Tổ hợp thương mại căn hộ Phú Mỹ,1248,3000,20260630,TC-01,SUSPENDED_PENDING_REVIEW,2026-06-30,2026-05-15,SYNTHETIC_RISK_SCENARIO
501280,TST-U01280,TST-U01280,500,501,2PN,2,2,78.18,91.87,22,HIGH,S,NE,OBSTRUCTED,False,0.851,14.6,True,0,0.3,9.4,NONE,False,SYNTHETIC,RISK_PROJECT_BASELINE,Tổ hợp thương mại căn hộ Phú Mỹ,1248,3000,20260630,TC-01,SUSPENDED_PENDING_REVIEW,2026-06-30,2026-05-15,SYNTHETIC_RISK_SCENARIO
501281,TST-U01281,TST-U01281,500,501,2PN,2,2,75.46,88.15,22,HIGH,SW,SW,PARK,False,0.856,1.8,False,1,0.88,60.7,NONE,False,SYNTHETIC,RISK_PROJECT_BASELINE,Tổ hợp thương mại căn hộ Phú Mỹ,1248,3000,20260630,TC-01,SUSPENDED_PENDING_REVIEW,2026-06-30,2026-05-15,SYNTHETIC_RISK_SCENARIO
501282,TST-U01282,TST-U01282,500,501,1PN,1,1,53.77,61.03,22,HIGH,N,SW,CITY_OPEN,False,0.881,2.7,False,0,0.03,73.2,NONE,False,SYNTHETIC,RISK_PROJECT_BASELINE,Tổ hợp thương mại căn hộ Phú Mỹ,1248,3000,20260630,TC-01,SUSPENDED_PENDING_REVIEW,2026-06-30,2026-05-15,SYNTHETIC_RISK_SCENARIO
501283,TST-U01283,TST-U01283,500,501,3PN,3,2,105.57,131.8,22,HIGH,E,SW,POOL,False,0.801,12.4,False,0,0.21,83.1,WASTE_STATION,False,SYNTHETIC,RISK_PROJECT_BASELINE,Tổ hợp thương mại căn hộ Phú Mỹ,1248,3000,20260630,TC-01,SUSPENDED_PENDING_REVIEW,2026-06-30,2026-05-15,SYNTHETIC_RISK_SCENARIO
501284,TST-U01284,TST-U01284,500,501,2PN,2,2,77.33,90.23,22,HIGH,SE,SE,CITY_OPEN,False,0.857,9.8,False,0,0.12,62.8,NONE,False,SYNTHETIC,RISK_PROJECT_BASELINE,Tổ hợp thương mại căn hộ Phú Mỹ,1248,3000,20260630,TC-01,SUSPENDED_PENDING_REVIEW,2026-06-30,2026-05-15,SYNTHETIC_RISK_SCENARIO
501285,TST-U01285,TST-U01285,500,501,1PN,1,1,59.09,72.95,22,HIGH,N,SW,OBSTRUCTED,True,0.81,12.2,False,0,0.31,16.7,NONE,False,SYNTHETIC,RISK_PROJECT_BASELINE,Tổ hợp thương mại căn hộ Phú Mỹ,1248,3000,20260630,TC-01,SUSPENDED_PENDING_REVIEW,2026-06-30,2026-05-15,SYNTHETIC_RISK_SCENARIO
501286,TST-U01286,TST-U01286,500,501,2PN,2,2,73.52,83.64,22,HIGH,S,NW,OBSTRUCTED,False,0.879,8.2,False,1,0.25,7.8,NONE,False,SYNTHETIC,RISK_PROJECT_BASELINE,Tổ hợp thương mại căn hộ Phú Mỹ,1248,3000,20260630,TC-01,SUSPENDED_PENDING_REVIEW,2026-06-30,2026-05-15,SYNTHETIC_RISK_SCENARIO
501287,TST-U01287,TST-U01287,500,501,2PN,2,2,77.16,92.19,22,HIGH,N,N,PARK,False,0.837,14.4,False,0,0.27,106.9,NONE,False,SYNTHETIC,RISK_PROJECT_BASELINE,Tổ hợp thương mại căn hộ Phú Mỹ,1248,3000,20260630,TC-01,SUSPENDED_PENDING_REVIEW,2026-06-30,2026-05-15,SYNTHETIC_RISK_SCENARIO
501288,TST-U01288,TST-U01288,500,501,1PN,1,1,47.64,56.05,22,HIGH,SE,N,OBSTRUCTED,False,0.85,12.4,False,0,0.19,14.7,WASTE_STATION,False,SYNTHETIC,RISK_PROJECT_BASELINE,Tổ hợp thương mại căn hộ Phú Mỹ,1248,3000,20260630,TC-01,SUSPENDED_PENDING_REVIEW,2026-06-30,2026-05-15,SYNTHETIC_RISK_SCENARIO
501289,TST-U01289,TST-U01289,500,501,2PN,2,2,74.18,91.24,22,HIGH,SE,S,CITY_OPEN,False,0.813,8.7,False,1,0.23,60.2,WASTE_STATION,False,SYNTHETIC,RISK_PROJECT_BASELINE,Tổ hợp thương mại căn hộ Phú Mỹ,1248,3000,20260630,TC-01,SUSPENDED_PENDING_REVIEW,2026-06-30,2026-05-15,SYNTHETIC_RISK_SCENARIO
501290,TST-U01290,TST-U01290,500,501,2PN,2,2,72.45,81.59,22,HIGH,NE,W,CITY_OPEN,False,0.888,2.1,True,1,0.14,103.3,NONE,False,SYNTHETIC,RISK_PROJECT_BASELINE,Tổ hợp thương mại căn hộ Phú Mỹ,1248,3000,20260630,TC-01,SUSPENDED_PENDING_REVIEW,2026-06-30,2026-05-15,SYNTHETIC_RISK_SCENARIO
501291,TST-U01291,TST-U01291,500,501,2PN,2,2,76.47,95.23,22,HIGH,W,W,CITY_OPEN,False,0.803,15.5,False,0,0.9,99.1,NONE,False,SYNTHETIC,RISK_PROJECT_BASELINE,Tổ hợp thương mại căn hộ Phú Mỹ,1248,3000,20260630,TC-01,SUSPENDED_PENDING_REVIEW,2026-06-30,2026-05-15,SYNTHETIC_RISK_SCENARIO
501292,TST-U01292,TST-U01292,500,501,2PN,2,2,83.95,97.73,22,HIGH,E,S,OBSTRUCTED,True,0.859,7.0,False,1,0.25,9.2,NONE,False,SYNTHETIC,RISK_PROJECT_BASELINE,Tổ hợp thương mại căn hộ Phú Mỹ,1248,3000,20260630,TC-01,SUSPENDED_PENDING_REVIEW,2026-06-30,2026-05-15,SYNTHETIC_RISK_SCENARIO
501293,TST-U01293,TST-U01293,500,501,2PN,2,2,76.65,90.93,22,HIGH,SE,SW,POOL,True,0.843,14.1,False,0,0.23,33.8,NONE,False,SYNTHETIC,RISK_PROJECT_BASELINE,Tổ hợp thương mại căn hộ Phú Mỹ,1248,3000,20260630,TC-01,SUSPENDED_PENDING_REVIEW,2026-06-30,2026-05-15,SYNTHETIC_RISK_SCENARIO
501294,TST-U01294,TST-U01294,500,501,1PN,1,1,53.2,61.01,22,HIGH,SW,SW,OBSTRUCTED,False,0.872,10.2,False,1,0.75,13.9,NONE,False,SYNTHETIC,RISK_PROJECT_BASELINE,Tổ hợp thương mại căn hộ Phú Mỹ,1248,3000,20260630,TC-01,SUSPENDED_PENDING_REVIEW,2026-06-30,2026-05-15,SYNTHETIC_RISK_SCENARIO
501295,TST-U01295,TST-U01295,500,501,3PN,3,2,104.63,124.12,22,HIGH,W,SE,CITY_OPEN,False,0.843,12.0,True,1,0.62,61.4,NONE,False,SYNTHETIC,RISK_PROJECT_BASELINE,Tổ hợp thương mại căn hộ Phú Mỹ,1248,3000,20260630,TC-01,SUSPENDED_PENDING_REVIEW,2026-06-30,2026-05-15,SYNTHETIC_RISK_SCENARIO
501296,TST-U01296,TST-U01296,500,501,2PN,2,2,67.06,78.99,22,HIGH,SE,W,CITY_OPEN,False,0.849,12.4,False,1,0.07,100.7,NONE,False,SYNTHETIC,RISK_PROJECT_BASELINE,Tổ hợp thương mại căn hộ Phú Mỹ,1248,3000,20260630,TC-01,SUSPENDED_PENDING_REVIEW,2026-06-30,2026-05-15,SYNTHETIC_RISK_SCENARIO
501297,TST-U01297,TST-U01297,500,501,2PN,2,2,78.46,89.36,22,HIGH,E,NE,PARK,False,0.878,4.2,False,0,0.24,86.2,NONE,False,SYNTHETIC,RISK_PROJECT_BASELINE,Tổ hợp thương mại căn hộ Phú Mỹ,1248,3000,20260630,TC-01,SUSPENDED_PENDING_REVIEW,2026-06-30,2026-05-15,SYNTHETIC_RISK_SCENARIO
501298,TST-U01298,TST-U01298,500,501,2PN,2,2,70.69,79.61,22,HIGH,NE,NW,OBSTRUCTED,False,0.888,12.3,True,0,0.04,16.3,TEMPLE,False,SYNTHETIC,RISK_PROJECT_BASELINE,Tổ hợp thương mại căn hộ Phú Mỹ,1248,3000,20260630,TC-01,SUSPENDED_PENDING_REVIEW,2026-06-30,2026-05-15,SYNTHETIC_RISK_SCENARIO
501299,TST-U01299,TST-U01299,500,501,2PN,2,2,76.13,93.53,22,HIGH,SW,SW,CITY_OPEN,True,0.814,14.4,False,1,0.86,109.8,NONE,False,SYNTHETIC,RISK_PROJECT_BASELINE,Tổ hợp thương mại căn hộ Phú Mỹ,1248,3000,20260630,TC-01,SUSPENDED_PENDING_REVIEW,2026-06-30,2026-05-15,SYNTHETIC_RISK_SCENARIO
501300,TST-U01300,TST-U01300,500,501,STUDIO,1,1,42.88,49.34,22,HIGH,W,W,OBSTRUCTED,False,0.869,2.9,False,0,0.71,7.0,NONE,False,SYNTHETIC,RISK_PROJECT_BASELINE,Tổ hợp thương mại căn hộ Phú Mỹ,1248,3000,20260630,TC-01,SUSPENDED_PENDING_REVIEW,2026-06-30,2026-05-15,SYNTHETIC_RISK_SCENARIO
501301,TST-U01301,TST-U01301,500,501,3PN,3,2,97.73,113.64,22,HIGH,NW,W,CITY_OPEN,False,0.86,12.3,False,0,0.57,87.6,NONE,False,SYNTHETIC,RISK_PROJECT_BASELINE,Tổ hợp thương mại căn hộ Phú Mỹ,1248,3000,20260630,TC-01,SUSPENDED_PENDING_REVIEW,2026-06-30,2026-05-15,SYNTHETIC_RISK_SCENARIO
501302,TST-U01302,TST-U01302,500,501,3PN,3,2,107.2,124.65,22,HIGH,NW,SE,CITY_OPEN,False,0.86,3.4,False,0,0.59,57.5,NONE,False,SYNTHETIC,RISK_PROJECT_BASELINE,Tổ hợp thương mại căn hộ Phú Mỹ,1248,3000,20260630,TC-01,SUSPENDED_PENDING_REVIEW,2026-06-30,2026-05-15,SYNTHETIC_RISK_SCENARIO
501303,TST-U01303,TST-U01303,500,501,2PN,2,2,78.97,90.56,22,HIGH,E,SW,CITY_OPEN,False,0.872,7.5,False,0,0.03,43.1,NONE,False,SYNTHETIC,RISK_PROJECT_BASELINE,Tổ hợp thương mại căn hộ Phú Mỹ,1248,3000,20260630,TC-01,SUSPENDED_PENDING_REVIEW,2026-06-30,2026-05-15,SYNTHETIC_RISK_SCENARIO
501304,TST-U01304,TST-U01304,500,501,1PN,1,1,58.51,68.75,22,HIGH,SE,NE,CITY_OPEN,False,0.851,14.1,False,0,0.1,109.4,NONE,False,SYNTHETIC,RISK_PROJECT_BASELINE,Tổ hợp thương mại căn hộ Phú Mỹ,1248,3000,20260630,TC-01,SUSPENDED_PENDING_REVIEW,2026-06-30,2026-05-15,SYNTHETIC_RISK_SCENARIO
501305,TST-U01305,TST-U01305,500,501,1PN,1,1,56.38,64.07,22,HIGH,N,N,OBSTRUCTED,True,0.88,1.3,False,0,0.17,13.3,NONE,False,SYNTHETIC,RISK_PROJECT_BASELINE,Tổ hợp thương mại căn hộ Phú Mỹ,1248,3000,20260630,TC-01,SUSPENDED_PENDING_REVIEW,2026-06-30,2026-05-15,SYNTHETIC_RISK_SCENARIO
501306,TST-U01306,TST-U01306,500,501,3PN,3,2,109.22,132.07,22,HIGH,E,NE,PARK,False,0.827,11.9,False,0,0.27,87.0,NONE,False,SYNTHETIC,RISK_PROJECT_BASELINE,Tổ hợp thương mại căn hộ Phú Mỹ,1248,3000,20260630,TC-01,SUSPENDED_PENDING_REVIEW,2026-06-30,2026-05-15,SYNTHETIC_RISK_SCENARIO
501307,TST-U01307,TST-U01307,500,501,2PN,2,2,64.25,79.13,22,HIGH,W,SE,CITY_OPEN,False,0.812,11.3,True,1,0.93,58.7,NONE,False,SYNTHETIC,RISK_PROJECT_BASELINE,Tổ hợp thương mại căn hộ Phú Mỹ,1248,3000,20260630,TC-01,SUSPENDED_PENDING_REVIEW,2026-06-30,2026-05-15,SYNTHETIC_RISK_SCENARIO
501308,TST-U01308,TST-U01308,500,501,2PN,2,2,85.47,97.68,22,HIGH,S,W,OBSTRUCTED,False,0.875,13.8,False,0,0.31,8.2,WASTE_STATION,False,SYNTHETIC,RISK_PROJECT_BASELINE,Tổ hợp thương mại căn hộ Phú Mỹ,1248,3000,20260630,TC-01,SUSPENDED_PENDING_REVIEW,2026-06-30,2026-05-15,SYNTHETIC_RISK_SCENARIO
501309,TST-U01309,TST-U01309,500,501,2PN,2,2,79.82,97.34,22,HIGH,N,NE,CITY_OPEN,True,0.82,12.6,False,0,0.21,104.9,NONE,False,SYNTHETIC,RISK_PROJECT_BASELINE,Tổ hợp thương mại căn hộ Phú Mỹ,1248,3000,20260630,TC-01,SUSPENDED_PENDING_REVIEW,2026-06-30,2026-05-15,SYNTHETIC_RISK_SCENARIO
501310,TST-U01310,TST-U01310,500,501,2PN,2,2,81.76,92.49,22,HIGH,E,W,OBSTRUCTED,False,0.884,3.6,False,0,0.08,17.4,NONE,False,SYNTHETIC,RISK_PROJECT_BASELINE,Tổ hợp thương mại căn hộ Phú Mỹ,1248,3000,20260630,TC-01,SUSPENDED_PENDING_REVIEW,2026-06-30,2026-05-15,SYNTHETIC_RISK_SCENARIO
501311,TST-U01311,TST-U01311,500,501,2PN,2,2,74.37,86.48,22,HIGH,NW,NW,PARK,False,0.86,14.5,False,1,0.92,88.3,NONE,False,SYNTHETIC,RISK_PROJECT_BASELINE,Tổ hợp thương mại căn hộ Phú Mỹ,1248,3000,20260630,TC-01,SUSPENDED_PENDING_REVIEW,2026-06-30,2026-05-15,SYNTHETIC_RISK_SCENARIO
501312,TST-U01312,TST-U01312,500,501,2PN,2,2,71.93,88.04,22,HIGH,E,SW,PARK,False,0.817,7.8,False,0,0.21,48.6,NONE,False,SYNTHETIC,RISK_PROJECT_BASELINE,Tổ hợp thương mại căn hộ Phú Mỹ,1248,3000,20260630,TC-01,SUSPENDED_PENDING_REVIEW,2026-06-30,2026-05-15,SYNTHETIC_RISK_SCENARIO
501313,TST-U01313,TST-U01313,500,501,2PN,2,2,75.62,91.33,22,HIGH,SW,NE,OBSTRUCTED,False,0.828,4.5,False,0,0.54,11.8,NONE,False,SYNTHETIC,RISK_PROJECT_BASELINE,Tổ hợp thương mại căn hộ Phú Mỹ,1248,3000,20260630,TC-01,SUSPENDED_PENDING_REVIEW,2026-06-30,2026-05-15,SYNTHETIC_RISK_SCENARIO
501314,TST-U01314,TST-U01314,500,501,2PN,2,2,71.91,89.89,22,HIGH,S,W,OBSTRUCTED,True,0.8,14.6,False,0,0.23,17.0,NONE,False,SYNTHETIC,RISK_PROJECT_BASELINE,Tổ hợp thương mại căn hộ Phú Mỹ,1248,3000,20260630,TC-01,SUSPENDED_PENDING_REVIEW,2026-06-30,2026-05-15,SYNTHETIC_RISK_SCENARIO
501315,TST-U01315,TST-U01315,500,501,3PN,3,2,103.94,117.98,22,HIGH,SE,NE,CITY_OPEN,False,0.881,6.8,True,2,0.3,45.9,NONE,False,SYNTHETIC,RISK_PROJECT_BASELINE,Tổ hợp thương mại căn hộ Phú Mỹ,1248,3000,20260630,TC-01,SUSPENDED_PENDING_REVIEW,2026-06-30,2026-05-15,SYNTHETIC_RISK_SCENARIO
501316,TST-U01316,TST-U01316,500,501,2PN,2,2,76.73,91.13,22,HIGH,W,N,PARK,False,0.842,7.1,False,0,0.89,88.2,NONE,False,SYNTHETIC,RISK_PROJECT_BASELINE,Tổ hợp thương mại căn hộ Phú Mỹ,1248,3000,20260630,TC-01,SUSPENDED_PENDING_REVIEW,2026-06-30,2026-05-15,SYNTHETIC_RISK_SCENARIO
501317,TST-U01317,TST-U01317,500,501,2PN,2,2,75.94,86.1,22,HIGH,W,NW,PARK,False,0.882,6.6,False,1,0.72,68.4,NONE,False,SYNTHETIC,RISK_PROJECT_BASELINE,Tổ hợp thương mại căn hộ Phú Mỹ,1248,3000,20260630,TC-01,SUSPENDED_PENDING_REVIEW,2026-06-30,2026-05-15,SYNTHETIC_RISK_SCENARIO
501318,TST-U01318,TST-U01318,500,501,2PN,2,2,68.42,82.93,22,HIGH,N,SW,OBSTRUCTED,False,0.825,4.3,False,1,0.26,9.6,NONE,False,SYNTHETIC,RISK_PROJECT_BASELINE,Tổ hợp thương mại căn hộ Phú Mỹ,1248,3000,20260630,TC-01,SUSPENDED_PENDING_REVIEW,2026-06-30,2026-05-15,SYNTHETIC_RISK_SCENARIO
501319,TST-U01319,TST-U01319,500,501,3PN,3,2,103.25,126.38,22,HIGH,SE,SW,CITY_OPEN,False,0.817,12.2,False,1,0.14,34.9,NONE,False,SYNTHETIC,RISK_PROJECT_BASELINE,Tổ hợp thương mại căn hộ Phú Mỹ,1248,3000,20260630,TC-01,SUSPENDED_PENDING_REVIEW,2026-06-30,2026-05-15,SYNTHETIC_RISK_SCENARIO
501320,TST-U01320,TST-U01320,500,501,2PN,2,2,87.14,100.74,22,HIGH,W,SE,OBSTRUCTED,True,0.865,13.7,False,1,0.79,11.3,NONE,False,SYNTHETIC,RISK_PROJECT_BASELINE,Tổ hợp thương mại căn hộ Phú Mỹ,1248,3000,20260630,TC-01,SUSPENDED_PENDING_REVIEW,2026-06-30,2026-05-15,SYNTHETIC_RISK_SCENARIO
501321,TST-U01321,TST-U01321,500,501,STUDIO,1,1,44.2,53.06,23,HIGH,SW,NE,POOL,False,0.833,5.9,False,1,0.77,103.0,NONE,False,SYNTHETIC,RISK_PROJECT_BASELINE,Tổ hợp thương mại căn hộ Phú Mỹ,1248,3000,20260630,TC-01,SUSPENDED_PENDING_REVIEW,2026-06-30,2026-05-15,SYNTHETIC_RISK_SCENARIO
501322,TST-U01322,TST-U01322,500,501,STUDIO,1,1,40.59,50.49,23,HIGH,E,SE,CITY_OPEN,True,0.804,4.1,False,0,0.25,40.6,NONE,False,SYNTHETIC,RISK_PROJECT_BASELINE,Tổ hợp thương mại căn hộ Phú Mỹ,1248,3000,20260630,TC-01,SUSPENDED_PENDING_REVIEW,2026-06-30,2026-05-15,SYNTHETIC_RISK_SCENARIO
501323,TST-U01323,TST-U01323,500,501,2PN,2,2,68.93,84.06,23,HIGH,W,N,POOL,False,0.82,14.4,True,2,0.85,40.5,NONE,False,SYNTHETIC,RISK_PROJECT_BASELINE,Tổ hợp thương mại căn hộ Phú Mỹ,1248,3000,20260630,TC-01,SUSPENDED_PENDING_REVIEW,2026-06-30,2026-05-15,SYNTHETIC_RISK_SCENARIO
501324,TST-U01324,TST-U01324,500,501,2PN,2,2,78.72,93.16,23,HIGH,SW,SE,POOL,False,0.845,5.1,True,0,0.6,107.6,NONE,False,SYNTHETIC,RISK_PROJECT_BASELINE,Tổ hợp thương mại căn hộ Phú Mỹ,1248,3000,20260630,TC-01,SUSPENDED_PENDING_REVIEW,2026-06-30,2026-05-15,SYNTHETIC_RISK_SCENARIO
501325,TST-U01325,TST-U01325,500,501,1PN,1,1,54.85,62.05,23,HIGH,NE,E,OBSTRUCTED,True,0.884,7.6,True,0,0.3,14.7,NONE,False,SYNTHETIC,RISK_PROJECT_BASELINE,Tổ hợp thương mại căn hộ Phú Mỹ,1248,3000,20260630,TC-01,SUSPENDED_PENDING_REVIEW,2026-06-30,2026-05-15,SYNTHETIC_RISK_SCENARIO
501326,TST-U01326,TST-U01326,500,501,2PN,2,2,73.69,88.57,23,HIGH,SW,NE,POOL,False,0.832,14.1,False,1,0.54,80.3,NONE,False,SYNTHETIC,RISK_PROJECT_BASELINE,Tổ hợp thương mại căn hộ Phú Mỹ,1248,3000,20260630,TC-01,SUSPENDED_PENDING_REVIEW,2026-06-30,2026-05-15,SYNTHETIC_RISK_SCENARIO
501327,TST-U01327,TST-U01327,500,501,3PN,3,2,98.42,116.34,23,HIGH,N,E,OBSTRUCTED,False,0.846,10.4,False,0,0.16,5.3,NONE,False,SYNTHETIC,RISK_PROJECT_BASELINE,Tổ hợp thương mại căn hộ Phú Mỹ,1248,3000,20260630,TC-01,SUSPENDED_PENDING_REVIEW,2026-06-30,2026-05-15,SYNTHETIC_RISK_SCENARIO
501328,TST-U01328,TST-U01328,500,501,2PN,2,2,68.62,79.42,23,HIGH,E,N,OBSTRUCTED,False,0.864,15.9,False,0,0.07,8.4,NONE,False,SYNTHETIC,RISK_PROJECT_BASELINE,Tổ hợp thương mại căn hộ Phú Mỹ,1248,3000,20260630,TC-01,SUSPENDED_PENDING_REVIEW,2026-06-30,2026-05-15,SYNTHETIC_RISK_SCENARIO
501329,TST-U01329,TST-U01329,500,501,2PN,2,2,76.7,92.41,23,HIGH,S,SW,OBSTRUCTED,False,0.83,10.3,False,1,0.3,8.9,NONE,False,SYNTHETIC,RISK_PROJECT_BASELINE,Tổ hợp thương mại căn hộ Phú Mỹ,1248,3000,20260630,TC-01,SUSPENDED_PENDING_REVIEW,2026-06-30,2026-05-15,SYNTHETIC_RISK_SCENARIO
501330,TST-U01330,TST-U01330,500,501,3PN,3,2,107.93,132.27,23,HIGH,SW,SW,CITY_OPEN,False,0.816,15.6,False,0,0.94,97.4,NONE,False,SYNTHETIC,RISK_PROJECT_BASELINE,Tổ hợp thương mại căn hộ Phú Mỹ,1248,3000,20260630,TC-01,SUSPENDED_PENDING_REVIEW,2026-06-30,2026-05-15,SYNTHETIC_RISK_SCENARIO
501331,TST-U01331,TST-U01331,500,501,2PN,2,2,70.85,87.25,23,HIGH,SW,E,OBSTRUCTED,False,0.812,12.7,True,1,0.65,14.6,NONE,False,SYNTHETIC,RISK_PROJECT_BASELINE,Tổ hợp thương mại căn hộ Phú Mỹ,1248,3000,20260630,TC-01,SUSPENDED_PENDING_REVIEW,2026-06-30,2026-05-15,SYNTHETIC_RISK_SCENARIO
501332,TST-U01332,TST-U01332,500,501,2PN,2,2,84.06,99.13,23,HIGH,SE,N,OBSTRUCTED,False,0.848,3.5,True,0,0.22,17.4,NONE,False,SYNTHETIC,RISK_PROJECT_BASELINE,Tổ hợp thương mại căn hộ Phú Mỹ,1248,3000,20260630,TC-01,SUSPENDED_PENDING_REVIEW,2026-06-30,2026-05-15,SYNTHETIC_RISK_SCENARIO
501333,TST-U01333,TST-U01333,500,501,2PN,2,2,71.35,87.01,23,HIGH,NW,SW,CITY_OPEN,True,0.82,5.6,False,1,0.87,81.3,NONE,False,SYNTHETIC,RISK_PROJECT_BASELINE,Tổ hợp thương mại căn hộ Phú Mỹ,1248,3000,20260630,TC-01,SUSPENDED_PENDING_REVIEW,2026-06-30,2026-05-15,SYNTHETIC_RISK_SCENARIO
501334,TST-U01334,TST-U01334,500,501,2PN,2,2,72.19,88.69,23,HIGH,W,W,OBSTRUCTED,False,0.814,4.1,True,0,0.75,10.1,NONE,False,SYNTHETIC,RISK_PROJECT_BASELINE,Tổ hợp thương mại căn hộ Phú Mỹ,1248,3000,20260630,TC-01,SUSPENDED_PENDING_REVIEW,2026-06-30,2026-05-15,SYNTHETIC_RISK_SCENARIO
501335,TST-U01335,TST-U01335,500,501,1PN,1,1,55.84,66.08,23,HIGH,SW,NE,CITY_OPEN,True,0.845,10.3,False,1,0.78,79.8,NONE,False,SYNTHETIC,RISK_PROJECT_BASELINE,Tổ hợp thương mại căn hộ Phú Mỹ,1248,3000,20260630,TC-01,SUSPENDED_PENDING_REVIEW,2026-06-30,2026-05-15,SYNTHETIC_RISK_SCENARIO
501336,TST-U01336,TST-U01336,500,501,3PN,3,2,94.24,115.21,23,HIGH,SW,SE,CITY_OPEN,True,0.818,6.2,False,2,0.78,49.4,NONE,False,SYNTHETIC,RISK_PROJECT_BASELINE,Tổ hợp thương mại căn hộ Phú Mỹ,1248,3000,20260630,TC-01,SUSPENDED_PENDING_REVIEW,2026-06-30,2026-05-15,SYNTHETIC_RISK_SCENARIO
501337,TST-U01337,TST-U01337,500,501,2PN,2,2,77.08,90.15,23,HIGH,E,S,PARK,False,0.855,12.4,False,0,0.25,88.0,NONE,False,SYNTHETIC,RISK_PROJECT_BASELINE,Tổ hợp thương mại căn hộ Phú Mỹ,1248,3000,20260630,TC-01,SUSPENDED_PENDING_REVIEW,2026-06-30,2026-05-15,SYNTHETIC_RISK_SCENARIO
501338,TST-U01338,TST-U01338,500,501,3PN,3,2,98.27,111.42,23,HIGH,NW,NW,OBSTRUCTED,False,0.882,14.8,False,1,0.93,6.2,NONE,False,SYNTHETIC,RISK_PROJECT_BASELINE,Tổ hợp thương mại căn hộ Phú Mỹ,1248,3000,20260630,TC-01,SUSPENDED_PENDING_REVIEW,2026-06-30,2026-05-15,SYNTHETIC_RISK_SCENARIO
501339,TST-U01339,TST-U01339,500,501,1PN,1,1,57.2,66.36,23,HIGH,SE,S,CITY_OPEN,False,0.862,7.5,True,0,0.04,31.7,NONE,False,SYNTHETIC,RISK_PROJECT_BASELINE,Tổ hợp thương mại căn hộ Phú Mỹ,1248,3000,20260630,TC-01,SUSPENDED_PENDING_REVIEW,2026-06-30,2026-05-15,SYNTHETIC_RISK_SCENARIO
501340,TST-U01340,TST-U01340,500,501,STUDIO,1,1,39.47,45.9,23,HIGH,E,SW,POOL,False,0.86,10.3,False,1,0.19,109.2,NONE,False,SYNTHETIC,RISK_PROJECT_BASELINE,Tổ hợp thương mại căn hộ Phú Mỹ,1248,3000,20260630,TC-01,SUSPENDED_PENDING_REVIEW,2026-06-30,2026-05-15,SYNTHETIC_RISK_SCENARIO
501341,TST-U01341,TST-U01341,500,501,2PN,2,2,78.92,89.58,23,HIGH,N,W,POOL,False,0.881,14.8,False,1,0.2,89.7,NONE,False,SYNTHETIC,RISK_PROJECT_BASELINE,Tổ hợp thương mại căn hộ Phú Mỹ,1248,3000,20260630,TC-01,SUSPENDED_PENDING_REVIEW,2026-06-30,2026-05-15,SYNTHETIC_RISK_SCENARIO
501342,TST-U01342,TST-U01342,500,501,2PN,2,2,78.16,96.61,23,HIGH,S,N,OBSTRUCTED,False,0.809,11.0,False,0,0.02,17.5,NONE,False,SYNTHETIC,RISK_PROJECT_BASELINE,Tổ hợp thương mại căn hộ Phú Mỹ,1248,3000,20260630,TC-01,SUSPENDED_PENDING_REVIEW,2026-06-30,2026-05-15,SYNTHETIC_RISK_SCENARIO
501343,TST-U01343,TST-U01343,500,501,2PN,2,2,77.88,95.68,23,HIGH,SE,NW,CITY_OPEN,False,0.814,7.8,False,0,0.09,35.7,NONE,False,SYNTHETIC,RISK_PROJECT_BASELINE,Tổ hợp thương mại căn hộ Phú Mỹ,1248,3000,20260630,TC-01,SUSPENDED_PENDING_REVIEW,2026-06-30,2026-05-15,SYNTHETIC_RISK_SCENARIO
501344,TST-U01344,TST-U01344,500,501,2PN,2,2,77.55,87.73,23,HIGH,SE,NW,PARK,True,0.884,13.1,False,1,0.17,35.2,NONE,False,SYNTHETIC,RISK_PROJECT_BASELINE,Tổ hợp thương mại căn hộ Phú Mỹ,1248,3000,20260630,TC-01,SUSPENDED_PENDING_REVIEW,2026-06-30,2026-05-15,SYNTHETIC_RISK_SCENARIO
501345,TST-U01345,TST-U01345,500,501,3PN,3,2,105.64,123.12,23,HIGH,E,S,PARK,False,0.858,12.8,False,0,0.16,95.5,TEMPLE,False,SYNTHETIC,RISK_PROJECT_BASELINE,Tổ hợp thương mại căn hộ Phú Mỹ,1248,3000,20260630,TC-01,SUSPENDED_PENDING_REVIEW,2026-06-30,2026-05-15,SYNTHETIC_RISK_SCENARIO
501346,TST-U01346,TST-U01346,500,501,2PN,2,2,70.33,83.03,23,HIGH,N,SW,PARK,True,0.847,6.9,False,0,0.08,35.2,WASTE_STATION,False,SYNTHETIC,RISK_PROJECT_BASELINE,Tổ hợp thương mại căn hộ Phú Mỹ,1248,3000,20260630,TC-01,SUSPENDED_PENDING_REVIEW,2026-06-30,2026-05-15,SYNTHETIC_RISK_SCENARIO
501347,TST-U01347,TST-U01347,500,501,2PN,2,2,74.87,90.31,23,HIGH,S,NW,CITY_OPEN,False,0.829,4.3,True,0,0.24,34.5,NONE,False,SYNTHETIC,RISK_PROJECT_BASELINE,Tổ hợp thương mại căn hộ Phú Mỹ,1248,3000,20260630,TC-01,SUSPENDED_PENDING_REVIEW,2026-06-30,2026-05-15,SYNTHETIC_RISK_SCENARIO
501348,TST-U01348,TST-U01348,500,501,2PN,2,2,67.31,76.23,23,HIGH,N,SW,OBSTRUCTED,False,0.883,13.9,False,0,0.31,5.9,NONE,False,SYNTHETIC,RISK_PROJECT_BASELINE,Tổ hợp thương mại căn hộ Phú Mỹ,1248,3000,20260630,TC-01,SUSPENDED_PENDING_REVIEW,2026-06-30,2026-05-15,SYNTHETIC_RISK_SCENARIO
501349,TST-U01349,TST-U01349,500,501,2PN,2,2,75.57,91.16,23,HIGH,W,W,CITY_OPEN,False,0.829,3.3,False,1,0.92,33.1,NONE,False,SYNTHETIC,RISK_PROJECT_BASELINE,Tổ hợp thương mại căn hộ Phú Mỹ,1248,3000,20260630,TC-01,SUSPENDED_PENDING_REVIEW,2026-06-30,2026-05-15,SYNTHETIC_RISK_SCENARIO
501350,TST-U01350,TST-U01350,500,501,2PN,2,2,69.46,80.58,23,HIGH,W,E,OBSTRUCTED,False,0.862,2.0,False,1,0.53,7.8,NONE,False,SYNTHETIC,RISK_PROJECT_BASELINE,Tổ hợp thương mại căn hộ Phú Mỹ,1248,3000,20260630,TC-01,SUSPENDED_PENDING_REVIEW,2026-06-30,2026-05-15,SYNTHETIC_RISK_SCENARIO
501351,TST-U01351,TST-U01351,500,501,2PN,2,2,72.84,86.3,23,HIGH,W,S,PARK,False,0.844,10.7,False,1,0.88,52.2,WASTE_STATION,False,SYNTHETIC,RISK_PROJECT_BASELINE,Tổ hợp thương mại căn hộ Phú Mỹ,1248,3000,20260630,TC-01,SUSPENDED_PENDING_REVIEW,2026-06-30,2026-05-15,SYNTHETIC_RISK_SCENARIO
501352,TST-U01352,TST-U01352,500,501,2PN,2,2,77.12,89.16,23,HIGH,SE,E,PARK,False,0.865,12.0,False,1,0.06,31.3,NONE,False,SYNTHETIC,RISK_PROJECT_BASELINE,Tổ hợp thương mại căn hộ Phú Mỹ,1248,3000,20260630,TC-01,SUSPENDED_PENDING_REVIEW,2026-06-30,2026-05-15,SYNTHETIC_RISK_SCENARIO
501353,TST-U01353,TST-U01353,500,501,2PN,2,2,73.9,87.98,23,HIGH,N,SW,OBSTRUCTED,False,0.84,4.9,False,0,0.3,7.3,NONE,False,SYNTHETIC,RISK_PROJECT_BASELINE,Tổ hợp thương mại căn hộ Phú Mỹ,1248,3000,20260630,TC-01,SUSPENDED_PENDING_REVIEW,2026-06-30,2026-05-15,SYNTHETIC_RISK_SCENARIO
501354,TST-U01354,TST-U01354,500,501,2PN,2,2,74.82,85.02,23,HIGH,NW,SW,PARK,False,0.88,2.4,False,0,0.81,69.4,WASTE_STATION,False,SYNTHETIC,RISK_PROJECT_BASELINE,Tổ hợp thương mại căn hộ Phú Mỹ,1248,3000,20260630,TC-01,SUSPENDED_PENDING_REVIEW,2026-06-30,2026-05-15,SYNTHETIC_RISK_SCENARIO
501355,TST-U01355,TST-U01355,500,501,2PN,2,2,74.05,87.53,23,HIGH,N,SE,POOL,False,0.846,14.4,False,1,0.04,106.7,NONE,False,SYNTHETIC,RISK_PROJECT_BASELINE,Tổ hợp thương mại căn hộ Phú Mỹ,1248,3000,20260630,TC-01,SUSPENDED_PENDING_REVIEW,2026-06-30,2026-05-15,SYNTHETIC_RISK_SCENARIO
501356,TST-U01356,TST-U01356,500,501,2PN,2,2,69.73,83.01,23,HIGH,S,W,OBSTRUCTED,False,0.84,3.5,False,1,0.25,14.7,NONE,False,SYNTHETIC,RISK_PROJECT_BASELINE,Tổ hợp thương mại căn hộ Phú Mỹ,1248,3000,20260630,TC-01,SUSPENDED_PENDING_REVIEW,2026-06-30,2026-05-15,SYNTHETIC_RISK_SCENARIO
501357,TST-U01357,TST-U01357,500,501,2PN,2,2,69.52,78.73,23,HIGH,E,S,CITY_OPEN,True,0.883,12.4,False,2,0.26,89.4,NONE,False,SYNTHETIC,RISK_PROJECT_BASELINE,Tổ hợp thương mại căn hộ Phú Mỹ,1248,3000,20260630,TC-01,SUSPENDED_PENDING_REVIEW,2026-06-30,2026-05-15,SYNTHETIC_RISK_SCENARIO
501358,TST-U01358,TST-U01358,500,501,2PN,2,2,81.81,94.91,23,HIGH,W,S,CITY_OPEN,True,0.862,1.4,False,0,0.61,88.3,NONE,False,SYNTHETIC,RISK_PROJECT_BASELINE,Tổ hợp thương mại căn hộ Phú Mỹ,1248,3000,20260630,TC-01,SUSPENDED_PENDING_REVIEW,2026-06-30,2026-05-15,SYNTHETIC_RISK_SCENARIO
501359,TST-U01359,TST-U01359,500,501,1PN,1,1,58.06,66.58,23,HIGH,E,SE,OBSTRUCTED,False,0.872,3.6,False,0,0.21,14.9,NONE,False,SYNTHETIC,RISK_PROJECT_BASELINE,Tổ hợp thương mại căn hộ Phú Mỹ,1248,3000,20260630,TC-01,SUSPENDED_PENDING_REVIEW,2026-06-30,2026-05-15,SYNTHETIC_RISK_SCENARIO
501360,TST-U01360,TST-U01360,500,501,2PN,2,2,68.7,84.5,23,HIGH,SW,W,CITY_OPEN,False,0.813,11.7,False,0,0.85,101.4,NONE,False,SYNTHETIC,RISK_PROJECT_BASELINE,Tổ hợp thương mại căn hộ Phú Mỹ,1248,3000,20260630,TC-01,SUSPENDED_PENDING_REVIEW,2026-06-30,2026-05-15,SYNTHETIC_RISK_SCENARIO
501361,TST-U01361,TST-U01361,500,501,2PN,2,2,69.66,78.8,23,HIGH,E,NE,OBSTRUCTED,False,0.884,9.8,False,0,0.12,11.9,NONE,False,SYNTHETIC,RISK_PROJECT_BASELINE,Tổ hợp thương mại căn hộ Phú Mỹ,1248,3000,20260630,TC-01,SUSPENDED_PENDING_REVIEW,2026-06-30,2026-05-15,SYNTHETIC_RISK_SCENARIO
501362,TST-U01362,TST-U01362,500,501,2PN,2,2,63.16,77.69,23,HIGH,N,NE,CITY_OPEN,False,0.813,12.4,False,0,0.2,105.0,NONE,False,SYNTHETIC,RISK_PROJECT_BASELINE,Tổ hợp thương mại căn hộ Phú Mỹ,1248,3000,20260630,TC-01,SUSPENDED_PENDING_REVIEW,2026-06-30,2026-05-15,SYNTHETIC_RISK_SCENARIO
501363,TST-U01363,TST-U01363,500,501,STUDIO,1,1,44.95,51.85,23,HIGH,W,W,CITY_OPEN,False,0.867,9.2,False,1,0.64,33.1,TEMPLE,False,SYNTHETIC,RISK_PROJECT_BASELINE,Tổ hợp thương mại căn hộ Phú Mỹ,1248,3000,20260630,TC-01,SUSPENDED_PENDING_REVIEW,2026-06-30,2026-05-15,SYNTHETIC_RISK_SCENARIO
501364,TST-U01364,TST-U01364,500,501,2PN,2,2,82.13,98.71,23,HIGH,SW,NW,OBSTRUCTED,False,0.832,14.7,False,0,0.57,11.9,NONE,False,SYNTHETIC,RISK_PROJECT_BASELINE,Tổ hợp thương mại căn hộ Phú Mỹ,1248,3000,20260630,TC-01,SUSPENDED_PENDING_REVIEW,2026-06-30,2026-05-15,SYNTHETIC_RISK_SCENARIO
501365,TST-U01365,TST-U01365,500,501,1PN,1,1,55.76,64.17,23,HIGH,N,NE,PARK,True,0.869,10.5,False,1,0.14,90.7,NONE,False,SYNTHETIC,RISK_PROJECT_BASELINE,Tổ hợp thương mại căn hộ Phú Mỹ,1248,3000,20260630,TC-01,SUSPENDED_PENDING_REVIEW,2026-06-30,2026-05-15,SYNTHETIC_RISK_SCENARIO
501366,TST-U01366,TST-U01366,500,501,2PN,2,2,76.17,88.67,23,HIGH,NE,W,OBSTRUCTED,False,0.859,7.5,False,0,0.31,13.0,NONE,False,SYNTHETIC,RISK_PROJECT_BASELINE,Tổ hợp thương mại căn hộ Phú Mỹ,1248,3000,20260630,TC-01,SUSPENDED_PENDING_REVIEW,2026-06-30,2026-05-15,SYNTHETIC_RISK_SCENARIO
501367,TST-U01367,TST-U01367,500,501,1PN,1,1,51.77,63.06,23,HIGH,S,W,CITY_OPEN,False,0.821,10.4,False,0,0.19,39.1,NONE,False,SYNTHETIC,RISK_PROJECT_BASELINE,Tổ hợp thương mại căn hộ Phú Mỹ,1248,3000,20260630,TC-01,SUSPENDED_PENDING_REVIEW,2026-06-30,2026-05-15,SYNTHETIC_RISK_SCENARIO
501368,TST-U01368,TST-U01368,500,501,1PN,1,1,57.71,69.53,23,HIGH,SW,NE,OBSTRUCTED,False,0.83,14.9,False,1,0.5,16.7,NONE,False,SYNTHETIC,RISK_PROJECT_BASELINE,Tổ hợp thương mại căn hộ Phú Mỹ,1248,3000,20260630,TC-01,SUSPENDED_PENDING_REVIEW,2026-06-30,2026-05-15,SYNTHETIC_RISK_SCENARIO
501369,TST-U01369,TST-U01369,500,501,1PN,1,1,54.68,66.28,23,HIGH,SW,SW,POOL,False,0.825,9.3,False,1,0.76,65.8,NONE,False,SYNTHETIC,RISK_PROJECT_BASELINE,Tổ hợp thương mại căn hộ Phú Mỹ,1248,3000,20260630,TC-01,SUSPENDED_PENDING_REVIEW,2026-06-30,2026-05-15,SYNTHETIC_RISK_SCENARIO
501370,TST-U01370,TST-U01370,500,501,STUDIO,1,1,44.12,51.66,23,HIGH,S,SE,POOL,True,0.854,14.3,False,1,0.05,53.4,NONE,False,SYNTHETIC,RISK_PROJECT_BASELINE,Tổ hợp thương mại căn hộ Phú Mỹ,1248,3000,20260630,TC-01,SUSPENDED_PENDING_REVIEW,2026-06-30,2026-05-15,SYNTHETIC_RISK_SCENARIO
501371,TST-U01371,TST-U01371,500,501,STUDIO,1,1,44.99,52.13,23,HIGH,NW,W,CITY_OPEN,False,0.863,6.4,False,0,0.74,84.8,NONE,False,SYNTHETIC,RISK_PROJECT_BASELINE,Tổ hợp thương mại căn hộ Phú Mỹ,1248,3000,20260630,TC-01,SUSPENDED_PENDING_REVIEW,2026-06-30,2026-05-15,SYNTHETIC_RISK_SCENARIO
501372,TST-U01372,TST-U01372,500,501,3PN,3,2,101.52,123.65,23,HIGH,SE,NE,OBSTRUCTED,False,0.821,2.9,False,1,0.26,14.8,NONE,False,SYNTHETIC,RISK_PROJECT_BASELINE,Tổ hợp thương mại căn hộ Phú Mỹ,1248,3000,20260630,TC-01,SUSPENDED_PENDING_REVIEW,2026-06-30,2026-05-15,SYNTHETIC_RISK_SCENARIO
501373,TST-U01373,TST-U01373,500,501,1PN,1,1,59.87,68.97,23,HIGH,E,N,OBSTRUCTED,True,0.868,4.8,False,0,0.31,13.6,NONE,False,SYNTHETIC,RISK_PROJECT_BASELINE,Tổ hợp thương mại căn hộ Phú Mỹ,1248,3000,20260630,TC-01,SUSPENDED_PENDING_REVIEW,2026-06-30,2026-05-15,SYNTHETIC_RISK_SCENARIO
501374,TST-U01374,TST-U01374,500,501,2PN,2,2,77.37,91.56,23,HIGH,NW,SW,OBSTRUCTED,False,0.845,10.2,False,0,0.7,16.2,NONE,False,SYNTHETIC,RISK_PROJECT_BASELINE,Tổ hợp thương mại căn hộ Phú Mỹ,1248,3000,20260630,TC-01,SUSPENDED_PENDING_REVIEW,2026-06-30,2026-05-15,SYNTHETIC_RISK_SCENARIO
501375,TST-U01375,TST-U01375,500,501,1PN,1,1,51.99,61.31,23,HIGH,W,S,POOL,False,0.848,7.2,False,1,0.5,68.5,NONE,False,SYNTHETIC,RISK_PROJECT_BASELINE,Tổ hợp thương mại căn hộ Phú Mỹ,1248,3000,20260630,TC-01,SUSPENDED_PENDING_REVIEW,2026-06-30,2026-05-15,SYNTHETIC_RISK_SCENARIO
501376,TST-U01376,TST-U01376,500,501,3PN,3,2,109.85,128.93,23,HIGH,S,S,PARK,False,0.852,2.4,False,0,0.25,80.8,NONE,False,SYNTHETIC,RISK_PROJECT_BASELINE,Tổ hợp thương mại căn hộ Phú Mỹ,1248,3000,20260630,TC-01,SUSPENDED_PENDING_REVIEW,2026-06-30,2026-05-15,SYNTHETIC_RISK_SCENARIO
501377,TST-U01377,TST-U01377,500,501,2PN,2,2,77.47,90.19,23,HIGH,SE,NE,POOL,True,0.859,2.8,True,0,0.31,68.0,NONE,False,SYNTHETIC,RISK_PROJECT_BASELINE,Tổ hợp thương mại căn hộ Phú Mỹ,1248,3000,20260630,TC-01,SUSPENDED_PENDING_REVIEW,2026-06-30,2026-05-15,SYNTHETIC_RISK_SCENARIO
501378,TST-U01378,TST-U01378,500,501,2PN,2,2,81.97,92.73,23,HIGH,E,SW,OBSTRUCTED,False,0.884,10.2,True,1,0.17,9.3,NONE,False,SYNTHETIC,RISK_PROJECT_BASELINE,Tổ hợp thương mại căn hộ Phú Mỹ,1248,3000,20260630,TC-01,SUSPENDED_PENDING_REVIEW,2026-06-30,2026-05-15,SYNTHETIC_RISK_SCENARIO
501379,TST-U01379,TST-U01379,500,501,1PN,1,1,52.97,64.21,23,HIGH,SW,N,POOL,True,0.825,10.9,False,0,0.87,29.2,NONE,False,SYNTHETIC,RISK_PROJECT_BASELINE,Tổ hợp thương mại căn hộ Phú Mỹ,1248,3000,20260630,TC-01,SUSPENDED_PENDING_REVIEW,2026-06-30,2026-05-15,SYNTHETIC_RISK_SCENARIO
501380,TST-U01380,TST-U01380,500,501,2PN,2,2,73.38,90.7,23,HIGH,NW,W,OBSTRUCTED,False,0.809,3.4,False,0,0.55,6.6,NONE,False,SYNTHETIC,RISK_PROJECT_BASELINE,Tổ hợp thương mại căn hộ Phú Mỹ,1248,3000,20260630,TC-01,SUSPENDED_PENDING_REVIEW,2026-06-30,2026-05-15,SYNTHETIC_RISK_SCENARIO
501381,TST-U01381,TST-U01381,500,501,2PN,2,2,67.63,80.61,23,HIGH,N,W,OBSTRUCTED,False,0.839,13.0,False,0,0.15,11.5,NONE,False,SYNTHETIC,RISK_PROJECT_BASELINE,Tổ hợp thương mại căn hộ Phú Mỹ,1248,3000,20260630,TC-01,SUSPENDED_PENDING_REVIEW,2026-06-30,2026-05-15,SYNTHETIC_RISK_SCENARIO
501382,TST-U01382,TST-U01382,500,501,3PN,3,2,105.31,127.19,23,HIGH,SE,NE,CITY_OPEN,False,0.828,8.6,False,1,0.28,56.3,NONE,False,SYNTHETIC,RISK_PROJECT_BASELINE,Tổ hợp thương mại căn hộ Phú Mỹ,1248,3000,20260630,TC-01,SUSPENDED_PENDING_REVIEW,2026-06-30,2026-05-15,SYNTHETIC_RISK_SCENARIO
501383,TST-U01383,TST-U01383,500,501,1PN,1,1,56.88,65.08,23,HIGH,E,NW,OBSTRUCTED,False,0.874,4.8,False,1,0.07,16.9,WASTE_STATION,False,SYNTHETIC,RISK_PROJECT_BASELINE,Tổ hợp thương mại căn hộ Phú Mỹ,1248,3000,20260630,TC-01,SUSPENDED_PENDING_REVIEW,2026-06-30,2026-05-15,SYNTHETIC_RISK_SCENARIO
501384,TST-U01384,TST-U01384,500,501,3PN,3,2,102.98,123.63,23,HIGH,W,SW,OBSTRUCTED,False,0.833,14.6,False,0,0.83,8.1,NONE,False,SYNTHETIC,RISK_PROJECT_BASELINE,Tổ hợp thương mại căn hộ Phú Mỹ,1248,3000,20260630,TC-01,SUSPENDED_PENDING_REVIEW,2026-06-30,2026-05-15,SYNTHETIC_RISK_SCENARIO
501385,TST-U01385,TST-U01385,500,501,2PN,2,2,73.39,85.04,23,HIGH,E,NW,PARK,False,0.863,3.6,False,0,0.04,77.3,NONE,False,SYNTHETIC,RISK_PROJECT_BASELINE,Tổ hợp thương mại căn hộ Phú Mỹ,1248,3000,20260630,TC-01,SUSPENDED_PENDING_REVIEW,2026-06-30,2026-05-15,SYNTHETIC_RISK_SCENARIO
501386,TST-U01386,TST-U01386,500,501,2PN,2,2,70.9,83.51,23,HIGH,S,NE,OBSTRUCTED,False,0.849,13.6,False,0,0.3,10.1,WASTE_STATION,False,SYNTHETIC,RISK_PROJECT_BASELINE,Tổ hợp thương mại căn hộ Phú Mỹ,1248,3000,20260630,TC-01,SUSPENDED_PENDING_REVIEW,2026-06-30,2026-05-15,SYNTHETIC_RISK_SCENARIO
501387,TST-U01387,TST-U01387,500,501,STUDIO,1,1,46.46,54.72,24,TOP,SW,W,CITY_OPEN,False,0.849,15.5,True,2,0.73,61.2,NONE,False,SYNTHETIC,RISK_PROJECT_BASELINE,Tổ hợp thương mại căn hộ Phú Mỹ,1248,3000,20260630,TC-01,SUSPENDED_PENDING_REVIEW,2026-06-30,2026-05-15,SYNTHETIC_RISK_SCENARIO
501388,TST-U01388,TST-U01388,500,501,3PN,3,2,95.11,114.45,24,TOP,SW,E,OBSTRUCTED,False,0.831,5.3,False,0,0.59,11.4,WASTE_STATION,False,SYNTHETIC,RISK_PROJECT_BASELINE,Tổ hợp thương mại căn hộ Phú Mỹ,1248,3000,20260630,TC-01,SUSPENDED_PENDING_REVIEW,2026-06-30,2026-05-15,SYNTHETIC_RISK_SCENARIO
501389,TST-U01389,TST-U01389,500,501,2PN,2,2,79.78,97.17,24,TOP,E,E,OBSTRUCTED,False,0.821,8.9,True,0,0.03,11.9,NONE,False,SYNTHETIC,RISK_PROJECT_BASELINE,Tổ hợp thương mại căn hộ Phú Mỹ,1248,3000,20260630,TC-01,SUSPENDED_PENDING_REVIEW,2026-06-30,2026-05-15,SYNTHETIC_RISK_SCENARIO
501390,TST-U01390,TST-U01390,500,501,3PN,3,2,97.29,110.18,24,TOP,SE,SE,CITY_OPEN,True,0.883,1.5,False,0,0.03,49.0,NONE,False,SYNTHETIC,RISK_PROJECT_BASELINE,Tổ hợp thương mại căn hộ Phú Mỹ,1248,3000,20260630,TC-01,SUSPENDED_PENDING_REVIEW,2026-06-30,2026-05-15,SYNTHETIC_RISK_SCENARIO
501391,TST-U01391,TST-U01391,500,501,STUDIO,1,1,39.13,47.55,24,TOP,SW,S,OBSTRUCTED,False,0.823,7.9,False,0,0.5,8.7,NONE,False,SYNTHETIC,RISK_PROJECT_BASELINE,Tổ hợp thương mại căn hộ Phú Mỹ,1248,3000,20260630,TC-01,SUSPENDED_PENDING_REVIEW,2026-06-30,2026-05-15,SYNTHETIC_RISK_SCENARIO
501392,TST-U01392,TST-U01392,500,501,3PN,3,2,102.31,116.79,24,TOP,E,NE,OBSTRUCTED,False,0.876,8.9,False,0,0.07,9.5,WASTE_STATION,False,SYNTHETIC,RISK_PROJECT_BASELINE,Tổ hợp thương mại căn hộ Phú Mỹ,1248,3000,20260630,TC-01,SUSPENDED_PENDING_REVIEW,2026-06-30,2026-05-15,SYNTHETIC_RISK_SCENARIO
501393,TST-U01393,TST-U01393,500,501,3PN,3,2,114.28,135.4,24,TOP,SW,N,CITY_OPEN,True,0.844,8.5,False,0,0.53,65.4,NONE,False,SYNTHETIC,RISK_PROJECT_BASELINE,Tổ hợp thương mại căn hộ Phú Mỹ,1248,3000,20260630,TC-01,SUSPENDED_PENDING_REVIEW,2026-06-30,2026-05-15,SYNTHETIC_RISK_SCENARIO
501394,TST-U01394,TST-U01394,500,501,2PN,2,2,72.02,81.75,24,TOP,S,N,CITY_OPEN,False,0.881,1.9,False,0,0.05,81.8,NONE,False,SYNTHETIC,RISK_PROJECT_BASELINE,Tổ hợp thương mại căn hộ Phú Mỹ,1248,3000,20260630,TC-01,SUSPENDED_PENDING_REVIEW,2026-06-30,2026-05-15,SYNTHETIC_RISK_SCENARIO
501395,TST-U01395,TST-U01395,500,501,1PN,1,1,55.49,64.9,24,TOP,SW,NW,PARK,False,0.855,11.2,False,1,0.87,86.8,NONE,False,SYNTHETIC,RISK_PROJECT_BASELINE,Tổ hợp thương mại căn hộ Phú Mỹ,1248,3000,20260630,TC-01,SUSPENDED_PENDING_REVIEW,2026-06-30,2026-05-15,SYNTHETIC_RISK_SCENARIO
501396,TST-U01396,TST-U01396,500,501,2PN,2,2,83.96,103.65,24,TOP,NW,W,OBSTRUCTED,False,0.81,9.3,False,0,0.69,14.6,NONE,False,SYNTHETIC,RISK_PROJECT_BASELINE,Tổ hợp thương mại căn hộ Phú Mỹ,1248,3000,20260630,TC-01,SUSPENDED_PENDING_REVIEW,2026-06-30,2026-05-15,SYNTHETIC_RISK_SCENARIO
501397,TST-U01397,TST-U01397,500,501,STUDIO,1,1,45.03,53.42,24,TOP,NE,W,PARK,False,0.843,7.1,False,0,0.19,46.1,NONE,False,SYNTHETIC,RISK_PROJECT_BASELINE,Tổ hợp thương mại căn hộ Phú Mỹ,1248,3000,20260630,TC-01,SUSPENDED_PENDING_REVIEW,2026-06-30,2026-05-15,SYNTHETIC_RISK_SCENARIO
501398,TST-U01398,TST-U01398,500,501,2PN,2,2,69.08,84.97,24,TOP,W,SE,PARK,False,0.813,4.5,False,0,0.72,107.0,NONE,False,SYNTHETIC,RISK_PROJECT_BASELINE,Tổ hợp thương mại căn hộ Phú Mỹ,1248,3000,20260630,TC-01,SUSPENDED_PENDING_REVIEW,2026-06-30,2026-05-15,SYNTHETIC_RISK_SCENARIO
501399,TST-U01399,TST-U01399,500,501,1PN,1,1,55.36,68.51,24,TOP,SW,N,CITY_OPEN,False,0.808,4.8,False,1,0.53,42.7,NONE,False,SYNTHETIC,RISK_PROJECT_BASELINE,Tổ hợp thương mại căn hộ Phú Mỹ,1248,3000,20260630,TC-01,SUSPENDED_PENDING_REVIEW,2026-06-30,2026-05-15,SYNTHETIC_RISK_SCENARIO
501400,TST-U01400,TST-U01400,500,501,2PN,2,2,69.33,80.24,24,TOP,E,W,OBSTRUCTED,True,0.864,14.9,True,1,0.32,6.6,NONE,False,SYNTHETIC,RISK_PROJECT_BASELINE,Tổ hợp thương mại căn hộ Phú Mỹ,1248,3000,20260630,TC-01,SUSPENDED_PENDING_REVIEW,2026-06-30,2026-05-15,SYNTHETIC_RISK_SCENARIO
501401,TST-U01401,TST-U01401,500,501,2PN,2,2,84.44,102.85,24,TOP,NW,E,PARK,False,0.821,5.4,True,0,0.59,80.5,NONE,False,SYNTHETIC,RISK_PROJECT_BASELINE,Tổ hợp thương mại căn hộ Phú Mỹ,1248,3000,20260630,TC-01,SUSPENDED_PENDING_REVIEW,2026-06-30,2026-05-15,SYNTHETIC_RISK_SCENARIO
501402,TST-U01402,TST-U01402,500,501,3PN,3,2,110.81,126.35,24,TOP,S,S,CITY_OPEN,False,0.877,1.4,False,0,0.1,70.3,WASTE_STATION,False,SYNTHETIC,RISK_PROJECT_BASELINE,Tổ hợp thương mại căn hộ Phú Mỹ,1248,3000,20260630,TC-01,SUSPENDED_PENDING_REVIEW,2026-06-30,2026-05-15,SYNTHETIC_RISK_SCENARIO
501403,TST-U01403,TST-U01403,500,501,3PN,3,2,98.95,116.55,24,TOP,N,SW,PARK,False,0.849,8.1,False,0,0.2,55.2,NONE,False,SYNTHETIC,RISK_PROJECT_BASELINE,Tổ hợp thương mại căn hộ Phú Mỹ,1248,3000,20260630,TC-01,SUSPENDED_PENDING_REVIEW,2026-06-30,2026-05-15,SYNTHETIC_RISK_SCENARIO
501404,TST-U01404,TST-U01404,500,501,2PN,2,2,67.64,83.92,24,TOP,SW,SE,OBSTRUCTED,False,0.806,4.1,False,0,0.57,17.6,NONE,False,SYNTHETIC,RISK_PROJECT_BASELINE,Tổ hợp thương mại căn hộ Phú Mỹ,1248,3000,20260630,TC-01,SUSPENDED_PENDING_REVIEW,2026-06-30,2026-05-15,SYNTHETIC_RISK_SCENARIO
501405,TST-U01405,TST-U01405,500,501,2PN,2,2,81.08,100.47,24,TOP,SE,S,PARK,False,0.807,15.7,False,1,0.1,55.1,NONE,False,SYNTHETIC,RISK_PROJECT_BASELINE,Tổ hợp thương mại căn hộ Phú Mỹ,1248,3000,20260630,TC-01,SUSPENDED_PENDING_REVIEW,2026-06-30,2026-05-15,SYNTHETIC_RISK_SCENARIO
501406,TST-U01406,TST-U01406,500,501,2PN,2,2,70.85,85.88,24,TOP,SE,SW,OBSTRUCTED,False,0.825,12.5,False,0,0.22,17.7,NONE,False,SYNTHETIC,RISK_PROJECT_BASELINE,Tổ hợp thương mại căn hộ Phú Mỹ,1248,3000,20260630,TC-01,SUSPENDED_PENDING_REVIEW,2026-06-30,2026-05-15,SYNTHETIC_RISK_SCENARIO
501407,TST-U01407,TST-U01407,500,501,2PN,2,2,70.05,80.33,24,TOP,NE,NE,OBSTRUCTED,False,0.872,7.4,False,0,0.19,8.4,NONE,False,SYNTHETIC,RISK_PROJECT_BASELINE,Tổ hợp thương mại căn hộ Phú Mỹ,1248,3000,20260630,TC-01,SUSPENDED_PENDING_REVIEW,2026-06-30,2026-05-15,SYNTHETIC_RISK_SCENARIO
501408,TST-U01408,TST-U01408,500,501,2PN,2,2,77.67,90.84,24,TOP,E,S,CITY_OPEN,True,0.855,7.8,True,0,0.15,31.9,NONE,False,SYNTHETIC,RISK_PROJECT_BASELINE,Tổ hợp thương mại căn hộ Phú Mỹ,1248,3000,20260630,TC-01,SUSPENDED_PENDING_REVIEW,2026-06-30,2026-05-15,SYNTHETIC_RISK_SCENARIO
501409,TST-U01409,TST-U01409,500,501,2PN,2,2,73.65,85.54,24,TOP,SW,SW,CITY_OPEN,True,0.861,8.9,False,0,0.63,57.7,NONE,False,SYNTHETIC,RISK_PROJECT_BASELINE,Tổ hợp thương mại căn hộ Phú Mỹ,1248,3000,20260630,TC-01,SUSPENDED_PENDING_REVIEW,2026-06-30,2026-05-15,SYNTHETIC_RISK_SCENARIO
501410,TST-U01410,TST-U01410,500,501,2PN,2,2,81.24,91.49,24,TOP,W,SE,PARK,False,0.888,10.0,True,0,0.92,68.1,NONE,False,SYNTHETIC,RISK_PROJECT_BASELINE,Tổ hợp thương mại căn hộ Phú Mỹ,1248,3000,20260630,TC-01,SUSPENDED_PENDING_REVIEW,2026-06-30,2026-05-15,SYNTHETIC_RISK_SCENARIO
501411,TST-U01411,TST-U01411,500,501,2PN,2,2,73.07,87.4,24,TOP,S,NE,OBSTRUCTED,False,0.836,6.1,False,1,0.3,16.3,NONE,False,SYNTHETIC,RISK_PROJECT_BASELINE,Tổ hợp thương mại căn hộ Phú Mỹ,1248,3000,20260630,TC-01,SUSPENDED_PENDING_REVIEW,2026-06-30,2026-05-15,SYNTHETIC_RISK_SCENARIO
501412,TST-U01412,TST-U01412,500,501,2PN,2,2,79.7,94.21,24,TOP,SW,SW,PARK,False,0.846,4.0,False,1,0.58,87.6,NONE,False,SYNTHETIC,RISK_PROJECT_BASELINE,Tổ hợp thương mại căn hộ Phú Mỹ,1248,3000,20260630,TC-01,SUSPENDED_PENDING_REVIEW,2026-06-30,2026-05-15,SYNTHETIC_RISK_SCENARIO
501413,TST-U01413,TST-U01413,500,501,3PN,3,2,98.09,119.77,24,TOP,E,N,PARK,False,0.819,4.7,False,0,0.26,43.4,NONE,False,SYNTHETIC,RISK_PROJECT_BASELINE,Tổ hợp thương mại căn hộ Phú Mỹ,1248,3000,20260630,TC-01,SUSPENDED_PENDING_REVIEW,2026-06-30,2026-05-15,SYNTHETIC_RISK_SCENARIO
501414,TST-U01414,TST-U01414,500,501,2PN,2,2,82.23,98.95,24,TOP,SE,SE,OBSTRUCTED,False,0.831,13.3,False,0,0.07,4.8,NONE,False,SYNTHETIC,RISK_PROJECT_BASELINE,Tổ hợp thương mại căn hộ Phú Mỹ,1248,3000,20260630,TC-01,SUSPENDED_PENDING_REVIEW,2026-06-30,2026-05-15,SYNTHETIC_RISK_SCENARIO
501415,TST-U01415,TST-U01415,500,501,1PN,1,1,54.5,65.58,24,TOP,S,NE,CITY_OPEN,False,0.831,10.2,True,0,0.3,49.7,NONE,False,SYNTHETIC,RISK_PROJECT_BASELINE,Tổ hợp thương mại căn hộ Phú Mỹ,1248,3000,20260630,TC-01,SUSPENDED_PENDING_REVIEW,2026-06-30,2026-05-15,SYNTHETIC_RISK_SCENARIO
501416,TST-U01416,TST-U01416,500,501,2PN,2,2,82.21,102.51,24,TOP,N,SE,OBSTRUCTED,True,0.802,8.1,False,0,0.26,10.3,NONE,False,SYNTHETIC,RISK_PROJECT_BASELINE,Tổ hợp thương mại căn hộ Phú Mỹ,1248,3000,20260630,TC-01,SUSPENDED_PENDING_REVIEW,2026-06-30,2026-05-15,SYNTHETIC_RISK_SCENARIO
501417,TST-U01417,TST-U01417,500,501,2PN,2,2,68.95,82.28,24,TOP,E,NW,POOL,False,0.838,6.6,False,0,0.22,80.1,NONE,False,SYNTHETIC,RISK_PROJECT_BASELINE,Tổ hợp thương mại căn hộ Phú Mỹ,1248,3000,20260630,TC-01,SUSPENDED_PENDING_REVIEW,2026-06-30,2026-05-15,SYNTHETIC_RISK_SCENARIO
501418,TST-U01418,TST-U01418,500,501,2PN,2,2,66.47,82.78,24,TOP,W,SE,CITY_OPEN,False,0.803,4.1,False,0,0.66,101.7,NONE,False,SYNTHETIC,RISK_PROJECT_BASELINE,Tổ hợp thương mại căn hộ Phú Mỹ,1248,3000,20260630,TC-01,SUSPENDED_PENDING_REVIEW,2026-06-30,2026-05-15,SYNTHETIC_RISK_SCENARIO
501419,TST-U01419,TST-U01419,500,501,2PN,2,2,79.43,93.89,24,TOP,SE,W,OBSTRUCTED,False,0.846,6.4,False,1,0.17,11.2,NONE,False,SYNTHETIC,RISK_PROJECT_BASELINE,Tổ hợp thương mại căn hộ Phú Mỹ,1248,3000,20260630,TC-01,SUSPENDED_PENDING_REVIEW,2026-06-30,2026-05-15,SYNTHETIC_RISK_SCENARIO
501420,TST-U01420,TST-U01420,500,501,2PN,2,2,77.02,87.23,24,TOP,W,N,PARK,False,0.883,2.9,False,0,0.84,86.9,NONE,False,SYNTHETIC,RISK_PROJECT_BASELINE,Tổ hợp thương mại căn hộ Phú Mỹ,1248,3000,20260630,TC-01,SUSPENDED_PENDING_REVIEW,2026-06-30,2026-05-15,SYNTHETIC_RISK_SCENARIO
501421,TST-U01421,TST-U01421,500,501,3PN,3,2,101.33,115.15,24,TOP,NW,SE,OBSTRUCTED,False,0.88,15.5,False,0,0.63,14.1,NONE,False,SYNTHETIC,RISK_PROJECT_BASELINE,Tổ hợp thương mại căn hộ Phú Mỹ,1248,3000,20260630,TC-01,SUSPENDED_PENDING_REVIEW,2026-06-30,2026-05-15,SYNTHETIC_RISK_SCENARIO
501422,TST-U01422,TST-U01422,500,501,1PN,1,1,48.46,59.03,24,TOP,SW,S,PARK,False,0.821,2.1,False,1,0.55,29.1,NONE,False,SYNTHETIC,RISK_PROJECT_BASELINE,Tổ hợp thương mại căn hộ Phú Mỹ,1248,3000,20260630,TC-01,SUSPENDED_PENDING_REVIEW,2026-06-30,2026-05-15,SYNTHETIC_RISK_SCENARIO
501423,TST-U01423,TST-U01423,500,501,3PN,3,2,110.03,135.34,24,TOP,E,S,CITY_OPEN,False,0.813,9.6,True,0,0.16,86.0,NONE,False,SYNTHETIC,RISK_PROJECT_BASELINE,Tổ hợp thương mại căn hộ Phú Mỹ,1248,3000,20260630,TC-01,SUSPENDED_PENDING_REVIEW,2026-06-30,2026-05-15,SYNTHETIC_RISK_SCENARIO
501424,TST-U01424,TST-U01424,500,501,STUDIO,1,1,44.64,55.8,24,TOP,NW,W,OBSTRUCTED,False,0.8,14.6,False,0,0.86,15.8,NONE,False,SYNTHETIC,RISK_PROJECT_BASELINE,Tổ hợp thương mại căn hộ Phú Mỹ,1248,3000,20260630,TC-01,SUSPENDED_PENDING_REVIEW,2026-06-30,2026-05-15,SYNTHETIC_RISK_SCENARIO
501425,TST-U01425,TST-U01425,500,501,2PN,2,2,69.92,82.16,24,TOP,SE,NW,CITY_OPEN,False,0.851,1.3,False,0,0.13,70.7,NONE,False,SYNTHETIC,RISK_PROJECT_BASELINE,Tổ hợp thương mại căn hộ Phú Mỹ,1248,3000,20260630,TC-01,SUSPENDED_PENDING_REVIEW,2026-06-30,2026-05-15,SYNTHETIC_RISK_SCENARIO
501426,TST-U01426,TST-U01426,500,501,2PN,2,2,77.15,93.18,24,TOP,W,SE,OBSTRUCTED,False,0.828,11.9,False,2,0.61,12.7,NONE,False,SYNTHETIC,RISK_PROJECT_BASELINE,Tổ hợp thương mại căn hộ Phú Mỹ,1248,3000,20260630,TC-01,SUSPENDED_PENDING_REVIEW,2026-06-30,2026-05-15,SYNTHETIC_RISK_SCENARIO
501427,TST-U01427,TST-U01427,500,501,3PN,3,2,112.31,136.46,24,TOP,S,S,OBSTRUCTED,False,0.823,1.9,False,2,0.1,9.4,NONE,False,SYNTHETIC,RISK_PROJECT_BASELINE,Tổ hợp thương mại căn hộ Phú Mỹ,1248,3000,20260630,TC-01,SUSPENDED_PENDING_REVIEW,2026-06-30,2026-05-15,SYNTHETIC_RISK_SCENARIO
501428,TST-U01428,TST-U01428,500,501,3PN,3,2,105.43,124.62,24,TOP,E,NE,OBSTRUCTED,False,0.846,7.2,False,1,0.24,7.4,NONE,False,SYNTHETIC,RISK_PROJECT_BASELINE,Tổ hợp thương mại căn hộ Phú Mỹ,1248,3000,20260630,TC-01,SUSPENDED_PENDING_REVIEW,2026-06-30,2026-05-15,SYNTHETIC_RISK_SCENARIO
501429,TST-U01429,TST-U01429,500,501,1PN,1,1,55.73,67.23,24,TOP,S,E,PARK,False,0.829,3.5,True,0,0.12,76.8,NONE,False,SYNTHETIC,RISK_PROJECT_BASELINE,Tổ hợp thương mại căn hộ Phú Mỹ,1248,3000,20260630,TC-01,SUSPENDED_PENDING_REVIEW,2026-06-30,2026-05-15,SYNTHETIC_RISK_SCENARIO
501430,TST-U01430,TST-U01430,500,501,1PN,1,1,54.8,68.07,24,TOP,N,W,PARK,False,0.805,12.1,False,0,0.26,37.0,NONE,False,SYNTHETIC,RISK_PROJECT_BASELINE,Tổ hợp thương mại căn hộ Phú Mỹ,1248,3000,20260630,TC-01,SUSPENDED_PENDING_REVIEW,2026-06-30,2026-05-15,SYNTHETIC_RISK_SCENARIO
501431,TST-U01431,TST-U01431,500,501,STUDIO,1,1,46.39,56.5,24,TOP,NE,E,OBSTRUCTED,False,0.821,2.6,False,0,0.07,8.7,TEMPLE,False,SYNTHETIC,RISK_PROJECT_BASELINE,Tổ hợp thương mại căn hộ Phú Mỹ,1248,3000,20260630,TC-01,SUSPENDED_PENDING_REVIEW,2026-06-30,2026-05-15,SYNTHETIC_RISK_SCENARIO
501432,TST-U01432,TST-U01432,500,501,2PN,2,2,81.41,98.56,24,TOP,N,S,OBSTRUCTED,False,0.826,10.3,False,0,0.17,6.6,NONE,False,SYNTHETIC,RISK_PROJECT_BASELINE,Tổ hợp thương mại căn hộ Phú Mỹ,1248,3000,20260630,TC-01,SUSPENDED_PENDING_REVIEW,2026-06-30,2026-05-15,SYNTHETIC_RISK_SCENARIO
501433,TST-U01433,TST-U01433,500,501,STUDIO,1,1,41.17,49.42,24,TOP,S,SE,OBSTRUCTED,False,0.833,15.2,True,0,0.17,13.5,NONE,False,SYNTHETIC,RISK_PROJECT_BASELINE,Tổ hợp thương mại căn hộ Phú Mỹ,1248,3000,20260630,TC-01,SUSPENDED_PENDING_REVIEW,2026-06-30,2026-05-15,SYNTHETIC_RISK_SCENARIO
501434,TST-U01434,TST-U01434,500,501,3PN,3,2,102.21,117.89,24,TOP,W,E,CITY_OPEN,False,0.867,13.9,False,0,0.56,84.1,NONE,False,SYNTHETIC,RISK_PROJECT_BASELINE,Tổ hợp thương mại căn hộ Phú Mỹ,1248,3000,20260630,TC-01,SUSPENDED_PENDING_REVIEW,2026-06-30,2026-05-15,SYNTHETIC_RISK_SCENARIO
501435,TST-U01435,TST-U01435,500,501,2PN,2,2,75.95,92.4,24,TOP,SW,S,CITY_OPEN,False,0.822,2.6,False,0,0.94,82.3,NONE,False,SYNTHETIC,RISK_PROJECT_BASELINE,Tổ hợp thương mại căn hộ Phú Mỹ,1248,3000,20260630,TC-01,SUSPENDED_PENDING_REVIEW,2026-06-30,2026-05-15,SYNTHETIC_RISK_SCENARIO
501436,TST-U01436,TST-U01436,500,501,STUDIO,1,1,40.08,46.39,24,TOP,NW,SE,CITY_OPEN,False,0.864,9.3,False,0,0.75,69.4,NONE,False,SYNTHETIC,RISK_PROJECT_BASELINE,Tổ hợp thương mại căn hộ Phú Mỹ,1248,3000,20260630,TC-01,SUSPENDED_PENDING_REVIEW,2026-06-30,2026-05-15,SYNTHETIC_RISK_SCENARIO
501437,TST-U01437,TST-U01437,500,501,2PN,2,2,82.43,101.02,24,TOP,E,SE,POOL,False,0.816,10.4,False,0,0.25,84.3,NONE,False,SYNTHETIC,RISK_PROJECT_BASELINE,Tổ hợp thương mại căn hộ Phú Mỹ,1248,3000,20260630,TC-01,SUSPENDED_PENDING_REVIEW,2026-06-30,2026-05-15,SYNTHETIC_RISK_SCENARIO
501438,TST-U01438,TST-U01438,500,501,2PN,2,2,68.37,83.58,24,TOP,NW,S,OBSTRUCTED,True,0.818,4.1,True,2,0.74,17.7,NONE,False,SYNTHETIC,RISK_PROJECT_BASELINE,Tổ hợp thương mại căn hộ Phú Mỹ,1248,3000,20260630,TC-01,SUSPENDED_PENDING_REVIEW,2026-06-30,2026-05-15,SYNTHETIC_RISK_SCENARIO
501439,TST-U01439,TST-U01439,500,501,3PN,3,2,115.2,140.66,24,TOP,N,SW,OBSTRUCTED,True,0.819,4.7,False,0,0.08,4.8,NONE,False,SYNTHETIC,RISK_PROJECT_BASELINE,Tổ hợp thương mại căn hộ Phú Mỹ,1248,3000,20260630,TC-01,SUSPENDED_PENDING_REVIEW,2026-06-30,2026-05-15,SYNTHETIC_RISK_SCENARIO
501440,TST-U01440,TST-U01440,500,501,1PN,1,1,50.41,59.31,24,TOP,E,SW,OBSTRUCTED,False,0.85,11.1,False,2,0.04,6.7,NONE,False,SYNTHETIC,RISK_PROJECT_BASELINE,Tổ hợp thương mại căn hộ Phú Mỹ,1248,3000,20260630,TC-01,SUSPENDED_PENDING_REVIEW,2026-06-30,2026-05-15,SYNTHETIC_RISK_SCENARIO
501441,TST-U01441,TST-U01441,500,501,1PN,1,1,54.68,61.79,24,TOP,NW,SE,OBSTRUCTED,False,0.885,12.8,False,1,0.94,17.2,NONE,False,SYNTHETIC,RISK_PROJECT_BASELINE,Tổ hợp thương mại căn hộ Phú Mỹ,1248,3000,20260630,TC-01,SUSPENDED_PENDING_REVIEW,2026-06-30,2026-05-15,SYNTHETIC_RISK_SCENARIO
501442,TST-U01442,TST-U01442,500,501,2PN,2,2,70.22,83.5,24,TOP,N,E,OBSTRUCTED,False,0.841,7.6,False,0,0.18,12.0,NONE,False,SYNTHETIC,RISK_PROJECT_BASELINE,Tổ hợp thương mại căn hộ Phú Mỹ,1248,3000,20260630,TC-01,SUSPENDED_PENDING_REVIEW,2026-06-30,2026-05-15,SYNTHETIC_RISK_SCENARIO
501443,TST-U01443,TST-U01443,500,501,1PN,1,1,53.98,62.19,24,TOP,NW,NW,OBSTRUCTED,True,0.868,13.5,False,0,0.5,14.9,NONE,False,SYNTHETIC,RISK_PROJECT_BASELINE,Tổ hợp thương mại căn hộ Phú Mỹ,1248,3000,20260630,TC-01,SUSPENDED_PENDING_REVIEW,2026-06-30,2026-05-15,SYNTHETIC_RISK_SCENARIO
501444,TST-U01444,TST-U01444,500,501,STUDIO,1,1,38.87,43.67,24,TOP,S,E,CITY_OPEN,True,0.89,10.8,True,1,0.22,105.4,NONE,False,SYNTHETIC,RISK_PROJECT_BASELINE,Tổ hợp thương mại căn hộ Phú Mỹ,1248,3000,20260630,TC-01,SUSPENDED_PENDING_REVIEW,2026-06-30,2026-05-15,SYNTHETIC_RISK_SCENARIO
501445,TST-U01445,TST-U01445,500,501,2PN,2,2,66.99,77.53,24,TOP,E,NW,OBSTRUCTED,True,0.864,1.6,False,1,0.3,9.3,NONE,False,SYNTHETIC,RISK_PROJECT_BASELINE,Tổ hợp thương mại căn hộ Phú Mỹ,1248,3000,20260630,TC-01,SUSPENDED_PENDING_REVIEW,2026-06-30,2026-05-15,SYNTHETIC_RISK_SCENARIO
501446,TST-U01446,TST-U01446,500,501,2PN,2,2,71.73,88.12,24,TOP,NE,E,PARK,False,0.814,4.6,False,1,0.1,74.4,NONE,False,SYNTHETIC,RISK_PROJECT_BASELINE,Tổ hợp thương mại căn hộ Phú Mỹ,1248,3000,20260630,TC-01,SUSPENDED_PENDING_REVIEW,2026-06-30,2026-05-15,SYNTHETIC_RISK_SCENARIO
501447,TST-U01447,TST-U01447,500,501,2PN,2,2,81.76,93.12,24,TOP,S,E,OBSTRUCTED,False,0.878,11.7,False,0,0.23,13.4,NONE,False,SYNTHETIC,RISK_PROJECT_BASELINE,Tổ hợp thương mại căn hộ Phú Mỹ,1248,3000,20260630,TC-01,SUSPENDED_PENDING_REVIEW,2026-06-30,2026-05-15,SYNTHETIC_RISK_SCENARIO
501448,TST-U01448,TST-U01448,500,501,3PN,3,2,104.36,118.73,24,TOP,SW,S,OBSTRUCTED,False,0.879,1.3,False,1,0.72,14.2,NONE,False,SYNTHETIC,RISK_PROJECT_BASELINE,Tổ hợp thương mại căn hộ Phú Mỹ,1248,3000,20260630,TC-01,SUSPENDED_PENDING_REVIEW,2026-06-30,2026-05-15,SYNTHETIC_RISK_SCENARIO
501449,TST-U01449,TST-U01449,500,501,1PN,1,1,55.35,65.12,24,TOP,N,N,POOL,False,0.85,4.6,False,0,0.16,84.8,NONE,False,SYNTHETIC,RISK_PROJECT_BASELINE,Tổ hợp thương mại căn hộ Phú Mỹ,1248,3000,20260630,TC-01,SUSPENDED_PENDING_REVIEW,2026-06-30,2026-05-15,SYNTHETIC_RISK_SCENARIO
501450,TST-U01450,TST-U01450,500,501,2PN,2,2,72.96,85.73,24,TOP,S,E,CITY_OPEN,False,0.851,3.4,False,1,0.17,45.0,NONE,False,SYNTHETIC,RISK_PROJECT_BASELINE,Tổ hợp thương mại căn hộ Phú Mỹ,1248,3000,20260630,TC-01,SUSPENDED_PENDING_REVIEW,2026-06-30,2026-05-15,SYNTHETIC_RISK_SCENARIO
501451,TST-U01451,TST-U01451,500,501,1PN,1,1,49.85,57.3,24,TOP,W,NE,OBSTRUCTED,False,0.87,3.2,False,0,0.58,13.0,NONE,False,SYNTHETIC,RISK_PROJECT_BASELINE,Tổ hợp thương mại căn hộ Phú Mỹ,1248,3000,20260630,TC-01,SUSPENDED_PENDING_REVIEW,2026-06-30,2026-05-15,SYNTHETIC_RISK_SCENARIO
501452,TST-U01452,TST-U01452,500,501,2PN,2,2,73.48,91.05,24,TOP,NE,E,CITY_OPEN,True,0.807,15.0,True,0,0.25,102.7,NONE,False,SYNTHETIC,RISK_PROJECT_BASELINE,Tổ hợp thương mại căn hộ Phú Mỹ,1248,3000,20260630,TC-01,SUSPENDED_PENDING_REVIEW,2026-06-30,2026-05-15,SYNTHETIC_RISK_SCENARIO
501453,TST-U01453,TST-U01453,500,501,3PN,3,2,95.57,119.16,25,TOP,W,SW,OBSTRUCTED,False,0.802,14.5,False,0,0.77,11.3,NONE,False,SYNTHETIC,RISK_PROJECT_BASELINE,Tổ hợp thương mại căn hộ Phú Mỹ,1248,3000,20260630,TC-01,SUSPENDED_PENDING_REVIEW,2026-06-30,2026-05-15,SYNTHETIC_RISK_SCENARIO
501454,TST-U01454,TST-U01454,500,501,1PN,1,1,57.26,71.04,25,TOP,W,SW,CITY_OPEN,False,0.806,5.3,False,1,0.63,104.5,NONE,False,SYNTHETIC,RISK_PROJECT_BASELINE,Tổ hợp thương mại căn hộ Phú Mỹ,1248,3000,20260630,TC-01,SUSPENDED_PENDING_REVIEW,2026-06-30,2026-05-15,SYNTHETIC_RISK_SCENARIO
501455,TST-U01455,TST-U01455,500,501,2PN,2,2,73.49,87.07,25,TOP,E,SE,PARK,False,0.844,7.1,True,1,0.24,58.2,NONE,False,SYNTHETIC,RISK_PROJECT_BASELINE,Tổ hợp thương mại căn hộ Phú Mỹ,1248,3000,20260630,TC-01,SUSPENDED_PENDING_REVIEW,2026-06-30,2026-05-15,SYNTHETIC_RISK_SCENARIO
501456,TST-U01456,TST-U01456,500,501,3PN,3,2,104.76,125.16,25,TOP,SE,E,CITY_OPEN,True,0.837,9.5,False,1,0.29,73.8,NONE,False,SYNTHETIC,RISK_PROJECT_BASELINE,Tổ hợp thương mại căn hộ Phú Mỹ,1248,3000,20260630,TC-01,SUSPENDED_PENDING_REVIEW,2026-06-30,2026-05-15,SYNTHETIC_RISK_SCENARIO
501457,TST-U01457,TST-U01457,500,501,3PN,3,2,94.56,117.61,25,TOP,NE,NW,CITY_OPEN,True,0.804,8.7,False,0,0.28,89.1,NONE,False,SYNTHETIC,RISK_PROJECT_BASELINE,Tổ hợp thương mại căn hộ Phú Mỹ,1248,3000,20260630,TC-01,SUSPENDED_PENDING_REVIEW,2026-06-30,2026-05-15,SYNTHETIC_RISK_SCENARIO
501458,TST-U01458,TST-U01458,500,501,3PN,3,2,107.08,120.86,25,TOP,NW,NW,OBSTRUCTED,True,0.886,5.7,False,1,0.84,13.0,NONE,False,SYNTHETIC,RISK_PROJECT_BASELINE,Tổ hợp thương mại căn hộ Phú Mỹ,1248,3000,20260630,TC-01,SUSPENDED_PENDING_REVIEW,2026-06-30,2026-05-15,SYNTHETIC_RISK_SCENARIO
501459,TST-U01459,TST-U01459,500,501,2PN,2,2,80.78,94.48,25,TOP,SW,W,OBSTRUCTED,True,0.855,3.7,False,1,0.79,5.9,NONE,False,SYNTHETIC,RISK_PROJECT_BASELINE,Tổ hợp thương mại căn hộ Phú Mỹ,1248,3000,20260630,TC-01,SUSPENDED_PENDING_REVIEW,2026-06-30,2026-05-15,SYNTHETIC_RISK_SCENARIO
501460,TST-U01460,TST-U01460,500,501,2PN,2,2,69.14,80.96,25,TOP,SE,NW,OBSTRUCTED,False,0.854,10.8,False,0,0.04,13.8,NONE,False,SYNTHETIC,RISK_PROJECT_BASELINE,Tổ hợp thương mại căn hộ Phú Mỹ,1248,3000,20260630,TC-01,SUSPENDED_PENDING_REVIEW,2026-06-30,2026-05-15,SYNTHETIC_RISK_SCENARIO
501461,TST-U01461,TST-U01461,500,501,1PN,1,1,55.81,67.0,25,TOP,SW,N,OBSTRUCTED,False,0.833,13.4,True,1,0.92,8.6,NONE,False,SYNTHETIC,RISK_PROJECT_BASELINE,Tổ hợp thương mại căn hộ Phú Mỹ,1248,3000,20260630,TC-01,SUSPENDED_PENDING_REVIEW,2026-06-30,2026-05-15,SYNTHETIC_RISK_SCENARIO
501462,TST-U01462,TST-U01462,500,501,STUDIO,1,1,42.81,48.7,25,TOP,E,SW,CITY_OPEN,True,0.879,11.9,False,1,0.14,107.9,NONE,False,SYNTHETIC,RISK_PROJECT_BASELINE,Tổ hợp thương mại căn hộ Phú Mỹ,1248,3000,20260630,TC-01,SUSPENDED_PENDING_REVIEW,2026-06-30,2026-05-15,SYNTHETIC_RISK_SCENARIO
501463,TST-U01463,TST-U01463,500,501,2PN,2,2,68.63,79.62,25,TOP,E,N,OBSTRUCTED,False,0.862,13.0,False,0,0.15,8.6,NONE,False,SYNTHETIC,RISK_PROJECT_BASELINE,Tổ hợp thương mại căn hộ Phú Mỹ,1248,3000,20260630,TC-01,SUSPENDED_PENDING_REVIEW,2026-06-30,2026-05-15,SYNTHETIC_RISK_SCENARIO
501464,TST-U01464,TST-U01464,500,501,3PN,3,2,102.31,117.06,25,TOP,W,NW,OBSTRUCTED,False,0.874,11.4,False,2,0.79,8.3,NONE,False,SYNTHETIC,RISK_PROJECT_BASELINE,Tổ hợp thương mại căn hộ Phú Mỹ,1248,3000,20260630,TC-01,SUSPENDED_PENDING_REVIEW,2026-06-30,2026-05-15,SYNTHETIC_RISK_SCENARIO
501465,TST-U01465,TST-U01465,500,501,3PN,3,2,112.57,138.63,25,TOP,NE,NW,OBSTRUCTED,False,0.812,4.0,False,0,0.27,10.7,NONE,False,SYNTHETIC,RISK_PROJECT_BASELINE,Tổ hợp thương mại căn hộ Phú Mỹ,1248,3000,20260630,TC-01,SUSPENDED_PENDING_REVIEW,2026-06-30,2026-05-15,SYNTHETIC_RISK_SCENARIO
501466,TST-U01466,TST-U01466,500,501,3PN,3,2,102.32,123.13,25,TOP,W,S,CITY_OPEN,False,0.831,1.9,False,0,0.75,102.6,NONE,False,SYNTHETIC,RISK_PROJECT_BASELINE,Tổ hợp thương mại căn hộ Phú Mỹ,1248,3000,20260630,TC-01,SUSPENDED_PENDING_REVIEW,2026-06-30,2026-05-15,SYNTHETIC_RISK_SCENARIO
501467,TST-U01467,TST-U01467,500,501,2PN,2,2,81.39,96.09,25,TOP,N,W,CITY_OPEN,False,0.847,7.7,False,0,0.27,48.0,TEMPLE,False,SYNTHETIC,RISK_PROJECT_BASELINE,Tổ hợp thương mại căn hộ Phú Mỹ,1248,3000,20260630,TC-01,SUSPENDED_PENDING_REVIEW,2026-06-30,2026-05-15,SYNTHETIC_RISK_SCENARIO
501468,TST-U01468,TST-U01468,500,501,2PN,2,2,79.06,95.37,25,TOP,W,NW,OBSTRUCTED,False,0.829,5.2,True,0,0.91,7.1,NONE,False,SYNTHETIC,RISK_PROJECT_BASELINE,Tổ hợp thương mại căn hộ Phú Mỹ,1248,3000,20260630,TC-01,SUSPENDED_PENDING_REVIEW,2026-06-30,2026-05-15,SYNTHETIC_RISK_SCENARIO
501469,TST-U01469,TST-U01469,500,501,2PN,2,2,66.56,80.0,25,TOP,NW,E,CITY_OPEN,False,0.832,5.9,True,1,0.69,61.4,NONE,False,SYNTHETIC,RISK_PROJECT_BASELINE,Tổ hợp thương mại căn hộ Phú Mỹ,1248,3000,20260630,TC-01,SUSPENDED_PENDING_REVIEW,2026-06-30,2026-05-15,SYNTHETIC_RISK_SCENARIO
501470,TST-U01470,TST-U01470,500,501,2PN,2,2,65.37,79.72,25,TOP,NE,SE,OBSTRUCTED,False,0.82,8.6,True,1,0.19,7.4,NONE,False,SYNTHETIC,RISK_PROJECT_BASELINE,Tổ hợp thương mại căn hộ Phú Mỹ,1248,3000,20260630,TC-01,SUSPENDED_PENDING_REVIEW,2026-06-30,2026-05-15,SYNTHETIC_RISK_SCENARIO
501471,TST-U01471,TST-U01471,500,501,1PN,1,1,55.3,64.23,25,TOP,SE,NE,OBSTRUCTED,True,0.861,1.5,False,0,0.14,14.0,NONE,False,SYNTHETIC,RISK_PROJECT_BASELINE,Tổ hợp thương mại căn hộ Phú Mỹ,1248,3000,20260630,TC-01,SUSPENDED_PENDING_REVIEW,2026-06-30,2026-05-15,SYNTHETIC_RISK_SCENARIO
501472,TST-U01472,TST-U01472,500,501,3PN,3,2,99.64,121.81,25,TOP,SW,S,CITY_OPEN,False,0.818,11.3,False,0,0.69,49.7,NONE,False,SYNTHETIC,RISK_PROJECT_BASELINE,Tổ hợp thương mại căn hộ Phú Mỹ,1248,3000,20260630,TC-01,SUSPENDED_PENDING_REVIEW,2026-06-30,2026-05-15,SYNTHETIC_RISK_SCENARIO
501473,TST-U01473,TST-U01473,500,501,2PN,2,2,68.56,81.62,25,TOP,E,SW,PARK,True,0.84,12.1,False,0,0.24,96.1,WASTE_STATION,False,SYNTHETIC,RISK_PROJECT_BASELINE,Tổ hợp thương mại căn hộ Phú Mỹ,1248,3000,20260630,TC-01,SUSPENDED_PENDING_REVIEW,2026-06-30,2026-05-15,SYNTHETIC_RISK_SCENARIO
501474,TST-U01474,TST-U01474,500,501,2PN,2,2,72.62,82.99,25,TOP,SW,SW,OBSTRUCTED,True,0.875,13.9,False,0,0.91,6.7,NONE,False,SYNTHETIC,RISK_PROJECT_BASELINE,Tổ hợp thương mại căn hộ Phú Mỹ,1248,3000,20260630,TC-01,SUSPENDED_PENDING_REVIEW,2026-06-30,2026-05-15,SYNTHETIC_RISK_SCENARIO
501475,TST-U01475,TST-U01475,500,501,3PN,3,2,108.39,121.92,25,TOP,W,E,PARK,False,0.889,8.7,False,0,0.88,33.9,NONE,False,SYNTHETIC,RISK_PROJECT_BASELINE,Tổ hợp thương mại căn hộ Phú Mỹ,1248,3000,20260630,TC-01,SUSPENDED_PENDING_REVIEW,2026-06-30,2026-05-15,SYNTHETIC_RISK_SCENARIO
501476,TST-U01476,TST-U01476,500,501,1PN,1,1,51.32,58.45,25,TOP,NE,E,OBSTRUCTED,False,0.878,6.2,False,0,0.11,16.6,NONE,False,SYNTHETIC,RISK_PROJECT_BASELINE,Tổ hợp thương mại căn hộ Phú Mỹ,1248,3000,20260630,TC-01,SUSPENDED_PENDING_REVIEW,2026-06-30,2026-05-15,SYNTHETIC_RISK_SCENARIO
501477,TST-U01477,TST-U01477,500,501,2PN,2,2,85.66,106.41,25,TOP,NW,W,OBSTRUCTED,False,0.805,14.4,False,1,0.62,17.7,NONE,False,SYNTHETIC,RISK_PROJECT_BASELINE,Tổ hợp thương mại căn hộ Phú Mỹ,1248,3000,20260630,TC-01,SUSPENDED_PENDING_REVIEW,2026-06-30,2026-05-15,SYNTHETIC_RISK_SCENARIO
501478,TST-U01478,TST-U01478,500,501,3PN,3,2,104.15,122.67,25,TOP,NE,N,CITY_OPEN,True,0.849,9.8,True,0,0.13,100.2,NONE,False,SYNTHETIC,RISK_PROJECT_BASELINE,Tổ hợp thương mại căn hộ Phú Mỹ,1248,3000,20260630,TC-01,SUSPENDED_PENDING_REVIEW,2026-06-30,2026-05-15,SYNTHETIC_RISK_SCENARIO
501479,TST-U01479,TST-U01479,500,501,2PN,2,2,78.2,90.72,25,TOP,NE,S,OBSTRUCTED,False,0.862,8.6,True,2,0.24,7.4,TEMPLE,False,SYNTHETIC,RISK_PROJECT_BASELINE,Tổ hợp thương mại căn hộ Phú Mỹ,1248,3000,20260630,TC-01,SUSPENDED_PENDING_REVIEW,2026-06-30,2026-05-15,SYNTHETIC_RISK_SCENARIO
501480,TST-U01480,TST-U01480,500,501,2PN,2,2,79.26,94.81,25,TOP,NE,W,CITY_OPEN,False,0.836,11.3,False,1,0.18,31.0,NONE,False,SYNTHETIC,RISK_PROJECT_BASELINE,Tổ hợp thương mại căn hộ Phú Mỹ,1248,3000,20260630,TC-01,SUSPENDED_PENDING_REVIEW,2026-06-30,2026-05-15,SYNTHETIC_RISK_SCENARIO
501481,TST-U01481,TST-U01481,500,501,1PN,1,1,53.05,60.28,25,TOP,W,N,PARK,False,0.88,13.8,False,1,0.72,63.1,NONE,False,SYNTHETIC,RISK_PROJECT_BASELINE,Tổ hợp thương mại căn hộ Phú Mỹ,1248,3000,20260630,TC-01,SUSPENDED_PENDING_REVIEW,2026-06-30,2026-05-15,SYNTHETIC_RISK_SCENARIO
501482,TST-U01482,TST-U01482,500,501,1PN,1,1,52.92,62.19,25,TOP,W,W,PARK,False,0.851,1.5,False,0,0.87,80.4,NONE,False,SYNTHETIC,RISK_PROJECT_BASELINE,Tổ hợp thương mại căn hộ Phú Mỹ,1248,3000,20260630,TC-01,SUSPENDED_PENDING_REVIEW,2026-06-30,2026-05-15,SYNTHETIC_RISK_SCENARIO
501483,TST-U01483,TST-U01483,500,501,2PN,2,2,73.72,86.73,25,TOP,S,SW,POOL,True,0.85,7.2,True,0,0.08,104.7,NONE,False,SYNTHETIC,RISK_PROJECT_BASELINE,Tổ hợp thương mại căn hộ Phú Mỹ,1248,3000,20260630,TC-01,SUSPENDED_PENDING_REVIEW,2026-06-30,2026-05-15,SYNTHETIC_RISK_SCENARIO
501484,TST-U01484,TST-U01484,500,501,2PN,2,2,74.09,86.35,25,TOP,E,NE,OBSTRUCTED,False,0.858,12.2,False,0,0.11,9.0,NONE,False,SYNTHETIC,RISK_PROJECT_BASELINE,Tổ hợp thương mại căn hộ Phú Mỹ,1248,3000,20260630,TC-01,SUSPENDED_PENDING_REVIEW,2026-06-30,2026-05-15,SYNTHETIC_RISK_SCENARIO
501485,TST-U01485,TST-U01485,500,501,1PN,1,1,52.15,58.86,25,TOP,E,SW,OBSTRUCTED,False,0.886,6.5,False,0,0.12,9.0,NONE,False,SYNTHETIC,RISK_PROJECT_BASELINE,Tổ hợp thương mại căn hộ Phú Mỹ,1248,3000,20260630,TC-01,SUSPENDED_PENDING_REVIEW,2026-06-30,2026-05-15,SYNTHETIC_RISK_SCENARIO
501486,TST-U01486,TST-U01486,500,501,2PN,2,2,72.82,85.27,25,TOP,E,NE,OBSTRUCTED,False,0.854,11.7,False,1,0.21,8.7,NONE,False,SYNTHETIC,RISK_PROJECT_BASELINE,Tổ hợp thương mại căn hộ Phú Mỹ,1248,3000,20260630,TC-01,SUSPENDED_PENDING_REVIEW,2026-06-30,2026-05-15,SYNTHETIC_RISK_SCENARIO
501487,TST-U01487,TST-U01487,500,501,3PN,3,2,105.96,130.01,25,TOP,S,S,CITY_OPEN,False,0.815,13.8,False,0,0.26,103.1,NONE,False,SYNTHETIC,RISK_PROJECT_BASELINE,Tổ hợp thương mại căn hộ Phú Mỹ,1248,3000,20260630,TC-01,SUSPENDED_PENDING_REVIEW,2026-06-30,2026-05-15,SYNTHETIC_RISK_SCENARIO
501488,TST-U01488,TST-U01488,500,501,1PN,1,1,52.32,62.29,25,TOP,E,SW,OBSTRUCTED,False,0.84,11.6,False,0,0.18,13.5,TEMPLE,False,SYNTHETIC,RISK_PROJECT_BASELINE,Tổ hợp thương mại căn hộ Phú Mỹ,1248,3000,20260630,TC-01,SUSPENDED_PENDING_REVIEW,2026-06-30,2026-05-15,SYNTHETIC_RISK_SCENARIO
501489,TST-U01489,TST-U01489,500,501,2PN,2,2,70.78,88.25,25,TOP,SE,W,CITY_OPEN,False,0.802,5.2,False,1,0.26,94.5,NONE,False,SYNTHETIC,RISK_PROJECT_BASELINE,Tổ hợp thương mại căn hộ Phú Mỹ,1248,3000,20260630,TC-01,SUSPENDED_PENDING_REVIEW,2026-06-30,2026-05-15,SYNTHETIC_RISK_SCENARIO
501490,TST-U01490,TST-U01490,500,501,2PN,2,2,80.94,91.87,25,TOP,W,E,OBSTRUCTED,True,0.881,14.1,True,0,0.84,15.7,NONE,False,SYNTHETIC,RISK_PROJECT_BASELINE,Tổ hợp thương mại căn hộ Phú Mỹ,1248,3000,20260630,TC-01,SUSPENDED_PENDING_REVIEW,2026-06-30,2026-05-15,SYNTHETIC_RISK_SCENARIO
501491,TST-U01491,TST-U01491,500,501,1PN,1,1,50.5,57.0,25,TOP,NW,N,CITY_OPEN,False,0.886,9.1,False,0,0.68,52.6,NONE,False,SYNTHETIC,RISK_PROJECT_BASELINE,Tổ hợp thương mại căn hộ Phú Mỹ,1248,3000,20260630,TC-01,SUSPENDED_PENDING_REVIEW,2026-06-30,2026-05-15,SYNTHETIC_RISK_SCENARIO
501492,TST-U01492,TST-U01492,500,501,2PN,2,2,79.13,97.45,25,TOP,S,NE,PARK,False,0.812,13.4,False,1,0.13,48.6,WASTE_STATION,False,SYNTHETIC,RISK_PROJECT_BASELINE,Tổ hợp thương mại căn hộ Phú Mỹ,1248,3000,20260630,TC-01,SUSPENDED_PENDING_REVIEW,2026-06-30,2026-05-15,SYNTHETIC_RISK_SCENARIO
501493,TST-U01493,TST-U01493,500,501,2PN,2,2,70.01,85.8,25,TOP,W,N,OBSTRUCTED,True,0.816,11.8,False,0,0.9,10.6,NONE,False,SYNTHETIC,RISK_PROJECT_BASELINE,Tổ hợp thương mại căn hộ Phú Mỹ,1248,3000,20260630,TC-01,SUSPENDED_PENDING_REVIEW,2026-06-30,2026-05-15,SYNTHETIC_RISK_SCENARIO
501494,TST-U01494,TST-U01494,500,501,2PN,2,2,74.86,90.19,25,TOP,NW,SW,CITY_OPEN,False,0.83,7.7,False,0,0.8,93.3,NONE,False,SYNTHETIC,RISK_PROJECT_BASELINE,Tổ hợp thương mại căn hộ Phú Mỹ,1248,3000,20260630,TC-01,SUSPENDED_PENDING_REVIEW,2026-06-30,2026-05-15,SYNTHETIC_RISK_SCENARIO
501495,TST-U01495,TST-U01495,500,501,2PN,2,2,76.87,95.37,25,TOP,E,N,POOL,True,0.806,9.2,False,1,0.19,104.5,NONE,False,SYNTHETIC,RISK_PROJECT_BASELINE,Tổ hợp thương mại căn hộ Phú Mỹ,1248,3000,20260630,TC-01,SUSPENDED_PENDING_REVIEW,2026-06-30,2026-05-15,SYNTHETIC_RISK_SCENARIO
501496,TST-U01496,TST-U01496,500,501,1PN,1,1,59.94,73.64,25,TOP,E,E,OBSTRUCTED,False,0.814,5.9,False,0,0.17,16.2,NONE,False,SYNTHETIC,RISK_PROJECT_BASELINE,Tổ hợp thương mại căn hộ Phú Mỹ,1248,3000,20260630,TC-01,SUSPENDED_PENDING_REVIEW,2026-06-30,2026-05-15,SYNTHETIC_RISK_SCENARIO
501497,TST-U01497,TST-U01497,500,501,1PN,1,1,50.25,56.84,25,TOP,SE,E,CITY_OPEN,False,0.884,13.7,False,0,0.13,57.4,NONE,False,SYNTHETIC,RISK_PROJECT_BASELINE,Tổ hợp thương mại căn hộ Phú Mỹ,1248,3000,20260630,TC-01,SUSPENDED_PENDING_REVIEW,2026-06-30,2026-05-15,SYNTHETIC_RISK_SCENARIO
501498,TST-U01498,TST-U01498,500,501,1PN,1,1,55.93,66.19,25,TOP,NW,SW,PARK,False,0.845,12.6,False,1,0.59,109.9,NONE,False,SYNTHETIC,RISK_PROJECT_BASELINE,Tổ hợp thương mại căn hộ Phú Mỹ,1248,3000,20260630,TC-01,SUSPENDED_PENDING_REVIEW,2026-06-30,2026-05-15,SYNTHETIC_RISK_SCENARIO
501499,TST-U01499,TST-U01499,500,501,1PN,1,1,52.29,60.03,25,TOP,NE,NE,CITY_OPEN,False,0.871,15.2,False,0,0.16,95.7,NONE,False,SYNTHETIC,RISK_PROJECT_BASELINE,Tổ hợp thương mại căn hộ Phú Mỹ,1248,3000,20260630,TC-01,SUSPENDED_PENDING_REVIEW,2026-06-30,2026-05-15,SYNTHETIC_RISK_SCENARIO
501500,TST-U01500,TST-U01500,500,501,3PN,3,2,104.85,125.72,25,TOP,SW,S,OBSTRUCTED,False,0.834,4.0,True,0,0.83,6.3,NONE,False,SYNTHETIC,RISK_PROJECT_BASELINE,Tổ hợp thương mại căn hộ Phú Mỹ,1248,3000,20260630,TC-01,SUSPENDED_PENDING_REVIEW,2026-06-30,2026-05-15,SYNTHETIC_RISK_SCENARIO
501501,TST-U01501,TST-U01501,500,502,3PN,3,2,91.94,106.54,3,LOW,S,NW,PARK,False,0.863,8.8,True,0,0.23,92.9,NONE,False,SYNTHETIC,RISK_PROJECT_BASELINE,Tổ hợp thương mại căn hộ Phú Mỹ,1248,3000,20260630,TC-01,SUSPENDED_PENDING_REVIEW,2026-06-30,2026-05-15,SYNTHETIC_RISK_SCENARIO
501502,TST-U01502,TST-U01502,500,502,2PN,2,2,67.59,76.98,3,LOW,SW,NE,OBSTRUCTED,True,0.878,15.9,False,1,0.61,8.7,NONE,False,SYNTHETIC,RISK_PROJECT_BASELINE,Tổ hợp thương mại căn hộ Phú Mỹ,1248,3000,20260630,TC-01,SUSPENDED_PENDING_REVIEW,2026-06-30,2026-05-15,SYNTHETIC_RISK_SCENARIO
501503,TST-U01503,TST-U01503,500,502,1PN,1,1,49.69,60.89,3,LOW,E,SE,CITY_OPEN,False,0.816,12.9,False,0,0.08,106.3,NONE,False,SYNTHETIC,RISK_PROJECT_BASELINE,Tổ hợp thương mại căn hộ Phú Mỹ,1248,3000,20260630,TC-01,SUSPENDED_PENDING_REVIEW,2026-06-30,2026-05-15,SYNTHETIC_RISK_SCENARIO
501504,TST-U01504,TST-U01504,500,502,1PN,1,1,53.42,63.29,3,LOW,SE,SE,PARK,True,0.844,5.7,False,0,0.22,73.0,NONE,False,SYNTHETIC,RISK_PROJECT_BASELINE,Tổ hợp thương mại căn hộ Phú Mỹ,1248,3000,20260630,TC-01,SUSPENDED_PENDING_REVIEW,2026-06-30,2026-05-15,SYNTHETIC_RISK_SCENARIO
501505,TST-U01505,TST-U01505,500,502,3PN,3,2,96.32,114.8,3,LOW,S,W,PARK,True,0.839,13.7,False,0,0.22,47.7,NONE,False,SYNTHETIC,RISK_PROJECT_BASELINE,Tổ hợp thương mại căn hộ Phú Mỹ,1248,3000,20260630,TC-01,SUSPENDED_PENDING_REVIEW,2026-06-30,2026-05-15,SYNTHETIC_RISK_SCENARIO
501506,TST-U01506,TST-U01506,500,502,3PN,3,2,117.04,143.96,3,LOW,NW,E,PARK,False,0.813,3.2,False,1,0.56,37.2,NONE,False,SYNTHETIC,RISK_PROJECT_BASELINE,Tổ hợp thương mại căn hộ Phú Mỹ,1248,3000,20260630,TC-01,SUSPENDED_PENDING_REVIEW,2026-06-30,2026-05-15,SYNTHETIC_RISK_SCENARIO
501507,TST-U01507,TST-U01507,500,502,2PN,2,2,66.83,78.62,3,LOW,E,NE,OBSTRUCTED,False,0.85,5.8,False,1,0.28,12.4,NONE,False,SYNTHETIC,RISK_PROJECT_BASELINE,Tổ hợp thương mại căn hộ Phú Mỹ,1248,3000,20260630,TC-01,SUSPENDED_PENDING_REVIEW,2026-06-30,2026-05-15,SYNTHETIC_RISK_SCENARIO
501508,TST-U01508,TST-U01508,500,502,2PN,2,2,78.04,89.19,3,LOW,S,NW,OBSTRUCTED,True,0.875,9.7,False,1,0.11,12.1,NONE,False,SYNTHETIC,RISK_PROJECT_BASELINE,Tổ hợp thương mại căn hộ Phú Mỹ,1248,3000,20260630,TC-01,SUSPENDED_PENDING_REVIEW,2026-06-30,2026-05-15,SYNTHETIC_RISK_SCENARIO
501509,TST-U01509,TST-U01509,500,502,1PN,1,1,51.48,63.95,3,LOW,E,SW,OBSTRUCTED,False,0.805,7.7,True,0,0.04,16.3,NONE,False,SYNTHETIC,RISK_PROJECT_BASELINE,Tổ hợp thương mại căn hộ Phú Mỹ,1248,3000,20260630,TC-01,SUSPENDED_PENDING_REVIEW,2026-06-30,2026-05-15,SYNTHETIC_RISK_SCENARIO
501510,TST-U01510,TST-U01510,500,502,2PN,2,2,80.04,92.64,3,LOW,NW,N,CITY_OPEN,False,0.864,1.9,False,0,0.52,98.5,NONE,False,SYNTHETIC,RISK_PROJECT_BASELINE,Tổ hợp thương mại căn hộ Phú Mỹ,1248,3000,20260630,TC-01,SUSPENDED_PENDING_REVIEW,2026-06-30,2026-05-15,SYNTHETIC_RISK_SCENARIO
501511,TST-U01511,TST-U01511,500,502,2PN,2,2,77.02,89.56,3,LOW,N,S,CITY_OPEN,False,0.86,9.6,False,0,0.05,58.5,TEMPLE,False,SYNTHETIC,RISK_PROJECT_BASELINE,Tổ hợp thương mại căn hộ Phú Mỹ,1248,3000,20260630,TC-01,SUSPENDED_PENDING_REVIEW,2026-06-30,2026-05-15,SYNTHETIC_RISK_SCENARIO
501512,TST-U01512,TST-U01512,500,502,3PN,3,2,100.5,116.05,3,LOW,W,NW,OBSTRUCTED,True,0.866,15.3,False,0,0.92,8.1,WASTE_STATION,False,SYNTHETIC,RISK_PROJECT_BASELINE,Tổ hợp thương mại căn hộ Phú Mỹ,1248,3000,20260630,TC-01,SUSPENDED_PENDING_REVIEW,2026-06-30,2026-05-15,SYNTHETIC_RISK_SCENARIO
501513,TST-U01513,TST-U01513,500,502,2PN,2,2,81.25,100.56,3,LOW,NW,N,OBSTRUCTED,False,0.808,10.3,False,0,0.67,11.1,TEMPLE,False,SYNTHETIC,RISK_PROJECT_BASELINE,Tổ hợp thương mại căn hộ Phú Mỹ,1248,3000,20260630,TC-01,SUSPENDED_PENDING_REVIEW,2026-06-30,2026-05-15,SYNTHETIC_RISK_SCENARIO
501514,TST-U01514,TST-U01514,500,502,2PN,2,2,67.31,84.14,3,LOW,E,SE,OBSTRUCTED,True,0.8,2.7,False,1,0.2,13.1,NONE,False,SYNTHETIC,RISK_PROJECT_BASELINE,Tổ hợp thương mại căn hộ Phú Mỹ,1248,3000,20260630,TC-01,SUSPENDED_PENDING_REVIEW,2026-06-30,2026-05-15,SYNTHETIC_RISK_SCENARIO
501515,TST-U01515,TST-U01515,500,502,1PN,1,1,54.14,64.3,3,LOW,E,S,OBSTRUCTED,False,0.842,2.1,True,0,0.03,11.3,NONE,False,SYNTHETIC,RISK_PROJECT_BASELINE,Tổ hợp thương mại căn hộ Phú Mỹ,1248,3000,20260630,TC-01,SUSPENDED_PENDING_REVIEW,2026-06-30,2026-05-15,SYNTHETIC_RISK_SCENARIO
501516,TST-U01516,TST-U01516,500,502,3PN,3,2,107.98,121.6,3,LOW,W,N,OBSTRUCTED,False,0.888,10.8,False,0,0.89,5.8,WASTE_STATION,False,SYNTHETIC,RISK_PROJECT_BASELINE,Tổ hợp thương mại căn hộ Phú Mỹ,1248,3000,20260630,TC-01,SUSPENDED_PENDING_REVIEW,2026-06-30,2026-05-15,SYNTHETIC_RISK_SCENARIO
501517,TST-U01517,TST-U01517,500,502,2PN,2,2,64.23,76.74,3,LOW,N,SE,PARK,False,0.837,3.5,False,0,0.23,100.9,NONE,False,SYNTHETIC,RISK_PROJECT_BASELINE,Tổ hợp thương mại căn hộ Phú Mỹ,1248,3000,20260630,TC-01,SUSPENDED_PENDING_REVIEW,2026-06-30,2026-05-15,SYNTHETIC_RISK_SCENARIO
501518,TST-U01518,TST-U01518,500,502,1PN,1,1,48.96,55.38,3,LOW,E,SE,OBSTRUCTED,True,0.884,13.5,False,0,0.24,11.0,NONE,False,SYNTHETIC,RISK_PROJECT_BASELINE,Tổ hợp thương mại căn hộ Phú Mỹ,1248,3000,20260630,TC-01,SUSPENDED_PENDING_REVIEW,2026-06-30,2026-05-15,SYNTHETIC_RISK_SCENARIO
501519,TST-U01519,TST-U01519,500,502,1PN,1,1,60.28,74.51,3,LOW,W,N,OBSTRUCTED,False,0.809,6.1,False,1,0.69,6.4,NONE,False,SYNTHETIC,RISK_PROJECT_BASELINE,Tổ hợp thương mại căn hộ Phú Mỹ,1248,3000,20260630,TC-01,SUSPENDED_PENDING_REVIEW,2026-06-30,2026-05-15,SYNTHETIC_RISK_SCENARIO
501520,TST-U01520,TST-U01520,500,502,3PN,3,2,93.78,112.85,3,LOW,SE,SE,OBSTRUCTED,False,0.831,5.7,False,0,0.04,9.1,NONE,False,SYNTHETIC,RISK_PROJECT_BASELINE,Tổ hợp thương mại căn hộ Phú Mỹ,1248,3000,20260630,TC-01,SUSPENDED_PENDING_REVIEW,2026-06-30,2026-05-15,SYNTHETIC_RISK_SCENARIO
501521,TST-U01521,TST-U01521,500,502,1PN,1,1,51.47,58.82,3,LOW,W,N,OBSTRUCTED,False,0.875,14.4,False,0,0.86,7.8,NONE,False,SYNTHETIC,RISK_PROJECT_BASELINE,Tổ hợp thương mại căn hộ Phú Mỹ,1248,3000,20260630,TC-01,SUSPENDED_PENDING_REVIEW,2026-06-30,2026-05-15,SYNTHETIC_RISK_SCENARIO
501522,TST-U01522,TST-U01522,500,502,1PN,1,1,57.08,69.87,3,LOW,S,NE,POOL,False,0.817,3.2,False,0,0.24,35.0,NONE,False,SYNTHETIC,RISK_PROJECT_BASELINE,Tổ hợp thương mại căn hộ Phú Mỹ,1248,3000,20260630,TC-01,SUSPENDED_PENDING_REVIEW,2026-06-30,2026-05-15,SYNTHETIC_RISK_SCENARIO
501523,TST-U01523,TST-U01523,500,502,2PN,2,2,80.06,93.53,3,LOW,S,NE,OBSTRUCTED,False,0.856,8.8,False,2,0.28,15.1,NONE,False,SYNTHETIC,RISK_PROJECT_BASELINE,Tổ hợp thương mại căn hộ Phú Mỹ,1248,3000,20260630,TC-01,SUSPENDED_PENDING_REVIEW,2026-06-30,2026-05-15,SYNTHETIC_RISK_SCENARIO
501524,TST-U01524,TST-U01524,500,502,2PN,2,2,85.82,101.8,3,LOW,NE,N,PARK,False,0.843,1.3,False,1,0.13,51.7,NONE,False,SYNTHETIC,RISK_PROJECT_BASELINE,Tổ hợp thương mại căn hộ Phú Mỹ,1248,3000,20260630,TC-01,SUSPENDED_PENDING_REVIEW,2026-06-30,2026-05-15,SYNTHETIC_RISK_SCENARIO
501525,TST-U01525,TST-U01525,500,502,STUDIO,1,1,44.99,53.62,3,LOW,SE,SW,OBSTRUCTED,False,0.839,7.7,False,0,0.17,6.2,NONE,False,SYNTHETIC,RISK_PROJECT_BASELINE,Tổ hợp thương mại căn hộ Phú Mỹ,1248,3000,20260630,TC-01,SUSPENDED_PENDING_REVIEW,2026-06-30,2026-05-15,SYNTHETIC_RISK_SCENARIO
501526,TST-U01526,TST-U01526,500,502,3PN,3,2,98.63,120.87,3,LOW,S,E,POOL,False,0.816,8.2,False,0,0.29,75.4,NONE,False,SYNTHETIC,RISK_PROJECT_BASELINE,Tổ hợp thương mại căn hộ Phú Mỹ,1248,3000,20260630,TC-01,SUSPENDED_PENDING_REVIEW,2026-06-30,2026-05-15,SYNTHETIC_RISK_SCENARIO
501527,TST-U01527,TST-U01527,500,502,1PN,1,1,49.03,61.29,3,LOW,SW,SW,OBSTRUCTED,False,0.8,13.8,False,2,0.53,11.4,NONE,False,SYNTHETIC,RISK_PROJECT_BASELINE,Tổ hợp thương mại căn hộ Phú Mỹ,1248,3000,20260630,TC-01,SUSPENDED_PENDING_REVIEW,2026-06-30,2026-05-15,SYNTHETIC_RISK_SCENARIO
501528,TST-U01528,TST-U01528,500,502,3PN,3,2,103.5,126.07,3,LOW,NE,W,OBSTRUCTED,True,0.821,12.6,False,1,0.04,12.4,NONE,False,SYNTHETIC,RISK_PROJECT_BASELINE,Tổ hợp thương mại căn hộ Phú Mỹ,1248,3000,20260630,TC-01,SUSPENDED_PENDING_REVIEW,2026-06-30,2026-05-15,SYNTHETIC_RISK_SCENARIO
501529,TST-U01529,TST-U01529,500,502,2PN,2,2,77.6,88.89,3,LOW,NW,E,CITY_OPEN,False,0.873,10.6,False,1,0.52,92.4,NONE,False,SYNTHETIC,RISK_PROJECT_BASELINE,Tổ hợp thương mại căn hộ Phú Mỹ,1248,3000,20260630,TC-01,SUSPENDED_PENDING_REVIEW,2026-06-30,2026-05-15,SYNTHETIC_RISK_SCENARIO
501530,TST-U01530,TST-U01530,500,502,2PN,2,2,75.99,85.86,3,LOW,N,E,CITY_OPEN,False,0.885,2.9,False,1,0.04,105.7,NONE,False,SYNTHETIC,RISK_PROJECT_BASELINE,Tổ hợp thương mại căn hộ Phú Mỹ,1248,3000,20260630,TC-01,SUSPENDED_PENDING_REVIEW,2026-06-30,2026-05-15,SYNTHETIC_RISK_SCENARIO
501531,TST-U01531,TST-U01531,500,502,1PN,1,1,54.25,65.84,3,LOW,NE,N,OBSTRUCTED,False,0.824,12.2,False,0,0.24,7.6,NONE,False,SYNTHETIC,RISK_PROJECT_BASELINE,Tổ hợp thương mại căn hộ Phú Mỹ,1248,3000,20260630,TC-01,SUSPENDED_PENDING_REVIEW,2026-06-30,2026-05-15,SYNTHETIC_RISK_SCENARIO
501532,TST-U01532,TST-U01532,500,502,2PN,2,2,76.38,86.01,3,LOW,SE,W,POOL,True,0.888,1.8,False,0,0.23,37.8,NONE,False,SYNTHETIC,RISK_PROJECT_BASELINE,Tổ hợp thương mại căn hộ Phú Mỹ,1248,3000,20260630,TC-01,SUSPENDED_PENDING_REVIEW,2026-06-30,2026-05-15,SYNTHETIC_RISK_SCENARIO
501533,TST-U01533,TST-U01533,500,502,2PN,2,2,77.81,89.03,3,LOW,SW,E,OBSTRUCTED,False,0.874,7.2,False,0,0.77,12.8,NONE,False,SYNTHETIC,RISK_PROJECT_BASELINE,Tổ hợp thương mại căn hộ Phú Mỹ,1248,3000,20260630,TC-01,SUSPENDED_PENDING_REVIEW,2026-06-30,2026-05-15,SYNTHETIC_RISK_SCENARIO
501534,TST-U01534,TST-U01534,500,502,1PN,1,1,58.42,67.77,3,LOW,NW,E,CITY_OPEN,False,0.862,7.5,False,0,0.67,29.2,WASTE_STATION,False,SYNTHETIC,RISK_PROJECT_BASELINE,Tổ hợp thương mại căn hộ Phú Mỹ,1248,3000,20260630,TC-01,SUSPENDED_PENDING_REVIEW,2026-06-30,2026-05-15,SYNTHETIC_RISK_SCENARIO
501535,TST-U01535,TST-U01535,500,502,2PN,2,2,77.89,88.21,3,LOW,NW,N,CITY_OPEN,False,0.883,2.8,False,0,0.67,46.3,NONE,False,SYNTHETIC,RISK_PROJECT_BASELINE,Tổ hợp thương mại căn hộ Phú Mỹ,1248,3000,20260630,TC-01,SUSPENDED_PENDING_REVIEW,2026-06-30,2026-05-15,SYNTHETIC_RISK_SCENARIO
501536,TST-U01536,TST-U01536,500,502,3PN,3,2,107.51,127.84,3,LOW,W,SE,CITY_OPEN,False,0.841,13.4,True,0,0.64,34.0,NONE,False,SYNTHETIC,RISK_PROJECT_BASELINE,Tổ hợp thương mại căn hộ Phú Mỹ,1248,3000,20260630,TC-01,SUSPENDED_PENDING_REVIEW,2026-06-30,2026-05-15,SYNTHETIC_RISK_SCENARIO
501537,TST-U01537,TST-U01537,500,502,2PN,2,2,87.84,109.25,3,LOW,N,SE,OBSTRUCTED,False,0.804,9.1,False,1,0.17,8.8,NONE,False,SYNTHETIC,RISK_PROJECT_BASELINE,Tổ hợp thương mại căn hộ Phú Mỹ,1248,3000,20260630,TC-01,SUSPENDED_PENDING_REVIEW,2026-06-30,2026-05-15,SYNTHETIC_RISK_SCENARIO
501538,TST-U01538,TST-U01538,500,502,3PN,3,2,107.31,131.99,3,LOW,SW,SW,OBSTRUCTED,False,0.813,14.5,False,0,0.69,14.6,NONE,False,SYNTHETIC,RISK_PROJECT_BASELINE,Tổ hợp thương mại căn hộ Phú Mỹ,1248,3000,20260630,TC-01,SUSPENDED_PENDING_REVIEW,2026-06-30,2026-05-15,SYNTHETIC_RISK_SCENARIO
501539,TST-U01539,TST-U01539,500,502,2PN,2,2,76.16,86.74,3,LOW,NE,S,PARK,False,0.878,13.9,True,0,0.13,52.0,NONE,False,SYNTHETIC,RISK_PROJECT_BASELINE,Tổ hợp thương mại căn hộ Phú Mỹ,1248,3000,20260630,TC-01,SUSPENDED_PENDING_REVIEW,2026-06-30,2026-05-15,SYNTHETIC_RISK_SCENARIO
501540,TST-U01540,TST-U01540,500,502,2PN,2,2,69.91,80.36,3,LOW,SW,E,POOL,False,0.87,5.5,False,1,0.64,63.4,NONE,False,SYNTHETIC,RISK_PROJECT_BASELINE,Tổ hợp thương mại căn hộ Phú Mỹ,1248,3000,20260630,TC-01,SUSPENDED_PENDING_REVIEW,2026-06-30,2026-05-15,SYNTHETIC_RISK_SCENARIO
501541,TST-U01541,TST-U01541,500,502,1PN,1,1,56.81,69.28,3,LOW,NE,E,PARK,False,0.82,12.9,False,1,0.19,75.7,NONE,False,SYNTHETIC,RISK_PROJECT_BASELINE,Tổ hợp thương mại căn hộ Phú Mỹ,1248,3000,20260630,TC-01,SUSPENDED_PENDING_REVIEW,2026-06-30,2026-05-15,SYNTHETIC_RISK_SCENARIO
501542,TST-U01542,TST-U01542,500,502,2PN,2,2,78.03,90.1,3,LOW,S,W,OBSTRUCTED,False,0.866,5.5,False,2,0.13,10.0,NONE,False,SYNTHETIC,RISK_PROJECT_BASELINE,Tổ hợp thương mại căn hộ Phú Mỹ,1248,3000,20260630,TC-01,SUSPENDED_PENDING_REVIEW,2026-06-30,2026-05-15,SYNTHETIC_RISK_SCENARIO
501543,TST-U01543,TST-U01543,500,502,1PN,1,1,48.11,54.12,3,LOW,N,NE,OBSTRUCTED,False,0.889,8.1,False,1,0.11,7.7,NONE,False,SYNTHETIC,RISK_PROJECT_BASELINE,Tổ hợp thương mại căn hộ Phú Mỹ,1248,3000,20260630,TC-01,SUSPENDED_PENDING_REVIEW,2026-06-30,2026-05-15,SYNTHETIC_RISK_SCENARIO
501544,TST-U01544,TST-U01544,500,502,2PN,2,2,75.27,84.57,3,LOW,NE,NE,OBSTRUCTED,False,0.89,1.6,False,0,0.19,5.7,NONE,False,SYNTHETIC,RISK_PROJECT_BASELINE,Tổ hợp thương mại căn hộ Phú Mỹ,1248,3000,20260630,TC-01,SUSPENDED_PENDING_REVIEW,2026-06-30,2026-05-15,SYNTHETIC_RISK_SCENARIO
501545,TST-U01545,TST-U01545,500,502,1PN,1,1,57.92,65.15,3,LOW,NW,NW,OBSTRUCTED,False,0.889,4.2,False,0,0.85,15.4,NONE,False,SYNTHETIC,RISK_PROJECT_BASELINE,Tổ hợp thương mại căn hộ Phú Mỹ,1248,3000,20260630,TC-01,SUSPENDED_PENDING_REVIEW,2026-06-30,2026-05-15,SYNTHETIC_RISK_SCENARIO
501546,TST-U01546,TST-U01546,500,502,1PN,1,1,50.61,62.48,3,LOW,W,W,OBSTRUCTED,False,0.81,3.8,False,1,0.88,10.9,NONE,False,SYNTHETIC,RISK_PROJECT_BASELINE,Tổ hợp thương mại căn hộ Phú Mỹ,1248,3000,20260630,TC-01,SUSPENDED_PENDING_REVIEW,2026-06-30,2026-05-15,SYNTHETIC_RISK_SCENARIO
501547,TST-U01547,TST-U01547,500,502,2PN,2,2,70.93,83.84,3,LOW,NE,W,PARK,True,0.846,15.3,False,0,0.06,58.7,NONE,False,SYNTHETIC,RISK_PROJECT_BASELINE,Tổ hợp thương mại căn hộ Phú Mỹ,1248,3000,20260630,TC-01,SUSPENDED_PENDING_REVIEW,2026-06-30,2026-05-15,SYNTHETIC_RISK_SCENARIO
501548,TST-U01548,TST-U01548,500,502,1PN,1,1,58.15,70.74,3,LOW,SE,SW,OBSTRUCTED,False,0.822,12.2,False,0,0.21,16.7,NONE,False,SYNTHETIC,RISK_PROJECT_BASELINE,Tổ hợp thương mại căn hộ Phú Mỹ,1248,3000,20260630,TC-01,SUSPENDED_PENDING_REVIEW,2026-06-30,2026-05-15,SYNTHETIC_RISK_SCENARIO
501549,TST-U01549,TST-U01549,500,502,2PN,2,2,78.0,94.66,3,LOW,SE,NE,OBSTRUCTED,False,0.824,4.5,True,0,0.05,6.4,NONE,False,SYNTHETIC,RISK_PROJECT_BASELINE,Tổ hợp thương mại căn hộ Phú Mỹ,1248,3000,20260630,TC-01,SUSPENDED_PENDING_REVIEW,2026-06-30,2026-05-15,SYNTHETIC_RISK_SCENARIO
501550,TST-U01550,TST-U01550,500,502,2PN,2,2,71.52,84.34,3,LOW,W,E,OBSTRUCTED,True,0.848,4.2,False,1,0.53,15.8,NONE,False,SYNTHETIC,RISK_PROJECT_BASELINE,Tổ hợp thương mại căn hộ Phú Mỹ,1248,3000,20260630,TC-01,SUSPENDED_PENDING_REVIEW,2026-06-30,2026-05-15,SYNTHETIC_RISK_SCENARIO
501551,TST-U01551,TST-U01551,500,502,2PN,2,2,65.49,77.78,3,LOW,NE,E,OBSTRUCTED,True,0.842,12.4,False,0,0.04,10.3,NONE,False,SYNTHETIC,RISK_PROJECT_BASELINE,Tổ hợp thương mại căn hộ Phú Mỹ,1248,3000,20260630,TC-01,SUSPENDED_PENDING_REVIEW,2026-06-30,2026-05-15,SYNTHETIC_RISK_SCENARIO
501552,TST-U01552,TST-U01552,500,502,1PN,1,1,47.07,56.44,3,LOW,E,N,CITY_OPEN,False,0.834,10.4,False,0,0.2,54.2,NONE,False,SYNTHETIC,RISK_PROJECT_BASELINE,Tổ hợp thương mại căn hộ Phú Mỹ,1248,3000,20260630,TC-01,SUSPENDED_PENDING_REVIEW,2026-06-30,2026-05-15,SYNTHETIC_RISK_SCENARIO
501553,TST-U01553,TST-U01553,500,502,2PN,2,2,74.73,86.9,3,LOW,NW,SW,OBSTRUCTED,False,0.86,7.2,False,1,0.8,15.1,NONE,False,SYNTHETIC,RISK_PROJECT_BASELINE,Tổ hợp thương mại căn hộ Phú Mỹ,1248,3000,20260630,TC-01,SUSPENDED_PENDING_REVIEW,2026-06-30,2026-05-15,SYNTHETIC_RISK_SCENARIO
501554,TST-U01554,TST-U01554,500,502,2PN,2,2,73.04,83.57,3,LOW,SW,SW,PARK,False,0.874,10.8,False,0,0.61,38.8,WASTE_STATION,False,SYNTHETIC,RISK_PROJECT_BASELINE,Tổ hợp thương mại căn hộ Phú Mỹ,1248,3000,20260630,TC-01,SUSPENDED_PENDING_REVIEW,2026-06-30,2026-05-15,SYNTHETIC_RISK_SCENARIO
501555,TST-U01555,TST-U01555,500,502,1PN,1,1,56.53,66.9,3,LOW,W,SE,CITY_OPEN,False,0.845,15.3,False,1,0.84,44.1,NONE,False,SYNTHETIC,RISK_PROJECT_BASELINE,Tổ hợp thương mại căn hộ Phú Mỹ,1248,3000,20260630,TC-01,SUSPENDED_PENDING_REVIEW,2026-06-30,2026-05-15,SYNTHETIC_RISK_SCENARIO
501556,TST-U01556,TST-U01556,500,502,2PN,2,2,69.59,78.46,3,LOW,S,N,PARK,False,0.887,1.9,False,0,0.28,95.5,NONE,False,SYNTHETIC,RISK_PROJECT_BASELINE,Tổ hợp thương mại căn hộ Phú Mỹ,1248,3000,20260630,TC-01,SUSPENDED_PENDING_REVIEW,2026-06-30,2026-05-15,SYNTHETIC_RISK_SCENARIO
501557,TST-U01557,TST-U01557,500,502,2PN,2,2,71.15,83.02,3,LOW,E,N,OBSTRUCTED,True,0.857,4.8,False,0,0.03,15.9,NONE,False,SYNTHETIC,RISK_PROJECT_BASELINE,Tổ hợp thương mại căn hộ Phú Mỹ,1248,3000,20260630,TC-01,SUSPENDED_PENDING_REVIEW,2026-06-30,2026-05-15,SYNTHETIC_RISK_SCENARIO
501558,TST-U01558,TST-U01558,500,502,2PN,2,2,75.05,88.92,3,LOW,S,W,POOL,False,0.844,12.6,False,0,0.07,61.1,NONE,False,SYNTHETIC,RISK_PROJECT_BASELINE,Tổ hợp thương mại căn hộ Phú Mỹ,1248,3000,20260630,TC-01,SUSPENDED_PENDING_REVIEW,2026-06-30,2026-05-15,SYNTHETIC_RISK_SCENARIO
501559,TST-U01559,TST-U01559,500,502,3PN,3,2,107.78,133.23,3,LOW,SE,W,OBSTRUCTED,False,0.809,6.1,False,0,0.29,16.6,NONE,False,SYNTHETIC,RISK_PROJECT_BASELINE,Tổ hợp thương mại căn hộ Phú Mỹ,1248,3000,20260630,TC-01,SUSPENDED_PENDING_REVIEW,2026-06-30,2026-05-15,SYNTHETIC_RISK_SCENARIO
501560,TST-U01560,TST-U01560,500,502,1PN,1,1,55.16,63.04,3,LOW,SE,S,CITY_OPEN,False,0.875,13.2,False,0,0.19,32.7,NONE,False,SYNTHETIC,RISK_PROJECT_BASELINE,Tổ hợp thương mại căn hộ Phú Mỹ,1248,3000,20260630,TC-01,SUSPENDED_PENDING_REVIEW,2026-06-30,2026-05-15,SYNTHETIC_RISK_SCENARIO
501561,TST-U01561,TST-U01561,500,502,3PN,3,2,101.35,119.66,3,LOW,SE,N,OBSTRUCTED,False,0.847,8.2,False,1,0.08,10.2,NONE,False,SYNTHETIC,RISK_PROJECT_BASELINE,Tổ hợp thương mại căn hộ Phú Mỹ,1248,3000,20260630,TC-01,SUSPENDED_PENDING_REVIEW,2026-06-30,2026-05-15,SYNTHETIC_RISK_SCENARIO
501562,TST-U01562,TST-U01562,500,502,2PN,2,2,79.08,98.6,3,LOW,E,NW,PARK,False,0.802,8.0,False,2,0.04,91.5,NONE,False,SYNTHETIC,RISK_PROJECT_BASELINE,Tổ hợp thương mại căn hộ Phú Mỹ,1248,3000,20260630,TC-01,SUSPENDED_PENDING_REVIEW,2026-06-30,2026-05-15,SYNTHETIC_RISK_SCENARIO
501563,TST-U01563,TST-U01563,500,502,1PN,1,1,55.73,63.11,3,LOW,NW,W,OBSTRUCTED,False,0.883,4.0,False,1,0.51,6.6,NONE,False,SYNTHETIC,RISK_PROJECT_BASELINE,Tổ hợp thương mại căn hộ Phú Mỹ,1248,3000,20260630,TC-01,SUSPENDED_PENDING_REVIEW,2026-06-30,2026-05-15,SYNTHETIC_RISK_SCENARIO
501564,TST-U01564,TST-U01564,500,502,2PN,2,2,71.54,82.71,3,LOW,E,SE,OBSTRUCTED,True,0.865,3.6,False,2,0.3,4.5,WASTE_STATION,False,SYNTHETIC,RISK_PROJECT_BASELINE,Tổ hợp thương mại căn hộ Phú Mỹ,1248,3000,20260630,TC-01,SUSPENDED_PENDING_REVIEW,2026-06-30,2026-05-15,SYNTHETIC_RISK_SCENARIO
501565,TST-U01565,TST-U01565,500,502,2PN,2,2,71.77,84.93,3,LOW,SE,NE,OBSTRUCTED,False,0.845,10.2,False,0,0.31,11.5,WASTE_STATION,False,SYNTHETIC,RISK_PROJECT_BASELINE,Tổ hợp thương mại căn hộ Phú Mỹ,1248,3000,20260630,TC-01,SUSPENDED_PENDING_REVIEW,2026-06-30,2026-05-15,SYNTHETIC_RISK_SCENARIO
501566,TST-U01566,TST-U01566,500,502,3PN,3,2,114.98,137.54,3,LOW,SE,W,CITY_OPEN,False,0.836,4.2,False,0,0.12,97.3,NONE,False,SYNTHETIC,RISK_PROJECT_BASELINE,Tổ hợp thương mại căn hộ Phú Mỹ,1248,3000,20260630,TC-01,SUSPENDED_PENDING_REVIEW,2026-06-30,2026-05-15,SYNTHETIC_RISK_SCENARIO
501567,TST-U01567,TST-U01567,500,502,2PN,2,2,63.73,77.06,4,LOW,SE,S,OBSTRUCTED,False,0.827,10.5,False,0,0.12,8.5,NONE,True,SYNTHETIC,RISK_PROJECT_BASELINE,Tổ hợp thương mại căn hộ Phú Mỹ,1248,3000,20260630,TC-01,SUSPENDED_PENDING_REVIEW,2026-06-30,2026-05-15,SYNTHETIC_RISK_SCENARIO
501568,TST-U01568,TST-U01568,500,502,3PN,3,2,107.18,125.36,4,LOW,SW,E,OBSTRUCTED,False,0.855,13.8,False,0,0.74,15.8,NONE,True,SYNTHETIC,RISK_PROJECT_BASELINE,Tổ hợp thương mại căn hộ Phú Mỹ,1248,3000,20260630,TC-01,SUSPENDED_PENDING_REVIEW,2026-06-30,2026-05-15,SYNTHETIC_RISK_SCENARIO
501569,TST-U01569,TST-U01569,500,502,3PN,3,2,99.52,123.78,4,LOW,N,E,POOL,False,0.804,5.2,False,0,0.18,103.3,NONE,True,SYNTHETIC,RISK_PROJECT_BASELINE,Tổ hợp thương mại căn hộ Phú Mỹ,1248,3000,20260630,TC-01,SUSPENDED_PENDING_REVIEW,2026-06-30,2026-05-15,SYNTHETIC_RISK_SCENARIO
501570,TST-U01570,TST-U01570,500,502,2PN,2,2,78.09,91.44,4,LOW,SW,NW,OBSTRUCTED,False,0.854,11.0,True,0,0.93,15.8,NONE,True,SYNTHETIC,RISK_PROJECT_BASELINE,Tổ hợp thương mại căn hộ Phú Mỹ,1248,3000,20260630,TC-01,SUSPENDED_PENDING_REVIEW,2026-06-30,2026-05-15,SYNTHETIC_RISK_SCENARIO
501571,TST-U01571,TST-U01571,500,502,STUDIO,1,1,38.47,45.69,4,LOW,W,E,OBSTRUCTED,False,0.842,3.8,False,1,0.82,6.1,NONE,True,SYNTHETIC,RISK_PROJECT_BASELINE,Tổ hợp thương mại căn hộ Phú Mỹ,1248,3000,20260630,TC-01,SUSPENDED_PENDING_REVIEW,2026-06-30,2026-05-15,SYNTHETIC_RISK_SCENARIO
501572,TST-U01572,TST-U01572,500,502,2PN,2,2,68.34,78.19,4,LOW,E,NW,OBSTRUCTED,True,0.874,11.9,False,0,0.03,11.1,NONE,True,SYNTHETIC,RISK_PROJECT_BASELINE,Tổ hợp thương mại căn hộ Phú Mỹ,1248,3000,20260630,TC-01,SUSPENDED_PENDING_REVIEW,2026-06-30,2026-05-15,SYNTHETIC_RISK_SCENARIO
501573,TST-U01573,TST-U01573,500,502,2PN,2,2,77.17,90.68,4,LOW,NE,NW,CITY_OPEN,True,0.851,9.5,False,1,0.28,78.5,NONE,True,SYNTHETIC,RISK_PROJECT_BASELINE,Tổ hợp thương mại căn hộ Phú Mỹ,1248,3000,20260630,TC-01,SUSPENDED_PENDING_REVIEW,2026-06-30,2026-05-15,SYNTHETIC_RISK_SCENARIO
501574,TST-U01574,TST-U01574,500,502,3PN,3,2,90.45,110.3,4,LOW,E,NW,PARK,False,0.82,2.1,False,1,0.24,40.8,NONE,True,SYNTHETIC,RISK_PROJECT_BASELINE,Tổ hợp thương mại căn hộ Phú Mỹ,1248,3000,20260630,TC-01,SUSPENDED_PENDING_REVIEW,2026-06-30,2026-05-15,SYNTHETIC_RISK_SCENARIO
501575,TST-U01575,TST-U01575,500,502,1PN,1,1,60.37,69.79,4,LOW,S,NE,PARK,False,0.865,15.2,False,0,0.25,99.1,NONE,True,SYNTHETIC,RISK_PROJECT_BASELINE,Tổ hợp thương mại căn hộ Phú Mỹ,1248,3000,20260630,TC-01,SUSPENDED_PENDING_REVIEW,2026-06-30,2026-05-15,SYNTHETIC_RISK_SCENARIO
501576,TST-U01576,TST-U01576,500,502,2PN,2,2,73.23,89.41,4,LOW,SE,E,OBSTRUCTED,False,0.819,13.7,False,0,0.16,16.2,NONE,True,SYNTHETIC,RISK_PROJECT_BASELINE,Tổ hợp thương mại căn hộ Phú Mỹ,1248,3000,20260630,TC-01,SUSPENDED_PENDING_REVIEW,2026-06-30,2026-05-15,SYNTHETIC_RISK_SCENARIO
501577,TST-U01577,TST-U01577,500,502,2PN,2,2,76.16,93.91,4,LOW,S,NW,CITY_OPEN,True,0.811,11.6,False,2,0.05,54.9,NONE,True,SYNTHETIC,RISK_PROJECT_BASELINE,Tổ hợp thương mại căn hộ Phú Mỹ,1248,3000,20260630,TC-01,SUSPENDED_PENDING_REVIEW,2026-06-30,2026-05-15,SYNTHETIC_RISK_SCENARIO
501578,TST-U01578,TST-U01578,500,502,3PN,3,2,99.28,116.8,4,LOW,W,SE,OBSTRUCTED,True,0.85,1.4,False,2,0.65,16.1,NONE,True,SYNTHETIC,RISK_PROJECT_BASELINE,Tổ hợp thương mại căn hộ Phú Mỹ,1248,3000,20260630,TC-01,SUSPENDED_PENDING_REVIEW,2026-06-30,2026-05-15,SYNTHETIC_RISK_SCENARIO
501579,TST-U01579,TST-U01579,500,502,2PN,2,2,71.76,86.25,4,LOW,SW,NE,POOL,False,0.832,2.5,True,0,0.51,37.6,NONE,True,SYNTHETIC,RISK_PROJECT_BASELINE,Tổ hợp thương mại căn hộ Phú Mỹ,1248,3000,20260630,TC-01,SUSPENDED_PENDING_REVIEW,2026-06-30,2026-05-15,SYNTHETIC_RISK_SCENARIO
501580,TST-U01580,TST-U01580,500,502,3PN,3,2,98.03,122.08,4,LOW,E,S,OBSTRUCTED,False,0.803,6.5,False,0,0.32,5.5,NONE,True,SYNTHETIC,RISK_PROJECT_BASELINE,Tổ hợp thương mại căn hộ Phú Mỹ,1248,3000,20260630,TC-01,SUSPENDED_PENDING_REVIEW,2026-06-30,2026-05-15,SYNTHETIC_RISK_SCENARIO
501581,TST-U01581,TST-U01581,500,502,1PN,1,1,54.96,66.7,4,LOW,SE,SW,OBSTRUCTED,True,0.824,13.3,False,0,0.25,7.7,NONE,True,SYNTHETIC,RISK_PROJECT_BASELINE,Tổ hợp thương mại căn hộ Phú Mỹ,1248,3000,20260630,TC-01,SUSPENDED_PENDING_REVIEW,2026-06-30,2026-05-15,SYNTHETIC_RISK_SCENARIO
501582,TST-U01582,TST-U01582,500,502,2PN,2,2,71.64,88.34,4,LOW,SE,NE,CITY_OPEN,True,0.811,3.0,False,1,0.18,98.9,CEMETERY,True,SYNTHETIC,RISK_PROJECT_BASELINE,Tổ hợp thương mại căn hộ Phú Mỹ,1248,3000,20260630,TC-01,SUSPENDED_PENDING_REVIEW,2026-06-30,2026-05-15,SYNTHETIC_RISK_SCENARIO
501583,TST-U01583,TST-U01583,500,502,2PN,2,2,69.04,80.84,4,LOW,SW,E,OBSTRUCTED,False,0.854,3.5,False,1,0.89,16.4,NONE,True,SYNTHETIC,RISK_PROJECT_BASELINE,Tổ hợp thương mại căn hộ Phú Mỹ,1248,3000,20260630,TC-01,SUSPENDED_PENDING_REVIEW,2026-06-30,2026-05-15,SYNTHETIC_RISK_SCENARIO
501584,TST-U01584,TST-U01584,500,502,2PN,2,2,67.72,78.38,4,LOW,W,NE,CITY_OPEN,False,0.864,11.2,False,0,0.76,101.1,NONE,True,SYNTHETIC,RISK_PROJECT_BASELINE,Tổ hợp thương mại căn hộ Phú Mỹ,1248,3000,20260630,TC-01,SUSPENDED_PENDING_REVIEW,2026-06-30,2026-05-15,SYNTHETIC_RISK_SCENARIO
501585,TST-U01585,TST-U01585,500,502,2PN,2,2,70.7,81.92,4,LOW,E,E,OBSTRUCTED,False,0.863,5.9,False,0,0.15,8.7,NONE,True,SYNTHETIC,RISK_PROJECT_BASELINE,Tổ hợp thương mại căn hộ Phú Mỹ,1248,3000,20260630,TC-01,SUSPENDED_PENDING_REVIEW,2026-06-30,2026-05-15,SYNTHETIC_RISK_SCENARIO
501586,TST-U01586,TST-U01586,500,502,3PN,3,2,104.73,125.88,4,LOW,W,E,OBSTRUCTED,False,0.832,11.4,False,1,0.84,15.7,NONE,True,SYNTHETIC,RISK_PROJECT_BASELINE,Tổ hợp thương mại căn hộ Phú Mỹ,1248,3000,20260630,TC-01,SUSPENDED_PENDING_REVIEW,2026-06-30,2026-05-15,SYNTHETIC_RISK_SCENARIO
501587,TST-U01587,TST-U01587,500,502,1PN,1,1,54.3,63.58,4,LOW,SE,NW,CITY_OPEN,False,0.854,8.2,False,0,0.09,83.4,NONE,True,SYNTHETIC,RISK_PROJECT_BASELINE,Tổ hợp thương mại căn hộ Phú Mỹ,1248,3000,20260630,TC-01,SUSPENDED_PENDING_REVIEW,2026-06-30,2026-05-15,SYNTHETIC_RISK_SCENARIO
501588,TST-U01588,TST-U01588,500,502,2PN,2,2,74.07,86.23,4,LOW,SE,SW,OBSTRUCTED,False,0.859,2.6,False,0,0.06,11.2,TEMPLE,True,SYNTHETIC,RISK_PROJECT_BASELINE,Tổ hợp thương mại căn hộ Phú Mỹ,1248,3000,20260630,TC-01,SUSPENDED_PENDING_REVIEW,2026-06-30,2026-05-15,SYNTHETIC_RISK_SCENARIO
501589,TST-U01589,TST-U01589,500,502,2PN,2,2,71.68,80.81,4,LOW,SW,W,PARK,True,0.887,6.2,False,0,0.63,58.2,NONE,True,SYNTHETIC,RISK_PROJECT_BASELINE,Tổ hợp thương mại căn hộ Phú Mỹ,1248,3000,20260630,TC-01,SUSPENDED_PENDING_REVIEW,2026-06-30,2026-05-15,SYNTHETIC_RISK_SCENARIO
501590,TST-U01590,TST-U01590,500,502,2PN,2,2,72.0,81.08,4,LOW,W,N,CITY_OPEN,False,0.888,15.8,True,0,0.54,74.6,NONE,True,SYNTHETIC,RISK_PROJECT_BASELINE,Tổ hợp thương mại căn hộ Phú Mỹ,1248,3000,20260630,TC-01,SUSPENDED_PENDING_REVIEW,2026-06-30,2026-05-15,SYNTHETIC_RISK_SCENARIO
501591,TST-U01591,TST-U01591,500,502,1PN,1,1,55.29,67.1,4,LOW,N,SW,OBSTRUCTED,True,0.824,10.4,False,1,0.19,18.0,NONE,True,SYNTHETIC,RISK_PROJECT_BASELINE,Tổ hợp thương mại căn hộ Phú Mỹ,1248,3000,20260630,TC-01,SUSPENDED_PENDING_REVIEW,2026-06-30,2026-05-15,SYNTHETIC_RISK_SCENARIO
501592,TST-U01592,TST-U01592,500,502,2PN,2,2,75.94,90.84,4,LOW,E,N,OBSTRUCTED,False,0.836,4.5,False,0,0.07,12.0,NONE,True,SYNTHETIC,RISK_PROJECT_BASELINE,Tổ hợp thương mại căn hộ Phú Mỹ,1248,3000,20260630,TC-01,SUSPENDED_PENDING_REVIEW,2026-06-30,2026-05-15,SYNTHETIC_RISK_SCENARIO
501593,TST-U01593,TST-U01593,500,502,STUDIO,1,1,42.82,49.73,4,LOW,NW,SW,OBSTRUCTED,False,0.861,2.7,False,0,0.87,14.6,NONE,True,SYNTHETIC,RISK_PROJECT_BASELINE,Tổ hợp thương mại căn hộ Phú Mỹ,1248,3000,20260630,TC-01,SUSPENDED_PENDING_REVIEW,2026-06-30,2026-05-15,SYNTHETIC_RISK_SCENARIO
501594,TST-U01594,TST-U01594,500,502,STUDIO,1,1,42.83,53.01,4,LOW,S,SW,POOL,False,0.808,9.3,False,2,0.03,57.2,NONE,True,SYNTHETIC,RISK_PROJECT_BASELINE,Tổ hợp thương mại căn hộ Phú Mỹ,1248,3000,20260630,TC-01,SUSPENDED_PENDING_REVIEW,2026-06-30,2026-05-15,SYNTHETIC_RISK_SCENARIO
501595,TST-U01595,TST-U01595,500,502,1PN,1,1,54.59,65.14,4,LOW,E,SE,OBSTRUCTED,False,0.838,2.3,False,1,0.24,13.3,NONE,True,SYNTHETIC,RISK_PROJECT_BASELINE,Tổ hợp thương mại căn hộ Phú Mỹ,1248,3000,20260630,TC-01,SUSPENDED_PENDING_REVIEW,2026-06-30,2026-05-15,SYNTHETIC_RISK_SCENARIO
501596,TST-U01596,TST-U01596,500,502,STUDIO,1,1,44.15,49.94,4,LOW,W,S,OBSTRUCTED,False,0.884,2.4,False,0,0.77,17.4,NONE,True,SYNTHETIC,RISK_PROJECT_BASELINE,Tổ hợp thương mại căn hộ Phú Mỹ,1248,3000,20260630,TC-01,SUSPENDED_PENDING_REVIEW,2026-06-30,2026-05-15,SYNTHETIC_RISK_SCENARIO
501597,TST-U01597,TST-U01597,500,502,2PN,2,2,68.49,81.54,4,LOW,W,SW,OBSTRUCTED,True,0.84,7.1,False,0,0.86,7.2,NONE,True,SYNTHETIC,RISK_PROJECT_BASELINE,Tổ hợp thương mại căn hộ Phú Mỹ,1248,3000,20260630,TC-01,SUSPENDED_PENDING_REVIEW,2026-06-30,2026-05-15,SYNTHETIC_RISK_SCENARIO
501598,TST-U01598,TST-U01598,500,502,2PN,2,2,81.57,100.46,4,LOW,SW,E,OBSTRUCTED,False,0.812,11.8,False,0,0.92,11.4,NONE,True,SYNTHETIC,RISK_PROJECT_BASELINE,Tổ hợp thương mại căn hộ Phú Mỹ,1248,3000,20260630,TC-01,SUSPENDED_PENDING_REVIEW,2026-06-30,2026-05-15,SYNTHETIC_RISK_SCENARIO
501599,TST-U01599,TST-U01599,500,502,1PN,1,1,56.72,64.9,4,LOW,N,N,OBSTRUCTED,False,0.874,3.6,False,0,0.07,12.4,NONE,True,SYNTHETIC,RISK_PROJECT_BASELINE,Tổ hợp thương mại căn hộ Phú Mỹ,1248,3000,20260630,TC-01,SUSPENDED_PENDING_REVIEW,2026-06-30,2026-05-15,SYNTHETIC_RISK_SCENARIO
501600,TST-U01600,TST-U01600,500,502,2PN,2,2,79.63,91.32,4,LOW,W,W,CITY_OPEN,False,0.872,4.1,False,0,0.94,42.5,NONE,True,SYNTHETIC,RISK_PROJECT_BASELINE,Tổ hợp thương mại căn hộ Phú Mỹ,1248,3000,20260630,TC-01,SUSPENDED_PENDING_REVIEW,2026-06-30,2026-05-15,SYNTHETIC_RISK_SCENARIO
501601,TST-U01601,TST-U01601,500,502,1PN,1,1,56.36,63.97,4,LOW,E,S,CITY_OPEN,False,0.881,6.4,False,0,0.09,53.8,NONE,True,SYNTHETIC,RISK_PROJECT_BASELINE,Tổ hợp thương mại căn hộ Phú Mỹ,1248,3000,20260630,TC-01,SUSPENDED_PENDING_REVIEW,2026-06-30,2026-05-15,SYNTHETIC_RISK_SCENARIO
501602,TST-U01602,TST-U01602,500,502,1PN,1,1,56.63,67.02,4,LOW,W,E,OBSTRUCTED,False,0.845,5.7,False,0,0.94,9.5,NONE,True,SYNTHETIC,RISK_PROJECT_BASELINE,Tổ hợp thương mại căn hộ Phú Mỹ,1248,3000,20260630,TC-01,SUSPENDED_PENDING_REVIEW,2026-06-30,2026-05-15,SYNTHETIC_RISK_SCENARIO
501603,TST-U01603,TST-U01603,500,502,2PN,2,2,75.07,93.49,4,LOW,SE,S,CITY_OPEN,False,0.803,3.8,False,1,0.04,66.9,NONE,True,SYNTHETIC,RISK_PROJECT_BASELINE,Tổ hợp thương mại căn hộ Phú Mỹ,1248,3000,20260630,TC-01,SUSPENDED_PENDING_REVIEW,2026-06-30,2026-05-15,SYNTHETIC_RISK_SCENARIO
501604,TST-U01604,TST-U01604,500,502,3PN,3,2,97.5,115.66,4,LOW,NW,SW,OBSTRUCTED,False,0.843,3.8,False,1,0.78,8.3,WASTE_STATION,True,SYNTHETIC,RISK_PROJECT_BASELINE,Tổ hợp thương mại căn hộ Phú Mỹ,1248,3000,20260630,TC-01,SUSPENDED_PENDING_REVIEW,2026-06-30,2026-05-15,SYNTHETIC_RISK_SCENARIO
501605,TST-U01605,TST-U01605,500,502,1PN,1,1,52.27,62.75,4,LOW,W,SE,POOL,False,0.833,5.6,False,0,0.8,70.9,NONE,True,SYNTHETIC,RISK_PROJECT_BASELINE,Tổ hợp thương mại căn hộ Phú Mỹ,1248,3000,20260630,TC-01,SUSPENDED_PENDING_REVIEW,2026-06-30,2026-05-15,SYNTHETIC_RISK_SCENARIO
501606,TST-U01606,TST-U01606,500,502,3PN,3,2,106.55,127.3,4,LOW,SE,NE,POOL,True,0.837,9.6,False,0,0.15,50.3,NONE,True,SYNTHETIC,RISK_PROJECT_BASELINE,Tổ hợp thương mại căn hộ Phú Mỹ,1248,3000,20260630,TC-01,SUSPENDED_PENDING_REVIEW,2026-06-30,2026-05-15,SYNTHETIC_RISK_SCENARIO
501607,TST-U01607,TST-U01607,500,502,2PN,2,2,72.53,82.89,4,LOW,E,SW,PARK,True,0.875,15.8,False,0,0.09,109.4,NONE,True,SYNTHETIC,RISK_PROJECT_BASELINE,Tổ hợp thương mại căn hộ Phú Mỹ,1248,3000,20260630,TC-01,SUSPENDED_PENDING_REVIEW,2026-06-30,2026-05-15,SYNTHETIC_RISK_SCENARIO
501608,TST-U01608,TST-U01608,500,502,3PN,3,2,98.54,122.11,4,LOW,S,S,PARK,True,0.807,6.0,False,1,0.03,106.3,NONE,True,SYNTHETIC,RISK_PROJECT_BASELINE,Tổ hợp thương mại căn hộ Phú Mỹ,1248,3000,20260630,TC-01,SUSPENDED_PENDING_REVIEW,2026-06-30,2026-05-15,SYNTHETIC_RISK_SCENARIO
501609,TST-U01609,TST-U01609,500,502,2PN,2,2,84.31,97.69,4,LOW,NW,SE,OBSTRUCTED,False,0.863,11.2,False,1,0.76,17.5,NONE,True,SYNTHETIC,RISK_PROJECT_BASELINE,Tổ hợp thương mại căn hộ Phú Mỹ,1248,3000,20260630,TC-01,SUSPENDED_PENDING_REVIEW,2026-06-30,2026-05-15,SYNTHETIC_RISK_SCENARIO
501610,TST-U01610,TST-U01610,500,502,3PN,3,2,104.1,127.89,4,LOW,N,SE,OBSTRUCTED,False,0.814,1.7,False,0,0.2,9.2,NONE,True,SYNTHETIC,RISK_PROJECT_BASELINE,Tổ hợp thương mại căn hộ Phú Mỹ,1248,3000,20260630,TC-01,SUSPENDED_PENDING_REVIEW,2026-06-30,2026-05-15,SYNTHETIC_RISK_SCENARIO
501611,TST-U01611,TST-U01611,500,502,1PN,1,1,59.1,67.78,4,LOW,NE,N,OBSTRUCTED,False,0.872,6.5,False,0,0.04,9.5,NONE,True,SYNTHETIC,RISK_PROJECT_BASELINE,Tổ hợp thương mại căn hộ Phú Mỹ,1248,3000,20260630,TC-01,SUSPENDED_PENDING_REVIEW,2026-06-30,2026-05-15,SYNTHETIC_RISK_SCENARIO
501612,TST-U01612,TST-U01612,500,502,2PN,2,2,83.97,96.52,4,LOW,SE,W,CITY_OPEN,False,0.87,12.2,True,0,0.07,81.7,NONE,True,SYNTHETIC,RISK_PROJECT_BASELINE,Tổ hợp thương mại căn hộ Phú Mỹ,1248,3000,20260630,TC-01,SUSPENDED_PENDING_REVIEW,2026-06-30,2026-05-15,SYNTHETIC_RISK_SCENARIO
501613,TST-U01613,TST-U01613,500,502,2PN,2,2,80.96,95.81,4,LOW,NW,W,OBSTRUCTED,True,0.845,9.7,True,1,0.58,7.1,NONE,True,SYNTHETIC,RISK_PROJECT_BASELINE,Tổ hợp thương mại căn hộ Phú Mỹ,1248,3000,20260630,TC-01,SUSPENDED_PENDING_REVIEW,2026-06-30,2026-05-15,SYNTHETIC_RISK_SCENARIO
501614,TST-U01614,TST-U01614,500,502,3PN,3,2,107.85,134.64,4,LOW,N,N,CITY_OPEN,False,0.801,15.6,False,1,0.26,75.0,NONE,True,SYNTHETIC,RISK_PROJECT_BASELINE,Tổ hợp thương mại căn hộ Phú Mỹ,1248,3000,20260630,TC-01,SUSPENDED_PENDING_REVIEW,2026-06-30,2026-05-15,SYNTHETIC_RISK_SCENARIO
501615,TST-U01615,TST-U01615,500,502,2PN,2,2,78.94,92.0,4,LOW,SW,E,OBSTRUCTED,True,0.858,13.9,False,0,0.68,8.5,NONE,True,SYNTHETIC,RISK_PROJECT_BASELINE,Tổ hợp thương mại căn hộ Phú Mỹ,1248,3000,20260630,TC-01,SUSPENDED_PENDING_REVIEW,2026-06-30,2026-05-15,SYNTHETIC_RISK_SCENARIO
501616,TST-U01616,TST-U01616,500,502,3PN,3,2,102.62,119.33,4,LOW,W,W,OBSTRUCTED,False,0.86,3.7,False,0,0.62,17.1,NONE,True,SYNTHETIC,RISK_PROJECT_BASELINE,Tổ hợp thương mại căn hộ Phú Mỹ,1248,3000,20260630,TC-01,SUSPENDED_PENDING_REVIEW,2026-06-30,2026-05-15,SYNTHETIC_RISK_SCENARIO
501617,TST-U01617,TST-U01617,500,502,2PN,2,2,65.63,80.92,4,LOW,W,NE,CITY_OPEN,False,0.811,12.3,False,0,0.91,51.6,WASTE_STATION,True,SYNTHETIC,RISK_PROJECT_BASELINE,Tổ hợp thương mại căn hộ Phú Mỹ,1248,3000,20260630,TC-01,SUSPENDED_PENDING_REVIEW,2026-06-30,2026-05-15,SYNTHETIC_RISK_SCENARIO
501618,TST-U01618,TST-U01618,500,502,STUDIO,1,1,45.76,54.67,4,LOW,E,SE,OBSTRUCTED,False,0.837,8.8,False,0,0.08,10.4,NONE,True,SYNTHETIC,RISK_PROJECT_BASELINE,Tổ hợp thương mại căn hộ Phú Mỹ,1248,3000,20260630,TC-01,SUSPENDED_PENDING_REVIEW,2026-06-30,2026-05-15,SYNTHETIC_RISK_SCENARIO
501619,TST-U01619,TST-U01619,500,502,2PN,2,2,80.49,96.98,4,LOW,N,E,OBSTRUCTED,False,0.83,2.6,False,0,0.09,13.7,NONE,True,SYNTHETIC,RISK_PROJECT_BASELINE,Tổ hợp thương mại căn hộ Phú Mỹ,1248,3000,20260630,TC-01,SUSPENDED_PENDING_REVIEW,2026-06-30,2026-05-15,SYNTHETIC_RISK_SCENARIO
501620,TST-U01620,TST-U01620,500,502,1PN,1,1,54.24,62.63,4,LOW,NE,SE,OBSTRUCTED,False,0.866,12.4,False,1,0.15,10.2,NONE,True,SYNTHETIC,RISK_PROJECT_BASELINE,Tổ hợp thương mại căn hộ Phú Mỹ,1248,3000,20260630,TC-01,SUSPENDED_PENDING_REVIEW,2026-06-30,2026-05-15,SYNTHETIC_RISK_SCENARIO
501621,TST-U01621,TST-U01621,500,502,STUDIO,1,1,41.68,49.09,4,LOW,NE,NW,OBSTRUCTED,True,0.849,5.2,True,0,0.18,9.9,NONE,True,SYNTHETIC,RISK_PROJECT_BASELINE,Tổ hợp thương mại căn hộ Phú Mỹ,1248,3000,20260630,TC-01,SUSPENDED_PENDING_REVIEW,2026-06-30,2026-05-15,SYNTHETIC_RISK_SCENARIO
501622,TST-U01622,TST-U01622,500,502,3PN,3,2,99.8,119.52,4,LOW,E,NE,CITY_OPEN,False,0.835,3.6,False,2,0.15,106.7,NONE,True,SYNTHETIC,RISK_PROJECT_BASELINE,Tổ hợp thương mại căn hộ Phú Mỹ,1248,3000,20260630,TC-01,SUSPENDED_PENDING_REVIEW,2026-06-30,2026-05-15,SYNTHETIC_RISK_SCENARIO
501623,TST-U01623,TST-U01623,500,502,3PN,3,2,110.53,137.82,4,LOW,N,W,OBSTRUCTED,False,0.802,12.5,False,1,0.24,9.1,NONE,True,SYNTHETIC,RISK_PROJECT_BASELINE,Tổ hợp thương mại căn hộ Phú Mỹ,1248,3000,20260630,TC-01,SUSPENDED_PENDING_REVIEW,2026-06-30,2026-05-15,SYNTHETIC_RISK_SCENARIO
501624,TST-U01624,TST-U01624,500,502,STUDIO,1,1,43.79,52.32,4,LOW,E,SW,CITY_OPEN,False,0.837,13.6,False,1,0.12,86.5,NONE,True,SYNTHETIC,RISK_PROJECT_BASELINE,Tổ hợp thương mại căn hộ Phú Mỹ,1248,3000,20260630,TC-01,SUSPENDED_PENDING_REVIEW,2026-06-30,2026-05-15,SYNTHETIC_RISK_SCENARIO
501625,TST-U01625,TST-U01625,500,502,STUDIO,1,1,44.1,49.94,4,LOW,SW,SE,CITY_OPEN,False,0.883,5.5,False,0,0.57,100.6,NONE,True,SYNTHETIC,RISK_PROJECT_BASELINE,Tổ hợp thương mại căn hộ Phú Mỹ,1248,3000,20260630,TC-01,SUSPENDED_PENDING_REVIEW,2026-06-30,2026-05-15,SYNTHETIC_RISK_SCENARIO
501626,TST-U01626,TST-U01626,500,502,1PN,1,1,54.43,62.21,4,LOW,W,NE,CITY_OPEN,False,0.875,10.6,False,1,0.58,52.9,NONE,True,SYNTHETIC,RISK_PROJECT_BASELINE,Tổ hợp thương mại căn hộ Phú Mỹ,1248,3000,20260630,TC-01,SUSPENDED_PENDING_REVIEW,2026-06-30,2026-05-15,SYNTHETIC_RISK_SCENARIO
501627,TST-U01627,TST-U01627,500,502,1PN,1,1,57.42,66.85,4,LOW,W,SE,OBSTRUCTED,False,0.859,4.8,False,1,0.54,12.4,NONE,True,SYNTHETIC,RISK_PROJECT_BASELINE,Tổ hợp thương mại căn hộ Phú Mỹ,1248,3000,20260630,TC-01,SUSPENDED_PENDING_REVIEW,2026-06-30,2026-05-15,SYNTHETIC_RISK_SCENARIO
501628,TST-U01628,TST-U01628,500,502,2PN,2,2,77.34,92.29,4,LOW,S,NW,POOL,False,0.838,5.1,True,1,0.18,73.2,NONE,True,SYNTHETIC,RISK_PROJECT_BASELINE,Tổ hợp thương mại căn hộ Phú Mỹ,1248,3000,20260630,TC-01,SUSPENDED_PENDING_REVIEW,2026-06-30,2026-05-15,SYNTHETIC_RISK_SCENARIO
501629,TST-U01629,TST-U01629,500,502,2PN,2,2,71.58,83.62,4,LOW,N,S,CITY_OPEN,False,0.856,1.5,False,0,0.09,84.3,NONE,True,SYNTHETIC,RISK_PROJECT_BASELINE,Tổ hợp thương mại căn hộ Phú Mỹ,1248,3000,20260630,TC-01,SUSPENDED_PENDING_REVIEW,2026-06-30,2026-05-15,SYNTHETIC_RISK_SCENARIO
501630,TST-U01630,TST-U01630,500,502,2PN,2,2,73.45,90.12,4,LOW,SE,S,OBSTRUCTED,True,0.815,14.7,False,2,0.24,4.6,TEMPLE,True,SYNTHETIC,RISK_PROJECT_BASELINE,Tổ hợp thương mại căn hộ Phú Mỹ,1248,3000,20260630,TC-01,SUSPENDED_PENDING_REVIEW,2026-06-30,2026-05-15,SYNTHETIC_RISK_SCENARIO
501631,TST-U01631,TST-U01631,500,502,2PN,2,2,80.84,94.88,4,LOW,W,SE,POOL,True,0.852,4.4,False,0,0.78,43.8,NONE,True,SYNTHETIC,RISK_PROJECT_BASELINE,Tổ hợp thương mại căn hộ Phú Mỹ,1248,3000,20260630,TC-01,SUSPENDED_PENDING_REVIEW,2026-06-30,2026-05-15,SYNTHETIC_RISK_SCENARIO
501632,TST-U01632,TST-U01632,500,502,2PN,2,2,80.07,93.1,4,LOW,N,SE,OBSTRUCTED,False,0.86,3.5,False,1,0.32,5.6,NONE,True,SYNTHETIC,RISK_PROJECT_BASELINE,Tổ hợp thương mại căn hộ Phú Mỹ,1248,3000,20260630,TC-01,SUSPENDED_PENDING_REVIEW,2026-06-30,2026-05-15,SYNTHETIC_RISK_SCENARIO
501633,TST-U01633,TST-U01633,500,502,2PN,2,2,86.49,107.98,5,LOW,NE,W,CITY_OPEN,False,0.801,13.8,True,0,0.09,92.8,NONE,False,SYNTHETIC,RISK_PROJECT_BASELINE,Tổ hợp thương mại căn hộ Phú Mỹ,1248,3000,20260630,TC-01,SUSPENDED_PENDING_REVIEW,2026-06-30,2026-05-15,SYNTHETIC_RISK_SCENARIO
501634,TST-U01634,TST-U01634,500,502,2PN,2,2,74.69,91.87,5,LOW,E,N,OBSTRUCTED,True,0.813,14.9,False,0,0.22,10.8,NONE,False,SYNTHETIC,RISK_PROJECT_BASELINE,Tổ hợp thương mại căn hộ Phú Mỹ,1248,3000,20260630,TC-01,SUSPENDED_PENDING_REVIEW,2026-06-30,2026-05-15,SYNTHETIC_RISK_SCENARIO
501635,TST-U01635,TST-U01635,500,502,2PN,2,2,77.52,94.42,5,LOW,SE,SE,OBSTRUCTED,False,0.821,15.5,False,0,0.03,17.6,NONE,False,SYNTHETIC,RISK_PROJECT_BASELINE,Tổ hợp thương mại căn hộ Phú Mỹ,1248,3000,20260630,TC-01,SUSPENDED_PENDING_REVIEW,2026-06-30,2026-05-15,SYNTHETIC_RISK_SCENARIO
501636,TST-U01636,TST-U01636,500,502,1PN,1,1,59.86,69.36,5,LOW,SW,SE,CITY_OPEN,False,0.863,1.4,False,0,0.51,29.9,NONE,False,SYNTHETIC,RISK_PROJECT_BASELINE,Tổ hợp thương mại căn hộ Phú Mỹ,1248,3000,20260630,TC-01,SUSPENDED_PENDING_REVIEW,2026-06-30,2026-05-15,SYNTHETIC_RISK_SCENARIO
501637,TST-U01637,TST-U01637,500,502,2PN,2,2,83.66,103.8,5,LOW,W,N,PARK,False,0.806,6.0,False,0,0.51,75.9,NONE,False,SYNTHETIC,RISK_PROJECT_BASELINE,Tổ hợp thương mại căn hộ Phú Mỹ,1248,3000,20260630,TC-01,SUSPENDED_PENDING_REVIEW,2026-06-30,2026-05-15,SYNTHETIC_RISK_SCENARIO
501638,TST-U01638,TST-U01638,500,502,3PN,3,2,101.98,117.76,5,LOW,E,NE,OBSTRUCTED,False,0.866,15.4,False,0,0.32,12.9,NONE,False,SYNTHETIC,RISK_PROJECT_BASELINE,Tổ hợp thương mại căn hộ Phú Mỹ,1248,3000,20260630,TC-01,SUSPENDED_PENDING_REVIEW,2026-06-30,2026-05-15,SYNTHETIC_RISK_SCENARIO
501639,TST-U01639,TST-U01639,500,502,3PN,3,2,106.59,127.65,5,LOW,NW,SE,OBSTRUCTED,False,0.835,10.6,True,0,0.9,16.3,NONE,False,SYNTHETIC,RISK_PROJECT_BASELINE,Tổ hợp thương mại căn hộ Phú Mỹ,1248,3000,20260630,TC-01,SUSPENDED_PENDING_REVIEW,2026-06-30,2026-05-15,SYNTHETIC_RISK_SCENARIO
501640,TST-U01640,TST-U01640,500,502,1PN,1,1,61.07,73.31,5,LOW,W,SW,OBSTRUCTED,False,0.833,14.5,False,0,0.83,7.5,NONE,False,SYNTHETIC,RISK_PROJECT_BASELINE,Tổ hợp thương mại căn hộ Phú Mỹ,1248,3000,20260630,TC-01,SUSPENDED_PENDING_REVIEW,2026-06-30,2026-05-15,SYNTHETIC_RISK_SCENARIO
501641,TST-U01641,TST-U01641,500,502,2PN,2,2,77.44,92.19,5,LOW,W,S,PARK,True,0.84,3.9,False,1,0.92,87.1,NONE,False,SYNTHETIC,RISK_PROJECT_BASELINE,Tổ hợp thương mại căn hộ Phú Mỹ,1248,3000,20260630,TC-01,SUSPENDED_PENDING_REVIEW,2026-06-30,2026-05-15,SYNTHETIC_RISK_SCENARIO
501642,TST-U01642,TST-U01642,500,502,2PN,2,2,79.94,99.55,5,LOW,SE,SE,OBSTRUCTED,True,0.803,13.1,False,0,0.11,10.5,NONE,False,SYNTHETIC,RISK_PROJECT_BASELINE,Tổ hợp thương mại căn hộ Phú Mỹ,1248,3000,20260630,TC-01,SUSPENDED_PENDING_REVIEW,2026-06-30,2026-05-15,SYNTHETIC_RISK_SCENARIO
501643,TST-U01643,TST-U01643,500,502,2PN,2,2,70.82,85.53,5,LOW,NW,NW,OBSTRUCTED,False,0.828,4.9,True,1,0.79,7.1,NONE,False,SYNTHETIC,RISK_PROJECT_BASELINE,Tổ hợp thương mại căn hộ Phú Mỹ,1248,3000,20260630,TC-01,SUSPENDED_PENDING_REVIEW,2026-06-30,2026-05-15,SYNTHETIC_RISK_SCENARIO
501644,TST-U01644,TST-U01644,500,502,2PN,2,2,75.02,91.6,5,LOW,SE,SE,OBSTRUCTED,False,0.819,6.1,False,0,0.28,16.3,NONE,False,SYNTHETIC,RISK_PROJECT_BASELINE,Tổ hợp thương mại căn hộ Phú Mỹ,1248,3000,20260630,TC-01,SUSPENDED_PENDING_REVIEW,2026-06-30,2026-05-15,SYNTHETIC_RISK_SCENARIO
501645,TST-U01645,TST-U01645,500,502,2PN,2,2,79.47,92.95,5,LOW,SE,W,CITY_OPEN,False,0.855,15.5,True,2,0.23,93.9,NONE,False,SYNTHETIC,RISK_PROJECT_BASELINE,Tổ hợp thương mại căn hộ Phú Mỹ,1248,3000,20260630,TC-01,SUSPENDED_PENDING_REVIEW,2026-06-30,2026-05-15,SYNTHETIC_RISK_SCENARIO
501646,TST-U01646,TST-U01646,500,502,1PN,1,1,52.77,65.55,5,LOW,E,N,OBSTRUCTED,False,0.805,4.1,False,0,0.03,8.2,NONE,False,SYNTHETIC,RISK_PROJECT_BASELINE,Tổ hợp thương mại căn hộ Phú Mỹ,1248,3000,20260630,TC-01,SUSPENDED_PENDING_REVIEW,2026-06-30,2026-05-15,SYNTHETIC_RISK_SCENARIO
501647,TST-U01647,TST-U01647,500,502,1PN,1,1,55.38,66.56,5,LOW,E,W,OBSTRUCTED,False,0.832,2.5,True,0,0.09,7.6,NONE,False,SYNTHETIC,RISK_PROJECT_BASELINE,Tổ hợp thương mại căn hộ Phú Mỹ,1248,3000,20260630,TC-01,SUSPENDED_PENDING_REVIEW,2026-06-30,2026-05-15,SYNTHETIC_RISK_SCENARIO
501648,TST-U01648,TST-U01648,500,502,1PN,1,1,51.89,64.54,5,LOW,SW,E,OBSTRUCTED,False,0.804,8.3,False,1,0.58,7.3,NONE,False,SYNTHETIC,RISK_PROJECT_BASELINE,Tổ hợp thương mại căn hộ Phú Mỹ,1248,3000,20260630,TC-01,SUSPENDED_PENDING_REVIEW,2026-06-30,2026-05-15,SYNTHETIC_RISK_SCENARIO
501649,TST-U01649,TST-U01649,500,502,3PN,3,2,96.11,115.66,5,LOW,NE,E,CITY_OPEN,True,0.831,9.1,False,0,0.23,38.6,NONE,False,SYNTHETIC,RISK_PROJECT_BASELINE,Tổ hợp thương mại căn hộ Phú Mỹ,1248,3000,20260630,TC-01,SUSPENDED_PENDING_REVIEW,2026-06-30,2026-05-15,SYNTHETIC_RISK_SCENARIO
501650,TST-U01650,TST-U01650,500,502,3PN,3,2,106.4,129.28,5,LOW,SE,N,POOL,False,0.823,2.7,False,0,0.17,52.2,NONE,False,SYNTHETIC,RISK_PROJECT_BASELINE,Tổ hợp thương mại căn hộ Phú Mỹ,1248,3000,20260630,TC-01,SUSPENDED_PENDING_REVIEW,2026-06-30,2026-05-15,SYNTHETIC_RISK_SCENARIO
501651,TST-U01651,TST-U01651,500,502,2PN,2,2,76.06,85.94,5,LOW,SE,S,CITY_OPEN,False,0.885,5.5,False,0,0.23,57.8,NONE,False,SYNTHETIC,RISK_PROJECT_BASELINE,Tổ hợp thương mại căn hộ Phú Mỹ,1248,3000,20260630,TC-01,SUSPENDED_PENDING_REVIEW,2026-06-30,2026-05-15,SYNTHETIC_RISK_SCENARIO
501652,TST-U01652,TST-U01652,500,502,2PN,2,2,68.64,82.2,5,LOW,SE,SW,PARK,False,0.835,9.6,False,1,0.05,106.8,NONE,False,SYNTHETIC,RISK_PROJECT_BASELINE,Tổ hợp thương mại căn hộ Phú Mỹ,1248,3000,20260630,TC-01,SUSPENDED_PENDING_REVIEW,2026-06-30,2026-05-15,SYNTHETIC_RISK_SCENARIO
501653,TST-U01653,TST-U01653,500,502,2PN,2,2,71.68,85.33,5,LOW,S,NW,OBSTRUCTED,False,0.84,10.6,False,0,0.18,14.4,NONE,False,SYNTHETIC,RISK_PROJECT_BASELINE,Tổ hợp thương mại căn hộ Phú Mỹ,1248,3000,20260630,TC-01,SUSPENDED_PENDING_REVIEW,2026-06-30,2026-05-15,SYNTHETIC_RISK_SCENARIO
501654,TST-U01654,TST-U01654,500,502,2PN,2,2,71.74,87.59,5,LOW,SE,SW,OBSTRUCTED,False,0.819,7.8,True,2,0.26,8.3,NONE,False,SYNTHETIC,RISK_PROJECT_BASELINE,Tổ hợp thương mại căn hộ Phú Mỹ,1248,3000,20260630,TC-01,SUSPENDED_PENDING_REVIEW,2026-06-30,2026-05-15,SYNTHETIC_RISK_SCENARIO
501655,TST-U01655,TST-U01655,500,502,2PN,2,2,78.31,97.04,5,LOW,S,E,CITY_OPEN,False,0.807,2.8,False,1,0.23,96.5,NONE,False,SYNTHETIC,RISK_PROJECT_BASELINE,Tổ hợp thương mại căn hộ Phú Mỹ,1248,3000,20260630,TC-01,SUSPENDED_PENDING_REVIEW,2026-06-30,2026-05-15,SYNTHETIC_RISK_SCENARIO
501656,TST-U01656,TST-U01656,500,502,2PN,2,2,76.96,95.6,5,LOW,SW,W,OBSTRUCTED,False,0.805,6.3,False,1,0.52,12.6,NONE,False,SYNTHETIC,RISK_PROJECT_BASELINE,Tổ hợp thương mại căn hộ Phú Mỹ,1248,3000,20260630,TC-01,SUSPENDED_PENDING_REVIEW,2026-06-30,2026-05-15,SYNTHETIC_RISK_SCENARIO
501657,TST-U01657,TST-U01657,500,502,1PN,1,1,53.74,66.1,5,LOW,W,E,OBSTRUCTED,False,0.813,9.2,False,1,0.89,5.4,NONE,False,SYNTHETIC,RISK_PROJECT_BASELINE,Tổ hợp thương mại căn hộ Phú Mỹ,1248,3000,20260630,TC-01,SUSPENDED_PENDING_REVIEW,2026-06-30,2026-05-15,SYNTHETIC_RISK_SCENARIO
501658,TST-U01658,TST-U01658,500,502,1PN,1,1,56.86,67.37,5,LOW,NE,N,CITY_OPEN,True,0.844,12.0,False,2,0.31,48.5,NONE,False,SYNTHETIC,RISK_PROJECT_BASELINE,Tổ hợp thương mại căn hộ Phú Mỹ,1248,3000,20260630,TC-01,SUSPENDED_PENDING_REVIEW,2026-06-30,2026-05-15,SYNTHETIC_RISK_SCENARIO
501659,TST-U01659,TST-U01659,500,502,2PN,2,2,68.43,80.98,5,LOW,S,NE,OBSTRUCTED,False,0.845,4.4,False,0,0.22,5.2,NONE,False,SYNTHETIC,RISK_PROJECT_BASELINE,Tổ hợp thương mại căn hộ Phú Mỹ,1248,3000,20260630,TC-01,SUSPENDED_PENDING_REVIEW,2026-06-30,2026-05-15,SYNTHETIC_RISK_SCENARIO
501660,TST-U01660,TST-U01660,500,502,2PN,2,2,79.62,95.58,5,LOW,SW,NW,CITY_OPEN,True,0.833,1.9,False,1,0.72,51.3,NONE,False,SYNTHETIC,RISK_PROJECT_BASELINE,Tổ hợp thương mại căn hộ Phú Mỹ,1248,3000,20260630,TC-01,SUSPENDED_PENDING_REVIEW,2026-06-30,2026-05-15,SYNTHETIC_RISK_SCENARIO
501661,TST-U01661,TST-U01661,500,502,2PN,2,2,68.5,81.45,5,LOW,NE,E,CITY_OPEN,False,0.841,8.0,False,0,0.13,53.1,NONE,False,SYNTHETIC,RISK_PROJECT_BASELINE,Tổ hợp thương mại căn hộ Phú Mỹ,1248,3000,20260630,TC-01,SUSPENDED_PENDING_REVIEW,2026-06-30,2026-05-15,SYNTHETIC_RISK_SCENARIO
501662,TST-U01662,TST-U01662,500,502,2PN,2,2,77.52,96.66,5,LOW,NE,SW,POOL,False,0.802,10.4,True,0,0.22,44.6,NONE,False,SYNTHETIC,RISK_PROJECT_BASELINE,Tổ hợp thương mại căn hộ Phú Mỹ,1248,3000,20260630,TC-01,SUSPENDED_PENDING_REVIEW,2026-06-30,2026-05-15,SYNTHETIC_RISK_SCENARIO
501663,TST-U01663,TST-U01663,500,502,3PN,3,2,101.95,123.88,5,LOW,SW,W,CITY_OPEN,False,0.823,6.7,False,1,0.65,98.4,NONE,False,SYNTHETIC,RISK_PROJECT_BASELINE,Tổ hợp thương mại căn hộ Phú Mỹ,1248,3000,20260630,TC-01,SUSPENDED_PENDING_REVIEW,2026-06-30,2026-05-15,SYNTHETIC_RISK_SCENARIO
501664,TST-U01664,TST-U01664,500,502,2PN,2,2,76.15,88.86,5,LOW,SW,SE,POOL,False,0.857,13.5,True,0,0.84,60.4,NONE,False,SYNTHETIC,RISK_PROJECT_BASELINE,Tổ hợp thương mại căn hộ Phú Mỹ,1248,3000,20260630,TC-01,SUSPENDED_PENDING_REVIEW,2026-06-30,2026-05-15,SYNTHETIC_RISK_SCENARIO
501665,TST-U01665,TST-U01665,500,502,2PN,2,2,73.84,91.16,5,LOW,SE,W,CITY_OPEN,False,0.81,6.1,False,0,0.21,38.7,NONE,False,SYNTHETIC,RISK_PROJECT_BASELINE,Tổ hợp thương mại căn hộ Phú Mỹ,1248,3000,20260630,TC-01,SUSPENDED_PENDING_REVIEW,2026-06-30,2026-05-15,SYNTHETIC_RISK_SCENARIO
501666,TST-U01666,TST-U01666,500,502,3PN,3,2,112.3,138.47,5,LOW,N,E,PARK,False,0.811,8.1,True,0,0.25,55.6,NONE,False,SYNTHETIC,RISK_PROJECT_BASELINE,Tổ hợp thương mại căn hộ Phú Mỹ,1248,3000,20260630,TC-01,SUSPENDED_PENDING_REVIEW,2026-06-30,2026-05-15,SYNTHETIC_RISK_SCENARIO
501667,TST-U01667,TST-U01667,500,502,3PN,3,2,100.13,120.78,5,LOW,SW,SE,POOL,False,0.829,7.2,True,0,0.55,51.9,NONE,False,SYNTHETIC,RISK_PROJECT_BASELINE,Tổ hợp thương mại căn hộ Phú Mỹ,1248,3000,20260630,TC-01,SUSPENDED_PENDING_REVIEW,2026-06-30,2026-05-15,SYNTHETIC_RISK_SCENARIO
501668,TST-U01668,TST-U01668,500,502,1PN,1,1,58.13,71.41,5,LOW,S,SW,OBSTRUCTED,False,0.814,15.6,False,0,0.26,15.6,NONE,False,SYNTHETIC,RISK_PROJECT_BASELINE,Tổ hợp thương mại căn hộ Phú Mỹ,1248,3000,20260630,TC-01,SUSPENDED_PENDING_REVIEW,2026-06-30,2026-05-15,SYNTHETIC_RISK_SCENARIO
501669,TST-U01669,TST-U01669,500,502,1PN,1,1,56.56,65.54,5,LOW,SW,E,PARK,False,0.863,14.2,False,0,0.62,92.0,NONE,False,SYNTHETIC,RISK_PROJECT_BASELINE,Tổ hợp thương mại căn hộ Phú Mỹ,1248,3000,20260630,TC-01,SUSPENDED_PENDING_REVIEW,2026-06-30,2026-05-15,SYNTHETIC_RISK_SCENARIO
501670,TST-U01670,TST-U01670,500,502,3PN,3,2,101.88,123.64,5,LOW,NW,NW,OBSTRUCTED,False,0.824,7.5,False,1,0.69,17.8,NONE,False,SYNTHETIC,RISK_PROJECT_BASELINE,Tổ hợp thương mại căn hộ Phú Mỹ,1248,3000,20260630,TC-01,SUSPENDED_PENDING_REVIEW,2026-06-30,2026-05-15,SYNTHETIC_RISK_SCENARIO
501671,TST-U01671,TST-U01671,500,502,2PN,2,2,72.88,88.66,5,LOW,N,N,OBSTRUCTED,False,0.822,13.1,False,0,0.16,10.7,NONE,False,SYNTHETIC,RISK_PROJECT_BASELINE,Tổ hợp thương mại căn hộ Phú Mỹ,1248,3000,20260630,TC-01,SUSPENDED_PENDING_REVIEW,2026-06-30,2026-05-15,SYNTHETIC_RISK_SCENARIO
501672,TST-U01672,TST-U01672,500,502,2PN,2,2,67.38,80.79,5,LOW,N,SW,OBSTRUCTED,False,0.834,7.5,False,1,0.13,9.0,NONE,False,SYNTHETIC,RISK_PROJECT_BASELINE,Tổ hợp thương mại căn hộ Phú Mỹ,1248,3000,20260630,TC-01,SUSPENDED_PENDING_REVIEW,2026-06-30,2026-05-15,SYNTHETIC_RISK_SCENARIO
501673,TST-U01673,TST-U01673,500,502,STUDIO,1,1,42.47,48.32,5,LOW,S,N,OBSTRUCTED,True,0.879,5.1,False,1,0.11,13.6,NONE,False,SYNTHETIC,RISK_PROJECT_BASELINE,Tổ hợp thương mại căn hộ Phú Mỹ,1248,3000,20260630,TC-01,SUSPENDED_PENDING_REVIEW,2026-06-30,2026-05-15,SYNTHETIC_RISK_SCENARIO
501674,TST-U01674,TST-U01674,500,502,1PN,1,1,59.78,67.32,5,LOW,SE,E,CITY_OPEN,False,0.888,6.9,False,0,0.14,75.2,TEMPLE,False,SYNTHETIC,RISK_PROJECT_BASELINE,Tổ hợp thương mại căn hộ Phú Mỹ,1248,3000,20260630,TC-01,SUSPENDED_PENDING_REVIEW,2026-06-30,2026-05-15,SYNTHETIC_RISK_SCENARIO
501675,TST-U01675,TST-U01675,500,502,3PN,3,2,91.84,113.1,5,LOW,SE,E,OBSTRUCTED,False,0.812,9.6,False,1,0.15,9.6,NONE,False,SYNTHETIC,RISK_PROJECT_BASELINE,Tổ hợp thương mại căn hộ Phú Mỹ,1248,3000,20260630,TC-01,SUSPENDED_PENDING_REVIEW,2026-06-30,2026-05-15,SYNTHETIC_RISK_SCENARIO
501676,TST-U01676,TST-U01676,500,502,2PN,2,2,82.96,99.83,5,LOW,SW,W,CITY_OPEN,True,0.831,3.8,True,0,0.86,93.3,NONE,False,SYNTHETIC,RISK_PROJECT_BASELINE,Tổ hợp thương mại căn hộ Phú Mỹ,1248,3000,20260630,TC-01,SUSPENDED_PENDING_REVIEW,2026-06-30,2026-05-15,SYNTHETIC_RISK_SCENARIO
501677,TST-U01677,TST-U01677,500,502,2PN,2,2,77.75,94.82,5,LOW,SW,SE,OBSTRUCTED,False,0.82,6.9,False,0,0.8,12.5,NONE,False,SYNTHETIC,RISK_PROJECT_BASELINE,Tổ hợp thương mại căn hộ Phú Mỹ,1248,3000,20260630,TC-01,SUSPENDED_PENDING_REVIEW,2026-06-30,2026-05-15,SYNTHETIC_RISK_SCENARIO
501678,TST-U01678,TST-U01678,500,502,2PN,2,2,83.2,99.17,5,LOW,NE,W,OBSTRUCTED,False,0.839,4.3,False,0,0.09,11.0,NONE,False,SYNTHETIC,RISK_PROJECT_BASELINE,Tổ hợp thương mại căn hộ Phú Mỹ,1248,3000,20260630,TC-01,SUSPENDED_PENDING_REVIEW,2026-06-30,2026-05-15,SYNTHETIC_RISK_SCENARIO
501679,TST-U01679,TST-U01679,500,502,2PN,2,2,78.83,92.2,5,LOW,SE,NE,CITY_OPEN,False,0.855,6.6,False,1,0.05,89.4,NONE,False,SYNTHETIC,RISK_PROJECT_BASELINE,Tổ hợp thương mại căn hộ Phú Mỹ,1248,3000,20260630,TC-01,SUSPENDED_PENDING_REVIEW,2026-06-30,2026-05-15,SYNTHETIC_RISK_SCENARIO
501680,TST-U01680,TST-U01680,500,502,2PN,2,2,76.44,94.96,5,LOW,NW,S,OBSTRUCTED,False,0.805,6.6,False,0,0.57,7.1,NONE,False,SYNTHETIC,RISK_PROJECT_BASELINE,Tổ hợp thương mại căn hộ Phú Mỹ,1248,3000,20260630,TC-01,SUSPENDED_PENDING_REVIEW,2026-06-30,2026-05-15,SYNTHETIC_RISK_SCENARIO
501681,TST-U01681,TST-U01681,500,502,1PN,1,1,50.23,62.32,5,LOW,NE,W,OBSTRUCTED,False,0.806,12.4,False,0,0.23,8.9,NONE,False,SYNTHETIC,RISK_PROJECT_BASELINE,Tổ hợp thương mại căn hộ Phú Mỹ,1248,3000,20260630,TC-01,SUSPENDED_PENDING_REVIEW,2026-06-30,2026-05-15,SYNTHETIC_RISK_SCENARIO
501682,TST-U01682,TST-U01682,500,502,3PN,3,2,107.95,129.75,5,LOW,SW,W,OBSTRUCTED,True,0.832,15.9,False,1,0.86,10.5,NONE,False,SYNTHETIC,RISK_PROJECT_BASELINE,Tổ hợp thương mại căn hộ Phú Mỹ,1248,3000,20260630,TC-01,SUSPENDED_PENDING_REVIEW,2026-06-30,2026-05-15,SYNTHETIC_RISK_SCENARIO
501683,TST-U01683,TST-U01683,500,502,3PN,3,2,102.23,120.13,5,LOW,S,SE,POOL,False,0.851,3.6,False,0,0.22,107.2,NONE,False,SYNTHETIC,RISK_PROJECT_BASELINE,Tổ hợp thương mại căn hộ Phú Mỹ,1248,3000,20260630,TC-01,SUSPENDED_PENDING_REVIEW,2026-06-30,2026-05-15,SYNTHETIC_RISK_SCENARIO
501684,TST-U01684,TST-U01684,500,502,2PN,2,2,79.93,93.7,5,LOW,W,S,OBSTRUCTED,False,0.853,8.2,False,0,0.76,14.6,NONE,False,SYNTHETIC,RISK_PROJECT_BASELINE,Tổ hợp thương mại căn hộ Phú Mỹ,1248,3000,20260630,TC-01,SUSPENDED_PENDING_REVIEW,2026-06-30,2026-05-15,SYNTHETIC_RISK_SCENARIO
501685,TST-U01685,TST-U01685,500,502,2PN,2,2,80.52,91.5,5,LOW,SW,NE,CITY_OPEN,False,0.88,13.8,False,0,0.9,35.3,CEMETERY,False,SYNTHETIC,RISK_PROJECT_BASELINE,Tổ hợp thương mại căn hộ Phú Mỹ,1248,3000,20260630,TC-01,SUSPENDED_PENDING_REVIEW,2026-06-30,2026-05-15,SYNTHETIC_RISK_SCENARIO
501686,TST-U01686,TST-U01686,500,502,2PN,2,2,63.35,75.51,5,LOW,W,S,OBSTRUCTED,False,0.839,14.3,False,0,0.66,13.6,NONE,False,SYNTHETIC,RISK_PROJECT_BASELINE,Tổ hợp thương mại căn hộ Phú Mỹ,1248,3000,20260630,TC-01,SUSPENDED_PENDING_REVIEW,2026-06-30,2026-05-15,SYNTHETIC_RISK_SCENARIO
501687,TST-U01687,TST-U01687,500,502,2PN,2,2,66.37,77.99,5,LOW,E,NW,OBSTRUCTED,False,0.851,5.7,False,1,0.14,8.9,NONE,False,SYNTHETIC,RISK_PROJECT_BASELINE,Tổ hợp thương mại căn hộ Phú Mỹ,1248,3000,20260630,TC-01,SUSPENDED_PENDING_REVIEW,2026-06-30,2026-05-15,SYNTHETIC_RISK_SCENARIO
501688,TST-U01688,TST-U01688,500,502,2PN,2,2,72.04,84.65,5,LOW,NW,SE,CITY_OPEN,False,0.851,3.7,False,0,0.87,74.1,TEMPLE,False,SYNTHETIC,RISK_PROJECT_BASELINE,Tổ hợp thương mại căn hộ Phú Mỹ,1248,3000,20260630,TC-01,SUSPENDED_PENDING_REVIEW,2026-06-30,2026-05-15,SYNTHETIC_RISK_SCENARIO
501689,TST-U01689,TST-U01689,500,502,2PN,2,2,73.18,88.81,5,LOW,N,NE,OBSTRUCTED,True,0.824,8.2,False,1,0.04,16.5,NONE,False,SYNTHETIC,RISK_PROJECT_BASELINE,Tổ hợp thương mại căn hộ Phú Mỹ,1248,3000,20260630,TC-01,SUSPENDED_PENDING_REVIEW,2026-06-30,2026-05-15,SYNTHETIC_RISK_SCENARIO
501690,TST-U01690,TST-U01690,500,502,2PN,2,2,82.15,97.33,5,LOW,E,SE,OBSTRUCTED,False,0.844,4.4,True,1,0.1,13.0,NONE,False,SYNTHETIC,RISK_PROJECT_BASELINE,Tổ hợp thương mại căn hộ Phú Mỹ,1248,3000,20260630,TC-01,SUSPENDED_PENDING_REVIEW,2026-06-30,2026-05-15,SYNTHETIC_RISK_SCENARIO
501691,TST-U01691,TST-U01691,500,502,3PN,3,2,102.29,115.98,5,LOW,N,SW,PARK,False,0.882,3.7,False,0,0.14,68.8,NONE,False,SYNTHETIC,RISK_PROJECT_BASELINE,Tổ hợp thương mại căn hộ Phú Mỹ,1248,3000,20260630,TC-01,SUSPENDED_PENDING_REVIEW,2026-06-30,2026-05-15,SYNTHETIC_RISK_SCENARIO
501692,TST-U01692,TST-U01692,500,502,2PN,2,2,74.45,87.38,5,LOW,S,E,OBSTRUCTED,False,0.852,15.7,False,0,0.11,12.8,NONE,False,SYNTHETIC,RISK_PROJECT_BASELINE,Tổ hợp thương mại căn hộ Phú Mỹ,1248,3000,20260630,TC-01,SUSPENDED_PENDING_REVIEW,2026-06-30,2026-05-15,SYNTHETIC_RISK_SCENARIO
501693,TST-U01693,TST-U01693,500,502,2PN,2,2,78.02,96.92,5,LOW,SE,W,OBSTRUCTED,True,0.805,9.1,False,0,0.13,14.6,NONE,False,SYNTHETIC,RISK_PROJECT_BASELINE,Tổ hợp thương mại căn hộ Phú Mỹ,1248,3000,20260630,TC-01,SUSPENDED_PENDING_REVIEW,2026-06-30,2026-05-15,SYNTHETIC_RISK_SCENARIO
501694,TST-U01694,TST-U01694,500,502,2PN,2,2,63.32,78.85,5,LOW,E,SW,CITY_OPEN,False,0.803,7.0,False,1,0.07,40.8,WASTE_STATION,False,SYNTHETIC,RISK_PROJECT_BASELINE,Tổ hợp thương mại căn hộ Phú Mỹ,1248,3000,20260630,TC-01,SUSPENDED_PENDING_REVIEW,2026-06-30,2026-05-15,SYNTHETIC_RISK_SCENARIO
501695,TST-U01695,TST-U01695,500,502,2PN,2,2,79.66,89.91,5,LOW,E,NW,POOL,False,0.886,11.7,False,0,0.27,57.9,NONE,False,SYNTHETIC,RISK_PROJECT_BASELINE,Tổ hợp thương mại căn hộ Phú Mỹ,1248,3000,20260630,TC-01,SUSPENDED_PENDING_REVIEW,2026-06-30,2026-05-15,SYNTHETIC_RISK_SCENARIO
501696,TST-U01696,TST-U01696,500,502,1PN,1,1,49.17,56.45,5,LOW,NE,SE,OBSTRUCTED,False,0.871,8.6,False,1,0.05,6.2,NONE,False,SYNTHETIC,RISK_PROJECT_BASELINE,Tổ hợp thương mại căn hộ Phú Mỹ,1248,3000,20260630,TC-01,SUSPENDED_PENDING_REVIEW,2026-06-30,2026-05-15,SYNTHETIC_RISK_SCENARIO
501697,TST-U01697,TST-U01697,500,502,3PN,3,2,99.75,115.59,5,LOW,S,NE,POOL,False,0.863,10.6,False,0,0.14,98.7,NONE,False,SYNTHETIC,RISK_PROJECT_BASELINE,Tổ hợp thương mại căn hộ Phú Mỹ,1248,3000,20260630,TC-01,SUSPENDED_PENDING_REVIEW,2026-06-30,2026-05-15,SYNTHETIC_RISK_SCENARIO
501698,TST-U01698,TST-U01698,500,502,1PN,1,1,53.38,66.48,5,LOW,N,NE,OBSTRUCTED,False,0.803,5.6,False,1,0.26,5.5,NONE,False,SYNTHETIC,RISK_PROJECT_BASELINE,Tổ hợp thương mại căn hộ Phú Mỹ,1248,3000,20260630,TC-01,SUSPENDED_PENDING_REVIEW,2026-06-30,2026-05-15,SYNTHETIC_RISK_SCENARIO
501699,TST-U01699,TST-U01699,500,502,3PN,3,2,101.79,117.81,6,MID,S,S,CITY_OPEN,False,0.864,4.3,False,1,0.23,29.5,NONE,False,SYNTHETIC,RISK_PROJECT_BASELINE,Tổ hợp thương mại căn hộ Phú Mỹ,1248,3000,20260630,TC-01,SUSPENDED_PENDING_REVIEW,2026-06-30,2026-05-15,SYNTHETIC_RISK_SCENARIO
501700,TST-U01700,TST-U01700,500,502,2PN,2,2,82.89,97.29,6,MID,SE,W,OBSTRUCTED,True,0.852,5.7,False,2,0.24,13.7,NONE,False,SYNTHETIC,RISK_PROJECT_BASELINE,Tổ hợp thương mại căn hộ Phú Mỹ,1248,3000,20260630,TC-01,SUSPENDED_PENDING_REVIEW,2026-06-30,2026-05-15,SYNTHETIC_RISK_SCENARIO
501701,TST-U01701,TST-U01701,500,502,3PN,3,2,91.4,108.17,6,MID,W,NE,CITY_OPEN,True,0.845,6.6,False,0,0.56,105.3,NONE,False,SYNTHETIC,RISK_PROJECT_BASELINE,Tổ hợp thương mại căn hộ Phú Mỹ,1248,3000,20260630,TC-01,SUSPENDED_PENDING_REVIEW,2026-06-30,2026-05-15,SYNTHETIC_RISK_SCENARIO
501702,TST-U01702,TST-U01702,500,502,2PN,2,2,68.45,82.47,6,MID,N,S,CITY_OPEN,False,0.83,3.2,False,1,0.16,105.0,NONE,False,SYNTHETIC,RISK_PROJECT_BASELINE,Tổ hợp thương mại căn hộ Phú Mỹ,1248,3000,20260630,TC-01,SUSPENDED_PENDING_REVIEW,2026-06-30,2026-05-15,SYNTHETIC_RISK_SCENARIO
501703,TST-U01703,TST-U01703,500,502,3PN,3,2,102.87,121.02,6,MID,E,NE,OBSTRUCTED,False,0.85,12.8,False,2,0.14,12.0,NONE,False,SYNTHETIC,RISK_PROJECT_BASELINE,Tổ hợp thương mại căn hộ Phú Mỹ,1248,3000,20260630,TC-01,SUSPENDED_PENDING_REVIEW,2026-06-30,2026-05-15,SYNTHETIC_RISK_SCENARIO
501704,TST-U01704,TST-U01704,500,502,2PN,2,2,87.36,98.82,6,MID,E,SW,CITY_OPEN,False,0.884,10.8,False,0,0.21,45.5,NONE,False,SYNTHETIC,RISK_PROJECT_BASELINE,Tổ hợp thương mại căn hộ Phú Mỹ,1248,3000,20260630,TC-01,SUSPENDED_PENDING_REVIEW,2026-06-30,2026-05-15,SYNTHETIC_RISK_SCENARIO
501705,TST-U01705,TST-U01705,500,502,2PN,2,2,80.55,100.19,6,MID,W,S,CITY_OPEN,False,0.804,5.5,False,0,0.88,78.2,NONE,False,SYNTHETIC,RISK_PROJECT_BASELINE,Tổ hợp thương mại căn hộ Phú Mỹ,1248,3000,20260630,TC-01,SUSPENDED_PENDING_REVIEW,2026-06-30,2026-05-15,SYNTHETIC_RISK_SCENARIO
501706,TST-U01706,TST-U01706,500,502,1PN,1,1,57.87,66.29,6,MID,SE,S,POOL,False,0.873,11.1,False,0,0.19,99.6,NONE,False,SYNTHETIC,RISK_PROJECT_BASELINE,Tổ hợp thương mại căn hộ Phú Mỹ,1248,3000,20260630,TC-01,SUSPENDED_PENDING_REVIEW,2026-06-30,2026-05-15,SYNTHETIC_RISK_SCENARIO
501707,TST-U01707,TST-U01707,500,502,2PN,2,2,82.76,99.47,6,MID,N,W,OBSTRUCTED,False,0.832,7.7,False,0,0.31,5.2,NONE,False,SYNTHETIC,RISK_PROJECT_BASELINE,Tổ hợp thương mại căn hộ Phú Mỹ,1248,3000,20260630,TC-01,SUSPENDED_PENDING_REVIEW,2026-06-30,2026-05-15,SYNTHETIC_RISK_SCENARIO
501708,TST-U01708,TST-U01708,500,502,2PN,2,2,68.36,82.96,6,MID,NW,NW,OBSTRUCTED,True,0.824,5.1,False,0,0.71,5.3,NONE,False,SYNTHETIC,RISK_PROJECT_BASELINE,Tổ hợp thương mại căn hộ Phú Mỹ,1248,3000,20260630,TC-01,SUSPENDED_PENDING_REVIEW,2026-06-30,2026-05-15,SYNTHETIC_RISK_SCENARIO
501709,TST-U01709,TST-U01709,500,502,2PN,2,2,79.37,96.67,6,MID,W,N,CITY_OPEN,False,0.821,13.7,False,0,0.63,91.5,NONE,False,SYNTHETIC,RISK_PROJECT_BASELINE,Tổ hợp thương mại căn hộ Phú Mỹ,1248,3000,20260630,TC-01,SUSPENDED_PENDING_REVIEW,2026-06-30,2026-05-15,SYNTHETIC_RISK_SCENARIO
501710,TST-U01710,TST-U01710,500,502,2PN,2,2,79.65,97.25,6,MID,S,S,OBSTRUCTED,False,0.819,13.3,False,0,0.29,8.2,NONE,False,SYNTHETIC,RISK_PROJECT_BASELINE,Tổ hợp thương mại căn hộ Phú Mỹ,1248,3000,20260630,TC-01,SUSPENDED_PENDING_REVIEW,2026-06-30,2026-05-15,SYNTHETIC_RISK_SCENARIO
501711,TST-U01711,TST-U01711,500,502,3PN,3,2,111.63,125.85,6,MID,SW,SW,CITY_OPEN,False,0.887,1.7,False,1,0.81,70.1,NONE,False,SYNTHETIC,RISK_PROJECT_BASELINE,Tổ hợp thương mại căn hộ Phú Mỹ,1248,3000,20260630,TC-01,SUSPENDED_PENDING_REVIEW,2026-06-30,2026-05-15,SYNTHETIC_RISK_SCENARIO
501712,TST-U01712,TST-U01712,500,502,1PN,1,1,54.94,64.56,6,MID,E,E,CITY_OPEN,False,0.851,3.8,True,0,0.17,44.5,NONE,False,SYNTHETIC,RISK_PROJECT_BASELINE,Tổ hợp thương mại căn hộ Phú Mỹ,1248,3000,20260630,TC-01,SUSPENDED_PENDING_REVIEW,2026-06-30,2026-05-15,SYNTHETIC_RISK_SCENARIO
501713,TST-U01713,TST-U01713,500,502,1PN,1,1,59.72,68.88,6,MID,SE,SE,OBSTRUCTED,True,0.867,1.5,False,0,0.08,11.4,NONE,False,SYNTHETIC,RISK_PROJECT_BASELINE,Tổ hợp thương mại căn hộ Phú Mỹ,1248,3000,20260630,TC-01,SUSPENDED_PENDING_REVIEW,2026-06-30,2026-05-15,SYNTHETIC_RISK_SCENARIO
501714,TST-U01714,TST-U01714,500,502,1PN,1,1,50.79,57.13,6,MID,E,NW,PARK,False,0.889,11.1,False,1,0.21,38.7,NONE,False,SYNTHETIC,RISK_PROJECT_BASELINE,Tổ hợp thương mại căn hộ Phú Mỹ,1248,3000,20260630,TC-01,SUSPENDED_PENDING_REVIEW,2026-06-30,2026-05-15,SYNTHETIC_RISK_SCENARIO
501715,TST-U01715,TST-U01715,500,502,1PN,1,1,55.22,67.01,6,MID,S,E,PARK,False,0.824,3.6,False,0,0.31,61.8,NONE,False,SYNTHETIC,RISK_PROJECT_BASELINE,Tổ hợp thương mại căn hộ Phú Mỹ,1248,3000,20260630,TC-01,SUSPENDED_PENDING_REVIEW,2026-06-30,2026-05-15,SYNTHETIC_RISK_SCENARIO
501716,TST-U01716,TST-U01716,500,502,1PN,1,1,55.78,66.09,6,MID,E,SW,OBSTRUCTED,False,0.844,8.2,False,0,0.18,17.5,NONE,False,SYNTHETIC,RISK_PROJECT_BASELINE,Tổ hợp thương mại căn hộ Phú Mỹ,1248,3000,20260630,TC-01,SUSPENDED_PENDING_REVIEW,2026-06-30,2026-05-15,SYNTHETIC_RISK_SCENARIO
501717,TST-U01717,TST-U01717,500,502,2PN,2,2,74.66,86.01,6,MID,NE,N,OBSTRUCTED,False,0.868,5.7,False,0,0.08,15.5,NONE,False,SYNTHETIC,RISK_PROJECT_BASELINE,Tổ hợp thương mại căn hộ Phú Mỹ,1248,3000,20260630,TC-01,SUSPENDED_PENDING_REVIEW,2026-06-30,2026-05-15,SYNTHETIC_RISK_SCENARIO
501718,TST-U01718,TST-U01718,500,502,1PN,1,1,54.3,61.49,6,MID,N,SW,OBSTRUCTED,False,0.883,14.6,False,0,0.3,15.0,NONE,False,SYNTHETIC,RISK_PROJECT_BASELINE,Tổ hợp thương mại căn hộ Phú Mỹ,1248,3000,20260630,TC-01,SUSPENDED_PENDING_REVIEW,2026-06-30,2026-05-15,SYNTHETIC_RISK_SCENARIO
501719,TST-U01719,TST-U01719,500,502,2PN,2,2,72.23,86.3,6,MID,W,SE,PARK,False,0.837,9.4,False,0,0.81,41.6,NONE,False,SYNTHETIC,RISK_PROJECT_BASELINE,Tổ hợp thương mại căn hộ Phú Mỹ,1248,3000,20260630,TC-01,SUSPENDED_PENDING_REVIEW,2026-06-30,2026-05-15,SYNTHETIC_RISK_SCENARIO
501720,TST-U01720,TST-U01720,500,502,1PN,1,1,54.38,66.72,6,MID,E,NW,OBSTRUCTED,False,0.815,9.8,False,0,0.22,12.3,NONE,False,SYNTHETIC,RISK_PROJECT_BASELINE,Tổ hợp thương mại căn hộ Phú Mỹ,1248,3000,20260630,TC-01,SUSPENDED_PENDING_REVIEW,2026-06-30,2026-05-15,SYNTHETIC_RISK_SCENARIO
501721,TST-U01721,TST-U01721,500,502,3PN,3,2,105.25,124.26,6,MID,NE,S,OBSTRUCTED,False,0.847,6.1,True,0,0.26,17.4,NONE,False,SYNTHETIC,RISK_PROJECT_BASELINE,Tổ hợp thương mại căn hộ Phú Mỹ,1248,3000,20260630,TC-01,SUSPENDED_PENDING_REVIEW,2026-06-30,2026-05-15,SYNTHETIC_RISK_SCENARIO
501722,TST-U01722,TST-U01722,500,502,STUDIO,1,1,39.22,46.63,6,MID,S,NE,OBSTRUCTED,True,0.841,7.4,True,0,0.13,11.0,NONE,False,SYNTHETIC,RISK_PROJECT_BASELINE,Tổ hợp thương mại căn hộ Phú Mỹ,1248,3000,20260630,TC-01,SUSPENDED_PENDING_REVIEW,2026-06-30,2026-05-15,SYNTHETIC_RISK_SCENARIO
501723,TST-U01723,TST-U01723,500,502,1PN,1,1,54.07,62.58,6,MID,E,S,CITY_OPEN,False,0.864,5.0,True,1,0.18,39.2,NONE,False,SYNTHETIC,RISK_PROJECT_BASELINE,Tổ hợp thương mại căn hộ Phú Mỹ,1248,3000,20260630,TC-01,SUSPENDED_PENDING_REVIEW,2026-06-30,2026-05-15,SYNTHETIC_RISK_SCENARIO
501724,TST-U01724,TST-U01724,500,502,2PN,2,2,74.53,86.16,6,MID,SE,E,OBSTRUCTED,True,0.865,2.4,False,0,0.03,8.5,NONE,False,SYNTHETIC,RISK_PROJECT_BASELINE,Tổ hợp thương mại căn hộ Phú Mỹ,1248,3000,20260630,TC-01,SUSPENDED_PENDING_REVIEW,2026-06-30,2026-05-15,SYNTHETIC_RISK_SCENARIO
501725,TST-U01725,TST-U01725,500,502,3PN,3,2,92.41,113.39,6,MID,N,SW,PARK,False,0.815,5.9,False,0,0.28,70.0,NONE,False,SYNTHETIC,RISK_PROJECT_BASELINE,Tổ hợp thương mại căn hộ Phú Mỹ,1248,3000,20260630,TC-01,SUSPENDED_PENDING_REVIEW,2026-06-30,2026-05-15,SYNTHETIC_RISK_SCENARIO
501726,TST-U01726,TST-U01726,500,502,1PN,1,1,51.61,61.37,6,MID,SW,SE,CITY_OPEN,False,0.841,14.9,False,0,0.6,98.2,NONE,False,SYNTHETIC,RISK_PROJECT_BASELINE,Tổ hợp thương mại căn hộ Phú Mỹ,1248,3000,20260630,TC-01,SUSPENDED_PENDING_REVIEW,2026-06-30,2026-05-15,SYNTHETIC_RISK_SCENARIO
501727,TST-U01727,TST-U01727,500,502,2PN,2,2,82.28,102.47,6,MID,E,NE,CITY_OPEN,False,0.803,7.9,False,0,0.23,59.5,NONE,False,SYNTHETIC,RISK_PROJECT_BASELINE,Tổ hợp thương mại căn hộ Phú Mỹ,1248,3000,20260630,TC-01,SUSPENDED_PENDING_REVIEW,2026-06-30,2026-05-15,SYNTHETIC_RISK_SCENARIO
501728,TST-U01728,TST-U01728,500,502,2PN,2,2,78.04,91.49,6,MID,W,NW,CITY_OPEN,True,0.853,6.7,False,1,0.81,108.3,NONE,False,SYNTHETIC,RISK_PROJECT_BASELINE,Tổ hợp thương mại căn hộ Phú Mỹ,1248,3000,20260630,TC-01,SUSPENDED_PENDING_REVIEW,2026-06-30,2026-05-15,SYNTHETIC_RISK_SCENARIO
501729,TST-U01729,TST-U01729,500,502,2PN,2,2,76.05,88.84,6,MID,E,SE,CITY_OPEN,False,0.856,9.7,False,0,0.09,69.9,NONE,False,SYNTHETIC,RISK_PROJECT_BASELINE,Tổ hợp thương mại căn hộ Phú Mỹ,1248,3000,20260630,TC-01,SUSPENDED_PENDING_REVIEW,2026-06-30,2026-05-15,SYNTHETIC_RISK_SCENARIO
501730,TST-U01730,TST-U01730,500,502,3PN,3,2,110.77,126.88,6,MID,E,SW,OBSTRUCTED,False,0.873,1.6,False,0,0.05,6.7,NONE,False,SYNTHETIC,RISK_PROJECT_BASELINE,Tổ hợp thương mại căn hộ Phú Mỹ,1248,3000,20260630,TC-01,SUSPENDED_PENDING_REVIEW,2026-06-30,2026-05-15,SYNTHETIC_RISK_SCENARIO
501731,TST-U01731,TST-U01731,500,502,2PN,2,2,71.15,86.35,6,MID,E,NE,POOL,False,0.824,15.2,False,0,0.08,89.0,NONE,False,SYNTHETIC,RISK_PROJECT_BASELINE,Tổ hợp thương mại căn hộ Phú Mỹ,1248,3000,20260630,TC-01,SUSPENDED_PENDING_REVIEW,2026-06-30,2026-05-15,SYNTHETIC_RISK_SCENARIO
501732,TST-U01732,TST-U01732,500,502,2PN,2,2,84.0,100.96,6,MID,SW,NE,OBSTRUCTED,False,0.832,8.9,False,1,0.81,13.2,NONE,False,SYNTHETIC,RISK_PROJECT_BASELINE,Tổ hợp thương mại căn hộ Phú Mỹ,1248,3000,20260630,TC-01,SUSPENDED_PENDING_REVIEW,2026-06-30,2026-05-15,SYNTHETIC_RISK_SCENARIO
501733,TST-U01733,TST-U01733,500,502,3PN,3,2,109.21,134.99,6,MID,S,E,PARK,False,0.809,1.6,False,0,0.25,61.8,NONE,False,SYNTHETIC,RISK_PROJECT_BASELINE,Tổ hợp thương mại căn hộ Phú Mỹ,1248,3000,20260630,TC-01,SUSPENDED_PENDING_REVIEW,2026-06-30,2026-05-15,SYNTHETIC_RISK_SCENARIO
501734,TST-U01734,TST-U01734,500,502,1PN,1,1,54.48,62.91,6,MID,NE,SW,OBSTRUCTED,False,0.866,8.6,True,2,0.26,13.7,NONE,False,SYNTHETIC,RISK_PROJECT_BASELINE,Tổ hợp thương mại căn hộ Phú Mỹ,1248,3000,20260630,TC-01,SUSPENDED_PENDING_REVIEW,2026-06-30,2026-05-15,SYNTHETIC_RISK_SCENARIO
501735,TST-U01735,TST-U01735,500,502,1PN,1,1,56.03,65.15,6,MID,N,S,OBSTRUCTED,False,0.86,6.0,False,0,0.16,14.0,NONE,False,SYNTHETIC,RISK_PROJECT_BASELINE,Tổ hợp thương mại căn hộ Phú Mỹ,1248,3000,20260630,TC-01,SUSPENDED_PENDING_REVIEW,2026-06-30,2026-05-15,SYNTHETIC_RISK_SCENARIO
501736,TST-U01736,TST-U01736,500,502,2PN,2,2,75.25,91.1,6,MID,W,N,CITY_OPEN,False,0.826,3.4,False,0,0.9,103.7,NONE,False,SYNTHETIC,RISK_PROJECT_BASELINE,Tổ hợp thương mại căn hộ Phú Mỹ,1248,3000,20260630,TC-01,SUSPENDED_PENDING_REVIEW,2026-06-30,2026-05-15,SYNTHETIC_RISK_SCENARIO
501737,TST-U01737,TST-U01737,500,502,3PN,3,2,112.14,130.7,6,MID,S,N,OBSTRUCTED,False,0.858,3.2,False,0,0.17,6.6,NONE,False,SYNTHETIC,RISK_PROJECT_BASELINE,Tổ hợp thương mại căn hộ Phú Mỹ,1248,3000,20260630,TC-01,SUSPENDED_PENDING_REVIEW,2026-06-30,2026-05-15,SYNTHETIC_RISK_SCENARIO
501738,TST-U01738,TST-U01738,500,502,2PN,2,2,69.95,84.58,6,MID,SE,NW,OBSTRUCTED,False,0.827,15.2,False,0,0.27,13.9,NONE,False,SYNTHETIC,RISK_PROJECT_BASELINE,Tổ hợp thương mại căn hộ Phú Mỹ,1248,3000,20260630,TC-01,SUSPENDED_PENDING_REVIEW,2026-06-30,2026-05-15,SYNTHETIC_RISK_SCENARIO
501739,TST-U01739,TST-U01739,500,502,1PN,1,1,54.36,66.62,6,MID,S,NW,PARK,False,0.816,5.3,False,0,0.23,103.4,NONE,False,SYNTHETIC,RISK_PROJECT_BASELINE,Tổ hợp thương mại căn hộ Phú Mỹ,1248,3000,20260630,TC-01,SUSPENDED_PENDING_REVIEW,2026-06-30,2026-05-15,SYNTHETIC_RISK_SCENARIO
501740,TST-U01740,TST-U01740,500,502,2PN,2,2,81.64,96.84,6,MID,E,SE,CITY_OPEN,False,0.843,2.5,True,0,0.17,35.8,NONE,False,SYNTHETIC,RISK_PROJECT_BASELINE,Tổ hợp thương mại căn hộ Phú Mỹ,1248,3000,20260630,TC-01,SUSPENDED_PENDING_REVIEW,2026-06-30,2026-05-15,SYNTHETIC_RISK_SCENARIO
501741,TST-U01741,TST-U01741,500,502,3PN,3,2,100.42,124.59,6,MID,SE,W,PARK,True,0.806,6.6,False,1,0.27,99.8,NONE,False,SYNTHETIC,RISK_PROJECT_BASELINE,Tổ hợp thương mại căn hộ Phú Mỹ,1248,3000,20260630,TC-01,SUSPENDED_PENDING_REVIEW,2026-06-30,2026-05-15,SYNTHETIC_RISK_SCENARIO
501742,TST-U01742,TST-U01742,500,502,3PN,3,2,92.45,111.39,6,MID,NW,E,OBSTRUCTED,False,0.83,11.7,True,1,0.66,8.2,NONE,False,SYNTHETIC,RISK_PROJECT_BASELINE,Tổ hợp thương mại căn hộ Phú Mỹ,1248,3000,20260630,TC-01,SUSPENDED_PENDING_REVIEW,2026-06-30,2026-05-15,SYNTHETIC_RISK_SCENARIO
501743,TST-U01743,TST-U01743,500,502,2PN,2,2,76.85,92.15,6,MID,E,NW,CITY_OPEN,False,0.834,11.3,False,0,0.12,54.4,NONE,False,SYNTHETIC,RISK_PROJECT_BASELINE,Tổ hợp thương mại căn hộ Phú Mỹ,1248,3000,20260630,TC-01,SUSPENDED_PENDING_REVIEW,2026-06-30,2026-05-15,SYNTHETIC_RISK_SCENARIO
501744,TST-U01744,TST-U01744,500,502,STUDIO,1,1,39.14,48.5,6,MID,W,NW,PARK,False,0.807,3.2,False,1,0.65,41.5,NONE,False,SYNTHETIC,RISK_PROJECT_BASELINE,Tổ hợp thương mại căn hộ Phú Mỹ,1248,3000,20260630,TC-01,SUSPENDED_PENDING_REVIEW,2026-06-30,2026-05-15,SYNTHETIC_RISK_SCENARIO
501745,TST-U01745,TST-U01745,500,502,STUDIO,1,1,42.83,51.42,6,MID,SE,NW,CITY_OPEN,False,0.833,15.7,False,0,0.15,54.8,NONE,False,SYNTHETIC,RISK_PROJECT_BASELINE,Tổ hợp thương mại căn hộ Phú Mỹ,1248,3000,20260630,TC-01,SUSPENDED_PENDING_REVIEW,2026-06-30,2026-05-15,SYNTHETIC_RISK_SCENARIO
501746,TST-U01746,TST-U01746,500,502,3PN,3,2,100.38,114.85,6,MID,E,N,PARK,False,0.874,11.4,False,0,0.06,41.5,NONE,False,SYNTHETIC,RISK_PROJECT_BASELINE,Tổ hợp thương mại căn hộ Phú Mỹ,1248,3000,20260630,TC-01,SUSPENDED_PENDING_REVIEW,2026-06-30,2026-05-15,SYNTHETIC_RISK_SCENARIO
501747,TST-U01747,TST-U01747,500,502,1PN,1,1,55.86,64.65,6,MID,E,SE,OBSTRUCTED,False,0.864,3.4,False,0,0.27,6.8,NONE,False,SYNTHETIC,RISK_PROJECT_BASELINE,Tổ hợp thương mại căn hộ Phú Mỹ,1248,3000,20260630,TC-01,SUSPENDED_PENDING_REVIEW,2026-06-30,2026-05-15,SYNTHETIC_RISK_SCENARIO
501748,TST-U01748,TST-U01748,500,502,2PN,2,2,86.83,103.0,6,MID,SW,S,CITY_OPEN,False,0.843,13.8,False,1,0.62,35.2,NONE,False,SYNTHETIC,RISK_PROJECT_BASELINE,Tổ hợp thương mại căn hộ Phú Mỹ,1248,3000,20260630,TC-01,SUSPENDED_PENDING_REVIEW,2026-06-30,2026-05-15,SYNTHETIC_RISK_SCENARIO
501749,TST-U01749,TST-U01749,500,502,3PN,3,2,104.32,121.87,6,MID,S,NE,POOL,True,0.856,6.2,True,1,0.2,73.0,NONE,False,SYNTHETIC,RISK_PROJECT_BASELINE,Tổ hợp thương mại căn hộ Phú Mỹ,1248,3000,20260630,TC-01,SUSPENDED_PENDING_REVIEW,2026-06-30,2026-05-15,SYNTHETIC_RISK_SCENARIO
501750,TST-U01750,TST-U01750,500,502,1PN,1,1,59.18,68.81,6,MID,SW,E,PARK,False,0.86,7.0,False,1,0.54,57.9,NONE,False,SYNTHETIC,RISK_PROJECT_BASELINE,Tổ hợp thương mại căn hộ Phú Mỹ,1248,3000,20260630,TC-01,SUSPENDED_PENDING_REVIEW,2026-06-30,2026-05-15,SYNTHETIC_RISK_SCENARIO
501751,TST-U01751,TST-U01751,500,502,1PN,1,1,57.29,67.72,6,MID,SW,E,OBSTRUCTED,False,0.846,2.0,False,0,0.73,5.2,NONE,False,SYNTHETIC,RISK_PROJECT_BASELINE,Tổ hợp thương mại căn hộ Phú Mỹ,1248,3000,20260630,TC-01,SUSPENDED_PENDING_REVIEW,2026-06-30,2026-05-15,SYNTHETIC_RISK_SCENARIO
501752,TST-U01752,TST-U01752,500,502,2PN,2,2,78.97,89.74,6,MID,N,S,CITY_OPEN,False,0.88,2.1,False,0,0.17,39.7,NONE,False,SYNTHETIC,RISK_PROJECT_BASELINE,Tổ hợp thương mại căn hộ Phú Mỹ,1248,3000,20260630,TC-01,SUSPENDED_PENDING_REVIEW,2026-06-30,2026-05-15,SYNTHETIC_RISK_SCENARIO
501753,TST-U01753,TST-U01753,500,502,2PN,2,2,82.45,95.76,6,MID,NW,E,OBSTRUCTED,True,0.861,2.4,False,1,0.63,5.1,NONE,False,SYNTHETIC,RISK_PROJECT_BASELINE,Tổ hợp thương mại căn hộ Phú Mỹ,1248,3000,20260630,TC-01,SUSPENDED_PENDING_REVIEW,2026-06-30,2026-05-15,SYNTHETIC_RISK_SCENARIO
501754,TST-U01754,TST-U01754,500,502,3PN,3,2,96.25,111.66,6,MID,E,S,CITY_OPEN,False,0.862,9.8,True,0,0.18,95.2,NONE,False,SYNTHETIC,RISK_PROJECT_BASELINE,Tổ hợp thương mại căn hộ Phú Mỹ,1248,3000,20260630,TC-01,SUSPENDED_PENDING_REVIEW,2026-06-30,2026-05-15,SYNTHETIC_RISK_SCENARIO
501755,TST-U01755,TST-U01755,500,502,3PN,3,2,107.47,124.97,6,MID,SE,SW,OBSTRUCTED,False,0.86,1.3,True,0,0.17,7.6,NONE,False,SYNTHETIC,RISK_PROJECT_BASELINE,Tổ hợp thương mại căn hộ Phú Mỹ,1248,3000,20260630,TC-01,SUSPENDED_PENDING_REVIEW,2026-06-30,2026-05-15,SYNTHETIC_RISK_SCENARIO
501756,TST-U01756,TST-U01756,500,502,2PN,2,2,72.23,85.78,6,MID,W,NE,OBSTRUCTED,False,0.842,14.0,True,0,0.88,13.7,NONE,False,SYNTHETIC,RISK_PROJECT_BASELINE,Tổ hợp thương mại căn hộ Phú Mỹ,1248,3000,20260630,TC-01,SUSPENDED_PENDING_REVIEW,2026-06-30,2026-05-15,SYNTHETIC_RISK_SCENARIO
501757,TST-U01757,TST-U01757,500,502,3PN,3,2,103.45,116.5,6,MID,SE,E,PARK,False,0.888,10.6,False,1,0.2,48.5,NONE,False,SYNTHETIC,RISK_PROJECT_BASELINE,Tổ hợp thương mại căn hộ Phú Mỹ,1248,3000,20260630,TC-01,SUSPENDED_PENDING_REVIEW,2026-06-30,2026-05-15,SYNTHETIC_RISK_SCENARIO
501758,TST-U01758,TST-U01758,500,502,3PN,3,2,97.06,121.02,6,MID,NW,N,CITY_OPEN,True,0.802,12.8,False,0,0.6,71.5,WASTE_STATION,False,SYNTHETIC,RISK_PROJECT_BASELINE,Tổ hợp thương mại căn hộ Phú Mỹ,1248,3000,20260630,TC-01,SUSPENDED_PENDING_REVIEW,2026-06-30,2026-05-15,SYNTHETIC_RISK_SCENARIO
501759,TST-U01759,TST-U01759,500,502,2PN,2,2,70.24,84.32,6,MID,NE,SW,OBSTRUCTED,False,0.833,14.2,False,1,0.26,5.3,NONE,False,SYNTHETIC,RISK_PROJECT_BASELINE,Tổ hợp thương mại căn hộ Phú Mỹ,1248,3000,20260630,TC-01,SUSPENDED_PENDING_REVIEW,2026-06-30,2026-05-15,SYNTHETIC_RISK_SCENARIO
501760,TST-U01760,TST-U01760,500,502,3PN,3,2,98.93,121.99,6,MID,N,N,CITY_OPEN,False,0.811,13.3,False,0,0.28,56.3,NONE,False,SYNTHETIC,RISK_PROJECT_BASELINE,Tổ hợp thương mại căn hộ Phú Mỹ,1248,3000,20260630,TC-01,SUSPENDED_PENDING_REVIEW,2026-06-30,2026-05-15,SYNTHETIC_RISK_SCENARIO
501761,TST-U01761,TST-U01761,500,502,2PN,2,2,71.84,87.18,6,MID,W,NE,CITY_OPEN,False,0.824,7.1,False,0,0.76,41.4,WASTE_STATION,False,SYNTHETIC,RISK_PROJECT_BASELINE,Tổ hợp thương mại căn hộ Phú Mỹ,1248,3000,20260630,TC-01,SUSPENDED_PENDING_REVIEW,2026-06-30,2026-05-15,SYNTHETIC_RISK_SCENARIO
501762,TST-U01762,TST-U01762,500,502,1PN,1,1,55.81,69.42,6,MID,SW,E,OBSTRUCTED,False,0.804,8.4,False,0,0.55,17.5,NONE,False,SYNTHETIC,RISK_PROJECT_BASELINE,Tổ hợp thương mại căn hộ Phú Mỹ,1248,3000,20260630,TC-01,SUSPENDED_PENDING_REVIEW,2026-06-30,2026-05-15,SYNTHETIC_RISK_SCENARIO
501763,TST-U01763,TST-U01763,500,502,2PN,2,2,79.13,91.27,6,MID,SW,E,CITY_OPEN,False,0.867,2.8,False,0,0.55,62.1,NONE,False,SYNTHETIC,RISK_PROJECT_BASELINE,Tổ hợp thương mại căn hộ Phú Mỹ,1248,3000,20260630,TC-01,SUSPENDED_PENDING_REVIEW,2026-06-30,2026-05-15,SYNTHETIC_RISK_SCENARIO
501764,TST-U01764,TST-U01764,500,502,1PN,1,1,54.14,65.62,6,MID,E,SE,CITY_OPEN,False,0.825,11.3,False,1,0.09,106.5,NONE,False,SYNTHETIC,RISK_PROJECT_BASELINE,Tổ hợp thương mại căn hộ Phú Mỹ,1248,3000,20260630,TC-01,SUSPENDED_PENDING_REVIEW,2026-06-30,2026-05-15,SYNTHETIC_RISK_SCENARIO
501765,TST-U01765,TST-U01765,500,502,2PN,2,2,78.37,95.22,7,MID,S,NW,OBSTRUCTED,False,0.823,15.1,False,0,0.09,16.6,NONE,True,SYNTHETIC,RISK_PROJECT_BASELINE,Tổ hợp thương mại căn hộ Phú Mỹ,1248,3000,20260630,TC-01,SUSPENDED_PENDING_REVIEW,2026-06-30,2026-05-15,SYNTHETIC_RISK_SCENARIO
501766,TST-U01766,TST-U01766,500,502,2PN,2,2,69.01,78.78,7,MID,W,S,OBSTRUCTED,False,0.876,9.4,False,0,0.56,9.7,NONE,True,SYNTHETIC,RISK_PROJECT_BASELINE,Tổ hợp thương mại căn hộ Phú Mỹ,1248,3000,20260630,TC-01,SUSPENDED_PENDING_REVIEW,2026-06-30,2026-05-15,SYNTHETIC_RISK_SCENARIO
501767,TST-U01767,TST-U01767,500,502,3PN,3,2,98.81,121.99,7,MID,W,W,OBSTRUCTED,False,0.81,11.8,False,0,0.62,11.1,NONE,True,SYNTHETIC,RISK_PROJECT_BASELINE,Tổ hợp thương mại căn hộ Phú Mỹ,1248,3000,20260630,TC-01,SUSPENDED_PENDING_REVIEW,2026-06-30,2026-05-15,SYNTHETIC_RISK_SCENARIO
501768,TST-U01768,TST-U01768,500,502,1PN,1,1,51.64,58.15,7,MID,NE,NE,CITY_OPEN,False,0.888,5.8,False,1,0.14,44.1,WASTE_STATION,True,SYNTHETIC,RISK_PROJECT_BASELINE,Tổ hợp thương mại căn hộ Phú Mỹ,1248,3000,20260630,TC-01,SUSPENDED_PENDING_REVIEW,2026-06-30,2026-05-15,SYNTHETIC_RISK_SCENARIO
501769,TST-U01769,TST-U01769,500,502,1PN,1,1,50.44,60.48,7,MID,W,SW,OBSTRUCTED,False,0.834,8.2,True,0,0.73,13.3,NONE,True,SYNTHETIC,RISK_PROJECT_BASELINE,Tổ hợp thương mại căn hộ Phú Mỹ,1248,3000,20260630,TC-01,SUSPENDED_PENDING_REVIEW,2026-06-30,2026-05-15,SYNTHETIC_RISK_SCENARIO
501770,TST-U01770,TST-U01770,500,502,1PN,1,1,53.26,62.29,7,MID,SE,NE,PARK,True,0.855,2.0,False,0,0.08,64.3,NONE,True,SYNTHETIC,RISK_PROJECT_BASELINE,Tổ hợp thương mại căn hộ Phú Mỹ,1248,3000,20260630,TC-01,SUSPENDED_PENDING_REVIEW,2026-06-30,2026-05-15,SYNTHETIC_RISK_SCENARIO
501771,TST-U01771,TST-U01771,500,502,STUDIO,1,1,46.71,56.41,7,MID,E,S,CITY_OPEN,True,0.828,6.7,False,0,0.3,82.0,NONE,True,SYNTHETIC,RISK_PROJECT_BASELINE,Tổ hợp thương mại căn hộ Phú Mỹ,1248,3000,20260630,TC-01,SUSPENDED_PENDING_REVIEW,2026-06-30,2026-05-15,SYNTHETIC_RISK_SCENARIO
501772,TST-U01772,TST-U01772,500,502,1PN,1,1,58.83,66.63,7,MID,SW,SW,CITY_OPEN,False,0.883,12.7,False,0,0.92,35.6,NONE,True,SYNTHETIC,RISK_PROJECT_BASELINE,Tổ hợp thương mại căn hộ Phú Mỹ,1248,3000,20260630,TC-01,SUSPENDED_PENDING_REVIEW,2026-06-30,2026-05-15,SYNTHETIC_RISK_SCENARIO
501773,TST-U01773,TST-U01773,500,502,2PN,2,2,82.21,101.75,7,MID,W,NW,OBSTRUCTED,False,0.808,7.8,True,1,0.54,13.0,NONE,True,SYNTHETIC,RISK_PROJECT_BASELINE,Tổ hợp thương mại căn hộ Phú Mỹ,1248,3000,20260630,TC-01,SUSPENDED_PENDING_REVIEW,2026-06-30,2026-05-15,SYNTHETIC_RISK_SCENARIO
501774,TST-U01774,TST-U01774,500,502,3PN,3,2,104.04,127.66,7,MID,NW,SE,CITY_OPEN,False,0.815,5.8,True,1,0.9,65.7,NONE,True,SYNTHETIC,RISK_PROJECT_BASELINE,Tổ hợp thương mại căn hộ Phú Mỹ,1248,3000,20260630,TC-01,SUSPENDED_PENDING_REVIEW,2026-06-30,2026-05-15,SYNTHETIC_RISK_SCENARIO
501775,TST-U01775,TST-U01775,500,502,1PN,1,1,52.67,62.55,7,MID,SE,W,OBSTRUCTED,False,0.842,4.1,False,0,0.32,8.7,NONE,True,SYNTHETIC,RISK_PROJECT_BASELINE,Tổ hợp thương mại căn hộ Phú Mỹ,1248,3000,20260630,TC-01,SUSPENDED_PENDING_REVIEW,2026-06-30,2026-05-15,SYNTHETIC_RISK_SCENARIO
501776,TST-U01776,TST-U01776,500,502,3PN,3,2,117.54,139.6,7,MID,S,NE,CITY_OPEN,True,0.842,10.2,False,2,0.1,89.1,NONE,True,SYNTHETIC,RISK_PROJECT_BASELINE,Tổ hợp thương mại căn hộ Phú Mỹ,1248,3000,20260630,TC-01,SUSPENDED_PENDING_REVIEW,2026-06-30,2026-05-15,SYNTHETIC_RISK_SCENARIO
501777,TST-U01777,TST-U01777,500,502,2PN,2,2,65.12,76.52,7,MID,NE,E,POOL,False,0.851,1.4,False,0,0.27,100.7,NONE,True,SYNTHETIC,RISK_PROJECT_BASELINE,Tổ hợp thương mại căn hộ Phú Mỹ,1248,3000,20260630,TC-01,SUSPENDED_PENDING_REVIEW,2026-06-30,2026-05-15,SYNTHETIC_RISK_SCENARIO
501778,TST-U01778,TST-U01778,500,502,3PN,3,2,101.92,116.35,7,MID,NW,SE,CITY_OPEN,False,0.876,5.3,True,0,0.92,96.4,TEMPLE,True,SYNTHETIC,RISK_PROJECT_BASELINE,Tổ hợp thương mại căn hộ Phú Mỹ,1248,3000,20260630,TC-01,SUSPENDED_PENDING_REVIEW,2026-06-30,2026-05-15,SYNTHETIC_RISK_SCENARIO
501779,TST-U01779,TST-U01779,500,502,3PN,3,2,89.99,108.42,7,MID,SW,N,PARK,False,0.83,5.6,False,0,0.57,67.5,TEMPLE,True,SYNTHETIC,RISK_PROJECT_BASELINE,Tổ hợp thương mại căn hộ Phú Mỹ,1248,3000,20260630,TC-01,SUSPENDED_PENDING_REVIEW,2026-06-30,2026-05-15,SYNTHETIC_RISK_SCENARIO
501780,TST-U01780,TST-U01780,500,502,3PN,3,2,92.41,107.7,7,MID,N,S,CITY_OPEN,True,0.858,13.9,False,1,0.08,74.4,NONE,True,SYNTHETIC,RISK_PROJECT_BASELINE,Tổ hợp thương mại căn hộ Phú Mỹ,1248,3000,20260630,TC-01,SUSPENDED_PENDING_REVIEW,2026-06-30,2026-05-15,SYNTHETIC_RISK_SCENARIO
501781,TST-U01781,TST-U01781,500,502,3PN,3,2,94.85,117.24,7,MID,E,SE,OBSTRUCTED,False,0.809,14.0,False,0,0.1,15.2,NONE,True,SYNTHETIC,RISK_PROJECT_BASELINE,Tổ hợp thương mại căn hộ Phú Mỹ,1248,3000,20260630,TC-01,SUSPENDED_PENDING_REVIEW,2026-06-30,2026-05-15,SYNTHETIC_RISK_SCENARIO
501782,TST-U01782,TST-U01782,500,502,2PN,2,2,77.0,89.74,7,MID,S,E,OBSTRUCTED,False,0.858,8.7,False,0,0.31,5.8,NONE,True,SYNTHETIC,RISK_PROJECT_BASELINE,Tổ hợp thương mại căn hộ Phú Mỹ,1248,3000,20260630,TC-01,SUSPENDED_PENDING_REVIEW,2026-06-30,2026-05-15,SYNTHETIC_RISK_SCENARIO
501783,TST-U01783,TST-U01783,500,502,2PN,2,2,74.43,86.75,7,MID,SW,SE,PARK,False,0.858,14.9,False,1,0.82,96.7,NONE,True,SYNTHETIC,RISK_PROJECT_BASELINE,Tổ hợp thương mại căn hộ Phú Mỹ,1248,3000,20260630,TC-01,SUSPENDED_PENDING_REVIEW,2026-06-30,2026-05-15,SYNTHETIC_RISK_SCENARIO
501784,TST-U01784,TST-U01784,500,502,2PN,2,2,77.57,96.96,7,MID,N,SW,CITY_OPEN,False,0.8,10.9,False,2,0.25,30.2,NONE,True,SYNTHETIC,RISK_PROJECT_BASELINE,Tổ hợp thương mại căn hộ Phú Mỹ,1248,3000,20260630,TC-01,SUSPENDED_PENDING_REVIEW,2026-06-30,2026-05-15,SYNTHETIC_RISK_SCENARIO
501785,TST-U01785,TST-U01785,500,502,2PN,2,2,76.93,86.54,7,MID,NW,S,CITY_OPEN,False,0.889,9.4,False,1,0.72,85.6,NONE,True,SYNTHETIC,RISK_PROJECT_BASELINE,Tổ hợp thương mại căn hộ Phú Mỹ,1248,3000,20260630,TC-01,SUSPENDED_PENDING_REVIEW,2026-06-30,2026-05-15,SYNTHETIC_RISK_SCENARIO
501786,TST-U01786,TST-U01786,500,502,3PN,3,2,109.05,135.97,7,MID,SE,NW,POOL,False,0.802,14.2,True,1,0.16,99.7,NONE,True,SYNTHETIC,RISK_PROJECT_BASELINE,Tổ hợp thương mại căn hộ Phú Mỹ,1248,3000,20260630,TC-01,SUSPENDED_PENDING_REVIEW,2026-06-30,2026-05-15,SYNTHETIC_RISK_SCENARIO
501787,TST-U01787,TST-U01787,500,502,2PN,2,2,79.33,94.33,7,MID,SE,S,CITY_OPEN,False,0.841,3.3,False,0,0.28,73.3,NONE,True,SYNTHETIC,RISK_PROJECT_BASELINE,Tổ hợp thương mại căn hộ Phú Mỹ,1248,3000,20260630,TC-01,SUSPENDED_PENDING_REVIEW,2026-06-30,2026-05-15,SYNTHETIC_RISK_SCENARIO
501788,TST-U01788,TST-U01788,500,502,2PN,2,2,79.61,90.78,7,MID,W,SW,OBSTRUCTED,False,0.877,10.0,True,2,0.85,7.3,TEMPLE,True,SYNTHETIC,RISK_PROJECT_BASELINE,Tổ hợp thương mại căn hộ Phú Mỹ,1248,3000,20260630,TC-01,SUSPENDED_PENDING_REVIEW,2026-06-30,2026-05-15,SYNTHETIC_RISK_SCENARIO
501789,TST-U01789,TST-U01789,500,502,2PN,2,2,85.48,101.4,7,MID,SE,SE,OBSTRUCTED,False,0.843,7.6,False,0,0.21,10.6,TEMPLE,True,SYNTHETIC,RISK_PROJECT_BASELINE,Tổ hợp thương mại căn hộ Phú Mỹ,1248,3000,20260630,TC-01,SUSPENDED_PENDING_REVIEW,2026-06-30,2026-05-15,SYNTHETIC_RISK_SCENARIO
501790,TST-U01790,TST-U01790,500,502,1PN,1,1,53.38,63.1,7,MID,SW,N,PARK,False,0.846,6.9,False,0,0.54,65.6,NONE,True,SYNTHETIC,RISK_PROJECT_BASELINE,Tổ hợp thương mại căn hộ Phú Mỹ,1248,3000,20260630,TC-01,SUSPENDED_PENDING_REVIEW,2026-06-30,2026-05-15,SYNTHETIC_RISK_SCENARIO
501791,TST-U01791,TST-U01791,500,502,3PN,3,2,95.72,118.76,7,MID,NE,S,OBSTRUCTED,True,0.806,9.4,True,2,0.3,15.4,NONE,True,SYNTHETIC,RISK_PROJECT_BASELINE,Tổ hợp thương mại căn hộ Phú Mỹ,1248,3000,20260630,TC-01,SUSPENDED_PENDING_REVIEW,2026-06-30,2026-05-15,SYNTHETIC_RISK_SCENARIO
501792,TST-U01792,TST-U01792,500,502,STUDIO,1,1,45.84,54.96,7,MID,S,NW,OBSTRUCTED,False,0.834,3.0,False,1,0.29,8.2,NONE,True,SYNTHETIC,RISK_PROJECT_BASELINE,Tổ hợp thương mại căn hộ Phú Mỹ,1248,3000,20260630,TC-01,SUSPENDED_PENDING_REVIEW,2026-06-30,2026-05-15,SYNTHETIC_RISK_SCENARIO
501793,TST-U01793,TST-U01793,500,502,1PN,1,1,49.82,56.94,7,MID,SW,NE,OBSTRUCTED,True,0.875,10.2,False,0,0.6,7.9,NONE,True,SYNTHETIC,RISK_PROJECT_BASELINE,Tổ hợp thương mại căn hộ Phú Mỹ,1248,3000,20260630,TC-01,SUSPENDED_PENDING_REVIEW,2026-06-30,2026-05-15,SYNTHETIC_RISK_SCENARIO
501794,TST-U01794,TST-U01794,500,502,3PN,3,2,101.96,122.25,7,MID,NW,SW,CITY_OPEN,False,0.834,8.3,False,1,0.77,68.6,NONE,True,SYNTHETIC,RISK_PROJECT_BASELINE,Tổ hợp thương mại căn hộ Phú Mỹ,1248,3000,20260630,TC-01,SUSPENDED_PENDING_REVIEW,2026-06-30,2026-05-15,SYNTHETIC_RISK_SCENARIO
501795,TST-U01795,TST-U01795,500,502,2PN,2,2,73.21,82.44,7,MID,S,W,CITY_OPEN,False,0.888,13.5,False,0,0.18,47.3,NONE,True,SYNTHETIC,RISK_PROJECT_BASELINE,Tổ hợp thương mại căn hộ Phú Mỹ,1248,3000,20260630,TC-01,SUSPENDED_PENDING_REVIEW,2026-06-30,2026-05-15,SYNTHETIC_RISK_SCENARIO
501796,TST-U01796,TST-U01796,500,502,2PN,2,2,69.67,81.01,7,MID,NW,NE,OBSTRUCTED,False,0.86,10.1,False,1,0.57,11.1,NONE,True,SYNTHETIC,RISK_PROJECT_BASELINE,Tổ hợp thương mại căn hộ Phú Mỹ,1248,3000,20260630,TC-01,SUSPENDED_PENDING_REVIEW,2026-06-30,2026-05-15,SYNTHETIC_RISK_SCENARIO
501797,TST-U01797,TST-U01797,500,502,1PN,1,1,56.16,63.39,7,MID,SE,SW,OBSTRUCTED,False,0.886,4.1,False,1,0.32,17.4,NONE,True,SYNTHETIC,RISK_PROJECT_BASELINE,Tổ hợp thương mại căn hộ Phú Mỹ,1248,3000,20260630,TC-01,SUSPENDED_PENDING_REVIEW,2026-06-30,2026-05-15,SYNTHETIC_RISK_SCENARIO
501798,TST-U01798,TST-U01798,500,502,3PN,3,2,97.1,114.91,7,MID,N,W,POOL,False,0.845,14.8,False,1,0.07,57.5,NONE,True,SYNTHETIC,RISK_PROJECT_BASELINE,Tổ hợp thương mại căn hộ Phú Mỹ,1248,3000,20260630,TC-01,SUSPENDED_PENDING_REVIEW,2026-06-30,2026-05-15,SYNTHETIC_RISK_SCENARIO
501799,TST-U01799,TST-U01799,500,502,2PN,2,2,71.79,81.49,7,MID,W,N,PARK,False,0.881,10.8,False,0,0.67,107.9,NONE,True,SYNTHETIC,RISK_PROJECT_BASELINE,Tổ hợp thương mại căn hộ Phú Mỹ,1248,3000,20260630,TC-01,SUSPENDED_PENDING_REVIEW,2026-06-30,2026-05-15,SYNTHETIC_RISK_SCENARIO
501800,TST-U01800,TST-U01800,500,502,2PN,2,2,69.7,86.37,7,MID,W,E,CITY_OPEN,False,0.807,7.8,False,0,0.63,100.7,NONE,True,SYNTHETIC,RISK_PROJECT_BASELINE,Tổ hợp thương mại căn hộ Phú Mỹ,1248,3000,20260630,TC-01,SUSPENDED_PENDING_REVIEW,2026-06-30,2026-05-15,SYNTHETIC_RISK_SCENARIO
501801,TST-U01801,TST-U01801,500,502,3PN,3,2,103.98,123.79,7,MID,W,SW,OBSTRUCTED,False,0.84,13.2,False,0,0.61,16.2,NONE,True,SYNTHETIC,RISK_PROJECT_BASELINE,Tổ hợp thương mại căn hộ Phú Mỹ,1248,3000,20260630,TC-01,SUSPENDED_PENDING_REVIEW,2026-06-30,2026-05-15,SYNTHETIC_RISK_SCENARIO
501802,TST-U01802,TST-U01802,500,502,1PN,1,1,49.73,56.7,7,MID,SW,S,PARK,False,0.877,2.0,False,0,0.57,97.4,NONE,True,SYNTHETIC,RISK_PROJECT_BASELINE,Tổ hợp thương mại căn hộ Phú Mỹ,1248,3000,20260630,TC-01,SUSPENDED_PENDING_REVIEW,2026-06-30,2026-05-15,SYNTHETIC_RISK_SCENARIO
501803,TST-U01803,TST-U01803,500,502,3PN,3,2,108.64,130.73,7,MID,W,NE,PARK,False,0.831,10.3,False,0,0.56,68.6,NONE,True,SYNTHETIC,RISK_PROJECT_BASELINE,Tổ hợp thương mại căn hộ Phú Mỹ,1248,3000,20260630,TC-01,SUSPENDED_PENDING_REVIEW,2026-06-30,2026-05-15,SYNTHETIC_RISK_SCENARIO
501804,TST-U01804,TST-U01804,500,502,2PN,2,2,77.82,89.35,7,MID,W,NE,CITY_OPEN,False,0.871,3.3,False,0,0.57,92.4,NONE,True,SYNTHETIC,RISK_PROJECT_BASELINE,Tổ hợp thương mại căn hộ Phú Mỹ,1248,3000,20260630,TC-01,SUSPENDED_PENDING_REVIEW,2026-06-30,2026-05-15,SYNTHETIC_RISK_SCENARIO
501805,TST-U01805,TST-U01805,500,502,1PN,1,1,55.79,64.27,7,MID,S,SE,POOL,False,0.868,10.5,False,2,0.06,65.6,WASTE_STATION,True,SYNTHETIC,RISK_PROJECT_BASELINE,Tổ hợp thương mại căn hộ Phú Mỹ,1248,3000,20260630,TC-01,SUSPENDED_PENDING_REVIEW,2026-06-30,2026-05-15,SYNTHETIC_RISK_SCENARIO
501806,TST-U01806,TST-U01806,500,502,2PN,2,2,78.05,96.72,7,MID,N,NW,POOL,False,0.807,7.3,False,1,0.16,82.4,NONE,True,SYNTHETIC,RISK_PROJECT_BASELINE,Tổ hợp thương mại căn hộ Phú Mỹ,1248,3000,20260630,TC-01,SUSPENDED_PENDING_REVIEW,2026-06-30,2026-05-15,SYNTHETIC_RISK_SCENARIO
501807,TST-U01807,TST-U01807,500,502,STUDIO,1,1,44.05,50.63,7,MID,S,N,OBSTRUCTED,False,0.87,9.9,False,0,0.06,13.7,NONE,True,SYNTHETIC,RISK_PROJECT_BASELINE,Tổ hợp thương mại căn hộ Phú Mỹ,1248,3000,20260630,TC-01,SUSPENDED_PENDING_REVIEW,2026-06-30,2026-05-15,SYNTHETIC_RISK_SCENARIO
501808,TST-U01808,TST-U01808,500,502,3PN,3,2,108.86,123.14,7,MID,NE,NW,OBSTRUCTED,False,0.884,7.9,False,0,0.06,9.9,NONE,True,SYNTHETIC,RISK_PROJECT_BASELINE,Tổ hợp thương mại căn hộ Phú Mỹ,1248,3000,20260630,TC-01,SUSPENDED_PENDING_REVIEW,2026-06-30,2026-05-15,SYNTHETIC_RISK_SCENARIO
501809,TST-U01809,TST-U01809,500,502,3PN,3,2,108.5,122.74,7,MID,NW,SE,OBSTRUCTED,False,0.884,3.6,False,2,0.54,7.2,NONE,True,SYNTHETIC,RISK_PROJECT_BASELINE,Tổ hợp thương mại căn hộ Phú Mỹ,1248,3000,20260630,TC-01,SUSPENDED_PENDING_REVIEW,2026-06-30,2026-05-15,SYNTHETIC_RISK_SCENARIO
501810,TST-U01810,TST-U01810,500,502,2PN,2,2,75.44,87.93,7,MID,S,SW,OBSTRUCTED,False,0.858,10.2,False,0,0.02,5.0,NONE,True,SYNTHETIC,RISK_PROJECT_BASELINE,Tổ hợp thương mại căn hộ Phú Mỹ,1248,3000,20260630,TC-01,SUSPENDED_PENDING_REVIEW,2026-06-30,2026-05-15,SYNTHETIC_RISK_SCENARIO
501811,TST-U01811,TST-U01811,500,502,2PN,2,2,73.37,89.91,7,MID,W,NW,PARK,False,0.816,3.7,True,2,0.63,38.7,NONE,True,SYNTHETIC,RISK_PROJECT_BASELINE,Tổ hợp thương mại căn hộ Phú Mỹ,1248,3000,20260630,TC-01,SUSPENDED_PENDING_REVIEW,2026-06-30,2026-05-15,SYNTHETIC_RISK_SCENARIO
501812,TST-U01812,TST-U01812,500,502,2PN,2,2,76.84,91.26,7,MID,S,NW,CITY_OPEN,False,0.842,1.6,False,0,0.06,83.6,NONE,True,SYNTHETIC,RISK_PROJECT_BASELINE,Tổ hợp thương mại căn hộ Phú Mỹ,1248,3000,20260630,TC-01,SUSPENDED_PENDING_REVIEW,2026-06-30,2026-05-15,SYNTHETIC_RISK_SCENARIO
501813,TST-U01813,TST-U01813,500,502,3PN,3,2,100.95,116.84,7,MID,W,NE,POOL,False,0.864,4.7,False,1,0.89,74.1,NONE,True,SYNTHETIC,RISK_PROJECT_BASELINE,Tổ hợp thương mại căn hộ Phú Mỹ,1248,3000,20260630,TC-01,SUSPENDED_PENDING_REVIEW,2026-06-30,2026-05-15,SYNTHETIC_RISK_SCENARIO
501814,TST-U01814,TST-U01814,500,502,2PN,2,2,75.23,93.45,7,MID,SE,N,POOL,False,0.805,12.1,False,0,0.17,47.8,NONE,True,SYNTHETIC,RISK_PROJECT_BASELINE,Tổ hợp thương mại căn hộ Phú Mỹ,1248,3000,20260630,TC-01,SUSPENDED_PENDING_REVIEW,2026-06-30,2026-05-15,SYNTHETIC_RISK_SCENARIO
501815,TST-U01815,TST-U01815,500,502,2PN,2,2,77.54,96.56,7,MID,SW,SW,POOL,False,0.803,2.9,False,0,0.7,90.6,NONE,True,SYNTHETIC,RISK_PROJECT_BASELINE,Tổ hợp thương mại căn hộ Phú Mỹ,1248,3000,20260630,TC-01,SUSPENDED_PENDING_REVIEW,2026-06-30,2026-05-15,SYNTHETIC_RISK_SCENARIO
501816,TST-U01816,TST-U01816,500,502,2PN,2,2,79.7,93.43,7,MID,E,E,PARK,False,0.853,7.4,True,0,0.04,34.8,NONE,True,SYNTHETIC,RISK_PROJECT_BASELINE,Tổ hợp thương mại căn hộ Phú Mỹ,1248,3000,20260630,TC-01,SUSPENDED_PENDING_REVIEW,2026-06-30,2026-05-15,SYNTHETIC_RISK_SCENARIO
501817,TST-U01817,TST-U01817,500,502,1PN,1,1,54.82,64.19,7,MID,SE,NE,OBSTRUCTED,False,0.854,5.6,False,0,0.08,7.9,NONE,True,SYNTHETIC,RISK_PROJECT_BASELINE,Tổ hợp thương mại căn hộ Phú Mỹ,1248,3000,20260630,TC-01,SUSPENDED_PENDING_REVIEW,2026-06-30,2026-05-15,SYNTHETIC_RISK_SCENARIO
501818,TST-U01818,TST-U01818,500,502,STUDIO,1,1,42.71,50.07,7,MID,S,NW,CITY_OPEN,False,0.853,4.6,False,0,0.16,108.4,NONE,True,SYNTHETIC,RISK_PROJECT_BASELINE,Tổ hợp thương mại căn hộ Phú Mỹ,1248,3000,20260630,TC-01,SUSPENDED_PENDING_REVIEW,2026-06-30,2026-05-15,SYNTHETIC_RISK_SCENARIO
501819,TST-U01819,TST-U01819,500,502,1PN,1,1,56.61,63.89,7,MID,NW,NW,OBSTRUCTED,False,0.886,4.3,False,0,0.72,15.7,NONE,True,SYNTHETIC,RISK_PROJECT_BASELINE,Tổ hợp thương mại căn hộ Phú Mỹ,1248,3000,20260630,TC-01,SUSPENDED_PENDING_REVIEW,2026-06-30,2026-05-15,SYNTHETIC_RISK_SCENARIO
501820,TST-U01820,TST-U01820,500,502,2PN,2,2,86.46,100.77,7,MID,E,NE,CITY_OPEN,False,0.858,5.4,False,1,0.11,96.5,WASTE_STATION,True,SYNTHETIC,RISK_PROJECT_BASELINE,Tổ hợp thương mại căn hộ Phú Mỹ,1248,3000,20260630,TC-01,SUSPENDED_PENDING_REVIEW,2026-06-30,2026-05-15,SYNTHETIC_RISK_SCENARIO
501821,TST-U01821,TST-U01821,500,502,2PN,2,2,76.1,86.48,7,MID,S,N,OBSTRUCTED,False,0.88,9.4,False,0,0.03,15.8,NONE,True,SYNTHETIC,RISK_PROJECT_BASELINE,Tổ hợp thương mại căn hộ Phú Mỹ,1248,3000,20260630,TC-01,SUSPENDED_PENDING_REVIEW,2026-06-30,2026-05-15,SYNTHETIC_RISK_SCENARIO
501822,TST-U01822,TST-U01822,500,502,2PN,2,2,71.61,83.07,7,MID,W,N,POOL,False,0.862,8.9,False,1,0.54,106.9,NONE,True,SYNTHETIC,RISK_PROJECT_BASELINE,Tổ hợp thương mại căn hộ Phú Mỹ,1248,3000,20260630,TC-01,SUSPENDED_PENDING_REVIEW,2026-06-30,2026-05-15,SYNTHETIC_RISK_SCENARIO
501823,TST-U01823,TST-U01823,500,502,2PN,2,2,78.04,88.08,7,MID,E,SE,CITY_OPEN,False,0.886,9.6,False,0,0.25,100.5,NONE,True,SYNTHETIC,RISK_PROJECT_BASELINE,Tổ hợp thương mại căn hộ Phú Mỹ,1248,3000,20260630,TC-01,SUSPENDED_PENDING_REVIEW,2026-06-30,2026-05-15,SYNTHETIC_RISK_SCENARIO
501824,TST-U01824,TST-U01824,500,502,2PN,2,2,76.78,94.79,7,MID,E,E,OBSTRUCTED,False,0.81,8.0,False,1,0.11,17.1,NONE,True,SYNTHETIC,RISK_PROJECT_BASELINE,Tổ hợp thương mại căn hộ Phú Mỹ,1248,3000,20260630,TC-01,SUSPENDED_PENDING_REVIEW,2026-06-30,2026-05-15,SYNTHETIC_RISK_SCENARIO
501825,TST-U01825,TST-U01825,500,502,2PN,2,2,75.49,87.37,7,MID,E,N,CITY_OPEN,False,0.864,12.6,False,1,0.09,88.1,NONE,True,SYNTHETIC,RISK_PROJECT_BASELINE,Tổ hợp thương mại căn hộ Phú Mỹ,1248,3000,20260630,TC-01,SUSPENDED_PENDING_REVIEW,2026-06-30,2026-05-15,SYNTHETIC_RISK_SCENARIO
501826,TST-U01826,TST-U01826,500,502,2PN,2,2,81.75,96.98,7,MID,SE,NW,OBSTRUCTED,False,0.843,12.9,True,0,0.1,7.5,WASTE_STATION,True,SYNTHETIC,RISK_PROJECT_BASELINE,Tổ hợp thương mại căn hộ Phú Mỹ,1248,3000,20260630,TC-01,SUSPENDED_PENDING_REVIEW,2026-06-30,2026-05-15,SYNTHETIC_RISK_SCENARIO
501827,TST-U01827,TST-U01827,500,502,2PN,2,2,70.85,83.95,7,MID,E,N,CITY_OPEN,True,0.844,3.8,False,0,0.28,103.9,NONE,True,SYNTHETIC,RISK_PROJECT_BASELINE,Tổ hợp thương mại căn hộ Phú Mỹ,1248,3000,20260630,TC-01,SUSPENDED_PENDING_REVIEW,2026-06-30,2026-05-15,SYNTHETIC_RISK_SCENARIO
501828,TST-U01828,TST-U01828,500,502,STUDIO,1,1,43.78,54.45,7,MID,SE,SE,CITY_OPEN,False,0.804,14.6,True,0,0.02,96.1,NONE,True,SYNTHETIC,RISK_PROJECT_BASELINE,Tổ hợp thương mại căn hộ Phú Mỹ,1248,3000,20260630,TC-01,SUSPENDED_PENDING_REVIEW,2026-06-30,2026-05-15,SYNTHETIC_RISK_SCENARIO
501829,TST-U01829,TST-U01829,500,502,STUDIO,1,1,44.68,53.96,7,MID,W,SE,OBSTRUCTED,False,0.828,5.7,False,0,0.64,13.7,NONE,True,SYNTHETIC,RISK_PROJECT_BASELINE,Tổ hợp thương mại căn hộ Phú Mỹ,1248,3000,20260630,TC-01,SUSPENDED_PENDING_REVIEW,2026-06-30,2026-05-15,SYNTHETIC_RISK_SCENARIO
501830,TST-U01830,TST-U01830,500,502,3PN,3,2,98.82,119.2,7,MID,NE,E,OBSTRUCTED,False,0.829,7.1,False,0,0.27,10.9,NONE,True,SYNTHETIC,RISK_PROJECT_BASELINE,Tổ hợp thương mại căn hộ Phú Mỹ,1248,3000,20260630,TC-01,SUSPENDED_PENDING_REVIEW,2026-06-30,2026-05-15,SYNTHETIC_RISK_SCENARIO
501831,TST-U01831,TST-U01831,500,502,2PN,2,2,73.37,90.47,8,MID,NW,SW,CITY_OPEN,True,0.811,8.7,False,1,0.59,105.4,NONE,False,SYNTHETIC,RISK_PROJECT_BASELINE,Tổ hợp thương mại căn hộ Phú Mỹ,1248,3000,20260630,TC-01,SUSPENDED_PENDING_REVIEW,2026-06-30,2026-05-15,SYNTHETIC_RISK_SCENARIO
501832,TST-U01832,TST-U01832,500,502,2PN,2,2,73.17,85.78,8,MID,S,NE,OBSTRUCTED,False,0.853,13.5,False,0,0.09,15.8,CEMETERY,False,SYNTHETIC,RISK_PROJECT_BASELINE,Tổ hợp thương mại căn hộ Phú Mỹ,1248,3000,20260630,TC-01,SUSPENDED_PENDING_REVIEW,2026-06-30,2026-05-15,SYNTHETIC_RISK_SCENARIO
501833,TST-U01833,TST-U01833,500,502,1PN,1,1,55.86,69.39,8,MID,E,S,PARK,True,0.805,13.2,False,1,0.05,81.2,NONE,False,SYNTHETIC,RISK_PROJECT_BASELINE,Tổ hợp thương mại căn hộ Phú Mỹ,1248,3000,20260630,TC-01,SUSPENDED_PENDING_REVIEW,2026-06-30,2026-05-15,SYNTHETIC_RISK_SCENARIO
501834,TST-U01834,TST-U01834,500,502,2PN,2,2,76.98,95.39,8,MID,W,NE,CITY_OPEN,False,0.807,11.0,False,0,0.86,33.3,NONE,False,SYNTHETIC,RISK_PROJECT_BASELINE,Tổ hợp thương mại căn hộ Phú Mỹ,1248,3000,20260630,TC-01,SUSPENDED_PENDING_REVIEW,2026-06-30,2026-05-15,SYNTHETIC_RISK_SCENARIO
501835,TST-U01835,TST-U01835,500,502,2PN,2,2,66.49,77.86,8,MID,N,NW,CITY_OPEN,False,0.854,2.6,False,0,0.27,38.5,NONE,False,SYNTHETIC,RISK_PROJECT_BASELINE,Tổ hợp thương mại căn hộ Phú Mỹ,1248,3000,20260630,TC-01,SUSPENDED_PENDING_REVIEW,2026-06-30,2026-05-15,SYNTHETIC_RISK_SCENARIO
501836,TST-U01836,TST-U01836,500,502,1PN,1,1,51.43,62.87,8,MID,S,NW,CITY_OPEN,False,0.818,12.0,True,1,0.21,35.8,NONE,False,SYNTHETIC,RISK_PROJECT_BASELINE,Tổ hợp thương mại căn hộ Phú Mỹ,1248,3000,20260630,TC-01,SUSPENDED_PENDING_REVIEW,2026-06-30,2026-05-15,SYNTHETIC_RISK_SCENARIO
501837,TST-U01837,TST-U01837,500,502,3PN,3,2,109.23,123.01,8,MID,SE,NE,OBSTRUCTED,False,0.888,8.0,False,1,0.18,14.5,NONE,False,SYNTHETIC,RISK_PROJECT_BASELINE,Tổ hợp thương mại căn hộ Phú Mỹ,1248,3000,20260630,TC-01,SUSPENDED_PENDING_REVIEW,2026-06-30,2026-05-15,SYNTHETIC_RISK_SCENARIO
501838,TST-U01838,TST-U01838,500,502,STUDIO,1,1,42.59,51.31,8,MID,NE,E,OBSTRUCTED,True,0.83,2.0,False,0,0.07,10.8,NONE,False,SYNTHETIC,RISK_PROJECT_BASELINE,Tổ hợp thương mại căn hộ Phú Mỹ,1248,3000,20260630,TC-01,SUSPENDED_PENDING_REVIEW,2026-06-30,2026-05-15,SYNTHETIC_RISK_SCENARIO
501839,TST-U01839,TST-U01839,500,502,2PN,2,2,74.4,89.1,8,MID,W,E,OBSTRUCTED,False,0.835,7.2,False,0,0.59,14.7,NONE,False,SYNTHETIC,RISK_PROJECT_BASELINE,Tổ hợp thương mại căn hộ Phú Mỹ,1248,3000,20260630,TC-01,SUSPENDED_PENDING_REVIEW,2026-06-30,2026-05-15,SYNTHETIC_RISK_SCENARIO
501840,TST-U01840,TST-U01840,500,502,2PN,2,2,79.43,94.67,8,MID,S,NE,OBSTRUCTED,False,0.839,4.5,False,1,0.16,13.8,NONE,False,SYNTHETIC,RISK_PROJECT_BASELINE,Tổ hợp thương mại căn hộ Phú Mỹ,1248,3000,20260630,TC-01,SUSPENDED_PENDING_REVIEW,2026-06-30,2026-05-15,SYNTHETIC_RISK_SCENARIO
501841,TST-U01841,TST-U01841,500,502,2PN,2,2,71.8,83.78,8,MID,W,SE,OBSTRUCTED,True,0.857,6.8,False,0,0.71,13.1,NONE,False,SYNTHETIC,RISK_PROJECT_BASELINE,Tổ hợp thương mại căn hộ Phú Mỹ,1248,3000,20260630,TC-01,SUSPENDED_PENDING_REVIEW,2026-06-30,2026-05-15,SYNTHETIC_RISK_SCENARIO
501842,TST-U01842,TST-U01842,500,502,2PN,2,2,76.46,89.85,8,MID,SE,NW,OBSTRUCTED,False,0.851,10.7,False,0,0.14,17.2,NONE,False,SYNTHETIC,RISK_PROJECT_BASELINE,Tổ hợp thương mại căn hộ Phú Mỹ,1248,3000,20260630,TC-01,SUSPENDED_PENDING_REVIEW,2026-06-30,2026-05-15,SYNTHETIC_RISK_SCENARIO
501843,TST-U01843,TST-U01843,500,502,2PN,2,2,81.36,101.45,8,MID,E,SE,OBSTRUCTED,False,0.802,15.4,False,0,0.04,16.5,WASTE_STATION,False,SYNTHETIC,RISK_PROJECT_BASELINE,Tổ hợp thương mại căn hộ Phú Mỹ,1248,3000,20260630,TC-01,SUSPENDED_PENDING_REVIEW,2026-06-30,2026-05-15,SYNTHETIC_RISK_SCENARIO
501844,TST-U01844,TST-U01844,500,502,3PN,3,2,96.63,114.09,8,MID,W,SE,OBSTRUCTED,False,0.847,3.9,False,2,0.66,15.1,NONE,False,SYNTHETIC,RISK_PROJECT_BASELINE,Tổ hợp thương mại căn hộ Phú Mỹ,1248,3000,20260630,TC-01,SUSPENDED_PENDING_REVIEW,2026-06-30,2026-05-15,SYNTHETIC_RISK_SCENARIO
501845,TST-U01845,TST-U01845,500,502,3PN,3,2,94.06,114.43,8,MID,W,NW,OBSTRUCTED,False,0.822,5.8,False,0,0.71,5.3,NONE,False,SYNTHETIC,RISK_PROJECT_BASELINE,Tổ hợp thương mại căn hộ Phú Mỹ,1248,3000,20260630,TC-01,SUSPENDED_PENDING_REVIEW,2026-06-30,2026-05-15,SYNTHETIC_RISK_SCENARIO
501846,TST-U01846,TST-U01846,500,502,2PN,2,2,77.57,95.29,8,MID,SW,W,PARK,False,0.814,15.4,False,0,0.87,70.4,NONE,False,SYNTHETIC,RISK_PROJECT_BASELINE,Tổ hợp thương mại căn hộ Phú Mỹ,1248,3000,20260630,TC-01,SUSPENDED_PENDING_REVIEW,2026-06-30,2026-05-15,SYNTHETIC_RISK_SCENARIO
501847,TST-U01847,TST-U01847,500,502,2PN,2,2,77.78,96.74,8,MID,SW,NE,CITY_OPEN,True,0.804,1.4,False,0,0.87,50.5,NONE,False,SYNTHETIC,RISK_PROJECT_BASELINE,Tổ hợp thương mại căn hộ Phú Mỹ,1248,3000,20260630,TC-01,SUSPENDED_PENDING_REVIEW,2026-06-30,2026-05-15,SYNTHETIC_RISK_SCENARIO
501848,TST-U01848,TST-U01848,500,502,1PN,1,1,56.29,64.33,8,MID,SW,S,CITY_OPEN,False,0.875,8.8,False,0,0.89,42.2,NONE,False,SYNTHETIC,RISK_PROJECT_BASELINE,Tổ hợp thương mại căn hộ Phú Mỹ,1248,3000,20260630,TC-01,SUSPENDED_PENDING_REVIEW,2026-06-30,2026-05-15,SYNTHETIC_RISK_SCENARIO
501849,TST-U01849,TST-U01849,500,502,2PN,2,2,74.5,85.73,8,MID,E,E,CITY_OPEN,False,0.869,11.9,False,1,0.25,95.2,WASTE_STATION,False,SYNTHETIC,RISK_PROJECT_BASELINE,Tổ hợp thương mại căn hộ Phú Mỹ,1248,3000,20260630,TC-01,SUSPENDED_PENDING_REVIEW,2026-06-30,2026-05-15,SYNTHETIC_RISK_SCENARIO
501850,TST-U01850,TST-U01850,500,502,3PN,3,2,113.13,135.32,8,MID,N,SE,OBSTRUCTED,True,0.836,2.9,False,1,0.22,16.4,NONE,False,SYNTHETIC,RISK_PROJECT_BASELINE,Tổ hợp thương mại căn hộ Phú Mỹ,1248,3000,20260630,TC-01,SUSPENDED_PENDING_REVIEW,2026-06-30,2026-05-15,SYNTHETIC_RISK_SCENARIO
501851,TST-U01851,TST-U01851,500,502,2PN,2,2,75.99,91.66,8,MID,SE,SE,OBSTRUCTED,False,0.829,12.5,False,0,0.12,4.6,NONE,False,SYNTHETIC,RISK_PROJECT_BASELINE,Tổ hợp thương mại căn hộ Phú Mỹ,1248,3000,20260630,TC-01,SUSPENDED_PENDING_REVIEW,2026-06-30,2026-05-15,SYNTHETIC_RISK_SCENARIO
501852,TST-U01852,TST-U01852,500,502,3PN,3,2,105.48,125.72,8,MID,E,E,OBSTRUCTED,False,0.839,15.9,False,1,0.08,16.6,NONE,False,SYNTHETIC,RISK_PROJECT_BASELINE,Tổ hợp thương mại căn hộ Phú Mỹ,1248,3000,20260630,TC-01,SUSPENDED_PENDING_REVIEW,2026-06-30,2026-05-15,SYNTHETIC_RISK_SCENARIO
501853,TST-U01853,TST-U01853,500,502,3PN,3,2,113.78,132.77,8,MID,W,NE,PARK,False,0.857,11.3,False,0,0.82,93.8,NONE,False,SYNTHETIC,RISK_PROJECT_BASELINE,Tổ hợp thương mại căn hộ Phú Mỹ,1248,3000,20260630,TC-01,SUSPENDED_PENDING_REVIEW,2026-06-30,2026-05-15,SYNTHETIC_RISK_SCENARIO
501854,TST-U01854,TST-U01854,500,502,2PN,2,2,75.42,94.27,8,MID,SW,SE,POOL,False,0.8,13.0,True,1,0.63,28.4,NONE,False,SYNTHETIC,RISK_PROJECT_BASELINE,Tổ hợp thương mại căn hộ Phú Mỹ,1248,3000,20260630,TC-01,SUSPENDED_PENDING_REVIEW,2026-06-30,2026-05-15,SYNTHETIC_RISK_SCENARIO
501855,TST-U01855,TST-U01855,500,502,1PN,1,1,49.19,59.55,8,MID,NW,N,CITY_OPEN,False,0.826,6.1,False,1,0.9,48.4,NONE,False,SYNTHETIC,RISK_PROJECT_BASELINE,Tổ hợp thương mại căn hộ Phú Mỹ,1248,3000,20260630,TC-01,SUSPENDED_PENDING_REVIEW,2026-06-30,2026-05-15,SYNTHETIC_RISK_SCENARIO
501856,TST-U01856,TST-U01856,500,502,STUDIO,1,1,44.43,51.13,8,MID,S,NW,OBSTRUCTED,True,0.869,4.4,False,0,0.18,4.7,NONE,False,SYNTHETIC,RISK_PROJECT_BASELINE,Tổ hợp thương mại căn hộ Phú Mỹ,1248,3000,20260630,TC-01,SUSPENDED_PENDING_REVIEW,2026-06-30,2026-05-15,SYNTHETIC_RISK_SCENARIO
501857,TST-U01857,TST-U01857,500,502,1PN,1,1,53.87,63.08,8,MID,E,W,CITY_OPEN,False,0.854,6.2,False,0,0.21,46.0,NONE,False,SYNTHETIC,RISK_PROJECT_BASELINE,Tổ hợp thương mại căn hộ Phú Mỹ,1248,3000,20260630,TC-01,SUSPENDED_PENDING_REVIEW,2026-06-30,2026-05-15,SYNTHETIC_RISK_SCENARIO
501858,TST-U01858,TST-U01858,500,502,2PN,2,2,76.02,92.26,8,MID,NW,E,POOL,False,0.824,3.0,False,0,0.72,65.9,NONE,False,SYNTHETIC,RISK_PROJECT_BASELINE,Tổ hợp thương mại căn hộ Phú Mỹ,1248,3000,20260630,TC-01,SUSPENDED_PENDING_REVIEW,2026-06-30,2026-05-15,SYNTHETIC_RISK_SCENARIO
501859,TST-U01859,TST-U01859,500,502,1PN,1,1,56.97,69.82,8,MID,NW,S,CITY_OPEN,False,0.816,4.8,False,0,0.76,108.5,NONE,False,SYNTHETIC,RISK_PROJECT_BASELINE,Tổ hợp thương mại căn hộ Phú Mỹ,1248,3000,20260630,TC-01,SUSPENDED_PENDING_REVIEW,2026-06-30,2026-05-15,SYNTHETIC_RISK_SCENARIO
501860,TST-U01860,TST-U01860,500,502,1PN,1,1,56.53,66.74,8,MID,W,W,OBSTRUCTED,False,0.847,7.0,False,0,0.6,7.1,TEMPLE,False,SYNTHETIC,RISK_PROJECT_BASELINE,Tổ hợp thương mại căn hộ Phú Mỹ,1248,3000,20260630,TC-01,SUSPENDED_PENDING_REVIEW,2026-06-30,2026-05-15,SYNTHETIC_RISK_SCENARIO
501861,TST-U01861,TST-U01861,500,502,1PN,1,1,53.64,66.39,8,MID,E,S,CITY_OPEN,True,0.808,14.9,False,1,0.02,67.0,NONE,False,SYNTHETIC,RISK_PROJECT_BASELINE,Tổ hợp thương mại căn hộ Phú Mỹ,1248,3000,20260630,TC-01,SUSPENDED_PENDING_REVIEW,2026-06-30,2026-05-15,SYNTHETIC_RISK_SCENARIO
501862,TST-U01862,TST-U01862,500,502,2PN,2,2,68.25,84.05,8,MID,NE,NW,PARK,False,0.812,6.0,True,0,0.3,90.4,NONE,False,SYNTHETIC,RISK_PROJECT_BASELINE,Tổ hợp thương mại căn hộ Phú Mỹ,1248,3000,20260630,TC-01,SUSPENDED_PENDING_REVIEW,2026-06-30,2026-05-15,SYNTHETIC_RISK_SCENARIO
501863,TST-U01863,TST-U01863,500,502,1PN,1,1,56.91,66.64,8,MID,SE,W,OBSTRUCTED,False,0.854,14.1,False,0,0.12,5.5,NONE,False,SYNTHETIC,RISK_PROJECT_BASELINE,Tổ hợp thương mại căn hộ Phú Mỹ,1248,3000,20260630,TC-01,SUSPENDED_PENDING_REVIEW,2026-06-30,2026-05-15,SYNTHETIC_RISK_SCENARIO
501864,TST-U01864,TST-U01864,500,502,3PN,3,2,113.14,135.33,8,MID,NE,SE,PARK,False,0.836,9.0,False,0,0.27,51.1,NONE,False,SYNTHETIC,RISK_PROJECT_BASELINE,Tổ hợp thương mại căn hộ Phú Mỹ,1248,3000,20260630,TC-01,SUSPENDED_PENDING_REVIEW,2026-06-30,2026-05-15,SYNTHETIC_RISK_SCENARIO
501865,TST-U01865,TST-U01865,500,502,2PN,2,2,75.26,86.51,8,MID,SE,W,CITY_OPEN,False,0.87,4.7,False,1,0.31,89.7,NONE,False,SYNTHETIC,RISK_PROJECT_BASELINE,Tổ hợp thương mại căn hộ Phú Mỹ,1248,3000,20260630,TC-01,SUSPENDED_PENDING_REVIEW,2026-06-30,2026-05-15,SYNTHETIC_RISK_SCENARIO
501866,TST-U01866,TST-U01866,500,502,3PN,3,2,103.86,127.28,8,MID,SE,E,OBSTRUCTED,False,0.816,2.1,False,1,0.05,11.1,NONE,False,SYNTHETIC,RISK_PROJECT_BASELINE,Tổ hợp thương mại căn hộ Phú Mỹ,1248,3000,20260630,TC-01,SUSPENDED_PENDING_REVIEW,2026-06-30,2026-05-15,SYNTHETIC_RISK_SCENARIO
501867,TST-U01867,TST-U01867,500,502,2PN,2,2,67.67,84.48,8,MID,SE,SW,PARK,False,0.801,6.7,True,1,0.03,72.0,NONE,False,SYNTHETIC,RISK_PROJECT_BASELINE,Tổ hợp thương mại căn hộ Phú Mỹ,1248,3000,20260630,TC-01,SUSPENDED_PENDING_REVIEW,2026-06-30,2026-05-15,SYNTHETIC_RISK_SCENARIO
501868,TST-U01868,TST-U01868,500,502,1PN,1,1,59.5,68.63,8,MID,N,N,OBSTRUCTED,False,0.867,6.0,True,1,0.17,14.8,NONE,False,SYNTHETIC,RISK_PROJECT_BASELINE,Tổ hợp thương mại căn hộ Phú Mỹ,1248,3000,20260630,TC-01,SUSPENDED_PENDING_REVIEW,2026-06-30,2026-05-15,SYNTHETIC_RISK_SCENARIO
501869,TST-U01869,TST-U01869,500,502,2PN,2,2,74.83,88.24,8,MID,SE,E,OBSTRUCTED,False,0.848,7.3,False,0,0.28,7.7,NONE,False,SYNTHETIC,RISK_PROJECT_BASELINE,Tổ hợp thương mại căn hộ Phú Mỹ,1248,3000,20260630,TC-01,SUSPENDED_PENDING_REVIEW,2026-06-30,2026-05-15,SYNTHETIC_RISK_SCENARIO
501870,TST-U01870,TST-U01870,500,502,2PN,2,2,73.89,89.56,8,MID,E,NW,CITY_OPEN,False,0.825,6.8,False,2,0.17,106.0,NONE,False,SYNTHETIC,RISK_PROJECT_BASELINE,Tổ hợp thương mại căn hộ Phú Mỹ,1248,3000,20260630,TC-01,SUSPENDED_PENDING_REVIEW,2026-06-30,2026-05-15,SYNTHETIC_RISK_SCENARIO
501871,TST-U01871,TST-U01871,500,502,3PN,3,2,108.39,130.75,8,MID,N,E,CITY_OPEN,True,0.829,1.4,False,1,0.05,56.1,NONE,False,SYNTHETIC,RISK_PROJECT_BASELINE,Tổ hợp thương mại căn hộ Phú Mỹ,1248,3000,20260630,TC-01,SUSPENDED_PENDING_REVIEW,2026-06-30,2026-05-15,SYNTHETIC_RISK_SCENARIO
501872,TST-U01872,TST-U01872,500,502,2PN,2,2,73.09,85.09,8,MID,NW,NE,OBSTRUCTED,True,0.859,15.0,False,0,0.66,6.0,NONE,False,SYNTHETIC,RISK_PROJECT_BASELINE,Tổ hợp thương mại căn hộ Phú Mỹ,1248,3000,20260630,TC-01,SUSPENDED_PENDING_REVIEW,2026-06-30,2026-05-15,SYNTHETIC_RISK_SCENARIO
501873,TST-U01873,TST-U01873,500,502,2PN,2,2,74.69,87.36,8,MID,E,NW,PARK,False,0.855,8.8,False,0,0.3,42.5,NONE,False,SYNTHETIC,RISK_PROJECT_BASELINE,Tổ hợp thương mại căn hộ Phú Mỹ,1248,3000,20260630,TC-01,SUSPENDED_PENDING_REVIEW,2026-06-30,2026-05-15,SYNTHETIC_RISK_SCENARIO
501874,TST-U01874,TST-U01874,500,502,2PN,2,2,77.05,93.51,8,MID,S,S,POOL,False,0.824,1.8,True,1,0.09,101.3,NONE,False,SYNTHETIC,RISK_PROJECT_BASELINE,Tổ hợp thương mại căn hộ Phú Mỹ,1248,3000,20260630,TC-01,SUSPENDED_PENDING_REVIEW,2026-06-30,2026-05-15,SYNTHETIC_RISK_SCENARIO
501875,TST-U01875,TST-U01875,500,502,2PN,2,2,72.49,82.38,8,MID,SE,E,CITY_OPEN,False,0.88,6.6,False,0,0.07,55.8,NONE,False,SYNTHETIC,RISK_PROJECT_BASELINE,Tổ hợp thương mại căn hộ Phú Mỹ,1248,3000,20260630,TC-01,SUSPENDED_PENDING_REVIEW,2026-06-30,2026-05-15,SYNTHETIC_RISK_SCENARIO
501876,TST-U01876,TST-U01876,500,502,2PN,2,2,71.6,81.74,8,MID,SE,SE,OBSTRUCTED,False,0.876,1.4,True,1,0.04,7.1,NONE,False,SYNTHETIC,RISK_PROJECT_BASELINE,Tổ hợp thương mại căn hộ Phú Mỹ,1248,3000,20260630,TC-01,SUSPENDED_PENDING_REVIEW,2026-06-30,2026-05-15,SYNTHETIC_RISK_SCENARIO
501877,TST-U01877,TST-U01877,500,502,2PN,2,2,75.29,89.1,8,MID,N,W,OBSTRUCTED,False,0.845,15.6,True,0,0.04,17.5,NONE,False,SYNTHETIC,RISK_PROJECT_BASELINE,Tổ hợp thương mại căn hộ Phú Mỹ,1248,3000,20260630,TC-01,SUSPENDED_PENDING_REVIEW,2026-06-30,2026-05-15,SYNTHETIC_RISK_SCENARIO
501878,TST-U01878,TST-U01878,500,502,STUDIO,1,1,43.25,51.73,8,MID,NW,S,CITY_OPEN,False,0.836,9.4,False,0,0.87,86.3,NONE,False,SYNTHETIC,RISK_PROJECT_BASELINE,Tổ hợp thương mại căn hộ Phú Mỹ,1248,3000,20260630,TC-01,SUSPENDED_PENDING_REVIEW,2026-06-30,2026-05-15,SYNTHETIC_RISK_SCENARIO
501879,TST-U01879,TST-U01879,500,502,3PN,3,2,107.73,121.87,8,MID,S,W,CITY_OPEN,False,0.884,3.8,False,0,0.13,74.0,CEMETERY,False,SYNTHETIC,RISK_PROJECT_BASELINE,Tổ hợp thương mại căn hộ Phú Mỹ,1248,3000,20260630,TC-01,SUSPENDED_PENDING_REVIEW,2026-06-30,2026-05-15,SYNTHETIC_RISK_SCENARIO
501880,TST-U01880,TST-U01880,500,502,2PN,2,2,75.8,86.23,8,MID,SE,N,CITY_OPEN,False,0.879,8.4,True,1,0.3,96.4,NONE,False,SYNTHETIC,RISK_PROJECT_BASELINE,Tổ hợp thương mại căn hộ Phú Mỹ,1248,3000,20260630,TC-01,SUSPENDED_PENDING_REVIEW,2026-06-30,2026-05-15,SYNTHETIC_RISK_SCENARIO
501881,TST-U01881,TST-U01881,500,502,2PN,2,2,85.74,99.81,8,MID,E,W,OBSTRUCTED,False,0.859,11.3,False,1,0.26,9.6,NONE,False,SYNTHETIC,RISK_PROJECT_BASELINE,Tổ hợp thương mại căn hộ Phú Mỹ,1248,3000,20260630,TC-01,SUSPENDED_PENDING_REVIEW,2026-06-30,2026-05-15,SYNTHETIC_RISK_SCENARIO
501882,TST-U01882,TST-U01882,500,502,2PN,2,2,77.43,87.2,8,MID,SW,S,PARK,False,0.888,2.5,False,0,0.89,81.2,NONE,False,SYNTHETIC,RISK_PROJECT_BASELINE,Tổ hợp thương mại căn hộ Phú Mỹ,1248,3000,20260630,TC-01,SUSPENDED_PENDING_REVIEW,2026-06-30,2026-05-15,SYNTHETIC_RISK_SCENARIO
501883,TST-U01883,TST-U01883,500,502,2PN,2,2,74.41,84.85,8,MID,E,E,CITY_OPEN,False,0.877,4.1,False,1,0.12,79.9,NONE,False,SYNTHETIC,RISK_PROJECT_BASELINE,Tổ hợp thương mại căn hộ Phú Mỹ,1248,3000,20260630,TC-01,SUSPENDED_PENDING_REVIEW,2026-06-30,2026-05-15,SYNTHETIC_RISK_SCENARIO
501884,TST-U01884,TST-U01884,500,502,2PN,2,2,81.14,98.0,8,MID,S,S,OBSTRUCTED,False,0.828,11.7,False,0,0.31,17.0,NONE,False,SYNTHETIC,RISK_PROJECT_BASELINE,Tổ hợp thương mại căn hộ Phú Mỹ,1248,3000,20260630,TC-01,SUSPENDED_PENDING_REVIEW,2026-06-30,2026-05-15,SYNTHETIC_RISK_SCENARIO
501885,TST-U01885,TST-U01885,500,502,1PN,1,1,49.63,55.95,8,MID,SE,E,PARK,False,0.887,3.1,True,0,0.28,47.9,NONE,False,SYNTHETIC,RISK_PROJECT_BASELINE,Tổ hợp thương mại căn hộ Phú Mỹ,1248,3000,20260630,TC-01,SUSPENDED_PENDING_REVIEW,2026-06-30,2026-05-15,SYNTHETIC_RISK_SCENARIO
501886,TST-U01886,TST-U01886,500,502,2PN,2,2,81.61,93.7,8,MID,NE,NE,OBSTRUCTED,False,0.871,4.8,True,0,0.21,16.6,NONE,False,SYNTHETIC,RISK_PROJECT_BASELINE,Tổ hợp thương mại căn hộ Phú Mỹ,1248,3000,20260630,TC-01,SUSPENDED_PENDING_REVIEW,2026-06-30,2026-05-15,SYNTHETIC_RISK_SCENARIO
501887,TST-U01887,TST-U01887,500,502,3PN,3,2,108.28,124.32,8,MID,E,NE,PARK,False,0.871,7.9,False,0,0.19,52.3,NONE,False,SYNTHETIC,RISK_PROJECT_BASELINE,Tổ hợp thương mại căn hộ Phú Mỹ,1248,3000,20260630,TC-01,SUSPENDED_PENDING_REVIEW,2026-06-30,2026-05-15,SYNTHETIC_RISK_SCENARIO
501888,TST-U01888,TST-U01888,500,502,2PN,2,2,81.57,98.99,8,MID,SW,SW,OBSTRUCTED,False,0.824,11.4,False,0,0.72,8.0,NONE,False,SYNTHETIC,RISK_PROJECT_BASELINE,Tổ hợp thương mại căn hộ Phú Mỹ,1248,3000,20260630,TC-01,SUSPENDED_PENDING_REVIEW,2026-06-30,2026-05-15,SYNTHETIC_RISK_SCENARIO
501889,TST-U01889,TST-U01889,500,502,2PN,2,2,69.56,81.26,8,MID,E,SW,OBSTRUCTED,False,0.856,8.9,False,0,0.18,5.1,NONE,False,SYNTHETIC,RISK_PROJECT_BASELINE,Tổ hợp thương mại căn hộ Phú Mỹ,1248,3000,20260630,TC-01,SUSPENDED_PENDING_REVIEW,2026-06-30,2026-05-15,SYNTHETIC_RISK_SCENARIO
501890,TST-U01890,TST-U01890,500,502,2PN,2,2,72.1,84.03,8,MID,NE,SE,OBSTRUCTED,False,0.858,16.0,False,0,0.03,11.6,NONE,False,SYNTHETIC,RISK_PROJECT_BASELINE,Tổ hợp thương mại căn hộ Phú Mỹ,1248,3000,20260630,TC-01,SUSPENDED_PENDING_REVIEW,2026-06-30,2026-05-15,SYNTHETIC_RISK_SCENARIO
501891,TST-U01891,TST-U01891,500,502,2PN,2,2,76.04,90.09,8,MID,SE,SE,CITY_OPEN,False,0.844,5.7,True,0,0.32,79.1,NONE,False,SYNTHETIC,RISK_PROJECT_BASELINE,Tổ hợp thương mại căn hộ Phú Mỹ,1248,3000,20260630,TC-01,SUSPENDED_PENDING_REVIEW,2026-06-30,2026-05-15,SYNTHETIC_RISK_SCENARIO
501892,TST-U01892,TST-U01892,500,502,1PN,1,1,51.55,59.94,8,MID,SW,N,OBSTRUCTED,False,0.86,1.4,False,0,0.84,14.7,NONE,False,SYNTHETIC,RISK_PROJECT_BASELINE,Tổ hợp thương mại căn hộ Phú Mỹ,1248,3000,20260630,TC-01,SUSPENDED_PENDING_REVIEW,2026-06-30,2026-05-15,SYNTHETIC_RISK_SCENARIO
501893,TST-U01893,TST-U01893,500,502,3PN,3,2,91.47,113.63,8,MID,SE,SE,CITY_OPEN,False,0.805,4.6,False,1,0.09,92.9,NONE,False,SYNTHETIC,RISK_PROJECT_BASELINE,Tổ hợp thương mại căn hộ Phú Mỹ,1248,3000,20260630,TC-01,SUSPENDED_PENDING_REVIEW,2026-06-30,2026-05-15,SYNTHETIC_RISK_SCENARIO
501894,TST-U01894,TST-U01894,500,502,3PN,3,2,95.52,115.08,8,MID,E,E,CITY_OPEN,False,0.83,5.8,False,0,0.24,60.9,NONE,False,SYNTHETIC,RISK_PROJECT_BASELINE,Tổ hợp thương mại căn hộ Phú Mỹ,1248,3000,20260630,TC-01,SUSPENDED_PENDING_REVIEW,2026-06-30,2026-05-15,SYNTHETIC_RISK_SCENARIO
501895,TST-U01895,TST-U01895,500,502,2PN,2,2,85.3,104.28,8,MID,NW,SW,CITY_OPEN,False,0.818,14.4,False,0,0.58,48.5,NONE,False,SYNTHETIC,RISK_PROJECT_BASELINE,Tổ hợp thương mại căn hộ Phú Mỹ,1248,3000,20260630,TC-01,SUSPENDED_PENDING_REVIEW,2026-06-30,2026-05-15,SYNTHETIC_RISK_SCENARIO
501896,TST-U01896,TST-U01896,500,502,2PN,2,2,73.82,86.85,8,MID,E,S,CITY_OPEN,False,0.85,5.0,False,1,0.03,45.9,WASTE_STATION,False,SYNTHETIC,RISK_PROJECT_BASELINE,Tổ hợp thương mại căn hộ Phú Mỹ,1248,3000,20260630,TC-01,SUSPENDED_PENDING_REVIEW,2026-06-30,2026-05-15,SYNTHETIC_RISK_SCENARIO
501897,TST-U01897,TST-U01897,500,502,3PN,3,2,97.64,122.05,9,MID,SE,SE,POOL,False,0.8,14.7,False,0,0.22,102.0,NONE,False,SYNTHETIC,RISK_PROJECT_BASELINE,Tổ hợp thương mại căn hộ Phú Mỹ,1248,3000,20260630,TC-01,SUSPENDED_PENDING_REVIEW,2026-06-30,2026-05-15,SYNTHETIC_RISK_SCENARIO
501898,TST-U01898,TST-U01898,500,502,STUDIO,1,1,42.51,51.34,9,MID,SE,N,OBSTRUCTED,False,0.828,10.4,False,0,0.08,8.6,NONE,False,SYNTHETIC,RISK_PROJECT_BASELINE,Tổ hợp thương mại căn hộ Phú Mỹ,1248,3000,20260630,TC-01,SUSPENDED_PENDING_REVIEW,2026-06-30,2026-05-15,SYNTHETIC_RISK_SCENARIO
501899,TST-U01899,TST-U01899,500,502,2PN,2,2,79.73,89.99,9,MID,E,NW,OBSTRUCTED,False,0.886,12.6,False,2,0.29,5.2,NONE,False,SYNTHETIC,RISK_PROJECT_BASELINE,Tổ hợp thương mại căn hộ Phú Mỹ,1248,3000,20260630,TC-01,SUSPENDED_PENDING_REVIEW,2026-06-30,2026-05-15,SYNTHETIC_RISK_SCENARIO
501900,TST-U01900,TST-U01900,500,502,1PN,1,1,56.71,66.64,9,MID,SE,NE,OBSTRUCTED,False,0.851,8.2,False,0,0.2,9.8,NONE,False,SYNTHETIC,RISK_PROJECT_BASELINE,Tổ hợp thương mại căn hộ Phú Mỹ,1248,3000,20260630,TC-01,SUSPENDED_PENDING_REVIEW,2026-06-30,2026-05-15,SYNTHETIC_RISK_SCENARIO
501901,TST-U01901,TST-U01901,500,502,3PN,3,2,99.95,112.81,9,MID,W,W,OBSTRUCTED,False,0.886,8.0,False,0,0.5,7.4,NONE,False,SYNTHETIC,RISK_PROJECT_BASELINE,Tổ hợp thương mại căn hộ Phú Mỹ,1248,3000,20260630,TC-01,SUSPENDED_PENDING_REVIEW,2026-06-30,2026-05-15,SYNTHETIC_RISK_SCENARIO
501902,TST-U01902,TST-U01902,500,502,2PN,2,2,80.06,92.02,9,MID,NW,N,PARK,False,0.87,15.2,False,0,0.62,30.8,NONE,False,SYNTHETIC,RISK_PROJECT_BASELINE,Tổ hợp thương mại căn hộ Phú Mỹ,1248,3000,20260630,TC-01,SUSPENDED_PENDING_REVIEW,2026-06-30,2026-05-15,SYNTHETIC_RISK_SCENARIO
501903,TST-U01903,TST-U01903,500,502,2PN,2,2,72.8,81.89,9,MID,E,N,PARK,True,0.889,1.6,True,0,0.05,66.3,NONE,False,SYNTHETIC,RISK_PROJECT_BASELINE,Tổ hợp thương mại căn hộ Phú Mỹ,1248,3000,20260630,TC-01,SUSPENDED_PENDING_REVIEW,2026-06-30,2026-05-15,SYNTHETIC_RISK_SCENARIO
501904,TST-U01904,TST-U01904,500,502,3PN,3,2,102.03,114.9,9,MID,W,E,OBSTRUCTED,False,0.888,5.5,False,0,0.83,6.7,NONE,False,SYNTHETIC,RISK_PROJECT_BASELINE,Tổ hợp thương mại căn hộ Phú Mỹ,1248,3000,20260630,TC-01,SUSPENDED_PENDING_REVIEW,2026-06-30,2026-05-15,SYNTHETIC_RISK_SCENARIO
501905,TST-U01905,TST-U01905,500,502,2PN,2,2,81.44,93.61,9,MID,E,S,OBSTRUCTED,False,0.87,3.3,False,0,0.05,13.9,NONE,False,SYNTHETIC,RISK_PROJECT_BASELINE,Tổ hợp thương mại căn hộ Phú Mỹ,1248,3000,20260630,TC-01,SUSPENDED_PENDING_REVIEW,2026-06-30,2026-05-15,SYNTHETIC_RISK_SCENARIO
501906,TST-U01906,TST-U01906,500,502,2PN,2,2,73.49,88.76,9,MID,S,W,CITY_OPEN,False,0.828,2.6,False,0,0.21,90.1,NONE,False,SYNTHETIC,RISK_PROJECT_BASELINE,Tổ hợp thương mại căn hộ Phú Mỹ,1248,3000,20260630,TC-01,SUSPENDED_PENDING_REVIEW,2026-06-30,2026-05-15,SYNTHETIC_RISK_SCENARIO
501907,TST-U01907,TST-U01907,500,502,2PN,2,2,72.4,82.55,9,MID,SE,E,PARK,True,0.877,13.9,True,1,0.18,93.2,NONE,False,SYNTHETIC,RISK_PROJECT_BASELINE,Tổ hợp thương mại căn hộ Phú Mỹ,1248,3000,20260630,TC-01,SUSPENDED_PENDING_REVIEW,2026-06-30,2026-05-15,SYNTHETIC_RISK_SCENARIO
501908,TST-U01908,TST-U01908,500,502,2PN,2,2,75.76,92.96,9,MID,S,NW,CITY_OPEN,False,0.815,8.6,False,2,0.17,103.3,NONE,False,SYNTHETIC,RISK_PROJECT_BASELINE,Tổ hợp thương mại căn hộ Phú Mỹ,1248,3000,20260630,TC-01,SUSPENDED_PENDING_REVIEW,2026-06-30,2026-05-15,SYNTHETIC_RISK_SCENARIO
501909,TST-U01909,TST-U01909,500,502,2PN,2,2,69.13,80.29,9,MID,S,NW,OBSTRUCTED,False,0.861,11.8,False,1,0.02,7.9,NONE,False,SYNTHETIC,RISK_PROJECT_BASELINE,Tổ hợp thương mại căn hộ Phú Mỹ,1248,3000,20260630,TC-01,SUSPENDED_PENDING_REVIEW,2026-06-30,2026-05-15,SYNTHETIC_RISK_SCENARIO
501910,TST-U01910,TST-U01910,500,502,3PN,3,2,108.72,134.06,9,MID,W,E,POOL,False,0.811,7.2,False,0,0.7,44.9,NONE,False,SYNTHETIC,RISK_PROJECT_BASELINE,Tổ hợp thương mại căn hộ Phú Mỹ,1248,3000,20260630,TC-01,SUSPENDED_PENDING_REVIEW,2026-06-30,2026-05-15,SYNTHETIC_RISK_SCENARIO
501911,TST-U01911,TST-U01911,500,502,3PN,3,2,114.22,135.81,9,MID,W,W,PARK,False,0.841,6.1,False,1,0.63,70.3,NONE,False,SYNTHETIC,RISK_PROJECT_BASELINE,Tổ hợp thương mại căn hộ Phú Mỹ,1248,3000,20260630,TC-01,SUSPENDED_PENDING_REVIEW,2026-06-30,2026-05-15,SYNTHETIC_RISK_SCENARIO
501912,TST-U01912,TST-U01912,500,502,2PN,2,2,67.33,76.08,9,MID,SW,NE,OBSTRUCTED,False,0.885,10.2,False,2,0.83,11.1,NONE,False,SYNTHETIC,RISK_PROJECT_BASELINE,Tổ hợp thương mại căn hộ Phú Mỹ,1248,3000,20260630,TC-01,SUSPENDED_PENDING_REVIEW,2026-06-30,2026-05-15,SYNTHETIC_RISK_SCENARIO
501913,TST-U01913,TST-U01913,500,502,2PN,2,2,80.18,93.02,9,MID,SE,SW,OBSTRUCTED,False,0.862,4.5,True,0,0.3,5.2,NONE,False,SYNTHETIC,RISK_PROJECT_BASELINE,Tổ hợp thương mại căn hộ Phú Mỹ,1248,3000,20260630,TC-01,SUSPENDED_PENDING_REVIEW,2026-06-30,2026-05-15,SYNTHETIC_RISK_SCENARIO
501914,TST-U01914,TST-U01914,500,502,2PN,2,2,80.05,98.71,9,MID,S,SW,OBSTRUCTED,False,0.811,5.4,False,0,0.15,6.6,NONE,False,SYNTHETIC,RISK_PROJECT_BASELINE,Tổ hợp thương mại căn hộ Phú Mỹ,1248,3000,20260630,TC-01,SUSPENDED_PENDING_REVIEW,2026-06-30,2026-05-15,SYNTHETIC_RISK_SCENARIO
501915,TST-U01915,TST-U01915,500,502,2PN,2,2,74.58,89.96,9,MID,E,NE,OBSTRUCTED,True,0.829,5.3,False,0,0.06,17.8,TEMPLE,False,SYNTHETIC,RISK_PROJECT_BASELINE,Tổ hợp thương mại căn hộ Phú Mỹ,1248,3000,20260630,TC-01,SUSPENDED_PENDING_REVIEW,2026-06-30,2026-05-15,SYNTHETIC_RISK_SCENARIO
501916,TST-U01916,TST-U01916,500,502,1PN,1,1,56.28,65.82,9,MID,NE,W,OBSTRUCTED,False,0.855,2.7,True,0,0.22,5.2,NONE,False,SYNTHETIC,RISK_PROJECT_BASELINE,Tổ hợp thương mại căn hộ Phú Mỹ,1248,3000,20260630,TC-01,SUSPENDED_PENDING_REVIEW,2026-06-30,2026-05-15,SYNTHETIC_RISK_SCENARIO
501917,TST-U01917,TST-U01917,500,502,3PN,3,2,93.5,105.53,9,MID,S,NE,CITY_OPEN,False,0.886,9.1,False,1,0.21,50.6,NONE,False,SYNTHETIC,RISK_PROJECT_BASELINE,Tổ hợp thương mại căn hộ Phú Mỹ,1248,3000,20260630,TC-01,SUSPENDED_PENDING_REVIEW,2026-06-30,2026-05-15,SYNTHETIC_RISK_SCENARIO
501918,TST-U01918,TST-U01918,500,502,3PN,3,2,113.66,138.61,9,MID,SE,N,CITY_OPEN,False,0.82,15.2,False,0,0.13,99.8,NONE,False,SYNTHETIC,RISK_PROJECT_BASELINE,Tổ hợp thương mại căn hộ Phú Mỹ,1248,3000,20260630,TC-01,SUSPENDED_PENDING_REVIEW,2026-06-30,2026-05-15,SYNTHETIC_RISK_SCENARIO
501919,TST-U01919,TST-U01919,500,502,2PN,2,2,80.15,96.33,9,MID,SE,SW,CITY_OPEN,False,0.832,15.7,False,0,0.24,77.4,NONE,False,SYNTHETIC,RISK_PROJECT_BASELINE,Tổ hợp thương mại căn hộ Phú Mỹ,1248,3000,20260630,TC-01,SUSPENDED_PENDING_REVIEW,2026-06-30,2026-05-15,SYNTHETIC_RISK_SCENARIO
501920,TST-U01920,TST-U01920,500,502,2PN,2,2,62.98,72.73,9,MID,S,S,PARK,False,0.866,6.4,True,0,0.07,52.6,NONE,False,SYNTHETIC,RISK_PROJECT_BASELINE,Tổ hợp thương mại căn hộ Phú Mỹ,1248,3000,20260630,TC-01,SUSPENDED_PENDING_REVIEW,2026-06-30,2026-05-15,SYNTHETIC_RISK_SCENARIO
501921,TST-U01921,TST-U01921,500,502,3PN,3,2,100.95,121.19,9,MID,S,N,OBSTRUCTED,False,0.833,15.0,False,0,0.12,9.5,NONE,False,SYNTHETIC,RISK_PROJECT_BASELINE,Tổ hợp thương mại căn hộ Phú Mỹ,1248,3000,20260630,TC-01,SUSPENDED_PENDING_REVIEW,2026-06-30,2026-05-15,SYNTHETIC_RISK_SCENARIO
501922,TST-U01922,TST-U01922,500,502,2PN,2,2,68.01,81.45,9,MID,E,SW,PARK,False,0.835,7.6,True,2,0.29,51.9,NONE,False,SYNTHETIC,RISK_PROJECT_BASELINE,Tổ hợp thương mại căn hộ Phú Mỹ,1248,3000,20260630,TC-01,SUSPENDED_PENDING_REVIEW,2026-06-30,2026-05-15,SYNTHETIC_RISK_SCENARIO
501923,TST-U01923,TST-U01923,500,502,3PN,3,2,110.58,128.43,9,MID,W,NE,CITY_OPEN,False,0.861,13.9,False,1,0.56,75.5,NONE,False,SYNTHETIC,RISK_PROJECT_BASELINE,Tổ hợp thương mại căn hộ Phú Mỹ,1248,3000,20260630,TC-01,SUSPENDED_PENDING_REVIEW,2026-06-30,2026-05-15,SYNTHETIC_RISK_SCENARIO
501924,TST-U01924,TST-U01924,500,502,2PN,2,2,65.9,78.64,9,MID,SE,SW,OBSTRUCTED,False,0.838,8.3,False,0,0.13,10.5,NONE,False,SYNTHETIC,RISK_PROJECT_BASELINE,Tổ hợp thương mại căn hộ Phú Mỹ,1248,3000,20260630,TC-01,SUSPENDED_PENDING_REVIEW,2026-06-30,2026-05-15,SYNTHETIC_RISK_SCENARIO
501925,TST-U01925,TST-U01925,500,502,3PN,3,2,109.23,123.15,9,MID,N,W,OBSTRUCTED,True,0.887,1.7,False,0,0.02,14.7,NONE,False,SYNTHETIC,RISK_PROJECT_BASELINE,Tổ hợp thương mại căn hộ Phú Mỹ,1248,3000,20260630,TC-01,SUSPENDED_PENDING_REVIEW,2026-06-30,2026-05-15,SYNTHETIC_RISK_SCENARIO
501926,TST-U01926,TST-U01926,500,502,1PN,1,1,54.24,62.06,9,MID,NW,W,CITY_OPEN,False,0.874,13.8,False,0,0.63,91.8,TEMPLE,False,SYNTHETIC,RISK_PROJECT_BASELINE,Tổ hợp thương mại căn hộ Phú Mỹ,1248,3000,20260630,TC-01,SUSPENDED_PENDING_REVIEW,2026-06-30,2026-05-15,SYNTHETIC_RISK_SCENARIO
501927,TST-U01927,TST-U01927,500,502,2PN,2,2,72.36,87.5,9,MID,S,N,CITY_OPEN,False,0.827,6.1,False,0,0.26,86.8,NONE,False,SYNTHETIC,RISK_PROJECT_BASELINE,Tổ hợp thương mại căn hộ Phú Mỹ,1248,3000,20260630,TC-01,SUSPENDED_PENDING_REVIEW,2026-06-30,2026-05-15,SYNTHETIC_RISK_SCENARIO
501928,TST-U01928,TST-U01928,500,502,STUDIO,1,1,43.33,50.5,9,MID,NW,W,CITY_OPEN,False,0.858,12.1,False,2,0.86,60.1,NONE,False,SYNTHETIC,RISK_PROJECT_BASELINE,Tổ hợp thương mại căn hộ Phú Mỹ,1248,3000,20260630,TC-01,SUSPENDED_PENDING_REVIEW,2026-06-30,2026-05-15,SYNTHETIC_RISK_SCENARIO
501929,TST-U01929,TST-U01929,500,502,3PN,3,2,98.93,111.41,9,MID,SE,E,CITY_OPEN,False,0.888,6.4,False,0,0.26,55.6,NONE,False,SYNTHETIC,RISK_PROJECT_BASELINE,Tổ hợp thương mại căn hộ Phú Mỹ,1248,3000,20260630,TC-01,SUSPENDED_PENDING_REVIEW,2026-06-30,2026-05-15,SYNTHETIC_RISK_SCENARIO
501930,TST-U01930,TST-U01930,500,502,1PN,1,1,56.95,66.14,9,MID,SE,N,OBSTRUCTED,False,0.861,9.3,True,2,0.06,7.9,NONE,False,SYNTHETIC,RISK_PROJECT_BASELINE,Tổ hợp thương mại căn hộ Phú Mỹ,1248,3000,20260630,TC-01,SUSPENDED_PENDING_REVIEW,2026-06-30,2026-05-15,SYNTHETIC_RISK_SCENARIO
501931,TST-U01931,TST-U01931,500,502,3PN,3,2,90.0,103.45,9,MID,S,W,OBSTRUCTED,False,0.87,6.2,False,0,0.18,16.7,NONE,False,SYNTHETIC,RISK_PROJECT_BASELINE,Tổ hợp thương mại căn hộ Phú Mỹ,1248,3000,20260630,TC-01,SUSPENDED_PENDING_REVIEW,2026-06-30,2026-05-15,SYNTHETIC_RISK_SCENARIO
501932,TST-U01932,TST-U01932,500,502,2PN,2,2,76.3,93.16,9,MID,SW,NW,OBSTRUCTED,False,0.819,15.1,False,0,0.54,4.8,NONE,False,SYNTHETIC,RISK_PROJECT_BASELINE,Tổ hợp thương mại căn hộ Phú Mỹ,1248,3000,20260630,TC-01,SUSPENDED_PENDING_REVIEW,2026-06-30,2026-05-15,SYNTHETIC_RISK_SCENARIO
501933,TST-U01933,TST-U01933,500,502,3PN,3,2,101.02,120.55,9,MID,NW,W,CITY_OPEN,False,0.838,8.3,False,0,0.56,56.9,WASTE_STATION,False,SYNTHETIC,RISK_PROJECT_BASELINE,Tổ hợp thương mại căn hộ Phú Mỹ,1248,3000,20260630,TC-01,SUSPENDED_PENDING_REVIEW,2026-06-30,2026-05-15,SYNTHETIC_RISK_SCENARIO
501934,TST-U01934,TST-U01934,500,502,2PN,2,2,74.73,84.73,9,MID,SW,SE,OBSTRUCTED,False,0.882,1.3,False,1,0.71,13.5,NONE,False,SYNTHETIC,RISK_PROJECT_BASELINE,Tổ hợp thương mại căn hộ Phú Mỹ,1248,3000,20260630,TC-01,SUSPENDED_PENDING_REVIEW,2026-06-30,2026-05-15,SYNTHETIC_RISK_SCENARIO
501935,TST-U01935,TST-U01935,500,502,2PN,2,2,71.89,80.96,9,MID,S,W,CITY_OPEN,True,0.888,4.9,False,0,0.11,107.2,NONE,False,SYNTHETIC,RISK_PROJECT_BASELINE,Tổ hợp thương mại căn hộ Phú Mỹ,1248,3000,20260630,TC-01,SUSPENDED_PENDING_REVIEW,2026-06-30,2026-05-15,SYNTHETIC_RISK_SCENARIO
501936,TST-U01936,TST-U01936,500,502,2PN,2,2,69.19,81.59,9,MID,NW,N,OBSTRUCTED,False,0.848,13.6,False,0,0.56,13.5,NONE,False,SYNTHETIC,RISK_PROJECT_BASELINE,Tổ hợp thương mại căn hộ Phú Mỹ,1248,3000,20260630,TC-01,SUSPENDED_PENDING_REVIEW,2026-06-30,2026-05-15,SYNTHETIC_RISK_SCENARIO
501937,TST-U01937,TST-U01937,500,502,2PN,2,2,75.14,84.62,9,MID,SE,E,OBSTRUCTED,False,0.888,6.3,False,0,0.22,12.8,NONE,False,SYNTHETIC,RISK_PROJECT_BASELINE,Tổ hợp thương mại căn hộ Phú Mỹ,1248,3000,20260630,TC-01,SUSPENDED_PENDING_REVIEW,2026-06-30,2026-05-15,SYNTHETIC_RISK_SCENARIO
501938,TST-U01938,TST-U01938,500,502,2PN,2,2,72.94,88.41,9,MID,NE,S,CITY_OPEN,True,0.825,1.3,False,0,0.04,79.9,NONE,False,SYNTHETIC,RISK_PROJECT_BASELINE,Tổ hợp thương mại căn hộ Phú Mỹ,1248,3000,20260630,TC-01,SUSPENDED_PENDING_REVIEW,2026-06-30,2026-05-15,SYNTHETIC_RISK_SCENARIO
501939,TST-U01939,TST-U01939,500,502,2PN,2,2,77.33,92.5,9,MID,E,S,OBSTRUCTED,False,0.836,9.5,True,2,0.15,7.4,CEMETERY,False,SYNTHETIC,RISK_PROJECT_BASELINE,Tổ hợp thương mại căn hộ Phú Mỹ,1248,3000,20260630,TC-01,SUSPENDED_PENDING_REVIEW,2026-06-30,2026-05-15,SYNTHETIC_RISK_SCENARIO
501940,TST-U01940,TST-U01940,500,502,1PN,1,1,55.97,67.68,9,MID,S,NW,OBSTRUCTED,False,0.827,7.3,False,0,0.2,15.2,TEMPLE,False,SYNTHETIC,RISK_PROJECT_BASELINE,Tổ hợp thương mại căn hộ Phú Mỹ,1248,3000,20260630,TC-01,SUSPENDED_PENDING_REVIEW,2026-06-30,2026-05-15,SYNTHETIC_RISK_SCENARIO
501941,TST-U01941,TST-U01941,500,502,1PN,1,1,59.55,69.98,9,MID,NW,E,OBSTRUCTED,False,0.851,2.5,False,0,0.85,6.0,WASTE_STATION,False,SYNTHETIC,RISK_PROJECT_BASELINE,Tổ hợp thương mại căn hộ Phú Mỹ,1248,3000,20260630,TC-01,SUSPENDED_PENDING_REVIEW,2026-06-30,2026-05-15,SYNTHETIC_RISK_SCENARIO
501942,TST-U01942,TST-U01942,500,502,2PN,2,2,74.71,91.0,9,MID,SE,E,CITY_OPEN,False,0.821,10.7,False,0,0.04,98.6,NONE,False,SYNTHETIC,RISK_PROJECT_BASELINE,Tổ hợp thương mại căn hộ Phú Mỹ,1248,3000,20260630,TC-01,SUSPENDED_PENDING_REVIEW,2026-06-30,2026-05-15,SYNTHETIC_RISK_SCENARIO
501943,TST-U01943,TST-U01943,500,502,1PN,1,1,57.3,71.27,9,MID,NE,NW,OBSTRUCTED,False,0.804,10.8,False,0,0.17,14.2,NONE,False,SYNTHETIC,RISK_PROJECT_BASELINE,Tổ hợp thương mại căn hộ Phú Mỹ,1248,3000,20260630,TC-01,SUSPENDED_PENDING_REVIEW,2026-06-30,2026-05-15,SYNTHETIC_RISK_SCENARIO
501944,TST-U01944,TST-U01944,500,502,2PN,2,2,85.52,105.71,9,MID,SW,NE,OBSTRUCTED,False,0.809,4.5,False,0,0.91,13.0,NONE,False,SYNTHETIC,RISK_PROJECT_BASELINE,Tổ hợp thương mại căn hộ Phú Mỹ,1248,3000,20260630,TC-01,SUSPENDED_PENDING_REVIEW,2026-06-30,2026-05-15,SYNTHETIC_RISK_SCENARIO
501945,TST-U01945,TST-U01945,500,502,STUDIO,1,1,43.96,51.9,9,MID,E,W,OBSTRUCTED,False,0.847,3.1,True,1,0.13,11.1,NONE,False,SYNTHETIC,RISK_PROJECT_BASELINE,Tổ hợp thương mại căn hộ Phú Mỹ,1248,3000,20260630,TC-01,SUSPENDED_PENDING_REVIEW,2026-06-30,2026-05-15,SYNTHETIC_RISK_SCENARIO
501946,TST-U01946,TST-U01946,500,502,2PN,2,2,83.61,94.37,9,MID,SW,NE,CITY_OPEN,True,0.886,13.0,False,2,0.73,106.8,NONE,False,SYNTHETIC,RISK_PROJECT_BASELINE,Tổ hợp thương mại căn hộ Phú Mỹ,1248,3000,20260630,TC-01,SUSPENDED_PENDING_REVIEW,2026-06-30,2026-05-15,SYNTHETIC_RISK_SCENARIO
501947,TST-U01947,TST-U01947,500,502,2PN,2,2,70.89,81.2,9,MID,SE,E,OBSTRUCTED,True,0.873,6.8,False,0,0.11,5.7,NONE,False,SYNTHETIC,RISK_PROJECT_BASELINE,Tổ hợp thương mại căn hộ Phú Mỹ,1248,3000,20260630,TC-01,SUSPENDED_PENDING_REVIEW,2026-06-30,2026-05-15,SYNTHETIC_RISK_SCENARIO
501948,TST-U01948,TST-U01948,500,502,2PN,2,2,73.05,82.45,9,MID,N,SE,OBSTRUCTED,False,0.886,7.5,False,1,0.22,16.8,NONE,False,SYNTHETIC,RISK_PROJECT_BASELINE,Tổ hợp thương mại căn hộ Phú Mỹ,1248,3000,20260630,TC-01,SUSPENDED_PENDING_REVIEW,2026-06-30,2026-05-15,SYNTHETIC_RISK_SCENARIO
501949,TST-U01949,TST-U01949,500,502,2PN,2,2,77.22,95.1,9,MID,W,SW,OBSTRUCTED,True,0.812,7.4,False,0,0.78,4.9,NONE,False,SYNTHETIC,RISK_PROJECT_BASELINE,Tổ hợp thương mại căn hộ Phú Mỹ,1248,3000,20260630,TC-01,SUSPENDED_PENDING_REVIEW,2026-06-30,2026-05-15,SYNTHETIC_RISK_SCENARIO
501950,TST-U01950,TST-U01950,500,502,2PN,2,2,77.14,88.46,9,MID,SE,SW,PARK,False,0.872,1.4,True,0,0.11,59.0,NONE,False,SYNTHETIC,RISK_PROJECT_BASELINE,Tổ hợp thương mại căn hộ Phú Mỹ,1248,3000,20260630,TC-01,SUSPENDED_PENDING_REVIEW,2026-06-30,2026-05-15,SYNTHETIC_RISK_SCENARIO
501951,TST-U01951,TST-U01951,500,502,STUDIO,1,1,44.07,51.24,9,MID,SW,W,CITY_OPEN,False,0.86,14.5,False,0,0.58,72.4,NONE,False,SYNTHETIC,RISK_PROJECT_BASELINE,Tổ hợp thương mại căn hộ Phú Mỹ,1248,3000,20260630,TC-01,SUSPENDED_PENDING_REVIEW,2026-06-30,2026-05-15,SYNTHETIC_RISK_SCENARIO
501952,TST-U01952,TST-U01952,500,502,2PN,2,2,82.25,96.99,9,MID,N,SE,PARK,False,0.848,15.9,False,0,0.13,55.1,NONE,False,SYNTHETIC,RISK_PROJECT_BASELINE,Tổ hợp thương mại căn hộ Phú Mỹ,1248,3000,20260630,TC-01,SUSPENDED_PENDING_REVIEW,2026-06-30,2026-05-15,SYNTHETIC_RISK_SCENARIO
501953,TST-U01953,TST-U01953,500,502,1PN,1,1,49.89,60.99,9,MID,SW,E,PARK,False,0.818,8.9,False,0,0.87,75.0,NONE,False,SYNTHETIC,RISK_PROJECT_BASELINE,Tổ hợp thương mại căn hộ Phú Mỹ,1248,3000,20260630,TC-01,SUSPENDED_PENDING_REVIEW,2026-06-30,2026-05-15,SYNTHETIC_RISK_SCENARIO
501954,TST-U01954,TST-U01954,500,502,STUDIO,1,1,41.03,47.05,9,MID,NE,E,CITY_OPEN,False,0.872,10.4,False,1,0.21,109.5,NONE,False,SYNTHETIC,RISK_PROJECT_BASELINE,Tổ hợp thương mại căn hộ Phú Mỹ,1248,3000,20260630,TC-01,SUSPENDED_PENDING_REVIEW,2026-06-30,2026-05-15,SYNTHETIC_RISK_SCENARIO
501955,TST-U01955,TST-U01955,500,502,2PN,2,2,71.64,87.05,9,MID,S,S,PARK,False,0.823,9.0,True,1,0.06,82.1,NONE,False,SYNTHETIC,RISK_PROJECT_BASELINE,Tổ hợp thương mại căn hộ Phú Mỹ,1248,3000,20260630,TC-01,SUSPENDED_PENDING_REVIEW,2026-06-30,2026-05-15,SYNTHETIC_RISK_SCENARIO
501956,TST-U01956,TST-U01956,500,502,3PN,3,2,106.96,129.49,9,MID,NE,E,OBSTRUCTED,False,0.826,8.4,False,1,0.13,17.3,NONE,False,SYNTHETIC,RISK_PROJECT_BASELINE,Tổ hợp thương mại căn hộ Phú Mỹ,1248,3000,20260630,TC-01,SUSPENDED_PENDING_REVIEW,2026-06-30,2026-05-15,SYNTHETIC_RISK_SCENARIO
501957,TST-U01957,TST-U01957,500,502,2PN,2,2,81.87,92.09,9,MID,W,NW,CITY_OPEN,False,0.889,15.5,False,0,0.66,36.4,NONE,False,SYNTHETIC,RISK_PROJECT_BASELINE,Tổ hợp thương mại căn hộ Phú Mỹ,1248,3000,20260630,TC-01,SUSPENDED_PENDING_REVIEW,2026-06-30,2026-05-15,SYNTHETIC_RISK_SCENARIO
501958,TST-U01958,TST-U01958,500,502,2PN,2,2,68.42,84.89,9,MID,W,SE,OBSTRUCTED,False,0.806,14.8,False,0,0.63,8.9,NONE,False,SYNTHETIC,RISK_PROJECT_BASELINE,Tổ hợp thương mại căn hộ Phú Mỹ,1248,3000,20260630,TC-01,SUSPENDED_PENDING_REVIEW,2026-06-30,2026-05-15,SYNTHETIC_RISK_SCENARIO
501959,TST-U01959,TST-U01959,500,502,3PN,3,2,103.15,123.24,9,MID,SE,N,OBSTRUCTED,False,0.837,3.0,False,0,0.16,17.0,NONE,False,SYNTHETIC,RISK_PROJECT_BASELINE,Tổ hợp thương mại căn hộ Phú Mỹ,1248,3000,20260630,TC-01,SUSPENDED_PENDING_REVIEW,2026-06-30,2026-05-15,SYNTHETIC_RISK_SCENARIO
501960,TST-U01960,TST-U01960,500,502,STUDIO,1,1,44.74,50.61,9,MID,SW,SW,CITY_OPEN,False,0.884,3.3,False,1,0.68,96.0,NONE,False,SYNTHETIC,RISK_PROJECT_BASELINE,Tổ hợp thương mại căn hộ Phú Mỹ,1248,3000,20260630,TC-01,SUSPENDED_PENDING_REVIEW,2026-06-30,2026-05-15,SYNTHETIC_RISK_SCENARIO
501961,TST-U01961,TST-U01961,500,502,1PN,1,1,52.3,64.57,9,MID,NW,SW,CITY_OPEN,False,0.81,8.3,False,0,0.8,48.5,NONE,False,SYNTHETIC,RISK_PROJECT_BASELINE,Tổ hợp thương mại căn hộ Phú Mỹ,1248,3000,20260630,TC-01,SUSPENDED_PENDING_REVIEW,2026-06-30,2026-05-15,SYNTHETIC_RISK_SCENARIO
501962,TST-U01962,TST-U01962,500,502,2PN,2,2,76.57,92.25,9,MID,E,N,OBSTRUCTED,False,0.83,10.4,False,0,0.29,13.8,NONE,False,SYNTHETIC,RISK_PROJECT_BASELINE,Tổ hợp thương mại căn hộ Phú Mỹ,1248,3000,20260630,TC-01,SUSPENDED_PENDING_REVIEW,2026-06-30,2026-05-15,SYNTHETIC_RISK_SCENARIO
501963,TST-U01963,TST-U01963,500,502,2PN,2,2,87.13,108.37,10,MID,SE,SW,OBSTRUCTED,False,0.804,15.0,True,1,0.04,10.6,NONE,False,SYNTHETIC,RISK_PROJECT_BASELINE,Tổ hợp thương mại căn hộ Phú Mỹ,1248,3000,20260630,TC-01,SUSPENDED_PENDING_REVIEW,2026-06-30,2026-05-15,SYNTHETIC_RISK_SCENARIO
501964,TST-U01964,TST-U01964,500,502,2PN,2,2,81.17,99.35,10,MID,SW,W,OBSTRUCTED,False,0.817,2.7,False,1,0.79,11.9,NONE,False,SYNTHETIC,RISK_PROJECT_BASELINE,Tổ hợp thương mại căn hộ Phú Mỹ,1248,3000,20260630,TC-01,SUSPENDED_PENDING_REVIEW,2026-06-30,2026-05-15,SYNTHETIC_RISK_SCENARIO
501965,TST-U01965,TST-U01965,500,502,2PN,2,2,77.0,94.36,10,MID,SE,E,CITY_OPEN,False,0.816,15.0,True,2,0.25,62.4,NONE,False,SYNTHETIC,RISK_PROJECT_BASELINE,Tổ hợp thương mại căn hộ Phú Mỹ,1248,3000,20260630,TC-01,SUSPENDED_PENDING_REVIEW,2026-06-30,2026-05-15,SYNTHETIC_RISK_SCENARIO
501966,TST-U01966,TST-U01966,500,502,2PN,2,2,73.94,84.21,10,MID,W,W,POOL,False,0.878,9.7,False,0,0.86,48.3,NONE,False,SYNTHETIC,RISK_PROJECT_BASELINE,Tổ hợp thương mại căn hộ Phú Mỹ,1248,3000,20260630,TC-01,SUSPENDED_PENDING_REVIEW,2026-06-30,2026-05-15,SYNTHETIC_RISK_SCENARIO
501967,TST-U01967,TST-U01967,500,502,2PN,2,2,80.13,95.85,10,MID,S,N,CITY_OPEN,False,0.836,4.1,False,0,0.18,38.5,NONE,False,SYNTHETIC,RISK_PROJECT_BASELINE,Tổ hợp thương mại căn hộ Phú Mỹ,1248,3000,20260630,TC-01,SUSPENDED_PENDING_REVIEW,2026-06-30,2026-05-15,SYNTHETIC_RISK_SCENARIO
501968,TST-U01968,TST-U01968,500,502,2PN,2,2,72.13,87.32,10,MID,E,NE,CITY_OPEN,False,0.826,2.1,True,0,0.04,98.6,NONE,False,SYNTHETIC,RISK_PROJECT_BASELINE,Tổ hợp thương mại căn hộ Phú Mỹ,1248,3000,20260630,TC-01,SUSPENDED_PENDING_REVIEW,2026-06-30,2026-05-15,SYNTHETIC_RISK_SCENARIO
501969,TST-U01969,TST-U01969,500,502,2PN,2,2,65.16,76.75,10,MID,S,SE,OBSTRUCTED,False,0.849,14.2,False,0,0.2,5.1,WASTE_STATION,False,SYNTHETIC,RISK_PROJECT_BASELINE,Tổ hợp thương mại căn hộ Phú Mỹ,1248,3000,20260630,TC-01,SUSPENDED_PENDING_REVIEW,2026-06-30,2026-05-15,SYNTHETIC_RISK_SCENARIO
501970,TST-U01970,TST-U01970,500,502,1PN,1,1,51.22,57.88,10,MID,S,SW,OBSTRUCTED,False,0.885,6.6,True,0,0.11,14.3,WASTE_STATION,False,SYNTHETIC,RISK_PROJECT_BASELINE,Tổ hợp thương mại căn hộ Phú Mỹ,1248,3000,20260630,TC-01,SUSPENDED_PENDING_REVIEW,2026-06-30,2026-05-15,SYNTHETIC_RISK_SCENARIO
501971,TST-U01971,TST-U01971,500,502,2PN,2,2,66.16,79.33,10,MID,N,NW,PARK,True,0.834,2.9,False,1,0.32,101.3,NONE,False,SYNTHETIC,RISK_PROJECT_BASELINE,Tổ hợp thương mại căn hộ Phú Mỹ,1248,3000,20260630,TC-01,SUSPENDED_PENDING_REVIEW,2026-06-30,2026-05-15,SYNTHETIC_RISK_SCENARIO
501972,TST-U01972,TST-U01972,500,502,2PN,2,2,80.29,94.91,10,MID,W,NE,PARK,False,0.846,15.2,False,1,0.7,94.1,NONE,False,SYNTHETIC,RISK_PROJECT_BASELINE,Tổ hợp thương mại căn hộ Phú Mỹ,1248,3000,20260630,TC-01,SUSPENDED_PENDING_REVIEW,2026-06-30,2026-05-15,SYNTHETIC_RISK_SCENARIO
501973,TST-U01973,TST-U01973,500,502,2PN,2,2,76.13,87.41,10,MID,SW,SE,OBSTRUCTED,False,0.871,1.8,False,2,0.79,12.8,NONE,False,SYNTHETIC,RISK_PROJECT_BASELINE,Tổ hợp thương mại căn hộ Phú Mỹ,1248,3000,20260630,TC-01,SUSPENDED_PENDING_REVIEW,2026-06-30,2026-05-15,SYNTHETIC_RISK_SCENARIO
501974,TST-U01974,TST-U01974,500,502,STUDIO,1,1,44.63,52.44,10,MID,N,W,POOL,False,0.851,1.3,False,0,0.23,70.0,NONE,False,SYNTHETIC,RISK_PROJECT_BASELINE,Tổ hợp thương mại căn hộ Phú Mỹ,1248,3000,20260630,TC-01,SUSPENDED_PENDING_REVIEW,2026-06-30,2026-05-15,SYNTHETIC_RISK_SCENARIO
501975,TST-U01975,TST-U01975,500,502,1PN,1,1,53.97,65.9,10,MID,N,S,CITY_OPEN,False,0.819,1.6,False,0,0.25,67.3,WASTE_STATION,False,SYNTHETIC,RISK_PROJECT_BASELINE,Tổ hợp thương mại căn hộ Phú Mỹ,1248,3000,20260630,TC-01,SUSPENDED_PENDING_REVIEW,2026-06-30,2026-05-15,SYNTHETIC_RISK_SCENARIO
501976,TST-U01976,TST-U01976,500,502,1PN,1,1,51.77,61.34,10,MID,SW,N,CITY_OPEN,False,0.844,15.8,False,1,0.94,85.7,NONE,False,SYNTHETIC,RISK_PROJECT_BASELINE,Tổ hợp thương mại căn hộ Phú Mỹ,1248,3000,20260630,TC-01,SUSPENDED_PENDING_REVIEW,2026-06-30,2026-05-15,SYNTHETIC_RISK_SCENARIO
501977,TST-U01977,TST-U01977,500,502,2PN,2,2,77.38,95.53,10,MID,NE,NE,CITY_OPEN,False,0.81,7.0,False,0,0.06,32.4,NONE,False,SYNTHETIC,RISK_PROJECT_BASELINE,Tổ hợp thương mại căn hộ Phú Mỹ,1248,3000,20260630,TC-01,SUSPENDED_PENDING_REVIEW,2026-06-30,2026-05-15,SYNTHETIC_RISK_SCENARIO
501978,TST-U01978,TST-U01978,500,502,3PN,3,2,101.56,115.94,10,MID,S,E,OBSTRUCTED,False,0.876,3.8,False,0,0.26,5.7,NONE,False,SYNTHETIC,RISK_PROJECT_BASELINE,Tổ hợp thương mại căn hộ Phú Mỹ,1248,3000,20260630,TC-01,SUSPENDED_PENDING_REVIEW,2026-06-30,2026-05-15,SYNTHETIC_RISK_SCENARIO
501979,TST-U01979,TST-U01979,500,502,2PN,2,2,65.87,74.35,10,MID,W,SE,CITY_OPEN,True,0.886,8.9,True,1,0.56,35.6,WASTE_STATION,False,SYNTHETIC,RISK_PROJECT_BASELINE,Tổ hợp thương mại căn hộ Phú Mỹ,1248,3000,20260630,TC-01,SUSPENDED_PENDING_REVIEW,2026-06-30,2026-05-15,SYNTHETIC_RISK_SCENARIO
501980,TST-U01980,TST-U01980,500,502,2PN,2,2,81.9,99.27,10,MID,NE,NE,POOL,False,0.825,1.3,False,1,0.29,35.2,NONE,False,SYNTHETIC,RISK_PROJECT_BASELINE,Tổ hợp thương mại căn hộ Phú Mỹ,1248,3000,20260630,TC-01,SUSPENDED_PENDING_REVIEW,2026-06-30,2026-05-15,SYNTHETIC_RISK_SCENARIO
501981,TST-U01981,TST-U01981,500,502,2PN,2,2,74.95,89.23,10,MID,NW,SE,PARK,False,0.84,9.9,False,0,0.94,66.8,NONE,False,SYNTHETIC,RISK_PROJECT_BASELINE,Tổ hợp thương mại căn hộ Phú Mỹ,1248,3000,20260630,TC-01,SUSPENDED_PENDING_REVIEW,2026-06-30,2026-05-15,SYNTHETIC_RISK_SCENARIO
501982,TST-U01982,TST-U01982,500,502,2PN,2,2,82.69,96.49,10,MID,SE,N,OBSTRUCTED,False,0.857,5.5,True,0,0.09,15.2,WASTE_STATION,False,SYNTHETIC,RISK_PROJECT_BASELINE,Tổ hợp thương mại căn hộ Phú Mỹ,1248,3000,20260630,TC-01,SUSPENDED_PENDING_REVIEW,2026-06-30,2026-05-15,SYNTHETIC_RISK_SCENARIO
501983,TST-U01983,TST-U01983,500,502,3PN,3,2,116.97,136.81,10,MID,SW,W,PARK,True,0.855,8.5,False,0,0.54,108.8,NONE,False,SYNTHETIC,RISK_PROJECT_BASELINE,Tổ hợp thương mại căn hộ Phú Mỹ,1248,3000,20260630,TC-01,SUSPENDED_PENDING_REVIEW,2026-06-30,2026-05-15,SYNTHETIC_RISK_SCENARIO
501984,TST-U01984,TST-U01984,500,502,2PN,2,2,68.41,79.55,10,MID,S,E,OBSTRUCTED,False,0.86,13.5,False,0,0.1,16.8,NONE,False,SYNTHETIC,RISK_PROJECT_BASELINE,Tổ hợp thương mại căn hộ Phú Mỹ,1248,3000,20260630,TC-01,SUSPENDED_PENDING_REVIEW,2026-06-30,2026-05-15,SYNTHETIC_RISK_SCENARIO
501985,TST-U01985,TST-U01985,500,502,1PN,1,1,52.38,61.62,10,MID,NW,N,CITY_OPEN,False,0.85,4.8,False,2,0.85,100.0,NONE,False,SYNTHETIC,RISK_PROJECT_BASELINE,Tổ hợp thương mại căn hộ Phú Mỹ,1248,3000,20260630,TC-01,SUSPENDED_PENDING_REVIEW,2026-06-30,2026-05-15,SYNTHETIC_RISK_SCENARIO
501986,TST-U01986,TST-U01986,500,502,3PN,3,2,98.2,116.21,10,MID,E,NE,PARK,False,0.845,13.2,False,2,0.31,41.8,NONE,False,SYNTHETIC,RISK_PROJECT_BASELINE,Tổ hợp thương mại căn hộ Phú Mỹ,1248,3000,20260630,TC-01,SUSPENDED_PENDING_REVIEW,2026-06-30,2026-05-15,SYNTHETIC_RISK_SCENARIO
501987,TST-U01987,TST-U01987,500,502,2PN,2,2,76.72,87.18,10,MID,E,N,OBSTRUCTED,False,0.88,9.4,False,1,0.12,8.9,NONE,False,SYNTHETIC,RISK_PROJECT_BASELINE,Tổ hợp thương mại căn hộ Phú Mỹ,1248,3000,20260630,TC-01,SUSPENDED_PENDING_REVIEW,2026-06-30,2026-05-15,SYNTHETIC_RISK_SCENARIO
501988,TST-U01988,TST-U01988,500,502,2PN,2,2,75.53,87.12,10,MID,S,E,CITY_OPEN,False,0.867,9.3,True,0,0.15,86.5,NONE,False,SYNTHETIC,RISK_PROJECT_BASELINE,Tổ hợp thương mại căn hộ Phú Mỹ,1248,3000,20260630,TC-01,SUSPENDED_PENDING_REVIEW,2026-06-30,2026-05-15,SYNTHETIC_RISK_SCENARIO
501989,TST-U01989,TST-U01989,500,502,2PN,2,2,75.91,90.26,10,MID,E,SW,CITY_OPEN,False,0.841,6.9,False,1,0.31,81.8,NONE,False,SYNTHETIC,RISK_PROJECT_BASELINE,Tổ hợp thương mại căn hộ Phú Mỹ,1248,3000,20260630,TC-01,SUSPENDED_PENDING_REVIEW,2026-06-30,2026-05-15,SYNTHETIC_RISK_SCENARIO
501990,TST-U01990,TST-U01990,500,502,1PN,1,1,52.25,60.97,10,MID,E,SW,OBSTRUCTED,False,0.857,3.9,False,0,0.28,14.7,NONE,False,SYNTHETIC,RISK_PROJECT_BASELINE,Tổ hợp thương mại căn hộ Phú Mỹ,1248,3000,20260630,TC-01,SUSPENDED_PENDING_REVIEW,2026-06-30,2026-05-15,SYNTHETIC_RISK_SCENARIO
501991,TST-U01991,TST-U01991,500,502,1PN,1,1,55.69,68.67,10,MID,NW,NW,OBSTRUCTED,False,0.811,8.7,False,0,0.87,12.3,NONE,False,SYNTHETIC,RISK_PROJECT_BASELINE,Tổ hợp thương mại căn hộ Phú Mỹ,1248,3000,20260630,TC-01,SUSPENDED_PENDING_REVIEW,2026-06-30,2026-05-15,SYNTHETIC_RISK_SCENARIO
501992,TST-U01992,TST-U01992,500,502,3PN,3,2,98.12,121.74,10,MID,SW,NW,OBSTRUCTED,False,0.806,12.6,False,1,0.64,7.3,NONE,False,SYNTHETIC,RISK_PROJECT_BASELINE,Tổ hợp thương mại căn hộ Phú Mỹ,1248,3000,20260630,TC-01,SUSPENDED_PENDING_REVIEW,2026-06-30,2026-05-15,SYNTHETIC_RISK_SCENARIO
501993,TST-U01993,TST-U01993,500,502,2PN,2,2,85.76,97.68,10,MID,NE,E,CITY_OPEN,True,0.878,4.0,False,0,0.06,74.2,NONE,False,SYNTHETIC,RISK_PROJECT_BASELINE,Tổ hợp thương mại căn hộ Phú Mỹ,1248,3000,20260630,TC-01,SUSPENDED_PENDING_REVIEW,2026-06-30,2026-05-15,SYNTHETIC_RISK_SCENARIO
501994,TST-U01994,TST-U01994,500,502,2PN,2,2,74.51,92.33,10,MID,SE,NW,OBSTRUCTED,False,0.807,5.1,False,0,0.24,14.7,NONE,False,SYNTHETIC,RISK_PROJECT_BASELINE,Tổ hợp thương mại căn hộ Phú Mỹ,1248,3000,20260630,TC-01,SUSPENDED_PENDING_REVIEW,2026-06-30,2026-05-15,SYNTHETIC_RISK_SCENARIO
501995,TST-U01995,TST-U01995,500,502,3PN,3,2,105.34,123.49,10,MID,SW,SW,OBSTRUCTED,False,0.853,9.1,False,0,0.69,13.6,NONE,False,SYNTHETIC,RISK_PROJECT_BASELINE,Tổ hợp thương mại căn hộ Phú Mỹ,1248,3000,20260630,TC-01,SUSPENDED_PENDING_REVIEW,2026-06-30,2026-05-15,SYNTHETIC_RISK_SCENARIO
501996,TST-U01996,TST-U01996,500,502,2PN,2,2,76.14,88.53,10,MID,S,S,OBSTRUCTED,False,0.86,6.5,False,1,0.16,8.1,NONE,False,SYNTHETIC,RISK_PROJECT_BASELINE,Tổ hợp thương mại căn hộ Phú Mỹ,1248,3000,20260630,TC-01,SUSPENDED_PENDING_REVIEW,2026-06-30,2026-05-15,SYNTHETIC_RISK_SCENARIO
501997,TST-U01997,TST-U01997,500,502,1PN,1,1,52.13,63.65,10,MID,SW,S,CITY_OPEN,False,0.819,8.2,False,1,0.87,86.2,NONE,False,SYNTHETIC,RISK_PROJECT_BASELINE,Tổ hợp thương mại căn hộ Phú Mỹ,1248,3000,20260630,TC-01,SUSPENDED_PENDING_REVIEW,2026-06-30,2026-05-15,SYNTHETIC_RISK_SCENARIO
501998,TST-U01998,TST-U01998,500,502,2PN,2,2,68.71,82.39,10,MID,NE,S,POOL,False,0.834,14.0,False,0,0.16,83.3,NONE,False,SYNTHETIC,RISK_PROJECT_BASELINE,Tổ hợp thương mại căn hộ Phú Mỹ,1248,3000,20260630,TC-01,SUSPENDED_PENDING_REVIEW,2026-06-30,2026-05-15,SYNTHETIC_RISK_SCENARIO
501999,TST-U01999,TST-U01999,500,502,2PN,2,2,78.69,94.24,10,MID,E,NW,CITY_OPEN,False,0.835,7.0,False,0,0.25,71.4,NONE,False,SYNTHETIC,RISK_PROJECT_BASELINE,Tổ hợp thương mại căn hộ Phú Mỹ,1248,3000,20260630,TC-01,SUSPENDED_PENDING_REVIEW,2026-06-30,2026-05-15,SYNTHETIC_RISK_SCENARIO
502000,TST-U02000,TST-U02000,500,502,2PN,2,2,73.43,86.29,10,MID,S,E,CITY_OPEN,False,0.851,14.6,True,0,0.29,77.2,NONE,False,SYNTHETIC,RISK_PROJECT_BASELINE,Tổ hợp thương mại căn hộ Phú Mỹ,1248,3000,20260630,TC-01,SUSPENDED_PENDING_REVIEW,2026-06-30,2026-05-15,SYNTHETIC_RISK_SCENARIO
502001,TST-U02001,TST-U02001,500,502,2PN,2,2,81.12,94.33,10,MID,S,S,OBSTRUCTED,False,0.86,2.7,True,0,0.23,10.9,NONE,False,SYNTHETIC,RISK_PROJECT_BASELINE,Tổ hợp thương mại căn hộ Phú Mỹ,1248,3000,20260630,TC-01,SUSPENDED_PENDING_REVIEW,2026-06-30,2026-05-15,SYNTHETIC_RISK_SCENARIO
502002,TST-U02002,TST-U02002,500,502,1PN,1,1,58.17,69.0,10,MID,E,NE,OBSTRUCTED,False,0.843,14.4,False,0,0.16,17.4,NONE,False,SYNTHETIC,RISK_PROJECT_BASELINE,Tổ hợp thương mại căn hộ Phú Mỹ,1248,3000,20260630,TC-01,SUSPENDED_PENDING_REVIEW,2026-06-30,2026-05-15,SYNTHETIC_RISK_SCENARIO
502003,TST-U02003,TST-U02003,500,502,2PN,2,2,85.18,99.98,10,MID,E,E,OBSTRUCTED,True,0.852,7.5,False,0,0.15,17.0,NONE,False,SYNTHETIC,RISK_PROJECT_BASELINE,Tổ hợp thương mại căn hộ Phú Mỹ,1248,3000,20260630,TC-01,SUSPENDED_PENDING_REVIEW,2026-06-30,2026-05-15,SYNTHETIC_RISK_SCENARIO
502004,TST-U02004,TST-U02004,500,502,2PN,2,2,67.4,79.39,10,MID,S,N,OBSTRUCTED,False,0.849,13.7,True,0,0.31,15.3,NONE,False,SYNTHETIC,RISK_PROJECT_BASELINE,Tổ hợp thương mại căn hộ Phú Mỹ,1248,3000,20260630,TC-01,SUSPENDED_PENDING_REVIEW,2026-06-30,2026-05-15,SYNTHETIC_RISK_SCENARIO
502005,TST-U02005,TST-U02005,500,502,2PN,2,2,70.79,80.17,10,MID,SE,W,POOL,False,0.883,9.6,False,0,0.23,72.5,NONE,False,SYNTHETIC,RISK_PROJECT_BASELINE,Tổ hợp thương mại căn hộ Phú Mỹ,1248,3000,20260630,TC-01,SUSPENDED_PENDING_REVIEW,2026-06-30,2026-05-15,SYNTHETIC_RISK_SCENARIO
502006,TST-U02006,TST-U02006,500,502,1PN,1,1,52.72,60.11,10,MID,NE,W,OBSTRUCTED,False,0.877,4.8,False,0,0.02,5.5,NONE,False,SYNTHETIC,RISK_PROJECT_BASELINE,Tổ hợp thương mại căn hộ Phú Mỹ,1248,3000,20260630,TC-01,SUSPENDED_PENDING_REVIEW,2026-06-30,2026-05-15,SYNTHETIC_RISK_SCENARIO
502007,TST-U02007,TST-U02007,500,502,2PN,2,2,66.27,76.61,10,MID,W,NE,PARK,False,0.865,15.8,False,0,0.69,42.9,NONE,False,SYNTHETIC,RISK_PROJECT_BASELINE,Tổ hợp thương mại căn hộ Phú Mỹ,1248,3000,20260630,TC-01,SUSPENDED_PENDING_REVIEW,2026-06-30,2026-05-15,SYNTHETIC_RISK_SCENARIO
502008,TST-U02008,TST-U02008,500,502,1PN,1,1,53.44,62.36,10,MID,SW,NW,CITY_OPEN,False,0.857,11.6,False,1,0.82,49.9,NONE,False,SYNTHETIC,RISK_PROJECT_BASELINE,Tổ hợp thương mại căn hộ Phú Mỹ,1248,3000,20260630,TC-01,SUSPENDED_PENDING_REVIEW,2026-06-30,2026-05-15,SYNTHETIC_RISK_SCENARIO
502009,TST-U02009,TST-U02009,500,502,2PN,2,2,76.54,89.1,10,MID,SE,W,OBSTRUCTED,False,0.859,3.7,False,2,0.17,17.6,NONE,False,SYNTHETIC,RISK_PROJECT_BASELINE,Tổ hợp thương mại căn hộ Phú Mỹ,1248,3000,20260630,TC-01,SUSPENDED_PENDING_REVIEW,2026-06-30,2026-05-15,SYNTHETIC_RISK_SCENARIO
502010,TST-U02010,TST-U02010,500,502,3PN,3,2,102.35,120.98,10,MID,NW,NW,OBSTRUCTED,False,0.846,4.5,False,0,0.69,7.5,NONE,False,SYNTHETIC,RISK_PROJECT_BASELINE,Tổ hợp thương mại căn hộ Phú Mỹ,1248,3000,20260630,TC-01,SUSPENDED_PENDING_REVIEW,2026-06-30,2026-05-15,SYNTHETIC_RISK_SCENARIO
502011,TST-U02011,TST-U02011,500,502,2PN,2,2,71.22,85.91,10,MID,SE,N,OBSTRUCTED,False,0.829,13.2,False,1,0.31,17.6,NONE,False,SYNTHETIC,RISK_PROJECT_BASELINE,Tổ hợp thương mại căn hộ Phú Mỹ,1248,3000,20260630,TC-01,SUSPENDED_PENDING_REVIEW,2026-06-30,2026-05-15,SYNTHETIC_RISK_SCENARIO
502012,TST-U02012,TST-U02012,500,502,1PN,1,1,54.51,61.73,10,MID,NE,SE,CITY_OPEN,False,0.883,11.3,False,1,0.24,31.8,NONE,False,SYNTHETIC,RISK_PROJECT_BASELINE,Tổ hợp thương mại căn hộ Phú Mỹ,1248,3000,20260630,TC-01,SUSPENDED_PENDING_REVIEW,2026-06-30,2026-05-15,SYNTHETIC_RISK_SCENARIO
502013,TST-U02013,TST-U02013,500,502,1PN,1,1,56.62,70.34,10,MID,NW,N,POOL,False,0.805,2.2,False,0,0.63,79.3,NONE,False,SYNTHETIC,RISK_PROJECT_BASELINE,Tổ hợp thương mại căn hộ Phú Mỹ,1248,3000,20260630,TC-01,SUSPENDED_PENDING_REVIEW,2026-06-30,2026-05-15,SYNTHETIC_RISK_SCENARIO
502014,TST-U02014,TST-U02014,500,502,2PN,2,2,75.86,91.4,10,MID,NW,E,OBSTRUCTED,False,0.83,3.4,False,0,0.81,10.3,NONE,False,SYNTHETIC,RISK_PROJECT_BASELINE,Tổ hợp thương mại căn hộ Phú Mỹ,1248,3000,20260630,TC-01,SUSPENDED_PENDING_REVIEW,2026-06-30,2026-05-15,SYNTHETIC_RISK_SCENARIO
502015,TST-U02015,TST-U02015,500,502,3PN,3,2,106.29,130.26,10,MID,SW,SW,POOL,False,0.816,9.8,True,0,0.73,93.9,NONE,False,SYNTHETIC,RISK_PROJECT_BASELINE,Tổ hợp thương mại căn hộ Phú Mỹ,1248,3000,20260630,TC-01,SUSPENDED_PENDING_REVIEW,2026-06-30,2026-05-15,SYNTHETIC_RISK_SCENARIO
502016,TST-U02016,TST-U02016,500,502,1PN,1,1,55.1,64.67,10,MID,W,SW,OBSTRUCTED,False,0.852,1.9,True,0,0.58,10.4,NONE,False,SYNTHETIC,RISK_PROJECT_BASELINE,Tổ hợp thương mại căn hộ Phú Mỹ,1248,3000,20260630,TC-01,SUSPENDED_PENDING_REVIEW,2026-06-30,2026-05-15,SYNTHETIC_RISK_SCENARIO
502017,TST-U02017,TST-U02017,500,502,1PN,1,1,58.27,70.29,10,MID,NE,SE,OBSTRUCTED,False,0.829,3.9,False,0,0.21,7.2,TEMPLE,False,SYNTHETIC,RISK_PROJECT_BASELINE,Tổ hợp thương mại căn hộ Phú Mỹ,1248,3000,20260630,TC-01,SUSPENDED_PENDING_REVIEW,2026-06-30,2026-05-15,SYNTHETIC_RISK_SCENARIO
502018,TST-U02018,TST-U02018,500,502,2PN,2,2,75.99,88.26,10,MID,SW,N,OBSTRUCTED,False,0.861,6.0,False,1,0.7,17.7,NONE,False,SYNTHETIC,RISK_PROJECT_BASELINE,Tổ hợp thương mại căn hộ Phú Mỹ,1248,3000,20260630,TC-01,SUSPENDED_PENDING_REVIEW,2026-06-30,2026-05-15,SYNTHETIC_RISK_SCENARIO
502019,TST-U02019,TST-U02019,500,502,1PN,1,1,55.83,66.78,10,MID,S,W,CITY_OPEN,False,0.836,2.1,False,0,0.21,45.6,NONE,False,SYNTHETIC,RISK_PROJECT_BASELINE,Tổ hợp thương mại căn hộ Phú Mỹ,1248,3000,20260630,TC-01,SUSPENDED_PENDING_REVIEW,2026-06-30,2026-05-15,SYNTHETIC_RISK_SCENARIO
502020,TST-U02020,TST-U02020,500,502,2PN,2,2,77.92,89.56,10,MID,NE,W,OBSTRUCTED,False,0.87,2.8,False,0,0.14,16.5,TEMPLE,False,SYNTHETIC,RISK_PROJECT_BASELINE,Tổ hợp thương mại căn hộ Phú Mỹ,1248,3000,20260630,TC-01,SUSPENDED_PENDING_REVIEW,2026-06-30,2026-05-15,SYNTHETIC_RISK_SCENARIO
502021,TST-U02021,TST-U02021,500,502,2PN,2,2,79.79,91.5,10,MID,SE,W,OBSTRUCTED,False,0.872,6.6,True,0,0.1,16.3,NONE,False,SYNTHETIC,RISK_PROJECT_BASELINE,Tổ hợp thương mại căn hộ Phú Mỹ,1248,3000,20260630,TC-01,SUSPENDED_PENDING_REVIEW,2026-06-30,2026-05-15,SYNTHETIC_RISK_SCENARIO
502022,TST-U02022,TST-U02022,500,502,3PN,3,2,95.04,116.76,10,MID,E,E,CITY_OPEN,False,0.814,7.8,False,1,0.31,35.4,NONE,False,SYNTHETIC,RISK_PROJECT_BASELINE,Tổ hợp thương mại căn hộ Phú Mỹ,1248,3000,20260630,TC-01,SUSPENDED_PENDING_REVIEW,2026-06-30,2026-05-15,SYNTHETIC_RISK_SCENARIO
502023,TST-U02023,TST-U02023,500,502,1PN,1,1,58.58,67.1,10,MID,W,SW,OBSTRUCTED,False,0.873,12.5,False,1,0.81,15.2,NONE,False,SYNTHETIC,RISK_PROJECT_BASELINE,Tổ hợp thương mại căn hộ Phú Mỹ,1248,3000,20260630,TC-01,SUSPENDED_PENDING_REVIEW,2026-06-30,2026-05-15,SYNTHETIC_RISK_SCENARIO
502024,TST-U02024,TST-U02024,500,502,1PN,1,1,53.4,66.75,10,MID,SE,SW,POOL,False,0.8,11.7,False,0,0.16,47.8,NONE,False,SYNTHETIC,RISK_PROJECT_BASELINE,Tổ hợp thương mại căn hộ Phú Mỹ,1248,3000,20260630,TC-01,SUSPENDED_PENDING_REVIEW,2026-06-30,2026-05-15,SYNTHETIC_RISK_SCENARIO
502025,TST-U02025,TST-U02025,500,502,2PN,2,2,74.61,89.14,10,MID,N,E,CITY_OPEN,False,0.837,9.3,False,1,0.17,82.6,NONE,False,SYNTHETIC,RISK_PROJECT_BASELINE,Tổ hợp thương mại căn hộ Phú Mỹ,1248,3000,20260630,TC-01,SUSPENDED_PENDING_REVIEW,2026-06-30,2026-05-15,SYNTHETIC_RISK_SCENARIO
502026,TST-U02026,TST-U02026,500,502,2PN,2,2,82.82,93.69,10,MID,SE,N,OBSTRUCTED,False,0.884,2.6,False,0,0.1,7.6,NONE,False,SYNTHETIC,RISK_PROJECT_BASELINE,Tổ hợp thương mại căn hộ Phú Mỹ,1248,3000,20260630,TC-01,SUSPENDED_PENDING_REVIEW,2026-06-30,2026-05-15,SYNTHETIC_RISK_SCENARIO
502027,TST-U02027,TST-U02027,500,502,3PN,3,2,103.73,127.28,10,MID,NE,NW,CITY_OPEN,False,0.815,10.7,False,1,0.31,94.7,NONE,False,SYNTHETIC,RISK_PROJECT_BASELINE,Tổ hợp thương mại căn hộ Phú Mỹ,1248,3000,20260630,TC-01,SUSPENDED_PENDING_REVIEW,2026-06-30,2026-05-15,SYNTHETIC_RISK_SCENARIO
502028,TST-U02028,TST-U02028,500,502,2PN,2,2,74.69,84.49,10,MID,SW,SE,CITY_OPEN,False,0.884,14.9,False,0,0.53,107.9,NONE,False,SYNTHETIC,RISK_PROJECT_BASELINE,Tổ hợp thương mại căn hộ Phú Mỹ,1248,3000,20260630,TC-01,SUSPENDED_PENDING_REVIEW,2026-06-30,2026-05-15,SYNTHETIC_RISK_SCENARIO
502029,TST-U02029,TST-U02029,500,502,3PN,3,2,96.33,111.36,11,MID,SW,N,OBSTRUCTED,False,0.865,10.7,False,0,0.81,12.9,NONE,False,SYNTHETIC,RISK_PROJECT_BASELINE,Tổ hợp thương mại căn hộ Phú Mỹ,1248,3000,20260630,TC-01,SUSPENDED_PENDING_REVIEW,2026-06-30,2026-05-15,SYNTHETIC_RISK_SCENARIO
502030,TST-U02030,TST-U02030,500,502,1PN,1,1,58.68,70.28,11,MID,N,NE,OBSTRUCTED,True,0.835,6.6,True,1,0.09,12.7,NONE,False,SYNTHETIC,RISK_PROJECT_BASELINE,Tổ hợp thương mại căn hộ Phú Mỹ,1248,3000,20260630,TC-01,SUSPENDED_PENDING_REVIEW,2026-06-30,2026-05-15,SYNTHETIC_RISK_SCENARIO
502031,TST-U02031,TST-U02031,500,502,2PN,2,2,78.77,94.9,11,MID,NW,NW,CITY_OPEN,False,0.83,8.9,False,0,0.72,86.6,NONE,False,SYNTHETIC,RISK_PROJECT_BASELINE,Tổ hợp thương mại căn hộ Phú Mỹ,1248,3000,20260630,TC-01,SUSPENDED_PENDING_REVIEW,2026-06-30,2026-05-15,SYNTHETIC_RISK_SCENARIO
502032,TST-U02032,TST-U02032,500,502,1PN,1,1,52.07,61.77,11,MID,SW,W,OBSTRUCTED,False,0.843,2.3,False,0,0.76,5.1,NONE,False,SYNTHETIC,RISK_PROJECT_BASELINE,Tổ hợp thương mại căn hộ Phú Mỹ,1248,3000,20260630,TC-01,SUSPENDED_PENDING_REVIEW,2026-06-30,2026-05-15,SYNTHETIC_RISK_SCENARIO
502033,TST-U02033,TST-U02033,500,502,2PN,2,2,67.78,82.96,11,MID,NW,W,POOL,False,0.817,4.4,False,0,0.75,87.4,NONE,False,SYNTHETIC,RISK_PROJECT_BASELINE,Tổ hợp thương mại căn hộ Phú Mỹ,1248,3000,20260630,TC-01,SUSPENDED_PENDING_REVIEW,2026-06-30,2026-05-15,SYNTHETIC_RISK_SCENARIO
502034,TST-U02034,TST-U02034,500,502,1PN,1,1,53.65,65.91,11,MID,N,E,OBSTRUCTED,False,0.814,10.0,False,0,0.03,5.4,NONE,False,SYNTHETIC,RISK_PROJECT_BASELINE,Tổ hợp thương mại căn hộ Phú Mỹ,1248,3000,20260630,TC-01,SUSPENDED_PENDING_REVIEW,2026-06-30,2026-05-15,SYNTHETIC_RISK_SCENARIO
502035,TST-U02035,TST-U02035,500,502,1PN,1,1,55.2,62.23,11,MID,S,SW,PARK,False,0.887,14.1,False,0,0.22,29.4,NONE,False,SYNTHETIC,RISK_PROJECT_BASELINE,Tổ hợp thương mại căn hộ Phú Mỹ,1248,3000,20260630,TC-01,SUSPENDED_PENDING_REVIEW,2026-06-30,2026-05-15,SYNTHETIC_RISK_SCENARIO
502036,TST-U02036,TST-U02036,500,502,2PN,2,2,64.27,78.0,11,MID,W,SW,POOL,False,0.824,2.0,True,0,0.88,54.3,NONE,False,SYNTHETIC,RISK_PROJECT_BASELINE,Tổ hợp thương mại căn hộ Phú Mỹ,1248,3000,20260630,TC-01,SUSPENDED_PENDING_REVIEW,2026-06-30,2026-05-15,SYNTHETIC_RISK_SCENARIO
502037,TST-U02037,TST-U02037,500,502,2PN,2,2,76.33,87.63,11,MID,NE,N,CITY_OPEN,False,0.871,8.5,False,1,0.27,73.9,NONE,False,SYNTHETIC,RISK_PROJECT_BASELINE,Tổ hợp thương mại căn hộ Phú Mỹ,1248,3000,20260630,TC-01,SUSPENDED_PENDING_REVIEW,2026-06-30,2026-05-15,SYNTHETIC_RISK_SCENARIO
502038,TST-U02038,TST-U02038,500,502,2PN,2,2,77.87,96.97,11,MID,S,SW,CITY_OPEN,False,0.803,11.1,False,0,0.15,54.6,NONE,False,SYNTHETIC,RISK_PROJECT_BASELINE,Tổ hợp thương mại căn hộ Phú Mỹ,1248,3000,20260630,TC-01,SUSPENDED_PENDING_REVIEW,2026-06-30,2026-05-15,SYNTHETIC_RISK_SCENARIO
502039,TST-U02039,TST-U02039,500,502,1PN,1,1,51.59,58.23,11,MID,S,NW,OBSTRUCTED,False,0.886,3.4,False,1,0.3,15.4,NONE,False,SYNTHETIC,RISK_PROJECT_BASELINE,Tổ hợp thương mại căn hộ Phú Mỹ,1248,3000,20260630,TC-01,SUSPENDED_PENDING_REVIEW,2026-06-30,2026-05-15,SYNTHETIC_RISK_SCENARIO
502040,TST-U02040,TST-U02040,500,502,2PN,2,2,79.33,98.92,11,MID,NE,E,CITY_OPEN,True,0.802,8.0,False,1,0.09,53.8,WASTE_STATION,False,SYNTHETIC,RISK_PROJECT_BASELINE,Tổ hợp thương mại căn hộ Phú Mỹ,1248,3000,20260630,TC-01,SUSPENDED_PENDING_REVIEW,2026-06-30,2026-05-15,SYNTHETIC_RISK_SCENARIO
502041,TST-U02041,TST-U02041,500,502,2PN,2,2,73.56,88.73,11,MID,NE,NE,CITY_OPEN,False,0.829,1.3,False,0,0.13,103.3,NONE,False,SYNTHETIC,RISK_PROJECT_BASELINE,Tổ hợp thương mại căn hộ Phú Mỹ,1248,3000,20260630,TC-01,SUSPENDED_PENDING_REVIEW,2026-06-30,2026-05-15,SYNTHETIC_RISK_SCENARIO
502042,TST-U02042,TST-U02042,500,502,2PN,2,2,78.57,93.42,11,MID,NW,N,PARK,False,0.841,14.9,False,1,0.9,104.4,NONE,False,SYNTHETIC,RISK_PROJECT_BASELINE,Tổ hợp thương mại căn hộ Phú Mỹ,1248,3000,20260630,TC-01,SUSPENDED_PENDING_REVIEW,2026-06-30,2026-05-15,SYNTHETIC_RISK_SCENARIO
502043,TST-U02043,TST-U02043,500,502,2PN,2,2,72.36,85.23,11,MID,W,NE,OBSTRUCTED,True,0.849,13.8,False,1,0.71,5.6,NONE,False,SYNTHETIC,RISK_PROJECT_BASELINE,Tổ hợp thương mại căn hộ Phú Mỹ,1248,3000,20260630,TC-01,SUSPENDED_PENDING_REVIEW,2026-06-30,2026-05-15,SYNTHETIC_RISK_SCENARIO
502044,TST-U02044,TST-U02044,500,502,1PN,1,1,54.12,61.99,11,MID,NE,NW,CITY_OPEN,False,0.873,15.7,False,0,0.07,52.0,NONE,False,SYNTHETIC,RISK_PROJECT_BASELINE,Tổ hợp thương mại căn hộ Phú Mỹ,1248,3000,20260630,TC-01,SUSPENDED_PENDING_REVIEW,2026-06-30,2026-05-15,SYNTHETIC_RISK_SCENARIO
502045,TST-U02045,TST-U02045,500,502,2PN,2,2,71.98,84.58,11,MID,E,SE,OBSTRUCTED,False,0.851,12.1,False,1,0.18,8.3,NONE,False,SYNTHETIC,RISK_PROJECT_BASELINE,Tổ hợp thương mại căn hộ Phú Mỹ,1248,3000,20260630,TC-01,SUSPENDED_PENDING_REVIEW,2026-06-30,2026-05-15,SYNTHETIC_RISK_SCENARIO
502046,TST-U02046,TST-U02046,500,502,2PN,2,2,76.8,89.61,11,MID,S,N,PARK,False,0.857,2.1,False,1,0.23,92.7,NONE,False,SYNTHETIC,RISK_PROJECT_BASELINE,Tổ hợp thương mại căn hộ Phú Mỹ,1248,3000,20260630,TC-01,SUSPENDED_PENDING_REVIEW,2026-06-30,2026-05-15,SYNTHETIC_RISK_SCENARIO
502047,TST-U02047,TST-U02047,500,502,2PN,2,2,76.57,91.37,11,MID,E,NE,OBSTRUCTED,False,0.838,1.9,False,1,0.29,14.6,NONE,False,SYNTHETIC,RISK_PROJECT_BASELINE,Tổ hợp thương mại căn hộ Phú Mỹ,1248,3000,20260630,TC-01,SUSPENDED_PENDING_REVIEW,2026-06-30,2026-05-15,SYNTHETIC_RISK_SCENARIO
502048,TST-U02048,TST-U02048,500,502,2PN,2,2,76.77,91.94,11,MID,SE,NW,POOL,False,0.835,10.8,False,0,0.25,47.2,NONE,False,SYNTHETIC,RISK_PROJECT_BASELINE,Tổ hợp thương mại căn hộ Phú Mỹ,1248,3000,20260630,TC-01,SUSPENDED_PENDING_REVIEW,2026-06-30,2026-05-15,SYNTHETIC_RISK_SCENARIO
502049,TST-U02049,TST-U02049,500,502,2PN,2,2,78.95,92.45,11,MID,N,S,CITY_OPEN,False,0.854,4.4,False,0,0.07,93.0,NONE,False,SYNTHETIC,RISK_PROJECT_BASELINE,Tổ hợp thương mại căn hộ Phú Mỹ,1248,3000,20260630,TC-01,SUSPENDED_PENDING_REVIEW,2026-06-30,2026-05-15,SYNTHETIC_RISK_SCENARIO
502050,TST-U02050,TST-U02050,500,502,2PN,2,2,68.37,82.77,11,MID,N,NW,CITY_OPEN,False,0.826,9.0,False,0,0.18,74.4,NONE,False,SYNTHETIC,RISK_PROJECT_BASELINE,Tổ hợp thương mại căn hộ Phú Mỹ,1248,3000,20260630,TC-01,SUSPENDED_PENDING_REVIEW,2026-06-30,2026-05-15,SYNTHETIC_RISK_SCENARIO
502051,TST-U02051,TST-U02051,500,502,2PN,2,2,67.83,80.27,11,MID,E,N,CITY_OPEN,False,0.845,6.7,False,0,0.25,31.1,NONE,False,SYNTHETIC,RISK_PROJECT_BASELINE,Tổ hợp thương mại căn hộ Phú Mỹ,1248,3000,20260630,TC-01,SUSPENDED_PENDING_REVIEW,2026-06-30,2026-05-15,SYNTHETIC_RISK_SCENARIO
502052,TST-U02052,TST-U02052,500,502,2PN,2,2,71.73,84.39,11,MID,N,SE,POOL,False,0.85,14.7,False,0,0.28,103.9,NONE,False,SYNTHETIC,RISK_PROJECT_BASELINE,Tổ hợp thương mại căn hộ Phú Mỹ,1248,3000,20260630,TC-01,SUSPENDED_PENDING_REVIEW,2026-06-30,2026-05-15,SYNTHETIC_RISK_SCENARIO
502053,TST-U02053,TST-U02053,500,502,2PN,2,2,63.75,72.61,11,MID,E,SE,OBSTRUCTED,True,0.878,5.5,False,1,0.13,12.1,NONE,False,SYNTHETIC,RISK_PROJECT_BASELINE,Tổ hợp thương mại căn hộ Phú Mỹ,1248,3000,20260630,TC-01,SUSPENDED_PENDING_REVIEW,2026-06-30,2026-05-15,SYNTHETIC_RISK_SCENARIO
502054,TST-U02054,TST-U02054,500,502,2PN,2,2,78.09,97.01,11,MID,SE,NE,OBSTRUCTED,True,0.805,10.8,False,0,0.08,14.9,NONE,False,SYNTHETIC,RISK_PROJECT_BASELINE,Tổ hợp thương mại căn hộ Phú Mỹ,1248,3000,20260630,TC-01,SUSPENDED_PENDING_REVIEW,2026-06-30,2026-05-15,SYNTHETIC_RISK_SCENARIO
502055,TST-U02055,TST-U02055,500,502,2PN,2,2,66.47,79.51,11,MID,S,N,OBSTRUCTED,False,0.836,8.8,False,0,0.07,12.8,NONE,False,SYNTHETIC,RISK_PROJECT_BASELINE,Tổ hợp thương mại căn hộ Phú Mỹ,1248,3000,20260630,TC-01,SUSPENDED_PENDING_REVIEW,2026-06-30,2026-05-15,SYNTHETIC_RISK_SCENARIO
502056,TST-U02056,TST-U02056,500,502,1PN,1,1,49.15,60.98,11,MID,W,NE,CITY_OPEN,False,0.806,9.0,True,0,0.93,71.2,NONE,False,SYNTHETIC,RISK_PROJECT_BASELINE,Tổ hợp thương mại căn hộ Phú Mỹ,1248,3000,20260630,TC-01,SUSPENDED_PENDING_REVIEW,2026-06-30,2026-05-15,SYNTHETIC_RISK_SCENARIO
502057,TST-U02057,TST-U02057,500,502,2PN,2,2,74.64,84.91,11,MID,NE,S,CITY_OPEN,False,0.879,1.2,False,0,0.25,56.6,CEMETERY,False,SYNTHETIC,RISK_PROJECT_BASELINE,Tổ hợp thương mại căn hộ Phú Mỹ,1248,3000,20260630,TC-01,SUSPENDED_PENDING_REVIEW,2026-06-30,2026-05-15,SYNTHETIC_RISK_SCENARIO
502058,TST-U02058,TST-U02058,500,502,3PN,3,2,114.56,131.08,11,MID,E,NW,PARK,False,0.874,14.8,True,0,0.3,60.6,NONE,False,SYNTHETIC,RISK_PROJECT_BASELINE,Tổ hợp thương mại căn hộ Phú Mỹ,1248,3000,20260630,TC-01,SUSPENDED_PENDING_REVIEW,2026-06-30,2026-05-15,SYNTHETIC_RISK_SCENARIO
502059,TST-U02059,TST-U02059,500,502,3PN,3,2,108.46,125.24,11,MID,E,NE,OBSTRUCTED,True,0.866,15.7,False,1,0.13,7.3,NONE,False,SYNTHETIC,RISK_PROJECT_BASELINE,Tổ hợp thương mại căn hộ Phú Mỹ,1248,3000,20260630,TC-01,SUSPENDED_PENDING_REVIEW,2026-06-30,2026-05-15,SYNTHETIC_RISK_SCENARIO
502060,TST-U02060,TST-U02060,500,502,2PN,2,2,82.54,95.53,11,MID,NE,N,PARK,False,0.864,2.9,True,0,0.24,88.5,NONE,False,SYNTHETIC,RISK_PROJECT_BASELINE,Tổ hợp thương mại căn hộ Phú Mỹ,1248,3000,20260630,TC-01,SUSPENDED_PENDING_REVIEW,2026-06-30,2026-05-15,SYNTHETIC_RISK_SCENARIO
502061,TST-U02061,TST-U02061,500,502,2PN,2,2,84.85,105.14,11,MID,NE,NW,OBSTRUCTED,False,0.807,4.2,False,0,0.07,17.1,NONE,False,SYNTHETIC,RISK_PROJECT_BASELINE,Tổ hợp thương mại căn hộ Phú Mỹ,1248,3000,20260630,TC-01,SUSPENDED_PENDING_REVIEW,2026-06-30,2026-05-15,SYNTHETIC_RISK_SCENARIO
502062,TST-U02062,TST-U02062,500,502,1PN,1,1,49.3,57.39,11,MID,S,N,OBSTRUCTED,False,0.859,2.7,False,0,0.26,14.4,NONE,False,SYNTHETIC,RISK_PROJECT_BASELINE,Tổ hợp thương mại căn hộ Phú Mỹ,1248,3000,20260630,TC-01,SUSPENDED_PENDING_REVIEW,2026-06-30,2026-05-15,SYNTHETIC_RISK_SCENARIO
502063,TST-U02063,TST-U02063,500,502,3PN,3,2,104.26,125.77,11,MID,N,SE,OBSTRUCTED,False,0.829,15.5,False,1,0.22,15.7,NONE,False,SYNTHETIC,RISK_PROJECT_BASELINE,Tổ hợp thương mại căn hộ Phú Mỹ,1248,3000,20260630,TC-01,SUSPENDED_PENDING_REVIEW,2026-06-30,2026-05-15,SYNTHETIC_RISK_SCENARIO
502064,TST-U02064,TST-U02064,500,502,3PN,3,2,91.31,113.43,11,MID,W,E,OBSTRUCTED,False,0.805,5.9,False,0,0.92,5.9,NONE,False,SYNTHETIC,RISK_PROJECT_BASELINE,Tổ hợp thương mại căn hộ Phú Mỹ,1248,3000,20260630,TC-01,SUSPENDED_PENDING_REVIEW,2026-06-30,2026-05-15,SYNTHETIC_RISK_SCENARIO
502065,TST-U02065,TST-U02065,500,502,2PN,2,2,65.23,73.46,11,MID,W,W,OBSTRUCTED,False,0.888,9.2,False,1,0.6,9.8,NONE,False,SYNTHETIC,RISK_PROJECT_BASELINE,Tổ hợp thương mại căn hộ Phú Mỹ,1248,3000,20260630,TC-01,SUSPENDED_PENDING_REVIEW,2026-06-30,2026-05-15,SYNTHETIC_RISK_SCENARIO
502066,TST-U02066,TST-U02066,500,502,STUDIO,1,1,46.29,53.02,11,MID,E,SE,PARK,False,0.873,1.5,False,0,0.25,49.6,NONE,False,SYNTHETIC,RISK_PROJECT_BASELINE,Tổ hợp thương mại căn hộ Phú Mỹ,1248,3000,20260630,TC-01,SUSPENDED_PENDING_REVIEW,2026-06-30,2026-05-15,SYNTHETIC_RISK_SCENARIO
502067,TST-U02067,TST-U02067,500,502,1PN,1,1,60.99,73.84,11,MID,NW,NW,PARK,False,0.826,8.6,False,1,0.7,43.3,NONE,False,SYNTHETIC,RISK_PROJECT_BASELINE,Tổ hợp thương mại căn hộ Phú Mỹ,1248,3000,20260630,TC-01,SUSPENDED_PENDING_REVIEW,2026-06-30,2026-05-15,SYNTHETIC_RISK_SCENARIO
502068,TST-U02068,TST-U02068,500,502,3PN,3,2,110.14,130.96,11,MID,NE,SW,CITY_OPEN,False,0.841,5.7,True,0,0.29,75.7,NONE,False,SYNTHETIC,RISK_PROJECT_BASELINE,Tổ hợp thương mại căn hộ Phú Mỹ,1248,3000,20260630,TC-01,SUSPENDED_PENDING_REVIEW,2026-06-30,2026-05-15,SYNTHETIC_RISK_SCENARIO
502069,TST-U02069,TST-U02069,500,502,3PN,3,2,106.96,123.94,11,MID,E,S,PARK,False,0.863,13.4,False,0,0.3,49.8,NONE,False,SYNTHETIC,RISK_PROJECT_BASELINE,Tổ hợp thương mại căn hộ Phú Mỹ,1248,3000,20260630,TC-01,SUSPENDED_PENDING_REVIEW,2026-06-30,2026-05-15,SYNTHETIC_RISK_SCENARIO
502070,TST-U02070,TST-U02070,500,502,STUDIO,1,1,43.02,50.61,11,MID,NE,N,CITY_OPEN,False,0.85,9.1,False,2,0.27,62.3,NONE,False,SYNTHETIC,RISK_PROJECT_BASELINE,Tổ hợp thương mại căn hộ Phú Mỹ,1248,3000,20260630,TC-01,SUSPENDED_PENDING_REVIEW,2026-06-30,2026-05-15,SYNTHETIC_RISK_SCENARIO
502071,TST-U02071,TST-U02071,500,502,1PN,1,1,49.82,57.6,11,MID,S,NW,OBSTRUCTED,False,0.865,4.4,False,1,0.16,16.1,NONE,False,SYNTHETIC,RISK_PROJECT_BASELINE,Tổ hợp thương mại căn hộ Phú Mỹ,1248,3000,20260630,TC-01,SUSPENDED_PENDING_REVIEW,2026-06-30,2026-05-15,SYNTHETIC_RISK_SCENARIO
502072,TST-U02072,TST-U02072,500,502,1PN,1,1,58.72,69.41,11,MID,N,S,OBSTRUCTED,False,0.846,3.4,False,0,0.21,4.9,NONE,False,SYNTHETIC,RISK_PROJECT_BASELINE,Tổ hợp thương mại căn hộ Phú Mỹ,1248,3000,20260630,TC-01,SUSPENDED_PENDING_REVIEW,2026-06-30,2026-05-15,SYNTHETIC_RISK_SCENARIO
502073,TST-U02073,TST-U02073,500,502,2PN,2,2,68.59,79.66,11,MID,NW,SE,PARK,False,0.861,2.6,False,2,0.94,54.4,NONE,False,SYNTHETIC,RISK_PROJECT_BASELINE,Tổ hợp thương mại căn hộ Phú Mỹ,1248,3000,20260630,TC-01,SUSPENDED_PENDING_REVIEW,2026-06-30,2026-05-15,SYNTHETIC_RISK_SCENARIO
502074,TST-U02074,TST-U02074,500,502,3PN,3,2,97.17,110.42,11,MID,SE,E,OBSTRUCTED,False,0.88,14.6,False,0,0.24,8.8,NONE,False,SYNTHETIC,RISK_PROJECT_BASELINE,Tổ hợp thương mại căn hộ Phú Mỹ,1248,3000,20260630,TC-01,SUSPENDED_PENDING_REVIEW,2026-06-30,2026-05-15,SYNTHETIC_RISK_SCENARIO
502075,TST-U02075,TST-U02075,500,502,2PN,2,2,74.62,92.47,11,MID,W,S,CITY_OPEN,False,0.807,1.6,False,0,0.52,29.8,NONE,False,SYNTHETIC,RISK_PROJECT_BASELINE,Tổ hợp thương mại căn hộ Phú Mỹ,1248,3000,20260630,TC-01,SUSPENDED_PENDING_REVIEW,2026-06-30,2026-05-15,SYNTHETIC_RISK_SCENARIO
502076,TST-U02076,TST-U02076,500,502,1PN,1,1,51.56,61.97,11,MID,S,S,OBSTRUCTED,False,0.832,13.4,False,0,0.03,13.0,NONE,False,SYNTHETIC,RISK_PROJECT_BASELINE,Tổ hợp thương mại căn hộ Phú Mỹ,1248,3000,20260630,TC-01,SUSPENDED_PENDING_REVIEW,2026-06-30,2026-05-15,SYNTHETIC_RISK_SCENARIO
502077,TST-U02077,TST-U02077,500,502,2PN,2,2,68.25,77.73,11,MID,SW,SE,OBSTRUCTED,False,0.878,9.8,True,1,0.82,13.8,NONE,False,SYNTHETIC,RISK_PROJECT_BASELINE,Tổ hợp thương mại căn hộ Phú Mỹ,1248,3000,20260630,TC-01,SUSPENDED_PENDING_REVIEW,2026-06-30,2026-05-15,SYNTHETIC_RISK_SCENARIO
502078,TST-U02078,TST-U02078,500,502,2PN,2,2,71.08,80.32,11,MID,SE,S,CITY_OPEN,False,0.885,2.0,False,0,0.28,54.6,NONE,False,SYNTHETIC,RISK_PROJECT_BASELINE,Tổ hợp thương mại căn hộ Phú Mỹ,1248,3000,20260630,TC-01,SUSPENDED_PENDING_REVIEW,2026-06-30,2026-05-15,SYNTHETIC_RISK_SCENARIO
502079,TST-U02079,TST-U02079,500,502,2PN,2,2,66.55,79.23,11,MID,SE,SW,OBSTRUCTED,False,0.84,5.1,False,0,0.1,12.4,NONE,False,SYNTHETIC,RISK_PROJECT_BASELINE,Tổ hợp thương mại căn hộ Phú Mỹ,1248,3000,20260630,TC-01,SUSPENDED_PENDING_REVIEW,2026-06-30,2026-05-15,SYNTHETIC_RISK_SCENARIO
502080,TST-U02080,TST-U02080,500,502,1PN,1,1,55.2,65.87,11,MID,SE,SE,POOL,False,0.838,2.6,True,0,0.05,59.9,NONE,False,SYNTHETIC,RISK_PROJECT_BASELINE,Tổ hợp thương mại căn hộ Phú Mỹ,1248,3000,20260630,TC-01,SUSPENDED_PENDING_REVIEW,2026-06-30,2026-05-15,SYNTHETIC_RISK_SCENARIO
502081,TST-U02081,TST-U02081,500,502,2PN,2,2,69.66,86.64,11,MID,SE,SE,OBSTRUCTED,True,0.804,12.8,False,2,0.21,5.8,NONE,False,SYNTHETIC,RISK_PROJECT_BASELINE,Tổ hợp thương mại căn hộ Phú Mỹ,1248,3000,20260630,TC-01,SUSPENDED_PENDING_REVIEW,2026-06-30,2026-05-15,SYNTHETIC_RISK_SCENARIO
502082,TST-U02082,TST-U02082,500,502,3PN,3,2,108.42,126.66,11,MID,E,SE,POOL,False,0.856,6.6,False,1,0.02,53.8,NONE,False,SYNTHETIC,RISK_PROJECT_BASELINE,Tổ hợp thương mại căn hộ Phú Mỹ,1248,3000,20260630,TC-01,SUSPENDED_PENDING_REVIEW,2026-06-30,2026-05-15,SYNTHETIC_RISK_SCENARIO
502083,TST-U02083,TST-U02083,500,502,3PN,3,2,110.4,129.88,11,MID,NW,SE,CITY_OPEN,True,0.85,15.1,False,0,0.72,29.0,NONE,False,SYNTHETIC,RISK_PROJECT_BASELINE,Tổ hợp thương mại căn hộ Phú Mỹ,1248,3000,20260630,TC-01,SUSPENDED_PENDING_REVIEW,2026-06-30,2026-05-15,SYNTHETIC_RISK_SCENARIO
502084,TST-U02084,TST-U02084,500,502,2PN,2,2,77.53,89.01,11,MID,NW,NE,CITY_OPEN,False,0.871,11.4,False,0,0.73,107.4,NONE,False,SYNTHETIC,RISK_PROJECT_BASELINE,Tổ hợp thương mại căn hộ Phú Mỹ,1248,3000,20260630,TC-01,SUSPENDED_PENDING_REVIEW,2026-06-30,2026-05-15,SYNTHETIC_RISK_SCENARIO
502085,TST-U02085,TST-U02085,500,502,2PN,2,2,75.0,91.58,11,MID,NW,SE,CITY_OPEN,False,0.819,8.7,False,0,0.83,64.0,NONE,False,SYNTHETIC,RISK_PROJECT_BASELINE,Tổ hợp thương mại căn hộ Phú Mỹ,1248,3000,20260630,TC-01,SUSPENDED_PENDING_REVIEW,2026-06-30,2026-05-15,SYNTHETIC_RISK_SCENARIO
502086,TST-U02086,TST-U02086,500,502,1PN,1,1,52.99,65.5,11,MID,S,NW,CITY_OPEN,False,0.809,3.4,False,0,0.16,55.4,NONE,False,SYNTHETIC,RISK_PROJECT_BASELINE,Tổ hợp thương mại căn hộ Phú Mỹ,1248,3000,20260630,TC-01,SUSPENDED_PENDING_REVIEW,2026-06-30,2026-05-15,SYNTHETIC_RISK_SCENARIO
502087,TST-U02087,TST-U02087,500,502,3PN,3,2,106.65,123.01,11,MID,W,S,POOL,False,0.867,7.1,False,0,0.52,96.3,NONE,False,SYNTHETIC,RISK_PROJECT_BASELINE,Tổ hợp thương mại căn hộ Phú Mỹ,1248,3000,20260630,TC-01,SUSPENDED_PENDING_REVIEW,2026-06-30,2026-05-15,SYNTHETIC_RISK_SCENARIO
502088,TST-U02088,TST-U02088,500,502,1PN,1,1,50.15,59.14,11,MID,SE,SW,OBSTRUCTED,False,0.848,4.3,False,1,0.24,15.9,NONE,False,SYNTHETIC,RISK_PROJECT_BASELINE,Tổ hợp thương mại căn hộ Phú Mỹ,1248,3000,20260630,TC-01,SUSPENDED_PENDING_REVIEW,2026-06-30,2026-05-15,SYNTHETIC_RISK_SCENARIO
502089,TST-U02089,TST-U02089,500,502,1PN,1,1,59.03,69.04,11,MID,NW,NE,CITY_OPEN,False,0.855,11.5,False,0,0.87,100.3,NONE,False,SYNTHETIC,RISK_PROJECT_BASELINE,Tổ hợp thương mại căn hộ Phú Mỹ,1248,3000,20260630,TC-01,SUSPENDED_PENDING_REVIEW,2026-06-30,2026-05-15,SYNTHETIC_RISK_SCENARIO
502090,TST-U02090,TST-U02090,500,502,2PN,2,2,67.23,83.41,11,MID,W,NE,CITY_OPEN,False,0.806,2.8,True,0,0.85,53.5,NONE,False,SYNTHETIC,RISK_PROJECT_BASELINE,Tổ hợp thương mại căn hộ Phú Mỹ,1248,3000,20260630,TC-01,SUSPENDED_PENDING_REVIEW,2026-06-30,2026-05-15,SYNTHETIC_RISK_SCENARIO
502091,TST-U02091,TST-U02091,500,502,1PN,1,1,59.57,67.08,11,MID,NW,W,CITY_OPEN,False,0.888,12.3,False,0,0.68,77.1,NONE,False,SYNTHETIC,RISK_PROJECT_BASELINE,Tổ hợp thương mại căn hộ Phú Mỹ,1248,3000,20260630,TC-01,SUSPENDED_PENDING_REVIEW,2026-06-30,2026-05-15,SYNTHETIC_RISK_SCENARIO
502092,TST-U02092,TST-U02092,500,502,1PN,1,1,54.83,66.7,11,MID,SE,E,OBSTRUCTED,False,0.822,1.9,False,1,0.25,5.5,NONE,False,SYNTHETIC,RISK_PROJECT_BASELINE,Tổ hợp thương mại căn hộ Phú Mỹ,1248,3000,20260630,TC-01,SUSPENDED_PENDING_REVIEW,2026-06-30,2026-05-15,SYNTHETIC_RISK_SCENARIO
502093,TST-U02093,TST-U02093,500,502,3PN,3,2,109.69,124.08,11,MID,SE,S,OBSTRUCTED,False,0.884,15.2,False,0,0.1,17.2,NONE,False,SYNTHETIC,RISK_PROJECT_BASELINE,Tổ hợp thương mại căn hộ Phú Mỹ,1248,3000,20260630,TC-01,SUSPENDED_PENDING_REVIEW,2026-06-30,2026-05-15,SYNTHETIC_RISK_SCENARIO
502094,TST-U02094,TST-U02094,500,502,1PN,1,1,53.23,64.52,11,MID,E,SE,PARK,False,0.825,1.4,False,1,0.24,100.4,NONE,False,SYNTHETIC,RISK_PROJECT_BASELINE,Tổ hợp thương mại căn hộ Phú Mỹ,1248,3000,20260630,TC-01,SUSPENDED_PENDING_REVIEW,2026-06-30,2026-05-15,SYNTHETIC_RISK_SCENARIO
502095,TST-U02095,TST-U02095,500,502,3PN,3,2,97.3,116.95,12,MID,SE,N,PARK,True,0.832,12.8,False,0,0.13,80.7,WASTE_STATION,False,SYNTHETIC,RISK_PROJECT_BASELINE,Tổ hợp thương mại căn hộ Phú Mỹ,1248,3000,20260630,TC-01,SUSPENDED_PENDING_REVIEW,2026-06-30,2026-05-15,SYNTHETIC_RISK_SCENARIO
502096,TST-U02096,TST-U02096,500,502,1PN,1,1,56.08,70.01,12,MID,SE,SE,OBSTRUCTED,False,0.801,15.1,False,0,0.07,9.4,NONE,False,SYNTHETIC,RISK_PROJECT_BASELINE,Tổ hợp thương mại căn hộ Phú Mỹ,1248,3000,20260630,TC-01,SUSPENDED_PENDING_REVIEW,2026-06-30,2026-05-15,SYNTHETIC_RISK_SCENARIO
502097,TST-U02097,TST-U02097,500,502,2PN,2,2,74.57,91.16,12,MID,S,N,PARK,False,0.818,4.2,False,0,0.17,78.9,NONE,False,SYNTHETIC,RISK_PROJECT_BASELINE,Tổ hợp thương mại căn hộ Phú Mỹ,1248,3000,20260630,TC-01,SUSPENDED_PENDING_REVIEW,2026-06-30,2026-05-15,SYNTHETIC_RISK_SCENARIO
502098,TST-U02098,TST-U02098,500,502,2PN,2,2,73.96,91.2,12,MID,NE,SE,OBSTRUCTED,False,0.811,11.8,False,1,0.05,9.8,TEMPLE,False,SYNTHETIC,RISK_PROJECT_BASELINE,Tổ hợp thương mại căn hộ Phú Mỹ,1248,3000,20260630,TC-01,SUSPENDED_PENDING_REVIEW,2026-06-30,2026-05-15,SYNTHETIC_RISK_SCENARIO
502099,TST-U02099,TST-U02099,500,502,1PN,1,1,57.93,69.63,12,MID,N,SE,POOL,True,0.832,13.9,False,0,0.3,62.0,NONE,False,SYNTHETIC,RISK_PROJECT_BASELINE,Tổ hợp thương mại căn hộ Phú Mỹ,1248,3000,20260630,TC-01,SUSPENDED_PENDING_REVIEW,2026-06-30,2026-05-15,SYNTHETIC_RISK_SCENARIO
502100,TST-U02100,TST-U02100,500,502,1PN,1,1,50.93,60.13,12,MID,SE,NE,CITY_OPEN,False,0.847,10.4,True,2,0.03,62.8,NONE,False,SYNTHETIC,RISK_PROJECT_BASELINE,Tổ hợp thương mại căn hộ Phú Mỹ,1248,3000,20260630,TC-01,SUSPENDED_PENDING_REVIEW,2026-06-30,2026-05-15,SYNTHETIC_RISK_SCENARIO
502101,TST-U02101,TST-U02101,500,502,3PN,3,2,105.63,124.86,12,MID,S,S,CITY_OPEN,False,0.846,2.9,False,1,0.08,88.8,NONE,False,SYNTHETIC,RISK_PROJECT_BASELINE,Tổ hợp thương mại căn hộ Phú Mỹ,1248,3000,20260630,TC-01,SUSPENDED_PENDING_REVIEW,2026-06-30,2026-05-15,SYNTHETIC_RISK_SCENARIO
502102,TST-U02102,TST-U02102,500,502,2PN,2,2,70.83,81.04,12,MID,S,N,POOL,False,0.874,2.9,False,0,0.31,71.1,NONE,False,SYNTHETIC,RISK_PROJECT_BASELINE,Tổ hợp thương mại căn hộ Phú Mỹ,1248,3000,20260630,TC-01,SUSPENDED_PENDING_REVIEW,2026-06-30,2026-05-15,SYNTHETIC_RISK_SCENARIO
502103,TST-U02103,TST-U02103,500,502,2PN,2,2,80.21,91.88,12,MID,SW,NW,CITY_OPEN,False,0.873,7.1,True,1,0.81,34.0,NONE,False,SYNTHETIC,RISK_PROJECT_BASELINE,Tổ hợp thương mại căn hộ Phú Mỹ,1248,3000,20260630,TC-01,SUSPENDED_PENDING_REVIEW,2026-06-30,2026-05-15,SYNTHETIC_RISK_SCENARIO
502104,TST-U02104,TST-U02104,500,502,2PN,2,2,76.11,91.7,12,MID,E,NE,CITY_OPEN,False,0.83,9.7,False,0,0.22,96.9,NONE,False,SYNTHETIC,RISK_PROJECT_BASELINE,Tổ hợp thương mại căn hộ Phú Mỹ,1248,3000,20260630,TC-01,SUSPENDED_PENDING_REVIEW,2026-06-30,2026-05-15,SYNTHETIC_RISK_SCENARIO
502105,TST-U02105,TST-U02105,500,502,3PN,3,2,100.5,114.33,12,MID,E,S,PARK,True,0.879,5.8,True,1,0.23,62.1,NONE,False,SYNTHETIC,RISK_PROJECT_BASELINE,Tổ hợp thương mại căn hộ Phú Mỹ,1248,3000,20260630,TC-01,SUSPENDED_PENDING_REVIEW,2026-06-30,2026-05-15,SYNTHETIC_RISK_SCENARIO
502106,TST-U02106,TST-U02106,500,502,3PN,3,2,106.19,120.12,12,MID,NE,W,CITY_OPEN,False,0.884,7.8,False,0,0.07,99.6,NONE,False,SYNTHETIC,RISK_PROJECT_BASELINE,Tổ hợp thương mại căn hộ Phú Mỹ,1248,3000,20260630,TC-01,SUSPENDED_PENDING_REVIEW,2026-06-30,2026-05-15,SYNTHETIC_RISK_SCENARIO
502107,TST-U02107,TST-U02107,500,502,STUDIO,1,1,46.1,52.81,12,MID,N,NW,POOL,True,0.873,10.6,False,0,0.03,83.7,NONE,False,SYNTHETIC,RISK_PROJECT_BASELINE,Tổ hợp thương mại căn hộ Phú Mỹ,1248,3000,20260630,TC-01,SUSPENDED_PENDING_REVIEW,2026-06-30,2026-05-15,SYNTHETIC_RISK_SCENARIO
502108,TST-U02108,TST-U02108,500,502,2PN,2,2,70.16,83.52,12,MID,NW,N,OBSTRUCTED,False,0.84,11.7,False,0,0.72,7.5,NONE,False,SYNTHETIC,RISK_PROJECT_BASELINE,Tổ hợp thương mại căn hộ Phú Mỹ,1248,3000,20260630,TC-01,SUSPENDED_PENDING_REVIEW,2026-06-30,2026-05-15,SYNTHETIC_RISK_SCENARIO
502109,TST-U02109,TST-U02109,500,502,STUDIO,1,1,46.67,57.48,12,MID,SE,E,OBSTRUCTED,False,0.812,10.0,False,0,0.11,11.6,NONE,False,SYNTHETIC,RISK_PROJECT_BASELINE,Tổ hợp thương mại căn hộ Phú Mỹ,1248,3000,20260630,TC-01,SUSPENDED_PENDING_REVIEW,2026-06-30,2026-05-15,SYNTHETIC_RISK_SCENARIO
502110,TST-U02110,TST-U02110,500,502,STUDIO,1,1,40.63,50.53,12,MID,N,W,OBSTRUCTED,False,0.804,8.4,False,0,0.32,7.2,CEMETERY,False,SYNTHETIC,RISK_PROJECT_BASELINE,Tổ hợp thương mại căn hộ Phú Mỹ,1248,3000,20260630,TC-01,SUSPENDED_PENDING_REVIEW,2026-06-30,2026-05-15,SYNTHETIC_RISK_SCENARIO
502111,TST-U02111,TST-U02111,500,502,3PN,3,2,105.53,126.23,12,MID,E,NE,OBSTRUCTED,False,0.836,4.3,False,0,0.23,17.8,NONE,False,SYNTHETIC,RISK_PROJECT_BASELINE,Tổ hợp thương mại căn hộ Phú Mỹ,1248,3000,20260630,TC-01,SUSPENDED_PENDING_REVIEW,2026-06-30,2026-05-15,SYNTHETIC_RISK_SCENARIO
502112,TST-U02112,TST-U02112,500,502,2PN,2,2,83.25,95.14,12,MID,E,NE,CITY_OPEN,False,0.875,2.6,False,0,0.03,45.1,NONE,False,SYNTHETIC,RISK_PROJECT_BASELINE,Tổ hợp thương mại căn hộ Phú Mỹ,1248,3000,20260630,TC-01,SUSPENDED_PENDING_REVIEW,2026-06-30,2026-05-15,SYNTHETIC_RISK_SCENARIO
502113,TST-U02113,TST-U02113,500,502,2PN,2,2,77.6,94.63,12,MID,S,E,PARK,True,0.82,6.6,True,0,0.21,77.8,NONE,False,SYNTHETIC,RISK_PROJECT_BASELINE,Tổ hợp thương mại căn hộ Phú Mỹ,1248,3000,20260630,TC-01,SUSPENDED_PENDING_REVIEW,2026-06-30,2026-05-15,SYNTHETIC_RISK_SCENARIO
502114,TST-U02114,TST-U02114,500,502,2PN,2,2,74.33,90.54,12,MID,W,NE,OBSTRUCTED,False,0.821,13.1,False,0,0.83,16.0,NONE,False,SYNTHETIC,RISK_PROJECT_BASELINE,Tổ hợp thương mại căn hộ Phú Mỹ,1248,3000,20260630,TC-01,SUSPENDED_PENDING_REVIEW,2026-06-30,2026-05-15,SYNTHETIC_RISK_SCENARIO
502115,TST-U02115,TST-U02115,500,502,2PN,2,2,79.47,98.84,12,MID,NE,W,PARK,True,0.804,8.8,True,1,0.04,54.3,NONE,False,SYNTHETIC,RISK_PROJECT_BASELINE,Tổ hợp thương mại căn hộ Phú Mỹ,1248,3000,20260630,TC-01,SUSPENDED_PENDING_REVIEW,2026-06-30,2026-05-15,SYNTHETIC_RISK_SCENARIO
502116,TST-U02116,TST-U02116,500,502,3PN,3,2,111.16,130.93,12,MID,NE,N,CITY_OPEN,False,0.849,3.8,False,2,0.2,60.7,NONE,False,SYNTHETIC,RISK_PROJECT_BASELINE,Tổ hợp thương mại căn hộ Phú Mỹ,1248,3000,20260630,TC-01,SUSPENDED_PENDING_REVIEW,2026-06-30,2026-05-15,SYNTHETIC_RISK_SCENARIO
502117,TST-U02117,TST-U02117,500,502,3PN,3,2,97.23,111.12,12,MID,SE,W,OBSTRUCTED,False,0.875,15.9,False,1,0.3,12.8,NONE,False,SYNTHETIC,RISK_PROJECT_BASELINE,Tổ hợp thương mại căn hộ Phú Mỹ,1248,3000,20260630,TC-01,SUSPENDED_PENDING_REVIEW,2026-06-30,2026-05-15,SYNTHETIC_RISK_SCENARIO
502118,TST-U02118,TST-U02118,500,502,1PN,1,1,54.53,66.66,12,MID,SW,NE,CITY_OPEN,False,0.818,11.6,False,1,0.65,78.2,NONE,False,SYNTHETIC,RISK_PROJECT_BASELINE,Tổ hợp thương mại căn hộ Phú Mỹ,1248,3000,20260630,TC-01,SUSPENDED_PENDING_REVIEW,2026-06-30,2026-05-15,SYNTHETIC_RISK_SCENARIO
502119,TST-U02119,TST-U02119,500,502,3PN,3,2,114.96,133.99,12,MID,SE,NE,CITY_OPEN,False,0.858,13.1,True,0,0.02,41.0,NONE,False,SYNTHETIC,RISK_PROJECT_BASELINE,Tổ hợp thương mại căn hộ Phú Mỹ,1248,3000,20260630,TC-01,SUSPENDED_PENDING_REVIEW,2026-06-30,2026-05-15,SYNTHETIC_RISK_SCENARIO
502120,TST-U02120,TST-U02120,500,502,2PN,2,2,72.8,87.29,12,MID,SW,SW,OBSTRUCTED,False,0.834,10.6,False,0,0.73,16.9,NONE,False,SYNTHETIC,RISK_PROJECT_BASELINE,Tổ hợp thương mại căn hộ Phú Mỹ,1248,3000,20260630,TC-01,SUSPENDED_PENDING_REVIEW,2026-06-30,2026-05-15,SYNTHETIC_RISK_SCENARIO
502121,TST-U02121,TST-U02121,500,502,1PN,1,1,52.79,63.37,12,MID,SW,SE,CITY_OPEN,True,0.833,2.4,False,0,0.66,31.8,NONE,False,SYNTHETIC,RISK_PROJECT_BASELINE,Tổ hợp thương mại căn hộ Phú Mỹ,1248,3000,20260630,TC-01,SUSPENDED_PENDING_REVIEW,2026-06-30,2026-05-15,SYNTHETIC_RISK_SCENARIO
502122,TST-U02122,TST-U02122,500,502,2PN,2,2,79.03,94.76,12,MID,NE,SW,CITY_OPEN,False,0.834,6.8,True,0,0.02,96.8,NONE,False,SYNTHETIC,RISK_PROJECT_BASELINE,Tổ hợp thương mại căn hộ Phú Mỹ,1248,3000,20260630,TC-01,SUSPENDED_PENDING_REVIEW,2026-06-30,2026-05-15,SYNTHETIC_RISK_SCENARIO
502123,TST-U02123,TST-U02123,500,502,2PN,2,2,66.72,79.71,12,MID,W,NE,CITY_OPEN,False,0.837,14.4,False,1,0.63,99.4,NONE,False,SYNTHETIC,RISK_PROJECT_BASELINE,Tổ hợp thương mại căn hộ Phú Mỹ,1248,3000,20260630,TC-01,SUSPENDED_PENDING_REVIEW,2026-06-30,2026-05-15,SYNTHETIC_RISK_SCENARIO
502124,TST-U02124,TST-U02124,500,502,2PN,2,2,65.3,77.46,12,MID,E,E,CITY_OPEN,False,0.843,3.3,False,1,0.2,63.3,NONE,False,SYNTHETIC,RISK_PROJECT_BASELINE,Tổ hợp thương mại căn hộ Phú Mỹ,1248,3000,20260630,TC-01,SUSPENDED_PENDING_REVIEW,2026-06-30,2026-05-15,SYNTHETIC_RISK_SCENARIO
502125,TST-U02125,TST-U02125,500,502,3PN,3,2,105.96,119.19,12,MID,W,SE,POOL,False,0.889,9.9,False,1,0.84,68.9,WASTE_STATION,False,SYNTHETIC,RISK_PROJECT_BASELINE,Tổ hợp thương mại căn hộ Phú Mỹ,1248,3000,20260630,TC-01,SUSPENDED_PENDING_REVIEW,2026-06-30,2026-05-15,SYNTHETIC_RISK_SCENARIO
502126,TST-U02126,TST-U02126,500,502,STUDIO,1,1,40.31,46.49,12,MID,E,SW,PARK,True,0.867,12.7,False,0,0.12,58.2,NONE,False,SYNTHETIC,RISK_PROJECT_BASELINE,Tổ hợp thương mại căn hộ Phú Mỹ,1248,3000,20260630,TC-01,SUSPENDED_PENDING_REVIEW,2026-06-30,2026-05-15,SYNTHETIC_RISK_SCENARIO
502127,TST-U02127,TST-U02127,500,502,2PN,2,2,76.2,85.71,12,MID,E,NE,CITY_OPEN,False,0.889,8.0,False,0,0.19,34.4,NONE,False,SYNTHETIC,RISK_PROJECT_BASELINE,Tổ hợp thương mại căn hộ Phú Mỹ,1248,3000,20260630,TC-01,SUSPENDED_PENDING_REVIEW,2026-06-30,2026-05-15,SYNTHETIC_RISK_SCENARIO
502128,TST-U02128,TST-U02128,500,502,3PN,3,2,97.54,119.24,12,MID,SE,SE,POOL,True,0.818,8.8,False,0,0.09,82.2,NONE,False,SYNTHETIC,RISK_PROJECT_BASELINE,Tổ hợp thương mại căn hộ Phú Mỹ,1248,3000,20260630,TC-01,SUSPENDED_PENDING_REVIEW,2026-06-30,2026-05-15,SYNTHETIC_RISK_SCENARIO
502129,TST-U02129,TST-U02129,500,502,3PN,3,2,111.28,132.32,12,MID,NE,NE,OBSTRUCTED,False,0.841,13.1,True,1,0.05,8.7,NONE,False,SYNTHETIC,RISK_PROJECT_BASELINE,Tổ hợp thương mại căn hộ Phú Mỹ,1248,3000,20260630,TC-01,SUSPENDED_PENDING_REVIEW,2026-06-30,2026-05-15,SYNTHETIC_RISK_SCENARIO
502130,TST-U02130,TST-U02130,500,502,3PN,3,2,104.06,118.52,12,MID,NE,W,OBSTRUCTED,False,0.878,2.2,False,1,0.28,9.7,NONE,False,SYNTHETIC,RISK_PROJECT_BASELINE,Tổ hợp thương mại căn hộ Phú Mỹ,1248,3000,20260630,TC-01,SUSPENDED_PENDING_REVIEW,2026-06-30,2026-05-15,SYNTHETIC_RISK_SCENARIO
502131,TST-U02131,TST-U02131,500,502,3PN,3,2,108.58,124.95,12,MID,SE,NE,PARK,True,0.869,15.9,False,1,0.26,36.3,NONE,False,SYNTHETIC,RISK_PROJECT_BASELINE,Tổ hợp thương mại căn hộ Phú Mỹ,1248,3000,20260630,TC-01,SUSPENDED_PENDING_REVIEW,2026-06-30,2026-05-15,SYNTHETIC_RISK_SCENARIO
502132,TST-U02132,TST-U02132,500,502,1PN,1,1,54.21,61.6,12,MID,SE,SE,CITY_OPEN,False,0.88,9.5,False,0,0.13,105.0,NONE,False,SYNTHETIC,RISK_PROJECT_BASELINE,Tổ hợp thương mại căn hộ Phú Mỹ,1248,3000,20260630,TC-01,SUSPENDED_PENDING_REVIEW,2026-06-30,2026-05-15,SYNTHETIC_RISK_SCENARIO
502133,TST-U02133,TST-U02133,500,502,2PN,2,2,79.45,96.54,12,MID,E,NE,OBSTRUCTED,False,0.823,3.9,False,0,0.17,15.9,NONE,False,SYNTHETIC,RISK_PROJECT_BASELINE,Tổ hợp thương mại căn hộ Phú Mỹ,1248,3000,20260630,TC-01,SUSPENDED_PENDING_REVIEW,2026-06-30,2026-05-15,SYNTHETIC_RISK_SCENARIO
502134,TST-U02134,TST-U02134,500,502,3PN,3,2,106.71,126.28,12,MID,NE,SE,OBSTRUCTED,False,0.845,10.5,False,1,0.18,15.1,NONE,False,SYNTHETIC,RISK_PROJECT_BASELINE,Tổ hợp thương mại căn hộ Phú Mỹ,1248,3000,20260630,TC-01,SUSPENDED_PENDING_REVIEW,2026-06-30,2026-05-15,SYNTHETIC_RISK_SCENARIO
502135,TST-U02135,TST-U02135,500,502,2PN,2,2,79.84,95.39,12,MID,S,SE,CITY_OPEN,True,0.837,3.9,False,2,0.2,41.2,NONE,False,SYNTHETIC,RISK_PROJECT_BASELINE,Tổ hợp thương mại căn hộ Phú Mỹ,1248,3000,20260630,TC-01,SUSPENDED_PENDING_REVIEW,2026-06-30,2026-05-15,SYNTHETIC_RISK_SCENARIO
502136,TST-U02136,TST-U02136,500,502,STUDIO,1,1,41.82,49.26,12,MID,SW,NW,CITY_OPEN,False,0.849,13.3,False,1,0.9,102.6,NONE,False,SYNTHETIC,RISK_PROJECT_BASELINE,Tổ hợp thương mại căn hộ Phú Mỹ,1248,3000,20260630,TC-01,SUSPENDED_PENDING_REVIEW,2026-06-30,2026-05-15,SYNTHETIC_RISK_SCENARIO
502137,TST-U02137,TST-U02137,500,502,2PN,2,2,77.43,96.79,12,MID,NE,S,OBSTRUCTED,False,0.8,8.1,False,0,0.15,12.6,NONE,False,SYNTHETIC,RISK_PROJECT_BASELINE,Tổ hợp thương mại căn hộ Phú Mỹ,1248,3000,20260630,TC-01,SUSPENDED_PENDING_REVIEW,2026-06-30,2026-05-15,SYNTHETIC_RISK_SCENARIO
502138,TST-U02138,TST-U02138,500,502,2PN,2,2,71.84,89.35,12,MID,S,E,PARK,True,0.804,10.9,False,1,0.26,41.0,NONE,False,SYNTHETIC,RISK_PROJECT_BASELINE,Tổ hợp thương mại căn hộ Phú Mỹ,1248,3000,20260630,TC-01,SUSPENDED_PENDING_REVIEW,2026-06-30,2026-05-15,SYNTHETIC_RISK_SCENARIO
502139,TST-U02139,TST-U02139,500,502,2PN,2,2,72.45,84.74,12,MID,NW,SE,CITY_OPEN,False,0.855,15.3,False,1,0.87,66.9,NONE,False,SYNTHETIC,RISK_PROJECT_BASELINE,Tổ hợp thương mại căn hộ Phú Mỹ,1248,3000,20260630,TC-01,SUSPENDED_PENDING_REVIEW,2026-06-30,2026-05-15,SYNTHETIC_RISK_SCENARIO
502140,TST-U02140,TST-U02140,500,502,1PN,1,1,51.66,62.39,12,MID,N,SW,OBSTRUCTED,False,0.828,10.8,False,1,0.09,14.4,NONE,False,SYNTHETIC,RISK_PROJECT_BASELINE,Tổ hợp thương mại căn hộ Phú Mỹ,1248,3000,20260630,TC-01,SUSPENDED_PENDING_REVIEW,2026-06-30,2026-05-15,SYNTHETIC_RISK_SCENARIO
502141,TST-U02141,TST-U02141,500,502,3PN,3,2,104.19,122.29,12,MID,W,N,OBSTRUCTED,False,0.852,13.5,False,1,0.88,5.8,NONE,False,SYNTHETIC,RISK_PROJECT_BASELINE,Tổ hợp thương mại căn hộ Phú Mỹ,1248,3000,20260630,TC-01,SUSPENDED_PENDING_REVIEW,2026-06-30,2026-05-15,SYNTHETIC_RISK_SCENARIO
502142,TST-U02142,TST-U02142,500,502,STUDIO,1,1,43.19,49.99,12,MID,S,NW,CITY_OPEN,False,0.864,13.1,True,1,0.07,62.7,NONE,False,SYNTHETIC,RISK_PROJECT_BASELINE,Tổ hợp thương mại căn hộ Phú Mỹ,1248,3000,20260630,TC-01,SUSPENDED_PENDING_REVIEW,2026-06-30,2026-05-15,SYNTHETIC_RISK_SCENARIO
502143,TST-U02143,TST-U02143,500,502,3PN,3,2,109.92,136.55,12,MID,S,NE,OBSTRUCTED,False,0.805,5.5,False,1,0.03,10.0,NONE,False,SYNTHETIC,RISK_PROJECT_BASELINE,Tổ hợp thương mại căn hộ Phú Mỹ,1248,3000,20260630,TC-01,SUSPENDED_PENDING_REVIEW,2026-06-30,2026-05-15,SYNTHETIC_RISK_SCENARIO
502144,TST-U02144,TST-U02144,500,502,STUDIO,1,1,46.4,53.7,12,MID,SE,W,OBSTRUCTED,False,0.864,15.3,True,1,0.22,16.4,WASTE_STATION,False,SYNTHETIC,RISK_PROJECT_BASELINE,Tổ hợp thương mại căn hộ Phú Mỹ,1248,3000,20260630,TC-01,SUSPENDED_PENDING_REVIEW,2026-06-30,2026-05-15,SYNTHETIC_RISK_SCENARIO
502145,TST-U02145,TST-U02145,500,502,3PN,3,2,95.72,116.59,12,MID,NE,N,POOL,False,0.821,12.5,False,0,0.32,36.5,NONE,False,SYNTHETIC,RISK_PROJECT_BASELINE,Tổ hợp thương mại căn hộ Phú Mỹ,1248,3000,20260630,TC-01,SUSPENDED_PENDING_REVIEW,2026-06-30,2026-05-15,SYNTHETIC_RISK_SCENARIO
502146,TST-U02146,TST-U02146,500,502,2PN,2,2,72.33,84.7,12,MID,NE,E,PARK,False,0.854,6.8,False,0,0.17,86.9,NONE,False,SYNTHETIC,RISK_PROJECT_BASELINE,Tổ hợp thương mại căn hộ Phú Mỹ,1248,3000,20260630,TC-01,SUSPENDED_PENDING_REVIEW,2026-06-30,2026-05-15,SYNTHETIC_RISK_SCENARIO
502147,TST-U02147,TST-U02147,500,502,3PN,3,2,104.41,118.24,12,MID,N,NW,OBSTRUCTED,False,0.883,10.4,False,0,0.07,14.8,NONE,False,SYNTHETIC,RISK_PROJECT_BASELINE,Tổ hợp thương mại căn hộ Phú Mỹ,1248,3000,20260630,TC-01,SUSPENDED_PENDING_REVIEW,2026-06-30,2026-05-15,SYNTHETIC_RISK_SCENARIO
502148,TST-U02148,TST-U02148,500,502,3PN,3,2,102.96,117.4,12,MID,E,NE,CITY_OPEN,False,0.877,15.5,False,0,0.09,88.0,NONE,False,SYNTHETIC,RISK_PROJECT_BASELINE,Tổ hợp thương mại căn hộ Phú Mỹ,1248,3000,20260630,TC-01,SUSPENDED_PENDING_REVIEW,2026-06-30,2026-05-15,SYNTHETIC_RISK_SCENARIO
502149,TST-U02149,TST-U02149,500,502,2PN,2,2,78.5,93.12,12,MID,SE,SW,PARK,False,0.843,12.9,True,0,0.15,77.2,WASTE_STATION,False,SYNTHETIC,RISK_PROJECT_BASELINE,Tổ hợp thương mại căn hộ Phú Mỹ,1248,3000,20260630,TC-01,SUSPENDED_PENDING_REVIEW,2026-06-30,2026-05-15,SYNTHETIC_RISK_SCENARIO
502150,TST-U02150,TST-U02150,500,502,1PN,1,1,49.51,60.53,12,MID,SW,SE,CITY_OPEN,False,0.818,12.9,False,1,0.61,35.8,NONE,False,SYNTHETIC,RISK_PROJECT_BASELINE,Tổ hợp thương mại căn hộ Phú Mỹ,1248,3000,20260630,TC-01,SUSPENDED_PENDING_REVIEW,2026-06-30,2026-05-15,SYNTHETIC_RISK_SCENARIO
502151,TST-U02151,TST-U02151,500,502,2PN,2,2,71.61,81.38,12,MID,S,N,OBSTRUCTED,True,0.88,11.1,False,0,0.32,10.9,NONE,False,SYNTHETIC,RISK_PROJECT_BASELINE,Tổ hợp thương mại căn hộ Phú Mỹ,1248,3000,20260630,TC-01,SUSPENDED_PENDING_REVIEW,2026-06-30,2026-05-15,SYNTHETIC_RISK_SCENARIO
502152,TST-U02152,TST-U02152,500,502,3PN,3,2,103.7,120.72,12,MID,SE,N,CITY_OPEN,False,0.859,4.5,False,0,0.28,55.9,NONE,False,SYNTHETIC,RISK_PROJECT_BASELINE,Tổ hợp thương mại căn hộ Phú Mỹ,1248,3000,20260630,TC-01,SUSPENDED_PENDING_REVIEW,2026-06-30,2026-05-15,SYNTHETIC_RISK_SCENARIO
502153,TST-U02153,TST-U02153,500,502,3PN,3,2,115.34,139.98,12,MID,SW,SW,OBSTRUCTED,True,0.824,4.2,False,0,0.93,17.3,WASTE_STATION,False,SYNTHETIC,RISK_PROJECT_BASELINE,Tổ hợp thương mại căn hộ Phú Mỹ,1248,3000,20260630,TC-01,SUSPENDED_PENDING_REVIEW,2026-06-30,2026-05-15,SYNTHETIC_RISK_SCENARIO
502154,TST-U02154,TST-U02154,500,502,1PN,1,1,53.1,62.32,12,MID,SE,E,CITY_OPEN,False,0.852,15.2,False,0,0.31,77.9,NONE,False,SYNTHETIC,RISK_PROJECT_BASELINE,Tổ hợp thương mại căn hộ Phú Mỹ,1248,3000,20260630,TC-01,SUSPENDED_PENDING_REVIEW,2026-06-30,2026-05-15,SYNTHETIC_RISK_SCENARIO
502155,TST-U02155,TST-U02155,500,502,3PN,3,2,110.65,133.64,12,MID,E,NE,PARK,True,0.828,1.5,False,0,0.03,105.5,NONE,False,SYNTHETIC,RISK_PROJECT_BASELINE,Tổ hợp thương mại căn hộ Phú Mỹ,1248,3000,20260630,TC-01,SUSPENDED_PENDING_REVIEW,2026-06-30,2026-05-15,SYNTHETIC_RISK_SCENARIO
502156,TST-U02156,TST-U02156,500,502,1PN,1,1,55.56,67.18,12,MID,SW,E,CITY_OPEN,False,0.827,5.1,False,0,0.67,108.6,NONE,False,SYNTHETIC,RISK_PROJECT_BASELINE,Tổ hợp thương mại căn hộ Phú Mỹ,1248,3000,20260630,TC-01,SUSPENDED_PENDING_REVIEW,2026-06-30,2026-05-15,SYNTHETIC_RISK_SCENARIO
502157,TST-U02157,TST-U02157,500,502,2PN,2,2,76.63,92.55,12,MID,S,SW,CITY_OPEN,False,0.828,9.2,False,0,0.1,36.6,NONE,False,SYNTHETIC,RISK_PROJECT_BASELINE,Tổ hợp thương mại căn hộ Phú Mỹ,1248,3000,20260630,TC-01,SUSPENDED_PENDING_REVIEW,2026-06-30,2026-05-15,SYNTHETIC_RISK_SCENARIO
502158,TST-U02158,TST-U02158,500,502,1PN,1,1,54.26,62.44,12,MID,NW,SW,OBSTRUCTED,False,0.869,9.6,False,1,0.61,9.2,NONE,False,SYNTHETIC,RISK_PROJECT_BASELINE,Tổ hợp thương mại căn hộ Phú Mỹ,1248,3000,20260630,TC-01,SUSPENDED_PENDING_REVIEW,2026-06-30,2026-05-15,SYNTHETIC_RISK_SCENARIO
502159,TST-U02159,TST-U02159,500,502,1PN,1,1,58.38,68.52,12,MID,SW,NW,PARK,True,0.852,8.7,True,0,0.53,63.3,NONE,False,SYNTHETIC,RISK_PROJECT_BASELINE,Tổ hợp thương mại căn hộ Phú Mỹ,1248,3000,20260630,TC-01,SUSPENDED_PENDING_REVIEW,2026-06-30,2026-05-15,SYNTHETIC_RISK_SCENARIO
502160,TST-U02160,TST-U02160,500,502,3PN,3,2,89.88,108.42,12,MID,E,NW,POOL,True,0.829,7.8,False,1,0.28,29.3,NONE,False,SYNTHETIC,RISK_PROJECT_BASELINE,Tổ hợp thương mại căn hộ Phú Mỹ,1248,3000,20260630,TC-01,SUSPENDED_PENDING_REVIEW,2026-06-30,2026-05-15,SYNTHETIC_RISK_SCENARIO
502161,TST-U02161,TST-U02161,500,502,STUDIO,1,1,41.53,50.52,13,MID,SW,N,PARK,True,0.822,2.3,False,0,0.72,31.7,NONE,True,SYNTHETIC,RISK_PROJECT_BASELINE,Tổ hợp thương mại căn hộ Phú Mỹ,1248,3000,20260630,TC-01,SUSPENDED_PENDING_REVIEW,2026-06-30,2026-05-15,SYNTHETIC_RISK_SCENARIO
502162,TST-U02162,TST-U02162,500,502,2PN,2,2,75.12,92.4,13,MID,SW,S,OBSTRUCTED,False,0.813,5.3,False,1,0.51,15.7,NONE,True,SYNTHETIC,RISK_PROJECT_BASELINE,Tổ hợp thương mại căn hộ Phú Mỹ,1248,3000,20260630,TC-01,SUSPENDED_PENDING_REVIEW,2026-06-30,2026-05-15,SYNTHETIC_RISK_SCENARIO
502163,TST-U02163,TST-U02163,500,502,2PN,2,2,73.91,90.69,13,MID,E,NW,OBSTRUCTED,True,0.815,10.4,False,0,0.08,11.3,NONE,True,SYNTHETIC,RISK_PROJECT_BASELINE,Tổ hợp thương mại căn hộ Phú Mỹ,1248,3000,20260630,TC-01,SUSPENDED_PENDING_REVIEW,2026-06-30,2026-05-15,SYNTHETIC_RISK_SCENARIO
502164,TST-U02164,TST-U02164,500,502,STUDIO,1,1,46.06,54.96,13,MID,SE,SW,PARK,False,0.838,4.6,False,1,0.12,88.1,NONE,True,SYNTHETIC,RISK_PROJECT_BASELINE,Tổ hợp thương mại căn hộ Phú Mỹ,1248,3000,20260630,TC-01,SUSPENDED_PENDING_REVIEW,2026-06-30,2026-05-15,SYNTHETIC_RISK_SCENARIO
502165,TST-U02165,TST-U02165,500,502,STUDIO,1,1,39.18,46.53,13,MID,NE,SW,CITY_OPEN,False,0.842,7.9,False,1,0.27,63.6,NONE,True,SYNTHETIC,RISK_PROJECT_BASELINE,Tổ hợp thương mại căn hộ Phú Mỹ,1248,3000,20260630,TC-01,SUSPENDED_PENDING_REVIEW,2026-06-30,2026-05-15,SYNTHETIC_RISK_SCENARIO
502166,TST-U02166,TST-U02166,500,502,2PN,2,2,82.28,101.96,13,MID,SE,N,OBSTRUCTED,False,0.807,6.3,False,0,0.2,9.2,WASTE_STATION,True,SYNTHETIC,RISK_PROJECT_BASELINE,Tổ hợp thương mại căn hộ Phú Mỹ,1248,3000,20260630,TC-01,SUSPENDED_PENDING_REVIEW,2026-06-30,2026-05-15,SYNTHETIC_RISK_SCENARIO
502167,TST-U02167,TST-U02167,500,502,2PN,2,2,82.02,100.64,13,MID,N,S,CITY_OPEN,False,0.815,9.2,False,1,0.23,106.0,NONE,True,SYNTHETIC,RISK_PROJECT_BASELINE,Tổ hợp thương mại căn hộ Phú Mỹ,1248,3000,20260630,TC-01,SUSPENDED_PENDING_REVIEW,2026-06-30,2026-05-15,SYNTHETIC_RISK_SCENARIO
502168,TST-U02168,TST-U02168,500,502,1PN,1,1,52.47,61.08,13,MID,SE,NW,OBSTRUCTED,True,0.859,10.3,False,0,0.13,12.5,NONE,True,SYNTHETIC,RISK_PROJECT_BASELINE,Tổ hợp thương mại căn hộ Phú Mỹ,1248,3000,20260630,TC-01,SUSPENDED_PENDING_REVIEW,2026-06-30,2026-05-15,SYNTHETIC_RISK_SCENARIO
502169,TST-U02169,TST-U02169,500,502,2PN,2,2,85.46,96.67,13,MID,N,SW,OBSTRUCTED,False,0.884,9.3,False,0,0.31,6.4,NONE,True,SYNTHETIC,RISK_PROJECT_BASELINE,Tổ hợp thương mại căn hộ Phú Mỹ,1248,3000,20260630,TC-01,SUSPENDED_PENDING_REVIEW,2026-06-30,2026-05-15,SYNTHETIC_RISK_SCENARIO
502170,TST-U02170,TST-U02170,500,502,2PN,2,2,75.42,91.53,13,MID,S,S,OBSTRUCTED,True,0.824,2.9,False,2,0.16,17.5,NONE,True,SYNTHETIC,RISK_PROJECT_BASELINE,Tổ hợp thương mại căn hộ Phú Mỹ,1248,3000,20260630,TC-01,SUSPENDED_PENDING_REVIEW,2026-06-30,2026-05-15,SYNTHETIC_RISK_SCENARIO
502171,TST-U02171,TST-U02171,500,502,STUDIO,1,1,46.92,55.79,13,MID,SE,E,PARK,False,0.841,13.9,True,1,0.26,55.9,NONE,True,SYNTHETIC,RISK_PROJECT_BASELINE,Tổ hợp thương mại căn hộ Phú Mỹ,1248,3000,20260630,TC-01,SUSPENDED_PENDING_REVIEW,2026-06-30,2026-05-15,SYNTHETIC_RISK_SCENARIO
502172,TST-U02172,TST-U02172,500,502,2PN,2,2,81.7,100.49,13,MID,SE,SW,OBSTRUCTED,False,0.813,13.8,True,0,0.08,15.1,NONE,True,SYNTHETIC,RISK_PROJECT_BASELINE,Tổ hợp thương mại căn hộ Phú Mỹ,1248,3000,20260630,TC-01,SUSPENDED_PENDING_REVIEW,2026-06-30,2026-05-15,SYNTHETIC_RISK_SCENARIO
502173,TST-U02173,TST-U02173,500,502,2PN,2,2,79.49,92.11,13,MID,SW,NW,CITY_OPEN,False,0.863,8.5,False,2,0.76,31.1,NONE,True,SYNTHETIC,RISK_PROJECT_BASELINE,Tổ hợp thương mại căn hộ Phú Mỹ,1248,3000,20260630,TC-01,SUSPENDED_PENDING_REVIEW,2026-06-30,2026-05-15,SYNTHETIC_RISK_SCENARIO
502174,TST-U02174,TST-U02174,500,502,2PN,2,2,67.12,80.67,13,MID,S,NE,CITY_OPEN,False,0.832,1.3,False,1,0.07,87.4,WASTE_STATION,True,SYNTHETIC,RISK_PROJECT_BASELINE,Tổ hợp thương mại căn hộ Phú Mỹ,1248,3000,20260630,TC-01,SUSPENDED_PENDING_REVIEW,2026-06-30,2026-05-15,SYNTHETIC_RISK_SCENARIO
502175,TST-U02175,TST-U02175,500,502,1PN,1,1,56.21,66.52,13,MID,N,S,OBSTRUCTED,False,0.845,12.4,False,0,0.32,17.1,NONE,True,SYNTHETIC,RISK_PROJECT_BASELINE,Tổ hợp thương mại căn hộ Phú Mỹ,1248,3000,20260630,TC-01,SUSPENDED_PENDING_REVIEW,2026-06-30,2026-05-15,SYNTHETIC_RISK_SCENARIO
502176,TST-U02176,TST-U02176,500,502,1PN,1,1,57.94,66.83,13,MID,SW,NE,POOL,False,0.867,16.0,False,2,0.8,83.1,NONE,True,SYNTHETIC,RISK_PROJECT_BASELINE,Tổ hợp thương mại căn hộ Phú Mỹ,1248,3000,20260630,TC-01,SUSPENDED_PENDING_REVIEW,2026-06-30,2026-05-15,SYNTHETIC_RISK_SCENARIO
502177,TST-U02177,TST-U02177,500,502,2PN,2,2,72.89,89.88,13,MID,SW,E,CITY_OPEN,False,0.811,3.0,False,0,0.55,33.0,NONE,True,SYNTHETIC,RISK_PROJECT_BASELINE,Tổ hợp thương mại căn hộ Phú Mỹ,1248,3000,20260630,TC-01,SUSPENDED_PENDING_REVIEW,2026-06-30,2026-05-15,SYNTHETIC_RISK_SCENARIO
502178,TST-U02178,TST-U02178,500,502,STUDIO,1,1,38.87,45.3,13,MID,E,N,OBSTRUCTED,False,0.858,12.0,False,0,0.09,6.4,NONE,True,SYNTHETIC,RISK_PROJECT_BASELINE,Tổ hợp thương mại căn hộ Phú Mỹ,1248,3000,20260630,TC-01,SUSPENDED_PENDING_REVIEW,2026-06-30,2026-05-15,SYNTHETIC_RISK_SCENARIO
502179,TST-U02179,TST-U02179,500,502,2PN,2,2,66.1,80.91,13,MID,NE,E,OBSTRUCTED,False,0.817,14.3,False,0,0.24,12.1,NONE,True,SYNTHETIC,RISK_PROJECT_BASELINE,Tổ hợp thương mại căn hộ Phú Mỹ,1248,3000,20260630,TC-01,SUSPENDED_PENDING_REVIEW,2026-06-30,2026-05-15,SYNTHETIC_RISK_SCENARIO
502180,TST-U02180,TST-U02180,500,502,1PN,1,1,55.36,66.78,13,MID,S,E,POOL,False,0.829,15.4,False,0,0.21,41.8,NONE,True,SYNTHETIC,RISK_PROJECT_BASELINE,Tổ hợp thương mại căn hộ Phú Mỹ,1248,3000,20260630,TC-01,SUSPENDED_PENDING_REVIEW,2026-06-30,2026-05-15,SYNTHETIC_RISK_SCENARIO
502181,TST-U02181,TST-U02181,500,502,1PN,1,1,50.46,57.73,13,MID,NE,W,OBSTRUCTED,False,0.874,3.2,False,0,0.07,11.7,NONE,True,SYNTHETIC,RISK_PROJECT_BASELINE,Tổ hợp thương mại căn hộ Phú Mỹ,1248,3000,20260630,TC-01,SUSPENDED_PENDING_REVIEW,2026-06-30,2026-05-15,SYNTHETIC_RISK_SCENARIO
502182,TST-U02182,TST-U02182,500,502,STUDIO,1,1,44.06,50.3,13,MID,SW,NW,CITY_OPEN,False,0.876,11.6,False,0,0.6,103.5,NONE,True,SYNTHETIC,RISK_PROJECT_BASELINE,Tổ hợp thương mại căn hộ Phú Mỹ,1248,3000,20260630,TC-01,SUSPENDED_PENDING_REVIEW,2026-06-30,2026-05-15,SYNTHETIC_RISK_SCENARIO
502183,TST-U02183,TST-U02183,500,502,STUDIO,1,1,45.77,56.58,13,MID,S,SE,OBSTRUCTED,False,0.809,8.9,True,2,0.21,11.5,CEMETERY,True,SYNTHETIC,RISK_PROJECT_BASELINE,Tổ hợp thương mại căn hộ Phú Mỹ,1248,3000,20260630,TC-01,SUSPENDED_PENDING_REVIEW,2026-06-30,2026-05-15,SYNTHETIC_RISK_SCENARIO
502184,TST-U02184,TST-U02184,500,502,STUDIO,1,1,43.96,53.61,13,MID,SE,N,OBSTRUCTED,True,0.82,10.2,False,0,0.3,5.7,NONE,True,SYNTHETIC,RISK_PROJECT_BASELINE,Tổ hợp thương mại căn hộ Phú Mỹ,1248,3000,20260630,TC-01,SUSPENDED_PENDING_REVIEW,2026-06-30,2026-05-15,SYNTHETIC_RISK_SCENARIO
502185,TST-U02185,TST-U02185,500,502,2PN,2,2,74.12,87.41,13,MID,W,SE,CITY_OPEN,False,0.848,12.7,False,1,0.86,52.9,NONE,True,SYNTHETIC,RISK_PROJECT_BASELINE,Tổ hợp thương mại căn hộ Phú Mỹ,1248,3000,20260630,TC-01,SUSPENDED_PENDING_REVIEW,2026-06-30,2026-05-15,SYNTHETIC_RISK_SCENARIO
502186,TST-U02186,TST-U02186,500,502,1PN,1,1,56.68,66.37,13,MID,NW,W,OBSTRUCTED,False,0.854,9.2,False,1,0.83,10.6,NONE,True,SYNTHETIC,RISK_PROJECT_BASELINE,Tổ hợp thương mại căn hộ Phú Mỹ,1248,3000,20260630,TC-01,SUSPENDED_PENDING_REVIEW,2026-06-30,2026-05-15,SYNTHETIC_RISK_SCENARIO
502187,TST-U02187,TST-U02187,500,502,2PN,2,2,81.91,98.69,13,MID,E,N,PARK,False,0.83,1.6,False,0,0.1,107.3,NONE,True,SYNTHETIC,RISK_PROJECT_BASELINE,Tổ hợp thương mại căn hộ Phú Mỹ,1248,3000,20260630,TC-01,SUSPENDED_PENDING_REVIEW,2026-06-30,2026-05-15,SYNTHETIC_RISK_SCENARIO
502188,TST-U02188,TST-U02188,500,502,2PN,2,2,77.36,96.46,13,MID,S,NE,OBSTRUCTED,False,0.802,10.1,False,0,0.06,9.1,NONE,True,SYNTHETIC,RISK_PROJECT_BASELINE,Tổ hợp thương mại căn hộ Phú Mỹ,1248,3000,20260630,TC-01,SUSPENDED_PENDING_REVIEW,2026-06-30,2026-05-15,SYNTHETIC_RISK_SCENARIO
502189,TST-U02189,TST-U02189,500,502,2PN,2,2,75.62,89.07,13,MID,W,NW,OBSTRUCTED,False,0.849,12.9,True,0,0.53,6.8,NONE,True,SYNTHETIC,RISK_PROJECT_BASELINE,Tổ hợp thương mại căn hộ Phú Mỹ,1248,3000,20260630,TC-01,SUSPENDED_PENDING_REVIEW,2026-06-30,2026-05-15,SYNTHETIC_RISK_SCENARIO
502190,TST-U02190,TST-U02190,500,502,1PN,1,1,54.2,66.5,13,MID,E,N,CITY_OPEN,False,0.815,13.2,False,1,0.22,69.4,WASTE_STATION,True,SYNTHETIC,RISK_PROJECT_BASELINE,Tổ hợp thương mại căn hộ Phú Mỹ,1248,3000,20260630,TC-01,SUSPENDED_PENDING_REVIEW,2026-06-30,2026-05-15,SYNTHETIC_RISK_SCENARIO
502191,TST-U02191,TST-U02191,500,502,2PN,2,2,80.26,99.58,13,MID,N,SW,CITY_OPEN,True,0.806,8.9,True,1,0.04,39.2,NONE,True,SYNTHETIC,RISK_PROJECT_BASELINE,Tổ hợp thương mại căn hộ Phú Mỹ,1248,3000,20260630,TC-01,SUSPENDED_PENDING_REVIEW,2026-06-30,2026-05-15,SYNTHETIC_RISK_SCENARIO
502192,TST-U02192,TST-U02192,500,502,2PN,2,2,72.68,86.42,13,MID,SW,SW,CITY_OPEN,False,0.841,13.7,False,0,0.82,44.5,NONE,True,SYNTHETIC,RISK_PROJECT_BASELINE,Tổ hợp thương mại căn hộ Phú Mỹ,1248,3000,20260630,TC-01,SUSPENDED_PENDING_REVIEW,2026-06-30,2026-05-15,SYNTHETIC_RISK_SCENARIO
502193,TST-U02193,TST-U02193,500,502,3PN,3,2,104.24,117.79,13,MID,NW,NW,OBSTRUCTED,False,0.885,14.5,False,0,0.85,6.5,NONE,True,SYNTHETIC,RISK_PROJECT_BASELINE,Tổ hợp thương mại căn hộ Phú Mỹ,1248,3000,20260630,TC-01,SUSPENDED_PENDING_REVIEW,2026-06-30,2026-05-15,SYNTHETIC_RISK_SCENARIO
502194,TST-U02194,TST-U02194,500,502,3PN,3,2,104.97,124.08,13,MID,SW,N,CITY_OPEN,False,0.846,3.0,False,1,0.6,85.6,NONE,True,SYNTHETIC,RISK_PROJECT_BASELINE,Tổ hợp thương mại căn hộ Phú Mỹ,1248,3000,20260630,TC-01,SUSPENDED_PENDING_REVIEW,2026-06-30,2026-05-15,SYNTHETIC_RISK_SCENARIO
502195,TST-U02195,TST-U02195,500,502,2PN,2,2,76.64,86.21,13,MID,S,SE,OBSTRUCTED,False,0.889,10.4,False,2,0.18,6.0,NONE,True,SYNTHETIC,RISK_PROJECT_BASELINE,Tổ hợp thương mại căn hộ Phú Mỹ,1248,3000,20260630,TC-01,SUSPENDED_PENDING_REVIEW,2026-06-30,2026-05-15,SYNTHETIC_RISK_SCENARIO
502196,TST-U02196,TST-U02196,500,502,2PN,2,2,77.0,95.65,13,MID,NW,S,OBSTRUCTED,True,0.805,10.1,True,0,0.83,11.1,NONE,True,SYNTHETIC,RISK_PROJECT_BASELINE,Tổ hợp thương mại căn hộ Phú Mỹ,1248,3000,20260630,TC-01,SUSPENDED_PENDING_REVIEW,2026-06-30,2026-05-15,SYNTHETIC_RISK_SCENARIO
502197,TST-U02197,TST-U02197,500,502,2PN,2,2,79.07,94.02,13,MID,NE,S,OBSTRUCTED,False,0.841,1.5,False,1,0.11,13.7,NONE,True,SYNTHETIC,RISK_PROJECT_BASELINE,Tổ hợp thương mại căn hộ Phú Mỹ,1248,3000,20260630,TC-01,SUSPENDED_PENDING_REVIEW,2026-06-30,2026-05-15,SYNTHETIC_RISK_SCENARIO
502198,TST-U02198,TST-U02198,500,502,2PN,2,2,76.24,92.08,13,MID,N,SW,CITY_OPEN,False,0.828,2.2,False,0,0.19,35.9,NONE,True,SYNTHETIC,RISK_PROJECT_BASELINE,Tổ hợp thương mại căn hộ Phú Mỹ,1248,3000,20260630,TC-01,SUSPENDED_PENDING_REVIEW,2026-06-30,2026-05-15,SYNTHETIC_RISK_SCENARIO
502199,TST-U02199,TST-U02199,500,502,STUDIO,1,1,40.75,48.17,13,MID,E,NE,POOL,False,0.846,11.1,False,1,0.18,31.4,WASTE_STATION,True,SYNTHETIC,RISK_PROJECT_BASELINE,Tổ hợp thương mại căn hộ Phú Mỹ,1248,3000,20260630,TC-01,SUSPENDED_PENDING_REVIEW,2026-06-30,2026-05-15,SYNTHETIC_RISK_SCENARIO
502200,TST-U02200,TST-U02200,500,502,1PN,1,1,52.44,59.05,13,MID,SW,N,OBSTRUCTED,True,0.888,11.6,True,0,0.84,10.2,NONE,True,SYNTHETIC,RISK_PROJECT_BASELINE,Tổ hợp thương mại căn hộ Phú Mỹ,1248,3000,20260630,TC-01,SUSPENDED_PENDING_REVIEW,2026-06-30,2026-05-15,SYNTHETIC_RISK_SCENARIO
502201,TST-U02201,TST-U02201,500,502,1PN,1,1,55.38,64.25,13,MID,SE,SE,CITY_OPEN,False,0.862,13.7,False,0,0.29,72.0,NONE,True,SYNTHETIC,RISK_PROJECT_BASELINE,Tổ hợp thương mại căn hộ Phú Mỹ,1248,3000,20260630,TC-01,SUSPENDED_PENDING_REVIEW,2026-06-30,2026-05-15,SYNTHETIC_RISK_SCENARIO
502202,TST-U02202,TST-U02202,500,502,3PN,3,2,98.11,122.64,13,MID,N,E,CITY_OPEN,True,0.8,14.3,False,1,0.3,61.0,NONE,True,SYNTHETIC,RISK_PROJECT_BASELINE,Tổ hợp thương mại căn hộ Phú Mỹ,1248,3000,20260630,TC-01,SUSPENDED_PENDING_REVIEW,2026-06-30,2026-05-15,SYNTHETIC_RISK_SCENARIO
502203,TST-U02203,TST-U02203,500,502,3PN,3,2,102.72,119.86,13,MID,S,SW,OBSTRUCTED,False,0.857,13.8,True,1,0.32,9.7,NONE,True,SYNTHETIC,RISK_PROJECT_BASELINE,Tổ hợp thương mại căn hộ Phú Mỹ,1248,3000,20260630,TC-01,SUSPENDED_PENDING_REVIEW,2026-06-30,2026-05-15,SYNTHETIC_RISK_SCENARIO
502204,TST-U02204,TST-U02204,500,502,STUDIO,1,1,39.06,44.09,13,MID,SE,W,CITY_OPEN,False,0.886,10.2,False,0,0.04,42.2,NONE,True,SYNTHETIC,RISK_PROJECT_BASELINE,Tổ hợp thương mại căn hộ Phú Mỹ,1248,3000,20260630,TC-01,SUSPENDED_PENDING_REVIEW,2026-06-30,2026-05-15,SYNTHETIC_RISK_SCENARIO
502205,TST-U02205,TST-U02205,500,502,2PN,2,2,71.66,84.41,13,MID,E,E,CITY_OPEN,True,0.849,1.5,False,0,0.12,68.6,NONE,True,SYNTHETIC,RISK_PROJECT_BASELINE,Tổ hợp thương mại căn hộ Phú Mỹ,1248,3000,20260630,TC-01,SUSPENDED_PENDING_REVIEW,2026-06-30,2026-05-15,SYNTHETIC_RISK_SCENARIO
502206,TST-U02206,TST-U02206,500,502,3PN,3,2,107.75,126.91,13,MID,SW,N,PARK,False,0.849,7.2,False,0,0.89,65.7,NONE,True,SYNTHETIC,RISK_PROJECT_BASELINE,Tổ hợp thương mại căn hộ Phú Mỹ,1248,3000,20260630,TC-01,SUSPENDED_PENDING_REVIEW,2026-06-30,2026-05-15,SYNTHETIC_RISK_SCENARIO
502207,TST-U02207,TST-U02207,500,502,STUDIO,1,1,44.75,52.4,13,MID,E,SE,OBSTRUCTED,False,0.854,11.8,False,2,0.11,13.7,NONE,True,SYNTHETIC,RISK_PROJECT_BASELINE,Tổ hợp thương mại căn hộ Phú Mỹ,1248,3000,20260630,TC-01,SUSPENDED_PENDING_REVIEW,2026-06-30,2026-05-15,SYNTHETIC_RISK_SCENARIO
502208,TST-U02208,TST-U02208,500,502,1PN,1,1,51.26,60.45,13,MID,S,E,CITY_OPEN,True,0.848,11.2,False,1,0.14,67.5,NONE,True,SYNTHETIC,RISK_PROJECT_BASELINE,Tổ hợp thương mại căn hộ Phú Mỹ,1248,3000,20260630,TC-01,SUSPENDED_PENDING_REVIEW,2026-06-30,2026-05-15,SYNTHETIC_RISK_SCENARIO
502209,TST-U02209,TST-U02209,500,502,2PN,2,2,77.5,95.33,13,MID,N,SW,CITY_OPEN,False,0.813,10.1,False,1,0.05,61.3,NONE,True,SYNTHETIC,RISK_PROJECT_BASELINE,Tổ hợp thương mại căn hộ Phú Mỹ,1248,3000,20260630,TC-01,SUSPENDED_PENDING_REVIEW,2026-06-30,2026-05-15,SYNTHETIC_RISK_SCENARIO
502210,TST-U02210,TST-U02210,500,502,1PN,1,1,53.18,64.15,13,MID,E,S,OBSTRUCTED,False,0.829,12.2,False,0,0.29,15.5,NONE,True,SYNTHETIC,RISK_PROJECT_BASELINE,Tổ hợp thương mại căn hộ Phú Mỹ,1248,3000,20260630,TC-01,SUSPENDED_PENDING_REVIEW,2026-06-30,2026-05-15,SYNTHETIC_RISK_SCENARIO
502211,TST-U02211,TST-U02211,500,502,3PN,3,2,109.11,131.62,13,MID,E,E,PARK,True,0.829,5.4,False,0,0.07,90.2,TEMPLE,True,SYNTHETIC,RISK_PROJECT_BASELINE,Tổ hợp thương mại căn hộ Phú Mỹ,1248,3000,20260630,TC-01,SUSPENDED_PENDING_REVIEW,2026-06-30,2026-05-15,SYNTHETIC_RISK_SCENARIO
502212,TST-U02212,TST-U02212,500,502,2PN,2,2,74.53,91.79,13,MID,S,NE,POOL,True,0.812,15.9,False,0,0.29,106.4,NONE,True,SYNTHETIC,RISK_PROJECT_BASELINE,Tổ hợp thương mại căn hộ Phú Mỹ,1248,3000,20260630,TC-01,SUSPENDED_PENDING_REVIEW,2026-06-30,2026-05-15,SYNTHETIC_RISK_SCENARIO
502213,TST-U02213,TST-U02213,500,502,2PN,2,2,77.4,88.66,13,MID,W,W,POOL,False,0.873,12.8,False,1,0.73,73.6,NONE,True,SYNTHETIC,RISK_PROJECT_BASELINE,Tổ hợp thương mại căn hộ Phú Mỹ,1248,3000,20260630,TC-01,SUSPENDED_PENDING_REVIEW,2026-06-30,2026-05-15,SYNTHETIC_RISK_SCENARIO
502214,TST-U02214,TST-U02214,500,502,2PN,2,2,79.09,90.6,13,MID,S,N,OBSTRUCTED,False,0.873,15.9,False,0,0.1,16.5,NONE,True,SYNTHETIC,RISK_PROJECT_BASELINE,Tổ hợp thương mại căn hộ Phú Mỹ,1248,3000,20260630,TC-01,SUSPENDED_PENDING_REVIEW,2026-06-30,2026-05-15,SYNTHETIC_RISK_SCENARIO
502215,TST-U02215,TST-U02215,500,502,2PN,2,2,66.01,82.2,13,MID,NW,S,OBSTRUCTED,False,0.803,3.4,True,0,0.9,14.6,NONE,True,SYNTHETIC,RISK_PROJECT_BASELINE,Tổ hợp thương mại căn hộ Phú Mỹ,1248,3000,20260630,TC-01,SUSPENDED_PENDING_REVIEW,2026-06-30,2026-05-15,SYNTHETIC_RISK_SCENARIO
502216,TST-U02216,TST-U02216,500,502,3PN,3,2,104.75,123.38,13,MID,E,SW,CITY_OPEN,True,0.849,14.5,False,0,0.27,107.2,NONE,True,SYNTHETIC,RISK_PROJECT_BASELINE,Tổ hợp thương mại căn hộ Phú Mỹ,1248,3000,20260630,TC-01,SUSPENDED_PENDING_REVIEW,2026-06-30,2026-05-15,SYNTHETIC_RISK_SCENARIO
502217,TST-U02217,TST-U02217,500,502,1PN,1,1,59.67,70.53,13,MID,SE,SE,CITY_OPEN,False,0.846,14.8,False,0,0.3,36.0,NONE,True,SYNTHETIC,RISK_PROJECT_BASELINE,Tổ hợp thương mại căn hộ Phú Mỹ,1248,3000,20260630,TC-01,SUSPENDED_PENDING_REVIEW,2026-06-30,2026-05-15,SYNTHETIC_RISK_SCENARIO
502218,TST-U02218,TST-U02218,500,502,3PN,3,2,92.78,109.15,13,MID,W,NE,CITY_OPEN,False,0.85,14.9,False,0,0.55,93.5,NONE,True,SYNTHETIC,RISK_PROJECT_BASELINE,Tổ hợp thương mại căn hộ Phú Mỹ,1248,3000,20260630,TC-01,SUSPENDED_PENDING_REVIEW,2026-06-30,2026-05-15,SYNTHETIC_RISK_SCENARIO
502219,TST-U02219,TST-U02219,500,502,1PN,1,1,49.58,55.83,13,MID,W,SE,OBSTRUCTED,False,0.888,1.8,False,1,0.57,12.3,NONE,True,SYNTHETIC,RISK_PROJECT_BASELINE,Tổ hợp thương mại căn hộ Phú Mỹ,1248,3000,20260630,TC-01,SUSPENDED_PENDING_REVIEW,2026-06-30,2026-05-15,SYNTHETIC_RISK_SCENARIO
502220,TST-U02220,TST-U02220,500,502,2PN,2,2,71.78,80.92,13,MID,E,SE,CITY_OPEN,False,0.887,11.2,False,2,0.22,99.0,NONE,True,SYNTHETIC,RISK_PROJECT_BASELINE,Tổ hợp thương mại căn hộ Phú Mỹ,1248,3000,20260630,TC-01,SUSPENDED_PENDING_REVIEW,2026-06-30,2026-05-15,SYNTHETIC_RISK_SCENARIO
502221,TST-U02221,TST-U02221,500,502,1PN,1,1,49.64,57.59,13,MID,SE,SW,CITY_OPEN,False,0.862,9.2,False,0,0.19,80.1,NONE,True,SYNTHETIC,RISK_PROJECT_BASELINE,Tổ hợp thương mại căn hộ Phú Mỹ,1248,3000,20260630,TC-01,SUSPENDED_PENDING_REVIEW,2026-06-30,2026-05-15,SYNTHETIC_RISK_SCENARIO
502222,TST-U02222,TST-U02222,500,502,3PN,3,2,105.93,125.96,13,MID,SE,NW,OBSTRUCTED,False,0.841,1.5,False,1,0.27,16.9,NONE,True,SYNTHETIC,RISK_PROJECT_BASELINE,Tổ hợp thương mại căn hộ Phú Mỹ,1248,3000,20260630,TC-01,SUSPENDED_PENDING_REVIEW,2026-06-30,2026-05-15,SYNTHETIC_RISK_SCENARIO
502223,TST-U02223,TST-U02223,500,502,3PN,3,2,110.87,125.42,13,MID,NE,SE,CITY_OPEN,True,0.884,1.8,True,1,0.23,79.1,NONE,True,SYNTHETIC,RISK_PROJECT_BASELINE,Tổ hợp thương mại căn hộ Phú Mỹ,1248,3000,20260630,TC-01,SUSPENDED_PENDING_REVIEW,2026-06-30,2026-05-15,SYNTHETIC_RISK_SCENARIO
502224,TST-U02224,TST-U02224,500,502,2PN,2,2,71.67,87.62,13,MID,N,S,CITY_OPEN,True,0.818,7.7,False,1,0.13,83.0,NONE,True,SYNTHETIC,RISK_PROJECT_BASELINE,Tổ hợp thương mại căn hộ Phú Mỹ,1248,3000,20260630,TC-01,SUSPENDED_PENDING_REVIEW,2026-06-30,2026-05-15,SYNTHETIC_RISK_SCENARIO
502225,TST-U02225,TST-U02225,500,502,2PN,2,2,77.78,96.14,13,MID,SW,S,CITY_OPEN,False,0.809,1.4,False,1,0.6,100.2,NONE,True,SYNTHETIC,RISK_PROJECT_BASELINE,Tổ hợp thương mại căn hộ Phú Mỹ,1248,3000,20260630,TC-01,SUSPENDED_PENDING_REVIEW,2026-06-30,2026-05-15,SYNTHETIC_RISK_SCENARIO
502226,TST-U02226,TST-U02226,500,502,1PN,1,1,55.77,64.18,13,MID,SE,N,OBSTRUCTED,False,0.869,7.0,False,1,0.2,8.4,NONE,True,SYNTHETIC,RISK_PROJECT_BASELINE,Tổ hợp thương mại căn hộ Phú Mỹ,1248,3000,20260630,TC-01,SUSPENDED_PENDING_REVIEW,2026-06-30,2026-05-15,SYNTHETIC_RISK_SCENARIO
502227,TST-U02227,TST-U02227,500,502,3PN,3,2,110.17,124.21,14,MID,SE,N,OBSTRUCTED,False,0.887,15.4,False,0,0.16,14.9,NONE,True,SYNTHETIC,RISK_PROJECT_BASELINE,Tổ hợp thương mại căn hộ Phú Mỹ,1248,3000,20260630,TC-01,SUSPENDED_PENDING_REVIEW,2026-06-30,2026-05-15,SYNTHETIC_RISK_SCENARIO
502228,TST-U02228,TST-U02228,500,502,2PN,2,2,76.63,87.08,14,MID,E,SE,OBSTRUCTED,False,0.88,15.1,False,1,0.17,13.5,NONE,True,SYNTHETIC,RISK_PROJECT_BASELINE,Tổ hợp thương mại căn hộ Phú Mỹ,1248,3000,20260630,TC-01,SUSPENDED_PENDING_REVIEW,2026-06-30,2026-05-15,SYNTHETIC_RISK_SCENARIO
502229,TST-U02229,TST-U02229,500,502,2PN,2,2,81.02,98.33,14,MID,SW,S,CITY_OPEN,False,0.824,3.7,False,0,0.79,67.5,NONE,True,SYNTHETIC,RISK_PROJECT_BASELINE,Tổ hợp thương mại căn hộ Phú Mỹ,1248,3000,20260630,TC-01,SUSPENDED_PENDING_REVIEW,2026-06-30,2026-05-15,SYNTHETIC_RISK_SCENARIO
502230,TST-U02230,TST-U02230,500,502,1PN,1,1,51.15,60.6,14,MID,SW,S,OBSTRUCTED,False,0.844,3.7,False,1,0.91,11.6,TEMPLE,True,SYNTHETIC,RISK_PROJECT_BASELINE,Tổ hợp thương mại căn hộ Phú Mỹ,1248,3000,20260630,TC-01,SUSPENDED_PENDING_REVIEW,2026-06-30,2026-05-15,SYNTHETIC_RISK_SCENARIO
502231,TST-U02231,TST-U02231,500,502,3PN,3,2,108.08,129.13,14,MID,N,SW,CITY_OPEN,False,0.837,11.2,False,1,0.05,107.2,NONE,True,SYNTHETIC,RISK_PROJECT_BASELINE,Tổ hợp thương mại căn hộ Phú Mỹ,1248,3000,20260630,TC-01,SUSPENDED_PENDING_REVIEW,2026-06-30,2026-05-15,SYNTHETIC_RISK_SCENARIO
502232,TST-U02232,TST-U02232,500,502,3PN,3,2,107.54,132.6,14,MID,S,E,CITY_OPEN,False,0.811,10.9,False,2,0.08,70.5,NONE,True,SYNTHETIC,RISK_PROJECT_BASELINE,Tổ hợp thương mại căn hộ Phú Mỹ,1248,3000,20260630,TC-01,SUSPENDED_PENDING_REVIEW,2026-06-30,2026-05-15,SYNTHETIC_RISK_SCENARIO
502233,TST-U02233,TST-U02233,500,502,2PN,2,2,72.27,85.22,14,MID,SE,NE,OBSTRUCTED,False,0.848,10.2,False,1,0.13,17.2,NONE,True,SYNTHETIC,RISK_PROJECT_BASELINE,Tổ hợp thương mại căn hộ Phú Mỹ,1248,3000,20260630,TC-01,SUSPENDED_PENDING_REVIEW,2026-06-30,2026-05-15,SYNTHETIC_RISK_SCENARIO
502234,TST-U02234,TST-U02234,500,502,3PN,3,2,96.27,117.69,14,MID,SE,E,CITY_OPEN,False,0.818,13.9,False,0,0.24,75.5,NONE,True,SYNTHETIC,RISK_PROJECT_BASELINE,Tổ hợp thương mại căn hộ Phú Mỹ,1248,3000,20260630,TC-01,SUSPENDED_PENDING_REVIEW,2026-06-30,2026-05-15,SYNTHETIC_RISK_SCENARIO
502235,TST-U02235,TST-U02235,500,502,2PN,2,2,78.71,94.83,14,MID,SE,SW,CITY_OPEN,False,0.83,7.0,False,1,0.15,107.0,NONE,True,SYNTHETIC,RISK_PROJECT_BASELINE,Tổ hợp thương mại căn hộ Phú Mỹ,1248,3000,20260630,TC-01,SUSPENDED_PENDING_REVIEW,2026-06-30,2026-05-15,SYNTHETIC_RISK_SCENARIO
502236,TST-U02236,TST-U02236,500,502,1PN,1,1,51.68,58.4,14,MID,W,SE,OBSTRUCTED,False,0.885,1.8,False,2,0.93,15.9,CEMETERY,True,SYNTHETIC,RISK_PROJECT_BASELINE,Tổ hợp thương mại căn hộ Phú Mỹ,1248,3000,20260630,TC-01,SUSPENDED_PENDING_REVIEW,2026-06-30,2026-05-15,SYNTHETIC_RISK_SCENARIO
502237,TST-U02237,TST-U02237,500,502,3PN,3,2,99.5,113.07,14,MID,SE,SE,POOL,False,0.88,8.2,False,1,0.21,74.3,NONE,True,SYNTHETIC,RISK_PROJECT_BASELINE,Tổ hợp thương mại căn hộ Phú Mỹ,1248,3000,20260630,TC-01,SUSPENDED_PENDING_REVIEW,2026-06-30,2026-05-15,SYNTHETIC_RISK_SCENARIO
502238,TST-U02238,TST-U02238,500,502,2PN,2,2,72.06,87.88,14,MID,SE,NE,OBSTRUCTED,False,0.82,14.1,False,0,0.15,18.0,NONE,True,SYNTHETIC,RISK_PROJECT_BASELINE,Tổ hợp thương mại căn hộ Phú Mỹ,1248,3000,20260630,TC-01,SUSPENDED_PENDING_REVIEW,2026-06-30,2026-05-15,SYNTHETIC_RISK_SCENARIO
502239,TST-U02239,TST-U02239,500,502,STUDIO,1,1,43.72,49.63,14,MID,W,SE,OBSTRUCTED,True,0.881,10.6,False,0,0.65,5.8,NONE,True,SYNTHETIC,RISK_PROJECT_BASELINE,Tổ hợp thương mại căn hộ Phú Mỹ,1248,3000,20260630,TC-01,SUSPENDED_PENDING_REVIEW,2026-06-30,2026-05-15,SYNTHETIC_RISK_SCENARIO
502240,TST-U02240,TST-U02240,500,502,3PN,3,2,110.96,137.5,14,MID,S,NE,CITY_OPEN,False,0.807,5.4,False,1,0.07,57.2,NONE,True,SYNTHETIC,RISK_PROJECT_BASELINE,Tổ hợp thương mại căn hộ Phú Mỹ,1248,3000,20260630,TC-01,SUSPENDED_PENDING_REVIEW,2026-06-30,2026-05-15,SYNTHETIC_RISK_SCENARIO
502241,TST-U02241,TST-U02241,500,502,2PN,2,2,73.0,88.48,14,MID,E,E,CITY_OPEN,False,0.825,7.0,False,0,0.05,31.7,CEMETERY,True,SYNTHETIC,RISK_PROJECT_BASELINE,Tổ hợp thương mại căn hộ Phú Mỹ,1248,3000,20260630,TC-01,SUSPENDED_PENDING_REVIEW,2026-06-30,2026-05-15,SYNTHETIC_RISK_SCENARIO
502242,TST-U02242,TST-U02242,500,502,2PN,2,2,76.98,94.45,14,MID,NE,N,PARK,False,0.815,15.5,False,0,0.12,83.7,NONE,True,SYNTHETIC,RISK_PROJECT_BASELINE,Tổ hợp thương mại căn hộ Phú Mỹ,1248,3000,20260630,TC-01,SUSPENDED_PENDING_REVIEW,2026-06-30,2026-05-15,SYNTHETIC_RISK_SCENARIO
502243,TST-U02243,TST-U02243,500,502,STUDIO,1,1,43.3,52.68,14,MID,SE,S,OBSTRUCTED,False,0.822,1.7,False,0,0.27,9.5,NONE,True,SYNTHETIC,RISK_PROJECT_BASELINE,Tổ hợp thương mại căn hộ Phú Mỹ,1248,3000,20260630,TC-01,SUSPENDED_PENDING_REVIEW,2026-06-30,2026-05-15,SYNTHETIC_RISK_SCENARIO
502244,TST-U02244,TST-U02244,500,502,STUDIO,1,1,41.31,47.27,14,MID,SE,SW,CITY_OPEN,False,0.874,9.6,False,0,0.12,36.2,NONE,True,SYNTHETIC,RISK_PROJECT_BASELINE,Tổ hợp thương mại căn hộ Phú Mỹ,1248,3000,20260630,TC-01,SUSPENDED_PENDING_REVIEW,2026-06-30,2026-05-15,SYNTHETIC_RISK_SCENARIO
502245,TST-U02245,TST-U02245,500,502,2PN,2,2,81.76,93.23,14,MID,SE,NE,OBSTRUCTED,False,0.877,14.5,False,0,0.22,10.4,NONE,True,SYNTHETIC,RISK_PROJECT_BASELINE,Tổ hợp thương mại căn hộ Phú Mỹ,1248,3000,20260630,TC-01,SUSPENDED_PENDING_REVIEW,2026-06-30,2026-05-15,SYNTHETIC_RISK_SCENARIO
502246,TST-U02246,TST-U02246,500,502,2PN,2,2,77.04,91.06,14,MID,E,SW,OBSTRUCTED,True,0.846,13.0,False,0,0.06,6.3,NONE,True,SYNTHETIC,RISK_PROJECT_BASELINE,Tổ hợp thương mại căn hộ Phú Mỹ,1248,3000,20260630,TC-01,SUSPENDED_PENDING_REVIEW,2026-06-30,2026-05-15,SYNTHETIC_RISK_SCENARIO
502247,TST-U02247,TST-U02247,500,502,2PN,2,2,77.43,88.9,14,MID,SE,N,OBSTRUCTED,True,0.871,4.0,False,1,0.26,15.9,NONE,True,SYNTHETIC,RISK_PROJECT_BASELINE,Tổ hợp thương mại căn hộ Phú Mỹ,1248,3000,20260630,TC-01,SUSPENDED_PENDING_REVIEW,2026-06-30,2026-05-15,SYNTHETIC_RISK_SCENARIO
502248,TST-U02248,TST-U02248,500,502,3PN,3,2,93.41,108.11,14,MID,N,NW,CITY_OPEN,False,0.864,8.5,False,0,0.22,108.1,NONE,True,SYNTHETIC,RISK_PROJECT_BASELINE,Tổ hợp thương mại căn hộ Phú Mỹ,1248,3000,20260630,TC-01,SUSPENDED_PENDING_REVIEW,2026-06-30,2026-05-15,SYNTHETIC_RISK_SCENARIO
502249,TST-U02249,TST-U02249,500,502,2PN,2,2,77.3,95.67,14,MID,NW,NE,CITY_OPEN,False,0.808,3.7,True,0,0.59,47.1,NONE,True,SYNTHETIC,RISK_PROJECT_BASELINE,Tổ hợp thương mại căn hộ Phú Mỹ,1248,3000,20260630,TC-01,SUSPENDED_PENDING_REVIEW,2026-06-30,2026-05-15,SYNTHETIC_RISK_SCENARIO
502250,TST-U02250,TST-U02250,500,502,3PN,3,2,102.45,124.03,14,MID,SW,E,CITY_OPEN,False,0.826,12.5,False,1,0.71,39.2,NONE,True,SYNTHETIC,RISK_PROJECT_BASELINE,Tổ hợp thương mại căn hộ Phú Mỹ,1248,3000,20260630,TC-01,SUSPENDED_PENDING_REVIEW,2026-06-30,2026-05-15,SYNTHETIC_RISK_SCENARIO
502251,TST-U02251,TST-U02251,500,502,STUDIO,1,1,43.55,51.72,14,MID,W,SE,OBSTRUCTED,False,0.842,7.2,False,0,0.81,8.1,NONE,True,SYNTHETIC,RISK_PROJECT_BASELINE,Tổ hợp thương mại căn hộ Phú Mỹ,1248,3000,20260630,TC-01,SUSPENDED_PENDING_REVIEW,2026-06-30,2026-05-15,SYNTHETIC_RISK_SCENARIO
502252,TST-U02252,TST-U02252,500,502,3PN,3,2,100.71,122.07,14,MID,NW,SW,CITY_OPEN,False,0.825,13.9,False,0,0.77,46.3,NONE,True,SYNTHETIC,RISK_PROJECT_BASELINE,Tổ hợp thương mại căn hộ Phú Mỹ,1248,3000,20260630,TC-01,SUSPENDED_PENDING_REVIEW,2026-06-30,2026-05-15,SYNTHETIC_RISK_SCENARIO
502253,TST-U02253,TST-U02253,500,502,1PN,1,1,55.52,68.12,14,MID,SE,SE,CITY_OPEN,False,0.815,10.7,False,0,0.14,32.4,NONE,True,SYNTHETIC,RISK_PROJECT_BASELINE,Tổ hợp thương mại căn hộ Phú Mỹ,1248,3000,20260630,TC-01,SUSPENDED_PENDING_REVIEW,2026-06-30,2026-05-15,SYNTHETIC_RISK_SCENARIO
502254,TST-U02254,TST-U02254,500,502,2PN,2,2,72.39,82.54,14,MID,SW,S,CITY_OPEN,False,0.877,7.1,False,0,0.56,47.0,NONE,True,SYNTHETIC,RISK_PROJECT_BASELINE,Tổ hợp thương mại căn hộ Phú Mỹ,1248,3000,20260630,TC-01,SUSPENDED_PENDING_REVIEW,2026-06-30,2026-05-15,SYNTHETIC_RISK_SCENARIO
502255,TST-U02255,TST-U02255,500,502,2PN,2,2,67.33,81.81,14,MID,E,SW,OBSTRUCTED,False,0.823,3.8,False,0,0.19,15.2,NONE,True,SYNTHETIC,RISK_PROJECT_BASELINE,Tổ hợp thương mại căn hộ Phú Mỹ,1248,3000,20260630,TC-01,SUSPENDED_PENDING_REVIEW,2026-06-30,2026-05-15,SYNTHETIC_RISK_SCENARIO
502256,TST-U02256,TST-U02256,500,502,3PN,3,2,104.38,117.55,14,MID,SW,SE,CITY_OPEN,False,0.888,6.0,False,0,0.6,74.3,NONE,True,SYNTHETIC,RISK_PROJECT_BASELINE,Tổ hợp thương mại căn hộ Phú Mỹ,1248,3000,20260630,TC-01,SUSPENDED_PENDING_REVIEW,2026-06-30,2026-05-15,SYNTHETIC_RISK_SCENARIO
502257,TST-U02257,TST-U02257,500,502,1PN,1,1,57.26,69.07,14,MID,E,N,OBSTRUCTED,False,0.829,6.3,True,0,0.28,8.3,NONE,True,SYNTHETIC,RISK_PROJECT_BASELINE,Tổ hợp thương mại căn hộ Phú Mỹ,1248,3000,20260630,TC-01,SUSPENDED_PENDING_REVIEW,2026-06-30,2026-05-15,SYNTHETIC_RISK_SCENARIO
502258,TST-U02258,TST-U02258,500,502,2PN,2,2,81.22,91.88,14,MID,E,N,OBSTRUCTED,False,0.884,9.4,False,1,0.22,13.4,NONE,True,SYNTHETIC,RISK_PROJECT_BASELINE,Tổ hợp thương mại căn hộ Phú Mỹ,1248,3000,20260630,TC-01,SUSPENDED_PENDING_REVIEW,2026-06-30,2026-05-15,SYNTHETIC_RISK_SCENARIO
502259,TST-U02259,TST-U02259,500,502,STUDIO,1,1,40.23,47.67,14,MID,NE,NE,PARK,True,0.844,2.3,True,0,0.02,52.3,NONE,True,SYNTHETIC,RISK_PROJECT_BASELINE,Tổ hợp thương mại căn hộ Phú Mỹ,1248,3000,20260630,TC-01,SUSPENDED_PENDING_REVIEW,2026-06-30,2026-05-15,SYNTHETIC_RISK_SCENARIO
502260,TST-U02260,TST-U02260,500,502,2PN,2,2,76.51,89.7,14,MID,S,N,OBSTRUCTED,False,0.853,15.9,False,2,0.31,5.1,WASTE_STATION,True,SYNTHETIC,RISK_PROJECT_BASELINE,Tổ hợp thương mại căn hộ Phú Mỹ,1248,3000,20260630,TC-01,SUSPENDED_PENDING_REVIEW,2026-06-30,2026-05-15,SYNTHETIC_RISK_SCENARIO
502261,TST-U02261,TST-U02261,500,502,2PN,2,2,63.51,73.42,14,MID,N,E,OBSTRUCTED,False,0.865,12.3,False,2,0.28,13.0,NONE,True,SYNTHETIC,RISK_PROJECT_BASELINE,Tổ hợp thương mại căn hộ Phú Mỹ,1248,3000,20260630,TC-01,SUSPENDED_PENDING_REVIEW,2026-06-30,2026-05-15,SYNTHETIC_RISK_SCENARIO
502262,TST-U02262,TST-U02262,500,502,2PN,2,2,77.86,97.08,14,MID,E,S,OBSTRUCTED,True,0.802,14.4,False,0,0.3,13.2,NONE,True,SYNTHETIC,RISK_PROJECT_BASELINE,Tổ hợp thương mại căn hộ Phú Mỹ,1248,3000,20260630,TC-01,SUSPENDED_PENDING_REVIEW,2026-06-30,2026-05-15,SYNTHETIC_RISK_SCENARIO
502263,TST-U02263,TST-U02263,500,502,2PN,2,2,81.63,101.91,14,MID,E,SE,CITY_OPEN,False,0.801,4.1,False,0,0.24,42.0,NONE,True,SYNTHETIC,RISK_PROJECT_BASELINE,Tổ hợp thương mại căn hộ Phú Mỹ,1248,3000,20260630,TC-01,SUSPENDED_PENDING_REVIEW,2026-06-30,2026-05-15,SYNTHETIC_RISK_SCENARIO
502264,TST-U02264,TST-U02264,500,502,3PN,3,2,109.17,128.13,14,MID,NE,E,OBSTRUCTED,False,0.852,5.0,False,1,0.14,10.9,NONE,True,SYNTHETIC,RISK_PROJECT_BASELINE,Tổ hợp thương mại căn hộ Phú Mỹ,1248,3000,20260630,TC-01,SUSPENDED_PENDING_REVIEW,2026-06-30,2026-05-15,SYNTHETIC_RISK_SCENARIO
502265,TST-U02265,TST-U02265,500,502,2PN,2,2,80.46,98.12,14,MID,NE,SE,OBSTRUCTED,False,0.82,2.5,False,1,0.07,12.4,NONE,True,SYNTHETIC,RISK_PROJECT_BASELINE,Tổ hợp thương mại căn hộ Phú Mỹ,1248,3000,20260630,TC-01,SUSPENDED_PENDING_REVIEW,2026-06-30,2026-05-15,SYNTHETIC_RISK_SCENARIO
502266,TST-U02266,TST-U02266,500,502,STUDIO,1,1,41.61,50.56,14,MID,S,S,POOL,False,0.823,13.4,True,1,0.19,105.7,NONE,True,SYNTHETIC,RISK_PROJECT_BASELINE,Tổ hợp thương mại căn hộ Phú Mỹ,1248,3000,20260630,TC-01,SUSPENDED_PENDING_REVIEW,2026-06-30,2026-05-15,SYNTHETIC_RISK_SCENARIO
502267,TST-U02267,TST-U02267,500,502,2PN,2,2,76.83,93.47,14,MID,SE,E,CITY_OPEN,False,0.822,11.0,False,1,0.09,54.4,NONE,True,SYNTHETIC,RISK_PROJECT_BASELINE,Tổ hợp thương mại căn hộ Phú Mỹ,1248,3000,20260630,TC-01,SUSPENDED_PENDING_REVIEW,2026-06-30,2026-05-15,SYNTHETIC_RISK_SCENARIO
502268,TST-U02268,TST-U02268,500,502,2PN,2,2,76.93,88.94,14,MID,SW,SE,OBSTRUCTED,False,0.865,3.0,False,1,0.69,6.3,NONE,True,SYNTHETIC,RISK_PROJECT_BASELINE,Tổ hợp thương mại căn hộ Phú Mỹ,1248,3000,20260630,TC-01,SUSPENDED_PENDING_REVIEW,2026-06-30,2026-05-15,SYNTHETIC_RISK_SCENARIO
502269,TST-U02269,TST-U02269,500,502,3PN,3,2,99.33,121.43,14,MID,N,SE,POOL,False,0.818,4.1,False,1,0.11,32.8,NONE,True,SYNTHETIC,RISK_PROJECT_BASELINE,Tổ hợp thương mại căn hộ Phú Mỹ,1248,3000,20260630,TC-01,SUSPENDED_PENDING_REVIEW,2026-06-30,2026-05-15,SYNTHETIC_RISK_SCENARIO
502270,TST-U02270,TST-U02270,500,502,3PN,3,2,107.76,121.21,14,MID,SE,E,CITY_OPEN,False,0.889,10.3,False,0,0.26,58.1,NONE,True,SYNTHETIC,RISK_PROJECT_BASELINE,Tổ hợp thương mại căn hộ Phú Mỹ,1248,3000,20260630,TC-01,SUSPENDED_PENDING_REVIEW,2026-06-30,2026-05-15,SYNTHETIC_RISK_SCENARIO
502271,TST-U02271,TST-U02271,500,502,3PN,3,2,114.62,129.08,14,MID,W,W,OBSTRUCTED,False,0.888,13.2,False,1,0.52,10.1,NONE,True,SYNTHETIC,RISK_PROJECT_BASELINE,Tổ hợp thương mại căn hộ Phú Mỹ,1248,3000,20260630,TC-01,SUSPENDED_PENDING_REVIEW,2026-06-30,2026-05-15,SYNTHETIC_RISK_SCENARIO
502272,TST-U02272,TST-U02272,500,502,3PN,3,2,103.27,122.65,14,MID,SW,NW,PARK,False,0.842,6.3,False,0,0.54,33.4,NONE,True,SYNTHETIC,RISK_PROJECT_BASELINE,Tổ hợp thương mại căn hộ Phú Mỹ,1248,3000,20260630,TC-01,SUSPENDED_PENDING_REVIEW,2026-06-30,2026-05-15,SYNTHETIC_RISK_SCENARIO
502273,TST-U02273,TST-U02273,500,502,2PN,2,2,76.19,95.24,14,MID,NE,SE,PARK,False,0.8,7.1,False,0,0.29,37.4,NONE,True,SYNTHETIC,RISK_PROJECT_BASELINE,Tổ hợp thương mại căn hộ Phú Mỹ,1248,3000,20260630,TC-01,SUSPENDED_PENDING_REVIEW,2026-06-30,2026-05-15,SYNTHETIC_RISK_SCENARIO
502274,TST-U02274,TST-U02274,500,502,1PN,1,1,55.21,63.31,14,MID,NE,E,OBSTRUCTED,False,0.872,3.7,False,0,0.08,12.1,NONE,True,SYNTHETIC,RISK_PROJECT_BASELINE,Tổ hợp thương mại căn hộ Phú Mỹ,1248,3000,20260630,TC-01,SUSPENDED_PENDING_REVIEW,2026-06-30,2026-05-15,SYNTHETIC_RISK_SCENARIO
502275,TST-U02275,TST-U02275,500,502,2PN,2,2,76.81,87.48,14,MID,SE,S,CITY_OPEN,False,0.878,11.9,False,1,0.16,102.5,NONE,True,SYNTHETIC,RISK_PROJECT_BASELINE,Tổ hợp thương mại căn hộ Phú Mỹ,1248,3000,20260630,TC-01,SUSPENDED_PENDING_REVIEW,2026-06-30,2026-05-15,SYNTHETIC_RISK_SCENARIO
502276,TST-U02276,TST-U02276,500,502,2PN,2,2,69.39,84.31,14,MID,SE,SE,OBSTRUCTED,False,0.823,6.1,False,0,0.06,7.7,NONE,True,SYNTHETIC,RISK_PROJECT_BASELINE,Tổ hợp thương mại căn hộ Phú Mỹ,1248,3000,20260630,TC-01,SUSPENDED_PENDING_REVIEW,2026-06-30,2026-05-15,SYNTHETIC_RISK_SCENARIO
502277,TST-U02277,TST-U02277,500,502,3PN,3,2,98.95,114.0,14,MID,N,SE,OBSTRUCTED,False,0.868,3.6,False,1,0.25,7.2,NONE,True,SYNTHETIC,RISK_PROJECT_BASELINE,Tổ hợp thương mại căn hộ Phú Mỹ,1248,3000,20260630,TC-01,SUSPENDED_PENDING_REVIEW,2026-06-30,2026-05-15,SYNTHETIC_RISK_SCENARIO
502278,TST-U02278,TST-U02278,500,502,2PN,2,2,65.25,75.78,14,MID,S,SE,PARK,True,0.861,7.7,False,1,0.25,57.8,NONE,True,SYNTHETIC,RISK_PROJECT_BASELINE,Tổ hợp thương mại căn hộ Phú Mỹ,1248,3000,20260630,TC-01,SUSPENDED_PENDING_REVIEW,2026-06-30,2026-05-15,SYNTHETIC_RISK_SCENARIO
502279,TST-U02279,TST-U02279,500,502,3PN,3,2,101.47,118.68,14,MID,N,NE,OBSTRUCTED,False,0.855,6.6,True,1,0.06,15.9,NONE,True,SYNTHETIC,RISK_PROJECT_BASELINE,Tổ hợp thương mại căn hộ Phú Mỹ,1248,3000,20260630,TC-01,SUSPENDED_PENDING_REVIEW,2026-06-30,2026-05-15,SYNTHETIC_RISK_SCENARIO
502280,TST-U02280,TST-U02280,500,502,3PN,3,2,113.18,136.69,14,MID,SE,E,OBSTRUCTED,False,0.828,2.9,False,0,0.21,6.4,NONE,True,SYNTHETIC,RISK_PROJECT_BASELINE,Tổ hợp thương mại căn hộ Phú Mỹ,1248,3000,20260630,TC-01,SUSPENDED_PENDING_REVIEW,2026-06-30,2026-05-15,SYNTHETIC_RISK_SCENARIO
502281,TST-U02281,TST-U02281,500,502,1PN,1,1,52.08,58.78,14,MID,NE,NW,OBSTRUCTED,True,0.886,12.3,False,0,0.08,6.6,NONE,True,SYNTHETIC,RISK_PROJECT_BASELINE,Tổ hợp thương mại căn hộ Phú Mỹ,1248,3000,20260630,TC-01,SUSPENDED_PENDING_REVIEW,2026-06-30,2026-05-15,SYNTHETIC_RISK_SCENARIO
502282,TST-U02282,TST-U02282,500,502,2PN,2,2,75.77,90.31,14,MID,NW,S,PARK,True,0.839,1.2,False,1,0.72,62.5,WASTE_STATION,True,SYNTHETIC,RISK_PROJECT_BASELINE,Tổ hợp thương mại căn hộ Phú Mỹ,1248,3000,20260630,TC-01,SUSPENDED_PENDING_REVIEW,2026-06-30,2026-05-15,SYNTHETIC_RISK_SCENARIO
502283,TST-U02283,TST-U02283,500,502,3PN,3,2,105.89,130.73,14,MID,E,N,CITY_OPEN,False,0.81,10.9,False,0,0.2,84.4,NONE,True,SYNTHETIC,RISK_PROJECT_BASELINE,Tổ hợp thương mại căn hộ Phú Mỹ,1248,3000,20260630,TC-01,SUSPENDED_PENDING_REVIEW,2026-06-30,2026-05-15,SYNTHETIC_RISK_SCENARIO
502284,TST-U02284,TST-U02284,500,502,2PN,2,2,62.94,78.38,14,MID,SE,SE,OBSTRUCTED,False,0.803,12.6,False,0,0.23,8.1,NONE,True,SYNTHETIC,RISK_PROJECT_BASELINE,Tổ hợp thương mại căn hộ Phú Mỹ,1248,3000,20260630,TC-01,SUSPENDED_PENDING_REVIEW,2026-06-30,2026-05-15,SYNTHETIC_RISK_SCENARIO
502285,TST-U02285,TST-U02285,500,502,3PN,3,2,103.25,119.09,14,MID,E,W,OBSTRUCTED,False,0.867,1.3,False,1,0.1,10.2,NONE,True,SYNTHETIC,RISK_PROJECT_BASELINE,Tổ hợp thương mại căn hộ Phú Mỹ,1248,3000,20260630,TC-01,SUSPENDED_PENDING_REVIEW,2026-06-30,2026-05-15,SYNTHETIC_RISK_SCENARIO
502286,TST-U02286,TST-U02286,500,502,2PN,2,2,79.04,89.11,14,MID,S,SW,OBSTRUCTED,False,0.887,5.4,False,0,0.26,16.1,NONE,True,SYNTHETIC,RISK_PROJECT_BASELINE,Tổ hợp thương mại căn hộ Phú Mỹ,1248,3000,20260630,TC-01,SUSPENDED_PENDING_REVIEW,2026-06-30,2026-05-15,SYNTHETIC_RISK_SCENARIO
502287,TST-U02287,TST-U02287,500,502,2PN,2,2,80.59,95.94,14,MID,NE,S,PARK,True,0.84,15.2,False,1,0.12,76.8,NONE,True,SYNTHETIC,RISK_PROJECT_BASELINE,Tổ hợp thương mại căn hộ Phú Mỹ,1248,3000,20260630,TC-01,SUSPENDED_PENDING_REVIEW,2026-06-30,2026-05-15,SYNTHETIC_RISK_SCENARIO
502288,TST-U02288,TST-U02288,500,502,2PN,2,2,68.52,80.05,14,MID,NE,E,OBSTRUCTED,False,0.856,4.1,False,0,0.19,12.7,NONE,True,SYNTHETIC,RISK_PROJECT_BASELINE,Tổ hợp thương mại căn hộ Phú Mỹ,1248,3000,20260630,TC-01,SUSPENDED_PENDING_REVIEW,2026-06-30,2026-05-15,SYNTHETIC_RISK_SCENARIO
502289,TST-U02289,TST-U02289,500,502,3PN,3,2,95.29,112.5,14,MID,N,NE,CITY_OPEN,False,0.847,5.9,False,0,0.08,101.2,NONE,True,SYNTHETIC,RISK_PROJECT_BASELINE,Tổ hợp thương mại căn hộ Phú Mỹ,1248,3000,20260630,TC-01,SUSPENDED_PENDING_REVIEW,2026-06-30,2026-05-15,SYNTHETIC_RISK_SCENARIO
502290,TST-U02290,TST-U02290,500,502,1PN,1,1,58.15,67.62,14,MID,E,E,OBSTRUCTED,False,0.86,10.2,False,2,0.28,16.5,NONE,True,SYNTHETIC,RISK_PROJECT_BASELINE,Tổ hợp thương mại căn hộ Phú Mỹ,1248,3000,20260630,TC-01,SUSPENDED_PENDING_REVIEW,2026-06-30,2026-05-15,SYNTHETIC_RISK_SCENARIO
502291,TST-U02291,TST-U02291,500,502,3PN,3,2,88.26,100.98,14,MID,SW,W,OBSTRUCTED,False,0.874,2.0,False,0,0.91,15.9,NONE,True,SYNTHETIC,RISK_PROJECT_BASELINE,Tổ hợp thương mại căn hộ Phú Mỹ,1248,3000,20260630,TC-01,SUSPENDED_PENDING_REVIEW,2026-06-30,2026-05-15,SYNTHETIC_RISK_SCENARIO
502292,TST-U02292,TST-U02292,500,502,1PN,1,1,54.48,65.8,14,MID,N,SW,CITY_OPEN,False,0.828,12.0,False,1,0.21,77.2,NONE,True,SYNTHETIC,RISK_PROJECT_BASELINE,Tổ hợp thương mại căn hộ Phú Mỹ,1248,3000,20260630,TC-01,SUSPENDED_PENDING_REVIEW,2026-06-30,2026-05-15,SYNTHETIC_RISK_SCENARIO
502293,TST-U02293,TST-U02293,500,502,1PN,1,1,53.11,63.99,15,MID,NW,E,OBSTRUCTED,True,0.83,7.6,False,0,0.57,8.0,NONE,False,SYNTHETIC,RISK_PROJECT_BASELINE,Tổ hợp thương mại căn hộ Phú Mỹ,1248,3000,20260630,TC-01,SUSPENDED_PENDING_REVIEW,2026-06-30,2026-05-15,SYNTHETIC_RISK_SCENARIO
502294,TST-U02294,TST-U02294,500,502,2PN,2,2,67.59,77.42,15,MID,SE,NW,OBSTRUCTED,False,0.873,12.6,False,1,0.1,8.6,NONE,False,SYNTHETIC,RISK_PROJECT_BASELINE,Tổ hợp thương mại căn hộ Phú Mỹ,1248,3000,20260630,TC-01,SUSPENDED_PENDING_REVIEW,2026-06-30,2026-05-15,SYNTHETIC_RISK_SCENARIO
502295,TST-U02295,TST-U02295,500,502,3PN,3,2,112.85,140.54,15,MID,E,W,PARK,False,0.803,9.5,False,0,0.05,63.2,NONE,False,SYNTHETIC,RISK_PROJECT_BASELINE,Tổ hợp thương mại căn hộ Phú Mỹ,1248,3000,20260630,TC-01,SUSPENDED_PENDING_REVIEW,2026-06-30,2026-05-15,SYNTHETIC_RISK_SCENARIO
502296,TST-U02296,TST-U02296,500,502,1PN,1,1,58.9,67.39,15,MID,S,NE,CITY_OPEN,False,0.874,1.8,False,0,0.28,87.8,TEMPLE,False,SYNTHETIC,RISK_PROJECT_BASELINE,Tổ hợp thương mại căn hộ Phú Mỹ,1248,3000,20260630,TC-01,SUSPENDED_PENDING_REVIEW,2026-06-30,2026-05-15,SYNTHETIC_RISK_SCENARIO
502297,TST-U02297,TST-U02297,500,502,3PN,3,2,102.36,124.68,15,MID,SW,SE,CITY_OPEN,False,0.821,5.6,False,1,0.88,81.0,NONE,False,SYNTHETIC,RISK_PROJECT_BASELINE,Tổ hợp thương mại căn hộ Phú Mỹ,1248,3000,20260630,TC-01,SUSPENDED_PENDING_REVIEW,2026-06-30,2026-05-15,SYNTHETIC_RISK_SCENARIO
502298,TST-U02298,TST-U02298,500,502,STUDIO,1,1,42.81,49.61,15,MID,S,NW,OBSTRUCTED,True,0.863,6.5,False,1,0.26,11.6,NONE,False,SYNTHETIC,RISK_PROJECT_BASELINE,Tổ hợp thương mại căn hộ Phú Mỹ,1248,3000,20260630,TC-01,SUSPENDED_PENDING_REVIEW,2026-06-30,2026-05-15,SYNTHETIC_RISK_SCENARIO
502299,TST-U02299,TST-U02299,500,502,1PN,1,1,52.54,62.33,15,MID,NW,W,OBSTRUCTED,False,0.843,5.8,False,1,0.85,12.3,NONE,False,SYNTHETIC,RISK_PROJECT_BASELINE,Tổ hợp thương mại căn hộ Phú Mỹ,1248,3000,20260630,TC-01,SUSPENDED_PENDING_REVIEW,2026-06-30,2026-05-15,SYNTHETIC_RISK_SCENARIO
502300,TST-U02300,TST-U02300,500,502,2PN,2,2,73.69,86.39,15,MID,SE,NE,OBSTRUCTED,False,0.853,8.0,False,0,0.31,9.6,NONE,False,SYNTHETIC,RISK_PROJECT_BASELINE,Tổ hợp thương mại căn hộ Phú Mỹ,1248,3000,20260630,TC-01,SUSPENDED_PENDING_REVIEW,2026-06-30,2026-05-15,SYNTHETIC_RISK_SCENARIO
502301,TST-U02301,TST-U02301,500,502,2PN,2,2,77.24,91.19,15,MID,NE,S,CITY_OPEN,False,0.847,16.0,False,1,0.25,39.1,NONE,False,SYNTHETIC,RISK_PROJECT_BASELINE,Tổ hợp thương mại căn hộ Phú Mỹ,1248,3000,20260630,TC-01,SUSPENDED_PENDING_REVIEW,2026-06-30,2026-05-15,SYNTHETIC_RISK_SCENARIO
502302,TST-U02302,TST-U02302,500,502,2PN,2,2,83.21,102.6,15,MID,NE,SE,OBSTRUCTED,True,0.811,2.3,False,0,0.06,13.2,NONE,False,SYNTHETIC,RISK_PROJECT_BASELINE,Tổ hợp thương mại căn hộ Phú Mỹ,1248,3000,20260630,TC-01,SUSPENDED_PENDING_REVIEW,2026-06-30,2026-05-15,SYNTHETIC_RISK_SCENARIO
502303,TST-U02303,TST-U02303,500,502,3PN,3,2,98.75,117.42,15,MID,SE,SE,CITY_OPEN,False,0.841,15.0,True,0,0.17,29.2,CEMETERY,False,SYNTHETIC,RISK_PROJECT_BASELINE,Tổ hợp thương mại căn hộ Phú Mỹ,1248,3000,20260630,TC-01,SUSPENDED_PENDING_REVIEW,2026-06-30,2026-05-15,SYNTHETIC_RISK_SCENARIO
502304,TST-U02304,TST-U02304,500,502,3PN,3,2,103.51,120.5,15,MID,N,W,PARK,False,0.859,4.8,False,0,0.18,92.7,NONE,False,SYNTHETIC,RISK_PROJECT_BASELINE,Tổ hợp thương mại căn hộ Phú Mỹ,1248,3000,20260630,TC-01,SUSPENDED_PENDING_REVIEW,2026-06-30,2026-05-15,SYNTHETIC_RISK_SCENARIO
502305,TST-U02305,TST-U02305,500,502,2PN,2,2,69.06,79.56,15,MID,N,E,CITY_OPEN,False,0.868,11.4,False,0,0.09,97.6,NONE,False,SYNTHETIC,RISK_PROJECT_BASELINE,Tổ hợp thương mại căn hộ Phú Mỹ,1248,3000,20260630,TC-01,SUSPENDED_PENDING_REVIEW,2026-06-30,2026-05-15,SYNTHETIC_RISK_SCENARIO
502306,TST-U02306,TST-U02306,500,502,2PN,2,2,75.33,88.21,15,MID,SE,SW,CITY_OPEN,True,0.854,7.0,False,0,0.27,43.2,NONE,False,SYNTHETIC,RISK_PROJECT_BASELINE,Tổ hợp thương mại căn hộ Phú Mỹ,1248,3000,20260630,TC-01,SUSPENDED_PENDING_REVIEW,2026-06-30,2026-05-15,SYNTHETIC_RISK_SCENARIO
502307,TST-U02307,TST-U02307,500,502,2PN,2,2,75.96,87.01,15,MID,E,E,CITY_OPEN,False,0.873,7.7,False,0,0.29,58.1,CEMETERY,False,SYNTHETIC,RISK_PROJECT_BASELINE,Tổ hợp thương mại căn hộ Phú Mỹ,1248,3000,20260630,TC-01,SUSPENDED_PENDING_REVIEW,2026-06-30,2026-05-15,SYNTHETIC_RISK_SCENARIO
502308,TST-U02308,TST-U02308,500,502,1PN,1,1,56.04,65.24,15,MID,SE,SW,CITY_OPEN,False,0.859,9.9,False,0,0.29,107.1,NONE,False,SYNTHETIC,RISK_PROJECT_BASELINE,Tổ hợp thương mại căn hộ Phú Mỹ,1248,3000,20260630,TC-01,SUSPENDED_PENDING_REVIEW,2026-06-30,2026-05-15,SYNTHETIC_RISK_SCENARIO
502309,TST-U02309,TST-U02309,500,502,3PN,3,2,95.65,109.82,15,MID,N,N,CITY_OPEN,False,0.871,9.7,False,1,0.28,80.5,NONE,False,SYNTHETIC,RISK_PROJECT_BASELINE,Tổ hợp thương mại căn hộ Phú Mỹ,1248,3000,20260630,TC-01,SUSPENDED_PENDING_REVIEW,2026-06-30,2026-05-15,SYNTHETIC_RISK_SCENARIO
502310,TST-U02310,TST-U02310,500,502,2PN,2,2,72.6,89.52,15,MID,NW,NW,PARK,False,0.811,3.0,False,0,0.6,105.5,NONE,False,SYNTHETIC,RISK_PROJECT_BASELINE,Tổ hợp thương mại căn hộ Phú Mỹ,1248,3000,20260630,TC-01,SUSPENDED_PENDING_REVIEW,2026-06-30,2026-05-15,SYNTHETIC_RISK_SCENARIO
502311,TST-U02311,TST-U02311,500,502,2PN,2,2,74.98,85.99,15,MID,NE,NW,OBSTRUCTED,True,0.872,15.9,False,0,0.18,9.8,NONE,False,SYNTHETIC,RISK_PROJECT_BASELINE,Tổ hợp thương mại căn hộ Phú Mỹ,1248,3000,20260630,TC-01,SUSPENDED_PENDING_REVIEW,2026-06-30,2026-05-15,SYNTHETIC_RISK_SCENARIO
502312,TST-U02312,TST-U02312,500,502,2PN,2,2,74.99,93.39,15,MID,SW,N,OBSTRUCTED,False,0.803,8.0,False,0,0.77,5.8,NONE,False,SYNTHETIC,RISK_PROJECT_BASELINE,Tổ hợp thương mại căn hộ Phú Mỹ,1248,3000,20260630,TC-01,SUSPENDED_PENDING_REVIEW,2026-06-30,2026-05-15,SYNTHETIC_RISK_SCENARIO
502313,TST-U02313,TST-U02313,500,502,2PN,2,2,79.88,98.01,15,MID,E,S,OBSTRUCTED,False,0.815,2.9,False,0,0.03,15.0,NONE,False,SYNTHETIC,RISK_PROJECT_BASELINE,Tổ hợp thương mại căn hộ Phú Mỹ,1248,3000,20260630,TC-01,SUSPENDED_PENDING_REVIEW,2026-06-30,2026-05-15,SYNTHETIC_RISK_SCENARIO
502314,TST-U02314,TST-U02314,500,502,2PN,2,2,73.38,90.59,15,MID,SW,E,CITY_OPEN,False,0.81,5.2,False,0,0.65,67.8,NONE,False,SYNTHETIC,RISK_PROJECT_BASELINE,Tổ hợp thương mại căn hộ Phú Mỹ,1248,3000,20260630,TC-01,SUSPENDED_PENDING_REVIEW,2026-06-30,2026-05-15,SYNTHETIC_RISK_SCENARIO
502315,TST-U02315,TST-U02315,500,502,STUDIO,1,1,46.32,52.76,15,MID,SE,NE,OBSTRUCTED,False,0.878,1.5,False,1,0.15,10.3,NONE,False,SYNTHETIC,RISK_PROJECT_BASELINE,Tổ hợp thương mại căn hộ Phú Mỹ,1248,3000,20260630,TC-01,SUSPENDED_PENDING_REVIEW,2026-06-30,2026-05-15,SYNTHETIC_RISK_SCENARIO
502316,TST-U02316,TST-U02316,500,502,2PN,2,2,76.87,89.28,15,MID,SW,W,OBSTRUCTED,True,0.861,6.5,False,0,0.73,17.4,NONE,False,SYNTHETIC,RISK_PROJECT_BASELINE,Tổ hợp thương mại căn hộ Phú Mỹ,1248,3000,20260630,TC-01,SUSPENDED_PENDING_REVIEW,2026-06-30,2026-05-15,SYNTHETIC_RISK_SCENARIO
502317,TST-U02317,TST-U02317,500,502,3PN,3,2,94.18,113.33,15,MID,SW,N,PARK,False,0.831,6.6,False,1,0.65,80.1,NONE,False,SYNTHETIC,RISK_PROJECT_BASELINE,Tổ hợp thương mại căn hộ Phú Mỹ,1248,3000,20260630,TC-01,SUSPENDED_PENDING_REVIEW,2026-06-30,2026-05-15,SYNTHETIC_RISK_SCENARIO
502318,TST-U02318,TST-U02318,500,502,1PN,1,1,58.25,67.11,15,MID,SE,N,OBSTRUCTED,False,0.868,12.1,False,1,0.05,5.0,NONE,False,SYNTHETIC,RISK_PROJECT_BASELINE,Tổ hợp thương mại căn hộ Phú Mỹ,1248,3000,20260630,TC-01,SUSPENDED_PENDING_REVIEW,2026-06-30,2026-05-15,SYNTHETIC_RISK_SCENARIO
502319,TST-U02319,TST-U02319,500,502,1PN,1,1,54.5,64.73,15,MID,E,SW,CITY_OPEN,False,0.842,4.4,False,0,0.16,48.1,NONE,False,SYNTHETIC,RISK_PROJECT_BASELINE,Tổ hợp thương mại căn hộ Phú Mỹ,1248,3000,20260630,TC-01,SUSPENDED_PENDING_REVIEW,2026-06-30,2026-05-15,SYNTHETIC_RISK_SCENARIO
502320,TST-U02320,TST-U02320,500,502,2PN,2,2,76.24,94.24,15,MID,SW,E,OBSTRUCTED,False,0.809,14.7,False,0,0.74,9.4,NONE,False,SYNTHETIC,RISK_PROJECT_BASELINE,Tổ hợp thương mại căn hộ Phú Mỹ,1248,3000,20260630,TC-01,SUSPENDED_PENDING_REVIEW,2026-06-30,2026-05-15,SYNTHETIC_RISK_SCENARIO
502321,TST-U02321,TST-U02321,500,502,3PN,3,2,102.58,121.97,15,MID,S,S,CITY_OPEN,False,0.841,2.2,False,0,0.21,30.5,NONE,False,SYNTHETIC,RISK_PROJECT_BASELINE,Tổ hợp thương mại căn hộ Phú Mỹ,1248,3000,20260630,TC-01,SUSPENDED_PENDING_REVIEW,2026-06-30,2026-05-15,SYNTHETIC_RISK_SCENARIO
502322,TST-U02322,TST-U02322,500,502,STUDIO,1,1,43.46,51.13,15,MID,S,S,CITY_OPEN,False,0.85,8.0,True,0,0.19,88.7,NONE,False,SYNTHETIC,RISK_PROJECT_BASELINE,Tổ hợp thương mại căn hộ Phú Mỹ,1248,3000,20260630,TC-01,SUSPENDED_PENDING_REVIEW,2026-06-30,2026-05-15,SYNTHETIC_RISK_SCENARIO
502323,TST-U02323,TST-U02323,500,502,1PN,1,1,52.73,60.61,15,MID,SW,N,OBSTRUCTED,False,0.87,15.4,True,1,0.75,9.2,NONE,False,SYNTHETIC,RISK_PROJECT_BASELINE,Tổ hợp thương mại căn hộ Phú Mỹ,1248,3000,20260630,TC-01,SUSPENDED_PENDING_REVIEW,2026-06-30,2026-05-15,SYNTHETIC_RISK_SCENARIO
502324,TST-U02324,TST-U02324,500,502,1PN,1,1,56.6,68.36,15,MID,W,N,OBSTRUCTED,True,0.828,6.8,False,0,0.89,15.5,NONE,False,SYNTHETIC,RISK_PROJECT_BASELINE,Tổ hợp thương mại căn hộ Phú Mỹ,1248,3000,20260630,TC-01,SUSPENDED_PENDING_REVIEW,2026-06-30,2026-05-15,SYNTHETIC_RISK_SCENARIO
502325,TST-U02325,TST-U02325,500,502,1PN,1,1,59.38,69.37,15,MID,NE,E,PARK,True,0.856,3.2,False,0,0.22,45.5,NONE,False,SYNTHETIC,RISK_PROJECT_BASELINE,Tổ hợp thương mại căn hộ Phú Mỹ,1248,3000,20260630,TC-01,SUSPENDED_PENDING_REVIEW,2026-06-30,2026-05-15,SYNTHETIC_RISK_SCENARIO
502326,TST-U02326,TST-U02326,500,502,1PN,1,1,59.45,69.94,15,MID,S,NE,OBSTRUCTED,False,0.85,2.2,False,2,0.26,10.8,NONE,False,SYNTHETIC,RISK_PROJECT_BASELINE,Tổ hợp thương mại căn hộ Phú Mỹ,1248,3000,20260630,TC-01,SUSPENDED_PENDING_REVIEW,2026-06-30,2026-05-15,SYNTHETIC_RISK_SCENARIO
502327,TST-U02327,TST-U02327,500,502,3PN,3,2,108.96,122.7,15,MID,NE,NE,OBSTRUCTED,True,0.888,12.1,False,0,0.11,6.2,NONE,False,SYNTHETIC,RISK_PROJECT_BASELINE,Tổ hợp thương mại căn hộ Phú Mỹ,1248,3000,20260630,TC-01,SUSPENDED_PENDING_REVIEW,2026-06-30,2026-05-15,SYNTHETIC_RISK_SCENARIO
502328,TST-U02328,TST-U02328,500,502,2PN,2,2,77.61,91.74,15,MID,E,NE,CITY_OPEN,False,0.846,14.2,True,2,0.05,54.6,CEMETERY,False,SYNTHETIC,RISK_PROJECT_BASELINE,Tổ hợp thương mại căn hộ Phú Mỹ,1248,3000,20260630,TC-01,SUSPENDED_PENDING_REVIEW,2026-06-30,2026-05-15,SYNTHETIC_RISK_SCENARIO
502329,TST-U02329,TST-U02329,500,502,1PN,1,1,54.99,64.47,15,MID,SE,E,OBSTRUCTED,False,0.853,12.4,False,0,0.15,6.2,NONE,False,SYNTHETIC,RISK_PROJECT_BASELINE,Tổ hợp thương mại căn hộ Phú Mỹ,1248,3000,20260630,TC-01,SUSPENDED_PENDING_REVIEW,2026-06-30,2026-05-15,SYNTHETIC_RISK_SCENARIO
502330,TST-U02330,TST-U02330,500,502,3PN,3,2,102.13,125.16,15,MID,SE,SE,POOL,False,0.816,11.4,False,0,0.03,79.8,NONE,False,SYNTHETIC,RISK_PROJECT_BASELINE,Tổ hợp thương mại căn hộ Phú Mỹ,1248,3000,20260630,TC-01,SUSPENDED_PENDING_REVIEW,2026-06-30,2026-05-15,SYNTHETIC_RISK_SCENARIO
502331,TST-U02331,TST-U02331,500,502,1PN,1,1,56.36,69.58,15,MID,SW,W,OBSTRUCTED,False,0.81,8.9,False,1,0.6,11.9,NONE,False,SYNTHETIC,RISK_PROJECT_BASELINE,Tổ hợp thương mại căn hộ Phú Mỹ,1248,3000,20260630,TC-01,SUSPENDED_PENDING_REVIEW,2026-06-30,2026-05-15,SYNTHETIC_RISK_SCENARIO
502332,TST-U02332,TST-U02332,500,502,1PN,1,1,49.27,56.7,15,MID,E,W,OBSTRUCTED,False,0.869,1.7,False,0,0.31,17.2,NONE,False,SYNTHETIC,RISK_PROJECT_BASELINE,Tổ hợp thương mại căn hộ Phú Mỹ,1248,3000,20260630,TC-01,SUSPENDED_PENDING_REVIEW,2026-06-30,2026-05-15,SYNTHETIC_RISK_SCENARIO
502333,TST-U02333,TST-U02333,500,502,3PN,3,2,114.75,136.93,15,MID,W,SE,OBSTRUCTED,False,0.838,4.1,False,0,0.85,18.0,NONE,False,SYNTHETIC,RISK_PROJECT_BASELINE,Tổ hợp thương mại căn hộ Phú Mỹ,1248,3000,20260630,TC-01,SUSPENDED_PENDING_REVIEW,2026-06-30,2026-05-15,SYNTHETIC_RISK_SCENARIO
502334,TST-U02334,TST-U02334,500,502,2PN,2,2,71.46,82.71,15,MID,S,N,CITY_OPEN,False,0.864,15.5,True,2,0.04,31.0,WASTE_STATION,False,SYNTHETIC,RISK_PROJECT_BASELINE,Tổ hợp thương mại căn hộ Phú Mỹ,1248,3000,20260630,TC-01,SUSPENDED_PENDING_REVIEW,2026-06-30,2026-05-15,SYNTHETIC_RISK_SCENARIO
502335,TST-U02335,TST-U02335,500,502,2PN,2,2,64.12,73.03,15,MID,S,E,OBSTRUCTED,False,0.878,15.0,False,1,0.17,8.0,NONE,False,SYNTHETIC,RISK_PROJECT_BASELINE,Tổ hợp thương mại căn hộ Phú Mỹ,1248,3000,20260630,TC-01,SUSPENDED_PENDING_REVIEW,2026-06-30,2026-05-15,SYNTHETIC_RISK_SCENARIO
502336,TST-U02336,TST-U02336,500,502,2PN,2,2,83.21,101.11,15,MID,SE,W,CITY_OPEN,False,0.823,10.1,False,1,0.15,41.4,NONE,False,SYNTHETIC,RISK_PROJECT_BASELINE,Tổ hợp thương mại căn hộ Phú Mỹ,1248,3000,20260630,TC-01,SUSPENDED_PENDING_REVIEW,2026-06-30,2026-05-15,SYNTHETIC_RISK_SCENARIO
502337,TST-U02337,TST-U02337,500,502,3PN,3,2,104.13,129.03,15,MID,SE,S,POOL,False,0.807,7.0,False,1,0.07,28.3,NONE,False,SYNTHETIC,RISK_PROJECT_BASELINE,Tổ hợp thương mại căn hộ Phú Mỹ,1248,3000,20260630,TC-01,SUSPENDED_PENDING_REVIEW,2026-06-30,2026-05-15,SYNTHETIC_RISK_SCENARIO
502338,TST-U02338,TST-U02338,500,502,2PN,2,2,79.59,98.62,15,MID,NW,SE,CITY_OPEN,False,0.807,1.8,False,0,0.6,94.8,NONE,False,SYNTHETIC,RISK_PROJECT_BASELINE,Tổ hợp thương mại căn hộ Phú Mỹ,1248,3000,20260630,TC-01,SUSPENDED_PENDING_REVIEW,2026-06-30,2026-05-15,SYNTHETIC_RISK_SCENARIO
502339,TST-U02339,TST-U02339,500,502,3PN,3,2,109.88,136.67,15,MID,S,W,PARK,False,0.804,9.3,False,1,0.28,52.9,NONE,False,SYNTHETIC,RISK_PROJECT_BASELINE,Tổ hợp thương mại căn hộ Phú Mỹ,1248,3000,20260630,TC-01,SUSPENDED_PENDING_REVIEW,2026-06-30,2026-05-15,SYNTHETIC_RISK_SCENARIO
502340,TST-U02340,TST-U02340,500,502,STUDIO,1,1,40.39,45.79,15,MID,W,NW,CITY_OPEN,False,0.882,4.2,False,0,0.76,86.4,NONE,False,SYNTHETIC,RISK_PROJECT_BASELINE,Tổ hợp thương mại căn hộ Phú Mỹ,1248,3000,20260630,TC-01,SUSPENDED_PENDING_REVIEW,2026-06-30,2026-05-15,SYNTHETIC_RISK_SCENARIO
502341,TST-U02341,TST-U02341,500,502,1PN,1,1,53.36,60.09,15,MID,W,E,CITY_OPEN,False,0.888,2.8,False,0,0.82,29.5,NONE,False,SYNTHETIC,RISK_PROJECT_BASELINE,Tổ hợp thương mại căn hộ Phú Mỹ,1248,3000,20260630,TC-01,SUSPENDED_PENDING_REVIEW,2026-06-30,2026-05-15,SYNTHETIC_RISK_SCENARIO
502342,TST-U02342,TST-U02342,500,502,2PN,2,2,70.22,79.61,15,MID,NE,SE,POOL,False,0.882,3.0,False,0,0.25,69.4,NONE,False,SYNTHETIC,RISK_PROJECT_BASELINE,Tổ hợp thương mại căn hộ Phú Mỹ,1248,3000,20260630,TC-01,SUSPENDED_PENDING_REVIEW,2026-06-30,2026-05-15,SYNTHETIC_RISK_SCENARIO
502343,TST-U02343,TST-U02343,500,502,2PN,2,2,78.38,93.53,15,MID,NE,NE,CITY_OPEN,True,0.838,4.2,False,2,0.29,66.7,NONE,False,SYNTHETIC,RISK_PROJECT_BASELINE,Tổ hợp thương mại căn hộ Phú Mỹ,1248,3000,20260630,TC-01,SUSPENDED_PENDING_REVIEW,2026-06-30,2026-05-15,SYNTHETIC_RISK_SCENARIO
502344,TST-U02344,TST-U02344,500,502,STUDIO,1,1,46.02,53.08,15,MID,SW,S,CITY_OPEN,False,0.867,2.4,False,0,0.8,63.1,NONE,False,SYNTHETIC,RISK_PROJECT_BASELINE,Tổ hợp thương mại căn hộ Phú Mỹ,1248,3000,20260630,TC-01,SUSPENDED_PENDING_REVIEW,2026-06-30,2026-05-15,SYNTHETIC_RISK_SCENARIO
502345,TST-U02345,TST-U02345,500,502,3PN,3,2,95.25,116.3,15,MID,E,N,CITY_OPEN,True,0.819,13.9,True,0,0.19,94.6,NONE,False,SYNTHETIC,RISK_PROJECT_BASELINE,Tổ hợp thương mại căn hộ Phú Mỹ,1248,3000,20260630,TC-01,SUSPENDED_PENDING_REVIEW,2026-06-30,2026-05-15,SYNTHETIC_RISK_SCENARIO
502346,TST-U02346,TST-U02346,500,502,2PN,2,2,72.28,82.14,15,MID,S,S,PARK,True,0.88,4.5,False,1,0.27,83.7,NONE,False,SYNTHETIC,RISK_PROJECT_BASELINE,Tổ hợp thương mại căn hộ Phú Mỹ,1248,3000,20260630,TC-01,SUSPENDED_PENDING_REVIEW,2026-06-30,2026-05-15,SYNTHETIC_RISK_SCENARIO
502347,TST-U02347,TST-U02347,500,502,1PN,1,1,56.22,69.32,15,MID,NE,SW,OBSTRUCTED,True,0.811,14.8,False,2,0.04,7.1,NONE,False,SYNTHETIC,RISK_PROJECT_BASELINE,Tổ hợp thương mại căn hộ Phú Mỹ,1248,3000,20260630,TC-01,SUSPENDED_PENDING_REVIEW,2026-06-30,2026-05-15,SYNTHETIC_RISK_SCENARIO
502348,TST-U02348,TST-U02348,500,502,3PN,3,2,114.66,143.15,15,MID,S,NE,CITY_OPEN,False,0.801,8.5,False,0,0.06,40.8,NONE,False,SYNTHETIC,RISK_PROJECT_BASELINE,Tổ hợp thương mại căn hộ Phú Mỹ,1248,3000,20260630,TC-01,SUSPENDED_PENDING_REVIEW,2026-06-30,2026-05-15,SYNTHETIC_RISK_SCENARIO
502349,TST-U02349,TST-U02349,500,502,2PN,2,2,75.82,91.46,15,MID,S,E,POOL,False,0.829,11.3,False,1,0.15,100.3,NONE,False,SYNTHETIC,RISK_PROJECT_BASELINE,Tổ hợp thương mại căn hộ Phú Mỹ,1248,3000,20260630,TC-01,SUSPENDED_PENDING_REVIEW,2026-06-30,2026-05-15,SYNTHETIC_RISK_SCENARIO
502350,TST-U02350,TST-U02350,500,502,2PN,2,2,69.59,86.66,15,MID,E,NE,CITY_OPEN,False,0.803,4.7,False,1,0.16,76.7,NONE,False,SYNTHETIC,RISK_PROJECT_BASELINE,Tổ hợp thương mại căn hộ Phú Mỹ,1248,3000,20260630,TC-01,SUSPENDED_PENDING_REVIEW,2026-06-30,2026-05-15,SYNTHETIC_RISK_SCENARIO
502351,TST-U02351,TST-U02351,500,502,2PN,2,2,75.57,93.53,15,MID,SE,S,CITY_OPEN,False,0.808,12.8,False,0,0.13,81.9,NONE,False,SYNTHETIC,RISK_PROJECT_BASELINE,Tổ hợp thương mại căn hộ Phú Mỹ,1248,3000,20260630,TC-01,SUSPENDED_PENDING_REVIEW,2026-06-30,2026-05-15,SYNTHETIC_RISK_SCENARIO
502352,TST-U02352,TST-U02352,500,502,STUDIO,1,1,44.92,51.34,15,MID,SW,S,OBSTRUCTED,False,0.875,5.2,False,0,0.77,6.7,NONE,False,SYNTHETIC,RISK_PROJECT_BASELINE,Tổ hợp thương mại căn hộ Phú Mỹ,1248,3000,20260630,TC-01,SUSPENDED_PENDING_REVIEW,2026-06-30,2026-05-15,SYNTHETIC_RISK_SCENARIO
502353,TST-U02353,TST-U02353,500,502,1PN,1,1,55.84,65.77,15,MID,SE,SW,OBSTRUCTED,False,0.849,12.4,False,1,0.22,8.7,NONE,False,SYNTHETIC,RISK_PROJECT_BASELINE,Tổ hợp thương mại căn hộ Phú Mỹ,1248,3000,20260630,TC-01,SUSPENDED_PENDING_REVIEW,2026-06-30,2026-05-15,SYNTHETIC_RISK_SCENARIO
502354,TST-U02354,TST-U02354,500,502,1PN,1,1,53.32,65.91,15,MID,N,NE,PARK,False,0.809,14.3,False,0,0.04,100.1,NONE,False,SYNTHETIC,RISK_PROJECT_BASELINE,Tổ hợp thương mại căn hộ Phú Mỹ,1248,3000,20260630,TC-01,SUSPENDED_PENDING_REVIEW,2026-06-30,2026-05-15,SYNTHETIC_RISK_SCENARIO
502355,TST-U02355,TST-U02355,500,502,2PN,2,2,83.12,98.25,15,MID,W,N,CITY_OPEN,False,0.846,12.5,False,0,0.84,49.9,NONE,False,SYNTHETIC,RISK_PROJECT_BASELINE,Tổ hợp thương mại căn hộ Phú Mỹ,1248,3000,20260630,TC-01,SUSPENDED_PENDING_REVIEW,2026-06-30,2026-05-15,SYNTHETIC_RISK_SCENARIO
502356,TST-U02356,TST-U02356,500,502,3PN,3,2,92.11,114.28,15,MID,SE,S,PARK,False,0.806,10.4,False,0,0.31,90.2,NONE,False,SYNTHETIC,RISK_PROJECT_BASELINE,Tổ hợp thương mại căn hộ Phú Mỹ,1248,3000,20260630,TC-01,SUSPENDED_PENDING_REVIEW,2026-06-30,2026-05-15,SYNTHETIC_RISK_SCENARIO
502357,TST-U02357,TST-U02357,500,502,3PN,3,2,107.58,132.32,15,MID,NE,SW,PARK,False,0.813,3.6,False,0,0.05,96.2,NONE,False,SYNTHETIC,RISK_PROJECT_BASELINE,Tổ hợp thương mại căn hộ Phú Mỹ,1248,3000,20260630,TC-01,SUSPENDED_PENDING_REVIEW,2026-06-30,2026-05-15,SYNTHETIC_RISK_SCENARIO
502358,TST-U02358,TST-U02358,500,502,3PN,3,2,116.78,133.31,15,MID,SW,NE,POOL,False,0.876,15.3,False,0,0.57,59.0,NONE,False,SYNTHETIC,RISK_PROJECT_BASELINE,Tổ hợp thương mại căn hộ Phú Mỹ,1248,3000,20260630,TC-01,SUSPENDED_PENDING_REVIEW,2026-06-30,2026-05-15,SYNTHETIC_RISK_SCENARIO
502359,TST-U02359,TST-U02359,500,502,2PN,2,2,75.9,87.54,16,MID,E,SE,OBSTRUCTED,False,0.867,4.6,False,1,0.12,8.5,NONE,False,SYNTHETIC,RISK_PROJECT_BASELINE,Tổ hợp thương mại căn hộ Phú Mỹ,1248,3000,20260630,TC-01,SUSPENDED_PENDING_REVIEW,2026-06-30,2026-05-15,SYNTHETIC_RISK_SCENARIO
502360,TST-U02360,TST-U02360,500,502,3PN,3,2,93.15,109.98,16,MID,N,E,POOL,False,0.847,10.9,False,1,0.19,51.2,WASTE_STATION,False,SYNTHETIC,RISK_PROJECT_BASELINE,Tổ hợp thương mại căn hộ Phú Mỹ,1248,3000,20260630,TC-01,SUSPENDED_PENDING_REVIEW,2026-06-30,2026-05-15,SYNTHETIC_RISK_SCENARIO
502361,TST-U02361,TST-U02361,500,502,1PN,1,1,49.33,61.13,16,MID,W,S,CITY_OPEN,False,0.807,10.4,True,1,0.63,71.5,NONE,False,SYNTHETIC,RISK_PROJECT_BASELINE,Tổ hợp thương mại căn hộ Phú Mỹ,1248,3000,20260630,TC-01,SUSPENDED_PENDING_REVIEW,2026-06-30,2026-05-15,SYNTHETIC_RISK_SCENARIO
502362,TST-U02362,TST-U02362,500,502,2PN,2,2,70.76,83.54,16,MID,SE,S,OBSTRUCTED,False,0.847,2.1,False,0,0.04,5.1,NONE,False,SYNTHETIC,RISK_PROJECT_BASELINE,Tổ hợp thương mại căn hộ Phú Mỹ,1248,3000,20260630,TC-01,SUSPENDED_PENDING_REVIEW,2026-06-30,2026-05-15,SYNTHETIC_RISK_SCENARIO
502363,TST-U02363,TST-U02363,500,502,3PN,3,2,110.52,135.61,16,MID,E,N,OBSTRUCTED,False,0.815,9.7,False,0,0.03,15.5,NONE,False,SYNTHETIC,RISK_PROJECT_BASELINE,Tổ hợp thương mại căn hộ Phú Mỹ,1248,3000,20260630,TC-01,SUSPENDED_PENDING_REVIEW,2026-06-30,2026-05-15,SYNTHETIC_RISK_SCENARIO
502364,TST-U02364,TST-U02364,500,502,2PN,2,2,64.17,78.93,16,MID,SW,NW,CITY_OPEN,False,0.813,14.4,False,1,0.58,104.0,NONE,False,SYNTHETIC,RISK_PROJECT_BASELINE,Tổ hợp thương mại căn hộ Phú Mỹ,1248,3000,20260630,TC-01,SUSPENDED_PENDING_REVIEW,2026-06-30,2026-05-15,SYNTHETIC_RISK_SCENARIO
502365,TST-U02365,TST-U02365,500,502,2PN,2,2,71.24,85.52,16,MID,S,NE,OBSTRUCTED,True,0.833,2.4,True,0,0.17,7.0,NONE,False,SYNTHETIC,RISK_PROJECT_BASELINE,Tổ hợp thương mại căn hộ Phú Mỹ,1248,3000,20260630,TC-01,SUSPENDED_PENDING_REVIEW,2026-06-30,2026-05-15,SYNTHETIC_RISK_SCENARIO
502366,TST-U02366,TST-U02366,500,502,3PN,3,2,108.15,124.03,16,MID,NW,NW,POOL,True,0.872,8.0,False,0,0.72,98.2,NONE,False,SYNTHETIC,RISK_PROJECT_BASELINE,Tổ hợp thương mại căn hộ Phú Mỹ,1248,3000,20260630,TC-01,SUSPENDED_PENDING_REVIEW,2026-06-30,2026-05-15,SYNTHETIC_RISK_SCENARIO
502367,TST-U02367,TST-U02367,500,502,STUDIO,1,1,47.28,58.08,16,MID,SE,N,OBSTRUCTED,False,0.814,5.5,True,0,0.27,9.8,NONE,False,SYNTHETIC,RISK_PROJECT_BASELINE,Tổ hợp thương mại căn hộ Phú Mỹ,1248,3000,20260630,TC-01,SUSPENDED_PENDING_REVIEW,2026-06-30,2026-05-15,SYNTHETIC_RISK_SCENARIO
502368,TST-U02368,TST-U02368,500,502,3PN,3,2,113.74,137.04,16,MID,N,NW,CITY_OPEN,False,0.83,14.4,False,2,0.19,88.8,NONE,False,SYNTHETIC,RISK_PROJECT_BASELINE,Tổ hợp thương mại căn hộ Phú Mỹ,1248,3000,20260630,TC-01,SUSPENDED_PENDING_REVIEW,2026-06-30,2026-05-15,SYNTHETIC_RISK_SCENARIO
502369,TST-U02369,TST-U02369,500,502,2PN,2,2,71.78,83.95,16,MID,S,E,OBSTRUCTED,False,0.855,9.3,False,0,0.03,17.7,NONE,False,SYNTHETIC,RISK_PROJECT_BASELINE,Tổ hợp thương mại căn hộ Phú Mỹ,1248,3000,20260630,TC-01,SUSPENDED_PENDING_REVIEW,2026-06-30,2026-05-15,SYNTHETIC_RISK_SCENARIO
502370,TST-U02370,TST-U02370,500,502,3PN,3,2,108.95,128.33,16,MID,SE,SW,OBSTRUCTED,False,0.849,11.2,False,0,0.19,6.2,NONE,False,SYNTHETIC,RISK_PROJECT_BASELINE,Tổ hợp thương mại căn hộ Phú Mỹ,1248,3000,20260630,TC-01,SUSPENDED_PENDING_REVIEW,2026-06-30,2026-05-15,SYNTHETIC_RISK_SCENARIO
502371,TST-U02371,TST-U02371,500,502,2PN,2,2,78.61,92.7,16,MID,SE,NE,OBSTRUCTED,True,0.848,6.0,False,1,0.13,10.3,NONE,False,SYNTHETIC,RISK_PROJECT_BASELINE,Tổ hợp thương mại căn hộ Phú Mỹ,1248,3000,20260630,TC-01,SUSPENDED_PENDING_REVIEW,2026-06-30,2026-05-15,SYNTHETIC_RISK_SCENARIO
502372,TST-U02372,TST-U02372,500,502,2PN,2,2,74.66,83.98,16,MID,NW,SW,POOL,False,0.889,12.7,False,0,0.68,51.4,NONE,False,SYNTHETIC,RISK_PROJECT_BASELINE,Tổ hợp thương mại căn hộ Phú Mỹ,1248,3000,20260630,TC-01,SUSPENDED_PENDING_REVIEW,2026-06-30,2026-05-15,SYNTHETIC_RISK_SCENARIO
502373,TST-U02373,TST-U02373,500,502,2PN,2,2,72.51,88.64,16,MID,SW,S,CITY_OPEN,False,0.818,2.4,False,1,0.54,78.6,NONE,False,SYNTHETIC,RISK_PROJECT_BASELINE,Tổ hợp thương mại căn hộ Phú Mỹ,1248,3000,20260630,TC-01,SUSPENDED_PENDING_REVIEW,2026-06-30,2026-05-15,SYNTHETIC_RISK_SCENARIO
502374,TST-U02374,TST-U02374,500,502,3PN,3,2,97.51,115.81,16,MID,SW,SW,PARK,False,0.842,15.3,True,0,0.76,92.2,NONE,False,SYNTHETIC,RISK_PROJECT_BASELINE,Tổ hợp thương mại căn hộ Phú Mỹ,1248,3000,20260630,TC-01,SUSPENDED_PENDING_REVIEW,2026-06-30,2026-05-15,SYNTHETIC_RISK_SCENARIO
502375,TST-U02375,TST-U02375,500,502,1PN,1,1,54.73,67.99,16,MID,NE,NW,CITY_OPEN,True,0.805,2.7,False,0,0.03,58.6,NONE,False,SYNTHETIC,RISK_PROJECT_BASELINE,Tổ hợp thương mại căn hộ Phú Mỹ,1248,3000,20260630,TC-01,SUSPENDED_PENDING_REVIEW,2026-06-30,2026-05-15,SYNTHETIC_RISK_SCENARIO
502376,TST-U02376,TST-U02376,500,502,2PN,2,2,82.54,97.11,16,MID,NW,NE,OBSTRUCTED,False,0.85,3.0,False,0,0.79,10.4,NONE,False,SYNTHETIC,RISK_PROJECT_BASELINE,Tổ hợp thương mại căn hộ Phú Mỹ,1248,3000,20260630,TC-01,SUSPENDED_PENDING_REVIEW,2026-06-30,2026-05-15,SYNTHETIC_RISK_SCENARIO
502377,TST-U02377,TST-U02377,500,502,2PN,2,2,70.8,83.59,16,MID,W,S,OBSTRUCTED,False,0.847,6.3,False,0,0.64,9.7,NONE,False,SYNTHETIC,RISK_PROJECT_BASELINE,Tổ hợp thương mại căn hộ Phú Mỹ,1248,3000,20260630,TC-01,SUSPENDED_PENDING_REVIEW,2026-06-30,2026-05-15,SYNTHETIC_RISK_SCENARIO
502378,TST-U02378,TST-U02378,500,502,3PN,3,2,103.08,116.87,16,MID,E,SE,CITY_OPEN,False,0.882,6.6,False,0,0.28,59.9,WASTE_STATION,False,SYNTHETIC,RISK_PROJECT_BASELINE,Tổ hợp thương mại căn hộ Phú Mỹ,1248,3000,20260630,TC-01,SUSPENDED_PENDING_REVIEW,2026-06-30,2026-05-15,SYNTHETIC_RISK_SCENARIO
502379,TST-U02379,TST-U02379,500,502,2PN,2,2,78.31,88.39,16,MID,SE,NE,CITY_OPEN,False,0.886,8.9,True,0,0.16,70.2,NONE,False,SYNTHETIC,RISK_PROJECT_BASELINE,Tổ hợp thương mại căn hộ Phú Mỹ,1248,3000,20260630,TC-01,SUSPENDED_PENDING_REVIEW,2026-06-30,2026-05-15,SYNTHETIC_RISK_SCENARIO
502380,TST-U02380,TST-U02380,500,502,2PN,2,2,76.76,86.73,16,MID,W,NW,OBSTRUCTED,False,0.885,6.4,False,1,0.93,12.4,NONE,False,SYNTHETIC,RISK_PROJECT_BASELINE,Tổ hợp thương mại căn hộ Phú Mỹ,1248,3000,20260630,TC-01,SUSPENDED_PENDING_REVIEW,2026-06-30,2026-05-15,SYNTHETIC_RISK_SCENARIO
502381,TST-U02381,TST-U02381,500,502,2PN,2,2,76.61,92.52,16,MID,W,SE,CITY_OPEN,False,0.828,4.9,False,0,0.92,100.8,NONE,False,SYNTHETIC,RISK_PROJECT_BASELINE,Tổ hợp thương mại căn hộ Phú Mỹ,1248,3000,20260630,TC-01,SUSPENDED_PENDING_REVIEW,2026-06-30,2026-05-15,SYNTHETIC_RISK_SCENARIO
502382,TST-U02382,TST-U02382,500,502,1PN,1,1,51.15,63.3,16,MID,SW,N,OBSTRUCTED,False,0.808,5.6,False,1,0.82,8.0,NONE,False,SYNTHETIC,RISK_PROJECT_BASELINE,Tổ hợp thương mại căn hộ Phú Mỹ,1248,3000,20260630,TC-01,SUSPENDED_PENDING_REVIEW,2026-06-30,2026-05-15,SYNTHETIC_RISK_SCENARIO
502383,TST-U02383,TST-U02383,500,502,3PN,3,2,109.69,130.12,16,MID,SW,NE,OBSTRUCTED,False,0.843,3.1,False,0,0.81,6.6,NONE,False,SYNTHETIC,RISK_PROJECT_BASELINE,Tổ hợp thương mại căn hộ Phú Mỹ,1248,3000,20260630,TC-01,SUSPENDED_PENDING_REVIEW,2026-06-30,2026-05-15,SYNTHETIC_RISK_SCENARIO
502384,TST-U02384,TST-U02384,500,502,3PN,3,2,104.23,123.35,16,MID,SE,SE,CITY_OPEN,False,0.845,9.0,True,0,0.15,78.3,NONE,False,SYNTHETIC,RISK_PROJECT_BASELINE,Tổ hợp thương mại căn hộ Phú Mỹ,1248,3000,20260630,TC-01,SUSPENDED_PENDING_REVIEW,2026-06-30,2026-05-15,SYNTHETIC_RISK_SCENARIO
502385,TST-U02385,TST-U02385,500,502,1PN,1,1,56.55,67.24,16,MID,NE,NW,PARK,False,0.841,11.3,False,0,0.09,29.0,NONE,False,SYNTHETIC,RISK_PROJECT_BASELINE,Tổ hợp thương mại căn hộ Phú Mỹ,1248,3000,20260630,TC-01,SUSPENDED_PENDING_REVIEW,2026-06-30,2026-05-15,SYNTHETIC_RISK_SCENARIO
502386,TST-U02386,TST-U02386,500,502,1PN,1,1,47.69,55.32,16,MID,NE,SW,OBSTRUCTED,False,0.862,6.9,False,0,0.26,7.0,NONE,False,SYNTHETIC,RISK_PROJECT_BASELINE,Tổ hợp thương mại căn hộ Phú Mỹ,1248,3000,20260630,TC-01,SUSPENDED_PENDING_REVIEW,2026-06-30,2026-05-15,SYNTHETIC_RISK_SCENARIO
502387,TST-U02387,TST-U02387,500,502,2PN,2,2,82.68,103.09,16,MID,E,N,PARK,False,0.802,8.7,False,0,0.07,72.4,NONE,False,SYNTHETIC,RISK_PROJECT_BASELINE,Tổ hợp thương mại căn hộ Phú Mỹ,1248,3000,20260630,TC-01,SUSPENDED_PENDING_REVIEW,2026-06-30,2026-05-15,SYNTHETIC_RISK_SCENARIO
502388,TST-U02388,TST-U02388,500,502,3PN,3,2,100.25,112.89,16,MID,E,SE,OBSTRUCTED,False,0.888,10.5,False,1,0.08,6.0,NONE,False,SYNTHETIC,RISK_PROJECT_BASELINE,Tổ hợp thương mại căn hộ Phú Mỹ,1248,3000,20260630,TC-01,SUSPENDED_PENDING_REVIEW,2026-06-30,2026-05-15,SYNTHETIC_RISK_SCENARIO
502389,TST-U02389,TST-U02389,500,502,2PN,2,2,66.09,78.68,16,MID,SW,NW,OBSTRUCTED,False,0.84,12.7,False,1,0.85,5.2,NONE,False,SYNTHETIC,RISK_PROJECT_BASELINE,Tổ hợp thương mại căn hộ Phú Mỹ,1248,3000,20260630,TC-01,SUSPENDED_PENDING_REVIEW,2026-06-30,2026-05-15,SYNTHETIC_RISK_SCENARIO
502390,TST-U02390,TST-U02390,500,502,2PN,2,2,74.72,90.79,16,MID,NE,NW,OBSTRUCTED,False,0.823,3.3,False,2,0.12,7.1,NONE,False,SYNTHETIC,RISK_PROJECT_BASELINE,Tổ hợp thương mại căn hộ Phú Mỹ,1248,3000,20260630,TC-01,SUSPENDED_PENDING_REVIEW,2026-06-30,2026-05-15,SYNTHETIC_RISK_SCENARIO
502391,TST-U02391,TST-U02391,500,502,1PN,1,1,57.44,66.64,16,MID,SW,NE,OBSTRUCTED,False,0.862,14.2,True,0,0.64,14.1,NONE,False,SYNTHETIC,RISK_PROJECT_BASELINE,Tổ hợp thương mại căn hộ Phú Mỹ,1248,3000,20260630,TC-01,SUSPENDED_PENDING_REVIEW,2026-06-30,2026-05-15,SYNTHETIC_RISK_SCENARIO
502392,TST-U02392,TST-U02392,500,502,3PN,3,2,104.95,127.06,16,MID,S,E,OBSTRUCTED,False,0.826,9.2,False,0,0.21,15.3,NONE,False,SYNTHETIC,RISK_PROJECT_BASELINE,Tổ hợp thương mại căn hộ Phú Mỹ,1248,3000,20260630,TC-01,SUSPENDED_PENDING_REVIEW,2026-06-30,2026-05-15,SYNTHETIC_RISK_SCENARIO
502393,TST-U02393,TST-U02393,500,502,2PN,2,2,80.1,94.01,16,MID,S,NW,PARK,False,0.852,7.3,True,1,0.16,91.6,NONE,False,SYNTHETIC,RISK_PROJECT_BASELINE,Tổ hợp thương mại căn hộ Phú Mỹ,1248,3000,20260630,TC-01,SUSPENDED_PENDING_REVIEW,2026-06-30,2026-05-15,SYNTHETIC_RISK_SCENARIO
502394,TST-U02394,TST-U02394,500,502,3PN,3,2,99.73,112.82,16,MID,NE,E,CITY_OPEN,False,0.884,7.5,False,0,0.16,97.3,NONE,False,SYNTHETIC,RISK_PROJECT_BASELINE,Tổ hợp thương mại căn hộ Phú Mỹ,1248,3000,20260630,TC-01,SUSPENDED_PENDING_REVIEW,2026-06-30,2026-05-15,SYNTHETIC_RISK_SCENARIO
502395,TST-U02395,TST-U02395,500,502,1PN,1,1,55.71,67.36,16,MID,S,E,OBSTRUCTED,False,0.827,6.0,False,1,0.27,17.2,WASTE_STATION,False,SYNTHETIC,RISK_PROJECT_BASELINE,Tổ hợp thương mại căn hộ Phú Mỹ,1248,3000,20260630,TC-01,SUSPENDED_PENDING_REVIEW,2026-06-30,2026-05-15,SYNTHETIC_RISK_SCENARIO
502396,TST-U02396,TST-U02396,500,502,3PN,3,2,112.47,138.34,16,MID,N,NE,OBSTRUCTED,False,0.813,15.0,True,0,0.29,13.2,NONE,False,SYNTHETIC,RISK_PROJECT_BASELINE,Tổ hợp thương mại căn hộ Phú Mỹ,1248,3000,20260630,TC-01,SUSPENDED_PENDING_REVIEW,2026-06-30,2026-05-15,SYNTHETIC_RISK_SCENARIO
502397,TST-U02397,TST-U02397,500,502,3PN,3,2,98.51,120.13,16,MID,SW,E,OBSTRUCTED,False,0.82,14.9,False,2,0.7,7.9,NONE,False,SYNTHETIC,RISK_PROJECT_BASELINE,Tổ hợp thương mại căn hộ Phú Mỹ,1248,3000,20260630,TC-01,SUSPENDED_PENDING_REVIEW,2026-06-30,2026-05-15,SYNTHETIC_RISK_SCENARIO
502398,TST-U02398,TST-U02398,500,502,2PN,2,2,82.6,93.12,16,MID,S,W,CITY_OPEN,False,0.887,6.3,False,0,0.07,102.9,NONE,False,SYNTHETIC,RISK_PROJECT_BASELINE,Tổ hợp thương mại căn hộ Phú Mỹ,1248,3000,20260630,TC-01,SUSPENDED_PENDING_REVIEW,2026-06-30,2026-05-15,SYNTHETIC_RISK_SCENARIO
502399,TST-U02399,TST-U02399,500,502,2PN,2,2,75.41,86.58,16,MID,SE,E,OBSTRUCTED,False,0.871,3.7,True,0,0.23,9.1,NONE,False,SYNTHETIC,RISK_PROJECT_BASELINE,Tổ hợp thương mại căn hộ Phú Mỹ,1248,3000,20260630,TC-01,SUSPENDED_PENDING_REVIEW,2026-06-30,2026-05-15,SYNTHETIC_RISK_SCENARIO
502400,TST-U02400,TST-U02400,500,502,2PN,2,2,65.64,80.24,16,MID,E,N,CITY_OPEN,False,0.818,5.3,True,0,0.28,65.5,NONE,False,SYNTHETIC,RISK_PROJECT_BASELINE,Tổ hợp thương mại căn hộ Phú Mỹ,1248,3000,20260630,TC-01,SUSPENDED_PENDING_REVIEW,2026-06-30,2026-05-15,SYNTHETIC_RISK_SCENARIO
502401,TST-U02401,TST-U02401,500,502,2PN,2,2,82.52,97.77,16,MID,SW,N,OBSTRUCTED,True,0.844,9.0,False,0,0.85,7.0,NONE,False,SYNTHETIC,RISK_PROJECT_BASELINE,Tổ hợp thương mại căn hộ Phú Mỹ,1248,3000,20260630,TC-01,SUSPENDED_PENDING_REVIEW,2026-06-30,2026-05-15,SYNTHETIC_RISK_SCENARIO
502402,TST-U02402,TST-U02402,500,502,2PN,2,2,71.02,83.36,16,MID,E,SW,POOL,False,0.852,5.6,False,1,0.08,88.8,NONE,False,SYNTHETIC,RISK_PROJECT_BASELINE,Tổ hợp thương mại căn hộ Phú Mỹ,1248,3000,20260630,TC-01,SUSPENDED_PENDING_REVIEW,2026-06-30,2026-05-15,SYNTHETIC_RISK_SCENARIO
502403,TST-U02403,TST-U02403,500,502,2PN,2,2,73.95,86.69,16,MID,N,S,CITY_OPEN,False,0.853,12.1,False,0,0.25,46.6,NONE,False,SYNTHETIC,RISK_PROJECT_BASELINE,Tổ hợp thương mại căn hộ Phú Mỹ,1248,3000,20260630,TC-01,SUSPENDED_PENDING_REVIEW,2026-06-30,2026-05-15,SYNTHETIC_RISK_SCENARIO
502404,TST-U02404,TST-U02404,500,502,2PN,2,2,80.27,99.47,16,MID,W,W,CITY_OPEN,True,0.807,7.4,False,0,0.55,32.3,NONE,False,SYNTHETIC,RISK_PROJECT_BASELINE,Tổ hợp thương mại căn hộ Phú Mỹ,1248,3000,20260630,TC-01,SUSPENDED_PENDING_REVIEW,2026-06-30,2026-05-15,SYNTHETIC_RISK_SCENARIO
502405,TST-U02405,TST-U02405,500,502,2PN,2,2,74.23,85.52,16,MID,NE,SE,PARK,False,0.868,2.7,True,1,0.31,60.2,NONE,False,SYNTHETIC,RISK_PROJECT_BASELINE,Tổ hợp thương mại căn hộ Phú Mỹ,1248,3000,20260630,TC-01,SUSPENDED_PENDING_REVIEW,2026-06-30,2026-05-15,SYNTHETIC_RISK_SCENARIO
502406,TST-U02406,TST-U02406,500,502,2PN,2,2,69.16,80.23,16,MID,SE,E,PARK,False,0.862,3.3,False,0,0.21,51.0,NONE,False,SYNTHETIC,RISK_PROJECT_BASELINE,Tổ hợp thương mại căn hộ Phú Mỹ,1248,3000,20260630,TC-01,SUSPENDED_PENDING_REVIEW,2026-06-30,2026-05-15,SYNTHETIC_RISK_SCENARIO
502407,TST-U02407,TST-U02407,500,502,1PN,1,1,50.22,58.81,16,MID,E,E,PARK,False,0.854,9.5,False,0,0.05,102.4,NONE,False,SYNTHETIC,RISK_PROJECT_BASELINE,Tổ hợp thương mại căn hộ Phú Mỹ,1248,3000,20260630,TC-01,SUSPENDED_PENDING_REVIEW,2026-06-30,2026-05-15,SYNTHETIC_RISK_SCENARIO
502408,TST-U02408,TST-U02408,500,502,1PN,1,1,58.73,66.89,16,MID,E,SE,OBSTRUCTED,False,0.878,1.5,False,0,0.24,4.7,NONE,False,SYNTHETIC,RISK_PROJECT_BASELINE,Tổ hợp thương mại căn hộ Phú Mỹ,1248,3000,20260630,TC-01,SUSPENDED_PENDING_REVIEW,2026-06-30,2026-05-15,SYNTHETIC_RISK_SCENARIO
502409,TST-U02409,TST-U02409,500,502,2PN,2,2,66.14,79.4,16,MID,S,W,PARK,True,0.833,4.5,False,1,0.31,90.9,NONE,False,SYNTHETIC,RISK_PROJECT_BASELINE,Tổ hợp thương mại căn hộ Phú Mỹ,1248,3000,20260630,TC-01,SUSPENDED_PENDING_REVIEW,2026-06-30,2026-05-15,SYNTHETIC_RISK_SCENARIO
502410,TST-U02410,TST-U02410,500,502,2PN,2,2,63.93,79.71,16,MID,W,W,OBSTRUCTED,False,0.802,14.6,False,1,0.89,12.3,NONE,False,SYNTHETIC,RISK_PROJECT_BASELINE,Tổ hợp thương mại căn hộ Phú Mỹ,1248,3000,20260630,TC-01,SUSPENDED_PENDING_REVIEW,2026-06-30,2026-05-15,SYNTHETIC_RISK_SCENARIO
502411,TST-U02411,TST-U02411,500,502,3PN,3,2,109.3,132.97,16,MID,NE,W,OBSTRUCTED,False,0.822,12.0,False,0,0.28,15.5,WASTE_STATION,False,SYNTHETIC,RISK_PROJECT_BASELINE,Tổ hợp thương mại căn hộ Phú Mỹ,1248,3000,20260630,TC-01,SUSPENDED_PENDING_REVIEW,2026-06-30,2026-05-15,SYNTHETIC_RISK_SCENARIO
502412,TST-U02412,TST-U02412,500,502,STUDIO,1,1,43.39,52.4,16,MID,SW,W,CITY_OPEN,True,0.828,14.5,False,0,0.6,89.5,NONE,False,SYNTHETIC,RISK_PROJECT_BASELINE,Tổ hợp thương mại căn hộ Phú Mỹ,1248,3000,20260630,TC-01,SUSPENDED_PENDING_REVIEW,2026-06-30,2026-05-15,SYNTHETIC_RISK_SCENARIO
502413,TST-U02413,TST-U02413,500,502,3PN,3,2,104.04,123.27,16,MID,S,NW,CITY_OPEN,False,0.844,13.0,False,0,0.16,64.0,NONE,False,SYNTHETIC,RISK_PROJECT_BASELINE,Tổ hợp thương mại căn hộ Phú Mỹ,1248,3000,20260630,TC-01,SUSPENDED_PENDING_REVIEW,2026-06-30,2026-05-15,SYNTHETIC_RISK_SCENARIO
502414,TST-U02414,TST-U02414,500,502,2PN,2,2,68.45,83.48,16,MID,NW,NW,CITY_OPEN,False,0.82,6.2,True,0,0.68,83.2,NONE,False,SYNTHETIC,RISK_PROJECT_BASELINE,Tổ hợp thương mại căn hộ Phú Mỹ,1248,3000,20260630,TC-01,SUSPENDED_PENDING_REVIEW,2026-06-30,2026-05-15,SYNTHETIC_RISK_SCENARIO
502415,TST-U02415,TST-U02415,500,502,1PN,1,1,53.21,60.4,16,MID,S,W,OBSTRUCTED,True,0.881,3.3,False,1,0.17,7.6,NONE,False,SYNTHETIC,RISK_PROJECT_BASELINE,Tổ hợp thương mại căn hộ Phú Mỹ,1248,3000,20260630,TC-01,SUSPENDED_PENDING_REVIEW,2026-06-30,2026-05-15,SYNTHETIC_RISK_SCENARIO
502416,TST-U02416,TST-U02416,500,502,STUDIO,1,1,40.92,49.54,16,MID,SW,SW,CITY_OPEN,False,0.826,7.0,False,0,0.89,76.3,NONE,False,SYNTHETIC,RISK_PROJECT_BASELINE,Tổ hợp thương mại căn hộ Phú Mỹ,1248,3000,20260630,TC-01,SUSPENDED_PENDING_REVIEW,2026-06-30,2026-05-15,SYNTHETIC_RISK_SCENARIO
502417,TST-U02417,TST-U02417,500,502,3PN,3,2,108.08,134.93,16,MID,SW,NW,CITY_OPEN,False,0.801,2.1,False,1,0.76,96.4,NONE,False,SYNTHETIC,RISK_PROJECT_BASELINE,Tổ hợp thương mại căn hộ Phú Mỹ,1248,3000,20260630,TC-01,SUSPENDED_PENDING_REVIEW,2026-06-30,2026-05-15,SYNTHETIC_RISK_SCENARIO
502418,TST-U02418,TST-U02418,500,502,2PN,2,2,78.07,89.63,16,MID,NW,NE,OBSTRUCTED,False,0.871,12.5,False,0,0.56,5.9,NONE,False,SYNTHETIC,RISK_PROJECT_BASELINE,Tổ hợp thương mại căn hộ Phú Mỹ,1248,3000,20260630,TC-01,SUSPENDED_PENDING_REVIEW,2026-06-30,2026-05-15,SYNTHETIC_RISK_SCENARIO
502419,TST-U02419,TST-U02419,500,502,2PN,2,2,75.33,86.59,16,MID,NE,E,POOL,True,0.87,16.0,False,1,0.24,32.9,NONE,False,SYNTHETIC,RISK_PROJECT_BASELINE,Tổ hợp thương mại căn hộ Phú Mỹ,1248,3000,20260630,TC-01,SUSPENDED_PENDING_REVIEW,2026-06-30,2026-05-15,SYNTHETIC_RISK_SCENARIO
502420,TST-U02420,TST-U02420,500,502,2PN,2,2,76.88,91.2,16,MID,E,N,POOL,False,0.843,10.8,False,0,0.13,91.3,NONE,False,SYNTHETIC,RISK_PROJECT_BASELINE,Tổ hợp thương mại căn hộ Phú Mỹ,1248,3000,20260630,TC-01,SUSPENDED_PENDING_REVIEW,2026-06-30,2026-05-15,SYNTHETIC_RISK_SCENARIO
502421,TST-U02421,TST-U02421,500,502,3PN,3,2,114.16,135.58,16,MID,NW,NW,CITY_OPEN,True,0.842,13.8,False,0,0.86,74.9,NONE,False,SYNTHETIC,RISK_PROJECT_BASELINE,Tổ hợp thương mại căn hộ Phú Mỹ,1248,3000,20260630,TC-01,SUSPENDED_PENDING_REVIEW,2026-06-30,2026-05-15,SYNTHETIC_RISK_SCENARIO
502422,TST-U02422,TST-U02422,500,502,2PN,2,2,73.93,89.29,16,MID,S,W,PARK,False,0.828,9.0,False,0,0.19,29.7,NONE,False,SYNTHETIC,RISK_PROJECT_BASELINE,Tổ hợp thương mại căn hộ Phú Mỹ,1248,3000,20260630,TC-01,SUSPENDED_PENDING_REVIEW,2026-06-30,2026-05-15,SYNTHETIC_RISK_SCENARIO
502423,TST-U02423,TST-U02423,500,502,2PN,2,2,82.96,95.8,16,MID,N,SE,CITY_OPEN,False,0.866,15.3,False,0,0.27,88.2,CEMETERY,False,SYNTHETIC,RISK_PROJECT_BASELINE,Tổ hợp thương mại căn hộ Phú Mỹ,1248,3000,20260630,TC-01,SUSPENDED_PENDING_REVIEW,2026-06-30,2026-05-15,SYNTHETIC_RISK_SCENARIO
502424,TST-U02424,TST-U02424,500,502,2PN,2,2,65.52,74.37,16,MID,S,NE,CITY_OPEN,False,0.881,3.6,False,0,0.17,106.0,NONE,False,SYNTHETIC,RISK_PROJECT_BASELINE,Tổ hợp thương mại căn hộ Phú Mỹ,1248,3000,20260630,TC-01,SUSPENDED_PENDING_REVIEW,2026-06-30,2026-05-15,SYNTHETIC_RISK_SCENARIO
502425,TST-U02425,TST-U02425,500,502,1PN,1,1,53.84,63.12,17,MID,W,S,CITY_OPEN,False,0.853,16.0,False,0,0.91,99.9,NONE,False,SYNTHETIC,RISK_PROJECT_BASELINE,Tổ hợp thương mại căn hộ Phú Mỹ,1248,3000,20260630,TC-01,SUSPENDED_PENDING_REVIEW,2026-06-30,2026-05-15,SYNTHETIC_RISK_SCENARIO
502426,TST-U02426,TST-U02426,500,502,3PN,3,2,99.49,119.72,17,MID,N,NE,OBSTRUCTED,False,0.831,12.9,True,0,0.31,4.6,NONE,False,SYNTHETIC,RISK_PROJECT_BASELINE,Tổ hợp thương mại căn hộ Phú Mỹ,1248,3000,20260630,TC-01,SUSPENDED_PENDING_REVIEW,2026-06-30,2026-05-15,SYNTHETIC_RISK_SCENARIO
502427,TST-U02427,TST-U02427,500,502,1PN,1,1,54.26,66.82,17,MID,SE,SW,OBSTRUCTED,False,0.812,3.1,False,1,0.24,18.0,NONE,False,SYNTHETIC,RISK_PROJECT_BASELINE,Tổ hợp thương mại căn hộ Phú Mỹ,1248,3000,20260630,TC-01,SUSPENDED_PENDING_REVIEW,2026-06-30,2026-05-15,SYNTHETIC_RISK_SCENARIO
502428,TST-U02428,TST-U02428,500,502,2PN,2,2,75.91,91.46,17,MID,NW,SW,CITY_OPEN,False,0.83,8.2,False,0,0.7,53.4,NONE,False,SYNTHETIC,RISK_PROJECT_BASELINE,Tổ hợp thương mại căn hộ Phú Mỹ,1248,3000,20260630,TC-01,SUSPENDED_PENDING_REVIEW,2026-06-30,2026-05-15,SYNTHETIC_RISK_SCENARIO
502429,TST-U02429,TST-U02429,500,502,1PN,1,1,53.86,61.48,17,MID,SW,E,OBSTRUCTED,False,0.876,5.4,False,0,0.72,7.8,WASTE_STATION,False,SYNTHETIC,RISK_PROJECT_BASELINE,Tổ hợp thương mại căn hộ Phú Mỹ,1248,3000,20260630,TC-01,SUSPENDED_PENDING_REVIEW,2026-06-30,2026-05-15,SYNTHETIC_RISK_SCENARIO
502430,TST-U02430,TST-U02430,500,502,2PN,2,2,73.78,83.56,17,MID,W,W,OBSTRUCTED,True,0.883,3.4,False,0,0.67,14.3,NONE,False,SYNTHETIC,RISK_PROJECT_BASELINE,Tổ hợp thương mại căn hộ Phú Mỹ,1248,3000,20260630,TC-01,SUSPENDED_PENDING_REVIEW,2026-06-30,2026-05-15,SYNTHETIC_RISK_SCENARIO
502431,TST-U02431,TST-U02431,500,502,2PN,2,2,64.96,80.5,17,MID,S,SE,CITY_OPEN,False,0.807,1.4,True,0,0.18,83.7,TEMPLE,False,SYNTHETIC,RISK_PROJECT_BASELINE,Tổ hợp thương mại căn hộ Phú Mỹ,1248,3000,20260630,TC-01,SUSPENDED_PENDING_REVIEW,2026-06-30,2026-05-15,SYNTHETIC_RISK_SCENARIO
502432,TST-U02432,TST-U02432,500,502,3PN,3,2,107.59,132.66,17,MID,E,NE,OBSTRUCTED,False,0.811,9.4,True,0,0.11,16.5,NONE,False,SYNTHETIC,RISK_PROJECT_BASELINE,Tổ hợp thương mại căn hộ Phú Mỹ,1248,3000,20260630,TC-01,SUSPENDED_PENDING_REVIEW,2026-06-30,2026-05-15,SYNTHETIC_RISK_SCENARIO
502433,TST-U02433,TST-U02433,500,502,2PN,2,2,77.52,89.31,17,MID,W,SW,POOL,False,0.868,13.5,False,0,0.68,71.1,NONE,False,SYNTHETIC,RISK_PROJECT_BASELINE,Tổ hợp thương mại căn hộ Phú Mỹ,1248,3000,20260630,TC-01,SUSPENDED_PENDING_REVIEW,2026-06-30,2026-05-15,SYNTHETIC_RISK_SCENARIO
502434,TST-U02434,TST-U02434,500,502,STUDIO,1,1,43.3,49.49,17,MID,NE,NW,POOL,False,0.875,12.1,False,1,0.05,61.4,NONE,False,SYNTHETIC,RISK_PROJECT_BASELINE,Tổ hợp thương mại căn hộ Phú Mỹ,1248,3000,20260630,TC-01,SUSPENDED_PENDING_REVIEW,2026-06-30,2026-05-15,SYNTHETIC_RISK_SCENARIO
502435,TST-U02435,TST-U02435,500,502,3PN,3,2,108.12,127.2,17,MID,NE,W,PARK,False,0.85,13.9,False,0,0.31,57.4,NONE,False,SYNTHETIC,RISK_PROJECT_BASELINE,Tổ hợp thương mại căn hộ Phú Mỹ,1248,3000,20260630,TC-01,SUSPENDED_PENDING_REVIEW,2026-06-30,2026-05-15,SYNTHETIC_RISK_SCENARIO
502436,TST-U02436,TST-U02436,500,502,2PN,2,2,75.96,90.75,17,MID,SW,N,CITY_OPEN,False,0.837,3.1,True,0,0.67,59.1,NONE,False,SYNTHETIC,RISK_PROJECT_BASELINE,Tổ hợp thương mại căn hộ Phú Mỹ,1248,3000,20260630,TC-01,SUSPENDED_PENDING_REVIEW,2026-06-30,2026-05-15,SYNTHETIC_RISK_SCENARIO
502437,TST-U02437,TST-U02437,500,502,3PN,3,2,113.72,130.71,17,MID,NE,NW,OBSTRUCTED,False,0.87,8.6,True,0,0.07,5.0,NONE,False,SYNTHETIC,RISK_PROJECT_BASELINE,Tổ hợp thương mại căn hộ Phú Mỹ,1248,3000,20260630,TC-01,SUSPENDED_PENDING_REVIEW,2026-06-30,2026-05-15,SYNTHETIC_RISK_SCENARIO
502438,TST-U02438,TST-U02438,500,502,2PN,2,2,84.24,99.93,17,MID,E,S,PARK,False,0.843,3.0,False,0,0.08,55.7,NONE,False,SYNTHETIC,RISK_PROJECT_BASELINE,Tổ hợp thương mại căn hộ Phú Mỹ,1248,3000,20260630,TC-01,SUSPENDED_PENDING_REVIEW,2026-06-30,2026-05-15,SYNTHETIC_RISK_SCENARIO
502439,TST-U02439,TST-U02439,500,502,2PN,2,2,81.52,100.39,17,MID,W,N,OBSTRUCTED,False,0.812,11.4,False,0,0.91,16.0,NONE,False,SYNTHETIC,RISK_PROJECT_BASELINE,Tổ hợp thương mại căn hộ Phú Mỹ,1248,3000,20260630,TC-01,SUSPENDED_PENDING_REVIEW,2026-06-30,2026-05-15,SYNTHETIC_RISK_SCENARIO
502440,TST-U02440,TST-U02440,500,502,2PN,2,2,79.93,97.12,17,MID,E,N,CITY_OPEN,False,0.823,13.3,False,2,0.23,59.7,NONE,False,SYNTHETIC,RISK_PROJECT_BASELINE,Tổ hợp thương mại căn hộ Phú Mỹ,1248,3000,20260630,TC-01,SUSPENDED_PENDING_REVIEW,2026-06-30,2026-05-15,SYNTHETIC_RISK_SCENARIO
502441,TST-U02441,TST-U02441,500,502,2PN,2,2,74.3,88.14,17,MID,E,SE,PARK,False,0.843,11.9,False,0,0.18,89.3,NONE,False,SYNTHETIC,RISK_PROJECT_BASELINE,Tổ hợp thương mại căn hộ Phú Mỹ,1248,3000,20260630,TC-01,SUSPENDED_PENDING_REVIEW,2026-06-30,2026-05-15,SYNTHETIC_RISK_SCENARIO
502442,TST-U02442,TST-U02442,500,502,2PN,2,2,75.01,93.65,17,MID,SW,NE,CITY_OPEN,True,0.801,4.8,True,1,0.58,72.0,NONE,False,SYNTHETIC,RISK_PROJECT_BASELINE,Tổ hợp thương mại căn hộ Phú Mỹ,1248,3000,20260630,TC-01,SUSPENDED_PENDING_REVIEW,2026-06-30,2026-05-15,SYNTHETIC_RISK_SCENARIO
502443,TST-U02443,TST-U02443,500,502,2PN,2,2,68.64,81.81,17,MID,NE,N,PARK,True,0.839,3.5,False,0,0.31,53.3,NONE,False,SYNTHETIC,RISK_PROJECT_BASELINE,Tổ hợp thương mại căn hộ Phú Mỹ,1248,3000,20260630,TC-01,SUSPENDED_PENDING_REVIEW,2026-06-30,2026-05-15,SYNTHETIC_RISK_SCENARIO
502444,TST-U02444,TST-U02444,500,502,2PN,2,2,67.35,83.77,17,MID,N,SW,CITY_OPEN,False,0.804,2.5,False,0,0.17,62.8,NONE,False,SYNTHETIC,RISK_PROJECT_BASELINE,Tổ hợp thương mại căn hộ Phú Mỹ,1248,3000,20260630,TC-01,SUSPENDED_PENDING_REVIEW,2026-06-30,2026-05-15,SYNTHETIC_RISK_SCENARIO
502445,TST-U02445,TST-U02445,500,502,2PN,2,2,66.56,82.27,17,MID,SE,E,CITY_OPEN,False,0.809,6.1,True,0,0.12,65.0,NONE,False,SYNTHETIC,RISK_PROJECT_BASELINE,Tổ hợp thương mại căn hộ Phú Mỹ,1248,3000,20260630,TC-01,SUSPENDED_PENDING_REVIEW,2026-06-30,2026-05-15,SYNTHETIC_RISK_SCENARIO
502446,TST-U02446,TST-U02446,500,502,2PN,2,2,75.87,91.85,17,MID,SE,W,OBSTRUCTED,False,0.826,9.1,False,0,0.31,6.9,CEMETERY,False,SYNTHETIC,RISK_PROJECT_BASELINE,Tổ hợp thương mại căn hộ Phú Mỹ,1248,3000,20260630,TC-01,SUSPENDED_PENDING_REVIEW,2026-06-30,2026-05-15,SYNTHETIC_RISK_SCENARIO
502447,TST-U02447,TST-U02447,500,502,1PN,1,1,61.39,69.92,17,MID,NE,SE,CITY_OPEN,True,0.878,15.7,False,0,0.09,48.2,NONE,False,SYNTHETIC,RISK_PROJECT_BASELINE,Tổ hợp thương mại căn hộ Phú Mỹ,1248,3000,20260630,TC-01,SUSPENDED_PENDING_REVIEW,2026-06-30,2026-05-15,SYNTHETIC_RISK_SCENARIO
502448,TST-U02448,TST-U02448,500,502,2PN,2,2,84.64,97.96,17,MID,N,S,PARK,False,0.864,13.4,False,0,0.28,38.1,NONE,False,SYNTHETIC,RISK_PROJECT_BASELINE,Tổ hợp thương mại căn hộ Phú Mỹ,1248,3000,20260630,TC-01,SUSPENDED_PENDING_REVIEW,2026-06-30,2026-05-15,SYNTHETIC_RISK_SCENARIO
502449,TST-U02449,TST-U02449,500,502,2PN,2,2,75.76,94.46,17,MID,SE,W,OBSTRUCTED,False,0.802,7.0,False,0,0.28,10.5,NONE,False,SYNTHETIC,RISK_PROJECT_BASELINE,Tổ hợp thương mại căn hộ Phú Mỹ,1248,3000,20260630,TC-01,SUSPENDED_PENDING_REVIEW,2026-06-30,2026-05-15,SYNTHETIC_RISK_SCENARIO
502450,TST-U02450,TST-U02450,500,502,2PN,2,2,71.13,84.78,17,MID,NE,N,CITY_OPEN,False,0.839,11.8,False,0,0.2,67.4,NONE,False,SYNTHETIC,RISK_PROJECT_BASELINE,Tổ hợp thương mại căn hộ Phú Mỹ,1248,3000,20260630,TC-01,SUSPENDED_PENDING_REVIEW,2026-06-30,2026-05-15,SYNTHETIC_RISK_SCENARIO
502451,TST-U02451,TST-U02451,500,502,STUDIO,1,1,42.76,52.73,17,MID,SW,N,OBSTRUCTED,False,0.811,3.2,False,0,0.82,15.1,NONE,False,SYNTHETIC,RISK_PROJECT_BASELINE,Tổ hợp thương mại căn hộ Phú Mỹ,1248,3000,20260630,TC-01,SUSPENDED_PENDING_REVIEW,2026-06-30,2026-05-15,SYNTHETIC_RISK_SCENARIO
502452,TST-U02452,TST-U02452,500,502,3PN,3,2,96.49,111.81,17,MID,SE,N,POOL,False,0.863,16.0,False,0,0.2,45.5,NONE,False,SYNTHETIC,RISK_PROJECT_BASELINE,Tổ hợp thương mại căn hộ Phú Mỹ,1248,3000,20260630,TC-01,SUSPENDED_PENDING_REVIEW,2026-06-30,2026-05-15,SYNTHETIC_RISK_SCENARIO
502453,TST-U02453,TST-U02453,500,502,1PN,1,1,58.56,71.68,17,MID,W,SW,CITY_OPEN,True,0.817,1.5,False,0,0.53,32.7,NONE,False,SYNTHETIC,RISK_PROJECT_BASELINE,Tổ hợp thương mại căn hộ Phú Mỹ,1248,3000,20260630,TC-01,SUSPENDED_PENDING_REVIEW,2026-06-30,2026-05-15,SYNTHETIC_RISK_SCENARIO
502454,TST-U02454,TST-U02454,500,502,2PN,2,2,70.06,86.49,17,MID,E,E,CITY_OPEN,False,0.81,14.6,False,0,0.17,30.4,NONE,False,SYNTHETIC,RISK_PROJECT_BASELINE,Tổ hợp thương mại căn hộ Phú Mỹ,1248,3000,20260630,TC-01,SUSPENDED_PENDING_REVIEW,2026-06-30,2026-05-15,SYNTHETIC_RISK_SCENARIO
502455,TST-U02455,TST-U02455,500,502,1PN,1,1,53.73,66.91,17,MID,NE,NE,PARK,False,0.803,1.2,False,0,0.15,85.0,NONE,False,SYNTHETIC,RISK_PROJECT_BASELINE,Tổ hợp thương mại căn hộ Phú Mỹ,1248,3000,20260630,TC-01,SUSPENDED_PENDING_REVIEW,2026-06-30,2026-05-15,SYNTHETIC_RISK_SCENARIO
502456,TST-U02456,TST-U02456,500,502,3PN,3,2,104.85,119.28,17,MID,NW,W,CITY_OPEN,True,0.879,11.7,False,1,0.56,86.1,NONE,False,SYNTHETIC,RISK_PROJECT_BASELINE,Tổ hợp thương mại căn hộ Phú Mỹ,1248,3000,20260630,TC-01,SUSPENDED_PENDING_REVIEW,2026-06-30,2026-05-15,SYNTHETIC_RISK_SCENARIO
502457,TST-U02457,TST-U02457,500,502,2PN,2,2,72.23,84.78,17,MID,SE,N,OBSTRUCTED,False,0.852,12.6,True,0,0.06,6.1,NONE,False,SYNTHETIC,RISK_PROJECT_BASELINE,Tổ hợp thương mại căn hộ Phú Mỹ,1248,3000,20260630,TC-01,SUSPENDED_PENDING_REVIEW,2026-06-30,2026-05-15,SYNTHETIC_RISK_SCENARIO
502458,TST-U02458,TST-U02458,500,502,3PN,3,2,101.03,113.52,17,MID,SE,S,OBSTRUCTED,False,0.89,14.8,False,0,0.29,14.7,NONE,False,SYNTHETIC,RISK_PROJECT_BASELINE,Tổ hợp thương mại căn hộ Phú Mỹ,1248,3000,20260630,TC-01,SUSPENDED_PENDING_REVIEW,2026-06-30,2026-05-15,SYNTHETIC_RISK_SCENARIO
502459,TST-U02459,TST-U02459,500,502,2PN,2,2,77.91,93.19,17,MID,NW,SW,CITY_OPEN,True,0.836,3.4,False,0,0.61,66.5,NONE,False,SYNTHETIC,RISK_PROJECT_BASELINE,Tổ hợp thương mại căn hộ Phú Mỹ,1248,3000,20260630,TC-01,SUSPENDED_PENDING_REVIEW,2026-06-30,2026-05-15,SYNTHETIC_RISK_SCENARIO
502460,TST-U02460,TST-U02460,500,502,1PN,1,1,51.36,58.23,17,MID,E,S,CITY_OPEN,False,0.882,15.4,False,0,0.31,109.4,NONE,False,SYNTHETIC,RISK_PROJECT_BASELINE,Tổ hợp thương mại căn hộ Phú Mỹ,1248,3000,20260630,TC-01,SUSPENDED_PENDING_REVIEW,2026-06-30,2026-05-15,SYNTHETIC_RISK_SCENARIO
502461,TST-U02461,TST-U02461,500,502,1PN,1,1,60.85,70.67,17,MID,W,S,OBSTRUCTED,False,0.861,7.3,False,1,0.7,13.3,NONE,False,SYNTHETIC,RISK_PROJECT_BASELINE,Tổ hợp thương mại căn hộ Phú Mỹ,1248,3000,20260630,TC-01,SUSPENDED_PENDING_REVIEW,2026-06-30,2026-05-15,SYNTHETIC_RISK_SCENARIO
502462,TST-U02462,TST-U02462,500,502,2PN,2,2,80.94,95.67,17,MID,SE,W,OBSTRUCTED,False,0.846,1.6,False,0,0.25,6.7,NONE,False,SYNTHETIC,RISK_PROJECT_BASELINE,Tổ hợp thương mại căn hộ Phú Mỹ,1248,3000,20260630,TC-01,SUSPENDED_PENDING_REVIEW,2026-06-30,2026-05-15,SYNTHETIC_RISK_SCENARIO
502463,TST-U02463,TST-U02463,500,502,1PN,1,1,54.6,62.76,17,MID,W,W,OBSTRUCTED,False,0.87,14.4,False,0,0.8,14.1,NONE,False,SYNTHETIC,RISK_PROJECT_BASELINE,Tổ hợp thương mại căn hộ Phú Mỹ,1248,3000,20260630,TC-01,SUSPENDED_PENDING_REVIEW,2026-06-30,2026-05-15,SYNTHETIC_RISK_SCENARIO
502464,TST-U02464,TST-U02464,500,502,2PN,2,2,63.73,77.06,17,MID,SE,NW,CITY_OPEN,True,0.827,4.6,False,0,0.23,51.3,NONE,False,SYNTHETIC,RISK_PROJECT_BASELINE,Tổ hợp thương mại căn hộ Phú Mỹ,1248,3000,20260630,TC-01,SUSPENDED_PENDING_REVIEW,2026-06-30,2026-05-15,SYNTHETIC_RISK_SCENARIO
502465,TST-U02465,TST-U02465,500,502,2PN,2,2,77.01,94.49,17,MID,E,S,CITY_OPEN,False,0.815,9.2,False,1,0.11,69.2,NONE,False,SYNTHETIC,RISK_PROJECT_BASELINE,Tổ hợp thương mại căn hộ Phú Mỹ,1248,3000,20260630,TC-01,SUSPENDED_PENDING_REVIEW,2026-06-30,2026-05-15,SYNTHETIC_RISK_SCENARIO
502466,TST-U02466,TST-U02466,500,502,3PN,3,2,96.92,109.14,17,MID,S,E,OBSTRUCTED,False,0.888,9.7,False,0,0.21,7.8,WASTE_STATION,False,SYNTHETIC,RISK_PROJECT_BASELINE,Tổ hợp thương mại căn hộ Phú Mỹ,1248,3000,20260630,TC-01,SUSPENDED_PENDING_REVIEW,2026-06-30,2026-05-15,SYNTHETIC_RISK_SCENARIO
502467,TST-U02467,TST-U02467,500,502,2PN,2,2,68.26,80.88,17,MID,S,SW,POOL,False,0.844,12.2,False,1,0.04,97.9,NONE,False,SYNTHETIC,RISK_PROJECT_BASELINE,Tổ hợp thương mại căn hộ Phú Mỹ,1248,3000,20260630,TC-01,SUSPENDED_PENDING_REVIEW,2026-06-30,2026-05-15,SYNTHETIC_RISK_SCENARIO
502468,TST-U02468,TST-U02468,500,502,2PN,2,2,84.89,97.02,17,MID,E,NE,OBSTRUCTED,False,0.875,5.1,False,1,0.21,7.2,NONE,False,SYNTHETIC,RISK_PROJECT_BASELINE,Tổ hợp thương mại căn hộ Phú Mỹ,1248,3000,20260630,TC-01,SUSPENDED_PENDING_REVIEW,2026-06-30,2026-05-15,SYNTHETIC_RISK_SCENARIO
502469,TST-U02469,TST-U02469,500,502,3PN,3,2,99.76,117.78,17,MID,NE,S,PARK,False,0.847,4.7,True,1,0.08,88.8,NONE,False,SYNTHETIC,RISK_PROJECT_BASELINE,Tổ hợp thương mại căn hộ Phú Mỹ,1248,3000,20260630,TC-01,SUSPENDED_PENDING_REVIEW,2026-06-30,2026-05-15,SYNTHETIC_RISK_SCENARIO
502470,TST-U02470,TST-U02470,500,502,2PN,2,2,66.26,81.8,17,MID,W,W,CITY_OPEN,True,0.81,11.0,False,0,0.6,104.0,NONE,False,SYNTHETIC,RISK_PROJECT_BASELINE,Tổ hợp thương mại căn hộ Phú Mỹ,1248,3000,20260630,TC-01,SUSPENDED_PENDING_REVIEW,2026-06-30,2026-05-15,SYNTHETIC_RISK_SCENARIO
502471,TST-U02471,TST-U02471,500,502,1PN,1,1,55.26,68.73,17,MID,SW,W,OBSTRUCTED,False,0.804,11.9,True,1,0.68,10.3,NONE,False,SYNTHETIC,RISK_PROJECT_BASELINE,Tổ hợp thương mại căn hộ Phú Mỹ,1248,3000,20260630,TC-01,SUSPENDED_PENDING_REVIEW,2026-06-30,2026-05-15,SYNTHETIC_RISK_SCENARIO
502472,TST-U02472,TST-U02472,500,502,1PN,1,1,47.7,56.85,17,MID,S,NE,CITY_OPEN,False,0.839,13.6,False,0,0.06,71.5,NONE,False,SYNTHETIC,RISK_PROJECT_BASELINE,Tổ hợp thương mại căn hộ Phú Mỹ,1248,3000,20260630,TC-01,SUSPENDED_PENDING_REVIEW,2026-06-30,2026-05-15,SYNTHETIC_RISK_SCENARIO
502473,TST-U02473,TST-U02473,500,502,2PN,2,2,63.75,72.61,17,MID,NE,NE,POOL,False,0.878,2.1,True,1,0.31,100.9,NONE,False,SYNTHETIC,RISK_PROJECT_BASELINE,Tổ hợp thương mại căn hộ Phú Mỹ,1248,3000,20260630,TC-01,SUSPENDED_PENDING_REVIEW,2026-06-30,2026-05-15,SYNTHETIC_RISK_SCENARIO
502474,TST-U02474,TST-U02474,500,502,STUDIO,1,1,40.52,49.23,17,MID,W,SW,CITY_OPEN,False,0.823,6.2,False,0,0.53,49.5,NONE,False,SYNTHETIC,RISK_PROJECT_BASELINE,Tổ hợp thương mại căn hộ Phú Mỹ,1248,3000,20260630,TC-01,SUSPENDED_PENDING_REVIEW,2026-06-30,2026-05-15,SYNTHETIC_RISK_SCENARIO
502475,TST-U02475,TST-U02475,500,502,2PN,2,2,80.26,94.65,17,MID,E,S,POOL,False,0.848,6.0,False,0,0.31,71.6,NONE,False,SYNTHETIC,RISK_PROJECT_BASELINE,Tổ hợp thương mại căn hộ Phú Mỹ,1248,3000,20260630,TC-01,SUSPENDED_PENDING_REVIEW,2026-06-30,2026-05-15,SYNTHETIC_RISK_SCENARIO
502476,TST-U02476,TST-U02476,500,502,2PN,2,2,67.83,83.12,17,MID,SE,NE,OBSTRUCTED,False,0.816,7.4,False,2,0.31,6.7,WASTE_STATION,False,SYNTHETIC,RISK_PROJECT_BASELINE,Tổ hợp thương mại căn hộ Phú Mỹ,1248,3000,20260630,TC-01,SUSPENDED_PENDING_REVIEW,2026-06-30,2026-05-15,SYNTHETIC_RISK_SCENARIO
502477,TST-U02477,TST-U02477,500,502,2PN,2,2,75.16,86.19,17,MID,E,NE,OBSTRUCTED,False,0.872,15.4,False,0,0.12,14.7,NONE,False,SYNTHETIC,RISK_PROJECT_BASELINE,Tổ hợp thương mại căn hộ Phú Mỹ,1248,3000,20260630,TC-01,SUSPENDED_PENDING_REVIEW,2026-06-30,2026-05-15,SYNTHETIC_RISK_SCENARIO
502478,TST-U02478,TST-U02478,500,502,2PN,2,2,68.72,85.47,17,MID,NW,NE,OBSTRUCTED,False,0.804,6.1,False,0,0.7,11.0,NONE,False,SYNTHETIC,RISK_PROJECT_BASELINE,Tổ hợp thương mại căn hộ Phú Mỹ,1248,3000,20260630,TC-01,SUSPENDED_PENDING_REVIEW,2026-06-30,2026-05-15,SYNTHETIC_RISK_SCENARIO
502479,TST-U02479,TST-U02479,500,502,2PN,2,2,78.83,97.68,17,MID,SW,N,CITY_OPEN,False,0.807,15.9,False,0,0.73,62.0,NONE,False,SYNTHETIC,RISK_PROJECT_BASELINE,Tổ hợp thương mại căn hộ Phú Mỹ,1248,3000,20260630,TC-01,SUSPENDED_PENDING_REVIEW,2026-06-30,2026-05-15,SYNTHETIC_RISK_SCENARIO
502480,TST-U02480,TST-U02480,500,502,3PN,3,2,98.25,111.52,17,MID,SW,S,OBSTRUCTED,False,0.881,6.0,False,1,0.57,15.6,NONE,False,SYNTHETIC,RISK_PROJECT_BASELINE,Tổ hợp thương mại căn hộ Phú Mỹ,1248,3000,20260630,TC-01,SUSPENDED_PENDING_REVIEW,2026-06-30,2026-05-15,SYNTHETIC_RISK_SCENARIO
502481,TST-U02481,TST-U02481,500,502,2PN,2,2,74.59,88.38,17,MID,SW,N,CITY_OPEN,False,0.844,15.8,False,0,0.78,87.1,NONE,False,SYNTHETIC,RISK_PROJECT_BASELINE,Tổ hợp thương mại căn hộ Phú Mỹ,1248,3000,20260630,TC-01,SUSPENDED_PENDING_REVIEW,2026-06-30,2026-05-15,SYNTHETIC_RISK_SCENARIO
502482,TST-U02482,TST-U02482,500,502,STUDIO,1,1,40.2,46.26,17,MID,N,NE,OBSTRUCTED,False,0.869,14.0,False,0,0.14,8.9,NONE,False,SYNTHETIC,RISK_PROJECT_BASELINE,Tổ hợp thương mại căn hộ Phú Mỹ,1248,3000,20260630,TC-01,SUSPENDED_PENDING_REVIEW,2026-06-30,2026-05-15,SYNTHETIC_RISK_SCENARIO
502483,TST-U02483,TST-U02483,500,502,1PN,1,1,55.66,69.06,17,MID,NE,S,OBSTRUCTED,True,0.806,2.4,False,0,0.27,13.4,NONE,False,SYNTHETIC,RISK_PROJECT_BASELINE,Tổ hợp thương mại căn hộ Phú Mỹ,1248,3000,20260630,TC-01,SUSPENDED_PENDING_REVIEW,2026-06-30,2026-05-15,SYNTHETIC_RISK_SCENARIO
502484,TST-U02484,TST-U02484,500,502,1PN,1,1,58.19,70.11,17,MID,N,SE,CITY_OPEN,False,0.83,13.5,False,1,0.31,53.7,NONE,False,SYNTHETIC,RISK_PROJECT_BASELINE,Tổ hợp thương mại căn hộ Phú Mỹ,1248,3000,20260630,TC-01,SUSPENDED_PENDING_REVIEW,2026-06-30,2026-05-15,SYNTHETIC_RISK_SCENARIO
502485,TST-U02485,TST-U02485,500,502,3PN,3,2,99.07,120.23,17,MID,SE,SW,OBSTRUCTED,False,0.824,5.8,True,1,0.3,16.0,NONE,False,SYNTHETIC,RISK_PROJECT_BASELINE,Tổ hợp thương mại căn hộ Phú Mỹ,1248,3000,20260630,TC-01,SUSPENDED_PENDING_REVIEW,2026-06-30,2026-05-15,SYNTHETIC_RISK_SCENARIO
502486,TST-U02486,TST-U02486,500,502,1PN,1,1,55.21,64.2,17,MID,W,NE,OBSTRUCTED,False,0.86,12.6,False,0,0.7,8.9,NONE,False,SYNTHETIC,RISK_PROJECT_BASELINE,Tổ hợp thương mại căn hộ Phú Mỹ,1248,3000,20260630,TC-01,SUSPENDED_PENDING_REVIEW,2026-06-30,2026-05-15,SYNTHETIC_RISK_SCENARIO
502487,TST-U02487,TST-U02487,500,502,2PN,2,2,66.87,79.14,17,MID,SE,NW,CITY_OPEN,False,0.845,5.7,False,0,0.07,84.5,TEMPLE,False,SYNTHETIC,RISK_PROJECT_BASELINE,Tổ hợp thương mại căn hộ Phú Mỹ,1248,3000,20260630,TC-01,SUSPENDED_PENDING_REVIEW,2026-06-30,2026-05-15,SYNTHETIC_RISK_SCENARIO
502488,TST-U02488,TST-U02488,500,502,2PN,2,2,69.45,81.71,17,MID,N,NW,OBSTRUCTED,True,0.85,10.5,False,1,0.25,8.0,NONE,False,SYNTHETIC,RISK_PROJECT_BASELINE,Tổ hợp thương mại căn hộ Phú Mỹ,1248,3000,20260630,TC-01,SUSPENDED_PENDING_REVIEW,2026-06-30,2026-05-15,SYNTHETIC_RISK_SCENARIO
502489,TST-U02489,TST-U02489,500,502,2PN,2,2,64.34,78.85,17,MID,S,E,POOL,False,0.816,15.5,False,1,0.08,47.1,NONE,False,SYNTHETIC,RISK_PROJECT_BASELINE,Tổ hợp thương mại căn hộ Phú Mỹ,1248,3000,20260630,TC-01,SUSPENDED_PENDING_REVIEW,2026-06-30,2026-05-15,SYNTHETIC_RISK_SCENARIO
502490,TST-U02490,TST-U02490,500,502,3PN,3,2,109.78,124.05,17,MID,SW,NE,CITY_OPEN,False,0.885,15.3,False,1,0.79,76.9,NONE,False,SYNTHETIC,RISK_PROJECT_BASELINE,Tổ hợp thương mại căn hộ Phú Mỹ,1248,3000,20260630,TC-01,SUSPENDED_PENDING_REVIEW,2026-06-30,2026-05-15,SYNTHETIC_RISK_SCENARIO
502491,TST-U02491,TST-U02491,500,502,2PN,2,2,75.41,88.51,18,MID,SW,NE,PARK,False,0.852,3.8,False,0,0.55,72.3,NONE,False,SYNTHETIC,RISK_PROJECT_BASELINE,Tổ hợp thương mại căn hộ Phú Mỹ,1248,3000,20260630,TC-01,SUSPENDED_PENDING_REVIEW,2026-06-30,2026-05-15,SYNTHETIC_RISK_SCENARIO
502492,TST-U02492,TST-U02492,500,502,1PN,1,1,53.34,61.24,18,MID,SE,S,OBSTRUCTED,True,0.871,9.4,False,0,0.25,5.8,NONE,False,SYNTHETIC,RISK_PROJECT_BASELINE,Tổ hợp thương mại căn hộ Phú Mỹ,1248,3000,20260630,TC-01,SUSPENDED_PENDING_REVIEW,2026-06-30,2026-05-15,SYNTHETIC_RISK_SCENARIO
502493,TST-U02493,TST-U02493,500,502,3PN,3,2,105.72,131.0,18,MID,W,NE,OBSTRUCTED,False,0.807,4.5,False,0,0.73,7.2,WASTE_STATION,False,SYNTHETIC,RISK_PROJECT_BASELINE,Tổ hợp thương mại căn hộ Phú Mỹ,1248,3000,20260630,TC-01,SUSPENDED_PENDING_REVIEW,2026-06-30,2026-05-15,SYNTHETIC_RISK_SCENARIO
502494,TST-U02494,TST-U02494,500,502,1PN,1,1,60.28,68.73,18,MID,E,S,CITY_OPEN,False,0.877,11.8,False,0,0.26,69.9,NONE,False,SYNTHETIC,RISK_PROJECT_BASELINE,Tổ hợp thương mại căn hộ Phú Mỹ,1248,3000,20260630,TC-01,SUSPENDED_PENDING_REVIEW,2026-06-30,2026-05-15,SYNTHETIC_RISK_SCENARIO
502495,TST-U02495,TST-U02495,500,502,3PN,3,2,102.99,119.9,18,MID,E,W,POOL,False,0.859,10.8,True,0,0.05,86.4,NONE,False,SYNTHETIC,RISK_PROJECT_BASELINE,Tổ hợp thương mại căn hộ Phú Mỹ,1248,3000,20260630,TC-01,SUSPENDED_PENDING_REVIEW,2026-06-30,2026-05-15,SYNTHETIC_RISK_SCENARIO
502496,TST-U02496,TST-U02496,500,502,3PN,3,2,101.83,122.83,18,MID,SE,SW,OBSTRUCTED,False,0.829,6.7,False,1,0.09,9.7,NONE,False,SYNTHETIC,RISK_PROJECT_BASELINE,Tổ hợp thương mại căn hộ Phú Mỹ,1248,3000,20260630,TC-01,SUSPENDED_PENDING_REVIEW,2026-06-30,2026-05-15,SYNTHETIC_RISK_SCENARIO
502497,TST-U02497,TST-U02497,500,502,3PN,3,2,108.26,127.67,18,MID,SE,SW,CITY_OPEN,True,0.848,7.7,False,0,0.18,69.7,NONE,False,SYNTHETIC,RISK_PROJECT_BASELINE,Tổ hợp thương mại căn hộ Phú Mỹ,1248,3000,20260630,TC-01,SUSPENDED_PENDING_REVIEW,2026-06-30,2026-05-15,SYNTHETIC_RISK_SCENARIO
502498,TST-U02498,TST-U02498,500,502,3PN,3,2,96.49,120.31,18,MID,W,W,OBSTRUCTED,False,0.802,13.1,False,1,0.69,13.5,NONE,False,SYNTHETIC,RISK_PROJECT_BASELINE,Tổ hợp thương mại căn hộ Phú Mỹ,1248,3000,20260630,TC-01,SUSPENDED_PENDING_REVIEW,2026-06-30,2026-05-15,SYNTHETIC_RISK_SCENARIO
502499,TST-U02499,TST-U02499,500,502,2PN,2,2,72.57,86.29,18,MID,SW,N,OBSTRUCTED,False,0.841,2.4,False,0,0.85,11.5,NONE,False,SYNTHETIC,RISK_PROJECT_BASELINE,Tổ hợp thương mại căn hộ Phú Mỹ,1248,3000,20260630,TC-01,SUSPENDED_PENDING_REVIEW,2026-06-30,2026-05-15,SYNTHETIC_RISK_SCENARIO
502500,TST-U02500,TST-U02500,500,502,1PN,1,1,53.81,62.86,18,MID,S,N,OBSTRUCTED,False,0.856,13.9,False,0,0.13,7.8,NONE,False,SYNTHETIC,RISK_PROJECT_BASELINE,Tổ hợp thương mại căn hộ Phú Mỹ,1248,3000,20260630,TC-01,SUSPENDED_PENDING_REVIEW,2026-06-30,2026-05-15,SYNTHETIC_RISK_SCENARIO
502501,TST-U02501,TST-U02501,500,502,3PN,3,2,104.77,129.67,18,MID,S,E,CITY_OPEN,False,0.808,6.7,False,1,0.2,51.3,NONE,False,SYNTHETIC,RISK_PROJECT_BASELINE,Tổ hợp thương mại căn hộ Phú Mỹ,1248,3000,20260630,TC-01,SUSPENDED_PENDING_REVIEW,2026-06-30,2026-05-15,SYNTHETIC_RISK_SCENARIO
502502,TST-U02502,TST-U02502,500,502,3PN,3,2,107.1,127.65,18,MID,SW,W,CITY_OPEN,True,0.839,4.7,False,0,0.83,45.6,NONE,False,SYNTHETIC,RISK_PROJECT_BASELINE,Tổ hợp thương mại căn hộ Phú Mỹ,1248,3000,20260630,TC-01,SUSPENDED_PENDING_REVIEW,2026-06-30,2026-05-15,SYNTHETIC_RISK_SCENARIO
502503,TST-U02503,TST-U02503,500,502,2PN,2,2,75.95,94.7,18,MID,S,W,CITY_OPEN,False,0.802,3.9,False,0,0.03,91.8,NONE,False,SYNTHETIC,RISK_PROJECT_BASELINE,Tổ hợp thương mại căn hộ Phú Mỹ,1248,3000,20260630,TC-01,SUSPENDED_PENDING_REVIEW,2026-06-30,2026-05-15,SYNTHETIC_RISK_SCENARIO
502504,TST-U02504,TST-U02504,500,502,3PN,3,2,105.11,123.51,18,MID,SE,E,OBSTRUCTED,True,0.851,3.5,False,0,0.26,12.2,NONE,False,SYNTHETIC,RISK_PROJECT_BASELINE,Tổ hợp thương mại căn hộ Phú Mỹ,1248,3000,20260630,TC-01,SUSPENDED_PENDING_REVIEW,2026-06-30,2026-05-15,SYNTHETIC_RISK_SCENARIO
502505,TST-U02505,TST-U02505,500,502,2PN,2,2,68.89,85.68,18,MID,N,NW,POOL,False,0.804,7.0,False,0,0.21,48.8,NONE,False,SYNTHETIC,RISK_PROJECT_BASELINE,Tổ hợp thương mại căn hộ Phú Mỹ,1248,3000,20260630,TC-01,SUSPENDED_PENDING_REVIEW,2026-06-30,2026-05-15,SYNTHETIC_RISK_SCENARIO
502506,TST-U02506,TST-U02506,500,502,3PN,3,2,92.3,112.7,18,MID,W,SE,PARK,True,0.819,2.6,False,0,0.71,49.4,NONE,False,SYNTHETIC,RISK_PROJECT_BASELINE,Tổ hợp thương mại căn hộ Phú Mỹ,1248,3000,20260630,TC-01,SUSPENDED_PENDING_REVIEW,2026-06-30,2026-05-15,SYNTHETIC_RISK_SCENARIO
502507,TST-U02507,TST-U02507,500,502,2PN,2,2,74.27,84.59,18,MID,SE,S,PARK,True,0.878,3.5,True,0,0.28,96.3,NONE,False,SYNTHETIC,RISK_PROJECT_BASELINE,Tổ hợp thương mại căn hộ Phú Mỹ,1248,3000,20260630,TC-01,SUSPENDED_PENDING_REVIEW,2026-06-30,2026-05-15,SYNTHETIC_RISK_SCENARIO
502508,TST-U02508,TST-U02508,500,502,2PN,2,2,81.97,97.01,18,MID,SW,NW,CITY_OPEN,False,0.845,8.4,False,0,0.56,92.9,NONE,False,SYNTHETIC,RISK_PROJECT_BASELINE,Tổ hợp thương mại căn hộ Phú Mỹ,1248,3000,20260630,TC-01,SUSPENDED_PENDING_REVIEW,2026-06-30,2026-05-15,SYNTHETIC_RISK_SCENARIO
502509,TST-U02509,TST-U02509,500,502,2PN,2,2,80.25,92.67,18,MID,S,NW,PARK,False,0.866,3.9,True,1,0.28,49.0,NONE,False,SYNTHETIC,RISK_PROJECT_BASELINE,Tổ hợp thương mại căn hộ Phú Mỹ,1248,3000,20260630,TC-01,SUSPENDED_PENDING_REVIEW,2026-06-30,2026-05-15,SYNTHETIC_RISK_SCENARIO
502510,TST-U02510,TST-U02510,500,502,2PN,2,2,81.37,91.63,18,MID,E,NE,OBSTRUCTED,False,0.888,11.0,False,0,0.18,5.2,NONE,False,SYNTHETIC,RISK_PROJECT_BASELINE,Tổ hợp thương mại căn hộ Phú Mỹ,1248,3000,20260630,TC-01,SUSPENDED_PENDING_REVIEW,2026-06-30,2026-05-15,SYNTHETIC_RISK_SCENARIO
502511,TST-U02511,TST-U02511,500,502,2PN,2,2,73.64,87.15,18,MID,SW,NE,CITY_OPEN,False,0.845,8.9,False,0,0.59,76.6,WASTE_STATION,False,SYNTHETIC,RISK_PROJECT_BASELINE,Tổ hợp thương mại căn hộ Phú Mỹ,1248,3000,20260630,TC-01,SUSPENDED_PENDING_REVIEW,2026-06-30,2026-05-15,SYNTHETIC_RISK_SCENARIO
502512,TST-U02512,TST-U02512,500,502,2PN,2,2,79.24,91.4,18,MID,NW,S,POOL,False,0.867,15.0,False,1,0.55,54.6,NONE,False,SYNTHETIC,RISK_PROJECT_BASELINE,Tổ hợp thương mại căn hộ Phú Mỹ,1248,3000,20260630,TC-01,SUSPENDED_PENDING_REVIEW,2026-06-30,2026-05-15,SYNTHETIC_RISK_SCENARIO
502513,TST-U02513,TST-U02513,500,502,2PN,2,2,71.62,83.47,18,MID,SE,E,OBSTRUCTED,False,0.858,8.1,False,0,0.11,17.5,NONE,False,SYNTHETIC,RISK_PROJECT_BASELINE,Tổ hợp thương mại căn hộ Phú Mỹ,1248,3000,20260630,TC-01,SUSPENDED_PENDING_REVIEW,2026-06-30,2026-05-15,SYNTHETIC_RISK_SCENARIO
502514,TST-U02514,TST-U02514,500,502,3PN,3,2,100.08,121.46,18,MID,NE,NW,PARK,False,0.824,1.8,False,1,0.29,50.8,NONE,False,SYNTHETIC,RISK_PROJECT_BASELINE,Tổ hợp thương mại căn hộ Phú Mỹ,1248,3000,20260630,TC-01,SUSPENDED_PENDING_REVIEW,2026-06-30,2026-05-15,SYNTHETIC_RISK_SCENARIO
502515,TST-U02515,TST-U02515,500,502,2PN,2,2,86.69,105.33,18,MID,NE,SW,CITY_OPEN,False,0.823,6.7,False,0,0.18,105.1,NONE,False,SYNTHETIC,RISK_PROJECT_BASELINE,Tổ hợp thương mại căn hộ Phú Mỹ,1248,3000,20260630,TC-01,SUSPENDED_PENDING_REVIEW,2026-06-30,2026-05-15,SYNTHETIC_RISK_SCENARIO
502516,TST-U02516,TST-U02516,500,502,1PN,1,1,53.06,64.32,18,MID,SE,NE,PARK,False,0.825,3.5,False,0,0.03,89.2,NONE,False,SYNTHETIC,RISK_PROJECT_BASELINE,Tổ hợp thương mại căn hộ Phú Mỹ,1248,3000,20260630,TC-01,SUSPENDED_PENDING_REVIEW,2026-06-30,2026-05-15,SYNTHETIC_RISK_SCENARIO
502517,TST-U02517,TST-U02517,500,502,3PN,3,2,103.84,124.81,18,MID,E,W,OBSTRUCTED,False,0.832,1.7,False,1,0.18,16.4,NONE,False,SYNTHETIC,RISK_PROJECT_BASELINE,Tổ hợp thương mại căn hộ Phú Mỹ,1248,3000,20260630,TC-01,SUSPENDED_PENDING_REVIEW,2026-06-30,2026-05-15,SYNTHETIC_RISK_SCENARIO
502518,TST-U02518,TST-U02518,500,502,1PN,1,1,55.23,65.91,18,MID,N,E,CITY_OPEN,False,0.838,4.8,False,1,0.09,78.9,NONE,False,SYNTHETIC,RISK_PROJECT_BASELINE,Tổ hợp thương mại căn hộ Phú Mỹ,1248,3000,20260630,TC-01,SUSPENDED_PENDING_REVIEW,2026-06-30,2026-05-15,SYNTHETIC_RISK_SCENARIO
502519,TST-U02519,TST-U02519,500,502,2PN,2,2,68.71,80.65,18,MID,N,SE,POOL,False,0.852,14.7,True,0,0.03,98.0,NONE,False,SYNTHETIC,RISK_PROJECT_BASELINE,Tổ hợp thương mại căn hộ Phú Mỹ,1248,3000,20260630,TC-01,SUSPENDED_PENDING_REVIEW,2026-06-30,2026-05-15,SYNTHETIC_RISK_SCENARIO
502520,TST-U02520,TST-U02520,500,502,2PN,2,2,69.54,82.59,18,MID,E,W,PARK,False,0.842,4.0,False,0,0.05,47.7,NONE,False,SYNTHETIC,RISK_PROJECT_BASELINE,Tổ hợp thương mại căn hộ Phú Mỹ,1248,3000,20260630,TC-01,SUSPENDED_PENDING_REVIEW,2026-06-30,2026-05-15,SYNTHETIC_RISK_SCENARIO
502521,TST-U02521,TST-U02521,500,502,2PN,2,2,65.97,79.2,18,MID,E,E,OBSTRUCTED,False,0.833,6.2,False,1,0.1,15.7,NONE,False,SYNTHETIC,RISK_PROJECT_BASELINE,Tổ hợp thương mại căn hộ Phú Mỹ,1248,3000,20260630,TC-01,SUSPENDED_PENDING_REVIEW,2026-06-30,2026-05-15,SYNTHETIC_RISK_SCENARIO
502522,TST-U02522,TST-U02522,500,502,3PN,3,2,104.11,124.98,18,MID,SE,NW,OBSTRUCTED,False,0.833,2.0,False,0,0.26,5.7,NONE,False,SYNTHETIC,RISK_PROJECT_BASELINE,Tổ hợp thương mại căn hộ Phú Mỹ,1248,3000,20260630,TC-01,SUSPENDED_PENDING_REVIEW,2026-06-30,2026-05-15,SYNTHETIC_RISK_SCENARIO
502523,TST-U02523,TST-U02523,500,502,2PN,2,2,71.91,86.22,18,MID,NW,S,OBSTRUCTED,False,0.834,12.8,False,0,0.87,5.4,TEMPLE,False,SYNTHETIC,RISK_PROJECT_BASELINE,Tổ hợp thương mại căn hộ Phú Mỹ,1248,3000,20260630,TC-01,SUSPENDED_PENDING_REVIEW,2026-06-30,2026-05-15,SYNTHETIC_RISK_SCENARIO
502524,TST-U02524,TST-U02524,500,502,2PN,2,2,77.61,96.17,18,MID,E,W,OBSTRUCTED,False,0.807,3.6,True,0,0.12,4.7,NONE,False,SYNTHETIC,RISK_PROJECT_BASELINE,Tổ hợp thương mại căn hộ Phú Mỹ,1248,3000,20260630,TC-01,SUSPENDED_PENDING_REVIEW,2026-06-30,2026-05-15,SYNTHETIC_RISK_SCENARIO
502525,TST-U02525,TST-U02525,500,502,2PN,2,2,83.37,99.01,18,MID,S,NW,OBSTRUCTED,False,0.842,11.4,True,0,0.18,16.4,NONE,False,SYNTHETIC,RISK_PROJECT_BASELINE,Tổ hợp thương mại căn hộ Phú Mỹ,1248,3000,20260630,TC-01,SUSPENDED_PENDING_REVIEW,2026-06-30,2026-05-15,SYNTHETIC_RISK_SCENARIO
502526,TST-U02526,TST-U02526,500,502,2PN,2,2,76.51,87.14,18,MID,N,SE,CITY_OPEN,False,0.878,15.0,False,1,0.15,39.5,NONE,False,SYNTHETIC,RISK_PROJECT_BASELINE,Tổ hợp thương mại căn hộ Phú Mỹ,1248,3000,20260630,TC-01,SUSPENDED_PENDING_REVIEW,2026-06-30,2026-05-15,SYNTHETIC_RISK_SCENARIO
502527,TST-U02527,TST-U02527,500,502,3PN,3,2,91.04,106.85,18,MID,NE,W,OBSTRUCTED,False,0.852,7.1,True,0,0.12,14.0,NONE,False,SYNTHETIC,RISK_PROJECT_BASELINE,Tổ hợp thương mại căn hộ Phú Mỹ,1248,3000,20260630,TC-01,SUSPENDED_PENDING_REVIEW,2026-06-30,2026-05-15,SYNTHETIC_RISK_SCENARIO
502528,TST-U02528,TST-U02528,500,502,3PN,3,2,99.64,117.36,18,MID,NE,SE,OBSTRUCTED,False,0.849,6.5,False,0,0.03,5.0,NONE,False,SYNTHETIC,RISK_PROJECT_BASELINE,Tổ hợp thương mại căn hộ Phú Mỹ,1248,3000,20260630,TC-01,SUSPENDED_PENDING_REVIEW,2026-06-30,2026-05-15,SYNTHETIC_RISK_SCENARIO
502529,TST-U02529,TST-U02529,500,502,2PN,2,2,78.6,97.28,18,MID,N,N,CITY_OPEN,False,0.808,3.7,True,0,0.27,101.9,NONE,False,SYNTHETIC,RISK_PROJECT_BASELINE,Tổ hợp thương mại căn hộ Phú Mỹ,1248,3000,20260630,TC-01,SUSPENDED_PENDING_REVIEW,2026-06-30,2026-05-15,SYNTHETIC_RISK_SCENARIO
502530,TST-U02530,TST-U02530,500,502,1PN,1,1,50.67,63.02,18,MID,NE,SE,OBSTRUCTED,False,0.804,4.7,True,0,0.14,8.5,TEMPLE,False,SYNTHETIC,RISK_PROJECT_BASELINE,Tổ hợp thương mại căn hộ Phú Mỹ,1248,3000,20260630,TC-01,SUSPENDED_PENDING_REVIEW,2026-06-30,2026-05-15,SYNTHETIC_RISK_SCENARIO
502531,TST-U02531,TST-U02531,500,502,1PN,1,1,53.0,61.13,18,MID,NE,S,OBSTRUCTED,False,0.867,12.1,False,0,0.2,18.0,NONE,False,SYNTHETIC,RISK_PROJECT_BASELINE,Tổ hợp thương mại căn hộ Phú Mỹ,1248,3000,20260630,TC-01,SUSPENDED_PENDING_REVIEW,2026-06-30,2026-05-15,SYNTHETIC_RISK_SCENARIO
502532,TST-U02532,TST-U02532,500,502,1PN,1,1,55.79,65.25,18,MID,E,S,OBSTRUCTED,False,0.855,14.4,True,0,0.28,18.0,NONE,False,SYNTHETIC,RISK_PROJECT_BASELINE,Tổ hợp thương mại căn hộ Phú Mỹ,1248,3000,20260630,TC-01,SUSPENDED_PENDING_REVIEW,2026-06-30,2026-05-15,SYNTHETIC_RISK_SCENARIO
502533,TST-U02533,TST-U02533,500,502,2PN,2,2,79.92,92.61,18,MID,E,S,OBSTRUCTED,False,0.863,12.9,False,0,0.23,17.3,NONE,False,SYNTHETIC,RISK_PROJECT_BASELINE,Tổ hợp thương mại căn hộ Phú Mỹ,1248,3000,20260630,TC-01,SUSPENDED_PENDING_REVIEW,2026-06-30,2026-05-15,SYNTHETIC_RISK_SCENARIO
502534,TST-U02534,TST-U02534,500,502,3PN,3,2,110.6,131.35,18,MID,SE,NW,CITY_OPEN,False,0.842,7.9,True,0,0.14,49.3,NONE,False,SYNTHETIC,RISK_PROJECT_BASELINE,Tổ hợp thương mại căn hộ Phú Mỹ,1248,3000,20260630,TC-01,SUSPENDED_PENDING_REVIEW,2026-06-30,2026-05-15,SYNTHETIC_RISK_SCENARIO
502535,TST-U02535,TST-U02535,500,502,2PN,2,2,81.12,92.6,18,MID,NE,NW,CITY_OPEN,True,0.876,4.3,False,0,0.02,106.0,NONE,False,SYNTHETIC,RISK_PROJECT_BASELINE,Tổ hợp thương mại căn hộ Phú Mỹ,1248,3000,20260630,TC-01,SUSPENDED_PENDING_REVIEW,2026-06-30,2026-05-15,SYNTHETIC_RISK_SCENARIO
502536,TST-U02536,TST-U02536,500,502,3PN,3,2,102.73,121.29,18,MID,SE,W,OBSTRUCTED,True,0.847,12.8,False,0,0.15,16.7,NONE,False,SYNTHETIC,RISK_PROJECT_BASELINE,Tổ hợp thương mại căn hộ Phú Mỹ,1248,3000,20260630,TC-01,SUSPENDED_PENDING_REVIEW,2026-06-30,2026-05-15,SYNTHETIC_RISK_SCENARIO
502537,TST-U02537,TST-U02537,500,502,2PN,2,2,69.2,81.8,18,MID,S,E,CITY_OPEN,False,0.846,2.9,False,0,0.2,57.6,NONE,False,SYNTHETIC,RISK_PROJECT_BASELINE,Tổ hợp thương mại căn hộ Phú Mỹ,1248,3000,20260630,TC-01,SUSPENDED_PENDING_REVIEW,2026-06-30,2026-05-15,SYNTHETIC_RISK_SCENARIO
502538,TST-U02538,TST-U02538,500,502,STUDIO,1,1,45.2,55.46,18,MID,NW,N,OBSTRUCTED,True,0.815,14.6,False,1,0.92,9.2,NONE,False,SYNTHETIC,RISK_PROJECT_BASELINE,Tổ hợp thương mại căn hộ Phú Mỹ,1248,3000,20260630,TC-01,SUSPENDED_PENDING_REVIEW,2026-06-30,2026-05-15,SYNTHETIC_RISK_SCENARIO
502539,TST-U02539,TST-U02539,500,502,STUDIO,1,1,45.23,50.88,18,MID,W,E,CITY_OPEN,False,0.889,7.0,False,1,0.57,108.8,NONE,False,SYNTHETIC,RISK_PROJECT_BASELINE,Tổ hợp thương mại căn hộ Phú Mỹ,1248,3000,20260630,TC-01,SUSPENDED_PENDING_REVIEW,2026-06-30,2026-05-15,SYNTHETIC_RISK_SCENARIO
502540,TST-U02540,TST-U02540,500,502,3PN,3,2,103.11,123.78,18,MID,NE,E,OBSTRUCTED,True,0.833,11.0,False,0,0.03,8.3,NONE,False,SYNTHETIC,RISK_PROJECT_BASELINE,Tổ hợp thương mại căn hộ Phú Mỹ,1248,3000,20260630,TC-01,SUSPENDED_PENDING_REVIEW,2026-06-30,2026-05-15,SYNTHETIC_RISK_SCENARIO
502541,TST-U02541,TST-U02541,500,502,3PN,3,2,95.64,111.6,18,MID,E,NW,CITY_OPEN,False,0.857,7.1,False,0,0.15,101.1,NONE,False,SYNTHETIC,RISK_PROJECT_BASELINE,Tổ hợp thương mại căn hộ Phú Mỹ,1248,3000,20260630,TC-01,SUSPENDED_PENDING_REVIEW,2026-06-30,2026-05-15,SYNTHETIC_RISK_SCENARIO
502542,TST-U02542,TST-U02542,500,502,2PN,2,2,85.68,103.35,18,MID,E,N,OBSTRUCTED,False,0.829,15.3,False,1,0.29,5.2,NONE,False,SYNTHETIC,RISK_PROJECT_BASELINE,Tổ hợp thương mại căn hộ Phú Mỹ,1248,3000,20260630,TC-01,SUSPENDED_PENDING_REVIEW,2026-06-30,2026-05-15,SYNTHETIC_RISK_SCENARIO
502543,TST-U02543,TST-U02543,500,502,2PN,2,2,70.22,82.9,18,MID,N,S,CITY_OPEN,True,0.847,3.9,False,0,0.29,53.3,NONE,False,SYNTHETIC,RISK_PROJECT_BASELINE,Tổ hợp thương mại căn hộ Phú Mỹ,1248,3000,20260630,TC-01,SUSPENDED_PENDING_REVIEW,2026-06-30,2026-05-15,SYNTHETIC_RISK_SCENARIO
502544,TST-U02544,TST-U02544,500,502,STUDIO,1,1,38.83,47.07,18,MID,SW,NE,OBSTRUCTED,False,0.825,6.5,False,0,0.86,9.0,NONE,False,SYNTHETIC,RISK_PROJECT_BASELINE,Tổ hợp thương mại căn hộ Phú Mỹ,1248,3000,20260630,TC-01,SUSPENDED_PENDING_REVIEW,2026-06-30,2026-05-15,SYNTHETIC_RISK_SCENARIO
502545,TST-U02545,TST-U02545,500,502,2PN,2,2,74.98,90.34,18,MID,S,S,POOL,True,0.83,8.5,False,0,0.09,103.8,NONE,False,SYNTHETIC,RISK_PROJECT_BASELINE,Tổ hợp thương mại căn hộ Phú Mỹ,1248,3000,20260630,TC-01,SUSPENDED_PENDING_REVIEW,2026-06-30,2026-05-15,SYNTHETIC_RISK_SCENARIO
502546,TST-U02546,TST-U02546,500,502,2PN,2,2,77.42,96.17,18,MID,NE,NE,OBSTRUCTED,False,0.805,6.6,False,1,0.19,5.9,NONE,False,SYNTHETIC,RISK_PROJECT_BASELINE,Tổ hợp thương mại căn hộ Phú Mỹ,1248,3000,20260630,TC-01,SUSPENDED_PENDING_REVIEW,2026-06-30,2026-05-15,SYNTHETIC_RISK_SCENARIO
502547,TST-U02547,TST-U02547,500,502,2PN,2,2,67.49,77.93,18,MID,SW,NW,CITY_OPEN,False,0.866,4.4,False,0,0.86,40.1,NONE,False,SYNTHETIC,RISK_PROJECT_BASELINE,Tổ hợp thương mại căn hộ Phú Mỹ,1248,3000,20260630,TC-01,SUSPENDED_PENDING_REVIEW,2026-06-30,2026-05-15,SYNTHETIC_RISK_SCENARIO
502548,TST-U02548,TST-U02548,500,502,1PN,1,1,55.87,69.32,18,MID,N,SE,OBSTRUCTED,True,0.806,12.4,False,2,0.06,14.4,NONE,False,SYNTHETIC,RISK_PROJECT_BASELINE,Tổ hợp thương mại căn hộ Phú Mỹ,1248,3000,20260630,TC-01,SUSPENDED_PENDING_REVIEW,2026-06-30,2026-05-15,SYNTHETIC_RISK_SCENARIO
502549,TST-U02549,TST-U02549,500,502,STUDIO,1,1,41.14,50.73,18,MID,SW,E,OBSTRUCTED,False,0.811,5.5,True,1,0.57,5.4,NONE,False,SYNTHETIC,RISK_PROJECT_BASELINE,Tổ hợp thương mại căn hộ Phú Mỹ,1248,3000,20260630,TC-01,SUSPENDED_PENDING_REVIEW,2026-06-30,2026-05-15,SYNTHETIC_RISK_SCENARIO
502550,TST-U02550,TST-U02550,500,502,2PN,2,2,82.61,100.74,18,MID,N,S,OBSTRUCTED,True,0.82,15.0,False,1,0.09,12.7,NONE,False,SYNTHETIC,RISK_PROJECT_BASELINE,Tổ hợp thương mại căn hộ Phú Mỹ,1248,3000,20260630,TC-01,SUSPENDED_PENDING_REVIEW,2026-06-30,2026-05-15,SYNTHETIC_RISK_SCENARIO
502551,TST-U02551,TST-U02551,500,502,2PN,2,2,74.3,91.62,18,MID,W,SE,OBSTRUCTED,False,0.811,5.6,False,1,0.66,8.8,NONE,False,SYNTHETIC,RISK_PROJECT_BASELINE,Tổ hợp thương mại căn hộ Phú Mỹ,1248,3000,20260630,TC-01,SUSPENDED_PENDING_REVIEW,2026-06-30,2026-05-15,SYNTHETIC_RISK_SCENARIO
502552,TST-U02552,TST-U02552,500,502,2PN,2,2,68.7,82.87,18,MID,NE,SW,OBSTRUCTED,False,0.829,8.8,False,0,0.17,10.9,NONE,False,SYNTHETIC,RISK_PROJECT_BASELINE,Tổ hợp thương mại căn hộ Phú Mỹ,1248,3000,20260630,TC-01,SUSPENDED_PENDING_REVIEW,2026-06-30,2026-05-15,SYNTHETIC_RISK_SCENARIO
502553,TST-U02553,TST-U02553,500,502,2PN,2,2,68.42,84.57,18,MID,W,NW,OBSTRUCTED,False,0.809,1.9,True,1,0.91,10.2,NONE,False,SYNTHETIC,RISK_PROJECT_BASELINE,Tổ hợp thương mại căn hộ Phú Mỹ,1248,3000,20260630,TC-01,SUSPENDED_PENDING_REVIEW,2026-06-30,2026-05-15,SYNTHETIC_RISK_SCENARIO
502554,TST-U02554,TST-U02554,500,502,3PN,3,2,94.43,111.09,18,MID,N,E,OBSTRUCTED,False,0.85,8.3,True,1,0.12,9.6,WASTE_STATION,False,SYNTHETIC,RISK_PROJECT_BASELINE,Tổ hợp thương mại căn hộ Phú Mỹ,1248,3000,20260630,TC-01,SUSPENDED_PENDING_REVIEW,2026-06-30,2026-05-15,SYNTHETIC_RISK_SCENARIO
502555,TST-U02555,TST-U02555,500,502,2PN,2,2,63.84,77.85,18,MID,E,NW,OBSTRUCTED,False,0.82,3.4,False,0,0.05,14.8,NONE,False,SYNTHETIC,RISK_PROJECT_BASELINE,Tổ hợp thương mại căn hộ Phú Mỹ,1248,3000,20260630,TC-01,SUSPENDED_PENDING_REVIEW,2026-06-30,2026-05-15,SYNTHETIC_RISK_SCENARIO
502556,TST-U02556,TST-U02556,500,502,STUDIO,1,1,39.97,47.3,18,MID,SE,NE,OBSTRUCTED,False,0.845,11.1,False,0,0.1,10.2,NONE,False,SYNTHETIC,RISK_PROJECT_BASELINE,Tổ hợp thương mại căn hộ Phú Mỹ,1248,3000,20260630,TC-01,SUSPENDED_PENDING_REVIEW,2026-06-30,2026-05-15,SYNTHETIC_RISK_SCENARIO
502557,TST-U02557,TST-U02557,500,502,3PN,3,2,95.38,107.17,19,MID,W,SW,OBSTRUCTED,False,0.89,1.8,False,0,0.89,4.8,NONE,False,SYNTHETIC,RISK_PROJECT_BASELINE,Tổ hợp thương mại căn hộ Phú Mỹ,1248,3000,20260630,TC-01,SUSPENDED_PENDING_REVIEW,2026-06-30,2026-05-15,SYNTHETIC_RISK_SCENARIO
502558,TST-U02558,TST-U02558,500,502,2PN,2,2,78.31,89.81,19,MID,S,N,OBSTRUCTED,False,0.872,2.6,False,0,0.11,9.5,NONE,False,SYNTHETIC,RISK_PROJECT_BASELINE,Tổ hợp thương mại căn hộ Phú Mỹ,1248,3000,20260630,TC-01,SUSPENDED_PENDING_REVIEW,2026-06-30,2026-05-15,SYNTHETIC_RISK_SCENARIO
502559,TST-U02559,TST-U02559,500,502,2PN,2,2,84.08,96.2,19,MID,S,SE,CITY_OPEN,False,0.874,11.6,True,0,0.12,42.8,NONE,False,SYNTHETIC,RISK_PROJECT_BASELINE,Tổ hợp thương mại căn hộ Phú Mỹ,1248,3000,20260630,TC-01,SUSPENDED_PENDING_REVIEW,2026-06-30,2026-05-15,SYNTHETIC_RISK_SCENARIO
502560,TST-U02560,TST-U02560,500,502,1PN,1,1,56.24,66.4,19,MID,E,S,CITY_OPEN,False,0.847,10.6,False,0,0.04,88.6,WASTE_STATION,False,SYNTHETIC,RISK_PROJECT_BASELINE,Tổ hợp thương mại căn hộ Phú Mỹ,1248,3000,20260630,TC-01,SUSPENDED_PENDING_REVIEW,2026-06-30,2026-05-15,SYNTHETIC_RISK_SCENARIO
502561,TST-U02561,TST-U02561,500,502,1PN,1,1,56.43,69.75,19,MID,E,S,CITY_OPEN,False,0.809,8.9,False,1,0.09,46.4,NONE,False,SYNTHETIC,RISK_PROJECT_BASELINE,Tổ hợp thương mại căn hộ Phú Mỹ,1248,3000,20260630,TC-01,SUSPENDED_PENDING_REVIEW,2026-06-30,2026-05-15,SYNTHETIC_RISK_SCENARIO
502562,TST-U02562,TST-U02562,500,502,3PN,3,2,112.8,139.6,19,MID,W,NE,CITY_OPEN,False,0.808,3.0,False,1,0.79,66.6,NONE,False,SYNTHETIC,RISK_PROJECT_BASELINE,Tổ hợp thương mại căn hộ Phú Mỹ,1248,3000,20260630,TC-01,SUSPENDED_PENDING_REVIEW,2026-06-30,2026-05-15,SYNTHETIC_RISK_SCENARIO
502563,TST-U02563,TST-U02563,500,502,2PN,2,2,67.84,84.59,19,MID,W,W,CITY_OPEN,False,0.802,7.8,False,0,0.54,85.2,WASTE_STATION,False,SYNTHETIC,RISK_PROJECT_BASELINE,Tổ hợp thương mại căn hộ Phú Mỹ,1248,3000,20260630,TC-01,SUSPENDED_PENDING_REVIEW,2026-06-30,2026-05-15,SYNTHETIC_RISK_SCENARIO
502564,TST-U02564,TST-U02564,500,502,2PN,2,2,73.8,85.91,19,MID,SE,SE,OBSTRUCTED,False,0.859,9.0,False,0,0.31,6.2,NONE,False,SYNTHETIC,RISK_PROJECT_BASELINE,Tổ hợp thương mại căn hộ Phú Mỹ,1248,3000,20260630,TC-01,SUSPENDED_PENDING_REVIEW,2026-06-30,2026-05-15,SYNTHETIC_RISK_SCENARIO
502565,TST-U02565,TST-U02565,500,502,2PN,2,2,83.74,95.16,19,MID,NW,SW,OBSTRUCTED,False,0.88,13.3,True,1,0.93,5.1,NONE,False,SYNTHETIC,RISK_PROJECT_BASELINE,Tổ hợp thương mại căn hộ Phú Mỹ,1248,3000,20260630,TC-01,SUSPENDED_PENDING_REVIEW,2026-06-30,2026-05-15,SYNTHETIC_RISK_SCENARIO
502566,TST-U02566,TST-U02566,500,502,2PN,2,2,75.43,85.42,19,MID,NE,E,OBSTRUCTED,False,0.883,13.8,False,1,0.11,14.8,NONE,False,SYNTHETIC,RISK_PROJECT_BASELINE,Tổ hợp thương mại căn hộ Phú Mỹ,1248,3000,20260630,TC-01,SUSPENDED_PENDING_REVIEW,2026-06-30,2026-05-15,SYNTHETIC_RISK_SCENARIO
502567,TST-U02567,TST-U02567,500,502,2PN,2,2,77.97,92.16,19,MID,SW,S,PARK,False,0.846,4.1,False,0,0.54,109.3,NONE,False,SYNTHETIC,RISK_PROJECT_BASELINE,Tổ hợp thương mại căn hộ Phú Mỹ,1248,3000,20260630,TC-01,SUSPENDED_PENDING_REVIEW,2026-06-30,2026-05-15,SYNTHETIC_RISK_SCENARIO
502568,TST-U02568,TST-U02568,500,502,1PN,1,1,51.0,61.82,19,MID,SE,NE,CITY_OPEN,False,0.825,9.8,False,0,0.25,69.0,NONE,False,SYNTHETIC,RISK_PROJECT_BASELINE,Tổ hợp thương mại căn hộ Phú Mỹ,1248,3000,20260630,TC-01,SUSPENDED_PENDING_REVIEW,2026-06-30,2026-05-15,SYNTHETIC_RISK_SCENARIO
502569,TST-U02569,TST-U02569,500,502,3PN,3,2,97.47,117.01,19,MID,SW,SE,CITY_OPEN,False,0.833,6.8,False,1,0.62,42.3,NONE,False,SYNTHETIC,RISK_PROJECT_BASELINE,Tổ hợp thương mại căn hộ Phú Mỹ,1248,3000,20260630,TC-01,SUSPENDED_PENDING_REVIEW,2026-06-30,2026-05-15,SYNTHETIC_RISK_SCENARIO
502570,TST-U02570,TST-U02570,500,502,3PN,3,2,92.58,106.78,19,MID,SE,E,OBSTRUCTED,False,0.867,5.3,False,2,0.3,13.8,NONE,False,SYNTHETIC,RISK_PROJECT_BASELINE,Tổ hợp thương mại căn hộ Phú Mỹ,1248,3000,20260630,TC-01,SUSPENDED_PENDING_REVIEW,2026-06-30,2026-05-15,SYNTHETIC_RISK_SCENARIO
502571,TST-U02571,TST-U02571,500,502,2PN,2,2,70.43,85.79,19,MID,S,W,CITY_OPEN,False,0.821,13.0,False,0,0.17,76.9,NONE,False,SYNTHETIC,RISK_PROJECT_BASELINE,Tổ hợp thương mại căn hộ Phú Mỹ,1248,3000,20260630,TC-01,SUSPENDED_PENDING_REVIEW,2026-06-30,2026-05-15,SYNTHETIC_RISK_SCENARIO
502572,TST-U02572,TST-U02572,500,502,1PN,1,1,55.38,62.93,19,MID,E,E,OBSTRUCTED,False,0.88,14.6,False,0,0.27,16.1,WASTE_STATION,False,SYNTHETIC,RISK_PROJECT_BASELINE,Tổ hợp thương mại căn hộ Phú Mỹ,1248,3000,20260630,TC-01,SUSPENDED_PENDING_REVIEW,2026-06-30,2026-05-15,SYNTHETIC_RISK_SCENARIO
502573,TST-U02573,TST-U02573,500,502,3PN,3,2,108.02,128.75,19,MID,E,W,OBSTRUCTED,False,0.839,13.7,False,2,0.21,9.9,NONE,False,SYNTHETIC,RISK_PROJECT_BASELINE,Tổ hợp thương mại căn hộ Phú Mỹ,1248,3000,20260630,TC-01,SUSPENDED_PENDING_REVIEW,2026-06-30,2026-05-15,SYNTHETIC_RISK_SCENARIO
502574,TST-U02574,TST-U02574,500,502,3PN,3,2,97.41,113.93,19,MID,SW,NW,OBSTRUCTED,False,0.855,10.8,False,1,0.72,8.4,NONE,False,SYNTHETIC,RISK_PROJECT_BASELINE,Tổ hợp thương mại căn hộ Phú Mỹ,1248,3000,20260630,TC-01,SUSPENDED_PENDING_REVIEW,2026-06-30,2026-05-15,SYNTHETIC_RISK_SCENARIO
502575,TST-U02575,TST-U02575,500,502,2PN,2,2,75.38,91.15,19,MID,N,SE,OBSTRUCTED,False,0.827,12.5,True,0,0.09,15.8,NONE,False,SYNTHETIC,RISK_PROJECT_BASELINE,Tổ hợp thương mại căn hộ Phú Mỹ,1248,3000,20260630,TC-01,SUSPENDED_PENDING_REVIEW,2026-06-30,2026-05-15,SYNTHETIC_RISK_SCENARIO
502576,TST-U02576,TST-U02576,500,502,3PN,3,2,102.17,114.93,19,MID,SW,NW,OBSTRUCTED,False,0.889,12.6,True,0,0.6,17.4,NONE,False,SYNTHETIC,RISK_PROJECT_BASELINE,Tổ hợp thương mại căn hộ Phú Mỹ,1248,3000,20260630,TC-01,SUSPENDED_PENDING_REVIEW,2026-06-30,2026-05-15,SYNTHETIC_RISK_SCENARIO
502577,TST-U02577,TST-U02577,500,502,2PN,2,2,81.53,92.96,19,MID,E,SE,OBSTRUCTED,False,0.877,2.3,False,1,0.15,14.1,NONE,False,SYNTHETIC,RISK_PROJECT_BASELINE,Tổ hợp thương mại căn hộ Phú Mỹ,1248,3000,20260630,TC-01,SUSPENDED_PENDING_REVIEW,2026-06-30,2026-05-15,SYNTHETIC_RISK_SCENARIO
502578,TST-U02578,TST-U02578,500,502,3PN,3,2,99.86,113.48,19,MID,S,W,CITY_OPEN,False,0.88,2.4,False,0,0.26,49.1,NONE,False,SYNTHETIC,RISK_PROJECT_BASELINE,Tổ hợp thương mại căn hộ Phú Mỹ,1248,3000,20260630,TC-01,SUSPENDED_PENDING_REVIEW,2026-06-30,2026-05-15,SYNTHETIC_RISK_SCENARIO
502579,TST-U02579,TST-U02579,500,502,3PN,3,2,104.3,119.2,19,MID,W,W,OBSTRUCTED,False,0.875,4.0,False,1,0.56,12.8,NONE,False,SYNTHETIC,RISK_PROJECT_BASELINE,Tổ hợp thương mại căn hộ Phú Mỹ,1248,3000,20260630,TC-01,SUSPENDED_PENDING_REVIEW,2026-06-30,2026-05-15,SYNTHETIC_RISK_SCENARIO
502580,TST-U02580,TST-U02580,500,502,3PN,3,2,106.84,133.22,19,MID,SW,SE,OBSTRUCTED,False,0.802,3.5,False,1,0.92,6.1,WASTE_STATION,False,SYNTHETIC,RISK_PROJECT_BASELINE,Tổ hợp thương mại căn hộ Phú Mỹ,1248,3000,20260630,TC-01,SUSPENDED_PENDING_REVIEW,2026-06-30,2026-05-15,SYNTHETIC_RISK_SCENARIO
502581,TST-U02581,TST-U02581,500,502,2PN,2,2,69.12,84.6,19,MID,SW,NW,OBSTRUCTED,True,0.817,15.5,True,1,0.76,5.3,NONE,False,SYNTHETIC,RISK_PROJECT_BASELINE,Tổ hợp thương mại căn hộ Phú Mỹ,1248,3000,20260630,TC-01,SUSPENDED_PENDING_REVIEW,2026-06-30,2026-05-15,SYNTHETIC_RISK_SCENARIO
502582,TST-U02582,TST-U02582,500,502,2PN,2,2,76.21,86.11,19,MID,S,E,OBSTRUCTED,True,0.885,13.6,False,0,0.14,7.0,NONE,False,SYNTHETIC,RISK_PROJECT_BASELINE,Tổ hợp thương mại căn hộ Phú Mỹ,1248,3000,20260630,TC-01,SUSPENDED_PENDING_REVIEW,2026-06-30,2026-05-15,SYNTHETIC_RISK_SCENARIO
502583,TST-U02583,TST-U02583,500,502,2PN,2,2,69.33,79.6,19,MID,SW,SW,POOL,False,0.871,4.2,True,0,0.83,65.0,NONE,False,SYNTHETIC,RISK_PROJECT_BASELINE,Tổ hợp thương mại căn hộ Phú Mỹ,1248,3000,20260630,TC-01,SUSPENDED_PENDING_REVIEW,2026-06-30,2026-05-15,SYNTHETIC_RISK_SCENARIO
502584,TST-U02584,TST-U02584,500,502,3PN,3,2,104.31,117.6,19,MID,SW,N,OBSTRUCTED,True,0.887,2.5,False,1,0.7,6.3,NONE,False,SYNTHETIC,RISK_PROJECT_BASELINE,Tổ hợp thương mại căn hộ Phú Mỹ,1248,3000,20260630,TC-01,SUSPENDED_PENDING_REVIEW,2026-06-30,2026-05-15,SYNTHETIC_RISK_SCENARIO
502585,TST-U02585,TST-U02585,500,502,3PN,3,2,107.25,128.44,19,MID,E,SE,CITY_OPEN,True,0.835,2.1,True,0,0.05,40.1,NONE,False,SYNTHETIC,RISK_PROJECT_BASELINE,Tổ hợp thương mại căn hộ Phú Mỹ,1248,3000,20260630,TC-01,SUSPENDED_PENDING_REVIEW,2026-06-30,2026-05-15,SYNTHETIC_RISK_SCENARIO
502586,TST-U02586,TST-U02586,500,502,2PN,2,2,67.17,82.82,19,MID,E,S,OBSTRUCTED,False,0.811,6.1,False,0,0.12,17.5,NONE,False,SYNTHETIC,RISK_PROJECT_BASELINE,Tổ hợp thương mại căn hộ Phú Mỹ,1248,3000,20260630,TC-01,SUSPENDED_PENDING_REVIEW,2026-06-30,2026-05-15,SYNTHETIC_RISK_SCENARIO
502587,TST-U02587,TST-U02587,500,502,2PN,2,2,69.83,82.44,19,MID,SE,S,CITY_OPEN,False,0.847,4.6,True,1,0.08,102.8,NONE,False,SYNTHETIC,RISK_PROJECT_BASELINE,Tổ hợp thương mại căn hộ Phú Mỹ,1248,3000,20260630,TC-01,SUSPENDED_PENDING_REVIEW,2026-06-30,2026-05-15,SYNTHETIC_RISK_SCENARIO
502588,TST-U02588,TST-U02588,500,502,2PN,2,2,72.62,82.71,19,MID,SW,E,CITY_OPEN,False,0.878,10.2,False,2,0.91,68.0,NONE,False,SYNTHETIC,RISK_PROJECT_BASELINE,Tổ hợp thương mại căn hộ Phú Mỹ,1248,3000,20260630,TC-01,SUSPENDED_PENDING_REVIEW,2026-06-30,2026-05-15,SYNTHETIC_RISK_SCENARIO
502589,TST-U02589,TST-U02589,500,502,3PN,3,2,95.58,115.85,19,MID,SW,NW,CITY_OPEN,False,0.825,12.5,False,0,0.77,37.8,NONE,False,SYNTHETIC,RISK_PROJECT_BASELINE,Tổ hợp thương mại căn hộ Phú Mỹ,1248,3000,20260630,TC-01,SUSPENDED_PENDING_REVIEW,2026-06-30,2026-05-15,SYNTHETIC_RISK_SCENARIO
502590,TST-U02590,TST-U02590,500,502,3PN,3,2,107.12,125.43,19,MID,SW,NE,PARK,False,0.854,13.5,False,0,0.93,74.6,NONE,False,SYNTHETIC,RISK_PROJECT_BASELINE,Tổ hợp thương mại căn hộ Phú Mỹ,1248,3000,20260630,TC-01,SUSPENDED_PENDING_REVIEW,2026-06-30,2026-05-15,SYNTHETIC_RISK_SCENARIO
502591,TST-U02591,TST-U02591,500,502,2PN,2,2,78.06,89.83,19,MID,NW,SW,OBSTRUCTED,False,0.869,8.8,False,0,0.63,6.8,NONE,False,SYNTHETIC,RISK_PROJECT_BASELINE,Tổ hợp thương mại căn hộ Phú Mỹ,1248,3000,20260630,TC-01,SUSPENDED_PENDING_REVIEW,2026-06-30,2026-05-15,SYNTHETIC_RISK_SCENARIO
502592,TST-U02592,TST-U02592,500,502,1PN,1,1,58.26,66.13,19,MID,SW,SE,PARK,False,0.881,12.1,False,0,0.53,71.4,NONE,False,SYNTHETIC,RISK_PROJECT_BASELINE,Tổ hợp thương mại căn hộ Phú Mỹ,1248,3000,20260630,TC-01,SUSPENDED_PENDING_REVIEW,2026-06-30,2026-05-15,SYNTHETIC_RISK_SCENARIO
502593,TST-U02593,TST-U02593,500,502,2PN,2,2,81.02,101.02,19,MID,SE,W,CITY_OPEN,False,0.802,4.2,False,1,0.29,91.8,NONE,False,SYNTHETIC,RISK_PROJECT_BASELINE,Tổ hợp thương mại căn hộ Phú Mỹ,1248,3000,20260630,TC-01,SUSPENDED_PENDING_REVIEW,2026-06-30,2026-05-15,SYNTHETIC_RISK_SCENARIO
502594,TST-U02594,TST-U02594,500,502,3PN,3,2,105.24,127.41,19,MID,NE,SE,POOL,False,0.826,11.6,False,2,0.29,83.1,NONE,False,SYNTHETIC,RISK_PROJECT_BASELINE,Tổ hợp thương mại căn hộ Phú Mỹ,1248,3000,20260630,TC-01,SUSPENDED_PENDING_REVIEW,2026-06-30,2026-05-15,SYNTHETIC_RISK_SCENARIO
502595,TST-U02595,TST-U02595,500,502,2PN,2,2,67.16,75.72,19,MID,NE,SW,OBSTRUCTED,False,0.887,6.5,False,1,0.29,10.8,NONE,False,SYNTHETIC,RISK_PROJECT_BASELINE,Tổ hợp thương mại căn hộ Phú Mỹ,1248,3000,20260630,TC-01,SUSPENDED_PENDING_REVIEW,2026-06-30,2026-05-15,SYNTHETIC_RISK_SCENARIO
502596,TST-U02596,TST-U02596,500,502,3PN,3,2,106.84,133.05,19,MID,S,SW,OBSTRUCTED,False,0.803,12.4,True,1,0.3,11.7,NONE,False,SYNTHETIC,RISK_PROJECT_BASELINE,Tổ hợp thương mại căn hộ Phú Mỹ,1248,3000,20260630,TC-01,SUSPENDED_PENDING_REVIEW,2026-06-30,2026-05-15,SYNTHETIC_RISK_SCENARIO
502597,TST-U02597,TST-U02597,500,502,3PN,3,2,109.16,132.32,19,MID,NE,NW,OBSTRUCTED,False,0.825,12.2,False,2,0.21,14.1,NONE,False,SYNTHETIC,RISK_PROJECT_BASELINE,Tổ hợp thương mại căn hộ Phú Mỹ,1248,3000,20260630,TC-01,SUSPENDED_PENDING_REVIEW,2026-06-30,2026-05-15,SYNTHETIC_RISK_SCENARIO
502598,TST-U02598,TST-U02598,500,502,2PN,2,2,79.58,94.4,19,MID,SW,W,OBSTRUCTED,False,0.843,15.4,True,0,0.76,15.2,NONE,False,SYNTHETIC,RISK_PROJECT_BASELINE,Tổ hợp thương mại căn hộ Phú Mỹ,1248,3000,20260630,TC-01,SUSPENDED_PENDING_REVIEW,2026-06-30,2026-05-15,SYNTHETIC_RISK_SCENARIO
502599,TST-U02599,TST-U02599,500,502,3PN,3,2,101.33,121.94,19,MID,SW,NE,CITY_OPEN,False,0.831,2.8,True,0,0.82,78.6,NONE,False,SYNTHETIC,RISK_PROJECT_BASELINE,Tổ hợp thương mại căn hộ Phú Mỹ,1248,3000,20260630,TC-01,SUSPENDED_PENDING_REVIEW,2026-06-30,2026-05-15,SYNTHETIC_RISK_SCENARIO
502600,TST-U02600,TST-U02600,500,502,2PN,2,2,69.6,83.65,19,MID,SE,S,CITY_OPEN,False,0.832,9.8,False,0,0.23,41.8,WASTE_STATION,False,SYNTHETIC,RISK_PROJECT_BASELINE,Tổ hợp thương mại căn hộ Phú Mỹ,1248,3000,20260630,TC-01,SUSPENDED_PENDING_REVIEW,2026-06-30,2026-05-15,SYNTHETIC_RISK_SCENARIO
502601,TST-U02601,TST-U02601,500,502,3PN,3,2,108.8,129.68,19,MID,W,E,PARK,False,0.839,6.1,False,0,0.73,66.4,NONE,False,SYNTHETIC,RISK_PROJECT_BASELINE,Tổ hợp thương mại căn hộ Phú Mỹ,1248,3000,20260630,TC-01,SUSPENDED_PENDING_REVIEW,2026-06-30,2026-05-15,SYNTHETIC_RISK_SCENARIO
502602,TST-U02602,TST-U02602,500,502,2PN,2,2,85.85,97.45,19,MID,SE,W,PARK,False,0.881,11.4,False,0,0.03,59.1,NONE,False,SYNTHETIC,RISK_PROJECT_BASELINE,Tổ hợp thương mại căn hộ Phú Mỹ,1248,3000,20260630,TC-01,SUSPENDED_PENDING_REVIEW,2026-06-30,2026-05-15,SYNTHETIC_RISK_SCENARIO
502603,TST-U02603,TST-U02603,500,502,1PN,1,1,57.88,65.18,19,MID,SE,SE,CITY_OPEN,False,0.888,12.1,False,1,0.16,55.4,NONE,False,SYNTHETIC,RISK_PROJECT_BASELINE,Tổ hợp thương mại căn hộ Phú Mỹ,1248,3000,20260630,TC-01,SUSPENDED_PENDING_REVIEW,2026-06-30,2026-05-15,SYNTHETIC_RISK_SCENARIO
502604,TST-U02604,TST-U02604,500,502,1PN,1,1,54.65,63.77,19,MID,N,NE,OBSTRUCTED,False,0.857,15.8,True,1,0.13,4.9,NONE,False,SYNTHETIC,RISK_PROJECT_BASELINE,Tổ hợp thương mại căn hộ Phú Mỹ,1248,3000,20260630,TC-01,SUSPENDED_PENDING_REVIEW,2026-06-30,2026-05-15,SYNTHETIC_RISK_SCENARIO
502605,TST-U02605,TST-U02605,500,502,1PN,1,1,51.75,63.42,19,MID,E,SE,PARK,False,0.816,15.1,False,0,0.11,57.0,NONE,False,SYNTHETIC,RISK_PROJECT_BASELINE,Tổ hợp thương mại căn hộ Phú Mỹ,1248,3000,20260630,TC-01,SUSPENDED_PENDING_REVIEW,2026-06-30,2026-05-15,SYNTHETIC_RISK_SCENARIO
502606,TST-U02606,TST-U02606,500,502,3PN,3,2,111.77,125.73,19,MID,SW,E,CITY_OPEN,True,0.889,7.0,False,1,0.9,73.0,NONE,False,SYNTHETIC,RISK_PROJECT_BASELINE,Tổ hợp thương mại căn hộ Phú Mỹ,1248,3000,20260630,TC-01,SUSPENDED_PENDING_REVIEW,2026-06-30,2026-05-15,SYNTHETIC_RISK_SCENARIO
502607,TST-U02607,TST-U02607,500,502,2PN,2,2,70.19,82.38,19,MID,S,W,OBSTRUCTED,False,0.852,4.1,True,0,0.11,9.2,NONE,False,SYNTHETIC,RISK_PROJECT_BASELINE,Tổ hợp thương mại căn hộ Phú Mỹ,1248,3000,20260630,TC-01,SUSPENDED_PENDING_REVIEW,2026-06-30,2026-05-15,SYNTHETIC_RISK_SCENARIO
502608,TST-U02608,TST-U02608,500,502,2PN,2,2,69.23,80.31,19,MID,SE,NW,OBSTRUCTED,True,0.862,9.1,False,0,0.26,15.0,NONE,False,SYNTHETIC,RISK_PROJECT_BASELINE,Tổ hợp thương mại căn hộ Phú Mỹ,1248,3000,20260630,TC-01,SUSPENDED_PENDING_REVIEW,2026-06-30,2026-05-15,SYNTHETIC_RISK_SCENARIO
502609,TST-U02609,TST-U02609,500,502,2PN,2,2,72.05,86.29,19,MID,NW,NW,OBSTRUCTED,False,0.835,8.3,False,0,0.78,10.7,NONE,False,SYNTHETIC,RISK_PROJECT_BASELINE,Tổ hợp thương mại căn hộ Phú Mỹ,1248,3000,20260630,TC-01,SUSPENDED_PENDING_REVIEW,2026-06-30,2026-05-15,SYNTHETIC_RISK_SCENARIO
502610,TST-U02610,TST-U02610,500,502,2PN,2,2,69.71,83.49,19,MID,SE,E,OBSTRUCTED,False,0.835,8.6,False,0,0.15,17.7,NONE,False,SYNTHETIC,RISK_PROJECT_BASELINE,Tổ hợp thương mại căn hộ Phú Mỹ,1248,3000,20260630,TC-01,SUSPENDED_PENDING_REVIEW,2026-06-30,2026-05-15,SYNTHETIC_RISK_SCENARIO
502611,TST-U02611,TST-U02611,500,502,2PN,2,2,74.56,85.9,19,MID,W,SW,CITY_OPEN,False,0.868,7.3,False,0,0.5,61.2,NONE,False,SYNTHETIC,RISK_PROJECT_BASELINE,Tổ hợp thương mại căn hộ Phú Mỹ,1248,3000,20260630,TC-01,SUSPENDED_PENDING_REVIEW,2026-06-30,2026-05-15,SYNTHETIC_RISK_SCENARIO
502612,TST-U02612,TST-U02612,500,502,2PN,2,2,74.96,86.66,19,MID,NE,SW,CITY_OPEN,False,0.865,8.1,False,1,0.15,109.2,NONE,False,SYNTHETIC,RISK_PROJECT_BASELINE,Tổ hợp thương mại căn hộ Phú Mỹ,1248,3000,20260630,TC-01,SUSPENDED_PENDING_REVIEW,2026-06-30,2026-05-15,SYNTHETIC_RISK_SCENARIO
502613,TST-U02613,TST-U02613,500,502,1PN,1,1,56.13,66.27,19,MID,E,NW,CITY_OPEN,False,0.847,5.6,False,1,0.11,40.0,NONE,False,SYNTHETIC,RISK_PROJECT_BASELINE,Tổ hợp thương mại căn hộ Phú Mỹ,1248,3000,20260630,TC-01,SUSPENDED_PENDING_REVIEW,2026-06-30,2026-05-15,SYNTHETIC_RISK_SCENARIO
502614,TST-U02614,TST-U02614,500,502,2PN,2,2,76.86,89.06,19,MID,NE,W,CITY_OPEN,False,0.863,10.0,False,0,0.03,88.2,CEMETERY,False,SYNTHETIC,RISK_PROJECT_BASELINE,Tổ hợp thương mại căn hộ Phú Mỹ,1248,3000,20260630,TC-01,SUSPENDED_PENDING_REVIEW,2026-06-30,2026-05-15,SYNTHETIC_RISK_SCENARIO
502615,TST-U02615,TST-U02615,500,502,2PN,2,2,75.67,85.5,19,MID,SE,SE,CITY_OPEN,False,0.885,13.3,False,1,0.26,103.8,NONE,False,SYNTHETIC,RISK_PROJECT_BASELINE,Tổ hợp thương mại căn hộ Phú Mỹ,1248,3000,20260630,TC-01,SUSPENDED_PENDING_REVIEW,2026-06-30,2026-05-15,SYNTHETIC_RISK_SCENARIO
502616,TST-U02616,TST-U02616,500,502,2PN,2,2,69.53,84.18,19,MID,SW,S,OBSTRUCTED,False,0.826,8.0,True,0,0.6,17.5,NONE,False,SYNTHETIC,RISK_PROJECT_BASELINE,Tổ hợp thương mại căn hộ Phú Mỹ,1248,3000,20260630,TC-01,SUSPENDED_PENDING_REVIEW,2026-06-30,2026-05-15,SYNTHETIC_RISK_SCENARIO
502617,TST-U02617,TST-U02617,500,502,3PN,3,2,96.97,114.62,19,MID,S,E,CITY_OPEN,False,0.846,13.2,False,0,0.22,88.2,NONE,False,SYNTHETIC,RISK_PROJECT_BASELINE,Tổ hợp thương mại căn hộ Phú Mỹ,1248,3000,20260630,TC-01,SUSPENDED_PENDING_REVIEW,2026-06-30,2026-05-15,SYNTHETIC_RISK_SCENARIO
502618,TST-U02618,TST-U02618,500,502,2PN,2,2,79.28,91.55,19,MID,S,SE,PARK,True,0.866,2.2,False,1,0.28,109.3,NONE,False,SYNTHETIC,RISK_PROJECT_BASELINE,Tổ hợp thương mại căn hộ Phú Mỹ,1248,3000,20260630,TC-01,SUSPENDED_PENDING_REVIEW,2026-06-30,2026-05-15,SYNTHETIC_RISK_SCENARIO
502619,TST-U02619,TST-U02619,500,502,2PN,2,2,72.52,81.76,19,MID,SW,E,OBSTRUCTED,False,0.887,1.6,False,0,0.57,13.9,NONE,False,SYNTHETIC,RISK_PROJECT_BASELINE,Tổ hợp thương mại căn hộ Phú Mỹ,1248,3000,20260630,TC-01,SUSPENDED_PENDING_REVIEW,2026-06-30,2026-05-15,SYNTHETIC_RISK_SCENARIO
502620,TST-U02620,TST-U02620,500,502,2PN,2,2,77.23,89.59,19,MID,SE,S,OBSTRUCTED,False,0.862,3.4,False,0,0.24,17.7,NONE,False,SYNTHETIC,RISK_PROJECT_BASELINE,Tổ hợp thương mại căn hộ Phú Mỹ,1248,3000,20260630,TC-01,SUSPENDED_PENDING_REVIEW,2026-06-30,2026-05-15,SYNTHETIC_RISK_SCENARIO
502621,TST-U02621,TST-U02621,500,502,3PN,3,2,97.16,118.49,19,MID,W,S,OBSTRUCTED,False,0.82,4.0,True,1,0.67,10.1,NONE,False,SYNTHETIC,RISK_PROJECT_BASELINE,Tổ hợp thương mại căn hộ Phú Mỹ,1248,3000,20260630,TC-01,SUSPENDED_PENDING_REVIEW,2026-06-30,2026-05-15,SYNTHETIC_RISK_SCENARIO
502622,TST-U02622,TST-U02622,500,502,2PN,2,2,78.67,98.21,19,MID,N,NE,CITY_OPEN,False,0.801,9.1,False,0,0.25,105.3,NONE,False,SYNTHETIC,RISK_PROJECT_BASELINE,Tổ hợp thương mại căn hộ Phú Mỹ,1248,3000,20260630,TC-01,SUSPENDED_PENDING_REVIEW,2026-06-30,2026-05-15,SYNTHETIC_RISK_SCENARIO
502623,TST-U02623,TST-U02623,500,502,3PN,3,2,106.64,129.57,20,MID,NW,W,CITY_OPEN,False,0.823,5.3,False,1,0.55,38.0,NONE,False,SYNTHETIC,RISK_PROJECT_BASELINE,Tổ hợp thương mại căn hộ Phú Mỹ,1248,3000,20260630,TC-01,SUSPENDED_PENDING_REVIEW,2026-06-30,2026-05-15,SYNTHETIC_RISK_SCENARIO
502624,TST-U02624,TST-U02624,500,502,3PN,3,2,114.51,137.96,20,MID,SW,NW,OBSTRUCTED,False,0.83,4.5,False,2,0.62,6.3,NONE,False,SYNTHETIC,RISK_PROJECT_BASELINE,Tổ hợp thương mại căn hộ Phú Mỹ,1248,3000,20260630,TC-01,SUSPENDED_PENDING_REVIEW,2026-06-30,2026-05-15,SYNTHETIC_RISK_SCENARIO
502625,TST-U02625,TST-U02625,500,502,2PN,2,2,79.78,91.81,20,MID,NW,S,OBSTRUCTED,False,0.869,6.3,False,1,0.59,12.8,NONE,False,SYNTHETIC,RISK_PROJECT_BASELINE,Tổ hợp thương mại căn hộ Phú Mỹ,1248,3000,20260630,TC-01,SUSPENDED_PENDING_REVIEW,2026-06-30,2026-05-15,SYNTHETIC_RISK_SCENARIO
502626,TST-U02626,TST-U02626,500,502,2PN,2,2,72.13,89.27,20,MID,S,NW,OBSTRUCTED,False,0.808,9.9,True,0,0.15,13.8,NONE,False,SYNTHETIC,RISK_PROJECT_BASELINE,Tổ hợp thương mại căn hộ Phú Mỹ,1248,3000,20260630,TC-01,SUSPENDED_PENDING_REVIEW,2026-06-30,2026-05-15,SYNTHETIC_RISK_SCENARIO
502627,TST-U02627,TST-U02627,500,502,2PN,2,2,74.33,90.43,20,MID,NE,N,OBSTRUCTED,False,0.822,12.9,True,0,0.04,15.7,NONE,False,SYNTHETIC,RISK_PROJECT_BASELINE,Tổ hợp thương mại căn hộ Phú Mỹ,1248,3000,20260630,TC-01,SUSPENDED_PENDING_REVIEW,2026-06-30,2026-05-15,SYNTHETIC_RISK_SCENARIO
502628,TST-U02628,TST-U02628,500,502,1PN,1,1,47.49,56.0,20,MID,SW,S,CITY_OPEN,False,0.848,1.8,False,0,0.88,87.4,NONE,False,SYNTHETIC,RISK_PROJECT_BASELINE,Tổ hợp thương mại căn hộ Phú Mỹ,1248,3000,20260630,TC-01,SUSPENDED_PENDING_REVIEW,2026-06-30,2026-05-15,SYNTHETIC_RISK_SCENARIO
502629,TST-U02629,TST-U02629,500,502,3PN,3,2,100.86,122.11,20,MID,NE,N,PARK,True,0.826,7.4,False,1,0.32,29.2,NONE,False,SYNTHETIC,RISK_PROJECT_BASELINE,Tổ hợp thương mại căn hộ Phú Mỹ,1248,3000,20260630,TC-01,SUSPENDED_PENDING_REVIEW,2026-06-30,2026-05-15,SYNTHETIC_RISK_SCENARIO
502630,TST-U02630,TST-U02630,500,502,1PN,1,1,59.61,68.44,20,MID,S,W,OBSTRUCTED,False,0.871,10.0,False,0,0.09,17.0,CEMETERY,False,SYNTHETIC,RISK_PROJECT_BASELINE,Tổ hợp thương mại căn hộ Phú Mỹ,1248,3000,20260630,TC-01,SUSPENDED_PENDING_REVIEW,2026-06-30,2026-05-15,SYNTHETIC_RISK_SCENARIO
502631,TST-U02631,TST-U02631,500,502,2PN,2,2,71.72,81.59,20,MID,S,SW,CITY_OPEN,False,0.879,4.2,True,1,0.16,45.3,NONE,False,SYNTHETIC,RISK_PROJECT_BASELINE,Tổ hợp thương mại căn hộ Phú Mỹ,1248,3000,20260630,TC-01,SUSPENDED_PENDING_REVIEW,2026-06-30,2026-05-15,SYNTHETIC_RISK_SCENARIO
502632,TST-U02632,TST-U02632,500,502,2PN,2,2,67.02,77.03,20,MID,NW,NW,OBSTRUCTED,False,0.87,11.3,False,0,0.56,13.3,NONE,False,SYNTHETIC,RISK_PROJECT_BASELINE,Tổ hợp thương mại căn hộ Phú Mỹ,1248,3000,20260630,TC-01,SUSPENDED_PENDING_REVIEW,2026-06-30,2026-05-15,SYNTHETIC_RISK_SCENARIO
502633,TST-U02633,TST-U02633,500,502,2PN,2,2,67.91,81.52,20,MID,NW,E,CITY_OPEN,True,0.833,12.1,True,2,0.8,61.8,NONE,False,SYNTHETIC,RISK_PROJECT_BASELINE,Tổ hợp thương mại căn hộ Phú Mỹ,1248,3000,20260630,TC-01,SUSPENDED_PENDING_REVIEW,2026-06-30,2026-05-15,SYNTHETIC_RISK_SCENARIO
502634,TST-U02634,TST-U02634,500,502,2PN,2,2,70.13,83.59,20,MID,NE,N,PARK,False,0.839,8.0,False,0,0.31,50.0,NONE,False,SYNTHETIC,RISK_PROJECT_BASELINE,Tổ hợp thương mại căn hộ Phú Mỹ,1248,3000,20260630,TC-01,SUSPENDED_PENDING_REVIEW,2026-06-30,2026-05-15,SYNTHETIC_RISK_SCENARIO
502635,TST-U02635,TST-U02635,500,502,3PN,3,2,107.86,132.51,20,MID,W,S,POOL,True,0.814,8.6,False,0,0.83,96.5,NONE,False,SYNTHETIC,RISK_PROJECT_BASELINE,Tổ hợp thương mại căn hộ Phú Mỹ,1248,3000,20260630,TC-01,SUSPENDED_PENDING_REVIEW,2026-06-30,2026-05-15,SYNTHETIC_RISK_SCENARIO
502636,TST-U02636,TST-U02636,500,502,2PN,2,2,72.79,83.19,20,MID,W,NW,OBSTRUCTED,False,0.875,11.9,False,0,0.53,5.7,CEMETERY,False,SYNTHETIC,RISK_PROJECT_BASELINE,Tổ hợp thương mại căn hộ Phú Mỹ,1248,3000,20260630,TC-01,SUSPENDED_PENDING_REVIEW,2026-06-30,2026-05-15,SYNTHETIC_RISK_SCENARIO
502637,TST-U02637,TST-U02637,500,502,2PN,2,2,81.73,99.79,20,MID,SW,E,OBSTRUCTED,False,0.819,9.6,False,0,0.53,5.8,NONE,False,SYNTHETIC,RISK_PROJECT_BASELINE,Tổ hợp thương mại căn hộ Phú Mỹ,1248,3000,20260630,TC-01,SUSPENDED_PENDING_REVIEW,2026-06-30,2026-05-15,SYNTHETIC_RISK_SCENARIO
502638,TST-U02638,TST-U02638,500,502,2PN,2,2,77.85,88.27,20,MID,W,NE,CITY_OPEN,False,0.882,11.1,False,1,0.89,103.7,TEMPLE,False,SYNTHETIC,RISK_PROJECT_BASELINE,Tổ hợp thương mại căn hộ Phú Mỹ,1248,3000,20260630,TC-01,SUSPENDED_PENDING_REVIEW,2026-06-30,2026-05-15,SYNTHETIC_RISK_SCENARIO
502639,TST-U02639,TST-U02639,500,502,3PN,3,2,101.24,120.96,20,MID,N,E,OBSTRUCTED,False,0.837,4.7,False,0,0.22,5.4,NONE,False,SYNTHETIC,RISK_PROJECT_BASELINE,Tổ hợp thương mại căn hộ Phú Mỹ,1248,3000,20260630,TC-01,SUSPENDED_PENDING_REVIEW,2026-06-30,2026-05-15,SYNTHETIC_RISK_SCENARIO
502640,TST-U02640,TST-U02640,500,502,2PN,2,2,86.2,106.82,20,MID,SE,S,PARK,True,0.807,13.7,False,0,0.09,38.9,NONE,False,SYNTHETIC,RISK_PROJECT_BASELINE,Tổ hợp thương mại căn hộ Phú Mỹ,1248,3000,20260630,TC-01,SUSPENDED_PENDING_REVIEW,2026-06-30,2026-05-15,SYNTHETIC_RISK_SCENARIO
502641,TST-U02641,TST-U02641,500,502,3PN,3,2,89.96,109.04,20,MID,W,E,CITY_OPEN,False,0.825,9.4,False,0,0.77,49.7,NONE,False,SYNTHETIC,RISK_PROJECT_BASELINE,Tổ hợp thương mại căn hộ Phú Mỹ,1248,3000,20260630,TC-01,SUSPENDED_PENDING_REVIEW,2026-06-30,2026-05-15,SYNTHETIC_RISK_SCENARIO
502642,TST-U02642,TST-U02642,500,502,2PN,2,2,78.28,93.41,20,MID,SE,N,OBSTRUCTED,False,0.838,4.9,False,1,0.06,12.5,NONE,False,SYNTHETIC,RISK_PROJECT_BASELINE,Tổ hợp thương mại căn hộ Phú Mỹ,1248,3000,20260630,TC-01,SUSPENDED_PENDING_REVIEW,2026-06-30,2026-05-15,SYNTHETIC_RISK_SCENARIO
502643,TST-U02643,TST-U02643,500,502,2PN,2,2,77.47,91.25,20,MID,NE,SE,CITY_OPEN,True,0.849,6.9,False,0,0.06,34.3,CEMETERY,False,SYNTHETIC,RISK_PROJECT_BASELINE,Tổ hợp thương mại căn hộ Phú Mỹ,1248,3000,20260630,TC-01,SUSPENDED_PENDING_REVIEW,2026-06-30,2026-05-15,SYNTHETIC_RISK_SCENARIO
502644,TST-U02644,TST-U02644,500,502,3PN,3,2,93.64,105.45,20,MID,E,E,CITY_OPEN,False,0.888,12.3,False,0,0.21,56.3,NONE,False,SYNTHETIC,RISK_PROJECT_BASELINE,Tổ hợp thương mại căn hộ Phú Mỹ,1248,3000,20260630,TC-01,SUSPENDED_PENDING_REVIEW,2026-06-30,2026-05-15,SYNTHETIC_RISK_SCENARIO
502645,TST-U02645,TST-U02645,500,502,2PN,2,2,68.13,82.18,20,MID,SW,S,POOL,False,0.829,9.1,False,0,0.81,78.3,NONE,False,SYNTHETIC,RISK_PROJECT_BASELINE,Tổ hợp thương mại căn hộ Phú Mỹ,1248,3000,20260630,TC-01,SUSPENDED_PENDING_REVIEW,2026-06-30,2026-05-15,SYNTHETIC_RISK_SCENARIO
502646,TST-U02646,TST-U02646,500,502,3PN,3,2,101.06,113.93,20,MID,NE,N,PARK,False,0.887,15.3,False,0,0.2,87.6,NONE,False,SYNTHETIC,RISK_PROJECT_BASELINE,Tổ hợp thương mại căn hộ Phú Mỹ,1248,3000,20260630,TC-01,SUSPENDED_PENDING_REVIEW,2026-06-30,2026-05-15,SYNTHETIC_RISK_SCENARIO
502647,TST-U02647,TST-U02647,500,502,2PN,2,2,71.75,83.43,20,MID,NW,SE,OBSTRUCTED,False,0.86,11.7,False,0,0.84,10.0,NONE,False,SYNTHETIC,RISK_PROJECT_BASELINE,Tổ hợp thương mại căn hộ Phú Mỹ,1248,3000,20260630,TC-01,SUSPENDED_PENDING_REVIEW,2026-06-30,2026-05-15,SYNTHETIC_RISK_SCENARIO
502648,TST-U02648,TST-U02648,500,502,2PN,2,2,71.85,83.84,20,MID,NW,N,OBSTRUCTED,False,0.857,2.9,False,0,0.84,12.2,NONE,False,SYNTHETIC,RISK_PROJECT_BASELINE,Tổ hợp thương mại căn hộ Phú Mỹ,1248,3000,20260630,TC-01,SUSPENDED_PENDING_REVIEW,2026-06-30,2026-05-15,SYNTHETIC_RISK_SCENARIO
502649,TST-U02649,TST-U02649,500,502,1PN,1,1,52.75,61.7,20,MID,SE,SE,CITY_OPEN,True,0.855,15.3,False,1,0.13,52.1,WASTE_STATION,False,SYNTHETIC,RISK_PROJECT_BASELINE,Tổ hợp thương mại căn hộ Phú Mỹ,1248,3000,20260630,TC-01,SUSPENDED_PENDING_REVIEW,2026-06-30,2026-05-15,SYNTHETIC_RISK_SCENARIO
502650,TST-U02650,TST-U02650,500,502,1PN,1,1,55.52,66.41,20,MID,N,SE,CITY_OPEN,False,0.836,12.4,False,0,0.25,75.7,NONE,False,SYNTHETIC,RISK_PROJECT_BASELINE,Tổ hợp thương mại căn hộ Phú Mỹ,1248,3000,20260630,TC-01,SUSPENDED_PENDING_REVIEW,2026-06-30,2026-05-15,SYNTHETIC_RISK_SCENARIO
502651,TST-U02651,TST-U02651,500,502,2PN,2,2,82.55,93.49,20,MID,S,SW,OBSTRUCTED,False,0.883,15.8,False,1,0.16,12.3,NONE,False,SYNTHETIC,RISK_PROJECT_BASELINE,Tổ hợp thương mại căn hộ Phú Mỹ,1248,3000,20260630,TC-01,SUSPENDED_PENDING_REVIEW,2026-06-30,2026-05-15,SYNTHETIC_RISK_SCENARIO
502652,TST-U02652,TST-U02652,500,502,3PN,3,2,102.38,123.05,20,MID,W,N,CITY_OPEN,False,0.832,12.8,False,0,0.77,40.4,NONE,False,SYNTHETIC,RISK_PROJECT_BASELINE,Tổ hợp thương mại căn hộ Phú Mỹ,1248,3000,20260630,TC-01,SUSPENDED_PENDING_REVIEW,2026-06-30,2026-05-15,SYNTHETIC_RISK_SCENARIO
502653,TST-U02653,TST-U02653,500,502,3PN,3,2,96.72,109.41,20,MID,E,SW,CITY_OPEN,False,0.884,1.7,False,0,0.13,103.8,NONE,False,SYNTHETIC,RISK_PROJECT_BASELINE,Tổ hợp thương mại căn hộ Phú Mỹ,1248,3000,20260630,TC-01,SUSPENDED_PENDING_REVIEW,2026-06-30,2026-05-15,SYNTHETIC_RISK_SCENARIO
502654,TST-U02654,TST-U02654,500,502,2PN,2,2,68.04,78.03,20,MID,SE,SE,CITY_OPEN,True,0.872,12.6,False,1,0.24,98.3,NONE,False,SYNTHETIC,RISK_PROJECT_BASELINE,Tổ hợp thương mại căn hộ Phú Mỹ,1248,3000,20260630,TC-01,SUSPENDED_PENDING_REVIEW,2026-06-30,2026-05-15,SYNTHETIC_RISK_SCENARIO
502655,TST-U02655,TST-U02655,500,502,2PN,2,2,78.16,94.62,20,MID,W,E,POOL,False,0.826,8.9,True,1,0.57,65.7,NONE,False,SYNTHETIC,RISK_PROJECT_BASELINE,Tổ hợp thương mại căn hộ Phú Mỹ,1248,3000,20260630,TC-01,SUSPENDED_PENDING_REVIEW,2026-06-30,2026-05-15,SYNTHETIC_RISK_SCENARIO
502656,TST-U02656,TST-U02656,500,502,3PN,3,2,98.38,114.53,20,MID,S,W,OBSTRUCTED,False,0.859,14.4,False,0,0.28,15.5,NONE,False,SYNTHETIC,RISK_PROJECT_BASELINE,Tổ hợp thương mại căn hộ Phú Mỹ,1248,3000,20260630,TC-01,SUSPENDED_PENDING_REVIEW,2026-06-30,2026-05-15,SYNTHETIC_RISK_SCENARIO
502657,TST-U02657,TST-U02657,500,502,2PN,2,2,80.63,97.73,20,MID,E,W,OBSTRUCTED,False,0.825,14.5,False,1,0.29,14.8,NONE,False,SYNTHETIC,RISK_PROJECT_BASELINE,Tổ hợp thương mại căn hộ Phú Mỹ,1248,3000,20260630,TC-01,SUSPENDED_PENDING_REVIEW,2026-06-30,2026-05-15,SYNTHETIC_RISK_SCENARIO
502658,TST-U02658,TST-U02658,500,502,2PN,2,2,75.87,93.9,20,MID,SW,SE,CITY_OPEN,False,0.808,15.0,True,0,0.68,108.7,NONE,False,SYNTHETIC,RISK_PROJECT_BASELINE,Tổ hợp thương mại căn hộ Phú Mỹ,1248,3000,20260630,TC-01,SUSPENDED_PENDING_REVIEW,2026-06-30,2026-05-15,SYNTHETIC_RISK_SCENARIO
502659,TST-U02659,TST-U02659,500,502,2PN,2,2,85.76,96.47,20,MID,SW,SE,OBSTRUCTED,False,0.889,14.2,False,0,0.86,10.2,NONE,False,SYNTHETIC,RISK_PROJECT_BASELINE,Tổ hợp thương mại căn hộ Phú Mỹ,1248,3000,20260630,TC-01,SUSPENDED_PENDING_REVIEW,2026-06-30,2026-05-15,SYNTHETIC_RISK_SCENARIO
502660,TST-U02660,TST-U02660,500,502,2PN,2,2,78.53,97.92,20,MID,SE,NE,PARK,False,0.802,10.4,False,0,0.26,103.7,WASTE_STATION,False,SYNTHETIC,RISK_PROJECT_BASELINE,Tổ hợp thương mại căn hộ Phú Mỹ,1248,3000,20260630,TC-01,SUSPENDED_PENDING_REVIEW,2026-06-30,2026-05-15,SYNTHETIC_RISK_SCENARIO
502661,TST-U02661,TST-U02661,500,502,2PN,2,2,85.49,101.65,20,MID,N,W,OBSTRUCTED,True,0.841,12.5,True,0,0.23,13.9,NONE,False,SYNTHETIC,RISK_PROJECT_BASELINE,Tổ hợp thương mại căn hộ Phú Mỹ,1248,3000,20260630,TC-01,SUSPENDED_PENDING_REVIEW,2026-06-30,2026-05-15,SYNTHETIC_RISK_SCENARIO
502662,TST-U02662,TST-U02662,500,502,1PN,1,1,59.01,68.62,20,MID,SW,NW,CITY_OPEN,False,0.86,9.4,True,0,0.88,101.3,NONE,False,SYNTHETIC,RISK_PROJECT_BASELINE,Tổ hợp thương mại căn hộ Phú Mỹ,1248,3000,20260630,TC-01,SUSPENDED_PENDING_REVIEW,2026-06-30,2026-05-15,SYNTHETIC_RISK_SCENARIO
502663,TST-U02663,TST-U02663,500,502,3PN,3,2,109.14,126.61,20,MID,SE,N,CITY_OPEN,True,0.862,7.0,False,1,0.08,52.7,NONE,False,SYNTHETIC,RISK_PROJECT_BASELINE,Tổ hợp thương mại căn hộ Phú Mỹ,1248,3000,20260630,TC-01,SUSPENDED_PENDING_REVIEW,2026-06-30,2026-05-15,SYNTHETIC_RISK_SCENARIO
502664,TST-U02664,TST-U02664,500,502,2PN,2,2,75.67,87.58,20,MID,W,S,PARK,False,0.864,13.5,False,0,0.78,50.4,NONE,False,SYNTHETIC,RISK_PROJECT_BASELINE,Tổ hợp thương mại căn hộ Phú Mỹ,1248,3000,20260630,TC-01,SUSPENDED_PENDING_REVIEW,2026-06-30,2026-05-15,SYNTHETIC_RISK_SCENARIO
502665,TST-U02665,TST-U02665,500,502,2PN,2,2,76.04,89.78,20,MID,NE,W,OBSTRUCTED,False,0.847,8.9,False,1,0.3,4.6,NONE,False,SYNTHETIC,RISK_PROJECT_BASELINE,Tổ hợp thương mại căn hộ Phú Mỹ,1248,3000,20260630,TC-01,SUSPENDED_PENDING_REVIEW,2026-06-30,2026-05-15,SYNTHETIC_RISK_SCENARIO
502666,TST-U02666,TST-U02666,500,502,2PN,2,2,74.78,92.78,20,MID,S,SE,CITY_OPEN,False,0.806,7.7,False,1,0.27,85.4,NONE,False,SYNTHETIC,RISK_PROJECT_BASELINE,Tổ hợp thương mại căn hộ Phú Mỹ,1248,3000,20260630,TC-01,SUSPENDED_PENDING_REVIEW,2026-06-30,2026-05-15,SYNTHETIC_RISK_SCENARIO
502667,TST-U02667,TST-U02667,500,502,2PN,2,2,74.24,86.13,20,MID,S,S,OBSTRUCTED,False,0.862,10.9,False,0,0.29,15.0,NONE,False,SYNTHETIC,RISK_PROJECT_BASELINE,Tổ hợp thương mại căn hộ Phú Mỹ,1248,3000,20260630,TC-01,SUSPENDED_PENDING_REVIEW,2026-06-30,2026-05-15,SYNTHETIC_RISK_SCENARIO
502668,TST-U02668,TST-U02668,500,502,STUDIO,1,1,44.3,54.83,20,MID,NE,SW,POOL,False,0.808,14.9,False,0,0.3,65.6,NONE,False,SYNTHETIC,RISK_PROJECT_BASELINE,Tổ hợp thương mại căn hộ Phú Mỹ,1248,3000,20260630,TC-01,SUSPENDED_PENDING_REVIEW,2026-06-30,2026-05-15,SYNTHETIC_RISK_SCENARIO
502669,TST-U02669,TST-U02669,500,502,2PN,2,2,72.98,86.47,20,MID,SE,W,OBSTRUCTED,False,0.844,3.9,False,0,0.03,7.5,NONE,False,SYNTHETIC,RISK_PROJECT_BASELINE,Tổ hợp thương mại căn hộ Phú Mỹ,1248,3000,20260630,TC-01,SUSPENDED_PENDING_REVIEW,2026-06-30,2026-05-15,SYNTHETIC_RISK_SCENARIO
502670,TST-U02670,TST-U02670,500,502,2PN,2,2,83.12,102.74,20,MID,SE,SE,CITY_OPEN,False,0.809,13.9,True,0,0.22,70.8,NONE,False,SYNTHETIC,RISK_PROJECT_BASELINE,Tổ hợp thương mại căn hộ Phú Mỹ,1248,3000,20260630,TC-01,SUSPENDED_PENDING_REVIEW,2026-06-30,2026-05-15,SYNTHETIC_RISK_SCENARIO
502671,TST-U02671,TST-U02671,500,502,2PN,2,2,78.68,94.23,20,MID,NE,NE,POOL,True,0.835,7.2,False,1,0.2,98.4,NONE,False,SYNTHETIC,RISK_PROJECT_BASELINE,Tổ hợp thương mại căn hộ Phú Mỹ,1248,3000,20260630,TC-01,SUSPENDED_PENDING_REVIEW,2026-06-30,2026-05-15,SYNTHETIC_RISK_SCENARIO
502672,TST-U02672,TST-U02672,500,502,3PN,3,2,96.29,110.55,20,MID,SW,NW,OBSTRUCTED,False,0.871,13.1,False,0,0.67,8.2,NONE,False,SYNTHETIC,RISK_PROJECT_BASELINE,Tổ hợp thương mại căn hộ Phú Mỹ,1248,3000,20260630,TC-01,SUSPENDED_PENDING_REVIEW,2026-06-30,2026-05-15,SYNTHETIC_RISK_SCENARIO
502673,TST-U02673,TST-U02673,500,502,3PN,3,2,112.03,128.33,20,MID,S,S,POOL,True,0.873,2.6,False,0,0.19,86.2,NONE,False,SYNTHETIC,RISK_PROJECT_BASELINE,Tổ hợp thương mại căn hộ Phú Mỹ,1248,3000,20260630,TC-01,SUSPENDED_PENDING_REVIEW,2026-06-30,2026-05-15,SYNTHETIC_RISK_SCENARIO
502674,TST-U02674,TST-U02674,500,502,3PN,3,2,97.48,120.79,20,MID,N,W,POOL,False,0.807,7.6,False,0,0.25,45.7,NONE,False,SYNTHETIC,RISK_PROJECT_BASELINE,Tổ hợp thương mại căn hộ Phú Mỹ,1248,3000,20260630,TC-01,SUSPENDED_PENDING_REVIEW,2026-06-30,2026-05-15,SYNTHETIC_RISK_SCENARIO
502675,TST-U02675,TST-U02675,500,502,STUDIO,1,1,46.94,52.86,20,MID,S,N,CITY_OPEN,False,0.888,11.5,False,0,0.29,96.6,NONE,False,SYNTHETIC,RISK_PROJECT_BASELINE,Tổ hợp thương mại căn hộ Phú Mỹ,1248,3000,20260630,TC-01,SUSPENDED_PENDING_REVIEW,2026-06-30,2026-05-15,SYNTHETIC_RISK_SCENARIO
502676,TST-U02676,TST-U02676,500,502,3PN,3,2,99.28,123.33,20,MID,E,N,POOL,False,0.805,6.8,True,1,0.07,54.0,WASTE_STATION,False,SYNTHETIC,RISK_PROJECT_BASELINE,Tổ hợp thương mại căn hộ Phú Mỹ,1248,3000,20260630,TC-01,SUSPENDED_PENDING_REVIEW,2026-06-30,2026-05-15,SYNTHETIC_RISK_SCENARIO
502677,TST-U02677,TST-U02677,500,502,2PN,2,2,85.88,102.85,20,MID,E,W,POOL,False,0.835,5.3,False,1,0.19,65.7,WASTE_STATION,False,SYNTHETIC,RISK_PROJECT_BASELINE,Tổ hợp thương mại căn hộ Phú Mỹ,1248,3000,20260630,TC-01,SUSPENDED_PENDING_REVIEW,2026-06-30,2026-05-15,SYNTHETIC_RISK_SCENARIO
502678,TST-U02678,TST-U02678,500,502,3PN,3,2,109.67,132.45,20,MID,N,E,POOL,False,0.828,4.9,False,0,0.14,50.6,NONE,False,SYNTHETIC,RISK_PROJECT_BASELINE,Tổ hợp thương mại căn hộ Phú Mỹ,1248,3000,20260630,TC-01,SUSPENDED_PENDING_REVIEW,2026-06-30,2026-05-15,SYNTHETIC_RISK_SCENARIO
502679,TST-U02679,TST-U02679,500,502,1PN,1,1,55.72,68.37,20,MID,SW,NW,CITY_OPEN,False,0.815,12.0,False,1,0.94,92.1,NONE,False,SYNTHETIC,RISK_PROJECT_BASELINE,Tổ hợp thương mại căn hộ Phú Mỹ,1248,3000,20260630,TC-01,SUSPENDED_PENDING_REVIEW,2026-06-30,2026-05-15,SYNTHETIC_RISK_SCENARIO
502680,TST-U02680,TST-U02680,500,502,2PN,2,2,74.94,88.37,20,MID,SW,W,POOL,False,0.848,3.7,False,0,0.92,50.5,WASTE_STATION,False,SYNTHETIC,RISK_PROJECT_BASELINE,Tổ hợp thương mại căn hộ Phú Mỹ,1248,3000,20260630,TC-01,SUSPENDED_PENDING_REVIEW,2026-06-30,2026-05-15,SYNTHETIC_RISK_SCENARIO
502681,TST-U02681,TST-U02681,500,502,3PN,3,2,106.15,130.73,20,MID,NE,W,OBSTRUCTED,False,0.812,13.1,False,0,0.24,10.2,NONE,False,SYNTHETIC,RISK_PROJECT_BASELINE,Tổ hợp thương mại căn hộ Phú Mỹ,1248,3000,20260630,TC-01,SUSPENDED_PENDING_REVIEW,2026-06-30,2026-05-15,SYNTHETIC_RISK_SCENARIO
502682,TST-U02682,TST-U02682,500,502,1PN,1,1,53.27,60.47,20,MID,N,SE,PARK,True,0.881,11.5,False,0,0.15,98.6,NONE,False,SYNTHETIC,RISK_PROJECT_BASELINE,Tổ hợp thương mại căn hộ Phú Mỹ,1248,3000,20260630,TC-01,SUSPENDED_PENDING_REVIEW,2026-06-30,2026-05-15,SYNTHETIC_RISK_SCENARIO
502683,TST-U02683,TST-U02683,500,502,2PN,2,2,81.9,100.49,20,MID,E,W,OBSTRUCTED,False,0.815,1.5,False,0,0.27,8.4,NONE,False,SYNTHETIC,RISK_PROJECT_BASELINE,Tổ hợp thương mại căn hộ Phú Mỹ,1248,3000,20260630,TC-01,SUSPENDED_PENDING_REVIEW,2026-06-30,2026-05-15,SYNTHETIC_RISK_SCENARIO
502684,TST-U02684,TST-U02684,500,502,1PN,1,1,53.51,60.53,20,MID,E,SW,POOL,False,0.884,12.3,False,2,0.16,71.2,NONE,False,SYNTHETIC,RISK_PROJECT_BASELINE,Tổ hợp thương mại căn hộ Phú Mỹ,1248,3000,20260630,TC-01,SUSPENDED_PENDING_REVIEW,2026-06-30,2026-05-15,SYNTHETIC_RISK_SCENARIO
502685,TST-U02685,TST-U02685,500,502,2PN,2,2,74.96,90.64,20,MID,NW,E,PARK,False,0.827,3.1,False,1,0.92,93.3,NONE,False,SYNTHETIC,RISK_PROJECT_BASELINE,Tổ hợp thương mại căn hộ Phú Mỹ,1248,3000,20260630,TC-01,SUSPENDED_PENDING_REVIEW,2026-06-30,2026-05-15,SYNTHETIC_RISK_SCENARIO
502686,TST-U02686,TST-U02686,500,502,STUDIO,1,1,44.73,55.77,20,MID,SE,W,OBSTRUCTED,False,0.802,11.9,True,0,0.26,4.9,NONE,False,SYNTHETIC,RISK_PROJECT_BASELINE,Tổ hợp thương mại căn hộ Phú Mỹ,1248,3000,20260630,TC-01,SUSPENDED_PENDING_REVIEW,2026-06-30,2026-05-15,SYNTHETIC_RISK_SCENARIO
502687,TST-U02687,TST-U02687,500,502,2PN,2,2,77.27,93.1,20,MID,NW,N,PARK,False,0.83,5.9,False,0,0.88,48.2,NONE,False,SYNTHETIC,RISK_PROJECT_BASELINE,Tổ hợp thương mại căn hộ Phú Mỹ,1248,3000,20260630,TC-01,SUSPENDED_PENDING_REVIEW,2026-06-30,2026-05-15,SYNTHETIC_RISK_SCENARIO
502688,TST-U02688,TST-U02688,500,502,2PN,2,2,73.71,87.44,20,MID,N,N,PARK,False,0.843,9.3,False,0,0.09,42.5,NONE,False,SYNTHETIC,RISK_PROJECT_BASELINE,Tổ hợp thương mại căn hộ Phú Mỹ,1248,3000,20260630,TC-01,SUSPENDED_PENDING_REVIEW,2026-06-30,2026-05-15,SYNTHETIC_RISK_SCENARIO
502689,TST-U02689,TST-U02689,500,502,2PN,2,2,71.99,84.3,21,HIGH,S,NE,POOL,True,0.854,10.6,False,0,0.21,72.0,NONE,False,SYNTHETIC,RISK_PROJECT_BASELINE,Tổ hợp thương mại căn hộ Phú Mỹ,1248,3000,20260630,TC-01,SUSPENDED_PENDING_REVIEW,2026-06-30,2026-05-15,SYNTHETIC_RISK_SCENARIO
502690,TST-U02690,TST-U02690,500,502,2PN,2,2,74.22,88.04,21,HIGH,SE,S,CITY_OPEN,False,0.843,10.2,False,0,0.27,61.7,NONE,False,SYNTHETIC,RISK_PROJECT_BASELINE,Tổ hợp thương mại căn hộ Phú Mỹ,1248,3000,20260630,TC-01,SUSPENDED_PENDING_REVIEW,2026-06-30,2026-05-15,SYNTHETIC_RISK_SCENARIO
502691,TST-U02691,TST-U02691,500,502,STUDIO,1,1,43.67,50.84,21,HIGH,W,N,CITY_OPEN,False,0.859,3.5,True,1,0.8,107.8,NONE,False,SYNTHETIC,RISK_PROJECT_BASELINE,Tổ hợp thương mại căn hộ Phú Mỹ,1248,3000,20260630,TC-01,SUSPENDED_PENDING_REVIEW,2026-06-30,2026-05-15,SYNTHETIC_RISK_SCENARIO
502692,TST-U02692,TST-U02692,500,502,1PN,1,1,56.27,68.37,21,HIGH,NW,W,POOL,False,0.823,13.3,False,0,0.85,80.8,NONE,False,SYNTHETIC,RISK_PROJECT_BASELINE,Tổ hợp thương mại căn hộ Phú Mỹ,1248,3000,20260630,TC-01,SUSPENDED_PENDING_REVIEW,2026-06-30,2026-05-15,SYNTHETIC_RISK_SCENARIO
502693,TST-U02693,TST-U02693,500,502,2PN,2,2,74.4,87.63,21,HIGH,NW,W,PARK,True,0.849,11.9,False,0,0.63,109.0,CEMETERY,False,SYNTHETIC,RISK_PROJECT_BASELINE,Tổ hợp thương mại căn hộ Phú Mỹ,1248,3000,20260630,TC-01,SUSPENDED_PENDING_REVIEW,2026-06-30,2026-05-15,SYNTHETIC_RISK_SCENARIO
502694,TST-U02694,TST-U02694,500,502,2PN,2,2,86.14,105.05,21,HIGH,NW,N,CITY_OPEN,False,0.82,12.9,False,0,0.57,77.5,NONE,False,SYNTHETIC,RISK_PROJECT_BASELINE,Tổ hợp thương mại căn hộ Phú Mỹ,1248,3000,20260630,TC-01,SUSPENDED_PENDING_REVIEW,2026-06-30,2026-05-15,SYNTHETIC_RISK_SCENARIO
502695,TST-U02695,TST-U02695,500,502,3PN,3,2,107.77,130.0,21,HIGH,SE,S,CITY_OPEN,False,0.829,6.1,False,0,0.14,67.1,NONE,False,SYNTHETIC,RISK_PROJECT_BASELINE,Tổ hợp thương mại căn hộ Phú Mỹ,1248,3000,20260630,TC-01,SUSPENDED_PENDING_REVIEW,2026-06-30,2026-05-15,SYNTHETIC_RISK_SCENARIO
502696,TST-U02696,TST-U02696,500,502,2PN,2,2,84.55,104.25,21,HIGH,NW,SW,OBSTRUCTED,True,0.811,12.9,False,0,0.59,7.3,NONE,False,SYNTHETIC,RISK_PROJECT_BASELINE,Tổ hợp thương mại căn hộ Phú Mỹ,1248,3000,20260630,TC-01,SUSPENDED_PENDING_REVIEW,2026-06-30,2026-05-15,SYNTHETIC_RISK_SCENARIO
502697,TST-U02697,TST-U02697,500,502,2PN,2,2,78.99,94.37,21,HIGH,E,NE,PARK,False,0.837,14.9,False,0,0.15,31.9,NONE,False,SYNTHETIC,RISK_PROJECT_BASELINE,Tổ hợp thương mại căn hộ Phú Mỹ,1248,3000,20260630,TC-01,SUSPENDED_PENDING_REVIEW,2026-06-30,2026-05-15,SYNTHETIC_RISK_SCENARIO
502698,TST-U02698,TST-U02698,500,502,2PN,2,2,68.8,79.54,21,HIGH,SW,NE,OBSTRUCTED,False,0.865,13.5,False,0,0.73,13.3,NONE,False,SYNTHETIC,RISK_PROJECT_BASELINE,Tổ hợp thương mại căn hộ Phú Mỹ,1248,3000,20260630,TC-01,SUSPENDED_PENDING_REVIEW,2026-06-30,2026-05-15,SYNTHETIC_RISK_SCENARIO
502699,TST-U02699,TST-U02699,500,502,1PN,1,1,58.83,67.54,21,HIGH,SE,N,CITY_OPEN,False,0.871,7.6,True,0,0.08,38.0,NONE,False,SYNTHETIC,RISK_PROJECT_BASELINE,Tổ hợp thương mại căn hộ Phú Mỹ,1248,3000,20260630,TC-01,SUSPENDED_PENDING_REVIEW,2026-06-30,2026-05-15,SYNTHETIC_RISK_SCENARIO
502700,TST-U02700,TST-U02700,500,502,2PN,2,2,82.29,99.87,21,HIGH,SE,W,CITY_OPEN,False,0.824,1.7,False,1,0.26,66.3,NONE,False,SYNTHETIC,RISK_PROJECT_BASELINE,Tổ hợp thương mại căn hộ Phú Mỹ,1248,3000,20260630,TC-01,SUSPENDED_PENDING_REVIEW,2026-06-30,2026-05-15,SYNTHETIC_RISK_SCENARIO
502701,TST-U02701,TST-U02701,500,502,3PN,3,2,101.26,124.4,21,HIGH,NE,W,POOL,True,0.814,6.2,False,1,0.05,75.4,NONE,False,SYNTHETIC,RISK_PROJECT_BASELINE,Tổ hợp thương mại căn hộ Phú Mỹ,1248,3000,20260630,TC-01,SUSPENDED_PENDING_REVIEW,2026-06-30,2026-05-15,SYNTHETIC_RISK_SCENARIO
502702,TST-U02702,TST-U02702,500,502,3PN,3,2,90.98,111.36,21,HIGH,S,W,OBSTRUCTED,True,0.817,1.9,True,1,0.23,17.0,NONE,False,SYNTHETIC,RISK_PROJECT_BASELINE,Tổ hợp thương mại căn hộ Phú Mỹ,1248,3000,20260630,TC-01,SUSPENDED_PENDING_REVIEW,2026-06-30,2026-05-15,SYNTHETIC_RISK_SCENARIO
502703,TST-U02703,TST-U02703,500,502,3PN,3,2,102.06,125.84,21,HIGH,W,S,PARK,False,0.811,8.5,False,0,0.64,101.7,NONE,False,SYNTHETIC,RISK_PROJECT_BASELINE,Tổ hợp thương mại căn hộ Phú Mỹ,1248,3000,20260630,TC-01,SUSPENDED_PENDING_REVIEW,2026-06-30,2026-05-15,SYNTHETIC_RISK_SCENARIO
502704,TST-U02704,TST-U02704,500,502,STUDIO,1,1,44.29,52.11,21,HIGH,SE,W,OBSTRUCTED,True,0.85,2.4,False,0,0.16,6.4,NONE,False,SYNTHETIC,RISK_PROJECT_BASELINE,Tổ hợp thương mại căn hộ Phú Mỹ,1248,3000,20260630,TC-01,SUSPENDED_PENDING_REVIEW,2026-06-30,2026-05-15,SYNTHETIC_RISK_SCENARIO
502705,TST-U02705,TST-U02705,500,502,1PN,1,1,57.38,69.13,21,HIGH,SW,N,OBSTRUCTED,False,0.83,6.7,False,0,0.61,13.1,WASTE_STATION,False,SYNTHETIC,RISK_PROJECT_BASELINE,Tổ hợp thương mại căn hộ Phú Mỹ,1248,3000,20260630,TC-01,SUSPENDED_PENDING_REVIEW,2026-06-30,2026-05-15,SYNTHETIC_RISK_SCENARIO
502706,TST-U02706,TST-U02706,500,502,2PN,2,2,69.16,79.04,21,HIGH,E,S,CITY_OPEN,False,0.875,2.1,False,0,0.1,76.0,NONE,False,SYNTHETIC,RISK_PROJECT_BASELINE,Tổ hợp thương mại căn hộ Phú Mỹ,1248,3000,20260630,TC-01,SUSPENDED_PENDING_REVIEW,2026-06-30,2026-05-15,SYNTHETIC_RISK_SCENARIO
502707,TST-U02707,TST-U02707,500,502,2PN,2,2,75.39,93.19,21,HIGH,NW,NW,OBSTRUCTED,False,0.809,7.4,False,0,0.91,10.1,NONE,False,SYNTHETIC,RISK_PROJECT_BASELINE,Tổ hợp thương mại căn hộ Phú Mỹ,1248,3000,20260630,TC-01,SUSPENDED_PENDING_REVIEW,2026-06-30,2026-05-15,SYNTHETIC_RISK_SCENARIO
502708,TST-U02708,TST-U02708,500,502,1PN,1,1,55.5,67.77,21,HIGH,SW,SE,OBSTRUCTED,False,0.819,4.2,False,0,0.93,8.3,NONE,False,SYNTHETIC,RISK_PROJECT_BASELINE,Tổ hợp thương mại căn hộ Phú Mỹ,1248,3000,20260630,TC-01,SUSPENDED_PENDING_REVIEW,2026-06-30,2026-05-15,SYNTHETIC_RISK_SCENARIO
502709,TST-U02709,TST-U02709,500,502,STUDIO,1,1,41.82,51.57,21,HIGH,SE,S,OBSTRUCTED,True,0.811,4.0,True,0,0.2,9.0,NONE,False,SYNTHETIC,RISK_PROJECT_BASELINE,Tổ hợp thương mại căn hộ Phú Mỹ,1248,3000,20260630,TC-01,SUSPENDED_PENDING_REVIEW,2026-06-30,2026-05-15,SYNTHETIC_RISK_SCENARIO
502710,TST-U02710,TST-U02710,500,502,2PN,2,2,79.4,95.66,21,HIGH,SE,S,CITY_OPEN,False,0.83,7.8,False,1,0.2,54.0,NONE,False,SYNTHETIC,RISK_PROJECT_BASELINE,Tổ hợp thương mại căn hộ Phú Mỹ,1248,3000,20260630,TC-01,SUSPENDED_PENDING_REVIEW,2026-06-30,2026-05-15,SYNTHETIC_RISK_SCENARIO
502711,TST-U02711,TST-U02711,500,502,2PN,2,2,80.12,98.31,21,HIGH,W,W,CITY_OPEN,False,0.815,13.8,False,1,0.63,59.0,NONE,False,SYNTHETIC,RISK_PROJECT_BASELINE,Tổ hợp thương mại căn hộ Phú Mỹ,1248,3000,20260630,TC-01,SUSPENDED_PENDING_REVIEW,2026-06-30,2026-05-15,SYNTHETIC_RISK_SCENARIO
502712,TST-U02712,TST-U02712,500,502,2PN,2,2,78.79,92.91,21,HIGH,W,NW,CITY_OPEN,False,0.848,8.7,False,0,0.71,96.4,TEMPLE,False,SYNTHETIC,RISK_PROJECT_BASELINE,Tổ hợp thương mại căn hộ Phú Mỹ,1248,3000,20260630,TC-01,SUSPENDED_PENDING_REVIEW,2026-06-30,2026-05-15,SYNTHETIC_RISK_SCENARIO
502713,TST-U02713,TST-U02713,500,502,2PN,2,2,76.69,88.45,21,HIGH,S,E,CITY_OPEN,False,0.867,10.6,False,0,0.12,49.5,NONE,False,SYNTHETIC,RISK_PROJECT_BASELINE,Tổ hợp thương mại căn hộ Phú Mỹ,1248,3000,20260630,TC-01,SUSPENDED_PENDING_REVIEW,2026-06-30,2026-05-15,SYNTHETIC_RISK_SCENARIO
502714,TST-U02714,TST-U02714,500,502,3PN,3,2,105.05,118.57,21,HIGH,SW,NE,CITY_OPEN,False,0.886,2.8,True,1,0.72,81.7,NONE,False,SYNTHETIC,RISK_PROJECT_BASELINE,Tổ hợp thương mại căn hộ Phú Mỹ,1248,3000,20260630,TC-01,SUSPENDED_PENDING_REVIEW,2026-06-30,2026-05-15,SYNTHETIC_RISK_SCENARIO
502715,TST-U02715,TST-U02715,500,502,2PN,2,2,76.3,95.14,21,HIGH,N,NE,OBSTRUCTED,False,0.802,4.9,False,0,0.18,14.4,NONE,False,SYNTHETIC,RISK_PROJECT_BASELINE,Tổ hợp thương mại căn hộ Phú Mỹ,1248,3000,20260630,TC-01,SUSPENDED_PENDING_REVIEW,2026-06-30,2026-05-15,SYNTHETIC_RISK_SCENARIO
502716,TST-U02716,TST-U02716,500,502,3PN,3,2,103.27,128.45,21,HIGH,E,N,CITY_OPEN,False,0.804,4.5,False,0,0.09,81.3,NONE,False,SYNTHETIC,RISK_PROJECT_BASELINE,Tổ hợp thương mại căn hộ Phú Mỹ,1248,3000,20260630,TC-01,SUSPENDED_PENDING_REVIEW,2026-06-30,2026-05-15,SYNTHETIC_RISK_SCENARIO
502717,TST-U02717,TST-U02717,500,502,3PN,3,2,109.22,132.39,21,HIGH,W,N,OBSTRUCTED,True,0.825,11.5,False,0,0.9,9.3,NONE,False,SYNTHETIC,RISK_PROJECT_BASELINE,Tổ hợp thương mại căn hộ Phú Mỹ,1248,3000,20260630,TC-01,SUSPENDED_PENDING_REVIEW,2026-06-30,2026-05-15,SYNTHETIC_RISK_SCENARIO
502718,TST-U02718,TST-U02718,500,502,2PN,2,2,79.68,94.3,21,HIGH,NW,W,OBSTRUCTED,False,0.845,4.1,False,0,0.58,13.2,NONE,False,SYNTHETIC,RISK_PROJECT_BASELINE,Tổ hợp thương mại căn hộ Phú Mỹ,1248,3000,20260630,TC-01,SUSPENDED_PENDING_REVIEW,2026-06-30,2026-05-15,SYNTHETIC_RISK_SCENARIO
502719,TST-U02719,TST-U02719,500,502,2PN,2,2,74.24,89.12,21,HIGH,W,NW,CITY_OPEN,False,0.833,4.5,False,0,0.85,62.9,NONE,False,SYNTHETIC,RISK_PROJECT_BASELINE,Tổ hợp thương mại căn hộ Phú Mỹ,1248,3000,20260630,TC-01,SUSPENDED_PENDING_REVIEW,2026-06-30,2026-05-15,SYNTHETIC_RISK_SCENARIO
502720,TST-U02720,TST-U02720,500,502,STUDIO,1,1,43.47,49.45,21,HIGH,NE,N,OBSTRUCTED,False,0.879,5.3,False,0,0.18,11.8,WASTE_STATION,False,SYNTHETIC,RISK_PROJECT_BASELINE,Tổ hợp thương mại căn hộ Phú Mỹ,1248,3000,20260630,TC-01,SUSPENDED_PENDING_REVIEW,2026-06-30,2026-05-15,SYNTHETIC_RISK_SCENARIO
502721,TST-U02721,TST-U02721,500,502,3PN,3,2,96.63,115.17,21,HIGH,E,N,OBSTRUCTED,False,0.839,5.4,False,0,0.22,15.7,NONE,False,SYNTHETIC,RISK_PROJECT_BASELINE,Tổ hợp thương mại căn hộ Phú Mỹ,1248,3000,20260630,TC-01,SUSPENDED_PENDING_REVIEW,2026-06-30,2026-05-15,SYNTHETIC_RISK_SCENARIO
502722,TST-U02722,TST-U02722,500,502,3PN,3,2,106.82,129.48,21,HIGH,SW,W,CITY_OPEN,True,0.825,6.9,False,0,0.93,108.7,NONE,False,SYNTHETIC,RISK_PROJECT_BASELINE,Tổ hợp thương mại căn hộ Phú Mỹ,1248,3000,20260630,TC-01,SUSPENDED_PENDING_REVIEW,2026-06-30,2026-05-15,SYNTHETIC_RISK_SCENARIO
502723,TST-U02723,TST-U02723,500,502,3PN,3,2,104.7,120.21,21,HIGH,E,E,OBSTRUCTED,False,0.871,5.3,False,1,0.03,8.8,NONE,False,SYNTHETIC,RISK_PROJECT_BASELINE,Tổ hợp thương mại căn hộ Phú Mỹ,1248,3000,20260630,TC-01,SUSPENDED_PENDING_REVIEW,2026-06-30,2026-05-15,SYNTHETIC_RISK_SCENARIO
502724,TST-U02724,TST-U02724,500,502,2PN,2,2,67.79,80.7,21,HIGH,NW,SW,POOL,False,0.84,9.2,False,1,0.72,51.6,NONE,False,SYNTHETIC,RISK_PROJECT_BASELINE,Tổ hợp thương mại căn hộ Phú Mỹ,1248,3000,20260630,TC-01,SUSPENDED_PENDING_REVIEW,2026-06-30,2026-05-15,SYNTHETIC_RISK_SCENARIO
502725,TST-U02725,TST-U02725,500,502,2PN,2,2,83.48,94.11,21,HIGH,NW,NW,OBSTRUCTED,True,0.887,5.5,True,0,0.52,7.1,NONE,False,SYNTHETIC,RISK_PROJECT_BASELINE,Tổ hợp thương mại căn hộ Phú Mỹ,1248,3000,20260630,TC-01,SUSPENDED_PENDING_REVIEW,2026-06-30,2026-05-15,SYNTHETIC_RISK_SCENARIO
502726,TST-U02726,TST-U02726,500,502,3PN,3,2,108.31,124.93,21,HIGH,SE,SW,OBSTRUCTED,False,0.867,13.4,False,0,0.07,12.3,NONE,False,SYNTHETIC,RISK_PROJECT_BASELINE,Tổ hợp thương mại căn hộ Phú Mỹ,1248,3000,20260630,TC-01,SUSPENDED_PENDING_REVIEW,2026-06-30,2026-05-15,SYNTHETIC_RISK_SCENARIO
502727,TST-U02727,TST-U02727,500,502,1PN,1,1,55.54,69.08,21,HIGH,E,NW,CITY_OPEN,False,0.804,8.2,False,0,0.21,60.8,NONE,False,SYNTHETIC,RISK_PROJECT_BASELINE,Tổ hợp thương mại căn hộ Phú Mỹ,1248,3000,20260630,TC-01,SUSPENDED_PENDING_REVIEW,2026-06-30,2026-05-15,SYNTHETIC_RISK_SCENARIO
502728,TST-U02728,TST-U02728,500,502,3PN,3,2,93.3,114.06,21,HIGH,SW,E,CITY_OPEN,False,0.818,2.2,True,0,0.64,76.2,NONE,False,SYNTHETIC,RISK_PROJECT_BASELINE,Tổ hợp thương mại căn hộ Phú Mỹ,1248,3000,20260630,TC-01,SUSPENDED_PENDING_REVIEW,2026-06-30,2026-05-15,SYNTHETIC_RISK_SCENARIO
502729,TST-U02729,TST-U02729,500,502,2PN,2,2,74.77,84.77,21,HIGH,SE,N,CITY_OPEN,False,0.882,14.1,False,0,0.1,86.6,NONE,False,SYNTHETIC,RISK_PROJECT_BASELINE,Tổ hợp thương mại căn hộ Phú Mỹ,1248,3000,20260630,TC-01,SUSPENDED_PENDING_REVIEW,2026-06-30,2026-05-15,SYNTHETIC_RISK_SCENARIO
502730,TST-U02730,TST-U02730,500,502,2PN,2,2,69.35,83.05,21,HIGH,W,N,CITY_OPEN,False,0.835,6.2,False,0,0.87,95.6,NONE,False,SYNTHETIC,RISK_PROJECT_BASELINE,Tổ hợp thương mại căn hộ Phú Mỹ,1248,3000,20260630,TC-01,SUSPENDED_PENDING_REVIEW,2026-06-30,2026-05-15,SYNTHETIC_RISK_SCENARIO
502731,TST-U02731,TST-U02731,500,502,3PN,3,2,102.92,121.65,21,HIGH,SE,W,OBSTRUCTED,False,0.846,6.5,False,1,0.28,13.5,NONE,False,SYNTHETIC,RISK_PROJECT_BASELINE,Tổ hợp thương mại căn hộ Phú Mỹ,1248,3000,20260630,TC-01,SUSPENDED_PENDING_REVIEW,2026-06-30,2026-05-15,SYNTHETIC_RISK_SCENARIO
502732,TST-U02732,TST-U02732,500,502,2PN,2,2,80.9,96.65,21,HIGH,N,N,OBSTRUCTED,False,0.837,15.6,False,0,0.3,14.4,NONE,False,SYNTHETIC,RISK_PROJECT_BASELINE,Tổ hợp thương mại căn hộ Phú Mỹ,1248,3000,20260630,TC-01,SUSPENDED_PENDING_REVIEW,2026-06-30,2026-05-15,SYNTHETIC_RISK_SCENARIO
502733,TST-U02733,TST-U02733,500,502,1PN,1,1,57.41,70.27,21,HIGH,E,S,CITY_OPEN,True,0.817,7.1,False,0,0.21,93.5,NONE,False,SYNTHETIC,RISK_PROJECT_BASELINE,Tổ hợp thương mại căn hộ Phú Mỹ,1248,3000,20260630,TC-01,SUSPENDED_PENDING_REVIEW,2026-06-30,2026-05-15,SYNTHETIC_RISK_SCENARIO
502734,TST-U02734,TST-U02734,500,502,2PN,2,2,79.96,91.49,21,HIGH,S,N,OBSTRUCTED,False,0.874,5.9,False,0,0.18,9.7,NONE,False,SYNTHETIC,RISK_PROJECT_BASELINE,Tổ hợp thương mại căn hộ Phú Mỹ,1248,3000,20260630,TC-01,SUSPENDED_PENDING_REVIEW,2026-06-30,2026-05-15,SYNTHETIC_RISK_SCENARIO
502735,TST-U02735,TST-U02735,500,502,2PN,2,2,76.03,93.06,21,HIGH,S,SW,OBSTRUCTED,False,0.817,10.0,False,2,0.07,17.3,CEMETERY,False,SYNTHETIC,RISK_PROJECT_BASELINE,Tổ hợp thương mại căn hộ Phú Mỹ,1248,3000,20260630,TC-01,SUSPENDED_PENDING_REVIEW,2026-06-30,2026-05-15,SYNTHETIC_RISK_SCENARIO
502736,TST-U02736,TST-U02736,500,502,2PN,2,2,84.59,100.34,21,HIGH,SE,SW,CITY_OPEN,False,0.843,5.9,False,1,0.22,33.0,NONE,False,SYNTHETIC,RISK_PROJECT_BASELINE,Tổ hợp thương mại căn hộ Phú Mỹ,1248,3000,20260630,TC-01,SUSPENDED_PENDING_REVIEW,2026-06-30,2026-05-15,SYNTHETIC_RISK_SCENARIO
502737,TST-U02737,TST-U02737,500,502,1PN,1,1,51.88,59.09,21,HIGH,SE,NE,OBSTRUCTED,False,0.878,5.5,False,0,0.23,14.5,NONE,False,SYNTHETIC,RISK_PROJECT_BASELINE,Tổ hợp thương mại căn hộ Phú Mỹ,1248,3000,20260630,TC-01,SUSPENDED_PENDING_REVIEW,2026-06-30,2026-05-15,SYNTHETIC_RISK_SCENARIO
502738,TST-U02738,TST-U02738,500,502,2PN,2,2,73.35,84.31,21,HIGH,NE,W,OBSTRUCTED,False,0.87,9.7,False,2,0.23,7.3,NONE,False,SYNTHETIC,RISK_PROJECT_BASELINE,Tổ hợp thương mại căn hộ Phú Mỹ,1248,3000,20260630,TC-01,SUSPENDED_PENDING_REVIEW,2026-06-30,2026-05-15,SYNTHETIC_RISK_SCENARIO
502739,TST-U02739,TST-U02739,500,502,2PN,2,2,72.67,87.03,21,HIGH,SW,SE,POOL,False,0.835,6.3,False,0,0.63,63.7,NONE,False,SYNTHETIC,RISK_PROJECT_BASELINE,Tổ hợp thương mại căn hộ Phú Mỹ,1248,3000,20260630,TC-01,SUSPENDED_PENDING_REVIEW,2026-06-30,2026-05-15,SYNTHETIC_RISK_SCENARIO
502740,TST-U02740,TST-U02740,500,502,1PN,1,1,59.12,68.43,21,HIGH,W,NW,OBSTRUCTED,False,0.864,2.9,False,1,0.63,15.4,NONE,False,SYNTHETIC,RISK_PROJECT_BASELINE,Tổ hợp thương mại căn hộ Phú Mỹ,1248,3000,20260630,TC-01,SUSPENDED_PENDING_REVIEW,2026-06-30,2026-05-15,SYNTHETIC_RISK_SCENARIO
502741,TST-U02741,TST-U02741,500,502,3PN,3,2,100.78,123.96,21,HIGH,N,S,CITY_OPEN,False,0.813,12.7,False,2,0.2,46.6,NONE,False,SYNTHETIC,RISK_PROJECT_BASELINE,Tổ hợp thương mại căn hộ Phú Mỹ,1248,3000,20260630,TC-01,SUSPENDED_PENDING_REVIEW,2026-06-30,2026-05-15,SYNTHETIC_RISK_SCENARIO
502742,TST-U02742,TST-U02742,500,502,2PN,2,2,66.91,76.12,21,HIGH,SE,SW,OBSTRUCTED,True,0.879,9.3,False,1,0.03,16.0,CEMETERY,False,SYNTHETIC,RISK_PROJECT_BASELINE,Tổ hợp thương mại căn hộ Phú Mỹ,1248,3000,20260630,TC-01,SUSPENDED_PENDING_REVIEW,2026-06-30,2026-05-15,SYNTHETIC_RISK_SCENARIO
502743,TST-U02743,TST-U02743,500,502,3PN,3,2,94.96,117.38,21,HIGH,N,W,OBSTRUCTED,False,0.809,5.0,False,0,0.15,15.0,NONE,False,SYNTHETIC,RISK_PROJECT_BASELINE,Tổ hợp thương mại căn hộ Phú Mỹ,1248,3000,20260630,TC-01,SUSPENDED_PENDING_REVIEW,2026-06-30,2026-05-15,SYNTHETIC_RISK_SCENARIO
502744,TST-U02744,TST-U02744,500,502,3PN,3,2,113.1,133.53,21,HIGH,W,S,CITY_OPEN,False,0.847,4.3,True,0,0.53,109.1,WASTE_STATION,False,SYNTHETIC,RISK_PROJECT_BASELINE,Tổ hợp thương mại căn hộ Phú Mỹ,1248,3000,20260630,TC-01,SUSPENDED_PENDING_REVIEW,2026-06-30,2026-05-15,SYNTHETIC_RISK_SCENARIO
502745,TST-U02745,TST-U02745,500,502,2PN,2,2,71.07,80.95,21,HIGH,SE,W,POOL,False,0.878,15.1,False,1,0.11,29.1,NONE,False,SYNTHETIC,RISK_PROJECT_BASELINE,Tổ hợp thương mại căn hộ Phú Mỹ,1248,3000,20260630,TC-01,SUSPENDED_PENDING_REVIEW,2026-06-30,2026-05-15,SYNTHETIC_RISK_SCENARIO
502746,TST-U02746,TST-U02746,500,502,2PN,2,2,69.12,82.38,21,HIGH,SE,S,CITY_OPEN,False,0.839,8.7,True,0,0.1,70.0,NONE,False,SYNTHETIC,RISK_PROJECT_BASELINE,Tổ hợp thương mại căn hộ Phú Mỹ,1248,3000,20260630,TC-01,SUSPENDED_PENDING_REVIEW,2026-06-30,2026-05-15,SYNTHETIC_RISK_SCENARIO
502747,TST-U02747,TST-U02747,500,502,1PN,1,1,55.99,63.19,21,HIGH,E,W,PARK,False,0.886,10.1,False,2,0.16,28.2,NONE,False,SYNTHETIC,RISK_PROJECT_BASELINE,Tổ hợp thương mại căn hộ Phú Mỹ,1248,3000,20260630,TC-01,SUSPENDED_PENDING_REVIEW,2026-06-30,2026-05-15,SYNTHETIC_RISK_SCENARIO
502748,TST-U02748,TST-U02748,500,502,3PN,3,2,107.15,131.8,21,HIGH,SW,NW,OBSTRUCTED,False,0.813,2.7,False,0,0.91,7.0,NONE,False,SYNTHETIC,RISK_PROJECT_BASELINE,Tổ hợp thương mại căn hộ Phú Mỹ,1248,3000,20260630,TC-01,SUSPENDED_PENDING_REVIEW,2026-06-30,2026-05-15,SYNTHETIC_RISK_SCENARIO
502749,TST-U02749,TST-U02749,500,502,2PN,2,2,80.81,95.29,21,HIGH,SE,N,OBSTRUCTED,False,0.848,15.5,False,0,0.14,15.7,NONE,False,SYNTHETIC,RISK_PROJECT_BASELINE,Tổ hợp thương mại căn hộ Phú Mỹ,1248,3000,20260630,TC-01,SUSPENDED_PENDING_REVIEW,2026-06-30,2026-05-15,SYNTHETIC_RISK_SCENARIO
502750,TST-U02750,TST-U02750,500,502,2PN,2,2,81.52,96.59,21,HIGH,E,SE,CITY_OPEN,False,0.844,7.6,True,0,0.03,107.6,NONE,False,SYNTHETIC,RISK_PROJECT_BASELINE,Tổ hợp thương mại căn hộ Phú Mỹ,1248,3000,20260630,TC-01,SUSPENDED_PENDING_REVIEW,2026-06-30,2026-05-15,SYNTHETIC_RISK_SCENARIO
502751,TST-U02751,TST-U02751,500,502,3PN,3,2,96.43,115.35,21,HIGH,SW,NE,CITY_OPEN,False,0.836,11.4,False,0,0.51,62.9,NONE,False,SYNTHETIC,RISK_PROJECT_BASELINE,Tổ hợp thương mại căn hộ Phú Mỹ,1248,3000,20260630,TC-01,SUSPENDED_PENDING_REVIEW,2026-06-30,2026-05-15,SYNTHETIC_RISK_SCENARIO
502752,TST-U02752,TST-U02752,500,502,2PN,2,2,85.93,97.43,21,HIGH,NW,NW,CITY_OPEN,False,0.882,3.1,False,1,0.86,74.7,NONE,False,SYNTHETIC,RISK_PROJECT_BASELINE,Tổ hợp thương mại căn hộ Phú Mỹ,1248,3000,20260630,TC-01,SUSPENDED_PENDING_REVIEW,2026-06-30,2026-05-15,SYNTHETIC_RISK_SCENARIO
502753,TST-U02753,TST-U02753,500,502,2PN,2,2,76.86,88.24,21,HIGH,SW,SW,OBSTRUCTED,False,0.871,9.9,False,1,0.8,11.0,NONE,False,SYNTHETIC,RISK_PROJECT_BASELINE,Tổ hợp thương mại căn hộ Phú Mỹ,1248,3000,20260630,TC-01,SUSPENDED_PENDING_REVIEW,2026-06-30,2026-05-15,SYNTHETIC_RISK_SCENARIO
502754,TST-U02754,TST-U02754,500,502,2PN,2,2,64.9,76.99,21,HIGH,W,W,OBSTRUCTED,False,0.843,7.4,True,2,0.78,7.1,NONE,False,SYNTHETIC,RISK_PROJECT_BASELINE,Tổ hợp thương mại căn hộ Phú Mỹ,1248,3000,20260630,TC-01,SUSPENDED_PENDING_REVIEW,2026-06-30,2026-05-15,SYNTHETIC_RISK_SCENARIO
502755,TST-U02755,TST-U02755,500,502,2PN,2,2,77.18,95.76,22,HIGH,SE,SE,OBSTRUCTED,False,0.806,9.4,False,0,0.24,4.7,CEMETERY,False,SYNTHETIC,RISK_PROJECT_BASELINE,Tổ hợp thương mại căn hộ Phú Mỹ,1248,3000,20260630,TC-01,SUSPENDED_PENDING_REVIEW,2026-06-30,2026-05-15,SYNTHETIC_RISK_SCENARIO
502756,TST-U02756,TST-U02756,500,502,2PN,2,2,84.04,100.65,22,HIGH,NE,W,CITY_OPEN,False,0.835,7.1,False,1,0.18,87.8,NONE,False,SYNTHETIC,RISK_PROJECT_BASELINE,Tổ hợp thương mại căn hộ Phú Mỹ,1248,3000,20260630,TC-01,SUSPENDED_PENDING_REVIEW,2026-06-30,2026-05-15,SYNTHETIC_RISK_SCENARIO
502757,TST-U02757,TST-U02757,500,502,2PN,2,2,79.64,91.33,22,HIGH,N,SW,OBSTRUCTED,False,0.872,1.3,False,0,0.16,12.9,NONE,False,SYNTHETIC,RISK_PROJECT_BASELINE,Tổ hợp thương mại căn hộ Phú Mỹ,1248,3000,20260630,TC-01,SUSPENDED_PENDING_REVIEW,2026-06-30,2026-05-15,SYNTHETIC_RISK_SCENARIO
502758,TST-U02758,TST-U02758,500,502,3PN,3,2,104.18,125.67,22,HIGH,SE,W,OBSTRUCTED,False,0.829,3.8,False,1,0.29,15.1,NONE,False,SYNTHETIC,RISK_PROJECT_BASELINE,Tổ hợp thương mại căn hộ Phú Mỹ,1248,3000,20260630,TC-01,SUSPENDED_PENDING_REVIEW,2026-06-30,2026-05-15,SYNTHETIC_RISK_SCENARIO
502759,TST-U02759,TST-U02759,500,502,2PN,2,2,71.49,88.7,22,HIGH,W,SE,CITY_OPEN,False,0.806,5.9,False,0,0.9,85.0,NONE,False,SYNTHETIC,RISK_PROJECT_BASELINE,Tổ hợp thương mại căn hộ Phú Mỹ,1248,3000,20260630,TC-01,SUSPENDED_PENDING_REVIEW,2026-06-30,2026-05-15,SYNTHETIC_RISK_SCENARIO
502760,TST-U02760,TST-U02760,500,502,2PN,2,2,77.13,94.87,22,HIGH,NE,SE,OBSTRUCTED,True,0.813,3.5,False,0,0.26,5.0,NONE,False,SYNTHETIC,RISK_PROJECT_BASELINE,Tổ hợp thương mại căn hộ Phú Mỹ,1248,3000,20260630,TC-01,SUSPENDED_PENDING_REVIEW,2026-06-30,2026-05-15,SYNTHETIC_RISK_SCENARIO
502761,TST-U02761,TST-U02761,500,502,3PN,3,2,102.46,122.27,22,HIGH,E,E,PARK,False,0.838,7.1,False,1,0.13,61.3,NONE,False,SYNTHETIC,RISK_PROJECT_BASELINE,Tổ hợp thương mại căn hộ Phú Mỹ,1248,3000,20260630,TC-01,SUSPENDED_PENDING_REVIEW,2026-06-30,2026-05-15,SYNTHETIC_RISK_SCENARIO
502762,TST-U02762,TST-U02762,500,502,2PN,2,2,70.94,85.37,22,HIGH,N,NE,OBSTRUCTED,False,0.831,5.8,False,0,0.18,12.5,NONE,False,SYNTHETIC,RISK_PROJECT_BASELINE,Tổ hợp thương mại căn hộ Phú Mỹ,1248,3000,20260630,TC-01,SUSPENDED_PENDING_REVIEW,2026-06-30,2026-05-15,SYNTHETIC_RISK_SCENARIO
502763,TST-U02763,TST-U02763,500,502,2PN,2,2,69.49,79.15,22,HIGH,E,S,CITY_OPEN,True,0.878,4.2,False,1,0.17,108.4,NONE,False,SYNTHETIC,RISK_PROJECT_BASELINE,Tổ hợp thương mại căn hộ Phú Mỹ,1248,3000,20260630,TC-01,SUSPENDED_PENDING_REVIEW,2026-06-30,2026-05-15,SYNTHETIC_RISK_SCENARIO
502764,TST-U02764,TST-U02764,500,502,STUDIO,1,1,41.33,48.28,22,HIGH,NE,NE,OBSTRUCTED,False,0.856,13.2,False,0,0.06,14.7,NONE,False,SYNTHETIC,RISK_PROJECT_BASELINE,Tổ hợp thương mại căn hộ Phú Mỹ,1248,3000,20260630,TC-01,SUSPENDED_PENDING_REVIEW,2026-06-30,2026-05-15,SYNTHETIC_RISK_SCENARIO
502765,TST-U02765,TST-U02765,500,502,2PN,2,2,67.33,76.95,22,HIGH,SW,S,PARK,False,0.875,13.6,False,0,0.61,83.5,NONE,False,SYNTHETIC,RISK_PROJECT_BASELINE,Tổ hợp thương mại căn hộ Phú Mỹ,1248,3000,20260630,TC-01,SUSPENDED_PENDING_REVIEW,2026-06-30,2026-05-15,SYNTHETIC_RISK_SCENARIO
502766,TST-U02766,TST-U02766,500,502,2PN,2,2,78.35,89.24,22,HIGH,NW,E,OBSTRUCTED,False,0.878,12.1,False,0,0.59,14.8,WASTE_STATION,False,SYNTHETIC,RISK_PROJECT_BASELINE,Tổ hợp thương mại căn hộ Phú Mỹ,1248,3000,20260630,TC-01,SUSPENDED_PENDING_REVIEW,2026-06-30,2026-05-15,SYNTHETIC_RISK_SCENARIO
502767,TST-U02767,TST-U02767,500,502,2PN,2,2,76.69,90.54,22,HIGH,NE,S,PARK,False,0.847,1.5,False,0,0.24,94.7,NONE,False,SYNTHETIC,RISK_PROJECT_BASELINE,Tổ hợp thương mại căn hộ Phú Mỹ,1248,3000,20260630,TC-01,SUSPENDED_PENDING_REVIEW,2026-06-30,2026-05-15,SYNTHETIC_RISK_SCENARIO
502768,TST-U02768,TST-U02768,500,502,1PN,1,1,57.06,64.55,22,HIGH,SE,W,OBSTRUCTED,False,0.884,11.1,True,0,0.09,14.1,NONE,False,SYNTHETIC,RISK_PROJECT_BASELINE,Tổ hợp thương mại căn hộ Phú Mỹ,1248,3000,20260630,TC-01,SUSPENDED_PENDING_REVIEW,2026-06-30,2026-05-15,SYNTHETIC_RISK_SCENARIO
502769,TST-U02769,TST-U02769,500,502,2PN,2,2,78.5,96.32,22,HIGH,SW,SE,POOL,False,0.815,5.2,False,0,0.68,79.6,NONE,False,SYNTHETIC,RISK_PROJECT_BASELINE,Tổ hợp thương mại căn hộ Phú Mỹ,1248,3000,20260630,TC-01,SUSPENDED_PENDING_REVIEW,2026-06-30,2026-05-15,SYNTHETIC_RISK_SCENARIO
502770,TST-U02770,TST-U02770,500,502,2PN,2,2,73.32,84.96,22,HIGH,E,SW,PARK,False,0.863,10.6,False,0,0.23,100.5,NONE,False,SYNTHETIC,RISK_PROJECT_BASELINE,Tổ hợp thương mại căn hộ Phú Mỹ,1248,3000,20260630,TC-01,SUSPENDED_PENDING_REVIEW,2026-06-30,2026-05-15,SYNTHETIC_RISK_SCENARIO
502771,TST-U02771,TST-U02771,500,502,1PN,1,1,46.21,53.42,22,HIGH,S,SE,OBSTRUCTED,False,0.865,5.1,True,0,0.17,9.2,NONE,False,SYNTHETIC,RISK_PROJECT_BASELINE,Tổ hợp thương mại căn hộ Phú Mỹ,1248,3000,20260630,TC-01,SUSPENDED_PENDING_REVIEW,2026-06-30,2026-05-15,SYNTHETIC_RISK_SCENARIO
502772,TST-U02772,TST-U02772,500,502,1PN,1,1,54.86,61.71,22,HIGH,SW,SE,OBSTRUCTED,False,0.889,5.5,False,1,0.88,7.5,WASTE_STATION,False,SYNTHETIC,RISK_PROJECT_BASELINE,Tổ hợp thương mại căn hộ Phú Mỹ,1248,3000,20260630,TC-01,SUSPENDED_PENDING_REVIEW,2026-06-30,2026-05-15,SYNTHETIC_RISK_SCENARIO
502773,TST-U02773,TST-U02773,500,502,1PN,1,1,49.47,58.2,22,HIGH,SW,W,OBSTRUCTED,False,0.85,5.5,False,1,0.92,13.9,NONE,False,SYNTHETIC,RISK_PROJECT_BASELINE,Tổ hợp thương mại căn hộ Phú Mỹ,1248,3000,20260630,TC-01,SUSPENDED_PENDING_REVIEW,2026-06-30,2026-05-15,SYNTHETIC_RISK_SCENARIO
502774,TST-U02774,TST-U02774,500,502,1PN,1,1,54.24,65.51,22,HIGH,SE,NE,OBSTRUCTED,False,0.828,7.0,False,0,0.27,14.2,NONE,False,SYNTHETIC,RISK_PROJECT_BASELINE,Tổ hợp thương mại căn hộ Phú Mỹ,1248,3000,20260630,TC-01,SUSPENDED_PENDING_REVIEW,2026-06-30,2026-05-15,SYNTHETIC_RISK_SCENARIO
502775,TST-U02775,TST-U02775,500,502,2PN,2,2,68.61,81.97,22,HIGH,W,E,PARK,False,0.837,13.4,True,1,0.86,89.5,NONE,False,SYNTHETIC,RISK_PROJECT_BASELINE,Tổ hợp thương mại căn hộ Phú Mỹ,1248,3000,20260630,TC-01,SUSPENDED_PENDING_REVIEW,2026-06-30,2026-05-15,SYNTHETIC_RISK_SCENARIO
502776,TST-U02776,TST-U02776,500,502,1PN,1,1,49.72,62.07,22,HIGH,NW,W,CITY_OPEN,False,0.801,9.6,False,1,0.7,41.0,NONE,False,SYNTHETIC,RISK_PROJECT_BASELINE,Tổ hợp thương mại căn hộ Phú Mỹ,1248,3000,20260630,TC-01,SUSPENDED_PENDING_REVIEW,2026-06-30,2026-05-15,SYNTHETIC_RISK_SCENARIO
502777,TST-U02777,TST-U02777,500,502,2PN,2,2,67.07,77.72,22,HIGH,NW,W,CITY_OPEN,False,0.863,7.7,False,1,0.57,51.5,NONE,False,SYNTHETIC,RISK_PROJECT_BASELINE,Tổ hợp thương mại căn hộ Phú Mỹ,1248,3000,20260630,TC-01,SUSPENDED_PENDING_REVIEW,2026-06-30,2026-05-15,SYNTHETIC_RISK_SCENARIO
502778,TST-U02778,TST-U02778,500,502,2PN,2,2,77.32,90.43,22,HIGH,NW,NW,OBSTRUCTED,False,0.855,12.4,False,0,0.61,13.3,NONE,False,SYNTHETIC,RISK_PROJECT_BASELINE,Tổ hợp thương mại căn hộ Phú Mỹ,1248,3000,20260630,TC-01,SUSPENDED_PENDING_REVIEW,2026-06-30,2026-05-15,SYNTHETIC_RISK_SCENARIO
502779,TST-U02779,TST-U02779,500,502,2PN,2,2,83.47,97.97,22,HIGH,SE,SE,OBSTRUCTED,False,0.852,10.9,False,1,0.09,4.9,NONE,False,SYNTHETIC,RISK_PROJECT_BASELINE,Tổ hợp thương mại căn hộ Phú Mỹ,1248,3000,20260630,TC-01,SUSPENDED_PENDING_REVIEW,2026-06-30,2026-05-15,SYNTHETIC_RISK_SCENARIO
502780,TST-U02780,TST-U02780,500,502,1PN,1,1,53.32,63.48,22,HIGH,S,NE,OBSTRUCTED,True,0.84,2.3,True,1,0.22,4.9,NONE,False,SYNTHETIC,RISK_PROJECT_BASELINE,Tổ hợp thương mại căn hộ Phú Mỹ,1248,3000,20260630,TC-01,SUSPENDED_PENDING_REVIEW,2026-06-30,2026-05-15,SYNTHETIC_RISK_SCENARIO
502781,TST-U02781,TST-U02781,500,502,1PN,1,1,55.61,62.77,22,HIGH,SE,N,CITY_OPEN,False,0.886,5.2,False,0,0.07,71.7,NONE,False,SYNTHETIC,RISK_PROJECT_BASELINE,Tổ hợp thương mại căn hộ Phú Mỹ,1248,3000,20260630,TC-01,SUSPENDED_PENDING_REVIEW,2026-06-30,2026-05-15,SYNTHETIC_RISK_SCENARIO
502782,TST-U02782,TST-U02782,500,502,3PN,3,2,99.34,114.05,22,HIGH,NE,NW,CITY_OPEN,False,0.871,3.3,False,0,0.13,73.9,NONE,False,SYNTHETIC,RISK_PROJECT_BASELINE,Tổ hợp thương mại căn hộ Phú Mỹ,1248,3000,20260630,TC-01,SUSPENDED_PENDING_REVIEW,2026-06-30,2026-05-15,SYNTHETIC_RISK_SCENARIO
502783,TST-U02783,TST-U02783,500,502,2PN,2,2,67.32,83.21,22,HIGH,NW,S,OBSTRUCTED,False,0.809,5.4,False,2,0.9,9.5,NONE,False,SYNTHETIC,RISK_PROJECT_BASELINE,Tổ hợp thương mại căn hộ Phú Mỹ,1248,3000,20260630,TC-01,SUSPENDED_PENDING_REVIEW,2026-06-30,2026-05-15,SYNTHETIC_RISK_SCENARIO
502784,TST-U02784,TST-U02784,500,502,1PN,1,1,54.91,61.77,22,HIGH,E,E,OBSTRUCTED,True,0.889,6.9,False,0,0.14,14.1,NONE,False,SYNTHETIC,RISK_PROJECT_BASELINE,Tổ hợp thương mại căn hộ Phú Mỹ,1248,3000,20260630,TC-01,SUSPENDED_PENDING_REVIEW,2026-06-30,2026-05-15,SYNTHETIC_RISK_SCENARIO
502785,TST-U02785,TST-U02785,500,502,2PN,2,2,67.57,77.85,22,HIGH,NE,NW,OBSTRUCTED,True,0.868,9.6,False,0,0.27,12.6,NONE,False,SYNTHETIC,RISK_PROJECT_BASELINE,Tổ hợp thương mại căn hộ Phú Mỹ,1248,3000,20260630,TC-01,SUSPENDED_PENDING_REVIEW,2026-06-30,2026-05-15,SYNTHETIC_RISK_SCENARIO
502786,TST-U02786,TST-U02786,500,502,1PN,1,1,50.2,61.14,22,HIGH,SE,N,OBSTRUCTED,False,0.821,2.1,False,1,0.2,17.6,NONE,False,SYNTHETIC,RISK_PROJECT_BASELINE,Tổ hợp thương mại căn hộ Phú Mỹ,1248,3000,20260630,TC-01,SUSPENDED_PENDING_REVIEW,2026-06-30,2026-05-15,SYNTHETIC_RISK_SCENARIO
502787,TST-U02787,TST-U02787,500,502,2PN,2,2,79.38,98.73,22,HIGH,S,S,OBSTRUCTED,False,0.804,3.6,False,1,0.28,14.5,NONE,False,SYNTHETIC,RISK_PROJECT_BASELINE,Tổ hợp thương mại căn hộ Phú Mỹ,1248,3000,20260630,TC-01,SUSPENDED_PENDING_REVIEW,2026-06-30,2026-05-15,SYNTHETIC_RISK_SCENARIO
502788,TST-U02788,TST-U02788,500,502,3PN,3,2,97.77,111.61,22,HIGH,S,NE,CITY_OPEN,False,0.876,3.3,False,0,0.21,85.4,NONE,False,SYNTHETIC,RISK_PROJECT_BASELINE,Tổ hợp thương mại căn hộ Phú Mỹ,1248,3000,20260630,TC-01,SUSPENDED_PENDING_REVIEW,2026-06-30,2026-05-15,SYNTHETIC_RISK_SCENARIO
502789,TST-U02789,TST-U02789,500,502,2PN,2,2,81.07,98.39,22,HIGH,E,N,OBSTRUCTED,False,0.824,1.7,False,0,0.24,7.5,NONE,False,SYNTHETIC,RISK_PROJECT_BASELINE,Tổ hợp thương mại căn hộ Phú Mỹ,1248,3000,20260630,TC-01,SUSPENDED_PENDING_REVIEW,2026-06-30,2026-05-15,SYNTHETIC_RISK_SCENARIO
502790,TST-U02790,TST-U02790,500,502,1PN,1,1,47.82,58.67,22,HIGH,NE,S,PARK,False,0.815,12.7,False,2,0.23,89.5,NONE,False,SYNTHETIC,RISK_PROJECT_BASELINE,Tổ hợp thương mại căn hộ Phú Mỹ,1248,3000,20260630,TC-01,SUSPENDED_PENDING_REVIEW,2026-06-30,2026-05-15,SYNTHETIC_RISK_SCENARIO
502791,TST-U02791,TST-U02791,500,502,3PN,3,2,101.91,115.94,22,HIGH,W,NE,CITY_OPEN,False,0.879,5.5,False,2,0.73,88.2,NONE,False,SYNTHETIC,RISK_PROJECT_BASELINE,Tổ hợp thương mại căn hộ Phú Mỹ,1248,3000,20260630,TC-01,SUSPENDED_PENDING_REVIEW,2026-06-30,2026-05-15,SYNTHETIC_RISK_SCENARIO
502792,TST-U02792,TST-U02792,500,502,2PN,2,2,78.23,91.18,22,HIGH,SW,NE,PARK,False,0.858,14.9,False,2,0.77,74.9,NONE,False,SYNTHETIC,RISK_PROJECT_BASELINE,Tổ hợp thương mại căn hộ Phú Mỹ,1248,3000,20260630,TC-01,SUSPENDED_PENDING_REVIEW,2026-06-30,2026-05-15,SYNTHETIC_RISK_SCENARIO
502793,TST-U02793,TST-U02793,500,502,3PN,3,2,104.08,126.77,22,HIGH,SE,NE,PARK,False,0.821,3.8,False,0,0.27,76.5,NONE,False,SYNTHETIC,RISK_PROJECT_BASELINE,Tổ hợp thương mại căn hộ Phú Mỹ,1248,3000,20260630,TC-01,SUSPENDED_PENDING_REVIEW,2026-06-30,2026-05-15,SYNTHETIC_RISK_SCENARIO
502794,TST-U02794,TST-U02794,500,502,STUDIO,1,1,40.49,48.32,22,HIGH,S,N,OBSTRUCTED,True,0.838,11.8,True,2,0.11,17.4,NONE,False,SYNTHETIC,RISK_PROJECT_BASELINE,Tổ hợp thương mại căn hộ Phú Mỹ,1248,3000,20260630,TC-01,SUSPENDED_PENDING_REVIEW,2026-06-30,2026-05-15,SYNTHETIC_RISK_SCENARIO
502795,TST-U02795,TST-U02795,500,502,3PN,3,2,105.59,121.93,22,HIGH,N,NE,CITY_OPEN,False,0.866,6.7,False,0,0.18,34.1,NONE,False,SYNTHETIC,RISK_PROJECT_BASELINE,Tổ hợp thương mại căn hộ Phú Mỹ,1248,3000,20260630,TC-01,SUSPENDED_PENDING_REVIEW,2026-06-30,2026-05-15,SYNTHETIC_RISK_SCENARIO
502796,TST-U02796,TST-U02796,500,502,1PN,1,1,55.52,66.41,22,HIGH,SE,SW,POOL,False,0.836,6.9,False,0,0.03,76.3,NONE,False,SYNTHETIC,RISK_PROJECT_BASELINE,Tổ hợp thương mại căn hộ Phú Mỹ,1248,3000,20260630,TC-01,SUSPENDED_PENDING_REVIEW,2026-06-30,2026-05-15,SYNTHETIC_RISK_SCENARIO
502797,TST-U02797,TST-U02797,500,502,2PN,2,2,80.01,99.89,22,HIGH,NW,SW,OBSTRUCTED,False,0.801,15.5,False,0,0.78,15.8,NONE,False,SYNTHETIC,RISK_PROJECT_BASELINE,Tổ hợp thương mại căn hộ Phú Mỹ,1248,3000,20260630,TC-01,SUSPENDED_PENDING_REVIEW,2026-06-30,2026-05-15,SYNTHETIC_RISK_SCENARIO
502798,TST-U02798,TST-U02798,500,502,2PN,2,2,75.83,91.03,22,HIGH,NE,E,OBSTRUCTED,False,0.833,4.5,False,1,0.26,16.4,NONE,False,SYNTHETIC,RISK_PROJECT_BASELINE,Tổ hợp thương mại căn hộ Phú Mỹ,1248,3000,20260630,TC-01,SUSPENDED_PENDING_REVIEW,2026-06-30,2026-05-15,SYNTHETIC_RISK_SCENARIO
502799,TST-U02799,TST-U02799,500,502,STUDIO,1,1,44.99,55.96,22,HIGH,NE,S,CITY_OPEN,False,0.804,8.5,False,0,0.03,43.0,NONE,False,SYNTHETIC,RISK_PROJECT_BASELINE,Tổ hợp thương mại căn hộ Phú Mỹ,1248,3000,20260630,TC-01,SUSPENDED_PENDING_REVIEW,2026-06-30,2026-05-15,SYNTHETIC_RISK_SCENARIO
502800,TST-U02800,TST-U02800,500,502,2PN,2,2,80.23,92.22,22,HIGH,SW,SW,OBSTRUCTED,False,0.87,8.9,False,1,0.91,7.2,NONE,False,SYNTHETIC,RISK_PROJECT_BASELINE,Tổ hợp thương mại căn hộ Phú Mỹ,1248,3000,20260630,TC-01,SUSPENDED_PENDING_REVIEW,2026-06-30,2026-05-15,SYNTHETIC_RISK_SCENARIO
502801,TST-U02801,TST-U02801,500,502,2PN,2,2,76.68,88.75,22,HIGH,N,S,OBSTRUCTED,False,0.864,15.7,False,0,0.19,12.0,NONE,False,SYNTHETIC,RISK_PROJECT_BASELINE,Tổ hợp thương mại căn hộ Phú Mỹ,1248,3000,20260630,TC-01,SUSPENDED_PENDING_REVIEW,2026-06-30,2026-05-15,SYNTHETIC_RISK_SCENARIO
502802,TST-U02802,TST-U02802,500,502,2PN,2,2,70.66,79.57,22,HIGH,S,S,OBSTRUCTED,False,0.888,15.0,True,1,0.07,10.7,NONE,False,SYNTHETIC,RISK_PROJECT_BASELINE,Tổ hợp thương mại căn hộ Phú Mỹ,1248,3000,20260630,TC-01,SUSPENDED_PENDING_REVIEW,2026-06-30,2026-05-15,SYNTHETIC_RISK_SCENARIO
502803,TST-U02803,TST-U02803,500,502,2PN,2,2,71.1,87.67,22,HIGH,SE,S,CITY_OPEN,False,0.811,13.6,False,0,0.3,87.2,NONE,False,SYNTHETIC,RISK_PROJECT_BASELINE,Tổ hợp thương mại căn hộ Phú Mỹ,1248,3000,20260630,TC-01,SUSPENDED_PENDING_REVIEW,2026-06-30,2026-05-15,SYNTHETIC_RISK_SCENARIO
502804,TST-U02804,TST-U02804,500,502,2PN,2,2,80.52,99.53,22,HIGH,S,NE,CITY_OPEN,False,0.809,12.6,False,0,0.13,62.4,NONE,False,SYNTHETIC,RISK_PROJECT_BASELINE,Tổ hợp thương mại căn hộ Phú Mỹ,1248,3000,20260630,TC-01,SUSPENDED_PENDING_REVIEW,2026-06-30,2026-05-15,SYNTHETIC_RISK_SCENARIO
502805,TST-U02805,TST-U02805,500,502,1PN,1,1,48.35,57.15,22,HIGH,SE,E,CITY_OPEN,True,0.846,9.6,False,0,0.32,57.4,NONE,False,SYNTHETIC,RISK_PROJECT_BASELINE,Tổ hợp thương mại căn hộ Phú Mỹ,1248,3000,20260630,TC-01,SUSPENDED_PENDING_REVIEW,2026-06-30,2026-05-15,SYNTHETIC_RISK_SCENARIO
502806,TST-U02806,TST-U02806,500,502,2PN,2,2,81.9,96.35,22,HIGH,E,S,POOL,False,0.85,3.2,False,1,0.29,86.6,NONE,False,SYNTHETIC,RISK_PROJECT_BASELINE,Tổ hợp thương mại căn hộ Phú Mỹ,1248,3000,20260630,TC-01,SUSPENDED_PENDING_REVIEW,2026-06-30,2026-05-15,SYNTHETIC_RISK_SCENARIO
502807,TST-U02807,TST-U02807,500,502,2PN,2,2,77.68,95.9,22,HIGH,N,SW,OBSTRUCTED,False,0.81,4.3,False,1,0.1,8.6,NONE,False,SYNTHETIC,RISK_PROJECT_BASELINE,Tổ hợp thương mại căn hộ Phú Mỹ,1248,3000,20260630,TC-01,SUSPENDED_PENDING_REVIEW,2026-06-30,2026-05-15,SYNTHETIC_RISK_SCENARIO
502808,TST-U02808,TST-U02808,500,502,2PN,2,2,83.64,98.52,22,HIGH,SE,SW,CITY_OPEN,False,0.849,3.6,True,0,0.26,86.4,NONE,False,SYNTHETIC,RISK_PROJECT_BASELINE,Tổ hợp thương mại căn hộ Phú Mỹ,1248,3000,20260630,TC-01,SUSPENDED_PENDING_REVIEW,2026-06-30,2026-05-15,SYNTHETIC_RISK_SCENARIO
502809,TST-U02809,TST-U02809,500,502,2PN,2,2,76.99,89.42,22,HIGH,NE,W,POOL,False,0.861,5.6,False,0,0.14,100.6,NONE,False,SYNTHETIC,RISK_PROJECT_BASELINE,Tổ hợp thương mại căn hộ Phú Mỹ,1248,3000,20260630,TC-01,SUSPENDED_PENDING_REVIEW,2026-06-30,2026-05-15,SYNTHETIC_RISK_SCENARIO
502810,TST-U02810,TST-U02810,500,502,3PN,3,2,106.39,119.54,22,HIGH,S,SE,PARK,False,0.89,11.1,True,0,0.09,85.2,NONE,False,SYNTHETIC,RISK_PROJECT_BASELINE,Tổ hợp thương mại căn hộ Phú Mỹ,1248,3000,20260630,TC-01,SUSPENDED_PENDING_REVIEW,2026-06-30,2026-05-15,SYNTHETIC_RISK_SCENARIO
502811,TST-U02811,TST-U02811,500,502,3PN,3,2,90.38,111.17,22,HIGH,NW,N,CITY_OPEN,False,0.813,3.8,False,0,0.82,95.0,NONE,False,SYNTHETIC,RISK_PROJECT_BASELINE,Tổ hợp thương mại căn hộ Phú Mỹ,1248,3000,20260630,TC-01,SUSPENDED_PENDING_REVIEW,2026-06-30,2026-05-15,SYNTHETIC_RISK_SCENARIO
502812,TST-U02812,TST-U02812,500,502,1PN,1,1,47.68,56.09,22,HIGH,W,NW,OBSTRUCTED,False,0.85,15.3,False,1,0.81,7.0,NONE,False,SYNTHETIC,RISK_PROJECT_BASELINE,Tổ hợp thương mại căn hộ Phú Mỹ,1248,3000,20260630,TC-01,SUSPENDED_PENDING_REVIEW,2026-06-30,2026-05-15,SYNTHETIC_RISK_SCENARIO
502813,TST-U02813,TST-U02813,500,502,3PN,3,2,102.75,116.5,22,HIGH,SW,W,CITY_OPEN,True,0.882,4.0,False,0,0.78,33.8,NONE,False,SYNTHETIC,RISK_PROJECT_BASELINE,Tổ hợp thương mại căn hộ Phú Mỹ,1248,3000,20260630,TC-01,SUSPENDED_PENDING_REVIEW,2026-06-30,2026-05-15,SYNTHETIC_RISK_SCENARIO
502814,TST-U02814,TST-U02814,500,502,1PN,1,1,60.59,71.45,22,HIGH,N,E,CITY_OPEN,False,0.848,12.4,False,0,0.12,69.1,NONE,False,SYNTHETIC,RISK_PROJECT_BASELINE,Tổ hợp thương mại căn hộ Phú Mỹ,1248,3000,20260630,TC-01,SUSPENDED_PENDING_REVIEW,2026-06-30,2026-05-15,SYNTHETIC_RISK_SCENARIO
502815,TST-U02815,TST-U02815,500,502,2PN,2,2,81.04,97.29,22,HIGH,E,N,OBSTRUCTED,True,0.833,1.5,False,1,0.31,15.8,NONE,False,SYNTHETIC,RISK_PROJECT_BASELINE,Tổ hợp thương mại căn hộ Phú Mỹ,1248,3000,20260630,TC-01,SUSPENDED_PENDING_REVIEW,2026-06-30,2026-05-15,SYNTHETIC_RISK_SCENARIO
502816,TST-U02816,TST-U02816,500,502,1PN,1,1,48.64,59.53,22,HIGH,SW,NW,CITY_OPEN,False,0.817,14.3,True,0,0.9,43.4,NONE,False,SYNTHETIC,RISK_PROJECT_BASELINE,Tổ hợp thương mại căn hộ Phú Mỹ,1248,3000,20260630,TC-01,SUSPENDED_PENDING_REVIEW,2026-06-30,2026-05-15,SYNTHETIC_RISK_SCENARIO
502817,TST-U02817,TST-U02817,500,502,1PN,1,1,53.65,61.31,22,HIGH,NE,E,PARK,False,0.875,9.9,False,0,0.31,106.3,NONE,False,SYNTHETIC,RISK_PROJECT_BASELINE,Tổ hợp thương mại căn hộ Phú Mỹ,1248,3000,20260630,TC-01,SUSPENDED_PENDING_REVIEW,2026-06-30,2026-05-15,SYNTHETIC_RISK_SCENARIO
502818,TST-U02818,TST-U02818,500,502,1PN,1,1,57.51,65.13,22,HIGH,SW,SE,OBSTRUCTED,False,0.883,11.6,True,0,0.78,11.9,NONE,False,SYNTHETIC,RISK_PROJECT_BASELINE,Tổ hợp thương mại căn hộ Phú Mỹ,1248,3000,20260630,TC-01,SUSPENDED_PENDING_REVIEW,2026-06-30,2026-05-15,SYNTHETIC_RISK_SCENARIO
502819,TST-U02819,TST-U02819,500,502,2PN,2,2,80.63,94.86,22,HIGH,NW,W,OBSTRUCTED,False,0.85,5.6,False,0,0.68,9.1,NONE,False,SYNTHETIC,RISK_PROJECT_BASELINE,Tổ hợp thương mại căn hộ Phú Mỹ,1248,3000,20260630,TC-01,SUSPENDED_PENDING_REVIEW,2026-06-30,2026-05-15,SYNTHETIC_RISK_SCENARIO
502820,TST-U02820,TST-U02820,500,502,1PN,1,1,57.85,67.27,22,HIGH,S,NE,OBSTRUCTED,False,0.86,1.7,False,1,0.06,13.1,NONE,False,SYNTHETIC,RISK_PROJECT_BASELINE,Tổ hợp thương mại căn hộ Phú Mỹ,1248,3000,20260630,TC-01,SUSPENDED_PENDING_REVIEW,2026-06-30,2026-05-15,SYNTHETIC_RISK_SCENARIO
502821,TST-U02821,TST-U02821,500,502,STUDIO,1,1,45.15,51.13,23,HIGH,SE,NE,OBSTRUCTED,False,0.883,6.7,False,1,0.03,7.5,NONE,False,SYNTHETIC,RISK_PROJECT_BASELINE,Tổ hợp thương mại căn hộ Phú Mỹ,1248,3000,20260630,TC-01,SUSPENDED_PENDING_REVIEW,2026-06-30,2026-05-15,SYNTHETIC_RISK_SCENARIO
502822,TST-U02822,TST-U02822,500,502,3PN,3,2,108.87,134.08,23,HIGH,SW,N,CITY_OPEN,False,0.812,6.7,False,0,0.55,101.9,NONE,False,SYNTHETIC,RISK_PROJECT_BASELINE,Tổ hợp thương mại căn hộ Phú Mỹ,1248,3000,20260630,TC-01,SUSPENDED_PENDING_REVIEW,2026-06-30,2026-05-15,SYNTHETIC_RISK_SCENARIO
502823,TST-U02823,TST-U02823,500,502,2PN,2,2,70.34,84.85,23,HIGH,E,NW,PARK,False,0.829,2.8,False,2,0.13,79.6,NONE,False,SYNTHETIC,RISK_PROJECT_BASELINE,Tổ hợp thương mại căn hộ Phú Mỹ,1248,3000,20260630,TC-01,SUSPENDED_PENDING_REVIEW,2026-06-30,2026-05-15,SYNTHETIC_RISK_SCENARIO
502824,TST-U02824,TST-U02824,500,502,1PN,1,1,57.1,66.16,23,HIGH,S,SW,PARK,False,0.863,1.6,False,0,0.28,31.1,WASTE_STATION,False,SYNTHETIC,RISK_PROJECT_BASELINE,Tổ hợp thương mại căn hộ Phú Mỹ,1248,3000,20260630,TC-01,SUSPENDED_PENDING_REVIEW,2026-06-30,2026-05-15,SYNTHETIC_RISK_SCENARIO
502825,TST-U02825,TST-U02825,500,502,2PN,2,2,83.93,95.59,23,HIGH,W,S,PARK,False,0.878,15.9,False,0,0.53,82.2,NONE,False,SYNTHETIC,RISK_PROJECT_BASELINE,Tổ hợp thương mại căn hộ Phú Mỹ,1248,3000,20260630,TC-01,SUSPENDED_PENDING_REVIEW,2026-06-30,2026-05-15,SYNTHETIC_RISK_SCENARIO
502826,TST-U02826,TST-U02826,500,502,2PN,2,2,83.3,99.76,23,HIGH,E,E,CITY_OPEN,False,0.835,3.2,False,0,0.05,41.8,NONE,False,SYNTHETIC,RISK_PROJECT_BASELINE,Tổ hợp thương mại căn hộ Phú Mỹ,1248,3000,20260630,TC-01,SUSPENDED_PENDING_REVIEW,2026-06-30,2026-05-15,SYNTHETIC_RISK_SCENARIO
502827,TST-U02827,TST-U02827,500,502,3PN,3,2,104.88,125.45,23,HIGH,NW,N,CITY_OPEN,False,0.836,12.3,False,0,0.74,104.2,NONE,False,SYNTHETIC,RISK_PROJECT_BASELINE,Tổ hợp thương mại căn hộ Phú Mỹ,1248,3000,20260630,TC-01,SUSPENDED_PENDING_REVIEW,2026-06-30,2026-05-15,SYNTHETIC_RISK_SCENARIO
502828,TST-U02828,TST-U02828,500,502,2PN,2,2,73.95,83.84,23,HIGH,W,E,PARK,True,0.882,9.5,False,0,0.94,67.0,NONE,False,SYNTHETIC,RISK_PROJECT_BASELINE,Tổ hợp thương mại căn hộ Phú Mỹ,1248,3000,20260630,TC-01,SUSPENDED_PENDING_REVIEW,2026-06-30,2026-05-15,SYNTHETIC_RISK_SCENARIO
502829,TST-U02829,TST-U02829,500,502,2PN,2,2,76.18,91.67,23,HIGH,NW,NE,OBSTRUCTED,False,0.831,10.7,False,0,0.8,13.0,NONE,False,SYNTHETIC,RISK_PROJECT_BASELINE,Tổ hợp thương mại căn hộ Phú Mỹ,1248,3000,20260630,TC-01,SUSPENDED_PENDING_REVIEW,2026-06-30,2026-05-15,SYNTHETIC_RISK_SCENARIO
502830,TST-U02830,TST-U02830,500,502,STUDIO,1,1,45.7,56.98,23,HIGH,SE,N,CITY_OPEN,False,0.802,6.0,False,1,0.1,82.0,NONE,False,SYNTHETIC,RISK_PROJECT_BASELINE,Tổ hợp thương mại căn hộ Phú Mỹ,1248,3000,20260630,TC-01,SUSPENDED_PENDING_REVIEW,2026-06-30,2026-05-15,SYNTHETIC_RISK_SCENARIO
502831,TST-U02831,TST-U02831,500,502,2PN,2,2,81.52,97.51,23,HIGH,SE,E,CITY_OPEN,False,0.836,6.2,False,1,0.17,87.5,NONE,False,SYNTHETIC,RISK_PROJECT_BASELINE,Tổ hợp thương mại căn hộ Phú Mỹ,1248,3000,20260630,TC-01,SUSPENDED_PENDING_REVIEW,2026-06-30,2026-05-15,SYNTHETIC_RISK_SCENARIO
502832,TST-U02832,TST-U02832,500,502,2PN,2,2,83.3,98.12,23,HIGH,SE,NW,OBSTRUCTED,False,0.849,2.8,False,0,0.21,8.9,NONE,False,SYNTHETIC,RISK_PROJECT_BASELINE,Tổ hợp thương mại căn hộ Phú Mỹ,1248,3000,20260630,TC-01,SUSPENDED_PENDING_REVIEW,2026-06-30,2026-05-15,SYNTHETIC_RISK_SCENARIO
502833,TST-U02833,TST-U02833,500,502,2PN,2,2,83.16,94.07,23,HIGH,W,N,CITY_OPEN,False,0.884,15.2,False,1,0.89,106.0,NONE,False,SYNTHETIC,RISK_PROJECT_BASELINE,Tổ hợp thương mại căn hộ Phú Mỹ,1248,3000,20260630,TC-01,SUSPENDED_PENDING_REVIEW,2026-06-30,2026-05-15,SYNTHETIC_RISK_SCENARIO
502834,TST-U02834,TST-U02834,500,502,3PN,3,2,115.79,130.98,23,HIGH,E,SW,CITY_OPEN,False,0.884,8.1,False,1,0.15,50.0,NONE,False,SYNTHETIC,RISK_PROJECT_BASELINE,Tổ hợp thương mại căn hộ Phú Mỹ,1248,3000,20260630,TC-01,SUSPENDED_PENDING_REVIEW,2026-06-30,2026-05-15,SYNTHETIC_RISK_SCENARIO
502835,TST-U02835,TST-U02835,500,502,2PN,2,2,75.6,85.14,23,HIGH,SW,S,PARK,False,0.888,8.0,False,0,0.52,28.5,NONE,False,SYNTHETIC,RISK_PROJECT_BASELINE,Tổ hợp thương mại căn hộ Phú Mỹ,1248,3000,20260630,TC-01,SUSPENDED_PENDING_REVIEW,2026-06-30,2026-05-15,SYNTHETIC_RISK_SCENARIO
502836,TST-U02836,TST-U02836,500,502,2PN,2,2,83.58,96.62,23,HIGH,W,NW,CITY_OPEN,False,0.865,15.4,False,1,0.85,51.6,NONE,False,SYNTHETIC,RISK_PROJECT_BASELINE,Tổ hợp thương mại căn hộ Phú Mỹ,1248,3000,20260630,TC-01,SUSPENDED_PENDING_REVIEW,2026-06-30,2026-05-15,SYNTHETIC_RISK_SCENARIO
502837,TST-U02837,TST-U02837,500,502,2PN,2,2,80.55,99.08,23,HIGH,E,SW,OBSTRUCTED,False,0.813,6.9,False,0,0.2,17.0,NONE,False,SYNTHETIC,RISK_PROJECT_BASELINE,Tổ hợp thương mại căn hộ Phú Mỹ,1248,3000,20260630,TC-01,SUSPENDED_PENDING_REVIEW,2026-06-30,2026-05-15,SYNTHETIC_RISK_SCENARIO
502838,TST-U02838,TST-U02838,500,502,3PN,3,2,99.55,120.37,23,HIGH,E,S,POOL,False,0.827,10.8,False,0,0.07,99.9,NONE,False,SYNTHETIC,RISK_PROJECT_BASELINE,Tổ hợp thương mại căn hộ Phú Mỹ,1248,3000,20260630,TC-01,SUSPENDED_PENDING_REVIEW,2026-06-30,2026-05-15,SYNTHETIC_RISK_SCENARIO
502839,TST-U02839,TST-U02839,500,502,1PN,1,1,53.67,64.58,23,HIGH,NW,NW,OBSTRUCTED,False,0.831,8.9,False,0,0.75,14.2,NONE,False,SYNTHETIC,RISK_PROJECT_BASELINE,Tổ hợp thương mại căn hộ Phú Mỹ,1248,3000,20260630,TC-01,SUSPENDED_PENDING_REVIEW,2026-06-30,2026-05-15,SYNTHETIC_RISK_SCENARIO
502840,TST-U02840,TST-U02840,500,502,2PN,2,2,75.72,90.04,23,HIGH,E,SE,OBSTRUCTED,False,0.841,3.1,False,0,0.05,16.3,NONE,False,SYNTHETIC,RISK_PROJECT_BASELINE,Tổ hợp thương mại căn hộ Phú Mỹ,1248,3000,20260630,TC-01,SUSPENDED_PENDING_REVIEW,2026-06-30,2026-05-15,SYNTHETIC_RISK_SCENARIO
502841,TST-U02841,TST-U02841,500,502,STUDIO,1,1,45.27,53.32,23,HIGH,NE,N,CITY_OPEN,False,0.849,14.4,False,0,0.22,49.9,NONE,False,SYNTHETIC,RISK_PROJECT_BASELINE,Tổ hợp thương mại căn hộ Phú Mỹ,1248,3000,20260630,TC-01,SUSPENDED_PENDING_REVIEW,2026-06-30,2026-05-15,SYNTHETIC_RISK_SCENARIO
502842,TST-U02842,TST-U02842,500,502,3PN,3,2,110.0,131.89,23,HIGH,S,W,OBSTRUCTED,False,0.834,7.3,False,1,0.29,13.3,CEMETERY,False,SYNTHETIC,RISK_PROJECT_BASELINE,Tổ hợp thương mại căn hộ Phú Mỹ,1248,3000,20260630,TC-01,SUSPENDED_PENDING_REVIEW,2026-06-30,2026-05-15,SYNTHETIC_RISK_SCENARIO
502843,TST-U02843,TST-U02843,500,502,1PN,1,1,54.81,62.21,23,HIGH,E,N,OBSTRUCTED,False,0.881,14.1,False,0,0.15,6.0,NONE,False,SYNTHETIC,RISK_PROJECT_BASELINE,Tổ hợp thương mại căn hộ Phú Mỹ,1248,3000,20260630,TC-01,SUSPENDED_PENDING_REVIEW,2026-06-30,2026-05-15,SYNTHETIC_RISK_SCENARIO
502844,TST-U02844,TST-U02844,500,502,2PN,2,2,69.06,79.29,23,HIGH,S,SE,CITY_OPEN,False,0.871,5.4,False,0,0.27,49.0,NONE,False,SYNTHETIC,RISK_PROJECT_BASELINE,Tổ hợp thương mại căn hộ Phú Mỹ,1248,3000,20260630,TC-01,SUSPENDED_PENDING_REVIEW,2026-06-30,2026-05-15,SYNTHETIC_RISK_SCENARIO
502845,TST-U02845,TST-U02845,500,502,3PN,3,2,105.03,118.68,23,HIGH,N,E,OBSTRUCTED,False,0.885,5.0,False,0,0.13,7.2,NONE,False,SYNTHETIC,RISK_PROJECT_BASELINE,Tổ hợp thương mại căn hộ Phú Mỹ,1248,3000,20260630,TC-01,SUSPENDED_PENDING_REVIEW,2026-06-30,2026-05-15,SYNTHETIC_RISK_SCENARIO
502846,TST-U02846,TST-U02846,500,502,2PN,2,2,77.58,94.73,23,HIGH,S,E,POOL,False,0.819,11.9,False,0,0.1,107.5,NONE,False,SYNTHETIC,RISK_PROJECT_BASELINE,Tổ hợp thương mại căn hộ Phú Mỹ,1248,3000,20260630,TC-01,SUSPENDED_PENDING_REVIEW,2026-06-30,2026-05-15,SYNTHETIC_RISK_SCENARIO
502847,TST-U02847,TST-U02847,500,502,2PN,2,2,82.19,93.82,23,HIGH,SW,SW,OBSTRUCTED,False,0.876,3.4,False,1,0.71,6.8,NONE,False,SYNTHETIC,RISK_PROJECT_BASELINE,Tổ hợp thương mại căn hộ Phú Mỹ,1248,3000,20260630,TC-01,SUSPENDED_PENDING_REVIEW,2026-06-30,2026-05-15,SYNTHETIC_RISK_SCENARIO
502848,TST-U02848,TST-U02848,500,502,2PN,2,2,81.5,96.79,23,HIGH,S,SE,OBSTRUCTED,True,0.842,4.6,False,0,0.29,10.7,NONE,False,SYNTHETIC,RISK_PROJECT_BASELINE,Tổ hợp thương mại căn hộ Phú Mỹ,1248,3000,20260630,TC-01,SUSPENDED_PENDING_REVIEW,2026-06-30,2026-05-15,SYNTHETIC_RISK_SCENARIO
502849,TST-U02849,TST-U02849,500,502,1PN,1,1,53.57,63.02,23,HIGH,W,W,CITY_OPEN,True,0.85,2.8,False,1,0.93,79.5,NONE,False,SYNTHETIC,RISK_PROJECT_BASELINE,Tổ hợp thương mại căn hộ Phú Mỹ,1248,3000,20260630,TC-01,SUSPENDED_PENDING_REVIEW,2026-06-30,2026-05-15,SYNTHETIC_RISK_SCENARIO
502850,TST-U02850,TST-U02850,500,502,2PN,2,2,73.73,83.31,23,HIGH,N,SE,OBSTRUCTED,False,0.885,12.2,False,0,0.06,15.8,NONE,False,SYNTHETIC,RISK_PROJECT_BASELINE,Tổ hợp thương mại căn hộ Phú Mỹ,1248,3000,20260630,TC-01,SUSPENDED_PENDING_REVIEW,2026-06-30,2026-05-15,SYNTHETIC_RISK_SCENARIO
502851,TST-U02851,TST-U02851,500,502,2PN,2,2,73.09,89.46,23,HIGH,S,W,OBSTRUCTED,False,0.817,5.3,False,0,0.18,7.9,CEMETERY,False,SYNTHETIC,RISK_PROJECT_BASELINE,Tổ hợp thương mại căn hộ Phú Mỹ,1248,3000,20260630,TC-01,SUSPENDED_PENDING_REVIEW,2026-06-30,2026-05-15,SYNTHETIC_RISK_SCENARIO
502852,TST-U02852,TST-U02852,500,502,2PN,2,2,81.57,96.65,23,HIGH,SW,NW,OBSTRUCTED,False,0.844,3.0,True,0,0.6,11.2,NONE,False,SYNTHETIC,RISK_PROJECT_BASELINE,Tổ hợp thương mại căn hộ Phú Mỹ,1248,3000,20260630,TC-01,SUSPENDED_PENDING_REVIEW,2026-06-30,2026-05-15,SYNTHETIC_RISK_SCENARIO
502853,TST-U02853,TST-U02853,500,502,STUDIO,1,1,43.94,53.26,23,HIGH,SE,E,OBSTRUCTED,False,0.825,13.7,False,1,0.16,7.6,WASTE_STATION,False,SYNTHETIC,RISK_PROJECT_BASELINE,Tổ hợp thương mại căn hộ Phú Mỹ,1248,3000,20260630,TC-01,SUSPENDED_PENDING_REVIEW,2026-06-30,2026-05-15,SYNTHETIC_RISK_SCENARIO
502854,TST-U02854,TST-U02854,500,502,2PN,2,2,65.41,81.66,23,HIGH,N,NE,CITY_OPEN,False,0.801,15.9,False,0,0.19,87.0,NONE,False,SYNTHETIC,RISK_PROJECT_BASELINE,Tổ hợp thương mại căn hộ Phú Mỹ,1248,3000,20260630,TC-01,SUSPENDED_PENDING_REVIEW,2026-06-30,2026-05-15,SYNTHETIC_RISK_SCENARIO
502855,TST-U02855,TST-U02855,500,502,2PN,2,2,83.3,95.53,23,HIGH,S,NE,CITY_OPEN,False,0.872,13.6,False,0,0.23,68.2,NONE,False,SYNTHETIC,RISK_PROJECT_BASELINE,Tổ hợp thương mại căn hộ Phú Mỹ,1248,3000,20260630,TC-01,SUSPENDED_PENDING_REVIEW,2026-06-30,2026-05-15,SYNTHETIC_RISK_SCENARIO
502856,TST-U02856,TST-U02856,500,502,3PN,3,2,105.73,119.74,23,HIGH,SE,S,OBSTRUCTED,False,0.883,4.2,True,0,0.07,6.1,TEMPLE,False,SYNTHETIC,RISK_PROJECT_BASELINE,Tổ hợp thương mại căn hộ Phú Mỹ,1248,3000,20260630,TC-01,SUSPENDED_PENDING_REVIEW,2026-06-30,2026-05-15,SYNTHETIC_RISK_SCENARIO
502857,TST-U02857,TST-U02857,500,502,1PN,1,1,57.24,64.68,23,HIGH,W,SW,CITY_OPEN,True,0.885,8.4,False,2,0.64,95.2,NONE,False,SYNTHETIC,RISK_PROJECT_BASELINE,Tổ hợp thương mại căn hộ Phú Mỹ,1248,3000,20260630,TC-01,SUSPENDED_PENDING_REVIEW,2026-06-30,2026-05-15,SYNTHETIC_RISK_SCENARIO
502858,TST-U02858,TST-U02858,500,502,2PN,2,2,67.88,81.49,23,HIGH,W,SE,CITY_OPEN,True,0.833,1.6,False,1,0.58,57.5,WASTE_STATION,False,SYNTHETIC,RISK_PROJECT_BASELINE,Tổ hợp thương mại căn hộ Phú Mỹ,1248,3000,20260630,TC-01,SUSPENDED_PENDING_REVIEW,2026-06-30,2026-05-15,SYNTHETIC_RISK_SCENARIO
502859,TST-U02859,TST-U02859,500,502,2PN,2,2,70.23,81.1,23,HIGH,N,E,OBSTRUCTED,True,0.866,11.4,False,0,0.09,11.3,NONE,False,SYNTHETIC,RISK_PROJECT_BASELINE,Tổ hợp thương mại căn hộ Phú Mỹ,1248,3000,20260630,TC-01,SUSPENDED_PENDING_REVIEW,2026-06-30,2026-05-15,SYNTHETIC_RISK_SCENARIO
502860,TST-U02860,TST-U02860,500,502,3PN,3,2,116.18,131.72,23,HIGH,SW,SW,OBSTRUCTED,False,0.882,15.2,True,2,0.51,15.3,NONE,False,SYNTHETIC,RISK_PROJECT_BASELINE,Tổ hợp thương mại căn hộ Phú Mỹ,1248,3000,20260630,TC-01,SUSPENDED_PENDING_REVIEW,2026-06-30,2026-05-15,SYNTHETIC_RISK_SCENARIO
502861,TST-U02861,TST-U02861,500,502,2PN,2,2,68.34,81.26,23,HIGH,E,NW,CITY_OPEN,False,0.841,16.0,True,0,0.22,40.0,NONE,False,SYNTHETIC,RISK_PROJECT_BASELINE,Tổ hợp thương mại căn hộ Phú Mỹ,1248,3000,20260630,TC-01,SUSPENDED_PENDING_REVIEW,2026-06-30,2026-05-15,SYNTHETIC_RISK_SCENARIO
502862,TST-U02862,TST-U02862,500,502,3PN,3,2,105.4,131.09,23,HIGH,SE,NW,OBSTRUCTED,False,0.804,12.3,False,0,0.21,16.4,NONE,False,SYNTHETIC,RISK_PROJECT_BASELINE,Tổ hợp thương mại căn hộ Phú Mỹ,1248,3000,20260630,TC-01,SUSPENDED_PENDING_REVIEW,2026-06-30,2026-05-15,SYNTHETIC_RISK_SCENARIO
502863,TST-U02863,TST-U02863,500,502,3PN,3,2,112.47,136.33,23,HIGH,NE,NE,OBSTRUCTED,False,0.825,7.6,False,0,0.22,15.4,WASTE_STATION,False,SYNTHETIC,RISK_PROJECT_BASELINE,Tổ hợp thương mại căn hộ Phú Mỹ,1248,3000,20260630,TC-01,SUSPENDED_PENDING_REVIEW,2026-06-30,2026-05-15,SYNTHETIC_RISK_SCENARIO
502864,TST-U02864,TST-U02864,500,502,2PN,2,2,82.71,92.93,23,HIGH,NW,N,OBSTRUCTED,False,0.89,8.3,False,1,0.74,16.9,NONE,False,SYNTHETIC,RISK_PROJECT_BASELINE,Tổ hợp thương mại căn hộ Phú Mỹ,1248,3000,20260630,TC-01,SUSPENDED_PENDING_REVIEW,2026-06-30,2026-05-15,SYNTHETIC_RISK_SCENARIO
502865,TST-U02865,TST-U02865,500,502,2PN,2,2,69.5,85.38,23,HIGH,NW,S,OBSTRUCTED,False,0.814,5.6,False,1,0.56,17.6,NONE,False,SYNTHETIC,RISK_PROJECT_BASELINE,Tổ hợp thương mại căn hộ Phú Mỹ,1248,3000,20260630,TC-01,SUSPENDED_PENDING_REVIEW,2026-06-30,2026-05-15,SYNTHETIC_RISK_SCENARIO
502866,TST-U02866,TST-U02866,500,502,2PN,2,2,73.95,89.31,23,HIGH,SE,SW,CITY_OPEN,False,0.828,4.9,False,0,0.14,40.1,NONE,False,SYNTHETIC,RISK_PROJECT_BASELINE,Tổ hợp thương mại căn hộ Phú Mỹ,1248,3000,20260630,TC-01,SUSPENDED_PENDING_REVIEW,2026-06-30,2026-05-15,SYNTHETIC_RISK_SCENARIO
502867,TST-U02867,TST-U02867,500,502,STUDIO,1,1,43.75,51.35,23,HIGH,SE,NE,OBSTRUCTED,False,0.852,7.7,False,0,0.2,5.3,NONE,False,SYNTHETIC,RISK_PROJECT_BASELINE,Tổ hợp thương mại căn hộ Phú Mỹ,1248,3000,20260630,TC-01,SUSPENDED_PENDING_REVIEW,2026-06-30,2026-05-15,SYNTHETIC_RISK_SCENARIO
502868,TST-U02868,TST-U02868,500,502,1PN,1,1,55.33,68.48,23,HIGH,W,NW,OBSTRUCTED,False,0.808,11.8,False,1,0.67,6.1,WASTE_STATION,False,SYNTHETIC,RISK_PROJECT_BASELINE,Tổ hợp thương mại căn hộ Phú Mỹ,1248,3000,20260630,TC-01,SUSPENDED_PENDING_REVIEW,2026-06-30,2026-05-15,SYNTHETIC_RISK_SCENARIO
502869,TST-U02869,TST-U02869,500,502,2PN,2,2,69.92,85.79,23,HIGH,W,NE,PARK,False,0.815,9.0,False,0,0.51,94.6,NONE,False,SYNTHETIC,RISK_PROJECT_BASELINE,Tổ hợp thương mại căn hộ Phú Mỹ,1248,3000,20260630,TC-01,SUSPENDED_PENDING_REVIEW,2026-06-30,2026-05-15,SYNTHETIC_RISK_SCENARIO
502870,TST-U02870,TST-U02870,500,502,3PN,3,2,111.82,127.79,23,HIGH,SW,S,OBSTRUCTED,False,0.875,15.1,True,0,0.85,15.0,NONE,False,SYNTHETIC,RISK_PROJECT_BASELINE,Tổ hợp thương mại căn hộ Phú Mỹ,1248,3000,20260630,TC-01,SUSPENDED_PENDING_REVIEW,2026-06-30,2026-05-15,SYNTHETIC_RISK_SCENARIO
502871,TST-U02871,TST-U02871,500,502,2PN,2,2,72.24,81.72,23,HIGH,SE,W,OBSTRUCTED,False,0.884,15.1,True,0,0.3,11.3,NONE,False,SYNTHETIC,RISK_PROJECT_BASELINE,Tổ hợp thương mại căn hộ Phú Mỹ,1248,3000,20260630,TC-01,SUSPENDED_PENDING_REVIEW,2026-06-30,2026-05-15,SYNTHETIC_RISK_SCENARIO
502872,TST-U02872,TST-U02872,500,502,2PN,2,2,80.85,91.25,23,HIGH,W,W,OBSTRUCTED,True,0.886,11.4,False,1,0.86,13.4,NONE,False,SYNTHETIC,RISK_PROJECT_BASELINE,Tổ hợp thương mại căn hộ Phú Mỹ,1248,3000,20260630,TC-01,SUSPENDED_PENDING_REVIEW,2026-06-30,2026-05-15,SYNTHETIC_RISK_SCENARIO
502873,TST-U02873,TST-U02873,500,502,2PN,2,2,75.84,90.39,23,HIGH,SE,W,PARK,False,0.839,14.0,False,1,0.06,55.2,NONE,False,SYNTHETIC,RISK_PROJECT_BASELINE,Tổ hợp thương mại căn hộ Phú Mỹ,1248,3000,20260630,TC-01,SUSPENDED_PENDING_REVIEW,2026-06-30,2026-05-15,SYNTHETIC_RISK_SCENARIO
502874,TST-U02874,TST-U02874,500,502,2PN,2,2,83.26,101.78,23,HIGH,NE,SW,PARK,True,0.818,7.0,True,1,0.3,103.0,NONE,False,SYNTHETIC,RISK_PROJECT_BASELINE,Tổ hợp thương mại căn hộ Phú Mỹ,1248,3000,20260630,TC-01,SUSPENDED_PENDING_REVIEW,2026-06-30,2026-05-15,SYNTHETIC_RISK_SCENARIO
502875,TST-U02875,TST-U02875,500,502,2PN,2,2,81.66,92.59,23,HIGH,SW,NE,CITY_OPEN,False,0.882,12.2,False,0,0.76,28.1,NONE,False,SYNTHETIC,RISK_PROJECT_BASELINE,Tổ hợp thương mại căn hộ Phú Mỹ,1248,3000,20260630,TC-01,SUSPENDED_PENDING_REVIEW,2026-06-30,2026-05-15,SYNTHETIC_RISK_SCENARIO
502876,TST-U02876,TST-U02876,500,502,2PN,2,2,66.93,78.46,23,HIGH,NW,SE,CITY_OPEN,False,0.853,7.2,False,1,0.57,62.2,NONE,False,SYNTHETIC,RISK_PROJECT_BASELINE,Tổ hợp thương mại căn hộ Phú Mỹ,1248,3000,20260630,TC-01,SUSPENDED_PENDING_REVIEW,2026-06-30,2026-05-15,SYNTHETIC_RISK_SCENARIO
502877,TST-U02877,TST-U02877,500,502,2PN,2,2,71.95,87.32,23,HIGH,SW,S,OBSTRUCTED,False,0.824,8.0,True,1,0.59,11.9,NONE,False,SYNTHETIC,RISK_PROJECT_BASELINE,Tổ hợp thương mại căn hộ Phú Mỹ,1248,3000,20260630,TC-01,SUSPENDED_PENDING_REVIEW,2026-06-30,2026-05-15,SYNTHETIC_RISK_SCENARIO
502878,TST-U02878,TST-U02878,500,502,2PN,2,2,71.78,86.8,23,HIGH,SW,S,POOL,False,0.827,9.3,False,1,0.59,34.0,TEMPLE,False,SYNTHETIC,RISK_PROJECT_BASELINE,Tổ hợp thương mại căn hộ Phú Mỹ,1248,3000,20260630,TC-01,SUSPENDED_PENDING_REVIEW,2026-06-30,2026-05-15,SYNTHETIC_RISK_SCENARIO
502879,TST-U02879,TST-U02879,500,502,2PN,2,2,63.41,74.78,23,HIGH,NW,NE,OBSTRUCTED,False,0.848,13.4,False,0,0.84,6.1,NONE,False,SYNTHETIC,RISK_PROJECT_BASELINE,Tổ hợp thương mại căn hộ Phú Mỹ,1248,3000,20260630,TC-01,SUSPENDED_PENDING_REVIEW,2026-06-30,2026-05-15,SYNTHETIC_RISK_SCENARIO
502880,TST-U02880,TST-U02880,500,502,2PN,2,2,74.56,86.0,23,HIGH,E,E,CITY_OPEN,False,0.867,1.2,False,0,0.07,67.2,NONE,False,SYNTHETIC,RISK_PROJECT_BASELINE,Tổ hợp thương mại căn hộ Phú Mỹ,1248,3000,20260630,TC-01,SUSPENDED_PENDING_REVIEW,2026-06-30,2026-05-15,SYNTHETIC_RISK_SCENARIO
502881,TST-U02881,TST-U02881,500,502,2PN,2,2,73.06,90.2,23,HIGH,SW,NE,OBSTRUCTED,False,0.81,9.5,False,1,0.89,16.5,NONE,False,SYNTHETIC,RISK_PROJECT_BASELINE,Tổ hợp thương mại căn hộ Phú Mỹ,1248,3000,20260630,TC-01,SUSPENDED_PENDING_REVIEW,2026-06-30,2026-05-15,SYNTHETIC_RISK_SCENARIO
502882,TST-U02882,TST-U02882,500,502,1PN,1,1,55.81,65.27,23,HIGH,SW,E,PARK,False,0.855,6.6,False,0,0.74,82.2,NONE,False,SYNTHETIC,RISK_PROJECT_BASELINE,Tổ hợp thương mại căn hộ Phú Mỹ,1248,3000,20260630,TC-01,SUSPENDED_PENDING_REVIEW,2026-06-30,2026-05-15,SYNTHETIC_RISK_SCENARIO
502883,TST-U02883,TST-U02883,500,502,STUDIO,1,1,40.87,47.19,23,HIGH,NE,SW,CITY_OPEN,True,0.866,11.7,False,0,0.22,63.2,NONE,False,SYNTHETIC,RISK_PROJECT_BASELINE,Tổ hợp thương mại căn hộ Phú Mỹ,1248,3000,20260630,TC-01,SUSPENDED_PENDING_REVIEW,2026-06-30,2026-05-15,SYNTHETIC_RISK_SCENARIO
502884,TST-U02884,TST-U02884,500,502,3PN,3,2,106.39,120.62,23,HIGH,S,W,OBSTRUCTED,True,0.882,1.7,False,0,0.16,12.3,NONE,False,SYNTHETIC,RISK_PROJECT_BASELINE,Tổ hợp thương mại căn hộ Phú Mỹ,1248,3000,20260630,TC-01,SUSPENDED_PENDING_REVIEW,2026-06-30,2026-05-15,SYNTHETIC_RISK_SCENARIO
502885,TST-U02885,TST-U02885,500,502,2PN,2,2,67.51,81.14,23,HIGH,SW,E,OBSTRUCTED,False,0.832,7.7,False,0,0.52,15.5,NONE,False,SYNTHETIC,RISK_PROJECT_BASELINE,Tổ hợp thương mại căn hộ Phú Mỹ,1248,3000,20260630,TC-01,SUSPENDED_PENDING_REVIEW,2026-06-30,2026-05-15,SYNTHETIC_RISK_SCENARIO
502886,TST-U02886,TST-U02886,500,502,2PN,2,2,76.24,92.41,23,HIGH,SW,E,CITY_OPEN,False,0.825,15.8,False,1,0.63,42.4,NONE,False,SYNTHETIC,RISK_PROJECT_BASELINE,Tổ hợp thương mại căn hộ Phú Mỹ,1248,3000,20260630,TC-01,SUSPENDED_PENDING_REVIEW,2026-06-30,2026-05-15,SYNTHETIC_RISK_SCENARIO
502887,TST-U02887,TST-U02887,500,502,2PN,2,2,71.44,87.12,24,TOP,N,S,CITY_OPEN,False,0.82,10.3,False,2,0.32,75.8,NONE,False,SYNTHETIC,RISK_PROJECT_BASELINE,Tổ hợp thương mại căn hộ Phú Mỹ,1248,3000,20260630,TC-01,SUSPENDED_PENDING_REVIEW,2026-06-30,2026-05-15,SYNTHETIC_RISK_SCENARIO
502888,TST-U02888,TST-U02888,500,502,2PN,2,2,79.59,90.96,24,TOP,SE,NE,CITY_OPEN,False,0.875,12.1,False,0,0.05,88.1,NONE,False,SYNTHETIC,RISK_PROJECT_BASELINE,Tổ hợp thương mại căn hộ Phú Mỹ,1248,3000,20260630,TC-01,SUSPENDED_PENDING_REVIEW,2026-06-30,2026-05-15,SYNTHETIC_RISK_SCENARIO
502889,TST-U02889,TST-U02889,500,502,2PN,2,2,84.34,95.19,24,TOP,N,W,PARK,False,0.886,3.9,True,0,0.25,98.4,NONE,False,SYNTHETIC,RISK_PROJECT_BASELINE,Tổ hợp thương mại căn hộ Phú Mỹ,1248,3000,20260630,TC-01,SUSPENDED_PENDING_REVIEW,2026-06-30,2026-05-15,SYNTHETIC_RISK_SCENARIO
502890,TST-U02890,TST-U02890,500,502,2PN,2,2,73.75,90.71,24,TOP,SW,SE,CITY_OPEN,False,0.813,7.9,False,0,0.83,62.2,NONE,False,SYNTHETIC,RISK_PROJECT_BASELINE,Tổ hợp thương mại căn hộ Phú Mỹ,1248,3000,20260630,TC-01,SUSPENDED_PENDING_REVIEW,2026-06-30,2026-05-15,SYNTHETIC_RISK_SCENARIO
502891,TST-U02891,TST-U02891,500,502,2PN,2,2,78.17,93.73,24,TOP,SW,NE,OBSTRUCTED,False,0.834,10.6,False,1,0.56,5.8,NONE,False,SYNTHETIC,RISK_PROJECT_BASELINE,Tổ hợp thương mại căn hộ Phú Mỹ,1248,3000,20260630,TC-01,SUSPENDED_PENDING_REVIEW,2026-06-30,2026-05-15,SYNTHETIC_RISK_SCENARIO
502892,TST-U02892,TST-U02892,500,502,1PN,1,1,56.74,68.44,24,TOP,NE,S,POOL,False,0.829,13.0,False,0,0.02,94.3,NONE,False,SYNTHETIC,RISK_PROJECT_BASELINE,Tổ hợp thương mại căn hộ Phú Mỹ,1248,3000,20260630,TC-01,SUSPENDED_PENDING_REVIEW,2026-06-30,2026-05-15,SYNTHETIC_RISK_SCENARIO
502893,TST-U02893,TST-U02893,500,502,3PN,3,2,99.54,122.29,24,TOP,SE,SW,OBSTRUCTED,False,0.814,11.1,False,0,0.29,8.8,NONE,False,SYNTHETIC,RISK_PROJECT_BASELINE,Tổ hợp thương mại căn hộ Phú Mỹ,1248,3000,20260630,TC-01,SUSPENDED_PENDING_REVIEW,2026-06-30,2026-05-15,SYNTHETIC_RISK_SCENARIO
502894,TST-U02894,TST-U02894,500,502,3PN,3,2,96.03,113.24,24,TOP,S,N,CITY_OPEN,False,0.848,5.4,False,0,0.12,35.8,NONE,False,SYNTHETIC,RISK_PROJECT_BASELINE,Tổ hợp thương mại căn hộ Phú Mỹ,1248,3000,20260630,TC-01,SUSPENDED_PENDING_REVIEW,2026-06-30,2026-05-15,SYNTHETIC_RISK_SCENARIO
502895,TST-U02895,TST-U02895,500,502,2PN,2,2,74.34,90.99,24,TOP,S,NW,OBSTRUCTED,False,0.817,6.5,False,0,0.28,10.6,NONE,False,SYNTHETIC,RISK_PROJECT_BASELINE,Tổ hợp thương mại căn hộ Phú Mỹ,1248,3000,20260630,TC-01,SUSPENDED_PENDING_REVIEW,2026-06-30,2026-05-15,SYNTHETIC_RISK_SCENARIO
502896,TST-U02896,TST-U02896,500,502,2PN,2,2,67.44,81.94,24,TOP,NE,NE,OBSTRUCTED,False,0.823,3.6,True,0,0.19,5.2,NONE,False,SYNTHETIC,RISK_PROJECT_BASELINE,Tổ hợp thương mại căn hộ Phú Mỹ,1248,3000,20260630,TC-01,SUSPENDED_PENDING_REVIEW,2026-06-30,2026-05-15,SYNTHETIC_RISK_SCENARIO
502897,TST-U02897,TST-U02897,500,502,3PN,3,2,97.11,111.75,24,TOP,N,NW,OBSTRUCTED,False,0.869,8.9,False,1,0.08,12.2,NONE,False,SYNTHETIC,RISK_PROJECT_BASELINE,Tổ hợp thương mại căn hộ Phú Mỹ,1248,3000,20260630,TC-01,SUSPENDED_PENDING_REVIEW,2026-06-30,2026-05-15,SYNTHETIC_RISK_SCENARIO
502898,TST-U02898,TST-U02898,500,502,2PN,2,2,74.43,90.22,24,TOP,N,W,OBSTRUCTED,True,0.825,11.0,False,1,0.29,10.2,WASTE_STATION,False,SYNTHETIC,RISK_PROJECT_BASELINE,Tổ hợp thương mại căn hộ Phú Mỹ,1248,3000,20260630,TC-01,SUSPENDED_PENDING_REVIEW,2026-06-30,2026-05-15,SYNTHETIC_RISK_SCENARIO
502899,TST-U02899,TST-U02899,500,502,1PN,1,1,56.23,66.08,24,TOP,SE,NW,CITY_OPEN,True,0.851,4.5,False,0,0.24,98.8,WASTE_STATION,False,SYNTHETIC,RISK_PROJECT_BASELINE,Tổ hợp thương mại căn hộ Phú Mỹ,1248,3000,20260630,TC-01,SUSPENDED_PENDING_REVIEW,2026-06-30,2026-05-15,SYNTHETIC_RISK_SCENARIO
502900,TST-U02900,TST-U02900,500,502,2PN,2,2,77.64,90.07,24,TOP,SE,SE,OBSTRUCTED,True,0.862,13.5,False,0,0.12,11.8,NONE,False,SYNTHETIC,RISK_PROJECT_BASELINE,Tổ hợp thương mại căn hộ Phú Mỹ,1248,3000,20260630,TC-01,SUSPENDED_PENDING_REVIEW,2026-06-30,2026-05-15,SYNTHETIC_RISK_SCENARIO
502901,TST-U02901,TST-U02901,500,502,2PN,2,2,78.21,88.47,24,TOP,E,NW,POOL,True,0.884,8.4,False,1,0.15,42.5,NONE,False,SYNTHETIC,RISK_PROJECT_BASELINE,Tổ hợp thương mại căn hộ Phú Mỹ,1248,3000,20260630,TC-01,SUSPENDED_PENDING_REVIEW,2026-06-30,2026-05-15,SYNTHETIC_RISK_SCENARIO
502902,TST-U02902,TST-U02902,500,502,2PN,2,2,68.27,78.65,24,TOP,S,N,OBSTRUCTED,False,0.868,3.7,False,0,0.13,13.0,NONE,False,SYNTHETIC,RISK_PROJECT_BASELINE,Tổ hợp thương mại căn hộ Phú Mỹ,1248,3000,20260630,TC-01,SUSPENDED_PENDING_REVIEW,2026-06-30,2026-05-15,SYNTHETIC_RISK_SCENARIO
502903,TST-U02903,TST-U02903,500,502,2PN,2,2,78.45,92.84,24,TOP,S,SW,PARK,False,0.845,3.3,False,0,0.2,55.4,NONE,False,SYNTHETIC,RISK_PROJECT_BASELINE,Tổ hợp thương mại căn hộ Phú Mỹ,1248,3000,20260630,TC-01,SUSPENDED_PENDING_REVIEW,2026-06-30,2026-05-15,SYNTHETIC_RISK_SCENARIO
502904,TST-U02904,TST-U02904,500,502,2PN,2,2,76.48,93.61,24,TOP,NE,N,OBSTRUCTED,False,0.817,1.7,False,1,0.05,8.6,WASTE_STATION,False,SYNTHETIC,RISK_PROJECT_BASELINE,Tổ hợp thương mại căn hộ Phú Mỹ,1248,3000,20260630,TC-01,SUSPENDED_PENDING_REVIEW,2026-06-30,2026-05-15,SYNTHETIC_RISK_SCENARIO
502905,TST-U02905,TST-U02905,500,502,3PN,3,2,112.31,137.97,24,TOP,N,SW,OBSTRUCTED,False,0.814,1.7,False,0,0.22,13.3,NONE,False,SYNTHETIC,RISK_PROJECT_BASELINE,Tổ hợp thương mại căn hộ Phú Mỹ,1248,3000,20260630,TC-01,SUSPENDED_PENDING_REVIEW,2026-06-30,2026-05-15,SYNTHETIC_RISK_SCENARIO
502906,TST-U02906,TST-U02906,500,502,3PN,3,2,100.71,117.24,24,TOP,N,SE,CITY_OPEN,False,0.859,2.9,False,0,0.02,78.1,NONE,False,SYNTHETIC,RISK_PROJECT_BASELINE,Tổ hợp thương mại căn hộ Phú Mỹ,1248,3000,20260630,TC-01,SUSPENDED_PENDING_REVIEW,2026-06-30,2026-05-15,SYNTHETIC_RISK_SCENARIO
502907,TST-U02907,TST-U02907,500,502,3PN,3,2,109.16,133.28,24,TOP,NE,W,OBSTRUCTED,False,0.819,6.0,True,0,0.23,17.4,NONE,False,SYNTHETIC,RISK_PROJECT_BASELINE,Tổ hợp thương mại căn hộ Phú Mỹ,1248,3000,20260630,TC-01,SUSPENDED_PENDING_REVIEW,2026-06-30,2026-05-15,SYNTHETIC_RISK_SCENARIO
502908,TST-U02908,TST-U02908,500,502,1PN,1,1,49.33,57.9,24,TOP,E,S,CITY_OPEN,False,0.852,12.1,False,1,0.32,83.5,TEMPLE,False,SYNTHETIC,RISK_PROJECT_BASELINE,Tổ hợp thương mại căn hộ Phú Mỹ,1248,3000,20260630,TC-01,SUSPENDED_PENDING_REVIEW,2026-06-30,2026-05-15,SYNTHETIC_RISK_SCENARIO
502909,TST-U02909,TST-U02909,500,502,2PN,2,2,71.38,85.49,24,TOP,S,SW,CITY_OPEN,False,0.835,6.9,False,0,0.12,107.0,NONE,False,SYNTHETIC,RISK_PROJECT_BASELINE,Tổ hợp thương mại căn hộ Phú Mỹ,1248,3000,20260630,TC-01,SUSPENDED_PENDING_REVIEW,2026-06-30,2026-05-15,SYNTHETIC_RISK_SCENARIO
502910,TST-U02910,TST-U02910,500,502,STUDIO,1,1,44.35,50.69,24,TOP,E,SE,CITY_OPEN,False,0.875,3.1,False,0,0.13,51.3,NONE,False,SYNTHETIC,RISK_PROJECT_BASELINE,Tổ hợp thương mại căn hộ Phú Mỹ,1248,3000,20260630,TC-01,SUSPENDED_PENDING_REVIEW,2026-06-30,2026-05-15,SYNTHETIC_RISK_SCENARIO
502911,TST-U02911,TST-U02911,500,502,3PN,3,2,104.58,122.6,24,TOP,E,E,CITY_OPEN,False,0.853,2.4,False,0,0.3,47.2,NONE,False,SYNTHETIC,RISK_PROJECT_BASELINE,Tổ hợp thương mại căn hộ Phú Mỹ,1248,3000,20260630,TC-01,SUSPENDED_PENDING_REVIEW,2026-06-30,2026-05-15,SYNTHETIC_RISK_SCENARIO
502912,TST-U02912,TST-U02912,500,502,3PN,3,2,98.41,114.43,24,TOP,SW,SW,CITY_OPEN,False,0.86,11.7,True,0,0.76,69.8,NONE,False,SYNTHETIC,RISK_PROJECT_BASELINE,Tổ hợp thương mại căn hộ Phú Mỹ,1248,3000,20260630,TC-01,SUSPENDED_PENDING_REVIEW,2026-06-30,2026-05-15,SYNTHETIC_RISK_SCENARIO
502913,TST-U02913,TST-U02913,500,502,2PN,2,2,75.67,90.84,24,TOP,NW,N,OBSTRUCTED,False,0.833,9.4,False,1,0.86,5.4,NONE,False,SYNTHETIC,RISK_PROJECT_BASELINE,Tổ hợp thương mại căn hộ Phú Mỹ,1248,3000,20260630,TC-01,SUSPENDED_PENDING_REVIEW,2026-06-30,2026-05-15,SYNTHETIC_RISK_SCENARIO
502914,TST-U02914,TST-U02914,500,502,2PN,2,2,76.07,87.14,24,TOP,N,E,CITY_OPEN,False,0.873,14.1,False,0,0.11,60.2,NONE,False,SYNTHETIC,RISK_PROJECT_BASELINE,Tổ hợp thương mại căn hộ Phú Mỹ,1248,3000,20260630,TC-01,SUSPENDED_PENDING_REVIEW,2026-06-30,2026-05-15,SYNTHETIC_RISK_SCENARIO
502915,TST-U02915,TST-U02915,500,502,2PN,2,2,66.24,82.08,24,TOP,NE,E,CITY_OPEN,False,0.807,6.2,True,0,0.1,83.2,NONE,False,SYNTHETIC,RISK_PROJECT_BASELINE,Tổ hợp thương mại căn hộ Phú Mỹ,1248,3000,20260630,TC-01,SUSPENDED_PENDING_REVIEW,2026-06-30,2026-05-15,SYNTHETIC_RISK_SCENARIO
502916,TST-U02916,TST-U02916,500,502,2PN,2,2,75.9,94.64,24,TOP,SE,SW,OBSTRUCTED,False,0.802,9.6,False,2,0.31,4.7,NONE,False,SYNTHETIC,RISK_PROJECT_BASELINE,Tổ hợp thương mại căn hộ Phú Mỹ,1248,3000,20260630,TC-01,SUSPENDED_PENDING_REVIEW,2026-06-30,2026-05-15,SYNTHETIC_RISK_SCENARIO
502917,TST-U02917,TST-U02917,500,502,2PN,2,2,83.3,100.24,24,TOP,S,W,POOL,False,0.831,4.5,False,1,0.31,50.5,NONE,False,SYNTHETIC,RISK_PROJECT_BASELINE,Tổ hợp thương mại căn hộ Phú Mỹ,1248,3000,20260630,TC-01,SUSPENDED_PENDING_REVIEW,2026-06-30,2026-05-15,SYNTHETIC_RISK_SCENARIO
502918,TST-U02918,TST-U02918,500,502,2PN,2,2,87.02,102.38,24,TOP,SW,W,OBSTRUCTED,False,0.85,1.6,False,0,0.69,11.0,NONE,False,SYNTHETIC,RISK_PROJECT_BASELINE,Tổ hợp thương mại căn hộ Phú Mỹ,1248,3000,20260630,TC-01,SUSPENDED_PENDING_REVIEW,2026-06-30,2026-05-15,SYNTHETIC_RISK_SCENARIO
502919,TST-U02919,TST-U02919,500,502,2PN,2,2,77.25,88.08,24,TOP,W,NW,PARK,False,0.877,1.6,False,0,0.78,35.8,TEMPLE,False,SYNTHETIC,RISK_PROJECT_BASELINE,Tổ hợp thương mại căn hộ Phú Mỹ,1248,3000,20260630,TC-01,SUSPENDED_PENDING_REVIEW,2026-06-30,2026-05-15,SYNTHETIC_RISK_SCENARIO
502920,TST-U02920,TST-U02920,500,502,2PN,2,2,63.24,73.79,24,TOP,NW,W,CITY_OPEN,True,0.857,9.3,False,0,0.73,84.2,NONE,False,SYNTHETIC,RISK_PROJECT_BASELINE,Tổ hợp thương mại căn hộ Phú Mỹ,1248,3000,20260630,TC-01,SUSPENDED_PENDING_REVIEW,2026-06-30,2026-05-15,SYNTHETIC_RISK_SCENARIO
502921,TST-U02921,TST-U02921,500,502,3PN,3,2,98.35,120.38,24,TOP,SE,E,OBSTRUCTED,False,0.817,11.9,False,0,0.1,11.3,NONE,False,SYNTHETIC,RISK_PROJECT_BASELINE,Tổ hợp thương mại căn hộ Phú Mỹ,1248,3000,20260630,TC-01,SUSPENDED_PENDING_REVIEW,2026-06-30,2026-05-15,SYNTHETIC_RISK_SCENARIO
502922,TST-U02922,TST-U02922,500,502,1PN,1,1,56.58,65.11,24,TOP,SE,E,OBSTRUCTED,False,0.869,4.9,False,0,0.12,7.4,NONE,False,SYNTHETIC,RISK_PROJECT_BASELINE,Tổ hợp thương mại căn hộ Phú Mỹ,1248,3000,20260630,TC-01,SUSPENDED_PENDING_REVIEW,2026-06-30,2026-05-15,SYNTHETIC_RISK_SCENARIO
502923,TST-U02923,TST-U02923,500,502,2PN,2,2,76.69,92.06,24,TOP,N,W,OBSTRUCTED,False,0.833,5.9,False,0,0.16,6.8,NONE,False,SYNTHETIC,RISK_PROJECT_BASELINE,Tổ hợp thương mại căn hộ Phú Mỹ,1248,3000,20260630,TC-01,SUSPENDED_PENDING_REVIEW,2026-06-30,2026-05-15,SYNTHETIC_RISK_SCENARIO
502924,TST-U02924,TST-U02924,500,502,STUDIO,1,1,40.7,49.39,24,TOP,NW,NE,OBSTRUCTED,True,0.824,8.5,False,0,0.86,15.4,NONE,False,SYNTHETIC,RISK_PROJECT_BASELINE,Tổ hợp thương mại căn hộ Phú Mỹ,1248,3000,20260630,TC-01,SUSPENDED_PENDING_REVIEW,2026-06-30,2026-05-15,SYNTHETIC_RISK_SCENARIO
502925,TST-U02925,TST-U02925,500,502,2PN,2,2,84.13,103.61,24,TOP,S,N,OBSTRUCTED,False,0.812,15.9,False,1,0.03,17.0,NONE,False,SYNTHETIC,RISK_PROJECT_BASELINE,Tổ hợp thương mại căn hộ Phú Mỹ,1248,3000,20260630,TC-01,SUSPENDED_PENDING_REVIEW,2026-06-30,2026-05-15,SYNTHETIC_RISK_SCENARIO
502926,TST-U02926,TST-U02926,500,502,2PN,2,2,83.14,100.41,24,TOP,NE,SW,CITY_OPEN,True,0.828,2.1,False,1,0.26,42.5,NONE,False,SYNTHETIC,RISK_PROJECT_BASELINE,Tổ hợp thương mại căn hộ Phú Mỹ,1248,3000,20260630,TC-01,SUSPENDED_PENDING_REVIEW,2026-06-30,2026-05-15,SYNTHETIC_RISK_SCENARIO
502927,TST-U02927,TST-U02927,500,502,3PN,3,2,101.74,117.75,24,TOP,NW,N,OBSTRUCTED,True,0.864,2.4,True,0,0.7,16.5,NONE,False,SYNTHETIC,RISK_PROJECT_BASELINE,Tổ hợp thương mại căn hộ Phú Mỹ,1248,3000,20260630,TC-01,SUSPENDED_PENDING_REVIEW,2026-06-30,2026-05-15,SYNTHETIC_RISK_SCENARIO
502928,TST-U02928,TST-U02928,500,502,1PN,1,1,56.02,67.66,24,TOP,NE,W,OBSTRUCTED,False,0.828,1.5,False,0,0.19,13.3,NONE,False,SYNTHETIC,RISK_PROJECT_BASELINE,Tổ hợp thương mại căn hộ Phú Mỹ,1248,3000,20260630,TC-01,SUSPENDED_PENDING_REVIEW,2026-06-30,2026-05-15,SYNTHETIC_RISK_SCENARIO
502929,TST-U02929,TST-U02929,500,502,2PN,2,2,72.69,85.72,24,TOP,SW,E,PARK,False,0.848,7.4,False,1,0.59,86.3,NONE,False,SYNTHETIC,RISK_PROJECT_BASELINE,Tổ hợp thương mại căn hộ Phú Mỹ,1248,3000,20260630,TC-01,SUSPENDED_PENDING_REVIEW,2026-06-30,2026-05-15,SYNTHETIC_RISK_SCENARIO
502930,TST-U02930,TST-U02930,500,502,1PN,1,1,47.83,55.04,24,TOP,NE,N,CITY_OPEN,False,0.869,12.1,False,0,0.2,50.1,NONE,False,SYNTHETIC,RISK_PROJECT_BASELINE,Tổ hợp thương mại căn hộ Phú Mỹ,1248,3000,20260630,TC-01,SUSPENDED_PENDING_REVIEW,2026-06-30,2026-05-15,SYNTHETIC_RISK_SCENARIO
502931,TST-U02931,TST-U02931,500,502,2PN,2,2,70.28,79.59,24,TOP,E,SE,PARK,False,0.883,6.9,False,0,0.09,101.3,NONE,False,SYNTHETIC,RISK_PROJECT_BASELINE,Tổ hợp thương mại căn hộ Phú Mỹ,1248,3000,20260630,TC-01,SUSPENDED_PENDING_REVIEW,2026-06-30,2026-05-15,SYNTHETIC_RISK_SCENARIO
502932,TST-U02932,TST-U02932,500,502,1PN,1,1,54.73,65.7,24,TOP,N,NW,OBSTRUCTED,False,0.833,14.8,True,2,0.18,13.6,NONE,False,SYNTHETIC,RISK_PROJECT_BASELINE,Tổ hợp thương mại căn hộ Phú Mỹ,1248,3000,20260630,TC-01,SUSPENDED_PENDING_REVIEW,2026-06-30,2026-05-15,SYNTHETIC_RISK_SCENARIO
502933,TST-U02933,TST-U02933,500,502,STUDIO,1,1,39.95,49.5,24,TOP,SW,NW,OBSTRUCTED,True,0.807,2.6,False,1,0.59,15.4,NONE,False,SYNTHETIC,RISK_PROJECT_BASELINE,Tổ hợp thương mại căn hộ Phú Mỹ,1248,3000,20260630,TC-01,SUSPENDED_PENDING_REVIEW,2026-06-30,2026-05-15,SYNTHETIC_RISK_SCENARIO
502934,TST-U02934,TST-U02934,500,502,2PN,2,2,66.24,82.29,24,TOP,S,SW,OBSTRUCTED,False,0.805,4.4,False,0,0.2,15.0,NONE,False,SYNTHETIC,RISK_PROJECT_BASELINE,Tổ hợp thương mại căn hộ Phú Mỹ,1248,3000,20260630,TC-01,SUSPENDED_PENDING_REVIEW,2026-06-30,2026-05-15,SYNTHETIC_RISK_SCENARIO
502935,TST-U02935,TST-U02935,500,502,3PN,3,2,96.8,114.96,24,TOP,E,W,OBSTRUCTED,False,0.842,12.7,True,1,0.05,14.1,NONE,False,SYNTHETIC,RISK_PROJECT_BASELINE,Tổ hợp thương mại căn hộ Phú Mỹ,1248,3000,20260630,TC-01,SUSPENDED_PENDING_REVIEW,2026-06-30,2026-05-15,SYNTHETIC_RISK_SCENARIO
502936,TST-U02936,TST-U02936,500,502,1PN,1,1,54.14,63.62,24,TOP,NW,W,OBSTRUCTED,False,0.851,7.5,False,0,0.78,15.3,NONE,False,SYNTHETIC,RISK_PROJECT_BASELINE,Tổ hợp thương mại căn hộ Phú Mỹ,1248,3000,20260630,TC-01,SUSPENDED_PENDING_REVIEW,2026-06-30,2026-05-15,SYNTHETIC_RISK_SCENARIO
502937,TST-U02937,TST-U02937,500,502,2PN,2,2,78.46,93.63,24,TOP,SE,W,CITY_OPEN,False,0.838,4.2,False,0,0.21,97.4,TEMPLE,False,SYNTHETIC,RISK_PROJECT_BASELINE,Tổ hợp thương mại căn hộ Phú Mỹ,1248,3000,20260630,TC-01,SUSPENDED_PENDING_REVIEW,2026-06-30,2026-05-15,SYNTHETIC_RISK_SCENARIO
502938,TST-U02938,TST-U02938,500,502,2PN,2,2,84.95,97.2,24,TOP,N,W,PARK,False,0.874,6.9,False,0,0.02,82.5,NONE,False,SYNTHETIC,RISK_PROJECT_BASELINE,Tổ hợp thương mại căn hộ Phú Mỹ,1248,3000,20260630,TC-01,SUSPENDED_PENDING_REVIEW,2026-06-30,2026-05-15,SYNTHETIC_RISK_SCENARIO
502939,TST-U02939,TST-U02939,500,502,3PN,3,2,104.17,128.29,24,TOP,S,S,CITY_OPEN,True,0.812,6.0,False,0,0.28,37.5,NONE,False,SYNTHETIC,RISK_PROJECT_BASELINE,Tổ hợp thương mại căn hộ Phú Mỹ,1248,3000,20260630,TC-01,SUSPENDED_PENDING_REVIEW,2026-06-30,2026-05-15,SYNTHETIC_RISK_SCENARIO
502940,TST-U02940,TST-U02940,500,502,3PN,3,2,112.15,136.94,24,TOP,S,SE,POOL,False,0.819,12.9,False,1,0.14,102.2,NONE,False,SYNTHETIC,RISK_PROJECT_BASELINE,Tổ hợp thương mại căn hộ Phú Mỹ,1248,3000,20260630,TC-01,SUSPENDED_PENDING_REVIEW,2026-06-30,2026-05-15,SYNTHETIC_RISK_SCENARIO
502941,TST-U02941,TST-U02941,500,502,2PN,2,2,76.92,87.71,24,TOP,W,SE,OBSTRUCTED,False,0.877,10.0,False,0,0.88,8.9,NONE,False,SYNTHETIC,RISK_PROJECT_BASELINE,Tổ hợp thương mại căn hộ Phú Mỹ,1248,3000,20260630,TC-01,SUSPENDED_PENDING_REVIEW,2026-06-30,2026-05-15,SYNTHETIC_RISK_SCENARIO
502942,TST-U02942,TST-U02942,500,502,2PN,2,2,75.31,85.68,24,TOP,NE,W,OBSTRUCTED,False,0.879,7.8,False,0,0.1,15.3,NONE,False,SYNTHETIC,RISK_PROJECT_BASELINE,Tổ hợp thương mại căn hộ Phú Mỹ,1248,3000,20260630,TC-01,SUSPENDED_PENDING_REVIEW,2026-06-30,2026-05-15,SYNTHETIC_RISK_SCENARIO
502943,TST-U02943,TST-U02943,500,502,2PN,2,2,72.37,85.75,24,TOP,NE,W,CITY_OPEN,False,0.844,14.0,False,0,0.15,29.0,NONE,False,SYNTHETIC,RISK_PROJECT_BASELINE,Tổ hợp thương mại căn hộ Phú Mỹ,1248,3000,20260630,TC-01,SUSPENDED_PENDING_REVIEW,2026-06-30,2026-05-15,SYNTHETIC_RISK_SCENARIO
502944,TST-U02944,TST-U02944,500,502,3PN,3,2,107.01,124.43,24,TOP,W,S,PARK,True,0.86,13.8,True,0,0.53,109.0,NONE,False,SYNTHETIC,RISK_PROJECT_BASELINE,Tổ hợp thương mại căn hộ Phú Mỹ,1248,3000,20260630,TC-01,SUSPENDED_PENDING_REVIEW,2026-06-30,2026-05-15,SYNTHETIC_RISK_SCENARIO
502945,TST-U02945,TST-U02945,500,502,3PN,3,2,107.56,123.77,24,TOP,S,SE,OBSTRUCTED,False,0.869,2.8,False,0,0.31,15.8,NONE,False,SYNTHETIC,RISK_PROJECT_BASELINE,Tổ hợp thương mại căn hộ Phú Mỹ,1248,3000,20260630,TC-01,SUSPENDED_PENDING_REVIEW,2026-06-30,2026-05-15,SYNTHETIC_RISK_SCENARIO
502946,TST-U02946,TST-U02946,500,502,2PN,2,2,69.64,84.62,24,TOP,NW,SE,CITY_OPEN,False,0.823,3.1,False,0,0.71,91.2,NONE,False,SYNTHETIC,RISK_PROJECT_BASELINE,Tổ hợp thương mại căn hộ Phú Mỹ,1248,3000,20260630,TC-01,SUSPENDED_PENDING_REVIEW,2026-06-30,2026-05-15,SYNTHETIC_RISK_SCENARIO
502947,TST-U02947,TST-U02947,500,502,3PN,3,2,109.53,127.66,24,TOP,SE,S,OBSTRUCTED,True,0.858,2.1,False,0,0.1,4.7,NONE,False,SYNTHETIC,RISK_PROJECT_BASELINE,Tổ hợp thương mại căn hộ Phú Mỹ,1248,3000,20260630,TC-01,SUSPENDED_PENDING_REVIEW,2026-06-30,2026-05-15,SYNTHETIC_RISK_SCENARIO
502948,TST-U02948,TST-U02948,500,502,STUDIO,1,1,43.59,49.99,24,TOP,SE,E,PARK,False,0.872,5.9,False,0,0.05,76.4,NONE,False,SYNTHETIC,RISK_PROJECT_BASELINE,Tổ hợp thương mại căn hộ Phú Mỹ,1248,3000,20260630,TC-01,SUSPENDED_PENDING_REVIEW,2026-06-30,2026-05-15,SYNTHETIC_RISK_SCENARIO
502949,TST-U02949,TST-U02949,500,502,1PN,1,1,60.17,73.11,24,TOP,S,S,CITY_OPEN,False,0.823,8.0,False,0,0.19,82.0,NONE,False,SYNTHETIC,RISK_PROJECT_BASELINE,Tổ hợp thương mại căn hộ Phú Mỹ,1248,3000,20260630,TC-01,SUSPENDED_PENDING_REVIEW,2026-06-30,2026-05-15,SYNTHETIC_RISK_SCENARIO
502950,TST-U02950,TST-U02950,500,502,2PN,2,2,78.07,90.05,24,TOP,NE,E,OBSTRUCTED,False,0.867,9.6,True,0,0.24,11.9,NONE,False,SYNTHETIC,RISK_PROJECT_BASELINE,Tổ hợp thương mại căn hộ Phú Mỹ,1248,3000,20260630,TC-01,SUSPENDED_PENDING_REVIEW,2026-06-30,2026-05-15,SYNTHETIC_RISK_SCENARIO
502951,TST-U02951,TST-U02951,500,502,1PN,1,1,50.64,62.75,24,TOP,N,SW,OBSTRUCTED,False,0.807,12.2,False,0,0.16,14.8,NONE,False,SYNTHETIC,RISK_PROJECT_BASELINE,Tổ hợp thương mại căn hộ Phú Mỹ,1248,3000,20260630,TC-01,SUSPENDED_PENDING_REVIEW,2026-06-30,2026-05-15,SYNTHETIC_RISK_SCENARIO
502952,TST-U02952,TST-U02952,500,502,2PN,2,2,75.51,87.9,24,TOP,W,E,OBSTRUCTED,False,0.859,9.7,False,0,0.88,15.9,NONE,False,SYNTHETIC,RISK_PROJECT_BASELINE,Tổ hợp thương mại căn hộ Phú Mỹ,1248,3000,20260630,TC-01,SUSPENDED_PENDING_REVIEW,2026-06-30,2026-05-15,SYNTHETIC_RISK_SCENARIO
502953,TST-U02953,TST-U02953,500,502,1PN,1,1,61.55,69.71,25,TOP,E,W,CITY_OPEN,False,0.883,7.7,False,1,0.07,56.7,NONE,False,SYNTHETIC,RISK_PROJECT_BASELINE,Tổ hợp thương mại căn hộ Phú Mỹ,1248,3000,20260630,TC-01,SUSPENDED_PENDING_REVIEW,2026-06-30,2026-05-15,SYNTHETIC_RISK_SCENARIO
502954,TST-U02954,TST-U02954,500,502,2PN,2,2,84.16,104.68,25,TOP,W,NE,PARK,False,0.804,7.2,False,0,0.54,94.5,NONE,False,SYNTHETIC,RISK_PROJECT_BASELINE,Tổ hợp thương mại căn hộ Phú Mỹ,1248,3000,20260630,TC-01,SUSPENDED_PENDING_REVIEW,2026-06-30,2026-05-15,SYNTHETIC_RISK_SCENARIO
502955,TST-U02955,TST-U02955,500,502,2PN,2,2,81.34,93.49,25,TOP,SE,SE,OBSTRUCTED,False,0.87,12.2,False,2,0.3,16.3,NONE,False,SYNTHETIC,RISK_PROJECT_BASELINE,Tổ hợp thương mại căn hộ Phú Mỹ,1248,3000,20260630,TC-01,SUSPENDED_PENDING_REVIEW,2026-06-30,2026-05-15,SYNTHETIC_RISK_SCENARIO
502956,TST-U02956,TST-U02956,500,502,2PN,2,2,78.24,90.03,25,TOP,W,N,OBSTRUCTED,False,0.869,15.3,False,1,0.68,14.4,NONE,False,SYNTHETIC,RISK_PROJECT_BASELINE,Tổ hợp thương mại căn hộ Phú Mỹ,1248,3000,20260630,TC-01,SUSPENDED_PENDING_REVIEW,2026-06-30,2026-05-15,SYNTHETIC_RISK_SCENARIO
502957,TST-U02957,TST-U02957,500,502,STUDIO,1,1,39.28,47.5,25,TOP,E,SW,OBSTRUCTED,False,0.827,9.4,False,0,0.2,10.1,NONE,False,SYNTHETIC,RISK_PROJECT_BASELINE,Tổ hợp thương mại căn hộ Phú Mỹ,1248,3000,20260630,TC-01,SUSPENDED_PENDING_REVIEW,2026-06-30,2026-05-15,SYNTHETIC_RISK_SCENARIO
502958,TST-U02958,TST-U02958,500,502,2PN,2,2,84.04,104.79,25,TOP,SE,NW,CITY_OPEN,True,0.802,14.5,False,0,0.07,107.9,NONE,False,SYNTHETIC,RISK_PROJECT_BASELINE,Tổ hợp thương mại căn hộ Phú Mỹ,1248,3000,20260630,TC-01,SUSPENDED_PENDING_REVIEW,2026-06-30,2026-05-15,SYNTHETIC_RISK_SCENARIO
502959,TST-U02959,TST-U02959,500,502,3PN,3,2,112.6,130.17,25,TOP,N,NE,OBSTRUCTED,False,0.865,4.2,True,0,0.22,11.2,NONE,False,SYNTHETIC,RISK_PROJECT_BASELINE,Tổ hợp thương mại căn hộ Phú Mỹ,1248,3000,20260630,TC-01,SUSPENDED_PENDING_REVIEW,2026-06-30,2026-05-15,SYNTHETIC_RISK_SCENARIO
502960,TST-U02960,TST-U02960,500,502,2PN,2,2,75.52,90.01,25,TOP,SE,W,CITY_OPEN,False,0.839,3.3,False,0,0.22,47.9,CEMETERY,False,SYNTHETIC,RISK_PROJECT_BASELINE,Tổ hợp thương mại căn hộ Phú Mỹ,1248,3000,20260630,TC-01,SUSPENDED_PENDING_REVIEW,2026-06-30,2026-05-15,SYNTHETIC_RISK_SCENARIO
502961,TST-U02961,TST-U02961,500,502,2PN,2,2,74.86,85.46,25,TOP,SE,W,POOL,False,0.876,15.8,False,1,0.3,61.4,NONE,False,SYNTHETIC,RISK_PROJECT_BASELINE,Tổ hợp thương mại căn hộ Phú Mỹ,1248,3000,20260630,TC-01,SUSPENDED_PENDING_REVIEW,2026-06-30,2026-05-15,SYNTHETIC_RISK_SCENARIO
502962,TST-U02962,TST-U02962,500,502,2PN,2,2,76.31,92.38,25,TOP,SE,NW,POOL,False,0.826,13.3,False,1,0.09,44.1,WASTE_STATION,False,SYNTHETIC,RISK_PROJECT_BASELINE,Tổ hợp thương mại căn hộ Phú Mỹ,1248,3000,20260630,TC-01,SUSPENDED_PENDING_REVIEW,2026-06-30,2026-05-15,SYNTHETIC_RISK_SCENARIO
502963,TST-U02963,TST-U02963,500,502,2PN,2,2,75.36,90.47,25,TOP,N,E,CITY_OPEN,False,0.833,6.4,False,0,0.12,94.0,NONE,False,SYNTHETIC,RISK_PROJECT_BASELINE,Tổ hợp thương mại căn hộ Phú Mỹ,1248,3000,20260630,TC-01,SUSPENDED_PENDING_REVIEW,2026-06-30,2026-05-15,SYNTHETIC_RISK_SCENARIO
502964,TST-U02964,TST-U02964,500,502,1PN,1,1,53.9,61.88,25,TOP,NE,N,OBSTRUCTED,False,0.871,8.9,False,0,0.14,14.5,NONE,False,SYNTHETIC,RISK_PROJECT_BASELINE,Tổ hợp thương mại căn hộ Phú Mỹ,1248,3000,20260630,TC-01,SUSPENDED_PENDING_REVIEW,2026-06-30,2026-05-15,SYNTHETIC_RISK_SCENARIO
502965,TST-U02965,TST-U02965,500,502,1PN,1,1,52.25,64.11,25,TOP,E,NW,CITY_OPEN,True,0.815,6.5,False,0,0.25,43.8,NONE,False,SYNTHETIC,RISK_PROJECT_BASELINE,Tổ hợp thương mại căn hộ Phú Mỹ,1248,3000,20260630,TC-01,SUSPENDED_PENDING_REVIEW,2026-06-30,2026-05-15,SYNTHETIC_RISK_SCENARIO
502966,TST-U02966,TST-U02966,500,502,2PN,2,2,74.74,92.39,25,TOP,E,NE,OBSTRUCTED,False,0.809,11.9,False,0,0.28,17.3,NONE,False,SYNTHETIC,RISK_PROJECT_BASELINE,Tổ hợp thương mại căn hộ Phú Mỹ,1248,3000,20260630,TC-01,SUSPENDED_PENDING_REVIEW,2026-06-30,2026-05-15,SYNTHETIC_RISK_SCENARIO
502967,TST-U02967,TST-U02967,500,502,1PN,1,1,58.48,69.54,25,TOP,SE,E,OBSTRUCTED,False,0.841,14.8,False,0,0.29,7.0,NONE,False,SYNTHETIC,RISK_PROJECT_BASELINE,Tổ hợp thương mại căn hộ Phú Mỹ,1248,3000,20260630,TC-01,SUSPENDED_PENDING_REVIEW,2026-06-30,2026-05-15,SYNTHETIC_RISK_SCENARIO
502968,TST-U02968,TST-U02968,500,502,2PN,2,2,85.15,98.33,25,TOP,W,S,OBSTRUCTED,False,0.866,1.7,False,1,0.89,11.3,NONE,False,SYNTHETIC,RISK_PROJECT_BASELINE,Tổ hợp thương mại căn hộ Phú Mỹ,1248,3000,20260630,TC-01,SUSPENDED_PENDING_REVIEW,2026-06-30,2026-05-15,SYNTHETIC_RISK_SCENARIO
502969,TST-U02969,TST-U02969,500,502,3PN,3,2,100.65,122.45,25,TOP,SW,N,CITY_OPEN,False,0.822,5.4,True,0,0.78,64.9,NONE,False,SYNTHETIC,RISK_PROJECT_BASELINE,Tổ hợp thương mại căn hộ Phú Mỹ,1248,3000,20260630,TC-01,SUSPENDED_PENDING_REVIEW,2026-06-30,2026-05-15,SYNTHETIC_RISK_SCENARIO
502970,TST-U02970,TST-U02970,500,502,2PN,2,2,71.43,84.33,25,TOP,SE,E,CITY_OPEN,False,0.847,3.1,False,0,0.24,40.6,NONE,False,SYNTHETIC,RISK_PROJECT_BASELINE,Tổ hợp thương mại căn hộ Phú Mỹ,1248,3000,20260630,TC-01,SUSPENDED_PENDING_REVIEW,2026-06-30,2026-05-15,SYNTHETIC_RISK_SCENARIO
502971,TST-U02971,TST-U02971,500,502,3PN,3,2,98.57,120.5,25,TOP,SE,W,POOL,False,0.818,2.1,False,0,0.03,93.1,NONE,False,SYNTHETIC,RISK_PROJECT_BASELINE,Tổ hợp thương mại căn hộ Phú Mỹ,1248,3000,20260630,TC-01,SUSPENDED_PENDING_REVIEW,2026-06-30,2026-05-15,SYNTHETIC_RISK_SCENARIO
502972,TST-U02972,TST-U02972,500,502,2PN,2,2,68.48,79.26,25,TOP,W,N,OBSTRUCTED,False,0.864,3.7,False,1,0.66,12.6,NONE,False,SYNTHETIC,RISK_PROJECT_BASELINE,Tổ hợp thương mại căn hộ Phú Mỹ,1248,3000,20260630,TC-01,SUSPENDED_PENDING_REVIEW,2026-06-30,2026-05-15,SYNTHETIC_RISK_SCENARIO
502973,TST-U02973,TST-U02973,500,502,2PN,2,2,73.27,87.33,25,TOP,W,SE,CITY_OPEN,False,0.839,8.3,False,0,0.76,91.9,NONE,False,SYNTHETIC,RISK_PROJECT_BASELINE,Tổ hợp thương mại căn hộ Phú Mỹ,1248,3000,20260630,TC-01,SUSPENDED_PENDING_REVIEW,2026-06-30,2026-05-15,SYNTHETIC_RISK_SCENARIO
502974,TST-U02974,TST-U02974,500,502,3PN,3,2,103.62,120.63,25,TOP,SE,SW,OBSTRUCTED,True,0.859,12.3,False,0,0.16,11.5,NONE,False,SYNTHETIC,RISK_PROJECT_BASELINE,Tổ hợp thương mại căn hộ Phú Mỹ,1248,3000,20260630,TC-01,SUSPENDED_PENDING_REVIEW,2026-06-30,2026-05-15,SYNTHETIC_RISK_SCENARIO
502975,TST-U02975,TST-U02975,500,502,2PN,2,2,85.01,104.82,25,TOP,E,S,CITY_OPEN,False,0.811,8.8,False,1,0.15,59.6,NONE,False,SYNTHETIC,RISK_PROJECT_BASELINE,Tổ hợp thương mại căn hộ Phú Mỹ,1248,3000,20260630,TC-01,SUSPENDED_PENDING_REVIEW,2026-06-30,2026-05-15,SYNTHETIC_RISK_SCENARIO
502976,TST-U02976,TST-U02976,500,502,2PN,2,2,68.11,77.4,25,TOP,NE,SW,OBSTRUCTED,False,0.88,1.8,False,1,0.15,7.6,CEMETERY,False,SYNTHETIC,RISK_PROJECT_BASELINE,Tổ hợp thương mại căn hộ Phú Mỹ,1248,3000,20260630,TC-01,SUSPENDED_PENDING_REVIEW,2026-06-30,2026-05-15,SYNTHETIC_RISK_SCENARIO
502977,TST-U02977,TST-U02977,500,502,2PN,2,2,79.61,89.95,25,TOP,N,SW,OBSTRUCTED,True,0.885,7.6,False,1,0.26,4.8,NONE,False,SYNTHETIC,RISK_PROJECT_BASELINE,Tổ hợp thương mại căn hộ Phú Mỹ,1248,3000,20260630,TC-01,SUSPENDED_PENDING_REVIEW,2026-06-30,2026-05-15,SYNTHETIC_RISK_SCENARIO
502978,TST-U02978,TST-U02978,500,502,2PN,2,2,71.15,88.83,25,TOP,SW,NE,CITY_OPEN,False,0.801,8.8,False,1,0.87,44.9,CEMETERY,False,SYNTHETIC,RISK_PROJECT_BASELINE,Tổ hợp thương mại căn hộ Phú Mỹ,1248,3000,20260630,TC-01,SUSPENDED_PENDING_REVIEW,2026-06-30,2026-05-15,SYNTHETIC_RISK_SCENARIO
502979,TST-U02979,TST-U02979,500,502,2PN,2,2,73.4,85.55,25,TOP,SW,SW,OBSTRUCTED,False,0.858,9.8,False,1,0.59,4.6,NONE,False,SYNTHETIC,RISK_PROJECT_BASELINE,Tổ hợp thương mại căn hộ Phú Mỹ,1248,3000,20260630,TC-01,SUSPENDED_PENDING_REVIEW,2026-06-30,2026-05-15,SYNTHETIC_RISK_SCENARIO
502980,TST-U02980,TST-U02980,500,502,2PN,2,2,79.47,98.97,25,TOP,NE,SE,OBSTRUCTED,False,0.803,5.2,True,0,0.19,9.4,NONE,False,SYNTHETIC,RISK_PROJECT_BASELINE,Tổ hợp thương mại căn hộ Phú Mỹ,1248,3000,20260630,TC-01,SUSPENDED_PENDING_REVIEW,2026-06-30,2026-05-15,SYNTHETIC_RISK_SCENARIO
502981,TST-U02981,TST-U02981,500,502,2PN,2,2,75.01,91.25,25,TOP,SW,W,OBSTRUCTED,False,0.822,13.9,True,0,0.78,14.5,NONE,False,SYNTHETIC,RISK_PROJECT_BASELINE,Tổ hợp thương mại căn hộ Phú Mỹ,1248,3000,20260630,TC-01,SUSPENDED_PENDING_REVIEW,2026-06-30,2026-05-15,SYNTHETIC_RISK_SCENARIO
502982,TST-U02982,TST-U02982,500,502,3PN,3,2,101.97,116.67,25,TOP,SW,N,OBSTRUCTED,False,0.874,1.4,False,0,0.63,11.9,NONE,False,SYNTHETIC,RISK_PROJECT_BASELINE,Tổ hợp thương mại căn hộ Phú Mỹ,1248,3000,20260630,TC-01,SUSPENDED_PENDING_REVIEW,2026-06-30,2026-05-15,SYNTHETIC_RISK_SCENARIO
502983,TST-U02983,TST-U02983,500,502,2PN,2,2,75.05,93.0,25,TOP,W,NW,CITY_OPEN,False,0.807,2.6,False,1,0.73,81.1,NONE,False,SYNTHETIC,RISK_PROJECT_BASELINE,Tổ hợp thương mại căn hộ Phú Mỹ,1248,3000,20260630,TC-01,SUSPENDED_PENDING_REVIEW,2026-06-30,2026-05-15,SYNTHETIC_RISK_SCENARIO
502984,TST-U02984,TST-U02984,500,502,3PN,3,2,98.56,114.74,25,TOP,W,SW,OBSTRUCTED,False,0.859,4.3,True,0,0.78,11.5,NONE,False,SYNTHETIC,RISK_PROJECT_BASELINE,Tổ hợp thương mại căn hộ Phú Mỹ,1248,3000,20260630,TC-01,SUSPENDED_PENDING_REVIEW,2026-06-30,2026-05-15,SYNTHETIC_RISK_SCENARIO
502985,TST-U02985,TST-U02985,500,502,2PN,2,2,83.17,93.77,25,TOP,NW,NE,CITY_OPEN,False,0.887,4.3,False,0,0.92,104.3,NONE,False,SYNTHETIC,RISK_PROJECT_BASELINE,Tổ hợp thương mại căn hộ Phú Mỹ,1248,3000,20260630,TC-01,SUSPENDED_PENDING_REVIEW,2026-06-30,2026-05-15,SYNTHETIC_RISK_SCENARIO
502986,TST-U02986,TST-U02986,500,502,STUDIO,1,1,47.39,53.67,25,TOP,N,N,PARK,False,0.883,14.8,False,1,0.29,61.9,NONE,False,SYNTHETIC,RISK_PROJECT_BASELINE,Tổ hợp thương mại căn hộ Phú Mỹ,1248,3000,20260630,TC-01,SUSPENDED_PENDING_REVIEW,2026-06-30,2026-05-15,SYNTHETIC_RISK_SCENARIO
502987,TST-U02987,TST-U02987,500,502,3PN,3,2,106.94,125.52,25,TOP,SW,N,OBSTRUCTED,False,0.852,15.2,False,0,0.87,11.6,NONE,False,SYNTHETIC,RISK_PROJECT_BASELINE,Tổ hợp thương mại căn hộ Phú Mỹ,1248,3000,20260630,TC-01,SUSPENDED_PENDING_REVIEW,2026-06-30,2026-05-15,SYNTHETIC_RISK_SCENARIO
502988,TST-U02988,TST-U02988,500,502,2PN,2,2,72.7,90.54,25,TOP,W,NW,OBSTRUCTED,False,0.803,10.3,False,0,0.69,17.8,NONE,False,SYNTHETIC,RISK_PROJECT_BASELINE,Tổ hợp thương mại căn hộ Phú Mỹ,1248,3000,20260630,TC-01,SUSPENDED_PENDING_REVIEW,2026-06-30,2026-05-15,SYNTHETIC_RISK_SCENARIO
502989,TST-U02989,TST-U02989,500,502,3PN,3,2,94.76,113.76,25,TOP,W,NW,OBSTRUCTED,False,0.833,14.1,False,1,0.77,11.4,NONE,False,SYNTHETIC,RISK_PROJECT_BASELINE,Tổ hợp thương mại căn hộ Phú Mỹ,1248,3000,20260630,TC-01,SUSPENDED_PENDING_REVIEW,2026-06-30,2026-05-15,SYNTHETIC_RISK_SCENARIO
502990,TST-U02990,TST-U02990,500,502,3PN,3,2,103.59,118.25,25,TOP,N,S,CITY_OPEN,False,0.876,12.7,False,0,0.19,78.3,NONE,False,SYNTHETIC,RISK_PROJECT_BASELINE,Tổ hợp thương mại căn hộ Phú Mỹ,1248,3000,20260630,TC-01,SUSPENDED_PENDING_REVIEW,2026-06-30,2026-05-15,SYNTHETIC_RISK_SCENARIO
502991,TST-U02991,TST-U02991,500,502,2PN,2,2,68.2,81.29,25,TOP,NW,S,CITY_OPEN,False,0.839,8.6,False,0,0.89,34.5,NONE,False,SYNTHETIC,RISK_PROJECT_BASELINE,Tổ hợp thương mại căn hộ Phú Mỹ,1248,3000,20260630,TC-01,SUSPENDED_PENDING_REVIEW,2026-06-30,2026-05-15,SYNTHETIC_RISK_SCENARIO
502992,TST-U02992,TST-U02992,500,502,3PN,3,2,109.72,134.96,25,TOP,SE,NE,OBSTRUCTED,False,0.813,13.3,False,0,0.28,15.6,NONE,False,SYNTHETIC,RISK_PROJECT_BASELINE,Tổ hợp thương mại căn hộ Phú Mỹ,1248,3000,20260630,TC-01,SUSPENDED_PENDING_REVIEW,2026-06-30,2026-05-15,SYNTHETIC_RISK_SCENARIO
502993,TST-U02993,TST-U02993,500,502,2PN,2,2,76.35,88.47,25,TOP,NE,N,CITY_OPEN,True,0.863,8.0,False,0,0.02,35.2,NONE,False,SYNTHETIC,RISK_PROJECT_BASELINE,Tổ hợp thương mại căn hộ Phú Mỹ,1248,3000,20260630,TC-01,SUSPENDED_PENDING_REVIEW,2026-06-30,2026-05-15,SYNTHETIC_RISK_SCENARIO
502994,TST-U02994,TST-U02994,500,502,1PN,1,1,59.6,70.04,25,TOP,SE,NW,OBSTRUCTED,True,0.851,1.4,False,1,0.07,15.8,NONE,False,SYNTHETIC,RISK_PROJECT_BASELINE,Tổ hợp thương mại căn hộ Phú Mỹ,1248,3000,20260630,TC-01,SUSPENDED_PENDING_REVIEW,2026-06-30,2026-05-15,SYNTHETIC_RISK_SCENARIO
502995,TST-U02995,TST-U02995,500,502,2PN,2,2,76.58,86.83,25,TOP,SE,NE,CITY_OPEN,False,0.882,13.3,False,1,0.24,96.0,NONE,False,SYNTHETIC,RISK_PROJECT_BASELINE,Tổ hợp thương mại căn hộ Phú Mỹ,1248,3000,20260630,TC-01,SUSPENDED_PENDING_REVIEW,2026-06-30,2026-05-15,SYNTHETIC_RISK_SCENARIO
502996,TST-U02996,TST-U02996,500,502,1PN,1,1,50.73,58.92,25,TOP,SE,NE,OBSTRUCTED,False,0.861,9.6,False,1,0.29,6.5,TEMPLE,False,SYNTHETIC,RISK_PROJECT_BASELINE,Tổ hợp thương mại căn hộ Phú Mỹ,1248,3000,20260630,TC-01,SUSPENDED_PENDING_REVIEW,2026-06-30,2026-05-15,SYNTHETIC_RISK_SCENARIO
502997,TST-U02997,TST-U02997,500,502,1PN,1,1,55.02,61.82,25,TOP,SW,S,OBSTRUCTED,False,0.89,8.2,False,1,0.59,15.8,NONE,False,SYNTHETIC,RISK_PROJECT_BASELINE,Tổ hợp thương mại căn hộ Phú Mỹ,1248,3000,20260630,TC-01,SUSPENDED_PENDING_REVIEW,2026-06-30,2026-05-15,SYNTHETIC_RISK_SCENARIO
502998,TST-U02998,TST-U02998,500,502,1PN,1,1,50.54,62.16,25,TOP,W,NE,CITY_OPEN,False,0.813,2.4,False,0,0.92,41.5,NONE,False,SYNTHETIC,RISK_PROJECT_BASELINE,Tổ hợp thương mại căn hộ Phú Mỹ,1248,3000,20260630,TC-01,SUSPENDED_PENDING_REVIEW,2026-06-30,2026-05-15,SYNTHETIC_RISK_SCENARIO
502999,TST-U02999,TST-U02999,500,502,2PN,2,2,79.32,98.53,25,TOP,E,NE,OBSTRUCTED,True,0.805,8.5,True,2,0.05,15.3,NONE,False,SYNTHETIC,RISK_PROJECT_BASELINE,Tổ hợp thương mại căn hộ Phú Mỹ,1248,3000,20260630,TC-01,SUSPENDED_PENDING_REVIEW,2026-06-30,2026-05-15,SYNTHETIC_RISK_SCENARIO
503000,TST-U03000,TST-U03000,500,502,2PN,2,2,71.12,80.73,25,TOP,N,SW,CITY_OPEN,False,0.881,6.8,False,0,0.07,77.8,NONE,False,SYNTHETIC,RISK_PROJECT_BASELINE,Tổ hợp thương mại căn hộ Phú Mỹ,1248,3000,20260630,TC-01,SUSPENDED_PENDING_REVIEW,2026-06-30,2026-05-15,SYNTHETIC_RISK_SCENARIO
