diagnostic_id,snapshot_date_key,unit_key,unit_code,project_name,zone_name,unsold_days_dom,price_spread_vs_peer_pct,ticket_size_vs_income_ratio,physical_defect_penalty,thermal_view_penalty,secondary_price_gap_pct,funnel_dropoff_rate_pct,primary_cause_code,recommended_action
DIAG-20260630-TST-U0001,20260630,500001,TC-01-N1-03.01,Tổ hợp thương mại căn hộ Phú Mỹ,Tháp N1,201,-4.69,12.0,20,0,6.31,,LEGAL_PERMIT_BARRIER,EXPEDITE_LEGAL_PROCEDURES
DIAG-20260630-TST-U0002,20260630,500002,TC-01-N1-03.02,Tổ hợp thương mại căn hộ Phú Mỹ,Tháp N1,451,-3.93,11.1,10,25,7.16,,LEGAL_PERMIT_BARRIER,EXPEDITE_LEGAL_PROCEDURES
DIAG-20260630-TST-U0005,20260630,500005,TC-01-N1-03.05,Tổ hợp thương mại căn hộ Phú Mỹ,Tháp N1,159,-11.7,6.8,20,40,1.41,,LEGAL_PERMIT_BARRIER,EXPEDITE_LEGAL_PROCEDURES
DIAG-20260630-TST-U0008,20260630,500008,TC-01-N1-03.08,Tổ hợp thương mại căn hộ Phú Mỹ,Tháp N1,373,14.28,12.3,45,40,27.47,,LEGAL_PERMIT_BARRIER,EXPEDITE_LEGAL_PROCEDURES
DIAG-20260630-TST-U0009,20260630,500009,TC-01-N1-03.09,Tổ hợp thương mại căn hộ Phú Mỹ,Tháp N1,166,-10.94,6.9,20,0,2.29,,LEGAL_PERMIT_BARRIER,EXPEDITE_LEGAL_PROCEDURES
DIAG-20260630-TST-U0010,20260630,500010,TC-01-N1-03.10,Tổ hợp thương mại căn hộ Phú Mỹ,Tháp N1,218,-3.96,11.3,50,45,7.13,,LEGAL_PERMIT_BARRIER,EXPEDITE_LEGAL_PROCEDURES
DIAG-20260630-TST-U0011,20260630,500011,TC-01-N1-03.11,Tổ hợp thương mại căn hộ Phú Mỹ,Tháp N1,462,0.0,12.9,20,40,11.54,,LEGAL_PERMIT_BARRIER,EXPEDITE_LEGAL_PROCEDURES
DIAG-20260630-TST-U0013,20260630,500013,TC-01-N1-03.13,Tổ hợp thương mại căn hộ Phú Mỹ,Tháp N1,236,8.35,15.3,50,25,14.41,,LEGAL_PERMIT_BARRIER,EXPEDITE_LEGAL_PROCEDURES
DIAG-20260630-TST-U0015,20260630,500015,TC-01-N1-03.15,Tổ hợp thương mại căn hộ Phú Mỹ,Tháp N1,381,-5.48,6.2,35,25,4.16,,LEGAL_PERMIT_BARRIER,EXPEDITE_LEGAL_PROCEDURES
DIAG-20260630-TST-U0016,20260630,500016,TC-01-N1-03.16,Tổ hợp thương mại căn hộ Phú Mỹ,Tháp N1,143,-4.24,8.0,0,25,9.99,,LEGAL_PERMIT_BARRIER,EXPEDITE_LEGAL_PROCEDURES
DIAG-20260630-TST-U0018,20260630,500018,TC-01-N1-03.18,Tổ hợp thương mại căn hộ Phú Mỹ,Tháp N1,386,-2.46,10.4,50,40,8.81,,LEGAL_PERMIT_BARRIER,EXPEDITE_LEGAL_PROCEDURES
DIAG-20260630-TST-U0019,20260630,500019,TC-01-N1-03.19,Tổ hợp thương mại căn hộ Phú Mỹ,Tháp N1,146,-0.75,13.6,45,65,4.81,,LEGAL_PERMIT_BARRIER,EXPEDITE_LEGAL_PROCEDURES
DIAG-20260630-TST-U0020,20260630,500020,TC-01-N1-03.20,Tổ hợp thương mại căn hộ Phú Mỹ,Tháp N1,105,10.94,9.9,35,25,27.42,,LEGAL_PERMIT_BARRIER,EXPEDITE_LEGAL_PROCEDURES
DIAG-20260630-TST-U0021,20260630,500021,TC-01-N1-03.21,Tổ hợp thương mại căn hộ Phú Mỹ,Tháp N1,370,-8.34,14.1,35,0,-3.21,,LEGAL_PERMIT_BARRIER,EXPEDITE_LEGAL_PROCEDURES
DIAG-20260630-TST-U0023,20260630,500023,TC-01-N1-03.23,Tổ hợp thương mại căn hộ Phú Mỹ,Tháp N1,154,20.43,14.8,35,40,34.33,,LEGAL_PERMIT_BARRIER,EXPEDITE_LEGAL_PROCEDURES
DIAG-20260630-TST-U0024,20260630,500024,TC-01-N1-03.24,Tổ hợp thương mại căn hộ Phú Mỹ,Tháp N1,281,17.64,9.3,30,40,35.12,,LEGAL_PERMIT_BARRIER,EXPEDITE_LEGAL_PROCEDURES
DIAG-20260630-TST-U0026,20260630,500026,TC-01-N1-03.26,Tổ hợp thương mại căn hộ Phú Mỹ,Tháp N1,165,1.92,6.7,20,0,12.32,,LEGAL_PERMIT_BARRIER,EXPEDITE_LEGAL_PROCEDURES
DIAG-20260630-TST-U0027,20260630,500027,TC-01-N1-03.27,Tổ hợp thương mại căn hộ Phú Mỹ,Tháp N1,390,-6.82,15.0,35,55,-1.61,,LEGAL_PERMIT_BARRIER,EXPEDITE_LEGAL_PROCEDURES
DIAG-20260630-TST-U0028,20260630,500028,TC-01-N1-03.28,Tổ hợp thương mại căn hộ Phú Mỹ,Tháp N1,188,1.77,15.6,40,25,7.47,,LEGAL_PERMIT_BARRIER,EXPEDITE_LEGAL_PROCEDURES
DIAG-20260630-TST-U0029,20260630,500029,TC-01-N1-03.29,Tổ hợp thương mại căn hộ Phú Mỹ,Tháp N1,324,-7.15,11.3,30,0,3.57,,LEGAL_PERMIT_BARRIER,EXPEDITE_LEGAL_PROCEDURES
DIAG-20260630-TST-U0031,20260630,500031,TC-01-N1-03.31,Tổ hợp thương mại căn hộ Phú Mỹ,Tháp N1,420,15.9,17.3,40,40,22.39,,LEGAL_PERMIT_BARRIER,EXPEDITE_LEGAL_PROCEDURES
DIAG-20260630-TST-U0032,20260630,500032,TC-01-N1-03.32,Tổ hợp thương mại căn hộ Phú Mỹ,Tháp N1,166,-1.48,11.2,0,65,9.9,,LEGAL_PERMIT_BARRIER,EXPEDITE_LEGAL_PROCEDURES
DIAG-20260630-TST-U0033,20260630,500033,TC-01-N1-03.33,Tổ hợp thương mại căn hộ Phú Mỹ,Tháp N1,387,1.7,12.3,30,65,13.45,,LEGAL_PERMIT_BARRIER,EXPEDITE_LEGAL_PROCEDURES
DIAG-20260630-TST-U0034,20260630,500034,TC-01-N1-03.34,Tổ hợp thương mại căn hộ Phú Mỹ,Tháp N1,377,9.11,11.3,10,0,21.7,,LEGAL_PERMIT_BARRIER,EXPEDITE_LEGAL_PROCEDURES
DIAG-20260630-TST-U0035,20260630,500035,TC-01-N1-03.35,Tổ hợp thương mại căn hộ Phú Mỹ,Tháp N1,166,-6.47,7.8,20,40,7.42,,LEGAL_PERMIT_BARRIER,EXPEDITE_LEGAL_PROCEDURES
DIAG-20260630-TST-U0036,20260630,500036,TC-01-N1-03.36,Tổ hợp thương mại căn hộ Phú Mỹ,Tháp N1,155,16.01,14.1,40,0,29.41,,LEGAL_PERMIT_BARRIER,EXPEDITE_LEGAL_PROCEDURES
DIAG-20260630-TST-U0037,20260630,500037,TC-01-N1-03.37,Tổ hợp thương mại căn hộ Phú Mỹ,Tháp N1,202,0.97,12.2,25,25,12.62,,LEGAL_PERMIT_BARRIER,EXPEDITE_LEGAL_PROCEDURES
DIAG-20260630-TST-U0039,20260630,500039,TC-01-N1-03.39,Tổ hợp thương mại căn hộ Phú Mỹ,Tháp N1,226,-5.72,6.1,50,0,3.89,,LEGAL_PERMIT_BARRIER,EXPEDITE_LEGAL_PROCEDURES
DIAG-20260630-TST-U0040,20260630,500040,TC-01-N1-03.40,Tổ hợp thương mại căn hộ Phú Mỹ,Tháp N1,183,7.71,8.6,10,0,23.71,,LEGAL_PERMIT_BARRIER,EXPEDITE_LEGAL_PROCEDURES
DIAG-20260630-TST-U0041,20260630,500041,TC-01-N1-03.41,Tổ hợp thương mại căn hộ Phú Mỹ,Tháp N1,298,-3.94,6.1,20,65,5.86,,LEGAL_PERMIT_BARRIER,EXPEDITE_LEGAL_PROCEDURES
DIAG-20260630-TST-U0043,20260630,500043,TC-01-N1-03.43,Tổ hợp thương mại căn hộ Phú Mỹ,Tháp N1,423,-0.25,14.9,50,25,5.33,,LEGAL_PERMIT_BARRIER,EXPEDITE_LEGAL_PROCEDURES
DIAG-20260630-TST-U0044,20260630,500044,TC-01-N1-03.44,Tổ hợp thương mại căn hộ Phú Mỹ,Tháp N1,430,23.21,7.9,0,0,35.78,,LEGAL_PERMIT_BARRIER,EXPEDITE_LEGAL_PROCEDURES
DIAG-20260630-TST-U0045,20260630,500045,TC-01-N1-03.45,Tổ hợp thương mại căn hộ Phú Mỹ,Tháp N1,446,4.8,16.5,50,65,10.67,,LEGAL_PERMIT_BARRIER,EXPEDITE_LEGAL_PROCEDURES
DIAG-20260630-TST-U0046,20260630,500046,TC-01-N1-03.46,Tổ hợp thương mại căn hộ Phú Mỹ,Tháp N1,453,-11.35,10.2,50,55,-1.11,,LEGAL_PERMIT_BARRIER,EXPEDITE_LEGAL_PROCEDURES
DIAG-20260630-TST-U0048,20260630,500048,TC-01-N1-03.48,Tổ hợp thương mại căn hộ Phú Mỹ,Tháp N1,359,18.18,18.6,60,0,24.8,,LEGAL_PERMIT_BARRIER,EXPEDITE_LEGAL_PROCEDURES
DIAG-20260630-TST-U0049,20260630,500049,TC-01-N1-03.49,Tổ hợp thương mại căn hộ Phú Mỹ,Tháp N1,103,-0.24,8.2,55,0,14.59,,LEGAL_PERMIT_BARRIER,EXPEDITE_LEGAL_PROCEDURES
DIAG-20260630-TST-U0051,20260630,500051,TC-01-N1-03.51,Tổ hợp thương mại căn hộ Phú Mỹ,Tháp N1,251,13.06,13.7,20,40,26.11,,LEGAL_PERMIT_BARRIER,EXPEDITE_LEGAL_PROCEDURES
DIAG-20260630-TST-U0052,20260630,500052,TC-01-N1-03.52,Tổ hợp thương mại căn hộ Phú Mỹ,Tháp N1,108,4.18,12.2,50,0,16.21,,LEGAL_PERMIT_BARRIER,EXPEDITE_LEGAL_PROCEDURES
DIAG-20260630-TST-U0053,20260630,500053,TC-01-N1-03.53,Tổ hợp thương mại căn hộ Phú Mỹ,Tháp N1,98,5.4,11.5,20,40,17.57,,LEGAL_PERMIT_BARRIER,EXPEDITE_LEGAL_PROCEDURES
DIAG-20260630-TST-U0055,20260630,500055,TC-01-N1-03.55,Tổ hợp thương mại căn hộ Phú Mỹ,Tháp N1,209,2.95,12.7,35,40,14.83,,LEGAL_PERMIT_BARRIER,EXPEDITE_LEGAL_PROCEDURES
DIAG-20260630-TST-U0057,20260630,500057,TC-01-N1-03.57,Tổ hợp thương mại căn hộ Phú Mỹ,Tháp N1,278,-15.15,14.0,55,25,-10.41,,LEGAL_PERMIT_BARRIER,EXPEDITE_LEGAL_PROCEDURES
DIAG-20260630-TST-U0058,20260630,500058,TC-01-N1-03.58,Tổ hợp thương mại căn hộ Phú Mỹ,Tháp N1,465,-4.94,11.5,35,25,6.04,,LEGAL_PERMIT_BARRIER,EXPEDITE_LEGAL_PROCEDURES
DIAG-20260630-TST-U0059,20260630,500059,TC-01-N1-03.59,Tổ hợp thương mại căn hộ Phú Mỹ,Tháp N1,218,-18.49,10.0,20,65,-9.08,,LEGAL_PERMIT_BARRIER,EXPEDITE_LEGAL_PROCEDURES
DIAG-20260630-TST-U0060,20260630,500060,TC-01-N1-03.60,Tổ hợp thương mại căn hộ Phú Mỹ,Tháp N1,257,4.73,8.4,40,0,20.28,,LEGAL_PERMIT_BARRIER,EXPEDITE_LEGAL_PROCEDURES
DIAG-20260630-TST-U0061,20260630,500061,TC-01-N1-03.61,Tổ hợp thương mại căn hộ Phú Mỹ,Tháp N1,196,8.73,8.6,60,0,24.88,,LEGAL_PERMIT_BARRIER,EXPEDITE_LEGAL_PROCEDURES
DIAG-20260630-TST-U0062,20260630,500062,TC-01-N1-03.62,Tổ hợp thương mại căn hộ Phú Mỹ,Tháp N1,218,7.86,11.0,20,0,20.32,,LEGAL_PERMIT_BARRIER,EXPEDITE_LEGAL_PROCEDURES
DIAG-20260630-TST-U0063,20260630,500063,TC-01-N1-03.63,Tổ hợp thương mại căn hộ Phú Mỹ,Tháp N1,253,12.7,9.2,70,40,29.45,,LEGAL_PERMIT_BARRIER,EXPEDITE_LEGAL_PROCEDURES
DIAG-20260630-TST-U0064,20260630,500064,TC-01-N1-03.64,Tổ hợp thương mại căn hộ Phú Mỹ,Tháp N1,227,12.21,9.8,0,25,28.88,,LEGAL_PERMIT_BARRIER,EXPEDITE_LEGAL_PROCEDURES
DIAG-20260630-TST-U0065,20260630,500065,TC-01-N1-03.65,Tổ hợp thương mại căn hộ Phú Mỹ,Tháp N1,140,4.8,15.9,25,25,10.66,,LEGAL_PERMIT_BARRIER,EXPEDITE_LEGAL_PROCEDURES
DIAG-20260630-TST-U0066,20260630,500066,TC-01-N1-03.66,Tổ hợp thương mại căn hộ Phú Mỹ,Tháp N1,298,-6.82,13.8,10,0,-1.61,,LEGAL_PERMIT_BARRIER,EXPEDITE_LEGAL_PROCEDURES
DIAG-20260630-TST-U0067,20260630,500067,TC-01-N1-04.01,Tổ hợp thương mại căn hộ Phú Mỹ,Tháp N1,406,10.08,12.9,20,70,22.79,,LEGAL_PERMIT_BARRIER,EXPEDITE_LEGAL_PROCEDURES
DIAG-20260630-TST-U0068,20260630,500068,TC-01-N1-04.02,Tổ hợp thương mại căn hộ Phú Mỹ,Tháp N1,302,6.73,8.1,20,95,22.59,,LEGAL_PERMIT_BARRIER,EXPEDITE_LEGAL_PROCEDURES
DIAG-20260630-TST-U0069,20260630,500069,TC-01-N1-04.03,Tổ hợp thương mại căn hộ Phú Mỹ,Tháp N1,467,-4.3,14.8,15,75,1.05,,LEGAL_PERMIT_BARRIER,EXPEDITE_LEGAL_PROCEDURES
DIAG-20260630-TST-U0072,20260630,500072,TC-01-N1-04.06,Tổ hợp thương mại căn hộ Phú Mỹ,Tháp N1,257,14.02,12.2,10,75,27.18,,LEGAL_PERMIT_BARRIER,EXPEDITE_LEGAL_PROCEDURES
DIAG-20260630-TST-U0073,20260630,500073,TC-01-N1-04.07,Tổ hợp thương mại căn hộ Phú Mỹ,Tháp N1,383,-0.01,11.4,60,55,11.54,,LEGAL_PERMIT_BARRIER,EXPEDITE_LEGAL_PROCEDURES
DIAG-20260630-TST-U0074,20260630,500074,TC-01-N1-04.08,Tổ hợp thương mại căn hộ Phú Mỹ,Tháp N1,447,1.98,11.6,45,95,13.75,,LEGAL_PERMIT_BARRIER,EXPEDITE_LEGAL_PROCEDURES
DIAG-20260630-TST-U0076,20260630,500076,TC-01-N1-04.10,Tổ hợp thương mại căn hộ Phú Mỹ,Tháp N1,428,1.24,8.2,30,70,16.29,,LEGAL_PERMIT_BARRIER,EXPEDITE_LEGAL_PROCEDURES
DIAG-20260630-TST-U0077,20260630,500077,TC-01-N1-04.11,Tổ hợp thương mại căn hộ Phú Mỹ,Tháp N1,450,-15.66,6.9,35,70,-3.13,,LEGAL_PERMIT_BARRIER,EXPEDITE_LEGAL_PROCEDURES
DIAG-20260630-TST-U0078,20260630,500078,TC-01-N1-04.12,Tổ hợp thương mại căn hộ Phú Mỹ,Tháp N1,198,7.88,12.1,55,30,20.34,,LEGAL_PERMIT_BARRIER,EXPEDITE_LEGAL_PROCEDURES
DIAG-20260630-TST-U0079,20260630,500079,TC-01-N1-04.13,Tổ hợp thương mại căn hộ Phú Mỹ,Tháp N1,356,-13.55,8.9,40,55,-3.57,,LEGAL_PERMIT_BARRIER,EXPEDITE_LEGAL_PROCEDURES
DIAG-20260630-TST-U0080,20260630,500080,TC-01-N1-04.14,Tổ hợp thương mại căn hộ Phú Mỹ,Tháp N1,356,-3.22,12.5,20,55,7.96,,LEGAL_PERMIT_BARRIER,EXPEDITE_LEGAL_PROCEDURES
DIAG-20260630-TST-U0081,20260630,500081,TC-01-N1-04.15,Tổ hợp thương mại căn hộ Phú Mỹ,Tháp N1,239,6.31,16.2,70,70,12.26,,LEGAL_PERMIT_BARRIER,EXPEDITE_LEGAL_PROCEDURES
DIAG-20260630-TST-U0083,20260630,500083,TC-01-N1-04.17,Tổ hợp thương mại căn hộ Phú Mỹ,Tháp N1,306,3.98,8.2,20,70,19.43,,LEGAL_PERMIT_BARRIER,EXPEDITE_LEGAL_PROCEDURES
DIAG-20260630-TST-U0084,20260630,500084,TC-01-N1-04.18,Tổ hợp thương mại căn hộ Phú Mỹ,Tháp N1,350,22.47,18.8,10,30,29.32,,LEGAL_PERMIT_BARRIER,EXPEDITE_LEGAL_PROCEDURES
DIAG-20260630-TST-U0085,20260630,500085,TC-01-N1-04.19,Tổ hợp thương mại căn hộ Phú Mỹ,Tháp N1,364,-6.22,7.6,40,95,7.72,,LEGAL_PERMIT_BARRIER,EXPEDITE_LEGAL_PROCEDURES
DIAG-20260630-TST-U0087,20260630,500087,TC-01-N1-04.21,Tổ hợp thương mại căn hộ Phú Mỹ,Tháp N1,235,-5.68,10.8,20,55,5.21,,LEGAL_PERMIT_BARRIER,EXPEDITE_LEGAL_PROCEDURES
DIAG-20260630-TST-U0089,20260630,500089,TC-01-N1-04.23,Tổ hợp thương mại căn hộ Phú Mỹ,Tháp N1,391,5.67,10.8,0,30,17.87,,LEGAL_PERMIT_BARRIER,EXPEDITE_LEGAL_PROCEDURES
DIAG-20260630-TST-U0090,20260630,500090,TC-01-N1-04.24,Tổ hợp thương mại căn hộ Phú Mỹ,Tháp N1,417,16.66,17.0,20,30,23.19,,LEGAL_PERMIT_BARRIER,EXPEDITE_LEGAL_PROCEDURES
DIAG-20260630-TST-U0091,20260630,500091,TC-01-N1-04.25,Tổ hợp thương mại căn hộ Phú Mỹ,Tháp N1,322,5.41,12.9,20,55,17.58,,LEGAL_PERMIT_BARRIER,EXPEDITE_LEGAL_PROCEDURES
DIAG-20260630-TST-U0092,20260630,500092,TC-01-N1-04.26,Tổ hợp thương mại căn hộ Phú Mỹ,Tháp N1,254,-13.05,10.0,20,30,-3.01,,LEGAL_PERMIT_BARRIER,EXPEDITE_LEGAL_PROCEDURES
DIAG-20260630-TST-U0093,20260630,500093,TC-01-N1-04.27,Tổ hợp thương mại căn hộ Phú Mỹ,Tháp N1,345,15.41,9.6,20,55,32.56,,LEGAL_PERMIT_BARRIER,EXPEDITE_LEGAL_PROCEDURES
DIAG-20260630-TST-U0095,20260630,500095,TC-01-N1-04.29,Tổ hợp thương mại căn hộ Phú Mỹ,Tháp N1,176,-3.19,12.0,30,30,7.98,,LEGAL_PERMIT_BARRIER,EXPEDITE_LEGAL_PROCEDURES
DIAG-20260630-TST-U0096,20260630,500096,TC-01-N1-04.30,Tổ hợp thương mại căn hộ Phú Mỹ,Tháp N1,127,17.75,12.0,10,30,31.34,,LEGAL_PERMIT_BARRIER,EXPEDITE_LEGAL_PROCEDURES
DIAG-20260630-TST-U0097,20260630,500097,TC-01-N1-04.31,Tổ hợp thương mại căn hộ Phú Mỹ,Tháp N1,232,3.95,11.0,50,55,15.95,,LEGAL_PERMIT_BARRIER,EXPEDITE_LEGAL_PROCEDURES
DIAG-20260630-TST-U0098,20260630,500098,TC-01-N1-04.32,Tổ hợp thương mại căn hộ Phú Mỹ,Tháp N1,96,11.31,11.0,50,55,24.16,,LEGAL_PERMIT_BARRIER,EXPEDITE_LEGAL_PROCEDURES
DIAG-20260630-TST-U0099,20260630,500099,TC-01-N1-04.33,Tổ hợp thương mại căn hộ Phú Mỹ,Tháp N1,240,-17.4,6.4,55,30,-5.13,,LEGAL_PERMIT_BARRIER,EXPEDITE_LEGAL_PROCEDURES
DIAG-20260630-TST-U0101,20260630,500101,TC-01-N1-04.35,Tổ hợp thương mại căn hộ Phú Mỹ,Tháp N1,190,-1.49,12.1,55,55,9.88,,LEGAL_PERMIT_BARRIER,EXPEDITE_LEGAL_PROCEDURES
DIAG-20260630-TST-U0102,20260630,500102,TC-01-N1-04.36,Tổ hợp thương mại căn hộ Phú Mỹ,Tháp N1,215,9.09,10.7,45,30,21.69,,LEGAL_PERMIT_BARRIER,EXPEDITE_LEGAL_PROCEDURES
DIAG-20260630-TST-U0104,20260630,500104,TC-01-N1-04.38,Tổ hợp thương mại căn hộ Phú Mỹ,Tháp N1,223,2.72,12.0,0,30,14.57,,LEGAL_PERMIT_BARRIER,EXPEDITE_LEGAL_PROCEDURES
DIAG-20260630-TST-U0107,20260630,500107,TC-01-N1-04.41,Tổ hợp thương mại căn hộ Phú Mỹ,Tháp N1,266,0.73,10.7,20,55,12.36,,LEGAL_PERMIT_BARRIER,EXPEDITE_LEGAL_PROCEDURES
DIAG-20260630-TST-U0108,20260630,500108,TC-01-N1-04.42,Tổ hợp thương mại căn hộ Phú Mỹ,Tháp N1,291,9.73,6.7,30,55,20.92,,LEGAL_PERMIT_BARRIER,EXPEDITE_LEGAL_PROCEDURES
DIAG-20260630-TST-U0109,20260630,500109,TC-01-N1-04.43,Tổ hợp thương mại căn hộ Phú Mỹ,Tháp N1,109,-5.19,11.7,55,95,5.75,,LEGAL_PERMIT_BARRIER,EXPEDITE_LEGAL_PROCEDURES
DIAG-20260630-TST-U0110,20260630,500110,TC-01-N1-04.44,Tổ hợp thương mại căn hộ Phú Mỹ,Tháp N1,453,21.67,12.5,10,30,35.72,,LEGAL_PERMIT_BARRIER,EXPEDITE_LEGAL_PROCEDURES
DIAG-20260630-TST-U0111,20260630,500111,TC-01-N1-04.45,Tổ hợp thương mại căn hộ Phú Mỹ,Tháp N1,157,-3.02,15.1,60,70,2.4,,LEGAL_PERMIT_BARRIER,EXPEDITE_LEGAL_PROCEDURES
DIAG-20260630-TST-U0112,20260630,500112,TC-01-N1-04.46,Tổ hợp thương mại căn hộ Phú Mỹ,Tháp N1,381,6.89,12.9,0,30,19.23,,LEGAL_PERMIT_BARRIER,EXPEDITE_LEGAL_PROCEDURES
DIAG-20260630-TST-U0114,20260630,500114,TC-01-N1-04.48,Tổ hợp thương mại căn hộ Phú Mỹ,Tháp N1,258,21.22,18.8,80,30,28.0,,LEGAL_PERMIT_BARRIER,EXPEDITE_LEGAL_PROCEDURES
DIAG-20260630-TST-U0115,20260630,500115,TC-01-N1-04.49,Tổ hợp thương mại căn hộ Phú Mỹ,Tháp N1,312,11.33,12.5,15,30,24.18,,LEGAL_PERMIT_BARRIER,EXPEDITE_LEGAL_PROCEDURES
DIAG-20260630-TST-U0116,20260630,500116,TC-01-N1-04.50,Tổ hợp thương mại căn hộ Phú Mỹ,Tháp N1,151,-3.52,13.2,45,55,1.88,,LEGAL_PERMIT_BARRIER,EXPEDITE_LEGAL_PROCEDURES
DIAG-20260630-TST-U0117,20260630,500117,TC-01-N1-04.51,Tổ hợp thương mại căn hộ Phú Mỹ,Tháp N1,119,-11.57,9.4,40,70,-1.36,,LEGAL_PERMIT_BARRIER,EXPEDITE_LEGAL_PROCEDURES
DIAG-20260630-TST-U0118,20260630,500118,TC-01-N1-04.52,Tổ hợp thương mại căn hộ Phú Mỹ,Tháp N1,400,11.11,18.5,50,70,17.32,,LEGAL_PERMIT_BARRIER,EXPEDITE_LEGAL_PROCEDURES
DIAG-20260630-TST-U0119,20260630,500119,TC-01-N1-04.53,Tổ hợp thương mại căn hộ Phú Mỹ,Tháp N1,144,-17.18,12.5,50,70,-12.54,,LEGAL_PERMIT_BARRIER,EXPEDITE_LEGAL_PROCEDURES
DIAG-20260630-TST-U0121,20260630,500121,TC-01-N1-04.55,Tổ hợp thương mại căn hộ Phú Mỹ,Tháp N1,308,0.23,10.3,85,95,11.8,,LEGAL_PERMIT_BARRIER,EXPEDITE_LEGAL_PROCEDURES
DIAG-20260630-TST-U0122,20260630,500122,TC-01-N1-04.56,Tổ hợp thương mại căn hộ Phú Mỹ,Tháp N1,306,-6.9,9.2,20,70,3.85,,LEGAL_PERMIT_BARRIER,EXPEDITE_LEGAL_PROCEDURES
DIAG-20260630-TST-U0123,20260630,500123,TC-01-N1-04.57,Tổ hợp thương mại căn hộ Phú Mỹ,Tháp N1,163,19.65,9.0,20,95,37.43,,LEGAL_PERMIT_BARRIER,EXPEDITE_LEGAL_PROCEDURES
DIAG-20260630-TST-U0124,20260630,500124,TC-01-N1-04.58,Tổ hợp thương mại căn hộ Phú Mỹ,Tháp N1,419,-4.18,12.5,20,55,6.88,,LEGAL_PERMIT_BARRIER,EXPEDITE_LEGAL_PROCEDURES
DIAG-20260630-TST-U0125,20260630,500125,TC-01-N1-04.59,Tổ hợp thương mại căn hộ Phú Mỹ,Tháp N1,152,1.96,11.7,35,30,13.73,,LEGAL_PERMIT_BARRIER,EXPEDITE_LEGAL_PROCEDURES
DIAG-20260630-TST-U0126,20260630,500126,TC-01-N1-04.60,Tổ hợp thương mại căn hộ Phú Mỹ,Tháp N1,467,-4.0,7.9,10,75,10.27,,LEGAL_PERMIT_BARRIER,EXPEDITE_LEGAL_PROCEDURES
DIAG-20260630-TST-U0127,20260630,500127,TC-01-N1-04.61,Tổ hợp thương mại căn hộ Phú Mỹ,Tháp N1,438,-19.16,6.5,40,55,-7.15,,LEGAL_PERMIT_BARRIER,EXPEDITE_LEGAL_PROCEDURES
DIAG-20260630-TST-U0128,20260630,500128,TC-01-N1-04.62,Tổ hợp thương mại căn hộ Phú Mỹ,Tháp N1,368,21.66,13.7,50,30,35.71,,LEGAL_PERMIT_BARRIER,EXPEDITE_LEGAL_PROCEDURES
DIAG-20260630-TST-U0129,20260630,500129,TC-01-N1-04.63,Tổ hợp thương mại căn hộ Phú Mỹ,Tháp N1,223,-3.7,11.8,95,70,7.42,,LEGAL_PERMIT_BARRIER,EXPEDITE_LEGAL_PROCEDURES
DIAG-20260630-TST-U0131,20260630,500131,TC-01-N1-04.65,Tổ hợp thương mại căn hộ Phú Mỹ,Tháp N1,247,-0.51,15.6,50,30,5.06,,LEGAL_PERMIT_BARRIER,EXPEDITE_LEGAL_PROCEDURES
DIAG-20260630-TST-U0132,20260630,500132,TC-01-N1-04.66,Tổ hợp thương mại căn hộ Phú Mỹ,Tháp N1,386,15.91,18.5,10,30,22.39,,LEGAL_PERMIT_BARRIER,EXPEDITE_LEGAL_PROCEDURES
DIAG-20260630-TST-U0133,20260630,500133,TC-01-N1-05.01,Tổ hợp thương mại căn hộ Phú Mỹ,Tháp N1,244,-2.71,11.1,20,40,8.52,,LEGAL_PERMIT_BARRIER,EXPEDITE_LEGAL_PROCEDURES
DIAG-20260630-TST-U0134,20260630,500134,TC-01-N1-05.02,Tổ hợp thương mại căn hộ Phú Mỹ,Tháp N1,429,-0.26,11.3,20,65,11.25,,LEGAL_PERMIT_BARRIER,EXPEDITE_LEGAL_PROCEDURES
DIAG-20260630-TST-U0135,20260630,500135,TC-01-N1-05.03,Tổ hợp thương mại căn hộ Phú Mỹ,Tháp N1,171,-8.7,7.7,20,0,4.87,,LEGAL_PERMIT_BARRIER,EXPEDITE_LEGAL_PROCEDURES
DIAG-20260630-TST-U0136,20260630,500136,TC-01-N1-05.04,Tổ hợp thương mại căn hộ Phú Mỹ,Tháp N1,468,-2.02,15.0,80,0,3.47,,LEGAL_PERMIT_BARRIER,EXPEDITE_LEGAL_PROCEDURES
DIAG-20260630-TST-U0137,20260630,500137,TC-01-N1-05.05,Tổ hợp thương mại căn hộ Phú Mỹ,Tháp N1,260,-9.12,11.2,20,40,1.37,,LEGAL_PERMIT_BARRIER,EXPEDITE_LEGAL_PROCEDURES
DIAG-20260630-TST-U0138,20260630,500138,TC-01-N1-05.06,Tổ hợp thương mại căn hộ Phú Mỹ,Tháp N1,169,11.31,10.6,60,0,24.16,,LEGAL_PERMIT_BARRIER,EXPEDITE_LEGAL_PROCEDURES
DIAG-20260630-TST-U0139,20260630,500139,TC-01-N1-05.07,Tổ hợp thương mại căn hộ Phú Mỹ,Tháp N1,234,16.01,14.0,20,0,29.41,,LEGAL_PERMIT_BARRIER,EXPEDITE_LEGAL_PROCEDURES
DIAG-20260630-TST-U0141,20260630,500141,TC-01-N1-05.09,Tổ hợp thương mại căn hộ Phú Mỹ,Tháp N1,128,12.07,6.9,65,25,23.49,,LEGAL_PERMIT_BARRIER,EXPEDITE_LEGAL_PROCEDURES
DIAG-20260630-TST-U0144,20260630,500144,TC-01-N1-05.12,Tổ hợp thương mại căn hộ Phú Mỹ,Tháp N1,209,5.49,8.9,45,30,21.16,,LEGAL_PERMIT_BARRIER,EXPEDITE_LEGAL_PROCEDURES
DIAG-20260630-TST-U0145,20260630,500145,TC-01-N1-05.13,Tổ hợp thương mại căn hộ Phú Mỹ,Tháp N1,460,-14.19,7.3,20,30,-1.44,,LEGAL_PERMIT_BARRIER,EXPEDITE_LEGAL_PROCEDURES
DIAG-20260630-TST-U0146,20260630,500146,TC-01-N1-05.14,Tổ hợp thương mại căn hộ Phú Mỹ,Tháp N1,396,-2.47,12.2,20,65,8.79,,LEGAL_PERMIT_BARRIER,EXPEDITE_LEGAL_PROCEDURES
DIAG-20260630-TST-U0147,20260630,500147,TC-01-N1-05.15,Tổ hợp thương mại căn hộ Phú Mỹ,Tháp N1,283,-14.55,9.9,60,95,-4.68,,LEGAL_PERMIT_BARRIER,EXPEDITE_LEGAL_PROCEDURES
DIAG-20260630-TST-U0148,20260630,500148,TC-01-N1-05.16,Tổ hợp thương mại căn hộ Phú Mỹ,Tháp N1,410,26.34,14.6,10,40,40.92,,LEGAL_PERMIT_BARRIER,EXPEDITE_LEGAL_PROCEDURES
DIAG-20260630-TST-U0149,20260630,500149,TC-01-N1-05.17,Tổ hợp thương mại căn hộ Phú Mỹ,Tháp N1,450,6.63,13.0,10,0,18.94,,LEGAL_PERMIT_BARRIER,EXPEDITE_LEGAL_PROCEDURES
DIAG-20260630-TST-U0150,20260630,500150,TC-01-N1-05.18,Tổ hợp thương mại căn hộ Phú Mỹ,Tháp N1,431,13.39,18.7,10,25,19.73,,LEGAL_PERMIT_BARRIER,EXPEDITE_LEGAL_PROCEDURES
DIAG-20260630-TST-U0152,20260630,500152,TC-01-N1-05.20,Tổ hợp thương mại căn hộ Phú Mỹ,Tháp N1,312,-1.25,10.6,20,65,10.15,,LEGAL_PERMIT_BARRIER,EXPEDITE_LEGAL_PROCEDURES
DIAG-20260630-TST-U0154,20260630,500154,TC-01-N1-05.22,Tổ hợp thương mại căn hộ Phú Mỹ,Tháp N1,152,-17.98,9.7,40,65,-8.51,,LEGAL_PERMIT_BARRIER,EXPEDITE_LEGAL_PROCEDURES
DIAG-20260630-TST-U0155,20260630,500155,TC-01-N1-05.23,Tổ hợp thương mại căn hộ Phú Mỹ,Tháp N1,115,-6.31,13.9,40,40,-1.07,,LEGAL_PERMIT_BARRIER,EXPEDITE_LEGAL_PROCEDURES
DIAG-20260630-TST-U0156,20260630,500156,TC-01-N1-05.24,Tổ hợp thương mại căn hộ Phú Mỹ,Tháp N1,270,7.33,15.5,30,40,13.33,,LEGAL_PERMIT_BARRIER,EXPEDITE_LEGAL_PROCEDURES
DIAG-20260630-TST-U0157,20260630,500157,TC-01-N1-05.25,Tổ hợp thương mại căn hộ Phú Mỹ,Tháp N1,194,5.9,12.7,45,40,18.13,,LEGAL_PERMIT_BARRIER,EXPEDITE_LEGAL_PROCEDURES
DIAG-20260630-TST-U0158,20260630,500158,TC-01-N1-05.26,Tổ hợp thương mại căn hộ Phú Mỹ,Tháp N1,284,18.68,16.4,20,0,25.32,,LEGAL_PERMIT_BARRIER,EXPEDITE_LEGAL_PROCEDURES
DIAG-20260630-TST-U0159,20260630,500159,TC-01-N1-05.27,Tổ hợp thương mại căn hộ Phú Mỹ,Tháp N1,341,11.88,17.9,20,0,18.14,,LEGAL_PERMIT_BARRIER,EXPEDITE_LEGAL_PROCEDURES
DIAG-20260630-TST-U0160,20260630,500160,TC-01-N1-05.28,Tổ hợp thương mại căn hộ Phú Mỹ,Tháp N1,191,1.02,14.2,15,25,6.68,,LEGAL_PERMIT_BARRIER,EXPEDITE_LEGAL_PROCEDURES
DIAG-20260630-TST-U0161,20260630,500161,TC-01-N1-05.29,Tổ hợp thương mại căn hộ Phú Mỹ,Tháp N1,227,-5.56,14.3,70,25,-0.28,,LEGAL_PERMIT_BARRIER,EXPEDITE_LEGAL_PROCEDURES
DIAG-20260630-TST-U0162,20260630,500162,TC-01-N1-05.30,Tổ hợp thương mại căn hộ Phú Mỹ,Tháp N1,120,-6.42,10.8,55,70,4.38,,LEGAL_PERMIT_BARRIER,EXPEDITE_LEGAL_PROCEDURES
DIAG-20260630-TST-U0163,20260630,500163,TC-01-N1-05.31,Tổ hợp thương mại căn hộ Phú Mỹ,Tháp N1,280,1.37,6.7,40,65,11.71,,LEGAL_PERMIT_BARRIER,EXPEDITE_LEGAL_PROCEDURES
DIAG-20260630-TST-U0164,20260630,500164,TC-01-N1-05.32,Tổ hợp thương mại căn hộ Phú Mỹ,Tháp N1,301,-5.91,11.4,65,65,4.96,,LEGAL_PERMIT_BARRIER,EXPEDITE_LEGAL_PROCEDURES
DIAG-20260630-TST-U0165,20260630,500165,TC-01-N1-05.33,Tổ hợp thương mại căn hộ Phú Mỹ,Tháp N1,201,-9.47,6.9,35,65,3.98,,LEGAL_PERMIT_BARRIER,EXPEDITE_LEGAL_PROCEDURES
DIAG-20260630-TST-U0167,20260630,500167,TC-01-N1-05.35,Tổ hợp thương mại căn hộ Phú Mỹ,Tháp N1,239,15.77,14.8,20,25,29.14,,LEGAL_PERMIT_BARRIER,EXPEDITE_LEGAL_PROCEDURES
DIAG-20260630-TST-U0168,20260630,500168,TC-01-N1-05.36,Tổ hợp thương mại căn hộ Phú Mỹ,Tháp N1,435,6.06,17.2,20,45,12.0,,LEGAL_PERMIT_BARRIER,EXPEDITE_LEGAL_PROCEDURES
DIAG-20260630-TST-U0169,20260630,500169,TC-01-N1-05.37,Tổ hợp thương mại căn hộ Phú Mỹ,Tháp N1,107,18.71,14.8,40,40,32.41,,LEGAL_PERMIT_BARRIER,EXPEDITE_LEGAL_PROCEDURES
DIAG-20260630-TST-U0171,20260630,500171,TC-01-N1-05.39,Tổ hợp thương mại căn hộ Phú Mỹ,Tháp N1,344,-3.96,10.4,65,65,7.13,,LEGAL_PERMIT_BARRIER,EXPEDITE_LEGAL_PROCEDURES
DIAG-20260630-TST-U0172,20260630,500172,TC-01-N1-05.40,Tổ hợp thương mại căn hộ Phú Mỹ,Tháp N1,290,3.43,10.8,40,0,15.37,,LEGAL_PERMIT_BARRIER,EXPEDITE_LEGAL_PROCEDURES
DIAG-20260630-TST-U0173,20260630,500173,TC-01-N1-05.41,Tổ hợp thương mại căn hộ Phú Mỹ,Tháp N1,270,24.12,10.7,35,0,42.56,,LEGAL_PERMIT_BARRIER,EXPEDITE_LEGAL_PROCEDURES
DIAG-20260630-TST-U0174,20260630,500174,TC-01-N1-05.42,Tổ hợp thương mại căn hộ Phú Mỹ,Tháp N1,417,-13.37,12.3,20,65,-8.52,,LEGAL_PERMIT_BARRIER,EXPEDITE_LEGAL_PROCEDURES
DIAG-20260630-TST-U0177,20260630,500177,TC-01-N1-05.45,Tổ hợp thương mại căn hộ Phú Mỹ,Tháp N1,164,-2.47,7.9,20,40,12.02,,LEGAL_PERMIT_BARRIER,EXPEDITE_LEGAL_PROCEDURES
DIAG-20260630-TST-U0178,20260630,500178,TC-01-N1-05.46,Tổ hợp thương mại căn hộ Phú Mỹ,Tháp N1,102,-0.01,11.5,40,0,11.53,,LEGAL_PERMIT_BARRIER,EXPEDITE_LEGAL_PROCEDURES
DIAG-20260630-TST-U0179,20260630,500179,TC-01-N1-05.47,Tổ hợp thương mại căn hộ Phú Mỹ,Tháp N1,95,-10.09,13.4,35,65,-5.06,,LEGAL_PERMIT_BARRIER,EXPEDITE_LEGAL_PROCEDURES
DIAG-20260630-TST-U0180,20260630,500180,TC-01-N1-05.48,Tổ hợp thương mại căn hộ Phú Mỹ,Tháp N1,114,-12.8,10.0,20,65,-2.74,,LEGAL_PERMIT_BARRIER,EXPEDITE_LEGAL_PROCEDURES
DIAG-20260630-TST-U0181,20260630,500181,TC-01-N1-05.49,Tổ hợp thương mại căn hộ Phú Mỹ,Tháp N1,179,18.9,9.9,20,0,36.56,,LEGAL_PERMIT_BARRIER,EXPEDITE_LEGAL_PROCEDURES
DIAG-20260630-TST-U0182,20260630,500182,TC-01-N1-05.50,Tổ hợp thương mại căn hộ Phú Mỹ,Tháp N1,429,-1.37,6.1,0,0,8.69,,LEGAL_PERMIT_BARRIER,EXPEDITE_LEGAL_PROCEDURES
DIAG-20260630-TST-U0183,20260630,500183,TC-01-N1-05.51,Tổ hợp thương mại căn hộ Phú Mỹ,Tháp N1,300,-7.83,14.7,40,65,-2.67,,LEGAL_PERMIT_BARRIER,EXPEDITE_LEGAL_PROCEDURES
DIAG-20260630-TST-U0184,20260630,500184,TC-01-N1-05.52,Tổ hợp thương mại căn hộ Phú Mỹ,Tháp N1,441,-10.84,9.8,30,0,-0.55,,LEGAL_PERMIT_BARRIER,EXPEDITE_LEGAL_PROCEDURES
DIAG-20260630-TST-U0186,20260630,500186,TC-01-N1-05.54,Tổ hợp thương mại căn hộ Phú Mỹ,Tháp N1,99,-8.39,11.1,20,25,2.18,,LEGAL_PERMIT_BARRIER,EXPEDITE_LEGAL_PROCEDURES
DIAG-20260630-TST-U0187,20260630,500187,TC-01-N1-05.55,Tổ hợp thương mại căn hộ Phú Mỹ,Tháp N1,338,10.35,12.7,35,70,23.09,,LEGAL_PERMIT_BARRIER,EXPEDITE_LEGAL_PROCEDURES
DIAG-20260630-TST-U0189,20260630,500189,TC-01-N1-05.57,Tổ hợp thương mại căn hộ Phú Mỹ,Tháp N1,173,-19.18,11.2,55,65,-14.66,,LEGAL_PERMIT_BARRIER,EXPEDITE_LEGAL_PROCEDURES
DIAG-20260630-TST-U0190,20260630,500190,TC-01-N1-05.58,Tổ hợp thương mại căn hộ Phú Mỹ,Tháp N1,203,8.51,7.4,10,65,19.58,,LEGAL_PERMIT_BARRIER,EXPEDITE_LEGAL_PROCEDURES
DIAG-20260630-TST-U0192,20260630,500192,TC-01-N1-05.60,Tổ hợp thương mại căn hộ Phú Mỹ,Tháp N1,382,4.19,11.9,35,50,16.21,,LEGAL_PERMIT_BARRIER,EXPEDITE_LEGAL_PROCEDURES
DIAG-20260630-TST-U0193,20260630,500193,TC-01-N1-05.61,Tổ hợp thương mại căn hộ Phú Mỹ,Tháp N1,330,-6.15,11.0,20,65,4.68,,LEGAL_PERMIT_BARRIER,EXPEDITE_LEGAL_PROCEDURES
DIAG-20260630-TST-U0194,20260630,500194,TC-01-N1-05.62,Tổ hợp thương mại căn hộ Phú Mỹ,Tháp N1,332,5.17,12.7,40,25,17.31,,LEGAL_PERMIT_BARRIER,EXPEDITE_LEGAL_PROCEDURES
DIAG-20260630-TST-U0195,20260630,500195,TC-01-N1-05.63,Tổ hợp thương mại căn hộ Phú Mỹ,Tháp N1,301,-18.17,6.9,0,25,-6.02,,LEGAL_PERMIT_BARRIER,EXPEDITE_LEGAL_PROCEDURES
DIAG-20260630-TST-U0196,20260630,500196,TC-01-N1-05.64,Tổ hợp thương mại căn hộ Phú Mỹ,Tháp N1,214,-11.09,11.1,10,0,-0.83,,LEGAL_PERMIT_BARRIER,EXPEDITE_LEGAL_PROCEDURES
DIAG-20260630-TST-U0197,20260630,500197,TC-01-N1-05.65,Tổ hợp thương mại căn hộ Phú Mỹ,Tháp N1,197,-8.88,11.2,30,65,1.64,,LEGAL_PERMIT_BARRIER,EXPEDITE_LEGAL_PROCEDURES
DIAG-20260630-TST-U0198,20260630,500198,TC-01-N1-05.66,Tổ hợp thương mại căn hộ Phú Mỹ,Tháp N1,286,-13.66,7.0,65,25,-0.84,,LEGAL_PERMIT_BARRIER,EXPEDITE_LEGAL_PROCEDURES
DIAG-20260630-TST-U0199,20260630,500199,TC-01-N1-06.01,Tổ hợp thương mại căn hộ Phú Mỹ,Tháp N1,160,16.34,7.4,0,0,35.26,,LEGAL_PERMIT_BARRIER,EXPEDITE_LEGAL_PROCEDURES
DIAG-20260630-TST-U0200,20260630,500200,TC-01-N1-06.02,Tổ hợp thương mại căn hộ Phú Mỹ,Tháp N1,155,2.27,8.8,15,65,20.78,,LEGAL_PERMIT_BARRIER,EXPEDITE_LEGAL_PROCEDURES
DIAG-20260630-TST-U0201,20260630,500201,TC-01-N1-06.03,Tổ hợp thương mại căn hộ Phú Mỹ,Tháp N1,278,-4.16,8.5,65,45,13.19,,LEGAL_PERMIT_BARRIER,EXPEDITE_LEGAL_PROCEDURES
DIAG-20260630-TST-U0202,20260630,500202,TC-01-N1-06.04,Tổ hợp thương mại căn hộ Phú Mỹ,Tháp N1,369,-7.82,11.7,55,25,13.07,,LEGAL_PERMIT_BARRIER,EXPEDITE_LEGAL_PROCEDURES
DIAG-20260630-TST-U0203,20260630,500203,TC-01-N1-06.05,Tổ hợp thương mại căn hộ Phú Mỹ,Tháp N1,406,-9.38,14.5,30,40,5.3,,LEGAL_PERMIT_BARRIER,EXPEDITE_LEGAL_PROCEDURES
DIAG-20260630-TST-U0204,20260630,500204,TC-01-N1-06.06,Tổ hợp thương mại căn hộ Phú Mỹ,Tháp N1,141,-9.85,6.8,20,0,6.47,,LEGAL_PERMIT_BARRIER,EXPEDITE_LEGAL_PROCEDURES
DIAG-20260630-TST-U0207,20260630,500207,TC-01-N1-06.09,Tổ hợp thương mại căn hộ Phú Mỹ,Tháp N1,183,5.94,12.4,10,95,29.94,,LEGAL_PERMIT_BARRIER,EXPEDITE_LEGAL_PROCEDURES
DIAG-20260630-TST-U0208,20260630,500208,TC-01-N1-06.10,Tổ hợp thương mại căn hộ Phú Mỹ,Tháp N1,288,6.73,15.5,20,40,24.02,,LEGAL_PERMIT_BARRIER,EXPEDITE_LEGAL_PROCEDURES
DIAG-20260630-TST-U0210,20260630,500210,TC-01-N1-06.12,Tổ hợp thương mại căn hộ Phú Mỹ,Tháp N1,331,2.63,13.3,35,65,25.89,,LEGAL_PERMIT_BARRIER,EXPEDITE_LEGAL_PROCEDURES
DIAG-20260630-TST-U0211,20260630,500211,TC-01-N1-06.13,Tổ hợp thương mại căn hộ Phú Mỹ,Tháp N1,368,17.54,16.9,40,0,36.59,,LEGAL_PERMIT_BARRIER,EXPEDITE_LEGAL_PROCEDURES
DIAG-20260630-TST-U0212,20260630,500212,TC-01-N1-06.14,Tổ hợp thương mại căn hộ Phú Mỹ,Tháp N1,418,-16.34,9.4,55,25,2.62,,LEGAL_PERMIT_BARRIER,EXPEDITE_LEGAL_PROCEDURES
DIAG-20260630-TST-U0213,20260630,500213,TC-01-N1-06.15,Tổ hợp thương mại căn hộ Phú Mỹ,Tháp N1,468,5.48,12.8,45,55,29.38,,LEGAL_PERMIT_BARRIER,EXPEDITE_LEGAL_PROCEDURES
DIAG-20260630-TST-U0214,20260630,500214,TC-01-N1-06.16,Tổ hợp thương mại căn hộ Phú Mỹ,Tháp N1,136,16.12,14.1,50,0,42.43,,LEGAL_PERMIT_BARRIER,EXPEDITE_LEGAL_PROCEDURES
DIAG-20260630-TST-U0215,20260630,500215,TC-01-N1-06.17,Tổ hợp thương mại căn hộ Phú Mỹ,Tháp N1,437,-5.54,15.6,30,0,9.76,,LEGAL_PERMIT_BARRIER,EXPEDITE_LEGAL_PROCEDURES
DIAG-20260630-TST-U0218,20260630,500218,TC-01-N1-06.20,Tổ hợp thương mại căn hộ Phú Mỹ,Tháp N1,115,8.93,10.0,40,70,28.65,,LEGAL_PERMIT_BARRIER,EXPEDITE_LEGAL_PROCEDURES
DIAG-20260630-TST-U0219,20260630,500219,TC-01-N1-06.21,Tổ hợp thương mại căn hộ Phú Mỹ,Tháp N1,307,5.28,17.6,45,0,22.34,,LEGAL_PERMIT_BARRIER,EXPEDITE_LEGAL_PROCEDURES
DIAG-20260630-TST-U0220,20260630,500220,TC-01-N1-06.22,Tổ hợp thương mại căn hộ Phú Mỹ,Tháp N1,105,6.13,6.4,40,65,23.39,,LEGAL_PERMIT_BARRIER,EXPEDITE_LEGAL_PROCEDURES
DIAG-20260630-TST-U0221,20260630,500221,TC-01-N1-06.23,Tổ hợp thương mại căn hộ Phú Mỹ,Tháp N1,178,1.21,12.2,50,40,24.14,,LEGAL_PERMIT_BARRIER,EXPEDITE_LEGAL_PROCEDURES
DIAG-20260630-TST-U0222,20260630,500222,TC-01-N1-06.24,Tổ hợp thương mại căn hộ Phú Mỹ,Tháp N1,212,5.62,9.9,0,45,24.73,,LEGAL_PERMIT_BARRIER,EXPEDITE_LEGAL_PROCEDURES
DIAG-20260630-TST-U0223,20260630,500223,TC-01-N1-06.25,Tổ hợp thương mại căn hộ Phú Mỹ,Tháp N1,408,-4.24,12.1,10,45,17.46,,LEGAL_PERMIT_BARRIER,EXPEDITE_LEGAL_PROCEDURES
DIAG-20260630-TST-U0224,20260630,500224,TC-01-N1-06.26,Tổ hợp thương mại căn hộ Phú Mỹ,Tháp N1,165,12.03,18.3,20,45,30.18,,LEGAL_PERMIT_BARRIER,EXPEDITE_LEGAL_PROCEDURES
DIAG-20260630-TST-U0225,20260630,500225,TC-01-N1-06.27,Tổ hợp thương mại căn hộ Phú Mỹ,Tháp N1,315,-0.69,12.2,20,25,21.81,,LEGAL_PERMIT_BARRIER,EXPEDITE_LEGAL_PROCEDURES
DIAG-20260630-TST-U0227,20260630,500227,TC-01-N1-06.29,Tổ hợp thương mại căn hộ Phú Mỹ,Tháp N1,367,3.57,11.4,20,25,27.03,,LEGAL_PERMIT_BARRIER,EXPEDITE_LEGAL_PROCEDURES
DIAG-20260630-TST-U0228,20260630,500228,TC-01-N1-06.30,Tổ hợp thương mại căn hộ Phú Mỹ,Tháp N1,465,2.15,12.2,20,65,25.29,,LEGAL_PERMIT_BARRIER,EXPEDITE_LEGAL_PROCEDURES
DIAG-20260630-TST-U0229,20260630,500229,TC-01-N1-06.31,Tổ hợp thương mại căn hộ Phú Mỹ,Tháp N1,424,4.89,8.9,30,25,23.88,,LEGAL_PERMIT_BARRIER,EXPEDITE_LEGAL_PROCEDURES
DIAG-20260630-TST-U0231,20260630,500231,TC-01-N1-06.33,Tổ hợp thương mại căn hộ Phú Mỹ,Tháp N1,173,22.52,8.3,25,0,42.44,,LEGAL_PERMIT_BARRIER,EXPEDITE_LEGAL_PROCEDURES
DIAG-20260630-TST-U0232,20260630,500232,TC-01-N1-06.34,Tổ hợp thương mại căn hộ Phú Mỹ,Tháp N1,422,-10.88,10.0,55,25,9.32,,LEGAL_PERMIT_BARRIER,EXPEDITE_LEGAL_PROCEDURES
DIAG-20260630-TST-U0233,20260630,500233,TC-01-N1-06.35,Tổ hợp thương mại căn hộ Phú Mỹ,Tháp N1,460,0.95,6.9,40,0,17.36,,LEGAL_PERMIT_BARRIER,EXPEDITE_LEGAL_PROCEDURES
DIAG-20260630-TST-U0234,20260630,500234,TC-01-N1-06.36,Tổ hợp thương mại căn hộ Phú Mỹ,Tháp N1,172,0.01,12.0,20,55,22.67,,LEGAL_PERMIT_BARRIER,EXPEDITE_LEGAL_PROCEDURES
DIAG-20260630-TST-U0235,20260630,500235,TC-01-N1-06.37,Tổ hợp thương mại căn hộ Phú Mỹ,Tháp N1,312,8.52,7.4,20,0,26.17,,LEGAL_PERMIT_BARRIER,EXPEDITE_LEGAL_PROCEDURES
DIAG-20260630-TST-U0236,20260630,500236,TC-01-N1-06.38,Tổ hợp thương mại căn hộ Phú Mỹ,Tháp N1,204,-0.81,7.6,40,65,17.15,,LEGAL_PERMIT_BARRIER,EXPEDITE_LEGAL_PROCEDURES
DIAG-20260630-TST-U0237,20260630,500237,TC-01-N1-06.39,Tổ hợp thương mại căn hộ Phú Mỹ,Tháp N1,327,2.74,9.1,0,0,21.33,,LEGAL_PERMIT_BARRIER,EXPEDITE_LEGAL_PROCEDURES
DIAG-20260630-TST-U0238,20260630,500238,TC-01-N1-06.40,Tổ hợp thương mại căn hộ Phú Mỹ,Tháp N1,132,1.8,8.4,20,25,20.23,,LEGAL_PERMIT_BARRIER,EXPEDITE_LEGAL_PROCEDURES
DIAG-20260630-TST-U0239,20260630,500239,TC-01-N1-06.41,Tổ hợp thương mại căn hộ Phú Mỹ,Tháp N1,267,-3.06,11.4,40,65,18.91,,LEGAL_PERMIT_BARRIER,EXPEDITE_LEGAL_PROCEDURES
DIAG-20260630-TST-U0240,20260630,500240,TC-01-N1-06.42,Tổ hợp thương mại căn hộ Phú Mỹ,Tháp N1,377,-2.65,16.0,30,0,13.12,,LEGAL_PERMIT_BARRIER,EXPEDITE_LEGAL_PROCEDURES
DIAG-20260630-TST-U0241,20260630,500241,TC-01-N1-06.43,Tổ hợp thương mại căn hộ Phú Mỹ,Tháp N1,377,0.01,12.1,20,40,22.66,,LEGAL_PERMIT_BARRIER,EXPEDITE_LEGAL_PROCEDURES
DIAG-20260630-TST-U0243,20260630,500243,TC-01-N1-06.45,Tổ hợp thương mại căn hộ Phú Mỹ,Tháp N1,402,-6.38,11.2,40,40,14.83,,LEGAL_PERMIT_BARRIER,EXPEDITE_LEGAL_PROCEDURES
DIAG-20260630-TST-U0244,20260630,500244,TC-01-N1-06.46,Tổ hợp thương mại căn hộ Phú Mỹ,Tháp N1,114,-14.39,8.1,35,20,1.11,,LEGAL_PERMIT_BARRIER,EXPEDITE_LEGAL_PROCEDURES
DIAG-20260630-TST-U0245,20260630,500245,TC-01-N1-06.47,Tổ hợp thương mại căn hộ Phú Mỹ,Tháp N1,150,14.4,9.1,40,40,35.1,,LEGAL_PERMIT_BARRIER,EXPEDITE_LEGAL_PROCEDURES
DIAG-20260630-TST-U0246,20260630,500246,TC-01-N1-06.48,Tổ hợp thương mại căn hộ Phú Mỹ,Tháp N1,149,-8.9,14.4,25,0,5.86,,LEGAL_PERMIT_BARRIER,EXPEDITE_LEGAL_PROCEDURES
DIAG-20260630-TST-U0248,20260630,500248,TC-01-N1-06.50,Tổ hợp thương mại căn hộ Phú Mỹ,Tháp N1,432,3.24,8.8,55,40,21.93,,LEGAL_PERMIT_BARRIER,EXPEDITE_LEGAL_PROCEDURES
DIAG-20260630-TST-U0249,20260630,500249,TC-01-N1-06.51,Tổ hợp thương mại căn hộ Phú Mỹ,Tháp N1,106,-7.34,11.6,45,0,13.66,,LEGAL_PERMIT_BARRIER,EXPEDITE_LEGAL_PROCEDURES
DIAG-20260630-TST-U0250,20260630,500250,TC-01-N1-06.52,Tổ hợp thương mại căn hộ Phú Mỹ,Tháp N1,111,-3.54,6.1,0,0,12.14,,LEGAL_PERMIT_BARRIER,EXPEDITE_LEGAL_PROCEDURES
DIAG-20260630-TST-U0251,20260630,500251,TC-01-N1-06.53,Tổ hợp thương mại căn hộ Phú Mỹ,Tháp N1,359,13.71,18.6,20,25,32.13,,LEGAL_PERMIT_BARRIER,EXPEDITE_LEGAL_PROCEDURES
DIAG-20260630-TST-U0252,20260630,500252,TC-01-N1-06.54,Tổ hợp thương mại căn hộ Phú Mỹ,Tháp N1,422,8.0,10.1,0,65,27.55,,LEGAL_PERMIT_BARRIER,EXPEDITE_LEGAL_PROCEDURES
DIAG-20260630-TST-U0253,20260630,500253,TC-01-N1-06.55,Tổ hợp thương mại căn hộ Phú Mỹ,Tháp N1,243,23.24,13.2,30,0,51.17,,LEGAL_PERMIT_BARRIER,EXPEDITE_LEGAL_PROCEDURES
DIAG-20260630-TST-U0254,20260630,500254,TC-01-N1-06.56,Tổ hợp thương mại căn hộ Phú Mỹ,Tháp N1,453,-10.43,9.5,35,65,9.87,,LEGAL_PERMIT_BARRIER,EXPEDITE_LEGAL_PROCEDURES
DIAG-20260630-TST-U0255,20260630,500255,TC-01-N1-06.57,Tổ hợp thương mại căn hộ Phú Mỹ,Tháp N1,97,6.08,9.5,20,65,25.29,,LEGAL_PERMIT_BARRIER,EXPEDITE_LEGAL_PROCEDURES
DIAG-20260630-TST-U0256,20260630,500256,TC-01-N1-06.58,Tổ hợp thương mại căn hộ Phú Mỹ,Tháp N1,254,-9.86,14.6,10,25,4.74,,LEGAL_PERMIT_BARRIER,EXPEDITE_LEGAL_PROCEDURES
DIAG-20260630-TST-U0257,20260630,500257,TC-01-N1-06.59,Tổ hợp thương mại căn hộ Phú Mỹ,Tháp N1,420,3.34,13.5,15,0,26.75,,LEGAL_PERMIT_BARRIER,EXPEDITE_LEGAL_PROCEDURES
DIAG-20260630-TST-U0258,20260630,500258,TC-01-N1-06.60,Tổ hợp thương mại căn hộ Phú Mỹ,Tháp N1,163,-22.24,7.1,35,25,-8.17,,LEGAL_PERMIT_BARRIER,EXPEDITE_LEGAL_PROCEDURES
DIAG-20260630-TST-U0259,20260630,500259,TC-01-N1-06.61,Tổ hợp thương mại căn hộ Phú Mỹ,Tháp N1,361,-6.62,12.5,10,40,14.53,,LEGAL_PERMIT_BARRIER,EXPEDITE_LEGAL_PROCEDURES
DIAG-20260630-TST-U0260,20260630,500260,TC-01-N1-06.62,Tổ hợp thương mại căn hộ Phú Mỹ,Tháp N1,103,3.34,12.6,0,25,26.75,,LEGAL_PERMIT_BARRIER,EXPEDITE_LEGAL_PROCEDURES
DIAG-20260630-TST-U0262,20260630,500262,TC-01-N1-06.64,Tổ hợp thương mại căn hộ Phú Mỹ,Tháp N1,350,2.64,15.8,20,0,19.26,,LEGAL_PERMIT_BARRIER,EXPEDITE_LEGAL_PROCEDURES
DIAG-20260630-TST-U0263,20260630,500263,TC-01-N1-06.65,Tổ hợp thương mại căn hộ Phú Mỹ,Tháp N1,441,-10.82,14.9,55,0,3.63,,LEGAL_PERMIT_BARRIER,EXPEDITE_LEGAL_PROCEDURES
DIAG-20260630-TST-U0265,20260630,500265,TC-01-N1-07.01,Tổ hợp thương mại căn hộ Phú Mỹ,Tháp N1,197,6.88,13.2,20,70,31.1,,LEGAL_PERMIT_BARRIER,EXPEDITE_LEGAL_PROCEDURES
DIAG-20260630-TST-U0266,20260630,500266,TC-01-N1-07.02,Tổ hợp thương mại căn hộ Phú Mỹ,Tháp N1,94,-4.0,11.4,20,30,17.75,,LEGAL_PERMIT_BARRIER,EXPEDITE_LEGAL_PROCEDURES
DIAG-20260630-TST-U0267,20260630,500267,TC-01-N1-07.03,Tổ hợp thương mại căn hộ Phú Mỹ,Tháp N1,360,2.62,11.8,10,30,25.87,,LEGAL_PERMIT_BARRIER,EXPEDITE_LEGAL_PROCEDURES
DIAG-20260630-TST-U0268,20260630,500268,TC-01-N1-07.04,Tổ hợp thương mại căn hộ Phú Mỹ,Tháp N1,221,-0.0,12.8,40,70,22.66,,LEGAL_PERMIT_BARRIER,EXPEDITE_LEGAL_PROCEDURES
DIAG-20260630-TST-U0269,20260630,500269,TC-01-N1-07.05,Tổ hợp thương mại căn hộ Phú Mỹ,Tháp N1,168,8.54,12.4,25,30,33.13,,LEGAL_PERMIT_BARRIER,EXPEDITE_LEGAL_PROCEDURES
DIAG-20260630-TST-U0270,20260630,500270,TC-01-N1-07.06,Tổ hợp thương mại căn hộ Phú Mỹ,Tháp N1,98,6.43,11.5,10,75,30.54,,LEGAL_PERMIT_BARRIER,EXPEDITE_LEGAL_PROCEDURES
DIAG-20260630-TST-U0271,20260630,500271,TC-01-N1-07.07,Tổ hợp thương mại căn hộ Phú Mỹ,Tháp N1,317,-17.28,9.9,55,55,1.47,,LEGAL_PERMIT_BARRIER,EXPEDITE_LEGAL_PROCEDURES
DIAG-20260630-TST-U0272,20260630,500272,TC-01-N1-07.08,Tổ hợp thương mại căn hộ Phú Mỹ,Tháp N1,313,4.81,15.7,50,30,21.79,,LEGAL_PERMIT_BARRIER,EXPEDITE_LEGAL_PROCEDURES
DIAG-20260630-TST-U0273,20260630,500273,TC-01-N1-07.09,Tổ hợp thương mại căn hộ Phú Mỹ,Tháp N1,420,-1.88,12.1,10,30,20.35,,LEGAL_PERMIT_BARRIER,EXPEDITE_LEGAL_PROCEDURES
DIAG-20260630-TST-U0274,20260630,500274,TC-01-N1-07.10,Tổ hợp thương mại căn hộ Phú Mỹ,Tháp N1,112,7.57,6.5,20,55,25.06,,LEGAL_PERMIT_BARRIER,EXPEDITE_LEGAL_PROCEDURES
DIAG-20260630-TST-U0276,20260630,500276,TC-01-N1-07.12,Tổ hợp thương mại căn hộ Phú Mỹ,Tháp N1,350,4.98,11.0,20,55,28.76,,LEGAL_PERMIT_BARRIER,EXPEDITE_LEGAL_PROCEDURES
DIAG-20260630-TST-U0278,20260630,500278,TC-01-N1-07.14,Tổ hợp thương mại căn hộ Phú Mỹ,Tháp N1,326,4.06,11.5,55,70,27.63,,LEGAL_PERMIT_BARRIER,EXPEDITE_LEGAL_PROCEDURES
DIAG-20260630-TST-U0279,20260630,500279,TC-01-N1-07.15,Tổ hợp thương mại căn hộ Phú Mỹ,Tháp N1,315,0.86,9.1,20,75,19.12,,LEGAL_PERMIT_BARRIER,EXPEDITE_LEGAL_PROCEDURES
DIAG-20260630-TST-U0280,20260630,500280,TC-01-N1-07.16,Tổ hợp thương mại căn hộ Phú Mỹ,Tháp N1,437,-3.06,10.2,85,55,18.91,,LEGAL_PERMIT_BARRIER,EXPEDITE_LEGAL_PROCEDURES
DIAG-20260630-TST-U0281,20260630,500281,TC-01-N1-07.17,Tổ hợp thương mại căn hộ Phú Mỹ,Tháp N1,314,-1.69,14.2,60,95,14.24,,LEGAL_PERMIT_BARRIER,EXPEDITE_LEGAL_PROCEDURES
DIAG-20260630-TST-U0282,20260630,500282,TC-01-N1-07.18,Tổ hợp thương mại căn hộ Phú Mỹ,Tháp N1,248,12.26,9.3,55,70,32.58,,LEGAL_PERMIT_BARRIER,EXPEDITE_LEGAL_PROCEDURES
DIAG-20260630-TST-U0283,20260630,500283,TC-01-N1-07.19,Tổ hợp thương mại căn hộ Phú Mỹ,Tháp N1,336,9.26,13.9,30,95,34.02,,LEGAL_PERMIT_BARRIER,EXPEDITE_LEGAL_PROCEDURES
DIAG-20260630-TST-U0284,20260630,500284,TC-01-N1-07.20,Tổ hợp thương mại căn hộ Phú Mỹ,Tháp N1,325,0.23,16.9,0,30,16.47,,LEGAL_PERMIT_BARRIER,EXPEDITE_LEGAL_PROCEDURES
DIAG-20260630-TST-U0285,20260630,500285,TC-01-N1-07.21,Tổ hợp thương mại căn hộ Phú Mỹ,Tháp N1,310,7.34,7.3,50,70,24.79,,LEGAL_PERMIT_BARRIER,EXPEDITE_LEGAL_PROCEDURES
DIAG-20260630-TST-U0286,20260630,500286,TC-01-N1-07.22,Tổ hợp thương mại căn hộ Phú Mỹ,Tháp N1,99,-0.8,8.6,45,30,17.16,,LEGAL_PERMIT_BARRIER,EXPEDITE_LEGAL_PROCEDURES
DIAG-20260630-TST-U0287,20260630,500287,TC-01-N1-07.23,Tổ hợp thương mại căn hộ Phú Mỹ,Tháp N1,313,17.54,15.5,0,30,44.18,,LEGAL_PERMIT_BARRIER,EXPEDITE_LEGAL_PROCEDURES
DIAG-20260630-TST-U0289,20260630,500289,TC-01-N1-07.25,Tổ hợp thương mại căn hộ Phú Mỹ,Tháp N1,391,12.74,17.6,75,70,31.01,,LEGAL_PERMIT_BARRIER,EXPEDITE_LEGAL_PROCEDURES
DIAG-20260630-TST-U0290,20260630,500290,TC-01-N1-07.26,Tổ hợp thương mại căn hộ Phú Mỹ,Tháp N1,150,-0.82,7.4,20,95,17.13,,LEGAL_PERMIT_BARRIER,EXPEDITE_LEGAL_PROCEDURES
DIAG-20260630-TST-U0291,20260630,500291,TC-01-N1-07.27,Tổ hợp thương mại căn hộ Phú Mỹ,Tháp N1,336,17.79,13.8,60,70,44.48,,LEGAL_PERMIT_BARRIER,EXPEDITE_LEGAL_PROCEDURES
DIAG-20260630-TST-U0292,20260630,500292,TC-01-N1-07.28,Tổ hợp thương mại căn hộ Phú Mỹ,Tháp N1,151,4.05,10.2,10,95,27.63,,LEGAL_PERMIT_BARRIER,EXPEDITE_LEGAL_PROCEDURES
DIAG-20260630-TST-U0294,20260630,500294,TC-01-N1-07.30,Tổ hợp thương mại căn hộ Phú Mỹ,Tháp N1,447,0.74,11.9,45,55,23.57,,LEGAL_PERMIT_BARRIER,EXPEDITE_LEGAL_PROCEDURES
DIAG-20260630-TST-U0295,20260630,500295,TC-01-N1-07.31,Tổ hợp thương mại căn hộ Phú Mỹ,Tháp N1,403,7.37,11.4,30,50,31.7,,LEGAL_PERMIT_BARRIER,EXPEDITE_LEGAL_PROCEDURES
DIAG-20260630-TST-U0296,20260630,500296,TC-01-N1-07.32,Tổ hợp thương mại căn hộ Phú Mỹ,Tháp N1,209,12.1,12.6,60,55,37.5,,LEGAL_PERMIT_BARRIER,EXPEDITE_LEGAL_PROCEDURES
DIAG-20260630-TST-U0300,20260630,500300,TC-01-N1-07.36,Tổ hợp thương mại căn hộ Phú Mỹ,Tháp N1,310,9.5,12.4,50,70,34.3,,LEGAL_PERMIT_BARRIER,EXPEDITE_LEGAL_PROCEDURES
DIAG-20260630-TST-U0301,20260630,500301,TC-01-N1-07.37,Tổ hợp thương mại căn hộ Phú Mỹ,Tháp N1,435,23.69,11.1,0,30,46.08,,LEGAL_PERMIT_BARRIER,EXPEDITE_LEGAL_PROCEDURES
DIAG-20260630-TST-U0302,20260630,500302,TC-01-N1-07.38,Tổ hợp thương mại căn hộ Phú Mỹ,Tháp N1,461,-12.79,9.2,35,95,6.98,,LEGAL_PERMIT_BARRIER,EXPEDITE_LEGAL_PROCEDURES
DIAG-20260630-TST-U0303,20260630,500303,TC-01-N1-07.39,Tổ hợp thương mại căn hộ Phú Mỹ,Tháp N1,452,-13.98,11.4,65,55,5.51,,LEGAL_PERMIT_BARRIER,EXPEDITE_LEGAL_PROCEDURES
DIAG-20260630-TST-U0304,20260630,500304,TC-01-N1-07.40,Tổ hợp thương mại căn hộ Phú Mỹ,Tháp N1,342,-10.57,14.2,45,70,3.92,,LEGAL_PERMIT_BARRIER,EXPEDITE_LEGAL_PROCEDURES
DIAG-20260630-TST-U0306,20260630,500306,TC-01-N1-07.42,Tổ hợp thương mại căn hộ Phú Mỹ,Tháp N1,160,-9.95,5.8,10,30,4.7,,LEGAL_PERMIT_BARRIER,EXPEDITE_LEGAL_PROCEDURES
DIAG-20260630-TST-U0307,20260630,500307,TC-01-N1-07.43,Tổ hợp thương mại căn hộ Phú Mỹ,Tháp N1,147,-1.16,11.8,35,70,21.24,,LEGAL_PERMIT_BARRIER,EXPEDITE_LEGAL_PROCEDURES
DIAG-20260630-TST-U0310,20260630,500310,TC-01-N1-07.46,Tổ hợp thương mại căn hộ Phú Mỹ,Tháp N1,464,-19.65,9.9,15,95,-1.45,,LEGAL_PERMIT_BARRIER,EXPEDITE_LEGAL_PROCEDURES
DIAG-20260630-TST-U0311,20260630,500311,TC-01-N1-07.47,Tổ hợp thương mại căn hộ Phú Mỹ,Tháp N1,167,5.24,12.4,65,30,29.08,,LEGAL_PERMIT_BARRIER,EXPEDITE_LEGAL_PROCEDURES
DIAG-20260630-TST-U0313,20260630,500313,TC-01-N1-07.49,Tổ hợp thương mại căn hộ Phú Mỹ,Tháp N1,136,-5.19,12.3,60,30,16.29,,LEGAL_PERMIT_BARRIER,EXPEDITE_LEGAL_PROCEDURES
DIAG-20260630-TST-U0315,20260630,500315,TC-01-N1-07.51,Tổ hợp thương mại căn hộ Phú Mỹ,Tháp N1,109,10.19,13.1,35,70,35.16,,LEGAL_PERMIT_BARRIER,EXPEDITE_LEGAL_PROCEDURES
DIAG-20260630-TST-U0317,20260630,500317,TC-01-N1-07.53,Tổ hợp thương mại căn hộ Phú Mỹ,Tháp N1,107,4.17,9.0,40,30,23.03,,LEGAL_PERMIT_BARRIER,EXPEDITE_LEGAL_PROCEDURES
DIAG-20260630-TST-U0318,20260630,500318,TC-01-N1-07.54,Tổ hợp thương mại căn hộ Phú Mỹ,Tháp N1,272,6.9,12.9,20,55,31.12,,LEGAL_PERMIT_BARRIER,EXPEDITE_LEGAL_PROCEDURES
DIAG-20260630-TST-U0320,20260630,500320,TC-01-N1-07.56,Tổ hợp thương mại căn hộ Phú Mỹ,Tháp N1,282,-4.56,15.7,20,70,10.9,,LEGAL_PERMIT_BARRIER,EXPEDITE_LEGAL_PROCEDURES
DIAG-20260630-TST-U0321,20260630,500321,TC-01-N1-07.57,Tổ hợp thương mại căn hộ Phú Mỹ,Tháp N1,353,1.63,6.8,30,75,18.16,,LEGAL_PERMIT_BARRIER,EXPEDITE_LEGAL_PROCEDURES
DIAG-20260630-TST-U0322,20260630,500322,TC-01-N1-07.58,Tổ hợp thương mại căn hộ Phú Mỹ,Tháp N1,254,-2.63,15.6,40,70,13.14,,LEGAL_PERMIT_BARRIER,EXPEDITE_LEGAL_PROCEDURES
DIAG-20260630-TST-U0324,20260630,500324,TC-01-N1-07.60,Tổ hợp thương mại căn hộ Phú Mỹ,Tháp N1,381,-13.73,9.5,50,95,5.82,,LEGAL_PERMIT_BARRIER,EXPEDITE_LEGAL_PROCEDURES
DIAG-20260630-TST-U0325,20260630,500325,TC-01-N1-07.61,Tổ hợp thương mại căn hộ Phú Mỹ,Tháp N1,464,1.43,11.3,20,55,24.42,,LEGAL_PERMIT_BARRIER,EXPEDITE_LEGAL_PROCEDURES
DIAG-20260630-TST-U0326,20260630,500326,TC-01-N1-07.62,Tổ hợp thương mại căn hộ Phú Mỹ,Tháp N1,449,15.58,10.6,20,55,36.51,,LEGAL_PERMIT_BARRIER,EXPEDITE_LEGAL_PROCEDURES
DIAG-20260630-TST-U0327,20260630,500327,TC-01-N1-07.63,Tổ hợp thương mại căn hộ Phú Mỹ,Tháp N1,438,-12.78,10.2,30,55,6.98,,LEGAL_PERMIT_BARRIER,EXPEDITE_LEGAL_PROCEDURES
DIAG-20260630-TST-U0328,20260630,500328,TC-01-N1-07.64,Tổ hợp thương mại căn hộ Phú Mỹ,Tháp N1,207,-2.94,8.8,20,55,14.63,,LEGAL_PERMIT_BARRIER,EXPEDITE_LEGAL_PROCEDURES
DIAG-20260630-TST-U0329,20260630,500329,TC-01-N1-07.65,Tổ hợp thương mại căn hộ Phú Mỹ,Tháp N1,390,1.42,11.5,15,70,24.4,,LEGAL_PERMIT_BARRIER,EXPEDITE_LEGAL_PROCEDURES
DIAG-20260630-TST-U0331,20260630,500331,TC-01-N1-08.01,Tổ hợp thương mại căn hộ Phú Mỹ,Tháp N1,290,-23.08,12.5,10,55,-10.62,,LEGAL_PERMIT_BARRIER,EXPEDITE_LEGAL_PROCEDURES
DIAG-20260630-TST-U0332,20260630,500332,TC-01-N1-08.02,Tổ hợp thương mại căn hộ Phú Mỹ,Tháp N1,118,7.93,17.2,10,65,25.42,,LEGAL_PERMIT_BARRIER,EXPEDITE_LEGAL_PROCEDURES
DIAG-20260630-TST-U0333,20260630,500333,TC-01-N1-08.03,Tổ hợp thương mại căn hộ Phú Mỹ,Tháp N1,293,12.08,7.2,20,30,30.3,,LEGAL_PERMIT_BARRIER,EXPEDITE_LEGAL_PROCEDURES
DIAG-20260630-TST-U0334,20260630,500334,TC-01-N1-08.04,Tổ hợp thương mại căn hộ Phú Mỹ,Tháp N1,185,-10.1,13.7,50,0,4.47,,LEGAL_PERMIT_BARRIER,EXPEDITE_LEGAL_PROCEDURES
DIAG-20260630-TST-U0335,20260630,500335,TC-01-N1-08.05,Tổ hợp thương mại căn hộ Phú Mỹ,Tháp N1,285,6.56,9.4,65,25,25.85,,LEGAL_PERMIT_BARRIER,EXPEDITE_LEGAL_PROCEDURES
DIAG-20260630-TST-U0337,20260630,500337,TC-01-N1-08.07,Tổ hợp thương mại căn hộ Phú Mỹ,Tháp N1,95,17.09,13.4,20,40,43.62,,LEGAL_PERMIT_BARRIER,EXPEDITE_LEGAL_PROCEDURES
DIAG-20260630-TST-U0338,20260630,500338,TC-01-N1-08.08,Tổ hợp thương mại căn hộ Phú Mỹ,Tháp N1,193,18.44,9.6,55,0,39.88,,LEGAL_PERMIT_BARRIER,EXPEDITE_LEGAL_PROCEDURES
DIAG-20260630-TST-U0341,20260630,500341,TC-01-N1-08.11,Tổ hợp thương mại căn hộ Phú Mỹ,Tháp N1,203,12.26,9.6,25,0,32.58,,LEGAL_PERMIT_BARRIER,EXPEDITE_LEGAL_PROCEDURES
DIAG-20260630-TST-U0342,20260630,500342,TC-01-N1-08.12,Tổ hợp thương mại căn hộ Phú Mỹ,Tháp N1,208,-11.59,10.9,10,0,8.44,,LEGAL_PERMIT_BARRIER,EXPEDITE_LEGAL_PROCEDURES
DIAG-20260630-TST-U0343,20260630,500343,TC-01-N1-08.13,Tổ hợp thương mại căn hộ Phú Mỹ,Tháp N1,250,23.81,20.2,35,0,43.86,,LEGAL_PERMIT_BARRIER,EXPEDITE_LEGAL_PROCEDURES
DIAG-20260630-TST-U0344,20260630,500344,TC-01-N1-08.14,Tổ hợp thương mại căn hộ Phú Mỹ,Tháp N1,173,-3.67,9.3,35,65,13.77,,LEGAL_PERMIT_BARRIER,EXPEDITE_LEGAL_PROCEDURES
DIAG-20260630-TST-U0345,20260630,500345,TC-01-N1-08.15,Tổ hợp thương mại căn hộ Phú Mỹ,Tháp N1,322,-5.19,11.6,25,25,16.29,,LEGAL_PERMIT_BARRIER,EXPEDITE_LEGAL_PROCEDURES
DIAG-20260630-TST-U0346,20260630,500346,TC-01-N1-08.16,Tổ hợp thương mại căn hộ Phú Mỹ,Tháp N1,134,9.25,10.6,65,0,34.01,,LEGAL_PERMIT_BARRIER,EXPEDITE_LEGAL_PROCEDURES
DIAG-20260630-TST-U0347,20260630,500347,TC-01-N1-08.17,Tổ hợp thương mại căn hộ Phú Mỹ,Tháp N1,167,-2.16,15.4,55,0,13.7,,LEGAL_PERMIT_BARRIER,EXPEDITE_LEGAL_PROCEDURES
DIAG-20260630-TST-U0348,20260630,500348,TC-01-N1-08.18,Tổ hợp thương mại căn hộ Phú Mỹ,Tháp N1,405,-11.3,7.8,35,65,4.76,,LEGAL_PERMIT_BARRIER,EXPEDITE_LEGAL_PROCEDURES
DIAG-20260630-TST-U0349,20260630,500349,TC-01-N1-08.19,Tổ hợp thương mại căn hộ Phú Mỹ,Tháp N1,190,-12.25,7.3,20,0,3.63,,LEGAL_PERMIT_BARRIER,EXPEDITE_LEGAL_PROCEDURES
DIAG-20260630-TST-U0350,20260630,500350,TC-01-N1-08.20,Tổ hợp thương mại căn hộ Phú Mỹ,Tháp N1,249,16.58,18.6,20,50,35.47,,LEGAL_PERMIT_BARRIER,EXPEDITE_LEGAL_PROCEDURES
DIAG-20260630-TST-U0351,20260630,500351,TC-01-N1-08.21,Tổ hợp thương mại căn hộ Phú Mỹ,Tháp N1,462,2.16,16.8,20,40,18.72,,LEGAL_PERMIT_BARRIER,EXPEDITE_LEGAL_PROCEDURES
DIAG-20260630-TST-U0352,20260630,500352,TC-01-N1-08.22,Tổ hợp thương mại căn hộ Phú Mỹ,Tháp N1,227,15.18,14.4,20,45,41.27,,LEGAL_PERMIT_BARRIER,EXPEDITE_LEGAL_PROCEDURES
DIAG-20260630-TST-U0353,20260630,500353,TC-01-N1-08.23,Tổ hợp thương mại căn hộ Phú Mỹ,Tháp N1,119,12.5,17.0,0,30,30.72,,LEGAL_PERMIT_BARRIER,EXPEDITE_LEGAL_PROCEDURES
DIAG-20260630-TST-U0354,20260630,500354,TC-01-N1-08.24,Tổ hợp thương mại căn hộ Phú Mỹ,Tháp N1,301,-4.98,10.8,0,70,16.55,,LEGAL_PERMIT_BARRIER,EXPEDITE_LEGAL_PROCEDURES
DIAG-20260630-TST-U0355,20260630,500355,TC-01-N1-08.25,Tổ hợp thương mại căn hộ Phú Mỹ,Tháp N1,159,-2.37,11.7,35,65,19.75,,LEGAL_PERMIT_BARRIER,EXPEDITE_LEGAL_PROCEDURES
DIAG-20260630-TST-U0357,20260630,500357,TC-01-N1-08.27,Tổ hợp thương mại căn hộ Phú Mỹ,Tháp N1,275,6.64,11.6,0,25,30.8,,LEGAL_PERMIT_BARRIER,EXPEDITE_LEGAL_PROCEDURES
DIAG-20260630-TST-U0358,20260630,500358,TC-01-N1-08.28,Tổ hợp thương mại căn hộ Phú Mỹ,Tháp N1,448,4.51,12.2,40,25,28.19,,LEGAL_PERMIT_BARRIER,EXPEDITE_LEGAL_PROCEDURES
DIAG-20260630-TST-U0359,20260630,500359,TC-01-N1-08.29,Tổ hợp thương mại căn hộ Phú Mỹ,Tháp N1,106,4.91,9.0,70,25,23.9,,LEGAL_PERMIT_BARRIER,EXPEDITE_LEGAL_PROCEDURES
DIAG-20260630-TST-U0360,20260630,500360,TC-01-N1-08.30,Tổ hợp thương mại căn hộ Phú Mỹ,Tháp N1,106,14.92,7.4,20,40,33.6,,LEGAL_PERMIT_BARRIER,EXPEDITE_LEGAL_PROCEDURES
DIAG-20260630-TST-U0361,20260630,500361,TC-01-N1-08.31,Tổ hợp thương mại căn hộ Phú Mỹ,Tháp N1,299,4.76,12.5,30,45,28.49,,LEGAL_PERMIT_BARRIER,EXPEDITE_LEGAL_PROCEDURES
DIAG-20260630-TST-U0363,20260630,500363,TC-01-N1-08.33,Tổ hợp thương mại căn hộ Phú Mỹ,Tháp N1,292,6.5,15.9,10,0,23.76,,LEGAL_PERMIT_BARRIER,EXPEDITE_LEGAL_PROCEDURES
DIAG-20260630-TST-U0364,20260630,500364,TC-01-N1-08.34,Tổ hợp thương mại căn hộ Phú Mỹ,Tháp N1,91,-14.94,5.7,10,0,-1.11,,LEGAL_PERMIT_BARRIER,EXPEDITE_LEGAL_PROCEDURES
DIAG-20260630-TST-U0367,20260630,500367,TC-01-N1-08.37,Tổ hợp thương mại căn hộ Phú Mỹ,Tháp N1,214,-15.38,11.0,10,0,3.79,,LEGAL_PERMIT_BARRIER,EXPEDITE_LEGAL_PROCEDURES
DIAG-20260630-TST-U0368,20260630,500368,TC-01-N1-08.38,Tổ hợp thương mại căn hộ Phú Mỹ,Tháp N1,379,15.19,13.1,10,20,41.29,,LEGAL_PERMIT_BARRIER,EXPEDITE_LEGAL_PROCEDURES
DIAG-20260630-TST-U0369,20260630,500369,TC-01-N1-08.39,Tổ hợp thương mại căn hộ Phú Mỹ,Tháp N1,157,-14.2,11.0,35,0,5.24,,LEGAL_PERMIT_BARRIER,EXPEDITE_LEGAL_PROCEDURES
DIAG-20260630-TST-U0370,20260630,500370,TC-01-N1-08.40,Tổ hợp thương mại căn hộ Phú Mỹ,Tháp N1,289,-17.06,13.2,30,25,-3.62,,LEGAL_PERMIT_BARRIER,EXPEDITE_LEGAL_PROCEDURES
DIAG-20260630-TST-U0371,20260630,500371,TC-01-N1-08.41,Tổ hợp thương mại căn hộ Phú Mỹ,Tháp N1,168,21.35,14.7,20,0,48.85,,LEGAL_PERMIT_BARRIER,EXPEDITE_LEGAL_PROCEDURES
DIAG-20260630-TST-U0372,20260630,500372,TC-01-N1-08.42,Tổ hợp thương mại căn hộ Phú Mỹ,Tháp N1,374,11.87,13.5,20,55,37.22,,LEGAL_PERMIT_BARRIER,EXPEDITE_LEGAL_PROCEDURES
DIAG-20260630-TST-U0373,20260630,500373,TC-01-N1-08.43,Tổ hợp thương mại căn hộ Phú Mỹ,Tháp N1,170,17.56,12.7,20,0,44.19,,LEGAL_PERMIT_BARRIER,EXPEDITE_LEGAL_PROCEDURES
DIAG-20260630-TST-U0374,20260630,500374,TC-01-N1-08.44,Tổ hợp thương mại căn hộ Phú Mỹ,Tháp N1,142,19.22,13.5,0,0,46.23,,LEGAL_PERMIT_BARRIER,EXPEDITE_LEGAL_PROCEDURES
DIAG-20260630-TST-U0375,20260630,500375,TC-01-N1-08.45,Tổ hợp thương mại căn hộ Phú Mỹ,Tháp N1,106,-4.33,16.0,40,65,11.17,,LEGAL_PERMIT_BARRIER,EXPEDITE_LEGAL_PROCEDURES
DIAG-20260630-TST-U0376,20260630,500376,TC-01-N1-08.46,Tổ hợp thương mại căn hộ Phú Mỹ,Tháp N1,382,15.89,7.8,80,0,34.74,,LEGAL_PERMIT_BARRIER,EXPEDITE_LEGAL_PROCEDURES
DIAG-20260630-TST-U0378,20260630,500378,TC-01-N1-08.48,Tổ hợp thương mại căn hộ Phú Mỹ,Tháp N1,205,9.19,10.0,20,65,28.95,,LEGAL_PERMIT_BARRIER,EXPEDITE_LEGAL_PROCEDURES
DIAG-20260630-TST-U0381,20260630,500381,TC-01-N1-08.51,Tổ hợp thương mại căn hộ Phú Mỹ,Tháp N1,234,17.48,9.8,30,0,38.75,,LEGAL_PERMIT_BARRIER,EXPEDITE_LEGAL_PROCEDURES
DIAG-20260630-TST-U0382,20260630,500382,TC-01-N1-08.52,Tổ hợp thương mại căn hộ Phú Mỹ,Tháp N1,466,-0.47,10.3,0,20,22.08,,LEGAL_PERMIT_BARRIER,EXPEDITE_LEGAL_PROCEDURES
DIAG-20260630-TST-U0383,20260630,500383,TC-01-N1-08.53,Tổ hợp thương mại căn hộ Phú Mỹ,Tháp N1,335,10.82,9.6,50,40,30.88,,LEGAL_PERMIT_BARRIER,EXPEDITE_LEGAL_PROCEDURES
DIAG-20260630-TST-U0384,20260630,500384,TC-01-N1-08.54,Tổ hợp thương mại căn hộ Phú Mỹ,Tháp N1,294,14.63,9.2,55,0,35.37,,LEGAL_PERMIT_BARRIER,EXPEDITE_LEGAL_PROCEDURES
DIAG-20260630-TST-U0386,20260630,500386,TC-01-N1-08.56,Tổ hợp thương mại căn hộ Phú Mỹ,Tháp N1,144,1.93,14.8,60,0,18.44,,LEGAL_PERMIT_BARRIER,EXPEDITE_LEGAL_PROCEDURES
DIAG-20260630-TST-U0387,20260630,500387,TC-01-N1-08.57,Tổ hợp thương mại căn hộ Phú Mỹ,Tháp N1,214,-16.58,10.0,20,55,2.32,,LEGAL_PERMIT_BARRIER,EXPEDITE_LEGAL_PROCEDURES
DIAG-20260630-TST-U0388,20260630,500388,TC-01-N1-08.58,Tổ hợp thương mại căn hộ Phú Mỹ,Tháp N1,244,10.1,18.5,10,65,27.94,,LEGAL_PERMIT_BARRIER,EXPEDITE_LEGAL_PROCEDURES
DIAG-20260630-TST-U0389,20260630,500389,TC-01-N1-08.59,Tổ hợp thương mại căn hộ Phú Mỹ,Tháp N1,462,23.67,10.9,25,0,46.06,,LEGAL_PERMIT_BARRIER,EXPEDITE_LEGAL_PROCEDURES
DIAG-20260630-TST-U0391,20260630,500391,TC-01-N1-08.61,Tổ hợp thương mại căn hộ Phú Mỹ,Tháp N1,170,-4.98,10.2,0,65,16.55,,LEGAL_PERMIT_BARRIER,EXPEDITE_LEGAL_PROCEDURES
DIAG-20260630-TST-U0393,20260630,500393,TC-01-N1-08.63,Tổ hợp thương mại căn hộ Phú Mỹ,Tháp N1,252,-15.87,14.2,50,0,-2.24,,LEGAL_PERMIT_BARRIER,EXPEDITE_LEGAL_PROCEDURES
DIAG-20260630-TST-U0394,20260630,500394,TC-01-N1-08.64,Tổ hợp thương mại căn hộ Phú Mỹ,Tháp N1,408,-7.24,7.6,20,25,9.56,,LEGAL_PERMIT_BARRIER,EXPEDITE_LEGAL_PROCEDURES
DIAG-20260630-TST-U0395,20260630,500395,TC-01-N1-08.65,Tổ hợp thương mại căn hộ Phú Mỹ,Tháp N1,208,-4.64,8.6,20,0,12.62,,LEGAL_PERMIT_BARRIER,EXPEDITE_LEGAL_PROCEDURES
DIAG-20260630-TST-U0396,20260630,500396,TC-01-N1-08.66,Tổ hợp thương mại căn hộ Phú Mỹ,Tháp N1,326,8.89,18.8,0,65,26.54,,LEGAL_PERMIT_BARRIER,EXPEDITE_LEGAL_PROCEDURES
DIAG-20260630-TST-U0397,20260630,500397,TC-01-N1-09.01,Tổ hợp thương mại căn hộ Phú Mỹ,Tháp N1,442,-6.5,14.0,30,0,8.65,,LEGAL_PERMIT_BARRIER,EXPEDITE_LEGAL_PROCEDURES
DIAG-20260630-TST-U0399,20260630,500399,TC-01-N1-09.03,Tổ hợp thương mại căn hộ Phú Mỹ,Tháp N1,391,-0.94,11.6,45,65,21.5,,LEGAL_PERMIT_BARRIER,EXPEDITE_LEGAL_PROCEDURES
DIAG-20260630-TST-U0400,20260630,500400,TC-01-N1-09.04,Tổ hợp thương mại căn hộ Phú Mỹ,Tháp N1,208,13.76,14.5,60,0,39.53,,LEGAL_PERMIT_BARRIER,EXPEDITE_LEGAL_PROCEDURES
DIAG-20260630-TST-U0401,20260630,500401,TC-01-N1-09.05,Tổ hợp thương mại căn hộ Phú Mỹ,Tháp N1,424,0.13,8.0,40,40,18.26,,LEGAL_PERMIT_BARRIER,EXPEDITE_LEGAL_PROCEDURES
DIAG-20260630-TST-U0402,20260630,500402,TC-01-N1-09.06,Tổ hợp thương mại căn hộ Phú Mỹ,Tháp N1,380,15.42,11.6,20,0,41.58,,LEGAL_PERMIT_BARRIER,EXPEDITE_LEGAL_PROCEDURES
DIAG-20260630-TST-U0405,20260630,500405,TC-01-N1-09.09,Tổ hợp thương mại căn hộ Phú Mỹ,Tháp N1,209,-1.17,11.7,65,25,21.22,,LEGAL_PERMIT_BARRIER,EXPEDITE_LEGAL_PROCEDURES
DIAG-20260630-TST-U0406,20260630,500406,TC-01-N1-09.10,Tổ hợp thương mại căn hộ Phú Mỹ,Tháp N1,201,2.86,11.8,20,40,26.17,,LEGAL_PERMIT_BARRIER,EXPEDITE_LEGAL_PROCEDURES
DIAG-20260630-TST-U0407,20260630,500407,TC-01-N1-09.11,Tổ hợp thương mại căn hộ Phú Mỹ,Tháp N1,469,-22.26,9.5,20,25,-4.64,,LEGAL_PERMIT_BARRIER,EXPEDITE_LEGAL_PROCEDURES
DIAG-20260630-TST-U0408,20260630,500408,TC-01-N1-09.12,Tổ hợp thương mại căn hộ Phú Mỹ,Tháp N1,235,1.78,8.9,15,40,20.21,,LEGAL_PERMIT_BARRIER,EXPEDITE_LEGAL_PROCEDURES
DIAG-20260630-TST-U0409,20260630,500409,TC-01-N1-09.13,Tổ hợp thương mại căn hộ Phú Mỹ,Tháp N1,111,-10.33,7.9,0,0,5.9,,LEGAL_PERMIT_BARRIER,EXPEDITE_LEGAL_PROCEDURES
DIAG-20260630-TST-U0411,20260630,500411,TC-01-N1-09.15,Tổ hợp thương mại căn hộ Phú Mỹ,Tháp N1,275,25.0,18.2,20,40,45.26,,LEGAL_PERMIT_BARRIER,EXPEDITE_LEGAL_PROCEDURES
DIAG-20260630-TST-U0412,20260630,500412,TC-01-N1-09.16,Tổ hợp thương mại căn hộ Phú Mỹ,Tháp N1,226,16.13,15.7,20,40,42.44,,LEGAL_PERMIT_BARRIER,EXPEDITE_LEGAL_PROCEDURES
DIAG-20260630-TST-U0413,20260630,500413,TC-01-N1-09.17,Tổ hợp thương mại căn hộ Phú Mỹ,Tháp N1,157,-1.41,11.5,0,40,20.92,,LEGAL_PERMIT_BARRIER,EXPEDITE_LEGAL_PROCEDURES
DIAG-20260630-TST-U0414,20260630,500414,TC-01-N1-09.18,Tổ hợp thương mại căn hộ Phú Mỹ,Tháp N1,114,-13.51,9.6,65,40,6.09,,LEGAL_PERMIT_BARRIER,EXPEDITE_LEGAL_PROCEDURES
DIAG-20260630-TST-U0415,20260630,500415,TC-01-N1-09.19,Tổ hợp thương mại căn hộ Phú Mỹ,Tháp N1,97,0.36,8.3,40,40,18.52,,LEGAL_PERMIT_BARRIER,EXPEDITE_LEGAL_PROCEDURES
DIAG-20260630-TST-U0416,20260630,500416,TC-01-N1-09.20,Tổ hợp thương mại căn hộ Phú Mỹ,Tháp N1,100,10.19,14.3,35,40,35.16,,LEGAL_PERMIT_BARRIER,EXPEDITE_LEGAL_PROCEDURES
DIAG-20260630-TST-U0417,20260630,500417,TC-01-N1-09.21,Tổ hợp thương mại căn hộ Phú Mỹ,Tháp N1,453,-14.45,10.4,50,95,4.93,,LEGAL_PERMIT_BARRIER,EXPEDITE_LEGAL_PROCEDURES
DIAG-20260630-TST-U0418,20260630,500418,TC-01-N1-09.22,Tổ hợp thương mại căn hộ Phú Mỹ,Tháp N1,341,2.16,11.0,30,0,25.3,,LEGAL_PERMIT_BARRIER,EXPEDITE_LEGAL_PROCEDURES
DIAG-20260630-TST-U0419,20260630,500419,TC-01-N1-09.23,Tổ hợp thương mại căn hộ Phú Mỹ,Tháp N1,162,-13.5,9.8,35,25,6.1,,LEGAL_PERMIT_BARRIER,EXPEDITE_LEGAL_PROCEDURES
DIAG-20260630-TST-U0421,20260630,500421,TC-01-N1-09.25,Tổ hợp thương mại căn hộ Phú Mỹ,Tháp N1,171,-7.8,9.9,40,50,13.09,,LEGAL_PERMIT_BARRIER,EXPEDITE_LEGAL_PROCEDURES
DIAG-20260630-TST-U0422,20260630,500422,TC-01-N1-09.26,Tổ hợp thương mại căn hộ Phú Mỹ,Tháp N1,459,17.27,10.4,55,65,38.5,,LEGAL_PERMIT_BARRIER,EXPEDITE_LEGAL_PROCEDURES
DIAG-20260630-TST-U0423,20260630,500423,TC-01-N1-09.27,Tổ hợp thương mại căn hộ Phú Mỹ,Tháp N1,130,-14.45,9.5,35,65,4.93,,LEGAL_PERMIT_BARRIER,EXPEDITE_LEGAL_PROCEDURES
DIAG-20260630-TST-U0424,20260630,500424,TC-01-N1-09.28,Tổ hợp thương mại căn hộ Phú Mỹ,Tháp N1,217,0.01,15.9,35,55,16.21,,LEGAL_PERMIT_BARRIER,EXPEDITE_LEGAL_PROCEDURES
DIAG-20260630-TST-U0425,20260630,500425,TC-01-N1-09.29,Tổ hợp thương mại căn hộ Phú Mỹ,Tháp N1,125,-2.26,7.1,0,0,15.43,,LEGAL_PERMIT_BARRIER,EXPEDITE_LEGAL_PROCEDURES
DIAG-20260630-TST-U0427,20260630,500427,TC-01-N1-09.31,Tổ hợp thương mại căn hộ Phú Mỹ,Tháp N1,320,13.45,10.5,40,30,33.98,,LEGAL_PERMIT_BARRIER,EXPEDITE_LEGAL_PROCEDURES
DIAG-20260630-TST-U0428,20260630,500428,TC-01-N1-09.32,Tổ hợp thương mại căn hộ Phú Mỹ,Tháp N1,126,-11.79,14.0,20,65,2.51,,LEGAL_PERMIT_BARRIER,EXPEDITE_LEGAL_PROCEDURES
DIAG-20260630-TST-U0429,20260630,500429,TC-01-N1-09.33,Tổ hợp thương mại căn hộ Phú Mỹ,Tháp N1,283,-6.85,11.4,20,25,14.26,,LEGAL_PERMIT_BARRIER,EXPEDITE_LEGAL_PROCEDURES
DIAG-20260630-TST-U0431,20260630,500431,TC-01-N1-09.35,Tổ hợp thương mại căn hộ Phú Mỹ,Tháp N1,411,1.21,16.8,90,45,17.6,,LEGAL_PERMIT_BARRIER,EXPEDITE_LEGAL_PROCEDURES
DIAG-20260630-TST-U0433,20260630,500433,TC-01-N1-09.37,Tổ hợp thương mại căn hộ Phú Mỹ,Tháp N1,465,-9.12,15.0,10,65,5.6,,LEGAL_PERMIT_BARRIER,EXPEDITE_LEGAL_PROCEDURES
DIAG-20260630-TST-U0434,20260630,500434,TC-01-N1-09.38,Tổ hợp thương mại căn hộ Phú Mỹ,Tháp N1,431,14.0,13.4,30,0,39.82,,LEGAL_PERMIT_BARRIER,EXPEDITE_LEGAL_PROCEDURES
DIAG-20260630-TST-U0435,20260630,500435,TC-01-N1-09.39,Tổ hợp thương mại căn hộ Phú Mỹ,Tháp N1,329,-17.55,13.5,25,65,-4.19,,LEGAL_PERMIT_BARRIER,EXPEDITE_LEGAL_PROCEDURES
DIAG-20260630-TST-U0436,20260630,500436,TC-01-N1-09.40,Tổ hợp thương mại căn hộ Phú Mỹ,Tháp N1,165,15.63,20.9,20,0,34.36,,LEGAL_PERMIT_BARRIER,EXPEDITE_LEGAL_PROCEDURES
DIAG-20260630-TST-U0437,20260630,500437,TC-01-N1-09.41,Tổ hợp thương mại căn hộ Phú Mỹ,Tháp N1,266,-12.97,7.7,0,25,2.79,,LEGAL_PERMIT_BARRIER,EXPEDITE_LEGAL_PROCEDURES
DIAG-20260630-TST-U0440,20260630,500440,TC-01-N1-09.44,Tổ hợp thương mại căn hộ Phú Mỹ,Tháp N1,458,-8.53,10.8,70,0,12.19,,LEGAL_PERMIT_BARRIER,EXPEDITE_LEGAL_PROCEDURES
DIAG-20260630-TST-U0441,20260630,500441,TC-01-N1-09.45,Tổ hợp thương mại căn hộ Phú Mỹ,Tháp N1,306,-11.13,11.4,35,20,9.0,,LEGAL_PERMIT_BARRIER,EXPEDITE_LEGAL_PROCEDURES
DIAG-20260630-TST-U0442,20260630,500442,TC-01-N1-09.46,Tổ hợp thương mại căn hộ Phú Mỹ,Tháp N1,339,5.21,10.5,25,0,29.05,,LEGAL_PERMIT_BARRIER,EXPEDITE_LEGAL_PROCEDURES
DIAG-20260630-TST-U0443,20260630,500443,TC-01-N1-09.47,Tổ hợp thương mại căn hộ Phú Mỹ,Tháp N1,308,-2.65,14.9,35,95,13.12,,LEGAL_PERMIT_BARRIER,EXPEDITE_LEGAL_PROCEDURES
DIAG-20260630-TST-U0444,20260630,500444,TC-01-N1-09.48,Tổ hợp thương mại căn hộ Phú Mỹ,Tháp N1,253,2.04,8.5,45,20,20.51,,LEGAL_PERMIT_BARRIER,EXPEDITE_LEGAL_PROCEDURES
DIAG-20260630-TST-U0446,20260630,500446,TC-01-N1-09.50,Tổ hợp thương mại căn hộ Phú Mỹ,Tháp N1,261,-8.89,13.5,35,0,5.87,,LEGAL_PERMIT_BARRIER,EXPEDITE_LEGAL_PROCEDURES
DIAG-20260630-TST-U0452,20260630,500452,TC-01-N1-09.56,Tổ hợp thương mại căn hộ Phú Mỹ,Tháp N1,126,9.42,8.4,65,0,29.23,,LEGAL_PERMIT_BARRIER,EXPEDITE_LEGAL_PROCEDURES
DIAG-20260630-TST-U0453,20260630,500453,TC-01-N1-09.57,Tổ hợp thương mại căn hộ Phú Mỹ,Tháp N1,443,-10.9,10.1,20,40,9.29,,LEGAL_PERMIT_BARRIER,EXPEDITE_LEGAL_PROCEDURES
DIAG-20260630-TST-U0454,20260630,500454,TC-01-N1-09.58,Tổ hợp thương mại căn hộ Phú Mỹ,Tháp N1,211,8.06,13.9,0,25,32.55,,LEGAL_PERMIT_BARRIER,EXPEDITE_LEGAL_PROCEDURES
DIAG-20260630-TST-U0456,20260630,500456,TC-01-N1-09.60,Tổ hợp thương mại căn hộ Phú Mỹ,Tháp N1,242,5.78,18.5,30,20,22.92,,LEGAL_PERMIT_BARRIER,EXPEDITE_LEGAL_PROCEDURES
DIAG-20260630-TST-U0457,20260630,500457,TC-01-N1-09.61,Tổ hợp thương mại căn hộ Phú Mỹ,Tháp N1,275,-6.28,7.6,40,25,10.68,,LEGAL_PERMIT_BARRIER,EXPEDITE_LEGAL_PROCEDURES
DIAG-20260630-TST-U0459,20260630,500459,TC-01-N1-09.63,Tổ hợp thương mại căn hộ Phú Mỹ,Tháp N1,359,12.25,9.3,65,95,32.57,,LEGAL_PERMIT_BARRIER,EXPEDITE_LEGAL_PROCEDURES
DIAG-20260630-TST-U0460,20260630,500460,TC-01-N1-09.64,Tổ hợp thương mại căn hộ Phú Mỹ,Tháp N1,203,2.27,9.2,35,25,20.78,,LEGAL_PERMIT_BARRIER,EXPEDITE_LEGAL_PROCEDURES
DIAG-20260630-TST-U0461,20260630,500461,TC-01-N1-09.65,Tổ hợp thương mại căn hộ Phú Mỹ,Tháp N1,330,15.86,17.8,10,0,34.63,,LEGAL_PERMIT_BARRIER,EXPEDITE_LEGAL_PROCEDURES
DIAG-20260630-TST-U0462,20260630,500462,TC-01-N1-09.66,Tổ hợp thương mại căn hộ Phú Mỹ,Tháp N1,378,12.99,17.4,20,25,31.3,,LEGAL_PERMIT_BARRIER,EXPEDITE_LEGAL_PROCEDURES
DIAG-20260630-TST-U0463,20260630,500463,TC-01-N1-10.01,Tổ hợp thương mại căn hộ Phú Mỹ,Tháp N1,308,-4.71,10.0,20,25,16.88,,LEGAL_PERMIT_BARRIER,EXPEDITE_LEGAL_PROCEDURES
DIAG-20260630-TST-U0464,20260630,500464,TC-01-N1-10.02,Tổ hợp thương mại căn hộ Phú Mỹ,Tháp N1,335,20.15,14.3,50,70,47.37,,LEGAL_PERMIT_BARRIER,EXPEDITE_LEGAL_PROCEDURES
DIAG-20260630-TST-U0465,20260630,500465,TC-01-N1-10.03,Tổ hợp thương mại căn hộ Phú Mỹ,Tháp N1,152,-12.06,11.3,40,20,7.86,,LEGAL_PERMIT_BARRIER,EXPEDITE_LEGAL_PROCEDURES
DIAG-20260630-TST-U0466,20260630,500466,TC-01-N1-10.04,Tổ hợp thương mại căn hộ Phú Mỹ,Tháp N1,414,16.58,7.7,30,0,35.53,,LEGAL_PERMIT_BARRIER,EXPEDITE_LEGAL_PROCEDURES
DIAG-20260630-TST-U0467,20260630,500467,TC-01-N1-10.05,Tổ hợp thương mại căn hộ Phú Mỹ,Tháp N1,138,7.14,13.0,10,20,31.41,,LEGAL_PERMIT_BARRIER,EXPEDITE_LEGAL_PROCEDURES
DIAG-20260630-TST-U0468,20260630,500468,TC-01-N1-10.06,Tổ hợp thương mại căn hộ Phú Mỹ,Tháp N1,253,-9.16,7.8,40,0,7.29,,LEGAL_PERMIT_BARRIER,EXPEDITE_LEGAL_PROCEDURES
DIAG-20260630-TST-U0469,20260630,500469,TC-01-N1-10.07,Tổ hợp thương mại căn hộ Phú Mỹ,Tháp N1,386,-10.42,11.3,20,65,9.87,,LEGAL_PERMIT_BARRIER,EXPEDITE_LEGAL_PROCEDURES
DIAG-20260630-TST-U0470,20260630,500470,TC-01-N1-10.08,Tổ hợp thương mại căn hộ Phú Mỹ,Tháp N1,207,-10.82,8.3,10,0,5.32,,LEGAL_PERMIT_BARRIER,EXPEDITE_LEGAL_PROCEDURES
DIAG-20260630-TST-U0471,20260630,500471,TC-01-N1-10.09,Tổ hợp thương mại căn hộ Phú Mỹ,Tháp N1,326,-15.17,10.7,40,0,4.05,,LEGAL_PERMIT_BARRIER,EXPEDITE_LEGAL_PROCEDURES
DIAG-20260630-TST-U0472,20260630,500472,TC-01-N1-10.10,Tổ hợp thương mại căn hộ Phú Mỹ,Tháp N1,240,-13.04,5.4,10,40,1.1,,LEGAL_PERMIT_BARRIER,EXPEDITE_LEGAL_PROCEDURES
DIAG-20260630-TST-U0473,20260630,500473,TC-01-N1-10.11,Tổ hợp thương mại căn hộ Phú Mỹ,Tháp N1,196,-5.68,10.9,0,65,15.69,,LEGAL_PERMIT_BARRIER,EXPEDITE_LEGAL_PROCEDURES
DIAG-20260630-TST-U0475,20260630,500475,TC-01-N1-10.13,Tổ hợp thương mại căn hộ Phú Mỹ,Tháp N1,304,-22.36,12.4,30,65,-9.78,,LEGAL_PERMIT_BARRIER,EXPEDITE_LEGAL_PROCEDURES
DIAG-20260630-TST-U0476,20260630,500476,TC-01-N1-10.14,Tổ hợp thương mại căn hộ Phú Mỹ,Tháp N1,333,-12.78,10.0,20,40,6.98,,LEGAL_PERMIT_BARRIER,EXPEDITE_LEGAL_PROCEDURES
DIAG-20260630-TST-U0477,20260630,500477,TC-01-N1-10.15,Tổ hợp thương mại căn hộ Phú Mỹ,Tháp N1,380,-0.83,8.9,75,20,17.13,,LEGAL_PERMIT_BARRIER,EXPEDITE_LEGAL_PROCEDURES
DIAG-20260630-TST-U0478,20260630,500478,TC-01-N1-10.16,Tổ hợp thương mại căn hộ Phú Mỹ,Tháp N1,318,-19.18,9.5,20,25,-0.87,,LEGAL_PERMIT_BARRIER,EXPEDITE_LEGAL_PROCEDURES
DIAG-20260630-TST-U0479,20260630,500479,TC-01-N1-10.17,Tổ hợp thương mại căn hộ Phú Mỹ,Tháp N1,107,15.9,12.5,40,95,42.16,,LEGAL_PERMIT_BARRIER,EXPEDITE_LEGAL_PROCEDURES
DIAG-20260630-TST-U0480,20260630,500480,TC-01-N1-10.18,Tổ hợp thương mại căn hộ Phú Mỹ,Tháp N1,107,3.95,8.7,0,0,22.77,,LEGAL_PERMIT_BARRIER,EXPEDITE_LEGAL_PROCEDURES
DIAG-20260630-TST-U0481,20260630,500481,TC-01-N1-10.19,Tổ hợp thương mại căn hộ Phú Mỹ,Tháp N1,416,2.15,12.0,20,40,25.29,,LEGAL_PERMIT_BARRIER,EXPEDITE_LEGAL_PROCEDURES
DIAG-20260630-TST-U0483,20260630,500483,TC-01-N1-10.21,Tổ hợp thương mại căn hộ Phú Mỹ,Tháp N1,322,-0.12,8.3,20,40,17.96,,LEGAL_PERMIT_BARRIER,EXPEDITE_LEGAL_PROCEDURES
DIAG-20260630-TST-U0484,20260630,500484,TC-01-N1-10.22,Tổ hợp thương mại căn hộ Phú Mỹ,Tháp N1,114,6.19,12.4,20,65,30.24,,LEGAL_PERMIT_BARRIER,EXPEDITE_LEGAL_PROCEDURES
DIAG-20260630-TST-U0485,20260630,500485,TC-01-N1-10.23,Tổ hợp thương mại căn hộ Phú Mỹ,Tháp N1,99,-3.05,11.9,75,0,18.91,,LEGAL_PERMIT_BARRIER,EXPEDITE_LEGAL_PROCEDURES
DIAG-20260630-TST-U0486,20260630,500486,TC-01-N1-10.24,Tổ hợp thương mại căn hộ Phú Mỹ,Tháp N1,337,15.67,14.4,40,0,41.88,,LEGAL_PERMIT_BARRIER,EXPEDITE_LEGAL_PROCEDURES
DIAG-20260630-TST-U0488,20260630,500488,TC-01-N1-10.26,Tổ hợp thương mại căn hộ Phú Mỹ,Tháp N1,133,1.11,8.4,40,20,19.41,,LEGAL_PERMIT_BARRIER,EXPEDITE_LEGAL_PROCEDURES
DIAG-20260630-TST-U0489,20260630,500489,TC-01-N1-10.27,Tổ hợp thương mại căn hộ Phú Mỹ,Tháp N1,397,2.73,9.1,40,0,21.33,,LEGAL_PERMIT_BARRIER,EXPEDITE_LEGAL_PROCEDURES
DIAG-20260630-TST-U0490,20260630,500490,TC-01-N1-10.28,Tổ hợp thương mại căn hộ Phú Mỹ,Tháp N1,433,-4.25,13.1,20,0,17.44,,LEGAL_PERMIT_BARRIER,EXPEDITE_LEGAL_PROCEDURES
DIAG-20260630-TST-U0492,20260630,500492,TC-01-N1-10.30,Tổ hợp thương mại căn hộ Phú Mỹ,Tháp N1,436,6.49,17.0,40,65,23.75,,LEGAL_PERMIT_BARRIER,EXPEDITE_LEGAL_PROCEDURES
DIAG-20260630-TST-U0493,20260630,500493,TC-01-N1-10.31,Tổ hợp thương mại căn hộ Phú Mỹ,Tháp N1,129,-0.69,12.1,40,25,21.82,,LEGAL_PERMIT_BARRIER,EXPEDITE_LEGAL_PROCEDURES
DIAG-20260630-TST-U0494,20260630,500494,TC-01-N1-10.32,Tổ hợp thương mại căn hộ Phú Mỹ,Tháp N1,232,-4.08,15.0,65,0,11.46,,LEGAL_PERMIT_BARRIER,EXPEDITE_LEGAL_PROCEDURES
DIAG-20260630-TST-U0495,20260630,500495,TC-01-N1-10.33,Tổ hợp thương mại căn hộ Phú Mỹ,Tháp N1,94,-19.86,6.8,0,25,-5.35,,LEGAL_PERMIT_BARRIER,EXPEDITE_LEGAL_PROCEDURES
DIAG-20260630-TST-U0496,20260630,500496,TC-01-N1-10.34,Tổ hợp thương mại căn hộ Phú Mỹ,Tháp N1,426,-14.21,10.2,35,65,5.23,,LEGAL_PERMIT_BARRIER,EXPEDITE_LEGAL_PROCEDURES
DIAG-20260630-TST-U0497,20260630,500497,TC-01-N1-10.35,Tổ hợp thương mại căn hộ Phú Mỹ,Tháp N1,287,1.55,9.5,20,25,19.93,,LEGAL_PERMIT_BARRIER,EXPEDITE_LEGAL_PROCEDURES
DIAG-20260630-TST-U0498,20260630,500498,TC-01-N1-10.36,Tổ hợp thương mại căn hộ Phú Mỹ,Tháp N1,161,-0.7,12.7,35,40,21.8,,LEGAL_PERMIT_BARRIER,EXPEDITE_LEGAL_PROCEDURES
DIAG-20260630-TST-U0499,20260630,500499,TC-01-N1-10.37,Tổ hợp thương mại căn hộ Phú Mỹ,Tháp N1,235,-9.01,10.9,30,40,11.61,,LEGAL_PERMIT_BARRIER,EXPEDITE_LEGAL_PROCEDURES
DIAG-20260630-TST-U0500,20260630,500500,TC-01-N1-10.38,Tổ hợp thương mại căn hộ Phú Mỹ,Tháp N1,467,-6.98,14.3,50,30,8.1,,LEGAL_PERMIT_BARRIER,EXPEDITE_LEGAL_PROCEDURES
DIAG-20260630-TST-U0501,20260630,500501,TC-01-N1-10.39,Tổ hợp thương mại căn hộ Phú Mỹ,Tháp N1,334,0.0,6.8,10,55,16.26,,LEGAL_PERMIT_BARRIER,EXPEDITE_LEGAL_PROCEDURES
DIAG-20260630-TST-U0505,20260630,500505,TC-01-N1-10.43,Tổ hợp thương mại căn hộ Phú Mỹ,Tháp N1,241,4.75,11.4,30,40,28.48,,LEGAL_PERMIT_BARRIER,EXPEDITE_LEGAL_PROCEDURES
DIAG-20260630-TST-U0506,20260630,500506,TC-01-N1-10.44,Tổ hợp thương mại căn hộ Phú Mỹ,Tháp N1,417,-3.11,15.1,15,40,12.58,,LEGAL_PERMIT_BARRIER,EXPEDITE_LEGAL_PROCEDURES
DIAG-20260630-TST-U0507,20260630,500507,TC-01-N1-10.45,Tổ hợp thương mại căn hộ Phú Mỹ,Tháp N1,131,5.69,12.7,50,20,29.64,,LEGAL_PERMIT_BARRIER,EXPEDITE_LEGAL_PROCEDURES
DIAG-20260630-TST-U0508,20260630,500508,TC-01-N1-10.46,Tổ hợp thương mại căn hộ Phú Mỹ,Tháp N1,172,-9.62,7.3,40,65,6.74,,LEGAL_PERMIT_BARRIER,EXPEDITE_LEGAL_PROCEDURES
DIAG-20260630-TST-U0509,20260630,500509,TC-01-N1-10.47,Tổ hợp thương mại căn hộ Phú Mỹ,Tháp N1,343,-4.72,12.3,25,25,16.86,,LEGAL_PERMIT_BARRIER,EXPEDITE_LEGAL_PROCEDURES
DIAG-20260630-TST-U0511,20260630,500511,TC-01-N1-10.49,Tổ hợp thương mại căn hộ Phú Mỹ,Tháp N1,426,-1.68,15.5,15,65,14.25,,LEGAL_PERMIT_BARRIER,EXPEDITE_LEGAL_PROCEDURES
DIAG-20260630-TST-U0512,20260630,500512,TC-01-N1-10.50,Tổ hợp thương mại căn hộ Phú Mỹ,Tháp N1,158,-6.76,8.0,10,65,10.12,,LEGAL_PERMIT_BARRIER,EXPEDITE_LEGAL_PROCEDURES
DIAG-20260630-TST-U0513,20260630,500513,TC-01-N1-10.51,Tổ hợp thương mại căn hộ Phú Mỹ,Tháp N1,135,2.97,8.9,45,0,21.61,,LEGAL_PERMIT_BARRIER,EXPEDITE_LEGAL_PROCEDURES
DIAG-20260630-TST-U0514,20260630,500514,TC-01-N1-10.52,Tổ hợp thương mại căn hộ Phú Mỹ,Tháp N1,149,9.49,12.8,50,0,34.29,,LEGAL_PERMIT_BARRIER,EXPEDITE_LEGAL_PROCEDURES
DIAG-20260630-TST-U0516,20260630,500516,TC-01-N1-10.54,Tổ hợp thương mại căn hộ Phú Mỹ,Tháp N1,411,7.03,9.9,0,0,26.4,,LEGAL_PERMIT_BARRIER,EXPEDITE_LEGAL_PROCEDURES
DIAG-20260630-TST-U0517,20260630,500517,TC-01-N1-10.55,Tổ hợp thương mại căn hộ Phú Mỹ,Tháp N1,327,5.93,13.2,20,40,29.93,,LEGAL_PERMIT_BARRIER,EXPEDITE_LEGAL_PROCEDURES
DIAG-20260630-TST-U0518,20260630,500518,TC-01-N1-10.56,Tổ hợp thương mại căn hộ Phú Mỹ,Tháp N1,296,-4.37,8.2,20,65,12.94,,LEGAL_PERMIT_BARRIER,EXPEDITE_LEGAL_PROCEDURES
DIAG-20260630-TST-U0520,20260630,500520,TC-01-N1-10.58,Tổ hợp thương mại căn hộ Phú Mỹ,Tháp N1,250,-9.13,15.3,35,45,5.59,,LEGAL_PERMIT_BARRIER,EXPEDITE_LEGAL_PROCEDURES
DIAG-20260630-TST-U0521,20260630,500521,TC-01-N1-10.59,Tổ hợp thương mại căn hộ Phú Mỹ,Tháp N1,269,14.48,13.7,0,40,40.42,,LEGAL_PERMIT_BARRIER,EXPEDITE_LEGAL_PROCEDURES
DIAG-20260630-TST-U0522,20260630,500522,TC-01-N1-10.60,Tổ hợp thương mại căn hộ Phú Mỹ,Tháp N1,308,3.84,16.8,75,40,20.67,,LEGAL_PERMIT_BARRIER,EXPEDITE_LEGAL_PROCEDURES
DIAG-20260630-TST-U0523,20260630,500523,TC-01-N1-10.61,Tổ hợp thương mại căn hộ Phú Mỹ,Tháp N1,457,9.98,12.4,35,40,34.9,,LEGAL_PERMIT_BARRIER,EXPEDITE_LEGAL_PROCEDURES
DIAG-20260630-TST-U0524,20260630,500524,TC-01-N1-10.62,Tổ hợp thương mại căn hộ Phú Mỹ,Tháp N1,431,-1.68,16.2,20,25,14.25,,LEGAL_PERMIT_BARRIER,EXPEDITE_LEGAL_PROCEDURES
DIAG-20260630-TST-U0525,20260630,500525,TC-01-N1-10.63,Tổ hợp thương mại căn hộ Phú Mỹ,Tháp N1,398,-3.85,15.2,20,25,11.73,,LEGAL_PERMIT_BARRIER,EXPEDITE_LEGAL_PROCEDURES
DIAG-20260630-TST-U0529,20260630,500529,TC-01-N1-11.01,Tổ hợp thương mại căn hộ Phú Mỹ,Tháp N1,278,14.46,7.6,50,25,33.07,,LEGAL_PERMIT_BARRIER,EXPEDITE_LEGAL_PROCEDURES
DIAG-20260630-TST-U0530,20260630,500530,TC-01-N1-11.02,Tổ hợp thương mại căn hộ Phú Mỹ,Tháp N1,299,-4.25,11.5,20,40,17.45,,LEGAL_PERMIT_BARRIER,EXPEDITE_LEGAL_PROCEDURES
DIAG-20260630-TST-U0531,20260630,500531,TC-01-N1-11.03,Tổ hợp thương mại căn hộ Phú Mỹ,Tháp N1,292,8.95,8.9,20,55,28.67,,LEGAL_PERMIT_BARRIER,EXPEDITE_LEGAL_PROCEDURES
DIAG-20260630-TST-U0533,20260630,500533,TC-01-N1-11.05,Tổ hợp thương mại căn hộ Phú Mỹ,Tháp N1,287,-11.29,12.8,70,0,3.08,,LEGAL_PERMIT_BARRIER,EXPEDITE_LEGAL_PROCEDURES
DIAG-20260630-TST-U0534,20260630,500534,TC-01-N1-11.06,Tổ hợp thương mại căn hộ Phú Mỹ,Tháp N1,318,-10.41,11.6,45,25,9.88,,LEGAL_PERMIT_BARRIER,EXPEDITE_LEGAL_PROCEDURES
DIAG-20260630-TST-U0535,20260630,500535,TC-01-N1-11.07,Tổ hợp thương mại căn hộ Phú Mỹ,Tháp N1,306,15.18,7.9,20,0,33.91,,LEGAL_PERMIT_BARRIER,EXPEDITE_LEGAL_PROCEDURES
DIAG-20260630-TST-U0536,20260630,500536,TC-01-N1-11.08,Tổ hợp thương mại căn hộ Phú Mỹ,Tháp N1,212,19.24,19.0,20,25,38.56,,LEGAL_PERMIT_BARRIER,EXPEDITE_LEGAL_PROCEDURES
DIAG-20260630-TST-U0537,20260630,500537,TC-01-N1-11.09,Tổ hợp thương mại căn hộ Phú Mỹ,Tháp N1,168,1.2,17.7,50,30,17.59,,LEGAL_PERMIT_BARRIER,EXPEDITE_LEGAL_PROCEDURES
DIAG-20260630-TST-U0538,20260630,500538,TC-01-N1-11.10,Tổ hợp thương mại căn hộ Phú Mỹ,Tháp N1,183,-3.32,11.4,10,40,18.59,,LEGAL_PERMIT_BARRIER,EXPEDITE_LEGAL_PROCEDURES
DIAG-20260630-TST-U0539,20260630,500539,TC-01-N1-11.11,Tổ hợp thương mại căn hộ Phú Mỹ,Tháp N1,462,-5.94,6.0,20,65,9.35,,LEGAL_PERMIT_BARRIER,EXPEDITE_LEGAL_PROCEDURES
DIAG-20260630-TST-U0541,20260630,500541,TC-01-N1-11.13,Tổ hợp thương mại căn hộ Phú Mỹ,Tháp N1,453,-8.3,10.6,50,45,12.48,,LEGAL_PERMIT_BARRIER,EXPEDITE_LEGAL_PROCEDURES
DIAG-20260630-TST-U0542,20260630,500542,TC-01-N1-11.14,Tổ hợp thương mại căn hộ Phú Mỹ,Tháp N1,419,-3.21,7.8,35,65,14.3,,LEGAL_PERMIT_BARRIER,EXPEDITE_LEGAL_PROCEDURES
DIAG-20260630-TST-U0544,20260630,500544,TC-01-N1-11.16,Tổ hợp thương mại căn hộ Phú Mỹ,Tháp N1,226,-3.42,7.5,45,65,14.07,,LEGAL_PERMIT_BARRIER,EXPEDITE_LEGAL_PROCEDURES
DIAG-20260630-TST-U0546,20260630,500546,TC-01-N1-11.18,Tổ hợp thương mại căn hộ Phú Mỹ,Tháp N1,192,1.55,8.7,40,95,19.93,,LEGAL_PERMIT_BARRIER,EXPEDITE_LEGAL_PROCEDURES
DIAG-20260630-TST-U0547,20260630,500547,TC-01-N1-11.19,Tổ hợp thương mại căn hộ Phú Mỹ,Tháp N1,349,-20.37,9.0,50,25,-2.33,,LEGAL_PERMIT_BARRIER,EXPEDITE_LEGAL_PROCEDURES
DIAG-20260630-TST-U0548,20260630,500548,TC-01-N1-11.20,Tổ hợp thương mại căn hộ Phú Mỹ,Tháp N1,256,7.21,16.3,45,40,24.58,,LEGAL_PERMIT_BARRIER,EXPEDITE_LEGAL_PROCEDURES
DIAG-20260630-TST-U0549,20260630,500549,TC-01-N1-11.21,Tổ hợp thương mại căn hộ Phú Mỹ,Tháp N1,307,-1.07,7.9,25,0,16.84,,LEGAL_PERMIT_BARRIER,EXPEDITE_LEGAL_PROCEDURES
DIAG-20260630-TST-U0550,20260630,500550,TC-01-N1-11.22,Tổ hợp thương mại căn hộ Phú Mỹ,Tháp N1,151,8.31,11.4,10,40,32.85,,LEGAL_PERMIT_BARRIER,EXPEDITE_LEGAL_PROCEDURES
DIAG-20260630-TST-U0551,20260630,500551,TC-01-N1-11.23,Tổ hợp thương mại căn hộ Phú Mỹ,Tháp N1,424,-14.91,14.3,50,40,-1.13,,LEGAL_PERMIT_BARRIER,EXPEDITE_LEGAL_PROCEDURES
DIAG-20260630-TST-U0553,20260630,500553,TC-01-N1-11.25,Tổ hợp thương mại căn hộ Phú Mỹ,Tháp N1,384,-6.5,14.9,20,65,8.65,,LEGAL_PERMIT_BARRIER,EXPEDITE_LEGAL_PROCEDURES
DIAG-20260630-TST-U0555,20260630,500555,TC-01-N1-11.27,Tổ hợp thương mại căn hộ Phú Mỹ,Tháp N1,465,-24.18,4.6,40,25,-11.85,,LEGAL_PERMIT_BARRIER,EXPEDITE_LEGAL_PROCEDURES
DIAG-20260630-TST-U0556,20260630,500556,TC-01-N1-11.28,Tổ hợp thương mại căn hộ Phú Mỹ,Tháp N1,253,-7.1,11.4,75,65,13.95,,LEGAL_PERMIT_BARRIER,EXPEDITE_LEGAL_PROCEDURES
DIAG-20260630-TST-U0557,20260630,500557,TC-01-N1-11.29,Tổ hợp thương mại căn hộ Phú Mỹ,Tháp N1,356,14.0,13.3,20,20,39.83,,LEGAL_PERMIT_BARRIER,EXPEDITE_LEGAL_PROCEDURES
DIAG-20260630-TST-U0558,20260630,500558,TC-01-N1-11.30,Tổ hợp thương mại căn hộ Phú Mỹ,Tháp N1,412,-10.89,10.0,15,65,9.3,,LEGAL_PERMIT_BARRIER,EXPEDITE_LEGAL_PROCEDURES
DIAG-20260630-TST-U0560,20260630,500560,TC-01-N1-11.32,Tổ hợp thương mại căn hộ Phú Mỹ,Tháp N1,144,5.12,9.3,25,25,24.15,,LEGAL_PERMIT_BARRIER,EXPEDITE_LEGAL_PROCEDURES
DIAG-20260630-TST-U0561,20260630,500561,TC-01-N1-11.33,Tổ hợp thương mại căn hộ Phú Mỹ,Tháp N1,237,6.25,14.9,20,0,23.47,,LEGAL_PERMIT_BARRIER,EXPEDITE_LEGAL_PROCEDURES
DIAG-20260630-TST-U0562,20260630,500562,TC-01-N1-11.34,Tổ hợp thương mại căn hộ Phú Mỹ,Tháp N1,463,6.01,18.9,35,30,23.18,,LEGAL_PERMIT_BARRIER,EXPEDITE_LEGAL_PROCEDURES
DIAG-20260630-TST-U0563,20260630,500563,TC-01-N1-11.35,Tổ hợp thương mại căn hộ Phú Mỹ,Tháp N1,209,1.92,11.8,0,25,25.01,,LEGAL_PERMIT_BARRIER,EXPEDITE_LEGAL_PROCEDURES
DIAG-20260630-TST-U0564,20260630,500564,TC-01-N1-11.36,Tổ hợp thương mại căn hộ Phú Mỹ,Tháp N1,147,-14.93,10.2,40,25,4.35,,LEGAL_PERMIT_BARRIER,EXPEDITE_LEGAL_PROCEDURES
DIAG-20260630-TST-U0565,20260630,500565,TC-01-N1-11.37,Tổ hợp thương mại căn hộ Phú Mỹ,Tháp N1,284,-13.2,8.2,20,0,2.52,,LEGAL_PERMIT_BARRIER,EXPEDITE_LEGAL_PROCEDURES
DIAG-20260630-TST-U0566,20260630,500566,TC-01-N1-11.38,Tổ hợp thương mại căn hộ Phú Mỹ,Tháp N1,97,0.0,12.0,55,65,22.66,,LEGAL_PERMIT_BARRIER,EXPEDITE_LEGAL_PROCEDURES
DIAG-20260630-TST-U0567,20260630,500567,TC-01-N1-11.39,Tổ hợp thương mại căn hộ Phú Mỹ,Tháp N1,361,-5.56,8.3,40,25,11.53,,LEGAL_PERMIT_BARRIER,EXPEDITE_LEGAL_PROCEDURES
DIAG-20260630-TST-U0568,20260630,500568,TC-01-N1-11.40,Tổ hợp thương mại căn hộ Phú Mỹ,Tháp N1,279,-12.69,6.8,0,25,3.11,,LEGAL_PERMIT_BARRIER,EXPEDITE_LEGAL_PROCEDURES
DIAG-20260630-TST-U0569,20260630,500569,TC-01-N1-11.41,Tổ hợp thương mại căn hộ Phú Mỹ,Tháp N1,196,-6.39,11.1,0,65,14.82,,LEGAL_PERMIT_BARRIER,EXPEDITE_LEGAL_PROCEDURES
DIAG-20260630-TST-U0571,20260630,500571,TC-01-N1-11.43,Tổ hợp thương mại căn hộ Phú Mỹ,Tháp N1,339,-12.07,9.8,20,0,7.85,,LEGAL_PERMIT_BARRIER,EXPEDITE_LEGAL_PROCEDURES
DIAG-20260630-TST-U0572,20260630,500572,TC-01-N1-11.44,Tổ hợp thương mại căn hộ Phú Mỹ,Tháp N1,126,2.37,12.7,20,25,25.57,,LEGAL_PERMIT_BARRIER,EXPEDITE_LEGAL_PROCEDURES
DIAG-20260630-TST-U0573,20260630,500573,TC-01-N1-11.45,Tổ hợp thương mại căn hộ Phú Mỹ,Tháp N1,104,23.23,16.5,90,0,51.15,,LEGAL_PERMIT_BARRIER,EXPEDITE_LEGAL_PROCEDURES
DIAG-20260630-TST-U0574,20260630,500574,TC-01-N1-11.46,Tổ hợp thương mại căn hộ Phú Mỹ,Tháp N1,346,-2.4,6.6,10,30,13.47,,LEGAL_PERMIT_BARRIER,EXPEDITE_LEGAL_PROCEDURES
DIAG-20260630-TST-U0576,20260630,500576,TC-01-N1-11.48,Tổ hợp thương mại căn hộ Phú Mỹ,Tháp N1,453,-4.62,7.7,20,25,12.64,,LEGAL_PERMIT_BARRIER,EXPEDITE_LEGAL_PROCEDURES
DIAG-20260630-TST-U0577,20260630,500577,TC-01-N1-11.49,Tổ hợp thương mại căn hộ Phú Mỹ,Tháp N1,428,3.95,9.1,30,0,22.77,,LEGAL_PERMIT_BARRIER,EXPEDITE_LEGAL_PROCEDURES
DIAG-20260630-TST-U0579,20260630,500579,TC-01-N1-11.51,Tổ hợp thương mại căn hộ Phú Mỹ,Tháp N1,274,8.69,9.1,0,70,28.37,,LEGAL_PERMIT_BARRIER,EXPEDITE_LEGAL_PROCEDURES
DIAG-20260630-TST-U0581,20260630,500581,TC-01-N1-11.53,Tổ hợp thương mại căn hộ Phú Mỹ,Tháp N1,251,0.11,7.7,40,40,18.23,,LEGAL_PERMIT_BARRIER,EXPEDITE_LEGAL_PROCEDURES
DIAG-20260630-TST-U0582,20260630,500582,TC-01-N1-11.54,Tổ hợp thương mại căn hộ Phú Mỹ,Tháp N1,222,-15.85,9.1,40,25,3.21,,LEGAL_PERMIT_BARRIER,EXPEDITE_LEGAL_PROCEDURES
DIAG-20260630-TST-U0583,20260630,500583,TC-01-N1-11.55,Tổ hợp thương mại căn hộ Phú Mỹ,Tháp N1,266,-9.14,14.4,40,95,5.58,,LEGAL_PERMIT_BARRIER,EXPEDITE_LEGAL_PROCEDURES
DIAG-20260630-TST-U0586,20260630,500586,TC-01-N1-11.58,Tổ hợp thương mại căn hộ Phú Mỹ,Tháp N1,420,19.7,13.3,40,40,46.82,,LEGAL_PERMIT_BARRIER,EXPEDITE_LEGAL_PROCEDURES
DIAG-20260630-TST-U0587,20260630,500587,TC-01-N1-11.59,Tổ hợp thương mại căn hộ Phú Mỹ,Tháp N1,101,-2.97,8.7,10,0,14.6,,LEGAL_PERMIT_BARRIER,EXPEDITE_LEGAL_PROCEDURES
DIAG-20260630-TST-U0588,20260630,500588,TC-01-N1-11.60,Tổ hợp thương mại căn hộ Phú Mỹ,Tháp N1,122,-12.73,7.6,10,0,3.07,,LEGAL_PERMIT_BARRIER,EXPEDITE_LEGAL_PROCEDURES
DIAG-20260630-TST-U0589,20260630,500589,TC-01-N1-11.61,Tổ hợp thương mại căn hộ Phú Mỹ,Tháp N1,366,-6.64,6.5,20,25,8.54,,LEGAL_PERMIT_BARRIER,EXPEDITE_LEGAL_PROCEDURES
DIAG-20260630-TST-U0590,20260630,500590,TC-01-N1-11.62,Tổ hợp thương mại căn hộ Phú Mỹ,Tháp N1,322,7.12,12.8,10,50,31.39,,LEGAL_PERMIT_BARRIER,EXPEDITE_LEGAL_PROCEDURES
DIAG-20260630-TST-U0591,20260630,500591,TC-01-N1-11.63,Tổ hợp thương mại căn hộ Phú Mỹ,Tháp N1,423,18.98,19.5,20,0,38.26,,LEGAL_PERMIT_BARRIER,EXPEDITE_LEGAL_PROCEDURES
DIAG-20260630-TST-U0592,20260630,500592,TC-01-N1-11.64,Tổ hợp thương mại căn hộ Phú Mỹ,Tháp N1,409,-8.53,11.1,20,25,12.2,,LEGAL_PERMIT_BARRIER,EXPEDITE_LEGAL_PROCEDURES
DIAG-20260630-TST-U0595,20260630,500595,TC-01-N1-12.01,Tổ hợp thương mại căn hộ Phú Mỹ,Tháp N1,178,9.96,14.3,40,0,34.88,,LEGAL_PERMIT_BARRIER,EXPEDITE_LEGAL_PROCEDURES
DIAG-20260630-TST-U0596,20260630,500596,TC-01-N1-12.02,Tổ hợp thương mại căn hộ Phú Mỹ,Tháp N1,109,-1.19,16.3,20,40,14.81,,LEGAL_PERMIT_BARRIER,EXPEDITE_LEGAL_PROCEDURES
DIAG-20260630-TST-U0597,20260630,500597,TC-01-N1-12.03,Tổ hợp thương mại căn hộ Phú Mỹ,Tháp N1,286,-21.09,9.9,45,55,-3.21,,LEGAL_PERMIT_BARRIER,EXPEDITE_LEGAL_PROCEDURES
DIAG-20260630-TST-U0598,20260630,500598,TC-01-N1-12.04,Tổ hợp thương mại căn hộ Phú Mỹ,Tháp N1,92,-6.73,14.2,20,0,8.38,,LEGAL_PERMIT_BARRIER,EXPEDITE_LEGAL_PROCEDURES
DIAG-20260630-TST-U0599,20260630,500599,TC-01-N1-12.05,Tổ hợp thương mại căn hộ Phú Mỹ,Tháp N1,235,5.72,10.9,20,25,29.67,,LEGAL_PERMIT_BARRIER,EXPEDITE_LEGAL_PROCEDURES
DIAG-20260630-TST-U0600,20260630,500600,TC-01-N1-12.06,Tổ hợp thương mại căn hộ Phú Mỹ,Tháp N1,456,-9.63,14.6,60,65,5.02,,LEGAL_PERMIT_BARRIER,EXPEDITE_LEGAL_PROCEDURES
DIAG-20260630-TST-U0601,20260630,500601,TC-01-N1-12.07,Tổ hợp thương mại căn hộ Phú Mỹ,Tháp N1,243,1.31,8.8,20,0,19.65,,LEGAL_PERMIT_BARRIER,EXPEDITE_LEGAL_PROCEDURES
DIAG-20260630-TST-U0603,20260630,500603,TC-01-N1-12.09,Tổ hợp thương mại căn hộ Phú Mỹ,Tháp N1,231,-11.76,7.1,40,65,4.21,,LEGAL_PERMIT_BARRIER,EXPEDITE_LEGAL_PROCEDURES
DIAG-20260630-TST-U0604,20260630,500604,TC-01-N1-12.10,Tổ hợp thương mại căn hộ Phú Mỹ,Tháp N1,211,18.28,19.0,20,40,37.44,,LEGAL_PERMIT_BARRIER,EXPEDITE_LEGAL_PROCEDURES
DIAG-20260630-TST-U0606,20260630,500606,TC-01-N1-12.12,Tổ hợp thương mại căn hộ Phú Mỹ,Tháp N1,339,-2.87,16.7,55,25,12.86,,LEGAL_PERMIT_BARRIER,EXPEDITE_LEGAL_PROCEDURES
DIAG-20260630-TST-U0607,20260630,500607,TC-01-N1-12.13,Tổ hợp thương mại căn hộ Phú Mỹ,Tháp N1,425,-13.97,11.1,35,40,5.53,,LEGAL_PERMIT_BARRIER,EXPEDITE_LEGAL_PROCEDURES
DIAG-20260630-TST-U0608,20260630,500608,TC-01-N1-12.14,Tổ hợp thương mại căn hộ Phú Mỹ,Tháp N1,184,16.36,18.3,0,40,35.21,,LEGAL_PERMIT_BARRIER,EXPEDITE_LEGAL_PROCEDURES
DIAG-20260630-TST-U0609,20260630,500609,TC-01-N1-12.15,Tổ hợp thương mại căn hộ Phú Mỹ,Tháp N1,347,-2.36,10.7,10,20,19.77,,LEGAL_PERMIT_BARRIER,EXPEDITE_LEGAL_PROCEDURES
DIAG-20260630-TST-U0610,20260630,500610,TC-01-N1-12.16,Tổ hợp thương mại căn hộ Phú Mỹ,Tháp N1,373,-1.18,11.9,35,0,21.21,,LEGAL_PERMIT_BARRIER,EXPEDITE_LEGAL_PROCEDURES
DIAG-20260630-TST-U0612,20260630,500612,TC-01-N1-12.18,Tổ hợp thương mại căn hộ Phú Mỹ,Tháp N1,148,-7.11,11.8,10,65,13.94,,LEGAL_PERMIT_BARRIER,EXPEDITE_LEGAL_PROCEDURES
DIAG-20260630-TST-U0613,20260630,500613,TC-01-N1-12.19,Tổ hợp thương mại căn hộ Phú Mỹ,Tháp N1,414,-3.56,10.1,40,40,18.3,,LEGAL_PERMIT_BARRIER,EXPEDITE_LEGAL_PROCEDURES
DIAG-20260630-TST-U0614,20260630,500614,TC-01-N1-12.20,Tổ hợp thương mại căn hộ Phú Mỹ,Tháp N1,254,-10.34,15.5,60,25,4.19,,LEGAL_PERMIT_BARRIER,EXPEDITE_LEGAL_PROCEDURES
DIAG-20260630-TST-U0615,20260630,500615,TC-01-N1-12.21,Tổ hợp thương mại căn hộ Phú Mỹ,Tháp N1,291,-2.36,10.0,0,55,19.76,,LEGAL_PERMIT_BARRIER,EXPEDITE_LEGAL_PROCEDURES
DIAG-20260630-TST-U0616,20260630,500616,TC-01-N1-12.22,Tổ hợp thương mại căn hộ Phú Mỹ,Tháp N1,143,18.27,18.8,30,0,37.43,,LEGAL_PERMIT_BARRIER,EXPEDITE_LEGAL_PROCEDURES
DIAG-20260630-TST-U0618,20260630,500618,TC-01-N1-12.24,Tổ hợp thương mại căn hộ Phú Mỹ,Tháp N1,279,-7.58,10.6,50,0,13.36,,LEGAL_PERMIT_BARRIER,EXPEDITE_LEGAL_PROCEDURES
DIAG-20260630-TST-U0621,20260630,500621,TC-01-N1-12.27,Tổ hợp thương mại căn hộ Phú Mỹ,Tháp N1,238,1.43,10.5,20,0,24.41,,LEGAL_PERMIT_BARRIER,EXPEDITE_LEGAL_PROCEDURES
DIAG-20260630-TST-U0622,20260630,500622,TC-01-N1-12.28,Tổ hợp thương mại căn hộ Phú Mỹ,Tháp N1,130,-2.82,12.7,60,40,19.2,,LEGAL_PERMIT_BARRIER,EXPEDITE_LEGAL_PROCEDURES
DIAG-20260630-TST-U0623,20260630,500623,TC-01-N1-12.29,Tổ hợp thương mại căn hộ Phú Mỹ,Tháp N1,94,13.75,13.9,35,40,39.52,,LEGAL_PERMIT_BARRIER,EXPEDITE_LEGAL_PROCEDURES
DIAG-20260630-TST-U0624,20260630,500624,TC-01-N1-12.30,Tổ hợp thương mại căn hộ Phú Mỹ,Tháp N1,94,-0.83,8.6,0,40,17.12,,LEGAL_PERMIT_BARRIER,EXPEDITE_LEGAL_PROCEDURES
DIAG-20260630-TST-U0625,20260630,500625,TC-01-N1-12.31,Tổ hợp thương mại căn hộ Phú Mỹ,Tháp N1,217,-9.85,15.1,15,0,4.75,,LEGAL_PERMIT_BARRIER,EXPEDITE_LEGAL_PROCEDURES
DIAG-20260630-TST-U0627,20260630,500627,TC-01-N1-12.33,Tổ hợp thương mại căn hộ Phú Mỹ,Tháp N1,308,8.55,13.1,40,65,33.15,,LEGAL_PERMIT_BARRIER,EXPEDITE_LEGAL_PROCEDURES
DIAG-20260630-TST-U0628,20260630,500628,TC-01-N1-12.34,Tổ hợp thương mại căn hộ Phú Mỹ,Tháp N1,470,-2.12,11.4,20,65,20.06,,LEGAL_PERMIT_BARRIER,EXPEDITE_LEGAL_PROCEDURES
DIAG-20260630-TST-U0629,20260630,500629,TC-01-N1-12.35,Tổ hợp thương mại căn hộ Phú Mỹ,Tháp N1,391,20.1,9.5,20,0,41.83,,LEGAL_PERMIT_BARRIER,EXPEDITE_LEGAL_PROCEDURES
DIAG-20260630-TST-U0630,20260630,500630,TC-01-N1-12.36,Tổ hợp thương mại căn hộ Phú Mỹ,Tháp N1,163,14.93,12.0,70,0,40.97,,LEGAL_PERMIT_BARRIER,EXPEDITE_LEGAL_PROCEDURES
DIAG-20260630-TST-U0631,20260630,500631,TC-01-N1-12.37,Tổ hợp thương mại căn hộ Phú Mỹ,Tháp N1,384,-7.71,8.0,10,65,9.0,,LEGAL_PERMIT_BARRIER,EXPEDITE_LEGAL_PROCEDURES
DIAG-20260630-TST-U0632,20260630,500632,TC-01-N1-12.38,Tổ hợp thương mại căn hộ Phú Mỹ,Tháp N1,211,-10.34,7.7,20,25,5.89,,LEGAL_PERMIT_BARRIER,EXPEDITE_LEGAL_PROCEDURES
DIAG-20260630-TST-U0633,20260630,500633,TC-01-N1-12.39,Tổ hợp thương mại căn hộ Phú Mỹ,Tháp N1,354,1.66,13.2,65,40,24.7,,LEGAL_PERMIT_BARRIER,EXPEDITE_LEGAL_PROCEDURES
DIAG-20260630-TST-U0634,20260630,500634,TC-01-N1-12.40,Tổ hợp thương mại căn hộ Phú Mỹ,Tháp N1,180,6.39,7.3,35,25,23.69,,LEGAL_PERMIT_BARRIER,EXPEDITE_LEGAL_PROCEDURES
DIAG-20260630-TST-U0635,20260630,500635,TC-01-N1-12.41,Tổ hợp thương mại căn hộ Phú Mỹ,Tháp N1,405,-8.03,11.2,55,0,12.8,,LEGAL_PERMIT_BARRIER,EXPEDITE_LEGAL_PROCEDURES
DIAG-20260630-TST-U0636,20260630,500636,TC-01-N1-12.42,Tổ hợp thương mại căn hộ Phú Mỹ,Tháp N1,308,9.27,13.0,20,0,34.02,,LEGAL_PERMIT_BARRIER,EXPEDITE_LEGAL_PROCEDURES
DIAG-20260630-TST-U0638,20260630,500638,TC-01-N1-12.44,Tổ hợp thương mại căn hộ Phú Mỹ,Tháp N1,137,4.58,16.0,30,0,21.52,,LEGAL_PERMIT_BARRIER,EXPEDITE_LEGAL_PROCEDURES
DIAG-20260630-TST-U0639,20260630,500639,TC-01-N1-12.45,Tổ hợp thương mại căn hộ Phú Mỹ,Tháp N1,215,2.85,10.8,10,0,26.15,,LEGAL_PERMIT_BARRIER,EXPEDITE_LEGAL_PROCEDURES
DIAG-20260630-TST-U0640,20260630,500640,TC-01-N1-12.46,Tổ hợp thương mại căn hộ Phú Mỹ,Tháp N1,275,-6.29,7.9,20,30,10.67,,LEGAL_PERMIT_BARRIER,EXPEDITE_LEGAL_PROCEDURES
DIAG-20260630-TST-U0641,20260630,500641,TC-01-N1-12.47,Tổ hợp thương mại căn hộ Phú Mỹ,Tháp N1,341,-1.3,9.1,25,65,16.56,,LEGAL_PERMIT_BARRIER,EXPEDITE_LEGAL_PROCEDURES
DIAG-20260630-TST-U0642,20260630,500642,TC-01-N1-12.48,Tổ hợp thương mại căn hộ Phú Mỹ,Tháp N1,265,-14.19,10.0,60,0,5.25,,LEGAL_PERMIT_BARRIER,EXPEDITE_LEGAL_PROCEDURES
DIAG-20260630-TST-U0643,20260630,500643,TC-01-N1-12.49,Tổ hợp thương mại căn hộ Phú Mỹ,Tháp N1,188,-12.08,8.8,20,55,7.83,,LEGAL_PERMIT_BARRIER,EXPEDITE_LEGAL_PROCEDURES
DIAG-20260630-TST-U0644,20260630,500644,TC-01-N1-12.50,Tổ hợp thương mại căn hộ Phú Mỹ,Tháp N1,301,18.5,14.0,20,20,45.35,,LEGAL_PERMIT_BARRIER,EXPEDITE_LEGAL_PROCEDURES
DIAG-20260630-TST-U0647,20260630,500647,TC-01-N1-12.53,Tổ hợp thương mại căn hộ Phú Mỹ,Tháp N1,127,14.87,10.3,50,55,35.66,,LEGAL_PERMIT_BARRIER,EXPEDITE_LEGAL_PROCEDURES
DIAG-20260630-TST-U0648,20260630,500648,TC-01-N1-12.54,Tổ hợp thương mại căn hộ Phú Mỹ,Tháp N1,179,1.45,17.4,15,0,17.88,,LEGAL_PERMIT_BARRIER,EXPEDITE_LEGAL_PROCEDURES
DIAG-20260630-TST-U0649,20260630,500649,TC-01-N1-12.55,Tổ hợp thương mại căn hộ Phú Mỹ,Tháp N1,331,7.14,13.2,65,0,31.41,,LEGAL_PERMIT_BARRIER,EXPEDITE_LEGAL_PROCEDURES
DIAG-20260630-TST-U0650,20260630,500650,TC-01-N1-12.56,Tổ hợp thương mại căn hộ Phú Mỹ,Tháp N1,335,-10.35,13.4,20,65,4.18,,LEGAL_PERMIT_BARRIER,EXPEDITE_LEGAL_PROCEDURES
DIAG-20260630-TST-U0651,20260630,500651,TC-01-N1-12.57,Tổ hợp thương mại căn hộ Phú Mỹ,Tháp N1,368,-18.28,13.6,20,65,-5.04,,LEGAL_PERMIT_BARRIER,EXPEDITE_LEGAL_PROCEDURES
DIAG-20260630-TST-U0652,20260630,500652,TC-01-N1-12.58,Tổ hợp thương mại căn hộ Phú Mỹ,Tháp N1,254,-7.01,7.4,50,25,9.83,,LEGAL_PERMIT_BARRIER,EXPEDITE_LEGAL_PROCEDURES
DIAG-20260630-TST-U0653,20260630,500653,TC-01-N1-12.59,Tổ hợp thương mại căn hộ Phú Mỹ,Tháp N1,423,9.26,11.8,30,55,34.02,,LEGAL_PERMIT_BARRIER,EXPEDITE_LEGAL_PROCEDURES
DIAG-20260630-TST-U0654,20260630,500654,TC-01-N1-12.60,Tổ hợp thương mại căn hộ Phú Mỹ,Tháp N1,386,9.25,14.3,20,0,34.0,,LEGAL_PERMIT_BARRIER,EXPEDITE_LEGAL_PROCEDURES
DIAG-20260630-TST-U0655,20260630,500655,TC-01-N1-12.61,Tổ hợp thương mại căn hộ Phú Mỹ,Tháp N1,374,-3.45,8.5,10,25,14.03,,LEGAL_PERMIT_BARRIER,EXPEDITE_LEGAL_PROCEDURES
DIAG-20260630-TST-U0656,20260630,500656,TC-01-N1-12.62,Tổ hợp thương mại căn hộ Phú Mỹ,Tháp N1,337,6.96,16.7,40,55,24.29,,LEGAL_PERMIT_BARRIER,EXPEDITE_LEGAL_PROCEDURES
DIAG-20260630-TST-U0657,20260630,500657,TC-01-N1-12.63,Tổ hợp thương mại căn hộ Phú Mỹ,Tháp N1,383,7.61,11.0,20,0,31.99,,LEGAL_PERMIT_BARRIER,EXPEDITE_LEGAL_PROCEDURES
DIAG-20260630-TST-U0660,20260630,500660,TC-01-N1-12.66,Tổ hợp thương mại căn hộ Phú Mỹ,Tháp N1,128,4.99,11.2,20,25,28.78,,LEGAL_PERMIT_BARRIER,EXPEDITE_LEGAL_PROCEDURES
DIAG-20260630-TST-U0661,20260630,500661,TC-01-N1-13.01,Tổ hợp thương mại căn hộ Phú Mỹ,Tháp N1,260,2.61,6.9,0,30,19.29,,LEGAL_PERMIT_BARRIER,EXPEDITE_LEGAL_PROCEDURES
DIAG-20260630-TST-U0663,20260630,500663,TC-01-N1-13.03,Tổ hợp thương mại căn hộ Phú Mỹ,Tháp N1,364,-5.04,14.4,10,55,10.34,,LEGAL_PERMIT_BARRIER,EXPEDITE_LEGAL_PROCEDURES
DIAG-20260630-TST-U0664,20260630,500664,TC-01-N1-13.04,Tổ hợp thương mại căn hộ Phú Mỹ,Tháp N1,273,6.0,14.8,20,55,23.17,,LEGAL_PERMIT_BARRIER,EXPEDITE_LEGAL_PROCEDURES
DIAG-20260630-TST-U0665,20260630,500665,TC-01-N1-13.05,Tổ hợp thương mại căn hộ Phú Mỹ,Tháp N1,273,17.55,7.5,40,30,36.66,,LEGAL_PERMIT_BARRIER,EXPEDITE_LEGAL_PROCEDURES
DIAG-20260630-TST-U0667,20260630,500667,TC-01-N1-13.07,Tổ hợp thương mại căn hộ Phú Mỹ,Tháp N1,253,2.38,12.9,40,70,25.57,,LEGAL_PERMIT_BARRIER,EXPEDITE_LEGAL_PROCEDURES
DIAG-20260630-TST-U0668,20260630,500668,TC-01-N1-13.08,Tổ hợp thương mại căn hộ Phú Mỹ,Tháp N1,252,5.67,7.0,40,95,22.86,,LEGAL_PERMIT_BARRIER,EXPEDITE_LEGAL_PROCEDURES
DIAG-20260630-TST-U0669,20260630,500669,TC-01-N1-13.09,Tổ hợp thương mại căn hộ Phú Mỹ,Tháp N1,461,-6.88,6.2,20,55,8.26,,LEGAL_PERMIT_BARRIER,EXPEDITE_LEGAL_PROCEDURES
DIAG-20260630-TST-U0671,20260630,500671,TC-01-N1-13.11,Tổ hợp thương mại căn hộ Phú Mỹ,Tháp N1,329,-14.36,6.3,20,55,1.15,,LEGAL_PERMIT_BARRIER,EXPEDITE_LEGAL_PROCEDURES
DIAG-20260630-TST-U0672,20260630,500672,TC-01-N1-13.12,Tổ hợp thương mại căn hộ Phú Mỹ,Tháp N1,196,8.89,15.9,20,70,26.53,,LEGAL_PERMIT_BARRIER,EXPEDITE_LEGAL_PROCEDURES
DIAG-20260630-TST-U0673,20260630,500673,TC-01-N1-13.13,Tổ hợp thương mại căn hộ Phú Mỹ,Tháp N1,340,4.04,12.4,20,70,27.62,,LEGAL_PERMIT_BARRIER,EXPEDITE_LEGAL_PROCEDURES
DIAG-20260630-TST-U0674,20260630,500674,TC-01-N1-13.14,Tổ hợp thương mại căn hộ Phú Mỹ,Tháp N1,381,7.84,11.1,50,30,32.28,,LEGAL_PERMIT_BARRIER,EXPEDITE_LEGAL_PROCEDURES
DIAG-20260630-TST-U0675,20260630,500675,TC-01-N1-13.15,Tổ hợp thương mại căn hộ Phú Mỹ,Tháp N1,265,-8.65,8.5,60,30,7.89,,LEGAL_PERMIT_BARRIER,EXPEDITE_LEGAL_PROCEDURES
DIAG-20260630-TST-U0676,20260630,500676,TC-01-N1-13.16,Tổ hợp thương mại căn hộ Phú Mỹ,Tháp N1,250,1.89,11.2,20,70,24.98,,LEGAL_PERMIT_BARRIER,EXPEDITE_LEGAL_PROCEDURES
DIAG-20260630-TST-U0677,20260630,500677,TC-01-N1-13.17,Tổ hợp thương mại căn hộ Phú Mỹ,Tháp N1,346,6.49,17.0,25,55,23.74,,LEGAL_PERMIT_BARRIER,EXPEDITE_LEGAL_PROCEDURES
DIAG-20260630-TST-U0679,20260630,500679,TC-01-N1-13.19,Tổ hợp thương mại căn hộ Phú Mỹ,Tháp N1,134,-1.43,6.5,35,95,14.6,,LEGAL_PERMIT_BARRIER,EXPEDITE_LEGAL_PROCEDURES
DIAG-20260630-TST-U0680,20260630,500680,TC-01-N1-13.20,Tổ hợp thương mại căn hộ Phú Mỹ,Tháp N1,305,-1.2,17.1,10,55,14.81,,LEGAL_PERMIT_BARRIER,EXPEDITE_LEGAL_PROCEDURES
DIAG-20260630-TST-U0681,20260630,500681,TC-01-N1-13.21,Tổ hợp thương mại căn hộ Phú Mỹ,Tháp N1,160,13.7,20.3,10,95,32.12,,LEGAL_PERMIT_BARRIER,EXPEDITE_LEGAL_PROCEDURES
DIAG-20260630-TST-U0682,20260630,500682,TC-01-N1-13.22,Tổ hợp thương mại căn hộ Phú Mỹ,Tháp N1,337,3.32,12.8,40,30,26.73,,LEGAL_PERMIT_BARRIER,EXPEDITE_LEGAL_PROCEDURES
DIAG-20260630-TST-U0683,20260630,500683,TC-01-N1-13.23,Tổ hợp thương mại căn hộ Phú Mỹ,Tháp N1,467,17.01,9.9,10,30,38.19,,LEGAL_PERMIT_BARRIER,EXPEDITE_LEGAL_PROCEDURES
DIAG-20260630-TST-U0684,20260630,500684,TC-01-N1-13.24,Tổ hợp thương mại căn hộ Phú Mỹ,Tháp N1,381,22.76,15.7,20,30,50.57,,LEGAL_PERMIT_BARRIER,EXPEDITE_LEGAL_PROCEDURES
DIAG-20260630-TST-U0685,20260630,500685,TC-01-N1-13.25,Tổ hợp thương mại căn hộ Phú Mỹ,Tháp N1,118,6.88,12.1,50,30,31.09,,LEGAL_PERMIT_BARRIER,EXPEDITE_LEGAL_PROCEDURES
DIAG-20260630-TST-U0686,20260630,500686,TC-01-N1-13.26,Tổ hợp thương mại căn hộ Phú Mỹ,Tháp N1,100,9.85,17.9,45,95,27.65,,LEGAL_PERMIT_BARRIER,EXPEDITE_LEGAL_PROCEDURES
DIAG-20260630-TST-U0687,20260630,500687,TC-01-N1-13.27,Tổ hợp thương mại căn hộ Phú Mỹ,Tháp N1,334,2.85,6.5,70,55,19.58,,LEGAL_PERMIT_BARRIER,EXPEDITE_LEGAL_PROCEDURES
DIAG-20260630-TST-U0688,20260630,500688,TC-01-N1-13.28,Tổ hợp thương mại căn hộ Phú Mỹ,Tháp N1,300,-3.37,15.1,25,55,12.29,,LEGAL_PERMIT_BARRIER,EXPEDITE_LEGAL_PROCEDURES
DIAG-20260630-TST-U0689,20260630,500689,TC-01-N1-13.29,Tổ hợp thương mại căn hộ Phú Mỹ,Tháp N1,353,-17.08,14.0,10,75,-3.64,,LEGAL_PERMIT_BARRIER,EXPEDITE_LEGAL_PROCEDURES
DIAG-20260630-TST-U0690,20260630,500690,TC-01-N1-13.30,Tổ hợp thương mại căn hộ Phú Mỹ,Tháp N1,451,2.06,7.8,75,30,20.53,,LEGAL_PERMIT_BARRIER,EXPEDITE_LEGAL_PROCEDURES
DIAG-20260630-TST-U0691,20260630,500691,TC-01-N1-13.31,Tổ hợp thương mại căn hộ Phú Mỹ,Tháp N1,145,-13.98,10.1,60,95,5.51,,LEGAL_PERMIT_BARRIER,EXPEDITE_LEGAL_PROCEDURES
DIAG-20260630-TST-U0695,20260630,500695,TC-01-N1-13.35,Tổ hợp thương mại căn hộ Phú Mỹ,Tháp N1,226,0.95,12.3,60,50,23.82,,LEGAL_PERMIT_BARRIER,EXPEDITE_LEGAL_PROCEDURES
DIAG-20260630-TST-U0696,20260630,500696,TC-01-N1-13.36,Tổ hợp thương mại căn hộ Phú Mỹ,Tháp N1,431,2.63,11.9,35,30,25.88,,LEGAL_PERMIT_BARRIER,EXPEDITE_LEGAL_PROCEDURES
DIAG-20260630-TST-U0697,20260630,500697,TC-01-N1-13.37,Tổ hợp thương mại căn hộ Phú Mỹ,Tháp N1,281,3.34,12.8,45,30,26.75,,LEGAL_PERMIT_BARRIER,EXPEDITE_LEGAL_PROCEDURES
DIAG-20260630-TST-U0699,20260630,500699,TC-01-N1-13.39,Tổ hợp thương mại căn hộ Phú Mỹ,Tháp N1,136,23.23,13.7,30,70,51.16,,LEGAL_PERMIT_BARRIER,EXPEDITE_LEGAL_PROCEDURES
DIAG-20260630-TST-U0700,20260630,500700,TC-01-N1-13.40,Tổ hợp thương mại căn hộ Phú Mỹ,Tháp N1,263,-2.64,15.8,40,55,13.14,,LEGAL_PERMIT_BARRIER,EXPEDITE_LEGAL_PROCEDURES
DIAG-20260630-TST-U0701,20260630,500701,TC-01-N1-13.41,Tổ hợp thương mại căn hộ Phú Mỹ,Tháp N1,469,-2.47,8.6,25,95,15.18,,LEGAL_PERMIT_BARRIER,EXPEDITE_LEGAL_PROCEDURES
DIAG-20260630-TST-U0702,20260630,500702,TC-01-N1-13.42,Tổ hợp thương mại căn hộ Phú Mỹ,Tháp N1,429,-4.72,12.0,25,30,16.87,,LEGAL_PERMIT_BARRIER,EXPEDITE_LEGAL_PROCEDURES
DIAG-20260630-TST-U0703,20260630,500703,TC-01-N1-13.43,Tổ hợp thương mại căn hộ Phú Mỹ,Tháp N1,366,7.85,11.4,60,70,32.28,,LEGAL_PERMIT_BARRIER,EXPEDITE_LEGAL_PROCEDURES
DIAG-20260630-TST-U0704,20260630,500704,TC-01-N1-13.44,Tổ hợp thương mại căn hộ Phú Mỹ,Tháp N1,255,9.15,8.2,35,30,28.9,,LEGAL_PERMIT_BARRIER,EXPEDITE_LEGAL_PROCEDURES
DIAG-20260630-TST-U0706,20260630,500706,TC-01-N1-13.46,Tổ hợp thương mại căn hộ Phú Mỹ,Tháp N1,439,-1.69,16.2,20,70,14.24,,LEGAL_PERMIT_BARRIER,EXPEDITE_LEGAL_PROCEDURES
DIAG-20260630-TST-U0707,20260630,500707,TC-01-N1-13.47,Tổ hợp thương mại căn hộ Phú Mỹ,Tháp N1,208,-15.62,9.8,40,70,3.5,,LEGAL_PERMIT_BARRIER,EXPEDITE_LEGAL_PROCEDURES
DIAG-20260630-TST-U0708,20260630,500708,TC-01-N1-13.48,Tổ hợp thương mại căn hộ Phú Mỹ,Tháp N1,252,8.18,18.6,50,70,25.71,,LEGAL_PERMIT_BARRIER,EXPEDITE_LEGAL_PROCEDURES
DIAG-20260630-TST-U0709,20260630,500709,TC-01-N1-13.49,Tổ hợp thương mại căn hộ Phú Mỹ,Tháp N1,145,-9.14,8.0,10,70,7.3,,LEGAL_PERMIT_BARRIER,EXPEDITE_LEGAL_PROCEDURES
DIAG-20260630-TST-U0710,20260630,500710,TC-01-N1-13.50,Tổ hợp thương mại căn hộ Phú Mỹ,Tháp N1,448,-11.37,8.9,50,55,8.71,,LEGAL_PERMIT_BARRIER,EXPEDITE_LEGAL_PROCEDURES
DIAG-20260630-TST-U0711,20260630,500711,TC-01-N1-13.51,Tổ hợp thương mại căn hộ Phú Mỹ,Tháp N1,132,4.26,12.1,50,55,27.89,,LEGAL_PERMIT_BARRIER,EXPEDITE_LEGAL_PROCEDURES
DIAG-20260630-TST-U0713,20260630,500713,TC-01-N1-13.53,Tổ hợp thương mại căn hộ Phú Mỹ,Tháp N1,342,17.51,10.8,25,30,38.79,,LEGAL_PERMIT_BARRIER,EXPEDITE_LEGAL_PROCEDURES
DIAG-20260630-TST-U0714,20260630,500714,TC-01-N1-13.54,Tổ hợp thương mại căn hộ Phú Mỹ,Tháp N1,204,-13.71,13.7,65,55,0.27,,LEGAL_PERMIT_BARRIER,EXPEDITE_LEGAL_PROCEDURES
DIAG-20260630-TST-U0715,20260630,500715,TC-01-N1-13.55,Tổ hợp thương mại căn hộ Phú Mỹ,Tháp N1,347,-11.98,7.3,10,55,3.95,,LEGAL_PERMIT_BARRIER,EXPEDITE_LEGAL_PROCEDURES
DIAG-20260630-TST-U0716,20260630,500716,TC-01-N1-13.56,Tổ hợp thương mại căn hộ Phú Mỹ,Tháp N1,238,3.33,12.8,20,95,26.75,,LEGAL_PERMIT_BARRIER,EXPEDITE_LEGAL_PROCEDURES
DIAG-20260630-TST-U0718,20260630,500718,TC-01-N1-13.58,Tổ hợp thương mại căn hộ Phú Mỹ,Tháp N1,456,18.02,18.2,10,30,37.14,,LEGAL_PERMIT_BARRIER,EXPEDITE_LEGAL_PROCEDURES
DIAG-20260630-TST-U0720,20260630,500720,TC-01-N1-13.60,Tổ hợp thương mại căn hộ Phú Mỹ,Tháp N1,291,2.29,8.8,20,70,20.81,,LEGAL_PERMIT_BARRIER,EXPEDITE_LEGAL_PROCEDURES
DIAG-20260630-TST-U0721,20260630,500721,TC-01-N1-13.61,Tổ hợp thương mại căn hộ Phú Mỹ,Tháp N1,447,10.92,13.9,10,70,36.06,,LEGAL_PERMIT_BARRIER,EXPEDITE_LEGAL_PROCEDURES
DIAG-20260630-TST-U0722,20260630,500722,TC-01-N1-13.62,Tổ hợp thương mại căn hộ Phú Mỹ,Tháp N1,468,-10.88,10.8,40,95,9.32,,LEGAL_PERMIT_BARRIER,EXPEDITE_LEGAL_PROCEDURES
DIAG-20260630-TST-U0723,20260630,500723,TC-01-N1-13.63,Tổ hợp thương mại căn hộ Phú Mỹ,Tháp N1,409,0.36,8.1,10,30,18.53,,LEGAL_PERMIT_BARRIER,EXPEDITE_LEGAL_PROCEDURES
DIAG-20260630-TST-U0725,20260630,500725,TC-01-N1-13.65,Tổ hợp thương mại căn hộ Phú Mỹ,Tháp N1,407,-14.86,6.4,20,95,0.55,,LEGAL_PERMIT_BARRIER,EXPEDITE_LEGAL_PROCEDURES
DIAG-20260630-TST-U0726,20260630,500726,TC-01-N1-13.66,Tổ hợp thương mại căn hộ Phú Mỹ,Tháp N1,338,-12.5,13.3,0,75,1.68,,LEGAL_PERMIT_BARRIER,EXPEDITE_LEGAL_PROCEDURES
DIAG-20260630-TST-U0727,20260630,500727,TC-01-N1-14.01,Tổ hợp thương mại căn hộ Phú Mỹ,Tháp N1,468,-22.23,5.8,20,55,-8.16,,LEGAL_PERMIT_BARRIER,EXPEDITE_LEGAL_PROCEDURES
DIAG-20260630-TST-U0728,20260630,500728,TC-01-N1-14.02,Tổ hợp thương mại căn hộ Phú Mỹ,Tháp N1,468,-2.36,11.8,60,70,19.77,,LEGAL_PERMIT_BARRIER,EXPEDITE_LEGAL_PROCEDURES
DIAG-20260630-TST-U0729,20260630,500729,TC-01-N1-14.03,Tổ hợp thương mại căn hộ Phú Mỹ,Tháp N1,131,3.32,7.3,20,95,20.12,,LEGAL_PERMIT_BARRIER,EXPEDITE_LEGAL_PROCEDURES
DIAG-20260630-TST-U0730,20260630,500730,TC-01-N1-14.04,Tổ hợp thương mại căn hộ Phú Mỹ,Tháp N1,155,-14.66,13.6,20,55,-0.84,,LEGAL_PERMIT_BARRIER,EXPEDITE_LEGAL_PROCEDURES
DIAG-20260630-TST-U0731,20260630,500731,TC-01-N1-14.05,Tổ hợp thương mại căn hộ Phú Mỹ,Tháp N1,377,21.55,8.3,40,30,41.31,,LEGAL_PERMIT_BARRIER,EXPEDITE_LEGAL_PROCEDURES
DIAG-20260630-TST-U0732,20260630,500732,TC-01-N1-14.06,Tổ hợp thương mại căn hộ Phú Mỹ,Tháp N1,154,-3.37,16.6,45,70,12.29,,LEGAL_PERMIT_BARRIER,EXPEDITE_LEGAL_PROCEDURES
DIAG-20260630-TST-U0733,20260630,500733,TC-01-N1-14.07,Tổ hợp thương mại căn hộ Phú Mỹ,Tháp N1,105,-24.16,9.6,0,55,-6.97,,LEGAL_PERMIT_BARRIER,EXPEDITE_LEGAL_PROCEDURES
DIAG-20260630-TST-U0734,20260630,500734,TC-01-N1-14.08,Tổ hợp thương mại căn hộ Phú Mỹ,Tháp N1,369,11.78,10.4,0,30,32.01,,LEGAL_PERMIT_BARRIER,EXPEDITE_LEGAL_PROCEDURES
DIAG-20260630-TST-U0736,20260630,500736,TC-01-N1-14.10,Tổ hợp thương mại căn hộ Phú Mỹ,Tháp N1,194,2.53,8.0,40,30,21.09,,LEGAL_PERMIT_BARRIER,EXPEDITE_LEGAL_PROCEDURES
DIAG-20260630-TST-U0737,20260630,500737,TC-01-N1-14.11,Tổ hợp thương mại căn hộ Phú Mỹ,Tháp N1,269,11.11,7.4,35,30,29.17,,LEGAL_PERMIT_BARRIER,EXPEDITE_LEGAL_PROCEDURES
DIAG-20260630-TST-U0738,20260630,500738,TC-01-N1-14.12,Tổ hợp thương mại căn hộ Phú Mỹ,Tháp N1,95,-6.37,11.5,70,95,14.84,,LEGAL_PERMIT_BARRIER,EXPEDITE_LEGAL_PROCEDURES
DIAG-20260630-TST-U0739,20260630,500739,TC-01-N1-14.13,Tổ hợp thương mại căn hộ Phú Mỹ,Tháp N1,379,8.41,17.4,20,70,25.97,,LEGAL_PERMIT_BARRIER,EXPEDITE_LEGAL_PROCEDURES
DIAG-20260630-TST-U0740,20260630,500740,TC-01-N1-14.14,Tổ hợp thương mại căn hộ Phú Mỹ,Tháp N1,98,4.1,17.6,40,75,20.96,,LEGAL_PERMIT_BARRIER,EXPEDITE_LEGAL_PROCEDURES
DIAG-20260630-TST-U0741,20260630,500741,TC-01-N1-14.15,Tổ hợp thương mại căn hộ Phú Mỹ,Tháp N1,355,-13.26,10.5,45,95,6.39,,LEGAL_PERMIT_BARRIER,EXPEDITE_LEGAL_PROCEDURES
DIAG-20260630-TST-U0742,20260630,500742,TC-01-N1-14.16,Tổ hợp thương mại căn hộ Phú Mỹ,Tháp N1,384,5.28,17.8,25,30,22.34,,LEGAL_PERMIT_BARRIER,EXPEDITE_LEGAL_PROCEDURES
DIAG-20260630-TST-U0743,20260630,500743,TC-01-N1-14.17,Tổ hợp thương mại căn hộ Phú Mỹ,Tháp N1,273,-2.11,12.3,20,55,20.07,,LEGAL_PERMIT_BARRIER,EXPEDITE_LEGAL_PROCEDURES
DIAG-20260630-TST-U0744,20260630,500744,TC-01-N1-14.18,Tổ hợp thương mại căn hộ Phú Mỹ,Tháp N1,239,-6.72,16.1,0,55,8.39,,LEGAL_PERMIT_BARRIER,EXPEDITE_LEGAL_PROCEDURES
DIAG-20260630-TST-U0745,20260630,500745,TC-01-N1-14.19,Tổ hợp thương mại căn hộ Phú Mỹ,Tháp N1,374,-0.96,14.8,20,70,15.08,,LEGAL_PERMIT_BARRIER,EXPEDITE_LEGAL_PROCEDURES
DIAG-20260630-TST-U0746,20260630,500746,TC-01-N1-14.20,Tổ hợp thương mại căn hộ Phú Mỹ,Tháp N1,131,9.0,12.1,20,55,33.7,,LEGAL_PERMIT_BARRIER,EXPEDITE_LEGAL_PROCEDURES
DIAG-20260630-TST-U0747,20260630,500747,TC-01-N1-14.21,Tổ hợp thương mại căn hộ Phú Mỹ,Tháp N1,99,3.48,8.0,90,70,22.21,,LEGAL_PERMIT_BARRIER,EXPEDITE_LEGAL_PROCEDURES
DIAG-20260630-TST-U0748,20260630,500748,TC-01-N1-14.22,Tổ hợp thương mại căn hộ Phú Mỹ,Tháp N1,412,-6.48,15.3,10,55,8.67,,LEGAL_PERMIT_BARRIER,EXPEDITE_LEGAL_PROCEDURES
DIAG-20260630-TST-U0749,20260630,500749,TC-01-N1-14.23,Tổ hợp thương mại căn hộ Phú Mỹ,Tháp N1,197,10.19,13.6,35,30,35.16,,LEGAL_PERMIT_BARRIER,EXPEDITE_LEGAL_PROCEDURES
DIAG-20260630-TST-U0750,20260630,500750,TC-01-N1-14.24,Tổ hợp thương mại căn hộ Phú Mỹ,Tháp N1,159,2.63,11.9,20,95,25.88,,LEGAL_PERMIT_BARRIER,EXPEDITE_LEGAL_PROCEDURES
DIAG-20260630-TST-U0751,20260630,500751,TC-01-N1-14.25,Tổ hợp thương mại căn hộ Phú Mỹ,Tháp N1,111,-0.8,9.2,15,30,17.15,,LEGAL_PERMIT_BARRIER,EXPEDITE_LEGAL_PROCEDURES
DIAG-20260630-TST-U0755,20260630,500755,TC-01-N1-14.29,Tổ hợp thương mại căn hộ Phú Mỹ,Tháp N1,389,9.03,12.2,30,70,33.73,,LEGAL_PERMIT_BARRIER,EXPEDITE_LEGAL_PROCEDURES
DIAG-20260630-TST-U0756,20260630,500756,TC-01-N1-14.30,Tổ hợp thương mại căn hộ Phú Mỹ,Tháp N1,335,-4.96,6.2,20,55,10.5,,LEGAL_PERMIT_BARRIER,EXPEDITE_LEGAL_PROCEDURES
DIAG-20260630-TST-U0757,20260630,500757,TC-01-N1-14.31,Tổ hợp thương mại căn hộ Phú Mỹ,Tháp N1,378,11.29,17.2,10,55,29.32,,LEGAL_PERMIT_BARRIER,EXPEDITE_LEGAL_PROCEDURES
DIAG-20260630-TST-U0758,20260630,500758,TC-01-N1-14.32,Tổ hợp thương mại căn hộ Phú Mỹ,Tháp N1,176,-0.7,11.0,35,95,21.79,,LEGAL_PERMIT_BARRIER,EXPEDITE_LEGAL_PROCEDURES
DIAG-20260630-TST-U0759,20260630,500759,TC-01-N1-14.33,Tổ hợp thương mại căn hộ Phú Mỹ,Tháp N1,190,5.46,11.6,40,55,29.35,,LEGAL_PERMIT_BARRIER,EXPEDITE_LEGAL_PROCEDURES
DIAG-20260630-TST-U0760,20260630,500760,TC-01-N1-14.34,Tổ hợp thương mại căn hộ Phú Mỹ,Tháp N1,445,-6.14,11.6,45,30,15.12,,LEGAL_PERMIT_BARRIER,EXPEDITE_LEGAL_PROCEDURES
DIAG-20260630-TST-U0761,20260630,500761,TC-01-N1-14.35,Tổ hợp thương mại căn hộ Phú Mỹ,Tháp N1,92,-8.75,10.0,20,70,11.92,,LEGAL_PERMIT_BARRIER,EXPEDITE_LEGAL_PROCEDURES
DIAG-20260630-TST-U0762,20260630,500762,TC-01-N1-14.36,Tổ hợp thương mại căn hộ Phú Mỹ,Tháp N1,303,20.63,15.5,20,30,47.97,,LEGAL_PERMIT_BARRIER,EXPEDITE_LEGAL_PROCEDURES
DIAG-20260630-TST-U0763,20260630,500763,TC-01-N1-14.37,Tổ hợp thương mại căn hộ Phú Mỹ,Tháp N1,210,-10.18,11.9,20,55,10.17,,LEGAL_PERMIT_BARRIER,EXPEDITE_LEGAL_PROCEDURES
DIAG-20260630-TST-U0764,20260630,500764,TC-01-N1-14.38,Tổ hợp thương mại căn hộ Phú Mỹ,Tháp N1,166,-14.43,10.3,55,55,4.96,,LEGAL_PERMIT_BARRIER,EXPEDITE_LEGAL_PROCEDURES
DIAG-20260630-TST-U0765,20260630,500765,TC-01-N1-14.39,Tổ hợp thương mại căn hộ Phú Mỹ,Tháp N1,366,-16.53,7.6,20,70,-1.42,,LEGAL_PERMIT_BARRIER,EXPEDITE_LEGAL_PROCEDURES
DIAG-20260630-TST-U0766,20260630,500766,TC-01-N1-14.40,Tổ hợp thương mại căn hộ Phú Mỹ,Tháp N1,399,-5.2,11.5,40,30,16.28,,LEGAL_PERMIT_BARRIER,EXPEDITE_LEGAL_PROCEDURES
DIAG-20260630-TST-U0768,20260630,500768,TC-01-N1-14.42,Tổ hợp thương mại căn hộ Phú Mỹ,Tháp N1,392,22.12,17.6,55,30,41.9,,LEGAL_PERMIT_BARRIER,EXPEDITE_LEGAL_PROCEDURES
DIAG-20260630-TST-U0769,20260630,500769,TC-01-N1-14.43,Tổ hợp thương mại căn hộ Phú Mỹ,Tháp N1,230,6.66,12.1,30,55,30.82,,LEGAL_PERMIT_BARRIER,EXPEDITE_LEGAL_PROCEDURES
DIAG-20260630-TST-U0770,20260630,500770,TC-01-N1-14.44,Tổ hợp thương mại căn hộ Phú Mỹ,Tháp N1,209,13.77,13.0,60,95,39.54,,LEGAL_PERMIT_BARRIER,EXPEDITE_LEGAL_PROCEDURES
DIAG-20260630-TST-U0771,20260630,500771,TC-01-N1-14.45,Tổ hợp thương mại căn hộ Phú Mỹ,Tháp N1,220,-4.48,12.1,20,55,17.16,,LEGAL_PERMIT_BARRIER,EXPEDITE_LEGAL_PROCEDURES
DIAG-20260630-TST-U0774,20260630,500774,TC-01-N1-14.48,Tổ hợp thương mại căn hộ Phú Mỹ,Tháp N1,265,12.51,10.5,20,30,32.87,,LEGAL_PERMIT_BARRIER,EXPEDITE_LEGAL_PROCEDURES
DIAG-20260630-TST-U0776,20260630,500776,TC-01-N1-14.50,Tổ hợp thương mại căn hộ Phú Mỹ,Tháp N1,140,-7.82,10.6,40,95,13.06,,LEGAL_PERMIT_BARRIER,EXPEDITE_LEGAL_PROCEDURES
DIAG-20260630-TST-U0777,20260630,500777,TC-01-N1-14.51,Tổ hợp thương mại căn hộ Phú Mỹ,Tháp N1,230,10.44,14.4,40,30,35.46,,LEGAL_PERMIT_BARRIER,EXPEDITE_LEGAL_PROCEDURES
DIAG-20260630-TST-U0778,20260630,500778,TC-01-N1-14.52,Tổ hợp thương mại căn hộ Phú Mỹ,Tháp N1,279,-6.39,12.1,20,95,14.82,,LEGAL_PERMIT_BARRIER,EXPEDITE_LEGAL_PROCEDURES
DIAG-20260630-TST-U0779,20260630,500779,TC-01-N1-14.53,Tổ hợp thương mại căn hộ Phú Mỹ,Tháp N1,279,-5.82,8.7,10,55,11.23,,LEGAL_PERMIT_BARRIER,EXPEDITE_LEGAL_PROCEDURES
DIAG-20260630-TST-U0780,20260630,500780,TC-01-N1-14.54,Tổ hợp thương mại căn hộ Phú Mỹ,Tháp N1,421,-0.7,11.0,20,55,21.79,,LEGAL_PERMIT_BARRIER,EXPEDITE_LEGAL_PROCEDURES
DIAG-20260630-TST-U0781,20260630,500781,TC-01-N1-14.55,Tổ hợp thương mại căn hộ Phú Mỹ,Tháp N1,425,-6.38,12.4,20,55,14.83,,LEGAL_PERMIT_BARRIER,EXPEDITE_LEGAL_PROCEDURES
DIAG-20260630-TST-U0783,20260630,500783,TC-01-N1-14.57,Tổ hợp thương mại căn hộ Phú Mỹ,Tháp N1,95,0.26,12.5,40,55,22.97,,LEGAL_PERMIT_BARRIER,EXPEDITE_LEGAL_PROCEDURES
DIAG-20260630-TST-U0784,20260630,500784,TC-01-N1-14.58,Tổ hợp thương mại căn hộ Phú Mỹ,Tháp N1,312,8.74,7.9,15,30,26.43,,LEGAL_PERMIT_BARRIER,EXPEDITE_LEGAL_PROCEDURES
DIAG-20260630-TST-U0785,20260630,500785,TC-01-N1-14.59,Tổ hợp thương mại căn hộ Phú Mỹ,Tháp N1,200,2.87,13.0,40,30,26.17,,LEGAL_PERMIT_BARRIER,EXPEDITE_LEGAL_PROCEDURES
DIAG-20260630-TST-U0786,20260630,500786,TC-01-N1-14.60,Tổ hợp thương mại căn hộ Phú Mỹ,Tháp N1,256,-0.69,12.3,20,30,21.81,,LEGAL_PERMIT_BARRIER,EXPEDITE_LEGAL_PROCEDURES
DIAG-20260630-TST-U0787,20260630,500787,TC-01-N1-14.61,Tổ hợp thương mại căn hộ Phú Mỹ,Tháp N1,405,-3.54,10.8,60,30,18.32,,LEGAL_PERMIT_BARRIER,EXPEDITE_LEGAL_PROCEDURES
DIAG-20260630-TST-U0788,20260630,500788,TC-01-N1-14.62,Tổ hợp thương mại căn hộ Phú Mỹ,Tháp N1,104,7.93,17.6,25,30,25.42,,LEGAL_PERMIT_BARRIER,EXPEDITE_LEGAL_PROCEDURES
DIAG-20260630-TST-U0789,20260630,500789,TC-01-N1-14.63,Tổ hợp thương mại căn hộ Phú Mỹ,Tháp N1,132,-5.44,12.7,0,55,15.98,,LEGAL_PERMIT_BARRIER,EXPEDITE_LEGAL_PROCEDURES
DIAG-20260630-TST-U0790,20260630,500790,TC-01-N1-14.64,Tổ hợp thương mại căn hộ Phú Mỹ,Tháp N1,453,8.24,8.8,20,55,27.83,,LEGAL_PERMIT_BARRIER,EXPEDITE_LEGAL_PROCEDURES
DIAG-20260630-TST-U0791,20260630,500791,TC-01-N1-14.65,Tổ hợp thương mại căn hộ Phú Mỹ,Tháp N1,229,-19.41,9.7,10,55,-1.14,,LEGAL_PERMIT_BARRIER,EXPEDITE_LEGAL_PROCEDURES
DIAG-20260630-TST-U0792,20260630,500792,TC-01-N1-14.66,Tổ hợp thương mại căn hộ Phú Mỹ,Tháp N1,414,-8.69,7.6,60,30,7.84,,LEGAL_PERMIT_BARRIER,EXPEDITE_LEGAL_PROCEDURES
DIAG-20260630-TST-U0793,20260630,500793,TC-01-N1-15.01,Tổ hợp thương mại căn hộ Phú Mỹ,Tháp N1,451,3.36,15.2,45,0,20.1,,LEGAL_PERMIT_BARRIER,EXPEDITE_LEGAL_PROCEDURES
DIAG-20260630-TST-U0794,20260630,500794,TC-01-N1-15.02,Tổ hợp thương mại căn hộ Phú Mỹ,Tháp N1,322,-0.95,17.4,30,40,15.09,,LEGAL_PERMIT_BARRIER,EXPEDITE_LEGAL_PROCEDURES
DIAG-20260630-TST-U0795,20260630,500795,TC-01-N1-15.03,Tổ hợp thương mại căn hộ Phú Mỹ,Tháp N1,240,-9.73,5.8,20,65,4.95,,LEGAL_PERMIT_BARRIER,EXPEDITE_LEGAL_PROCEDURES
DIAG-20260630-TST-U0797,20260630,500797,TC-01-N1-15.05,Tổ hợp thương mại căn hộ Phú Mỹ,Tháp N1,333,-7.47,8.3,10,65,9.28,,LEGAL_PERMIT_BARRIER,EXPEDITE_LEGAL_PROCEDURES
DIAG-20260630-TST-U0798,20260630,500798,TC-01-N1-15.06,Tổ hợp thương mại căn hộ Phú Mỹ,Tháp N1,297,-2.13,12.2,25,25,20.05,,LEGAL_PERMIT_BARRIER,EXPEDITE_LEGAL_PROCEDURES
DIAG-20260630-TST-U0799,20260630,500799,TC-01-N1-15.07,Tổ hợp thương mại căn hộ Phú Mỹ,Tháp N1,103,-3.29,11.5,25,25,18.62,,LEGAL_PERMIT_BARRIER,EXPEDITE_LEGAL_PROCEDURES
DIAG-20260630-TST-U0800,20260630,500800,TC-01-N1-15.08,Tổ hợp thương mại căn hộ Phú Mỹ,Tháp N1,200,3.44,8.1,35,40,22.17,,LEGAL_PERMIT_BARRIER,EXPEDITE_LEGAL_PROCEDURES
DIAG-20260630-TST-U0801,20260630,500801,TC-01-N1-15.09,Tổ hợp thương mại căn hộ Phú Mỹ,Tháp N1,355,-7.32,10.9,15,25,13.68,,LEGAL_PERMIT_BARRIER,EXPEDITE_LEGAL_PROCEDURES
DIAG-20260630-TST-U0802,20260630,500802,TC-01-N1-15.10,Tổ hợp thương mại căn hộ Phú Mỹ,Tháp N1,436,3.85,17.6,60,40,20.67,,LEGAL_PERMIT_BARRIER,EXPEDITE_LEGAL_PROCEDURES
DIAG-20260630-TST-U0805,20260630,500805,TC-01-N1-15.13,Tổ hợp thương mại căn hộ Phú Mỹ,Tháp N1,462,-2.35,12.2,40,30,19.77,,LEGAL_PERMIT_BARRIER,EXPEDITE_LEGAL_PROCEDURES
DIAG-20260630-TST-U0806,20260630,500806,TC-01-N1-15.14,Tổ hợp thương mại căn hộ Phú Mỹ,Tháp N1,330,0.24,11.9,0,25,22.95,,LEGAL_PERMIT_BARRIER,EXPEDITE_LEGAL_PROCEDURES
DIAG-20260630-TST-U0807,20260630,500807,TC-01-N1-15.15,Tổ hợp thương mại căn hộ Phú Mỹ,Tháp N1,144,7.73,9.8,10,30,27.23,,LEGAL_PERMIT_BARRIER,EXPEDITE_LEGAL_PROCEDURES
DIAG-20260630-TST-U0808,20260630,500808,TC-01-N1-15.16,Tổ hợp thương mại căn hộ Phú Mỹ,Tháp N1,184,5.95,11.7,60,0,29.96,,LEGAL_PERMIT_BARRIER,EXPEDITE_LEGAL_PROCEDURES
DIAG-20260630-TST-U0809,20260630,500809,TC-01-N1-15.17,Tổ hợp thương mại căn hộ Phú Mỹ,Tháp N1,222,-10.31,7.7,0,0,5.92,,LEGAL_PERMIT_BARRIER,EXPEDITE_LEGAL_PROCEDURES
DIAG-20260630-TST-U0810,20260630,500810,TC-01-N1-15.18,Tổ hợp thương mại căn hộ Phú Mỹ,Tháp N1,249,7.84,13.2,30,65,32.27,,LEGAL_PERMIT_BARRIER,EXPEDITE_LEGAL_PROCEDURES
DIAG-20260630-TST-U0811,20260630,500811,TC-01-N1-15.19,Tổ hợp thương mại căn hộ Phú Mỹ,Tháp N1,162,-6.25,15.0,20,55,8.94,,LEGAL_PERMIT_BARRIER,EXPEDITE_LEGAL_PROCEDURES
DIAG-20260630-TST-U0813,20260630,500813,TC-01-N1-15.21,Tổ hợp thương mại căn hộ Phú Mỹ,Tháp N1,276,5.47,13.7,40,20,29.37,,LEGAL_PERMIT_BARRIER,EXPEDITE_LEGAL_PROCEDURES
DIAG-20260630-TST-U0815,20260630,500815,TC-01-N1-15.23,Tổ hợp thương mại căn hộ Phú Mỹ,Tháp N1,237,4.05,13.0,0,0,27.62,,LEGAL_PERMIT_BARRIER,EXPEDITE_LEGAL_PROCEDURES
DIAG-20260630-TST-U0817,20260630,500817,TC-01-N1-15.25,Tổ hợp thương mại căn hộ Phú Mỹ,Tháp N1,460,9.48,13.4,20,40,34.29,,LEGAL_PERMIT_BARRIER,EXPEDITE_LEGAL_PROCEDURES
DIAG-20260630-TST-U0818,20260630,500818,TC-01-N1-15.26,Tổ hợp thương mại căn hộ Phú Mỹ,Tháp N1,243,12.35,14.0,20,0,37.8,,LEGAL_PERMIT_BARRIER,EXPEDITE_LEGAL_PROCEDURES
DIAG-20260630-TST-U0819,20260630,500819,TC-01-N1-15.27,Tổ hợp thương mại căn hộ Phú Mỹ,Tháp N1,347,12.33,12.2,55,40,37.78,,LEGAL_PERMIT_BARRIER,EXPEDITE_LEGAL_PROCEDURES
DIAG-20260630-TST-U0820,20260630,500820,TC-01-N1-15.28,Tổ hợp thương mại căn hộ Phú Mỹ,Tháp N1,336,-1.68,15.0,25,25,14.25,,LEGAL_PERMIT_BARRIER,EXPEDITE_LEGAL_PROCEDURES
DIAG-20260630-TST-U0821,20260630,500821,TC-01-N1-15.29,Tổ hợp thương mại căn hộ Phú Mỹ,Tháp N1,455,10.86,9.4,75,0,30.92,,LEGAL_PERMIT_BARRIER,EXPEDITE_LEGAL_PROCEDURES
DIAG-20260630-TST-U0822,20260630,500822,TC-01-N1-15.30,Tổ hợp thương mại căn hộ Phú Mỹ,Tháp N1,191,20.63,14.5,0,0,47.96,,LEGAL_PERMIT_BARRIER,EXPEDITE_LEGAL_PROCEDURES
DIAG-20260630-TST-U0823,20260630,500823,TC-01-N1-15.31,Tổ hợp thương mại căn hộ Phú Mỹ,Tháp N1,362,0.02,13.0,35,25,22.68,,LEGAL_PERMIT_BARRIER,EXPEDITE_LEGAL_PROCEDURES
DIAG-20260630-TST-U0824,20260630,500824,TC-01-N1-15.32,Tổ hợp thương mại căn hộ Phú Mỹ,Tháp N1,108,1.44,10.6,60,65,24.43,,LEGAL_PERMIT_BARRIER,EXPEDITE_LEGAL_PROCEDURES
DIAG-20260630-TST-U0825,20260630,500825,TC-01-N1-15.33,Tổ hợp thương mại căn hộ Phú Mỹ,Tháp N1,266,-21.78,8.4,0,0,-4.06,,LEGAL_PERMIT_BARRIER,EXPEDITE_LEGAL_PROCEDURES
DIAG-20260630-TST-U0827,20260630,500827,TC-01-N1-15.35,Tổ hợp thương mại căn hộ Phú Mỹ,Tháp N1,169,4.82,16.5,55,25,21.8,,LEGAL_PERMIT_BARRIER,EXPEDITE_LEGAL_PROCEDURES
DIAG-20260630-TST-U0828,20260630,500828,TC-01-N1-15.36,Tổ hợp thương mại căn hộ Phú Mỹ,Tháp N1,340,-2.6,11.8,20,65,19.47,,LEGAL_PERMIT_BARRIER,EXPEDITE_LEGAL_PROCEDURES
DIAG-20260630-TST-U0830,20260630,500830,TC-01-N1-15.38,Tổ hợp thương mại căn hộ Phú Mỹ,Tháp N1,216,22.36,18.2,40,0,42.19,,LEGAL_PERMIT_BARRIER,EXPEDITE_LEGAL_PROCEDURES
DIAG-20260630-TST-U0831,20260630,500831,TC-01-N1-15.39,Tổ hợp thương mại căn hộ Phú Mỹ,Tháp N1,383,8.76,7.0,20,65,26.44,,LEGAL_PERMIT_BARRIER,EXPEDITE_LEGAL_PROCEDURES
DIAG-20260630-TST-U0832,20260630,500832,TC-01-N1-15.40,Tổ hợp thương mại căn hộ Phú Mỹ,Tháp N1,223,-8.52,10.7,0,65,12.21,,LEGAL_PERMIT_BARRIER,EXPEDITE_LEGAL_PROCEDURES
DIAG-20260630-TST-U0833,20260630,500833,TC-01-N1-15.41,Tổ hợp thương mại căn hộ Phú Mỹ,Tháp N1,127,5.46,12.8,20,25,29.36,,LEGAL_PERMIT_BARRIER,EXPEDITE_LEGAL_PROCEDURES
DIAG-20260630-TST-U0834,20260630,500834,TC-01-N1-15.42,Tổ hợp thương mại căn hộ Phú Mỹ,Tháp N1,242,-3.69,8.0,75,40,13.75,,LEGAL_PERMIT_BARRIER,EXPEDITE_LEGAL_PROCEDURES
DIAG-20260630-TST-U0835,20260630,500835,TC-01-N1-15.43,Tổ hợp thương mại căn hộ Phú Mỹ,Tháp N1,110,6.73,16.1,75,0,24.03,,LEGAL_PERMIT_BARRIER,EXPEDITE_LEGAL_PROCEDURES
DIAG-20260630-TST-U0836,20260630,500836,TC-01-N1-15.44,Tổ hợp thương mại căn hộ Phú Mỹ,Tháp N1,389,-3.6,14.1,55,0,12.02,,LEGAL_PERMIT_BARRIER,EXPEDITE_LEGAL_PROCEDURES
DIAG-20260630-TST-U0838,20260630,500838,TC-01-N1-15.46,Tổ hợp thương mại căn hộ Phú Mỹ,Tháp N1,161,4.89,9.8,45,40,23.88,,LEGAL_PERMIT_BARRIER,EXPEDITE_LEGAL_PROCEDURES
DIAG-20260630-TST-U0840,20260630,500840,TC-01-N1-15.48,Tổ hợp thương mại căn hộ Phú Mỹ,Tháp N1,134,6.89,12.8,0,65,31.11,,LEGAL_PERMIT_BARRIER,EXPEDITE_LEGAL_PROCEDURES
DIAG-20260630-TST-U0841,20260630,500841,TC-01-N1-15.49,Tổ hợp thương mại căn hộ Phú Mỹ,Tháp N1,257,-15.62,10.4,10,65,3.5,,LEGAL_PERMIT_BARRIER,EXPEDITE_LEGAL_PROCEDURES
DIAG-20260630-TST-U0842,20260630,500842,TC-01-N1-15.50,Tổ hợp thương mại căn hộ Phú Mỹ,Tháp N1,266,8.42,15.4,15,0,25.98,,LEGAL_PERMIT_BARRIER,EXPEDITE_LEGAL_PROCEDURES
DIAG-20260630-TST-U0843,20260630,500843,TC-01-N1-15.51,Tổ hợp thương mại căn hộ Phú Mỹ,Tháp N1,249,18.26,15.6,35,0,45.06,,LEGAL_PERMIT_BARRIER,EXPEDITE_LEGAL_PROCEDURES
DIAG-20260630-TST-U0844,20260630,500844,TC-01-N1-15.52,Tổ hợp thương mại căn hộ Phú Mỹ,Tháp N1,305,0.48,6.5,20,95,16.82,,LEGAL_PERMIT_BARRIER,EXPEDITE_LEGAL_PROCEDURES
DIAG-20260630-TST-U0845,20260630,500845,TC-01-N1-15.53,Tổ hợp thương mại căn hộ Phú Mỹ,Tháp N1,446,-3.89,8.9,45,40,13.5,,LEGAL_PERMIT_BARRIER,EXPEDITE_LEGAL_PROCEDURES
DIAG-20260630-TST-U0846,20260630,500846,TC-01-N1-15.54,Tổ hợp thương mại căn hộ Phú Mỹ,Tháp N1,156,9.89,8.2,55,70,29.79,,LEGAL_PERMIT_BARRIER,EXPEDITE_LEGAL_PROCEDURES
DIAG-20260630-TST-U0847,20260630,500847,TC-01-N1-15.55,Tổ hợp thương mại căn hộ Phú Mỹ,Tháp N1,396,-14.43,10.4,25,25,4.96,,LEGAL_PERMIT_BARRIER,EXPEDITE_LEGAL_PROCEDURES
DIAG-20260630-TST-U0849,20260630,500849,TC-01-N1-15.57,Tổ hợp thương mại căn hộ Phú Mỹ,Tháp N1,122,7.68,18.4,10,25,25.13,,LEGAL_PERMIT_BARRIER,EXPEDITE_LEGAL_PROCEDURES
DIAG-20260630-TST-U0850,20260630,500850,TC-01-N1-15.58,Tổ hợp thương mại căn hộ Phú Mỹ,Tháp N1,238,-4.01,11.2,20,40,17.73,,LEGAL_PERMIT_BARRIER,EXPEDITE_LEGAL_PROCEDURES
DIAG-20260630-TST-U0852,20260630,500852,TC-01-N1-15.60,Tổ hợp thương mại căn hộ Phú Mỹ,Tháp N1,326,-19.17,9.6,70,25,-0.86,,LEGAL_PERMIT_BARRIER,EXPEDITE_LEGAL_PROCEDURES
DIAG-20260630-TST-U0853,20260630,500853,TC-01-N1-15.61,Tổ hợp thương mại căn hộ Phú Mỹ,Tháp N1,136,-5.21,9.8,20,30,16.27,,LEGAL_PERMIT_BARRIER,EXPEDITE_LEGAL_PROCEDURES
DIAG-20260630-TST-U0854,20260630,500854,TC-01-N1-15.62,Tổ hợp thương mại căn hộ Phú Mỹ,Tháp N1,321,-11.88,5.8,35,70,2.45,,LEGAL_PERMIT_BARRIER,EXPEDITE_LEGAL_PROCEDURES
DIAG-20260630-TST-U0855,20260630,500855,TC-01-N1-15.63,Tổ hợp thương mại căn hộ Phú Mỹ,Tháp N1,339,-0.48,14.2,20,0,15.64,,LEGAL_PERMIT_BARRIER,EXPEDITE_LEGAL_PROCEDURES
DIAG-20260630-TST-U0856,20260630,500856,TC-01-N1-15.64,Tổ hợp thương mại căn hộ Phú Mỹ,Tháp N1,347,-1.44,16.9,15,40,14.53,,LEGAL_PERMIT_BARRIER,EXPEDITE_LEGAL_PROCEDURES
DIAG-20260630-TST-U0857,20260630,500857,TC-01-N1-15.65,Tổ hợp thương mại căn hộ Phú Mỹ,Tháp N1,129,16.6,14.7,40,0,43.02,,LEGAL_PERMIT_BARRIER,EXPEDITE_LEGAL_PROCEDURES
DIAG-20260630-TST-U0858,20260630,500858,TC-01-N1-15.66,Tổ hợp thương mại căn hộ Phú Mỹ,Tháp N1,212,-5.34,7.6,50,20,11.79,,LEGAL_PERMIT_BARRIER,EXPEDITE_LEGAL_PROCEDURES
DIAG-20260630-TST-U0859,20260630,500859,TC-01-N1-16.01,Tổ hợp thương mại căn hộ Phú Mỹ,Tháp N1,276,18.52,13.8,20,40,45.37,,LEGAL_PERMIT_BARRIER,EXPEDITE_LEGAL_PROCEDURES
DIAG-20260630-TST-U0860,20260630,500860,TC-01-N1-16.02,Tổ hợp thương mại căn hộ Phú Mỹ,Tháp N1,183,6.89,11.9,50,65,31.11,,LEGAL_PERMIT_BARRIER,EXPEDITE_LEGAL_PROCEDURES
DIAG-20260630-TST-U0861,20260630,500861,TC-01-N1-16.03,Tổ hợp thương mại căn hộ Phú Mỹ,Tháp N1,249,-11.04,6.7,20,0,5.07,,LEGAL_PERMIT_BARRIER,EXPEDITE_LEGAL_PROCEDURES
DIAG-20260630-TST-U0862,20260630,500862,TC-01-N1-16.04,Tổ hợp thương mại căn hộ Phú Mỹ,Tháp N1,103,4.98,11.3,35,40,28.76,,LEGAL_PERMIT_BARRIER,EXPEDITE_LEGAL_PROCEDURES
DIAG-20260630-TST-U0863,20260630,500863,TC-01-N1-16.05,Tổ hợp thương mại căn hộ Phú Mỹ,Tháp N1,180,11.05,17.6,0,40,29.04,,LEGAL_PERMIT_BARRIER,EXPEDITE_LEGAL_PROCEDURES
DIAG-20260630-TST-U0864,20260630,500864,TC-01-N1-16.06,Tổ hợp thương mại căn hộ Phú Mỹ,Tháp N1,316,-15.31,6.8,40,65,0.02,,LEGAL_PERMIT_BARRIER,EXPEDITE_LEGAL_PROCEDURES
DIAG-20260630-TST-U0865,20260630,500865,TC-01-N1-16.07,Tổ hợp thương mại căn hộ Phú Mỹ,Tháp N1,257,0.25,12.1,10,45,22.96,,LEGAL_PERMIT_BARRIER,EXPEDITE_LEGAL_PROCEDURES
DIAG-20260630-TST-U0866,20260630,500866,TC-01-N1-16.08,Tổ hợp thương mại căn hộ Phú Mỹ,Tháp N1,206,17.54,13.1,60,40,44.17,,LEGAL_PERMIT_BARRIER,EXPEDITE_LEGAL_PROCEDURES
DIAG-20260630-TST-U0867,20260630,500867,TC-01-N1-16.09,Tổ hợp thương mại căn hộ Phú Mỹ,Tháp N1,362,-18.72,10.1,20,0,-0.31,,LEGAL_PERMIT_BARRIER,EXPEDITE_LEGAL_PROCEDURES
DIAG-20260630-TST-U0868,20260630,500868,TC-01-N1-16.10,Tổ hợp thương mại căn hộ Phú Mỹ,Tháp N1,179,-11.61,11.1,0,25,8.42,,LEGAL_PERMIT_BARRIER,EXPEDITE_LEGAL_PROCEDURES
DIAG-20260630-TST-U0869,20260630,500869,TC-01-N1-16.11,Tổ hợp thương mại căn hộ Phú Mỹ,Tháp N1,182,-20.36,10.4,20,45,-2.31,,LEGAL_PERMIT_BARRIER,EXPEDITE_LEGAL_PROCEDURES
DIAG-20260630-TST-U0870,20260630,500870,TC-01-N1-16.12,Tổ hợp thương mại căn hộ Phú Mỹ,Tháp N1,208,11.63,13.6,40,0,36.92,,LEGAL_PERMIT_BARRIER,EXPEDITE_LEGAL_PROCEDURES
DIAG-20260630-TST-U0871,20260630,500871,TC-01-N1-16.13,Tổ hợp thương mại căn hộ Phú Mỹ,Tháp N1,187,-11.59,10.8,20,0,8.44,,LEGAL_PERMIT_BARRIER,EXPEDITE_LEGAL_PROCEDURES
DIAG-20260630-TST-U0872,20260630,500872,TC-01-N1-16.14,Tổ hợp thương mại căn hộ Phú Mỹ,Tháp N1,470,-11.12,9.7,20,25,9.02,,LEGAL_PERMIT_BARRIER,EXPEDITE_LEGAL_PROCEDURES
DIAG-20260630-TST-U0873,20260630,500873,TC-01-N1-16.15,Tổ hợp thương mại căn hộ Phú Mỹ,Tháp N1,200,7.84,13.7,45,0,32.27,,LEGAL_PERMIT_BARRIER,EXPEDITE_LEGAL_PROCEDURES
DIAG-20260630-TST-U0875,20260630,500875,TC-01-N1-16.17,Tổ hợp thương mại căn hộ Phú Mỹ,Tháp N1,92,-20.19,13.3,0,25,-7.26,,LEGAL_PERMIT_BARRIER,EXPEDITE_LEGAL_PROCEDURES
DIAG-20260630-TST-U0876,20260630,500876,TC-01-N1-16.18,Tổ hợp thương mại căn hộ Phú Mỹ,Tháp N1,357,-8.74,10.9,40,0,11.94,,LEGAL_PERMIT_BARRIER,EXPEDITE_LEGAL_PROCEDURES
DIAG-20260630-TST-U0877,20260630,500877,TC-01-N1-16.19,Tổ hợp thương mại căn hộ Phú Mỹ,Tháp N1,127,-21.53,7.3,45,65,-7.32,,LEGAL_PERMIT_BARRIER,EXPEDITE_LEGAL_PROCEDURES
DIAG-20260630-TST-U0879,20260630,500879,TC-01-N1-16.21,Tổ hợp thương mại căn hộ Phú Mỹ,Tháp N1,372,1.58,8.2,45,25,19.97,,LEGAL_PERMIT_BARRIER,EXPEDITE_LEGAL_PROCEDURES
DIAG-20260630-TST-U0881,20260630,500881,TC-01-N1-16.23,Tổ hợp thương mại căn hộ Phú Mỹ,Tháp N1,184,0.5,12.8,10,40,23.27,,LEGAL_PERMIT_BARRIER,EXPEDITE_LEGAL_PROCEDURES
DIAG-20260630-TST-U0882,20260630,500882,TC-01-N1-16.24,Tổ hợp thương mại căn hộ Phú Mỹ,Tháp N1,409,-13.94,13.7,60,25,0.0,,LEGAL_PERMIT_BARRIER,EXPEDITE_LEGAL_PROCEDURES
DIAG-20260630-TST-U0883,20260630,500883,TC-01-N1-16.25,Tổ hợp thương mại căn hộ Phú Mỹ,Tháp N1,370,14.95,11.9,85,0,40.99,,LEGAL_PERMIT_BARRIER,EXPEDITE_LEGAL_PROCEDURES
DIAG-20260630-TST-U0884,20260630,500884,TC-01-N1-16.26,Tổ hợp thương mại căn hộ Phú Mỹ,Tháp N1,95,-4.86,8.1,20,25,12.36,,LEGAL_PERMIT_BARRIER,EXPEDITE_LEGAL_PROCEDURES
DIAG-20260630-TST-U0885,20260630,500885,TC-01-N1-16.27,Tổ hợp thương mại căn hộ Phú Mỹ,Tháp N1,130,3.08,7.0,20,0,19.84,,LEGAL_PERMIT_BARRIER,EXPEDITE_LEGAL_PROCEDURES
DIAG-20260630-TST-U0886,20260630,500886,TC-01-N1-16.28,Tổ hợp thương mại căn hộ Phú Mỹ,Tháp N1,470,18.74,14.5,40,0,45.65,,LEGAL_PERMIT_BARRIER,EXPEDITE_LEGAL_PROCEDURES
DIAG-20260630-TST-U0887,20260630,500887,TC-01-N1-16.29,Tổ hợp thương mại căn hộ Phú Mỹ,Tháp N1,327,-8.29,9.9,10,65,12.49,,LEGAL_PERMIT_BARRIER,EXPEDITE_LEGAL_PROCEDURES
DIAG-20260630-TST-U0888,20260630,500888,TC-01-N1-16.30,Tổ hợp thương mại căn hộ Phú Mỹ,Tháp N1,432,6.48,17.2,25,0,23.73,,LEGAL_PERMIT_BARRIER,EXPEDITE_LEGAL_PROCEDURES
DIAG-20260630-TST-U0889,20260630,500889,TC-01-N1-16.31,Tổ hợp thương mại căn hộ Phú Mỹ,Tháp N1,150,9.5,13.9,40,25,34.3,,LEGAL_PERMIT_BARRIER,EXPEDITE_LEGAL_PROCEDURES
DIAG-20260630-TST-U0890,20260630,500890,TC-01-N1-16.32,Tổ hợp thương mại căn hộ Phú Mỹ,Tháp N1,320,6.81,9.2,20,40,26.14,,LEGAL_PERMIT_BARRIER,EXPEDITE_LEGAL_PROCEDURES
DIAG-20260630-TST-U0891,20260630,500891,TC-01-N1-16.33,Tổ hợp thương mại căn hộ Phú Mỹ,Tháp N1,101,-8.77,6.4,0,65,6.06,,LEGAL_PERMIT_BARRIER,EXPEDITE_LEGAL_PROCEDURES
DIAG-20260630-TST-U0892,20260630,500892,TC-01-N1-16.34,Tổ hợp thương mại căn hộ Phú Mỹ,Tháp N1,264,14.67,17.4,20,40,33.24,,LEGAL_PERMIT_BARRIER,EXPEDITE_LEGAL_PROCEDURES
DIAG-20260630-TST-U0893,20260630,500893,TC-01-N1-16.35,Tổ hợp thương mại căn hộ Phú Mỹ,Tháp N1,118,-0.73,15.2,0,25,15.35,,LEGAL_PERMIT_BARRIER,EXPEDITE_LEGAL_PROCEDURES
DIAG-20260630-TST-U0894,20260630,500894,TC-01-N1-16.36,Tổ hợp thương mại căn hộ Phú Mỹ,Tháp N1,113,-5.91,11.0,55,25,15.4,,LEGAL_PERMIT_BARRIER,EXPEDITE_LEGAL_PROCEDURES
DIAG-20260630-TST-U0895,20260630,500895,TC-01-N1-16.37,Tổ hợp thương mại căn hộ Phú Mỹ,Tháp N1,372,-4.95,12.2,20,65,16.58,,LEGAL_PERMIT_BARRIER,EXPEDITE_LEGAL_PROCEDURES
DIAG-20260630-TST-U0897,20260630,500897,TC-01-N1-16.39,Tổ hợp thương mại căn hộ Phú Mỹ,Tháp N1,97,22.12,19.1,90,40,41.91,,LEGAL_PERMIT_BARRIER,EXPEDITE_LEGAL_PROCEDURES
DIAG-20260630-TST-U0898,20260630,500898,TC-01-N1-16.40,Tổ hợp thương mại căn hộ Phú Mỹ,Tháp N1,375,5.62,9.4,20,0,24.73,,LEGAL_PERMIT_BARRIER,EXPEDITE_LEGAL_PROCEDURES
DIAG-20260630-TST-U0900,20260630,500900,TC-01-N1-16.42,Tổ hợp thương mại căn hộ Phú Mỹ,Tháp N1,363,-8.43,7.9,35,40,8.14,,LEGAL_PERMIT_BARRIER,EXPEDITE_LEGAL_PROCEDURES
DIAG-20260630-TST-U0902,20260630,500902,TC-01-N1-16.44,Tổ hợp thương mại căn hộ Phú Mỹ,Tháp N1,227,5.48,12.2,30,0,29.38,,LEGAL_PERMIT_BARRIER,EXPEDITE_LEGAL_PROCEDURES
DIAG-20260630-TST-U0903,20260630,500903,TC-01-N1-16.45,Tổ hợp thương mại căn hộ Phú Mỹ,Tháp N1,168,3.57,12.3,20,25,27.03,,LEGAL_PERMIT_BARRIER,EXPEDITE_LEGAL_PROCEDURES
DIAG-20260630-TST-U0904,20260630,500904,TC-01-N1-16.46,Tổ hợp thương mại căn hộ Phú Mỹ,Tháp N1,314,-4.62,8.0,55,0,12.64,,LEGAL_PERMIT_BARRIER,EXPEDITE_LEGAL_PROCEDURES
DIAG-20260630-TST-U0905,20260630,500905,TC-01-N1-16.47,Tổ hợp thương mại căn hộ Phú Mỹ,Tháp N1,389,8.3,13.9,50,65,32.84,,LEGAL_PERMIT_BARRIER,EXPEDITE_LEGAL_PROCEDURES
DIAG-20260630-TST-U0907,20260630,500907,TC-01-N1-16.49,Tổ hợp thương mại căn hộ Phú Mỹ,Tháp N1,381,-2.89,15.8,20,20,12.84,,LEGAL_PERMIT_BARRIER,EXPEDITE_LEGAL_PROCEDURES
DIAG-20260630-TST-U0908,20260630,500908,TC-01-N1-16.50,Tổ hợp thương mại căn hộ Phú Mỹ,Tháp N1,217,-14.92,11.0,35,40,4.36,,LEGAL_PERMIT_BARRIER,EXPEDITE_LEGAL_PROCEDURES
DIAG-20260630-TST-U0909,20260630,500909,TC-01-N1-16.51,Tổ hợp thương mại căn hộ Phú Mỹ,Tháp N1,433,13.97,7.5,10,0,32.5,,LEGAL_PERMIT_BARRIER,EXPEDITE_LEGAL_PROCEDURES
DIAG-20260630-TST-U0910,20260630,500910,TC-01-N1-16.52,Tổ hợp thương mại căn hộ Phú Mỹ,Tháp N1,120,3.68,7.8,0,0,22.44,,LEGAL_PERMIT_BARRIER,EXPEDITE_LEGAL_PROCEDURES
DIAG-20260630-TST-U0911,20260630,500911,TC-01-N1-16.53,Tổ hợp thương mại căn hộ Phú Mỹ,Tháp N1,352,-2.1,10.2,10,25,20.08,,LEGAL_PERMIT_BARRIER,EXPEDITE_LEGAL_PROCEDURES
DIAG-20260630-TST-U0912,20260630,500912,TC-01-N1-16.54,Tổ hợp thương mại căn hộ Phú Mỹ,Tháp N1,249,-3.91,7.7,10,40,13.49,,LEGAL_PERMIT_BARRIER,EXPEDITE_LEGAL_PROCEDURES
DIAG-20260630-TST-U0913,20260630,500913,TC-01-N1-16.55,Tổ hợp thương mại căn hộ Phú Mỹ,Tháp N1,137,4.74,12.4,0,95,28.47,,LEGAL_PERMIT_BARRIER,EXPEDITE_LEGAL_PROCEDURES
DIAG-20260630-TST-U0914,20260630,500914,TC-01-N1-16.56,Tổ hợp thương mại căn hộ Phú Mỹ,Tháp N1,413,-7.22,7.7,10,0,9.58,,LEGAL_PERMIT_BARRIER,EXPEDITE_LEGAL_PROCEDURES
DIAG-20260630-TST-U0915,20260630,500915,TC-01-N1-16.57,Tổ hợp thương mại căn hộ Phú Mỹ,Tháp N1,374,14.72,15.6,50,0,40.71,,LEGAL_PERMIT_BARRIER,EXPEDITE_LEGAL_PROCEDURES
DIAG-20260630-TST-U0916,20260630,500916,TC-01-N1-16.58,Tổ hợp thương mại căn hộ Phú Mỹ,Tháp N1,261,8.32,13.6,40,0,32.86,,LEGAL_PERMIT_BARRIER,EXPEDITE_LEGAL_PROCEDURES
DIAG-20260630-TST-U0918,20260630,500918,TC-01-N1-16.60,Tổ hợp thương mại căn hộ Phú Mỹ,Tháp N1,370,0.13,8.7,20,40,18.25,,LEGAL_PERMIT_BARRIER,EXPEDITE_LEGAL_PROCEDURES
DIAG-20260630-TST-U0919,20260630,500919,TC-01-N1-16.61,Tổ hợp thương mại căn hộ Phú Mỹ,Tháp N1,308,-15.57,7.3,20,65,-0.29,,LEGAL_PERMIT_BARRIER,EXPEDITE_LEGAL_PROCEDURES
DIAG-20260630-TST-U0920,20260630,500920,TC-01-N1-16.62,Tổ hợp thương mại căn hộ Phú Mỹ,Tháp N1,223,21.29,10.3,0,0,43.24,,LEGAL_PERMIT_BARRIER,EXPEDITE_LEGAL_PROCEDURES
DIAG-20260630-TST-U0921,20260630,500921,TC-01-N1-16.63,Tổ hợp thương mại căn hộ Phú Mỹ,Tháp N1,291,0.6,8.1,30,20,18.8,,LEGAL_PERMIT_BARRIER,EXPEDITE_LEGAL_PROCEDURES
DIAG-20260630-TST-U0922,20260630,500922,TC-01-N1-16.64,Tổ hợp thương mại căn hộ Phú Mỹ,Tháp N1,348,17.31,12.4,20,0,43.89,,LEGAL_PERMIT_BARRIER,EXPEDITE_LEGAL_PROCEDURES
DIAG-20260630-TST-U0924,20260630,500924,TC-01-N1-16.66,Tổ hợp thương mại căn hộ Phú Mỹ,Tháp N1,412,-9.46,11.1,20,25,11.05,,LEGAL_PERMIT_BARRIER,EXPEDITE_LEGAL_PROCEDURES
DIAG-20260630-TST-U0925,20260630,500925,TC-01-N1-17.01,Tổ hợp thương mại căn hộ Phú Mỹ,Tháp N1,359,-8.75,6.0,30,65,6.09,,LEGAL_PERMIT_BARRIER,EXPEDITE_LEGAL_PROCEDURES
DIAG-20260630-TST-U0926,20260630,500926,TC-01-N1-17.02,Tổ hợp thương mại căn hộ Phú Mỹ,Tháp N1,280,22.51,13.8,40,0,50.27,,LEGAL_PERMIT_BARRIER,EXPEDITE_LEGAL_PROCEDURES
DIAG-20260630-TST-U0927,20260630,500927,TC-01-N1-17.03,Tổ hợp thương mại căn hộ Phú Mỹ,Tháp N1,290,6.89,14.2,20,40,31.11,,LEGAL_PERMIT_BARRIER,EXPEDITE_LEGAL_PROCEDURES
DIAG-20260630-TST-U0928,20260630,500928,TC-01-N1-17.04,Tổ hợp thương mại căn hộ Phú Mỹ,Tháp N1,457,10.62,9.2,20,0,30.64,,LEGAL_PERMIT_BARRIER,EXPEDITE_LEGAL_PROCEDURES
DIAG-20260630-TST-U0929,20260630,500929,TC-01-N1-17.05,Tổ hợp thương mại căn hộ Phú Mỹ,Tháp N1,399,-14.91,12.0,0,20,-1.13,,LEGAL_PERMIT_BARRIER,EXPEDITE_LEGAL_PROCEDURES
DIAG-20260630-TST-U0930,20260630,500930,TC-01-N1-17.06,Tổ hợp thương mại căn hộ Phú Mỹ,Tháp N1,431,-24.17,8.7,45,25,-6.98,,LEGAL_PERMIT_BARRIER,EXPEDITE_LEGAL_PROCEDURES
DIAG-20260630-TST-U0931,20260630,500931,TC-01-N1-17.07,Tổ hợp thương mại căn hộ Phú Mỹ,Tháp N1,312,-4.84,7.4,20,25,12.38,,LEGAL_PERMIT_BARRIER,EXPEDITE_LEGAL_PROCEDURES
DIAG-20260630-TST-U0932,20260630,500932,TC-01-N1-17.08,Tổ hợp thương mại căn hộ Phú Mỹ,Tháp N1,399,-5.05,16.9,50,0,10.33,,LEGAL_PERMIT_BARRIER,EXPEDITE_LEGAL_PROCEDURES
DIAG-20260630-TST-U0934,20260630,500934,TC-01-N1-17.10,Tổ hợp thương mại căn hộ Phú Mỹ,Tháp N1,229,-6.64,9.5,75,40,14.52,,LEGAL_PERMIT_BARRIER,EXPEDITE_LEGAL_PROCEDURES
DIAG-20260630-TST-U0936,20260630,500936,TC-01-N1-17.12,Tổ hợp thương mại căn hộ Phú Mỹ,Tháp N1,201,-21.32,5.1,20,25,-8.53,,LEGAL_PERMIT_BARRIER,EXPEDITE_LEGAL_PROCEDURES
DIAG-20260630-TST-U0937,20260630,500937,TC-01-N1-17.13,Tổ hợp thương mại căn hộ Phú Mỹ,Tháp N1,244,5.47,12.6,40,0,29.37,,LEGAL_PERMIT_BARRIER,EXPEDITE_LEGAL_PROCEDURES
DIAG-20260630-TST-U0938,20260630,500938,TC-01-N1-17.14,Tổ hợp thương mại căn hộ Phú Mỹ,Tháp N1,237,-13.65,7.0,45,25,1.98,,LEGAL_PERMIT_BARRIER,EXPEDITE_LEGAL_PROCEDURES
DIAG-20260630-TST-U0939,20260630,500939,TC-01-N1-17.15,Tổ hợp thương mại căn hộ Phú Mỹ,Tháp N1,169,14.88,10.0,20,25,35.67,,LEGAL_PERMIT_BARRIER,EXPEDITE_LEGAL_PROCEDURES
DIAG-20260630-TST-U0940,20260630,500940,TC-01-N1-17.16,Tổ hợp thương mại căn hộ Phú Mỹ,Tháp N1,276,-7.09,12.6,10,0,13.95,,LEGAL_PERMIT_BARRIER,EXPEDITE_LEGAL_PROCEDURES
DIAG-20260630-TST-U0941,20260630,500941,TC-01-N1-17.17,Tổ hợp thương mại căn hộ Phú Mỹ,Tháp N1,337,-10.58,8.1,15,65,5.6,,LEGAL_PERMIT_BARRIER,EXPEDITE_LEGAL_PROCEDURES
DIAG-20260630-TST-U0942,20260630,500942,TC-01-N1-17.18,Tổ hợp thương mại căn hộ Phú Mỹ,Tháp N1,449,-4.57,16.1,60,25,10.89,,LEGAL_PERMIT_BARRIER,EXPEDITE_LEGAL_PROCEDURES
DIAG-20260630-TST-U0943,20260630,500943,TC-01-N1-17.19,Tổ hợp thương mại căn hộ Phú Mỹ,Tháp N1,467,-0.0,17.5,40,40,16.2,,LEGAL_PERMIT_BARRIER,EXPEDITE_LEGAL_PROCEDURES
DIAG-20260630-TST-U0944,20260630,500944,TC-01-N1-17.20,Tổ hợp thương mại căn hộ Phú Mỹ,Tháp N1,164,-9.24,9.0,0,40,11.32,,LEGAL_PERMIT_BARRIER,EXPEDITE_LEGAL_PROCEDURES
DIAG-20260630-TST-U0946,20260630,500946,TC-01-N1-17.22,Tổ hợp thương mại căn hộ Phú Mỹ,Tháp N1,236,4.08,17.6,40,40,20.94,,LEGAL_PERMIT_BARRIER,EXPEDITE_LEGAL_PROCEDURES
DIAG-20260630-TST-U0949,20260630,500949,TC-01-N1-17.25,Tổ hợp thương mại căn hộ Phú Mỹ,Tháp N1,103,-4.48,10.1,30,0,17.17,,LEGAL_PERMIT_BARRIER,EXPEDITE_LEGAL_PROCEDURES
DIAG-20260630-TST-U0950,20260630,500950,TC-01-N1-17.26,Tổ hợp thương mại căn hộ Phú Mỹ,Tháp N1,259,-3.91,7.7,10,25,13.48,,LEGAL_PERMIT_BARRIER,EXPEDITE_LEGAL_PROCEDURES
DIAG-20260630-TST-U0953,20260630,500953,TC-01-N1-17.29,Tổ hợp thương mại căn hộ Phú Mỹ,Tháp N1,390,17.75,8.7,20,40,36.89,,LEGAL_PERMIT_BARRIER,EXPEDITE_LEGAL_PROCEDURES
DIAG-20260630-TST-U0955,20260630,500955,TC-01-N1-17.31,Tổ hợp thương mại căn hộ Phú Mỹ,Tháp N1,273,-4.01,12.1,15,40,17.74,,LEGAL_PERMIT_BARRIER,EXPEDITE_LEGAL_PROCEDURES
DIAG-20260630-TST-U0956,20260630,500956,TC-01-N1-17.32,Tổ hợp thương mại căn hộ Phú Mỹ,Tháp N1,383,0.27,11.7,10,40,22.98,,LEGAL_PERMIT_BARRIER,EXPEDITE_LEGAL_PROCEDURES
DIAG-20260630-TST-U0958,20260630,500958,TC-01-N1-17.34,Tổ hợp thương mại căn hộ Phú Mỹ,Tháp N1,320,-18.24,10.1,0,25,0.29,,LEGAL_PERMIT_BARRIER,EXPEDITE_LEGAL_PROCEDURES
DIAG-20260630-TST-U0959,20260630,500959,TC-01-N1-17.35,Tổ hợp thương mại căn hộ Phú Mỹ,Tháp N1,470,-4.34,16.2,0,25,11.16,,LEGAL_PERMIT_BARRIER,EXPEDITE_LEGAL_PROCEDURES
DIAG-20260630-TST-U0960,20260630,500960,TC-01-N1-17.36,Tổ hợp thương mại căn hộ Phú Mỹ,Tháp N1,130,14.62,9.4,10,0,35.37,,LEGAL_PERMIT_BARRIER,EXPEDITE_LEGAL_PROCEDURES
DIAG-20260630-TST-U0962,20260630,500962,TC-01-N1-17.38,Tổ hợp thương mại căn hộ Phú Mỹ,Tháp N1,267,-2.88,14.6,40,0,12.85,,LEGAL_PERMIT_BARRIER,EXPEDITE_LEGAL_PROCEDURES
DIAG-20260630-TST-U0964,20260630,500964,TC-01-N1-17.40,Tổ hợp thương mại căn hộ Phú Mỹ,Tháp N1,164,-12.96,7.4,45,0,2.8,,LEGAL_PERMIT_BARRIER,EXPEDITE_LEGAL_PROCEDURES
DIAG-20260630-TST-U0965,20260630,500965,TC-01-N1-17.41,Tổ hợp thương mại căn hộ Phú Mỹ,Tháp N1,442,-5.32,7.5,10,20,11.82,,LEGAL_PERMIT_BARRIER,EXPEDITE_LEGAL_PROCEDURES
DIAG-20260630-TST-U0966,20260630,500966,TC-01-N1-17.42,Tổ hợp thương mại căn hộ Phú Mỹ,Tháp N1,243,-13.89,6.4,40,25,1.7,,LEGAL_PERMIT_BARRIER,EXPEDITE_LEGAL_PROCEDURES
DIAG-20260630-TST-U0967,20260630,500967,TC-01-N1-17.43,Tổ hợp thương mại căn hộ Phú Mỹ,Tháp N1,399,-4.96,12.1,40,0,16.57,,LEGAL_PERMIT_BARRIER,EXPEDITE_LEGAL_PROCEDURES
DIAG-20260630-TST-U0968,20260630,500968,TC-01-N1-17.44,Tổ hợp thương mại căn hộ Phú Mỹ,Tháp N1,173,2.87,11.3,60,40,26.18,,LEGAL_PERMIT_BARRIER,EXPEDITE_LEGAL_PROCEDURES
DIAG-20260630-TST-U0969,20260630,500969,TC-01-N1-17.45,Tổ hợp thương mại căn hộ Phú Mỹ,Tháp N1,339,2.01,8.7,20,0,20.48,,LEGAL_PERMIT_BARRIER,EXPEDITE_LEGAL_PROCEDURES
DIAG-20260630-TST-U0970,20260630,500970,TC-01-N1-17.46,Tổ hợp thương mại căn hộ Phú Mỹ,Tháp N1,107,-6.98,8.2,50,95,9.85,,LEGAL_PERMIT_BARRIER,EXPEDITE_LEGAL_PROCEDURES
DIAG-20260630-TST-U0971,20260630,500971,TC-01-N1-17.47,Tổ hợp thương mại căn hộ Phú Mỹ,Tháp N1,157,2.98,8.6,40,0,21.63,,LEGAL_PERMIT_BARRIER,EXPEDITE_LEGAL_PROCEDURES
DIAG-20260630-TST-U0972,20260630,500972,TC-01-N1-17.48,Tổ hợp thương mại căn hộ Phú Mỹ,Tháp N1,380,-15.15,12.4,20,0,-1.41,,LEGAL_PERMIT_BARRIER,EXPEDITE_LEGAL_PROCEDURES
DIAG-20260630-TST-U0974,20260630,500974,TC-01-N1-17.50,Tổ hợp thương mại căn hộ Phú Mỹ,Tháp N1,409,17.07,13.8,40,20,43.59,,LEGAL_PERMIT_BARRIER,EXPEDITE_LEGAL_PROCEDURES
DIAG-20260630-TST-U0975,20260630,500975,TC-01-N1-17.51,Tổ hợp thương mại căn hộ Phú Mỹ,Tháp N1,284,-1.87,12.9,55,25,20.36,,LEGAL_PERMIT_BARRIER,EXPEDITE_LEGAL_PROCEDURES
DIAG-20260630-TST-U0976,20260630,500976,TC-01-N1-17.52,Tổ hợp thương mại căn hộ Phú Mỹ,Tháp N1,146,-7.22,14.1,60,40,7.81,,LEGAL_PERMIT_BARRIER,EXPEDITE_LEGAL_PROCEDURES
DIAG-20260630-TST-U0977,20260630,500977,TC-01-N1-17.53,Tổ hợp thương mại căn hộ Phú Mỹ,Tháp N1,145,-12.55,9.7,35,40,7.27,,LEGAL_PERMIT_BARRIER,EXPEDITE_LEGAL_PROCEDURES
DIAG-20260630-TST-U0978,20260630,500978,TC-01-N1-17.54,Tổ hợp thương mại căn hộ Phú Mỹ,Tháp N1,356,-6.48,14.7,20,70,8.67,,LEGAL_PERMIT_BARRIER,EXPEDITE_LEGAL_PROCEDURES
DIAG-20260630-TST-U0979,20260630,500979,TC-01-N1-17.55,Tổ hợp thương mại căn hộ Phú Mỹ,Tháp N1,413,9.19,10.2,20,0,28.96,,LEGAL_PERMIT_BARRIER,EXPEDITE_LEGAL_PROCEDURES
DIAG-20260630-TST-U0980,20260630,500980,TC-01-N1-17.56,Tổ hợp thương mại căn hộ Phú Mỹ,Tháp N1,324,3.61,18.0,0,0,20.39,,LEGAL_PERMIT_BARRIER,EXPEDITE_LEGAL_PROCEDURES
DIAG-20260630-TST-U0981,20260630,500981,TC-01-N1-17.57,Tổ hợp thương mại căn hộ Phú Mỹ,Tháp N1,248,0.35,8.6,40,0,18.52,,LEGAL_PERMIT_BARRIER,EXPEDITE_LEGAL_PROCEDURES
DIAG-20260630-TST-U0982,20260630,500982,TC-01-N1-17.58,Tổ hợp thương mại căn hộ Phú Mỹ,Tháp N1,438,-3.93,9.1,20,40,13.46,,LEGAL_PERMIT_BARRIER,EXPEDITE_LEGAL_PROCEDURES
DIAG-20260630-TST-U0983,20260630,500983,TC-01-N1-17.59,Tổ hợp thương mại căn hộ Phú Mỹ,Tháp N1,337,-0.46,13.0,20,0,22.09,,LEGAL_PERMIT_BARRIER,EXPEDITE_LEGAL_PROCEDURES
DIAG-20260630-TST-U0985,20260630,500985,TC-01-N1-17.61,Tổ hợp thương mại căn hộ Phú Mỹ,Tháp N1,331,9.63,10.1,20,40,29.48,,LEGAL_PERMIT_BARRIER,EXPEDITE_LEGAL_PROCEDURES
DIAG-20260630-TST-U0986,20260630,500986,TC-01-N1-17.62,Tổ hợp thương mại căn hộ Phú Mỹ,Tháp N1,200,23.07,18.5,20,40,43.01,,LEGAL_PERMIT_BARRIER,EXPEDITE_LEGAL_PROCEDURES
DIAG-20260630-TST-U0987,20260630,500987,TC-01-N1-17.63,Tổ hợp thương mại căn hộ Phú Mỹ,Tháp N1,255,7.75,9.3,40,45,27.26,,LEGAL_PERMIT_BARRIER,EXPEDITE_LEGAL_PROCEDURES
DIAG-20260630-TST-U0989,20260630,500989,TC-01-N1-17.65,Tổ hợp thương mại căn hộ Phú Mỹ,Tháp N1,394,12.27,18.5,40,40,30.45,,LEGAL_PERMIT_BARRIER,EXPEDITE_LEGAL_PROCEDURES
DIAG-20260630-TST-U0990,20260630,500990,TC-01-N1-17.66,Tổ hợp thương mại căn hộ Phú Mỹ,Tháp N1,460,7.93,17.6,20,25,25.41,,LEGAL_PERMIT_BARRIER,EXPEDITE_LEGAL_PROCEDURES
DIAG-20260630-TST-U0991,20260630,500991,TC-01-N1-18.01,Tổ hợp thương mại căn hộ Phú Mỹ,Tháp N1,283,7.2,16.1,10,25,24.57,,LEGAL_PERMIT_BARRIER,EXPEDITE_LEGAL_PROCEDURES
DIAG-20260630-TST-U0993,20260630,500993,TC-01-N1-18.03,Tổ hợp thương mại căn hộ Phú Mỹ,Tháp N1,110,23.24,12.7,50,0,51.17,,LEGAL_PERMIT_BARRIER,EXPEDITE_LEGAL_PROCEDURES
DIAG-20260630-TST-U0994,20260630,500994,TC-01-N1-18.04,Tổ hợp thương mại căn hộ Phú Mỹ,Tháp N1,325,0.25,12.4,20,0,22.96,,LEGAL_PERMIT_BARRIER,EXPEDITE_LEGAL_PROCEDURES
DIAG-20260630-TST-U0995,20260630,500995,TC-01-N1-18.05,Tổ hợp thương mại căn hộ Phú Mỹ,Tháp N1,434,-23.67,10.2,25,65,-6.38,,LEGAL_PERMIT_BARRIER,EXPEDITE_LEGAL_PROCEDURES
DIAG-20260630-TST-U0996,20260630,500996,TC-01-N1-18.06,Tổ hợp thương mại căn hộ Phú Mỹ,Tháp N1,277,-2.49,8.4,20,65,15.16,,LEGAL_PERMIT_BARRIER,EXPEDITE_LEGAL_PROCEDURES
DIAG-20260630-TST-U0998,20260630,500998,TC-01-N1-18.08,Tổ hợp thương mại căn hộ Phú Mỹ,Tháp N1,460,-8.9,6.8,30,40,7.59,,LEGAL_PERMIT_BARRIER,EXPEDITE_LEGAL_PROCEDURES
DIAG-20260630-TST-U0999,20260630,500999,TC-01-N1-18.09,Tổ hợp thương mại căn hộ Phú Mỹ,Tháp N1,293,14.19,20.1,35,70,32.69,,LEGAL_PERMIT_BARRIER,EXPEDITE_LEGAL_PROCEDURES
DIAG-20260630-TST-U1000,20260630,501000,TC-01-N1-18.10,Tổ hợp thương mại căn hộ Phú Mỹ,Tháp N1,187,-1.31,8.0,45,40,16.56,,LEGAL_PERMIT_BARRIER,EXPEDITE_LEGAL_PROCEDURES
DIAG-20260630-TST-U1001,20260630,501001,TC-01-N1-18.11,Tổ hợp thương mại căn hộ Phú Mỹ,Tháp N1,107,-7.09,11.8,0,0,13.96,,LEGAL_PERMIT_BARRIER,EXPEDITE_LEGAL_PROCEDURES
DIAG-20260630-TST-U1002,20260630,501002,TC-01-N1-18.12,Tổ hợp thương mại căn hộ Phú Mỹ,Tháp N1,142,5.47,12.6,75,65,29.36,,LEGAL_PERMIT_BARRIER,EXPEDITE_LEGAL_PROCEDURES
DIAG-20260630-TST-U1003,20260630,501003,TC-01-N1-18.13,Tổ hợp thương mại căn hộ Phú Mỹ,Tháp N1,432,2.14,12.0,20,0,25.28,,LEGAL_PERMIT_BARRIER,EXPEDITE_LEGAL_PROCEDURES
DIAG-20260630-TST-U1004,20260630,501004,TC-01-N1-18.14,Tổ hợp thương mại căn hộ Phú Mỹ,Tháp N1,107,-7.81,10.3,20,25,13.07,,LEGAL_PERMIT_BARRIER,EXPEDITE_LEGAL_PROCEDURES
DIAG-20260630-TST-U1005,20260630,501005,TC-01-N1-18.15,Tổ hợp thương mại căn hộ Phú Mỹ,Tháp N1,264,-18.94,9.4,25,40,-0.58,,LEGAL_PERMIT_BARRIER,EXPEDITE_LEGAL_PROCEDURES
DIAG-20260630-TST-U1006,20260630,501006,TC-01-N1-18.16,Tổ hợp thương mại căn hộ Phú Mỹ,Tháp N1,328,-6.61,12.3,20,65,14.54,,LEGAL_PERMIT_BARRIER,EXPEDITE_LEGAL_PROCEDURES
DIAG-20260630-TST-U1007,20260630,501007,TC-01-N1-18.17,Tổ hợp thương mại căn hộ Phú Mỹ,Tháp N1,126,-12.99,13.0,10,65,1.11,,LEGAL_PERMIT_BARRIER,EXPEDITE_LEGAL_PROCEDURES
DIAG-20260630-TST-U1008,20260630,501008,TC-01-N1-18.18,Tổ hợp thương mại căn hộ Phú Mỹ,Tháp N1,444,-12.09,10.5,60,0,7.83,,LEGAL_PERMIT_BARRIER,EXPEDITE_LEGAL_PROCEDURES
DIAG-20260630-TST-U1009,20260630,501009,TC-01-N1-18.19,Tổ hợp thương mại căn hộ Phú Mỹ,Tháp N1,189,-4.56,14.4,60,0,10.91,,LEGAL_PERMIT_BARRIER,EXPEDITE_LEGAL_PROCEDURES
DIAG-20260630-TST-U1010,20260630,501010,TC-01-N1-18.20,Tổ hợp thương mại căn hộ Phú Mỹ,Tháp N1,355,-9.87,6.8,10,0,6.44,,LEGAL_PERMIT_BARRIER,EXPEDITE_LEGAL_PROCEDURES
DIAG-20260630-TST-U1011,20260630,501011,TC-01-N1-18.21,Tổ hợp thương mại căn hộ Phú Mỹ,Tháp N1,367,-11.06,14.1,40,65,3.34,,LEGAL_PERMIT_BARRIER,EXPEDITE_LEGAL_PROCEDURES
DIAG-20260630-TST-U1012,20260630,501012,TC-01-N1-18.22,Tổ hợp thương mại căn hộ Phú Mỹ,Tháp N1,159,-3.54,10.5,20,0,18.31,,LEGAL_PERMIT_BARRIER,EXPEDITE_LEGAL_PROCEDURES
DIAG-20260630-TST-U1013,20260630,501013,TC-01-N1-18.23,Tổ hợp thương mại căn hộ Phú Mỹ,Tháp N1,242,-0.11,8.3,10,0,17.97,,LEGAL_PERMIT_BARRIER,EXPEDITE_LEGAL_PROCEDURES
DIAG-20260630-TST-U1014,20260630,501014,TC-01-N1-18.24,Tổ hợp thương mại căn hộ Phú Mỹ,Tháp N1,399,-6.63,11.8,20,65,14.53,,LEGAL_PERMIT_BARRIER,EXPEDITE_LEGAL_PROCEDURES
DIAG-20260630-TST-U1015,20260630,501015,TC-01-N1-18.25,Tổ hợp thương mại căn hộ Phú Mỹ,Tháp N1,457,-5.52,14.6,0,0,9.78,,LEGAL_PERMIT_BARRIER,EXPEDITE_LEGAL_PROCEDURES
DIAG-20260630-TST-U1017,20260630,501017,TC-01-N1-18.27,Tổ hợp thương mại căn hộ Phú Mỹ,Tháp N1,269,-7.94,16.3,75,40,6.98,,LEGAL_PERMIT_BARRIER,EXPEDITE_LEGAL_PROCEDURES
DIAG-20260630-TST-U1019,20260630,501019,TC-01-N1-18.29,Tổ hợp thương mại căn hộ Phú Mỹ,Tháp N1,272,-3.55,10.3,45,65,18.31,,LEGAL_PERMIT_BARRIER,EXPEDITE_LEGAL_PROCEDURES
DIAG-20260630-TST-U1020,20260630,501020,TC-01-N1-18.30,Tổ hợp thương mại căn hộ Phú Mỹ,Tháp N1,219,-6.14,11.9,40,25,15.13,,LEGAL_PERMIT_BARRIER,EXPEDITE_LEGAL_PROCEDURES
DIAG-20260630-TST-U1021,20260630,501021,TC-01-N1-18.31,Tổ hợp thương mại căn hộ Phú Mỹ,Tháp N1,146,0.72,11.1,0,25,23.54,,LEGAL_PERMIT_BARRIER,EXPEDITE_LEGAL_PROCEDURES
DIAG-20260630-TST-U1022,20260630,501022,TC-01-N1-18.32,Tổ hợp thương mại căn hộ Phú Mỹ,Tháp N1,285,4.43,9.0,40,65,23.33,,LEGAL_PERMIT_BARRIER,EXPEDITE_LEGAL_PROCEDURES
DIAG-20260630-TST-U1023,20260630,501023,TC-01-N1-18.33,Tổ hợp thương mại căn hộ Phú Mỹ,Tháp N1,267,6.41,14.4,40,0,30.52,,LEGAL_PERMIT_BARRIER,EXPEDITE_LEGAL_PROCEDURES
DIAG-20260630-TST-U1024,20260630,501024,TC-01-N1-18.34,Tổ hợp thương mại căn hộ Phú Mỹ,Tháp N1,383,1.68,12.3,25,0,24.72,,LEGAL_PERMIT_BARRIER,EXPEDITE_LEGAL_PROCEDURES
DIAG-20260630-TST-U1025,20260630,501025,TC-01-N1-18.35,Tổ hợp thương mại căn hộ Phú Mỹ,Tháp N1,431,-9.94,11.3,25,0,10.46,,LEGAL_PERMIT_BARRIER,EXPEDITE_LEGAL_PROCEDURES
DIAG-20260630-TST-U1027,20260630,501027,TC-01-N1-18.37,Tổ hợp thương mại căn hộ Phú Mỹ,Tháp N1,456,-14.44,10.0,30,65,4.94,,LEGAL_PERMIT_BARRIER,EXPEDITE_LEGAL_PROCEDURES
DIAG-20260630-TST-U1028,20260630,501028,TC-01-N1-18.38,Tổ hợp thương mại căn hộ Phú Mỹ,Tháp N1,365,15.17,14.6,0,0,41.26,,LEGAL_PERMIT_BARRIER,EXPEDITE_LEGAL_PROCEDURES
DIAG-20260630-TST-U1029,20260630,501029,TC-01-N1-18.39,Tổ hợp thương mại căn hộ Phú Mỹ,Tháp N1,297,0.0,15.4,0,55,16.2,,LEGAL_PERMIT_BARRIER,EXPEDITE_LEGAL_PROCEDURES
DIAG-20260630-TST-U1030,20260630,501030,TC-01-N1-18.40,Tổ hợp thương mại căn hộ Phú Mỹ,Tháp N1,357,7.02,9.2,35,25,26.39,,LEGAL_PERMIT_BARRIER,EXPEDITE_LEGAL_PROCEDURES
DIAG-20260630-TST-U1031,20260630,501031,TC-01-N1-18.41,Tổ hợp thương mại căn hộ Phú Mỹ,Tháp N1,92,-1.39,11.7,20,40,20.95,,LEGAL_PERMIT_BARRIER,EXPEDITE_LEGAL_PROCEDURES
DIAG-20260630-TST-U1034,20260630,501034,TC-01-N1-18.44,Tổ hợp thương mại căn hộ Phú Mỹ,Tháp N1,410,-9.47,11.1,40,0,11.04,,LEGAL_PERMIT_BARRIER,EXPEDITE_LEGAL_PROCEDURES
DIAG-20260630-TST-U1035,20260630,501035,TC-01-N1-18.45,Tổ hợp thương mại căn hộ Phú Mỹ,Tháp N1,193,-10.18,11.9,60,40,10.17,,LEGAL_PERMIT_BARRIER,EXPEDITE_LEGAL_PROCEDURES
DIAG-20260630-TST-U1036,20260630,501036,TC-01-N1-18.46,Tổ hợp thương mại căn hộ Phú Mỹ,Tháp N1,124,-7.11,12.0,20,25,13.94,,LEGAL_PERMIT_BARRIER,EXPEDITE_LEGAL_PROCEDURES
DIAG-20260630-TST-U1037,20260630,501037,TC-01-N1-18.47,Tổ hợp thương mại căn hộ Phú Mỹ,Tháp N1,169,13.22,19.0,30,65,31.56,,LEGAL_PERMIT_BARRIER,EXPEDITE_LEGAL_PROCEDURES
DIAG-20260630-TST-U1038,20260630,501038,TC-01-N1-18.48,Tổ hợp thương mại căn hộ Phú Mỹ,Tháp N1,333,2.17,18.2,20,55,18.72,,LEGAL_PERMIT_BARRIER,EXPEDITE_LEGAL_PROCEDURES
DIAG-20260630-TST-U1039,20260630,501039,TC-01-N1-18.49,Tổ hợp thương mại căn hộ Phú Mỹ,Tháp N1,297,-5.34,7.5,30,40,11.79,,LEGAL_PERMIT_BARRIER,EXPEDITE_LEGAL_PROCEDURES
DIAG-20260630-TST-U1041,20260630,501041,TC-01-N1-18.51,Tổ hợp thương mại căn hộ Phú Mỹ,Tháp N1,105,-4.8,16.4,20,45,10.62,,LEGAL_PERMIT_BARRIER,EXPEDITE_LEGAL_PROCEDURES
DIAG-20260630-TST-U1042,20260630,501042,TC-01-N1-18.52,Tổ hợp thương mại căn hộ Phú Mỹ,Tháp N1,437,-1.05,8.8,40,40,16.86,,LEGAL_PERMIT_BARRIER,EXPEDITE_LEGAL_PROCEDURES
DIAG-20260630-TST-U1043,20260630,501043,TC-01-N1-18.53,Tổ hợp thương mại căn hộ Phú Mỹ,Tháp N1,151,1.92,13.3,45,25,25.01,,LEGAL_PERMIT_BARRIER,EXPEDITE_LEGAL_PROCEDURES
DIAG-20260630-TST-U1044,20260630,501044,TC-01-N1-18.54,Tổ hợp thương mại căn hộ Phú Mỹ,Tháp N1,438,-18.28,13.9,40,25,-5.04,,LEGAL_PERMIT_BARRIER,EXPEDITE_LEGAL_PROCEDURES
DIAG-20260630-TST-U1047,20260630,501047,TC-01-N1-18.57,Tổ hợp thương mại căn hộ Phú Mỹ,Tháp N1,135,5.93,11.8,20,40,29.94,,LEGAL_PERMIT_BARRIER,EXPEDITE_LEGAL_PROCEDURES
DIAG-20260630-TST-U1048,20260630,501048,TC-01-N1-18.58,Tổ hợp thương mại căn hộ Phú Mỹ,Tháp N1,160,5.78,18.6,20,40,22.92,,LEGAL_PERMIT_BARRIER,EXPEDITE_LEGAL_PROCEDURES
DIAG-20260630-TST-U1049,20260630,501049,TC-01-N1-18.59,Tổ hợp thương mại căn hộ Phú Mỹ,Tháp N1,129,1.43,11.9,10,45,24.41,,LEGAL_PERMIT_BARRIER,EXPEDITE_LEGAL_PROCEDURES
DIAG-20260630-TST-U1050,20260630,501050,TC-01-N1-18.60,Tổ hợp thương mại căn hộ Phú Mỹ,Tháp N1,469,8.71,9.2,35,65,28.39,,LEGAL_PERMIT_BARRIER,EXPEDITE_LEGAL_PROCEDURES
DIAG-20260630-TST-U1051,20260630,501051,TC-01-N1-18.61,Tổ hợp thương mại căn hộ Phú Mỹ,Tháp N1,377,-8.42,15.1,75,25,6.41,,LEGAL_PERMIT_BARRIER,EXPEDITE_LEGAL_PROCEDURES
DIAG-20260630-TST-U1052,20260630,501052,TC-01-N1-18.62,Tổ hợp thương mại căn hộ Phú Mỹ,Tháp N1,409,-3.79,12.0,20,25,18.01,,LEGAL_PERMIT_BARRIER,EXPEDITE_LEGAL_PROCEDURES
DIAG-20260630-TST-U1053,20260630,501053,TC-01-N1-18.63,Tổ hợp thương mại căn hộ Phú Mỹ,Tháp N1,460,3.95,9.0,50,65,22.76,,LEGAL_PERMIT_BARRIER,EXPEDITE_LEGAL_PROCEDURES
DIAG-20260630-TST-U1054,20260630,501054,TC-01-N1-18.64,Tổ hợp thương mại căn hộ Phú Mỹ,Tháp N1,310,-21.39,12.3,10,25,-8.65,,LEGAL_PERMIT_BARRIER,EXPEDITE_LEGAL_PROCEDURES
DIAG-20260630-TST-U1055,20260630,501055,TC-01-N1-18.65,Tổ hợp thương mại căn hộ Phú Mỹ,Tháp N1,208,3.11,10.7,55,25,26.47,,LEGAL_PERMIT_BARRIER,EXPEDITE_LEGAL_PROCEDURES
DIAG-20260630-TST-U1057,20260630,501057,TC-01-N1-19.01,Tổ hợp thương mại căn hộ Phú Mỹ,Tháp N1,329,6.89,12.1,10,40,31.1,,LEGAL_PERMIT_BARRIER,EXPEDITE_LEGAL_PROCEDURES
DIAG-20260630-TST-U1059,20260630,501059,TC-01-N1-19.03,Tổ hợp thương mại căn hộ Phú Mỹ,Tháp N1,229,-15.87,10.1,20,55,3.19,,LEGAL_PERMIT_BARRIER,EXPEDITE_LEGAL_PROCEDURES
DIAG-20260630-TST-U1060,20260630,501060,TC-01-N1-19.04,Tổ hợp thương mại căn hộ Phú Mỹ,Tháp N1,147,-11.03,7.4,20,0,5.07,,LEGAL_PERMIT_BARRIER,EXPEDITE_LEGAL_PROCEDURES
DIAG-20260630-TST-U1061,20260630,501061,TC-01-N1-19.05,Tổ hợp thương mại căn hộ Phú Mỹ,Tháp N1,160,-3.79,6.0,20,25,11.86,,LEGAL_PERMIT_BARRIER,EXPEDITE_LEGAL_PROCEDURES
DIAG-20260630-TST-U1062,20260630,501062,TC-01-N1-19.06,Tổ hợp thương mại căn hộ Phú Mỹ,Tháp N1,350,21.4,21.3,65,40,41.06,,LEGAL_PERMIT_BARRIER,EXPEDITE_LEGAL_PROCEDURES
DIAG-20260630-TST-U1063,20260630,501063,TC-01-N1-19.07,Tổ hợp thương mại căn hộ Phú Mỹ,Tháp N1,395,-1.17,12.3,20,45,21.22,,LEGAL_PERMIT_BARRIER,EXPEDITE_LEGAL_PROCEDURES
DIAG-20260630-TST-U1064,20260630,501064,TC-01-N1-19.08,Tổ hợp thương mại căn hộ Phú Mỹ,Tháp N1,433,8.06,12.5,0,0,32.54,,LEGAL_PERMIT_BARRIER,EXPEDITE_LEGAL_PROCEDURES
DIAG-20260630-TST-U1065,20260630,501065,TC-01-N1-19.09,Tổ hợp thương mại căn hộ Phú Mỹ,Tháp N1,177,15.13,17.6,0,75,33.79,,LEGAL_PERMIT_BARRIER,EXPEDITE_LEGAL_PROCEDURES
DIAG-20260630-TST-U1067,20260630,501067,TC-01-N1-19.11,Tổ hợp thương mại căn hộ Phú Mỹ,Tháp N1,219,19.92,14.4,20,0,47.09,,LEGAL_PERMIT_BARRIER,EXPEDITE_LEGAL_PROCEDURES
DIAG-20260630-TST-U1068,20260630,501068,TC-01-N1-19.12,Tổ hợp thương mại căn hộ Phú Mỹ,Tháp N1,454,9.01,12.6,30,65,33.71,,LEGAL_PERMIT_BARRIER,EXPEDITE_LEGAL_PROCEDURES
DIAG-20260630-TST-U1069,20260630,501069,TC-01-N1-19.13,Tổ hợp thương mại căn hộ Phú Mỹ,Tháp N1,461,-0.72,6.7,40,55,15.43,,LEGAL_PERMIT_BARRIER,EXPEDITE_LEGAL_PROCEDURES
DIAG-20260630-TST-U1071,20260630,501071,TC-01-N1-19.15,Tổ hợp thương mại căn hộ Phú Mỹ,Tháp N1,419,17.8,13.4,35,0,44.49,,LEGAL_PERMIT_BARRIER,EXPEDITE_LEGAL_PROCEDURES
DIAG-20260630-TST-U1073,20260630,501073,TC-01-N1-19.17,Tổ hợp thương mại căn hộ Phú Mỹ,Tháp N1,292,-11.85,10.2,90,0,8.13,,LEGAL_PERMIT_BARRIER,EXPEDITE_LEGAL_PROCEDURES
DIAG-20260630-TST-U1074,20260630,501074,TC-01-N1-19.18,Tổ hợp thương mại căn hộ Phú Mỹ,Tháp N1,287,4.09,16.5,35,25,20.96,,LEGAL_PERMIT_BARRIER,EXPEDITE_LEGAL_PROCEDURES
DIAG-20260630-TST-U1075,20260630,501075,TC-01-N1-19.19,Tổ hợp thương mại căn hộ Phú Mỹ,Tháp N1,404,23.57,18.6,50,30,43.58,,LEGAL_PERMIT_BARRIER,EXPEDITE_LEGAL_PROCEDURES
DIAG-20260630-TST-U1077,20260630,501077,TC-01-N1-19.21,Tổ hợp thương mại căn hộ Phú Mỹ,Tháp N1,315,-17.77,9.0,0,40,0.86,,LEGAL_PERMIT_BARRIER,EXPEDITE_LEGAL_PROCEDURES
DIAG-20260630-TST-U1078,20260630,501078,TC-01-N1-19.22,Tổ hợp thương mại căn hộ Phú Mỹ,Tháp N1,410,10.59,19.1,95,25,28.5,,LEGAL_PERMIT_BARRIER,EXPEDITE_LEGAL_PROCEDURES
DIAG-20260630-TST-U1081,20260630,501081,TC-01-N1-19.25,Tổ hợp thương mại căn hộ Phú Mỹ,Tháp N1,119,8.27,7.3,35,40,25.88,,LEGAL_PERMIT_BARRIER,EXPEDITE_LEGAL_PROCEDURES
DIAG-20260630-TST-U1082,20260630,501082,TC-01-N1-19.26,Tổ hợp thương mại căn hộ Phú Mỹ,Tháp N1,366,-0.21,6.4,0,25,16.01,,LEGAL_PERMIT_BARRIER,EXPEDITE_LEGAL_PROCEDURES
DIAG-20260630-TST-U1083,20260630,501083,TC-01-N1-19.27,Tổ hợp thương mại căn hộ Phú Mỹ,Tháp N1,437,8.3,12.3,10,40,32.84,,LEGAL_PERMIT_BARRIER,EXPEDITE_LEGAL_PROCEDURES
DIAG-20260630-TST-U1086,20260630,501086,TC-01-N1-19.30,Tổ hợp thương mại căn hộ Phú Mỹ,Tháp N1,304,4.04,11.6,10,0,27.62,,LEGAL_PERMIT_BARRIER,EXPEDITE_LEGAL_PROCEDURES
DIAG-20260630-TST-U1087,20260630,501087,TC-01-N1-19.31,Tổ hợp thương mại căn hộ Phú Mỹ,Tháp N1,415,7.75,9.2,35,65,27.25,,LEGAL_PERMIT_BARRIER,EXPEDITE_LEGAL_PROCEDURES
DIAG-20260630-TST-U1088,20260630,501088,TC-01-N1-19.32,Tổ hợp thương mại căn hộ Phú Mỹ,Tháp N1,387,6.57,9.0,20,65,25.86,,LEGAL_PERMIT_BARRIER,EXPEDITE_LEGAL_PROCEDURES
DIAG-20260630-TST-U1089,20260630,501089,TC-01-N1-19.33,Tổ hợp thương mại căn hộ Phú Mỹ,Tháp N1,415,8.29,7.6,30,65,25.9,,LEGAL_PERMIT_BARRIER,EXPEDITE_LEGAL_PROCEDURES
DIAG-20260630-TST-U1090,20260630,501090,TC-01-N1-19.34,Tổ hợp thương mại căn hộ Phú Mỹ,Tháp N1,257,6.96,16.3,90,40,24.29,,LEGAL_PERMIT_BARRIER,EXPEDITE_LEGAL_PROCEDURES
DIAG-20260630-TST-U1092,20260630,501092,TC-01-N1-19.36,Tổ hợp thương mại căn hộ Phú Mỹ,Tháp N1,176,6.73,18.0,40,55,24.02,,LEGAL_PERMIT_BARRIER,EXPEDITE_LEGAL_PROCEDURES
DIAG-20260630-TST-U1093,20260630,501093,TC-01-N1-19.37,Tổ hợp thương mại căn hộ Phú Mỹ,Tháp N1,301,-3.37,14.6,40,0,12.29,,LEGAL_PERMIT_BARRIER,EXPEDITE_LEGAL_PROCEDURES
DIAG-20260630-TST-U1094,20260630,501094,TC-01-N1-19.38,Tổ hợp thương mại căn hộ Phú Mỹ,Tháp N1,316,-9.01,8.9,20,25,11.61,,LEGAL_PERMIT_BARRIER,EXPEDITE_LEGAL_PROCEDURES
DIAG-20260630-TST-U1095,20260630,501095,TC-01-N1-19.39,Tổ hợp thương mại căn hộ Phú Mỹ,Tháp N1,220,18.45,9.7,20,0,39.89,,LEGAL_PERMIT_BARRIER,EXPEDITE_LEGAL_PROCEDURES
DIAG-20260630-TST-U1096,20260630,501096,TC-01-N1-19.40,Tổ hợp thương mại căn hộ Phú Mỹ,Tháp N1,194,-4.24,11.1,40,25,17.46,,LEGAL_PERMIT_BARRIER,EXPEDITE_LEGAL_PROCEDURES
DIAG-20260630-TST-U1097,20260630,501097,TC-01-N1-19.41,Tổ hợp thương mại căn hộ Phú Mỹ,Tháp N1,466,12.8,13.2,50,0,38.36,,LEGAL_PERMIT_BARRIER,EXPEDITE_LEGAL_PROCEDURES
DIAG-20260630-TST-U1098,20260630,501098,TC-01-N1-19.42,Tổ hợp thương mại căn hộ Phú Mỹ,Tháp N1,184,-6.48,14.4,50,65,8.67,,LEGAL_PERMIT_BARRIER,EXPEDITE_LEGAL_PROCEDURES
DIAG-20260630-TST-U1099,20260630,501099,TC-01-N1-19.43,Tổ hợp thương mại căn hộ Phú Mỹ,Tháp N1,358,13.52,13.9,55,0,39.24,,LEGAL_PERMIT_BARRIER,EXPEDITE_LEGAL_PROCEDURES
DIAG-20260630-TST-U1101,20260630,501101,TC-01-N1-19.45,Tổ hợp thương mại căn hộ Phú Mỹ,Tháp N1,270,-7.48,7.4,65,0,9.27,,LEGAL_PERMIT_BARRIER,EXPEDITE_LEGAL_PROCEDURES
DIAG-20260630-TST-U1102,20260630,501102,TC-01-N1-19.46,Tổ hợp thương mại căn hộ Phú Mỹ,Tháp N1,436,17.55,15.1,20,40,44.18,,LEGAL_PERMIT_BARRIER,EXPEDITE_LEGAL_PROCEDURES
DIAG-20260630-TST-U1103,20260630,501103,TC-01-N1-19.47,Tổ hợp thương mại căn hộ Phú Mỹ,Tháp N1,137,9.37,18.5,20,25,27.09,,LEGAL_PERMIT_BARRIER,EXPEDITE_LEGAL_PROCEDURES
DIAG-20260630-TST-U1104,20260630,501104,TC-01-N1-19.48,Tổ hợp thương mại căn hộ Phú Mỹ,Tháp N1,281,-0.59,9.1,25,25,17.41,,LEGAL_PERMIT_BARRIER,EXPEDITE_LEGAL_PROCEDURES
DIAG-20260630-TST-U1105,20260630,501105,TC-01-N1-19.49,Tổ hợp thương mại căn hộ Phú Mỹ,Tháp N1,236,-5.12,7.7,20,45,12.06,,LEGAL_PERMIT_BARRIER,EXPEDITE_LEGAL_PROCEDURES
DIAG-20260630-TST-U1106,20260630,501106,TC-01-N1-19.50,Tổ hợp thương mại căn hộ Phú Mỹ,Tháp N1,247,-14.45,10.2,20,25,4.93,,LEGAL_PERMIT_BARRIER,EXPEDITE_LEGAL_PROCEDURES
DIAG-20260630-TST-U1107,20260630,501107,TC-01-N1-19.51,Tổ hợp thương mại căn hộ Phú Mỹ,Tháp N1,193,-20.43,12.3,20,65,-7.54,,LEGAL_PERMIT_BARRIER,EXPEDITE_LEGAL_PROCEDURES
DIAG-20260630-TST-U1109,20260630,501109,TC-01-N1-19.53,Tổ hợp thương mại căn hộ Phú Mỹ,Tháp N1,402,-3.92,7.7,35,25,13.47,,LEGAL_PERMIT_BARRIER,EXPEDITE_LEGAL_PROCEDURES
DIAG-20260630-TST-U1112,20260630,501112,TC-01-N1-19.56,Tổ hợp thương mại căn hộ Phú Mỹ,Tháp N1,95,1.08,8.9,10,70,19.38,,LEGAL_PERMIT_BARRIER,EXPEDITE_LEGAL_PROCEDURES
DIAG-20260630-TST-U1113,20260630,501113,TC-01-N1-19.57,Tổ hợp thương mại căn hộ Phú Mỹ,Tháp N1,149,-5.58,8.7,20,40,11.51,,LEGAL_PERMIT_BARRIER,EXPEDITE_LEGAL_PROCEDURES
DIAG-20260630-TST-U1114,20260630,501114,TC-01-N1-19.58,Tổ hợp thương mại căn hộ Phú Mỹ,Tháp N1,207,9.38,17.3,30,65,27.1,,LEGAL_PERMIT_BARRIER,EXPEDITE_LEGAL_PROCEDURES
DIAG-20260630-TST-U1115,20260630,501115,TC-01-N1-19.59,Tổ hợp thương mại căn hộ Phú Mỹ,Tháp N1,214,-5.2,6.5,50,25,10.22,,LEGAL_PERMIT_BARRIER,EXPEDITE_LEGAL_PROCEDURES
DIAG-20260630-TST-U1117,20260630,501117,TC-01-N1-19.61,Tổ hợp thương mại căn hộ Phú Mỹ,Tháp N1,383,5.35,8.7,100,25,24.42,,LEGAL_PERMIT_BARRIER,EXPEDITE_LEGAL_PROCEDURES
DIAG-20260630-TST-U1118,20260630,501118,TC-01-N1-19.62,Tổ hợp thương mại căn hộ Phú Mỹ,Tháp N1,436,4.74,11.6,40,40,28.47,,LEGAL_PERMIT_BARRIER,EXPEDITE_LEGAL_PROCEDURES
DIAG-20260630-TST-U1119,20260630,501119,TC-01-N1-19.63,Tổ hợp thương mại căn hộ Phú Mỹ,Tháp N1,168,4.76,12.9,65,0,28.5,,LEGAL_PERMIT_BARRIER,EXPEDITE_LEGAL_PROCEDURES
DIAG-20260630-TST-U1120,20260630,501120,TC-01-N1-19.64,Tổ hợp thương mại căn hộ Phú Mỹ,Tháp N1,93,-7.48,8.5,20,0,9.26,,LEGAL_PERMIT_BARRIER,EXPEDITE_LEGAL_PROCEDURES
DIAG-20260630-TST-U1121,20260630,501121,TC-01-N1-19.65,Tổ hợp thương mại căn hộ Phú Mỹ,Tháp N1,169,2.63,13.6,50,25,25.88,,LEGAL_PERMIT_BARRIER,EXPEDITE_LEGAL_PROCEDURES
DIAG-20260630-TST-U1122,20260630,501122,TC-01-N1-19.66,Tổ hợp thương mại căn hộ Phú Mỹ,Tháp N1,141,1.08,8.1,20,0,19.38,,LEGAL_PERMIT_BARRIER,EXPEDITE_LEGAL_PROCEDURES
DIAG-20260630-TST-U1123,20260630,501123,TC-01-N1-20.01,Tổ hợp thương mại căn hộ Phú Mỹ,Tháp N1,453,-9.22,11.6,0,0,11.34,,LEGAL_PERMIT_BARRIER,EXPEDITE_LEGAL_PROCEDURES
DIAG-20260630-TST-U1124,20260630,501124,TC-01-N1-20.02,Tổ hợp thương mại căn hộ Phú Mỹ,Tháp N1,426,-0.72,16.4,20,40,15.37,,LEGAL_PERMIT_BARRIER,EXPEDITE_LEGAL_PROCEDURES
DIAG-20260630-TST-U1125,20260630,501125,TC-01-N1-20.03,Tổ hợp thương mại căn hộ Phú Mỹ,Tháp N1,429,19.43,14.7,0,0,46.49,,LEGAL_PERMIT_BARRIER,EXPEDITE_LEGAL_PROCEDURES
DIAG-20260630-TST-U1127,20260630,501127,TC-01-N1-20.05,Tổ hợp thương mại căn hộ Phú Mỹ,Tháp N1,371,-1.53,8.3,60,70,16.3,,LEGAL_PERMIT_BARRIER,EXPEDITE_LEGAL_PROCEDURES
DIAG-20260630-TST-U1128,20260630,501128,TC-01-N1-20.06,Tổ hợp thương mại căn hộ Phú Mỹ,Tháp N1,131,0.0,12.4,30,0,22.66,,LEGAL_PERMIT_BARRIER,EXPEDITE_LEGAL_PROCEDURES
DIAG-20260630-TST-U1129,20260630,501129,TC-01-N1-20.07,Tổ hợp thương mại căn hộ Phú Mỹ,Tháp N1,413,2.86,12.2,40,70,26.17,,LEGAL_PERMIT_BARRIER,EXPEDITE_LEGAL_PROCEDURES
DIAG-20260630-TST-U1130,20260630,501130,TC-01-N1-20.08,Tổ hợp thương mại căn hộ Phú Mỹ,Tháp N1,124,-3.53,11.2,20,65,18.33,,LEGAL_PERMIT_BARRIER,EXPEDITE_LEGAL_PROCEDURES
DIAG-20260630-TST-U1131,20260630,501131,TC-01-N1-20.09,Tổ hợp thương mại căn hộ Phú Mỹ,Tháp N1,189,-11.05,8.4,0,0,5.05,,LEGAL_PERMIT_BARRIER,EXPEDITE_LEGAL_PROCEDURES
DIAG-20260630-TST-U1134,20260630,501134,TC-01-N1-20.12,Tổ hợp thương mại căn hộ Phú Mỹ,Tháp N1,160,-2.35,11.3,85,65,19.77,,LEGAL_PERMIT_BARRIER,EXPEDITE_LEGAL_PROCEDURES
DIAG-20260630-TST-U1135,20260630,501135,TC-01-N1-20.13,Tổ hợp thương mại căn hộ Phú Mỹ,Tháp N1,401,0.38,8.0,20,65,18.55,,LEGAL_PERMIT_BARRIER,EXPEDITE_LEGAL_PROCEDURES
DIAG-20260630-TST-U1136,20260630,501136,TC-01-N1-20.14,Tổ hợp thương mại căn hộ Phú Mỹ,Tháp N1,301,-7.96,8.6,20,0,8.7,,LEGAL_PERMIT_BARRIER,EXPEDITE_LEGAL_PROCEDURES
DIAG-20260630-TST-U1137,20260630,501137,TC-01-N1-20.15,Tổ hợp thương mại căn hộ Phú Mỹ,Tháp N1,92,-0.48,14.9,25,25,15.64,,LEGAL_PERMIT_BARRIER,EXPEDITE_LEGAL_PROCEDURES
DIAG-20260630-TST-U1138,20260630,501138,TC-01-N1-20.16,Tổ hợp thương mại căn hộ Phú Mỹ,Tháp N1,424,22.27,10.0,40,70,44.4,,LEGAL_PERMIT_BARRIER,EXPEDITE_LEGAL_PROCEDURES
DIAG-20260630-TST-U1139,20260630,501139,TC-01-N1-20.17,Tổ hợp thương mại căn hộ Phú Mỹ,Tháp N1,312,-4.47,10.5,30,65,17.17,,LEGAL_PERMIT_BARRIER,EXPEDITE_LEGAL_PROCEDURES
DIAG-20260630-TST-U1140,20260630,501140,TC-01-N1-20.18,Tổ hợp thương mại căn hộ Phú Mỹ,Tháp N1,210,2.76,8.5,20,40,21.36,,LEGAL_PERMIT_BARRIER,EXPEDITE_LEGAL_PROCEDURES
DIAG-20260630-TST-U1141,20260630,501141,TC-01-N1-20.19,Tổ hợp thương mại căn hộ Phú Mỹ,Tháp N1,322,-6.38,6.6,20,25,8.84,,LEGAL_PERMIT_BARRIER,EXPEDITE_LEGAL_PROCEDURES
DIAG-20260630-TST-U1142,20260630,501142,TC-01-N1-20.20,Tổ hợp thương mại căn hộ Phú Mỹ,Tháp N1,213,-14.43,10.9,20,25,4.96,,LEGAL_PERMIT_BARRIER,EXPEDITE_LEGAL_PROCEDURES
DIAG-20260630-TST-U1143,20260630,501143,TC-01-N1-20.21,Tổ hợp thương mại căn hộ Phú Mỹ,Tháp N1,369,-6.48,15.2,20,25,8.67,,LEGAL_PERMIT_BARRIER,EXPEDITE_LEGAL_PROCEDURES
DIAG-20260630-TST-U1144,20260630,501144,TC-01-N1-20.22,Tổ hợp thương mại căn hộ Phú Mỹ,Tháp N1,364,0.24,11.6,0,25,22.95,,LEGAL_PERMIT_BARRIER,EXPEDITE_LEGAL_PROCEDURES
DIAG-20260630-TST-U1145,20260630,501145,TC-01-N1-20.23,Tổ hợp thương mại căn hộ Phú Mỹ,Tháp N1,138,5.93,12.6,0,0,29.93,,LEGAL_PERMIT_BARRIER,EXPEDITE_LEGAL_PROCEDURES
DIAG-20260630-TST-U1146,20260630,501146,TC-01-N1-20.24,Tổ hợp thương mại căn hộ Phú Mỹ,Tháp N1,382,19.47,18.7,35,0,38.83,,LEGAL_PERMIT_BARRIER,EXPEDITE_LEGAL_PROCEDURES
DIAG-20260630-TST-U1147,20260630,501147,TC-01-N1-20.25,Tổ hợp thương mại căn hộ Phú Mỹ,Tháp N1,137,15.19,13.1,20,0,41.29,,LEGAL_PERMIT_BARRIER,EXPEDITE_LEGAL_PROCEDURES
DIAG-20260630-TST-U1148,20260630,501148,TC-01-N1-20.26,Tổ hợp thương mại căn hộ Phú Mỹ,Tháp N1,275,-5.68,5.8,10,25,9.65,,LEGAL_PERMIT_BARRIER,EXPEDITE_LEGAL_PROCEDURES
DIAG-20260630-TST-U1150,20260630,501150,TC-01-N1-20.28,Tổ hợp thương mại căn hộ Phú Mỹ,Tháp N1,105,-14.68,5.7,0,0,-0.81,,LEGAL_PERMIT_BARRIER,EXPEDITE_LEGAL_PROCEDURES
DIAG-20260630-TST-U1151,20260630,501151,TC-01-N1-20.29,Tổ hợp thương mại căn hộ Phú Mỹ,Tháp N1,329,-20.38,9.8,30,45,-2.34,,LEGAL_PERMIT_BARRIER,EXPEDITE_LEGAL_PROCEDURES
DIAG-20260630-TST-U1152,20260630,501152,TC-01-N1-20.30,Tổ hợp thương mại căn hộ Phú Mỹ,Tháp N1,316,2.63,13.1,35,0,25.88,,LEGAL_PERMIT_BARRIER,EXPEDITE_LEGAL_PROCEDURES
DIAG-20260630-TST-U1153,20260630,501153,TC-01-N1-20.31,Tổ hợp thương mại căn hộ Phú Mỹ,Tháp N1,441,-11.77,8.0,40,65,4.2,,LEGAL_PERMIT_BARRIER,EXPEDITE_LEGAL_PROCEDURES
DIAG-20260630-TST-U1154,20260630,501154,TC-01-N1-20.32,Tổ hợp thương mại căn hộ Phú Mỹ,Tháp N1,105,-15.87,11.1,20,65,3.19,,LEGAL_PERMIT_BARRIER,EXPEDITE_LEGAL_PROCEDURES
DIAG-20260630-TST-U1155,20260630,501155,TC-01-N1-20.33,Tổ hợp thương mại căn hộ Phú Mỹ,Tháp N1,280,-9.23,10.8,20,25,11.34,,LEGAL_PERMIT_BARRIER,EXPEDITE_LEGAL_PROCEDURES
DIAG-20260630-TST-U1156,20260630,501156,TC-01-N1-20.34,Tổ hợp thương mại căn hộ Phú Mỹ,Tháp N1,259,-7.1,10.6,20,25,13.95,,LEGAL_PERMIT_BARRIER,EXPEDITE_LEGAL_PROCEDURES
DIAG-20260630-TST-U1157,20260630,501157,TC-01-N1-20.35,Tổ hợp thương mại căn hộ Phú Mỹ,Tháp N1,452,12.58,14.6,25,65,38.09,,LEGAL_PERMIT_BARRIER,EXPEDITE_LEGAL_PROCEDURES
DIAG-20260630-TST-U1158,20260630,501158,TC-01-N1-20.36,Tổ hợp thương mại căn hộ Phú Mỹ,Tháp N1,205,-0.71,7.1,10,0,15.44,,LEGAL_PERMIT_BARRIER,EXPEDITE_LEGAL_PROCEDURES
DIAG-20260630-TST-U1159,20260630,501159,TC-01-N1-20.37,Tổ hợp thương mại căn hộ Phú Mỹ,Tháp N1,186,2.88,15.4,30,65,19.55,,LEGAL_PERMIT_BARRIER,EXPEDITE_LEGAL_PROCEDURES
DIAG-20260630-TST-U1162,20260630,501162,TC-01-N1-20.40,Tổ hợp thương mại căn hộ Phú Mỹ,Tháp N1,133,-14.45,10.9,20,25,4.93,,LEGAL_PERMIT_BARRIER,EXPEDITE_LEGAL_PROCEDURES
DIAG-20260630-TST-U1165,20260630,501165,TC-01-N1-20.43,Tổ hợp thương mại căn hộ Phú Mỹ,Tháp N1,295,-0.71,10.8,20,0,21.79,,LEGAL_PERMIT_BARRIER,EXPEDITE_LEGAL_PROCEDURES
DIAG-20260630-TST-U1166,20260630,501166,TC-01-N1-20.44,Tổ hợp thương mại căn hộ Phú Mỹ,Tháp N1,285,-10.4,9.3,20,65,9.9,,LEGAL_PERMIT_BARRIER,EXPEDITE_LEGAL_PROCEDURES
DIAG-20260630-TST-U1168,20260630,501168,TC-01-N1-20.46,Tổ hợp thương mại căn hộ Phú Mỹ,Tháp N1,205,0.95,11.5,40,25,23.82,,LEGAL_PERMIT_BARRIER,EXPEDITE_LEGAL_PROCEDURES
DIAG-20260630-TST-U1169,20260630,501169,TC-01-N1-20.47,Tổ hợp thương mại căn hộ Phú Mỹ,Tháp N1,397,9.41,9.6,35,0,29.22,,LEGAL_PERMIT_BARRIER,EXPEDITE_LEGAL_PROCEDURES
DIAG-20260630-TST-U1171,20260630,501171,TC-01-N1-20.49,Tổ hợp thương mại căn hộ Phú Mỹ,Tháp N1,457,2.88,18.4,45,25,19.55,,LEGAL_PERMIT_BARRIER,EXPEDITE_LEGAL_PROCEDURES
DIAG-20260630-TST-U1172,20260630,501172,TC-01-N1-20.50,Tổ hợp thương mại căn hộ Phú Mỹ,Tháp N1,448,17.54,13.0,30,0,44.17,,LEGAL_PERMIT_BARRIER,EXPEDITE_LEGAL_PROCEDURES
DIAG-20260630-TST-U1173,20260630,501173,TC-01-N1-20.51,Tổ hợp thương mại căn hộ Phú Mỹ,Tháp N1,255,-13.95,13.8,20,20,-0.01,,LEGAL_PERMIT_BARRIER,EXPEDITE_LEGAL_PROCEDURES
DIAG-20260630-TST-U1174,20260630,501174,TC-01-N1-20.52,Tổ hợp thương mại căn hộ Phú Mỹ,Tháp N1,104,2.15,11.4,65,25,25.29,,LEGAL_PERMIT_BARRIER,EXPEDITE_LEGAL_PROCEDURES
DIAG-20260630-TST-U1175,20260630,501175,TC-01-N1-20.53,Tổ hợp thương mại căn hộ Phú Mỹ,Tháp N1,100,9.02,14.6,15,25,33.73,,LEGAL_PERMIT_BARRIER,EXPEDITE_LEGAL_PROCEDURES
DIAG-20260630-TST-U1176,20260630,501176,TC-01-N1-20.54,Tổ hợp thương mại căn hộ Phú Mỹ,Tháp N1,401,-8.77,11.7,15,25,11.91,,LEGAL_PERMIT_BARRIER,EXPEDITE_LEGAL_PROCEDURES
DIAG-20260630-TST-U1177,20260630,501177,TC-01-N1-20.55,Tổ hợp thương mại căn hộ Phú Mỹ,Tháp N1,296,0.0,16.1,0,65,16.2,,LEGAL_PERMIT_BARRIER,EXPEDITE_LEGAL_PROCEDURES
DIAG-20260630-TST-U1178,20260630,501178,TC-01-N1-20.56,Tổ hợp thương mại căn hộ Phú Mỹ,Tháp N1,185,-5.32,8.1,20,20,11.82,,LEGAL_PERMIT_BARRIER,EXPEDITE_LEGAL_PROCEDURES
DIAG-20260630-TST-U1179,20260630,501179,TC-01-N1-20.57,Tổ hợp thương mại căn hộ Phú Mỹ,Tháp N1,248,-7.46,7.9,20,25,9.29,,LEGAL_PERMIT_BARRIER,EXPEDITE_LEGAL_PROCEDURES
DIAG-20260630-TST-U1180,20260630,501180,TC-01-N1-20.58,Tổ hợp thương mại căn hộ Phú Mỹ,Tháp N1,331,14.19,7.5,20,0,32.76,,LEGAL_PERMIT_BARRIER,EXPEDITE_LEGAL_PROCEDURES
DIAG-20260630-TST-U1182,20260630,501182,TC-01-N1-20.60,Tổ hợp thương mại căn hộ Phú Mỹ,Tháp N1,101,-2.4,6.6,20,45,13.47,,LEGAL_PERMIT_BARRIER,EXPEDITE_LEGAL_PROCEDURES
DIAG-20260630-TST-U1183,20260630,501183,TC-01-N1-20.61,Tổ hợp thương mại căn hộ Phú Mỹ,Tháp N1,166,-6.73,13.5,25,40,8.38,,LEGAL_PERMIT_BARRIER,EXPEDITE_LEGAL_PROCEDURES
DIAG-20260630-TST-U1185,20260630,501185,TC-01-N1-20.63,Tổ hợp thương mại căn hộ Phú Mỹ,Tháp N1,166,4.74,12.5,0,25,28.47,,LEGAL_PERMIT_BARRIER,EXPEDITE_LEGAL_PROCEDURES
DIAG-20260630-TST-U1186,20260630,501186,TC-01-N1-20.64,Tổ hợp thương mại căn hộ Phú Mỹ,Tháp N1,147,-17.72,6.3,20,0,-2.83,,LEGAL_PERMIT_BARRIER,EXPEDITE_LEGAL_PROCEDURES
DIAG-20260630-TST-U1187,20260630,501187,TC-01-N1-20.65,Tổ hợp thương mại căn hộ Phú Mỹ,Tháp N1,220,7.82,7.1,30,65,25.35,,LEGAL_PERMIT_BARRIER,EXPEDITE_LEGAL_PROCEDURES
DIAG-20260630-TST-U1188,20260630,501188,TC-01-N1-20.66,Tổ hợp thương mại căn hộ Phú Mỹ,Tháp N1,267,-16.82,8.7,30,25,2.03,,LEGAL_PERMIT_BARRIER,EXPEDITE_LEGAL_PROCEDURES
DIAG-20260630-TST-U1189,20260630,501189,TC-01-N1-21.01,Tổ hợp thương mại căn hộ Phú Mỹ,Tháp N1,185,8.7,12.3,25,0,33.35,,LEGAL_PERMIT_BARRIER,EXPEDITE_LEGAL_PROCEDURES
DIAG-20260630-TST-U1190,20260630,501190,TC-01-N1-21.02,Tổ hợp thương mại căn hộ Phú Mỹ,Tháp N1,400,-10.49,5.8,75,25,9.12,,LEGAL_PERMIT_BARRIER,EXPEDITE_LEGAL_PROCEDURES
DIAG-20260630-TST-U1191,20260630,501191,TC-01-N1-21.03,Tổ hợp thương mại căn hộ Phú Mỹ,Tháp N1,431,6.53,9.0,40,0,14.51,,LEGAL_PERMIT_BARRIER,EXPEDITE_LEGAL_PROCEDURES
DIAG-20260630-TST-U1192,20260630,501192,TC-01-N1-21.04,Tổ hợp thương mại căn hộ Phú Mỹ,Tháp N1,103,-6.79,10.8,40,25,14.35,,LEGAL_PERMIT_BARRIER,EXPEDITE_LEGAL_PROCEDURES
DIAG-20260630-TST-U1193,20260630,501193,TC-01-N1-21.05,Tổ hợp thương mại căn hộ Phú Mỹ,Tháp N1,395,-13.33,11.0,20,25,6.33,,LEGAL_PERMIT_BARRIER,EXPEDITE_LEGAL_PROCEDURES
DIAG-20260630-TST-U1194,20260630,501194,TC-01-N1-21.06,Tổ hợp thương mại căn hộ Phú Mỹ,Tháp N1,147,-17.56,10.4,10,25,1.14,,LEGAL_PERMIT_BARRIER,EXPEDITE_LEGAL_PROCEDURES
DIAG-20260630-TST-U1195,20260630,501195,TC-01-N1-21.07,Tổ hợp thương mại căn hộ Phú Mỹ,Tháp N1,277,-6.3,15.5,10,55,19.59,,LEGAL_PERMIT_BARRIER,EXPEDITE_LEGAL_PROCEDURES
DIAG-20260630-TST-U1196,20260630,501196,TC-01-N1-21.08,Tổ hợp thương mại căn hộ Phú Mỹ,Tháp N1,434,-4.73,8.8,30,95,2.42,,LEGAL_PERMIT_BARRIER,EXPEDITE_LEGAL_PROCEDURES
DIAG-20260630-TST-U1197,20260630,501197,TC-01-N1-21.09,Tổ hợp thương mại căn hộ Phú Mỹ,Tháp N1,358,-3.74,11.8,100,0,18.09,,LEGAL_PERMIT_BARRIER,EXPEDITE_LEGAL_PROCEDURES
DIAG-20260630-TST-U1198,20260630,501198,TC-01-N1-21.10,Tổ hợp thương mại căn hộ Phú Mỹ,Tháp N1,122,-11.9,15.0,40,95,12.44,,LEGAL_PERMIT_BARRIER,EXPEDITE_LEGAL_PROCEDURES
DIAG-20260630-TST-U1199,20260630,501199,TC-01-N1-21.11,Tổ hợp thương mại căn hộ Phú Mỹ,Tháp N1,148,4.92,13.4,15,0,28.72,,LEGAL_PERMIT_BARRIER,EXPEDITE_LEGAL_PROCEDURES
DIAG-20260630-TST-U1200,20260630,501200,TC-01-N1-21.12,Tổ hợp thương mại căn hộ Phú Mỹ,Tháp N1,405,-9.34,11.7,20,40,11.22,,LEGAL_PERMIT_BARRIER,EXPEDITE_LEGAL_PROCEDURES
DIAG-20260630-TST-U1201,20260630,501201,TC-01-N1-21.13,Tổ hợp thương mại căn hộ Phú Mỹ,Tháp N1,453,0.26,11.0,35,0,23.01,,LEGAL_PERMIT_BARRIER,EXPEDITE_LEGAL_PROCEDURES
DIAG-20260630-TST-U1202,20260630,501202,TC-01-N1-21.14,Tổ hợp thương mại căn hộ Phú Mỹ,Tháp N1,407,0.44,8.2,35,25,7.97,,LEGAL_PERMIT_BARRIER,EXPEDITE_LEGAL_PROCEDURES
DIAG-20260630-TST-U1204,20260630,501204,TC-01-N1-21.16,Tổ hợp thương mại căn hộ Phú Mỹ,Tháp N1,302,2.0,17.8,20,25,30.18,,LEGAL_PERMIT_BARRIER,EXPEDITE_LEGAL_PROCEDURES
DIAG-20260630-TST-U1205,20260630,501205,TC-01-N1-21.17,Tổ hợp thương mại căn hộ Phú Mỹ,Tháp N1,415,-14.0,6.0,45,0,4.84,,LEGAL_PERMIT_BARRIER,EXPEDITE_LEGAL_PROCEDURES
DIAG-20260630-TST-U1206,20260630,501206,TC-01-N1-21.18,Tổ hợp thương mại căn hộ Phú Mỹ,Tháp N1,365,2.37,12.7,40,65,25.59,,LEGAL_PERMIT_BARRIER,EXPEDITE_LEGAL_PROCEDURES
DIAG-20260630-TST-U1207,20260630,501207,TC-01-N1-21.19,Tổ hợp thương mại căn hộ Phú Mỹ,Tháp N1,208,-1.33,8.9,40,25,6.06,,LEGAL_PERMIT_BARRIER,EXPEDITE_LEGAL_PROCEDURES
DIAG-20260630-TST-U1209,20260630,501209,TC-01-N1-21.21,Tổ hợp thương mại căn hộ Phú Mỹ,Tháp N1,275,-9.0,8.2,20,0,-2.19,,LEGAL_PERMIT_BARRIER,EXPEDITE_LEGAL_PROCEDURES
DIAG-20260630-TST-U1212,20260630,501212,TC-01-N1-21.24,Tổ hợp thương mại căn hộ Phú Mỹ,Tháp N1,290,-17.11,7.7,45,65,-10.9,,LEGAL_PERMIT_BARRIER,EXPEDITE_LEGAL_PROCEDURES
DIAG-20260630-TST-U1213,20260630,501213,TC-01-N1-21.25,Tổ hợp thương mại căn hộ Phú Mỹ,Tháp N1,246,7.99,12.8,30,65,32.48,,LEGAL_PERMIT_BARRIER,EXPEDITE_LEGAL_PROCEDURES
DIAG-20260630-TST-U1214,20260630,501214,TC-01-N1-21.26,Tổ hợp thương mại căn hộ Phú Mỹ,Tháp N1,196,-11.47,11.2,50,0,8.61,,LEGAL_PERMIT_BARRIER,EXPEDITE_LEGAL_PROCEDURES
DIAG-20260630-TST-U1217,20260630,501217,TC-01-N1-21.29,Tổ hợp thương mại căn hộ Phú Mỹ,Tháp N1,439,-13.35,11.2,10,40,6.31,,LEGAL_PERMIT_BARRIER,EXPEDITE_LEGAL_PROCEDURES
DIAG-20260630-TST-U1218,20260630,501218,TC-01-N1-21.30,Tổ hợp thương mại căn hộ Phú Mỹ,Tháp N1,334,21.8,14.5,30,40,49.43,,LEGAL_PERMIT_BARRIER,EXPEDITE_LEGAL_PROCEDURES
DIAG-20260630-TST-U1220,20260630,501220,TC-01-N1-21.32,Tổ hợp thương mại căn hộ Phú Mỹ,Tháp N1,148,-6.78,9.6,70,65,14.37,,LEGAL_PERMIT_BARRIER,EXPEDITE_LEGAL_PROCEDURES
DIAG-20260630-TST-U1221,20260630,501221,TC-01-N1-21.33,Tổ hợp thương mại căn hộ Phú Mỹ,Tháp N1,294,5.64,12.0,20,0,29.6,,LEGAL_PERMIT_BARRIER,EXPEDITE_LEGAL_PROCEDURES
DIAG-20260630-TST-U1222,20260630,501222,TC-01-N1-21.34,Tổ hợp thương mại căn hộ Phú Mỹ,Tháp N1,343,-8.41,11.0,50,0,12.37,,LEGAL_PERMIT_BARRIER,EXPEDITE_LEGAL_PROCEDURES
DIAG-20260630-TST-U1223,20260630,501223,TC-01-N1-21.35,Tổ hợp thương mại căn hộ Phú Mỹ,Tháp N1,393,14.89,10.8,20,40,23.5,,LEGAL_PERMIT_BARRIER,EXPEDITE_LEGAL_PROCEDURES
DIAG-20260630-TST-U1225,20260630,501225,TC-01-N1-21.37,Tổ hợp thương mại căn hộ Phú Mỹ,Tháp N1,289,7.98,13.6,20,0,32.47,,LEGAL_PERMIT_BARRIER,EXPEDITE_LEGAL_PROCEDURES
DIAG-20260630-TST-U1226,20260630,501226,TC-01-N1-21.38,Tổ hợp thương mại căn hộ Phú Mỹ,Tháp N1,124,10.62,10.5,20,0,18.91,,LEGAL_PERMIT_BARRIER,EXPEDITE_LEGAL_PROCEDURES
DIAG-20260630-TST-U1227,20260630,501227,TC-01-N1-21.39,Tổ hợp thương mại căn hộ Phú Mỹ,Tháp N1,437,-1.4,13.0,10,40,20.97,,LEGAL_PERMIT_BARRIER,EXPEDITE_LEGAL_PROCEDURES
DIAG-20260630-TST-U1228,20260630,501228,TC-01-N1-21.40,Tổ hợp thương mại căn hộ Phú Mỹ,Tháp N1,184,4.7,18.0,50,0,33.62,,LEGAL_PERMIT_BARRIER,EXPEDITE_LEGAL_PROCEDURES
DIAG-20260630-TST-U1230,20260630,501230,TC-01-N1-21.42,Tổ hợp thương mại căn hộ Phú Mỹ,Tháp N1,468,-12.34,13.8,10,65,11.87,,LEGAL_PERMIT_BARRIER,EXPEDITE_LEGAL_PROCEDURES
DIAG-20260630-TST-U1231,20260630,501231,TC-01-N1-21.43,Tổ hợp thương mại căn hộ Phú Mỹ,Tháp N1,370,-14.12,15.3,20,40,9.6,,LEGAL_PERMIT_BARRIER,EXPEDITE_LEGAL_PROCEDURES
DIAG-20260630-TST-U1232,20260630,501232,TC-01-N1-21.44,Tổ hợp thương mại căn hộ Phú Mỹ,Tháp N1,278,-0.94,11.4,20,25,21.53,,LEGAL_PERMIT_BARRIER,EXPEDITE_LEGAL_PROCEDURES
DIAG-20260630-TST-U1233,20260630,501233,TC-01-N1-21.45,Tổ hợp thương mại căn hộ Phú Mỹ,Tháp N1,406,-0.69,18.6,50,25,26.74,,LEGAL_PERMIT_BARRIER,EXPEDITE_LEGAL_PROCEDURES
DIAG-20260630-TST-U1234,20260630,501234,TC-01-N1-21.46,Tổ hợp thương mại căn hộ Phú Mỹ,Tháp N1,432,-3.13,7.9,15,0,4.13,,LEGAL_PERMIT_BARRIER,EXPEDITE_LEGAL_PROCEDURES
DIAG-20260630-TST-U1235,20260630,501235,TC-01-N1-21.47,Tổ hợp thương mại căn hộ Phú Mỹ,Tháp N1,375,-8.57,8.7,40,25,-1.71,,LEGAL_PERMIT_BARRIER,EXPEDITE_LEGAL_PROCEDURES
DIAG-20260630-TST-U1236,20260630,501236,TC-01-N1-21.48,Tổ hợp thương mại căn hộ Phú Mỹ,Tháp N1,137,20.64,14.3,40,0,48.01,,LEGAL_PERMIT_BARRIER,EXPEDITE_LEGAL_PROCEDURES
DIAG-20260630-TST-U1237,20260630,501237,TC-01-N1-21.49,Tổ hợp thương mại căn hộ Phú Mỹ,Tháp N1,283,10.57,13.9,60,0,35.65,,LEGAL_PERMIT_BARRIER,EXPEDITE_LEGAL_PROCEDURES
DIAG-20260630-TST-U1238,20260630,501238,TC-01-N1-21.50,Tổ hợp thương mại căn hộ Phú Mỹ,Tháp N1,427,3.83,9.1,45,40,11.61,,LEGAL_PERMIT_BARRIER,EXPEDITE_LEGAL_PROCEDURES
DIAG-20260630-TST-U1239,20260630,501239,TC-01-N1-21.51,Tổ hợp thương mại căn hộ Phú Mỹ,Tháp N1,267,-13.29,6.1,20,0,5.71,,LEGAL_PERMIT_BARRIER,EXPEDITE_LEGAL_PROCEDURES
DIAG-20260630-TST-U1240,20260630,501240,TC-01-N1-21.52,Tổ hợp thương mại căn hộ Phú Mỹ,Tháp N1,173,-17.72,5.6,0,25,0.3,,LEGAL_PERMIT_BARRIER,EXPEDITE_LEGAL_PROCEDURES
DIAG-20260630-TST-U1241,20260630,501241,TC-01-N1-21.53,Tổ hợp thương mại căn hộ Phú Mỹ,Tháp N1,397,13.12,13.8,20,20,38.78,,LEGAL_PERMIT_BARRIER,EXPEDITE_LEGAL_PROCEDURES
DIAG-20260630-TST-U1242,20260630,501242,TC-01-N1-21.54,Tổ hợp thương mại căn hộ Phú Mỹ,Tháp N1,342,-0.67,13.7,45,20,21.85,,LEGAL_PERMIT_BARRIER,EXPEDITE_LEGAL_PROCEDURES
DIAG-20260630-TST-U1243,20260630,501243,TC-01-N1-21.55,Tổ hợp thương mại căn hộ Phú Mỹ,Tháp N1,446,-17.8,9.8,20,25,0.84,,LEGAL_PERMIT_BARRIER,EXPEDITE_LEGAL_PROCEDURES
DIAG-20260630-TST-U1244,20260630,501244,TC-01-N1-21.56,Tổ hợp thương mại căn hộ Phú Mỹ,Tháp N1,375,-8.18,11.5,15,0,12.65,,LEGAL_PERMIT_BARRIER,EXPEDITE_LEGAL_PROCEDURES
DIAG-20260630-TST-U1245,20260630,501245,TC-01-N1-21.57,Tổ hợp thương mại căn hộ Phú Mỹ,Tháp N1,180,8.35,10.4,50,0,16.47,,LEGAL_PERMIT_BARRIER,EXPEDITE_LEGAL_PROCEDURES
DIAG-20260630-TST-U1246,20260630,501246,TC-01-N1-21.58,Tổ hợp thương mại căn hộ Phú Mỹ,Tháp N1,257,-14.04,10.5,0,25,5.45,,LEGAL_PERMIT_BARRIER,EXPEDITE_LEGAL_PROCEDURES
DIAG-20260630-TST-U1247,20260630,501247,TC-01-N1-21.59,Tổ hợp thương mại căn hộ Phú Mỹ,Tháp N1,362,-3.73,11.7,20,25,18.1,,LEGAL_PERMIT_BARRIER,EXPEDITE_LEGAL_PROCEDURES
DIAG-20260630-TST-U1248,20260630,501248,TC-01-N1-21.60,Tổ hợp thương mại căn hộ Phú Mỹ,Tháp N1,386,12.89,14.4,20,65,38.5,,LEGAL_PERMIT_BARRIER,EXPEDITE_LEGAL_PROCEDURES
DIAG-20260630-TST-U1250,20260630,501250,TC-01-N1-21.62,Tổ hợp thương mại căn hộ Phú Mỹ,Tháp N1,183,2.68,18.0,40,0,31.04,,LEGAL_PERMIT_BARRIER,EXPEDITE_LEGAL_PROCEDURES
DIAG-20260630-TST-U1251,20260630,501251,TC-01-N1-21.63,Tổ hợp thương mại căn hộ Phú Mỹ,Tháp N1,167,-8.87,10.4,20,25,11.8,,LEGAL_PERMIT_BARRIER,EXPEDITE_LEGAL_PROCEDURES
DIAG-20260630-TST-U1252,20260630,501252,TC-01-N1-21.64,Tổ hợp thương mại căn hộ Phú Mỹ,Tháp N1,106,7.65,10.4,60,0,15.72,,LEGAL_PERMIT_BARRIER,EXPEDITE_LEGAL_PROCEDURES
DIAG-20260630-TST-U1253,20260630,501253,TC-01-N1-21.65,Tổ hợp thương mại căn hộ Phú Mỹ,Tháp N1,386,16.02,10.7,0,0,24.72,,LEGAL_PERMIT_BARRIER,EXPEDITE_LEGAL_PROCEDURES
DIAG-20260630-TST-U1254,20260630,501254,TC-01-N1-21.66,Tổ hợp thương mại căn hộ Phú Mỹ,Tháp N1,99,13.31,9.5,0,0,21.8,,LEGAL_PERMIT_BARRIER,EXPEDITE_LEGAL_PROCEDURES
DIAG-20260630-TST-U1255,20260630,501255,TC-01-N1-22.01,Tổ hợp thương mại căn hộ Phú Mỹ,Tháp N1,269,-5.36,12.6,55,25,16.11,,LEGAL_PERMIT_BARRIER,EXPEDITE_LEGAL_PROCEDURES
DIAG-20260630-TST-U1256,20260630,501256,TC-01-N1-22.02,Tổ hợp thương mại căn hộ Phú Mỹ,Tháp N1,185,3.35,19.9,20,0,31.9,,LEGAL_PERMIT_BARRIER,EXPEDITE_LEGAL_PROCEDURES
DIAG-20260630-TST-U1257,20260630,501257,TC-01-N1-22.03,Tổ hợp thương mại căn hộ Phú Mỹ,Tháp N1,194,0.44,6.6,20,65,22.45,,LEGAL_PERMIT_BARRIER,EXPEDITE_LEGAL_PROCEDURES
DIAG-20260630-TST-U1258,20260630,501258,TC-01-N1-22.04,Tổ hợp thương mại căn hộ Phú Mỹ,Tháp N1,229,0.0,18.3,0,0,27.62,,LEGAL_PERMIT_BARRIER,EXPEDITE_LEGAL_PROCEDURES
DIAG-20260630-TST-U1259,20260630,501259,TC-01-N1-22.05,Tổ hợp thương mại căn hộ Phú Mỹ,Tháp N1,134,3.7,7.4,40,0,26.41,,LEGAL_PERMIT_BARRIER,EXPEDITE_LEGAL_PROCEDURES
DIAG-20260630-TST-U1260,20260630,501260,TC-01-N1-22.06,Tổ hợp thương mại căn hộ Phú Mỹ,Tháp N1,356,-24.08,6.9,20,25,-18.39,,LEGAL_PERMIT_BARRIER,EXPEDITE_LEGAL_PROCEDURES
DIAG-20260630-TST-U1262,20260630,501262,TC-01-N1-22.08,Tổ hợp thương mại căn hộ Phú Mỹ,Tháp N1,287,-0.21,8.9,40,40,7.27,,LEGAL_PERMIT_BARRIER,EXPEDITE_LEGAL_PROCEDURES
DIAG-20260630-TST-U1263,20260630,501263,TC-01-N1-22.09,Tổ hợp thương mại căn hộ Phú Mỹ,Tháp N1,227,2.6,12.4,25,0,25.87,,LEGAL_PERMIT_BARRIER,EXPEDITE_LEGAL_PROCEDURES
DIAG-20260630-TST-U1264,20260630,501264,TC-01-N1-22.10,Tổ hợp thương mại căn hộ Phú Mỹ,Tháp N1,173,-2.91,17.9,0,25,23.9,,LEGAL_PERMIT_BARRIER,EXPEDITE_LEGAL_PROCEDURES
DIAG-20260630-TST-U1265,20260630,501265,TC-01-N1-22.11,Tổ hợp thương mại căn hộ Phú Mỹ,Tháp N1,204,-25.44,5.3,20,25,-9.11,,LEGAL_PERMIT_BARRIER,EXPEDITE_LEGAL_PROCEDURES
DIAG-20260630-TST-U1266,20260630,501266,TC-01-N1-22.12,Tổ hợp thương mại căn hộ Phú Mỹ,Tháp N1,444,-6.29,16.4,10,40,19.6,,LEGAL_PERMIT_BARRIER,EXPEDITE_LEGAL_PROCEDURES
DIAG-20260630-TST-U1267,20260630,501267,TC-01-N1-22.13,Tổ hợp thương mại căn hộ Phú Mỹ,Tháp N1,407,-9.58,10.1,10,30,10.92,,LEGAL_PERMIT_BARRIER,EXPEDITE_LEGAL_PROCEDURES
DIAG-20260630-TST-U1269,20260630,501269,TC-01-N1-22.15,Tổ hợp thương mại căn hộ Phú Mỹ,Tháp N1,462,-6.79,11.5,20,0,14.35,,LEGAL_PERMIT_BARRIER,EXPEDITE_LEGAL_PROCEDURES
DIAG-20260630-TST-U1270,20260630,501270,TC-01-N1-22.16,Tổ hợp thương mại căn hộ Phú Mỹ,Tháp N1,233,-5.82,9.8,55,0,15.54,,LEGAL_PERMIT_BARRIER,EXPEDITE_LEGAL_PROCEDURES
DIAG-20260630-TST-U1271,20260630,501271,TC-01-N1-22.17,Tổ hợp thương mại căn hộ Phú Mỹ,Tháp N1,117,-13.56,8.6,70,0,6.05,,LEGAL_PERMIT_BARRIER,EXPEDITE_LEGAL_PROCEDURES
DIAG-20260630-TST-U1272,20260630,501272,TC-01-N1-22.18,Tổ hợp thương mại căn hộ Phú Mỹ,Tháp N1,298,8.36,9.7,45,0,16.48,,LEGAL_PERMIT_BARRIER,EXPEDITE_LEGAL_PROCEDURES
DIAG-20260630-TST-U1273,20260630,501273,TC-01-N1-22.19,Tổ hợp thương mại căn hộ Phú Mỹ,Tháp N1,136,-10.11,16.3,15,25,14.73,,LEGAL_PERMIT_BARRIER,EXPEDITE_LEGAL_PROCEDURES
DIAG-20260630-TST-U1274,20260630,501274,TC-01-N1-22.20,Tổ hợp thương mại căn hộ Phú Mỹ,Tháp N1,258,-1.14,12.0,45,25,21.28,,LEGAL_PERMIT_BARRIER,EXPEDITE_LEGAL_PROCEDURES
DIAG-20260630-TST-U1275,20260630,501275,TC-01-N1-22.21,Tổ hợp thương mại căn hộ Phú Mỹ,Tháp N1,257,-3.36,16.1,20,25,23.33,,LEGAL_PERMIT_BARRIER,EXPEDITE_LEGAL_PROCEDURES
DIAG-20260630-TST-U1276,20260630,501276,TC-01-N1-22.22,Tổ hợp thương mại căn hộ Phú Mỹ,Tháp N1,372,9.85,12.4,20,65,34.77,,LEGAL_PERMIT_BARRIER,EXPEDITE_LEGAL_PROCEDURES
DIAG-20260630-TST-U1277,20260630,501277,TC-01-N1-22.23,Tổ hợp thương mại căn hộ Phú Mỹ,Tháp N1,148,-17.09,9.4,20,55,1.71,,LEGAL_PERMIT_BARRIER,EXPEDITE_LEGAL_PROCEDURES
DIAG-20260630-TST-U1278,20260630,501278,TC-01-N1-22.24,Tổ hợp thương mại căn hộ Phú Mỹ,Tháp N1,300,-10.76,9.5,30,25,9.48,,LEGAL_PERMIT_BARRIER,EXPEDITE_LEGAL_PROCEDURES
DIAG-20260630-TST-U1280,20260630,501280,TC-01-N1-22.26,Tổ hợp thương mại căn hộ Phú Mỹ,Tháp N1,267,-4.67,11.8,35,45,16.96,,LEGAL_PERMIT_BARRIER,EXPEDITE_LEGAL_PROCEDURES
DIAG-20260630-TST-U1282,20260630,501282,TC-01-N1-22.28,Tổ hợp thương mại căn hộ Phú Mỹ,Tháp N1,233,-9.01,8.1,30,0,-2.19,,LEGAL_PERMIT_BARRIER,EXPEDITE_LEGAL_PROCEDURES
DIAG-20260630-TST-U1283,20260630,501283,TC-01-N1-22.29,Tổ hợp thương mại căn hộ Phú Mỹ,Tháp N1,377,13.21,19.8,20,30,44.48,,LEGAL_PERMIT_BARRIER,EXPEDITE_LEGAL_PROCEDURES
DIAG-20260630-TST-U1284,20260630,501284,TC-01-N1-22.30,Tổ hợp thương mại căn hộ Phú Mỹ,Tháp N1,258,1.65,12.4,10,0,24.71,,LEGAL_PERMIT_BARRIER,EXPEDITE_LEGAL_PROCEDURES
DIAG-20260630-TST-U1285,20260630,501285,TC-01-N1-22.31,Tổ hợp thương mại căn hộ Phú Mỹ,Tháp N1,173,4.75,10.2,20,45,12.6,,LEGAL_PERMIT_BARRIER,EXPEDITE_LEGAL_PROCEDURES
DIAG-20260630-TST-U1287,20260630,501287,TC-01-N1-22.33,Tổ hợp thương mại căn hộ Phú Mỹ,Tháp N1,396,11.5,13.6,20,0,36.79,,LEGAL_PERMIT_BARRIER,EXPEDITE_LEGAL_PROCEDURES
DIAG-20260630-TST-U1288,20260630,501288,TC-01-N1-22.34,Tổ hợp thương mại căn hộ Phú Mỹ,Tháp N1,260,-10.12,7.0,10,55,-3.38,,LEGAL_PERMIT_BARRIER,EXPEDITE_LEGAL_PROCEDURES
DIAG-20260630-TST-U1290,20260630,501290,TC-01-N1-22.36,Tổ hợp thương mại căn hộ Phú Mỹ,Tháp N1,318,15.0,13.2,75,0,41.08,,LEGAL_PERMIT_BARRIER,EXPEDITE_LEGAL_PROCEDURES
DIAG-20260630-TST-U1291,20260630,501291,TC-01-N1-22.37,Tổ hợp thương mại căn hộ Phú Mỹ,Tháp N1,314,2.12,12.4,20,40,25.28,,LEGAL_PERMIT_BARRIER,EXPEDITE_LEGAL_PROCEDURES
DIAG-20260630-TST-U1292,20260630,501292,TC-01-N1-22.38,Tổ hợp thương mại căn hộ Phú Mỹ,Tháp N1,247,1.64,13.5,30,25,24.7,,LEGAL_PERMIT_BARRIER,EXPEDITE_LEGAL_PROCEDURES
DIAG-20260630-TST-U1293,20260630,501293,TC-01-N1-22.39,Tổ hợp thương mại căn hộ Phú Mỹ,Tháp N1,330,21.81,14.8,20,0,49.43,,LEGAL_PERMIT_BARRIER,EXPEDITE_LEGAL_PROCEDURES
DIAG-20260630-TST-U1295,20260630,501295,TC-01-N1-22.41,Tổ hợp thương mại căn hộ Phú Mỹ,Tháp N1,279,4.48,18.1,65,40,33.34,,LEGAL_PERMIT_BARRIER,EXPEDITE_LEGAL_PROCEDURES
DIAG-20260630-TST-U1296,20260630,501296,TC-01-N1-22.42,Tổ hợp thương mại căn hộ Phú Mỹ,Tháp N1,205,0.0,10.6,40,0,22.68,,LEGAL_PERMIT_BARRIER,EXPEDITE_LEGAL_PROCEDURES
DIAG-20260630-TST-U1297,20260630,501297,TC-01-N1-22.43,Tổ hợp thương mại căn hộ Phú Mỹ,Tháp N1,144,13.14,14.0,15,0,38.81,,LEGAL_PERMIT_BARRIER,EXPEDITE_LEGAL_PROCEDURES
DIAG-20260630-TST-U1298,20260630,501298,TC-01-N1-22.44,Tổ hợp thương mại căn hộ Phú Mỹ,Tháp N1,421,9.15,12.2,25,55,33.9,,LEGAL_PERMIT_BARRIER,EXPEDITE_LEGAL_PROCEDURES
DIAG-20260630-TST-U1299,20260630,501299,TC-01-N1-22.45,Tổ hợp thương mại căn hộ Phú Mỹ,Tháp N1,96,3.53,12.5,40,40,27.01,,LEGAL_PERMIT_BARRIER,EXPEDITE_LEGAL_PROCEDURES
DIAG-20260630-TST-U1300,20260630,501300,TC-01-N1-22.46,Tổ hợp thương mại căn hộ Phú Mỹ,Tháp N1,427,0.0,6.8,40,65,21.9,,LEGAL_PERMIT_BARRIER,EXPEDITE_LEGAL_PROCEDURES
DIAG-20260630-TST-U1301,20260630,501301,TC-01-N1-22.47,Tổ hợp thương mại căn hộ Phú Mỹ,Tháp N1,101,-2.71,15.7,10,40,24.16,,LEGAL_PERMIT_BARRIER,EXPEDITE_LEGAL_PROCEDURES
DIAG-20260630-TST-U1302,20260630,501302,TC-01-N1-22.48,Tổ hợp thương mại căn hộ Phú Mỹ,Tháp N1,295,6.05,18.8,25,40,35.35,,LEGAL_PERMIT_BARRIER,EXPEDITE_LEGAL_PROCEDURES
DIAG-20260630-TST-U1303,20260630,501303,TC-01-N1-22.49,Tổ hợp thương mại căn hộ Phú Mỹ,Tháp N1,309,-8.65,11.4,0,0,12.08,,LEGAL_PERMIT_BARRIER,EXPEDITE_LEGAL_PROCEDURES
DIAG-20260630-TST-U1304,20260630,501304,TC-01-N1-22.50,Tổ hợp thương mại căn hộ Phú Mỹ,Tháp N1,253,-13.07,8.4,10,0,-6.56,,LEGAL_PERMIT_BARRIER,EXPEDITE_LEGAL_PROCEDURES
DIAG-20260630-TST-U1305,20260630,501305,TC-01-N1-22.51,Tổ hợp thương mại căn hộ Phú Mỹ,Tháp N1,459,0.0,9.3,30,25,7.49,,LEGAL_PERMIT_BARRIER,EXPEDITE_LEGAL_PROCEDURES
DIAG-20260630-TST-U1307,20260630,501307,TC-01-N1-22.53,Tổ hợp thương mại căn hộ Phú Mỹ,Tháp N1,447,-16.37,8.5,65,40,2.6,,LEGAL_PERMIT_BARRIER,EXPEDITE_LEGAL_PROCEDURES
DIAG-20260630-TST-U1308,20260630,501308,TC-01-N1-22.54,Tổ hợp thương mại căn hộ Phú Mỹ,Tháp N1,242,-11.24,12.0,0,75,8.9,,LEGAL_PERMIT_BARRIER,EXPEDITE_LEGAL_PROCEDURES
DIAG-20260630-TST-U1309,20260630,501309,TC-01-N1-22.55,Tổ hợp thương mại căn hộ Phú Mỹ,Tháp N1,128,5.88,13.4,20,0,29.89,,LEGAL_PERMIT_BARRIER,EXPEDITE_LEGAL_PROCEDURES
DIAG-20260630-TST-U1310,20260630,501310,TC-01-N1-22.56,Tổ hợp thương mại căn hộ Phú Mỹ,Tháp N1,467,-13.57,11.2,15,25,6.04,,LEGAL_PERMIT_BARRIER,EXPEDITE_LEGAL_PROCEDURES
DIAG-20260630-TST-U1311,20260630,501311,TC-01-N1-22.57,Tổ hợp thương mại căn hộ Phú Mỹ,Tháp N1,360,-1.17,11.6,30,40,21.25,,LEGAL_PERMIT_BARRIER,EXPEDITE_LEGAL_PROCEDURES
DIAG-20260630-TST-U1312,20260630,501312,TC-01-N1-22.58,Tổ hợp thương mại căn hộ Phú Mỹ,Tháp N1,330,6.81,12.2,20,0,31.03,,LEGAL_PERMIT_BARRIER,EXPEDITE_LEGAL_PROCEDURES
DIAG-20260630-TST-U1313,20260630,501313,TC-01-N1-22.59,Tổ hợp thương mại căn hộ Phú Mỹ,Tháp N1,256,12.44,13.5,35,65,37.94,,LEGAL_PERMIT_BARRIER,EXPEDITE_LEGAL_PROCEDURES
DIAG-20260630-TST-U1314,20260630,501314,TC-01-N1-22.60,Tổ hợp thương mại căn hộ Phú Mỹ,Tháp N1,407,6.35,12.1,20,25,30.47,,LEGAL_PERMIT_BARRIER,EXPEDITE_LEGAL_PROCEDURES
DIAG-20260630-TST-U1315,20260630,501315,TC-01-N1-22.61,Tổ hợp thương mại căn hộ Phú Mỹ,Tháp N1,373,9.85,18.9,65,20,40.2,,LEGAL_PERMIT_BARRIER,EXPEDITE_LEGAL_PROCEDURES
DIAG-20260630-TST-U1317,20260630,501317,TC-01-N1-22.63,Tổ hợp thương mại căn hộ Phú Mỹ,Tháp N1,409,-1.14,11.9,20,40,21.28,,LEGAL_PERMIT_BARRIER,EXPEDITE_LEGAL_PROCEDURES
DIAG-20260630-TST-U1321,20260630,501321,TC-01-N1-23.01,Tổ hợp thương mại căn hộ Phú Mỹ,Tháp N1,456,13.52,8.0,40,40,38.38,,LEGAL_PERMIT_BARRIER,EXPEDITE_LEGAL_PROCEDURES
DIAG-20260630-TST-U1322,20260630,501322,TC-01-N1-23.02,Tổ hợp thương mại căn hộ Phú Mỹ,Tháp N1,393,16.03,7.5,35,0,41.45,,LEGAL_PERMIT_BARRIER,EXPEDITE_LEGAL_PROCEDURES
DIAG-20260630-TST-U1325,20260630,501325,TC-01-N1-23.05,Tổ hợp thương mại căn hộ Phú Mỹ,Tháp N1,139,-2.92,8.8,25,45,4.36,,LEGAL_PERMIT_BARRIER,EXPEDITE_LEGAL_PROCEDURES
DIAG-20260630-TST-U1327,20260630,501327,TC-01-N1-23.07,Tổ hợp thương mại căn hộ Phú Mỹ,Tháp N1,375,-7.86,15.0,20,25,17.59,,LEGAL_PERMIT_BARRIER,EXPEDITE_LEGAL_PROCEDURES
DIAG-20260630-TST-U1328,20260630,501328,TC-01-N1-23.08,Tổ hợp thương mại căn hộ Phú Mỹ,Tháp N1,162,0.97,11.0,10,25,23.87,,LEGAL_PERMIT_BARRIER,EXPEDITE_LEGAL_PROCEDURES
DIAG-20260630-TST-U1329,20260630,501329,TC-01-N1-23.09,Tổ hợp thương mại căn hộ Phú Mỹ,Tháp N1,378,11.95,13.6,40,45,37.35,,LEGAL_PERMIT_BARRIER,EXPEDITE_LEGAL_PROCEDURES
DIAG-20260630-TST-U1331,20260630,501331,TC-01-N1-23.11,Tổ hợp thương mại căn hộ Phú Mỹ,Tháp N1,314,-6.77,10.5,65,65,14.37,,LEGAL_PERMIT_BARRIER,EXPEDITE_LEGAL_PROCEDURES
DIAG-20260630-TST-U1332,20260630,501332,TC-01-N1-23.12,Tổ hợp thương mại căn hộ Phú Mỹ,Tháp N1,388,0.26,13.3,60,25,23.0,,LEGAL_PERMIT_BARRIER,EXPEDITE_LEGAL_PROCEDURES
DIAG-20260630-TST-U1333,20260630,501333,TC-01-N1-23.13,Tổ hợp thương mại căn hộ Phú Mỹ,Tháp N1,337,4.46,11.8,40,40,28.15,,LEGAL_PERMIT_BARRIER,EXPEDITE_LEGAL_PROCEDURES
DIAG-20260630-TST-U1334,20260630,501334,TC-01-N1-23.14,Tổ hợp thương mại căn hộ Phú Mỹ,Tháp N1,141,3.05,11.8,60,65,26.42,,LEGAL_PERMIT_BARRIER,EXPEDITE_LEGAL_PROCEDURES
DIAG-20260630-TST-U1335,20260630,501335,TC-01-N1-23.15,Tổ hợp thương mại căn hộ Phú Mỹ,Tháp N1,334,6.98,9.8,40,40,14.99,,LEGAL_PERMIT_BARRIER,EXPEDITE_LEGAL_PROCEDURES
DIAG-20260630-TST-U1336,20260630,501336,TC-01-N1-23.16,Tổ hợp thương mại căn hộ Phú Mỹ,Tháp N1,273,4.03,16.2,60,40,32.77,,LEGAL_PERMIT_BARRIER,EXPEDITE_LEGAL_PROCEDURES
DIAG-20260630-TST-U1338,20260630,501338,TC-01-N1-23.18,Tổ hợp thương mại căn hộ Phú Mỹ,Tháp N1,195,3.8,16.9,20,65,32.48,,LEGAL_PERMIT_BARRIER,EXPEDITE_LEGAL_PROCEDURES
DIAG-20260630-TST-U1339,20260630,501339,TC-01-N1-23.19,Tổ hợp thương mại căn hộ Phú Mỹ,Tháp N1,190,6.32,10.0,35,0,14.29,,LEGAL_PERMIT_BARRIER,EXPEDITE_LEGAL_PROCEDURES
DIAG-20260630-TST-U1340,20260630,501340,TC-01-N1-23.20,Tổ hợp thương mại căn hộ Phú Mỹ,Tháp N1,98,21.16,7.6,30,0,47.7,,LEGAL_PERMIT_BARRIER,EXPEDITE_LEGAL_PROCEDURES
DIAG-20260630-TST-U1341,20260630,501341,TC-01-N1-23.21,Tổ hợp thương mại căn hộ Phú Mỹ,Tháp N1,250,0.73,12.6,20,0,23.58,,LEGAL_PERMIT_BARRIER,EXPEDITE_LEGAL_PROCEDURES
DIAG-20260630-TST-U1342,20260630,501342,TC-01-N1-23.22,Tổ hợp thương mại căn hộ Phú Mỹ,Tháp N1,286,-10.52,11.1,20,25,9.78,,LEGAL_PERMIT_BARRIER,EXPEDITE_LEGAL_PROCEDURES
DIAG-20260630-TST-U1343,20260630,501343,TC-01-N1-23.23,Tổ hợp thương mại căn hộ Phú Mỹ,Tháp N1,438,6.11,13.1,20,0,30.17,,LEGAL_PERMIT_BARRIER,EXPEDITE_LEGAL_PROCEDURES
DIAG-20260630-TST-U1344,20260630,501344,TC-01-N1-23.24,Tổ hợp thương mại căn hộ Phú Mỹ,Tháp N1,319,-6.07,11.5,20,0,15.24,,LEGAL_PERMIT_BARRIER,EXPEDITE_LEGAL_PROCEDURES
DIAG-20260630-TST-U1347,20260630,501347,TC-01-N1-23.27,Tổ hợp thương mại căn hộ Phú Mỹ,Tháp N1,182,-5.61,11.2,60,0,15.79,,LEGAL_PERMIT_BARRIER,EXPEDITE_LEGAL_PROCEDURES
DIAG-20260630-TST-U1348,20260630,501348,TC-01-N1-23.28,Tổ hợp thương mại căn hộ Phú Mỹ,Tháp N1,461,0.71,10.7,0,45,23.55,,LEGAL_PERMIT_BARRIER,EXPEDITE_LEGAL_PROCEDURES
DIAG-20260630-TST-U1350,20260630,501350,TC-01-N1-23.30,Tổ hợp thương mại căn hộ Phú Mỹ,Tháp N1,297,-3.25,10.6,60,65,18.69,,LEGAL_PERMIT_BARRIER,EXPEDITE_LEGAL_PROCEDURES
DIAG-20260630-TST-U1353,20260630,501353,TC-01-N1-23.33,Tổ hợp thương mại căn hộ Phú Mỹ,Tháp N1,293,-3.74,11.3,35,45,18.09,,LEGAL_PERMIT_BARRIER,EXPEDITE_LEGAL_PROCEDURES
DIAG-20260630-TST-U1354,20260630,501354,TC-01-N1-23.34,Tổ hợp thương mại căn hộ Phú Mỹ,Tháp N1,212,-1.17,11.7,30,70,21.25,,LEGAL_PERMIT_BARRIER,EXPEDITE_LEGAL_PROCEDURES
DIAG-20260630-TST-U1355,20260630,501355,TC-01-N1-23.35,Tổ hợp thương mại căn hộ Phú Mỹ,Tháp N1,373,-8.65,10.7,40,0,12.07,,LEGAL_PERMIT_BARRIER,EXPEDITE_LEGAL_PROCEDURES
DIAG-20260630-TST-U1356,20260630,501356,TC-01-N1-23.36,Tổ hợp thương mại căn hộ Phú Mỹ,Tháp N1,117,-8.9,10.1,55,25,11.76,,LEGAL_PERMIT_BARRIER,EXPEDITE_LEGAL_PROCEDURES
DIAG-20260630-TST-U1360,20260630,501360,TC-01-N1-23.40,Tổ hợp thương mại căn hộ Phú Mỹ,Tháp N1,253,3.75,11.3,20,40,27.28,,LEGAL_PERMIT_BARRIER,EXPEDITE_LEGAL_PROCEDURES
DIAG-20260630-TST-U1362,20260630,501362,TC-01-N1-23.42,Tổ hợp thương mại căn hộ Phú Mỹ,Tháp N1,94,-5.84,9.4,20,0,15.52,,LEGAL_PERMIT_BARRIER,EXPEDITE_LEGAL_PROCEDURES
DIAG-20260630-TST-U1363,20260630,501363,TC-01-N1-23.43,Tổ hợp thương mại căn hộ Phú Mỹ,Tháp N1,410,6.96,7.6,30,70,30.38,,LEGAL_PERMIT_BARRIER,EXPEDITE_LEGAL_PROCEDURES
DIAG-20260630-TST-U1364,20260630,501364,TC-01-N1-23.44,Tổ hợp thương mại căn hộ Phú Mỹ,Tháp N1,203,-17.32,10.7,20,65,1.43,,LEGAL_PERMIT_BARRIER,EXPEDITE_LEGAL_PROCEDURES
DIAG-20260630-TST-U1365,20260630,501365,TC-01-N1-23.45,Tổ hợp thương mại căn hộ Phú Mỹ,Tháp N1,398,14.2,10.5,30,0,22.76,,LEGAL_PERMIT_BARRIER,EXPEDITE_LEGAL_PROCEDURES
DIAG-20260630-TST-U1366,20260630,501366,TC-01-N1-23.46,Tổ hợp thương mại căn hộ Phú Mỹ,Tháp N1,423,19.47,14.4,10,45,46.56,,LEGAL_PERMIT_BARRIER,EXPEDITE_LEGAL_PROCEDURES
DIAG-20260630-TST-U1368,20260630,501368,TC-01-N1-23.48,Tổ hợp thương mại căn hộ Phú Mỹ,Tháp N1,133,-1.56,9.3,40,65,5.81,,LEGAL_PERMIT_BARRIER,EXPEDITE_LEGAL_PROCEDURES
DIAG-20260630-TST-U1369,20260630,501369,TC-01-N1-23.49,Tổ hợp thương mại căn hộ Phú Mỹ,Tháp N1,409,-10.36,8.1,40,40,-3.64,,LEGAL_PERMIT_BARRIER,EXPEDITE_LEGAL_PROCEDURES
DIAG-20260630-TST-U1370,20260630,501370,TC-01-N1-23.50,Tổ hợp thương mại căn hộ Phú Mỹ,Tháp N1,113,14.2,8.0,30,0,39.21,,LEGAL_PERMIT_BARRIER,EXPEDITE_LEGAL_PROCEDURES
DIAG-20260630-TST-U1371,20260630,501371,TC-01-N1-23.51,Tổ hợp thương mại căn hộ Phú Mỹ,Tháp N1,416,-2.57,7.0,10,40,18.78,,LEGAL_PERMIT_BARRIER,EXPEDITE_LEGAL_PROCEDURES
DIAG-20260630-TST-U1372,20260630,501372,TC-01-N1-23.52,Tổ hợp thương mại căn hộ Phú Mỹ,Tháp N1,166,-18.4,13.7,70,25,4.14,,LEGAL_PERMIT_BARRIER,EXPEDITE_LEGAL_PROCEDURES
DIAG-20260630-TST-U1373,20260630,501373,TC-01-N1-23.53,Tổ hợp thương mại căn hộ Phú Mỹ,Tháp N1,285,-2.71,9.6,25,45,4.58,,LEGAL_PERMIT_BARRIER,EXPEDITE_LEGAL_PROCEDURES
DIAG-20260630-TST-U1374,20260630,501374,TC-01-N1-23.54,Tổ hợp thương mại căn hộ Phú Mỹ,Tháp N1,231,-13.81,10.6,20,65,5.74,,LEGAL_PERMIT_BARRIER,EXPEDITE_LEGAL_PROCEDURES
DIAG-20260630-TST-U1375,20260630,501375,TC-01-N1-23.55,Tổ hợp thương mại căn hộ Phú Mỹ,Tháp N1,181,3.63,8.9,40,40,11.4,,LEGAL_PERMIT_BARRIER,EXPEDITE_LEGAL_PROCEDURES
DIAG-20260630-TST-U1376,20260630,501376,TC-01-N1-23.56,Tổ hợp thương mại căn hộ Phú Mỹ,Tháp N1,273,6.94,19.4,40,0,36.48,,LEGAL_PERMIT_BARRIER,EXPEDITE_LEGAL_PROCEDURES
DIAG-20260630-TST-U1377,20260630,501377,TC-01-N1-23.57,Tổ hợp thương mại căn hộ Phú Mỹ,Tháp N1,219,5.16,12.9,65,20,29.01,,LEGAL_PERMIT_BARRIER,EXPEDITE_LEGAL_PROCEDURES
DIAG-20260630-TST-U1378,20260630,501378,TC-01-N1-23.58,Tổ hợp thương mại căn hộ Phú Mỹ,Tháp N1,448,1.41,13.2,45,25,24.41,,LEGAL_PERMIT_BARRIER,EXPEDITE_LEGAL_PROCEDURES
DIAG-20260630-TST-U1379,20260630,501379,TC-01-N1-23.59,Tổ hợp thương mại căn hộ Phú Mỹ,Tháp N1,258,1.59,8.9,20,40,9.2,,LEGAL_PERMIT_BARRIER,EXPEDITE_LEGAL_PROCEDURES
DIAG-20260630-TST-U1380,20260630,501380,TC-01-N1-23.60,Tổ hợp thương mại căn hộ Phú Mỹ,Tháp N1,234,4.7,12.2,35,65,28.44,,LEGAL_PERMIT_BARRIER,EXPEDITE_LEGAL_PROCEDURES
DIAG-20260630-TST-U1381,20260630,501381,TC-01-N1-23.61,Tổ hợp thương mại căn hộ Phú Mỹ,Tháp N1,124,-5.62,10.1,20,25,15.78,,LEGAL_PERMIT_BARRIER,EXPEDITE_LEGAL_PROCEDURES
DIAG-20260630-TST-U1383,20260630,501383,TC-01-N1-23.63,Tổ hợp thương mại căn hộ Phú Mỹ,Tháp N1,404,4.51,9.8,35,55,12.34,,LEGAL_PERMIT_BARRIER,EXPEDITE_LEGAL_PROCEDURES
DIAG-20260630-TST-U1384,20260630,501384,TC-01-N1-23.64,Tổ hợp thương mại căn hộ Phú Mỹ,Tháp N1,159,-18.4,13.9,20,65,4.14,,LEGAL_PERMIT_BARRIER,EXPEDITE_LEGAL_PROCEDURES
DIAG-20260630-TST-U1385,20260630,501385,TC-01-N1-23.65,Tổ hợp thương mại căn hộ Phú Mỹ,Tháp N1,181,6.82,12.4,25,0,31.05,,LEGAL_PERMIT_BARRIER,EXPEDITE_LEGAL_PROCEDURES
DIAG-20260630-TST-U1387,20260630,501387,TC-01-N1-24.01,Tổ hợp thương mại căn hộ Phú Mỹ,Tháp N1,93,-11.39,6.8,85,40,4.45,,LEGAL_PERMIT_BARRIER,EXPEDITE_LEGAL_PROCEDURES
DIAG-20260630-TST-U1389,20260630,501389,TC-01-N1-24.03,Tổ hợp thương mại căn hộ Phú Mỹ,Tháp N1,464,-18.75,10.4,45,25,-5.65,,LEGAL_PERMIT_BARRIER,EXPEDITE_LEGAL_PROCEDURES
DIAG-20260630-TST-U1390,20260630,501390,TC-01-N1-24.04,Tổ hợp thương mại căn hộ Phú Mỹ,Tháp N1,292,14.82,17.7,30,0,19.57,,LEGAL_PERMIT_BARRIER,EXPEDITE_LEGAL_PROCEDURES
DIAG-20260630-TST-U1391,20260630,501391,TC-01-N1-24.05,Tổ hợp thương mại căn hộ Phú Mỹ,Tháp N1,423,-7.8,6.0,20,65,8.68,,LEGAL_PERMIT_BARRIER,EXPEDITE_LEGAL_PROCEDURES
DIAG-20260630-TST-U1392,20260630,501392,TC-01-N1-24.06,Tổ hợp thương mại căn hộ Phú Mỹ,Tháp N1,429,-17.38,13.4,0,55,-13.97,,LEGAL_PERMIT_BARRIER,EXPEDITE_LEGAL_PROCEDURES
DIAG-20260630-TST-U1393,20260630,501393,TC-01-N1-24.07,Tổ hợp thương mại căn hộ Phú Mỹ,Tháp N1,111,0.81,18.3,20,40,4.98,,LEGAL_PERMIT_BARRIER,EXPEDITE_LEGAL_PROCEDURES
DIAG-20260630-TST-U1394,20260630,501394,TC-01-N1-24.08,Tổ hợp thương mại căn hộ Phú Mỹ,Tháp N1,289,15.05,13.3,30,0,33.59,,LEGAL_PERMIT_BARRIER,EXPEDITE_LEGAL_PROCEDURES
DIAG-20260630-TST-U1395,20260630,501395,TC-01-N1-24.09,Tổ hợp thương mại căn hộ Phú Mỹ,Tháp N1,150,-4.03,8.6,30,40,2.68,,LEGAL_PERMIT_BARRIER,EXPEDITE_LEGAL_PROCEDURES
DIAG-20260630-TST-U1397,20260630,501397,TC-01-N1-24.11,Tổ hợp thương mại căn hộ Phú Mỹ,Tháp N1,119,16.12,8.7,20,0,36.87,,LEGAL_PERMIT_BARRIER,EXPEDITE_LEGAL_PROCEDURES
DIAG-20260630-TST-U1399,20260630,501399,TC-01-N1-24.13,Tổ hợp thương mại căn hộ Phú Mỹ,Tháp N1,120,-7.71,8.2,55,40,-1.25,,LEGAL_PERMIT_BARRIER,EXPEDITE_LEGAL_PROCEDURES
DIAG-20260630-TST-U1400,20260630,501400,TC-01-N1-24.14,Tổ hợp thương mại căn hộ Phú Mỹ,Tháp N1,470,1.18,11.2,55,45,17.48,,LEGAL_PERMIT_BARRIER,EXPEDITE_LEGAL_PROCEDURES
DIAG-20260630-TST-U1401,20260630,501401,TC-01-N1-24.15,Tổ hợp thương mại căn hộ Phú Mỹ,Tháp N1,226,-5.08,12.8,45,40,10.21,,LEGAL_PERMIT_BARRIER,EXPEDITE_LEGAL_PROCEDURES
DIAG-20260630-TST-U1402,20260630,501402,TC-01-N1-24.16,Tổ hợp thương mại căn hộ Phú Mỹ,Tháp N1,301,-11.78,15.5,30,30,-8.13,,LEGAL_PERMIT_BARRIER,EXPEDITE_LEGAL_PROCEDURES
DIAG-20260630-TST-U1404,20260630,501404,TC-01-N1-24.18,Tổ hợp thương mại căn hộ Phú Mỹ,Tháp N1,196,-0.91,10.7,35,65,15.05,,LEGAL_PERMIT_BARRIER,EXPEDITE_LEGAL_PROCEDURES
DIAG-20260630-TST-U1407,20260630,501407,TC-01-N1-24.21,Tổ hợp thương mại căn hộ Phú Mỹ,Tháp N1,181,-11.56,9.9,0,25,2.69,,LEGAL_PERMIT_BARRIER,EXPEDITE_LEGAL_PROCEDURES
DIAG-20260630-TST-U1409,20260630,501409,TC-01-N1-24.23,Tổ hợp thương mại căn hộ Phú Mỹ,Tháp N1,236,11.37,13.1,10,40,29.32,,LEGAL_PERMIT_BARRIER,EXPEDITE_LEGAL_PROCEDURES
DIAG-20260630-TST-U1410,20260630,501410,TC-01-N1-24.24,Tổ hợp thương mại căn hộ Phú Mỹ,Tháp N1,289,9.29,14.2,25,40,26.9,,LEGAL_PERMIT_BARRIER,EXPEDITE_LEGAL_PROCEDURES
DIAG-20260630-TST-U1411,20260630,501411,TC-01-N1-24.25,Tổ hợp thương mại căn hộ Phú Mỹ,Tháp N1,250,-2.76,11.4,40,45,12.91,,LEGAL_PERMIT_BARRIER,EXPEDITE_LEGAL_PROCEDURES
DIAG-20260630-TST-U1412,20260630,501412,TC-01-N1-24.26,Tổ hợp thương mại căn hộ Phú Mỹ,Tháp N1,326,20.37,15.4,55,40,39.77,,LEGAL_PERMIT_BARRIER,EXPEDITE_LEGAL_PROCEDURES
DIAG-20260630-TST-U1413,20260630,501413,TC-01-N1-24.27,Tổ hợp thương mại căn hộ Phú Mỹ,Tháp N1,104,1.75,15.9,35,0,5.96,,LEGAL_PERMIT_BARRIER,EXPEDITE_LEGAL_PROCEDURES
DIAG-20260630-TST-U1415,20260630,501415,TC-01-N1-24.29,Tổ hợp thương mại căn hộ Phú Mỹ,Tháp N1,322,9.09,9.6,45,20,16.72,,LEGAL_PERMIT_BARRIER,EXPEDITE_LEGAL_PROCEDURES
DIAG-20260630-TST-U1417,20260630,501417,TC-01-N1-24.31,Tổ hợp thương mại căn hộ Phú Mỹ,Tháp N1,457,-15.49,9.3,20,0,-1.87,,LEGAL_PERMIT_BARRIER,EXPEDITE_LEGAL_PROCEDURES
DIAG-20260630-TST-U1418,20260630,501418,TC-01-N1-24.32,Tổ hợp thương mại căn hộ Phú Mỹ,Tháp N1,357,-5.54,10.1,35,40,9.68,,LEGAL_PERMIT_BARRIER,EXPEDITE_LEGAL_PROCEDURES
DIAG-20260630-TST-U1419,20260630,501419,TC-01-N1-24.33,Tổ hợp thương mại căn hộ Phú Mỹ,Tháp N1,465,16.21,14.8,40,25,34.93,,LEGAL_PERMIT_BARRIER,EXPEDITE_LEGAL_PROCEDURES
DIAG-20260630-TST-U1420,20260630,501420,TC-01-N1-24.34,Tổ hợp thương mại căn hộ Phú Mỹ,Tháp N1,466,-3.0,12.0,30,40,12.63,,LEGAL_PERMIT_BARRIER,EXPEDITE_LEGAL_PROCEDURES
DIAG-20260630-TST-U1422,20260630,501422,TC-01-N1-24.36,Tổ hợp thương mại căn hộ Phú Mỹ,Tháp N1,304,-6.98,7.3,70,40,-0.47,,LEGAL_PERMIT_BARRIER,EXPEDITE_LEGAL_PROCEDURES
DIAG-20260630-TST-U1423,20260630,501423,TC-01-N1-24.37,Tổ hợp thương mại căn hộ Phú Mỹ,Tháp N1,310,13.4,19.8,45,0,18.09,,LEGAL_PERMIT_BARRIER,EXPEDITE_LEGAL_PROCEDURES
DIAG-20260630-TST-U1424,20260630,501424,TC-01-N1-24.38,Tổ hợp thương mại căn hộ Phú Mỹ,Tháp N1,437,-4.22,7.1,20,65,12.89,,LEGAL_PERMIT_BARRIER,EXPEDITE_LEGAL_PROCEDURES
DIAG-20260630-TST-U1425,20260630,501425,TC-01-N1-24.39,Tổ hợp thương mại căn hộ Phú Mỹ,Tháp N1,447,1.19,11.3,40,0,17.49,,LEGAL_PERMIT_BARRIER,EXPEDITE_LEGAL_PROCEDURES
DIAG-20260630-TST-U1426,20260630,501426,TC-01-N1-24.40,Tổ hợp thương mại căn hộ Phú Mỹ,Tháp N1,295,14.12,14.1,60,65,32.51,,LEGAL_PERMIT_BARRIER,EXPEDITE_LEGAL_PROCEDURES
DIAG-20260630-TST-U1428,20260630,501428,TC-01-N1-24.42,Tổ hợp thương mại căn hộ Phú Mỹ,Tháp N1,324,8.5,18.2,40,25,12.99,,LEGAL_PERMIT_BARRIER,EXPEDITE_LEGAL_PROCEDURES
DIAG-20260630-TST-U1429,20260630,501429,TC-01-N1-24.43,Tổ hợp thương mại căn hộ Phú Mỹ,Tháp N1,361,16.65,10.5,60,0,24.81,,LEGAL_PERMIT_BARRIER,EXPEDITE_LEGAL_PROCEDURES
DIAG-20260630-TST-U1430,20260630,501430,TC-01-N1-24.44,Tổ hợp thương mại căn hộ Phú Mỹ,Tháp N1,259,4.93,9.3,20,0,12.27,,LEGAL_PERMIT_BARRIER,EXPEDITE_LEGAL_PROCEDURES
DIAG-20260630-TST-U1431,20260630,501431,TC-01-N1-24.45,Tổ hợp thương mại căn hộ Phú Mỹ,Tháp N1,232,1.79,7.8,50,55,19.98,,LEGAL_PERMIT_BARRIER,EXPEDITE_LEGAL_PROCEDURES
DIAG-20260630-TST-U1432,20260630,501432,TC-01-N1-24.46,Tổ hợp thương mại căn hộ Phú Mỹ,Tháp N1,332,-12.01,11.5,20,25,2.16,,LEGAL_PERMIT_BARRIER,EXPEDITE_LEGAL_PROCEDURES
DIAG-20260630-TST-U1435,20260630,501435,TC-01-N1-24.49,Tổ hợp thương mại căn hộ Phú Mỹ,Tháp N1,453,10.89,13.5,50,40,28.76,,LEGAL_PERMIT_BARRIER,EXPEDITE_LEGAL_PROCEDURES
DIAG-20260630-TST-U1436,20260630,501436,TC-01-N1-24.50,Tổ hợp thương mại căn hộ Phú Mỹ,Tháp N1,225,-6.47,6.2,10,40,10.24,,LEGAL_PERMIT_BARRIER,EXPEDITE_LEGAL_PROCEDURES
DIAG-20260630-TST-U1437,20260630,501437,TC-01-N1-24.51,Tổ hợp thương mại căn hộ Phú Mỹ,Tháp N1,127,20.38,15.9,20,0,39.77,,LEGAL_PERMIT_BARRIER,EXPEDITE_LEGAL_PROCEDURES
DIAG-20260630-TST-U1438,20260630,501438,TC-01-N1-24.52,Tổ hợp thương mại căn hộ Phú Mỹ,Tháp N1,384,-17.58,9.0,100,65,-4.3,,LEGAL_PERMIT_BARRIER,EXPEDITE_LEGAL_PROCEDURES
DIAG-20260630-TST-U1439,20260630,501439,TC-01-N1-24.53,Tổ hợp thương mại căn hộ Phú Mỹ,Tháp N1,198,-1.29,18.1,35,25,2.8,,LEGAL_PERMIT_BARRIER,EXPEDITE_LEGAL_PROCEDURES
DIAG-20260630-TST-U1440,20260630,501440,TC-01-N1-24.54,Tổ hợp thương mại căn hộ Phú Mỹ,Tháp N1,94,-22.83,6.3,50,25,-17.43,,LEGAL_PERMIT_BARRIER,EXPEDITE_LEGAL_PROCEDURES
DIAG-20260630-TST-U1441,20260630,501441,TC-01-N1-24.55,Tổ hợp thương mại căn hộ Phú Mỹ,Tháp N1,462,1.04,8.9,20,65,8.11,,LEGAL_PERMIT_BARRIER,EXPEDITE_LEGAL_PROCEDURES
DIAG-20260630-TST-U1444,20260630,501444,TC-01-N1-24.58,Tổ hợp thương mại căn hộ Phú Mỹ,Tháp N1,426,13.21,7.3,45,0,33.44,,LEGAL_PERMIT_BARRIER,EXPEDITE_LEGAL_PROCEDURES
DIAG-20260630-TST-U1445,20260630,501445,TC-01-N1-24.59,Tổ hợp thương mại căn hộ Phú Mỹ,Tháp N1,150,-3.93,10.3,60,45,11.56,,LEGAL_PERMIT_BARRIER,EXPEDITE_LEGAL_PROCEDURES
DIAG-20260630-TST-U1446,20260630,501446,TC-01-N1-24.60,Tổ hợp thương mại căn hộ Phú Mỹ,Tháp N1,417,16.22,13.3,55,0,34.95,,LEGAL_PERMIT_BARRIER,EXPEDITE_LEGAL_PROCEDURES
DIAG-20260630-TST-U1447,20260630,501447,TC-01-N1-24.61,Tổ hợp thương mại căn hộ Phú Mỹ,Tháp N1,412,-21.51,10.3,0,25,-8.86,,LEGAL_PERMIT_BARRIER,EXPEDITE_LEGAL_PROCEDURES
DIAG-20260630-TST-U1448,20260630,501448,TC-01-N1-24.62,Tổ hợp thương mại căn hộ Phú Mỹ,Tháp N1,444,0.11,16.6,50,65,4.25,,LEGAL_PERMIT_BARRIER,EXPEDITE_LEGAL_PROCEDURES
DIAG-20260630-TST-U1450,20260630,501450,TC-01-N1-24.64,Tổ hợp thương mại căn hộ Phú Mỹ,Tháp N1,368,3.95,12.1,45,0,20.7,,LEGAL_PERMIT_BARRIER,EXPEDITE_LEGAL_PROCEDURES
DIAG-20260630-TST-U1451,20260630,501451,TC-01-N1-24.65,Tổ hợp thương mại căn hộ Phú Mỹ,Tháp N1,364,-16.16,6.7,15,65,-10.3,,LEGAL_PERMIT_BARRIER,EXPEDITE_LEGAL_PROCEDURES
DIAG-20260630-TST-U1453,20260630,501453,TC-01-N1-25.01,Tổ hợp thương mại căn hộ Phú Mỹ,Tháp N1,272,3.39,15.7,20,65,7.66,,LEGAL_PERMIT_BARRIER,EXPEDITE_LEGAL_PROCEDURES
DIAG-20260630-TST-U1454,20260630,501454,TC-01-N1-25.02,Tổ hợp thương mại căn hộ Phú Mỹ,Tháp N1,349,-14.34,7.9,40,40,-8.35,,LEGAL_PERMIT_BARRIER,EXPEDITE_LEGAL_PROCEDURES
DIAG-20260630-TST-U1455,20260630,501455,TC-01-N1-25.03,Tổ hợp thương mại căn hộ Phú Mỹ,Tháp N1,165,12.75,13.3,65,0,30.92,,LEGAL_PERMIT_BARRIER,EXPEDITE_LEGAL_PROCEDURES
DIAG-20260630-TST-U1456,20260630,501456,TC-01-N1-25.04,Tổ hợp thương mại căn hộ Phú Mỹ,Tháp N1,417,-6.66,15.5,40,0,-2.8,,LEGAL_PERMIT_BARRIER,EXPEDITE_LEGAL_PROCEDURES
DIAG-20260630-TST-U1457,20260630,501457,TC-01-N1-25.05,Tổ hợp thương mại căn hộ Phú Mỹ,Tháp N1,207,8.73,16.3,20,0,13.23,,LEGAL_PERMIT_BARRIER,EXPEDITE_LEGAL_PROCEDURES
DIAG-20260630-TST-U1460,20260630,501460,TC-01-N1-25.08,Tổ hợp thương mại căn hộ Phú Mỹ,Tháp N1,374,-5.07,10.5,10,25,10.23,,LEGAL_PERMIT_BARRIER,EXPEDITE_LEGAL_PROCEDURES
DIAG-20260630-TST-U1464,20260630,501464,TC-01-N1-25.12,Tổ hợp thương mại căn hộ Phú Mỹ,Tháp N1,173,-1.28,16.0,40,65,2.8,,LEGAL_PERMIT_BARRIER,EXPEDITE_LEGAL_PROCEDURES
DIAG-20260630-TST-U1465,20260630,501465,TC-01-N1-25.13,Tổ hợp thương mại căn hộ Phú Mỹ,Tháp N1,464,-1.53,17.6,35,25,2.54,,LEGAL_PERMIT_BARRIER,EXPEDITE_LEGAL_PROCEDURES
DIAG-20260630-TST-U1466,20260630,501466,TC-01-N1-25.14,Tổ hợp thương mại căn hộ Phú Mỹ,Tháp N1,333,-12.95,14.1,50,40,-9.34,,LEGAL_PERMIT_BARRIER,EXPEDITE_LEGAL_PROCEDURES
DIAG-20260630-TST-U1467,20260630,501467,TC-01-N1-25.15,Tổ hợp thương mại căn hộ Phú Mỹ,Tháp N1,374,0.69,13.1,20,30,16.92,,LEGAL_PERMIT_BARRIER,EXPEDITE_LEGAL_PROCEDURES
DIAG-20260630-TST-U1468,20260630,501468,TC-01-N1-25.16,Tổ hợp thương mại căn hộ Phú Mỹ,Tháp N1,239,1.64,12.9,45,65,18.02,,LEGAL_PERMIT_BARRIER,EXPEDITE_LEGAL_PROCEDURES
DIAG-20260630-TST-U1469,20260630,501469,TC-01-N1-25.17,Tổ hợp thương mại căn hộ Phú Mỹ,Tháp N1,381,-0.9,10.6,65,40,15.06,,LEGAL_PERMIT_BARRIER,EXPEDITE_LEGAL_PROCEDURES
DIAG-20260630-TST-U1470,20260630,501470,TC-01-N1-25.18,Tổ hợp thương mại căn hộ Phú Mỹ,Tháp N1,206,-12.03,9.2,65,25,2.15,,LEGAL_PERMIT_BARRIER,EXPEDITE_LEGAL_PROCEDURES
DIAG-20260630-TST-U1471,20260630,501471,TC-01-N1-25.19,Tổ hợp thương mại căn hộ Phú Mỹ,Tháp N1,279,8.63,9.7,40,25,16.23,,LEGAL_PERMIT_BARRIER,EXPEDITE_LEGAL_PROCEDURES
DIAG-20260630-TST-U1472,20260630,501472,TC-01-N1-25.20,Tổ hợp thương mại căn hộ Phú Mỹ,Tháp N1,183,8.27,17.1,20,40,12.75,,LEGAL_PERMIT_BARRIER,EXPEDITE_LEGAL_PROCEDURES
DIAG-20260630-TST-U1473,20260630,501473,TC-01-N1-25.21,Tổ hợp thương mại căn hộ Phú Mỹ,Tháp N1,244,-5.08,10.4,20,30,10.22,,LEGAL_PERMIT_BARRIER,EXPEDITE_LEGAL_PROCEDURES
DIAG-20260630-TST-U1474,20260630,501474,TC-01-N1-25.22,Tổ hợp thương mại căn hộ Phú Mỹ,Tháp N1,192,1.41,11.8,0,65,17.75,,LEGAL_PERMIT_BARRIER,EXPEDITE_LEGAL_PROCEDURES
DIAG-20260630-TST-U1475,20260630,501475,TC-01-N1-25.23,Tổ hợp thương mại căn hộ Phú Mỹ,Tháp N1,287,-5.25,16.3,0,40,-1.33,,LEGAL_PERMIT_BARRIER,EXPEDITE_LEGAL_PROCEDURES
DIAG-20260630-TST-U1477,20260630,501477,TC-01-N1-25.25,Tổ hợp thương mại căn hộ Phú Mỹ,Tháp N1,404,2.11,14.0,40,65,18.56,,LEGAL_PERMIT_BARRIER,EXPEDITE_LEGAL_PROCEDURES
DIAG-20260630-TST-U1478,20260630,501478,TC-01-N1-25.26,Tổ hợp thương mại căn hộ Phú Mỹ,Tháp N1,177,18.08,19.5,45,0,22.96,,LEGAL_PERMIT_BARRIER,EXPEDITE_LEGAL_PROCEDURES
DIAG-20260630-TST-U1479,20260630,501479,TC-01-N1-25.27,Tổ hợp thương mại căn hộ Phú Mỹ,Tháp N1,213,7.2,13.4,75,55,24.47,,LEGAL_PERMIT_BARRIER,EXPEDITE_LEGAL_PROCEDURES
DIAG-20260630-TST-U1481,20260630,501481,TC-01-N1-25.29,Tổ hợp thương mại căn hộ Phú Mỹ,Tháp N1,278,3.33,8.8,20,40,10.55,,LEGAL_PERMIT_BARRIER,EXPEDITE_LEGAL_PROCEDURES
DIAG-20260630-TST-U1482,20260630,501482,TC-01-N1-25.30,Tổ hợp thương mại căn hộ Phú Mỹ,Tháp N1,268,6.79,9.1,40,40,14.26,,LEGAL_PERMIT_BARRIER,EXPEDITE_LEGAL_PROCEDURES
DIAG-20260630-TST-U1483,20260630,501483,TC-01-N1-25.31,Tổ hợp thương mại căn hộ Phú Mỹ,Tháp N1,168,2.57,12.1,35,0,19.09,,LEGAL_PERMIT_BARRIER,EXPEDITE_LEGAL_PROCEDURES
DIAG-20260630-TST-U1484,20260630,501484,TC-01-N1-25.32,Tổ hợp thương mại căn hộ Phú Mỹ,Tháp N1,136,-10.88,10.6,10,25,3.48,,LEGAL_PERMIT_BARRIER,EXPEDITE_LEGAL_PROCEDURES
DIAG-20260630-TST-U1485,20260630,501485,TC-01-N1-25.33,Tổ hợp thương mại căn hộ Phú Mỹ,Tháp N1,432,-10.66,7.5,0,25,-4.41,,LEGAL_PERMIT_BARRIER,EXPEDITE_LEGAL_PROCEDURES
DIAG-20260630-TST-U1487,20260630,501487,TC-01-N1-25.35,Tổ hợp thương mại căn hộ Phú Mỹ,Tháp N1,282,-11.33,14.9,20,0,-7.67,,LEGAL_PERMIT_BARRIER,EXPEDITE_LEGAL_PROCEDURES
DIAG-20260630-TST-U1488,20260630,501488,TC-01-N1-25.36,Tổ hợp thương mại căn hộ Phú Mỹ,Tháp N1,195,-10.2,7.6,20,55,-3.92,,LEGAL_PERMIT_BARRIER,EXPEDITE_LEGAL_PROCEDURES
DIAG-20260630-TST-U1489,20260630,501489,TC-01-N1-25.37,Tổ hợp thương mại căn hộ Phú Mỹ,Tháp N1,174,3.95,11.8,40,0,20.7,,LEGAL_PERMIT_BARRIER,EXPEDITE_LEGAL_PROCEDURES
DIAG-20260630-TST-U1490,20260630,501490,TC-01-N1-25.38,Tổ hợp thương mại căn hộ Phú Mỹ,Tháp N1,335,-13.88,11.2,25,65,0.0,,LEGAL_PERMIT_BARRIER,EXPEDITE_LEGAL_PROCEDURES
DIAG-20260630-TST-U1491,20260630,501491,TC-01-N1-25.39,Tổ hợp thương mại căn hộ Phú Mỹ,Tháp N1,367,5.63,8.6,0,40,13.02,,LEGAL_PERMIT_BARRIER,EXPEDITE_LEGAL_PROCEDURES
DIAG-20260630-TST-U1494,20260630,501494,TC-01-N1-25.42,Tổ hợp thương mại căn hộ Phú Mỹ,Tháp N1,227,-4.62,11.4,20,40,10.74,,LEGAL_PERMIT_BARRIER,EXPEDITE_LEGAL_PROCEDURES
DIAG-20260630-TST-U1495,20260630,501495,TC-01-N1-25.43,Tổ hợp thương mại căn hộ Phú Mỹ,Tháp N1,385,15.05,14.2,40,0,33.59,,LEGAL_PERMIT_BARRIER,EXPEDITE_LEGAL_PROCEDURES
DIAG-20260630-TST-U1496,20260630,501496,TC-01-N1-25.44,Tổ hợp thương mại căn hộ Phú Mỹ,Tháp N1,279,-10.66,8.6,20,25,-4.41,,LEGAL_PERMIT_BARRIER,EXPEDITE_LEGAL_PROCEDURES
DIAG-20260630-TST-U1497,20260630,501497,TC-01-N1-25.45,Tổ hợp thương mại căn hộ Phú Mỹ,Tháp N1,267,3.78,8.4,0,0,11.04,,LEGAL_PERMIT_BARRIER,EXPEDITE_LEGAL_PROCEDURES
DIAG-20260630-TST-U1498,20260630,501498,TC-01-N1-25.46,Tổ hợp thương mại căn hộ Phú Mỹ,Tháp N1,425,12.54,10.2,40,40,20.41,,LEGAL_PERMIT_BARRIER,EXPEDITE_LEGAL_PROCEDURES
DIAG-20260630-TST-U1499,20260630,501499,TC-01-N1-25.47,Tổ hợp thương mại căn hộ Phú Mỹ,Tháp N1,469,-14.58,7.2,0,0,-8.61,,LEGAL_PERMIT_BARRIER,EXPEDITE_LEGAL_PROCEDURES
DIAG-20260630-TST-U1500,20260630,501500,TC-01-N1-25.48,Tổ hợp thương mại căn hộ Phú Mỹ,Tháp N1,384,-0.11,16.6,60,65,4.02,,LEGAL_PERMIT_BARRIER,EXPEDITE_LEGAL_PROCEDURES
DIAG-20260630-TST-U1501,20260630,501501,TC-01-N2-03.01,Tổ hợp thương mại căn hộ Phú Mỹ,Tháp N2,448,0.75,13.9,35,0,8.53,,LEGAL_PERMIT_BARRIER,EXPEDITE_LEGAL_PROCEDURES
DIAG-20260630-TST-U1502,20260630,501502,TC-01-N2-03.02,Tổ hợp thương mại căn hộ Phú Mỹ,Tháp N2,184,-16.46,8.5,20,65,-6.6,,LEGAL_PERMIT_BARRIER,EXPEDITE_LEGAL_PROCEDURES
DIAG-20260630-TST-U1503,20260630,501503,TC-01-N2-03.03,Tổ hợp thương mại căn hộ Phú Mỹ,Tháp N2,220,-0.64,7.2,20,0,11.15,,LEGAL_PERMIT_BARRIER,EXPEDITE_LEGAL_PROCEDURES
DIAG-20260630-TST-U1506,20260630,501506,TC-01-N2-03.06,Tổ hợp thương mại căn hộ Phú Mỹ,Tháp N2,261,-0.97,17.4,55,40,6.68,,LEGAL_PERMIT_BARRIER,EXPEDITE_LEGAL_PROCEDURES
DIAG-20260630-TST-U1507,20260630,501507,TC-01-N2-03.07,Tổ hợp thương mại căn hộ Phú Mỹ,Tháp N2,438,7.87,10.9,30,25,20.61,,LEGAL_PERMIT_BARRIER,EXPEDITE_LEGAL_PROCEDURES
DIAG-20260630-TST-U1508,20260630,501508,TC-01-N2-03.08,Tổ hợp thương mại căn hộ Phú Mỹ,Tháp N2,446,-21.38,9.3,20,25,-12.1,,LEGAL_PERMIT_BARRIER,EXPEDITE_LEGAL_PROCEDURES
DIAG-20260630-TST-U1509,20260630,501509,TC-01-N2-03.09,Tổ hợp thương mại căn hộ Phú Mỹ,Tháp N2,104,-2.95,7.2,45,25,8.56,,LEGAL_PERMIT_BARRIER,EXPEDITE_LEGAL_PROCEDURES
DIAG-20260630-TST-U1510,20260630,501510,TC-01-N2-03.10,Tổ hợp thương mại căn hộ Phú Mỹ,Tháp N2,419,10.57,13.4,40,40,23.63,,LEGAL_PERMIT_BARRIER,EXPEDITE_LEGAL_PROCEDURES
DIAG-20260630-TST-U1511,20260630,501511,TC-01-N2-03.11,Tổ hợp thương mại căn hộ Phú Mỹ,Tháp N2,320,-1.71,11.4,10,30,9.9,,LEGAL_PERMIT_BARRIER,EXPEDITE_LEGAL_PROCEDURES
DIAG-20260630-TST-U1512,20260630,501512,TC-01-N2-03.12,Tổ hợp thương mại căn hộ Phú Mỹ,Tháp N2,277,-7.66,13.9,10,95,-0.52,,LEGAL_PERMIT_BARRIER,EXPEDITE_LEGAL_PROCEDURES
DIAG-20260630-TST-U1513,20260630,501513,TC-01-N2-03.13,Tổ hợp thương mại căn hộ Phú Mỹ,Tháp N2,234,8.35,13.3,20,95,21.15,,LEGAL_PERMIT_BARRIER,EXPEDITE_LEGAL_PROCEDURES
DIAG-20260630-TST-U1514,20260630,501514,TC-01-N2-03.14,Tổ hợp thương mại căn hộ Phú Mỹ,Tháp N2,382,12.54,11.4,70,25,25.83,,LEGAL_PERMIT_BARRIER,EXPEDITE_LEGAL_PROCEDURES
DIAG-20260630-TST-U1515,20260630,501515,TC-01-N2-03.15,Tổ hợp thương mại căn hộ Phú Mỹ,Tháp N2,133,-0.13,7.8,75,25,11.72,,LEGAL_PERMIT_BARRIER,EXPEDITE_LEGAL_PROCEDURES
DIAG-20260630-TST-U1516,20260630,501516,TC-01-N2-03.16,Tổ hợp thương mại căn hộ Phú Mỹ,Tháp N2,423,-14.35,13.8,0,95,-7.74,,LEGAL_PERMIT_BARRIER,EXPEDITE_LEGAL_PROCEDURES
DIAG-20260630-TST-U1517,20260630,501517,TC-01-N2-03.17,Tổ hợp thương mại căn hộ Phú Mỹ,Tháp N2,411,1.22,9.8,35,0,13.18,,LEGAL_PERMIT_BARRIER,EXPEDITE_LEGAL_PROCEDURES
DIAG-20260630-TST-U1518,20260630,501518,TC-01-N2-03.18,Tổ hợp thương mại căn hộ Phú Mỹ,Tháp N2,104,-5.0,6.7,0,25,6.27,,LEGAL_PERMIT_BARRIER,EXPEDITE_LEGAL_PROCEDURES
DIAG-20260630-TST-U1519,20260630,501519,TC-01-N2-03.19,Tổ hợp thương mại căn hộ Phú Mỹ,Tháp N2,261,0.13,8.8,40,65,12.0,,LEGAL_PERMIT_BARRIER,EXPEDITE_LEGAL_PROCEDURES
DIAG-20260630-TST-U1520,20260630,501520,TC-01-N2-03.20,Tổ hợp thương mại căn hộ Phú Mỹ,Tháp N2,161,-2.7,13.7,20,25,4.81,,LEGAL_PERMIT_BARRIER,EXPEDITE_LEGAL_PROCEDURES
DIAG-20260630-TST-U1521,20260630,501521,TC-01-N2-03.21,Tổ hợp thương mại căn hộ Phú Mỹ,Tháp N2,335,-3.73,7.2,0,65,7.69,,LEGAL_PERMIT_BARRIER,EXPEDITE_LEGAL_PROCEDURES
DIAG-20260630-TST-U1522,20260630,501522,TC-01-N2-03.22,Tổ hợp thương mại căn hộ Phú Mỹ,Tháp N2,361,0.37,8.3,35,0,12.27,,LEGAL_PERMIT_BARRIER,EXPEDITE_LEGAL_PROCEDURES
DIAG-20260630-TST-U1524,20260630,501524,TC-01-N2-03.24,Tổ hợp thương mại căn hộ Phú Mỹ,Tháp N2,410,7.85,14.0,70,0,20.59,,LEGAL_PERMIT_BARRIER,EXPEDITE_LEGAL_PROCEDURES
DIAG-20260630-TST-U1527,20260630,501527,TC-01-N2-03.27,Tổ hợp thương mại căn hộ Phú Mỹ,Tháp N2,196,-5.76,6.7,60,65,5.42,,LEGAL_PERMIT_BARRIER,EXPEDITE_LEGAL_PROCEDURES
DIAG-20260630-TST-U1529,20260630,501529,TC-01-N2-03.29,Tổ hợp thương mại căn hộ Phú Mỹ,Tháp N2,184,5.91,12.4,20,40,18.42,,LEGAL_PERMIT_BARRIER,EXPEDITE_LEGAL_PROCEDURES
DIAG-20260630-TST-U1530,20260630,501530,TC-01-N2-03.30,Tổ hợp thương mại căn hộ Phú Mỹ,Tháp N2,399,16.21,13.3,50,0,29.93,,LEGAL_PERMIT_BARRIER,EXPEDITE_LEGAL_PROCEDURES
DIAG-20260630-TST-U1531,20260630,501531,TC-01-N2-03.31,Tổ hợp thương mại căn hộ Phú Mỹ,Tháp N2,314,-9.6,7.1,20,25,1.12,,LEGAL_PERMIT_BARRIER,EXPEDITE_LEGAL_PROCEDURES
DIAG-20260630-TST-U1532,20260630,501532,TC-01-N2-03.32,Tổ hợp thương mại căn hộ Phú Mỹ,Tháp N2,177,15.97,13.4,30,0,29.67,,LEGAL_PERMIT_BARRIER,EXPEDITE_LEGAL_PROCEDURES
DIAG-20260630-TST-U1533,20260630,501533,TC-01-N2-03.33,Tổ hợp thương mại căn hộ Phú Mỹ,Tháp N2,369,11.56,13.1,0,65,24.74,,LEGAL_PERMIT_BARRIER,EXPEDITE_LEGAL_PROCEDURES
DIAG-20260630-TST-U1534,20260630,501534,TC-01-N2-03.34,Tổ hợp thương mại căn hộ Phú Mỹ,Tháp N2,376,15.21,9.8,10,70,28.87,,LEGAL_PERMIT_BARRIER,EXPEDITE_LEGAL_PROCEDURES
DIAG-20260630-TST-U1535,20260630,501535,TC-01-N2-03.35,Tổ hợp thương mại căn hộ Phú Mỹ,Tháp N2,329,19.65,14.1,30,40,33.78,,LEGAL_PERMIT_BARRIER,EXPEDITE_LEGAL_PROCEDURES
DIAG-20260630-TST-U1536,20260630,501536,TC-01-N2-03.36,Tổ hợp thương mại căn hộ Phú Mỹ,Tháp N2,444,8.43,17.5,45,40,16.8,,LEGAL_PERMIT_BARRIER,EXPEDITE_LEGAL_PROCEDURES
DIAG-20260630-TST-U1537,20260630,501537,TC-01-N2-03.37,Tổ hợp thương mại căn hộ Phú Mỹ,Tháp N2,102,2.94,13.6,40,25,15.09,,LEGAL_PERMIT_BARRIER,EXPEDITE_LEGAL_PROCEDURES
DIAG-20260630-TST-U1538,20260630,501538,TC-01-N2-03.38,Tổ hợp thương mại căn hộ Phú Mỹ,Tháp N2,396,1.99,16.4,20,65,9.86,,LEGAL_PERMIT_BARRIER,EXPEDITE_LEGAL_PROCEDURES
DIAG-20260630-TST-U1539,20260630,501539,TC-01-N2-03.39,Tổ hợp thương mại căn hộ Phú Mỹ,Tháp N2,396,10.08,12.6,25,0,23.08,,LEGAL_PERMIT_BARRIER,EXPEDITE_LEGAL_PROCEDURES
DIAG-20260630-TST-U1540,20260630,501540,TC-01-N2-03.40,Tổ hợp thương mại căn hộ Phú Mỹ,Tháp N2,338,-0.01,10.5,20,40,11.8,,LEGAL_PERMIT_BARRIER,EXPEDITE_LEGAL_PROCEDURES
DIAG-20260630-TST-U1541,20260630,501541,TC-01-N2-03.41,Tổ hợp thương mại căn hộ Phú Mỹ,Tháp N2,165,1.92,8.4,40,0,14.01,,LEGAL_PERMIT_BARRIER,EXPEDITE_LEGAL_PROCEDURES
DIAG-20260630-TST-U1543,20260630,501543,TC-01-N2-03.43,Tổ hợp thương mại căn hộ Phú Mỹ,Tháp N2,271,2.68,7.2,20,25,14.86,,LEGAL_PERMIT_BARRIER,EXPEDITE_LEGAL_PROCEDURES
DIAG-20260630-TST-U1546,20260630,501546,TC-01-N2-03.46,Tổ hợp thương mại căn hộ Phú Mỹ,Tháp N2,320,7.3,7.9,55,65,20.02,,LEGAL_PERMIT_BARRIER,EXPEDITE_LEGAL_PROCEDURES
DIAG-20260630-TST-U1547,20260630,501547,TC-01-N2-03.47,Tổ hợp thương mại căn hộ Phú Mỹ,Tháp N2,271,23.11,13.2,20,0,37.65,,LEGAL_PERMIT_BARRIER,EXPEDITE_LEGAL_PROCEDURES
DIAG-20260630-TST-U1549,20260630,501549,TC-01-N2-03.49,Tổ hợp thương mại căn hộ Phú Mỹ,Tháp N2,338,6.88,12.6,60,25,19.51,,LEGAL_PERMIT_BARRIER,EXPEDITE_LEGAL_PROCEDURES
DIAG-20260630-TST-U1550,20260630,501550,TC-01-N2-03.50,Tổ hợp thương mại căn hộ Phú Mỹ,Tháp N2,419,-0.75,10.7,55,65,10.97,,LEGAL_PERMIT_BARRIER,EXPEDITE_LEGAL_PROCEDURES
DIAG-20260630-TST-U1551,20260630,501551,TC-01-N2-03.51,Tổ hợp thương mại căn hộ Phú Mỹ,Tháp N2,215,-12.28,8.7,20,25,-1.92,,LEGAL_PERMIT_BARRIER,EXPEDITE_LEGAL_PROCEDURES
DIAG-20260630-TST-U1552,20260630,501552,TC-01-N2-03.52,Tổ hợp thương mại căn hộ Phú Mỹ,Tháp N2,325,12.65,7.7,20,0,26.01,,LEGAL_PERMIT_BARRIER,EXPEDITE_LEGAL_PROCEDURES
DIAG-20260630-TST-U1553,20260630,501553,TC-01-N2-03.53,Tổ hợp thương mại căn hộ Phú Mỹ,Tháp N2,314,-3.93,10.8,30,65,7.42,,LEGAL_PERMIT_BARRIER,EXPEDITE_LEGAL_PROCEDURES
DIAG-20260630-TST-U1554,20260630,501554,TC-01-N2-03.54,Tổ hợp thương mại căn hộ Phú Mỹ,Tháp N2,304,10.07,12.1,0,70,23.07,,LEGAL_PERMIT_BARRIER,EXPEDITE_LEGAL_PROCEDURES
DIAG-20260630-TST-U1555,20260630,501555,TC-01-N2-03.55,Tổ hợp thương mại căn hộ Phú Mỹ,Tháp N2,277,8.57,8.9,40,40,21.45,,LEGAL_PERMIT_BARRIER,EXPEDITE_LEGAL_PROCEDURES
DIAG-20260630-TST-U1556,20260630,501556,TC-01-N2-03.56,Tổ hợp thương mại căn hộ Phú Mỹ,Tháp N2,293,10.83,11.6,30,0,23.92,,LEGAL_PERMIT_BARRIER,EXPEDITE_LEGAL_PROCEDURES
DIAG-20260630-TST-U1557,20260630,501557,TC-01-N2-03.57,Tổ hợp thương mại căn hộ Phú Mỹ,Tháp N2,420,-1.72,10.5,25,25,9.89,,LEGAL_PERMIT_BARRIER,EXPEDITE_LEGAL_PROCEDURES
DIAG-20260630-TST-U1558,20260630,501558,TC-01-N2-03.58,Tổ hợp thương mại căn hộ Phú Mỹ,Tháp N2,387,18.91,13.5,20,0,32.95,,LEGAL_PERMIT_BARRIER,EXPEDITE_LEGAL_PROCEDURES
DIAG-20260630-TST-U1559,20260630,501559,TC-01-N2-03.59,Tổ hợp thương mại căn hộ Phú Mỹ,Tháp N2,211,4.23,16.8,20,25,12.28,,LEGAL_PERMIT_BARRIER,EXPEDITE_LEGAL_PROCEDURES
DIAG-20260630-TST-U1560,20260630,501560,TC-01-N2-03.60,Tổ hợp thương mại căn hộ Phú Mỹ,Tháp N2,131,6.78,8.5,0,0,19.44,,LEGAL_PERMIT_BARRIER,EXPEDITE_LEGAL_PROCEDURES
DIAG-20260630-TST-U1561,20260630,501561,TC-01-N2-03.61,Tổ hợp thương mại căn hộ Phú Mỹ,Tháp N2,419,-4.69,14.5,40,25,2.67,,LEGAL_PERMIT_BARRIER,EXPEDITE_LEGAL_PROCEDURES
DIAG-20260630-TST-U1564,20260630,501564,TC-01-N2-03.64,Tổ hợp thương mại căn hộ Phú Mỹ,Tháp N2,449,-9.33,9.8,65,75,1.38,,LEGAL_PERMIT_BARRIER,EXPEDITE_LEGAL_PROCEDURES
DIAG-20260630-TST-U1565,20260630,501565,TC-01-N2-03.65,Tổ hợp thương mại căn hộ Phú Mỹ,Tháp N2,126,-0.99,10.7,20,75,10.7,,LEGAL_PERMIT_BARRIER,EXPEDITE_LEGAL_PROCEDURES
DIAG-20260630-TST-U1566,20260630,501566,TC-01-N2-03.66,Tổ hợp thương mại căn hộ Phú Mỹ,Tháp N2,470,10.4,19.0,35,0,18.93,,LEGAL_PERMIT_BARRIER,EXPEDITE_LEGAL_PROCEDURES
DIAG-20260630-TST-U1567,20260630,501567,TC-01-N2-04.01,Tổ hợp thương mại căn hộ Phú Mỹ,Tháp N2,188,1.47,9.8,20,55,13.46,,LEGAL_PERMIT_BARRIER,EXPEDITE_LEGAL_PROCEDURES
DIAG-20260630-TST-U1568,20260630,501568,TC-01-N2-04.02,Tổ hợp thương mại căn hộ Phú Mỹ,Tháp N2,182,4.72,16.8,10,95,12.81,,LEGAL_PERMIT_BARRIER,EXPEDITE_LEGAL_PROCEDURES
DIAG-20260630-TST-U1569,20260630,501569,TC-01-N2-04.03,Tổ hợp thương mại căn hộ Phú Mỹ,Tháp N2,110,-6.17,14.0,20,30,1.07,,LEGAL_PERMIT_BARRIER,EXPEDITE_LEGAL_PROCEDURES
DIAG-20260630-TST-U1570,20260630,501570,TC-01-N2-04.04,Tổ hợp thương mại căn hộ Phú Mỹ,Tháp N2,341,1.98,12.0,35,95,14.02,,LEGAL_PERMIT_BARRIER,EXPEDITE_LEGAL_PROCEDURES
DIAG-20260630-TST-U1572,20260630,501572,TC-01-N2-04.06,Tổ hợp thương mại căn hộ Phú Mỹ,Tháp N2,197,-0.01,10.3,0,55,11.8,,LEGAL_PERMIT_BARRIER,EXPEDITE_LEGAL_PROCEDURES
DIAG-20260630-TST-U1573,20260630,501573,TC-01-N2-04.07,Tổ hợp thương mại căn hộ Phú Mỹ,Tháp N2,328,-12.54,10.2,30,30,-2.21,,LEGAL_PERMIT_BARRIER,EXPEDITE_LEGAL_PROCEDURES
DIAG-20260630-TST-U1574,20260630,501574,TC-01-N2-04.08,Tổ hợp thương mại căn hộ Phú Mỹ,Tháp N2,373,10.16,14.9,70,30,18.67,,LEGAL_PERMIT_BARRIER,EXPEDITE_LEGAL_PROCEDURES
DIAG-20260630-TST-U1576,20260630,501576,TC-01-N2-04.10,Tổ hợp thương mại căn hộ Phú Mỹ,Tháp N2,177,-7.13,10.3,20,55,3.84,,LEGAL_PERMIT_BARRIER,EXPEDITE_LEGAL_PROCEDURES
DIAG-20260630-TST-U1577,20260630,501577,TC-01-N2-04.11,Tổ hợp thương mại căn hộ Phú Mỹ,Tháp N2,237,0.01,11.5,60,30,11.82,,LEGAL_PERMIT_BARRIER,EXPEDITE_LEGAL_PROCEDURES
DIAG-20260630-TST-U1578,20260630,501578,TC-01-N2-04.12,Tổ hợp thương mại căn hộ Phú Mỹ,Tháp N2,426,-8.42,13.6,80,95,-1.34,,LEGAL_PERMIT_BARRIER,EXPEDITE_LEGAL_PROCEDURES
DIAG-20260630-TST-U1579,20260630,501579,TC-01-N2-04.13,Tổ hợp thương mại căn hộ Phú Mỹ,Tháp N2,192,12.03,12.1,75,70,25.26,,LEGAL_PERMIT_BARRIER,EXPEDITE_LEGAL_PROCEDURES
DIAG-20260630-TST-U1580,20260630,501580,TC-01-N2-04.14,Tổ hợp thương mại căn hộ Phú Mỹ,Tháp N2,399,-8.41,13.4,20,75,-1.34,,LEGAL_PERMIT_BARRIER,EXPEDITE_LEGAL_PROCEDURES
DIAG-20260630-TST-U1581,20260630,501581,TC-01-N2-04.15,Tổ hợp thương mại căn hộ Phú Mỹ,Tháp N2,367,1.64,8.1,20,55,13.69,,LEGAL_PERMIT_BARRIER,EXPEDITE_LEGAL_PROCEDURES
DIAG-20260630-TST-U1582,20260630,501582,TC-01-N2-04.16,Tổ hợp thương mại căn hộ Phú Mỹ,Tháp N2,196,7.62,11.6,55,30,20.34,,LEGAL_PERMIT_BARRIER,EXPEDITE_LEGAL_PROCEDURES
DIAG-20260630-TST-U1583,20260630,501583,TC-01-N2-04.17,Tổ hợp thương mại căn hộ Phú Mỹ,Tháp N2,249,-0.49,10.4,45,95,11.26,,LEGAL_PERMIT_BARRIER,EXPEDITE_LEGAL_PROCEDURES
DIAG-20260630-TST-U1584,20260630,501584,TC-01-N2-04.18,Tổ hợp thương mại căn hộ Phú Mỹ,Tháp N2,420,-2.94,9.9,10,70,8.52,,LEGAL_PERMIT_BARRIER,EXPEDITE_LEGAL_PROCEDURES
DIAG-20260630-TST-U1586,20260630,501586,TC-01-N2-04.20,Tổ hợp thương mại căn hộ Phú Mỹ,Tháp N2,274,-20.79,12.4,40,95,-14.68,,LEGAL_PERMIT_BARRIER,EXPEDITE_LEGAL_PROCEDURES
DIAG-20260630-TST-U1587,20260630,501587,TC-01-N2-04.21,Tổ hợp thương mại căn hộ Phú Mỹ,Tháp N2,155,8.8,8.6,10,30,21.7,,LEGAL_PERMIT_BARRIER,EXPEDITE_LEGAL_PROCEDURES
DIAG-20260630-TST-U1588,20260630,501588,TC-01-N2-04.22,Tổ hợp thương mại căn hộ Phú Mỹ,Tháp N2,202,-17.2,9.3,40,55,-7.42,,LEGAL_PERMIT_BARRIER,EXPEDITE_LEGAL_PROCEDURES
DIAG-20260630-TST-U1590,20260630,501590,TC-01-N2-04.24,Tổ hợp thương mại căn hộ Phú Mỹ,Tháp N2,258,17.46,12.8,25,70,31.33,,LEGAL_PERMIT_BARRIER,EXPEDITE_LEGAL_PROCEDURES
DIAG-20260630-TST-U1592,20260630,501592,TC-01-N2-04.26,Tổ hợp thương mại căn hộ Phú Mỹ,Tháp N2,299,-13.03,10.0,35,55,-2.76,,LEGAL_PERMIT_BARRIER,EXPEDITE_LEGAL_PROCEDURES
DIAG-20260630-TST-U1593,20260630,501593,TC-01-N2-04.27,Tổ hợp thương mại căn hộ Phú Mỹ,Tháp N2,421,12.04,6.5,40,95,14.22,,LEGAL_PERMIT_BARRIER,EXPEDITE_LEGAL_PROCEDURES
DIAG-20260630-TST-U1594,20260630,501594,TC-01-N2-04.28,Tổ hợp thương mại căn hộ Phú Mỹ,Tháp N2,296,7.66,6.2,60,30,9.76,,LEGAL_PERMIT_BARRIER,EXPEDITE_LEGAL_PROCEDURES
DIAG-20260630-TST-U1595,20260630,501595,TC-01-N2-04.29,Tổ hợp thương mại căn hộ Phú Mỹ,Tháp N2,100,-8.06,7.3,70,55,2.84,,LEGAL_PERMIT_BARRIER,EXPEDITE_LEGAL_PROCEDURES
DIAG-20260630-TST-U1596,20260630,501596,TC-01-N2-04.30,Tổ hợp thương mại căn hộ Phú Mỹ,Tháp N2,282,-4.37,5.7,30,95,-2.5,,LEGAL_PERMIT_BARRIER,EXPEDITE_LEGAL_PROCEDURES
DIAG-20260630-TST-U1597,20260630,501597,TC-01-N2-04.31,Tổ hợp thương mại căn hộ Phú Mỹ,Tháp N2,291,4.93,10.8,20,95,17.33,,LEGAL_PERMIT_BARRIER,EXPEDITE_LEGAL_PROCEDURES
DIAG-20260630-TST-U1598,20260630,501598,TC-01-N2-04.32,Tổ hợp thương mại căn hộ Phú Mỹ,Tháp N2,249,1.72,12.5,20,95,13.74,,LEGAL_PERMIT_BARRIER,EXPEDITE_LEGAL_PROCEDURES
DIAG-20260630-TST-U1599,20260630,501599,TC-01-N2-04.33,Tổ hợp thương mại căn hộ Phú Mỹ,Tháp N2,105,-10.84,7.3,15,55,-0.26,,LEGAL_PERMIT_BARRIER,EXPEDITE_LEGAL_PROCEDURES
DIAG-20260630-TST-U1600,20260630,501600,TC-01-N2-04.34,Tổ hợp thương mại căn hộ Phú Mỹ,Tháp N2,192,7.87,13.0,15,70,20.61,,LEGAL_PERMIT_BARRIER,EXPEDITE_LEGAL_PROCEDURES
DIAG-20260630-TST-U1602,20260630,501602,TC-01-N2-04.36,Tổ hợp thương mại căn hộ Phú Mỹ,Tháp N2,248,3.2,8.5,20,95,15.44,,LEGAL_PERMIT_BARRIER,EXPEDITE_LEGAL_PROCEDURES
DIAG-20260630-TST-U1603,20260630,501603,TC-01-N2-04.37,Tổ hợp thương mại căn hộ Phú Mỹ,Tháp N2,228,1.72,11.5,55,30,13.74,,LEGAL_PERMIT_BARRIER,EXPEDITE_LEGAL_PROCEDURES
DIAG-20260630-TST-U1604,20260630,501604,TC-01-N2-04.38,Tổ hợp thương mại căn hộ Phú Mỹ,Tháp N2,142,12.88,16.5,55,95,21.6,,LEGAL_PERMIT_BARRIER,EXPEDITE_LEGAL_PROCEDURES
DIAG-20260630-TST-U1605,20260630,501605,TC-01-N2-04.39,Tổ hợp thương mại căn hộ Phú Mỹ,Tháp N2,229,10.34,8.4,20,70,23.43,,LEGAL_PERMIT_BARRIER,EXPEDITE_LEGAL_PROCEDURES
DIAG-20260630-TST-U1607,20260630,501607,TC-01-N2-04.41,Tổ hợp thương mại căn hộ Phú Mỹ,Tháp N2,108,12.77,12.3,0,30,26.09,,LEGAL_PERMIT_BARRIER,EXPEDITE_LEGAL_PROCEDURES
DIAG-20260630-TST-U1608,20260630,501608,TC-01-N2-04.42,Tổ hợp thương mại căn hộ Phú Mỹ,Tháp N2,378,8.93,16.1,40,30,17.34,,LEGAL_PERMIT_BARRIER,EXPEDITE_LEGAL_PROCEDURES
DIAG-20260630-TST-U1609,20260630,501609,TC-01-N2-04.43,Tổ hợp thương mại căn hộ Phú Mỹ,Tháp N2,323,-10.82,11.3,30,95,-0.29,,LEGAL_PERMIT_BARRIER,EXPEDITE_LEGAL_PROCEDURES
DIAG-20260630-TST-U1610,20260630,501610,TC-01-N2-04.44,Tổ hợp thương mại căn hộ Phú Mỹ,Tháp N2,285,2.23,15.9,50,55,10.12,,LEGAL_PERMIT_BARRIER,EXPEDITE_LEGAL_PROCEDURES
DIAG-20260630-TST-U1611,20260630,501611,TC-01-N2-04.45,Tổ hợp thương mại căn hộ Phú Mỹ,Tháp N2,171,-4.75,8.2,0,55,6.55,,LEGAL_PERMIT_BARRIER,EXPEDITE_LEGAL_PROCEDURES
DIAG-20260630-TST-U1612,20260630,501612,TC-01-N2-04.46,Tổ hợp thương mại căn hộ Phú Mỹ,Tháp N2,188,-11.78,11.2,25,30,-1.36,,LEGAL_PERMIT_BARRIER,EXPEDITE_LEGAL_PROCEDURES
DIAG-20260630-TST-U1613,20260630,501613,TC-01-N2-04.47,Tổ hợp thương mại căn hộ Phú Mỹ,Tháp N2,310,-15.48,10.3,65,95,-5.5,,LEGAL_PERMIT_BARRIER,EXPEDITE_LEGAL_PROCEDURES
DIAG-20260630-TST-U1614,20260630,501614,TC-01-N2-04.48,Tổ hợp thương mại căn hộ Phú Mỹ,Tháp N2,255,6.46,17.2,40,30,14.68,,LEGAL_PERMIT_BARRIER,EXPEDITE_LEGAL_PROCEDURES
DIAG-20260630-TST-U1615,20260630,501615,TC-01-N2-04.49,Tổ hợp thương mại căn hộ Phú Mỹ,Tháp N2,352,5.17,12.5,10,95,17.6,,LEGAL_PERMIT_BARRIER,EXPEDITE_LEGAL_PROCEDURES
DIAG-20260630-TST-U1617,20260630,501617,TC-01-N2-04.51,Tổ hợp thương mại căn hộ Phú Mỹ,Tháp N2,218,11.3,11.0,20,70,24.45,,LEGAL_PERMIT_BARRIER,EXPEDITE_LEGAL_PROCEDURES
DIAG-20260630-TST-U1618,20260630,501618,TC-01-N2-04.52,Tổ hợp thương mại căn hộ Phú Mỹ,Tháp N2,323,-12.35,5.4,20,55,-10.63,,LEGAL_PERMIT_BARRIER,EXPEDITE_LEGAL_PROCEDURES
DIAG-20260630-TST-U1620,20260630,501620,TC-01-N2-04.54,Tổ hợp thương mại căn hộ Phú Mỹ,Tháp N2,402,-2.43,7.7,30,55,9.14,,LEGAL_PERMIT_BARRIER,EXPEDITE_LEGAL_PROCEDURES
DIAG-20260630-TST-U1621,20260630,501621,TC-01-N2-04.55,Tổ hợp thương mại căn hộ Phú Mỹ,Tháp N2,350,-8.76,5.1,45,55,-6.98,,LEGAL_PERMIT_BARRIER,EXPEDITE_LEGAL_PROCEDURES
DIAG-20260630-TST-U1622,20260630,501622,TC-01-N2-04.56,Tổ hợp thương mại căn hộ Phú Mỹ,Tháp N2,245,-17.58,12.3,75,30,-11.21,,LEGAL_PERMIT_BARRIER,EXPEDITE_LEGAL_PROCEDURES
DIAG-20260630-TST-U1623,20260630,501623,TC-01-N2-04.57,Tổ hợp thương mại căn hộ Phú Mỹ,Tháp N2,363,-5.94,15.6,40,55,1.33,,LEGAL_PERMIT_BARRIER,EXPEDITE_LEGAL_PROCEDURES
DIAG-20260630-TST-U1624,20260630,501624,TC-01-N2-04.58,Tổ hợp thương mại căn hộ Phú Mỹ,Tháp N2,137,8.74,6.4,40,30,10.86,,LEGAL_PERMIT_BARRIER,EXPEDITE_LEGAL_PROCEDURES
DIAG-20260630-TST-U1626,20260630,501626,TC-01-N2-04.60,Tổ hợp thương mại căn hộ Phú Mỹ,Tháp N2,202,-11.87,7.0,20,70,-1.42,,LEGAL_PERMIT_BARRIER,EXPEDITE_LEGAL_PROCEDURES
DIAG-20260630-TST-U1627,20260630,501627,TC-01-N2-04.61,Tổ hợp thương mại căn hộ Phú Mỹ,Tháp N2,325,0.62,8.4,45,95,12.55,,LEGAL_PERMIT_BARRIER,EXPEDITE_LEGAL_PROCEDURES
DIAG-20260630-TST-U1628,20260630,501628,TC-01-N2-04.62,Tổ hợp thương mại căn hộ Phú Mỹ,Tháp N2,321,-18.92,9.5,65,30,-9.35,,LEGAL_PERMIT_BARRIER,EXPEDITE_LEGAL_PROCEDURES
DIAG-20260630-TST-U1629,20260630,501629,TC-01-N2-04.63,Tổ hợp thương mại căn hộ Phú Mỹ,Tháp N2,217,14.0,12.3,40,30,27.46,,LEGAL_PERMIT_BARRIER,EXPEDITE_LEGAL_PROCEDURES
DIAG-20260630-TST-U1631,20260630,501631,TC-01-N2-04.65,Tổ hợp thương mại căn hộ Phú Mỹ,Tháp N2,369,11.3,13.6,25,70,24.45,,LEGAL_PERMIT_BARRIER,EXPEDITE_LEGAL_PROCEDURES
DIAG-20260630-TST-U1632,20260630,501632,TC-01-N2-04.66,Tổ hợp thương mại căn hộ Phú Mỹ,Tháp N2,302,-5.15,11.5,45,75,6.05,,LEGAL_PERMIT_BARRIER,EXPEDITE_LEGAL_PROCEDURES
DIAG-20260630-TST-U1633,20260630,501633,TC-01-N2-05.01,Tổ hợp thương mại căn hộ Phú Mỹ,Tháp N2,443,-3.92,12.5,45,0,7.43,,LEGAL_PERMIT_BARRIER,EXPEDITE_LEGAL_PROCEDURES
DIAG-20260630-TST-U1635,20260630,501635,TC-01-N2-05.03,Tổ hợp thương mại căn hộ Phú Mỹ,Tháp N2,179,-4.91,11.1,20,25,6.32,,LEGAL_PERMIT_BARRIER,EXPEDITE_LEGAL_PROCEDURES
DIAG-20260630-TST-U1636,20260630,501636,TC-01-N2-05.04,Tổ hợp thương mại căn hộ Phú Mỹ,Tháp N2,337,7.01,9.3,40,40,19.71,,LEGAL_PERMIT_BARRIER,EXPEDITE_LEGAL_PROCEDURES
DIAG-20260630-TST-U1637,20260630,501637,TC-01-N2-05.05,Tổ hợp thương mại căn hộ Phú Mỹ,Tháp N2,362,5.64,13.3,20,40,18.12,,LEGAL_PERMIT_BARRIER,EXPEDITE_LEGAL_PROCEDURES
DIAG-20260630-TST-U1638,20260630,501638,TC-01-N2-05.06,Tổ hợp thương mại căn hộ Phú Mỹ,Tháp N2,464,-16.81,12.7,10,45,-10.39,,LEGAL_PERMIT_BARRIER,EXPEDITE_LEGAL_PROCEDURES
DIAG-20260630-TST-U1640,20260630,501640,TC-01-N2-05.08,Tổ hợp thương mại căn hộ Phú Mỹ,Tháp N2,141,7.28,9.5,20,65,20.0,,LEGAL_PERMIT_BARRIER,EXPEDITE_LEGAL_PROCEDURES
DIAG-20260630-TST-U1641,20260630,501641,TC-01-N2-05.09,Tổ hợp thương mại căn hộ Phú Mỹ,Tháp N2,458,6.38,12.4,55,40,18.95,,LEGAL_PERMIT_BARRIER,EXPEDITE_LEGAL_PROCEDURES
DIAG-20260630-TST-U1642,20260630,501642,TC-01-N2-05.10,Tổ hợp thương mại căn hộ Phú Mỹ,Tháp N2,364,-4.41,11.5,20,25,6.88,,LEGAL_PERMIT_BARRIER,EXPEDITE_LEGAL_PROCEDURES
DIAG-20260630-TST-U1643,20260630,501643,TC-01-N2-05.11,Tổ hợp thương mại căn hộ Phú Mỹ,Tháp N2,106,16.71,12.5,80,65,30.5,,LEGAL_PERMIT_BARRIER,EXPEDITE_LEGAL_PROCEDURES
DIAG-20260630-TST-U1644,20260630,501644,TC-01-N2-05.12,Tổ hợp thương mại căn hộ Phú Mỹ,Tháp N2,281,-14.98,9.6,20,25,-4.93,,LEGAL_PERMIT_BARRIER,EXPEDITE_LEGAL_PROCEDURES
DIAG-20260630-TST-U1646,20260630,501646,TC-01-N2-05.14,Tổ hợp thương mại căn hộ Phú Mỹ,Tháp N2,402,22.85,9.4,35,25,37.42,,LEGAL_PERMIT_BARRIER,EXPEDITE_LEGAL_PROCEDURES
DIAG-20260630-TST-U1647,20260630,501647,TC-01-N2-05.15,Tổ hợp thương mại căn hộ Phú Mỹ,Tháp N2,294,-10.34,7.2,75,25,0.29,,LEGAL_PERMIT_BARRIER,EXPEDITE_LEGAL_PROCEDURES
DIAG-20260630-TST-U1648,20260630,501648,TC-01-N2-05.16,Tổ hợp thương mại căn hộ Phú Mỹ,Tháp N2,300,5.98,8.0,40,65,18.55,,LEGAL_PERMIT_BARRIER,EXPEDITE_LEGAL_PROCEDURES
DIAG-20260630-TST-U1649,20260630,501649,TC-01-N2-05.17,Tổ hợp thương mại căn hộ Phú Mỹ,Tháp N2,460,-4.93,13.7,20,0,2.41,,LEGAL_PERMIT_BARRIER,EXPEDITE_LEGAL_PROCEDURES
DIAG-20260630-TST-U1650,20260630,501650,TC-01-N2-05.18,Tổ hợp thương mại căn hộ Phú Mỹ,Tháp N2,363,24.03,19.8,50,0,33.61,,LEGAL_PERMIT_BARRIER,EXPEDITE_LEGAL_PROCEDURES
DIAG-20260630-TST-U1651,20260630,501651,TC-01-N2-05.19,Tổ hợp thương mại căn hộ Phú Mỹ,Tháp N2,328,9.09,12.5,0,0,21.98,,LEGAL_PERMIT_BARRIER,EXPEDITE_LEGAL_PROCEDURES
DIAG-20260630-TST-U1653,20260630,501653,TC-01-N2-05.21,Tổ hợp thương mại căn hộ Phú Mỹ,Tháp N2,362,-0.97,10.7,20,25,10.73,,LEGAL_PERMIT_BARRIER,EXPEDITE_LEGAL_PROCEDURES
DIAG-20260630-TST-U1654,20260630,501654,TC-01-N2-05.22,Tổ hợp thương mại căn hộ Phú Mỹ,Tháp N2,434,-16.95,9.0,85,25,-7.14,,LEGAL_PERMIT_BARRIER,EXPEDITE_LEGAL_PROCEDURES
DIAG-20260630-TST-U1655,20260630,501655,TC-01-N2-05.23,Tổ hợp thương mại căn hộ Phú Mỹ,Tháp N2,169,-3.68,11.4,70,0,7.7,,LEGAL_PERMIT_BARRIER,EXPEDITE_LEGAL_PROCEDURES
DIAG-20260630-TST-U1656,20260630,501656,TC-01-N2-05.24,Tổ hợp thương mại căn hộ Phú Mỹ,Tháp N2,448,0.98,11.7,40,65,12.91,,LEGAL_PERMIT_BARRIER,EXPEDITE_LEGAL_PROCEDURES
DIAG-20260630-TST-U1657,20260630,501657,TC-01-N2-05.25,Tổ hợp thương mại căn hộ Phú Mỹ,Tháp N2,303,-2.95,7.6,40,65,8.57,,LEGAL_PERMIT_BARRIER,EXPEDITE_LEGAL_PROCEDURES
DIAG-20260630-TST-U1658,20260630,501658,TC-01-N2-05.26,Tổ hợp thương mại căn hộ Phú Mỹ,Tháp N2,297,-4.23,7.9,60,20,7.13,,LEGAL_PERMIT_BARRIER,EXPEDITE_LEGAL_PROCEDURES
DIAG-20260630-TST-U1659,20260630,501659,TC-01-N2-05.27,Tổ hợp thương mại căn hộ Phú Mỹ,Tháp N2,387,-1.73,10.1,35,25,9.88,,LEGAL_PERMIT_BARRIER,EXPEDITE_LEGAL_PROCEDURES
DIAG-20260630-TST-U1660,20260630,501660,TC-01-N2-05.28,Tổ hợp thương mại căn hộ Phú Mỹ,Tháp N2,319,13.04,13.6,70,40,26.39,,LEGAL_PERMIT_BARRIER,EXPEDITE_LEGAL_PROCEDURES
DIAG-20260630-TST-U1661,20260630,501661,TC-01-N2-05.29,Tổ hợp thương mại căn hộ Phú Mỹ,Tháp N2,333,-4.41,9.9,20,0,6.88,,LEGAL_PERMIT_BARRIER,EXPEDITE_LEGAL_PROCEDURES
DIAG-20260630-TST-U1662,20260630,501662,TC-01-N2-05.30,Tổ hợp thương mại căn hộ Phú Mỹ,Tháp N2,464,-12.52,10.2,45,0,-2.19,,LEGAL_PERMIT_BARRIER,EXPEDITE_LEGAL_PROCEDURES
DIAG-20260630-TST-U1663,20260630,501663,TC-01-N2-05.31,Tổ hợp thương mại căn hộ Phú Mỹ,Tháp N2,295,17.08,17.9,40,40,26.13,,LEGAL_PERMIT_BARRIER,EXPEDITE_LEGAL_PROCEDURES
DIAG-20260630-TST-U1664,20260630,501664,TC-01-N2-05.32,Tổ hợp thương mại căn hộ Phú Mỹ,Tháp N2,438,-0.75,11.4,35,40,10.97,,LEGAL_PERMIT_BARRIER,EXPEDITE_LEGAL_PROCEDURES
DIAG-20260630-TST-U1665,20260630,501665,TC-01-N2-05.33,Tổ hợp thương mại căn hộ Phú Mỹ,Tháp N2,270,8.34,12.1,20,0,21.14,,LEGAL_PERMIT_BARRIER,EXPEDITE_LEGAL_PROCEDURES
DIAG-20260630-TST-U1667,20260630,501667,TC-01-N2-05.35,Tổ hợp thương mại căn hộ Phú Mỹ,Tháp N2,167,9.92,16.5,45,40,18.41,,LEGAL_PERMIT_BARRIER,EXPEDITE_LEGAL_PROCEDURES
DIAG-20260630-TST-U1668,20260630,501668,TC-01-N2-05.36,Tổ hợp thương mại căn hộ Phú Mỹ,Tháp N2,372,-15.99,7.1,20,25,-6.02,,LEGAL_PERMIT_BARRIER,EXPEDITE_LEGAL_PROCEDURES
DIAG-20260630-TST-U1669,20260630,501669,TC-01-N2-05.37,Tổ hợp thương mại căn hộ Phú Mỹ,Tháp N2,270,4.99,8.6,10,40,17.45,,LEGAL_PERMIT_BARRIER,EXPEDITE_LEGAL_PROCEDURES
DIAG-20260630-TST-U1670,20260630,501670,TC-01-N2-05.38,Tổ hợp thương mại căn hộ Phú Mỹ,Tháp N2,452,-10.63,13.6,40,65,-3.73,,LEGAL_PERMIT_BARRIER,EXPEDITE_LEGAL_PROCEDURES
DIAG-20260630-TST-U1671,20260630,501671,TC-01-N2-05.39,Tổ hợp thương mại căn hộ Phú Mỹ,Tháp N2,380,-12.28,9.6,20,25,-1.92,,LEGAL_PERMIT_BARRIER,EXPEDITE_LEGAL_PROCEDURES
DIAG-20260630-TST-U1672,20260630,501672,TC-01-N2-05.40,Tổ hợp thương mại căn hộ Phú Mỹ,Tháp N2,315,-3.91,9.8,40,25,7.44,,LEGAL_PERMIT_BARRIER,EXPEDITE_LEGAL_PROCEDURES
DIAG-20260630-TST-U1674,20260630,501674,TC-01-N2-05.42,Tổ hợp thương mại căn hộ Phú Mỹ,Tháp N2,351,9.34,9.5,0,30,22.31,,LEGAL_PERMIT_BARRIER,EXPEDITE_LEGAL_PROCEDURES
DIAG-20260630-TST-U1675,20260630,501675,TC-01-N2-05.43,Tổ hợp thương mại căn hộ Phú Mỹ,Tháp N2,303,-7.17,12.8,40,25,0.0,,LEGAL_PERMIT_BARRIER,EXPEDITE_LEGAL_PROCEDURES
DIAG-20260630-TST-U1676,20260630,501676,TC-01-N2-05.44,Tổ hợp thương mại căn hộ Phú Mỹ,Tháp N2,286,2.21,12.8,60,40,14.28,,LEGAL_PERMIT_BARRIER,EXPEDITE_LEGAL_PROCEDURES
DIAG-20260630-TST-U1677,20260630,501677,TC-01-N2-05.45,Tổ hợp thương mại căn hộ Phú Mỹ,Tháp N2,438,-2.45,11.4,20,65,9.08,,LEGAL_PERMIT_BARRIER,EXPEDITE_LEGAL_PROCEDURES
DIAG-20260630-TST-U1678,20260630,501678,TC-01-N2-05.46,Tổ hợp thương mại căn hộ Phú Mỹ,Tháp N2,408,-2.22,12.3,35,25,9.33,,LEGAL_PERMIT_BARRIER,EXPEDITE_LEGAL_PROCEDURES
DIAG-20260630-TST-U1679,20260630,501679,TC-01-N2-05.47,Tổ hợp thương mại căn hộ Phú Mỹ,Tháp N2,91,4.17,12.4,30,0,16.47,,LEGAL_PERMIT_BARRIER,EXPEDITE_LEGAL_PROCEDURES
DIAG-20260630-TST-U1680,20260630,501680,TC-01-N2-05.48,Tổ hợp thương mại căn hộ Phú Mỹ,Tháp N2,397,-10.32,10.3,20,65,0.27,,LEGAL_PERMIT_BARRIER,EXPEDITE_LEGAL_PROCEDURES
DIAG-20260630-TST-U1681,20260630,501681,TC-01-N2-05.49,Tổ hợp thương mại căn hộ Phú Mỹ,Tháp N2,157,-0.64,7.2,20,25,11.15,,LEGAL_PERMIT_BARRIER,EXPEDITE_LEGAL_PROCEDURES
DIAG-20260630-TST-U1682,20260630,501682,TC-01-N2-05.50,Tổ hợp thương mại căn hộ Phú Mỹ,Tháp N2,343,-4.7,15.4,40,65,2.66,,LEGAL_PERMIT_BARRIER,EXPEDITE_LEGAL_PROCEDURES
DIAG-20260630-TST-U1683,20260630,501683,TC-01-N2-05.51,Tổ hợp thương mại căn hộ Phú Mỹ,Tháp N2,440,14.85,17.6,25,0,23.72,,LEGAL_PERMIT_BARRIER,EXPEDITE_LEGAL_PROCEDURES
DIAG-20260630-TST-U1684,20260630,501684,TC-01-N2-05.52,Tổ hợp thương mại căn hộ Phú Mỹ,Tháp N2,403,-16.94,10.0,10,65,-7.13,,LEGAL_PERMIT_BARRIER,EXPEDITE_LEGAL_PROCEDURES
DIAG-20260630-TST-U1685,20260630,501685,TC-01-N2-05.53,Tổ hợp thương mại căn hộ Phú Mỹ,Tháp N2,135,5.4,12.8,0,70,17.85,,LEGAL_PERMIT_BARRIER,EXPEDITE_LEGAL_PROCEDURES
DIAG-20260630-TST-U1686,20260630,501686,TC-01-N2-05.54,Tổ hợp thương mại căn hộ Phú Mỹ,Tháp N2,313,-9.09,8.7,20,65,1.65,,LEGAL_PERMIT_BARRIER,EXPEDITE_LEGAL_PROCEDURES
DIAG-20260630-TST-U1687,20260630,501687,TC-01-N2-05.55,Tổ hợp thương mại căn hộ Phú Mỹ,Tháp N2,412,-18.93,8.1,30,25,-9.35,,LEGAL_PERMIT_BARRIER,EXPEDITE_LEGAL_PROCEDURES
DIAG-20260630-TST-U1688,20260630,501688,TC-01-N2-05.56,Tổ hợp thương mại căn hộ Phú Mỹ,Tháp N2,268,-0.99,10.8,25,70,10.71,,LEGAL_PERMIT_BARRIER,EXPEDITE_LEGAL_PROCEDURES
DIAG-20260630-TST-U1689,20260630,501689,TC-01-N2-05.57,Tổ hợp thương mại căn hộ Phú Mỹ,Tháp N2,262,-16.23,9.2,40,25,-6.34,,LEGAL_PERMIT_BARRIER,EXPEDITE_LEGAL_PROCEDURES
DIAG-20260630-TST-U1691,20260630,501691,TC-01-N2-05.59,Tổ hợp thương mại căn hộ Phú Mỹ,Tháp N2,401,4.21,16.0,15,0,12.26,,LEGAL_PERMIT_BARRIER,EXPEDITE_LEGAL_PROCEDURES
DIAG-20260630-TST-U1693,20260630,501693,TC-01-N2-05.61,Tổ hợp thương mại căn hộ Phú Mỹ,Tháp N2,95,-10.56,10.5,20,25,0.0,,LEGAL_PERMIT_BARRIER,EXPEDITE_LEGAL_PROCEDURES
DIAG-20260630-TST-U1694,20260630,501694,TC-01-N2-05.62,Tổ hợp thương mại căn hộ Phú Mỹ,Tháp N2,241,-15.72,8.1,40,30,-5.76,,LEGAL_PERMIT_BARRIER,EXPEDITE_LEGAL_PROCEDURES
DIAG-20260630-TST-U1695,20260630,501695,TC-01-N2-05.63,Tổ hợp thương mại căn hộ Phú Mỹ,Tháp N2,457,12.77,13.6,0,0,26.09,,LEGAL_PERMIT_BARRIER,EXPEDITE_LEGAL_PROCEDURES
DIAG-20260630-TST-U1698,20260630,501698,TC-01-N2-05.66,Tổ hợp thương mại căn hộ Phú Mỹ,Tháp N2,428,-1.67,7.6,40,25,9.99,,LEGAL_PERMIT_BARRIER,EXPEDITE_LEGAL_PROCEDURES
DIAG-20260630-TST-U1699,20260630,501699,TC-01-N2-06.01,Tổ hợp thương mại căn hộ Phú Mỹ,Tháp N2,325,-11.97,14.1,45,0,4.75,,LEGAL_PERMIT_BARRIER,EXPEDITE_LEGAL_PROCEDURES
DIAG-20260630-TST-U1701,20260630,501701,TC-01-N2-06.03,Tổ hợp thương mại căn hộ Phú Mỹ,Tháp N2,407,-3.5,13.9,20,40,14.82,,LEGAL_PERMIT_BARRIER,EXPEDITE_LEGAL_PROCEDURES
DIAG-20260630-TST-U1704,20260630,501704,TC-01-N2-06.06,Tổ hợp thương mại căn hộ Phú Mỹ,Tháp N2,282,6.38,14.6,0,0,30.81,,LEGAL_PERMIT_BARRIER,EXPEDITE_LEGAL_PROCEDURES
DIAG-20260630-TST-U1705,20260630,501705,TC-01-N2-06.07,Tổ hợp thương mại căn hộ Phú Mỹ,Tháp N2,127,-1.18,12.5,20,40,21.51,,LEGAL_PERMIT_BARRIER,EXPEDITE_LEGAL_PROCEDURES
DIAG-20260630-TST-U1708,20260630,501708,TC-01-N2-06.10,Tổ hợp thương mại căn hộ Phú Mỹ,Tháp N2,118,-10.4,9.6,20,65,10.18,,LEGAL_PERMIT_BARRIER,EXPEDITE_LEGAL_PROCEDURES
DIAG-20260630-TST-U1709,20260630,501709,TC-01-N2-06.11,Tổ hợp thương mại căn hộ Phú Mỹ,Tháp N2,342,-9.93,11.2,20,40,10.76,,LEGAL_PERMIT_BARRIER,EXPEDITE_LEGAL_PROCEDURES
DIAG-20260630-TST-U1710,20260630,501710,TC-01-N2-06.12,Tổ hợp thương mại căn hộ Phú Mỹ,Tháp N2,369,0.94,12.6,20,25,24.13,,LEGAL_PERMIT_BARRIER,EXPEDITE_LEGAL_PROCEDURES
DIAG-20260630-TST-U1711,20260630,501711,TC-01-N2-06.13,Tổ hợp thương mại căn hộ Phú Mỹ,Tháp N2,403,-4.46,16.8,50,40,13.68,,LEGAL_PERMIT_BARRIER,EXPEDITE_LEGAL_PROCEDURES
DIAG-20260630-TST-U1712,20260630,501712,TC-01-N2-06.14,Tổ hợp thương mại căn hộ Phú Mỹ,Tháp N2,418,13.39,9.7,50,0,33.44,,LEGAL_PERMIT_BARRIER,EXPEDITE_LEGAL_PROCEDURES
DIAG-20260630-TST-U1714,20260630,501714,TC-01-N2-06.16,Tổ hợp thương mại căn hộ Phú Mỹ,Tháp N2,378,15.04,9.1,20,0,35.39,,LEGAL_PERMIT_BARRIER,EXPEDITE_LEGAL_PROCEDURES
DIAG-20260630-TST-U1715,20260630,501715,TC-01-N2-06.17,Tổ hợp thương mại căn hộ Phú Mỹ,Tháp N2,149,10.53,9.5,35,20,30.07,,LEGAL_PERMIT_BARRIER,EXPEDITE_LEGAL_PROCEDURES
DIAG-20260630-TST-U1716,20260630,501716,TC-01-N2-06.18,Tổ hợp thương mại căn hộ Phú Mỹ,Tháp N2,116,-23.62,6.6,20,25,-10.11,,LEGAL_PERMIT_BARRIER,EXPEDITE_LEGAL_PROCEDURES
DIAG-20260630-TST-U1717,20260630,501717,TC-01-N2-06.19,Tổ hợp thương mại căn hộ Phú Mỹ,Tháp N2,221,-6.37,11.0,10,25,15.13,,LEGAL_PERMIT_BARRIER,EXPEDITE_LEGAL_PROCEDURES
DIAG-20260630-TST-U1718,20260630,501718,TC-01-N2-06.20,Tổ hợp thương mại căn hộ Phú Mỹ,Tháp N2,194,-0.48,8.4,0,45,17.12,,LEGAL_PERMIT_BARRIER,EXPEDITE_LEGAL_PROCEDURES
DIAG-20260630-TST-U1719,20260630,501719,TC-01-N2-06.21,Tổ hợp thương mại căn hộ Phú Mỹ,Tháp N2,144,9.22,12.4,20,40,34.3,,LEGAL_PERMIT_BARRIER,EXPEDITE_LEGAL_PROCEDURES
DIAG-20260630-TST-U1720,20260630,501720,TC-01-N2-06.22,Tổ hợp thương mại căn hộ Phú Mỹ,Tháp N2,108,1.7,8.6,20,25,19.68,,LEGAL_PERMIT_BARRIER,EXPEDITE_LEGAL_PROCEDURES
DIAG-20260630-TST-U1721,20260630,501721,TC-01-N2-06.23,Tổ hợp thương mại căn hộ Phú Mỹ,Tháp N2,411,-0.92,16.5,45,25,17.89,,LEGAL_PERMIT_BARRIER,EXPEDITE_LEGAL_PROCEDURES
DIAG-20260630-TST-U1722,20260630,501722,TC-01-N2-06.24,Tổ hợp thương mại căn hộ Phú Mỹ,Tháp N2,352,7.87,6.5,45,25,22.29,,LEGAL_PERMIT_BARRIER,EXPEDITE_LEGAL_PROCEDURES
DIAG-20260630-TST-U1723,20260630,501723,TC-01-N2-06.25,Tổ hợp thương mại căn hộ Phú Mỹ,Tháp N2,97,11.46,9.4,55,0,31.18,,LEGAL_PERMIT_BARRIER,EXPEDITE_LEGAL_PROCEDURES
DIAG-20260630-TST-U1725,20260630,501725,TC-01-N2-06.27,Tổ hợp thương mại căn hộ Phú Mỹ,Tháp N2,349,11.27,16.2,20,0,32.4,,LEGAL_PERMIT_BARRIER,EXPEDITE_LEGAL_PROCEDURES
DIAG-20260630-TST-U1728,20260630,501728,TC-01-N2-06.30,Tổ hợp thương mại căn hộ Phú Mỹ,Tháp N2,259,11.36,13.6,30,40,36.93,,LEGAL_PERMIT_BARRIER,EXPEDITE_LEGAL_PROCEDURES
DIAG-20260630-TST-U1729,20260630,501729,TC-01-N2-06.31,Tổ hợp thương mại căn hộ Phú Mỹ,Tháp N2,101,-17.03,9.9,10,0,2.02,,LEGAL_PERMIT_BARRIER,EXPEDITE_LEGAL_PROCEDURES
DIAG-20260630-TST-U1730,20260630,501730,TC-01-N2-06.32,Tổ hợp thương mại căn hộ Phú Mỹ,Tháp N2,387,-3.99,16.8,30,25,14.23,,LEGAL_PERMIT_BARRIER,EXPEDITE_LEGAL_PROCEDURES
DIAG-20260630-TST-U1731,20260630,501731,TC-01-N2-06.33,Tổ hợp thương mại căn hộ Phú Mỹ,Tháp N2,217,16.06,12.9,20,0,42.71,,LEGAL_PERMIT_BARRIER,EXPEDITE_LEGAL_PROCEDURES
DIAG-20260630-TST-U1733,20260630,501733,TC-01-N2-06.35,Tổ hợp thương mại căn hộ Phú Mỹ,Tháp N2,280,17.84,20.3,50,0,40.21,,LEGAL_PERMIT_BARRIER,EXPEDITE_LEGAL_PROCEDURES
DIAG-20260630-TST-U1734,20260630,501734,TC-01-N2-06.36,Tổ hợp thương mại căn hộ Phú Mỹ,Tháp N2,159,3.57,8.8,75,25,21.89,,LEGAL_PERMIT_BARRIER,EXPEDITE_LEGAL_PROCEDURES
DIAG-20260630-TST-U1735,20260630,501735,TC-01-N2-06.37,Tổ hợp thương mại căn hộ Phú Mỹ,Tháp N2,225,-6.19,8.2,10,25,10.39,,LEGAL_PERMIT_BARRIER,EXPEDITE_LEGAL_PROCEDURES
DIAG-20260630-TST-U1737,20260630,501737,TC-01-N2-06.39,Tổ hợp thương mại căn hộ Phú Mỹ,Tháp N2,448,-0.69,17.6,25,25,18.17,,LEGAL_PERMIT_BARRIER,EXPEDITE_LEGAL_PROCEDURES
DIAG-20260630-TST-U1738,20260630,501738,TC-01-N2-06.40,Tổ hợp thương mại căn hộ Phú Mỹ,Tháp N2,192,8.52,11.9,20,25,33.44,,LEGAL_PERMIT_BARRIER,EXPEDITE_LEGAL_PROCEDURES
DIAG-20260630-TST-U1739,20260630,501739,TC-01-N2-06.41,Tổ hợp thương mại căn hộ Phú Mỹ,Tháp N2,266,8.85,9.2,20,0,28.1,,LEGAL_PERMIT_BARRIER,EXPEDITE_LEGAL_PROCEDURES
DIAG-20260630-TST-U1740,20260630,501740,TC-01-N2-06.42,Tổ hợp thương mại căn hộ Phú Mỹ,Tháp N2,296,-2.59,12.5,75,0,19.78,,LEGAL_PERMIT_BARRIER,EXPEDITE_LEGAL_PROCEDURES
DIAG-20260630-TST-U1741,20260630,501741,TC-01-N2-06.43,Tổ hợp thương mại căn hộ Phú Mỹ,Tháp N2,226,-0.22,15.8,40,0,18.72,,LEGAL_PERMIT_BARRIER,EXPEDITE_LEGAL_PROCEDURES
DIAG-20260630-TST-U1743,20260630,501743,TC-01-N2-06.45,Tổ hợp thương mại căn hộ Phú Mỹ,Tháp N2,158,-2.36,11.8,20,0,20.06,,LEGAL_PERMIT_BARRIER,EXPEDITE_LEGAL_PROCEDURES
DIAG-20260630-TST-U1744,20260630,501744,TC-01-N2-06.46,Tổ hợp thương mại căn hộ Phú Mỹ,Tháp N2,177,-7.93,5.5,55,40,4.38,,LEGAL_PERMIT_BARRIER,EXPEDITE_LEGAL_PROCEDURES
DIAG-20260630-TST-U1745,20260630,501745,TC-01-N2-06.47,Tổ hợp thương mại căn hộ Phú Mỹ,Tháp N2,257,19.54,7.8,20,0,35.52,,LEGAL_PERMIT_BARRIER,EXPEDITE_LEGAL_PROCEDURES
DIAG-20260630-TST-U1751,20260630,501751,TC-01-N2-06.53,Tổ hợp thương mại căn hộ Phú Mỹ,Tháp N2,111,3.57,9.2,50,65,21.89,,LEGAL_PERMIT_BARRIER,EXPEDITE_LEGAL_PROCEDURES
DIAG-20260630-TST-U1752,20260630,501752,TC-01-N2-06.54,Tổ hợp thương mại căn hộ Phú Mỹ,Tháp N2,408,16.3,14.4,30,0,43.01,,LEGAL_PERMIT_BARRIER,EXPEDITE_LEGAL_PROCEDURES
DIAG-20260630-TST-U1753,20260630,501753,TC-01-N2-06.55,Tổ hợp thương mại căn hộ Phú Mỹ,Tháp N2,305,6.86,13.8,60,65,31.4,,LEGAL_PERMIT_BARRIER,EXPEDITE_LEGAL_PROCEDURES
DIAG-20260630-TST-U1754,20260630,501754,TC-01-N2-06.56,Tổ hợp thương mại căn hộ Phú Mỹ,Tháp N2,170,11.51,16.9,35,0,32.69,,LEGAL_PERMIT_BARRIER,EXPEDITE_LEGAL_PROCEDURES
DIAG-20260630-TST-U1755,20260630,501755,TC-01-N2-06.57,Tổ hợp thương mại căn hộ Phú Mỹ,Tháp N2,248,-0.7,16.8,65,25,18.16,,LEGAL_PERMIT_BARRIER,EXPEDITE_LEGAL_PROCEDURES
DIAG-20260630-TST-U1756,20260630,501756,TC-01-N2-06.58,Tổ hợp thương mại căn hộ Phú Mỹ,Tháp N2,245,-21.29,8.9,45,65,-3.21,,LEGAL_PERMIT_BARRIER,EXPEDITE_LEGAL_PROCEDURES
DIAG-20260630-TST-U1757,20260630,501757,TC-01-N2-06.59,Tổ hợp thương mại căn hộ Phú Mỹ,Tháp N2,295,-6.8,15.2,20,0,10.89,,LEGAL_PERMIT_BARRIER,EXPEDITE_LEGAL_PROCEDURES
DIAG-20260630-TST-U1758,20260630,501758,TC-01-N2-06.60,Tổ hợp thương mại căn hộ Phú Mỹ,Tháp N2,256,10.1,16.9,20,70,31.0,,LEGAL_PERMIT_BARRIER,EXPEDITE_LEGAL_PROCEDURES
DIAG-20260630-TST-U1759,20260630,501759,TC-01-N2-06.61,Tổ hợp thương mại căn hộ Phú Mỹ,Tháp N2,340,-10.41,9.9,40,25,10.17,,LEGAL_PERMIT_BARRIER,EXPEDITE_LEGAL_PROCEDURES
DIAG-20260630-TST-U1762,20260630,501762,TC-01-N2-06.64,Tổ hợp thương mại căn hộ Phú Mỹ,Tháp N2,464,-4.03,8.3,20,65,12.94,,LEGAL_PERMIT_BARRIER,EXPEDITE_LEGAL_PROCEDURES
DIAG-20260630-TST-U1763,20260630,501763,TC-01-N2-06.65,Tổ hợp thương mại căn hộ Phú Mỹ,Tháp N2,139,1.19,12.6,40,40,24.43,,LEGAL_PERMIT_BARRIER,EXPEDITE_LEGAL_PROCEDURES
DIAG-20260630-TST-U1764,20260630,501764,TC-01-N2-06.66,Tổ hợp thương mại căn hộ Phú Mỹ,Tháp N2,350,1.93,8.6,40,0,19.96,,LEGAL_PERMIT_BARRIER,EXPEDITE_LEGAL_PROCEDURES
DIAG-20260630-TST-U1765,20260630,501765,TC-01-N2-07.01,Tổ hợp thương mại căn hộ Phú Mỹ,Tháp N2,336,4.25,12.8,20,55,28.19,,LEGAL_PERMIT_BARRIER,EXPEDITE_LEGAL_PROCEDURES
DIAG-20260630-TST-U1766,20260630,501766,TC-01-N2-07.02,Tổ hợp thương mại căn hộ Phú Mỹ,Tháp N2,442,-0.48,10.8,0,95,22.37,,LEGAL_PERMIT_BARRIER,EXPEDITE_LEGAL_PROCEDURES
DIAG-20260630-TST-U1768,20260630,501768,TC-01-N2-07.04,Tổ hợp thương mại căn hộ Phú Mỹ,Tháp N2,196,-13.84,6.9,20,30,1.39,,LEGAL_PERMIT_BARRIER,EXPEDITE_LEGAL_PROCEDURES
DIAG-20260630-TST-U1769,20260630,501769,TC-01-N2-07.05,Tổ hợp thương mại căn hộ Phú Mỹ,Tháp N2,356,-4.98,7.4,45,95,11.82,,LEGAL_PERMIT_BARRIER,EXPEDITE_LEGAL_PROCEDURES
DIAG-20260630-TST-U1770,20260630,501770,TC-01-N2-07.06,Tổ hợp thương mại căn hộ Phú Mỹ,Tháp N2,275,10.29,9.1,40,30,29.8,,LEGAL_PERMIT_BARRIER,EXPEDITE_LEGAL_PROCEDURES
DIAG-20260630-TST-U1771,20260630,501771,TC-01-N2-07.07,Tổ hợp thương mại căn hộ Phú Mỹ,Tháp N2,400,12.01,8.0,20,50,26.98,,LEGAL_PERMIT_BARRIER,EXPEDITE_LEGAL_PROCEDURES
DIAG-20260630-TST-U1772,20260630,501772,TC-01-N2-07.08,Tổ hợp thương mại căn hộ Phú Mỹ,Tháp N2,403,18.88,10.9,0,70,39.9,,LEGAL_PERMIT_BARRIER,EXPEDITE_LEGAL_PROCEDURES
DIAG-20260630-TST-U1773,20260630,501773,TC-01-N2-07.09,Tổ hợp thương mại căn hộ Phú Mỹ,Tháp N2,469,2.11,13.2,65,95,25.56,,LEGAL_PERMIT_BARRIER,EXPEDITE_LEGAL_PROCEDURES
DIAG-20260630-TST-U1774,20260630,501774,TC-01-N2-07.10,Tổ hợp thương mại căn hộ Phú Mỹ,Tháp N2,335,4.7,17.2,65,70,24.58,,LEGAL_PERMIT_BARRIER,EXPEDITE_LEGAL_PROCEDURES
DIAG-20260630-TST-U1775,20260630,501775,TC-01-N2-07.11,Tổ hợp thương mại căn hộ Phú Mỹ,Tháp N2,97,-2.61,8.0,35,75,14.61,,LEGAL_PERMIT_BARRIER,EXPEDITE_LEGAL_PROCEDURES
DIAG-20260630-TST-U1776,20260630,501776,TC-01-N2-07.12,Tổ hợp thương mại căn hộ Phú Mỹ,Tháp N2,457,-12.44,16.2,60,30,4.18,,LEGAL_PERMIT_BARRIER,EXPEDITE_LEGAL_PROCEDURES
DIAG-20260630-TST-U1777,20260630,501777,TC-01-N2-07.13,Tổ hợp thương mại căn hộ Phú Mỹ,Tháp N2,257,10.65,11.3,40,30,36.06,,LEGAL_PERMIT_BARRIER,EXPEDITE_LEGAL_PROCEDURES
DIAG-20260630-TST-U1778,20260630,501778,TC-01-N2-07.14,Tổ hợp thương mại căn hộ Phú Mỹ,Tháp N2,116,-1.16,15.9,25,70,17.6,,LEGAL_PERMIT_BARRIER,EXPEDITE_LEGAL_PROCEDURES
DIAG-20260630-TST-U1779,20260630,501779,TC-01-N2-07.15,Tổ hợp thương mại căn hộ Phú Mỹ,Tháp N2,91,-4.44,13.6,20,70,13.7,,LEGAL_PERMIT_BARRIER,EXPEDITE_LEGAL_PROCEDURES
DIAG-20260630-TST-U1781,20260630,501781,TC-01-N2-07.17,Tổ hợp thương mại căn hộ Phú Mỹ,Tháp N2,448,-1.17,14.8,20,55,17.59,,LEGAL_PERMIT_BARRIER,EXPEDITE_LEGAL_PROCEDURES
DIAG-20260630-TST-U1783,20260630,501783,TC-01-N2-07.19,Tổ hợp thương mại căn hộ Phú Mỹ,Tháp N2,369,1.42,11.8,30,70,24.71,,LEGAL_PERMIT_BARRIER,EXPEDITE_LEGAL_PROCEDURES
DIAG-20260630-TST-U1784,20260630,501784,TC-01-N2-07.20,Tổ hợp thương mại căn hộ Phú Mỹ,Tháp N2,288,-7.08,11.3,60,30,14.26,,LEGAL_PERMIT_BARRIER,EXPEDITE_LEGAL_PROCEDURES
DIAG-20260630-TST-U1785,20260630,501785,TC-01-N2-07.21,Tổ hợp thương mại căn hộ Phú Mỹ,Tháp N2,351,-13.96,10.4,20,70,5.8,,LEGAL_PERMIT_BARRIER,EXPEDITE_LEGAL_PROCEDURES
DIAG-20260630-TST-U1786,20260630,501786,TC-01-N2-07.22,Tổ hợp thương mại căn hộ Phú Mỹ,Tháp N2,268,-10.79,15.4,65,30,6.15,,LEGAL_PERMIT_BARRIER,EXPEDITE_LEGAL_PROCEDURES
DIAG-20260630-TST-U1787,20260630,501787,TC-01-N2-07.23,Tổ hợp thương mại căn hộ Phú Mỹ,Tháp N2,224,-5.44,11.8,35,30,16.27,,LEGAL_PERMIT_BARRIER,EXPEDITE_LEGAL_PROCEDURES
DIAG-20260630-TST-U1789,20260630,501789,TC-01-N2-07.25,Tổ hợp thương mại căn hộ Phú Mỹ,Tháp N2,374,-6.14,12.6,20,55,15.42,,LEGAL_PERMIT_BARRIER,EXPEDITE_LEGAL_PROCEDURES
DIAG-20260630-TST-U1790,20260630,501790,TC-01-N2-07.26,Tổ hợp thương mại căn hộ Phú Mỹ,Tháp N2,242,-10.75,7.4,20,70,5.03,,LEGAL_PERMIT_BARRIER,EXPEDITE_LEGAL_PROCEDURES
DIAG-20260630-TST-U1791,20260630,501791,TC-01-N2-07.27,Tổ hợp thương mại căn hộ Phú Mỹ,Tháp N2,168,-20.41,12.0,85,75,-5.3,,LEGAL_PERMIT_BARRIER,EXPEDITE_LEGAL_PROCEDURES
DIAG-20260630-TST-U1792,20260630,501792,TC-01-N2-07.28,Tổ hợp thương mại căn hộ Phú Mỹ,Tháp N2,265,4.01,7.3,55,55,17.91,,LEGAL_PERMIT_BARRIER,EXPEDITE_LEGAL_PROCEDURES
DIAG-20260630-TST-U1793,20260630,501793,TC-01-N2-07.29,Tổ hợp thương mại căn hộ Phú Mỹ,Tháp N2,247,1.9,7.9,0,95,19.93,,LEGAL_PERMIT_BARRIER,EXPEDITE_LEGAL_PROCEDURES
DIAG-20260630-TST-U1794,20260630,501794,TC-01-N2-07.30,Tổ hợp thương mại căn hộ Phú Mỹ,Tháp N2,464,4.69,16.9,40,70,24.57,,LEGAL_PERMIT_BARRIER,EXPEDITE_LEGAL_PROCEDURES
DIAG-20260630-TST-U1795,20260630,501795,TC-01-N2-07.31,Tổ hợp thương mại căn hộ Phú Mỹ,Tháp N2,271,7.79,12.4,0,30,32.54,,LEGAL_PERMIT_BARRIER,EXPEDITE_LEGAL_PROCEDURES
DIAG-20260630-TST-U1796,20260630,501796,TC-01-N2-07.32,Tổ hợp thương mại căn hộ Phú Mỹ,Tháp N2,312,-16.56,9.1,30,95,2.6,,LEGAL_PERMIT_BARRIER,EXPEDITE_LEGAL_PROCEDURES
DIAG-20260630-TST-U1797,20260630,501797,TC-01-N2-07.33,Tổ hợp thương mại căn hộ Phú Mỹ,Tháp N2,403,-22.65,6.7,35,75,-8.97,,LEGAL_PERMIT_BARRIER,EXPEDITE_LEGAL_PROCEDURES
DIAG-20260630-TST-U1798,20260630,501798,TC-01-N2-07.34,Tổ hợp thương mại căn hộ Phú Mỹ,Tháp N2,165,-5.64,14.5,40,30,12.28,,LEGAL_PERMIT_BARRIER,EXPEDITE_LEGAL_PROCEDURES
DIAG-20260630-TST-U1799,20260630,501799,TC-01-N2-07.35,Tổ hợp thương mại căn hộ Phú Mỹ,Tháp N2,171,5.9,11.9,0,70,30.22,,LEGAL_PERMIT_BARRIER,EXPEDITE_LEGAL_PROCEDURES
DIAG-20260630-TST-U1801,20260630,501801,TC-01-N2-07.37,Tổ hợp thương mại căn hộ Phú Mỹ,Tháp N2,364,-8.2,15.1,20,95,9.23,,LEGAL_PERMIT_BARRIER,EXPEDITE_LEGAL_PROCEDURES
DIAG-20260630-TST-U1802,20260630,501802,TC-01-N2-07.38,Tổ hợp thương mại căn hộ Phú Mỹ,Tháp N2,153,8.86,8.4,30,70,28.11,,LEGAL_PERMIT_BARRIER,EXPEDITE_LEGAL_PROCEDURES
DIAG-20260630-TST-U1803,20260630,501803,TC-01-N2-07.39,Tổ hợp thương mại căn hộ Phú Mỹ,Tháp N2,306,11.74,19.2,20,70,32.95,,LEGAL_PERMIT_BARRIER,EXPEDITE_LEGAL_PROCEDURES
DIAG-20260630-TST-U1805,20260630,501805,TC-01-N2-07.41,Tổ hợp thương mại căn hộ Phú Mỹ,Tháp N2,146,9.78,9.5,50,30,29.2,,LEGAL_PERMIT_BARRIER,EXPEDITE_LEGAL_PROCEDURES
DIAG-20260630-TST-U1807,20260630,501807,TC-01-N2-07.43,Tổ hợp thương mại căn hộ Phú Mỹ,Tháp N2,263,6.41,7.1,0,55,20.64,,LEGAL_PERMIT_BARRIER,EXPEDITE_LEGAL_PROCEDURES
DIAG-20260630-TST-U1808,20260630,501808,TC-01-N2-07.44,Tổ hợp thương mại căn hộ Phú Mỹ,Tháp N2,144,5.89,18.2,0,55,25.99,,LEGAL_PERMIT_BARRIER,EXPEDITE_LEGAL_PROCEDURES
DIAG-20260630-TST-U1809,20260630,501809,TC-01-N2-07.45,Tổ hợp thương mại căn hộ Phú Mỹ,Tháp N2,301,-3.76,16.5,55,95,14.51,,LEGAL_PERMIT_BARRIER,EXPEDITE_LEGAL_PROCEDURES
DIAG-20260630-TST-U1810,20260630,501810,TC-01-N2-07.46,Tổ hợp thương mại căn hộ Phú Mỹ,Tháp N2,378,-13.23,10.3,10,55,6.7,,LEGAL_PERMIT_BARRIER,EXPEDITE_LEGAL_PROCEDURES
DIAG-20260630-TST-U1811,20260630,501811,TC-01-N2-07.47,Tổ hợp thương mại căn hộ Phú Mỹ,Tháp N2,188,9.94,12.6,100,70,35.19,,LEGAL_PERMIT_BARRIER,EXPEDITE_LEGAL_PROCEDURES
DIAG-20260630-TST-U1813,20260630,501813,TC-01-N2-07.49,Tổ hợp thương mại căn hộ Phú Mỹ,Tháp N2,288,14.55,18.3,45,70,36.3,,LEGAL_PERMIT_BARRIER,EXPEDITE_LEGAL_PROCEDURES
DIAG-20260630-TST-U1815,20260630,501815,TC-01-N2-07.51,Tổ hợp thương mại căn hộ Phú Mỹ,Tháp N2,122,12.99,13.7,50,70,38.94,,LEGAL_PERMIT_BARRIER,EXPEDITE_LEGAL_PROCEDURES
DIAG-20260630-TST-U1816,20260630,501816,TC-01-N2-07.52,Tổ hợp thương mại căn hộ Phú Mỹ,Tháp N2,133,-6.15,11.7,35,30,15.4,,LEGAL_PERMIT_BARRIER,EXPEDITE_LEGAL_PROCEDURES
DIAG-20260630-TST-U1817,20260630,501817,TC-01-N2-07.53,Tổ hợp thương mại căn hộ Phú Mỹ,Tháp N2,337,-6.21,8.0,10,55,10.37,,LEGAL_PERMIT_BARRIER,EXPEDITE_LEGAL_PROCEDURES
DIAG-20260630-TST-U1818,20260630,501818,TC-01-N2-07.54,Tổ hợp thương mại căn hộ Phú Mỹ,Tháp N2,112,-0.38,6.5,25,30,12.94,,LEGAL_PERMIT_BARRIER,EXPEDITE_LEGAL_PROCEDURES
DIAG-20260630-TST-U1819,20260630,501819,TC-01-N2-07.55,Tổ hợp thương mại căn hộ Phú Mỹ,Tháp N2,283,10.76,9.7,15,95,30.35,,LEGAL_PERMIT_BARRIER,EXPEDITE_LEGAL_PROCEDURES
DIAG-20260630-TST-U1820,20260630,501820,TC-01-N2-07.56,Tổ hợp thương mại căn hộ Phú Mỹ,Tháp N2,377,-1.43,13.4,30,30,21.21,,LEGAL_PERMIT_BARRIER,EXPEDITE_LEGAL_PROCEDURES
DIAG-20260630-TST-U1821,20260630,501821,TC-01-N2-07.57,Tổ hợp thương mại căn hộ Phú Mỹ,Tháp N2,157,12.3,13.4,0,55,38.09,,LEGAL_PERMIT_BARRIER,EXPEDITE_LEGAL_PROCEDURES
DIAG-20260630-TST-U1822,20260630,501822,TC-01-N2-07.58,Tổ hợp thương mại căn hộ Phú Mỹ,Tháp N2,269,2.6,11.5,30,70,26.17,,LEGAL_PERMIT_BARRIER,EXPEDITE_LEGAL_PROCEDURES
DIAG-20260630-TST-U1823,20260630,501823,TC-01-N2-07.59,Tổ hợp thương mại căn hộ Phú Mỹ,Tháp N2,281,-8.52,11.2,0,30,12.49,,LEGAL_PERMIT_BARRIER,EXPEDITE_LEGAL_PROCEDURES
DIAG-20260630-TST-U1825,20260630,501825,TC-01-N2-07.61,Tổ hợp thương mại căn hộ Phú Mỹ,Tháp N2,154,-12.53,10.4,30,30,7.55,,LEGAL_PERMIT_BARRIER,EXPEDITE_LEGAL_PROCEDURES
DIAG-20260630-TST-U1826,20260630,501826,TC-01-N2-07.62,Tổ hợp thương mại căn hộ Phú Mỹ,Tháp N2,436,-22.47,9.9,45,55,-4.67,,LEGAL_PERMIT_BARRIER,EXPEDITE_LEGAL_PROCEDURES
DIAG-20260630-TST-U1827,20260630,501827,TC-01-N2-07.63,Tổ hợp thương mại căn hộ Phú Mỹ,Tháp N2,461,0.7,11.2,35,30,23.83,,LEGAL_PERMIT_BARRIER,EXPEDITE_LEGAL_PROCEDURES
DIAG-20260630-TST-U1828,20260630,501828,TC-01-N2-07.64,Tổ hợp thương mại căn hộ Phú Mỹ,Tháp N2,423,-2.31,6.5,45,30,10.75,,LEGAL_PERMIT_BARRIER,EXPEDITE_LEGAL_PROCEDURES
DIAG-20260630-TST-U1829,20260630,501829,TC-01-N2-07.65,Tổ hợp thương mại căn hộ Phú Mỹ,Tháp N2,351,-4.28,6.5,20,95,8.52,,LEGAL_PERMIT_BARRIER,EXPEDITE_LEGAL_PROCEDURES
DIAG-20260630-TST-U1830,20260630,501830,TC-01-N2-07.66,Tổ hợp thương mại căn hộ Phú Mỹ,Tháp N2,144,-6.8,14.5,20,55,10.89,,LEGAL_PERMIT_BARRIER,EXPEDITE_LEGAL_PROCEDURES
DIAG-20260630-TST-U1831,20260630,501831,TC-01-N2-08.01,Tổ hợp thương mại căn hộ Phú Mỹ,Tháp N2,336,-6.4,10.8,40,40,15.1,,LEGAL_PERMIT_BARRIER,EXPEDITE_LEGAL_PROCEDURES
DIAG-20260630-TST-U1832,20260630,501832,TC-01-N2-08.02,Tổ hợp thương mại căn hộ Phú Mỹ,Tháp N2,212,-17.74,9.4,10,55,1.15,,LEGAL_PERMIT_BARRIER,EXPEDITE_LEGAL_PROCEDURES
DIAG-20260630-TST-U1833,20260630,501833,TC-01-N2-08.03,Tổ hợp thương mại căn hộ Phú Mỹ,Tháp N2,101,20.07,10.4,40,0,41.3,,LEGAL_PERMIT_BARRIER,EXPEDITE_LEGAL_PROCEDURES
DIAG-20260630-TST-U1834,20260630,501834,TC-01-N2-08.04,Tổ hợp thương mại căn hộ Phú Mỹ,Tháp N2,125,-10.17,10.8,20,40,10.46,,LEGAL_PERMIT_BARRIER,EXPEDITE_LEGAL_PROCEDURES
DIAG-20260630-TST-U1835,20260630,501835,TC-01-N2-08.05,Tổ hợp thương mại căn hộ Phú Mỹ,Tháp N2,234,-2.62,10.2,40,0,19.75,,LEGAL_PERMIT_BARRIER,EXPEDITE_LEGAL_PROCEDURES
DIAG-20260630-TST-U1836,20260630,501836,TC-01-N2-08.06,Tổ hợp thương mại căn hộ Phú Mỹ,Tháp N2,374,7.16,8.6,65,0,26.11,,LEGAL_PERMIT_BARRIER,EXPEDITE_LEGAL_PROCEDURES
DIAG-20260630-TST-U1838,20260630,501838,TC-01-N2-08.08,Tổ hợp thương mại căn hộ Phú Mỹ,Tháp N2,439,-8.65,5.9,50,25,3.56,,LEGAL_PERMIT_BARRIER,EXPEDITE_LEGAL_PROCEDURES
DIAG-20260630-TST-U1839,20260630,501839,TC-01-N2-08.09,Tổ hợp thương mại căn hộ Phú Mỹ,Tháp N2,159,-1.43,11.5,20,65,21.2,,LEGAL_PERMIT_BARRIER,EXPEDITE_LEGAL_PROCEDURES
DIAG-20260630-TST-U1840,20260630,501840,TC-01-N2-08.10,Tổ hợp thương mại căn hộ Phú Mỹ,Tháp N2,433,1.88,12.7,55,25,25.27,,LEGAL_PERMIT_BARRIER,EXPEDITE_LEGAL_PROCEDURES
DIAG-20260630-TST-U1841,20260630,501841,TC-01-N2-08.11,Tổ hợp thương mại căn hộ Phú Mỹ,Tháp N2,321,-3.56,10.9,10,65,18.59,,LEGAL_PERMIT_BARRIER,EXPEDITE_LEGAL_PROCEDURES
DIAG-20260630-TST-U1842,20260630,501842,TC-01-N2-08.12,Tổ hợp thương mại căn hộ Phú Mỹ,Tháp N2,189,-8.51,11.0,10,25,12.5,,LEGAL_PERMIT_BARRIER,EXPEDITE_LEGAL_PROCEDURES
DIAG-20260630-TST-U1843,20260630,501843,TC-01-N2-08.13,Tổ hợp thương mại căn hộ Phú Mỹ,Tháp N2,326,-4.03,12.2,20,55,18.02,,LEGAL_PERMIT_BARRIER,EXPEDITE_LEGAL_PROCEDURES
DIAG-20260630-TST-U1844,20260630,501844,TC-01-N2-08.14,Tổ hợp thương mại căn hộ Phú Mỹ,Tháp N2,382,-8.43,14.0,75,65,8.95,,LEGAL_PERMIT_BARRIER,EXPEDITE_LEGAL_PROCEDURES
DIAG-20260630-TST-U1845,20260630,501845,TC-01-N2-08.15,Tổ hợp thương mại căn hộ Phú Mỹ,Tháp N2,162,7.05,15.9,20,65,27.37,,LEGAL_PERMIT_BARRIER,EXPEDITE_LEGAL_PROCEDURES
DIAG-20260630-TST-U1846,20260630,501846,TC-01-N2-08.16,Tổ hợp thương mại căn hộ Phú Mỹ,Tháp N2,416,8.04,13.1,20,40,32.85,,LEGAL_PERMIT_BARRIER,EXPEDITE_LEGAL_PROCEDURES
DIAG-20260630-TST-U1847,20260630,501847,TC-01-N2-08.17,Tổ hợp thương mại căn hộ Phú Mỹ,Tháp N2,283,6.87,13.0,50,40,31.41,,LEGAL_PERMIT_BARRIER,EXPEDITE_LEGAL_PROCEDURES
DIAG-20260630-TST-U1851,20260630,501851,TC-01-N2-08.21,Tổ hợp thương mại căn hộ Phú Mỹ,Tháp N2,174,-15.13,10.1,20,25,4.36,,LEGAL_PERMIT_BARRIER,EXPEDITE_LEGAL_PROCEDURES
DIAG-20260630-TST-U1853,20260630,501853,TC-01-N2-08.23,Tổ hợp thương mại căn hộ Phú Mỹ,Tháp N2,167,-9.15,16.3,10,40,8.09,,LEGAL_PERMIT_BARRIER,EXPEDITE_LEGAL_PROCEDURES
DIAG-20260630-TST-U1855,20260630,501855,TC-01-N2-08.25,Tổ hợp thương mại căn hộ Phú Mỹ,Tháp N2,189,9.08,8.3,40,40,28.37,,LEGAL_PERMIT_BARRIER,EXPEDITE_LEGAL_PROCEDURES
DIAG-20260630-TST-U1856,20260630,501856,TC-01-N2-08.26,Tổ hợp thương mại căn hộ Phú Mỹ,Tháp N2,219,13.21,7.7,25,25,28.35,,LEGAL_PERMIT_BARRIER,EXPEDITE_LEGAL_PROCEDURES
DIAG-20260630-TST-U1857,20260630,501857,TC-01-N2-08.27,Tổ hợp thương mại căn hộ Phú Mỹ,Tháp N2,355,-13.6,7.2,10,0,1.68,,LEGAL_PERMIT_BARRIER,EXPEDITE_LEGAL_PROCEDURES
DIAG-20260630-TST-U1858,20260630,501858,TC-01-N2-08.28,Tổ hợp thương mại căn hộ Phú Mỹ,Tháp N2,276,15.59,13.8,35,40,42.14,,LEGAL_PERMIT_BARRIER,EXPEDITE_LEGAL_PROCEDURES
DIAG-20260630-TST-U1859,20260630,501859,TC-01-N2-08.29,Tổ hợp thương mại căn hộ Phú Mỹ,Tháp N2,147,1.68,9.0,35,40,19.67,,LEGAL_PERMIT_BARRIER,EXPEDITE_LEGAL_PROCEDURES
DIAG-20260630-TST-U1860,20260630,501860,TC-01-N2-08.30,Tổ hợp thương mại căn hộ Phú Mỹ,Tháp N2,111,-5.72,8.3,20,95,10.96,,LEGAL_PERMIT_BARRIER,EXPEDITE_LEGAL_PROCEDURES
DIAG-20260630-TST-U1861,20260630,501861,TC-01-N2-08.31,Tổ hợp thương mại căn hộ Phú Mỹ,Tháp N2,205,-4.06,8.0,40,0,12.9,,LEGAL_PERMIT_BARRIER,EXPEDITE_LEGAL_PROCEDURES
DIAG-20260630-TST-U1862,20260630,501862,TC-01-N2-08.32,Tổ hợp thương mại căn hộ Phú Mỹ,Tháp N2,109,22.93,13.2,45,20,51.16,,LEGAL_PERMIT_BARRIER,EXPEDITE_LEGAL_PROCEDURES
DIAG-20260630-TST-U1863,20260630,501863,TC-01-N2-08.33,Tổ hợp thương mại căn hộ Phú Mỹ,Tháp N2,160,-1.44,8.7,10,25,15.99,,LEGAL_PERMIT_BARRIER,EXPEDITE_LEGAL_PROCEDURES
DIAG-20260630-TST-U1866,20260630,501866,TC-01-N2-08.36,Tổ hợp thương mại căn hộ Phú Mỹ,Tháp N2,187,-5.38,15.5,70,25,12.58,,LEGAL_PERMIT_BARRIER,EXPEDITE_LEGAL_PROCEDURES
DIAG-20260630-TST-U1867,20260630,501867,TC-01-N2-08.37,Tổ hợp thương mại căn hộ Phú Mỹ,Tháp N2,269,-8.05,9.8,65,0,13.07,,LEGAL_PERMIT_BARRIER,EXPEDITE_LEGAL_PROCEDURES
DIAG-20260630-TST-U1868,20260630,501868,TC-01-N2-08.38,Tổ hợp thương mại căn hộ Phú Mỹ,Tháp N2,377,2.17,9.4,55,25,20.24,,LEGAL_PERMIT_BARRIER,EXPEDITE_LEGAL_PROCEDURES
DIAG-20260630-TST-U1869,20260630,501869,TC-01-N2-08.39,Tổ hợp thương mại căn hộ Phú Mỹ,Tháp N2,162,10.16,12.9,20,25,35.46,,LEGAL_PERMIT_BARRIER,EXPEDITE_LEGAL_PROCEDURES
DIAG-20260630-TST-U1870,20260630,501870,TC-01-N2-08.40,Tổ hợp thương mại căn hộ Phú Mỹ,Tháp N2,104,9.23,12.7,60,0,34.31,,LEGAL_PERMIT_BARRIER,EXPEDITE_LEGAL_PROCEDURES
DIAG-20260630-TST-U1871,20260630,501871,TC-01-N2-08.41,Tổ hợp thương mại căn hộ Phú Mỹ,Tháp N2,172,-7.28,15.9,70,0,10.32,,LEGAL_PERMIT_BARRIER,EXPEDITE_LEGAL_PROCEDURES
DIAG-20260630-TST-U1872,20260630,501872,TC-01-N2-08.42,Tổ hợp thương mại căn hộ Phú Mỹ,Tháp N2,320,8.29,12.4,10,65,33.16,,LEGAL_PERMIT_BARRIER,EXPEDITE_LEGAL_PROCEDURES
DIAG-20260630-TST-U1873,20260630,501873,TC-01-N2-08.43,Tổ hợp thương mại căn hộ Phú Mỹ,Tháp N2,369,-2.61,11.4,10,20,19.76,,LEGAL_PERMIT_BARRIER,EXPEDITE_LEGAL_PROCEDURES
DIAG-20260630-TST-U1874,20260630,501874,TC-01-N2-08.44,Tổ hợp thương mại căn hộ Phú Mỹ,Tháp N2,359,3.55,12.5,95,0,27.33,,LEGAL_PERMIT_BARRIER,EXPEDITE_LEGAL_PROCEDURES
DIAG-20260630-TST-U1875,20260630,501875,TC-01-N2-08.45,Tổ hợp thương mại căn hộ Phú Mỹ,Tháp N2,294,-0.01,11.4,0,0,22.95,,LEGAL_PERMIT_BARRIER,EXPEDITE_LEGAL_PROCEDURES
DIAG-20260630-TST-U1876,20260630,501876,TC-01-N2-08.46,Tổ hợp thương mại căn hộ Phú Mỹ,Tháp N2,266,-10.16,10.1,75,25,10.47,,LEGAL_PERMIT_BARRIER,EXPEDITE_LEGAL_PROCEDURES
DIAG-20260630-TST-U1877,20260630,501877,TC-01-N2-08.47,Tổ hợp thương mại căn hộ Phú Mỹ,Tháp N2,338,-7.09,11.0,45,25,14.25,,LEGAL_PERMIT_BARRIER,EXPEDITE_LEGAL_PROCEDURES
DIAG-20260630-TST-U1878,20260630,501878,TC-01-N2-08.48,Tổ hợp thương mại căn hộ Phú Mỹ,Tháp N2,412,7.43,7.1,20,40,21.79,,LEGAL_PERMIT_BARRIER,EXPEDITE_LEGAL_PROCEDURES
DIAG-20260630-TST-U1879,20260630,501879,TC-01-N2-08.49,Tổ hợp thương mại căn hộ Phú Mỹ,Tháp N2,228,2.35,17.4,15,30,21.79,,LEGAL_PERMIT_BARRIER,EXPEDITE_LEGAL_PROCEDURES
DIAG-20260630-TST-U1880,20260630,501880,TC-01-N2-08.50,Tổ hợp thương mại căn hộ Phú Mỹ,Tháp N2,203,6.63,12.7,45,20,31.12,,LEGAL_PERMIT_BARRIER,EXPEDITE_LEGAL_PROCEDURES
DIAG-20260630-TST-U1881,20260630,501881,TC-01-N2-08.51,Tổ hợp thương mại căn hộ Phú Mỹ,Tháp N2,235,-14.88,11.4,30,25,4.66,,LEGAL_PERMIT_BARRIER,EXPEDITE_LEGAL_PROCEDURES
DIAG-20260630-TST-U1882,20260630,501882,TC-01-N2-08.52,Tổ hợp thương mại căn hộ Phú Mỹ,Tháp N2,287,3.32,12.5,30,40,27.05,,LEGAL_PERMIT_BARRIER,EXPEDITE_LEGAL_PROCEDURES
DIAG-20260630-TST-U1883,20260630,501883,TC-01-N2-08.53,Tổ hợp thương mại căn hộ Phú Mỹ,Tháp N2,231,-2.12,11.4,35,0,20.37,,LEGAL_PERMIT_BARRIER,EXPEDITE_LEGAL_PROCEDURES
DIAG-20260630-TST-U1884,20260630,501884,TC-01-N2-08.54,Tổ hợp thương mại căn hộ Phú Mỹ,Tháp N2,458,5.67,13.4,20,45,29.94,,LEGAL_PERMIT_BARRIER,EXPEDITE_LEGAL_PROCEDURES
DIAG-20260630-TST-U1885,20260630,501885,TC-01-N2-08.55,Tổ hợp thương mại căn hộ Phú Mỹ,Tháp N2,408,2.63,7.9,40,0,20.78,,LEGAL_PERMIT_BARRIER,EXPEDITE_LEGAL_PROCEDURES
DIAG-20260630-TST-U1886,20260630,501886,TC-01-N2-08.56,Tổ hợp thương mại căn hộ Phú Mỹ,Tháp N2,379,0.72,12.9,40,25,23.85,,LEGAL_PERMIT_BARRIER,EXPEDITE_LEGAL_PROCEDURES
DIAG-20260630-TST-U1887,20260630,501887,TC-01-N2-08.57,Tổ hợp thương mại căn hộ Phú Mỹ,Tháp N2,368,-6.34,16.0,0,0,11.44,,LEGAL_PERMIT_BARRIER,EXPEDITE_LEGAL_PROCEDURES
DIAG-20260630-TST-U1890,20260630,501890,TC-01-N2-08.60,Tổ hợp thương mại căn hộ Phú Mỹ,Tháp N2,410,-0.22,11.3,10,25,22.69,,LEGAL_PERMIT_BARRIER,EXPEDITE_LEGAL_PROCEDURES
DIAG-20260630-TST-U1891,20260630,501891,TC-01-N2-08.61,Tổ hợp thương mại căn hộ Phú Mỹ,Tháp N2,212,11.33,13.3,45,20,36.9,,LEGAL_PERMIT_BARRIER,EXPEDITE_LEGAL_PROCEDURES
DIAG-20260630-TST-U1892,20260630,501892,TC-01-N2-08.62,Tổ hợp thương mại căn hộ Phú Mỹ,Tháp N2,133,0.99,8.1,40,65,18.84,,LEGAL_PERMIT_BARRIER,EXPEDITE_LEGAL_PROCEDURES
DIAG-20260630-TST-U1893,20260630,501893,TC-01-N2-08.63,Tổ hợp thương mại căn hộ Phú Mỹ,Tháp N2,401,6.1,15.3,55,0,26.24,,LEGAL_PERMIT_BARRIER,EXPEDITE_LEGAL_PROCEDURES
DIAG-20260630-TST-U1894,20260630,501894,TC-01-N2-08.64,Tổ hợp thương mại căn hộ Phú Mỹ,Tháp N2,186,4.23,15.7,20,0,24.02,,LEGAL_PERMIT_BARRIER,EXPEDITE_LEGAL_PROCEDURES
DIAG-20260630-TST-U1895,20260630,501895,TC-01-N2-08.65,Tổ hợp thương mại căn hộ Phú Mỹ,Tháp N2,282,15.6,15.5,20,40,42.15,,LEGAL_PERMIT_BARRIER,EXPEDITE_LEGAL_PROCEDURES
DIAG-20260630-TST-U1896,20260630,501896,TC-01-N2-08.66,Tổ hợp thương mại căn hộ Phú Mỹ,Tháp N2,248,-0.95,11.5,30,30,21.8,,LEGAL_PERMIT_BARRIER,EXPEDITE_LEGAL_PROCEDURES
DIAG-20260630-TST-U1897,20260630,501897,TC-01-N2-09.01,Tổ hợp thương mại căn hộ Phú Mỹ,Tháp N2,134,3.53,16.0,20,0,23.19,,LEGAL_PERMIT_BARRIER,EXPEDITE_LEGAL_PROCEDURES
DIAG-20260630-TST-U1899,20260630,501899,TC-01-N2-09.03,Tổ hợp thương mại căn hộ Phú Mỹ,Tháp N2,343,8.52,13.6,40,25,33.44,,LEGAL_PERMIT_BARRIER,EXPEDITE_LEGAL_PROCEDURES
DIAG-20260630-TST-U1901,20260630,501901,TC-01-N2-09.05,Tổ hợp thương mại căn hộ Phú Mỹ,Tháp N2,432,-0.93,15.6,0,65,17.88,,LEGAL_PERMIT_BARRIER,EXPEDITE_LEGAL_PROCEDURES
DIAG-20260630-TST-U1902,20260630,501902,TC-01-N2-09.06,Tổ hợp thương mại căn hộ Phú Mỹ,Tháp N2,203,-13.25,10.9,0,40,6.68,,LEGAL_PERMIT_BARRIER,EXPEDITE_LEGAL_PROCEDURES
DIAG-20260630-TST-U1903,20260630,501903,TC-01-N2-09.07,Tổ hợp thương mại căn hộ Phú Mỹ,Tháp N2,309,4.95,12.0,55,0,29.06,,LEGAL_PERMIT_BARRIER,EXPEDITE_LEGAL_PROCEDURES
DIAG-20260630-TST-U1905,20260630,501905,TC-01-N2-09.09,Tổ hợp thương mại căn hộ Phú Mỹ,Tháp N2,368,-4.5,12.2,15,25,17.44,,LEGAL_PERMIT_BARRIER,EXPEDITE_LEGAL_PROCEDURES
DIAG-20260630-TST-U1909,20260630,501909,TC-01-N2-09.13,Tổ hợp thương mại căn hộ Phú Mỹ,Tháp N2,309,-3.77,10.4,30,25,18.33,,LEGAL_PERMIT_BARRIER,EXPEDITE_LEGAL_PROCEDURES
DIAG-20260630-TST-U1910,20260630,501910,TC-01-N2-09.14,Tổ hợp thương mại căn hộ Phú Mỹ,Tháp N2,208,20.42,20.7,20,40,43.29,,LEGAL_PERMIT_BARRIER,EXPEDITE_LEGAL_PROCEDURES
DIAG-20260630-TST-U1911,20260630,501911,TC-01-N2-09.15,Tổ hợp thương mại căn hộ Phú Mỹ,Tháp N2,117,20.2,21.7,40,40,43.02,,LEGAL_PERMIT_BARRIER,EXPEDITE_LEGAL_PROCEDURES
DIAG-20260630-TST-U1913,20260630,501913,TC-01-N2-09.17,Tổ hợp thương mại căn hộ Phú Mỹ,Tháp N2,287,6.85,13.4,50,45,31.39,,LEGAL_PERMIT_BARRIER,EXPEDITE_LEGAL_PROCEDURES
DIAG-20260630-TST-U1914,20260630,501914,TC-01-N2-09.18,Tổ hợp thương mại căn hộ Phú Mỹ,Tháp N2,414,-3.31,12.1,20,25,18.89,,LEGAL_PERMIT_BARRIER,EXPEDITE_LEGAL_PROCEDURES
DIAG-20260630-TST-U1915,20260630,501915,TC-01-N2-09.19,Tổ hợp thương mại căn hộ Phú Mỹ,Tháp N2,118,4.73,12.2,20,55,28.78,,LEGAL_PERMIT_BARRIER,EXPEDITE_LEGAL_PROCEDURES
DIAG-20260630-TST-U1916,20260630,501916,TC-01-N2-09.20,Tổ hợp thương mại căn hộ Phú Mỹ,Tháp N2,411,13.62,9.9,65,25,33.71,,LEGAL_PERMIT_BARRIER,EXPEDITE_LEGAL_PROCEDURES
DIAG-20260630-TST-U1917,20260630,501917,TC-01-N2-09.21,Tổ hợp thương mại căn hộ Phú Mỹ,Tháp N2,333,11.98,16.5,20,0,33.24,,LEGAL_PERMIT_BARRIER,EXPEDITE_LEGAL_PROCEDURES
DIAG-20260630-TST-U1918,20260630,501918,TC-01-N2-09.22,Tổ hợp thương mại căn hộ Phú Mỹ,Tháp N2,180,-4.45,17.1,20,0,13.69,,LEGAL_PERMIT_BARRIER,EXPEDITE_LEGAL_PROCEDURES
DIAG-20260630-TST-U1920,20260630,501920,TC-01-N2-09.24,Tổ hợp thương mại căn hộ Phú Mỹ,Tháp N2,108,3.79,10.2,35,0,27.62,,LEGAL_PERMIT_BARRIER,EXPEDITE_LEGAL_PROCEDURES
DIAG-20260630-TST-U1921,20260630,501921,TC-01-N2-09.25,Tổ hợp thương mại căn hộ Phú Mỹ,Tháp N2,327,14.79,18.3,20,25,36.58,,LEGAL_PERMIT_BARRIER,EXPEDITE_LEGAL_PROCEDURES
DIAG-20260630-TST-U1922,20260630,501922,TC-01-N2-09.26,Tổ hợp thương mại căn hộ Phú Mỹ,Tháp N2,115,-5.66,10.1,85,0,16.01,,LEGAL_PERMIT_BARRIER,EXPEDITE_LEGAL_PROCEDURES
DIAG-20260630-TST-U1923,20260630,501923,TC-01-N2-09.27,Tổ hợp thương mại căn hộ Phú Mỹ,Tháp N2,308,-15.72,14.7,30,40,0.28,,LEGAL_PERMIT_BARRIER,EXPEDITE_LEGAL_PROCEDURES
DIAG-20260630-TST-U1927,20260630,501927,TC-01-N2-09.31,Tổ hợp thương mại căn hộ Phú Mỹ,Tháp N2,198,-0.22,11.3,20,0,22.69,,LEGAL_PERMIT_BARRIER,EXPEDITE_LEGAL_PROCEDURES
DIAG-20260630-TST-U1928,20260630,501928,TC-01-N2-09.32,Tổ hợp thương mại căn hộ Phú Mỹ,Tháp N2,163,18.11,7.8,50,40,33.89,,LEGAL_PERMIT_BARRIER,EXPEDITE_LEGAL_PROCEDURES
DIAG-20260630-TST-U1929,20260630,501929,TC-01-N2-09.33,Tổ hợp thương mại căn hộ Phú Mỹ,Tháp N2,262,8.92,17.0,0,0,29.6,,LEGAL_PERMIT_BARRIER,EXPEDITE_LEGAL_PROCEDURES
DIAG-20260630-TST-U1930,20260630,501930,TC-01-N2-09.34,Tổ hợp thương mại căn hộ Phú Mỹ,Tháp N2,323,-5.7,8.3,75,25,10.98,,LEGAL_PERMIT_BARRIER,EXPEDITE_LEGAL_PROCEDURES
DIAG-20260630-TST-U1931,20260630,501931,TC-01-N2-09.35,Tổ hợp thương mại căn hộ Phú Mỹ,Tháp N2,360,-2.11,13.9,0,25,16.48,,LEGAL_PERMIT_BARRIER,EXPEDITE_LEGAL_PROCEDURES
DIAG-20260630-TST-U1932,20260630,501932,TC-01-N2-09.36,Tổ hợp thương mại căn hộ Phú Mỹ,Tháp N2,221,1.9,12.2,20,65,25.31,,LEGAL_PERMIT_BARRIER,EXPEDITE_LEGAL_PROCEDURES
DIAG-20260630-TST-U1935,20260630,501935,TC-01-N2-09.39,Tổ hợp thương mại căn hộ Phú Mỹ,Tháp N2,379,-2.37,11.0,15,0,20.06,,LEGAL_PERMIT_BARRIER,EXPEDITE_LEGAL_PROCEDURES
DIAG-20260630-TST-U1936,20260630,501936,TC-01-N2-09.40,Tổ hợp thương mại căn hộ Phú Mỹ,Tháp N2,124,4.48,11.3,20,65,28.48,,LEGAL_PERMIT_BARRIER,EXPEDITE_LEGAL_PROCEDURES
DIAG-20260630-TST-U1938,20260630,501938,TC-01-N2-09.42,Tổ hợp thương mại căn hộ Phú Mỹ,Tháp N2,97,2.61,11.7,50,0,26.18,,LEGAL_PERMIT_BARRIER,EXPEDITE_LEGAL_PROCEDURES
DIAG-20260630-TST-U1939,20260630,501939,TC-01-N2-09.43,Tổ hợp thương mại căn hộ Phú Mỹ,Tháp N2,182,-2.14,11.9,85,55,20.33,,LEGAL_PERMIT_BARRIER,EXPEDITE_LEGAL_PROCEDURES
DIAG-20260630-TST-U1940,20260630,501940,TC-01-N2-09.44,Tổ hợp thương mại căn hộ Phú Mỹ,Tháp N2,226,-6.44,8.1,20,55,10.11,,LEGAL_PERMIT_BARRIER,EXPEDITE_LEGAL_PROCEDURES
DIAG-20260630-TST-U1941,20260630,501941,TC-01-N2-09.45,Tổ hợp thương mại căn hộ Phú Mỹ,Tháp N2,342,-3.56,8.9,40,95,13.49,,LEGAL_PERMIT_BARRIER,EXPEDITE_LEGAL_PROCEDURES
DIAG-20260630-TST-U1942,20260630,501942,TC-01-N2-09.46,Tổ hợp thương mại căn hộ Phú Mỹ,Tháp N2,363,-11.81,10.3,20,0,8.44,,LEGAL_PERMIT_BARRIER,EXPEDITE_LEGAL_PROCEDURES
DIAG-20260630-TST-U1943,20260630,501943,TC-01-N2-09.47,Tổ hợp thương mại căn hộ Phú Mỹ,Tháp N2,229,1.22,9.0,20,25,19.12,,LEGAL_PERMIT_BARRIER,EXPEDITE_LEGAL_PROCEDURES
DIAG-20260630-TST-U1944,20260630,501944,TC-01-N2-09.48,Tổ hợp thương mại căn hộ Phú Mỹ,Tháp N2,114,-6.15,12.6,35,65,15.4,,LEGAL_PERMIT_BARRIER,EXPEDITE_LEGAL_PROCEDURES
DIAG-20260630-TST-U1945,20260630,501945,TC-01-N2-09.49,Tổ hợp thương mại căn hộ Phú Mỹ,Tháp N2,222,-1.11,6.6,80,25,12.11,,LEGAL_PERMIT_BARRIER,EXPEDITE_LEGAL_PROCEDURES
DIAG-20260630-TST-U1946,20260630,501946,TC-01-N2-09.50,Tổ hợp thương mại căn hộ Phú Mỹ,Tháp N2,215,-14.41,11.2,40,40,5.24,,LEGAL_PERMIT_BARRIER,EXPEDITE_LEGAL_PROCEDURES
DIAG-20260630-TST-U1948,20260630,501948,TC-01-N2-09.52,Tổ hợp thương mại căn hộ Phú Mỹ,Tháp N2,345,-9.45,10.4,20,25,11.34,,LEGAL_PERMIT_BARRIER,EXPEDITE_LEGAL_PROCEDURES
DIAG-20260630-TST-U1949,20260630,501949,TC-01-N2-09.53,Tổ hợp thương mại căn hộ Phú Mỹ,Tháp N2,447,-11.59,10.7,20,65,8.72,,LEGAL_PERMIT_BARRIER,EXPEDITE_LEGAL_PROCEDURES
DIAG-20260630-TST-U1950,20260630,501950,TC-01-N2-09.54,Tổ hợp thương mại căn hộ Phú Mỹ,Tháp N2,443,-4.02,11.6,55,0,18.03,,LEGAL_PERMIT_BARRIER,EXPEDITE_LEGAL_PROCEDURES
DIAG-20260630-TST-U1951,20260630,501951,TC-01-N2-09.55,Tổ hợp thương mại căn hộ Phú Mỹ,Tháp N2,401,0.57,6.8,10,40,14.02,,LEGAL_PERMIT_BARRIER,EXPEDITE_LEGAL_PROCEDURES
DIAG-20260630-TST-U1952,20260630,501952,TC-01-N2-09.56,Tổ hợp thương mại căn hộ Phú Mỹ,Tháp N2,207,-6.16,12.1,20,0,15.4,,LEGAL_PERMIT_BARRIER,EXPEDITE_LEGAL_PROCEDURES
DIAG-20260630-TST-U1953,20260630,501953,TC-01-N2-09.57,Tổ hợp thương mại căn hộ Phú Mỹ,Tháp N2,426,-0.73,7.7,20,40,16.83,,LEGAL_PERMIT_BARRIER,EXPEDITE_LEGAL_PROCEDURES
DIAG-20260630-TST-U1954,20260630,501954,TC-01-N2-09.58,Tổ hợp thương mại căn hộ Phú Mỹ,Tháp N2,217,-10.57,5.6,20,0,1.38,,LEGAL_PERMIT_BARRIER,EXPEDITE_LEGAL_PROCEDURES
DIAG-20260630-TST-U1955,20260630,501955,TC-01-N2-09.59,Tổ hợp thương mại căn hộ Phú Mỹ,Tháp N2,134,8.04,12.1,65,0,32.85,,LEGAL_PERMIT_BARRIER,EXPEDITE_LEGAL_PROCEDURES
DIAG-20260630-TST-U1957,20260630,501957,TC-01-N2-09.61,Tổ hợp thương mại căn hộ Phú Mỹ,Tháp N2,276,13.48,14.6,0,40,39.54,,LEGAL_PERMIT_BARRIER,EXPEDITE_LEGAL_PROCEDURES
DIAG-20260630-TST-U1958,20260630,501958,TC-01-N2-09.62,Tổ hợp thương mại căn hộ Phú Mỹ,Tháp N2,240,-17.25,8.9,20,65,1.76,,LEGAL_PERMIT_BARRIER,EXPEDITE_LEGAL_PROCEDURES
DIAG-20260630-TST-U1959,20260630,501959,TC-01-N2-09.63,Tổ hợp thương mại căn hộ Phú Mỹ,Tháp N2,112,-9.85,14.7,35,25,7.26,,LEGAL_PERMIT_BARRIER,EXPEDITE_LEGAL_PROCEDURES
DIAG-20260630-TST-U1963,20260630,501963,TC-01-N2-10.01,Tổ hợp thương mại căn hộ Phú Mỹ,Tháp N2,369,0.01,13.7,65,25,22.98,,LEGAL_PERMIT_BARRIER,EXPEDITE_LEGAL_PROCEDURES
DIAG-20260630-TST-U1964,20260630,501964,TC-01-N2-10.02,Tổ hợp thương mại căn hộ Phú Mỹ,Tháp N2,140,-19.85,10.2,70,65,-1.44,,LEGAL_PERMIT_BARRIER,EXPEDITE_LEGAL_PROCEDURES
DIAG-20260630-TST-U1965,20260630,501965,TC-01-N2-10.03,Tổ hợp thương mại căn hộ Phú Mỹ,Tháp N2,312,-12.99,10.5,85,0,6.99,,LEGAL_PERMIT_BARRIER,EXPEDITE_LEGAL_PROCEDURES
DIAG-20260630-TST-U1966,20260630,501966,TC-01-N2-10.04,Tổ hợp thương mại căn hộ Phú Mỹ,Tháp N2,327,10.4,12.8,0,40,35.76,,LEGAL_PERMIT_BARRIER,EXPEDITE_LEGAL_PROCEDURES
DIAG-20260630-TST-U1967,20260630,501967,TC-01-N2-10.05,Tổ hợp thương mại căn hộ Phú Mỹ,Tháp N2,219,5.44,13.2,35,0,29.66,,LEGAL_PERMIT_BARRIER,EXPEDITE_LEGAL_PROCEDURES
DIAG-20260630-TST-U1968,20260630,501968,TC-01-N2-10.06,Tổ hợp thương mại căn hộ Phú Mỹ,Tháp N2,352,12.29,12.7,75,0,38.07,,LEGAL_PERMIT_BARRIER,EXPEDITE_LEGAL_PROCEDURES
DIAG-20260630-TST-U1969,20260630,501969,TC-01-N2-10.07,Tổ hợp thương mại căn hộ Phú Mỹ,Tháp N2,161,-18.66,8.3,20,55,0.02,,LEGAL_PERMIT_BARRIER,EXPEDITE_LEGAL_PROCEDURES
DIAG-20260630-TST-U1970,20260630,501970,TC-01-N2-10.08,Tổ hợp thương mại căn hộ Phú Mỹ,Tháp N2,152,-7.64,7.3,25,55,8.7,,LEGAL_PERMIT_BARRIER,EXPEDITE_LEGAL_PROCEDURES
DIAG-20260630-TST-U1972,20260630,501972,TC-01-N2-10.10,Tổ hợp thương mại căn hộ Phú Mỹ,Tháp N2,382,-1.66,12.4,40,40,20.93,,LEGAL_PERMIT_BARRIER,EXPEDITE_LEGAL_PROCEDURES
DIAG-20260630-TST-U1974,20260630,501974,TC-01-N2-10.12,Tổ hợp thương mại căn hộ Phú Mỹ,Tháp N2,393,9.6,7.5,40,0,24.25,,LEGAL_PERMIT_BARRIER,EXPEDITE_LEGAL_PROCEDURES
DIAG-20260630-TST-U1975,20260630,501975,TC-01-N2-10.13,Tổ hợp thương mại căn hộ Phú Mỹ,Tháp N2,306,-0.93,8.3,50,30,16.59,,LEGAL_PERMIT_BARRIER,EXPEDITE_LEGAL_PROCEDURES
DIAG-20260630-TST-U1976,20260630,501976,TC-01-N2-10.14,Tổ hợp thương mại căn hộ Phú Mỹ,Tháp N2,252,2.4,8.2,40,40,20.51,,LEGAL_PERMIT_BARRIER,EXPEDITE_LEGAL_PROCEDURES
DIAG-20260630-TST-U1979,20260630,501979,TC-01-N2-10.17,Tổ hợp thương mại căn hộ Phú Mỹ,Tháp N2,210,2.36,10.6,45,70,25.86,,LEGAL_PERMIT_BARRIER,EXPEDITE_LEGAL_PROCEDURES
DIAG-20260630-TST-U1980,20260630,501980,TC-01-N2-10.18,Tổ hợp thương mại căn hộ Phú Mỹ,Tháp N2,368,-6.16,12.0,70,0,15.39,,LEGAL_PERMIT_BARRIER,EXPEDITE_LEGAL_PROCEDURES
DIAG-20260630-TST-U1981,20260630,501981,TC-01-N2-10.19,Tổ hợp thương mại căn hộ Phú Mỹ,Tháp N2,451,-11.12,10.4,20,40,9.3,,LEGAL_PERMIT_BARRIER,EXPEDITE_LEGAL_PROCEDURES
DIAG-20260630-TST-U1983,20260630,501983,TC-01-N2-10.21,Tổ hợp thương mại căn hộ Phú Mỹ,Tháp N2,295,10.81,20.5,10,40,31.84,,LEGAL_PERMIT_BARRIER,EXPEDITE_LEGAL_PROCEDURES
DIAG-20260630-TST-U1984,20260630,501984,TC-01-N2-10.22,Tổ hợp thương mại căn hộ Phú Mỹ,Tháp N2,255,-15.61,9.1,10,25,3.77,,LEGAL_PERMIT_BARRIER,EXPEDITE_LEGAL_PROCEDURES
DIAG-20260630-TST-U1985,20260630,501985,TC-01-N2-10.23,Tổ hợp thương mại căn hộ Phú Mỹ,Tháp N2,156,-1.66,8.0,65,40,15.73,,LEGAL_PERMIT_BARRIER,EXPEDITE_LEGAL_PROCEDURES
DIAG-20260630-TST-U1986,20260630,501986,TC-01-N2-10.24,Tổ hợp thương mại căn hộ Phú Mỹ,Tháp N2,107,0.0,15.5,60,20,18.99,,LEGAL_PERMIT_BARRIER,EXPEDITE_LEGAL_PROCEDURES
DIAG-20260630-TST-U1987,20260630,501987,TC-01-N2-10.25,Tổ hợp thương mại căn hộ Phú Mỹ,Tháp N2,167,-9.22,10.9,20,25,11.63,,LEGAL_PERMIT_BARRIER,EXPEDITE_LEGAL_PROCEDURES
DIAG-20260630-TST-U1988,20260630,501988,TC-01-N2-10.26,Tổ hợp thương mại căn hộ Phú Mỹ,Tháp N2,273,-22.22,9.2,35,0,-4.36,,LEGAL_PERMIT_BARRIER,EXPEDITE_LEGAL_PROCEDURES
DIAG-20260630-TST-U1989,20260630,501989,TC-01-N2-10.27,Tổ hợp thương mại căn hộ Phú Mỹ,Tháp N2,214,-4.73,11.3,40,20,17.14,,LEGAL_PERMIT_BARRIER,EXPEDITE_LEGAL_PROCEDURES
DIAG-20260630-TST-U1991,20260630,501991,TC-01-N2-10.29,Tổ hợp thương mại căn hộ Phú Mỹ,Tháp N2,445,-14.07,7.4,20,65,1.13,,LEGAL_PERMIT_BARRIER,EXPEDITE_LEGAL_PROCEDURES
DIAG-20260630-TST-U1992,20260630,501992,TC-01-N2-10.30,Tổ hợp thương mại căn hộ Phú Mỹ,Tháp N2,204,-14.32,13.3,40,65,1.94,,LEGAL_PERMIT_BARRIER,EXPEDITE_LEGAL_PROCEDURES
DIAG-20260630-TST-U1993,20260630,501993,TC-01-N2-10.31,Tổ hợp thương mại căn hộ Phú Mỹ,Tháp N2,220,8.28,14.6,15,0,33.15,,LEGAL_PERMIT_BARRIER,EXPEDITE_LEGAL_PROCEDURES
DIAG-20260630-TST-U1994,20260630,501994,TC-01-N2-10.32,Tổ hợp thương mại căn hộ Phú Mỹ,Tháp N2,376,3.78,12.1,20,25,27.62,,LEGAL_PERMIT_BARRIER,EXPEDITE_LEGAL_PROCEDURES
DIAG-20260630-TST-U1995,20260630,501995,TC-01-N2-10.33,Tổ hợp thương mại căn hộ Phú Mỹ,Tháp N2,402,-14.31,14.3,10,65,1.96,,LEGAL_PERMIT_BARRIER,EXPEDITE_LEGAL_PROCEDURES
DIAG-20260630-TST-U1997,20260630,501997,TC-01-N2-10.35,Tổ hợp thương mại căn hộ Phú Mỹ,Tháp N2,128,-1.88,7.9,40,40,15.47,,LEGAL_PERMIT_BARRIER,EXPEDITE_LEGAL_PROCEDURES
DIAG-20260630-TST-U1998,20260630,501998,TC-01-N2-10.36,Tổ hợp thương mại căn hộ Phú Mỹ,Tháp N2,181,1.88,11.0,20,0,25.27,,LEGAL_PERMIT_BARRIER,EXPEDITE_LEGAL_PROCEDURES
DIAG-20260630-TST-U1999,20260630,501999,TC-01-N2-10.37,Tổ hợp thương mại căn hộ Phú Mỹ,Tháp N2,431,-4.49,11.8,20,0,17.44,,LEGAL_PERMIT_BARRIER,EXPEDITE_LEGAL_PROCEDURES
DIAG-20260630-TST-U2002,20260630,502002,TC-01-N2-10.40,Tổ hợp thương mại căn hộ Phú Mỹ,Tháp N2,278,-8.33,8.3,20,25,7.88,,LEGAL_PERMIT_BARRIER,EXPEDITE_LEGAL_PROCEDURES
DIAG-20260630-TST-U2003,20260630,502003,TC-01-N2-10.41,Tổ hợp thương mại căn hộ Phú Mỹ,Tháp N2,444,2.13,13.6,10,25,25.59,,LEGAL_PERMIT_BARRIER,EXPEDITE_LEGAL_PROCEDURES
DIAG-20260630-TST-U2004,20260630,502004,TC-01-N2-10.42,Tổ hợp thương mại căn hộ Phú Mỹ,Tháp N2,343,9.92,11.6,45,45,35.17,,LEGAL_PERMIT_BARRIER,EXPEDITE_LEGAL_PROCEDURES
DIAG-20260630-TST-U2005,20260630,502005,TC-01-N2-10.43,Tổ hợp thương mại căn hộ Phú Mỹ,Tháp N2,240,13.48,12.6,0,0,39.54,,LEGAL_PERMIT_BARRIER,EXPEDITE_LEGAL_PROCEDURES
DIAG-20260630-TST-U2006,20260630,502006,TC-01-N2-10.44,Tổ hợp thương mại căn hộ Phú Mỹ,Tháp N2,387,10.02,9.0,15,25,29.47,,LEGAL_PERMIT_BARRIER,EXPEDITE_LEGAL_PROCEDURES
DIAG-20260630-TST-U2007,20260630,502007,TC-01-N2-10.45,Tổ hợp thương mại căn hộ Phú Mỹ,Tháp N2,276,8.52,11.3,10,40,33.44,,LEGAL_PERMIT_BARRIER,EXPEDITE_LEGAL_PROCEDURES
DIAG-20260630-TST-U2008,20260630,502008,TC-01-N2-10.46,Tổ hợp thương mại căn hộ Phú Mỹ,Tháp N2,250,0.5,8.3,30,40,18.27,,LEGAL_PERMIT_BARRIER,EXPEDITE_LEGAL_PROCEDURES
DIAG-20260630-TST-U2009,20260630,502009,TC-01-N2-10.47,Tổ hợp thương mại căn hộ Phú Mỹ,Tháp N2,118,-17.01,10.0,65,25,2.05,,LEGAL_PERMIT_BARRIER,EXPEDITE_LEGAL_PROCEDURES
DIAG-20260630-TST-U2010,20260630,502010,TC-01-N2-10.48,Tổ hợp thương mại căn hộ Phú Mỹ,Tháp N2,405,-5.87,15.2,35,65,12.0,,LEGAL_PERMIT_BARRIER,EXPEDITE_LEGAL_PROCEDURES
DIAG-20260630-TST-U2011,20260630,502011,TC-01-N2-10.49,Tổ hợp thương mại căn hộ Phú Mỹ,Tháp N2,443,4.26,11.6,40,45,28.21,,LEGAL_PERMIT_BARRIER,EXPEDITE_LEGAL_PROCEDURES
DIAG-20260630-TST-U2013,20260630,502013,TC-01-N2-10.51,Tổ hợp thương mại căn hộ Phú Mỹ,Tháp N2,210,7.41,9.4,50,40,26.41,,LEGAL_PERMIT_BARRIER,EXPEDITE_LEGAL_PROCEDURES
DIAG-20260630-TST-U2014,20260630,502014,TC-01-N2-10.52,Tổ hợp thương mại căn hộ Phú Mỹ,Tháp N2,100,-2.83,11.6,35,65,19.48,,LEGAL_PERMIT_BARRIER,EXPEDITE_LEGAL_PROCEDURES
DIAG-20260630-TST-U2015,20260630,502015,TC-01-N2-10.53,Tổ hợp thương mại căn hộ Phú Mỹ,Tháp N2,93,7.05,18.0,45,40,27.38,,LEGAL_PERMIT_BARRIER,EXPEDITE_LEGAL_PROCEDURES
DIAG-20260630-TST-U2016,20260630,502016,TC-01-N2-10.54,Tổ hợp thương mại căn hộ Phú Mỹ,Tháp N2,361,-2.84,8.3,65,65,14.35,,LEGAL_PERMIT_BARRIER,EXPEDITE_LEGAL_PROCEDURES
DIAG-20260630-TST-U2017,20260630,502017,TC-01-N2-10.55,Tổ hợp thương mại căn hộ Phú Mỹ,Tháp N2,340,-14.55,7.7,35,55,0.56,,LEGAL_PERMIT_BARRIER,EXPEDITE_LEGAL_PROCEDURES
DIAG-20260630-TST-U2018,20260630,502018,TC-01-N2-10.56,Tổ hợp thương mại căn hộ Phú Mỹ,Tháp N2,335,-22.47,9.2,30,65,-4.67,,LEGAL_PERMIT_BARRIER,EXPEDITE_LEGAL_PROCEDURES
DIAG-20260630-TST-U2019,20260630,502019,TC-01-N2-10.57,Tổ hợp thương mại căn hộ Phú Mỹ,Tháp N2,140,0.98,8.8,50,0,18.84,,LEGAL_PERMIT_BARRIER,EXPEDITE_LEGAL_PROCEDURES
DIAG-20260630-TST-U2021,20260630,502021,TC-01-N2-10.59,Tổ hợp thương mại căn hộ Phú Mỹ,Tháp N2,231,-0.0,12.5,25,25,22.96,,LEGAL_PERMIT_BARRIER,EXPEDITE_LEGAL_PROCEDURES
DIAG-20260630-TST-U2022,20260630,502022,TC-01-N2-10.60,Tổ hợp thương mại căn hộ Phú Mỹ,Tháp N2,464,0.48,15.1,40,20,19.56,,LEGAL_PERMIT_BARRIER,EXPEDITE_LEGAL_PROCEDURES
DIAG-20260630-TST-U2023,20260630,502023,TC-01-N2-10.61,Tổ hợp thương mại căn hộ Phú Mỹ,Tháp N2,342,-0.21,9.1,20,65,17.43,,LEGAL_PERMIT_BARRIER,EXPEDITE_LEGAL_PROCEDURES
DIAG-20260630-TST-U2024,20260630,502024,TC-01-N2-10.62,Tổ hợp thương mại căn hộ Phú Mỹ,Tháp N2,183,-10.74,7.4,20,0,5.05,,LEGAL_PERMIT_BARRIER,EXPEDITE_LEGAL_PROCEDURES
DIAG-20260630-TST-U2025,20260630,502025,TC-01-N2-10.63,Tổ hợp thương mại căn hộ Phú Mỹ,Tháp N2,253,-9.0,10.6,40,0,11.9,,LEGAL_PERMIT_BARRIER,EXPEDITE_LEGAL_PROCEDURES
DIAG-20260630-TST-U2026,20260630,502026,TC-01-N2-10.64,Tổ hợp thương mại căn hộ Phú Mỹ,Tháp N2,290,-5.2,12.3,30,25,16.57,,LEGAL_PERMIT_BARRIER,EXPEDITE_LEGAL_PROCEDURES
DIAG-20260630-TST-U2027,20260630,502027,TC-01-N2-10.65,Tổ hợp thương mại căn hộ Phú Mỹ,Tháp N2,438,-18.55,13.3,40,20,-3.08,,LEGAL_PERMIT_BARRIER,EXPEDITE_LEGAL_PROCEDURES
DIAG-20260630-TST-U2028,20260630,502028,TC-01-N2-10.66,Tổ hợp thương mại căn hộ Phú Mỹ,Tháp N2,106,-5.68,11.0,0,40,15.98,,LEGAL_PERMIT_BARRIER,EXPEDITE_LEGAL_PROCEDURES
DIAG-20260630-TST-U2030,20260630,502030,TC-01-N2-11.02,Tổ hợp thương mại căn hộ Phú Mỹ,Tháp N2,351,-10.27,8.2,65,25,5.6,,LEGAL_PERMIT_BARRIER,EXPEDITE_LEGAL_PROCEDURES
DIAG-20260630-TST-U2031,20260630,502031,TC-01-N2-11.03,Tổ hợp thương mại căn hộ Phú Mỹ,Tháp N2,152,-7.8,11.4,20,40,13.37,,LEGAL_PERMIT_BARRIER,EXPEDITE_LEGAL_PROCEDURES
DIAG-20260630-TST-U2033,20260630,502033,TC-01-N2-11.05,Tổ hợp thương mại căn hộ Phú Mỹ,Tháp N2,365,-11.83,9.4,35,40,8.42,,LEGAL_PERMIT_BARRIER,EXPEDITE_LEGAL_PROCEDURES
DIAG-20260630-TST-U2034,20260630,502034,TC-01-N2-11.06,Tổ hợp thương mại căn hộ Phú Mỹ,Tháp N2,129,6.46,8.9,20,25,25.29,,LEGAL_PERMIT_BARRIER,EXPEDITE_LEGAL_PROCEDURES
DIAG-20260630-TST-U2035,20260630,502035,TC-01-N2-11.07,Tổ hợp thương mại căn hộ Phú Mỹ,Tháp N2,289,-2.15,8.4,0,0,15.16,,LEGAL_PERMIT_BARRIER,EXPEDITE_LEGAL_PROCEDURES
DIAG-20260630-TST-U2036,20260630,502036,TC-01-N2-11.08,Tổ hợp thương mại căn hộ Phú Mỹ,Tháp N2,252,14.17,11.5,75,40,40.4,,LEGAL_PERMIT_BARRIER,EXPEDITE_LEGAL_PROCEDURES
DIAG-20260630-TST-U2037,20260630,502037,TC-01-N2-11.09,Tổ hợp thương mại căn hộ Phú Mỹ,Tháp N2,372,0.94,12.1,20,0,24.12,,LEGAL_PERMIT_BARRIER,EXPEDITE_LEGAL_PROCEDURES
DIAG-20260630-TST-U2038,20260630,502038,TC-01-N2-11.10,Tổ hợp thương mại căn hộ Phú Mỹ,Tháp N2,136,7.11,13.1,20,0,31.7,,LEGAL_PERMIT_BARRIER,EXPEDITE_LEGAL_PROCEDURES
DIAG-20260630-TST-U2040,20260630,502040,TC-01-N2-11.12,Tổ hợp thương mại căn hộ Phú Mỹ,Tháp N2,252,-15.13,10.6,40,30,4.36,,LEGAL_PERMIT_BARRIER,EXPEDITE_LEGAL_PROCEDURES
DIAG-20260630-TST-U2041,20260630,502041,TC-01-N2-11.13,Tổ hợp thương mại căn hộ Phú Mỹ,Tháp N2,236,8.5,12.5,50,0,33.41,,LEGAL_PERMIT_BARRIER,EXPEDITE_LEGAL_PROCEDURES
DIAG-20260630-TST-U2042,20260630,502042,TC-01-N2-11.14,Tổ hợp thương mại căn hộ Phú Mỹ,Tháp N2,164,18.19,14.6,40,40,45.33,,LEGAL_PERMIT_BARRIER,EXPEDITE_LEGAL_PROCEDURES
DIAG-20260630-TST-U2043,20260630,502043,TC-01-N2-11.15,Tổ hợp thương mại căn hộ Phú Mỹ,Tháp N2,224,3.79,11.8,40,65,27.63,,LEGAL_PERMIT_BARRIER,EXPEDITE_LEGAL_PROCEDURES
DIAG-20260630-TST-U2044,20260630,502044,TC-01-N2-11.16,Tổ hợp thương mại căn hộ Phú Mỹ,Tháp N2,436,-7.87,7.7,0,0,8.43,,LEGAL_PERMIT_BARRIER,EXPEDITE_LEGAL_PROCEDURES
DIAG-20260630-TST-U2045,20260630,502045,TC-01-N2-11.17,Tổ hợp thương mại căn hộ Phú Mỹ,Tháp N2,298,7.79,12.2,30,25,32.55,,LEGAL_PERMIT_BARRIER,EXPEDITE_LEGAL_PROCEDURES
DIAG-20260630-TST-U2046,20260630,502046,TC-01-N2-11.18,Tổ hợp thương mại căn hộ Phú Mỹ,Tháp N2,408,5.67,12.7,60,0,29.94,,LEGAL_PERMIT_BARRIER,EXPEDITE_LEGAL_PROCEDURES
DIAG-20260630-TST-U2047,20260630,502047,TC-01-N2-11.19,Tổ hợp thương mại căn hộ Phú Mỹ,Tháp N2,336,-11.36,10.6,70,25,9.0,,LEGAL_PERMIT_BARRIER,EXPEDITE_LEGAL_PROCEDURES
DIAG-20260630-TST-U2048,20260630,502048,TC-01-N2-11.20,Tổ hợp thương mại căn hộ Phú Mỹ,Tháp N2,141,8.02,13.0,20,0,32.83,,LEGAL_PERMIT_BARRIER,EXPEDITE_LEGAL_PROCEDURES
DIAG-20260630-TST-U2049,20260630,502049,TC-01-N2-11.21,Tổ hợp thương mại căn hộ Phú Mỹ,Tháp N2,422,17.26,14.5,25,0,44.19,,LEGAL_PERMIT_BARRIER,EXPEDITE_LEGAL_PROCEDURES
DIAG-20260630-TST-U2051,20260630,502051,TC-01-N2-11.23,Tổ hợp thương mại căn hộ Phú Mỹ,Tháp N2,372,17.03,12.4,20,0,43.91,,LEGAL_PERMIT_BARRIER,EXPEDITE_LEGAL_PROCEDURES
DIAG-20260630-TST-U2053,20260630,502053,TC-01-N2-11.25,Tổ hợp thương mại căn hộ Phú Mỹ,Tháp N2,128,-21.75,7.8,20,25,-3.78,,LEGAL_PERMIT_BARRIER,EXPEDITE_LEGAL_PROCEDURES
DIAG-20260630-TST-U2054,20260630,502054,TC-01-N2-11.26,Tổ hợp thương mại căn hộ Phú Mỹ,Tháp N2,105,-7.33,11.3,20,25,13.95,,LEGAL_PERMIT_BARRIER,EXPEDITE_LEGAL_PROCEDURES
DIAG-20260630-TST-U2055,20260630,502055,TC-01-N2-11.27,Tổ hợp thương mại căn hộ Phú Mỹ,Tháp N2,110,-21.97,8.1,20,25,-4.05,,LEGAL_PERMIT_BARRIER,EXPEDITE_LEGAL_PROCEDURES
DIAG-20260630-TST-U2056,20260630,502056,TC-01-N2-11.28,Tổ hợp thương mại căn hộ Phú Mỹ,Tháp N2,215,4.56,8.0,45,40,23.05,,LEGAL_PERMIT_BARRIER,EXPEDITE_LEGAL_PROCEDURES
DIAG-20260630-TST-U2057,20260630,502057,TC-01-N2-11.29,Tổ hợp thương mại căn hộ Phú Mỹ,Tháp N2,390,9.46,12.8,30,30,34.6,,LEGAL_PERMIT_BARRIER,EXPEDITE_LEGAL_PROCEDURES
DIAG-20260630-TST-U2058,20260630,502058,TC-01-N2-11.30,Tổ hợp thương mại căn hộ Phú Mỹ,Tháp N2,348,-8.44,16.6,25,20,8.94,,LEGAL_PERMIT_BARRIER,EXPEDITE_LEGAL_PROCEDURES
DIAG-20260630-TST-U2060,20260630,502060,TC-01-N2-11.32,Tổ hợp thương mại căn hộ Phú Mỹ,Tháp N2,113,-0.96,12.8,65,0,21.79,,LEGAL_PERMIT_BARRIER,EXPEDITE_LEGAL_PROCEDURES
DIAG-20260630-TST-U2062,20260630,502062,TC-01-N2-11.34,Tổ hợp thương mại căn hộ Phú Mỹ,Tháp N2,364,6.95,8.2,40,25,25.86,,LEGAL_PERMIT_BARRIER,EXPEDITE_LEGAL_PROCEDURES
DIAG-20260630-TST-U2065,20260630,502065,TC-01-N2-11.37,Tổ hợp thương mại căn hộ Phú Mỹ,Tháp N2,98,-24.36,7.7,20,65,-6.99,,LEGAL_PERMIT_BARRIER,EXPEDITE_LEGAL_PROCEDURES
DIAG-20260630-TST-U2066,20260630,502066,TC-01-N2-11.38,Tổ hợp thương mại căn hộ Phú Mỹ,Tháp N2,380,13.7,8.0,30,0,28.9,,LEGAL_PERMIT_BARRIER,EXPEDITE_LEGAL_PROCEDURES
DIAG-20260630-TST-U2068,20260630,502068,TC-01-N2-11.40,Tổ hợp thương mại căn hộ Phú Mỹ,Tháp N2,307,10.11,19.1,45,0,31.02,,LEGAL_PERMIT_BARRIER,EXPEDITE_LEGAL_PROCEDURES
DIAG-20260630-TST-U2069,20260630,502069,TC-01-N2-11.41,Tổ hợp thương mại căn hộ Phú Mỹ,Tháp N2,166,10.33,18.6,10,20,31.28,,LEGAL_PERMIT_BARRIER,EXPEDITE_LEGAL_PROCEDURES
DIAG-20260630-TST-U2071,20260630,502071,TC-01-N2-11.43,Tổ hợp thương mại căn hộ Phú Mỹ,Tháp N2,244,-16.92,6.4,45,25,-2.23,,LEGAL_PERMIT_BARRIER,EXPEDITE_LEGAL_PROCEDURES
DIAG-20260630-TST-U2072,20260630,502072,TC-01-N2-11.44,Tổ hợp thương mại căn hộ Phú Mỹ,Tháp N2,318,-11.22,8.1,35,25,4.48,,LEGAL_PERMIT_BARRIER,EXPEDITE_LEGAL_PROCEDURES
DIAG-20260630-TST-U2073,20260630,502073,TC-01-N2-11.45,Tổ hợp thương mại căn hộ Phú Mỹ,Tháp N2,243,15.36,12.4,80,40,41.85,,LEGAL_PERMIT_BARRIER,EXPEDITE_LEGAL_PROCEDURES
DIAG-20260630-TST-U2074,20260630,502074,TC-01-N2-11.46,Tổ hợp thương mại căn hộ Phú Mỹ,Tháp N2,228,-6.09,14.4,0,25,11.74,,LEGAL_PERMIT_BARRIER,EXPEDITE_LEGAL_PROCEDURES
DIAG-20260630-TST-U2076,20260630,502076,TC-01-N2-11.48,Tổ hợp thương mại căn hộ Phú Mỹ,Tháp N2,257,5.04,8.4,20,25,23.62,,LEGAL_PERMIT_BARRIER,EXPEDITE_LEGAL_PROCEDURES
DIAG-20260630-TST-U2077,20260630,502077,TC-01-N2-11.49,Tổ hợp thương mại căn hộ Phú Mỹ,Tháp N2,175,13.23,12.1,45,65,39.24,,LEGAL_PERMIT_BARRIER,EXPEDITE_LEGAL_PROCEDURES
DIAG-20260630-TST-U2078,20260630,502078,TC-01-N2-11.50,Tổ hợp thương mại căn hộ Phú Mỹ,Tháp N2,417,-19.61,9.0,30,0,-1.15,,LEGAL_PERMIT_BARRIER,EXPEDITE_LEGAL_PROCEDURES
DIAG-20260630-TST-U2079,20260630,502079,TC-01-N2-11.51,Tổ hợp thương mại căn hộ Phú Mỹ,Tháp N2,191,1.67,10.6,20,25,25.02,,LEGAL_PERMIT_BARRIER,EXPEDITE_LEGAL_PROCEDURES
DIAG-20260630-TST-U2080,20260630,502080,TC-01-N2-11.52,Tổ hợp thương mại căn hộ Phú Mỹ,Tháp N2,195,-18.36,7.0,75,0,-3.92,,LEGAL_PERMIT_BARRIER,EXPEDITE_LEGAL_PROCEDURES
DIAG-20260630-TST-U2081,20260630,502081,TC-01-N2-11.53,Tổ hợp thương mại căn hộ Phú Mỹ,Tháp N2,293,0.93,11.0,60,25,24.11,,LEGAL_PERMIT_BARRIER,EXPEDITE_LEGAL_PROCEDURES
DIAG-20260630-TST-U2082,20260630,502082,TC-01-N2-11.54,Tổ hợp thương mại căn hộ Phú Mỹ,Tháp N2,108,-13.13,14.9,30,0,3.36,,LEGAL_PERMIT_BARRIER,EXPEDITE_LEGAL_PROCEDURES
DIAG-20260630-TST-U2083,20260630,502083,TC-01-N2-11.55,Tổ hợp thương mại căn hộ Phú Mỹ,Tháp N2,224,-15.26,14.8,10,40,0.83,,LEGAL_PERMIT_BARRIER,EXPEDITE_LEGAL_PROCEDURES
DIAG-20260630-TST-U2084,20260630,502084,TC-01-N2-11.56,Tổ hợp thương mại căn hộ Phú Mỹ,Tháp N2,162,-6.63,11.3,0,40,14.81,,LEGAL_PERMIT_BARRIER,EXPEDITE_LEGAL_PROCEDURES
DIAG-20260630-TST-U2085,20260630,502085,TC-01-N2-11.57,Tổ hợp thương mại căn hộ Phú Mỹ,Tháp N2,221,3.32,12.1,20,40,27.05,,LEGAL_PERMIT_BARRIER,EXPEDITE_LEGAL_PROCEDURES
DIAG-20260630-TST-U2087,20260630,502087,TC-01-N2-11.59,Tổ hợp thương mại căn hộ Phú Mỹ,Tháp N2,161,3.52,17.4,10,40,23.18,,LEGAL_PERMIT_BARRIER,EXPEDITE_LEGAL_PROCEDURES
DIAG-20260630-TST-U2088,20260630,502088,TC-01-N2-11.60,Tổ hợp thương mại căn hộ Phú Mỹ,Tháp N2,359,-2.62,7.6,55,25,14.6,,LEGAL_PERMIT_BARRIER,EXPEDITE_LEGAL_PROCEDURES
DIAG-20260630-TST-U2089,20260630,502089,TC-01-N2-11.61,Tổ hợp thương mại căn hộ Phú Mỹ,Tháp N2,195,-3.56,8.8,10,40,13.49,,LEGAL_PERMIT_BARRIER,EXPEDITE_LEGAL_PROCEDURES
DIAG-20260630-TST-U2091,20260630,502091,TC-01-N2-11.63,Tổ hợp thương mại căn hộ Phú Mỹ,Tháp N2,426,2.42,9.5,0,40,20.53,,LEGAL_PERMIT_BARRIER,EXPEDITE_LEGAL_PROCEDURES
DIAG-20260630-TST-U2092,20260630,502092,TC-01-N2-11.64,Tổ hợp thương mại căn hộ Phú Mỹ,Tháp N2,330,9.79,9.3,70,25,29.2,,LEGAL_PERMIT_BARRIER,EXPEDITE_LEGAL_PROCEDURES
DIAG-20260630-TST-U2094,20260630,502094,TC-01-N2-11.66,Tổ hợp thương mại căn hộ Phú Mỹ,Tháp N2,387,-3.82,8.0,70,0,13.19,,LEGAL_PERMIT_BARRIER,EXPEDITE_LEGAL_PROCEDURES
DIAG-20260630-TST-U2095,20260630,502095,TC-01-N2-12.01,Tổ hợp thương mại căn hộ Phú Mỹ,Tháp N2,239,6.81,16.4,20,30,27.09,,LEGAL_PERMIT_BARRIER,EXPEDITE_LEGAL_PROCEDURES
DIAG-20260630-TST-U2096,20260630,502096,TC-01-N2-12.02,Tổ hợp thương mại căn hộ Phú Mỹ,Tháp N2,104,0.02,8.7,20,25,17.71,,LEGAL_PERMIT_BARRIER,EXPEDITE_LEGAL_PROCEDURES
DIAG-20260630-TST-U2098,20260630,502098,TC-01-N2-12.04,Tổ hợp thương mại căn hộ Phú Mỹ,Tháp N2,115,-20.57,9.2,40,55,-2.33,,LEGAL_PERMIT_BARRIER,EXPEDITE_LEGAL_PROCEDURES
DIAG-20260630-TST-U2099,20260630,502099,TC-01-N2-12.05,Tổ hợp thương mại căn hộ Phú Mỹ,Tháp N2,257,14.79,10.3,20,20,35.09,,LEGAL_PERMIT_BARRIER,EXPEDITE_LEGAL_PROCEDURES
DIAG-20260630-TST-U2100,20260630,502100,TC-01-N2-12.06,Tổ hợp thương mại căn hộ Phú Mỹ,Tháp N2,220,-18.59,6.4,85,0,-4.2,,LEGAL_PERMIT_BARRIER,EXPEDITE_LEGAL_PROCEDURES
DIAG-20260630-TST-U2102,20260630,502102,TC-01-N2-12.08,Tổ hợp thương mại căn hộ Phú Mỹ,Tháp N2,162,3.3,11.5,30,20,27.02,,LEGAL_PERMIT_BARRIER,EXPEDITE_LEGAL_PROCEDURES
DIAG-20260630-TST-U2103,20260630,502103,TC-01-N2-12.09,Tổ hợp thương mại căn hộ Phú Mỹ,Tháp N2,115,6.84,13.4,45,40,31.38,,LEGAL_PERMIT_BARRIER,EXPEDITE_LEGAL_PROCEDURES
DIAG-20260630-TST-U2104,20260630,502104,TC-01-N2-12.10,Tổ hợp thương mại căn hộ Phú Mỹ,Tháp N2,359,-7.31,11.1,20,0,13.97,,LEGAL_PERMIT_BARRIER,EXPEDITE_LEGAL_PROCEDURES
DIAG-20260630-TST-U2106,20260630,502106,TC-01-N2-12.12,Tổ hợp thương mại căn hộ Phú Mỹ,Tháp N2,126,3.07,17.3,0,0,22.63,,LEGAL_PERMIT_BARRIER,EXPEDITE_LEGAL_PROCEDURES
DIAG-20260630-TST-U2107,20260630,502107,TC-01-N2-12.13,Tổ hợp thương mại căn hộ Phú Mỹ,Tháp N2,448,7.16,7.5,0,0,21.49,,LEGAL_PERMIT_BARRIER,EXPEDITE_LEGAL_PROCEDURES
DIAG-20260630-TST-U2108,20260630,502108,TC-01-N2-12.14,Tổ hợp thương mại căn hộ Phú Mỹ,Tháp N2,120,0.71,11.1,20,65,23.84,,LEGAL_PERMIT_BARRIER,EXPEDITE_LEGAL_PROCEDURES
DIAG-20260630-TST-U2109,20260630,502109,TC-01-N2-12.15,Tổ hợp thương mại căn hộ Phú Mỹ,Tháp N2,373,-14.24,6.1,20,25,-2.78,,LEGAL_PERMIT_BARRIER,EXPEDITE_LEGAL_PROCEDURES
DIAG-20260630-TST-U2110,20260630,502110,TC-01-N2-12.16,Tổ hợp thương mại căn hộ Phú Mỹ,Tháp N2,401,-5.98,5.8,20,75,6.59,,LEGAL_PERMIT_BARRIER,EXPEDITE_LEGAL_PROCEDURES
DIAG-20260630-TST-U2111,20260630,502111,TC-01-N2-12.17,Tổ hợp thương mại căn hộ Phú Mỹ,Tháp N2,348,1.17,16.9,35,25,20.38,,LEGAL_PERMIT_BARRIER,EXPEDITE_LEGAL_PROCEDURES
DIAG-20260630-TST-U2112,20260630,502112,TC-01-N2-12.18,Tổ hợp thương mại căn hộ Phú Mỹ,Tháp N2,451,1.66,13.3,30,0,25.01,,LEGAL_PERMIT_BARRIER,EXPEDITE_LEGAL_PROCEDURES
DIAG-20260630-TST-U2113,20260630,502113,TC-01-N2-12.19,Tổ hợp thương mại căn hộ Phú Mỹ,Tháp N2,247,12.54,13.7,45,0,38.38,,LEGAL_PERMIT_BARRIER,EXPEDITE_LEGAL_PROCEDURES
DIAG-20260630-TST-U2115,20260630,502115,TC-01-N2-12.21,Tổ hợp thương mại căn hộ Phú Mỹ,Tháp N2,257,15.6,14.4,65,0,42.15,,LEGAL_PERMIT_BARRIER,EXPEDITE_LEGAL_PROCEDURES
DIAG-20260630-TST-U2116,20260630,502116,TC-01-N2-12.22,Tổ hợp thương mại căn hộ Phú Mỹ,Tháp N2,436,-1.63,17.3,75,0,17.05,,LEGAL_PERMIT_BARRIER,EXPEDITE_LEGAL_PROCEDURES
DIAG-20260630-TST-U2117,20260630,502117,TC-01-N2-12.23,Tổ hợp thương mại căn hộ Phú Mỹ,Tháp N2,463,3.99,16.0,20,45,23.73,,LEGAL_PERMIT_BARRIER,EXPEDITE_LEGAL_PROCEDURES
DIAG-20260630-TST-U2118,20260630,502118,TC-01-N2-12.24,Tổ hợp thương mại căn hộ Phú Mỹ,Tháp N2,454,16.74,9.9,40,40,37.38,,LEGAL_PERMIT_BARRIER,EXPEDITE_LEGAL_PROCEDURES
DIAG-20260630-TST-U2119,20260630,502119,TC-01-N2-12.25,Tổ hợp thương mại căn hộ Phú Mỹ,Tháp N2,337,-16.19,15.2,35,0,-0.28,,LEGAL_PERMIT_BARRIER,EXPEDITE_LEGAL_PROCEDURES
DIAG-20260630-TST-U2120,20260630,502120,TC-01-N2-12.26,Tổ hợp thương mại căn hộ Phú Mỹ,Tháp N2,304,-9.21,10.4,20,65,11.65,,LEGAL_PERMIT_BARRIER,EXPEDITE_LEGAL_PROCEDURES
DIAG-20260630-TST-U2121,20260630,502121,TC-01-N2-12.27,Tổ hợp thương mại căn hộ Phú Mỹ,Tháp N2,102,-16.71,6.8,50,40,-1.99,,LEGAL_PERMIT_BARRIER,EXPEDITE_LEGAL_PROCEDURES
DIAG-20260630-TST-U2122,20260630,502122,TC-01-N2-12.28,Tổ hợp thương mại căn hộ Phú Mỹ,Tháp N2,463,11.1,13.8,45,0,36.61,,LEGAL_PERMIT_BARRIER,EXPEDITE_LEGAL_PROCEDURES
DIAG-20260630-TST-U2123,20260630,502123,TC-01-N2-12.29,Tổ hợp thương mại căn hộ Phú Mỹ,Tháp N2,124,-2.84,10.2,40,40,19.47,,LEGAL_PERMIT_BARRIER,EXPEDITE_LEGAL_PROCEDURES
DIAG-20260630-TST-U2125,20260630,502125,TC-01-N2-12.31,Tổ hợp thương mại căn hộ Phú Mỹ,Tháp N2,354,-5.4,15.8,20,70,12.56,,LEGAL_PERMIT_BARRIER,EXPEDITE_LEGAL_PROCEDURES
DIAG-20260630-TST-U2126,20260630,502126,TC-01-N2-12.32,Tổ hợp thương mại căn hộ Phú Mỹ,Tháp N2,250,9.11,6.7,10,0,23.7,,LEGAL_PERMIT_BARRIER,EXPEDITE_LEGAL_PROCEDURES
DIAG-20260630-TST-U2127,20260630,502127,TC-01-N2-12.33,Tổ hợp thương mại căn hộ Phú Mỹ,Tháp N2,223,3.78,12.4,0,0,27.61,,LEGAL_PERMIT_BARRIER,EXPEDITE_LEGAL_PROCEDURES
DIAG-20260630-TST-U2129,20260630,502129,TC-01-N2-12.35,Tổ hợp thương mại căn hộ Phú Mỹ,Tháp N2,379,-15.95,14.8,65,25,0.0,,LEGAL_PERMIT_BARRIER,EXPEDITE_LEGAL_PROCEDURES
DIAG-20260630-TST-U2131,20260630,502131,TC-01-N2-12.37,Tổ hợp thương mại căn hộ Phú Mỹ,Tháp N2,340,7.76,18.5,30,0,28.22,,LEGAL_PERMIT_BARRIER,EXPEDITE_LEGAL_PROCEDURES
DIAG-20260630-TST-U2132,20260630,502132,TC-01-N2-12.38,Tổ hợp thương mại căn hộ Phú Mỹ,Tháp N2,337,0.26,8.4,0,0,17.99,,LEGAL_PERMIT_BARRIER,EXPEDITE_LEGAL_PROCEDURES
DIAG-20260630-TST-U2133,20260630,502133,TC-01-N2-12.39,Tổ hợp thương mại căn hộ Phú Mỹ,Tháp N2,205,-9.22,11.3,35,25,11.63,,LEGAL_PERMIT_BARRIER,EXPEDITE_LEGAL_PROCEDURES
DIAG-20260630-TST-U2134,20260630,502134,TC-01-N2-12.40,Tổ hợp thương mại căn hộ Phú Mỹ,Tháp N2,307,1.42,17.1,40,25,20.67,,LEGAL_PERMIT_BARRIER,EXPEDITE_LEGAL_PROCEDURES
DIAG-20260630-TST-U2135,20260630,502135,TC-01-N2-12.41,Tổ hợp thương mại căn hộ Phú Mỹ,Tháp N2,300,-5.43,11.8,75,0,16.29,,LEGAL_PERMIT_BARRIER,EXPEDITE_LEGAL_PROCEDURES
DIAG-20260630-TST-U2136,20260630,502136,TC-01-N2-12.42,Tổ hợp thương mại căn hộ Phú Mỹ,Tháp N2,325,-5.46,6.0,40,40,7.18,,LEGAL_PERMIT_BARRIER,EXPEDITE_LEGAL_PROCEDURES
DIAG-20260630-TST-U2137,20260630,502137,TC-01-N2-12.43,Tổ hợp thương mại căn hộ Phú Mỹ,Tháp N2,251,3.32,12.5,20,25,27.05,,LEGAL_PERMIT_BARRIER,EXPEDITE_LEGAL_PROCEDURES
DIAG-20260630-TST-U2138,20260630,502138,TC-01-N2-12.44,Tổ hợp thương mại căn hộ Phú Mỹ,Tháp N2,245,17.25,13.2,40,0,44.18,,LEGAL_PERMIT_BARRIER,EXPEDITE_LEGAL_PROCEDURES
DIAG-20260630-TST-U2139,20260630,502139,TC-01-N2-12.45,Tổ hợp thương mại căn hộ Phú Mỹ,Tháp N2,317,-17.02,9.4,30,40,2.04,,LEGAL_PERMIT_BARRIER,EXPEDITE_LEGAL_PROCEDURES
DIAG-20260630-TST-U2140,20260630,502140,TC-01-N2-12.46,Tổ hợp thương mại căn hộ Phú Mỹ,Tháp N2,227,-1.4,7.9,40,25,16.04,,LEGAL_PERMIT_BARRIER,EXPEDITE_LEGAL_PROCEDURES
DIAG-20260630-TST-U2141,20260630,502141,TC-01-N2-12.47,Tổ hợp thương mại căn hộ Phú Mỹ,Tháp N2,370,-6.81,15.3,30,65,10.88,,LEGAL_PERMIT_BARRIER,EXPEDITE_LEGAL_PROCEDURES
DIAG-20260630-TST-U2143,20260630,502143,TC-01-N2-12.49,Tổ hợp thương mại căn hộ Phú Mỹ,Tháp N2,383,7.28,18.6,40,25,27.64,,LEGAL_PERMIT_BARRIER,EXPEDITE_LEGAL_PROCEDURES
DIAG-20260630-TST-U2145,20260630,502145,TC-01-N2-12.51,Tổ hợp thương mại căn hộ Phú Mỹ,Tháp N2,212,8.92,16.5,20,20,29.6,,LEGAL_PERMIT_BARRIER,EXPEDITE_LEGAL_PROCEDURES
DIAG-20260630-TST-U2146,20260630,502146,TC-01-N2-12.52,Tổ hợp thương mại căn hộ Phú Mỹ,Tháp N2,459,1.65,11.5,10,0,24.99,,LEGAL_PERMIT_BARRIER,EXPEDITE_LEGAL_PROCEDURES
DIAG-20260630-TST-U2147,20260630,502147,TC-01-N2-12.53,Tổ hợp thương mại căn hộ Phú Mỹ,Tháp N2,252,10.8,18.3,0,25,31.84,,LEGAL_PERMIT_BARRIER,EXPEDITE_LEGAL_PROCEDURES
DIAG-20260630-TST-U2148,20260630,502148,TC-01-N2-12.54,Tổ hợp thương mại căn hộ Phú Mỹ,Tháp N2,159,6.12,17.2,0,0,26.26,,LEGAL_PERMIT_BARRIER,EXPEDITE_LEGAL_PROCEDURES
DIAG-20260630-TST-U2149,20260630,502149,TC-01-N2-12.55,Tổ hợp thương mại căn hộ Phú Mỹ,Tháp N2,392,16.06,14.3,45,30,42.72,,LEGAL_PERMIT_BARRIER,EXPEDITE_LEGAL_PROCEDURES
DIAG-20260630-TST-U2151,20260630,502151,TC-01-N2-12.57,Tổ hợp thương mại căn hộ Phú Mỹ,Tháp N2,379,12.28,12.6,0,45,38.06,,LEGAL_PERMIT_BARRIER,EXPEDITE_LEGAL_PROCEDURES
DIAG-20260630-TST-U2152,20260630,502152,TC-01-N2-12.58,Tổ hợp thương mại căn hộ Phú Mỹ,Tháp N2,451,1.65,16.6,25,0,20.94,,LEGAL_PERMIT_BARRIER,EXPEDITE_LEGAL_PROCEDURES
DIAG-20260630-TST-U2153,20260630,502153,TC-01-N2-12.59,Tổ hợp thương mại căn hộ Phú Mỹ,Tháp N2,204,-12.44,15.9,35,95,4.19,,LEGAL_PERMIT_BARRIER,EXPEDITE_LEGAL_PROCEDURES
DIAG-20260630-TST-U2154,20260630,502154,TC-01-N2-12.60,Tổ hợp thương mại căn hộ Phú Mỹ,Tháp N2,173,12.2,9.3,10,20,32.04,,LEGAL_PERMIT_BARRIER,EXPEDITE_LEGAL_PROCEDURES
DIAG-20260630-TST-U2155,20260630,502155,TC-01-N2-12.61,Tổ hợp thương mại căn hộ Phú Mỹ,Tháp N2,349,5.87,18.5,50,0,25.97,,LEGAL_PERMIT_BARRIER,EXPEDITE_LEGAL_PROCEDURES
DIAG-20260630-TST-U2156,20260630,502156,TC-01-N2-12.62,Tổ hợp thương mại căn hộ Phú Mỹ,Tháp N2,142,0.74,8.7,20,40,18.56,,LEGAL_PERMIT_BARRIER,EXPEDITE_LEGAL_PROCEDURES
DIAG-20260630-TST-U2157,20260630,502157,TC-01-N2-12.63,Tổ hợp thương mại căn hộ Phú Mỹ,Tháp N2,469,11.12,13.4,20,0,36.64,,LEGAL_PERMIT_BARRIER,EXPEDITE_LEGAL_PROCEDURES
DIAG-20260630-TST-U2158,20260630,502158,TC-01-N2-12.64,Tổ hợp thương mại căn hộ Phú Mỹ,Tháp N2,167,-3.57,8.1,30,65,13.48,,LEGAL_PERMIT_BARRIER,EXPEDITE_LEGAL_PROCEDURES
DIAG-20260630-TST-U2160,20260630,502160,TC-01-N2-12.66,Tổ hợp thương mại căn hộ Phú Mỹ,Tháp N2,206,3.07,14.6,40,0,22.63,,LEGAL_PERMIT_BARRIER,EXPEDITE_LEGAL_PROCEDURES
DIAG-20260630-TST-U2161,20260630,502161,TC-01-N2-13.01,Tổ hợp thương mại căn hộ Phú Mỹ,Tháp N2,403,-0.12,6.3,50,70,13.23,,LEGAL_PERMIT_BARRIER,EXPEDITE_LEGAL_PROCEDURES
DIAG-20260630-TST-U2163,20260630,502163,TC-01-N2-13.03,Tổ hợp thương mại căn hộ Phú Mỹ,Tháp N2,394,0.47,11.6,20,55,23.54,,LEGAL_PERMIT_BARRIER,EXPEDITE_LEGAL_PROCEDURES
DIAG-20260630-TST-U2165,20260630,502165,TC-01-N2-13.05,Tổ hợp thương mại căn hộ Phú Mỹ,Tháp N2,135,2.52,6.1,40,30,16.23,,LEGAL_PERMIT_BARRIER,EXPEDITE_LEGAL_PROCEDURES
DIAG-20260630-TST-U2166,20260630,502166,TC-01-N2-13.06,Tổ hợp thương mại căn hộ Phú Mỹ,Tháp N2,184,-1.19,12.7,20,55,21.5,,LEGAL_PERMIT_BARRIER,EXPEDITE_LEGAL_PROCEDURES
DIAG-20260630-TST-U2167,20260630,502167,TC-01-N2-13.07,Tổ hợp thương mại căn hộ Phú Mỹ,Tháp N2,353,-1.43,12.7,40,30,21.21,,LEGAL_PERMIT_BARRIER,EXPEDITE_LEGAL_PROCEDURES
DIAG-20260630-TST-U2168,20260630,502168,TC-01-N2-13.08,Tổ hợp thương mại căn hộ Phú Mỹ,Tháp N2,125,-5.97,7.7,10,55,10.66,,LEGAL_PERMIT_BARRIER,EXPEDITE_LEGAL_PROCEDURES
DIAG-20260630-TST-U2169,20260630,502169,TC-01-N2-13.09,Tổ hợp thương mại căn hộ Phú Mỹ,Tháp N2,449,-0.94,13.3,0,75,21.81,,LEGAL_PERMIT_BARRIER,EXPEDITE_LEGAL_PROCEDURES
DIAG-20260630-TST-U2172,20260630,502172,TC-01-N2-13.12,Tổ hợp thương mại căn hộ Phú Mỹ,Tháp N2,211,11.11,14.2,45,55,36.63,,LEGAL_PERMIT_BARRIER,EXPEDITE_LEGAL_PROCEDURES
DIAG-20260630-TST-U2173,20260630,502173,TC-01-N2-13.13,Tổ hợp thương mại căn hộ Phú Mỹ,Tháp N2,316,4.27,13.0,50,70,28.22,,LEGAL_PERMIT_BARRIER,EXPEDITE_LEGAL_PROCEDURES
DIAG-20260630-TST-U2174,20260630,502174,TC-01-N2-13.14,Tổ hợp thương mại căn hộ Phú Mỹ,Tháp N2,346,-8.04,9.7,70,30,13.08,,LEGAL_PERMIT_BARRIER,EXPEDITE_LEGAL_PROCEDURES
DIAG-20260630-TST-U2175,20260630,502175,TC-01-N2-13.15,Tổ hợp thương mại căn hộ Phú Mỹ,Tháp N2,382,-13.59,7.5,20,75,1.7,,LEGAL_PERMIT_BARRIER,EXPEDITE_LEGAL_PROCEDURES
DIAG-20260630-TST-U2176,20260630,502176,TC-01-N2-13.16,Tổ hợp thương mại căn hộ Phú Mỹ,Tháp N2,262,3.36,9.3,50,70,21.64,,LEGAL_PERMIT_BARRIER,EXPEDITE_LEGAL_PROCEDURES
DIAG-20260630-TST-U2178,20260630,502178,TC-01-N2-13.18,Tổ hợp thương mại căn hộ Phú Mỹ,Tháp N2,300,-2.79,5.8,10,55,10.21,,LEGAL_PERMIT_BARRIER,EXPEDITE_LEGAL_PROCEDURES
DIAG-20260630-TST-U2179,20260630,502179,TC-01-N2-13.19,Tổ hợp thương mại căn hộ Phú Mỹ,Tháp N2,137,-12.77,9.0,20,55,7.26,,LEGAL_PERMIT_BARRIER,EXPEDITE_LEGAL_PROCEDURES
DIAG-20260630-TST-U2181,20260630,502181,TC-01-N2-13.21,Tổ hợp thương mại căn hộ Phú Mỹ,Tháp N2,392,-7.38,7.3,15,55,9.0,,LEGAL_PERMIT_BARRIER,EXPEDITE_LEGAL_PROCEDURES
DIAG-20260630-TST-U2182,20260630,502182,TC-01-N2-13.22,Tổ hợp thương mại căn hộ Phú Mỹ,Tháp N2,261,-8.61,6.1,0,70,3.6,,LEGAL_PERMIT_BARRIER,EXPEDITE_LEGAL_PROCEDURES
DIAG-20260630-TST-U2183,20260630,502183,TC-01-N2-13.23,Tổ hợp thương mại căn hộ Phú Mỹ,Tháp N2,107,-5.5,6.6,85,55,7.14,,LEGAL_PERMIT_BARRIER,EXPEDITE_LEGAL_PROCEDURES
DIAG-20260630-TST-U2184,20260630,502184,TC-01-N2-13.24,Tổ hợp thương mại căn hộ Phú Mỹ,Tháp N2,228,-12.77,5.8,20,75,-1.11,,LEGAL_PERMIT_BARRIER,EXPEDITE_LEGAL_PROCEDURES
DIAG-20260630-TST-U2185,20260630,502185,TC-01-N2-13.25,Tổ hợp thương mại căn hộ Phú Mỹ,Tháp N2,203,13.71,13.2,40,70,39.82,,LEGAL_PERMIT_BARRIER,EXPEDITE_LEGAL_PROCEDURES
DIAG-20260630-TST-U2186,20260630,502186,TC-01-N2-13.26,Tổ hợp thương mại căn hộ Phú Mỹ,Tháp N2,313,-22.18,6.8,30,95,-8.42,,LEGAL_PERMIT_BARRIER,EXPEDITE_LEGAL_PROCEDURES
DIAG-20260630-TST-U2188,20260630,502188,TC-01-N2-13.28,Tổ hợp thương mại căn hộ Phú Mỹ,Tháp N2,153,-1.17,12.0,20,55,21.52,,LEGAL_PERMIT_BARRIER,EXPEDITE_LEGAL_PROCEDURES
DIAG-20260630-TST-U2189,20260630,502189,TC-01-N2-13.29,Tổ hợp thương mại căn hộ Phú Mỹ,Tháp N2,274,11.57,13.2,45,95,37.2,,LEGAL_PERMIT_BARRIER,EXPEDITE_LEGAL_PROCEDURES
DIAG-20260630-TST-U2190,20260630,502190,TC-01-N2-13.30,Tổ hợp thương mại căn hộ Phú Mỹ,Tháp N2,145,2.17,8.6,40,30,20.24,,LEGAL_PERMIT_BARRIER,EXPEDITE_LEGAL_PROCEDURES
DIAG-20260630-TST-U2191,20260630,502191,TC-01-N2-13.31,Tổ hợp thương mại căn hộ Phú Mỹ,Tháp N2,368,17.97,14.8,65,30,45.06,,LEGAL_PERMIT_BARRIER,EXPEDITE_LEGAL_PROCEDURES
DIAG-20260630-TST-U2192,20260630,502192,TC-01-N2-13.32,Tổ hợp thương mại căn hộ Phú Mỹ,Tháp N2,211,3.08,11.7,20,70,26.75,,LEGAL_PERMIT_BARRIER,EXPEDITE_LEGAL_PROCEDURES
DIAG-20260630-TST-U2193,20260630,502193,TC-01-N2-13.33,Tổ hợp thương mại căn hộ Phú Mỹ,Tháp N2,292,5.17,17.3,0,95,25.14,,LEGAL_PERMIT_BARRIER,EXPEDITE_LEGAL_PROCEDURES
DIAG-20260630-TST-U2195,20260630,502195,TC-01-N2-13.35,Tổ hợp thương mại căn hộ Phú Mỹ,Tháp N2,366,-22.24,9.3,40,55,-4.38,,LEGAL_PERMIT_BARRIER,EXPEDITE_LEGAL_PROCEDURES
DIAG-20260630-TST-U2196,20260630,502196,TC-01-N2-13.36,Tổ hợp thương mại căn hộ Phú Mỹ,Tháp N2,442,-8.75,11.0,45,95,12.2,,LEGAL_PERMIT_BARRIER,EXPEDITE_LEGAL_PROCEDURES
DIAG-20260630-TST-U2197,20260630,502197,TC-01-N2-13.37,Tổ hợp thương mại căn hộ Phú Mỹ,Tháp N2,252,-10.63,11.1,70,55,9.89,,LEGAL_PERMIT_BARRIER,EXPEDITE_LEGAL_PROCEDURES
DIAG-20260630-TST-U2198,20260630,502198,TC-01-N2-13.38,Tổ hợp thương mại căn hộ Phú Mỹ,Tháp N2,347,-0.46,11.9,50,30,22.4,,LEGAL_PERMIT_BARRIER,EXPEDITE_LEGAL_PROCEDURES
DIAG-20260630-TST-U2200,20260630,502200,TC-01-N2-13.40,Tổ hợp thương mại căn hộ Phú Mỹ,Tháp N2,354,8.83,8.9,25,95,28.08,,LEGAL_PERMIT_BARRIER,EXPEDITE_LEGAL_PROCEDURES
DIAG-20260630-TST-U2201,20260630,502201,TC-01-N2-13.41,Tổ hợp thương mại căn hộ Phú Mỹ,Tháp N2,404,-5.96,8.1,10,30,10.68,,LEGAL_PERMIT_BARRIER,EXPEDITE_LEGAL_PROCEDURES
DIAG-20260630-TST-U2202,20260630,502202,TC-01-N2-13.42,Tổ hợp thương mại căn hộ Phú Mỹ,Tháp N2,180,13.4,17.6,40,50,34.92,,LEGAL_PERMIT_BARRIER,EXPEDITE_LEGAL_PROCEDURES
DIAG-20260630-TST-U2203,20260630,502203,TC-01-N2-13.43,Tổ hợp thương mại căn hộ Phú Mỹ,Tháp N2,439,-0.93,16.1,55,75,17.88,,LEGAL_PERMIT_BARRIER,EXPEDITE_LEGAL_PROCEDURES
DIAG-20260630-TST-U2204,20260630,502204,TC-01-N2-13.44,Tổ hợp thương mại căn hộ Phú Mỹ,Tháp N2,439,4.02,6.2,0,30,17.92,,LEGAL_PERMIT_BARRIER,EXPEDITE_LEGAL_PROCEDURES
DIAG-20260630-TST-U2206,20260630,502206,TC-01-N2-13.46,Tổ hợp thương mại căn hộ Phú Mỹ,Tháp N2,324,3.29,17.6,20,70,22.91,,LEGAL_PERMIT_BARRIER,EXPEDITE_LEGAL_PROCEDURES
DIAG-20260630-TST-U2208,20260630,502208,TC-01-N2-13.48,Tổ hợp thương mại căn hộ Phú Mỹ,Tháp N2,376,14.55,9.1,40,30,34.81,,LEGAL_PERMIT_BARRIER,EXPEDITE_LEGAL_PROCEDURES
DIAG-20260630-TST-U2209,20260630,502209,TC-01-N2-13.49,Tổ hợp thương mại căn hộ Phú Mỹ,Tháp N2,309,-14.65,10.4,40,30,4.95,,LEGAL_PERMIT_BARRIER,EXPEDITE_LEGAL_PROCEDURES
DIAG-20260630-TST-U2210,20260630,502210,TC-01-N2-13.50,Tổ hợp thương mại căn hộ Phú Mỹ,Tháp N2,205,0.49,8.3,20,55,18.26,,LEGAL_PERMIT_BARRIER,EXPEDITE_LEGAL_PROCEDURES
DIAG-20260630-TST-U2211,20260630,502211,TC-01-N2-13.51,Tổ hợp thương mại căn hộ Phú Mỹ,Tháp N2,316,-8.21,15.8,20,30,9.21,,LEGAL_PERMIT_BARRIER,EXPEDITE_LEGAL_PROCEDURES
DIAG-20260630-TST-U2212,20260630,502212,TC-01-N2-13.52,Tổ hợp thương mại căn hộ Phú Mỹ,Tháp N2,280,13.02,13.2,20,30,38.97,,LEGAL_PERMIT_BARRIER,EXPEDITE_LEGAL_PROCEDURES
DIAG-20260630-TST-U2213,20260630,502213,TC-01-N2-13.53,Tổ hợp thương mại căn hộ Phú Mỹ,Tháp N2,282,16.8,14.2,20,70,43.62,,LEGAL_PERMIT_BARRIER,EXPEDITE_LEGAL_PROCEDURES
DIAG-20260630-TST-U2214,20260630,502214,TC-01-N2-13.54,Tổ hợp thương mại căn hộ Phú Mỹ,Tháp N2,319,-9.7,11.2,0,55,11.04,,LEGAL_PERMIT_BARRIER,EXPEDITE_LEGAL_PROCEDURES
DIAG-20260630-TST-U2215,20260630,502215,TC-01-N2-13.55,Tổ hợp thương mại căn hộ Phú Mỹ,Tháp N2,129,-2.37,10.1,60,95,20.05,,LEGAL_PERMIT_BARRIER,EXPEDITE_LEGAL_PROCEDURES
DIAG-20260630-TST-U2216,20260630,502216,TC-01-N2-13.56,Tổ hợp thương mại căn hộ Phú Mỹ,Tháp N2,347,-6.57,15.5,20,30,11.17,,LEGAL_PERMIT_BARRIER,EXPEDITE_LEGAL_PROCEDURES
DIAG-20260630-TST-U2217,20260630,502217,TC-01-N2-13.57,Tổ hợp thương mại căn hộ Phú Mỹ,Tháp N2,98,17.2,10.9,20,50,37.93,,LEGAL_PERMIT_BARRIER,EXPEDITE_LEGAL_PROCEDURES
DIAG-20260630-TST-U2218,20260630,502218,TC-01-N2-13.58,Tổ hợp thương mại căn hộ Phú Mỹ,Tháp N2,338,15.25,16.9,10,70,37.14,,LEGAL_PERMIT_BARRIER,EXPEDITE_LEGAL_PROCEDURES
DIAG-20260630-TST-U2219,20260630,502219,TC-01-N2-13.59,Tổ hợp thương mại căn hộ Phú Mỹ,Tháp N2,96,7.65,8.3,50,95,26.68,,LEGAL_PERMIT_BARRIER,EXPEDITE_LEGAL_PROCEDURES
DIAG-20260630-TST-U2220,20260630,502220,TC-01-N2-13.60,Tổ hợp thương mại căn hộ Phú Mỹ,Tháp N2,423,4.5,11.8,40,30,28.5,,LEGAL_PERMIT_BARRIER,EXPEDITE_LEGAL_PROCEDURES
DIAG-20260630-TST-U2221,20260630,502221,TC-01-N2-13.61,Tổ hợp thương mại căn hộ Phú Mỹ,Tháp N2,99,-1.67,7.6,10,30,15.72,,LEGAL_PERMIT_BARRIER,EXPEDITE_LEGAL_PROCEDURES
DIAG-20260630-TST-U2222,20260630,502222,TC-01-N2-13.62,Tổ hợp thương mại căn hộ Phú Mỹ,Tháp N2,183,-22.52,13.0,70,55,-7.81,,LEGAL_PERMIT_BARRIER,EXPEDITE_LEGAL_PROCEDURES
DIAG-20260630-TST-U2223,20260630,502223,TC-01-N2-13.63,Tổ hợp thương mại căn hộ Phú Mỹ,Tháp N2,209,4.71,18.3,75,30,24.59,,LEGAL_PERMIT_BARRIER,EXPEDITE_LEGAL_PROCEDURES
DIAG-20260630-TST-U2224,20260630,502224,TC-01-N2-13.64,Tổ hợp thương mại căn hộ Phú Mỹ,Tháp N2,195,12.51,12.6,40,30,38.35,,LEGAL_PERMIT_BARRIER,EXPEDITE_LEGAL_PROCEDURES
DIAG-20260630-TST-U2225,20260630,502225,TC-01-N2-13.65,Tổ hợp thương mại căn hộ Phú Mỹ,Tháp N2,139,1.42,12.4,70,70,24.72,,LEGAL_PERMIT_BARRIER,EXPEDITE_LEGAL_PROCEDURES
DIAG-20260630-TST-U2226,20260630,502226,TC-01-N2-13.66,Tổ hợp thương mại căn hộ Phú Mỹ,Tháp N2,446,-8.11,8.0,30,55,8.14,,LEGAL_PERMIT_BARRIER,EXPEDITE_LEGAL_PROCEDURES
DIAG-20260630-TST-U2227,20260630,502227,TC-01-N2-14.01,Tổ hợp thương mại căn hộ Phú Mỹ,Tháp N2,202,15.49,20.1,0,55,37.42,,LEGAL_PERMIT_BARRIER,EXPEDITE_LEGAL_PROCEDURES
DIAG-20260630-TST-U2229,20260630,502229,TC-01-N2-14.03,Tổ hợp thương mại căn hộ Phú Mỹ,Tháp N2,278,-8.53,11.6,35,70,12.48,,LEGAL_PERMIT_BARRIER,EXPEDITE_LEGAL_PROCEDURES
DIAG-20260630-TST-U2231,20260630,502231,TC-01-N2-14.05,Tổ hợp thương mại căn hộ Phú Mỹ,Tháp N2,380,0.72,17.2,40,30,19.84,,LEGAL_PERMIT_BARRIER,EXPEDITE_LEGAL_PROCEDURES
DIAG-20260630-TST-U2232,20260630,502232,TC-01-N2-14.06,Tổ hợp thương mại căn hộ Phú Mỹ,Tháp N2,144,8.23,18.4,60,30,28.78,,LEGAL_PERMIT_BARRIER,EXPEDITE_LEGAL_PROCEDURES
DIAG-20260630-TST-U2233,20260630,502233,TC-01-N2-14.07,Tổ hợp thương mại căn hộ Phú Mỹ,Tháp N2,113,-4.25,10.8,40,55,17.74,,LEGAL_PERMIT_BARRIER,EXPEDITE_LEGAL_PROCEDURES
DIAG-20260630-TST-U2234,20260630,502234,TC-01-N2-14.08,Tổ hợp thương mại căn hộ Phú Mỹ,Tháp N2,231,6.59,16.2,20,30,26.83,,LEGAL_PERMIT_BARRIER,EXPEDITE_LEGAL_PROCEDURES
DIAG-20260630-TST-U2235,20260630,502235,TC-01-N2-14.09,Tổ hợp thương mại căn hộ Phú Mỹ,Tháp N2,470,6.86,13.2,40,30,31.41,,LEGAL_PERMIT_BARRIER,EXPEDITE_LEGAL_PROCEDURES
DIAG-20260630-TST-U2236,20260630,502236,TC-01-N2-14.10,Tổ hợp thương mại căn hộ Phú Mỹ,Tháp N2,97,-8.09,7.4,70,95,8.16,,LEGAL_PERMIT_BARRIER,EXPEDITE_LEGAL_PROCEDURES
DIAG-20260630-TST-U2238,20260630,502238,TC-01-N2-14.12,Tổ hợp thương mại căn hộ Phú Mỹ,Tháp N2,246,-8.73,10.3,20,55,12.23,,LEGAL_PERMIT_BARRIER,EXPEDITE_LEGAL_PROCEDURES
DIAG-20260630-TST-U2239,20260630,502239,TC-01-N2-14.13,Tổ hợp thương mại căn hộ Phú Mỹ,Tháp N2,242,0.82,6.7,0,95,14.3,,LEGAL_PERMIT_BARRIER,EXPEDITE_LEGAL_PROCEDURES
DIAG-20260630-TST-U2241,20260630,502241,TC-01-N2-14.15,Tổ hợp thương mại căn hộ Phú Mỹ,Tháp N2,372,4.02,11.9,20,30,27.91,,LEGAL_PERMIT_BARRIER,EXPEDITE_LEGAL_PROCEDURES
DIAG-20260630-TST-U2242,20260630,502242,TC-01-N2-14.16,Tổ hợp thương mại căn hộ Phú Mỹ,Tháp N2,424,5.67,12.8,20,30,29.94,,LEGAL_PERMIT_BARRIER,EXPEDITE_LEGAL_PROCEDURES
DIAG-20260630-TST-U2245,20260630,502245,TC-01-N2-14.19,Tổ hợp thương mại căn hộ Phú Mỹ,Tháp N2,147,-4.03,12.3,0,55,18.01,,LEGAL_PERMIT_BARRIER,EXPEDITE_LEGAL_PROCEDURES
DIAG-20260630-TST-U2246,20260630,502246,TC-01-N2-14.20,Tổ hợp thương mại căn hộ Phú Mỹ,Tháp N2,455,1.42,12.2,20,55,24.71,,LEGAL_PERMIT_BARRIER,EXPEDITE_LEGAL_PROCEDURES
DIAG-20260630-TST-U2247,20260630,502247,TC-01-N2-14.21,Tổ hợp thương mại căn hộ Phú Mỹ,Tháp N2,114,5.67,12.8,35,55,29.94,,LEGAL_PERMIT_BARRIER,EXPEDITE_LEGAL_PROCEDURES
DIAG-20260630-TST-U2248,20260630,502248,TC-01-N2-14.22,Tổ hợp thương mại căn hộ Phú Mỹ,Tháp N2,252,-3.74,14.2,10,30,14.53,,LEGAL_PERMIT_BARRIER,EXPEDITE_LEGAL_PROCEDURES
DIAG-20260630-TST-U2250,20260630,502250,TC-01-N2-14.24,Tổ hợp thương mại căn hộ Phú Mỹ,Tháp N2,444,-3.76,15.6,40,70,14.51,,LEGAL_PERMIT_BARRIER,EXPEDITE_LEGAL_PROCEDURES
DIAG-20260630-TST-U2251,20260630,502251,TC-01-N2-14.25,Tổ hợp thương mại căn hộ Phú Mỹ,Tháp N2,340,-13.01,5.8,20,95,-1.38,,LEGAL_PERMIT_BARRIER,EXPEDITE_LEGAL_PROCEDURES
DIAG-20260630-TST-U2252,20260630,502252,TC-01-N2-14.26,Tổ hợp thương mại căn hộ Phú Mỹ,Tháp N2,234,-8.67,14.5,20,70,8.67,,LEGAL_PERMIT_BARRIER,EXPEDITE_LEGAL_PROCEDURES
DIAG-20260630-TST-U2253,20260630,502253,TC-01-N2-14.27,Tổ hợp thương mại căn hộ Phú Mỹ,Tháp N2,280,0.73,8.7,20,30,18.54,,LEGAL_PERMIT_BARRIER,EXPEDITE_LEGAL_PROCEDURES
DIAG-20260630-TST-U2254,20260630,502254,TC-01-N2-14.28,Tổ hợp thương mại căn hộ Phú Mỹ,Tháp N2,202,5.68,12.0,0,70,29.95,,LEGAL_PERMIT_BARRIER,EXPEDITE_LEGAL_PROCEDURES
DIAG-20260630-TST-U2255,20260630,502255,TC-01-N2-14.29,Tổ hợp thương mại căn hộ Phú Mỹ,Tháp N2,327,-12.05,9.3,35,55,8.15,,LEGAL_PERMIT_BARRIER,EXPEDITE_LEGAL_PROCEDURES
DIAG-20260630-TST-U2256,20260630,502256,TC-01-N2-14.30,Tổ hợp thương mại căn hộ Phú Mỹ,Tháp N2,170,19.02,19.6,0,70,41.62,,LEGAL_PERMIT_BARRIER,EXPEDITE_LEGAL_PROCEDURES
DIAG-20260630-TST-U2257,20260630,502257,TC-01-N2-14.31,Tổ hợp thương mại căn hộ Phú Mỹ,Tháp N2,436,5.25,9.4,45,55,23.87,,LEGAL_PERMIT_BARRIER,EXPEDITE_LEGAL_PROCEDURES
DIAG-20260630-TST-U2258,20260630,502258,TC-01-N2-14.32,Tổ hợp thương mại căn hộ Phú Mỹ,Tháp N2,390,-4.73,12.1,20,55,17.15,,LEGAL_PERMIT_BARRIER,EXPEDITE_LEGAL_PROCEDURES
DIAG-20260630-TST-U2259,20260630,502259,TC-01-N2-14.33,Tổ hợp thương mại căn hộ Phú Mỹ,Tháp N2,193,11.81,6.9,75,30,26.75,,LEGAL_PERMIT_BARRIER,EXPEDITE_LEGAL_PROCEDURES
DIAG-20260630-TST-U2260,20260630,502260,TC-01-N2-14.34,Tổ hợp thương mại căn hộ Phú Mỹ,Tháp N2,128,-18.92,9.7,50,75,-0.3,,LEGAL_PERMIT_BARRIER,EXPEDITE_LEGAL_PROCEDURES
DIAG-20260630-TST-U2261,20260630,502261,TC-01-N2-14.35,Tổ hợp thương mại căn hộ Phú Mỹ,Tháp N2,269,-15.13,8.5,50,55,4.36,,LEGAL_PERMIT_BARRIER,EXPEDITE_LEGAL_PROCEDURES
DIAG-20260630-TST-U2262,20260630,502262,TC-01-N2-14.36,Tổ hợp thương mại căn hộ Phú Mỹ,Tháp N2,91,-5.45,11.5,20,75,16.26,,LEGAL_PERMIT_BARRIER,EXPEDITE_LEGAL_PROCEDURES
DIAG-20260630-TST-U2264,20260630,502264,TC-01-N2-14.38,Tổ hợp thương mại căn hộ Phú Mỹ,Tháp N2,95,7.05,18.5,30,55,27.37,,LEGAL_PERMIT_BARRIER,EXPEDITE_LEGAL_PROCEDURES
DIAG-20260630-TST-U2265,20260630,502265,TC-01-N2-14.39,Tổ hợp thương mại căn hộ Phú Mỹ,Tháp N2,260,-7.8,11.6,70,55,13.37,,LEGAL_PERMIT_BARRIER,EXPEDITE_LEGAL_PROCEDURES
DIAG-20260630-TST-U2266,20260630,502266,TC-01-N2-14.40,Tổ hợp thương mại căn hộ Phú Mỹ,Tháp N2,258,-9.83,5.7,65,30,2.22,,LEGAL_PERMIT_BARRIER,EXPEDITE_LEGAL_PROCEDURES
DIAG-20260630-TST-U2267,20260630,502267,TC-01-N2-14.41,Tổ hợp thương mại căn hộ Phú Mỹ,Tháp N2,122,-12.52,10.5,40,30,7.57,,LEGAL_PERMIT_BARRIER,EXPEDITE_LEGAL_PROCEDURES
DIAG-20260630-TST-U2268,20260630,502268,TC-01-N2-14.42,Tổ hợp thương mại căn hộ Phú Mỹ,Tháp N2,422,14.9,13.9,45,95,41.29,,LEGAL_PERMIT_BARRIER,EXPEDITE_LEGAL_PROCEDURES
DIAG-20260630-TST-U2269,20260630,502269,TC-01-N2-14.43,Tổ hợp thương mại căn hộ Phú Mỹ,Tháp N2,246,4.94,16.5,55,30,24.86,,LEGAL_PERMIT_BARRIER,EXPEDITE_LEGAL_PROCEDURES
DIAG-20260630-TST-U2270,20260630,502270,TC-01-N2-14.44,Tổ hợp thương mại căn hộ Phú Mỹ,Tháp N2,328,5.4,17.9,0,30,25.41,,LEGAL_PERMIT_BARRIER,EXPEDITE_LEGAL_PROCEDURES
DIAG-20260630-TST-U2271,20260630,502271,TC-01-N2-14.45,Tổ hợp thương mại căn hộ Phú Mỹ,Tháp N2,106,-13.14,15.7,20,95,3.35,,LEGAL_PERMIT_BARRIER,EXPEDITE_LEGAL_PROCEDURES
DIAG-20260630-TST-U2272,20260630,502272,TC-01-N2-14.46,Tổ hợp thương mại căn hộ Phú Mỹ,Tháp N2,377,-8.43,14.9,20,70,8.95,,LEGAL_PERMIT_BARRIER,EXPEDITE_LEGAL_PROCEDURES
DIAG-20260630-TST-U2274,20260630,502274,TC-01-N2-14.48,Tổ hợp thương mại căn hộ Phú Mỹ,Tháp N2,157,-5.97,8.1,15,55,10.66,,LEGAL_PERMIT_BARRIER,EXPEDITE_LEGAL_PROCEDURES
DIAG-20260630-TST-U2275,20260630,502275,TC-01-N2-14.49,Tổ hợp thương mại căn hộ Phú Mỹ,Tháp N2,243,1.66,12.2,20,30,25.01,,LEGAL_PERMIT_BARRIER,EXPEDITE_LEGAL_PROCEDURES
DIAG-20260630-TST-U2276,20260630,502276,TC-01-N2-14.50,Tổ hợp thương mại căn hộ Phú Mỹ,Tháp N2,153,-4.74,10.4,20,55,17.13,,LEGAL_PERMIT_BARRIER,EXPEDITE_LEGAL_PROCEDURES
DIAG-20260630-TST-U2277,20260630,502277,TC-01-N2-14.51,Tổ hợp thương mại căn hộ Phú Mỹ,Tháp N2,388,7.52,16.8,45,55,27.94,,LEGAL_PERMIT_BARRIER,EXPEDITE_LEGAL_PROCEDURES
DIAG-20260630-TST-U2278,20260630,502278,TC-01-N2-14.52,Tổ hợp thương mại căn hộ Phú Mỹ,Tháp N2,154,21.99,12.5,30,30,50.0,,LEGAL_PERMIT_BARRIER,EXPEDITE_LEGAL_PROCEDURES
DIAG-20260630-TST-U2279,20260630,502279,TC-01-N2-14.53,Tổ hợp thương mại căn hộ Phú Mỹ,Tháp N2,227,-12.89,14.0,55,55,3.64,,LEGAL_PERMIT_BARRIER,EXPEDITE_LEGAL_PROCEDURES
DIAG-20260630-TST-U2281,20260630,502281,TC-01-N2-14.55,Tổ hợp thương mại căn hộ Phú Mỹ,Tháp N2,123,-19.57,6.5,0,55,-5.34,,LEGAL_PERMIT_BARRIER,EXPEDITE_LEGAL_PROCEDURES
DIAG-20260630-TST-U2282,20260630,502282,TC-01-N2-14.56,Tổ hợp thương mại căn hộ Phú Mỹ,Tháp N2,239,9.92,13.1,70,70,35.16,,LEGAL_PERMIT_BARRIER,EXPEDITE_LEGAL_PROCEDURES
DIAG-20260630-TST-U2283,20260630,502283,TC-01-N2-14.57,Tổ hợp thương mại căn hộ Phú Mỹ,Tháp N2,417,-9.61,15.1,20,30,7.55,,LEGAL_PERMIT_BARRIER,EXPEDITE_LEGAL_PROCEDURES
DIAG-20260630-TST-U2284,20260630,502284,TC-01-N2-14.58,Tổ hợp thương mại căn hộ Phú Mỹ,Tháp N2,187,-10.87,8.8,20,55,9.6,,LEGAL_PERMIT_BARRIER,EXPEDITE_LEGAL_PROCEDURES
DIAG-20260630-TST-U2285,20260630,502285,TC-01-N2-14.59,Tổ hợp thương mại căn hộ Phú Mỹ,Tháp N2,340,-9.85,14.7,60,55,7.27,,LEGAL_PERMIT_BARRIER,EXPEDITE_LEGAL_PROCEDURES
DIAG-20260630-TST-U2287,20260630,502287,TC-01-N2-14.61,Tổ hợp thương mại căn hộ Phú Mỹ,Tháp N2,237,0.47,12.7,40,30,23.54,,LEGAL_PERMIT_BARRIER,EXPEDITE_LEGAL_PROCEDURES
DIAG-20260630-TST-U2288,20260630,502288,TC-01-N2-14.62,Tổ hợp thương mại căn hộ Phú Mỹ,Tháp N2,398,3.78,11.1,25,55,27.62,,LEGAL_PERMIT_BARRIER,EXPEDITE_LEGAL_PROCEDURES
DIAG-20260630-TST-U2289,20260630,502289,TC-01-N2-14.63,Tổ hợp thương mại căn hộ Phú Mỹ,Tháp N2,277,-8.2,13.8,20,30,9.22,,LEGAL_PERMIT_BARRIER,EXPEDITE_LEGAL_PROCEDURES
DIAG-20260630-TST-U2290,20260630,502290,TC-01-N2-14.64,Tổ hợp thương mại căn hộ Phú Mỹ,Tháp N2,195,-21.48,7.1,50,55,-7.59,,LEGAL_PERMIT_BARRIER,EXPEDITE_LEGAL_PROCEDURES
DIAG-20260630-TST-U2291,20260630,502291,TC-01-N2-14.65,Tổ hợp thương mại căn hộ Phú Mỹ,Tháp N2,182,1.87,14.2,30,95,21.21,,LEGAL_PERMIT_BARRIER,EXPEDITE_LEGAL_PROCEDURES
DIAG-20260630-TST-U2293,20260630,502293,TC-01-N2-15.01,Tổ hợp thương mại căn hộ Phú Mỹ,Tháp N2,158,-19.55,6.6,20,65,-5.33,,LEGAL_PERMIT_BARRIER,EXPEDITE_LEGAL_PROCEDURES
DIAG-20260630-TST-U2294,20260630,502294,TC-01-N2-15.02,Tổ hợp thương mại căn hộ Phú Mỹ,Tháp N2,139,-18.68,8.6,20,25,-0.0,,LEGAL_PERMIT_BARRIER,EXPEDITE_LEGAL_PROCEDURES
DIAG-20260630-TST-U2295,20260630,502295,TC-01-N2-15.03,Tổ hợp thương mại căn hộ Phú Mỹ,Tháp N2,385,-2.58,17.4,20,0,15.91,,LEGAL_PERMIT_BARRIER,EXPEDITE_LEGAL_PROCEDURES
DIAG-20260630-TST-U2298,20260630,502298,TC-01-N2-15.06,Tổ hợp thương mại căn hộ Phú Mỹ,Tháp N2,376,0.58,6.6,30,25,14.03,,LEGAL_PERMIT_BARRIER,EXPEDITE_LEGAL_PROCEDURES
DIAG-20260630-TST-U2299,20260630,502299,TC-01-N2-15.07,Tổ hợp thương mại căn hộ Phú Mỹ,Tháp N2,176,-1.19,8.1,40,65,16.28,,LEGAL_PERMIT_BARRIER,EXPEDITE_LEGAL_PROCEDURES
DIAG-20260630-TST-U2302,20260630,502302,TC-01-N2-15.10,Tổ hợp thương mại căn hộ Phú Mỹ,Tháp N2,179,-10.17,11.7,50,25,10.47,,LEGAL_PERMIT_BARRIER,EXPEDITE_LEGAL_PROCEDURES
DIAG-20260630-TST-U2303,20260630,502303,TC-01-N2-15.11,Tổ hợp thương mại căn hộ Phú Mỹ,Tháp N2,204,3.06,16.1,45,30,22.62,,LEGAL_PERMIT_BARRIER,EXPEDITE_LEGAL_PROCEDURES
DIAG-20260630-TST-U2304,20260630,502304,TC-01-N2-15.12,Tổ hợp thương mại căn hộ Phú Mỹ,Tháp N2,113,-0.23,16.3,25,0,18.71,,LEGAL_PERMIT_BARRIER,EXPEDITE_LEGAL_PROCEDURES
DIAG-20260630-TST-U2305,20260630,502305,TC-01-N2-15.13,Tổ hợp thương mại căn hộ Phú Mỹ,Tháp N2,143,-9.7,9.8,10,0,11.04,,LEGAL_PERMIT_BARRIER,EXPEDITE_LEGAL_PROCEDURES
DIAG-20260630-TST-U2306,20260630,502306,TC-01-N2-15.14,Tổ hợp thương mại căn hộ Phú Mỹ,Tháp N2,178,6.61,12.6,10,0,31.09,,LEGAL_PERMIT_BARRIER,EXPEDITE_LEGAL_PROCEDURES
DIAG-20260630-TST-U2309,20260630,502309,TC-01-N2-15.17,Tổ hợp thương mại căn hộ Phú Mỹ,Tháp N2,391,-9.38,13.7,20,0,7.82,,LEGAL_PERMIT_BARRIER,EXPEDITE_LEGAL_PROCEDURES
DIAG-20260630-TST-U2311,20260630,502311,TC-01-N2-15.19,Tổ hợp thương mại căn hộ Phú Mỹ,Tháp N2,327,-5.19,11.1,0,25,16.58,,LEGAL_PERMIT_BARRIER,EXPEDITE_LEGAL_PROCEDURES
DIAG-20260630-TST-U2312,20260630,502312,TC-01-N2-15.20,Tổ hợp thương mại căn hộ Phú Mỹ,Tháp N2,285,7.09,12.6,20,65,31.68,,LEGAL_PERMIT_BARRIER,EXPEDITE_LEGAL_PROCEDURES
DIAG-20260630-TST-U2313,20260630,502313,TC-01-N2-15.21,Tổ hợp thương mại căn hộ Phú Mỹ,Tháp N2,278,-5.21,11.9,50,25,16.56,,LEGAL_PERMIT_BARRIER,EXPEDITE_LEGAL_PROCEDURES
DIAG-20260630-TST-U2314,20260630,502314,TC-01-N2-15.22,Tổ hợp thương mại căn hộ Phú Mỹ,Tháp N2,261,7.57,12.4,20,40,32.28,,LEGAL_PERMIT_BARRIER,EXPEDITE_LEGAL_PROCEDURES
DIAG-20260630-TST-U2316,20260630,502316,TC-01-N2-15.24,Tổ hợp thương mại căn hộ Phú Mỹ,Tháp N2,261,11.57,13.4,10,65,37.2,,LEGAL_PERMIT_BARRIER,EXPEDITE_LEGAL_PROCEDURES
DIAG-20260630-TST-U2317,20260630,502317,TC-01-N2-15.25,Tổ hợp thương mại căn hộ Phú Mỹ,Tháp N2,247,16.21,17.3,40,40,38.27,,LEGAL_PERMIT_BARRIER,EXPEDITE_LEGAL_PROCEDURES
DIAG-20260630-TST-U2318,20260630,502318,TC-01-N2-15.26,Tổ hợp thương mại căn hộ Phú Mỹ,Tháp N2,135,0.47,9.1,30,25,18.24,,LEGAL_PERMIT_BARRIER,EXPEDITE_LEGAL_PROCEDURES
DIAG-20260630-TST-U2319,20260630,502319,TC-01-N2-15.27,Tổ hợp thương mại căn hộ Phú Mỹ,Tháp N2,323,-1.68,8.3,35,0,15.71,,LEGAL_PERMIT_BARRIER,EXPEDITE_LEGAL_PROCEDURES
DIAG-20260630-TST-U2320,20260630,502320,TC-01-N2-15.28,Tổ hợp thương mại căn hộ Phú Mỹ,Tháp N2,313,-5.92,11.2,20,65,15.68,,LEGAL_PERMIT_BARRIER,EXPEDITE_LEGAL_PROCEDURES
DIAG-20260630-TST-U2321,20260630,502321,TC-01-N2-15.29,Tổ hợp thương mại căn hộ Phú Mỹ,Tháp N2,126,-3.74,15.6,50,0,14.53,,LEGAL_PERMIT_BARRIER,EXPEDITE_LEGAL_PROCEDURES
DIAG-20260630-TST-U2322,20260630,502322,TC-01-N2-15.30,Tổ hợp thương mại căn hộ Phú Mỹ,Tháp N2,429,-5.73,6.2,35,0,6.87,,LEGAL_PERMIT_BARRIER,EXPEDITE_LEGAL_PROCEDURES
DIAG-20260630-TST-U2323,20260630,502323,TC-01-N2-15.31,Tổ hợp thương mại căn hộ Phú Mỹ,Tháp N2,96,-8.11,7.5,45,65,8.14,,LEGAL_PERMIT_BARRIER,EXPEDITE_LEGAL_PROCEDURES
DIAG-20260630-TST-U2324,20260630,502324,TC-01-N2-15.32,Tổ hợp thương mại căn hộ Phú Mỹ,Tháp N2,125,1.93,9.0,20,65,19.95,,LEGAL_PERMIT_BARRIER,EXPEDITE_LEGAL_PROCEDURES
DIAG-20260630-TST-U2325,20260630,502325,TC-01-N2-15.33,Tổ hợp thương mại căn hộ Phú Mỹ,Tháp N2,325,22.92,11.3,25,0,44.66,,LEGAL_PERMIT_BARRIER,EXPEDITE_LEGAL_PROCEDURES
DIAG-20260630-TST-U2327,20260630,502327,TC-01-N2-15.35,Tổ hợp thương mại căn hộ Phú Mỹ,Tháp N2,203,17.38,20.2,0,25,39.66,,LEGAL_PERMIT_BARRIER,EXPEDITE_LEGAL_PROCEDURES
DIAG-20260630-TST-U2328,20260630,502328,TC-01-N2-15.36,Tổ hợp thương mại căn hộ Phú Mỹ,Tháp N2,444,0.46,12.2,85,30,23.53,,LEGAL_PERMIT_BARRIER,EXPEDITE_LEGAL_PROCEDURES
DIAG-20260630-TST-U2329,20260630,502329,TC-01-N2-15.37,Tổ hợp thương mại căn hộ Phú Mỹ,Tháp N2,115,-15.97,7.2,10,25,-1.11,,LEGAL_PERMIT_BARRIER,EXPEDITE_LEGAL_PROCEDURES
DIAG-20260630-TST-U2332,20260630,502332,TC-01-N2-15.40,Tổ hợp thương mại căn hộ Phú Mỹ,Tháp N2,144,-19.58,6.2,40,45,-5.36,,LEGAL_PERMIT_BARRIER,EXPEDITE_LEGAL_PROCEDURES
DIAG-20260630-TST-U2333,20260630,502333,TC-01-N2-15.41,Tổ hợp thương mại căn hộ Phú Mỹ,Tháp N2,192,-2.11,17.7,35,65,16.48,,LEGAL_PERMIT_BARRIER,EXPEDITE_LEGAL_PROCEDURES
DIAG-20260630-TST-U2334,20260630,502334,TC-01-N2-15.42,Tổ hợp thương mại căn hộ Phú Mỹ,Tháp N2,371,2.36,11.5,75,30,25.86,,LEGAL_PERMIT_BARRIER,EXPEDITE_LEGAL_PROCEDURES
DIAG-20260630-TST-U2336,20260630,502336,TC-01-N2-15.44,Tổ hợp thương mại căn hộ Phú Mỹ,Tháp N2,101,19.86,15.6,40,0,47.39,,LEGAL_PERMIT_BARRIER,EXPEDITE_LEGAL_PROCEDURES
DIAG-20260630-TST-U2337,20260630,502337,TC-01-N2-15.45,Tổ hợp thương mại căn hộ Phú Mỹ,Tháp N2,326,1.41,16.7,40,0,20.66,,LEGAL_PERMIT_BARRIER,EXPEDITE_LEGAL_PROCEDURES
DIAG-20260630-TST-U2338,20260630,502338,TC-01-N2-15.46,Tổ hợp thương mại căn hộ Phú Mỹ,Tháp N2,120,16.55,14.5,50,40,43.32,,LEGAL_PERMIT_BARRIER,EXPEDITE_LEGAL_PROCEDURES
DIAG-20260630-TST-U2339,20260630,502339,TC-01-N2-15.47,Tổ hợp thương mại căn hộ Phú Mỹ,Tháp N2,370,1.19,17.6,40,0,20.4,,LEGAL_PERMIT_BARRIER,EXPEDITE_LEGAL_PROCEDURES
DIAG-20260630-TST-U2340,20260630,502340,TC-01-N2-15.48,Tổ hợp thương mại căn hộ Phú Mỹ,Tháp N2,212,2.52,6.3,15,40,16.22,,LEGAL_PERMIT_BARRIER,EXPEDITE_LEGAL_PROCEDURES
DIAG-20260630-TST-U2342,20260630,502342,TC-01-N2-15.50,Tổ hợp thương mại căn hộ Phú Mỹ,Tháp N2,233,-9.47,10.0,15,0,11.32,,LEGAL_PERMIT_BARRIER,EXPEDITE_LEGAL_PROCEDURES
DIAG-20260630-TST-U2343,20260630,502343,TC-01-N2-15.51,Tổ hợp thương mại căn hộ Phú Mỹ,Tháp N2,419,13.01,13.9,75,0,38.97,,LEGAL_PERMIT_BARRIER,EXPEDITE_LEGAL_PROCEDURES
DIAG-20260630-TST-U2344,20260630,502344,TC-01-N2-15.52,Tổ hợp thương mại căn hộ Phú Mỹ,Tháp N2,230,13.74,8.0,40,40,28.94,,LEGAL_PERMIT_BARRIER,EXPEDITE_LEGAL_PROCEDURES
DIAG-20260630-TST-U2345,20260630,502345,TC-01-N2-15.53,Tổ hợp thương mại căn hộ Phú Mỹ,Tháp N2,410,9.63,16.5,45,0,30.44,,LEGAL_PERMIT_BARRIER,EXPEDITE_LEGAL_PROCEDURES
DIAG-20260630-TST-U2346,20260630,502346,TC-01-N2-15.54,Tổ hợp thương mại căn hộ Phú Mỹ,Tháp N2,466,11.1,12.6,35,0,36.62,,LEGAL_PERMIT_BARRIER,EXPEDITE_LEGAL_PROCEDURES
DIAG-20260630-TST-U2347,20260630,502347,TC-01-N2-15.55,Tổ hợp thương mại căn hộ Phú Mỹ,Tháp N2,320,6.69,9.3,60,25,25.56,,LEGAL_PERMIT_BARRIER,EXPEDITE_LEGAL_PROCEDURES
DIAG-20260630-TST-U2348,20260630,502348,TC-01-N2-15.56,Tổ hợp thương mại căn hộ Phú Mỹ,Tháp N2,136,1.41,18.4,20,0,20.66,,LEGAL_PERMIT_BARRIER,EXPEDITE_LEGAL_PROCEDURES
DIAG-20260630-TST-U2349,20260630,502349,TC-01-N2-15.57,Tổ hợp thương mại căn hộ Phú Mỹ,Tháp N2,190,21.29,14.4,40,0,49.14,,LEGAL_PERMIT_BARRIER,EXPEDITE_LEGAL_PROCEDURES
DIAG-20260630-TST-U2350,20260630,502350,TC-01-N2-15.58,Tổ hợp thương mại căn hộ Phú Mỹ,Tháp N2,174,-9.47,9.9,55,0,11.32,,LEGAL_PERMIT_BARRIER,EXPEDITE_LEGAL_PROCEDURES
DIAG-20260630-TST-U2351,20260630,502351,TC-01-N2-15.59,Tổ hợp thương mại căn hộ Phú Mỹ,Tháp N2,172,16.56,13.8,20,0,43.33,,LEGAL_PERMIT_BARRIER,EXPEDITE_LEGAL_PROCEDURES
DIAG-20260630-TST-U2352,20260630,502352,TC-01-N2-15.60,Tổ hợp thương mại căn hộ Phú Mỹ,Tháp N2,180,-6.68,6.4,0,65,5.79,,LEGAL_PERMIT_BARRIER,EXPEDITE_LEGAL_PROCEDURES
DIAG-20260630-TST-U2354,20260630,502354,TC-01-N2-15.62,Tổ hợp thương mại căn hộ Phú Mỹ,Tháp N2,454,7.17,8.9,20,0,26.12,,LEGAL_PERMIT_BARRIER,EXPEDITE_LEGAL_PROCEDURES
DIAG-20260630-TST-U2355,20260630,502355,TC-01-N2-15.63,Tổ hợp thương mại căn hộ Phú Mỹ,Tháp N2,182,4.27,13.6,20,40,28.21,,LEGAL_PERMIT_BARRIER,EXPEDITE_LEGAL_PROCEDURES
DIAG-20260630-TST-U2356,20260630,502356,TC-01-N2-15.64,Tổ hợp thương mại căn hộ Phú Mỹ,Tháp N2,277,0.47,14.6,20,20,19.54,,LEGAL_PERMIT_BARRIER,EXPEDITE_LEGAL_PROCEDURES
DIAG-20260630-TST-U2357,20260630,502357,TC-01-N2-15.65,Tổ hợp thương mại căn hộ Phú Mỹ,Tháp N2,344,-10.79,15.2,35,0,6.14,,LEGAL_PERMIT_BARRIER,EXPEDITE_LEGAL_PROCEDURES
DIAG-20260630-TST-U2358,20260630,502358,TC-01-N2-15.66,Tổ hợp thương mại căn hộ Phú Mỹ,Tháp N2,422,7.53,19.8,0,40,27.94,,LEGAL_PERMIT_BARRIER,EXPEDITE_LEGAL_PROCEDURES
DIAG-20260630-TST-U2360,20260630,502360,TC-01-N2-16.02,Tổ hợp thương mại căn hộ Phú Mỹ,Tháp N2,318,0.48,14.8,40,30,19.56,,LEGAL_PERMIT_BARRIER,EXPEDITE_LEGAL_PROCEDURES
DIAG-20260630-TST-U2362,20260630,502362,TC-01-N2-16.04,Tổ hợp thương mại căn hộ Phú Mỹ,Tháp N2,209,7.34,11.9,50,25,32.0,,LEGAL_PERMIT_BARRIER,EXPEDITE_LEGAL_PROCEDURES
DIAG-20260630-TST-U2363,20260630,502363,TC-01-N2-16.05,Tổ hợp thương mại căn hộ Phú Mỹ,Tháp N2,297,16.21,20.3,20,25,38.27,,LEGAL_PERMIT_BARRIER,EXPEDITE_LEGAL_PROCEDURES
DIAG-20260630-TST-U2364,20260630,502364,TC-01-N2-16.06,Tổ hợp thương mại căn hộ Phú Mỹ,Tháp N2,318,16.78,11.7,40,40,43.6,,LEGAL_PERMIT_BARRIER,EXPEDITE_LEGAL_PROCEDURES
DIAG-20260630-TST-U2365,20260630,502365,TC-01-N2-16.07,Tổ hợp thương mại căn hộ Phú Mỹ,Tháp N2,127,11.33,12.4,75,25,36.9,,LEGAL_PERMIT_BARRIER,EXPEDITE_LEGAL_PROCEDURES
DIAG-20260630-TST-U2366,20260630,502366,TC-01-N2-16.08,Tổ hợp thương mại căn hộ Phú Mỹ,Tháp N2,245,11.03,19.0,0,40,32.11,,LEGAL_PERMIT_BARRIER,EXPEDITE_LEGAL_PROCEDURES
DIAG-20260630-TST-U2367,20260630,502367,TC-01-N2-16.09,Tổ hợp thương mại căn hộ Phú Mỹ,Tháp N2,299,-20.8,5.7,45,25,-10.21,,LEGAL_PERMIT_BARRIER,EXPEDITE_LEGAL_PROCEDURES
DIAG-20260630-TST-U2370,20260630,502370,TC-01-N2-16.12,Tổ hợp thương mại căn hộ Phú Mỹ,Tháp N2,373,0.95,17.4,20,25,20.12,,LEGAL_PERMIT_BARRIER,EXPEDITE_LEGAL_PROCEDURES
DIAG-20260630-TST-U2371,20260630,502371,TC-01-N2-16.13,Tổ hợp thương mại căn hộ Phú Mỹ,Tháp N2,106,-10.65,11.0,40,25,9.87,,LEGAL_PERMIT_BARRIER,EXPEDITE_LEGAL_PROCEDURES
DIAG-20260630-TST-U2372,20260630,502372,TC-01-N2-16.14,Tổ hợp thương mại căn hộ Phú Mỹ,Tháp N2,120,19.63,14.0,0,40,47.1,,LEGAL_PERMIT_BARRIER,EXPEDITE_LEGAL_PROCEDURES
DIAG-20260630-TST-U2373,20260630,502373,TC-01-N2-16.15,Tổ hợp thương mại căn hộ Phú Mỹ,Tháp N2,172,0.71,11.4,70,40,23.84,,LEGAL_PERMIT_BARRIER,EXPEDITE_LEGAL_PROCEDURES
DIAG-20260630-TST-U2374,20260630,502374,TC-01-N2-16.16,Tổ hợp thương mại căn hộ Phú Mỹ,Tháp N2,270,-19.01,12.5,45,40,-3.63,,LEGAL_PERMIT_BARRIER,EXPEDITE_LEGAL_PROCEDURES
DIAG-20260630-TST-U2375,20260630,502375,TC-01-N2-16.17,Tổ hợp thương mại căn hộ Phú Mỹ,Tháp N2,171,0.96,8.6,50,0,18.82,,LEGAL_PERMIT_BARRIER,EXPEDITE_LEGAL_PROCEDURES
DIAG-20260630-TST-U2376,20260630,502376,TC-01-N2-16.18,Tổ hợp thương mại căn hộ Phú Mỹ,Tháp N2,429,-20.32,10.3,25,65,-2.02,,LEGAL_PERMIT_BARRIER,EXPEDITE_LEGAL_PROCEDURES
DIAG-20260630-TST-U2377,20260630,502377,TC-01-N2-16.19,Tổ hợp thương mại căn hộ Phú Mỹ,Tháp N2,287,0.0,11.1,20,65,22.97,,LEGAL_PERMIT_BARRIER,EXPEDITE_LEGAL_PROCEDURES
DIAG-20260630-TST-U2378,20260630,502378,TC-01-N2-16.20,Tổ hợp thương mại căn hộ Phú Mỹ,Tháp N2,394,0.0,16.3,0,30,18.99,,LEGAL_PERMIT_BARRIER,EXPEDITE_LEGAL_PROCEDURES
DIAG-20260630-TST-U2379,20260630,502379,TC-01-N2-16.21,Tổ hợp thương mại căn hộ Phú Mỹ,Tháp N2,272,-16.08,10.3,25,0,3.2,,LEGAL_PERMIT_BARRIER,EXPEDITE_LEGAL_PROCEDURES
DIAG-20260630-TST-U2380,20260630,502380,TC-01-N2-16.22,Tổ hợp thương mại căn hộ Phú Mỹ,Tháp N2,276,3.08,12.4,20,65,26.75,,LEGAL_PERMIT_BARRIER,EXPEDITE_LEGAL_PROCEDURES
DIAG-20260630-TST-U2381,20260630,502381,TC-01-N2-16.23,Tổ hợp thương mại căn hộ Phú Mỹ,Tháp N2,462,0.23,12.0,35,40,23.25,,LEGAL_PERMIT_BARRIER,EXPEDITE_LEGAL_PROCEDURES
DIAG-20260630-TST-U2383,20260630,502383,TC-01-N2-16.25,Tổ hợp thương mại căn hộ Phú Mỹ,Tháp N2,461,4.93,18.2,35,65,24.86,,LEGAL_PERMIT_BARRIER,EXPEDITE_LEGAL_PROCEDURES
DIAG-20260630-TST-U2384,20260630,502384,TC-01-N2-16.26,Tổ hợp thương mại căn hộ Phú Mỹ,Tháp N2,398,10.81,18.2,45,0,31.85,,LEGAL_PERMIT_BARRIER,EXPEDITE_LEGAL_PROCEDURES
DIAG-20260630-TST-U2386,20260630,502386,TC-01-N2-16.28,Tổ hợp thương mại căn hộ Phú Mỹ,Tháp N2,313,7.41,8.0,10,25,26.4,,LEGAL_PERMIT_BARRIER,EXPEDITE_LEGAL_PROCEDURES
DIAG-20260630-TST-U2387,20260630,502387,TC-01-N2-16.29,Tổ hợp thương mại căn hộ Phú Mỹ,Tháp N2,407,-5.67,12.2,20,0,15.99,,LEGAL_PERMIT_BARRIER,EXPEDITE_LEGAL_PROCEDURES
DIAG-20260630-TST-U2388,20260630,502388,TC-01-N2-16.30,Tổ hợp thương mại căn hộ Phú Mỹ,Tháp N2,187,-0.69,15.7,20,25,18.17,,LEGAL_PERMIT_BARRIER,EXPEDITE_LEGAL_PROCEDURES
DIAG-20260630-TST-U2389,20260630,502389,TC-01-N2-16.31,Tổ hợp thương mại căn hộ Phú Mỹ,Tháp N2,114,1.41,10.5,40,65,24.7,,LEGAL_PERMIT_BARRIER,EXPEDITE_LEGAL_PROCEDURES
DIAG-20260630-TST-U2393,20260630,502393,TC-01-N2-16.35,Tổ hợp thương mại căn hộ Phú Mỹ,Tháp N2,142,0.94,12.7,55,0,24.12,,LEGAL_PERMIT_BARRIER,EXPEDITE_LEGAL_PROCEDURES
DIAG-20260630-TST-U2395,20260630,502395,TC-01-N2-16.37,Tổ hợp thương mại căn hộ Phú Mỹ,Tháp N2,293,-20.52,6.9,40,55,-6.47,,LEGAL_PERMIT_BARRIER,EXPEDITE_LEGAL_PROCEDURES
DIAG-20260630-TST-U2396,20260630,502396,TC-01-N2-16.38,Tổ hợp thương mại căn hộ Phú Mỹ,Tháp N2,323,-9.62,16.0,45,25,7.54,,LEGAL_PERMIT_BARRIER,EXPEDITE_LEGAL_PROCEDURES
DIAG-20260630-TST-U2397,20260630,502397,TC-01-N2-16.39,Tổ hợp thương mại căn hộ Phú Mỹ,Tháp N2,428,-6.8,14.5,60,65,10.9,,LEGAL_PERMIT_BARRIER,EXPEDITE_LEGAL_PROCEDURES
DIAG-20260630-TST-U2398,20260630,502398,TC-01-N2-16.40,Tổ hợp thương mại căn hộ Phú Mỹ,Tháp N2,450,-12.54,11.3,0,0,7.55,,LEGAL_PERMIT_BARRIER,EXPEDITE_LEGAL_PROCEDURES
DIAG-20260630-TST-U2399,20260630,502399,TC-01-N2-16.41,Tổ hợp thương mại căn hộ Phú Mỹ,Tháp N2,163,-23.63,9.0,40,25,-6.09,,LEGAL_PERMIT_BARRIER,EXPEDITE_LEGAL_PROCEDURES
DIAG-20260630-TST-U2400,20260630,502400,TC-01-N2-16.42,Tổ hợp thương mại căn hộ Phú Mỹ,Tháp N2,256,10.89,11.4,45,0,36.36,,LEGAL_PERMIT_BARRIER,EXPEDITE_LEGAL_PROCEDURES
DIAG-20260630-TST-U2401,20260630,502401,TC-01-N2-16.43,Tổ hợp thương mại căn hộ Phú Mỹ,Tháp N2,240,12.53,14.6,20,65,38.37,,LEGAL_PERMIT_BARRIER,EXPEDITE_LEGAL_PROCEDURES
DIAG-20260630-TST-U2402,20260630,502402,TC-01-N2-16.44,Tổ hợp thương mại căn hộ Phú Mỹ,Tháp N2,317,20.8,13.5,30,0,48.54,,LEGAL_PERMIT_BARRIER,EXPEDITE_LEGAL_PROCEDURES
DIAG-20260630-TST-U2403,20260630,502403,TC-01-N2-16.45,Tổ hợp thương mại căn hộ Phú Mỹ,Tháp N2,160,3.07,11.9,10,0,26.74,,LEGAL_PERMIT_BARRIER,EXPEDITE_LEGAL_PROCEDURES
DIAG-20260630-TST-U2404,20260630,502404,TC-01-N2-16.46,Tổ hợp thương mại căn hộ Phú Mỹ,Tháp N2,319,-7.08,11.7,20,40,14.26,,LEGAL_PERMIT_BARRIER,EXPEDITE_LEGAL_PROCEDURES
DIAG-20260630-TST-U2406,20260630,502406,TC-01-N2-16.48,Tổ hợp thương mại căn hộ Phú Mỹ,Tháp N2,294,-2.14,10.6,25,0,20.34,,LEGAL_PERMIT_BARRIER,EXPEDITE_LEGAL_PROCEDURES
DIAG-20260630-TST-U2407,20260630,502407,TC-01-N2-16.49,Tổ hợp thương mại căn hộ Phú Mỹ,Tháp N2,275,0.0,7.8,10,0,17.68,,LEGAL_PERMIT_BARRIER,EXPEDITE_LEGAL_PROCEDURES
DIAG-20260630-TST-U2408,20260630,502408,TC-01-N2-16.50,Tổ hợp thương mại căn hộ Phú Mỹ,Tháp N2,115,-18.84,7.4,30,25,-4.49,,LEGAL_PERMIT_BARRIER,EXPEDITE_LEGAL_PROCEDURES
DIAG-20260630-TST-U2409,20260630,502409,TC-01-N2-16.51,Tổ hợp thương mại căn hộ Phú Mỹ,Tháp N2,101,-5.92,9.8,55,20,15.68,,LEGAL_PERMIT_BARRIER,EXPEDITE_LEGAL_PROCEDURES
DIAG-20260630-TST-U2410,20260630,502410,TC-01-N2-16.52,Tổ hợp thương mại căn hộ Phú Mỹ,Tháp N2,315,-4.74,9.5,40,65,17.13,,LEGAL_PERMIT_BARRIER,EXPEDITE_LEGAL_PROCEDURES
DIAG-20260630-TST-U2411,20260630,502411,TC-01-N2-16.53,Tổ hợp thương mại căn hộ Phú Mỹ,Tháp N2,127,-13.38,14.9,20,55,3.07,,LEGAL_PERMIT_BARRIER,EXPEDITE_LEGAL_PROCEDURES
DIAG-20260630-TST-U2412,20260630,502412,TC-01-N2-16.54,Tổ hợp thương mại căn hộ Phú Mỹ,Tháp N2,230,-0.87,6.6,20,40,12.38,,LEGAL_PERMIT_BARRIER,EXPEDITE_LEGAL_PROCEDURES
DIAG-20260630-TST-U2413,20260630,502413,TC-01-N2-16.55,Tổ hợp thương mại căn hộ Phú Mỹ,Tháp N2,219,5.65,17.4,20,0,25.7,,LEGAL_PERMIT_BARRIER,EXPEDITE_LEGAL_PROCEDURES
DIAG-20260630-TST-U2414,20260630,502414,TC-01-N2-16.56,Tổ hợp thương mại căn hộ Phú Mỹ,Tháp N2,393,-7.79,9.9,45,40,13.39,,LEGAL_PERMIT_BARRIER,EXPEDITE_LEGAL_PROCEDURES
DIAG-20260630-TST-U2415,20260630,502415,TC-01-N2-16.57,Tổ hợp thương mại căn hộ Phú Mỹ,Tháp N2,145,19.82,9.9,35,25,41.0,,LEGAL_PERMIT_BARRIER,EXPEDITE_LEGAL_PROCEDURES
DIAG-20260630-TST-U2416,20260630,502416,TC-01-N2-16.58,Tổ hợp thương mại căn hộ Phú Mỹ,Tháp N2,240,3.98,6.5,20,40,17.88,,LEGAL_PERMIT_BARRIER,EXPEDITE_LEGAL_PROCEDURES
DIAG-20260630-TST-U2418,20260630,502418,TC-01-N2-16.60,Tổ hợp thương mại căn hộ Phú Mỹ,Tháp N2,402,-8.52,11.2,0,65,12.49,,LEGAL_PERMIT_BARRIER,EXPEDITE_LEGAL_PROCEDURES
DIAG-20260630-TST-U2419,20260630,502419,TC-01-N2-16.61,Tổ hợp thương mại căn hộ Phú Mỹ,Tháp N2,278,3.06,12.2,20,0,26.73,,LEGAL_PERMIT_BARRIER,EXPEDITE_LEGAL_PROCEDURES
DIAG-20260630-TST-U2420,20260630,502420,TC-01-N2-16.62,Tổ hợp thương mại căn hộ Phú Mỹ,Tháp N2,411,16.79,14.1,20,0,43.61,,LEGAL_PERMIT_BARRIER,EXPEDITE_LEGAL_PROCEDURES
DIAG-20260630-TST-U2421,20260630,502421,TC-01-N2-16.63,Tổ hợp thương mại căn hộ Phú Mỹ,Tháp N2,400,4.94,18.9,20,40,24.86,,LEGAL_PERMIT_BARRIER,EXPEDITE_LEGAL_PROCEDURES
DIAG-20260630-TST-U2422,20260630,502422,TC-01-N2-16.64,Tổ hợp thương mại căn hộ Phú Mỹ,Tháp N2,319,-12.06,10.2,20,0,8.13,,LEGAL_PERMIT_BARRIER,EXPEDITE_LEGAL_PROCEDURES
DIAG-20260630-TST-U2423,20260630,502423,TC-01-N2-16.65,Tổ hợp thương mại căn hộ Phú Mỹ,Tháp N2,195,-7.33,12.1,10,30,13.95,,LEGAL_PERMIT_BARRIER,EXPEDITE_LEGAL_PROCEDURES
DIAG-20260630-TST-U2424,20260630,502424,TC-01-N2-16.66,Tổ hợp thương mại căn hộ Phú Mỹ,Tháp N2,287,-12.29,9.0,15,0,7.86,,LEGAL_PERMIT_BARRIER,EXPEDITE_LEGAL_PROCEDURES
DIAG-20260630-TST-U2425,20260630,502425,TC-01-N2-17.01,Tổ hợp thương mại căn hộ Phú Mỹ,Tháp N2,448,2.63,8.6,10,40,20.78,,LEGAL_PERMIT_BARRIER,EXPEDITE_LEGAL_PROCEDURES
DIAG-20260630-TST-U2426,20260630,502426,TC-01-N2-17.02,Tổ hợp thương mại căn hộ Phú Mỹ,Tháp N2,166,0.24,15.7,45,45,19.27,,LEGAL_PERMIT_BARRIER,EXPEDITE_LEGAL_PROCEDURES
DIAG-20260630-TST-U2427,20260630,502427,TC-01-N2-17.03,Tổ hợp thương mại căn hộ Phú Mỹ,Tháp N2,270,0.47,8.5,55,25,18.24,,LEGAL_PERMIT_BARRIER,EXPEDITE_LEGAL_PROCEDURES
DIAG-20260630-TST-U2429,20260630,502429,TC-01-N2-17.05,Tổ hợp thương mại căn hộ Phú Mỹ,Tháp N2,363,-7.64,7.7,0,95,8.69,,LEGAL_PERMIT_BARRIER,EXPEDITE_LEGAL_PROCEDURES
DIAG-20260630-TST-U2430,20260630,502430,TC-01-N2-17.06,Tổ hợp thương mại căn hộ Phú Mỹ,Tháp N2,419,-8.97,10.5,15,65,11.94,,LEGAL_PERMIT_BARRIER,EXPEDITE_LEGAL_PROCEDURES
DIAG-20260630-TST-U2431,20260630,502431,TC-01-N2-17.07,Tổ hợp thương mại căn hộ Phú Mỹ,Tháp N2,106,-10.4,9.1,75,30,10.18,,LEGAL_PERMIT_BARRIER,EXPEDITE_LEGAL_PROCEDURES
DIAG-20260630-TST-U2432,20260630,502432,TC-01-N2-17.08,Tổ hợp thương mại căn hộ Phú Mỹ,Tháp N2,163,-19.24,13.7,45,25,-3.91,,LEGAL_PERMIT_BARRIER,EXPEDITE_LEGAL_PROCEDURES
DIAG-20260630-TST-U2435,20260630,502435,TC-01-N2-17.11,Tổ hợp thương mại căn hộ Phú Mỹ,Tháp N2,325,11.52,19.0,10,20,32.69,,LEGAL_PERMIT_BARRIER,EXPEDITE_LEGAL_PROCEDURES
DIAG-20260630-TST-U2437,20260630,502437,TC-01-N2-17.13,Tổ hợp thương mại căn hộ Phú Mỹ,Tháp N2,138,-14.56,15.3,25,25,1.67,,LEGAL_PERMIT_BARRIER,EXPEDITE_LEGAL_PROCEDURES
DIAG-20260630-TST-U2439,20260630,502439,TC-01-N2-17.15,Tổ hợp thương mại căn hộ Phú Mỹ,Tháp N2,418,-6.62,11.9,20,65,14.82,,LEGAL_PERMIT_BARRIER,EXPEDITE_LEGAL_PROCEDURES
DIAG-20260630-TST-U2440,20260630,502440,TC-01-N2-17.16,Tổ hợp thương mại căn hộ Phú Mỹ,Tháp N2,326,4.26,13.1,60,0,28.2,,LEGAL_PERMIT_BARRIER,EXPEDITE_LEGAL_PROCEDURES
DIAG-20260630-TST-U2441,20260630,502441,TC-01-N2-17.17,Tổ hợp thương mại căn hộ Phú Mỹ,Tháp N2,216,7.8,12.6,20,0,32.56,,LEGAL_PERMIT_BARRIER,EXPEDITE_LEGAL_PROCEDURES
DIAG-20260630-TST-U2442,20260630,502442,TC-01-N2-17.18,Tổ hợp thương mại căn hộ Phú Mỹ,Tháp N2,336,10.62,13.0,80,40,36.03,,LEGAL_PERMIT_BARRIER,EXPEDITE_LEGAL_PROCEDURES
DIAG-20260630-TST-U2443,20260630,502443,TC-01-N2-17.19,Tổ hợp thương mại căn hộ Phú Mỹ,Tháp N2,386,-1.43,10.6,35,20,21.21,,LEGAL_PERMIT_BARRIER,EXPEDITE_LEGAL_PROCEDURES
DIAG-20260630-TST-U2444,20260630,502444,TC-01-N2-17.20,Tổ hợp thương mại căn hộ Phú Mỹ,Tháp N2,208,-7.58,9.8,50,0,13.65,,LEGAL_PERMIT_BARRIER,EXPEDITE_LEGAL_PROCEDURES
DIAG-20260630-TST-U2445,20260630,502445,TC-01-N2-17.21,Tổ hợp thương mại căn hộ Phú Mỹ,Tháp N2,257,13.73,11.9,45,0,39.85,,LEGAL_PERMIT_BARRIER,EXPEDITE_LEGAL_PROCEDURES
DIAG-20260630-TST-U2446,20260630,502446,TC-01-N2-17.22,Tổ hợp thương mại căn hộ Phú Mỹ,Tháp N2,197,-4.96,11.3,20,75,16.86,,LEGAL_PERMIT_BARRIER,EXPEDITE_LEGAL_PROCEDURES
DIAG-20260630-TST-U2448,20260630,502448,TC-01-N2-17.24,Tổ hợp thương mại căn hộ Phú Mỹ,Tháp N2,402,12.06,14.9,10,0,37.79,,LEGAL_PERMIT_BARRIER,EXPEDITE_LEGAL_PROCEDURES
DIAG-20260630-TST-U2449,20260630,502449,TC-01-N2-17.25,Tổ hợp thương mại căn hộ Phú Mỹ,Tháp N2,319,0.23,11.9,20,25,23.25,,LEGAL_PERMIT_BARRIER,EXPEDITE_LEGAL_PROCEDURES
DIAG-20260630-TST-U2450,20260630,502450,TC-01-N2-17.26,Tổ hợp thương mại căn hộ Phú Mỹ,Tháp N2,341,7.55,12.0,20,0,32.25,,LEGAL_PERMIT_BARRIER,EXPEDITE_LEGAL_PROCEDURES
DIAG-20260630-TST-U2451,20260630,502451,TC-01-N2-17.27,Tổ hợp thương mại căn hộ Phú Mỹ,Tháp N2,317,-1.12,6.4,35,65,12.1,,LEGAL_PERMIT_BARRIER,EXPEDITE_LEGAL_PROCEDURES
DIAG-20260630-TST-U2452,20260630,502452,TC-01-N2-17.28,Tổ hợp thương mại căn hộ Phú Mỹ,Tháp N2,334,-8.91,13.9,10,0,8.39,,LEGAL_PERMIT_BARRIER,EXPEDITE_LEGAL_PROCEDURES
DIAG-20260630-TST-U2454,20260630,502454,TC-01-N2-17.30,Tổ hợp thương mại căn hộ Phú Mỹ,Tháp N2,186,1.9,11.2,20,0,25.31,,LEGAL_PERMIT_BARRIER,EXPEDITE_LEGAL_PROCEDURES
DIAG-20260630-TST-U2455,20260630,502455,TC-01-N2-17.31,Tổ hợp thương mại căn hộ Phú Mỹ,Tháp N2,131,4.53,8.7,50,0,23.01,,LEGAL_PERMIT_BARRIER,EXPEDITE_LEGAL_PROCEDURES
DIAG-20260630-TST-U2457,20260630,502457,TC-01-N2-17.33,Tổ hợp thương mại căn hộ Phú Mỹ,Tháp N2,280,-12.29,9.9,35,25,7.86,,LEGAL_PERMIT_BARRIER,EXPEDITE_LEGAL_PROCEDURES
DIAG-20260630-TST-U2458,20260630,502458,TC-01-N2-17.34,Tổ hợp thương mại căn hộ Phú Mỹ,Tháp N2,200,-2.34,15.6,0,25,16.21,,LEGAL_PERMIT_BARRIER,EXPEDITE_LEGAL_PROCEDURES
DIAG-20260630-TST-U2459,20260630,502459,TC-01-N2-17.35,Tổ hợp thương mại căn hộ Phú Mỹ,Tháp N2,293,6.14,13.0,35,40,30.52,,LEGAL_PERMIT_BARRIER,EXPEDITE_LEGAL_PROCEDURES
DIAG-20260630-TST-U2460,20260630,502460,TC-01-N2-17.36,Tổ hợp thương mại căn hộ Phú Mỹ,Tháp N2,244,7.4,8.6,0,20,26.39,,LEGAL_PERMIT_BARRIER,EXPEDITE_LEGAL_PROCEDURES
DIAG-20260630-TST-U2461,20260630,502461,TC-01-N2-17.37,Tổ hợp thương mại căn hộ Phú Mỹ,Tháp N2,197,-4.29,9.0,30,65,12.64,,LEGAL_PERMIT_BARRIER,EXPEDITE_LEGAL_PROCEDURES
DIAG-20260630-TST-U2462,20260630,502462,TC-01-N2-17.38,Tổ hợp thương mại căn hộ Phú Mỹ,Tháp N2,218,2.14,13.0,50,25,25.6,,LEGAL_PERMIT_BARRIER,EXPEDITE_LEGAL_PROCEDURES
DIAG-20260630-TST-U2463,20260630,502463,TC-01-N2-17.39,Tổ hợp thương mại căn hộ Phú Mỹ,Tháp N2,220,-18.86,6.9,0,65,-4.51,,LEGAL_PERMIT_BARRIER,EXPEDITE_LEGAL_PROCEDURES
DIAG-20260630-TST-U2466,20260630,502466,TC-01-N2-17.42,Tổ hợp thương mại căn hộ Phú Mỹ,Tháp N2,402,-7.5,14.2,0,55,10.07,,LEGAL_PERMIT_BARRIER,EXPEDITE_LEGAL_PROCEDURES
DIAG-20260630-TST-U2467,20260630,502467,TC-01-N2-17.43,Tổ hợp thương mại căn hộ Phú Mỹ,Tháp N2,275,7.33,11.5,40,0,31.98,,LEGAL_PERMIT_BARRIER,EXPEDITE_LEGAL_PROCEDURES
DIAG-20260630-TST-U2468,20260630,502468,TC-01-N2-17.44,Tổ hợp thương mại căn hộ Phú Mỹ,Tháp N2,109,-3.78,12.8,20,25,18.31,,LEGAL_PERMIT_BARRIER,EXPEDITE_LEGAL_PROCEDURES
DIAG-20260630-TST-U2469,20260630,502469,TC-01-N2-17.45,Tổ hợp thương mại căn hộ Phú Mỹ,Tháp N2,440,2.81,16.2,80,0,22.33,,LEGAL_PERMIT_BARRIER,EXPEDITE_LEGAL_PROCEDURES
DIAG-20260630-TST-U2470,20260630,502470,TC-01-N2-17.46,Tổ hợp thương mại căn hộ Phú Mỹ,Tháp N2,336,1.9,10.6,20,40,25.3,,LEGAL_PERMIT_BARRIER,EXPEDITE_LEGAL_PROCEDURES
DIAG-20260630-TST-U2471,20260630,502471,TC-01-N2-17.47,Tổ hợp thương mại căn hộ Phú Mỹ,Tháp N2,213,-10.98,7.6,65,65,4.77,,LEGAL_PERMIT_BARRIER,EXPEDITE_LEGAL_PROCEDURES
DIAG-20260630-TST-U2472,20260630,502472,TC-01-N2-17.48,Tổ hợp thương mại căn hộ Phú Mỹ,Tháp N2,452,4.78,7.8,20,0,23.31,,LEGAL_PERMIT_BARRIER,EXPEDITE_LEGAL_PROCEDURES
DIAG-20260630-TST-U2473,20260630,502473,TC-01-N2-17.49,Tổ hợp thương mại căn hộ Phú Mỹ,Tháp N2,348,-0.69,9.9,75,20,22.12,,LEGAL_PERMIT_BARRIER,EXPEDITE_LEGAL_PROCEDURES
DIAG-20260630-TST-U2474,20260630,502474,TC-01-N2-17.50,Tổ hợp thương mại căn hộ Phú Mỹ,Tháp N2,149,4.47,6.5,20,40,18.43,,LEGAL_PERMIT_BARRIER,EXPEDITE_LEGAL_PROCEDURES
DIAG-20260630-TST-U2477,20260630,502477,TC-01-N2-17.53,Tổ hợp thương mại căn hộ Phú Mỹ,Tháp N2,377,-12.78,10.3,0,25,7.25,,LEGAL_PERMIT_BARRIER,EXPEDITE_LEGAL_PROCEDURES
DIAG-20260630-TST-U2478,20260630,502478,TC-01-N2-17.54,Tổ hợp thương mại căn hộ Phú Mỹ,Tháp N2,391,-11.59,9.5,20,65,8.72,,LEGAL_PERMIT_BARRIER,EXPEDITE_LEGAL_PROCEDURES
DIAG-20260630-TST-U2482,20260630,502482,TC-01-N2-17.58,Tổ hợp thương mại căn hộ Phú Mỹ,Tháp N2,361,-5.94,5.8,10,25,6.63,,LEGAL_PERMIT_BARRIER,EXPEDITE_LEGAL_PROCEDURES
DIAG-20260630-TST-U2483,20260630,502483,TC-01-N2-17.59,Tổ hợp thương mại căn hộ Phú Mỹ,Tháp N2,218,-13.38,7.5,50,25,1.94,,LEGAL_PERMIT_BARRIER,EXPEDITE_LEGAL_PROCEDURES
DIAG-20260630-TST-U2484,20260630,502484,TC-01-N2-17.60,Tổ hợp thương mại căn hộ Phú Mỹ,Tháp N2,138,0.25,9.1,40,20,17.98,,LEGAL_PERMIT_BARRIER,EXPEDITE_LEGAL_PROCEDURES
DIAG-20260630-TST-U2486,20260630,502486,TC-01-N2-17.62,Tổ hợp thương mại căn hộ Phú Mỹ,Tháp N2,266,-3.81,8.2,10,65,13.2,,LEGAL_PERMIT_BARRIER,EXPEDITE_LEGAL_PROCEDURES
DIAG-20260630-TST-U2488,20260630,502488,TC-01-N2-17.64,Tổ hợp thương mại căn hộ Phú Mỹ,Tháp N2,390,-8.03,10.0,30,25,13.1,,LEGAL_PERMIT_BARRIER,EXPEDITE_LEGAL_PROCEDURES
DIAG-20260630-TST-U2489,20260630,502489,TC-01-N2-17.65,Tổ hợp thương mại căn hộ Phú Mỹ,Tháp N2,137,2.37,10.3,40,0,25.88,,LEGAL_PERMIT_BARRIER,EXPEDITE_LEGAL_PROCEDURES
DIAG-20260630-TST-U2491,20260630,502491,TC-01-N2-18.01,Tổ hợp thương mại căn hộ Phú Mỹ,Tháp N2,322,4.27,12.3,25,40,28.21,,LEGAL_PERMIT_BARRIER,EXPEDITE_LEGAL_PROCEDURES
DIAG-20260630-TST-U2492,20260630,502492,TC-01-N2-18.02,Tổ hợp thương mại căn hộ Phú Mỹ,Tháp N2,461,-4.51,7.9,0,25,12.38,,LEGAL_PERMIT_BARRIER,EXPEDITE_LEGAL_PROCEDURES
DIAG-20260630-TST-U2493,20260630,502493,TC-01-N2-18.03,Tổ hợp thương mại căn hộ Phú Mỹ,Tháp N2,236,-15.95,14.0,35,95,0.01,,LEGAL_PERMIT_BARRIER,EXPEDITE_LEGAL_PROCEDURES
DIAG-20260630-TST-U2495,20260630,502495,TC-01-N2-18.05,Tổ hợp thương mại căn hộ Phú Mỹ,Tháp N2,145,-5.15,15.4,35,0,12.85,,LEGAL_PERMIT_BARRIER,EXPEDITE_LEGAL_PROCEDURES
DIAG-20260630-TST-U2497,20260630,502497,TC-01-N2-18.07,Tổ hợp thương mại căn hộ Phú Mỹ,Tháp N2,190,16.45,19.9,20,0,38.56,,LEGAL_PERMIT_BARRIER,EXPEDITE_LEGAL_PROCEDURES
DIAG-20260630-TST-U2498,20260630,502498,TC-01-N2-18.08,Tổ hợp thương mại căn hộ Phú Mỹ,Tháp N2,382,-5.87,14.3,40,65,12.0,,LEGAL_PERMIT_BARRIER,EXPEDITE_LEGAL_PROCEDURES
DIAG-20260630-TST-U2499,20260630,502499,TC-01-N2-18.09,Tổ hợp thương mại căn hộ Phú Mỹ,Tháp N2,360,4.02,11.8,50,65,27.9,,LEGAL_PERMIT_BARRIER,EXPEDITE_LEGAL_PROCEDURES
DIAG-20260630-TST-U2500,20260630,502500,TC-01-N2-18.10,Tổ hợp thương mại căn hộ Phú Mỹ,Tháp N2,209,10.49,9.2,10,25,30.04,,LEGAL_PERMIT_BARRIER,EXPEDITE_LEGAL_PROCEDURES
DIAG-20260630-TST-U2501,20260630,502501,TC-01-N2-18.11,Tổ hợp thương mại căn hộ Phú Mỹ,Tháp N2,238,-11.74,14.6,40,0,5.02,,LEGAL_PERMIT_BARRIER,EXPEDITE_LEGAL_PROCEDURES
DIAG-20260630-TST-U2502,20260630,502502,TC-01-N2-18.12,Tổ hợp thương mại căn hộ Phú Mỹ,Tháp N2,99,-11.27,15.0,35,40,5.58,,LEGAL_PERMIT_BARRIER,EXPEDITE_LEGAL_PROCEDURES
DIAG-20260630-TST-U2503,20260630,502503,TC-01-N2-18.13,Tổ hợp thương mại căn hộ Phú Mỹ,Tháp N2,135,4.74,12.5,35,0,28.79,,LEGAL_PERMIT_BARRIER,EXPEDITE_LEGAL_PROCEDURES
DIAG-20260630-TST-U2504,20260630,502504,TC-01-N2-18.14,Tổ hợp thương mại căn hộ Phú Mỹ,Tháp N2,323,10.58,18.4,25,25,31.57,,LEGAL_PERMIT_BARRIER,EXPEDITE_LEGAL_PROCEDURES
DIAG-20260630-TST-U2506,20260630,502506,TC-01-N2-18.16,Tổ hợp thương mại căn hộ Phú Mỹ,Tháp N2,93,17.15,17.1,50,40,39.39,,LEGAL_PERMIT_BARRIER,EXPEDITE_LEGAL_PROCEDURES
DIAG-20260630-TST-U2507,20260630,502507,TC-01-N2-18.17,Tổ hợp thương mại căn hộ Phú Mỹ,Tháp N2,408,-3.78,11.2,40,0,18.32,,LEGAL_PERMIT_BARRIER,EXPEDITE_LEGAL_PROCEDURES
DIAG-20260630-TST-U2508,20260630,502508,TC-01-N2-18.18,Tổ hợp thương mại căn hộ Phú Mỹ,Tháp N2,450,16.77,15.0,20,40,43.59,,LEGAL_PERMIT_BARRIER,EXPEDITE_LEGAL_PROCEDURES
DIAG-20260630-TST-U2509,20260630,502509,TC-01-N2-18.19,Tổ hợp thương mại căn hộ Phú Mỹ,Tháp N2,272,22.93,15.5,70,0,51.16,,LEGAL_PERMIT_BARRIER,EXPEDITE_LEGAL_PROCEDURES
DIAG-20260630-TST-U2510,20260630,502510,TC-01-N2-18.20,Tổ hợp thương mại căn hộ Phú Mỹ,Tháp N2,431,-1.19,12.6,0,25,21.5,,LEGAL_PERMIT_BARRIER,EXPEDITE_LEGAL_PROCEDURES
DIAG-20260630-TST-U2511,20260630,502511,TC-01-N2-18.21,Tổ hợp thương mại căn hộ Phú Mỹ,Tháp N2,196,5.43,12.2,20,70,29.64,,LEGAL_PERMIT_BARRIER,EXPEDITE_LEGAL_PROCEDURES
DIAG-20260630-TST-U2512,20260630,502512,TC-01-N2-18.22,Tổ hợp thương mại căn hộ Phú Mỹ,Tháp N2,282,6.39,13.2,30,40,30.82,,LEGAL_PERMIT_BARRIER,EXPEDITE_LEGAL_PROCEDURES
DIAG-20260630-TST-U2514,20260630,502514,TC-01-N2-18.24,Tổ hợp thương mại căn hộ Phú Mỹ,Tháp N2,449,-3.29,15.3,70,0,15.08,,LEGAL_PERMIT_BARRIER,EXPEDITE_LEGAL_PROCEDURES
DIAG-20260630-TST-U2515,20260630,502515,TC-01-N2-18.25,Tổ hợp thương mại căn hộ Phú Mỹ,Tháp N2,120,2.59,13.9,20,0,26.15,,LEGAL_PERMIT_BARRIER,EXPEDITE_LEGAL_PROCEDURES
DIAG-20260630-TST-U2516,20260630,502516,TC-01-N2-18.26,Tổ hợp thương mại căn hộ Phú Mỹ,Tháp N2,252,9.09,9.0,35,0,28.38,,LEGAL_PERMIT_BARRIER,EXPEDITE_LEGAL_PROCEDURES
DIAG-20260630-TST-U2518,20260630,502518,TC-01-N2-18.28,Tổ hợp thương mại căn hộ Phú Mỹ,Tháp N2,195,-1.42,8.5,55,0,16.01,,LEGAL_PERMIT_BARRIER,EXPEDITE_LEGAL_PROCEDURES
DIAG-20260630-TST-U2520,20260630,502520,TC-01-N2-18.30,Tổ hợp thương mại căn hộ Phú Mỹ,Tháp N2,427,16.77,12.7,35,0,43.59,,LEGAL_PERMIT_BARRIER,EXPEDITE_LEGAL_PROCEDURES
DIAG-20260630-TST-U2521,20260630,502521,TC-01-N2-18.31,Tổ hợp thương mại căn hộ Phú Mỹ,Tháp N2,249,-12.78,9.0,40,25,7.25,,LEGAL_PERMIT_BARRIER,EXPEDITE_LEGAL_PROCEDURES
DIAG-20260630-TST-U2522,20260630,502522,TC-01-N2-18.32,Tổ hợp thương mại căn hộ Phú Mỹ,Tháp N2,411,6.34,17.5,50,25,26.53,,LEGAL_PERMIT_BARRIER,EXPEDITE_LEGAL_PROCEDURES
DIAG-20260630-TST-U2523,20260630,502523,TC-01-N2-18.33,Tổ hợp thương mại căn hộ Phú Mỹ,Tháp N2,405,-15.84,9.5,20,95,3.49,,LEGAL_PERMIT_BARRIER,EXPEDITE_LEGAL_PROCEDURES
DIAG-20260630-TST-U2524,20260630,502524,TC-01-N2-18.34,Tổ hợp thương mại căn hộ Phú Mỹ,Tháp N2,351,17.97,14.4,60,25,45.07,,LEGAL_PERMIT_BARRIER,EXPEDITE_LEGAL_PROCEDURES
DIAG-20260630-TST-U2526,20260630,502526,TC-01-N2-18.36,Tổ hợp thương mại căn hộ Phú Mỹ,Tháp N2,156,-1.9,11.8,20,0,20.63,,LEGAL_PERMIT_BARRIER,EXPEDITE_LEGAL_PROCEDURES
DIAG-20260630-TST-U2527,20260630,502527,TC-01-N2-18.37,Tổ hợp thương mại căn hộ Phú Mỹ,Tháp N2,338,7.53,15.5,35,25,27.94,,LEGAL_PERMIT_BARRIER,EXPEDITE_LEGAL_PROCEDURES
DIAG-20260630-TST-U2530,20260630,502530,TC-01-N2-18.40,Tổ hợp thương mại căn hộ Phú Mỹ,Tháp N2,196,6.7,8.4,60,55,25.56,,LEGAL_PERMIT_BARRIER,EXPEDITE_LEGAL_PROCEDURES
DIAG-20260630-TST-U2531,20260630,502531,TC-01-N2-18.41,Tổ hợp thương mại căn hộ Phú Mỹ,Tháp N2,366,-2.36,8.0,10,25,14.9,,LEGAL_PERMIT_BARRIER,EXPEDITE_LEGAL_PROCEDURES
DIAG-20260630-TST-U2532,20260630,502532,TC-01-N2-18.42,Tổ hợp thương mại căn hộ Phú Mỹ,Tháp N2,419,-4.76,8.3,35,25,12.08,,LEGAL_PERMIT_BARRIER,EXPEDITE_LEGAL_PROCEDURES
DIAG-20260630-TST-U2534,20260630,502534,TC-01-N2-18.44,Tổ hợp thương mại căn hộ Phú Mỹ,Tháp N2,212,-5.63,16.5,45,0,12.29,,LEGAL_PERMIT_BARRIER,EXPEDITE_LEGAL_PROCEDURES
DIAG-20260630-TST-U2535,20260630,502535,TC-01-N2-18.45,Tổ hợp thương mại căn hộ Phú Mỹ,Tháp N2,395,-10.88,11.3,15,0,9.58,,LEGAL_PERMIT_BARRIER,EXPEDITE_LEGAL_PROCEDURES
DIAG-20260630-TST-U2537,20260630,502537,TC-01-N2-18.47,Tổ hợp thương mại căn hộ Phú Mỹ,Tháp N2,216,-2.84,10.5,50,0,19.47,,LEGAL_PERMIT_BARRIER,EXPEDITE_LEGAL_PROCEDURES
DIAG-20260630-TST-U2538,20260630,502538,TC-01-N2-18.48,Tổ hợp thương mại căn hộ Phú Mỹ,Tháp N2,317,2.79,7.1,40,65,16.53,,LEGAL_PERMIT_BARRIER,EXPEDITE_LEGAL_PROCEDURES
DIAG-20260630-TST-U2539,20260630,502539,TC-01-N2-18.49,Tổ hợp thương mại căn hộ Phú Mỹ,Tháp N2,151,11.05,7.7,20,40,25.89,,LEGAL_PERMIT_BARRIER,EXPEDITE_LEGAL_PROCEDURES
DIAG-20260630-TST-U2540,20260630,502540,TC-01-N2-18.50,Tổ hợp thương mại căn hộ Phú Mỹ,Tháp N2,278,-24.41,12.3,20,25,-10.06,,LEGAL_PERMIT_BARRIER,EXPEDITE_LEGAL_PROCEDURES
DIAG-20260630-TST-U2542,20260630,502542,TC-01-N2-18.52,Tổ hợp thương mại căn hộ Phú Mỹ,Tháp N2,238,-10.41,12.0,40,25,10.17,,LEGAL_PERMIT_BARRIER,EXPEDITE_LEGAL_PROCEDURES
DIAG-20260630-TST-U2543,20260630,502543,TC-01-N2-18.53,Tổ hợp thương mại căn hộ Phú Mỹ,Tháp N2,324,11.1,12.2,35,0,36.61,,LEGAL_PERMIT_BARRIER,EXPEDITE_LEGAL_PROCEDURES
DIAG-20260630-TST-U2544,20260630,502544,TC-01-N2-18.54,Tổ hợp thương mại căn hộ Phú Mỹ,Tháp N2,402,-5.94,5.6,20,65,6.63,,LEGAL_PERMIT_BARRIER,EXPEDITE_LEGAL_PROCEDURES
DIAG-20260630-TST-U2545,20260630,502545,TC-01-N2-18.55,Tổ hợp thương mại căn hộ Phú Mỹ,Tháp N2,289,6.16,12.5,20,0,30.54,,LEGAL_PERMIT_BARRIER,EXPEDITE_LEGAL_PROCEDURES
DIAG-20260630-TST-U2546,20260630,502546,TC-01-N2-18.56,Tổ hợp thương mại căn hộ Phú Mỹ,Tháp N2,261,3.55,12.6,40,25,27.33,,LEGAL_PERMIT_BARRIER,EXPEDITE_LEGAL_PROCEDURES
DIAG-20260630-TST-U2547,20260630,502547,TC-01-N2-18.57,Tổ hợp thương mại căn hộ Phú Mỹ,Tháp N2,103,-2.38,10.3,25,40,20.04,,LEGAL_PERMIT_BARRIER,EXPEDITE_LEGAL_PROCEDURES
DIAG-20260630-TST-U2548,20260630,502548,TC-01-N2-18.58,Tổ hợp thương mại căn hộ Phú Mỹ,Tháp N2,447,-2.85,8.4,60,25,14.33,,LEGAL_PERMIT_BARRIER,EXPEDITE_LEGAL_PROCEDURES
DIAG-20260630-TST-U2550,20260630,502550,TC-01-N2-18.60,Tổ hợp thương mại căn hộ Phú Mỹ,Tháp N2,340,-1.64,12.7,40,25,20.95,,LEGAL_PERMIT_BARRIER,EXPEDITE_LEGAL_PROCEDURES
DIAG-20260630-TST-U2551,20260630,502551,TC-01-N2-18.61,Tổ hợp thương mại căn hộ Phú Mỹ,Tháp N2,316,5.67,12.3,40,65,29.93,,LEGAL_PERMIT_BARRIER,EXPEDITE_LEGAL_PROCEDURES
DIAG-20260630-TST-U2552,20260630,502552,TC-01-N2-18.62,Tổ hợp thương mại căn hộ Phú Mỹ,Tháp N2,146,-0.72,10.7,20,25,22.08,,LEGAL_PERMIT_BARRIER,EXPEDITE_LEGAL_PROCEDURES
DIAG-20260630-TST-U2553,20260630,502553,TC-01-N2-18.63,Tổ hợp thương mại căn hộ Phú Mỹ,Tháp N2,446,-2.11,10.5,95,65,20.37,,LEGAL_PERMIT_BARRIER,EXPEDITE_LEGAL_PROCEDURES
DIAG-20260630-TST-U2554,20260630,502554,TC-01-N2-18.64,Tổ hợp thương mại căn hộ Phú Mỹ,Tháp N2,466,2.82,15.3,55,55,22.35,,LEGAL_PERMIT_BARRIER,EXPEDITE_LEGAL_PROCEDURES
DIAG-20260630-TST-U2555,20260630,502555,TC-01-N2-18.65,Tổ hợp thương mại căn hộ Phú Mỹ,Tháp N2,163,-8.27,9.2,35,25,12.79,,LEGAL_PERMIT_BARRIER,EXPEDITE_LEGAL_PROCEDURES
DIAG-20260630-TST-U2556,20260630,502556,TC-01-N2-18.66,Tổ hợp thương mại căn hộ Phú Mỹ,Tháp N2,293,-3.52,5.9,20,25,9.38,,LEGAL_PERMIT_BARRIER,EXPEDITE_LEGAL_PROCEDURES
DIAG-20260630-TST-U2557,20260630,502557,TC-01-N2-19.01,Tổ hợp thương mại căn hộ Phú Mỹ,Tháp N2,213,-1.4,14.8,30,65,17.32,,LEGAL_PERMIT_BARRIER,EXPEDITE_LEGAL_PROCEDURES
DIAG-20260630-TST-U2558,20260630,502558,TC-01-N2-19.02,Tổ hợp thương mại căn hộ Phú Mỹ,Tháp N2,302,-1.65,12.1,30,25,20.94,,LEGAL_PERMIT_BARRIER,EXPEDITE_LEGAL_PROCEDURES
DIAG-20260630-TST-U2559,20260630,502559,TC-01-N2-19.03,Tổ hợp thương mại căn hộ Phú Mỹ,Tháp N2,449,-6.15,12.4,25,0,15.41,,LEGAL_PERMIT_BARRIER,EXPEDITE_LEGAL_PROCEDURES
DIAG-20260630-TST-U2560,20260630,502560,TC-01-N2-19.04,Tổ hợp thương mại căn hộ Phú Mỹ,Tháp N2,344,-4.51,8.3,20,30,12.38,,LEGAL_PERMIT_BARRIER,EXPEDITE_LEGAL_PROCEDURES
DIAG-20260630-TST-U2561,20260630,502561,TC-01-N2-19.05,Tổ hợp thương mại căn hộ Phú Mỹ,Tháp N2,404,4.56,9.2,40,0,23.05,,LEGAL_PERMIT_BARRIER,EXPEDITE_LEGAL_PROCEDURES
DIAG-20260630-TST-U2562,20260630,502562,TC-01-N2-19.06,Tổ hợp thương mại căn hộ Phú Mỹ,Tháp N2,302,18.09,21.0,55,40,40.51,,LEGAL_PERMIT_BARRIER,EXPEDITE_LEGAL_PROCEDURES
DIAG-20260630-TST-U2564,20260630,502564,TC-01-N2-19.08,Tổ hợp thương mại căn hộ Phú Mỹ,Tháp N2,94,-1.18,11.4,10,45,21.52,,LEGAL_PERMIT_BARRIER,EXPEDITE_LEGAL_PROCEDURES
DIAG-20260630-TST-U2565,20260630,502565,TC-01-N2-19.09,Tổ hợp thương mại căn hộ Phú Mỹ,Tháp N2,467,12.3,14.7,45,65,38.09,,LEGAL_PERMIT_BARRIER,EXPEDITE_LEGAL_PROCEDURES
DIAG-20260630-TST-U2566,20260630,502566,TC-01-N2-19.10,Tổ hợp thương mại căn hộ Phú Mỹ,Tháp N2,238,-16.54,9.9,20,25,2.63,,LEGAL_PERMIT_BARRIER,EXPEDITE_LEGAL_PROCEDURES
DIAG-20260630-TST-U2567,20260630,502567,TC-01-N2-19.11,Tổ hợp thương mại căn hộ Phú Mỹ,Tháp N2,170,-1.64,12.0,35,40,20.95,,LEGAL_PERMIT_BARRIER,EXPEDITE_LEGAL_PROCEDURES
DIAG-20260630-TST-U2569,20260630,502569,TC-01-N2-19.13,Tổ hợp thương mại căn hộ Phú Mỹ,Tháp N2,368,-16.42,12.9,40,40,-0.56,,LEGAL_PERMIT_BARRIER,EXPEDITE_LEGAL_PROCEDURES
DIAG-20260630-TST-U2570,20260630,502570,TC-01-N2-19.14,Tổ hợp thương mại căn hộ Phú Mỹ,Tháp N2,266,-8.92,13.3,50,45,8.38,,LEGAL_PERMIT_BARRIER,EXPEDITE_LEGAL_PROCEDURES
DIAG-20260630-TST-U2571,20260630,502571,TC-01-N2-19.15,Tổ hợp thương mại căn hộ Phú Mỹ,Tháp N2,333,6.14,11.7,20,0,30.51,,LEGAL_PERMIT_BARRIER,EXPEDITE_LEGAL_PROCEDURES
DIAG-20260630-TST-U2572,20260630,502572,TC-01-N2-19.16,Tổ hợp thương mại căn hộ Phú Mỹ,Tháp N2,243,8.61,9.3,0,55,27.82,,LEGAL_PERMIT_BARRIER,EXPEDITE_LEGAL_PROCEDURES
DIAG-20260630-TST-U2573,20260630,502573,TC-01-N2-19.17,Tổ hợp thương mại căn hộ Phú Mỹ,Tháp N2,296,-18.54,13.9,60,25,-3.08,,LEGAL_PERMIT_BARRIER,EXPEDITE_LEGAL_PROCEDURES
DIAG-20260630-TST-U2575,20260630,502575,TC-01-N2-19.19,Tổ hợp thương mại căn hộ Phú Mỹ,Tháp N2,278,-17.27,9.8,45,25,1.73,,LEGAL_PERMIT_BARRIER,EXPEDITE_LEGAL_PROCEDURES
DIAG-20260630-TST-U2576,20260630,502576,TC-01-N2-19.20,Tổ hợp thương mại căn hộ Phú Mỹ,Tháp N2,149,-14.55,13.8,25,65,1.68,,LEGAL_PERMIT_BARRIER,EXPEDITE_LEGAL_PROCEDURES
DIAG-20260630-TST-U2579,20260630,502579,TC-01-N2-19.23,Tổ hợp thương mại căn hộ Phú Mỹ,Tháp N2,276,-3.98,15.8,35,65,14.25,,LEGAL_PERMIT_BARRIER,EXPEDITE_LEGAL_PROCEDURES
DIAG-20260630-TST-U2580,20260630,502580,TC-01-N2-19.24,Tổ hợp thương mại căn hộ Phú Mỹ,Tháp N2,376,7.05,18.1,55,95,27.38,,LEGAL_PERMIT_BARRIER,EXPEDITE_LEGAL_PROCEDURES
DIAG-20260630-TST-U2581,20260630,502581,TC-01-N2-19.25,Tổ hợp thương mại căn hộ Phú Mỹ,Tháp N2,323,-12.31,9.5,65,65,7.83,,LEGAL_PERMIT_BARRIER,EXPEDITE_LEGAL_PROCEDURES
DIAG-20260630-TST-U2582,20260630,502582,TC-01-N2-19.26,Tổ hợp thương mại căn hộ Phú Mỹ,Tháp N2,417,-1.88,11.7,0,25,20.65,,LEGAL_PERMIT_BARRIER,EXPEDITE_LEGAL_PROCEDURES
DIAG-20260630-TST-U2584,20260630,502584,TC-01-N2-19.28,Tổ hợp thương mại căn hộ Phú Mỹ,Tháp N2,322,-9.84,14.8,50,65,7.28,,LEGAL_PERMIT_BARRIER,EXPEDITE_LEGAL_PROCEDURES
DIAG-20260630-TST-U2585,20260630,502585,TC-01-N2-19.29,Tổ hợp thương mại căn hộ Phú Mỹ,Tháp N2,437,-0.93,16.8,75,0,17.88,,LEGAL_PERMIT_BARRIER,EXPEDITE_LEGAL_PROCEDURES
DIAG-20260630-TST-U2586,20260630,502586,TC-01-N2-19.30,Tổ hợp thương mại căn hộ Phú Mỹ,Tháp N2,131,-0.01,10.5,20,25,22.95,,LEGAL_PERMIT_BARRIER,EXPEDITE_LEGAL_PROCEDURES
DIAG-20260630-TST-U2587,20260630,502587,TC-01-N2-19.31,Tổ hợp thương mại căn hộ Phú Mỹ,Tháp N2,255,-6.63,10.2,80,0,14.81,,LEGAL_PERMIT_BARRIER,EXPEDITE_LEGAL_PROCEDURES
DIAG-20260630-TST-U2588,20260630,502588,TC-01-N2-19.32,Tổ hợp thương mại căn hộ Phú Mỹ,Tháp N2,402,0.23,11.4,40,40,23.25,,LEGAL_PERMIT_BARRIER,EXPEDITE_LEGAL_PROCEDURES
DIAG-20260630-TST-U2590,20260630,502590,TC-01-N2-19.34,Tổ hợp thương mại căn hộ Phú Mỹ,Tháp N2,345,5.63,17.9,10,40,25.69,,LEGAL_PERMIT_BARRIER,EXPEDITE_LEGAL_PROCEDURES
DIAG-20260630-TST-U2591,20260630,502591,TC-01-N2-19.35,Tổ hợp thương mại căn hộ Phú Mỹ,Tháp N2,447,-2.36,11.9,10,65,20.06,,LEGAL_PERMIT_BARRIER,EXPEDITE_LEGAL_PROCEDURES
DIAG-20260630-TST-U2592,20260630,502592,TC-01-N2-19.36,Tổ hợp thương mại căn hộ Phú Mỹ,Tháp N2,297,22.7,11.1,0,40,44.4,,LEGAL_PERMIT_BARRIER,EXPEDITE_LEGAL_PROCEDURES
DIAG-20260630-TST-U2594,20260630,502594,TC-01-N2-19.38,Tổ hợp thương mại căn hộ Phú Mỹ,Tháp N2,114,-13.38,14.4,60,0,3.06,,LEGAL_PERMIT_BARRIER,EXPEDITE_LEGAL_PROCEDURES
DIAG-20260630-TST-U2595,20260630,502595,TC-01-N2-19.39,Tổ hợp thương mại căn hộ Phú Mỹ,Tháp N2,346,9.93,11.6,20,25,35.18,,LEGAL_PERMIT_BARRIER,EXPEDITE_LEGAL_PROCEDURES
DIAG-20260630-TST-U2596,20260630,502596,TC-01-N2-19.40,Tổ hợp thương mại căn hộ Phú Mỹ,Tháp N2,284,-7.27,15.6,65,45,10.33,,LEGAL_PERMIT_BARRIER,EXPEDITE_LEGAL_PROCEDURES
DIAG-20260630-TST-U2597,20260630,502597,TC-01-N2-19.41,Tổ hợp thương mại căn hộ Phú Mỹ,Tháp N2,394,16.67,20.1,60,25,38.82,,LEGAL_PERMIT_BARRIER,EXPEDITE_LEGAL_PROCEDURES
DIAG-20260630-TST-U2598,20260630,502598,TC-01-N2-19.42,Tổ hợp thương mại căn hộ Phú Mỹ,Tháp N2,102,-11.59,11.0,45,65,8.71,,LEGAL_PERMIT_BARRIER,EXPEDITE_LEGAL_PROCEDURES
DIAG-20260630-TST-U2599,20260630,502599,TC-01-N2-19.43,Tổ hợp thương mại căn hộ Phú Mỹ,Tháp N2,124,0.71,16.1,75,40,19.83,,LEGAL_PERMIT_BARRIER,EXPEDITE_LEGAL_PROCEDURES
DIAG-20260630-TST-U2600,20260630,502600,TC-01-N2-19.44,Tổ hợp thương mại căn hộ Phú Mỹ,Tháp N2,96,6.86,11.7,20,30,31.4,,LEGAL_PERMIT_BARRIER,EXPEDITE_LEGAL_PROCEDURES
DIAG-20260630-TST-U2601,20260630,502601,TC-01-N2-19.45,Tổ hợp thương mại căn hộ Phú Mỹ,Tháp N2,150,4.69,18.0,20,40,24.57,,LEGAL_PERMIT_BARRIER,EXPEDITE_LEGAL_PROCEDURES
DIAG-20260630-TST-U2602,20260630,502602,TC-01-N2-19.46,Tổ hợp thương mại căn hộ Phú Mỹ,Tháp N2,388,8.28,14.6,0,0,33.14,,LEGAL_PERMIT_BARRIER,EXPEDITE_LEGAL_PROCEDURES
DIAG-20260630-TST-U2603,20260630,502603,TC-01-N2-19.47,Tổ hợp thương mại căn hộ Phú Mỹ,Tháp N2,279,-10.51,8.0,20,0,5.31,,LEGAL_PERMIT_BARRIER,EXPEDITE_LEGAL_PROCEDURES
DIAG-20260630-TST-U2604,20260630,502604,TC-01-N2-19.48,Tổ hợp thương mại căn hộ Phú Mỹ,Tháp N2,344,-12.39,7.4,55,25,3.11,,LEGAL_PERMIT_BARRIER,EXPEDITE_LEGAL_PROCEDURES
DIAG-20260630-TST-U2606,20260630,502606,TC-01-N2-19.50,Tổ hợp thương mại căn hộ Phú Mỹ,Tháp N2,198,-2.82,17.1,20,40,15.64,,LEGAL_PERMIT_BARRIER,EXPEDITE_LEGAL_PROCEDURES
DIAG-20260630-TST-U2608,20260630,502608,TC-01-N2-19.52,Tổ hợp thương mại căn hộ Phú Mỹ,Tháp N2,259,-6.61,10.1,10,25,14.84,,LEGAL_PERMIT_BARRIER,EXPEDITE_LEGAL_PROCEDURES
DIAG-20260630-TST-U2609,20260630,502609,TC-01-N2-19.53,Tổ hợp thương mại căn hộ Phú Mỹ,Tháp N2,308,-3.08,10.9,20,65,19.18,,LEGAL_PERMIT_BARRIER,EXPEDITE_LEGAL_PROCEDURES
DIAG-20260630-TST-U2610,20260630,502610,TC-01-N2-19.54,Tổ hợp thương mại căn hộ Phú Mỹ,Tháp N2,449,3.3,11.3,20,25,27.02,,LEGAL_PERMIT_BARRIER,EXPEDITE_LEGAL_PROCEDURES
DIAG-20260630-TST-U2612,20260630,502612,TC-01-N2-19.56,Tổ hợp thương mại căn hộ Phú Mỹ,Tháp N2,394,3.79,12.2,30,0,27.63,,LEGAL_PERMIT_BARRIER,EXPEDITE_LEGAL_PROCEDURES
DIAG-20260630-TST-U2613,20260630,502613,TC-01-N2-19.57,Tổ hợp thương mại căn hộ Phú Mỹ,Tháp N2,181,12.65,9.8,40,0,32.57,,LEGAL_PERMIT_BARRIER,EXPEDITE_LEGAL_PROCEDURES
DIAG-20260630-TST-U2614,20260630,502614,TC-01-N2-19.58,Tổ hợp thương mại căn hộ Phú Mỹ,Tháp N2,91,-19.14,9.7,10,30,-0.57,,LEGAL_PERMIT_BARRIER,EXPEDITE_LEGAL_PROCEDURES
DIAG-20260630-TST-U2615,20260630,502615,TC-01-N2-19.59,Tổ hợp thương mại căn hộ Phú Mỹ,Tháp N2,241,1.41,12.0,20,0,24.7,,LEGAL_PERMIT_BARRIER,EXPEDITE_LEGAL_PROCEDURES
DIAG-20260630-TST-U2616,20260630,502616,TC-01-N2-19.60,Tổ hợp thương mại căn hộ Phú Mỹ,Tháp N2,369,3.09,11.2,45,65,26.76,,LEGAL_PERMIT_BARRIER,EXPEDITE_LEGAL_PROCEDURES
DIAG-20260630-TST-U2617,20260630,502617,TC-01-N2-19.61,Tổ hợp thương mại căn hộ Phú Mỹ,Tháp N2,241,-16.67,12.8,20,0,-0.85,,LEGAL_PERMIT_BARRIER,EXPEDITE_LEGAL_PROCEDURES
DIAG-20260630-TST-U2618,20260630,502618,TC-01-N2-19.62,Tổ hợp thương mại căn hộ Phú Mỹ,Tháp N2,117,-3.09,12.0,60,0,19.17,,LEGAL_PERMIT_BARRIER,EXPEDITE_LEGAL_PROCEDURES
DIAG-20260630-TST-U2621,20260630,502621,TC-01-N2-19.65,Tổ hợp thương mại căn hộ Phú Mỹ,Tháp N2,192,-0.94,15.2,80,65,17.87,,LEGAL_PERMIT_BARRIER,EXPEDITE_LEGAL_PROCEDURES
DIAG-20260630-TST-U2622,20260630,502622,TC-01-N2-19.66,Tổ hợp thương mại căn hộ Phú Mỹ,Tháp N2,93,-6.39,11.5,20,0,15.1,,LEGAL_PERMIT_BARRIER,EXPEDITE_LEGAL_PROCEDURES
DIAG-20260630-TST-U2623,20260630,502623,TC-01-N2-20.01,Tổ hợp thương mại căn hộ Phú Mỹ,Tháp N2,197,-16.19,14.1,40,40,-0.28,,LEGAL_PERMIT_BARRIER,EXPEDITE_LEGAL_PROCEDURES
DIAG-20260630-TST-U2624,20260630,502624,TC-01-N2-20.02,Tổ hợp thương mại căn hộ Phú Mỹ,Tháp N2,120,-11.02,16.1,75,65,5.87,,LEGAL_PERMIT_BARRIER,EXPEDITE_LEGAL_PROCEDURES
DIAG-20260630-TST-U2625,20260630,502625,TC-01-N2-20.03,Tổ hợp thương mại căn hộ Phú Mỹ,Tháp N2,114,-8.05,11.5,30,65,13.07,,LEGAL_PERMIT_BARRIER,EXPEDITE_LEGAL_PROCEDURES
DIAG-20260630-TST-U2627,20260630,502627,TC-01-N2-20.05,Tổ hợp thương mại căn hộ Phú Mỹ,Tháp N2,142,-7.58,10.8,45,25,13.65,,LEGAL_PERMIT_BARRIER,EXPEDITE_LEGAL_PROCEDURES
DIAG-20260630-TST-U2628,20260630,502628,TC-01-N2-20.06,Tổ hợp thương mại căn hộ Phú Mỹ,Tháp N2,169,7.91,8.0,50,40,26.99,,LEGAL_PERMIT_BARRIER,EXPEDITE_LEGAL_PROCEDURES
DIAG-20260630-TST-U2629,20260630,502629,TC-01-N2-20.07,Tổ hợp thương mại căn hộ Phú Mỹ,Tháp N2,230,5.65,16.8,40,20,25.71,,LEGAL_PERMIT_BARRIER,EXPEDITE_LEGAL_PROCEDURES
DIAG-20260630-TST-U2630,20260630,502630,TC-01-N2-20.08,Tổ hợp thương mại căn hộ Phú Mỹ,Tháp N2,455,-1.42,9.1,0,55,16.02,,LEGAL_PERMIT_BARRIER,EXPEDITE_LEGAL_PROCEDURES
DIAG-20260630-TST-U2631,20260630,502631,TC-01-N2-20.09,Tổ hợp thương mại căn hộ Phú Mỹ,Tháp N2,166,11.12,12.5,60,0,36.63,,LEGAL_PERMIT_BARRIER,EXPEDITE_LEGAL_PROCEDURES
DIAG-20260630-TST-U2632,20260630,502632,TC-01-N2-20.10,Tổ hợp thương mại căn hộ Phú Mỹ,Tháp N2,217,-22.68,8.1,0,65,-4.92,,LEGAL_PERMIT_BARRIER,EXPEDITE_LEGAL_PROCEDURES
DIAG-20260630-TST-U2634,20260630,502634,TC-01-N2-20.12,Tổ hợp thương mại căn hộ Phú Mỹ,Tháp N2,461,13.23,12.4,20,20,39.23,,LEGAL_PERMIT_BARRIER,EXPEDITE_LEGAL_PROCEDURES
DIAG-20260630-TST-U2635,20260630,502635,TC-01-N2-20.13,Tổ hợp thương mại căn hộ Phú Mỹ,Tháp N2,464,20.67,20.5,20,40,43.58,,LEGAL_PERMIT_BARRIER,EXPEDITE_LEGAL_PROCEDURES
DIAG-20260630-TST-U2636,20260630,502636,TC-01-N2-20.14,Tổ hợp thương mại căn hộ Phú Mỹ,Tháp N2,467,-13.25,9.9,0,95,6.67,,LEGAL_PERMIT_BARRIER,EXPEDITE_LEGAL_PROCEDURES
DIAG-20260630-TST-U2639,20260630,502639,TC-01-N2-20.17,Tổ hợp thương mại căn hộ Phú Mỹ,Tháp N2,265,-3.28,15.5,35,25,15.08,,LEGAL_PERMIT_BARRIER,EXPEDITE_LEGAL_PROCEDURES
DIAG-20260630-TST-U2640,20260630,502640,TC-01-N2-20.18,Tổ hợp thương mại căn hộ Phú Mỹ,Tháp N2,392,2.13,13.8,20,0,25.59,,LEGAL_PERMIT_BARRIER,EXPEDITE_LEGAL_PROCEDURES
DIAG-20260630-TST-U2643,20260630,502643,TC-01-N2-20.21,Tổ hợp thương mại căn hộ Phú Mỹ,Tháp N2,151,4.97,12.8,20,30,29.08,,LEGAL_PERMIT_BARRIER,EXPEDITE_LEGAL_PROCEDURES
DIAG-20260630-TST-U2644,20260630,502644,TC-01-N2-20.22,Tổ hợp thương mại căn hộ Phú Mỹ,Tháp N2,140,-9.62,13.4,0,0,7.54,,LEGAL_PERMIT_BARRIER,EXPEDITE_LEGAL_PROCEDURES
DIAG-20260630-TST-U2647,20260630,502647,TC-01-N2-20.25,Tổ hợp thương mại căn hộ Phú Mỹ,Tháp N2,359,-10.64,10.1,10,65,9.88,,LEGAL_PERMIT_BARRIER,EXPEDITE_LEGAL_PROCEDURES
DIAG-20260630-TST-U2648,20260630,502648,TC-01-N2-20.26,Tổ hợp thương mại căn hộ Phú Mỹ,Tháp N2,363,2.59,11.6,40,65,26.15,,LEGAL_PERMIT_BARRIER,EXPEDITE_LEGAL_PROCEDURES
DIAG-20260630-TST-U2650,20260630,502650,TC-01-N2-20.28,Tổ hợp thương mại căn hộ Phú Mỹ,Tháp N2,388,22.91,10.6,20,0,44.65,,LEGAL_PERMIT_BARRIER,EXPEDITE_LEGAL_PROCEDURES
DIAG-20260630-TST-U2651,20260630,502651,TC-01-N2-20.29,Tổ hợp thương mại căn hộ Phú Mỹ,Tháp N2,254,-20.1,10.3,20,25,-1.75,,LEGAL_PERMIT_BARRIER,EXPEDITE_LEGAL_PROCEDURES
DIAG-20260630-TST-U2653,20260630,502653,TC-01-N2-20.31,Tổ hợp thương mại căn hộ Phú Mỹ,Tháp N2,453,-9.39,13.8,30,0,7.81,,LEGAL_PERMIT_BARRIER,EXPEDITE_LEGAL_PROCEDURES
DIAG-20260630-TST-U2654,20260630,502654,TC-01-N2-20.32,Tổ hợp thương mại căn hộ Phú Mỹ,Tháp N2,100,-3.55,10.3,20,0,18.6,,LEGAL_PERMIT_BARRIER,EXPEDITE_LEGAL_PROCEDURES
DIAG-20260630-TST-U2655,20260630,502655,TC-01-N2-20.33,Tổ hợp thương mại căn hộ Phú Mỹ,Tháp N2,141,10.16,13.5,65,40,35.46,,LEGAL_PERMIT_BARRIER,EXPEDITE_LEGAL_PROCEDURES
DIAG-20260630-TST-U2656,20260630,502656,TC-01-N2-20.34,Tổ hợp thương mại căn hộ Phú Mỹ,Tháp N2,433,-9.85,14.0,10,25,7.27,,LEGAL_PERMIT_BARRIER,EXPEDITE_LEGAL_PROCEDURES
DIAG-20260630-TST-U2657,20260630,502657,TC-01-N2-20.35,Tổ hợp thương mại căn hộ Phú Mỹ,Tháp N2,123,13.47,14.3,40,25,39.53,,LEGAL_PERMIT_BARRIER,EXPEDITE_LEGAL_PROCEDURES
DIAG-20260630-TST-U2658,20260630,502658,TC-01-N2-20.36,Tổ hợp thương mại căn hộ Phú Mỹ,Tháp N2,360,3.32,12.3,45,40,27.05,,LEGAL_PERMIT_BARRIER,EXPEDITE_LEGAL_PROCEDURES
DIAG-20260630-TST-U2659,20260630,502659,TC-01-N2-20.37,Tổ hợp thương mại căn hộ Phú Mỹ,Tháp N2,287,1.19,13.6,0,65,24.43,,LEGAL_PERMIT_BARRIER,EXPEDITE_LEGAL_PROCEDURES
DIAG-20260630-TST-U2660,20260630,502660,TC-01-N2-20.38,Tổ hợp thương mại căn hộ Phú Mỹ,Tháp N2,216,7.32,13.2,20,30,31.97,,LEGAL_PERMIT_BARRIER,EXPEDITE_LEGAL_PROCEDURES
DIAG-20260630-TST-U2661,20260630,502661,TC-01-N2-20.39,Tổ hợp thương mại căn hộ Phú Mỹ,Tháp N2,429,9.45,14.7,45,25,34.59,,LEGAL_PERMIT_BARRIER,EXPEDITE_LEGAL_PROCEDURES
DIAG-20260630-TST-U2662,20260630,502662,TC-01-N2-20.40,Tổ hợp thương mại căn hộ Phú Mỹ,Tháp N2,212,10.99,10.2,35,40,30.62,,LEGAL_PERMIT_BARRIER,EXPEDITE_LEGAL_PROCEDURES
DIAG-20260630-TST-U2663,20260630,502663,TC-01-N2-20.41,Tổ hợp thương mại căn hộ Phú Mỹ,Tháp N2,414,17.62,20.3,30,0,39.95,,LEGAL_PERMIT_BARRIER,EXPEDITE_LEGAL_PROCEDURES
DIAG-20260630-TST-U2664,20260630,502664,TC-01-N2-20.42,Tổ hợp thương mại căn hộ Phú Mỹ,Tháp N2,437,17.25,13.9,10,40,44.18,,LEGAL_PERMIT_BARRIER,EXPEDITE_LEGAL_PROCEDURES
DIAG-20260630-TST-U2665,20260630,502665,TC-01-N2-20.43,Tổ hợp thương mại căn hộ Phú Mỹ,Tháp N2,359,7.1,12.8,40,45,31.7,,LEGAL_PERMIT_BARRIER,EXPEDITE_LEGAL_PROCEDURES
DIAG-20260630-TST-U2666,20260630,502666,TC-01-N2-20.44,Tổ hợp thương mại căn hộ Phú Mỹ,Tháp N2,276,2.84,12.1,40,0,26.46,,LEGAL_PERMIT_BARRIER,EXPEDITE_LEGAL_PROCEDURES
DIAG-20260630-TST-U2667,20260630,502667,TC-01-N2-20.45,Tổ hợp thương mại căn hộ Phú Mỹ,Tháp N2,118,-17.49,9.6,10,25,1.45,,LEGAL_PERMIT_BARRIER,EXPEDITE_LEGAL_PROCEDURES
DIAG-20260630-TST-U2668,20260630,502668,TC-01-N2-20.46,Tổ hợp thương mại căn hộ Phú Mỹ,Tháp N2,289,8.88,7.4,20,20,23.44,,LEGAL_PERMIT_BARRIER,EXPEDITE_LEGAL_PROCEDURES
DIAG-20260630-TST-U2669,20260630,502669,TC-01-N2-20.47,Tổ hợp thương mại căn hộ Phú Mỹ,Tháp N2,468,15.35,13.2,35,25,41.84,,LEGAL_PERMIT_BARRIER,EXPEDITE_LEGAL_PROCEDURES
DIAG-20260630-TST-U2670,20260630,502670,TC-01-N2-20.48,Tổ hợp thương mại căn hộ Phú Mỹ,Tháp N2,282,0.48,13.1,45,0,23.56,,LEGAL_PERMIT_BARRIER,EXPEDITE_LEGAL_PROCEDURES
DIAG-20260630-TST-U2671,20260630,502671,TC-01-N2-20.49,Tổ hợp thương mại căn hộ Phú Mỹ,Tháp N2,264,-12.29,10.8,40,0,7.85,,LEGAL_PERMIT_BARRIER,EXPEDITE_LEGAL_PROCEDURES
DIAG-20260630-TST-U2672,20260630,502672,TC-01-N2-20.50,Tổ hợp thương mại căn hộ Phú Mỹ,Tháp N2,273,-12.43,13.3,0,65,4.2,,LEGAL_PERMIT_BARRIER,EXPEDITE_LEGAL_PROCEDURES
DIAG-20260630-TST-U2673,20260630,502673,TC-01-N2-20.51,Tổ hợp thương mại căn hộ Phú Mỹ,Tháp N2,154,3.06,18.2,30,0,22.62,,LEGAL_PERMIT_BARRIER,EXPEDITE_LEGAL_PROCEDURES
DIAG-20260630-TST-U2674,20260630,502674,TC-01-N2-20.52,Tổ hợp thương mại căn hộ Phú Mỹ,Tháp N2,231,3.29,15.9,20,0,22.9,,LEGAL_PERMIT_BARRIER,EXPEDITE_LEGAL_PROCEDURES
DIAG-20260630-TST-U2677,20260630,502677,TC-01-N2-20.55,Tổ hợp thương mại căn hộ Phú Mỹ,Tháp N2,155,-6.16,12.6,40,30,15.39,,LEGAL_PERMIT_BARRIER,EXPEDITE_LEGAL_PROCEDURES
DIAG-20260630-TST-U2678,20260630,502678,TC-01-N2-20.56,Tổ hợp thương mại căn hộ Phú Mỹ,Tháp N2,196,15.51,20.0,35,0,37.44,,LEGAL_PERMIT_BARRIER,EXPEDITE_LEGAL_PROCEDURES
DIAG-20260630-TST-U2679,20260630,502679,TC-01-N2-20.57,Tổ hợp thương mại căn hộ Phú Mỹ,Tháp N2,258,24.1,10.7,40,40,46.05,,LEGAL_PERMIT_BARRIER,EXPEDITE_LEGAL_PROCEDURES
DIAG-20260630-TST-U2680,20260630,502680,TC-01-N2-20.58,Tổ hợp thương mại căn hộ Phú Mỹ,Tháp N2,328,-4.48,11.2,35,70,17.46,,LEGAL_PERMIT_BARRIER,EXPEDITE_LEGAL_PROCEDURES
DIAG-20260630-TST-U2682,20260630,502682,TC-01-N2-20.60,Tổ hợp thương mại căn hộ Phú Mỹ,Tháp N2,382,2.38,8.5,0,0,20.49,,LEGAL_PERMIT_BARRIER,EXPEDITE_LEGAL_PROCEDURES
DIAG-20260630-TST-U2684,20260630,502684,TC-01-N2-20.62,Tổ hợp thương mại căn hộ Phú Mỹ,Tháp N2,254,16.73,9.7,40,0,37.38,,LEGAL_PERMIT_BARRIER,EXPEDITE_LEGAL_PROCEDURES
DIAG-20260630-TST-U2685,20260630,502685,TC-01-N2-20.63,Tổ hợp thương mại căn hộ Phú Mỹ,Tháp N2,288,3.06,12.1,55,40,26.73,,LEGAL_PERMIT_BARRIER,EXPEDITE_LEGAL_PROCEDURES
DIAG-20260630-TST-U2687,20260630,502687,TC-01-N2-20.65,Tổ hợp thương mại căn hộ Phú Mỹ,Tháp N2,306,-3.32,11.7,20,40,18.88,,LEGAL_PERMIT_BARRIER,EXPEDITE_LEGAL_PROCEDURES
DIAG-20260630-TST-U2688,20260630,502688,TC-01-N2-20.66,Tổ hợp thương mại căn hộ Phú Mỹ,Tháp N2,373,-18.66,9.4,20,0,0.01,,LEGAL_PERMIT_BARRIER,EXPEDITE_LEGAL_PROCEDURES
DIAG-20260630-TST-U2689,20260630,502689,TC-01-N2-21.01,Tổ hợp thương mại căn hộ Phú Mỹ,Tháp N2,357,-1.3,11.3,10,0,21.82,,LEGAL_PERMIT_BARRIER,EXPEDITE_LEGAL_PROCEDURES
DIAG-20260630-TST-U2691,20260630,502691,TC-01-N2-21.03,Tổ hợp thương mại căn hộ Phú Mỹ,Tháp N2,304,4.0,7.1,70,40,24.71,,LEGAL_PERMIT_BARRIER,EXPEDITE_LEGAL_PROCEDURES
DIAG-20260630-TST-U2692,20260630,502692,TC-01-N2-21.04,Tổ hợp thương mại căn hộ Phú Mỹ,Tháp N2,325,-4.84,8.6,20,40,-0.26,,LEGAL_PERMIT_BARRIER,EXPEDITE_LEGAL_PROCEDURES
DIAG-20260630-TST-U2693,20260630,502693,TC-01-N2-21.05,Tổ hợp thương mại căn hộ Phú Mỹ,Tháp N2,411,1.04,12.0,20,70,24.71,,LEGAL_PERMIT_BARRIER,EXPEDITE_LEGAL_PROCEDURES
DIAG-20260630-TST-U2694,20260630,502694,TC-01-N2-21.06,Tổ hợp thương mại căn hộ Phú Mỹ,Tháp N2,270,-15.95,11.5,20,40,3.75,,LEGAL_PERMIT_BARRIER,EXPEDITE_LEGAL_PROCEDURES
DIAG-20260630-TST-U2695,20260630,502695,TC-01-N2-21.07,Tổ hợp thương mại căn hộ Phú Mỹ,Tháp N2,456,-13.88,14.7,20,0,5.59,,LEGAL_PERMIT_BARRIER,EXPEDITE_LEGAL_PROCEDURES
DIAG-20260630-TST-U2696,20260630,502696,TC-01-N2-21.08,Tổ hợp thương mại căn hộ Phú Mỹ,Tháp N2,171,-4.09,12.9,20,65,18.38,,LEGAL_PERMIT_BARRIER,EXPEDITE_LEGAL_PROCEDURES
DIAG-20260630-TST-U2697,20260630,502697,TC-01-N2-21.09,Tổ hợp thương mại căn hộ Phú Mỹ,Tháp N2,443,3.84,13.1,20,0,28.16,,LEGAL_PERMIT_BARRIER,EXPEDITE_LEGAL_PROCEDURES
DIAG-20260630-TST-U2698,20260630,502698,TC-01-N2-21.10,Tổ hợp thương mại căn hộ Phú Mỹ,Tháp N2,133,-1.77,10.8,10,65,21.25,,LEGAL_PERMIT_BARRIER,EXPEDITE_LEGAL_PROCEDURES
DIAG-20260630-TST-U2699,20260630,502699,TC-01-N2-21.11,Tổ hợp thương mại căn hộ Phú Mỹ,Tháp N2,379,-6.24,8.9,25,0,-1.72,,LEGAL_PERMIT_BARRIER,EXPEDITE_LEGAL_PROCEDURES
DIAG-20260630-TST-U2700,20260630,502700,TC-01-N2-21.12,Tổ hợp thương mại căn hộ Phú Mỹ,Tháp N2,314,-3.84,12.6,70,0,18.69,,LEGAL_PERMIT_BARRIER,EXPEDITE_LEGAL_PROCEDURES
DIAG-20260630-TST-U2701,20260630,502701,TC-01-N2-21.13,Tổ hợp thương mại căn hộ Phú Mỹ,Tháp N2,163,-5.94,15.1,40,0,15.31,,LEGAL_PERMIT_BARRIER,EXPEDITE_LEGAL_PROCEDURES
DIAG-20260630-TST-U2702,20260630,502702,TC-01-N2-21.14,Tổ hợp thương mại căn hộ Phú Mỹ,Tháp N2,385,-7.81,13.3,95,25,13.03,,LEGAL_PERMIT_BARRIER,EXPEDITE_LEGAL_PROCEDURES
DIAG-20260630-TST-U2703,20260630,502703,TC-01-N2-21.15,Tổ hợp thương mại căn hộ Phú Mỹ,Tháp N2,378,4.55,16.9,20,40,28.18,,LEGAL_PERMIT_BARRIER,EXPEDITE_LEGAL_PROCEDURES
DIAG-20260630-TST-U2704,20260630,502704,TC-01-N2-21.16,Tổ hợp thương mại căn hộ Phú Mỹ,Tháp N2,182,17.04,8.1,40,25,40.35,,LEGAL_PERMIT_BARRIER,EXPEDITE_LEGAL_PROCEDURES
DIAG-20260630-TST-U2705,20260630,502705,TC-01-N2-21.17,Tổ hợp thương mại căn hộ Phú Mỹ,Tháp N2,202,0.24,9.2,20,95,5.07,,LEGAL_PERMIT_BARRIER,EXPEDITE_LEGAL_PROCEDURES
DIAG-20260630-TST-U2706,20260630,502706,TC-01-N2-21.18,Tổ hợp thương mại căn hộ Phú Mỹ,Tháp N2,263,7.55,11.8,30,0,32.75,,LEGAL_PERMIT_BARRIER,EXPEDITE_LEGAL_PROCEDURES
DIAG-20260630-TST-U2707,20260630,502707,TC-01-N2-21.19,Tổ hợp thương mại căn hộ Phú Mỹ,Tháp N2,310,12.69,13.5,20,65,39.09,,LEGAL_PERMIT_BARRIER,EXPEDITE_LEGAL_PROCEDURES
DIAG-20260630-TST-U2708,20260630,502708,TC-01-N2-21.20,Tổ hợp thương mại căn hộ Phú Mỹ,Tháp N2,374,-15.93,7.5,35,65,-11.87,,LEGAL_PERMIT_BARRIER,EXPEDITE_LEGAL_PROCEDURES
DIAG-20260630-TST-U2709,20260630,502709,TC-01-N2-21.21,Tổ hợp thương mại căn hộ Phú Mỹ,Tháp N2,328,-0.52,6.5,60,25,19.29,,LEGAL_PERMIT_BARRIER,EXPEDITE_LEGAL_PROCEDURES
DIAG-20260630-TST-U2710,20260630,502710,TC-01-N2-21.22,Tổ hợp thương mại căn hộ Phú Mỹ,Tháp N2,104,3.36,13.1,40,0,27.57,,LEGAL_PERMIT_BARRIER,EXPEDITE_LEGAL_PROCEDURES
DIAG-20260630-TST-U2711,20260630,502711,TC-01-N2-21.23,Tổ hợp thương mại căn hộ Phú Mỹ,Tháp N2,368,-12.45,11.2,40,40,8.06,,LEGAL_PERMIT_BARRIER,EXPEDITE_LEGAL_PROCEDURES
DIAG-20260630-TST-U2712,20260630,502712,TC-01-N2-21.24,Tổ hợp thương mại căn hộ Phú Mỹ,Tháp N2,250,4.54,13.1,20,70,29.03,,LEGAL_PERMIT_BARRIER,EXPEDITE_LEGAL_PROCEDURES
DIAG-20260630-TST-U2713,20260630,502713,TC-01-N2-21.25,Tổ hợp thương mại căn hộ Phú Mỹ,Tháp N2,166,-1.28,12.1,10,0,21.85,,LEGAL_PERMIT_BARRIER,EXPEDITE_LEGAL_PROCEDURES
DIAG-20260630-TST-U2714,20260630,502714,TC-01-N2-21.26,Tổ hợp thương mại căn hộ Phú Mỹ,Tháp N2,160,-0.12,16.7,75,40,22.46,,LEGAL_PERMIT_BARRIER,EXPEDITE_LEGAL_PROCEDURES
DIAG-20260630-TST-U2715,20260630,502715,TC-01-N2-21.27,Tổ hợp thương mại căn hộ Phú Mỹ,Tháp N2,112,2.89,12.5,35,25,26.99,,LEGAL_PERMIT_BARRIER,EXPEDITE_LEGAL_PROCEDURES
DIAG-20260630-TST-U2716,20260630,502716,TC-01-N2-21.28,Tổ hợp thương mại căn hộ Phú Mỹ,Tháp N2,455,15.75,19.0,35,0,41.91,,LEGAL_PERMIT_BARRIER,EXPEDITE_LEGAL_PROCEDURES
DIAG-20260630-TST-U2717,20260630,502717,TC-01-N2-21.29,Tổ hợp thương mại căn hộ Phú Mỹ,Tháp N2,212,0.13,17.4,20,65,22.76,,LEGAL_PERMIT_BARRIER,EXPEDITE_LEGAL_PROCEDURES
DIAG-20260630-TST-U2718,20260630,502718,TC-01-N2-21.30,Tổ hợp thương mại căn hộ Phú Mỹ,Tháp N2,401,-17.34,10.5,35,65,2.02,,LEGAL_PERMIT_BARRIER,EXPEDITE_LEGAL_PROCEDURES
DIAG-20260630-TST-U2720,20260630,502720,TC-01-N2-21.32,Tổ hợp thương mại căn hộ Phú Mỹ,Tháp N2,140,-5.71,6.4,0,55,13.06,,LEGAL_PERMIT_BARRIER,EXPEDITE_LEGAL_PROCEDURES
DIAG-20260630-TST-U2722,20260630,502722,TC-01-N2-21.34,Tổ hợp thương mại căn hộ Phú Mỹ,Tháp N2,179,16.69,19.8,20,40,43.06,,LEGAL_PERMIT_BARRIER,EXPEDITE_LEGAL_PROCEDURES
DIAG-20260630-TST-U2723,20260630,502723,TC-01-N2-21.35,Tổ hợp thương mại căn hộ Phú Mỹ,Tháp N2,142,-7.59,15.4,20,25,13.3,,LEGAL_PERMIT_BARRIER,EXPEDITE_LEGAL_PROCEDURES
DIAG-20260630-TST-U2724,20260630,502724,TC-01-N2-21.36,Tổ hợp thương mại căn hộ Phú Mỹ,Tháp N2,310,14.09,12.3,40,40,40.82,,LEGAL_PERMIT_BARRIER,EXPEDITE_LEGAL_PROCEDURES
DIAG-20260630-TST-U2725,20260630,502725,TC-01-N2-21.37,Tổ hợp thương mại căn hộ Phú Mỹ,Tháp N2,148,-12.71,11.6,25,65,7.74,,LEGAL_PERMIT_BARRIER,EXPEDITE_LEGAL_PROCEDURES
DIAG-20260630-TST-U2726,20260630,502726,TC-01-N2-21.38,Tổ hợp thương mại căn hộ Phú Mỹ,Tháp N2,329,3.62,17.8,10,25,27.04,,LEGAL_PERMIT_BARRIER,EXPEDITE_LEGAL_PROCEDURES
DIAG-20260630-TST-U2727,20260630,502727,TC-01-N2-21.39,Tổ hợp thương mại căn hộ Phú Mỹ,Tháp N2,222,0.23,8.9,20,0,5.07,,LEGAL_PERMIT_BARRIER,EXPEDITE_LEGAL_PROCEDURES
DIAG-20260630-TST-U2728,20260630,502728,TC-01-N2-21.40,Tổ hợp thương mại căn hộ Phú Mỹ,Tháp N2,202,16.91,17.3,75,40,43.34,,LEGAL_PERMIT_BARRIER,EXPEDITE_LEGAL_PROCEDURES
DIAG-20260630-TST-U2729,20260630,502729,TC-01-N2-21.41,Tổ hợp thương mại căn hộ Phú Mỹ,Tháp N2,310,1.97,12.1,0,0,25.86,,LEGAL_PERMIT_BARRIER,EXPEDITE_LEGAL_PROCEDURES
DIAG-20260630-TST-U2730,20260630,502730,TC-01-N2-21.42,Tổ hợp thương mại căn hộ Phú Mỹ,Tháp N2,256,-3.62,10.6,20,40,18.96,,LEGAL_PERMIT_BARRIER,EXPEDITE_LEGAL_PROCEDURES
DIAG-20260630-TST-U2732,20260630,502732,TC-01-N2-21.44,Tổ hợp thương mại căn hộ Phú Mỹ,Tháp N2,362,13.61,14.6,20,45,40.23,,LEGAL_PERMIT_BARRIER,EXPEDITE_LEGAL_PROCEDURES
DIAG-20260630-TST-U2735,20260630,502735,TC-01-N2-21.47,Tổ hợp thương mại căn hộ Phú Mỹ,Tháp N2,263,6.62,12.9,60,55,31.6,,LEGAL_PERMIT_BARRIER,EXPEDITE_LEGAL_PROCEDURES
DIAG-20260630-TST-U2736,20260630,502736,TC-01-N2-21.48,Tổ hợp thương mại căn hộ Phú Mỹ,Tháp N2,134,-5.71,12.7,40,0,16.38,,LEGAL_PERMIT_BARRIER,EXPEDITE_LEGAL_PROCEDURES
DIAG-20260630-TST-U2737,20260630,502737,TC-01-N2-21.49,Tổ hợp thương mại căn hộ Phú Mỹ,Tháp N2,402,-11.75,7.3,0,25,-7.5,,LEGAL_PERMIT_BARRIER,EXPEDITE_LEGAL_PROCEDURES
DIAG-20260630-TST-U2738,20260630,502738,TC-01-N2-21.50,Tổ hợp thương mại căn hộ Phú Mỹ,Tháp N2,400,-5.26,11.1,40,25,16.94,,LEGAL_PERMIT_BARRIER,EXPEDITE_LEGAL_PROCEDURES
DIAG-20260630-TST-U2739,20260630,502739,TC-01-N2-21.51,Tổ hợp thương mại căn hộ Phú Mỹ,Tháp N2,97,3.83,12.0,20,40,28.16,,LEGAL_PERMIT_BARRIER,EXPEDITE_LEGAL_PROCEDURES
DIAG-20260630-TST-U2740,20260630,502740,TC-01-N2-21.52,Tổ hợp thương mại căn hộ Phú Mỹ,Tháp N2,320,-6.7,8.9,60,65,-2.2,,LEGAL_PERMIT_BARRIER,EXPEDITE_LEGAL_PROCEDURES
DIAG-20260630-TST-U2741,20260630,502741,TC-01-N2-21.53,Tổ hợp thương mại căn hộ Phú Mỹ,Tháp N2,425,12.73,18.0,60,0,38.21,,LEGAL_PERMIT_BARRIER,EXPEDITE_LEGAL_PROCEDURES
DIAG-20260630-TST-U2742,20260630,502742,TC-01-N2-21.54,Tổ hợp thương mại căn hộ Phú Mỹ,Tháp N2,99,2.44,10.9,20,55,26.44,,LEGAL_PERMIT_BARRIER,EXPEDITE_LEGAL_PROCEDURES
DIAG-20260630-TST-U2743,20260630,502743,TC-01-N2-21.55,Tổ hợp thương mại căn hộ Phú Mỹ,Tháp N2,308,-21.82,11.8,20,25,-4.15,,LEGAL_PERMIT_BARRIER,EXPEDITE_LEGAL_PROCEDURES
DIAG-20260630-TST-U2744,20260630,502744,TC-01-N2-21.56,Tổ hợp thương mại căn hộ Phú Mỹ,Tháp N2,166,8.29,19.5,60,70,32.77,,LEGAL_PERMIT_BARRIER,EXPEDITE_LEGAL_PROCEDURES
DIAG-20260630-TST-U2745,20260630,502745,TC-01-N2-21.57,Tổ hợp thương mại căn hộ Phú Mỹ,Tháp N2,290,11.74,12.6,20,0,37.92,,LEGAL_PERMIT_BARRIER,EXPEDITE_LEGAL_PROCEDURES
DIAG-20260630-TST-U2746,20260630,502746,TC-01-N2-21.58,Tổ hợp thương mại căn hộ Phú Mỹ,Tháp N2,277,13.14,12.4,45,0,39.65,,LEGAL_PERMIT_BARRIER,EXPEDITE_LEGAL_PROCEDURES
DIAG-20260630-TST-U2747,20260630,502747,TC-01-N2-21.59,Tổ hợp thương mại căn hộ Phú Mỹ,Tháp N2,164,2.32,9.2,40,0,7.25,,LEGAL_PERMIT_BARRIER,EXPEDITE_LEGAL_PROCEDURES
DIAG-20260630-TST-U2748,20260630,502748,TC-01-N2-21.60,Tổ hợp thương mại căn hộ Phú Mỹ,Tháp N2,202,18.09,20.1,50,65,44.78,,LEGAL_PERMIT_BARRIER,EXPEDITE_LEGAL_PROCEDURES
DIAG-20260630-TST-U2749,20260630,502749,TC-01-N2-21.61,Tổ hợp thương mại căn hộ Phú Mỹ,Tháp N2,207,-17.34,10.6,20,25,2.02,,LEGAL_PERMIT_BARRIER,EXPEDITE_LEGAL_PROCEDURES
DIAG-20260630-TST-U2750,20260630,502750,TC-01-N2-21.62,Tổ hợp thương mại căn hộ Phú Mỹ,Tháp N2,330,-6.18,12.2,45,0,15.8,,LEGAL_PERMIT_BARRIER,EXPEDITE_LEGAL_PROCEDURES
DIAG-20260630-TST-U2751,20260630,502751,TC-01-N2-21.63,Tổ hợp thương mại căn hộ Phú Mỹ,Tháp N2,317,6.87,16.4,20,40,31.03,,LEGAL_PERMIT_BARRIER,EXPEDITE_LEGAL_PROCEDURES
DIAG-20260630-TST-U2752,20260630,502752,TC-01-N2-21.64,Tổ hợp thương mại căn hộ Phú Mỹ,Tháp N2,104,15.47,15.8,35,40,42.52,,LEGAL_PERMIT_BARRIER,EXPEDITE_LEGAL_PROCEDURES
DIAG-20260630-TST-U2753,20260630,502753,TC-01-N2-21.65,Tổ hợp thương mại căn hộ Phú Mỹ,Tháp N2,142,-7.34,11.3,20,65,14.37,,LEGAL_PERMIT_BARRIER,EXPEDITE_LEGAL_PROCEDURES
DIAG-20260630-TST-U2754,20260630,502754,TC-01-N2-21.66,Tổ hợp thương mại căn hộ Phú Mỹ,Tháp N2,263,-18.5,8.4,85,65,0.6,,LEGAL_PERMIT_BARRIER,EXPEDITE_LEGAL_PROCEDURES
DIAG-20260630-TST-U2755,20260630,502755,TC-01-N2-22.01,Tổ hợp thương mại căn hộ Phú Mỹ,Tháp N2,279,13.84,14.0,20,55,40.51,,LEGAL_PERMIT_BARRIER,EXPEDITE_LEGAL_PROCEDURES
DIAG-20260630-TST-U2756,20260630,502756,TC-01-N2-22.02,Tổ hợp thương mại căn hộ Phú Mỹ,Tháp N2,421,0.34,13.4,40,0,23.85,,LEGAL_PERMIT_BARRIER,EXPEDITE_LEGAL_PROCEDURES
DIAG-20260630-TST-U2757,20260630,502757,TC-01-N2-22.03,Tổ hợp thương mại căn hộ Phú Mỹ,Tháp N2,426,7.55,13.6,30,25,32.75,,LEGAL_PERMIT_BARRIER,EXPEDITE_LEGAL_PROCEDURES
DIAG-20260630-TST-U2758,20260630,502758,TC-01-N2-22.04,Tổ hợp thương mại căn hộ Phú Mỹ,Tháp N2,290,8.06,17.9,55,25,32.49,,LEGAL_PERMIT_BARRIER,EXPEDITE_LEGAL_PROCEDURES
DIAG-20260630-TST-U2759,20260630,502759,TC-01-N2-22.05,Tổ hợp thương mại căn hộ Phú Mỹ,Tháp N2,268,7.11,12.2,20,40,32.2,,LEGAL_PERMIT_BARRIER,EXPEDITE_LEGAL_PROCEDURES
DIAG-20260630-TST-U2760,20260630,502760,TC-01-N2-22.06,Tổ hợp thương mại căn hộ Phú Mỹ,Tháp N2,327,2.2,12.6,35,25,26.15,,LEGAL_PERMIT_BARRIER,EXPEDITE_LEGAL_PROCEDURES
DIAG-20260630-TST-U2761,20260630,502761,TC-01-N2-22.07,Tổ hợp thương mại căn hộ Phú Mỹ,Tháp N2,162,12.5,18.3,40,0,37.92,,LEGAL_PERMIT_BARRIER,EXPEDITE_LEGAL_PROCEDURES
DIAG-20260630-TST-U2763,20260630,502763,TC-01-N2-22.09,Tổ hợp thương mại căn hộ Phú Mỹ,Tháp N2,446,3.36,11.4,35,0,27.57,,LEGAL_PERMIT_BARRIER,EXPEDITE_LEGAL_PROCEDURES
DIAG-20260630-TST-U2764,20260630,502764,TC-01-N2-22.10,Tổ hợp thương mại căn hộ Phú Mỹ,Tháp N2,340,-14.02,5.6,10,25,3.11,,LEGAL_PERMIT_BARRIER,EXPEDITE_LEGAL_PROCEDURES
DIAG-20260630-TST-U2765,20260630,502765,TC-01-N2-22.11,Tổ hợp thương mại căn hộ Phú Mỹ,Tháp N2,433,5.46,11.3,0,40,30.17,,LEGAL_PERMIT_BARRIER,EXPEDITE_LEGAL_PROCEDURES
DIAG-20260630-TST-U2766,20260630,502766,TC-01-N2-22.12,Tổ hợp thương mại căn hộ Phú Mỹ,Tháp N2,209,0.58,12.5,0,95,24.15,,LEGAL_PERMIT_BARRIER,EXPEDITE_LEGAL_PROCEDURES
DIAG-20260630-TST-U2767,20260630,502767,TC-01-N2-22.13,Tổ hợp thương mại căn hộ Phú Mỹ,Tháp N2,179,-0.12,12.2,50,0,23.28,,LEGAL_PERMIT_BARRIER,EXPEDITE_LEGAL_PROCEDURES
DIAG-20260630-TST-U2768,20260630,502768,TC-01-N2-22.14,Tổ hợp thương mại căn hộ Phú Mỹ,Tháp N2,91,8.82,10.0,25,25,14.06,,LEGAL_PERMIT_BARRIER,EXPEDITE_LEGAL_PROCEDURES
DIAG-20260630-TST-U2769,20260630,502769,TC-01-N2-22.15,Tổ hợp thương mại căn hộ Phú Mỹ,Tháp N2,306,-8.74,11.4,20,40,12.64,,LEGAL_PERMIT_BARRIER,EXPEDITE_LEGAL_PROCEDURES
DIAG-20260630-TST-U2770,20260630,502770,TC-01-N2-22.16,Tổ hợp thương mại căn hộ Phú Mỹ,Tháp N2,139,-0.36,11.6,10,0,22.98,,LEGAL_PERMIT_BARRIER,EXPEDITE_LEGAL_PROCEDURES
DIAG-20260630-TST-U2771,20260630,502771,TC-01-N2-22.17,Tổ hợp thương mại căn hộ Phú Mỹ,Tháp N2,147,-3.22,7.2,35,25,1.44,,LEGAL_PERMIT_BARRIER,EXPEDITE_LEGAL_PROCEDURES
DIAG-20260630-TST-U2772,20260630,502772,TC-01-N2-22.18,Tổ hợp thương mại căn hộ Phú Mỹ,Tháp N2,203,-5.05,8.4,20,95,-0.47,,LEGAL_PERMIT_BARRIER,EXPEDITE_LEGAL_PROCEDURES
DIAG-20260630-TST-U2773,20260630,502773,TC-01-N2-22.19,Tổ hợp thương mại căn hộ Phú Mỹ,Tháp N2,117,-7.59,7.3,30,65,-3.14,,LEGAL_PERMIT_BARRIER,EXPEDITE_LEGAL_PROCEDURES
DIAG-20260630-TST-U2775,20260630,502775,TC-01-N2-22.21,Tổ hợp thương mại căn hộ Phú Mỹ,Tháp N2,271,0.34,11.0,65,40,23.85,,LEGAL_PERMIT_BARRIER,EXPEDITE_LEGAL_PROCEDURES
DIAG-20260630-TST-U2776,20260630,502776,TC-01-N2-22.22,Tổ hợp thương mại căn hộ Phú Mỹ,Tháp N2,140,0.26,8.0,40,40,5.09,,LEGAL_PERMIT_BARRIER,EXPEDITE_LEGAL_PROCEDURES
DIAG-20260630-TST-U2777,20260630,502777,TC-01-N2-22.23,Tổ hợp thương mại căn hộ Phú Mỹ,Tháp N2,317,1.05,10.8,30,40,24.72,,LEGAL_PERMIT_BARRIER,EXPEDITE_LEGAL_PROCEDURES
DIAG-20260630-TST-U2778,20260630,502778,TC-01-N2-22.24,Tổ hợp thương mại căn hộ Phú Mỹ,Tháp N2,406,-5.0,11.7,10,65,17.25,,LEGAL_PERMIT_BARRIER,EXPEDITE_LEGAL_PROCEDURES
DIAG-20260630-TST-U2779,20260630,502779,TC-01-N2-22.25,Tổ hợp thương mại căn hộ Phú Mỹ,Tháp N2,165,-19.23,10.7,30,25,-0.3,,LEGAL_PERMIT_BARRIER,EXPEDITE_LEGAL_PROCEDURES
DIAG-20260630-TST-U2782,20260630,502782,TC-01-N2-22.28,Tổ hợp thương mại căn hộ Phú Mỹ,Tháp N2,374,4.1,16.4,15,0,27.62,,LEGAL_PERMIT_BARRIER,EXPEDITE_LEGAL_PROCEDURES
DIAG-20260630-TST-U2783,20260630,502783,TC-01-N2-22.29,Tổ hợp thương mại căn hộ Phú Mỹ,Tháp N2,390,-9.67,9.7,60,65,11.49,,LEGAL_PERMIT_BARRIER,EXPEDITE_LEGAL_PROCEDURES
DIAG-20260630-TST-U2784,20260630,502784,TC-01-N2-22.30,Tổ hợp thương mại căn hộ Phú Mỹ,Tháp N2,275,0.25,8.8,0,25,5.08,,LEGAL_PERMIT_BARRIER,EXPEDITE_LEGAL_PROCEDURES
DIAG-20260630-TST-U2785,20260630,502785,TC-01-N2-22.31,Tổ hợp thương mại căn hộ Phú Mỹ,Tháp N2,375,10.12,11.8,10,25,35.92,,LEGAL_PERMIT_BARRIER,EXPEDITE_LEGAL_PROCEDURES
DIAG-20260630-TST-U2786,20260630,502786,TC-01-N2-22.32,Tổ hợp thương mại căn hộ Phú Mỹ,Tháp N2,117,-0.42,8.0,70,25,4.38,,LEGAL_PERMIT_BARRIER,EXPEDITE_LEGAL_PROCEDURES
DIAG-20260630-TST-U2787,20260630,502787,TC-01-N2-22.33,Tổ hợp thương mại căn hộ Phú Mỹ,Tháp N2,425,-23.63,9.7,55,25,-5.73,,LEGAL_PERMIT_BARRIER,EXPEDITE_LEGAL_PROCEDURES
DIAG-20260630-TST-U2788,20260630,502788,TC-01-N2-22.34,Tổ hợp thương mại căn hộ Phú Mỹ,Tháp N2,197,1.52,15.8,15,0,24.46,,LEGAL_PERMIT_BARRIER,EXPEDITE_LEGAL_PROCEDURES
DIAG-20260630-TST-U2789,20260630,502789,TC-01-N2-22.35,Tổ hợp thương mại căn hộ Phú Mỹ,Tháp N2,192,-19.22,10.4,50,25,-0.29,,LEGAL_PERMIT_BARRIER,EXPEDITE_LEGAL_PROCEDURES
DIAG-20260630-TST-U2790,20260630,502790,TC-01-N2-22.36,Tổ hợp thương mại căn hộ Phú Mỹ,Tháp N2,206,11.58,8.6,60,0,16.96,,LEGAL_PERMIT_BARRIER,EXPEDITE_LEGAL_PROCEDURES
DIAG-20260630-TST-U2791,20260630,502791,TC-01-N2-22.37,Tổ hợp thương mại căn hộ Phú Mỹ,Tháp N2,112,-7.35,15.0,40,40,13.6,,LEGAL_PERMIT_BARRIER,EXPEDITE_LEGAL_PROCEDURES
DIAG-20260630-TST-U2792,20260630,502792,TC-01-N2-22.38,Tổ hợp thương mại căn hộ Phú Mỹ,Tháp N2,187,-8.28,11.4,50,40,13.21,,LEGAL_PERMIT_BARRIER,EXPEDITE_LEGAL_PROCEDURES
DIAG-20260630-TST-U2795,20260630,502795,TC-01-N2-22.41,Tổ hợp thương mại căn hộ Phú Mỹ,Tháp N2,123,-4.54,16.0,10,0,17.03,,LEGAL_PERMIT_BARRIER,EXPEDITE_LEGAL_PROCEDURES
DIAG-20260630-TST-U2796,20260630,502796,TC-01-N2-22.42,Tổ hợp thương mại căn hộ Phú Mỹ,Tháp N2,410,-9.01,8.1,20,0,-4.62,,LEGAL_PERMIT_BARRIER,EXPEDITE_LEGAL_PROCEDURES
DIAG-20260630-TST-U2797,20260630,502797,TC-01-N2-22.43,Tổ hợp thương mại căn hộ Phú Mỹ,Tháp N2,347,6.38,13.6,20,65,31.31,,LEGAL_PERMIT_BARRIER,EXPEDITE_LEGAL_PROCEDURES
DIAG-20260630-TST-U2798,20260630,502798,TC-01-N2-22.44,Tổ hợp thương mại căn hộ Phú Mỹ,Tháp N2,248,3.59,12.5,55,25,27.86,,LEGAL_PERMIT_BARRIER,EXPEDITE_LEGAL_PROCEDURES
DIAG-20260630-TST-U2799,20260630,502799,TC-01-N2-22.45,Tổ hợp thương mại căn hộ Phú Mỹ,Tháp N2,391,0.0,7.0,20,0,19.91,,LEGAL_PERMIT_BARRIER,EXPEDITE_LEGAL_PROCEDURES
DIAG-20260630-TST-U2800,20260630,502800,TC-01-N2-22.46,Tổ hợp thương mại căn hộ Phú Mỹ,Tháp N2,152,-11.99,11.2,20,65,8.63,,LEGAL_PERMIT_BARRIER,EXPEDITE_LEGAL_PROCEDURES
DIAG-20260630-TST-U2802,20260630,502802,TC-01-N2-22.48,Tổ hợp thương mại căn hộ Phú Mỹ,Tháp N2,179,-12.92,9.8,45,25,7.48,,LEGAL_PERMIT_BARRIER,EXPEDITE_LEGAL_PROCEDURES
DIAG-20260630-TST-U2803,20260630,502803,TC-01-N2-22.49,Tổ hợp thương mại căn hộ Phú Mỹ,Tháp N2,465,4.52,11.8,20,20,29.01,,LEGAL_PERMIT_BARRIER,EXPEDITE_LEGAL_PROCEDURES
DIAG-20260630-TST-U2804,20260630,502804,TC-01-N2-22.50,Tổ hợp thương mại căn hộ Phú Mỹ,Tháp N2,205,11.75,14.3,20,0,37.93,,LEGAL_PERMIT_BARRIER,EXPEDITE_LEGAL_PROCEDURES
DIAG-20260630-TST-U2807,20260630,502807,TC-01-N2-22.53,Tổ hợp thương mại căn hộ Phú Mỹ,Tháp N2,357,-13.38,10.7,55,25,6.91,,LEGAL_PERMIT_BARRIER,EXPEDITE_LEGAL_PROCEDURES
DIAG-20260630-TST-U2809,20260630,502809,TC-01-N2-22.55,Tổ hợp thương mại căn hộ Phú Mỹ,Tháp N2,337,5.93,13.0,10,0,30.75,,LEGAL_PERMIT_BARRIER,EXPEDITE_LEGAL_PROCEDURES
DIAG-20260630-TST-U2811,20260630,502811,TC-01-N2-22.57,Tổ hợp thương mại căn hộ Phú Mỹ,Tháp N2,311,-3.61,13.8,35,40,18.18,,LEGAL_PERMIT_BARRIER,EXPEDITE_LEGAL_PROCEDURES
DIAG-20260630-TST-U2813,20260630,502813,TC-01-N2-22.59,Tổ hợp thương mại căn hộ Phú Mỹ,Tháp N2,102,7.11,17.5,15,40,31.32,,LEGAL_PERMIT_BARRIER,EXPEDITE_LEGAL_PROCEDURES
DIAG-20260630-TST-U2815,20260630,502815,TC-01-N2-22.61,Tổ hợp thương mại căn hộ Phú Mỹ,Tháp N2,107,5.0,13.5,70,45,29.6,,LEGAL_PERMIT_BARRIER,EXPEDITE_LEGAL_PROCEDURES
DIAG-20260630-TST-U2817,20260630,502817,TC-01-N2-22.63,Tổ hợp thương mại căn hộ Phú Mỹ,Tháp N2,358,16.21,10.0,0,20,21.81,,LEGAL_PERMIT_BARRIER,EXPEDITE_LEGAL_PROCEDURES
DIAG-20260630-TST-U2818,20260630,502818,TC-01-N2-22.64,Tổ hợp thương mại căn hộ Phú Mỹ,Tháp N2,272,6.96,9.9,25,65,12.12,,LEGAL_PERMIT_BARRIER,EXPEDITE_LEGAL_PROCEDURES
DIAG-20260630-TST-U2819,20260630,502819,TC-01-N2-22.65,Tổ hợp thương mại căn hộ Phú Mỹ,Tháp N2,147,-10.14,11.5,10,65,10.91,,LEGAL_PERMIT_BARRIER,EXPEDITE_LEGAL_PROCEDURES
DIAG-20260630-TST-U2820,20260630,502820,TC-01-N2-22.66,Tổ hợp thương mại căn hộ Phú Mỹ,Tháp N2,201,0.7,9.3,60,25,5.56,,LEGAL_PERMIT_BARRIER,EXPEDITE_LEGAL_PROCEDURES
DIAG-20260630-TST-U2821,20260630,502821,TC-01-N2-23.01,Tổ hợp thương mại căn hộ Phú Mỹ,Tháp N2,288,-0.72,7.0,20,25,19.05,,LEGAL_PERMIT_BARRIER,EXPEDITE_LEGAL_PROCEDURES
DIAG-20260630-TST-U2822,20260630,502822,TC-01-N2-23.02,Tổ hợp thương mại căn hộ Phú Mỹ,Tháp N2,456,-1.76,17.0,20,40,20.45,,LEGAL_PERMIT_BARRIER,EXPEDITE_LEGAL_PROCEDURES
DIAG-20260630-TST-U2823,20260630,502823,TC-01-N2-23.03,Tổ hợp thương mại căn hộ Phú Mỹ,Tháp N2,461,8.26,12.1,90,0,33.63,,LEGAL_PERMIT_BARRIER,EXPEDITE_LEGAL_PROCEDURES
DIAG-20260630-TST-U2824,20260630,502824,TC-01-N2-23.04,Tổ hợp thương mại căn hộ Phú Mỹ,Tháp N2,357,-0.44,9.1,40,30,4.36,,LEGAL_PERMIT_BARRIER,EXPEDITE_LEGAL_PROCEDURES
DIAG-20260630-TST-U2825,20260630,502825,TC-01-N2-23.05,Tổ hợp thương mại căn hộ Phú Mỹ,Tháp N2,223,7.57,14.4,0,40,32.77,,LEGAL_PERMIT_BARRIER,EXPEDITE_LEGAL_PROCEDURES
DIAG-20260630-TST-U2826,20260630,502826,TC-01-N2-23.06,Tổ hợp thương mại căn hộ Phú Mỹ,Tháp N2,398,5.23,14.0,35,0,29.88,,LEGAL_PERMIT_BARRIER,EXPEDITE_LEGAL_PROCEDURES
DIAG-20260630-TST-U2830,20260630,502830,TC-01-N2-23.10,Tổ hợp thương mại căn hộ Phú Mỹ,Tháp N2,436,4.72,7.5,40,0,25.57,,LEGAL_PERMIT_BARRIER,EXPEDITE_LEGAL_PROCEDURES
DIAG-20260630-TST-U2832,20260630,502832,TC-01-N2-23.12,Tổ hợp thương mại căn hộ Phú Mỹ,Tháp N2,436,-16.88,11.0,50,25,2.59,,LEGAL_PERMIT_BARRIER,EXPEDITE_LEGAL_PROCEDURES
DIAG-20260630-TST-U2835,20260630,502835,TC-01-N2-23.15,Tổ hợp thương mại căn hộ Phú Mỹ,Tháp N2,132,18.96,14.3,0,40,46.83,,LEGAL_PERMIT_BARRIER,EXPEDITE_LEGAL_PROCEDURES
DIAG-20260630-TST-U2836,20260630,502836,TC-01-N2-23.16,Tổ hợp thương mại căn hộ Phú Mỹ,Tháp N2,409,3.84,13.8,30,40,28.17,,LEGAL_PERMIT_BARRIER,EXPEDITE_LEGAL_PROCEDURES
DIAG-20260630-TST-U2837,20260630,502837,TC-01-N2-23.17,Tổ hợp thương mại căn hộ Phú Mỹ,Tháp N2,301,-4.53,12.2,20,25,17.83,,LEGAL_PERMIT_BARRIER,EXPEDITE_LEGAL_PROCEDURES
DIAG-20260630-TST-U2838,20260630,502838,TC-01-N2-23.18,Tổ hợp thương mại căn hộ Phú Mỹ,Tháp N2,379,13.65,18.0,20,0,39.34,,LEGAL_PERMIT_BARRIER,EXPEDITE_LEGAL_PROCEDURES
DIAG-20260630-TST-U2840,20260630,502840,TC-01-N2-23.20,Tổ hợp thương mại căn hộ Phú Mỹ,Tháp N2,180,-6.41,11.3,35,25,15.52,,LEGAL_PERMIT_BARRIER,EXPEDITE_LEGAL_PROCEDURES
DIAG-20260630-TST-U2841,20260630,502841,TC-01-N2-23.21,Tổ hợp thương mại căn hộ Phú Mỹ,Tháp N2,434,0.22,7.1,20,0,20.18,,LEGAL_PERMIT_BARRIER,EXPEDITE_LEGAL_PROCEDURES
DIAG-20260630-TST-U2842,20260630,502842,TC-01-N2-23.22,Tổ hợp thương mại căn hộ Phú Mỹ,Tháp N2,168,0.12,17.5,40,55,22.75,,LEGAL_PERMIT_BARRIER,EXPEDITE_LEGAL_PROCEDURES
DIAG-20260630-TST-U2843,20260630,502843,TC-01-N2-23.23,Tổ hợp thương mại căn hộ Phú Mỹ,Tháp N2,113,2.33,9.0,0,25,7.26,,LEGAL_PERMIT_BARRIER,EXPEDITE_LEGAL_PROCEDURES
DIAG-20260630-TST-U2844,20260630,502844,TC-01-N2-23.24,Tổ hợp thương mại căn hộ Phú Mỹ,Tháp N2,209,0.12,11.0,0,0,23.58,,LEGAL_PERMIT_BARRIER,EXPEDITE_LEGAL_PROCEDURES
DIAG-20260630-TST-U2845,20260630,502845,TC-01-N2-23.25,Tổ hợp thương mại căn hộ Phú Mỹ,Tháp N2,326,-8.52,15.3,0,25,12.16,,LEGAL_PERMIT_BARRIER,EXPEDITE_LEGAL_PROCEDURES
DIAG-20260630-TST-U2846,20260630,502846,TC-01-N2-23.26,Tổ hợp thương mại căn hộ Phú Mỹ,Tháp N2,343,1.49,12.5,20,0,25.27,,LEGAL_PERMIT_BARRIER,EXPEDITE_LEGAL_PROCEDURES
DIAG-20260630-TST-U2847,20260630,502847,TC-01-N2-23.27,Tổ hợp thương mại căn hộ Phú Mỹ,Tháp N2,307,-8.28,12.0,35,65,13.21,,LEGAL_PERMIT_BARRIER,EXPEDITE_LEGAL_PROCEDURES
DIAG-20260630-TST-U2849,20260630,502849,TC-01-N2-23.29,Tổ hợp thương mại căn hộ Phú Mỹ,Tháp N2,389,11.81,9.6,60,40,17.2,,LEGAL_PERMIT_BARRIER,EXPEDITE_LEGAL_PROCEDURES
DIAG-20260630-TST-U2850,20260630,502850,TC-01-N2-23.30,Tổ hợp thương mại căn hộ Phú Mỹ,Tháp N2,336,-3.85,11.3,0,25,18.68,,LEGAL_PERMIT_BARRIER,EXPEDITE_LEGAL_PROCEDURES
DIAG-20260630-TST-U2851,20260630,502851,TC-01-N2-23.31,Tổ hợp thương mại căn hộ Phú Mỹ,Tháp N2,382,-9.67,10.5,20,55,11.5,,LEGAL_PERMIT_BARRIER,EXPEDITE_LEGAL_PROCEDURES
DIAG-20260630-TST-U2852,20260630,502852,TC-01-N2-23.32,Tổ hợp thương mại căn hộ Phú Mỹ,Tháp N2,195,3.38,13.4,60,65,27.6,,LEGAL_PERMIT_BARRIER,EXPEDITE_LEGAL_PROCEDURES
DIAG-20260630-TST-U2854,20260630,502854,TC-01-N2-23.34,Tổ hợp thương mại căn hộ Phú Mỹ,Tháp N2,394,8.02,11.2,20,0,33.33,,LEGAL_PERMIT_BARRIER,EXPEDITE_LEGAL_PROCEDURES
DIAG-20260630-TST-U2855,20260630,502855,TC-01-N2-23.35,Tổ hợp thương mại căn hộ Phú Mỹ,Tháp N2,160,-12.69,11.6,0,0,7.77,,LEGAL_PERMIT_BARRIER,EXPEDITE_LEGAL_PROCEDURES
DIAG-20260630-TST-U2858,20260630,502858,TC-01-N2-23.38,Tổ hợp thương mại căn hộ Phú Mỹ,Tháp N2,382,-6.4,10.1,70,70,15.53,,LEGAL_PERMIT_BARRIER,EXPEDITE_LEGAL_PROCEDURES
DIAG-20260630-TST-U2859,20260630,502859,TC-01-N2-23.39,Tổ hợp thương mại căn hộ Phú Mỹ,Tháp N2,300,-11.06,9.9,10,25,9.78,,LEGAL_PERMIT_BARRIER,EXPEDITE_LEGAL_PROCEDURES
DIAG-20260630-TST-U2860,20260630,502860,TC-01-N2-23.40,Tổ hợp thương mại căn hộ Phú Mỹ,Tháp N2,271,10.62,20.4,65,65,35.62,,LEGAL_PERMIT_BARRIER,EXPEDITE_LEGAL_PROCEDURES
DIAG-20260630-TST-U2861,20260630,502861,TC-01-N2-23.41,Tổ hợp thương mại căn hộ Phú Mỹ,Tháp N2,235,0.33,10.9,45,0,23.83,,LEGAL_PERMIT_BARRIER,EXPEDITE_LEGAL_PROCEDURES
DIAG-20260630-TST-U2862,20260630,502862,TC-01-N2-23.42,Tổ hợp thương mại căn hộ Phú Mỹ,Tháp N2,347,-8.04,15.4,20,25,12.74,,LEGAL_PERMIT_BARRIER,EXPEDITE_LEGAL_PROCEDURES
DIAG-20260630-TST-U2863,20260630,502863,TC-01-N2-23.43,Tổ hợp thương mại căn hộ Phú Mỹ,Tháp N2,145,-6.42,16.7,20,55,14.73,,LEGAL_PERMIT_BARRIER,EXPEDITE_LEGAL_PROCEDURES
DIAG-20260630-TST-U2864,20260630,502864,TC-01-N2-23.44,Tổ hợp thương mại căn hộ Phú Mỹ,Tháp N2,437,-5.0,12.5,20,65,17.26,,LEGAL_PERMIT_BARRIER,EXPEDITE_LEGAL_PROCEDURES
DIAG-20260630-TST-U2866,20260630,502866,TC-01-N2-23.46,Tổ hợp thương mại căn hộ Phú Mỹ,Tháp N2,328,-6.88,11.0,35,0,14.94,,LEGAL_PERMIT_BARRIER,EXPEDITE_LEGAL_PROCEDURES
DIAG-20260630-TST-U2867,20260630,502867,TC-01-N2-23.47,Tổ hợp thương mại căn hộ Phú Mỹ,Tháp N2,387,4.95,7.2,10,25,25.84,,LEGAL_PERMIT_BARRIER,EXPEDITE_LEGAL_PROCEDURES
DIAG-20260630-TST-U2868,20260630,502868,TC-01-N2-23.48,Tổ hợp thương mại căn hộ Phú Mỹ,Tháp N2,458,-2.77,8.6,40,95,1.92,,LEGAL_PERMIT_BARRIER,EXPEDITE_LEGAL_PROCEDURES
DIAG-20260630-TST-U2869,20260630,502869,TC-01-N2-23.49,Tổ hợp thương mại căn hộ Phú Mỹ,Tháp N2,348,10.35,12.3,20,40,36.2,,LEGAL_PERMIT_BARRIER,EXPEDITE_LEGAL_PROCEDURES
DIAG-20260630-TST-U2870,20260630,502870,TC-01-N2-23.50,Tổ hợp thương mại căn hộ Phú Mỹ,Tháp N2,119,-5.02,16.9,25,65,16.45,,LEGAL_PERMIT_BARRIER,EXPEDITE_LEGAL_PROCEDURES
DIAG-20260630-TST-U2871,20260630,502871,TC-01-N2-23.51,Tổ hợp thương mại căn hộ Phú Mỹ,Tháp N2,342,-4.32,11.0,25,45,18.1,,LEGAL_PERMIT_BARRIER,EXPEDITE_LEGAL_PROCEDURES
DIAG-20260630-TST-U2872,20260630,502872,TC-01-N2-23.52,Tổ hợp thương mại căn hộ Phú Mỹ,Tháp N2,127,-10.82,11.5,20,65,10.07,,LEGAL_PERMIT_BARRIER,EXPEDITE_LEGAL_PROCEDURES
DIAG-20260630-TST-U2873,20260630,502873,TC-01-N2-23.53,Tổ hợp thương mại căn hộ Phú Mỹ,Tháp N2,456,10.57,13.4,40,0,36.48,,LEGAL_PERMIT_BARRIER,EXPEDITE_LEGAL_PROCEDURES
DIAG-20260630-TST-U2874,20260630,502874,TC-01-N2-23.54,Tổ hợp thương mại căn hộ Phú Mỹ,Tháp N2,169,-11.75,11.7,65,20,8.92,,LEGAL_PERMIT_BARRIER,EXPEDITE_LEGAL_PROCEDURES
DIAG-20260630-TST-U2875,20260630,502875,TC-01-N2-23.55,Tổ hợp thương mại căn hộ Phú Mỹ,Tháp N2,221,-6.89,12.1,0,40,14.93,,LEGAL_PERMIT_BARRIER,EXPEDITE_LEGAL_PROCEDURES
DIAG-20260630-TST-U2876,20260630,502876,TC-01-N2-23.56,Tổ hợp thương mại căn hộ Phú Mỹ,Tháp N2,299,-15.72,9.0,30,40,4.03,,LEGAL_PERMIT_BARRIER,EXPEDITE_LEGAL_PROCEDURES
DIAG-20260630-TST-U2877,20260630,502877,TC-01-N2-23.57,Tổ hợp thương mại căn hộ Phú Mỹ,Tháp N2,401,-14.8,9.8,65,65,5.16,,LEGAL_PERMIT_BARRIER,EXPEDITE_LEGAL_PROCEDURES
DIAG-20260630-TST-U2878,20260630,502878,TC-01-N2-23.58,Tổ hợp thương mại căn hộ Phú Mỹ,Tháp N2,326,18.03,13.5,40,70,45.68,,LEGAL_PERMIT_BARRIER,EXPEDITE_LEGAL_PROCEDURES
DIAG-20260630-TST-U2879,20260630,502879,TC-01-N2-23.59,Tổ hợp thương mại căn hộ Phú Mỹ,Tháp N2,252,-10.82,9.0,20,65,10.08,,LEGAL_PERMIT_BARRIER,EXPEDITE_LEGAL_PROCEDURES
DIAG-20260630-TST-U2881,20260630,502881,TC-01-N2-23.61,Tổ hợp thương mại căn hộ Phú Mỹ,Tháp N2,262,-4.31,11.1,40,65,18.11,,LEGAL_PERMIT_BARRIER,EXPEDITE_LEGAL_PROCEDURES
DIAG-20260630-TST-U2882,20260630,502882,TC-01-N2-23.62,Tổ hợp thương mại căn hộ Phú Mỹ,Tháp N2,322,-12.01,7.9,10,40,-7.76,,LEGAL_PERMIT_BARRIER,EXPEDITE_LEGAL_PROCEDURES
DIAG-20260630-TST-U2883,20260630,502883,TC-01-N2-23.63,Tổ hợp thương mại căn hộ Phú Mỹ,Tháp N2,104,-2.61,6.2,10,0,16.78,,LEGAL_PERMIT_BARRIER,EXPEDITE_LEGAL_PROCEDURES
DIAG-20260630-TST-U2884,20260630,502884,TC-01-N2-23.64,Tổ hợp thương mại căn hộ Phú Mỹ,Tháp N2,402,-22.52,13.1,30,25,-5.01,,LEGAL_PERMIT_BARRIER,EXPEDITE_LEGAL_PROCEDURES
DIAG-20260630-TST-U2885,20260630,502885,TC-01-N2-23.65,Tổ hợp thương mại căn hộ Phú Mỹ,Tháp N2,361,-3.85,10.3,20,65,18.67,,LEGAL_PERMIT_BARRIER,EXPEDITE_LEGAL_PROCEDURES
DIAG-20260630-TST-U2887,20260630,502887,TC-01-N2-24.01,Tổ hợp thương mại căn hộ Phú Mỹ,Tháp N2,301,5.79,12.6,60,20,27.97,,LEGAL_PERMIT_BARRIER,EXPEDITE_LEGAL_PROCEDURES
DIAG-20260630-TST-U2888,20260630,502888,TC-01-N2-24.02,Tổ hợp thương mại căn hộ Phú Mỹ,Tháp N2,261,-10.88,11.8,0,0,7.81,,LEGAL_PERMIT_BARRIER,EXPEDITE_LEGAL_PROCEDURES
DIAG-20260630-TST-U2889,20260630,502889,TC-01-N2-24.03,Tổ hợp thương mại căn hộ Phú Mỹ,Tháp N2,165,-12.9,12.3,40,0,5.37,,LEGAL_PERMIT_BARRIER,EXPEDITE_LEGAL_PROCEDURES
DIAG-20260630-TST-U2891,20260630,502891,TC-01-N2-24.05,Tổ hợp thương mại căn hộ Phú Mỹ,Tháp N2,225,-22.45,10.1,40,65,-6.19,,LEGAL_PERMIT_BARRIER,EXPEDITE_LEGAL_PROCEDURES
DIAG-20260630-TST-U2892,20260630,502892,TC-01-N2-24.06,Tổ hợp thương mại căn hộ Phú Mỹ,Tháp N2,223,3.84,9.4,20,0,9.34,,LEGAL_PERMIT_BARRIER,EXPEDITE_LEGAL_PROCEDURES
DIAG-20260630-TST-U2893,20260630,502893,TC-01-N2-24.07,Tổ hợp thương mại căn hộ Phú Mỹ,Tháp N2,274,-13.15,13.8,20,25,-9.35,,LEGAL_PERMIT_BARRIER,EXPEDITE_LEGAL_PROCEDURES
DIAG-20260630-TST-U2895,20260630,502895,TC-01-N2-24.09,Tổ hợp thương mại căn hộ Phú Mỹ,Tháp N2,233,-13.56,10.7,20,25,4.58,,LEGAL_PERMIT_BARRIER,EXPEDITE_LEGAL_PROCEDURES
DIAG-20260630-TST-U2897,20260630,502897,TC-01-N2-24.11,Tổ hợp thương mại căn hộ Phú Mỹ,Tháp N2,102,-9.42,14.0,30,25,-5.46,,LEGAL_PERMIT_BARRIER,EXPEDITE_LEGAL_PROCEDURES
DIAG-20260630-TST-U2898,20260630,502898,TC-01-N2-24.12,Tổ hợp thương mại căn hộ Phú Mỹ,Tháp N2,188,-17.57,10.2,40,55,-0.28,,LEGAL_PERMIT_BARRIER,EXPEDITE_LEGAL_PROCEDURES
DIAG-20260630-TST-U2899,20260630,502899,TC-01-N2-24.13,Tổ hợp thương mại căn hộ Phú Mỹ,Tháp N2,316,2.66,9.2,25,30,8.1,,LEGAL_PERMIT_BARRIER,EXPEDITE_LEGAL_PROCEDURES
DIAG-20260630-TST-U2900,20260630,502900,TC-01-N2-24.14,Tổ hợp thương mại căn hộ Phú Mỹ,Tháp N2,170,12.88,14.6,10,25,36.56,,LEGAL_PERMIT_BARRIER,EXPEDITE_LEGAL_PROCEDURES
DIAG-20260630-TST-U2901,20260630,502901,TC-01-N2-24.15,Tổ hợp thương mại căn hộ Phú Mỹ,Tháp N2,289,-3.12,12.6,20,0,17.21,,LEGAL_PERMIT_BARRIER,EXPEDITE_LEGAL_PROCEDURES
DIAG-20260630-TST-U2902,20260630,502902,TC-01-N2-24.16,Tổ hợp thương mại căn hộ Phú Mỹ,Tháp N2,337,-16.68,9.5,25,25,0.8,,LEGAL_PERMIT_BARRIER,EXPEDITE_LEGAL_PROCEDURES
DIAG-20260630-TST-U2903,20260630,502903,TC-01-N2-24.17,Tổ hợp thương mại căn hộ Phú Mỹ,Tháp N2,345,4.89,13.7,35,0,26.89,,LEGAL_PERMIT_BARRIER,EXPEDITE_LEGAL_PROCEDURES
DIAG-20260630-TST-U2904,20260630,502904,TC-01-N2-24.18,Tổ hợp thương mại căn hộ Phú Mỹ,Tháp N2,234,5.32,13.4,70,55,27.41,,LEGAL_PERMIT_BARRIER,EXPEDITE_LEGAL_PROCEDURES
DIAG-20260630-TST-U2905,20260630,502905,TC-01-N2-24.19,Tổ hợp thương mại căn hộ Phú Mỹ,Tháp N2,445,7.1,19.1,50,25,11.78,,LEGAL_PERMIT_BARRIER,EXPEDITE_LEGAL_PROCEDURES
DIAG-20260630-TST-U2906,20260630,502906,TC-01-N2-24.20,Tổ hợp thương mại căn hộ Phú Mỹ,Tháp N2,134,-1.74,15.8,40,0,2.55,,LEGAL_PERMIT_BARRIER,EXPEDITE_LEGAL_PROCEDURES
DIAG-20260630-TST-U2908,20260630,502908,TC-01-N2-24.22,Tổ hợp thương mại căn hộ Phú Mỹ,Tháp N2,296,-5.73,7.4,30,50,-0.73,,LEGAL_PERMIT_BARRIER,EXPEDITE_LEGAL_PROCEDURES
DIAG-20260630-TST-U2909,20260630,502909,TC-01-N2-24.23,Tổ hợp thương mại căn hộ Phú Mỹ,Tháp N2,222,0.68,12.0,20,0,21.79,,LEGAL_PERMIT_BARRIER,EXPEDITE_LEGAL_PROCEDURES
DIAG-20260630-TST-U2910,20260630,502910,TC-01-N2-24.24,Tổ hợp thương mại căn hộ Phú Mỹ,Tháp N2,97,7.01,8.0,15,0,28.4,,LEGAL_PERMIT_BARRIER,EXPEDITE_LEGAL_PROCEDURES
DIAG-20260630-TST-U2911,20260630,502911,TC-01-N2-24.25,Tổ hợp thương mại căn hộ Phú Mỹ,Tháp N2,452,-3.37,16.1,40,20,0.85,,LEGAL_PERMIT_BARRIER,EXPEDITE_LEGAL_PROCEDURES
DIAG-20260630-TST-U2912,20260630,502912,TC-01-N2-24.26,Tổ hợp thương mại căn hộ Phú Mỹ,Tháp N2,242,0.58,15.8,35,40,4.97,,LEGAL_PERMIT_BARRIER,EXPEDITE_LEGAL_PROCEDURES
DIAG-20260630-TST-U2914,20260630,502914,TC-01-N2-24.28,Tổ hợp thương mại căn hộ Phú Mỹ,Tháp N2,422,-4.01,12.2,0,0,16.12,,LEGAL_PERMIT_BARRIER,EXPEDITE_LEGAL_PROCEDURES
DIAG-20260630-TST-U2915,20260630,502915,TC-01-N2-24.29,Tổ hợp thương mại căn hộ Phú Mỹ,Tháp N2,181,1.98,11.3,45,0,23.37,,LEGAL_PERMIT_BARRIER,EXPEDITE_LEGAL_PROCEDURES
DIAG-20260630-TST-U2916,20260630,502916,TC-01-N2-24.30,Tổ hợp thương mại căn hộ Phú Mỹ,Tháp N2,458,-0.23,12.6,60,45,20.7,,LEGAL_PERMIT_BARRIER,EXPEDITE_LEGAL_PROCEDURES
DIAG-20260630-TST-U2917,20260630,502917,TC-01-N2-24.31,Tổ hợp thương mại căn hộ Phú Mỹ,Tháp N2,121,4.89,14.6,55,20,26.89,,LEGAL_PERMIT_BARRIER,EXPEDITE_LEGAL_PROCEDURES
DIAG-20260630-TST-U2918,20260630,502918,TC-01-N2-24.32,Tổ hợp thương mại căn hộ Phú Mỹ,Tháp N2,346,-6.44,13.6,40,65,13.19,,LEGAL_PERMIT_BARRIER,EXPEDITE_LEGAL_PROCEDURES
DIAG-20260630-TST-U2919,20260630,502919,TC-01-N2-24.33,Tổ hợp thương mại căn hộ Phú Mỹ,Tháp N2,150,-3.78,12.4,30,70,16.4,,LEGAL_PERMIT_BARRIER,EXPEDITE_LEGAL_PROCEDURES
DIAG-20260630-TST-U2920,20260630,502920,TC-01-N2-24.34,Tổ hợp thương mại căn hộ Phú Mỹ,Tháp N2,445,9.98,11.6,10,40,33.05,,LEGAL_PERMIT_BARRIER,EXPEDITE_LEGAL_PROCEDURES
DIAG-20260630-TST-U2921,20260630,502921,TC-01-N2-24.35,Tổ hợp thương mại căn hộ Phú Mỹ,Tháp N2,268,-9.66,14.1,20,25,-5.71,,LEGAL_PERMIT_BARRIER,EXPEDITE_LEGAL_PROCEDURES
DIAG-20260630-TST-U2922,20260630,502922,TC-01-N2-24.36,Tổ hợp thương mại căn hộ Phú Mỹ,Tháp N2,203,-4.82,8.6,25,25,0.23,,LEGAL_PERMIT_BARRIER,EXPEDITE_LEGAL_PROCEDURES
DIAG-20260630-TST-U2923,20260630,502923,TC-01-N2-24.37,Tổ hợp thương mại căn hộ Phú Mỹ,Tháp N2,408,-9.34,11.6,20,25,9.68,,LEGAL_PERMIT_BARRIER,EXPEDITE_LEGAL_PROCEDURES
DIAG-20260630-TST-U2924,20260630,502924,TC-01-N2-24.38,Tổ hợp thương mại căn hộ Phú Mỹ,Tháp N2,133,4.81,7.2,20,65,25.76,,LEGAL_PERMIT_BARRIER,EXPEDITE_LEGAL_PROCEDURES
DIAG-20260630-TST-U2926,20260630,502926,TC-01-N2-24.40,Tổ hợp thương mại căn hộ Phú Mỹ,Tháp N2,253,8.89,15.1,70,0,31.72,,LEGAL_PERMIT_BARRIER,EXPEDITE_LEGAL_PROCEDURES
DIAG-20260630-TST-U2927,20260630,502927,TC-01-N2-24.41,Tổ hợp thương mại căn hộ Phú Mỹ,Tháp N2,358,11.77,18.1,65,65,16.66,,LEGAL_PERMIT_BARRIER,EXPEDITE_LEGAL_PROCEDURES
DIAG-20260630-TST-U2928,20260630,502928,TC-01-N2-24.42,Tổ hợp thương mại căn hộ Phú Mỹ,Tháp N2,328,-0.12,8.9,50,25,5.17,,LEGAL_PERMIT_BARRIER,EXPEDITE_LEGAL_PROCEDURES
DIAG-20260630-TST-U2929,20260630,502929,TC-01-N2-24.43,Tổ hợp thương mại căn hộ Phú Mỹ,Tháp N2,279,-6.46,11.3,40,40,13.16,,LEGAL_PERMIT_BARRIER,EXPEDITE_LEGAL_PROCEDURES
DIAG-20260630-TST-U2930,20260630,502930,TC-01-N2-24.44,Tổ hợp thương mại căn hộ Phú Mỹ,Tháp N2,156,8.98,8.3,10,0,14.76,,LEGAL_PERMIT_BARRIER,EXPEDITE_LEGAL_PROCEDURES
DIAG-20260630-TST-U2932,20260630,502932,TC-01-N2-24.46,Tổ hợp thương mại căn hộ Phú Mỹ,Tháp N2,445,-7.61,8.0,85,25,-2.72,,LEGAL_PERMIT_BARRIER,EXPEDITE_LEGAL_PROCEDURES
DIAG-20260630-TST-U2933,20260630,502933,TC-01-N2-24.47,Tổ hợp thương mại căn hộ Phú Mỹ,Tháp N2,101,-19.3,5.4,70,65,-3.17,,LEGAL_PERMIT_BARRIER,EXPEDITE_LEGAL_PROCEDURES
DIAG-20260630-TST-U2934,20260630,502934,TC-01-N2-24.48,Tổ hợp thương mại căn hộ Phú Mỹ,Tháp N2,317,3.76,11.5,35,25,25.52,,LEGAL_PERMIT_BARRIER,EXPEDITE_LEGAL_PROCEDURES
DIAG-20260630-TST-U2935,20260630,502935,TC-01-N2-24.49,Tổ hợp thương mại căn hộ Phú Mỹ,Tháp N2,304,7.57,16.6,65,25,12.27,,LEGAL_PERMIT_BARRIER,EXPEDITE_LEGAL_PROCEDURES
DIAG-20260630-TST-U2936,20260630,502936,TC-01-N2-24.50,Tổ hợp thương mại căn hộ Phú Mỹ,Tháp N2,224,-8.07,7.9,10,65,-3.2,,LEGAL_PERMIT_BARRIER,EXPEDITE_LEGAL_PROCEDURES
DIAG-20260630-TST-U2937,20260630,502937,TC-01-N2-24.51,Tổ hợp thương mại căn hộ Phú Mỹ,Tháp N2,183,-10.45,11.7,35,30,8.34,,LEGAL_PERMIT_BARRIER,EXPEDITE_LEGAL_PROCEDURES
DIAG-20260630-TST-U2939,20260630,502939,TC-01-N2-24.53,Tổ hợp thương mại căn hộ Phú Mỹ,Tháp N2,261,6.42,17.6,20,0,11.07,,LEGAL_PERMIT_BARRIER,EXPEDITE_LEGAL_PROCEDURES
DIAG-20260630-TST-U2940,20260630,502940,TC-01-N2-24.54,Tổ hợp thương mại căn hộ Phú Mỹ,Tháp N2,460,1.98,18.2,40,0,6.44,,LEGAL_PERMIT_BARRIER,EXPEDITE_LEGAL_PROCEDURES
DIAG-20260630-TST-U2942,20260630,502942,TC-01-N2-24.56,Tổ hợp thương mại căn hộ Phú Mỹ,Tháp N2,177,5.78,13.3,0,25,27.97,,LEGAL_PERMIT_BARRIER,EXPEDITE_LEGAL_PROCEDURES
DIAG-20260630-TST-U2943,20260630,502943,TC-01-N2-24.57,Tổ hợp thương mại căn hộ Phú Mỹ,Tháp N2,326,1.11,12.2,20,0,22.32,,LEGAL_PERMIT_BARRIER,EXPEDITE_LEGAL_PROCEDURES
DIAG-20260630-TST-U2945,20260630,502945,TC-01-N2-24.59,Tổ hợp thương mại căn hộ Phú Mỹ,Tháp N2,374,-19.21,13.8,40,45,-15.68,,LEGAL_PERMIT_BARRIER,EXPEDITE_LEGAL_PROCEDURES
DIAG-20260630-TST-U2946,20260630,502946,TC-01-N2-24.60,Tổ hợp thương mại căn hộ Phú Mỹ,Tháp N2,403,-0.45,11.6,35,40,20.44,,LEGAL_PERMIT_BARRIER,EXPEDITE_LEGAL_PROCEDURES
DIAG-20260630-TST-U2947,20260630,502947,TC-01-N2-24.61,Tổ hợp thương mại căn hộ Phú Mỹ,Tháp N2,316,-6.4,16.3,40,25,-2.31,,LEGAL_PERMIT_BARRIER,EXPEDITE_LEGAL_PROCEDURES
DIAG-20260630-TST-U2948,20260630,502948,TC-01-N2-24.62,Tổ hợp thương mại căn hộ Phú Mỹ,Tháp N2,400,-5.92,6.9,0,0,12.89,,LEGAL_PERMIT_BARRIER,EXPEDITE_LEGAL_PROCEDURES
DIAG-20260630-TST-U2949,20260630,502949,TC-01-N2-24.63,Tổ hợp thương mại căn hộ Phú Mỹ,Tháp N2,107,15.72,11.1,20,0,21.85,,LEGAL_PERMIT_BARRIER,EXPEDITE_LEGAL_PROCEDURES
DIAG-20260630-TST-U2950,20260630,502950,TC-01-N2-24.64,Tổ hợp thương mại căn hộ Phú Mỹ,Tháp N2,133,-8.46,11.9,35,25,10.74,,LEGAL_PERMIT_BARRIER,EXPEDITE_LEGAL_PROCEDURES
DIAG-20260630-TST-U2951,20260630,502951,TC-01-N2-24.65,Tổ hợp thương mại căn hộ Phú Mỹ,Tháp N2,373,-3.65,7.8,20,25,1.45,,LEGAL_PERMIT_BARRIER,EXPEDITE_LEGAL_PROCEDURES
DIAG-20260630-TST-U2953,20260630,502953,TC-01-N2-25.01,Tổ hợp thương mại căn hộ Phú Mỹ,Tháp N2,125,9.9,10.7,20,0,15.72,,LEGAL_PERMIT_BARRIER,EXPEDITE_LEGAL_PROCEDURES
DIAG-20260630-TST-U2954,20260630,502954,TC-01-N2-25.02,Tổ hợp thương mại căn hộ Phú Mỹ,Tháp N2,262,4.0,14.6,20,40,25.82,,LEGAL_PERMIT_BARRIER,EXPEDITE_LEGAL_PROCEDURES
DIAG-20260630-TST-U2955,20260630,502955,TC-01-N2-25.03,Tổ hợp thương mại căn hộ Phú Mỹ,Tháp N2,287,8.43,14.7,40,45,31.17,,LEGAL_PERMIT_BARRIER,EXPEDITE_LEGAL_PROCEDURES
DIAG-20260630-TST-U2956,20260630,502956,TC-01-N2-25.04,Tổ hợp thương mại căn hộ Phú Mỹ,Tháp N2,156,-1.11,12.9,30,65,19.63,,LEGAL_PERMIT_BARRIER,EXPEDITE_LEGAL_PROCEDURES
DIAG-20260630-TST-U2957,20260630,502957,TC-01-N2-25.05,Tổ hợp thương mại căn hộ Phú Mỹ,Tháp N2,273,-4.81,6.3,20,25,14.23,,LEGAL_PERMIT_BARRIER,EXPEDITE_LEGAL_PROCEDURES
DIAG-20260630-TST-U2958,20260630,502958,TC-01-N2-25.06,Tổ hợp thương mại căn hộ Phú Mỹ,Tháp N2,394,7.11,15.0,20,0,29.58,,LEGAL_PERMIT_BARRIER,EXPEDITE_LEGAL_PROCEDURES
DIAG-20260630-TST-U2959,20260630,502959,TC-01-N2-25.07,Tổ hợp thương mại căn hộ Phú Mỹ,Tháp N2,458,-2.44,17.5,50,25,1.82,,LEGAL_PERMIT_BARRIER,EXPEDITE_LEGAL_PROCEDURES
DIAG-20260630-TST-U2961,20260630,502961,TC-01-N2-25.09,Tổ hợp thương mại căn hộ Phú Mỹ,Tháp N2,204,15.56,14.4,20,20,39.8,,LEGAL_PERMIT_BARRIER,EXPEDITE_LEGAL_PROCEDURES
DIAG-20260630-TST-U2962,20260630,502962,TC-01-N2-25.10,Tổ hợp thương mại căn hộ Phú Mỹ,Tháp N2,382,-8.45,11.7,40,30,10.75,,LEGAL_PERMIT_BARRIER,EXPEDITE_LEGAL_PROCEDURES
DIAG-20260630-TST-U2963,20260630,502963,TC-01-N2-25.11,Tổ hợp thương mại căn hộ Phú Mỹ,Tháp N2,441,-2.67,12.2,20,0,17.75,,LEGAL_PERMIT_BARRIER,EXPEDITE_LEGAL_PROCEDURES
DIAG-20260630-TST-U2964,20260630,502964,TC-01-N2-25.12,Tổ hợp thương mại căn hộ Phú Mỹ,Tháp N2,95,16.67,10.0,0,25,22.85,,LEGAL_PERMIT_BARRIER,EXPEDITE_LEGAL_PROCEDURES
DIAG-20260630-TST-U2966,20260630,502966,TC-01-N2-25.14,Tổ hợp thương mại căn hộ Phú Mỹ,Tháp N2,157,-5.34,11.8,20,25,14.52,,LEGAL_PERMIT_BARRIER,EXPEDITE_LEGAL_PROCEDURES
DIAG-20260630-TST-U2967,20260630,502967,TC-01-N2-25.15,Tổ hợp thương mại căn hộ Phú Mỹ,Tháp N2,347,-6.2,8.7,20,25,-1.22,,LEGAL_PERMIT_BARRIER,EXPEDITE_LEGAL_PROCEDURES
DIAG-20260630-TST-U2968,20260630,502968,TC-01-N2-25.16,Tổ hợp thương mại căn hộ Phú Mỹ,Tháp N2,239,-26.67,10.4,60,65,-11.29,,LEGAL_PERMIT_BARRIER,EXPEDITE_LEGAL_PROCEDURES
DIAG-20260630-TST-U2969,20260630,502969,TC-01-N2-25.17,Tổ hợp thương mại căn hộ Phú Mỹ,Tháp N2,91,2.69,16.5,45,40,7.18,,LEGAL_PERMIT_BARRIER,EXPEDITE_LEGAL_PROCEDURES
DIAG-20260630-TST-U2970,20260630,502970,TC-01-N2-25.18,Tổ hợp thương mại căn hộ Phú Mỹ,Tháp N2,155,-14.45,10.2,35,0,3.49,,LEGAL_PERMIT_BARRIER,EXPEDITE_LEGAL_PROCEDURES
DIAG-20260630-TST-U2971,20260630,502971,TC-01-N2-25.19,Tổ hợp thương mại căn hộ Phú Mỹ,Tháp N2,324,4.08,16.3,50,0,8.63,,LEGAL_PERMIT_BARRIER,EXPEDITE_LEGAL_PROCEDURES
DIAG-20260630-TST-U2972,20260630,502972,TC-01-N2-25.20,Tổ hợp thương mại căn hộ Phú Mỹ,Tháp N2,392,10.23,12.6,45,65,33.35,,LEGAL_PERMIT_BARRIER,EXPEDITE_LEGAL_PROCEDURES
DIAG-20260630-TST-U2973,20260630,502973,TC-01-N2-25.21,Tổ hợp thương mại căn hộ Phú Mỹ,Tháp N2,394,-13.78,10.5,20,40,4.31,,LEGAL_PERMIT_BARRIER,EXPEDITE_LEGAL_PROCEDURES
DIAG-20260630-TST-U2974,20260630,502974,TC-01-N2-25.22,Tổ hợp thương mại căn hộ Phú Mỹ,Tháp N2,268,5.48,17.4,10,25,10.09,,LEGAL_PERMIT_BARRIER,EXPEDITE_LEGAL_PROCEDURES
DIAG-20260630-TST-U2975,20260630,502975,TC-01-N2-25.23,Tổ hợp thương mại căn hộ Phú Mỹ,Tháp N2,408,-4.23,13.6,40,0,15.86,,LEGAL_PERMIT_BARRIER,EXPEDITE_LEGAL_PROCEDURES
DIAG-20260630-TST-U2976,20260630,502976,TC-01-N2-25.24,Tổ hợp thương mại căn hộ Phú Mỹ,Tháp N2,268,-1.11,11.2,50,55,19.63,,LEGAL_PERMIT_BARRIER,EXPEDITE_LEGAL_PROCEDURES
DIAG-20260630-TST-U2977,20260630,502977,TC-01-N2-25.25,Tổ hợp thương mại căn hộ Phú Mỹ,Tháp N2,396,-10.23,11.9,20,25,8.59,,LEGAL_PERMIT_BARRIER,EXPEDITE_LEGAL_PROCEDURES
DIAG-20260630-TST-U2978,20260630,502978,TC-01-N2-25.26,Tổ hợp thương mại căn hộ Phú Mỹ,Tháp N2,393,3.31,12.3,40,70,24.98,,LEGAL_PERMIT_BARRIER,EXPEDITE_LEGAL_PROCEDURES
DIAG-20260630-TST-U2980,20260630,502980,TC-01-N2-25.28,Tổ hợp thương mại căn hộ Phú Mỹ,Tháp N2,377,5.55,14.0,45,25,27.69,,LEGAL_PERMIT_BARRIER,EXPEDITE_LEGAL_PROCEDURES
DIAG-20260630-TST-U2982,20260630,502982,TC-01-N2-25.30,Tổ hợp thương mại căn hộ Phú Mỹ,Tháp N2,141,-1.27,16.0,30,65,3.05,,LEGAL_PERMIT_BARRIER,EXPEDITE_LEGAL_PROCEDURES
DIAG-20260630-TST-U2983,20260630,502983,TC-01-N2-25.31,Tổ hợp thương mại căn hộ Phú Mỹ,Tháp N2,215,5.55,13.2,70,40,27.69,,LEGAL_PERMIT_BARRIER,EXPEDITE_LEGAL_PROCEDURES
DIAG-20260630-TST-U2984,20260630,502984,TC-01-N2-25.32,Tổ hợp thương mại căn hộ Phú Mỹ,Tháp N2,213,-8.27,14.4,50,65,-4.26,,LEGAL_PERMIT_BARRIER,EXPEDITE_LEGAL_PROCEDURES
DIAG-20260630-TST-U2985,20260630,502985,TC-01-N2-25.33,Tổ hợp thương mại căn hộ Phú Mỹ,Tháp N2,232,4.89,14.6,15,40,26.89,,LEGAL_PERMIT_BARRIER,EXPEDITE_LEGAL_PROCEDURES
DIAG-20260630-TST-U2986,20260630,502986,TC-01-N2-25.34,Tổ hợp thương mại căn hộ Phú Mỹ,Tháp N2,435,9.86,8.8,20,0,31.83,,LEGAL_PERMIT_BARRIER,EXPEDITE_LEGAL_PROCEDURES
DIAG-20260630-TST-U2988,20260630,502988,TC-01-N2-25.36,Tổ hợp thương mại căn hộ Phú Mỹ,Tháp N2,158,-4.24,11.6,20,65,15.85,,LEGAL_PERMIT_BARRIER,EXPEDITE_LEGAL_PROCEDURES
DIAG-20260630-TST-U2989,20260630,502989,TC-01-N2-25.37,Tổ hợp thương mại căn hộ Phú Mỹ,Tháp N2,453,-8.5,13.8,40,65,-4.5,,LEGAL_PERMIT_BARRIER,EXPEDITE_LEGAL_PROCEDURES
DIAG-20260630-TST-U2991,20260630,502991,TC-01-N2-25.39,Tổ hợp thương mại căn hộ Phú Mỹ,Tháp N2,136,11.76,12.7,20,40,35.2,,LEGAL_PERMIT_BARRIER,EXPEDITE_LEGAL_PROCEDURES
DIAG-20260630-TST-U2992,20260630,502992,TC-01-N2-25.40,Tổ hợp thương mại căn hộ Phú Mỹ,Tháp N2,173,-0.58,17.4,20,25,3.77,,LEGAL_PERMIT_BARRIER,EXPEDITE_LEGAL_PROCEDURES
DIAG-20260630-TST-U2993,20260630,502993,TC-01-N2-25.41,Tổ hợp thương mại căn hộ Phú Mỹ,Tháp N2,270,0.44,12.8,10,0,21.5,,LEGAL_PERMIT_BARRIER,EXPEDITE_LEGAL_PROCEDURES
DIAG-20260630-TST-U2994,20260630,502994,TC-01-N2-25.42,Tổ hợp thương mại căn hộ Phú Mỹ,Tháp N2,248,9.66,10.4,60,25,15.47,,LEGAL_PERMIT_BARRIER,EXPEDITE_LEGAL_PROCEDURES
DIAG-20260630-TST-U2995,20260630,502995,TC-01-N2-25.43,Tổ hợp thương mại căn hộ Phú Mỹ,Tháp N2,423,15.54,14.8,20,0,39.78,,LEGAL_PERMIT_BARRIER,EXPEDITE_LEGAL_PROCEDURES
DIAG-20260630-TST-U2997,20260630,502997,TC-01-N2-25.45,Tổ hợp thương mại căn hộ Phú Mỹ,Tháp N2,437,-14.59,7.5,20,65,-10.06,,LEGAL_PERMIT_BARRIER,EXPEDITE_LEGAL_PROCEDURES
DIAG-20260630-TST-U2998,20260630,502998,TC-01-N2-25.46,Tổ hợp thương mại căn hộ Phú Mỹ,Tháp N2,393,-14.59,6.9,50,40,-10.06,,LEGAL_PERMIT_BARRIER,EXPEDITE_LEGAL_PROCEDURES
DIAG-20260630-TST-U2999,20260630,502999,TC-01-N2-25.47,Tổ hợp thương mại căn hộ Phú Mỹ,Tháp N2,152,-11.33,11.7,85,25,7.26,,LEGAL_PERMIT_BARRIER,EXPEDITE_LEGAL_PROCEDURES
DIAG-20260630-TST-U3000,20260630,503000,TC-01-N2-25.48,Tổ hợp thương mại căn hộ Phú Mỹ,Tháp N2,121,9.54,13.0,0,0,32.52,,LEGAL_PERMIT_BARRIER,EXPEDITE_LEGAL_PROCEDURES
