funnel_event_id,date_key,unit_key,web_listing_views,inquiry_leads_count,site_visits_count,booking_reservations,booking_cancellations,cancellation_reason
700001,20260630,500001,309,13,4,0,0,
700002,20260630,500002,417,46,18,0,0,
700003,20260630,500003,304,20,13,0,0,
700004,20260630,500004,369,17,6,0,0,
700005,20260630,500005,302,25,4,0,0,
700006,20260630,500006,56,5,1,0,0,
700007,20260630,500007,152,3,1,0,0,
700008,20260630,500008,368,11,2,0,0,
700009,20260630,500009,91,7,1,0,0,
700010,20260630,500010,150,8,3,0,0,
700011,20260630,500011,421,49,31,0,0,
700012,20260630,500012,53,5,0,0,0,
700013,20260630,500013,234,29,19,0,0,
700014,20260630,500014,215,8,4,0,0,
700015,20260630,500015,164,12,6,0,0,
700016,20260630,500016,53,5,3,0,0,
700017,20260630,500017,340,17,8,0,0,
700018,20260630,500018,60,3,1,0,0,
700019,20260630,500019,44,0,0,0,0,
700020,20260630,500020,271,9,5,0,0,
700021,20260630,500021,161,15,2,0,0,
700022,20260630,500022,48,0,0,0,0,
700023,20260630,500023,28,1,0,0,0,
700024,20260630,500024,453,50,21,0,0,
700025,20260630,500025,384,23,4,0,0,
700026,20260630,500026,63,5,3,0,0,
700027,20260630,500027,255,24,12,0,0,
700028,20260630,500028,251,17,9,0,0,
700029,20260630,500029,301,19,12,0,0,
700030,20260630,500030,277,34,23,0,0,
700031,20260630,500031,326,7,4,0,0,
700032,20260630,500032,356,34,18,0,0,
700033,20260630,500033,268,23,15,0,0,
700034,20260630,500034,350,26,14,0,0,
700035,20260630,500035,72,4,1,0,0,
700036,20260630,500036,263,15,5,0,0,
700037,20260630,500037,224,16,4,0,0,
700038,20260630,500038,43,2,0,0,0,
700039,20260630,500039,329,32,20,0,0,
700040,20260630,500040,285,36,11,0,0,
700041,20260630,500041,470,54,21,0,0,
700042,20260630,500042,214,10,6,0,0,
700043,20260630,500043,180,3,1,0,0,
700044,20260630,500044,106,6,2,0,0,
700045,20260630,500045,269,29,11,0,0,
700046,20260630,500046,250,9,1,0,0,
700047,20260630,500047,360,36,6,0,0,
700048,20260630,500048,111,8,5,0,0,
700049,20260630,500049,358,38,27,0,0,
700050,20260630,500050,306,17,7,0,0,
700051,20260630,500051,194,22,11,0,0,
700052,20260630,500052,324,8,3,0,0,
700053,20260630,500053,302,14,3,0,0,
700054,20260630,500054,128,16,2,0,0,
700055,20260630,500055,413,27,16,0,0,
700056,20260630,500056,357,28,16,0,0,
700057,20260630,500057,121,5,0,0,0,
700058,20260630,500058,276,26,11,0,0,
700059,20260630,500059,169,21,4,0,0,
700060,20260630,500060,143,7,3,0,0,
700061,20260630,500061,397,34,10,0,0,
700062,20260630,500062,303,28,13,0,0,
700063,20260630,500063,265,7,3,0,0,
700064,20260630,500064,300,11,2,0,0,
700065,20260630,500065,218,21,8,0,0,
700066,20260630,500066,401,46,12,0,0,
700067,20260630,500067,167,13,5,0,0,
700068,20260630,500068,361,44,22,0,0,
700069,20260630,500069,131,7,2,0,0,
700070,20260630,500070,353,13,2,0,0,
700071,20260630,500071,206,20,8,0,0,
700072,20260630,500072,289,26,18,0,0,
700073,20260630,500073,261,21,7,0,0,
700074,20260630,500074,316,7,2,0,0,
700075,20260630,500075,71,7,2,0,0,
700076,20260630,500076,508,24,9,0,0,
700077,20260630,500077,373,14,8,0,0,
700078,20260630,500078,99,3,1,0,0,
700079,20260630,500079,439,48,18,0,0,
700080,20260630,500080,230,19,6,0,0,
700081,20260630,500081,426,44,9,0,0,
700082,20260630,500082,136,7,1,0,0,
700083,20260630,500083,282,14,5,0,0,
700084,20260630,500084,295,14,5,0,0,
700085,20260630,500085,366,9,6,0,0,
700086,20260630,500086,88,4,1,0,0,
700087,20260630,500087,247,15,8,0,0,
700088,20260630,500088,234,5,2,0,0,
700089,20260630,500089,116,12,2,0,0,
700090,20260630,500090,520,34,19,0,0,
700091,20260630,500091,277,26,15,0,0,
700092,20260630,500092,177,21,9,0,0,
700093,20260630,500093,291,21,7,0,0,
700094,20260630,500094,228,8,5,0,0,
700095,20260630,500095,312,18,12,0,0,
700096,20260630,500096,267,24,9,0,0,
700097,20260630,500097,268,28,18,0,0,
700098,20260630,500098,47,1,0,0,0,
700099,20260630,500099,197,18,7,0,0,
700100,20260630,500100,242,25,12,0,0,
700101,20260630,500101,211,19,13,0,0,
700102,20260630,500102,444,18,8,0,0,
700103,20260630,500103,353,35,22,0,0,
700104,20260630,500104,75,4,1,0,0,
700105,20260630,500105,203,10,4,0,0,
700106,20260630,500106,28,1,0,0,0,
700107,20260630,500107,384,11,6,0,0,
700108,20260630,500108,429,27,11,0,0,
700109,20260630,500109,60,2,1,0,0,
700110,20260630,500110,253,5,1,0,0,
700111,20260630,500111,235,25,15,0,0,
700112,20260630,500112,405,23,12,0,0,
700113,20260630,500113,259,18,4,0,0,
700114,20260630,500114,263,30,8,0,0,
700115,20260630,500115,136,3,1,0,0,
700116,20260630,500116,158,15,4,0,0,
700117,20260630,500117,343,39,23,0,0,
700118,20260630,500118,131,14,3,0,0,
700119,20260630,500119,139,13,7,0,0,
700120,20260630,500120,189,4,1,0,0,
700121,20260630,500121,301,38,27,0,0,
700122,20260630,500122,224,26,15,0,0,
700123,20260630,500123,251,18,9,0,0,
700124,20260630,500124,171,9,5,0,0,
700125,20260630,500125,229,19,6,0,0,
700126,20260630,500126,397,37,25,0,0,
700127,20260630,500127,352,41,23,0,0,
700128,20260630,500128,156,12,4,0,0,
700129,20260630,500129,351,26,5,0,0,
700130,20260630,500130,124,5,1,0,0,
700131,20260630,500131,362,23,10,0,0,
700132,20260630,500132,218,16,11,0,0,
700133,20260630,500133,457,43,18,0,0,
700134,20260630,500134,97,10,6,0,0,
700135,20260630,500135,83,1,0,0,0,
700136,20260630,500136,308,34,7,0,0,
700137,20260630,500137,354,31,12,0,0,
700138,20260630,500138,295,12,5,0,0,
700139,20260630,500139,194,8,5,0,0,
700140,20260630,500140,89,7,3,0,0,
700141,20260630,500141,230,21,8,0,0,
700142,20260630,500142,174,14,9,0,0,
700143,20260630,500143,295,13,4,0,0,
700144,20260630,500144,187,17,10,0,0,
700145,20260630,500145,256,31,17,0,0,
700146,20260630,500146,274,26,12,0,0,
700147,20260630,500147,218,6,2,0,0,
700148,20260630,500148,221,19,4,0,0,
700149,20260630,500149,451,31,15,0,0,
700150,20260630,500150,136,9,5,0,0,
700151,20260630,500151,198,5,3,0,0,
700152,20260630,500152,386,14,6,0,0,
700153,20260630,500153,373,13,7,0,0,
700154,20260630,500154,293,33,19,0,0,
700155,20260630,500155,289,21,13,0,0,
700156,20260630,500156,329,13,2,0,0,
700157,20260630,500157,323,33,22,0,0,
700158,20260630,500158,320,11,7,0,0,
700159,20260630,500159,407,43,19,0,0,
700160,20260630,500160,439,31,19,0,0,
700161,20260630,500161,392,25,9,0,0,
700162,20260630,500162,225,20,13,0,0,
700163,20260630,500163,373,24,12,0,0,
700164,20260630,500164,82,4,2,0,0,
700165,20260630,500165,118,10,2,0,0,
700166,20260630,500166,233,15,10,0,0,
700167,20260630,500167,296,11,6,0,0,
700168,20260630,500168,411,15,8,0,0,
700169,20260630,500169,248,16,10,0,0,
700170,20260630,500170,189,17,11,0,0,
700171,20260630,500171,109,11,5,0,0,
700172,20260630,500172,83,9,3,0,0,
700173,20260630,500173,196,18,11,0,0,
700174,20260630,500174,386,21,12,0,0,
700175,20260630,500175,208,21,8,0,0,
700176,20260630,500176,27,2,0,0,0,
700177,20260630,500177,107,10,6,0,0,
700178,20260630,500178,261,33,6,0,0,
700179,20260630,500179,205,26,9,0,0,
700180,20260630,500180,123,6,2,0,0,
700181,20260630,500181,78,10,4,0,0,
700182,20260630,500182,304,37,13,0,0,
700183,20260630,500183,406,23,15,0,0,
700184,20260630,500184,352,21,9,0,0,
700185,20260630,500185,244,17,4,0,0,
700186,20260630,500186,238,14,7,0,0,
700187,20260630,500187,280,22,5,0,0,
700188,20260630,500188,391,27,17,0,0,
700189,20260630,500189,47,5,3,0,0,
700190,20260630,500190,284,36,15,0,0,
700191,20260630,500191,295,22,6,0,0,
700192,20260630,500192,467,31,12,0,0,
700193,20260630,500193,141,5,1,0,0,
700194,20260630,500194,61,2,0,0,0,
700195,20260630,500195,413,10,5,0,0,
700196,20260630,500196,204,14,8,0,0,
700197,20260630,500197,169,15,10,0,0,
700198,20260630,500198,418,44,18,0,0,
700199,20260630,500199,89,9,2,0,0,
700200,20260630,500200,118,10,3,0,0,
700201,20260630,500201,172,13,5,0,0,
700202,20260630,500202,130,11,7,0,0,
700203,20260630,500203,135,4,1,0,0,
700204,20260630,500204,44,5,1,0,0,
700205,20260630,500205,288,15,6,0,0,
700206,20260630,500206,37,0,0,0,0,
700207,20260630,500207,325,41,28,0,0,
700208,20260630,500208,316,8,4,0,0,
700209,20260630,500209,308,13,7,0,0,
700210,20260630,500210,354,33,23,0,0,
700211,20260630,500211,193,4,1,0,0,
700212,20260630,500212,151,14,3,0,0,
700213,20260630,500213,96,6,2,0,0,
700214,20260630,500214,89,11,6,0,0,
700215,20260630,500215,167,10,5,0,0,
700216,20260630,500216,203,12,7,0,0,
700217,20260630,500217,205,10,2,0,0,
700218,20260630,500218,230,24,10,0,0,
700219,20260630,500219,424,48,23,0,0,
700220,20260630,500220,275,33,16,0,0,
700221,20260630,500221,138,17,9,0,0,
700222,20260630,500222,159,7,4,0,0,
700223,20260630,500223,151,3,0,0,0,
700224,20260630,500224,64,5,2,0,0,
700225,20260630,500225,395,22,15,0,0,
700226,20260630,500226,335,24,17,0,0,
700227,20260630,500227,396,28,11,0,0,
700228,20260630,500228,225,6,2,0,0,
700229,20260630,500229,422,19,7,0,0,
700230,20260630,500230,389,27,18,0,0,
700231,20260630,500231,41,3,1,0,0,
700232,20260630,500232,319,35,12,0,0,
700233,20260630,500233,273,23,14,0,0,
700234,20260630,500234,245,11,7,0,0,
700235,20260630,500235,424,9,5,0,0,
700236,20260630,500236,413,40,19,0,0,
700237,20260630,500237,223,20,13,0,0,
700238,20260630,500238,135,11,6,0,0,
700239,20260630,500239,54,4,2,0,0,
700240,20260630,500240,176,16,3,0,0,
700241,20260630,500241,301,32,20,0,0,
700242,20260630,500242,289,20,7,0,0,
700243,20260630,500243,229,14,5,0,0,
700244,20260630,500244,364,29,10,0,0,
700245,20260630,500245,220,27,17,0,0,
700246,20260630,500246,129,9,5,0,0,
700247,20260630,500247,244,27,5,0,0,
700248,20260630,500248,344,9,4,0,0,
700249,20260630,500249,374,27,9,0,0,
700250,20260630,500250,360,22,10,0,0,
700251,20260630,500251,344,36,13,0,0,
700252,20260630,500252,319,17,4,0,0,
700253,20260630,500253,198,12,2,0,0,
700254,20260630,500254,247,23,9,0,0,
700255,20260630,500255,165,7,3,0,0,
700256,20260630,500256,484,14,4,0,0,
700257,20260630,500257,435,14,5,0,0,
700258,20260630,500258,143,8,2,0,0,
700259,20260630,500259,180,7,2,0,0,
700260,20260630,500260,149,4,1,0,0,
700261,20260630,500261,106,6,3,0,0,
700262,20260630,500262,131,13,6,0,0,
700263,20260630,500263,288,24,15,0,0,
700264,20260630,500264,191,14,8,0,0,
700265,20260630,500265,404,16,4,0,0,
700266,20260630,500266,286,13,2,0,0,
700267,20260630,500267,267,22,4,0,0,
700268,20260630,500268,226,5,1,0,0,
700269,20260630,500269,311,6,2,0,0,
700270,20260630,500270,49,5,2,0,0,
700271,20260630,500271,209,18,7,0,0,
700272,20260630,500272,351,8,1,0,0,
700273,20260630,500273,440,15,5,0,0,
700274,20260630,500274,234,14,7,0,0,
700275,20260630,500275,242,7,4,0,0,
700276,20260630,500276,261,26,10,0,0,
700277,20260630,500277,311,13,8,0,0,
700278,20260630,500278,204,6,3,0,0,
700279,20260630,500279,286,6,2,0,0,
700280,20260630,500280,453,55,36,0,0,
700281,20260630,500281,189,10,6,0,0,
700282,20260630,500282,103,12,4,0,0,
700283,20260630,500283,507,34,21,0,0,
700284,20260630,500284,259,28,16,0,0,
700285,20260630,500285,191,16,7,0,0,
700286,20260630,500286,230,22,4,0,0,
700287,20260630,500287,281,35,9,0,0,
700288,20260630,500288,26,3,0,0,0,
700289,20260630,500289,255,9,2,0,0,
700290,20260630,500290,152,13,8,0,0,
700291,20260630,500291,144,12,5,0,0,
700292,20260630,500292,182,20,4,0,0,
700293,20260630,500293,52,5,3,0,0,
700294,20260630,500294,171,19,3,0,0,
700295,20260630,500295,440,33,22,0,0,
700296,20260630,500296,266,30,20,0,0,
700297,20260630,500297,132,7,2,0,0,
700298,20260630,500298,186,14,5,0,0,
700299,20260630,500299,161,16,9,0,0,
700300,20260630,500300,168,9,4,0,0,
700301,20260630,500301,154,12,8,0,0,
700302,20260630,500302,145,18,12,0,0,
700303,20260630,500303,253,6,2,0,0,
700304,20260630,500304,259,16,6,0,0,
700305,20260630,500305,336,36,21,0,0,
700306,20260630,500306,151,5,1,0,0,
700307,20260630,500307,345,41,27,0,0,
700308,20260630,500308,370,17,4,0,0,
700309,20260630,500309,99,5,1,0,0,
700310,20260630,500310,435,32,13,0,0,
700311,20260630,500311,176,8,5,0,0,
700312,20260630,500312,27,0,0,0,0,
700313,20260630,500313,325,21,12,0,0,
700314,20260630,500314,42,3,1,0,0,
700315,20260630,500315,171,21,9,0,0,
700316,20260630,500316,380,35,16,0,0,
700317,20260630,500317,85,2,0,0,0,
700318,20260630,500318,382,28,13,0,0,
700319,20260630,500319,180,6,3,0,0,
700320,20260630,500320,395,27,8,0,0,
700321,20260630,500321,370,34,8,0,0,
700322,20260630,500322,488,34,9,0,0,
700323,20260630,500323,74,5,1,0,0,
700324,20260630,500324,107,7,1,0,0,
700325,20260630,500325,323,21,10,0,0,
700326,20260630,500326,198,7,2,0,0,
700327,20260630,500327,86,2,0,0,0,
700328,20260630,500328,497,52,27,0,0,
700329,20260630,500329,232,13,2,0,0,
700330,20260630,500330,65,6,2,0,0,
700331,20260630,500331,198,22,4,0,0,
700332,20260630,500332,197,8,2,0,0,
700333,20260630,500333,288,21,5,0,0,
700334,20260630,500334,246,17,11,0,0,
700335,20260630,500335,179,9,5,0,0,
700336,20260630,500336,142,7,4,0,0,
700337,20260630,500337,204,24,15,0,0,
700338,20260630,500338,305,29,9,0,0,
700339,20260630,500339,53,2,0,0,0,
700340,20260630,500340,85,7,4,0,0,
700341,20260630,500341,376,19,7,0,0,
700342,20260630,500342,363,44,31,0,0,
700343,20260630,500343,264,8,1,0,0,
700344,20260630,500344,358,10,3,0,0,
700345,20260630,500345,375,29,17,0,0,
700346,20260630,500346,228,20,7,0,0,
700347,20260630,500347,208,4,2,0,0,
700348,20260630,500348,387,36,21,0,0,
700349,20260630,500349,367,38,15,0,0,
700350,20260630,500350,452,23,7,0,0,
700351,20260630,500351,141,5,3,0,0,
700352,20260630,500352,451,24,15,0,0,
700353,20260630,500353,34,1,0,0,0,
700354,20260630,500354,212,18,10,0,0,
700355,20260630,500355,156,14,8,0,0,
700356,20260630,500356,196,24,12,0,0,
700357,20260630,500357,373,13,7,0,0,
700358,20260630,500358,322,33,22,0,0,
700359,20260630,500359,34,2,1,0,0,
700360,20260630,500360,258,5,2,0,0,
700361,20260630,500361,203,24,4,0,0,
700362,20260630,500362,68,3,1,0,0,
700363,20260630,500363,158,10,5,0,0,
700364,20260630,500364,374,18,11,0,0,
700365,20260630,500365,123,6,4,0,0,
700366,20260630,500366,371,31,16,0,0,
700367,20260630,500367,215,5,3,0,0,
700368,20260630,500368,193,15,4,0,0,
700369,20260630,500369,382,11,4,0,0,
700370,20260630,500370,444,42,16,0,0,
700371,20260630,500371,118,4,1,0,0,
700372,20260630,500372,298,35,16,0,0,
700373,20260630,500373,188,8,5,0,0,
700374,20260630,500374,191,19,4,0,0,
700375,20260630,500375,252,6,3,0,0,
700376,20260630,500376,170,5,1,0,0,
700377,20260630,500377,186,22,5,0,0,
700378,20260630,500378,228,19,12,0,0,
700379,20260630,500379,151,11,7,0,0,
700380,20260630,500380,213,17,9,0,0,
700381,20260630,500381,251,10,6,0,0,
700382,20260630,500382,470,32,10,0,0,
700383,20260630,500383,207,24,15,0,0,
700384,20260630,500384,350,42,13,0,0,
700385,20260630,500385,128,3,1,0,0,
700386,20260630,500386,170,7,2,0,0,
700387,20260630,500387,374,46,25,0,0,
700388,20260630,500388,206,21,4,0,0,
700389,20260630,500389,377,24,4,0,0,
700390,20260630,500390,413,22,13,0,0,
700391,20260630,500391,245,29,11,0,0,
700392,20260630,500392,245,30,15,0,0,
700393,20260630,500393,245,12,8,0,0,
700394,20260630,500394,193,9,5,0,0,
700395,20260630,500395,170,3,0,0,0,
700396,20260630,500396,153,7,2,0,0,
700397,20260630,500397,319,33,23,0,0,
700398,20260630,500398,66,1,0,0,0,
700399,20260630,500399,393,10,6,0,0,
700400,20260630,500400,182,12,6,0,0,
700401,20260630,500401,129,7,3,0,0,
700402,20260630,500402,91,10,2,0,0,
700403,20260630,500403,377,32,21,0,0,
700404,20260630,500404,334,28,20,0,0,
700405,20260630,500405,195,6,2,0,0,
700406,20260630,500406,178,16,3,0,0,
700407,20260630,500407,104,3,1,0,0,
700408,20260630,500408,439,34,19,0,0,
700409,20260630,500409,78,6,3,0,0,
700410,20260630,500410,242,30,5,0,0,
700411,20260630,500411,104,5,1,0,0,
700412,20260630,500412,407,46,19,0,0,
700413,20260630,500413,33,1,0,0,0,
700414,20260630,500414,375,29,15,0,0,
700415,20260630,500415,133,12,8,0,0,
700416,20260630,500416,170,17,11,0,0,
700417,20260630,500417,194,4,2,0,0,
700418,20260630,500418,509,42,20,0,0,
700419,20260630,500419,31,1,0,0,0,
700420,20260630,500420,253,23,8,0,0,
700421,20260630,500421,77,7,2,0,0,
700422,20260630,500422,261,18,7,0,0,
700423,20260630,500423,242,29,16,0,0,
700424,20260630,500424,341,30,18,0,0,
700425,20260630,500425,154,5,1,0,0,
700426,20260630,500426,372,34,19,0,0,
700427,20260630,500427,213,7,3,0,0,
700428,20260630,500428,279,9,5,0,0,
700429,20260630,500429,221,27,8,0,0,
700430,20260630,500430,126,12,5,0,0,
700431,20260630,500431,359,11,6,0,0,
700432,20260630,500432,38,1,0,0,0,
700433,20260630,500433,401,29,5,0,0,
700434,20260630,500434,324,27,7,0,0,
700435,20260630,500435,398,9,2,0,0,
700436,20260630,500436,193,21,4,0,0,
700437,20260630,500437,343,21,10,0,0,
700438,20260630,500438,357,30,10,0,0,
700439,20260630,500439,353,13,7,0,0,
700440,20260630,500440,380,34,20,0,0,
700441,20260630,500441,299,35,14,0,0,
700442,20260630,500442,280,12,7,0,0,
700443,20260630,500443,523,19,10,0,0,
700444,20260630,500444,510,62,27,0,0,
700445,20260630,500445,382,7,1,0,0,
700446,20260630,500446,250,14,3,0,0,
700447,20260630,500447,227,18,6,0,0,
700448,20260630,500448,23,1,0,0,0,
700449,20260630,500449,400,27,5,0,0,
700450,20260630,500450,41,2,0,0,0,
700451,20260630,500451,373,47,30,0,0,
700452,20260630,500452,248,29,13,0,0,
700453,20260630,500453,88,1,0,0,0,
700454,20260630,500454,463,16,4,0,0,
700455,20260630,500455,83,8,4,0,0,
700456,20260630,500456,270,35,25,0,0,
700457,20260630,500457,277,5,1,0,0,
700458,20260630,500458,197,15,4,0,0,
700459,20260630,500459,410,17,3,0,0,
700460,20260630,500460,114,11,5,0,0,
700461,20260630,500461,174,11,2,0,0,
700462,20260630,500462,378,19,13,0,0,
700463,20260630,500463,341,37,7,0,0,
700464,20260630,500464,175,7,2,0,0,
700465,20260630,500465,337,10,4,0,0,
700466,20260630,500466,410,24,7,0,0,
700467,20260630,500467,110,4,1,0,0,
700468,20260630,500468,350,37,20,0,0,
700469,20260630,500469,319,20,5,0,0,
700470,20260630,500470,392,25,5,0,0,
700471,20260630,500471,247,24,4,0,0,
700472,20260630,500472,404,47,25,0,0,
700473,20260630,500473,419,30,16,0,0,
700474,20260630,500474,231,11,2,0,0,
700475,20260630,500475,188,10,3,0,0,
700476,20260630,500476,456,58,26,0,0,
700477,20260630,500477,58,5,3,0,0,
700478,20260630,500478,131,12,3,0,0,
700479,20260630,500479,268,27,18,0,0,
700480,20260630,500480,353,17,11,0,0,
700481,20260630,500481,348,10,6,0,0,
700482,20260630,500482,176,20,8,0,0,
700483,20260630,500483,505,62,42,0,0,
700484,20260630,500484,357,12,5,0,0,
700485,20260630,500485,255,15,4,0,0,
700486,20260630,500486,379,36,7,0,0,
700487,20260630,500487,186,18,11,0,0,
700488,20260630,500488,228,27,7,0,0,
700489,20260630,500489,296,7,4,0,0,
700490,20260630,500490,278,7,1,0,0,
700491,20260630,500491,125,9,5,0,0,
700492,20260630,500492,378,11,3,0,0,
700493,20260630,500493,20,1,0,0,0,
700494,20260630,500494,151,15,10,0,0,
700495,20260630,500495,114,13,9,0,0,
700496,20260630,500496,233,21,9,0,0,
700497,20260630,500497,204,17,8,0,0,
700498,20260630,500498,345,15,4,0,0,
700499,20260630,500499,294,11,4,0,0,
700500,20260630,500500,368,33,11,0,0,
700501,20260630,500501,281,23,11,0,0,
700502,20260630,500502,229,11,3,0,0,
700503,20260630,500503,86,7,4,0,0,
700504,20260630,500504,372,12,7,0,0,
700505,20260630,500505,438,49,21,0,0,
700506,20260630,500506,184,20,7,0,0,
700507,20260630,500507,246,27,15,0,0,
700508,20260630,500508,190,4,2,0,0,
700509,20260630,500509,188,20,9,0,0,
700510,20260630,500510,272,5,0,0,0,
700511,20260630,500511,290,7,2,0,0,
700512,20260630,500512,53,6,2,0,0,
700513,20260630,500513,297,26,16,0,0,
700514,20260630,500514,373,10,4,0,0,
700515,20260630,500515,333,36,22,0,0,
700516,20260630,500516,376,42,12,0,0,
700517,20260630,500517,409,41,12,0,0,
700518,20260630,500518,351,8,1,0,0,
700519,20260630,500519,113,4,2,0,0,
700520,20260630,500520,70,8,3,0,0,
700521,20260630,500521,260,33,20,0,0,
700522,20260630,500522,324,16,7,0,0,
700523,20260630,500523,202,13,4,0,0,
700524,20260630,500524,244,23,5,0,0,
700525,20260630,500525,102,7,2,0,0,
700526,20260630,500526,281,30,9,0,0,
700527,20260630,500527,381,12,5,0,0,
700528,20260630,500528,335,38,14,0,0,
700529,20260630,500529,192,7,1,0,0,
700530,20260630,500530,312,20,11,0,0,
700531,20260630,500531,258,11,2,0,0,
700532,20260630,500532,94,4,2,0,0,
700533,20260630,500533,314,29,16,0,0,
700534,20260630,500534,515,10,2,0,0,
700535,20260630,500535,449,9,4,0,0,
700536,20260630,500536,382,36,8,0,0,
700537,20260630,500537,73,4,2,0,0,
700538,20260630,500538,223,7,4,0,0,
700539,20260630,500539,488,19,13,0,0,
700540,20260630,500540,78,4,1,0,0,
700541,20260630,500541,284,18,4,0,0,
700542,20260630,500542,102,11,4,0,0,
700543,20260630,500543,144,12,5,0,0,
700544,20260630,500544,265,24,12,0,0,
700545,20260630,500545,134,2,1,0,0,
700546,20260630,500546,401,9,4,0,0,
700547,20260630,500547,494,47,28,0,0,
700548,20260630,500548,313,11,2,0,0,
700549,20260630,500549,331,33,9,0,0,
700550,20260630,500550,202,22,14,0,0,
700551,20260630,500551,264,30,11,0,0,
700552,20260630,500552,217,7,2,0,0,
700553,20260630,500553,537,29,5,0,0,
700554,20260630,500554,110,10,3,0,0,
700555,20260630,500555,302,7,2,0,0,
700556,20260630,500556,291,15,9,0,0,
700557,20260630,500557,400,46,16,0,0,
700558,20260630,500558,135,10,4,0,0,
700559,20260630,500559,105,7,2,0,0,
700560,20260630,500560,244,5,3,0,0,
700561,20260630,500561,125,3,1,0,0,
700562,20260630,500562,315,33,7,0,0,
700563,20260630,500563,428,20,9,0,0,
700564,20260630,500564,248,20,4,0,0,
700565,20260630,500565,172,14,10,0,0,
700566,20260630,500566,271,27,14,0,0,
700567,20260630,500567,324,30,21,0,0,
700568,20260630,500568,359,32,19,0,0,
700569,20260630,500569,329,8,3,0,0,
700570,20260630,500570,57,3,1,0,0,
700571,20260630,500571,289,14,3,0,0,
700572,20260630,500572,331,30,7,0,0,
700573,20260630,500573,167,10,6,0,0,
700574,20260630,500574,231,13,9,0,0,
700575,20260630,500575,51,4,0,0,0,
700576,20260630,500576,214,7,2,0,0,
700577,20260630,500577,367,43,28,0,0,
700578,20260630,500578,214,8,4,0,0,
700579,20260630,500579,205,19,7,0,0,
700580,20260630,500580,292,32,11,0,0,
700581,20260630,500581,427,21,10,0,0,
700582,20260630,500582,177,15,5,0,0,
700583,20260630,500583,299,33,10,0,0,
700584,20260630,500584,280,23,13,0,0,
700585,20260630,500585,180,19,12,0,0,
700586,20260630,500586,429,50,20,0,0,
700587,20260630,500587,270,34,23,0,0,
700588,20260630,500588,144,16,7,0,0,
700589,20260630,500589,306,36,25,0,0,
700590,20260630,500590,368,35,24,0,0,
700591,20260630,500591,474,35,19,0,0,
700592,20260630,500592,423,36,12,0,0,
700593,20260630,500593,35,2,1,0,0,
700594,20260630,500594,27,2,0,0,0,
700595,20260630,500595,161,7,4,0,0,
700596,20260630,500596,191,24,16,0,0,
700597,20260630,500597,141,8,1,0,0,
700598,20260630,500598,319,10,3,0,0,
700599,20260630,500599,91,1,0,0,0,
700600,20260630,500600,196,7,4,0,0,
700601,20260630,500601,395,26,5,0,0,
700602,20260630,500602,256,28,17,0,0,
700603,20260630,500603,92,2,1,0,0,
700604,20260630,500604,138,6,3,0,0,
700605,20260630,500605,261,27,9,0,0,
700606,20260630,500606,270,29,16,0,0,
700607,20260630,500607,275,25,9,0,0,
700608,20260630,500608,373,40,28,0,0,
700609,20260630,500609,165,20,12,0,0,
700610,20260630,500610,103,10,4,0,0,
700611,20260630,500611,411,32,11,0,0,
700612,20260630,500612,309,6,1,0,0,
700613,20260630,500613,363,40,8,0,0,
700614,20260630,500614,406,40,22,0,0,
700615,20260630,500615,210,8,4,0,0,
700616,20260630,500616,83,4,2,0,0,
700617,20260630,500617,189,20,4,0,0,
700618,20260630,500618,275,22,12,0,0,
700619,20260630,500619,410,22,14,0,0,
700620,20260630,500620,99,12,4,0,0,
700621,20260630,500621,131,12,7,0,0,
700622,20260630,500622,98,4,1,0,0,
700623,20260630,500623,161,12,6,0,0,
700624,20260630,500624,390,8,2,0,0,
700625,20260630,500625,252,25,9,0,0,
700626,20260630,500626,350,40,15,0,0,
700627,20260630,500627,310,28,6,0,0,
700628,20260630,500628,155,16,11,0,0,
700629,20260630,500629,321,14,2,0,0,
700630,20260630,500630,283,36,13,0,0,
700631,20260630,500631,238,18,9,0,0,
700632,20260630,500632,162,9,4,0,0,
700633,20260630,500633,169,17,8,0,0,
700634,20260630,500634,35,1,0,0,0,
700635,20260630,500635,344,19,11,0,0,
700636,20260630,500636,341,21,13,0,0,
700637,20260630,500637,52,1,0,0,0,
700638,20260630,500638,232,16,2,0,0,
700639,20260630,500639,435,27,13,0,0,
700640,20260630,500640,364,8,5,0,0,
700641,20260630,500641,337,25,9,0,0,
700642,20260630,500642,414,33,20,0,0,
700643,20260630,500643,380,36,14,0,0,
700644,20260630,500644,503,13,5,0,0,
700645,20260630,500645,136,6,2,0,0,
700646,20260630,500646,284,20,5,0,0,
700647,20260630,500647,172,11,2,0,0,
700648,20260630,500648,389,44,24,0,0,
700649,20260630,500649,398,12,2,0,0,
700650,20260630,500650,223,10,6,0,0,
700651,20260630,500651,201,18,12,0,0,
700652,20260630,500652,470,53,29,0,0,
700653,20260630,500653,329,22,9,0,0,
700654,20260630,500654,344,8,4,0,0,
700655,20260630,500655,341,14,8,0,0,
700656,20260630,500656,199,17,7,0,0,
700657,20260630,500657,139,15,9,0,0,
700658,20260630,500658,218,11,7,0,0,
700659,20260630,500659,351,44,24,0,0,
700660,20260630,500660,146,11,7,0,0,
700661,20260630,500661,190,8,2,0,0,
700662,20260630,500662,78,6,3,0,0,
700663,20260630,500663,159,10,2,0,0,
700664,20260630,500664,368,27,12,0,0,
700665,20260630,500665,183,19,9,0,0,
700666,20260630,500666,282,24,15,0,0,
700667,20260630,500667,311,13,5,0,0,
700668,20260630,500668,362,21,10,0,0,
700669,20260630,500669,147,15,7,0,0,
700670,20260630,500670,81,6,1,0,0,
700671,20260630,500671,176,20,8,0,0,
700672,20260630,500672,412,53,16,0,0,
700673,20260630,500673,483,49,13,0,0,
700674,20260630,500674,407,41,29,0,0,
700675,20260630,500675,359,10,5,0,0,
700676,20260630,500676,436,18,4,0,0,
700677,20260630,500677,199,17,9,0,0,
700678,20260630,500678,50,1,0,0,0,
700679,20260630,500679,244,18,7,0,0,
700680,20260630,500680,198,8,3,0,0,
700681,20260630,500681,342,32,13,0,0,
700682,20260630,500682,120,7,2,0,0,
700683,20260630,500683,374,30,20,0,0,
700684,20260630,500684,483,51,24,0,0,
700685,20260630,500685,317,29,13,0,0,
700686,20260630,500686,199,4,2,0,0,
700687,20260630,500687,247,5,1,0,0,
700688,20260630,500688,179,5,1,0,0,
700689,20260630,500689,365,19,4,0,0,
700690,20260630,500690,270,22,13,0,0,
700691,20260630,500691,139,9,3,0,0,
700692,20260630,500692,242,12,3,0,0,
700693,20260630,500693,39,3,1,0,0,
700694,20260630,500694,310,8,4,0,0,
700695,20260630,500695,339,32,21,0,0,
700696,20260630,500696,284,33,14,0,0,
700697,20260630,500697,505,29,17,0,0,
700698,20260630,500698,91,10,1,0,0,
700699,20260630,500699,326,32,9,0,0,
700700,20260630,500700,318,40,18,0,0,
700701,20260630,500701,176,19,7,0,0,
700702,20260630,500702,254,7,4,0,0,
700703,20260630,500703,301,36,17,0,0,
700704,20260630,500704,384,21,10,0,0,
700705,20260630,500705,196,12,7,0,0,
700706,20260630,500706,270,22,4,0,0,
700707,20260630,500707,279,20,12,0,0,
700708,20260630,500708,487,38,11,0,0,
700709,20260630,500709,63,4,1,0,0,
700710,20260630,500710,161,17,9,0,0,
700711,20260630,500711,238,8,4,0,0,
700712,20260630,500712,236,26,10,0,0,
700713,20260630,500713,239,23,6,0,0,
700714,20260630,500714,322,13,9,0,0,
700715,20260630,500715,472,27,10,0,0,
700716,20260630,500716,274,19,6,0,0,
700717,20260630,500717,118,14,5,0,0,
700718,20260630,500718,410,29,9,0,0,
700719,20260630,500719,365,38,20,0,0,
700720,20260630,500720,291,25,12,0,0,
700721,20260630,500721,277,27,17,0,0,
700722,20260630,500722,423,31,12,0,0,
700723,20260630,500723,163,13,6,0,0,
700724,20260630,500724,106,5,3,0,0,
700725,20260630,500725,424,11,7,0,0,
700726,20260630,500726,308,16,4,0,0,
700727,20260630,500727,232,20,7,0,0,
700728,20260630,500728,142,6,1,0,0,
700729,20260630,500729,258,32,15,0,0,
700730,20260630,500730,79,2,0,0,0,
700731,20260630,500731,392,32,7,0,0,
700732,20260630,500732,238,26,10,0,0,
700733,20260630,500733,167,12,7,0,0,
700734,20260630,500734,145,5,3,0,0,
700735,20260630,500735,100,4,0,0,0,
700736,20260630,500736,182,19,12,0,0,
700737,20260630,500737,122,9,5,0,0,
700738,20260630,500738,324,29,14,0,0,
700739,20260630,500739,226,9,5,0,0,
700740,20260630,500740,102,7,4,0,0,
700741,20260630,500741,260,22,12,0,0,
700742,20260630,500742,171,14,9,0,0,
700743,20260630,500743,289,27,11,0,0,
700744,20260630,500744,317,16,9,0,0,
700745,20260630,500745,498,49,20,0,0,
700746,20260630,500746,32,0,0,0,0,
700747,20260630,500747,45,1,0,0,0,
700748,20260630,500748,166,5,2,0,0,
700749,20260630,500749,228,26,5,0,0,
700750,20260630,500750,65,5,3,0,0,
700751,20260630,500751,142,3,1,0,0,
700752,20260630,500752,241,31,21,0,0,
700753,20260630,500753,232,15,8,0,0,
700754,20260630,500754,39,2,0,0,0,
700755,20260630,500755,429,25,10,0,0,
700756,20260630,500756,430,38,7,0,0,
700757,20260630,500757,305,14,5,0,0,
700758,20260630,500758,217,17,7,0,0,
700759,20260630,500759,476,52,30,0,0,
700760,20260630,500760,117,3,1,0,0,
700761,20260630,500761,242,5,3,0,0,
700762,20260630,500762,469,25,4,0,0,
700763,20260630,500763,203,10,5,0,0,
700764,20260630,500764,149,14,5,0,0,
700765,20260630,500765,376,39,26,0,0,
700766,20260630,500766,205,6,3,0,0,
700767,20260630,500767,285,32,10,0,0,
700768,20260630,500768,473,57,11,0,0,
700769,20260630,500769,206,23,8,0,0,
700770,20260630,500770,354,19,4,0,0,
700771,20260630,500771,446,38,17,0,0,
700772,20260630,500772,378,48,20,0,0,
700773,20260630,500773,115,2,0,0,0,
700774,20260630,500774,229,28,11,0,0,
700775,20260630,500775,391,21,7,0,0,
700776,20260630,500776,289,6,3,0,0,
700777,20260630,500777,133,4,1,0,0,
700778,20260630,500778,128,3,1,0,0,
700779,20260630,500779,428,19,13,0,0,
700780,20260630,500780,426,24,13,0,0,
700781,20260630,500781,374,28,18,0,0,
700782,20260630,500782,146,17,10,0,0,
700783,20260630,500783,40,2,1,0,0,
700784,20260630,500784,244,17,8,0,0,
700785,20260630,500785,103,9,5,0,0,
700786,20260630,500786,263,31,16,0,0,
700787,20260630,500787,362,19,8,0,0,
700788,20260630,500788,353,35,9,0,0,
700789,20260630,500789,265,17,4,0,0,
700790,20260630,500790,68,3,0,0,0,
700791,20260630,500791,90,3,1,0,0,
700792,20260630,500792,164,14,8,0,0,
700793,20260630,500793,220,28,9,0,0,
700794,20260630,500794,414,12,8,0,0,
700795,20260630,500795,160,8,2,0,0,
700796,20260630,500796,474,44,14,0,0,
700797,20260630,500797,431,48,27,0,0,
700798,20260630,500798,289,17,9,0,0,
700799,20260630,500799,150,7,1,0,0,
700800,20260630,500800,111,11,5,0,0,
700801,20260630,500801,227,13,6,0,0,
700802,20260630,500802,322,15,3,0,0,
700803,20260630,500803,209,21,12,0,0,
700804,20260630,500804,283,21,7,0,0,
700805,20260630,500805,346,8,4,0,0,
700806,20260630,500806,280,23,10,0,0,
700807,20260630,500807,35,3,1,0,0,
700808,20260630,500808,253,7,3,0,0,
700809,20260630,500809,245,28,13,0,0,
700810,20260630,500810,370,39,13,0,0,
700811,20260630,500811,187,16,10,0,0,
700812,20260630,500812,198,8,5,0,0,
700813,20260630,500813,322,34,23,0,0,
700814,20260630,500814,216,22,9,0,0,
700815,20260630,500815,171,10,3,0,0,
700816,20260630,500816,291,21,9,0,0,
700817,20260630,500817,230,24,10,0,0,
700818,20260630,500818,62,7,1,0,0,
700819,20260630,500819,213,13,6,0,0,
700820,20260630,500820,246,14,6,0,0,
700821,20260630,500821,247,29,15,0,0,
700822,20260630,500822,88,9,3,0,0,
700823,20260630,500823,169,3,2,0,0,
700824,20260630,500824,324,41,22,0,0,
700825,20260630,500825,153,3,1,0,0,
700826,20260630,500826,38,4,1,0,0,
700827,20260630,500827,137,4,2,0,0,
700828,20260630,500828,169,15,9,0,0,
700829,20260630,500829,286,22,12,0,0,
700830,20260630,500830,216,25,12,0,0,
700831,20260630,500831,225,18,5,0,0,
700832,20260630,500832,302,19,6,0,0,
700833,20260630,500833,124,6,2,0,0,
700834,20260630,500834,395,27,5,0,0,
700835,20260630,500835,228,6,2,0,0,
700836,20260630,500836,192,14,2,0,0,
700837,20260630,500837,257,31,20,0,0,
700838,20260630,500838,355,27,14,0,0,
700839,20260630,500839,230,8,2,0,0,
700840,20260630,500840,229,20,11,0,0,
700841,20260630,500841,386,19,10,0,0,
700842,20260630,500842,313,8,2,0,0,
700843,20260630,500843,174,8,5,0,0,
700844,20260630,500844,345,9,5,0,0,
700845,20260630,500845,258,33,15,0,0,
700846,20260630,500846,111,12,6,0,0,
700847,20260630,500847,472,50,28,0,0,
700848,20260630,500848,279,30,11,0,0,
700849,20260630,500849,173,12,5,0,0,
700850,20260630,500850,236,19,6,0,0,
700851,20260630,500851,297,16,3,0,0,
700852,20260630,500852,305,13,6,0,0,
700853,20260630,500853,124,5,3,0,0,
700854,20260630,500854,300,13,7,0,0,
700855,20260630,500855,228,21,10,0,0,
700856,20260630,500856,156,14,9,0,0,
700857,20260630,500857,148,6,2,0,0,
700858,20260630,500858,267,20,13,0,0,
700859,20260630,500859,151,19,8,0,0,
700860,20260630,500860,361,35,11,0,0,
700861,20260630,500861,97,5,1,0,0,
700862,20260630,500862,203,8,5,0,0,
700863,20260630,500863,346,8,2,0,0,
700864,20260630,500864,357,28,6,0,0,
700865,20260630,500865,89,8,2,0,0,
700866,20260630,500866,382,31,18,0,0,
700867,20260630,500867,143,10,5,0,0,
700868,20260630,500868,216,17,7,0,0,
700869,20260630,500869,381,48,21,0,0,
700870,20260630,500870,208,15,4,0,0,
700871,20260630,500871,182,14,4,0,0,
700872,20260630,500872,291,14,7,0,0,
700873,20260630,500873,346,17,7,0,0,
700874,20260630,500874,311,25,11,0,0,
700875,20260630,500875,265,21,6,0,0,
700876,20260630,500876,303,30,11,0,0,
700877,20260630,500877,252,27,10,0,0,
700878,20260630,500878,35,2,0,0,0,
700879,20260630,500879,197,13,7,0,0,
700880,20260630,500880,352,13,3,0,0,
700881,20260630,500881,226,26,6,0,0,
700882,20260630,500882,302,34,21,0,0,
700883,20260630,500883,321,14,4,0,0,
700884,20260630,500884,26,1,0,0,0,
700885,20260630,500885,68,4,1,0,0,
700886,20260630,500886,445,35,7,0,0,
700887,20260630,500887,301,6,3,0,0,
700888,20260630,500888,323,40,7,0,0,
700889,20260630,500889,350,39,12,0,0,
700890,20260630,500890,206,26,13,0,0,
700891,20260630,500891,123,9,5,0,0,
700892,20260630,500892,403,11,2,0,0,
700893,20260630,500893,278,20,6,0,0,
700894,20260630,500894,22,2,0,0,0,
700895,20260630,500895,332,12,6,0,0,
700896,20260630,500896,236,9,3,0,0,
700897,20260630,500897,107,4,2,0,0,
700898,20260630,500898,451,20,11,0,0,
700899,20260630,500899,79,2,0,0,0,
700900,20260630,500900,351,19,9,0,0,
700901,20260630,500901,97,5,1,0,0,
700902,20260630,500902,250,28,9,0,0,
700903,20260630,500903,390,43,23,0,0,
700904,20260630,500904,292,37,14,0,0,
700905,20260630,500905,108,9,5,0,0,
700906,20260630,500906,76,4,1,0,0,
700907,20260630,500907,92,3,1,0,0,
700908,20260630,500908,272,6,3,0,0,
700909,20260630,500909,172,20,7,0,0,
700910,20260630,500910,365,12,4,0,0,
700911,20260630,500911,70,5,1,0,0,
700912,20260630,500912,363,16,9,0,0,
700913,20260630,500913,256,14,4,0,0,
700914,20260630,500914,313,27,17,0,0,
700915,20260630,500915,418,25,17,0,0,
700916,20260630,500916,215,17,7,0,0,
700917,20260630,500917,92,9,6,0,0,
700918,20260630,500918,172,12,2,0,0,
700919,20260630,500919,375,14,4,0,0,
700920,20260630,500920,416,43,19,0,0,
700921,20260630,500921,273,33,16,0,0,
700922,20260630,500922,201,26,12,0,0,
700923,20260630,500923,125,14,8,0,0,
700924,20260630,500924,325,35,21,0,0,
700925,20260630,500925,249,17,4,0,0,
700926,20260630,500926,276,17,9,0,0,
700927,20260630,500927,198,9,6,0,0,
700928,20260630,500928,471,19,4,0,0,
700929,20260630,500929,229,17,10,0,0,
700930,20260630,500930,86,6,3,0,0,
700931,20260630,500931,152,16,7,0,0,
700932,20260630,500932,453,58,23,0,0,
700933,20260630,500933,260,22,7,0,0,
700934,20260630,500934,148,6,2,0,0,
700935,20260630,500935,225,9,2,0,0,
700936,20260630,500936,236,19,12,0,0,
700937,20260630,500937,342,15,8,0,0,
700938,20260630,500938,226,5,1,0,0,
700939,20260630,500939,309,7,1,0,0,
700940,20260630,500940,374,9,1,0,0,
700941,20260630,500941,441,15,3,0,0,
700942,20260630,500942,273,23,10,0,0,
700943,20260630,500943,211,17,3,0,0,
700944,20260630,500944,60,6,1,0,0,
700945,20260630,500945,345,38,25,0,0,
700946,20260630,500946,413,20,11,0,0,
700947,20260630,500947,258,30,16,0,0,
700948,20260630,500948,322,35,22,0,0,
700949,20260630,500949,52,1,0,0,0,
700950,20260630,500950,170,5,2,0,0,
700951,20260630,500951,33,3,1,0,0,
700952,20260630,500952,132,3,2,0,0,
700953,20260630,500953,317,23,15,0,0,
700954,20260630,500954,66,6,2,0,0,
700955,20260630,500955,216,24,15,0,0,
700956,20260630,500956,242,12,6,0,0,
700957,20260630,500957,139,16,9,0,0,
700958,20260630,500958,110,8,4,0,0,
700959,20260630,500959,238,24,9,0,0,
700960,20260630,500960,267,18,6,0,0,
700961,20260630,500961,89,6,1,0,0,
700962,20260630,500962,136,11,2,0,0,
700963,20260630,500963,274,10,6,0,0,
700964,20260630,500964,250,31,7,0,0,
700965,20260630,500965,376,47,28,0,0,
700966,20260630,500966,418,46,13,0,0,
700967,20260630,500967,435,44,14,0,0,
700968,20260630,500968,334,24,15,0,0,
700969,20260630,500969,272,19,12,0,0,
700970,20260630,500970,63,3,1,0,0,
700971,20260630,500971,29,1,0,0,0,
700972,20260630,500972,245,16,4,0,0,
700973,20260630,500973,303,11,5,0,0,
700974,20260630,500974,284,27,13,0,0,
700975,20260630,500975,371,39,13,0,0,
700976,20260630,500976,174,11,4,0,0,
700977,20260630,500977,122,11,5,0,0,
700978,20260630,500978,267,23,15,0,0,
700979,20260630,500979,191,7,3,0,0,
700980,20260630,500980,434,24,4,0,0,
700981,20260630,500981,441,29,9,0,0,
700982,20260630,500982,109,4,0,0,0,
700983,20260630,500983,377,12,4,0,0,
700984,20260630,500984,331,20,13,0,0,
700985,20260630,500985,224,15,6,0,0,
700986,20260630,500986,500,32,16,0,0,
700987,20260630,500987,441,34,23,0,0,
700988,20260630,500988,287,19,9,0,0,
700989,20260630,500989,60,5,2,0,0,
700990,20260630,500990,400,33,15,0,0,
700991,20260630,500991,179,8,3,0,0,
700992,20260630,500992,147,15,4,0,0,
700993,20260630,500993,108,12,7,0,0,
700994,20260630,500994,151,5,1,0,0,
700995,20260630,500995,455,37,12,0,0,
700996,20260630,500996,348,23,4,0,0,
700997,20260630,500997,39,4,0,0,0,
700998,20260630,500998,213,16,9,0,0,
700999,20260630,500999,361,45,9,0,0,
701000,20260630,501000,230,27,14,0,0,
701001,20260630,501001,91,8,4,0,0,
701002,20260630,501002,82,3,1,0,0,
701003,20260630,501003,80,5,1,0,0,
701004,20260630,501004,312,24,10,0,0,
701005,20260630,501005,463,39,13,0,0,
701006,20260630,501006,423,19,9,0,0,
701007,20260630,501007,246,24,14,0,0,
701008,20260630,501008,486,44,16,0,0,
701009,20260630,501009,378,41,11,0,0,
701010,20260630,501010,231,25,8,0,0,
701011,20260630,501011,425,42,12,0,0,
701012,20260630,501012,214,23,11,0,0,
701013,20260630,501013,86,4,1,0,0,
701014,20260630,501014,229,21,10,0,0,
701015,20260630,501015,347,35,8,0,0,
701016,20260630,501016,114,12,5,0,0,
701017,20260630,501017,485,37,19,0,0,
701018,20260630,501018,210,7,4,0,0,
701019,20260630,501019,123,7,4,0,0,
701020,20260630,501020,482,27,12,0,0,
701021,20260630,501021,107,10,5,0,0,
701022,20260630,501022,134,16,8,0,0,
701023,20260630,501023,217,15,4,0,0,
701024,20260630,501024,387,44,19,0,0,
701025,20260630,501025,421,12,4,0,0,
701026,20260630,501026,277,27,13,0,0,
701027,20260630,501027,282,19,11,0,0,
701028,20260630,501028,449,18,10,0,0,
701029,20260630,501029,378,14,3,0,0,
701030,20260630,501030,243,26,12,0,0,
701031,20260630,501031,117,8,1,0,0,
701032,20260630,501032,53,5,1,0,0,
701033,20260630,501033,415,35,22,0,0,
701034,20260630,501034,379,8,4,0,0,
701035,20260630,501035,394,49,30,0,0,
701036,20260630,501036,126,6,2,0,0,
701037,20260630,501037,367,30,12,0,0,
701038,20260630,501038,375,34,7,0,0,
701039,20260630,501039,347,23,9,0,0,
701040,20260630,501040,339,25,14,0,0,
701041,20260630,501041,279,35,12,0,0,
701042,20260630,501042,380,46,24,0,0,
701043,20260630,501043,98,6,1,0,0,
701044,20260630,501044,353,12,3,0,0,
701045,20260630,501045,37,3,1,0,0,
701046,20260630,501046,153,3,1,0,0,
701047,20260630,501047,80,2,0,0,0,
701048,20260630,501048,236,5,1,0,0,
701049,20260630,501049,124,6,2,0,0,
701050,20260630,501050,497,59,22,0,0,
701051,20260630,501051,497,14,3,0,0,
701052,20260630,501052,263,26,16,0,0,
701053,20260630,501053,324,33,6,0,0,
701054,20260630,501054,245,8,2,0,0,
701055,20260630,501055,299,18,11,0,0,
701056,20260630,501056,247,21,7,0,0,
701057,20260630,501057,175,9,4,0,0,
701058,20260630,501058,194,6,2,0,0,
701059,20260630,501059,152,5,1,0,0,
701060,20260630,501060,290,14,3,0,0,
701061,20260630,501061,347,11,2,0,0,
701062,20260630,501062,209,22,13,0,0,
701063,20260630,501063,281,34,15,0,0,
701064,20260630,501064,154,4,0,0,0,
701065,20260630,501065,227,16,3,0,0,
701066,20260630,501066,264,29,13,0,0,
701067,20260630,501067,332,30,11,0,0,
701068,20260630,501068,411,15,5,0,0,
701069,20260630,501069,187,18,4,0,0,
701070,20260630,501070,47,2,0,0,0,
701071,20260630,501071,155,14,3,0,0,
701072,20260630,501072,240,7,4,0,0,
701073,20260630,501073,172,20,12,0,0,
701074,20260630,501074,349,12,3,0,0,
701075,20260630,501075,428,19,11,0,0,
701076,20260630,501076,317,21,10,0,0,
701077,20260630,501077,406,40,9,0,0,
701078,20260630,501078,149,7,4,0,0,
701079,20260630,501079,292,10,6,0,0,
701080,20260630,501080,130,3,0,0,0,
701081,20260630,501081,40,5,3,0,0,
701082,20260630,501082,240,5,2,0,0,
701083,20260630,501083,321,16,8,0,0,
701084,20260630,501084,134,16,10,0,0,
701085,20260630,501085,69,5,2,0,0,
701086,20260630,501086,233,6,4,0,0,
701087,20260630,501087,339,26,10,0,0,
701088,20260630,501088,391,25,8,0,0,
701089,20260630,501089,467,59,35,0,0,
701090,20260630,501090,343,39,15,0,0,
701091,20260630,501091,175,15,10,0,0,
701092,20260630,501092,78,3,0,0,0,
701093,20260630,501093,179,11,3,0,0,
701094,20260630,501094,459,22,14,0,0,
701095,20260630,501095,402,39,14,0,0,
701096,20260630,501096,334,29,12,0,0,
701097,20260630,501097,469,57,22,0,0,
701098,20260630,501098,262,33,20,0,0,
701099,20260630,501099,175,12,2,0,0,
701100,20260630,501100,79,5,3,0,0,
701101,20260630,501101,88,10,2,0,0,
701102,20260630,501102,389,15,6,0,0,
701103,20260630,501103,165,18,9,0,0,
701104,20260630,501104,274,10,6,0,0,
701105,20260630,501105,351,15,4,0,0,
701106,20260630,501106,168,17,4,0,0,
701107,20260630,501107,514,32,12,0,0,
701108,20260630,501108,40,2,0,0,0,
701109,20260630,501109,214,16,5,0,0,
701110,20260630,501110,384,35,22,0,0,
701111,20260630,501111,299,37,17,0,0,
701112,20260630,501112,303,15,5,0,0,
701113,20260630,501113,79,2,0,0,0,
701114,20260630,501114,402,44,18,0,0,
701115,20260630,501115,246,14,9,0,0,
701116,20260630,501116,235,21,12,0,0,
701117,20260630,501117,200,19,12,0,0,
701118,20260630,501118,190,14,9,0,0,
701119,20260630,501119,350,38,18,0,0,
701120,20260630,501120,133,7,4,0,0,
701121,20260630,501121,376,11,2,0,0,
701122,20260630,501122,169,21,15,0,0,
701123,20260630,501123,301,11,3,0,0,
701124,20260630,501124,72,4,0,0,0,
701125,20260630,501125,153,13,5,0,0,
701126,20260630,501126,291,12,2,0,0,
701127,20260630,501127,468,31,8,0,0,
701128,20260630,501128,150,6,2,0,0,
701129,20260630,501129,229,11,2,0,0,
701130,20260630,501130,207,6,2,0,0,
701131,20260630,501131,434,37,8,0,0,
701132,20260630,501132,227,5,2,0,0,
701133,20260630,501133,358,38,8,0,0,
701134,20260630,501134,203,15,4,0,0,
701135,20260630,501135,312,7,4,0,0,
701136,20260630,501136,153,16,9,0,0,
701137,20260630,501137,99,12,5,0,0,
701138,20260630,501138,329,35,9,0,0,
701139,20260630,501139,432,56,20,0,0,
701140,20260630,501140,513,35,17,0,0,
701141,20260630,501141,168,9,2,0,0,
701142,20260630,501142,177,13,8,0,0,
701143,20260630,501143,290,33,21,0,0,
701144,20260630,501144,192,13,7,0,0,
701145,20260630,501145,88,4,1,0,0,
701146,20260630,501146,136,13,7,0,0,
701147,20260630,501147,363,31,17,0,0,
701148,20260630,501148,471,24,12,0,0,
701149,20260630,501149,238,17,7,0,0,
701150,20260630,501150,131,13,7,0,0,
701151,20260630,501151,483,13,4,0,0,
701152,20260630,501152,366,41,7,0,0,
701153,20260630,501153,295,19,6,0,0,
701154,20260630,501154,285,15,7,0,0,
701155,20260630,501155,264,32,15,0,0,
701156,20260630,501156,200,20,12,0,0,
701157,20260630,501157,410,46,32,0,0,
701158,20260630,501158,404,41,22,0,0,
701159,20260630,501159,343,41,8,0,0,
701160,20260630,501160,313,30,7,0,0,
701161,20260630,501161,344,17,7,0,0,
701162,20260630,501162,291,12,6,0,0,
701163,20260630,501163,388,9,2,0,0,
701164,20260630,501164,103,12,3,0,0,
701165,20260630,501165,163,7,1,0,0,
701166,20260630,501166,205,11,5,0,0,
701167,20260630,501167,302,31,7,0,0,
701168,20260630,501168,317,14,5,0,0,
701169,20260630,501169,207,20,6,0,0,
701170,20260630,501170,193,11,5,0,0,
701171,20260630,501171,87,5,3,0,0,
701172,20260630,501172,310,33,19,0,0,
701173,20260630,501173,155,10,3,0,0,
701174,20260630,501174,77,5,1,0,0,
701175,20260630,501175,132,5,3,0,0,
701176,20260630,501176,386,47,16,0,0,
701177,20260630,501177,263,34,21,0,0,
701178,20260630,501178,230,27,10,0,0,
701179,20260630,501179,409,43,9,0,0,
701180,20260630,501180,369,42,13,0,0,
701181,20260630,501181,236,17,12,0,0,
701182,20260630,501182,98,5,3,0,0,
701183,20260630,501183,336,17,11,0,0,
701184,20260630,501184,316,27,5,0,0,
701185,20260630,501185,92,9,1,0,0,
701186,20260630,501186,268,32,9,0,0,
701187,20260630,501187,444,54,17,0,0,
701188,20260630,501188,415,16,9,0,0,
701189,20260630,501189,323,21,3,0,0,
701190,20260630,501190,455,28,12,0,0,
701191,20260630,501191,341,37,14,0,0,
701192,20260630,501192,264,21,4,0,0,
701193,20260630,501193,434,46,11,0,0,
701194,20260630,501194,38,4,1,0,0,
701195,20260630,501195,206,17,8,0,0,
701196,20260630,501196,415,36,24,0,0,
701197,20260630,501197,197,4,1,0,0,
701198,20260630,501198,98,5,1,0,0,
701199,20260630,501199,340,24,16,0,0,
701200,20260630,501200,148,6,3,0,0,
701201,20260630,501201,387,41,17,0,0,
701202,20260630,501202,355,26,13,0,0,
701203,20260630,501203,162,6,1,0,0,
701204,20260630,501204,161,11,3,0,0,
701205,20260630,501205,384,10,5,0,0,
701206,20260630,501206,178,16,4,0,0,
701207,20260630,501207,432,10,5,0,0,
701208,20260630,501208,165,18,8,0,0,
701209,20260630,501209,140,10,5,0,0,
701210,20260630,501210,126,4,2,0,0,
701211,20260630,501211,142,4,1,0,0,
701212,20260630,501212,279,14,9,0,0,
701213,20260630,501213,351,24,13,0,0,
701214,20260630,501214,366,43,13,0,0,
701215,20260630,501215,102,13,7,0,0,
701216,20260630,501216,409,45,23,0,0,
701217,20260630,501217,194,15,3,0,0,
701218,20260630,501218,369,29,8,0,0,
701219,20260630,501219,296,30,10,0,0,
701220,20260630,501220,132,11,2,0,0,
701221,20260630,501221,132,3,1,0,0,
701222,20260630,501222,382,31,17,0,0,
701223,20260630,501223,184,20,12,0,0,
701224,20260630,501224,286,23,8,0,0,
701225,20260630,501225,275,23,5,0,0,
701226,20260630,501226,290,19,8,0,0,
701227,20260630,501227,248,31,19,0,0,
701228,20260630,501228,63,7,4,0,0,
701229,20260630,501229,53,5,3,0,0,
701230,20260630,501230,445,14,9,0,0,
701231,20260630,501231,153,5,2,0,0,
701232,20260630,501232,221,17,5,0,0,
701233,20260630,501233,330,17,9,0,0,
701234,20260630,501234,159,8,4,0,0,
701235,20260630,501235,153,18,8,0,0,
701236,20260630,501236,327,39,19,0,0,
701237,20260630,501237,410,33,8,0,0,
701238,20260630,501238,277,20,3,0,0,
701239,20260630,501239,261,17,5,0,0,
701240,20260630,501240,110,5,1,0,0,
701241,20260630,501241,132,9,1,0,0,
701242,20260630,501242,395,45,29,0,0,
701243,20260630,501243,152,18,9,0,0,
701244,20260630,501244,372,42,11,0,0,
701245,20260630,501245,220,17,4,0,0,
701246,20260630,501246,237,15,10,0,0,
701247,20260630,501247,242,24,11,0,0,
701248,20260630,501248,285,15,6,0,0,
701249,20260630,501249,271,35,15,0,0,
701250,20260630,501250,212,18,7,0,0,
701251,20260630,501251,36,3,1,0,0,
701252,20260630,501252,161,11,2,0,0,
701253,20260630,501253,166,19,3,0,0,
701254,20260630,501254,334,21,10,0,0,
701255,20260630,501255,96,6,1,0,0,
701256,20260630,501256,274,18,4,0,0,
701257,20260630,501257,60,7,3,0,0,
701258,20260630,501258,324,25,8,0,0,
701259,20260630,501259,173,22,4,0,0,
701260,20260630,501260,469,59,18,0,0,
701261,20260630,501261,100,8,3,0,0,
701262,20260630,501262,175,4,2,0,0,
701263,20260630,501263,314,25,9,0,0,
701264,20260630,501264,249,7,4,0,0,
701265,20260630,501265,188,21,14,0,0,
701266,20260630,501266,400,35,16,0,0,
701267,20260630,501267,153,15,9,0,0,
701268,20260630,501268,22,2,1,0,0,
701269,20260630,501269,276,16,6,0,0,
701270,20260630,501270,424,39,14,0,0,
701271,20260630,501271,111,12,3,0,0,
701272,20260630,501272,95,6,2,0,0,
701273,20260630,501273,103,4,1,0,0,
701274,20260630,501274,477,37,21,0,0,
701275,20260630,501275,219,26,14,0,0,
701276,20260630,501276,214,7,4,0,0,
701277,20260630,501277,254,9,3,0,0,
701278,20260630,501278,168,16,4,0,0,
701279,20260630,501279,190,19,12,0,0,
701280,20260630,501280,489,47,9,0,0,
701281,20260630,501281,267,10,6,0,0,
701282,20260630,501282,296,13,7,0,0,
701283,20260630,501283,346,36,13,0,0,
701284,20260630,501284,110,11,4,0,0,
701285,20260630,501285,325,25,4,0,0,
701286,20260630,501286,24,2,1,0,0,
701287,20260630,501287,144,5,2,0,0,
701288,20260630,501288,309,20,6,0,0,
701289,20260630,501289,152,3,1,0,0,
701290,20260630,501290,168,12,5,0,0,
701291,20260630,501291,283,14,7,0,0,
701292,20260630,501292,318,11,7,0,0,
701293,20260630,501293,378,10,3,0,0,
701294,20260630,501294,389,24,8,0,0,
701295,20260630,501295,422,38,22,0,0,
701296,20260630,501296,184,15,7,0,0,
701297,20260630,501297,337,17,5,0,0,
701298,20260630,501298,400,42,21,0,0,
701299,20260630,501299,108,3,1,0,0,
701300,20260630,501300,421,15,3,0,0,
701301,20260630,501301,203,6,2,0,0,
701302,20260630,501302,180,21,12,0,0,
701303,20260630,501303,202,17,9,0,0,
701304,20260630,501304,154,16,6,0,0,
701305,20260630,501305,290,29,12,0,0,
701306,20260630,501306,227,9,3,0,0,
701307,20260630,501307,425,14,6,0,0,
701308,20260630,501308,282,19,5,0,0,
701309,20260630,501309,242,17,12,0,0,
701310,20260630,501310,212,7,2,0,0,
701311,20260630,501311,166,9,5,0,0,
701312,20260630,501312,373,20,11,0,0,
701313,20260630,501313,315,27,6,0,0,
701314,20260630,501314,377,11,2,0,0,
701315,20260630,501315,282,18,7,0,0,
701316,20260630,501316,170,6,2,0,0,
701317,20260630,501317,346,40,20,0,0,
701318,20260630,501318,263,21,7,0,0,
701319,20260630,501319,49,4,2,0,0,
701320,20260630,501320,366,47,28,0,0,
701321,20260630,501321,401,18,6,0,0,
701322,20260630,501322,448,50,27,0,0,
701323,20260630,501323,212,4,1,0,0,
701324,20260630,501324,305,8,3,0,0,
701325,20260630,501325,107,2,1,0,0,
701326,20260630,501326,55,1,0,0,0,
701327,20260630,501327,224,17,11,0,0,
701328,20260630,501328,260,18,10,0,0,
701329,20260630,501329,178,14,5,0,0,
701330,20260630,501330,158,19,3,0,0,
701331,20260630,501331,346,13,4,0,0,
701332,20260630,501332,169,18,5,0,0,
701333,20260630,501333,342,38,8,0,0,
701334,20260630,501334,52,1,0,0,0,
701335,20260630,501335,156,5,3,0,0,
701336,20260630,501336,378,24,7,0,0,
701337,20260630,501337,172,21,10,0,0,
701338,20260630,501338,380,46,13,0,0,
701339,20260630,501339,413,20,4,0,0,
701340,20260630,501340,386,17,8,0,0,
701341,20260630,501341,489,40,7,0,0,
701342,20260630,501342,471,12,5,0,0,
701343,20260630,501343,212,19,12,0,0,
701344,20260630,501344,232,17,9,0,0,
701345,20260630,501345,82,3,1,0,0,
701346,20260630,501346,200,22,8,0,0,
701347,20260630,501347,321,6,3,0,0,
701348,20260630,501348,227,5,2,0,0,
701349,20260630,501349,298,20,4,0,0,
701350,20260630,501350,507,41,13,0,0,
701351,20260630,501351,262,23,9,0,0,
701352,20260630,501352,351,7,3,0,0,
701353,20260630,501353,248,7,2,0,0,
701354,20260630,501354,231,22,10,0,0,
701355,20260630,501355,187,11,3,0,0,
701356,20260630,501356,228,16,7,0,0,
701357,20260630,501357,196,17,8,0,0,
701358,20260630,501358,30,2,0,0,0,
701359,20260630,501359,401,8,2,0,0,
701360,20260630,501360,208,14,5,0,0,
701361,20260630,501361,287,25,15,0,0,
701362,20260630,501362,368,12,2,0,0,
701363,20260630,501363,359,34,18,0,0,
701364,20260630,501364,282,29,9,0,0,
701365,20260630,501365,371,31,10,0,0,
701366,20260630,501366,331,23,4,0,0,
701367,20260630,501367,345,19,6,0,0,
701368,20260630,501368,113,7,1,0,0,
701369,20260630,501369,202,11,3,0,0,
701370,20260630,501370,253,16,8,0,0,
701371,20260630,501371,169,20,5,0,0,
701372,20260630,501372,326,15,7,0,0,
701373,20260630,501373,355,21,4,0,0,
701374,20260630,501374,422,50,26,0,0,
701375,20260630,501375,314,34,11,0,0,
701376,20260630,501376,379,7,1,0,0,
701377,20260630,501377,375,22,10,0,0,
701378,20260630,501378,195,16,9,0,0,
701379,20260630,501379,469,44,8,0,0,
701380,20260630,501380,387,37,12,0,0,
701381,20260630,501381,155,17,3,0,0,
701382,20260630,501382,222,12,6,0,0,
701383,20260630,501383,209,18,10,0,0,
701384,20260630,501384,136,7,3,0,0,
701385,20260630,501385,312,39,20,0,0,
701386,20260630,501386,147,5,1,0,0,
701387,20260630,501387,178,15,10,0,0,
701388,20260630,501388,311,9,1,0,0,
701389,20260630,501389,414,40,28,0,0,
701390,20260630,501390,192,23,12,0,0,
701391,20260630,501391,335,41,12,0,0,
701392,20260630,501392,291,29,17,0,0,
701393,20260630,501393,307,31,14,0,0,
701394,20260630,501394,422,35,9,0,0,
701395,20260630,501395,322,15,2,0,0,
701396,20260630,501396,344,22,13,0,0,
701397,20260630,501397,358,14,5,0,0,
701398,20260630,501398,130,15,7,0,0,
701399,20260630,501399,90,9,2,0,0,
701400,20260630,501400,220,6,2,0,0,
701401,20260630,501401,354,44,12,0,0,
701402,20260630,501402,141,13,9,0,0,
701403,20260630,501403,388,26,11,0,0,
701404,20260630,501404,351,20,12,0,0,
701405,20260630,501405,197,7,3,0,0,
701406,20260630,501406,197,11,7,0,0,
701407,20260630,501407,378,33,20,0,0,
701408,20260630,501408,159,6,2,0,0,
701409,20260630,501409,173,21,13,0,0,
701410,20260630,501410,248,14,9,0,0,
701411,20260630,501411,238,17,7,0,0,
701412,20260630,501412,462,37,21,0,0,
701413,20260630,501413,222,22,5,0,0,
701414,20260630,501414,96,10,4,0,0,
701415,20260630,501415,128,14,6,0,0,
701416,20260630,501416,345,35,13,0,0,
701417,20260630,501417,99,9,2,0,0,
701418,20260630,501418,421,13,4,0,0,
701419,20260630,501419,214,18,5,0,0,
701420,20260630,501420,214,18,12,0,0,
701421,20260630,501421,215,17,3,0,0,
701422,20260630,501422,289,14,8,0,0,
701423,20260630,501423,308,28,6,0,0,
701424,20260630,501424,347,19,8,0,0,
701425,20260630,501425,353,40,15,0,0,
701426,20260630,501426,276,19,6,0,0,
701427,20260630,501427,298,15,7,0,0,
701428,20260630,501428,322,25,15,0,0,
701429,20260630,501429,500,14,6,0,0,
701430,20260630,501430,184,22,13,0,0,
701431,20260630,501431,247,19,4,0,0,
701432,20260630,501432,272,17,4,0,0,
701433,20260630,501433,293,18,6,0,0,
701434,20260630,501434,101,9,5,0,0,
701435,20260630,501435,328,7,4,0,0,
701436,20260630,501436,187,18,6,0,0,
701437,20260630,501437,179,3,1,0,0,
701438,20260630,501438,291,30,11,0,0,
701439,20260630,501439,160,9,2,0,0,
701440,20260630,501440,75,2,0,0,0,
701441,20260630,501441,53,1,0,0,0,
701442,20260630,501442,189,10,7,0,0,
701443,20260630,501443,379,36,20,0,0,
701444,20260630,501444,446,28,11,0,0,
701445,20260630,501445,197,10,2,0,0,
701446,20260630,501446,338,20,7,0,0,
701447,20260630,501447,431,12,5,0,0,
701448,20260630,501448,428,52,35,0,0,
701449,20260630,501449,185,22,5,0,0,
701450,20260630,501450,413,34,21,0,0,
701451,20260630,501451,255,5,2,0,0,
701452,20260630,501452,138,14,9,0,0,
701453,20260630,501453,223,11,7,0,0,
701454,20260630,501454,376,19,5,0,0,
701455,20260630,501455,41,3,0,0,0,
701456,20260630,501456,451,22,13,0,0,
701457,20260630,501457,193,19,11,0,0,
701458,20260630,501458,243,18,9,0,0,
701459,20260630,501459,246,6,1,0,0,
701460,20260630,501460,209,22,11,0,0,
701461,20260630,501461,135,8,2,0,0,
701462,20260630,501462,104,11,6,0,0,
701463,20260630,501463,104,13,7,0,0,
701464,20260630,501464,22,2,0,0,0,
701465,20260630,501465,185,5,3,0,0,
701466,20260630,501466,279,26,16,0,0,
701467,20260630,501467,192,20,12,0,0,
701468,20260630,501468,133,11,3,0,0,
701469,20260630,501469,334,25,8,0,0,
701470,20260630,501470,466,33,7,0,0,
701471,20260630,501471,121,5,1,0,0,
701472,20260630,501472,471,45,12,0,0,
701473,20260630,501473,138,9,4,0,0,
701474,20260630,501474,494,63,19,0,0,
701475,20260630,501475,391,33,8,0,0,
701476,20260630,501476,529,30,9,0,0,
701477,20260630,501477,167,12,3,0,0,
701478,20260630,501478,237,13,6,0,0,
701479,20260630,501479,355,24,12,0,0,
701480,20260630,501480,70,7,3,0,0,
701481,20260630,501481,351,9,2,0,0,
701482,20260630,501482,390,48,32,0,0,
701483,20260630,501483,150,13,3,0,0,
701484,20260630,501484,354,20,6,0,0,
701485,20260630,501485,370,18,3,0,0,
701486,20260630,501486,84,8,2,0,0,
701487,20260630,501487,294,16,5,0,0,
701488,20260630,501488,260,11,5,0,0,
701489,20260630,501489,329,21,5,0,0,
701490,20260630,501490,276,5,2,0,0,
701491,20260630,501491,372,43,8,0,0,
701492,20260630,501492,377,22,9,0,0,
701493,20260630,501493,142,9,2,0,0,
701494,20260630,501494,258,29,18,0,0,
701495,20260630,501495,189,8,4,0,0,
701496,20260630,501496,376,38,22,0,0,
701497,20260630,501497,325,7,3,0,0,
701498,20260630,501498,437,28,14,0,0,
701499,20260630,501499,335,40,11,0,0,
701500,20260630,501500,169,21,12,0,0,
701501,20260630,501501,490,56,19,0,0,
701502,20260630,501502,400,29,8,0,0,
701503,20260630,501503,186,21,5,0,0,
701504,20260630,501504,310,20,9,0,0,
701505,20260630,501505,228,28,16,0,0,
701506,20260630,501506,294,26,10,0,0,
701507,20260630,501507,460,32,17,0,0,
701508,20260630,501508,140,9,3,0,0,
701509,20260630,501509,273,33,7,0,0,
701510,20260630,501510,197,13,9,0,0,
701511,20260630,501511,410,42,19,0,0,
701512,20260630,501512,415,36,8,0,0,
701513,20260630,501513,278,9,5,0,0,
701514,20260630,501514,424,46,29,0,0,
701515,20260630,501515,171,17,10,0,0,
701516,20260630,501516,131,11,6,0,0,
701517,20260630,501517,265,11,2,0,0,
701518,20260630,501518,221,22,8,0,0,
701519,20260630,501519,100,3,0,0,0,
701520,20260630,501520,100,10,7,0,0,
701521,20260630,501521,425,21,11,0,0,
701522,20260630,501522,318,33,11,0,0,
701523,20260630,501523,131,16,3,0,0,
701524,20260630,501524,168,16,7,0,0,
701525,20260630,501525,297,31,5,0,0,
701526,20260630,501526,384,12,6,0,0,
701527,20260630,501527,242,7,4,0,0,
701528,20260630,501528,260,17,5,0,0,
701529,20260630,501529,344,30,17,0,0,
701530,20260630,501530,214,10,3,0,0,
701531,20260630,501531,262,26,17,0,0,
701532,20260630,501532,322,23,9,0,0,
701533,20260630,501533,506,24,14,0,0,
701534,20260630,501534,312,17,6,0,0,
701535,20260630,501535,236,15,7,0,0,
701536,20260630,501536,413,42,23,0,0,
701537,20260630,501537,124,14,8,0,0,
701538,20260630,501538,158,18,9,0,0,
701539,20260630,501539,93,11,5,0,0,
701540,20260630,501540,297,29,15,0,0,
701541,20260630,501541,144,4,1,0,0,
701542,20260630,501542,447,27,14,0,0,
701543,20260630,501543,162,19,12,0,0,
701544,20260630,501544,130,11,7,0,0,
701545,20260630,501545,141,12,2,0,0,
701546,20260630,501546,238,21,12,0,0,
701547,20260630,501547,165,20,13,0,0,
701548,20260630,501548,158,7,3,0,0,
701549,20260630,501549,305,24,7,0,0,
701550,20260630,501550,470,41,11,0,0,
701551,20260630,501551,424,25,10,0,0,
701552,20260630,501552,230,26,17,0,0,
701553,20260630,501553,93,3,1,0,0,
701554,20260630,501554,218,10,4,0,0,
701555,20260630,501555,379,41,29,0,0,
701556,20260630,501556,267,22,10,0,0,
701557,20260630,501557,190,23,13,0,0,
701558,20260630,501558,517,44,11,0,0,
701559,20260630,501559,216,18,7,0,0,
701560,20260630,501560,132,16,3,0,0,
701561,20260630,501561,75,5,3,0,0,
701562,20260630,501562,147,11,4,0,0,
701563,20260630,501563,176,5,2,0,0,
701564,20260630,501564,332,23,12,0,0,
701565,20260630,501565,58,2,0,0,0,
701566,20260630,501566,323,33,6,0,0,
701567,20260630,501567,253,10,5,0,0,
701568,20260630,501568,414,22,12,0,0,
701569,20260630,501569,88,4,2,0,0,
701570,20260630,501570,139,12,6,0,0,
701571,20260630,501571,336,6,1,0,0,
701572,20260630,501572,482,42,23,0,0,
701573,20260630,501573,213,5,2,0,0,
701574,20260630,501574,164,8,3,0,0,
701575,20260630,501575,143,7,2,0,0,
701576,20260630,501576,189,4,2,0,0,
701577,20260630,501577,330,28,8,0,0,
701578,20260630,501578,94,10,6,0,0,
701579,20260630,501579,194,7,3,0,0,
701580,20260630,501580,228,15,9,0,0,
701581,20260630,501581,255,28,19,0,0,
701582,20260630,501582,188,24,14,0,0,
701583,20260630,501583,184,4,1,0,0,
701584,20260630,501584,465,15,6,0,0,
701585,20260630,501585,209,25,6,0,0,
701586,20260630,501586,215,4,2,0,0,
701587,20260630,501587,294,32,5,0,0,
701588,20260630,501588,362,37,13,0,0,
701589,20260630,501589,263,33,15,0,0,
701590,20260630,501590,204,13,3,0,0,
701591,20260630,501591,70,3,1,0,0,
701592,20260630,501592,151,4,1,0,0,
701593,20260630,501593,278,26,12,0,0,
701594,20260630,501594,182,23,8,0,0,
701595,20260630,501595,184,4,0,0,0,
701596,20260630,501596,493,45,20,0,0,
701597,20260630,501597,211,13,2,0,0,
701598,20260630,501598,359,18,8,0,0,
701599,20260630,501599,111,11,3,0,0,
701600,20260630,501600,128,2,0,0,0,
701601,20260630,501601,168,7,1,0,0,
701602,20260630,501602,386,49,21,0,0,
701603,20260630,501603,409,23,15,0,0,
701604,20260630,501604,75,5,1,0,0,
701605,20260630,501605,167,13,8,0,0,
701606,20260630,501606,141,17,8,0,0,
701607,20260630,501607,148,7,1,0,0,
701608,20260630,501608,316,37,9,0,0,
701609,20260630,501609,159,10,6,0,0,
701610,20260630,501610,338,33,23,0,0,
701611,20260630,501611,193,18,6,0,0,
701612,20260630,501612,392,15,3,0,0,
701613,20260630,501613,303,15,3,0,0,
701614,20260630,501614,158,16,8,0,0,
701615,20260630,501615,168,10,5,0,0,
701616,20260630,501616,355,31,8,0,0,
701617,20260630,501617,401,34,6,0,0,
701618,20260630,501618,103,13,5,0,0,
701619,20260630,501619,364,8,3,0,0,
701620,20260630,501620,197,15,3,0,0,
701621,20260630,501621,403,15,5,0,0,
701622,20260630,501622,321,29,16,0,0,
701623,20260630,501623,257,21,14,0,0,
701624,20260630,501624,90,11,6,0,0,
701625,20260630,501625,31,1,0,0,0,
701626,20260630,501626,419,15,3,0,0,
701627,20260630,501627,372,11,3,0,0,
701628,20260630,501628,401,42,7,0,0,
701629,20260630,501629,262,15,5,0,0,
701630,20260630,501630,178,14,6,0,0,
701631,20260630,501631,454,53,11,0,0,
701632,20260630,501632,433,19,3,0,0,
701633,20260630,501633,448,31,19,0,0,
701634,20260630,501634,18,1,0,0,0,
701635,20260630,501635,320,39,23,0,0,
701636,20260630,501636,200,14,7,0,0,
701637,20260630,501637,460,51,14,0,0,
701638,20260630,501638,313,8,2,0,0,
701639,20260630,501639,306,17,3,0,0,
701640,20260630,501640,95,5,3,0,0,
701641,20260630,501641,168,3,1,0,0,
701642,20260630,501642,384,29,11,0,0,
701643,20260630,501643,334,17,9,0,0,
701644,20260630,501644,443,55,21,0,0,
701645,20260630,501645,217,6,2,0,0,
701646,20260630,501646,180,15,8,0,0,
701647,20260630,501647,415,12,5,0,0,
701648,20260630,501648,157,18,7,0,0,
701649,20260630,501649,197,24,4,0,0,
701650,20260630,501650,358,33,18,0,0,
701651,20260630,501651,327,21,11,0,0,
701652,20260630,501652,231,20,8,0,0,
701653,20260630,501653,258,22,12,0,0,
701654,20260630,501654,362,38,14,0,0,
701655,20260630,501655,293,24,16,0,0,
701656,20260630,501656,320,10,4,0,0,
701657,20260630,501657,292,15,7,0,0,
701658,20260630,501658,462,34,12,0,0,
701659,20260630,501659,167,5,3,0,0,
701660,20260630,501660,401,23,9,0,0,
701661,20260630,501661,432,16,4,0,0,
701662,20260630,501662,227,13,4,0,0,
701663,20260630,501663,272,7,4,0,0,
701664,20260630,501664,293,13,4,0,0,
701665,20260630,501665,184,16,4,0,0,
701666,20260630,501666,298,18,11,0,0,
701667,20260630,501667,139,6,1,0,0,
701668,20260630,501668,216,8,2,0,0,
701669,20260630,501669,364,40,25,0,0,
701670,20260630,501670,456,49,18,0,0,
701671,20260630,501671,418,29,16,0,0,
701672,20260630,501672,278,14,7,0,0,
701673,20260630,501673,357,12,5,0,0,
701674,20260630,501674,102,4,0,0,0,
701675,20260630,501675,164,4,1,0,0,
701676,20260630,501676,355,13,7,0,0,
701677,20260630,501677,379,35,24,0,0,
701678,20260630,501678,292,35,8,0,0,
701679,20260630,501679,169,9,3,0,0,
701680,20260630,501680,382,45,12,0,0,
701681,20260630,501681,336,15,9,0,0,
701682,20260630,501682,411,22,13,0,0,
701683,20260630,501683,139,15,10,0,0,
701684,20260630,501684,302,23,8,0,0,
701685,20260630,501685,266,11,7,0,0,
701686,20260630,501686,496,26,18,0,0,
701687,20260630,501687,217,22,12,0,0,
701688,20260630,501688,462,32,8,0,0,
701689,20260630,501689,290,16,7,0,0,
701690,20260630,501690,141,8,2,0,0,
701691,20260630,501691,255,30,18,0,0,
701692,20260630,501692,435,53,10,0,0,
701693,20260630,501693,350,31,19,0,0,
701694,20260630,501694,438,29,17,0,0,
701695,20260630,501695,315,39,10,0,0,
701696,20260630,501696,294,13,5,0,0,
701697,20260630,501697,322,17,10,0,0,
701698,20260630,501698,225,9,2,0,0,
701699,20260630,501699,290,14,2,0,0,
701700,20260630,501700,337,16,8,0,0,
701701,20260630,501701,78,3,1,0,0,
701702,20260630,501702,72,5,2,0,0,
701703,20260630,501703,83,7,3,0,0,
701704,20260630,501704,415,49,16,0,0,
701705,20260630,501705,388,48,22,0,0,
701706,20260630,501706,120,8,1,0,0,
701707,20260630,501707,322,20,7,0,0,
701708,20260630,501708,264,33,15,0,0,
701709,20260630,501709,446,13,4,0,0,
701710,20260630,501710,252,32,18,0,0,
701711,20260630,501711,488,9,3,0,0,
701712,20260630,501712,329,37,6,0,0,
701713,20260630,501713,178,16,10,0,0,
701714,20260630,501714,461,36,7,0,0,
701715,20260630,501715,370,26,12,0,0,
701716,20260630,501716,176,19,5,0,0,
701717,20260630,501717,340,33,21,0,0,
701718,20260630,501718,246,28,9,0,0,
701719,20260630,501719,310,22,6,0,0,
701720,20260630,501720,33,3,2,0,0,
701721,20260630,501721,148,3,1,0,0,
701722,20260630,501722,505,59,19,0,0,
701723,20260630,501723,173,5,3,0,0,
701724,20260630,501724,380,15,6,0,0,
701725,20260630,501725,450,21,4,0,0,
701726,20260630,501726,58,4,2,0,0,
701727,20260630,501727,255,17,8,0,0,
701728,20260630,501728,431,34,24,0,0,
701729,20260630,501729,228,9,5,0,0,
701730,20260630,501730,350,41,12,0,0,
701731,20260630,501731,336,17,11,0,0,
701732,20260630,501732,52,5,2,0,0,
701733,20260630,501733,88,6,1,0,0,
701734,20260630,501734,389,40,13,0,0,
701735,20260630,501735,334,34,21,0,0,
701736,20260630,501736,73,5,2,0,0,
701737,20260630,501737,264,11,5,0,0,
701738,20260630,501738,466,43,10,0,0,
701739,20260630,501739,531,14,8,0,0,
701740,20260630,501740,497,38,12,0,0,
701741,20260630,501741,139,12,4,0,0,
701742,20260630,501742,22,1,0,0,0,
701743,20260630,501743,383,36,6,0,0,
701744,20260630,501744,297,37,7,0,0,
701745,20260630,501745,223,27,7,0,0,
701746,20260630,501746,323,13,8,0,0,
701747,20260630,501747,240,26,8,0,0,
701748,20260630,501748,264,11,2,0,0,
701749,20260630,501749,156,7,2,0,0,
701750,20260630,501750,294,18,5,0,0,
701751,20260630,501751,280,20,4,0,0,
701752,20260630,501752,160,7,2,0,0,
701753,20260630,501753,162,12,2,0,0,
701754,20260630,501754,213,18,9,0,0,
701755,20260630,501755,127,9,5,0,0,
701756,20260630,501756,191,7,3,0,0,
701757,20260630,501757,291,13,9,0,0,
701758,20260630,501758,244,11,4,0,0,
701759,20260630,501759,316,30,19,0,0,
701760,20260630,501760,73,6,2,0,0,
701761,20260630,501761,251,9,2,0,0,
701762,20260630,501762,114,14,2,0,0,
701763,20260630,501763,245,13,4,0,0,
701764,20260630,501764,119,5,1,0,0,
701765,20260630,501765,342,43,14,0,0,
701766,20260630,501766,451,54,23,0,0,
701767,20260630,501767,330,25,7,0,0,
701768,20260630,501768,87,7,4,0,0,
701769,20260630,501769,297,22,15,0,0,
701770,20260630,501770,355,20,3,0,0,
701771,20260630,501771,461,47,30,0,0,
701772,20260630,501772,166,15,9,0,0,
701773,20260630,501773,484,55,10,0,0,
701774,20260630,501774,102,6,1,0,0,
701775,20260630,501775,377,48,21,0,0,
701776,20260630,501776,423,28,13,0,0,
701777,20260630,501777,232,6,3,0,0,
701778,20260630,501778,158,3,1,0,0,
701779,20260630,501779,249,15,4,0,0,
701780,20260630,501780,192,18,6,0,0,
701781,20260630,501781,343,16,6,0,0,
701782,20260630,501782,233,10,6,0,0,
701783,20260630,501783,258,27,8,0,0,
701784,20260630,501784,423,32,6,0,0,
701785,20260630,501785,419,45,11,0,0,
701786,20260630,501786,382,15,6,0,0,
701787,20260630,501787,241,7,2,0,0,
701788,20260630,501788,93,7,4,0,0,
701789,20260630,501789,503,15,9,0,0,
701790,20260630,501790,416,43,9,0,0,
701791,20260630,501791,30,1,0,0,0,
701792,20260630,501792,231,21,15,0,0,
701793,20260630,501793,156,6,2,0,0,
701794,20260630,501794,290,34,20,0,0,
701795,20260630,501795,398,43,20,0,0,
701796,20260630,501796,80,6,3,0,0,
701797,20260630,501797,218,6,1,0,0,
701798,20260630,501798,125,5,1,0,0,
701799,20260630,501799,153,6,4,0,0,
701800,20260630,501800,191,16,3,0,0,
701801,20260630,501801,221,12,4,0,0,
701802,20260630,501802,227,13,9,0,0,
701803,20260630,501803,386,41,23,0,0,
701804,20260630,501804,386,20,14,0,0,
701805,20260630,501805,70,3,0,0,0,
701806,20260630,501806,20,1,0,0,0,
701807,20260630,501807,251,6,4,0,0,
701808,20260630,501808,347,37,16,0,0,
701809,20260630,501809,309,37,23,0,0,
701810,20260630,501810,445,47,13,0,0,
701811,20260630,501811,331,13,3,0,0,
701812,20260630,501812,153,14,8,0,0,
701813,20260630,501813,285,28,7,0,0,
701814,20260630,501814,118,3,0,0,0,
701815,20260630,501815,338,35,14,0,0,
701816,20260630,501816,254,6,3,0,0,
701817,20260630,501817,369,34,18,0,0,
701818,20260630,501818,57,4,1,0,0,
701819,20260630,501819,197,5,3,0,0,
701820,20260630,501820,224,8,1,0,0,
701821,20260630,501821,20,0,0,0,0,
701822,20260630,501822,364,17,4,0,0,
701823,20260630,501823,206,20,9,0,0,
701824,20260630,501824,146,16,6,0,0,
701825,20260630,501825,82,6,3,0,0,
701826,20260630,501826,224,27,11,0,0,
701827,20260630,501827,302,10,2,0,0,
701828,20260630,501828,390,19,10,0,0,
701829,20260630,501829,356,12,5,0,0,
701830,20260630,501830,309,16,10,0,0,
701831,20260630,501831,185,10,3,0,0,
701832,20260630,501832,232,6,1,0,0,
701833,20260630,501833,217,21,14,0,0,
701834,20260630,501834,74,1,0,0,0,
701835,20260630,501835,362,37,7,0,0,
701836,20260630,501836,279,10,4,0,0,
701837,20260630,501837,305,38,19,0,0,
701838,20260630,501838,391,16,9,0,0,
701839,20260630,501839,205,24,4,0,0,
701840,20260630,501840,438,48,11,0,0,
701841,20260630,501841,307,26,7,0,0,
701842,20260630,501842,134,5,3,0,0,
701843,20260630,501843,425,38,9,0,0,
701844,20260630,501844,222,17,3,0,0,
701845,20260630,501845,85,7,3,0,0,
701846,20260630,501846,82,4,2,0,0,
701847,20260630,501847,116,7,2,0,0,
701848,20260630,501848,177,18,7,0,0,
701849,20260630,501849,18,0,0,0,0,
701850,20260630,501850,142,7,4,0,0,
701851,20260630,501851,105,12,3,0,0,
701852,20260630,501852,186,21,8,0,0,
701853,20260630,501853,383,31,22,0,0,
701854,20260630,501854,252,18,7,0,0,
701855,20260630,501855,157,16,4,0,0,
701856,20260630,501856,408,17,10,0,0,
701857,20260630,501857,240,10,4,0,0,
701858,20260630,501858,119,8,2,0,0,
701859,20260630,501859,49,3,0,0,0,
701860,20260630,501860,35,3,1,0,0,
701861,20260630,501861,163,19,6,0,0,
701862,20260630,501862,384,26,6,0,0,
701863,20260630,501863,299,30,13,0,0,
701864,20260630,501864,278,35,20,0,0,
701865,20260630,501865,369,25,5,0,0,
701866,20260630,501866,197,14,8,0,0,
701867,20260630,501867,462,10,3,0,0,
701868,20260630,501868,297,25,12,0,0,
701869,20260630,501869,251,25,11,0,0,
701870,20260630,501870,364,33,14,0,0,
701871,20260630,501871,370,12,6,0,0,
701872,20260630,501872,284,34,19,0,0,
701873,20260630,501873,500,39,8,0,0,
701874,20260630,501874,287,19,4,0,0,
701875,20260630,501875,146,18,4,0,0,
701876,20260630,501876,189,4,2,0,0,
701877,20260630,501877,438,20,7,0,0,
701878,20260630,501878,386,45,30,0,0,
701879,20260630,501879,121,13,3,0,0,
701880,20260630,501880,334,33,21,0,0,
701881,20260630,501881,194,23,12,0,0,
701882,20260630,501882,133,9,4,0,0,
701883,20260630,501883,59,4,2,0,0,
701884,20260630,501884,423,46,13,0,0,
701885,20260630,501885,339,24,14,0,0,
701886,20260630,501886,262,14,6,0,0,
701887,20260630,501887,201,11,3,0,0,
701888,20260630,501888,65,5,1,0,0,
701889,20260630,501889,163,7,3,0,0,
701890,20260630,501890,356,13,6,0,0,
701891,20260630,501891,227,28,9,0,0,
701892,20260630,501892,341,26,18,0,0,
701893,20260630,501893,204,22,13,0,0,
701894,20260630,501894,486,41,9,0,0,
701895,20260630,501895,492,63,21,0,0,
701896,20260630,501896,523,13,6,0,0,
701897,20260630,501897,136,13,6,0,0,
701898,20260630,501898,196,23,6,0,0,
701899,20260630,501899,365,43,14,0,0,
701900,20260630,501900,286,36,12,0,0,
701901,20260630,501901,358,26,17,0,0,
701902,20260630,501902,351,43,21,0,0,
701903,20260630,501903,332,33,23,0,0,
701904,20260630,501904,236,9,3,0,0,
701905,20260630,501905,310,22,11,0,0,
701906,20260630,501906,157,4,1,0,0,
701907,20260630,501907,246,20,3,0,0,
701908,20260630,501908,353,14,6,0,0,
701909,20260630,501909,347,33,14,0,0,
701910,20260630,501910,175,21,4,0,0,
701911,20260630,501911,53,2,0,0,0,
701912,20260630,501912,354,19,6,0,0,
701913,20260630,501913,351,23,13,0,0,
701914,20260630,501914,405,26,6,0,0,
701915,20260630,501915,233,8,2,0,0,
701916,20260630,501916,375,15,7,0,0,
701917,20260630,501917,79,4,1,0,0,
701918,20260630,501918,190,14,6,0,0,
701919,20260630,501919,192,19,13,0,0,
701920,20260630,501920,178,19,11,0,0,
701921,20260630,501921,317,39,10,0,0,
701922,20260630,501922,140,5,1,0,0,
701923,20260630,501923,420,28,14,0,0,
701924,20260630,501924,235,8,4,0,0,
701925,20260630,501925,360,9,3,0,0,
701926,20260630,501926,263,34,20,0,0,
701927,20260630,501927,225,14,6,0,0,
701928,20260630,501928,341,12,3,0,0,
701929,20260630,501929,300,16,7,0,0,
701930,20260630,501930,355,34,11,0,0,
701931,20260630,501931,175,20,7,0,0,
701932,20260630,501932,312,17,6,0,0,
701933,20260630,501933,214,6,2,0,0,
701934,20260630,501934,146,10,5,0,0,
701935,20260630,501935,422,9,4,0,0,
701936,20260630,501936,386,32,22,0,0,
701937,20260630,501937,141,17,3,0,0,
701938,20260630,501938,376,9,5,0,0,
701939,20260630,501939,399,18,5,0,0,
701940,20260630,501940,168,6,2,0,0,
701941,20260630,501941,408,24,5,0,0,
701942,20260630,501942,130,12,6,0,0,
701943,20260630,501943,277,7,2,0,0,
701944,20260630,501944,290,33,23,0,0,
701945,20260630,501945,154,19,9,0,0,
701946,20260630,501946,421,17,9,0,0,
701947,20260630,501947,180,12,6,0,0,
701948,20260630,501948,336,34,17,0,0,
701949,20260630,501949,92,6,3,0,0,
701950,20260630,501950,511,39,25,0,0,
701951,20260630,501951,338,22,13,0,0,
701952,20260630,501952,118,13,2,0,0,
701953,20260630,501953,73,9,4,0,0,
701954,20260630,501954,411,24,11,0,0,
701955,20260630,501955,182,16,8,0,0,
701956,20260630,501956,235,9,3,0,0,
701957,20260630,501957,337,33,15,0,0,
701958,20260630,501958,297,27,12,0,0,
701959,20260630,501959,316,21,5,0,0,
701960,20260630,501960,442,43,26,0,0,
701961,20260630,501961,57,5,3,0,0,
701962,20260630,501962,211,22,9,0,0,
701963,20260630,501963,351,43,27,0,0,
701964,20260630,501964,299,6,2,0,0,
701965,20260630,501965,252,8,1,0,0,
701966,20260630,501966,348,31,20,0,0,
701967,20260630,501967,237,26,13,0,0,
701968,20260630,501968,448,10,2,0,0,
701969,20260630,501969,85,7,3,0,0,
701970,20260630,501970,297,20,13,0,0,
701971,20260630,501971,360,46,14,0,0,
701972,20260630,501972,427,14,7,0,0,
701973,20260630,501973,235,9,6,0,0,
701974,20260630,501974,181,7,3,0,0,
701975,20260630,501975,277,15,3,0,0,
701976,20260630,501976,363,9,4,0,0,
701977,20260630,501977,170,11,2,0,0,
701978,20260630,501978,388,46,19,0,0,
701979,20260630,501979,292,24,7,0,0,
701980,20260630,501980,96,3,0,0,0,
701981,20260630,501981,234,8,1,0,0,
701982,20260630,501982,250,13,4,0,0,
701983,20260630,501983,228,15,7,0,0,
701984,20260630,501984,415,14,8,0,0,
701985,20260630,501985,121,13,4,0,0,
701986,20260630,501986,208,17,4,0,0,
701987,20260630,501987,319,19,4,0,0,
701988,20260630,501988,229,28,16,0,0,
701989,20260630,501989,309,15,8,0,0,
701990,20260630,501990,326,39,21,0,0,
701991,20260630,501991,379,35,11,0,0,
701992,20260630,501992,143,11,4,0,0,
701993,20260630,501993,92,6,4,0,0,
701994,20260630,501994,365,26,17,0,0,
701995,20260630,501995,514,58,38,0,0,
701996,20260630,501996,156,6,1,0,0,
701997,20260630,501997,281,35,10,0,0,
701998,20260630,501998,478,44,30,0,0,
701999,20260630,501999,421,21,14,0,0,
702000,20260630,502000,275,19,10,0,0,
702001,20260630,502001,143,7,3,0,0,
702002,20260630,502002,478,45,29,0,0,
702003,20260630,502003,218,18,7,0,0,
702004,20260630,502004,293,15,9,0,0,
702005,20260630,502005,72,7,3,0,0,
702006,20260630,502006,214,27,7,0,0,
702007,20260630,502007,403,31,21,0,0,
702008,20260630,502008,494,46,26,0,0,
702009,20260630,502009,109,10,5,0,0,
702010,20260630,502010,155,15,4,0,0,
702011,20260630,502011,340,29,11,0,0,
702012,20260630,502012,364,29,5,0,0,
702013,20260630,502013,500,33,23,0,0,
702014,20260630,502014,157,14,5,0,0,
702015,20260630,502015,173,9,1,0,0,
702016,20260630,502016,387,11,3,0,0,
702017,20260630,502017,166,3,1,0,0,
702018,20260630,502018,126,13,6,0,0,
702019,20260630,502019,169,18,9,0,0,
702020,20260630,502020,167,17,9,0,0,
702021,20260630,502021,351,43,29,0,0,
702022,20260630,502022,223,4,2,0,0,
702023,20260630,502023,177,10,5,0,0,
702024,20260630,502024,464,60,18,0,0,
702025,20260630,502025,262,24,8,0,0,
702026,20260630,502026,146,17,7,0,0,
702027,20260630,502027,364,38,15,0,0,
702028,20260630,502028,291,26,17,0,0,
702029,20260630,502029,192,9,5,0,0,
702030,20260630,502030,215,15,4,0,0,
702031,20260630,502031,298,38,9,0,0,
702032,20260630,502032,224,28,19,0,0,
702033,20260630,502033,200,15,6,0,0,
702034,20260630,502034,116,7,3,0,0,
702035,20260630,502035,308,35,22,0,0,
702036,20260630,502036,276,12,3,0,0,
702037,20260630,502037,393,25,10,0,0,
702038,20260630,502038,232,4,2,0,0,
702039,20260630,502039,141,11,4,0,0,
702040,20260630,502040,307,31,18,0,0,
702041,20260630,502041,232,22,6,0,0,
702042,20260630,502042,27,1,0,0,0,
702043,20260630,502043,231,20,12,0,0,
702044,20260630,502044,472,49,30,0,0,
702045,20260630,502045,317,18,12,0,0,
702046,20260630,502046,339,16,7,0,0,
702047,20260630,502047,367,45,22,0,0,
702048,20260630,502048,236,30,6,0,0,
702049,20260630,502049,422,16,5,0,0,
702050,20260630,502050,41,3,0,0,0,
702051,20260630,502051,532,40,21,0,0,
702052,20260630,502052,102,10,4,0,0,
702053,20260630,502053,178,7,3,0,0,
702054,20260630,502054,329,31,18,0,0,
702055,20260630,502055,50,5,2,0,0,
702056,20260630,502056,346,20,14,0,0,
702057,20260630,502057,220,25,7,0,0,
702058,20260630,502058,330,20,7,0,0,
702059,20260630,502059,295,10,4,0,0,
702060,20260630,502060,228,25,16,0,0,
702061,20260630,502061,246,17,10,0,0,
702062,20260630,502062,477,18,11,0,0,
702063,20260630,502063,222,14,7,0,0,
702064,20260630,502064,323,28,16,0,0,
702065,20260630,502065,261,26,4,0,0,
702066,20260630,502066,287,22,11,0,0,
702067,20260630,502067,370,35,24,0,0,
702068,20260630,502068,198,21,13,0,0,
702069,20260630,502069,276,23,13,0,0,
702070,20260630,502070,242,30,12,0,0,
702071,20260630,502071,188,15,6,0,0,
702072,20260630,502072,274,7,1,0,0,
702073,20260630,502073,342,27,14,0,0,
702074,20260630,502074,292,13,7,0,0,
702075,20260630,502075,153,15,6,0,0,
702076,20260630,502076,468,34,9,0,0,
702077,20260630,502077,296,28,10,0,0,
702078,20260630,502078,263,13,4,0,0,
702079,20260630,502079,168,9,2,0,0,
702080,20260630,502080,358,14,6,0,0,
702081,20260630,502081,216,15,7,0,0,
702082,20260630,502082,232,9,5,0,0,
702083,20260630,502083,401,21,10,0,0,
702084,20260630,502084,316,28,9,0,0,
702085,20260630,502085,221,25,15,0,0,
702086,20260630,502086,183,20,11,0,0,
702087,20260630,502087,251,28,6,0,0,
702088,20260630,502088,146,4,1,0,0,
702089,20260630,502089,130,12,3,0,0,
702090,20260630,502090,108,5,2,0,0,
702091,20260630,502091,59,4,2,0,0,
702092,20260630,502092,258,10,3,0,0,
702093,20260630,502093,310,32,5,0,0,
702094,20260630,502094,146,15,9,0,0,
702095,20260630,502095,345,21,7,0,0,
702096,20260630,502096,46,4,1,0,0,
702097,20260630,502097,139,2,0,0,0,
702098,20260630,502098,260,33,7,0,0,
702099,20260630,502099,283,21,5,0,0,
702100,20260630,502100,505,49,33,0,0,
702101,20260630,502101,149,7,2,0,0,
702102,20260630,502102,241,17,9,0,0,
702103,20260630,502103,338,22,6,0,0,
702104,20260630,502104,139,8,2,0,0,
702105,20260630,502105,82,2,0,0,0,
702106,20260630,502106,387,21,12,0,0,
702107,20260630,502107,451,39,17,0,0,
702108,20260630,502108,358,37,8,0,0,
702109,20260630,502109,365,35,16,0,0,
702110,20260630,502110,361,38,23,0,0,
702111,20260630,502111,461,21,8,0,0,
702112,20260630,502112,130,15,10,0,0,
702113,20260630,502113,396,18,10,0,0,
702114,20260630,502114,57,4,1,0,0,
702115,20260630,502115,415,19,6,0,0,
702116,20260630,502116,191,17,11,0,0,
702117,20260630,502117,162,12,5,0,0,
702118,20260630,502118,270,33,9,0,0,
702119,20260630,502119,265,25,6,0,0,
702120,20260630,502120,338,19,10,0,0,
702121,20260630,502121,113,2,1,0,0,
702122,20260630,502122,267,20,6,0,0,
702123,20260630,502123,335,9,6,0,0,
702124,20260630,502124,357,45,23,0,0,
702125,20260630,502125,240,23,7,0,0,
702126,20260630,502126,321,16,5,0,0,
702127,20260630,502127,169,15,7,0,0,
702128,20260630,502128,282,22,13,0,0,
702129,20260630,502129,151,7,4,0,0,
702130,20260630,502130,137,3,0,0,0,
702131,20260630,502131,299,13,5,0,0,
702132,20260630,502132,358,19,13,0,0,
702133,20260630,502133,175,21,10,0,0,
702134,20260630,502134,476,55,12,0,0,
702135,20260630,502135,123,12,2,0,0,
702136,20260630,502136,146,16,5,0,0,
702137,20260630,502137,436,37,22,0,0,
702138,20260630,502138,189,6,3,0,0,
702139,20260630,502139,413,30,20,0,0,
702140,20260630,502140,181,9,5,0,0,
702141,20260630,502141,419,28,17,0,0,
702142,20260630,502142,31,1,0,0,0,
702143,20260630,502143,354,19,12,0,0,
702144,20260630,502144,85,10,4,0,0,
702145,20260630,502145,436,44,11,0,0,
702146,20260630,502146,265,20,10,0,0,
702147,20260630,502147,227,8,5,0,0,
702148,20260630,502148,187,9,3,0,0,
702149,20260630,502149,138,13,3,0,0,
702150,20260630,502150,117,8,3,0,0,
702151,20260630,502151,415,53,24,0,0,
702152,20260630,502152,396,37,12,0,0,
702153,20260630,502153,302,30,10,0,0,
702154,20260630,502154,331,28,20,0,0,
702155,20260630,502155,331,33,23,0,0,
702156,20260630,502156,56,1,0,0,0,
702157,20260630,502157,400,31,16,0,0,
702158,20260630,502158,55,5,1,0,0,
702159,20260630,502159,112,9,3,0,0,
702160,20260630,502160,140,16,4,0,0,
702161,20260630,502161,270,31,21,0,0,
702162,20260630,502162,249,30,13,0,0,
702163,20260630,502163,332,39,10,0,0,
702164,20260630,502164,110,6,3,0,0,
702165,20260630,502165,221,20,3,0,0,
702166,20260630,502166,181,20,9,0,0,
702167,20260630,502167,465,36,23,0,0,
702168,20260630,502168,92,8,3,0,0,
702169,20260630,502169,420,17,4,0,0,
702170,20260630,502170,386,43,21,0,0,
702171,20260630,502171,390,10,4,0,0,
702172,20260630,502172,309,7,1,0,0,
702173,20260630,502173,495,26,6,0,0,
702174,20260630,502174,170,13,7,0,0,
702175,20260630,502175,202,25,17,0,0,
702176,20260630,502176,301,26,5,0,0,
702177,20260630,502177,99,9,5,0,0,
702178,20260630,502178,205,20,11,0,0,
702179,20260630,502179,163,11,5,0,0,
702180,20260630,502180,190,15,2,0,0,
702181,20260630,502181,277,26,17,0,0,
702182,20260630,502182,93,10,6,0,0,
702183,20260630,502183,43,1,0,0,0,
702184,20260630,502184,131,13,6,0,0,
702185,20260630,502185,103,4,2,0,0,
702186,20260630,502186,110,3,0,0,0,
702187,20260630,502187,65,5,2,0,0,
702188,20260630,502188,221,5,2,0,0,
702189,20260630,502189,309,15,3,0,0,
702190,20260630,502190,105,3,1,0,0,
702191,20260630,502191,503,38,20,0,0,
702192,20260630,502192,120,9,3,0,0,
702193,20260630,502193,329,21,11,0,0,
702194,20260630,502194,293,36,13,0,0,
702195,20260630,502195,319,13,2,0,0,
702196,20260630,502196,418,50,13,0,0,
702197,20260630,502197,168,11,5,0,0,
702198,20260630,502198,411,46,24,0,0,
702199,20260630,502199,59,3,0,0,0,
702200,20260630,502200,237,25,5,0,0,
702201,20260630,502201,68,2,1,0,0,
702202,20260630,502202,347,15,3,0,0,
702203,20260630,502203,269,13,8,0,0,
702204,20260630,502204,310,27,17,0,0,
702205,20260630,502205,167,8,4,0,0,
702206,20260630,502206,327,32,19,0,0,
702207,20260630,502207,378,44,8,0,0,
702208,20260630,502208,212,14,3,0,0,
702209,20260630,502209,119,9,2,0,0,
702210,20260630,502210,159,10,6,0,0,
702211,20260630,502211,338,17,3,0,0,
702212,20260630,502212,371,26,16,0,0,
702213,20260630,502213,453,53,18,0,0,
702214,20260630,502214,279,18,7,0,0,
702215,20260630,502215,299,34,22,0,0,
702216,20260630,502216,509,38,25,0,0,
702217,20260630,502217,62,4,1,0,0,
702218,20260630,502218,177,18,6,0,0,
702219,20260630,502219,135,10,4,0,0,
702220,20260630,502220,187,14,7,0,0,
702221,20260630,502221,32,3,1,0,0,
702222,20260630,502222,355,17,5,0,0,
702223,20260630,502223,292,31,10,0,0,
702224,20260630,502224,406,46,30,0,0,
702225,20260630,502225,295,28,11,0,0,
702226,20260630,502226,410,27,17,0,0,
702227,20260630,502227,460,23,6,0,0,
702228,20260630,502228,67,7,2,0,0,
702229,20260630,502229,428,15,7,0,0,
702230,20260630,502230,476,57,29,0,0,
702231,20260630,502231,398,47,18,0,0,
702232,20260630,502232,100,7,4,0,0,
702233,20260630,502233,243,9,4,0,0,
702234,20260630,502234,408,38,9,0,0,
702235,20260630,502235,337,42,14,0,0,
702236,20260630,502236,267,28,16,0,0,
702237,20260630,502237,216,26,14,0,0,
702238,20260630,502238,205,14,9,0,0,
702239,20260630,502239,367,32,6,0,0,
702240,20260630,502240,150,17,9,0,0,
702241,20260630,502241,303,11,4,0,0,
702242,20260630,502242,303,17,11,0,0,
702243,20260630,502243,163,9,4,0,0,
702244,20260630,502244,136,16,11,0,0,
702245,20260630,502245,67,5,2,0,0,
702246,20260630,502246,281,15,8,0,0,
702247,20260630,502247,36,3,1,0,0,
702248,20260630,502248,131,16,3,0,0,
702249,20260630,502249,382,26,8,0,0,
702250,20260630,502250,206,21,12,0,0,
702251,20260630,502251,393,35,12,0,0,
702252,20260630,502252,413,39,7,0,0,
702253,20260630,502253,270,15,4,0,0,
702254,20260630,502254,171,8,1,0,0,
702255,20260630,502255,458,19,8,0,0,
702256,20260630,502256,218,14,9,0,0,
702257,20260630,502257,322,23,9,0,0,
702258,20260630,502258,258,23,5,0,0,
702259,20260630,502259,326,26,16,0,0,
702260,20260630,502260,77,9,3,0,0,
702261,20260630,502261,150,8,2,0,0,
702262,20260630,502262,209,12,2,0,0,
702263,20260630,502263,156,18,4,0,0,
702264,20260630,502264,323,7,1,0,0,
702265,20260630,502265,135,2,1,0,0,
702266,20260630,502266,377,32,13,0,0,
702267,20260630,502267,80,1,0,0,0,
702268,20260630,502268,371,13,4,0,0,
702269,20260630,502269,441,38,25,0,0,
702270,20260630,502270,124,7,1,0,0,
702271,20260630,502271,141,6,2,0,0,
702272,20260630,502272,341,27,9,0,0,
702273,20260630,502273,362,30,12,0,0,
702274,20260630,502274,157,3,0,0,0,
702275,20260630,502275,438,10,2,0,0,
702276,20260630,502276,18,1,0,0,0,
702277,20260630,502277,219,20,7,0,0,
702278,20260630,502278,343,18,6,0,0,
702279,20260630,502279,192,12,7,0,0,
702280,20260630,502280,101,2,0,0,0,
702281,20260630,502281,236,28,19,0,0,
702282,20260630,502282,187,20,12,0,0,
702283,20260630,502283,149,4,2,0,0,
702284,20260630,502284,70,3,1,0,0,
702285,20260630,502285,406,19,6,0,0,
702286,20260630,502286,40,4,2,0,0,
702287,20260630,502287,293,30,9,0,0,
702288,20260630,502288,406,17,7,0,0,
702289,20260630,502289,317,15,3,0,0,
702290,20260630,502290,328,15,6,0,0,
702291,20260630,502291,188,12,5,0,0,
702292,20260630,502292,279,36,18,0,0,
702293,20260630,502293,150,18,10,0,0,
702294,20260630,502294,127,11,6,0,0,
702295,20260630,502295,330,25,17,0,0,
702296,20260630,502296,164,16,8,0,0,
702297,20260630,502297,25,1,0,0,0,
702298,20260630,502298,417,20,12,0,0,
702299,20260630,502299,375,15,4,0,0,
702300,20260630,502300,209,22,11,0,0,
702301,20260630,502301,191,7,3,0,0,
702302,20260630,502302,222,9,3,0,0,
702303,20260630,502303,168,9,5,0,0,
702304,20260630,502304,25,3,1,0,0,
702305,20260630,502305,296,34,14,0,0,
702306,20260630,502306,44,3,0,0,0,
702307,20260630,502307,101,9,3,0,0,
702308,20260630,502308,92,11,3,0,0,
702309,20260630,502309,136,10,2,0,0,
702310,20260630,502310,37,1,0,0,0,
702311,20260630,502311,260,14,8,0,0,
702312,20260630,502312,172,4,2,0,0,
702313,20260630,502313,146,8,4,0,0,
702314,20260630,502314,114,3,1,0,0,
702315,20260630,502315,322,32,16,0,0,
702316,20260630,502316,268,7,3,0,0,
702317,20260630,502317,260,11,2,0,0,
702318,20260630,502318,138,8,2,0,0,
702319,20260630,502319,476,27,7,0,0,
702320,20260630,502320,200,4,1,0,0,
702321,20260630,502321,361,33,18,0,0,
702322,20260630,502322,482,30,8,0,0,
702323,20260630,502323,266,34,16,0,0,
702324,20260630,502324,51,4,1,0,0,
702325,20260630,502325,390,16,4,0,0,
702326,20260630,502326,130,16,9,0,0,
702327,20260630,502327,386,33,18,0,0,
702328,20260630,502328,354,22,5,0,0,
702329,20260630,502329,316,37,8,0,0,
702330,20260630,502330,149,3,1,0,0,
702331,20260630,502331,260,5,2,0,0,
702332,20260630,502332,276,7,1,0,0,
702333,20260630,502333,345,15,7,0,0,
702334,20260630,502334,519,25,16,0,0,
702335,20260630,502335,24,0,0,0,0,
702336,20260630,502336,180,22,7,0,0,
702337,20260630,502337,314,14,3,0,0,
702338,20260630,502338,238,22,4,0,0,
702339,20260630,502339,151,14,4,0,0,
702340,20260630,502340,351,18,8,0,0,
702341,20260630,502341,335,11,7,0,0,
702342,20260630,502342,333,36,24,0,0,
702343,20260630,502343,268,10,2,0,0,
702344,20260630,502344,129,8,3,0,0,
702345,20260630,502345,331,14,8,0,0,
702346,20260630,502346,385,11,3,0,0,
702347,20260630,502347,248,31,21,0,0,
702348,20260630,502348,102,11,4,0,0,
702349,20260630,502349,300,15,3,0,0,
702350,20260630,502350,141,16,4,0,0,
702351,20260630,502351,207,4,2,0,0,
702352,20260630,502352,291,30,13,0,0,
702353,20260630,502353,235,26,14,0,0,
702354,20260630,502354,102,5,1,0,0,
702355,20260630,502355,78,2,1,0,0,
702356,20260630,502356,285,33,14,0,0,
702357,20260630,502357,109,2,0,0,0,
702358,20260630,502358,329,23,4,0,0,
702359,20260630,502359,197,6,1,0,0,
702360,20260630,502360,245,21,7,0,0,
702361,20260630,502361,284,30,9,0,0,
702362,20260630,502362,332,40,23,0,0,
702363,20260630,502363,331,20,4,0,0,
702364,20260630,502364,207,18,4,0,0,
702365,20260630,502365,145,9,2,0,0,
702366,20260630,502366,197,5,1,0,0,
702367,20260630,502367,106,10,4,0,0,
702368,20260630,502368,261,25,9,0,0,
702369,20260630,502369,118,13,3,0,0,
702370,20260630,502370,129,13,4,0,0,
702371,20260630,502371,389,34,8,0,0,
702372,20260630,502372,118,4,2,0,0,
702373,20260630,502373,66,8,4,0,0,
702374,20260630,502374,391,27,11,0,0,
702375,20260630,502375,242,17,9,0,0,
702376,20260630,502376,254,31,11,0,0,
702377,20260630,502377,484,29,16,0,0,
702378,20260630,502378,399,32,7,0,0,
702379,20260630,502379,268,15,6,0,0,
702380,20260630,502380,397,45,18,0,0,
702381,20260630,502381,267,8,1,0,0,
702382,20260630,502382,231,10,5,0,0,
702383,20260630,502383,203,23,8,0,0,
702384,20260630,502384,154,18,10,0,0,
702385,20260630,502385,88,1,0,0,0,
702386,20260630,502386,166,19,5,0,0,
702387,20260630,502387,211,10,7,0,0,
702388,20260630,502388,496,57,32,0,0,
702389,20260630,502389,371,10,7,0,0,
702390,20260630,502390,313,16,9,0,0,
702391,20260630,502391,354,35,20,0,0,
702392,20260630,502392,150,12,4,0,0,
702393,20260630,502393,35,4,2,0,0,
702394,20260630,502394,236,9,5,0,0,
702395,20260630,502395,321,25,15,0,0,
702396,20260630,502396,422,21,12,0,0,
702397,20260630,502397,439,11,6,0,0,
702398,20260630,502398,374,7,1,0,0,
702399,20260630,502399,379,49,9,0,0,
702400,20260630,502400,521,60,19,0,0,
702401,20260630,502401,288,35,15,0,0,
702402,20260630,502402,474,20,3,0,0,
702403,20260630,502403,137,17,7,0,0,
702404,20260630,502404,415,28,16,0,0,
702405,20260630,502405,114,11,3,0,0,
702406,20260630,502406,194,5,1,0,0,
702407,20260630,502407,190,18,10,0,0,
702408,20260630,502408,63,7,1,0,0,
702409,20260630,502409,263,10,4,0,0,
702410,20260630,502410,420,42,25,0,0,
702411,20260630,502411,342,21,9,0,0,
702412,20260630,502412,97,6,3,0,0,
702413,20260630,502413,142,6,1,0,0,
702414,20260630,502414,222,17,3,0,0,
702415,20260630,502415,132,15,4,0,0,
702416,20260630,502416,222,12,7,0,0,
702417,20260630,502417,352,40,8,0,0,
702418,20260630,502418,248,11,4,0,0,
702419,20260630,502419,437,11,6,0,0,
702420,20260630,502420,266,26,10,0,0,
702421,20260630,502421,424,20,8,0,0,
702422,20260630,502422,420,30,16,0,0,
702423,20260630,502423,118,8,3,0,0,
702424,20260630,502424,303,36,21,0,0,
702425,20260630,502425,179,15,9,0,0,
702426,20260630,502426,99,12,3,0,0,
702427,20260630,502427,314,37,24,0,0,
702428,20260630,502428,318,27,7,0,0,
702429,20260630,502429,359,19,11,0,0,
702430,20260630,502430,350,29,8,0,0,
702431,20260630,502431,44,4,2,0,0,
702432,20260630,502432,161,6,1,0,0,
702433,20260630,502433,217,12,7,0,0,
702434,20260630,502434,180,4,2,0,0,
702435,20260630,502435,354,40,19,0,0,
702436,20260630,502436,70,5,3,0,0,
702437,20260630,502437,119,4,2,0,0,
702438,20260630,502438,126,16,7,0,0,
702439,20260630,502439,103,6,3,0,0,
702440,20260630,502440,421,36,8,0,0,
702441,20260630,502441,101,11,2,0,0,
702442,20260630,502442,198,17,10,0,0,
702443,20260630,502443,329,13,6,0,0,
702444,20260630,502444,163,12,6,0,0,
702445,20260630,502445,97,10,2,0,0,
702446,20260630,502446,309,32,12,0,0,
702447,20260630,502447,39,1,0,0,0,
702448,20260630,502448,429,35,12,0,0,
702449,20260630,502449,104,12,3,0,0,
702450,20260630,502450,461,27,10,0,0,
702451,20260630,502451,150,14,6,0,0,
702452,20260630,502452,208,7,2,0,0,
702453,20260630,502453,225,14,6,0,0,
702454,20260630,502454,303,6,2,0,0,
702455,20260630,502455,73,6,2,0,0,
702456,20260630,502456,268,31,21,0,0,
702457,20260630,502457,247,11,4,0,0,
702458,20260630,502458,201,19,8,0,0,
702459,20260630,502459,220,11,7,0,0,
702460,20260630,502460,354,20,11,0,0,
702461,20260630,502461,401,23,4,0,0,
702462,20260630,502462,372,35,15,0,0,
702463,20260630,502463,478,37,20,0,0,
702464,20260630,502464,131,10,5,0,0,
702465,20260630,502465,61,5,1,0,0,
702466,20260630,502466,237,9,1,0,0,
702467,20260630,502467,240,28,9,0,0,
702468,20260630,502468,385,23,11,0,0,
702469,20260630,502469,423,49,27,0,0,
702470,20260630,502470,112,13,6,0,0,
702471,20260630,502471,156,18,9,0,0,
702472,20260630,502472,215,15,4,0,0,
702473,20260630,502473,140,6,2,0,0,
702474,20260630,502474,69,4,2,0,0,
702475,20260630,502475,173,21,7,0,0,
702476,20260630,502476,274,11,2,0,0,
702477,20260630,502477,181,4,1,0,0,
702478,20260630,502478,411,46,32,0,0,
702479,20260630,502479,20,1,0,0,0,
702480,20260630,502480,359,44,13,0,0,
702481,20260630,502481,58,1,0,0,0,
702482,20260630,502482,210,25,9,0,0,
702483,20260630,502483,164,18,6,0,0,
702484,20260630,502484,35,2,0,0,0,
702485,20260630,502485,107,12,2,0,0,
702486,20260630,502486,90,10,6,0,0,
702487,20260630,502487,92,9,2,0,0,
702488,20260630,502488,350,40,12,0,0,
702489,20260630,502489,375,21,9,0,0,
702490,20260630,502490,221,27,17,0,0,
702491,20260630,502491,536,60,19,0,0,
702492,20260630,502492,281,20,7,0,0,
702493,20260630,502493,433,28,15,0,0,
702494,20260630,502494,377,37,21,0,0,
702495,20260630,502495,112,14,4,0,0,
702496,20260630,502496,40,1,0,0,0,
702497,20260630,502497,270,29,6,0,0,
702498,20260630,502498,398,33,16,0,0,
702499,20260630,502499,461,58,22,0,0,
702500,20260630,502500,97,10,6,0,0,
702501,20260630,502501,460,55,10,0,0,
702502,20260630,502502,229,7,2,0,0,
702503,20260630,502503,264,22,5,0,0,
702504,20260630,502504,521,57,34,0,0,
702505,20260630,502505,189,6,3,0,0,
702506,20260630,502506,75,6,2,0,0,
702507,20260630,502507,396,30,12,0,0,
702508,20260630,502508,450,42,7,0,0,
702509,20260630,502509,115,12,5,0,0,
702510,20260630,502510,296,13,6,0,0,
702511,20260630,502511,258,28,9,0,0,
702512,20260630,502512,221,28,14,0,0,
702513,20260630,502513,178,6,2,0,0,
702514,20260630,502514,284,5,1,0,0,
702515,20260630,502515,160,10,2,0,0,
702516,20260630,502516,429,13,5,0,0,
702517,20260630,502517,150,15,5,0,0,
702518,20260630,502518,498,10,6,0,0,
702519,20260630,502519,211,24,10,0,0,
702520,20260630,502520,405,17,8,0,0,
702521,20260630,502521,249,17,5,0,0,
702522,20260630,502522,470,43,17,0,0,
702523,20260630,502523,425,43,20,0,0,
702524,20260630,502524,179,20,10,0,0,
702525,20260630,502525,331,17,5,0,0,
702526,20260630,502526,134,9,6,0,0,
702527,20260630,502527,361,27,14,0,0,
702528,20260630,502528,59,2,0,0,0,
702529,20260630,502529,260,29,18,0,0,
702530,20260630,502530,184,10,5,0,0,
702531,20260630,502531,239,5,1,0,0,
702532,20260630,502532,303,10,5,0,0,
702533,20260630,502533,215,26,8,0,0,
702534,20260630,502534,155,16,3,0,0,
702535,20260630,502535,359,13,3,0,0,
702536,20260630,502536,216,7,3,0,0,
702537,20260630,502537,77,7,2,0,0,
702538,20260630,502538,74,5,2,0,0,
702539,20260630,502539,213,18,3,0,0,
702540,20260630,502540,170,10,5,0,0,
702541,20260630,502541,284,35,24,0,0,
702542,20260630,502542,304,26,17,0,0,
702543,20260630,502543,194,23,4,0,0,
702544,20260630,502544,339,37,10,0,0,
702545,20260630,502545,78,7,1,0,0,
702546,20260630,502546,490,62,29,0,0,
702547,20260630,502547,323,18,12,0,0,
702548,20260630,502548,261,21,6,0,0,
702549,20260630,502549,226,17,5,0,0,
702550,20260630,502550,368,42,28,0,0,
702551,20260630,502551,301,38,19,0,0,
702552,20260630,502552,257,7,2,0,0,
702553,20260630,502553,464,57,10,0,0,
702554,20260630,502554,361,33,17,0,0,
702555,20260630,502555,281,9,4,0,0,
702556,20260630,502556,432,25,16,0,0,
702557,20260630,502557,245,30,14,0,0,
702558,20260630,502558,214,27,6,0,0,
702559,20260630,502559,244,10,4,0,0,
702560,20260630,502560,435,42,8,0,0,
702561,20260630,502561,128,13,5,0,0,
702562,20260630,502562,263,31,12,0,0,
702563,20260630,502563,199,8,3,0,0,
702564,20260630,502564,243,6,1,0,0,
702565,20260630,502565,358,33,15,0,0,
702566,20260630,502566,169,7,4,0,0,
702567,20260630,502567,101,12,7,0,0,
702568,20260630,502568,156,11,6,0,0,
702569,20260630,502569,350,39,8,0,0,
702570,20260630,502570,286,23,13,0,0,
702571,20260630,502571,199,15,6,0,0,
702572,20260630,502572,244,26,18,0,0,
702573,20260630,502573,407,32,19,0,0,
702574,20260630,502574,105,11,2,0,0,
702575,20260630,502575,251,29,6,0,0,
702576,20260630,502576,138,3,0,0,0,
702577,20260630,502577,119,15,8,0,0,
702578,20260630,502578,295,14,3,0,0,
702579,20260630,502579,439,35,11,0,0,
702580,20260630,502580,294,14,6,0,0,
702581,20260630,502581,194,11,5,0,0,
702582,20260630,502582,292,8,3,0,0,
702583,20260630,502583,275,16,6,0,0,
702584,20260630,502584,273,28,8,0,0,
702585,20260630,502585,206,10,2,0,0,
702586,20260630,502586,360,15,4,0,0,
702587,20260630,502587,405,36,21,0,0,
702588,20260630,502588,150,10,6,0,0,
702589,20260630,502589,18,1,0,0,0,
702590,20260630,502590,312,13,6,0,0,
702591,20260630,502591,329,29,14,0,0,
702592,20260630,502592,171,15,6,0,0,
702593,20260630,502593,314,31,11,0,0,
702594,20260630,502594,104,11,7,0,0,
702595,20260630,502595,86,4,2,0,0,
702596,20260630,502596,407,40,10,0,0,
702597,20260630,502597,253,9,1,0,0,
702598,20260630,502598,66,1,0,0,0,
702599,20260630,502599,178,9,5,0,0,
702600,20260630,502600,59,5,1,0,0,
702601,20260630,502601,38,4,2,0,0,
702602,20260630,502602,377,46,31,0,0,
702603,20260630,502603,283,27,19,0,0,
702604,20260630,502604,273,32,17,0,0,
702605,20260630,502605,382,48,24,0,0,
702606,20260630,502606,298,23,10,0,0,
702607,20260630,502607,321,28,13,0,0,
702608,20260630,502608,487,11,3,0,0,
702609,20260630,502609,390,31,18,0,0,
702610,20260630,502610,98,7,4,0,0,
702611,20260630,502611,228,18,7,0,0,
702612,20260630,502612,114,3,1,0,0,
702613,20260630,502613,325,33,9,0,0,
702614,20260630,502614,297,8,1,0,0,
702615,20260630,502615,415,53,36,0,0,
702616,20260630,502616,273,30,20,0,0,
702617,20260630,502617,383,47,20,0,0,
702618,20260630,502618,328,32,19,0,0,
702619,20260630,502619,233,24,14,0,0,
702620,20260630,502620,119,14,7,0,0,
702621,20260630,502621,471,20,8,0,0,
702622,20260630,502622,30,0,0,0,0,
702623,20260630,502623,78,3,1,0,0,
702624,20260630,502624,145,5,1,0,0,
702625,20260630,502625,198,7,4,0,0,
702626,20260630,502626,233,29,9,0,0,
702627,20260630,502627,292,17,6,0,0,
702628,20260630,502628,276,13,9,0,0,
702629,20260630,502629,187,21,6,0,0,
702630,20260630,502630,230,6,2,0,0,
702631,20260630,502631,48,2,0,0,0,
702632,20260630,502632,190,17,11,0,0,
702633,20260630,502633,49,2,0,0,0,
702634,20260630,502634,130,6,2,0,0,
702635,20260630,502635,149,9,1,0,0,
702636,20260630,502636,215,15,8,0,0,
702637,20260630,502637,303,19,13,0,0,
702638,20260630,502638,265,32,21,0,0,
702639,20260630,502639,375,19,3,0,0,
702640,20260630,502640,422,23,14,0,0,
702641,20260630,502641,467,32,11,0,0,
702642,20260630,502642,24,1,0,0,0,
702643,20260630,502643,319,31,21,0,0,
702644,20260630,502644,222,18,10,0,0,
702645,20260630,502645,230,18,10,0,0,
702646,20260630,502646,25,2,1,0,0,
702647,20260630,502647,344,17,8,0,0,
702648,20260630,502648,406,38,20,0,0,
702649,20260630,502649,323,15,10,0,0,
702650,20260630,502650,369,16,6,0,0,
702651,20260630,502651,274,6,2,0,0,
702652,20260630,502652,120,13,2,0,0,
702653,20260630,502653,281,20,12,0,0,
702654,20260630,502654,158,20,7,0,0,
702655,20260630,502655,34,1,0,0,0,
702656,20260630,502656,325,23,12,0,0,
702657,20260630,502657,20,0,0,0,0,
702658,20260630,502658,447,16,8,0,0,
702659,20260630,502659,213,10,2,0,0,
702660,20260630,502660,215,18,6,0,0,
702661,20260630,502661,115,11,5,0,0,
702662,20260630,502662,283,31,16,0,0,
702663,20260630,502663,379,14,8,0,0,
702664,20260630,502664,387,14,5,0,0,
702665,20260630,502665,281,24,8,0,0,
702666,20260630,502666,217,4,2,0,0,
702667,20260630,502667,262,17,4,0,0,
702668,20260630,502668,230,25,17,0,0,
702669,20260630,502669,231,22,11,0,0,
702670,20260630,502670,465,35,16,0,0,
702671,20260630,502671,421,45,28,0,0,
702672,20260630,502672,387,23,4,0,0,
702673,20260630,502673,249,19,6,0,0,
702674,20260630,502674,296,12,8,0,0,
702675,20260630,502675,177,17,5,0,0,
702676,20260630,502676,427,48,18,0,0,
702677,20260630,502677,56,1,0,0,0,
702678,20260630,502678,111,10,6,0,0,
702679,20260630,502679,323,35,18,0,0,
702680,20260630,502680,295,13,5,0,0,
702681,20260630,502681,162,17,7,0,0,
702682,20260630,502682,163,5,3,0,0,
702683,20260630,502683,176,15,6,0,0,
702684,20260630,502684,166,7,4,0,0,
702685,20260630,502685,243,11,5,0,0,
702686,20260630,502686,144,12,4,0,0,
702687,20260630,502687,166,3,1,0,0,
702688,20260630,502688,301,25,4,0,0,
702689,20260630,502689,222,12,3,0,0,
702690,20260630,502690,370,13,3,0,0,
702691,20260630,502691,288,13,4,0,0,
702692,20260630,502692,195,23,11,0,0,
702693,20260630,502693,294,13,7,0,0,
702694,20260630,502694,264,25,13,0,0,
702695,20260630,502695,200,10,4,0,0,
702696,20260630,502696,28,1,0,0,0,
702697,20260630,502697,416,50,30,0,0,
702698,20260630,502698,177,17,9,0,0,
702699,20260630,502699,401,49,25,0,0,
702700,20260630,502700,350,7,3,0,0,
702701,20260630,502701,379,42,19,0,0,
702702,20260630,502702,187,21,10,0,0,
702703,20260630,502703,211,22,7,0,0,
702704,20260630,502704,448,27,17,0,0,
702705,20260630,502705,383,14,6,0,0,
702706,20260630,502706,358,34,21,0,0,
702707,20260630,502707,408,31,20,0,0,
702708,20260630,502708,328,8,2,0,0,
702709,20260630,502709,137,4,2,0,0,
702710,20260630,502710,23,1,0,0,0,
702711,20260630,502711,256,29,17,0,0,
702712,20260630,502712,288,23,16,0,0,
702713,20260630,502713,258,32,17,0,0,
702714,20260630,502714,49,5,1,0,0,
702715,20260630,502715,337,32,8,0,0,
702716,20260630,502716,369,32,20,0,0,
702717,20260630,502717,325,13,8,0,0,
702718,20260630,502718,212,5,1,0,0,
702719,20260630,502719,216,27,11,0,0,
702720,20260630,502720,147,14,7,0,0,
702721,20260630,502721,183,15,10,0,0,
702722,20260630,502722,264,13,2,0,0,
702723,20260630,502723,190,9,2,0,0,
702724,20260630,502724,268,33,21,0,0,
702725,20260630,502725,238,28,16,0,0,
702726,20260630,502726,298,28,6,0,0,
702727,20260630,502727,179,19,9,0,0,
702728,20260630,502728,359,12,6,0,0,
702729,20260630,502729,311,17,6,0,0,
702730,20260630,502730,427,34,19,0,0,
702731,20260630,502731,193,6,2,0,0,
702732,20260630,502732,142,13,6,0,0,
702733,20260630,502733,310,8,3,0,0,
702734,20260630,502734,373,37,16,0,0,
702735,20260630,502735,418,40,22,0,0,
702736,20260630,502736,385,18,4,0,0,
702737,20260630,502737,313,36,13,0,0,
702738,20260630,502738,133,13,3,0,0,
702739,20260630,502739,223,28,14,0,0,
702740,20260630,502740,153,8,2,0,0,
702741,20260630,502741,353,23,15,0,0,
702742,20260630,502742,105,6,1,0,0,
702743,20260630,502743,164,11,4,0,0,
702744,20260630,502744,205,19,9,0,0,
702745,20260630,502745,219,13,5,0,0,
702746,20260630,502746,453,28,19,0,0,
702747,20260630,502747,302,33,10,0,0,
702748,20260630,502748,221,15,6,0,0,
702749,20260630,502749,351,41,27,0,0,
702750,20260630,502750,177,19,5,0,0,
702751,20260630,502751,210,9,4,0,0,
702752,20260630,502752,357,10,2,0,0,
702753,20260630,502753,123,14,6,0,0,
702754,20260630,502754,388,29,17,0,0,
702755,20260630,502755,288,10,6,0,0,
702756,20260630,502756,317,24,6,0,0,
702757,20260630,502757,136,16,2,0,0,
702758,20260630,502758,193,11,7,0,0,
702759,20260630,502759,398,38,27,0,0,
702760,20260630,502760,398,17,7,0,0,
702761,20260630,502761,311,10,5,0,0,
702762,20260630,502762,67,8,5,0,0,
702763,20260630,502763,94,6,2,0,0,
702764,20260630,502764,391,45,23,0,0,
702765,20260630,502765,354,45,17,0,0,
702766,20260630,502766,240,17,7,0,0,
702767,20260630,502767,287,31,18,0,0,
702768,20260630,502768,275,35,12,0,0,
702769,20260630,502769,227,28,16,0,0,
702770,20260630,502770,240,11,2,0,0,
702771,20260630,502771,274,24,13,0,0,
702772,20260630,502772,341,13,9,0,0,
702773,20260630,502773,116,6,2,0,0,
702774,20260630,502774,227,10,3,0,0,
702775,20260630,502775,101,4,2,0,0,
702776,20260630,502776,46,5,2,0,0,
702777,20260630,502777,382,37,25,0,0,
702778,20260630,502778,160,13,6,0,0,
702779,20260630,502779,169,4,1,0,0,
702780,20260630,502780,325,41,21,0,0,
702781,20260630,502781,165,6,4,0,0,
702782,20260630,502782,377,47,27,0,0,
702783,20260630,502783,223,12,4,0,0,
702784,20260630,502784,360,13,3,0,0,
702785,20260630,502785,446,28,6,0,0,
702786,20260630,502786,160,4,1,0,0,
702787,20260630,502787,285,33,10,0,0,
702788,20260630,502788,421,21,11,0,0,
702789,20260630,502789,147,16,7,0,0,
702790,20260630,502790,295,18,9,0,0,
702791,20260630,502791,163,8,1,0,0,
702792,20260630,502792,317,24,12,0,0,
702793,20260630,502793,361,38,16,0,0,
702794,20260630,502794,166,14,8,0,0,
702795,20260630,502795,308,29,15,0,0,
702796,20260630,502796,396,37,9,0,0,
702797,20260630,502797,402,46,12,0,0,
702798,20260630,502798,520,41,10,0,0,
702799,20260630,502799,126,9,3,0,0,
702800,20260630,502800,265,28,6,0,0,
702801,20260630,502801,356,26,8,0,0,
702802,20260630,502802,343,24,14,0,0,
702803,20260630,502803,229,23,9,0,0,
702804,20260630,502804,422,29,19,0,0,
702805,20260630,502805,316,10,2,0,0,
702806,20260630,502806,90,7,1,0,0,
702807,20260630,502807,139,14,3,0,0,
702808,20260630,502808,87,3,1,0,0,
702809,20260630,502809,271,30,9,0,0,
702810,20260630,502810,320,15,7,0,0,
702811,20260630,502811,403,48,30,0,0,
702812,20260630,502812,232,23,14,0,0,
702813,20260630,502813,322,30,11,0,0,
702814,20260630,502814,149,9,4,0,0,
702815,20260630,502815,235,10,4,0,0,
702816,20260630,502816,174,11,3,0,0,
702817,20260630,502817,419,26,4,0,0,
702818,20260630,502818,276,20,8,0,0,
702819,20260630,502819,76,5,2,0,0,
702820,20260630,502820,83,1,0,0,0,
702821,20260630,502821,315,37,19,0,0,
702822,20260630,502822,242,17,7,0,0,
702823,20260630,502823,164,11,5,0,0,
702824,20260630,502824,351,42,8,0,0,
702825,20260630,502825,223,20,12,0,0,
702826,20260630,502826,281,25,15,0,0,
702827,20260630,502827,173,11,7,0,0,
702828,20260630,502828,336,18,3,0,0,
702829,20260630,502829,311,25,15,0,0,
702830,20260630,502830,321,18,8,0,0,
702831,20260630,502831,297,38,13,0,0,
702832,20260630,502832,372,16,7,0,0,
702833,20260630,502833,250,20,10,0,0,
702834,20260630,502834,291,33,17,0,0,
702835,20260630,502835,84,2,0,0,0,
702836,20260630,502836,317,24,11,0,0,
702837,20260630,502837,202,7,2,0,0,
702838,20260630,502838,182,17,3,0,0,
702839,20260630,502839,170,14,5,0,0,
702840,20260630,502840,127,10,4,0,0,
702841,20260630,502841,61,7,3,0,0,
702842,20260630,502842,68,8,1,0,0,
702843,20260630,502843,269,17,5,0,0,
702844,20260630,502844,149,7,2,0,0,
702845,20260630,502845,181,12,8,0,0,
702846,20260630,502846,294,15,6,0,0,
702847,20260630,502847,208,8,5,0,0,
702848,20260630,502848,136,11,7,0,0,
702849,20260630,502849,265,33,7,0,0,
702850,20260630,502850,490,21,12,0,0,
702851,20260630,502851,288,9,6,0,0,
702852,20260630,502852,307,19,8,0,0,
702853,20260630,502853,330,27,5,0,0,
702854,20260630,502854,275,34,19,0,0,
702855,20260630,502855,254,19,10,0,0,
702856,20260630,502856,311,25,11,0,0,
702857,20260630,502857,231,29,12,0,0,
702858,20260630,502858,200,20,10,0,0,
702859,20260630,502859,476,51,14,0,0,
702860,20260630,502860,165,6,2,0,0,
702861,20260630,502861,404,9,4,0,0,
702862,20260630,502862,403,49,12,0,0,
702863,20260630,502863,293,29,10,0,0,
702864,20260630,502864,398,19,13,0,0,
702865,20260630,502865,195,23,8,0,0,
702866,20260630,502866,336,27,11,0,0,
702867,20260630,502867,73,9,4,0,0,
702868,20260630,502868,295,28,16,0,0,
702869,20260630,502869,259,27,5,0,0,
702870,20260630,502870,82,2,0,0,0,
702871,20260630,502871,258,9,4,0,0,
702872,20260630,502872,150,8,2,0,0,
702873,20260630,502873,364,22,15,0,0,
702874,20260630,502874,29,2,0,0,0,
702875,20260630,502875,165,15,9,0,0,
702876,20260630,502876,416,16,9,0,0,
702877,20260630,502877,367,13,2,0,0,
702878,20260630,502878,249,6,1,0,0,
702879,20260630,502879,184,17,12,0,0,
702880,20260630,502880,505,53,24,0,0,
702881,20260630,502881,151,15,9,0,0,
702882,20260630,502882,354,40,25,0,0,
702883,20260630,502883,373,8,5,0,0,
702884,20260630,502884,66,6,1,0,0,
702885,20260630,502885,212,7,2,0,0,
702886,20260630,502886,223,15,10,0,0,
702887,20260630,502887,192,5,1,0,0,
702888,20260630,502888,460,45,9,0,0,
702889,20260630,502889,35,1,0,0,0,
702890,20260630,502890,30,3,1,0,0,
702891,20260630,502891,335,10,6,0,0,
702892,20260630,502892,379,47,21,0,0,
702893,20260630,502893,282,14,4,0,0,
702894,20260630,502894,268,30,5,0,0,
702895,20260630,502895,357,31,11,0,0,
702896,20260630,502896,127,3,1,0,0,
702897,20260630,502897,362,39,14,0,0,
702898,20260630,502898,186,12,7,0,0,
702899,20260630,502899,178,13,2,0,0,
702900,20260630,502900,319,34,15,0,0,
702901,20260630,502901,204,18,7,0,0,
702902,20260630,502902,415,27,7,0,0,
702903,20260630,502903,406,40,11,0,0,
702904,20260630,502904,194,17,7,0,0,
702905,20260630,502905,427,22,6,0,0,
702906,20260630,502906,260,18,6,0,0,
702907,20260630,502907,102,12,5,0,0,
702908,20260630,502908,367,42,14,0,0,
702909,20260630,502909,414,20,11,0,0,
702910,20260630,502910,263,32,10,0,0,
702911,20260630,502911,251,30,12,0,0,
702912,20260630,502912,377,8,5,0,0,
702913,20260630,502913,45,1,0,0,0,
702914,20260630,502914,167,10,5,0,0,
702915,20260630,502915,141,14,9,0,0,
702916,20260630,502916,396,35,8,0,0,
702917,20260630,502917,200,19,7,0,0,
702918,20260630,502918,256,7,2,0,0,
702919,20260630,502919,102,11,6,0,0,
702920,20260630,502920,394,23,5,0,0,
702921,20260630,502921,351,31,6,0,0,
702922,20260630,502922,266,24,16,0,0,
702923,20260630,502923,374,28,10,0,0,
702924,20260630,502924,297,23,11,0,0,
702925,20260630,502925,83,3,0,0,0,
702926,20260630,502926,224,13,5,0,0,
702927,20260630,502927,261,9,2,0,0,
702928,20260630,502928,194,12,7,0,0,
702929,20260630,502929,330,35,22,0,0,
702930,20260630,502930,240,5,1,0,0,
702931,20260630,502931,248,21,6,0,0,
702932,20260630,502932,171,4,1,0,0,
702933,20260630,502933,62,7,1,0,0,
702934,20260630,502934,437,30,10,0,0,
702935,20260630,502935,463,52,35,0,0,
702936,20260630,502936,200,10,2,0,0,
702937,20260630,502937,206,26,8,0,0,
702938,20260630,502938,194,13,6,0,0,
702939,20260630,502939,368,12,2,0,0,
702940,20260630,502940,399,26,8,0,0,
702941,20260630,502941,219,5,1,0,0,
702942,20260630,502942,183,13,3,0,0,
702943,20260630,502943,260,32,11,0,0,
702944,20260630,502944,40,3,1,0,0,
702945,20260630,502945,481,38,7,0,0,
702946,20260630,502946,159,10,3,0,0,
702947,20260630,502947,149,10,5,0,0,
702948,20260630,502948,182,10,2,0,0,
702949,20260630,502949,110,3,1,0,0,
702950,20260630,502950,195,10,7,0,0,
702951,20260630,502951,184,8,5,0,0,
702952,20260630,502952,332,30,14,0,0,
702953,20260630,502953,132,8,4,0,0,
702954,20260630,502954,391,35,17,0,0,
702955,20260630,502955,197,18,12,0,0,
702956,20260630,502956,127,12,5,0,0,
702957,20260630,502957,482,18,3,0,0,
702958,20260630,502958,296,22,9,0,0,
702959,20260630,502959,204,6,3,0,0,
702960,20260630,502960,338,21,11,0,0,
702961,20260630,502961,347,21,7,0,0,
702962,20260630,502962,181,17,5,0,0,
702963,20260630,502963,267,14,6,0,0,
702964,20260630,502964,116,10,1,0,0,
702965,20260630,502965,199,16,10,0,0,
702966,20260630,502966,324,31,15,0,0,
702967,20260630,502967,51,1,0,0,0,
702968,20260630,502968,298,31,16,0,0,
702969,20260630,502969,262,19,11,0,0,
702970,20260630,502970,262,6,1,0,0,
702971,20260630,502971,432,38,8,0,0,
702972,20260630,502972,278,32,9,0,0,
702973,20260630,502973,301,35,14,0,0,
702974,20260630,502974,409,41,16,0,0,
702975,20260630,502975,297,36,6,0,0,
702976,20260630,502976,389,23,15,0,0,
702977,20260630,502977,243,28,19,0,0,
702978,20260630,502978,397,10,3,0,0,
702979,20260630,502979,332,27,14,0,0,
702980,20260630,502980,286,32,17,0,0,
702981,20260630,502981,84,10,2,0,0,
702982,20260630,502982,79,7,3,0,0,
702983,20260630,502983,194,22,12,0,0,
702984,20260630,502984,414,26,13,0,0,
702985,20260630,502985,149,19,7,0,0,
702986,20260630,502986,299,26,5,0,0,
702987,20260630,502987,42,4,1,0,0,
702988,20260630,502988,260,6,1,0,0,
702989,20260630,502989,329,35,22,0,0,
702990,20260630,502990,92,6,2,0,0,
702991,20260630,502991,127,2,1,0,0,
702992,20260630,502992,142,18,3,0,0,
702993,20260630,502993,491,63,35,0,0,
702994,20260630,502994,313,8,5,0,0,
702995,20260630,502995,391,38,25,0,0,
702996,20260630,502996,187,24,12,0,0,
702997,20260630,502997,128,5,2,0,0,
702998,20260630,502998,458,49,29,0,0,
702999,20260630,502999,112,13,6,0,0,
703000,20260630,503000,360,14,9,0,0,
