unit_key,unit_id,unit_code,project_key,zone_key,unit_type,bedroom_count,bathroom_count,net_area_m2,gross_area_m2,floor_number,floor_band,balcony_orientation,door_orientation,view_primary_type,is_corner_unit,efficiency_ratio,distance_to_trash_room_m,is_adjacent_elevator,dark_bedroom_count,west_facing_exposure_pct,view_obstruction_distance_m,taboo_view_type,is_taboo_floor,ext_attributes
1,VHSC-U-00001,S1.01-09.02,1,1,1PN,1,1,41.35,48.65,9,MID,SE,N,CITY_OPEN,f,0.850,12.0,f,0,0.05,50.0,NONE,f,"{""data_origin"": ""synthetic"", ""reference"": ""Vinhomes Smart City""}"
2,VHSC-U-00002,S1.01-16.03,1,1,2PN,2,2,56.26,66.19,16,MID,S,N,CITY_OPEN,f,0.850,12.0,f,0,0.05,50.0,NONE,f,"{""data_origin"": ""synthetic"", ""reference"": ""Vinhomes Smart City""}"
3,VHSC-U-00003,S1.01-23.04,1,1,2PN,2,2,69.98,82.33,23,HIGH,N,N,CITY_OPEN,f,0.850,12.0,f,0,0.05,50.0,NONE,f,"{""data_origin"": ""synthetic"", ""reference"": ""Vinhomes Smart City""}"
4,VHSC-U-00004,S1.01-30.05,1,1,STUDIO,0,1,31.82,37.44,30,HIGH,NE,N,CITY_OPEN,f,0.850,12.0,f,0,0.05,50.0,NONE,f,"{""data_origin"": ""synthetic"", ""reference"": ""Vinhomes Smart City""}"
5,VHSC-U-00005,S1.01-04.06,1,1,1PN,1,1,46.80,55.06,4,LOW,SW,N,CITY_OPEN,f,0.850,12.0,f,0,0.45,50.0,NONE,t,"{""data_origin"": ""synthetic"", ""reference"": ""Vinhomes Smart City""}"
6,VHSC-U-00006,S1.01-11.07,1,1,2PN,2,2,69.54,81.81,11,MID,W,N,CITY_OPEN,f,0.850,12.0,f,0,0.45,50.0,NONE,f,"{""data_origin"": ""synthetic"", ""reference"": ""Vinhomes Smart City""}"
7,VHSC-U-00007,S1.01-18.08,1,1,3PN,3,2,90.35,106.29,18,MID,NW,N,CITY_OPEN,f,0.850,12.0,f,0,0.45,50.0,NONE,f,"{""data_origin"": ""synthetic"", ""reference"": ""Vinhomes Smart City""}"
8,VHSC-U-00008,S1.01-25.09,1,1,STUDIO,0,1,31.23,36.74,25,HIGH,E,N,CITY_OPEN,f,0.850,12.0,f,0,0.05,50.0,NONE,f,"{""data_origin"": ""synthetic"", ""reference"": ""Vinhomes Smart City""}"
9,VHSC-U-00009,S1.01-32.10,1,1,1PN,1,1,39.49,46.46,32,HIGH,SE,N,CITY_OPEN,f,0.850,12.0,f,0,0.05,50.0,NONE,f,"{""data_origin"": ""synthetic"", ""reference"": ""Vinhomes Smart City""}"
10,VHSC-U-00010,S1.01-06.11,1,1,2PN,2,2,61.67,72.55,6,MID,S,N,CITY_OPEN,t,0.850,12.0,f,0,0.05,50.0,NONE,f,"{""data_origin"": ""synthetic"", ""reference"": ""Vinhomes Smart City""}"
11,VHSC-U-00011,S1.01-13.12,1,1,3PN,3,2,86.74,102.05,13,MID,N,N,CITY_OPEN,f,0.850,12.0,f,0,0.05,50.0,NONE,t,"{""data_origin"": ""synthetic"", ""reference"": ""Vinhomes Smart City""}"
12,VHSC-U-00012,S1.01-20.13,1,1,STUDIO,0,1,28.68,33.74,20,MID,NE,N,CITY_OPEN,f,0.850,12.0,f,0,0.05,50.0,NONE,f,"{""data_origin"": ""synthetic"", ""reference"": ""Vinhomes Smart City""}"
13,VHSC-U-00013,S1.01-27.14,1,1,2PN,2,2,62.33,73.33,27,HIGH,SW,N,CITY_OPEN,f,0.850,12.0,f,0,0.45,50.0,NONE,f,"{""data_origin"": ""synthetic"", ""reference"": ""Vinhomes Smart City""}"
14,VHSC-U-00014,S1.01-34.15,1,1,2PN,2,2,55.82,65.67,34,HIGH,W,N,CITY_OPEN,f,0.850,12.0,f,0,0.45,50.0,NONE,f,"{""data_origin"": ""synthetic"", ""reference"": ""Vinhomes Smart City""}"
15,VHSC-U-00015,S1.01-08.16,1,1,3PN,3,2,94.36,111.01,8,MID,NW,N,CITY_OPEN,f,0.850,12.0,f,0,0.45,50.0,NONE,f,"{""data_origin"": ""synthetic"", ""reference"": ""Vinhomes Smart City""}"
16,VHSC-U-00016,S1.01-15.17,1,1,STUDIO,0,1,34.02,40.02,15,MID,E,N,CITY_OPEN,f,0.850,12.0,f,0,0.05,50.0,NONE,f,"{""data_origin"": ""synthetic"", ""reference"": ""Vinhomes Smart City""}"
17,VHSC-U-00017,S1.01-22.18,1,1,1PN,1,1,45.09,53.05,22,HIGH,SE,N,CITY_OPEN,f,0.850,12.0,f,0,0.05,50.0,NONE,f,"{""data_origin"": ""synthetic"", ""reference"": ""Vinhomes Smart City""}"
18,VHSC-U-00018,S1.01-29.19,1,1,2PN,2,2,62.05,73.00,29,HIGH,S,N,CITY_OPEN,f,0.850,12.0,f,0,0.05,50.0,NONE,f,"{""data_origin"": ""synthetic"", ""reference"": ""Vinhomes Smart City""}"
19,VHSC-U-00019,S1.01-03.20,1,1,3PN,3,2,80.66,94.89,3,LOW,N,N,CITY_OPEN,f,0.850,12.0,f,0,0.05,50.0,NONE,f,"{""data_origin"": ""synthetic"", ""reference"": ""Vinhomes Smart City""}"
20,VHSC-U-00020,S1.01-10.21,1,1,STUDIO,0,1,29.91,35.19,10,MID,NE,N,CITY_OPEN,t,0.850,12.0,f,0,0.05,50.0,NONE,f,"{""data_origin"": ""synthetic"", ""reference"": ""Vinhomes Smart City""}"
21,VHSC-U-00021,S1.01-17.22,1,1,1PN,1,1,44.25,52.06,17,MID,SW,N,CITY_OPEN,f,0.850,12.0,f,0,0.45,50.0,NONE,f,"{""data_origin"": ""synthetic"", ""reference"": ""Vinhomes Smart City""}"
22,VHSC-U-00022,S1.01-24.23,1,1,2PN,2,2,56.16,66.07,24,HIGH,W,N,CITY_OPEN,f,0.850,12.0,f,0,0.45,50.0,NONE,f,"{""data_origin"": ""synthetic"", ""reference"": ""Vinhomes Smart City""}"
23,VHSC-U-00023,S1.01-31.24,1,1,3PN,3,2,86.04,101.22,31,HIGH,NW,N,CITY_OPEN,f,0.850,12.0,f,0,0.45,50.0,NONE,f,"{""data_origin"": ""synthetic"", ""reference"": ""Vinhomes Smart City""}"
24,VHSC-U-00024,S1.01-05.25,1,1,STUDIO,0,1,33.96,39.95,5,LOW,E,N,CITY_OPEN,f,0.850,12.0,f,0,0.05,50.0,NONE,f,"{""data_origin"": ""synthetic"", ""reference"": ""Vinhomes Smart City""}"
25,VHSC-U-00025,S1.01-12.26,1,1,1PN,1,1,41.69,49.05,12,MID,SE,N,CITY_OPEN,f,0.850,12.0,f,0,0.05,50.0,NONE,f,"{""data_origin"": ""synthetic"", ""reference"": ""Vinhomes Smart City""}"
26,VHSC-U-00026,S1.01-19.27,1,1,2PN,2,2,55.11,64.84,19,MID,S,N,CITY_OPEN,f,0.850,12.0,f,0,0.05,50.0,NONE,f,"{""data_origin"": ""synthetic"", ""reference"": ""Vinhomes Smart City""}"
27,VHSC-U-00027,S1.01-26.28,1,1,3PN,3,2,93.12,109.55,26,HIGH,N,N,CITY_OPEN,f,0.850,12.0,f,0,0.05,50.0,NONE,f,"{""data_origin"": ""synthetic"", ""reference"": ""Vinhomes Smart City""}"
28,VHSC-U-00028,S1.01-33.29,1,1,STUDIO,0,1,28.96,34.07,33,HIGH,NE,N,CITY_OPEN,f,0.850,12.0,f,0,0.05,50.0,NONE,f,"{""data_origin"": ""synthetic"", ""reference"": ""Vinhomes Smart City""}"
29,VHSC-U-00029,S1.01-07.30,1,1,1PN,1,1,46.83,55.09,7,MID,SW,N,CITY_OPEN,f,0.850,12.0,f,0,0.45,50.0,NONE,t,"{""data_origin"": ""synthetic"", ""reference"": ""Vinhomes Smart City""}"
30,VHSC-U-00030,S1.01-14.01,1,1,2PN,2,2,55.38,65.15,14,MID,W,N,CITY_OPEN,t,0.850,12.0,f,0,0.45,50.0,NONE,t,"{""data_origin"": ""synthetic"", ""reference"": ""Vinhomes Smart City""}"
31,VHSC-U-00031,S1.01-21.02,1,1,3PN,3,2,81.76,96.19,21,HIGH,NW,N,CITY_OPEN,f,0.850,12.0,f,0,0.45,50.0,NONE,f,"{""data_origin"": ""synthetic"", ""reference"": ""Vinhomes Smart City""}"
32,VHSC-U-00032,S1.01-28.03,1,1,1PN,1,1,47.81,56.25,28,HIGH,E,N,CITY_OPEN,f,0.850,12.0,f,0,0.05,50.0,NONE,f,"{""data_origin"": ""synthetic"", ""reference"": ""Vinhomes Smart City""}"
33,VHSC-U-00033,S1.01-02.04,1,1,1PN,1,1,40.08,47.15,2,LOW,SE,N,CITY_OPEN,f,0.850,12.0,f,0,0.05,50.0,NONE,f,"{""data_origin"": ""synthetic"", ""reference"": ""Vinhomes Smart City""}"
34,VHSC-U-00034,S1.01-09.05,1,1,2PN,2,2,67.51,79.42,9,MID,S,N,CITY_OPEN,f,0.850,12.0,f,0,0.05,50.0,NONE,f,"{""data_origin"": ""synthetic"", ""reference"": ""Vinhomes Smart City""}"
35,VHSC-U-00035,S1.01-16.06,1,1,3PN,3,2,93.76,110.31,16,MID,N,N,CITY_OPEN,f,0.850,12.0,f,0,0.05,50.0,NONE,f,"{""data_origin"": ""synthetic"", ""reference"": ""Vinhomes Smart City""}"
36,VHSC-U-00036,S1.01-23.07,1,1,STUDIO,0,1,33.44,39.34,23,HIGH,NE,N,CITY_OPEN,f,0.850,12.0,f,0,0.05,50.0,NONE,f,"{""data_origin"": ""synthetic"", ""reference"": ""Vinhomes Smart City""}"
37,VHSC-U-00037,S1.01-30.08,1,1,1PN,1,1,46.05,54.18,30,HIGH,SW,N,CITY_OPEN,f,0.850,12.0,f,0,0.45,50.0,NONE,f,"{""data_origin"": ""synthetic"", ""reference"": ""Vinhomes Smart City""}"
38,VHSC-U-00038,S1.01-04.09,1,1,2PN,2,2,55.66,65.48,4,LOW,W,N,CITY_OPEN,f,0.850,12.0,f,0,0.45,50.0,NONE,t,"{""data_origin"": ""synthetic"", ""reference"": ""Vinhomes Smart City""}"
39,VHSC-U-00039,S1.01-11.10,1,1,3PN,3,2,80.40,94.59,11,MID,NW,N,CITY_OPEN,f,0.850,12.0,f,0,0.45,50.0,NONE,f,"{""data_origin"": ""synthetic"", ""reference"": ""Vinhomes Smart City""}"
40,VHSC-U-00040,S1.01-18.11,1,1,2PN,2,2,69.49,81.75,18,MID,W,N,CITY_OPEN,t,0.850,12.0,f,0,0.80,50.0,NONE,f,"{""data_origin"": ""synthetic"", ""reference"": ""Vinhomes Smart City""}"
41,VHSC-U-00041,S1.01-25.12,1,1,1PN,1,1,38.38,45.15,25,HIGH,SE,N,CITY_OPEN,f,0.850,12.0,f,0,0.05,50.0,NONE,f,"{""data_origin"": ""synthetic"", ""reference"": ""Vinhomes Smart City""}"
42,VHSC-U-00042,S1.01-32.13,1,1,2PN,2,2,62.53,73.56,32,HIGH,S,N,CITY_OPEN,f,0.850,1.5,f,0,0.05,50.0,NONE,f,"{""data_origin"": ""synthetic"", ""reference"": ""Vinhomes Smart City""}"
43,VHSC-U-00043,S1.01-06.14,1,1,3PN,3,2,82.87,97.49,6,MID,N,N,CITY_OPEN,f,0.850,12.0,f,0,0.05,50.0,NONE,f,"{""data_origin"": ""synthetic"", ""reference"": ""Vinhomes Smart City""}"
44,VHSC-U-00044,S1.01-13.15,1,1,STUDIO,0,1,32.28,37.98,13,MID,NE,N,CITY_OPEN,f,0.850,12.0,f,0,0.05,50.0,NONE,t,"{""data_origin"": ""synthetic"", ""reference"": ""Vinhomes Smart City""}"
45,VHSC-U-00045,S1.01-20.16,1,1,1PN,1,1,47.99,56.46,20,MID,SW,N,CITY_OPEN,f,0.850,12.0,f,0,0.45,50.0,NONE,f,"{""data_origin"": ""synthetic"", ""reference"": ""Vinhomes Smart City""}"
46,VHSC-U-00046,S1.01-27.17,1,1,2PN,2,2,55.09,64.81,27,HIGH,W,N,CITY_OPEN,f,0.850,12.0,f,0,0.45,50.0,NONE,f,"{""data_origin"": ""synthetic"", ""reference"": ""Vinhomes Smart City""}"
47,VHSC-U-00047,S1.01-34.18,1,1,3PN,3,2,91.22,107.32,34,HIGH,NW,N,CITY_OPEN,f,0.850,12.0,f,0,0.45,50.0,NONE,f,"{""data_origin"": ""synthetic"", ""reference"": ""Vinhomes Smart City""}"
48,VHSC-U-00048,S1.01-08.19,1,1,STUDIO,0,1,31.07,36.55,8,MID,E,N,CITY_OPEN,f,0.850,12.0,f,0,0.05,50.0,NONE,f,"{""data_origin"": ""synthetic"", ""reference"": ""Vinhomes Smart City""}"
49,VHSC-U-00049,S1.01-15.20,1,1,1PN,1,1,38.79,45.64,15,MID,SE,N,CITY_OPEN,f,0.850,12.0,f,0,0.05,50.0,NONE,f,"{""data_origin"": ""synthetic"", ""reference"": ""Vinhomes Smart City""}"
50,VHSC-U-00050,S1.01-22.21,1,1,2PN,2,2,60.24,70.87,22,HIGH,S,N,CITY_OPEN,t,0.850,12.0,f,0,0.05,50.0,NONE,f,"{""data_origin"": ""synthetic"", ""reference"": ""Vinhomes Smart City""}"
51,VHSC-U-00051,S1.01-29.22,1,1,3PN,3,2,85.57,100.67,29,HIGH,N,N,CITY_OPEN,f,0.850,12.0,f,0,0.05,50.0,NONE,f,"{""data_origin"": ""synthetic"", ""reference"": ""Vinhomes Smart City""}"
52,VHSC-U-00052,S1.01-03.23,1,1,STUDIO,0,1,29.73,34.98,3,LOW,NE,N,CITY_OPEN,f,0.850,12.0,f,0,0.05,50.0,NONE,f,"{""data_origin"": ""synthetic"", ""reference"": ""Vinhomes Smart City""}"
53,VHSC-U-00053,S1.01-10.24,1,1,1PN,1,1,40.82,48.02,10,MID,SW,N,CITY_OPEN,f,0.850,12.0,f,0,0.45,50.0,NONE,f,"{""data_origin"": ""synthetic"", ""reference"": ""Vinhomes Smart City""}"
54,VHSC-U-00054,S1.01-17.25,1,1,2PN,2,2,66.86,78.66,17,MID,W,N,CITY_OPEN,f,0.850,12.0,f,0,0.45,50.0,NONE,f,"{""data_origin"": ""synthetic"", ""reference"": ""Vinhomes Smart City""}"
55,VHSC-U-00055,S1.01-24.26,1,1,3PN,3,2,84.55,99.47,24,HIGH,NW,N,CITY_OPEN,f,0.850,12.0,f,0,0.45,50.0,NONE,f,"{""data_origin"": ""synthetic"", ""reference"": ""Vinhomes Smart City""}"
56,VHSC-U-00056,S1.01-31.27,1,1,STUDIO,0,1,30.50,35.88,31,HIGH,E,N,CITY_OPEN,f,0.850,12.0,f,0,0.05,50.0,NONE,f,"{""data_origin"": ""synthetic"", ""reference"": ""Vinhomes Smart City""}"
57,VHSC-U-00057,S1.01-05.28,1,1,1PN,1,1,45.55,53.59,5,LOW,SE,N,CITY_OPEN,f,0.850,12.0,f,0,0.05,50.0,NONE,f,"{""data_origin"": ""synthetic"", ""reference"": ""Vinhomes Smart City""}"
58,VHSC-U-00058,S1.01-12.29,1,1,2PN,2,2,66.25,77.94,12,MID,S,N,CITY_OPEN,f,0.850,12.0,f,0,0.05,50.0,NONE,f,"{""data_origin"": ""synthetic"", ""reference"": ""Vinhomes Smart City""}"
59,VHSC-U-00059,S1.01-19.30,1,1,3PN,3,2,92.26,108.54,19,MID,N,N,CITY_OPEN,f,0.850,12.0,f,0,0.05,50.0,NONE,f,"{""data_origin"": ""synthetic"", ""reference"": ""Vinhomes Smart City""}"
60,VHSC-U-00060,S1.01-26.01,1,1,STUDIO,0,1,28.86,33.95,26,HIGH,NE,N,CITY_OPEN,t,0.850,12.0,f,0,0.05,50.0,NONE,f,"{""data_origin"": ""synthetic"", ""reference"": ""Vinhomes Smart City""}"
61,VHSC-U-00061,S1.01-33.02,1,1,1PN,1,1,44.89,52.81,33,HIGH,SW,N,CITY_OPEN,f,0.850,12.0,f,0,0.45,50.0,NONE,f,"{""data_origin"": ""synthetic"", ""reference"": ""Vinhomes Smart City""}"
62,VHSC-U-00062,S1.01-07.03,1,1,2PN,2,2,61.59,72.46,7,MID,W,N,CITY_OPEN,f,0.850,12.0,f,0,0.45,50.0,NONE,t,"{""data_origin"": ""synthetic"", ""reference"": ""Vinhomes Smart City""}"
63,VHSC-U-00063,S1.01-14.04,1,1,3PN,3,2,82.45,97.00,14,MID,NW,N,CITY_OPEN,f,0.850,12.0,f,0,0.45,50.0,NONE,t,"{""data_origin"": ""synthetic"", ""reference"": ""Vinhomes Smart City""}"
64,VHSC-U-00064,S1.01-21.05,1,1,STUDIO,0,1,28.50,33.53,21,HIGH,E,N,CITY_OPEN,f,0.850,12.0,f,0,0.05,50.0,NONE,f,"{""data_origin"": ""synthetic"", ""reference"": ""Vinhomes Smart City""}"
65,VHSC-U-00065,S1.01-28.06,1,1,1PN,1,1,45.27,53.26,28,HIGH,SE,N,CITY_OPEN,f,0.850,12.0,f,0,0.05,50.0,NONE,f,"{""data_origin"": ""synthetic"", ""reference"": ""Vinhomes Smart City""}"
66,VHSC-U-00066,S1.01-02.07,1,1,2PN,2,2,58.46,68.78,2,LOW,S,N,CITY_OPEN,f,0.850,12.0,f,0,0.05,50.0,NONE,f,"{""data_origin"": ""synthetic"", ""reference"": ""Vinhomes Smart City""}"
67,VHSC-U-00067,S1.01-09.08,1,1,3PN,3,2,90.13,106.04,9,MID,N,N,CITY_OPEN,f,0.850,12.0,f,0,0.05,50.0,NONE,f,"{""data_origin"": ""synthetic"", ""reference"": ""Vinhomes Smart City""}"
68,VHSC-U-00068,S1.01-16.09,1,1,STUDIO,0,1,33.66,39.60,16,MID,NE,N,CITY_OPEN,f,0.850,12.0,f,0,0.05,50.0,NONE,f,"{""data_origin"": ""synthetic"", ""reference"": ""Vinhomes Smart City""}"
69,VHSC-U-00069,S1.01-23.10,1,1,2PN,2,2,65.84,77.46,23,HIGH,SW,N,CITY_OPEN,f,0.850,12.0,f,0,0.45,50.0,NONE,f,"{""data_origin"": ""synthetic"", ""reference"": ""Vinhomes Smart City""}"
70,VHSC-U-00070,S1.01-30.11,1,1,2PN,2,2,65.41,76.95,30,HIGH,W,N,CITY_OPEN,t,0.850,12.0,f,0,0.45,50.0,NONE,f,"{""data_origin"": ""synthetic"", ""reference"": ""Vinhomes Smart City""}"
71,VHSC-U-00071,S1.01-04.12,1,1,3PN,3,2,85.85,101.00,4,LOW,NW,N,CITY_OPEN,f,0.850,12.0,f,0,0.45,50.0,NONE,t,"{""data_origin"": ""synthetic"", ""reference"": ""Vinhomes Smart City""}"
72,VHSC-U-00072,S1.01-11.13,1,1,STUDIO,0,1,31.94,37.58,11,MID,E,N,CITY_OPEN,f,0.850,12.0,f,0,0.05,50.0,NONE,f,"{""data_origin"": ""synthetic"", ""reference"": ""Vinhomes Smart City""}"
73,VHSC-U-00073,S1.01-18.14,1,1,1PN,1,1,40.01,47.07,18,MID,SE,N,CITY_OPEN,f,0.850,12.0,f,0,0.05,50.0,NONE,f,"{""data_origin"": ""synthetic"", ""reference"": ""Vinhomes Smart City""}"
74,VHSC-U-00074,S1.01-25.15,1,1,2PN,2,2,55.93,65.80,25,HIGH,S,N,CITY_OPEN,f,0.850,12.0,f,0,0.05,50.0,NONE,f,"{""data_origin"": ""synthetic"", ""reference"": ""Vinhomes Smart City""}"
75,VHSC-U-00075,S1.01-32.16,1,1,3PN,3,2,80.48,94.68,32,HIGH,N,N,CITY_OPEN,f,0.850,12.0,f,0,0.05,50.0,NONE,f,"{""data_origin"": ""synthetic"", ""reference"": ""Vinhomes Smart City""}"
76,VHSC-U-00076,S1.01-06.17,1,1,STUDIO,0,1,31.55,37.12,6,MID,NE,N,CITY_OPEN,f,0.850,12.0,f,0,0.05,50.0,NONE,f,"{""data_origin"": ""synthetic"", ""reference"": ""Vinhomes Smart City""}"
77,VHSC-U-00077,S1.01-13.18,1,1,1PN,1,1,39.58,46.56,13,MID,SW,N,CITY_OPEN,f,0.850,12.0,f,0,0.45,50.0,NONE,t,"{""data_origin"": ""synthetic"", ""reference"": ""Vinhomes Smart City""}"
78,VHSC-U-00078,S1.01-20.19,1,1,2PN,2,2,65.45,77.00,20,MID,W,N,CITY_OPEN,f,0.850,12.0,f,0,0.45,50.0,NONE,f,"{""data_origin"": ""synthetic"", ""reference"": ""Vinhomes Smart City""}"
79,VHSC-U-00079,S1.01-27.20,1,1,3PN,3,2,85.57,100.67,27,HIGH,NW,N,CITY_OPEN,f,0.850,12.0,f,0,0.45,50.0,NONE,f,"{""data_origin"": ""synthetic"", ""reference"": ""Vinhomes Smart City""}"
80,VHSC-U-00080,S1.01-34.21,1,1,STUDIO,0,1,30.64,36.05,34,HIGH,E,N,CITY_OPEN,t,0.850,12.0,f,0,0.05,50.0,NONE,f,"{""data_origin"": ""synthetic"", ""reference"": ""Vinhomes Smart City""}"
81,VHSC-U-00081,S1.01-08.22,1,1,1PN,1,1,44.51,52.36,8,MID,SE,N,CITY_OPEN,f,0.850,12.0,f,0,0.05,50.0,NONE,f,"{""data_origin"": ""synthetic"", ""reference"": ""Vinhomes Smart City""}"
82,VHSC-U-00082,S1.01-15.23,1,1,2PN,2,2,66.46,78.19,15,MID,S,N,CITY_OPEN,f,0.850,12.0,f,0,0.05,50.0,NONE,f,"{""data_origin"": ""synthetic"", ""reference"": ""Vinhomes Smart City""}"
83,VHSC-U-00083,S1.01-22.24,1,1,3PN,3,2,90.88,106.92,22,HIGH,N,N,CITY_OPEN,f,0.850,12.0,f,0,0.05,50.0,NONE,f,"{""data_origin"": ""synthetic"", ""reference"": ""Vinhomes Smart City""}"
84,VHSC-U-00084,S1.01-29.25,1,1,STUDIO,0,1,29.19,34.34,29,HIGH,NE,N,CITY_OPEN,f,0.850,12.0,f,0,0.05,50.0,NONE,f,"{""data_origin"": ""synthetic"", ""reference"": ""Vinhomes Smart City""}"
85,VHSC-U-00085,S1.01-03.26,1,1,1PN,1,1,44.87,52.79,3,LOW,SW,N,CITY_OPEN,f,0.850,12.0,f,0,0.45,50.0,NONE,f,"{""data_origin"": ""synthetic"", ""reference"": ""Vinhomes Smart City""}"
86,VHSC-U-00086,S1.01-10.27,1,1,2PN,2,2,56.18,66.09,10,MID,W,N,CITY_OPEN,f,0.850,12.0,f,0,0.45,50.0,NONE,f,"{""data_origin"": ""synthetic"", ""reference"": ""Vinhomes Smart City""}"
87,VHSC-U-00087,S1.01-17.28,1,1,3PN,3,2,90.69,106.69,17,MID,NW,N,CITY_OPEN,f,0.850,12.0,f,0,0.45,50.0,NONE,f,"{""data_origin"": ""synthetic"", ""reference"": ""Vinhomes Smart City""}"
88,VHSC-U-00088,S1.01-24.29,1,1,STUDIO,0,1,29.45,34.65,24,HIGH,E,N,CITY_OPEN,f,0.850,12.0,f,0,0.05,50.0,NONE,f,"{""data_origin"": ""synthetic"", ""reference"": ""Vinhomes Smart City""}"
89,VHSC-U-00089,S1.01-31.30,1,1,1PN,1,1,45.40,53.41,31,HIGH,SE,N,CITY_OPEN,f,0.850,12.0,f,0,0.05,50.0,NONE,f,"{""data_origin"": ""synthetic"", ""reference"": ""Vinhomes Smart City""}"
90,VHSC-U-00090,S1.01-05.01,1,1,2PN,2,2,56.59,66.58,5,LOW,S,N,CITY_OPEN,t,0.850,12.0,f,0,0.05,50.0,NONE,f,"{""data_origin"": ""synthetic"", ""reference"": ""Vinhomes Smart City""}"
91,VHSC-U-00091,S1.01-12.02,1,1,3PN,3,2,90.03,105.92,12,MID,N,N,CITY_OPEN,f,0.850,12.0,f,0,0.05,50.0,NONE,f,"{""data_origin"": ""synthetic"", ""reference"": ""Vinhomes Smart City""}"
92,VHSC-U-00092,S1.01-19.03,1,1,STUDIO,0,1,32.02,37.67,19,MID,NE,N,CITY_OPEN,f,0.850,12.0,f,0,0.05,50.0,NONE,f,"{""data_origin"": ""synthetic"", ""reference"": ""Vinhomes Smart City""}"
93,VHSC-U-00093,S1.01-26.04,1,1,1PN,1,1,38.29,45.05,26,HIGH,SW,N,CITY_OPEN,f,0.850,12.0,f,0,0.45,50.0,NONE,f,"{""data_origin"": ""synthetic"", ""reference"": ""Vinhomes Smart City""}"
94,VHSC-U-00094,S1.01-33.05,1,1,2PN,2,2,58.56,68.89,33,HIGH,W,N,CITY_OPEN,f,0.850,12.0,f,0,0.45,50.0,NONE,f,"{""data_origin"": ""synthetic"", ""reference"": ""Vinhomes Smart City""}"
95,VHSC-U-00095,S1.01-07.06,1,1,3PN,3,2,84.00,98.82,7,MID,NW,N,CITY_OPEN,f,0.850,12.0,f,0,0.45,50.0,NONE,t,"{""data_origin"": ""synthetic"", ""reference"": ""Vinhomes Smart City""}"
96,VHSC-U-00096,S1.01-14.07,1,1,STUDIO,0,1,29.20,34.35,14,MID,E,N,CITY_OPEN,f,0.850,12.0,f,0,0.05,50.0,NONE,t,"{""data_origin"": ""synthetic"", ""reference"": ""Vinhomes Smart City""}"
97,VHSC-U-00097,S1.01-21.08,1,1,1PN,1,1,41.06,48.31,21,HIGH,SE,N,CITY_OPEN,f,0.850,12.0,f,0,0.05,50.0,NONE,f,"{""data_origin"": ""synthetic"", ""reference"": ""Vinhomes Smart City""}"
98,VHSC-U-00098,S1.01-28.09,1,1,2PN,2,2,67.74,79.69,28,HIGH,S,N,CITY_OPEN,f,0.850,12.0,f,0,0.05,50.0,NONE,f,"{""data_origin"": ""synthetic"", ""reference"": ""Vinhomes Smart City""}"
99,VHSC-U-00099,S1.01-02.10,1,1,2PN,2,2,68.62,80.73,2,LOW,N,N,CITY_OPEN,f,0.850,12.0,f,0,0.05,50.0,NONE,f,"{""data_origin"": ""synthetic"", ""reference"": ""Vinhomes Smart City""}"
100,VHSC-U-00100,S1.01-09.11,1,1,STUDIO,0,1,29.87,35.14,9,MID,NE,N,CITY_OPEN,t,0.850,12.0,f,0,0.05,50.0,NONE,f,"{""data_origin"": ""synthetic"", ""reference"": ""Vinhomes Smart City""}"
101,VHSC-U-00101,S1.01-16.12,1,1,2PN,2,2,67.61,79.54,16,MID,SW,N,CITY_OPEN,f,0.850,12.0,f,0,0.45,50.0,NONE,f,"{""data_origin"": ""synthetic"", ""reference"": ""Vinhomes Smart City""}"
102,VHSC-U-00102,S1.01-23.13,1,1,2PN,2,2,64.93,76.39,23,HIGH,W,N,CITY_OPEN,f,0.850,12.0,f,0,0.45,50.0,NONE,f,"{""data_origin"": ""synthetic"", ""reference"": ""Vinhomes Smart City""}"
103,VHSC-U-00103,S1.01-30.14,1,1,3PN,3,2,93.61,110.13,30,HIGH,NW,N,CITY_OPEN,f,0.850,12.0,f,0,0.45,50.0,NONE,f,"{""data_origin"": ""synthetic"", ""reference"": ""Vinhomes Smart City""}"
104,VHSC-U-00104,S1.01-04.15,1,1,STUDIO,0,1,34.68,40.80,4,LOW,E,N,CITY_OPEN,f,0.850,12.0,f,0,0.05,50.0,NONE,t,"{""data_origin"": ""synthetic"", ""reference"": ""Vinhomes Smart City""}"
105,VHSC-U-00105,S1.01-11.16,1,1,1PN,1,1,45.06,53.01,11,MID,SE,N,CITY_OPEN,f,0.850,12.0,f,0,0.05,50.0,NONE,f,"{""data_origin"": ""synthetic"", ""reference"": ""Vinhomes Smart City""}"
106,VHSC-U-00106,S1.01-18.17,1,1,2PN,2,2,56.67,66.67,18,MID,S,N,CITY_OPEN,f,0.850,12.0,f,0,0.05,50.0,NONE,f,"{""data_origin"": ""synthetic"", ""reference"": ""Vinhomes Smart City""}"
107,VHSC-U-00107,S1.01-25.18,1,1,3PN,3,2,87.29,102.69,25,HIGH,N,N,CITY_OPEN,f,0.850,12.0,f,0,0.05,50.0,NONE,f,"{""data_origin"": ""synthetic"", ""reference"": ""Vinhomes Smart City""}"
108,VHSC-U-00108,S1.01-32.19,1,1,2PN,2,2,61.64,72.52,32,HIGH,NE,N,CITY_OPEN,f,0.850,12.0,f,0,0.05,50.0,NONE,f,"{""data_origin"": ""synthetic"", ""reference"": ""Vinhomes Smart City""}"
109,VHSC-U-00109,S1.01-06.20,1,1,1PN,1,1,47.47,55.85,6,MID,SW,N,CITY_OPEN,f,0.850,12.0,f,0,0.45,50.0,NONE,f,"{""data_origin"": ""synthetic"", ""reference"": ""Vinhomes Smart City""}"
110,VHSC-U-00110,S1.01-13.21,1,1,2PN,2,2,56.83,66.86,13,MID,W,N,CITY_OPEN,t,0.850,12.0,f,0,0.45,50.0,NONE,t,"{""data_origin"": ""synthetic"", ""reference"": ""Vinhomes Smart City""}"
111,VHSC-U-00111,S1.01-20.22,1,1,3PN,3,2,91.05,107.12,20,MID,NW,N,CITY_OPEN,f,0.850,12.0,f,0,0.45,50.0,NONE,f,"{""data_origin"": ""synthetic"", ""reference"": ""Vinhomes Smart City""}"
112,VHSC-U-00112,S1.01-27.23,1,1,STUDIO,0,1,33.26,39.13,27,HIGH,E,N,CITY_OPEN,f,0.850,12.0,f,0,0.05,50.0,NONE,f,"{""data_origin"": ""synthetic"", ""reference"": ""Vinhomes Smart City""}"
113,VHSC-U-00113,S1.01-34.24,1,1,2PN,2,2,69.86,82.19,34,HIGH,SE,N,CITY_OPEN,f,0.850,12.0,f,0,0.05,50.0,NONE,f,"{""data_origin"": ""synthetic"", ""reference"": ""Vinhomes Smart City""}"
114,VHSC-U-00114,S1.01-08.25,1,1,2PN,2,2,69.55,81.82,8,MID,S,N,CITY_OPEN,f,0.850,12.0,f,0,0.05,50.0,NONE,f,"{""data_origin"": ""synthetic"", ""reference"": ""Vinhomes Smart City""}"
115,VHSC-U-00115,S1.01-15.26,1,1,3PN,3,2,90.70,106.71,15,MID,N,N,CITY_OPEN,f,0.850,12.0,f,0,0.05,50.0,NONE,f,"{""data_origin"": ""synthetic"", ""reference"": ""Vinhomes Smart City""}"
116,VHSC-U-00116,S1.01-22.27,1,1,STUDIO,0,1,34.51,40.60,22,HIGH,NE,N,CITY_OPEN,f,0.850,12.0,f,0,0.05,50.0,NONE,f,"{""data_origin"": ""synthetic"", ""reference"": ""Vinhomes Smart City""}"
117,VHSC-U-00117,S1.01-29.28,1,1,1PN,1,1,46.45,54.65,29,HIGH,SW,N,CITY_OPEN,f,0.850,12.0,f,0,0.45,50.0,NONE,f,"{""data_origin"": ""synthetic"", ""reference"": ""Vinhomes Smart City""}"
118,VHSC-U-00118,S1.01-03.29,1,1,2PN,2,2,59.09,69.52,3,LOW,W,N,CITY_OPEN,f,0.850,12.0,f,0,0.45,50.0,NONE,f,"{""data_origin"": ""synthetic"", ""reference"": ""Vinhomes Smart City""}"
119,VHSC-U-00119,S1.01-10.30,1,1,3PN,3,2,86.77,102.08,10,MID,NW,N,CITY_OPEN,f,0.850,12.0,f,0,0.45,50.0,NONE,f,"{""data_origin"": ""synthetic"", ""reference"": ""Vinhomes Smart City""}"
120,VHSC-U-00120,S1.01-17.01,1,1,STUDIO,0,1,31.20,36.71,17,MID,E,N,CITY_OPEN,t,0.850,12.0,f,0,0.05,50.0,NONE,f,"{""data_origin"": ""synthetic"", ""reference"": ""Vinhomes Smart City""}"
121,VHSC-U-00121,S1.01-24.02,1,1,1PN,1,1,43.00,50.59,24,HIGH,SE,N,CITY_OPEN,f,0.850,12.0,f,0,0.05,50.0,NONE,f,"{""data_origin"": ""synthetic"", ""reference"": ""Vinhomes Smart City""}"
122,VHSC-U-00122,S1.01-31.03,1,1,2PN,2,2,58.78,69.15,31,HIGH,S,N,CITY_OPEN,f,0.850,12.0,f,0,0.05,50.0,NONE,f,"{""data_origin"": ""synthetic"", ""reference"": ""Vinhomes Smart City""}"
123,VHSC-U-00123,S1.01-05.04,1,1,3PN,3,2,93.40,109.88,5,LOW,N,N,CITY_OPEN,f,0.850,12.0,f,0,0.05,50.0,NONE,f,"{""data_origin"": ""synthetic"", ""reference"": ""Vinhomes Smart City""}"
124,VHSC-U-00124,S1.01-12.05,1,1,STUDIO,0,1,31.86,37.48,12,MID,NE,N,CITY_OPEN,f,0.850,12.0,f,0,0.05,50.0,NONE,f,"{""data_origin"": ""synthetic"", ""reference"": ""Vinhomes Smart City""}"
125,VHSC-U-00125,S1.01-19.06,1,1,1PN,1,1,41.40,48.71,19,MID,SW,N,CITY_OPEN,f,0.850,12.0,f,0,0.45,50.0,NONE,f,"{""data_origin"": ""synthetic"", ""reference"": ""Vinhomes Smart City""}"
126,VHSC-U-00126,S1.01-26.07,1,1,2PN,2,2,58.39,68.69,26,HIGH,W,N,CITY_OPEN,f,0.850,12.0,f,0,0.45,50.0,NONE,f,"{""data_origin"": ""synthetic"", ""reference"": ""Vinhomes Smart City""}"
127,VHSC-U-00127,S1.01-33.08,1,1,3PN,3,2,84.42,99.32,33,HIGH,NW,N,CITY_OPEN,f,0.850,12.0,f,0,0.45,50.0,NONE,f,"{""data_origin"": ""synthetic"", ""reference"": ""Vinhomes Smart City""}"
128,VHSC-U-00128,S1.01-07.09,1,1,STUDIO,0,1,34.73,40.86,7,MID,E,N,CITY_OPEN,f,0.850,12.0,f,0,0.05,50.0,NONE,t,"{""data_origin"": ""synthetic"", ""reference"": ""Vinhomes Smart City""}"
129,VHSC-U-00129,S1.01-14.10,1,1,1PN,1,1,44.28,52.09,14,MID,SE,N,CITY_OPEN,f,0.850,12.0,f,0,0.05,50.0,NONE,t,"{""data_origin"": ""synthetic"", ""reference"": ""Vinhomes Smart City""}"
130,VHSC-U-00130,S1.01-21.11,1,1,2PN,2,2,66.47,78.20,21,HIGH,S,N,CITY_OPEN,t,0.850,12.0,f,0,0.05,50.0,NONE,f,"{""data_origin"": ""synthetic"", ""reference"": ""Vinhomes Smart City""}"
131,VHSC-U-00131,S1.01-28.12,1,1,3PN,3,2,89.83,105.68,28,HIGH,N,N,CITY_OPEN,f,0.850,12.0,f,0,0.05,50.0,NONE,f,"{""data_origin"": ""synthetic"", ""reference"": ""Vinhomes Smart City""}"
132,VHSC-U-00132,S1.01-02.13,1,1,2PN,2,2,57.44,67.58,2,LOW,W,N,CITY_OPEN,f,0.850,12.0,f,0,0.80,50.0,NONE,f,"{""data_origin"": ""synthetic"", ""reference"": ""Vinhomes Smart City""}"
133,VHSC-U-00133,S1.01-09.14,1,1,1PN,1,1,39.97,47.02,9,MID,SW,N,CITY_OPEN,f,0.850,12.0,f,0,0.45,50.0,NONE,f,"{""data_origin"": ""synthetic"", ""reference"": ""Vinhomes Smart City""}"
134,VHSC-U-00134,S1.01-16.15,1,1,2PN,2,2,65.76,77.36,16,MID,W,N,CITY_OPEN,f,0.850,12.0,f,0,0.45,50.0,NONE,f,"{""data_origin"": ""synthetic"", ""reference"": ""Vinhomes Smart City""}"
135,VHSC-U-00135,S1.01-23.16,1,1,3PN,3,2,92.99,109.40,23,HIGH,NW,N,CITY_OPEN,f,0.850,12.0,f,0,0.45,50.0,NONE,f,"{""data_origin"": ""synthetic"", ""reference"": ""Vinhomes Smart City""}"
136,VHSC-U-00136,S1.01-30.17,1,1,STUDIO,0,1,31.00,36.47,30,HIGH,E,N,CITY_OPEN,f,0.850,12.0,f,0,0.05,50.0,NONE,f,"{""data_origin"": ""synthetic"", ""reference"": ""Vinhomes Smart City""}"
137,VHSC-U-00137,S1.01-04.18,1,1,1PN,1,1,39.86,46.89,4,LOW,SE,N,CITY_OPEN,f,0.850,12.0,f,0,0.05,50.0,NONE,t,"{""data_origin"": ""synthetic"", ""reference"": ""Vinhomes Smart City""}"
138,VHSC-U-00138,S1.01-11.19,1,1,2PN,2,2,56.96,67.01,11,MID,S,N,CITY_OPEN,f,0.850,12.0,f,0,0.05,50.0,NONE,f,"{""data_origin"": ""synthetic"", ""reference"": ""Vinhomes Smart City""}"
139,VHSC-U-00139,S1.01-18.20,1,1,3PN,3,2,86.28,101.51,18,MID,N,N,CITY_OPEN,f,0.850,12.0,f,0,0.05,50.0,NONE,f,"{""data_origin"": ""synthetic"", ""reference"": ""Vinhomes Smart City""}"
140,VHSC-U-00140,S1.01-25.21,1,1,STUDIO,0,1,33.92,39.91,25,HIGH,NE,N,CITY_OPEN,t,0.850,12.0,f,0,0.05,50.0,NONE,f,"{""data_origin"": ""synthetic"", ""reference"": ""Vinhomes Smart City""}"
141,VHSC-U-00141,S1.01-32.22,1,1,1PN,1,1,39.65,46.65,32,HIGH,SW,N,CITY_OPEN,f,0.850,12.0,f,0,0.45,50.0,NONE,f,"{""data_origin"": ""synthetic"", ""reference"": ""Vinhomes Smart City""}"
142,VHSC-U-00142,S1.01-06.23,1,1,2PN,2,2,58.65,69.00,6,MID,W,N,CITY_OPEN,f,0.850,12.0,f,0,0.45,50.0,NONE,f,"{""data_origin"": ""synthetic"", ""reference"": ""Vinhomes Smart City""}"
143,VHSC-U-00143,S1.01-13.24,1,1,3PN,3,2,93.60,110.12,13,MID,NW,N,CITY_OPEN,f,0.850,12.0,f,0,0.45,50.0,NONE,t,"{""data_origin"": ""synthetic"", ""reference"": ""Vinhomes Smart City""}"
144,VHSC-U-00144,S1.01-20.25,1,1,STUDIO,0,1,29.28,34.45,20,MID,E,N,CITY_OPEN,f,0.850,12.0,f,0,0.05,50.0,NONE,f,"{""data_origin"": ""synthetic"", ""reference"": ""Vinhomes Smart City""}"
145,VHSC-U-00145,S1.01-27.26,1,1,1PN,1,1,41.98,49.39,27,HIGH,SE,N,CITY_OPEN,f,0.850,12.0,f,0,0.05,50.0,NONE,f,"{""data_origin"": ""synthetic"", ""reference"": ""Vinhomes Smart City""}"
146,VHSC-U-00146,S1.01-34.27,1,1,2PN,2,2,58.83,69.21,34,HIGH,S,N,CITY_OPEN,f,0.850,12.0,f,0,0.05,50.0,NONE,f,"{""data_origin"": ""synthetic"", ""reference"": ""Vinhomes Smart City""}"
147,VHSC-U-00147,S1.01-08.28,1,1,3PN,3,2,94.05,110.65,8,MID,N,N,CITY_OPEN,f,0.850,12.0,f,0,0.05,50.0,NONE,f,"{""data_origin"": ""synthetic"", ""reference"": ""Vinhomes Smart City""}"
148,VHSC-U-00148,S1.01-15.29,1,1,STUDIO,0,1,33.90,39.88,15,MID,NE,N,CITY_OPEN,f,0.850,12.0,f,0,0.05,50.0,NONE,f,"{""data_origin"": ""synthetic"", ""reference"": ""Vinhomes Smart City""}"
149,VHSC-U-00149,S1.01-22.30,1,1,1PN,1,1,46.53,54.74,22,HIGH,SW,N,CITY_OPEN,f,0.850,12.0,f,0,0.45,50.0,NONE,f,"{""data_origin"": ""synthetic"", ""reference"": ""Vinhomes Smart City""}"
150,VHSC-U-00150,S1.01-29.01,1,1,2PN,2,2,66.89,78.69,29,HIGH,W,N,CITY_OPEN,t,0.850,12.0,f,0,0.45,50.0,NONE,f,"{""data_origin"": ""synthetic"", ""reference"": ""Vinhomes Smart City""}"
151,VHSC-U-00151,S1.01-03.02,1,1,3PN,3,2,84.22,99.08,3,LOW,NW,N,CITY_OPEN,f,0.850,12.0,f,0,0.45,50.0,NONE,f,"{""data_origin"": ""synthetic"", ""reference"": ""Vinhomes Smart City""}"
152,VHSC-U-00152,S1.01-10.03,1,1,STUDIO,0,1,30.39,35.75,10,MID,E,N,CITY_OPEN,f,0.850,12.0,f,0,0.05,50.0,NONE,f,"{""data_origin"": ""synthetic"", ""reference"": ""Vinhomes Smart City""}"
153,VHSC-U-00153,S1.01-17.04,1,1,1PN,1,1,46.70,54.94,17,MID,SE,N,CITY_OPEN,f,0.850,12.0,f,0,0.05,50.0,NONE,f,"{""data_origin"": ""synthetic"", ""reference"": ""Vinhomes Smart City""}"
154,VHSC-U-00154,S1.01-24.05,1,1,2PN,2,2,63.82,75.08,24,HIGH,S,N,CITY_OPEN,f,0.850,12.0,f,0,0.05,50.0,NONE,f,"{""data_origin"": ""synthetic"", ""reference"": ""Vinhomes Smart City""}"
155,VHSC-U-00155,S1.01-31.06,1,1,3PN,3,2,92.36,108.66,31,HIGH,N,N,CITY_OPEN,f,0.850,12.0,f,0,0.05,50.0,NONE,f,"{""data_origin"": ""synthetic"", ""reference"": ""Vinhomes Smart City""}"
156,VHSC-U-00156,S1.01-05.07,1,1,STUDIO,0,1,30.10,35.41,5,LOW,NE,N,CITY_OPEN,f,0.850,12.0,f,0,0.05,50.0,NONE,f,"{""data_origin"": ""synthetic"", ""reference"": ""Vinhomes Smart City""}"
157,VHSC-U-00157,S1.01-12.08,1,1,1PN,1,1,41.51,48.84,12,MID,SW,N,CITY_OPEN,f,0.850,12.0,f,0,0.45,50.0,NONE,f,"{""data_origin"": ""synthetic"", ""reference"": ""Vinhomes Smart City""}"
158,VHSC-U-00158,S1.01-19.09,1,1,2PN,2,2,55.18,64.92,19,MID,W,N,CITY_OPEN,f,0.850,12.0,f,0,0.45,50.0,NONE,f,"{""data_origin"": ""synthetic"", ""reference"": ""Vinhomes Smart City""}"
159,VHSC-U-00159,S1.01-26.10,1,1,3PN,3,2,86.30,101.53,26,HIGH,NW,N,CITY_OPEN,f,0.850,12.0,f,0,0.45,50.0,NONE,f,"{""data_origin"": ""synthetic"", ""reference"": ""Vinhomes Smart City""}"
160,VHSC-U-00160,S1.01-33.11,1,1,STUDIO,0,1,32.38,38.09,33,HIGH,E,N,CITY_OPEN,t,0.850,12.0,f,0,0.05,50.0,NONE,f,"{""data_origin"": ""synthetic"", ""reference"": ""Vinhomes Smart City""}"
161,VHSC-U-00161,S1.01-07.12,1,1,1PN,1,1,43.90,51.65,7,MID,SE,N,CITY_OPEN,f,0.850,12.0,f,0,0.05,50.0,NONE,t,"{""data_origin"": ""synthetic"", ""reference"": ""Vinhomes Smart City""}"
162,VHSC-U-00162,S1.01-14.13,1,1,2PN,2,2,61.90,72.82,14,MID,W,N,CITY_OPEN,f,0.850,12.0,f,0,0.80,50.0,NONE,t,"{""data_origin"": ""synthetic"", ""reference"": ""Vinhomes Smart City""}"
163,VHSC-U-00163,S1.01-21.14,1,1,3PN,3,2,82.24,96.75,21,HIGH,N,N,CITY_OPEN,f,0.850,12.0,f,0,0.05,50.0,NONE,f,"{""data_origin"": ""synthetic"", ""reference"": ""Vinhomes Smart City""}"
164,VHSC-U-00164,S1.01-28.15,1,1,STUDIO,0,1,33.77,39.73,28,HIGH,NE,N,CITY_OPEN,f,0.850,12.0,f,0,0.05,50.0,NONE,f,"{""data_origin"": ""synthetic"", ""reference"": ""Vinhomes Smart City""}"
165,VHSC-U-00165,S1.01-02.16,1,1,1PN,1,1,38.51,45.31,2,LOW,SW,N,CITY_OPEN,f,0.850,12.0,f,0,0.45,50.0,NONE,f,"{""data_origin"": ""synthetic"", ""reference"": ""Vinhomes Smart City""}"
166,VHSC-U-00166,S1.01-09.17,1,1,2PN,2,2,62.89,73.99,9,MID,W,N,CITY_OPEN,f,0.850,12.0,f,0,0.45,50.0,NONE,f,"{""data_origin"": ""synthetic"", ""reference"": ""Vinhomes Smart City""}"
167,VHSC-U-00167,S1.01-16.18,1,1,3PN,3,2,83.02,97.67,16,MID,NW,N,CITY_OPEN,f,0.850,12.0,f,0,0.45,50.0,NONE,f,"{""data_origin"": ""synthetic"", ""reference"": ""Vinhomes Smart City""}"
168,VHSC-U-00168,S1.01-23.19,1,1,STUDIO,0,1,31.89,37.52,23,HIGH,E,N,CITY_OPEN,f,0.850,12.0,f,0,0.05,50.0,NONE,f,"{""data_origin"": ""synthetic"", ""reference"": ""Vinhomes Smart City""}"
169,VHSC-U-00169,S1.01-30.20,1,1,2PN,2,2,63.16,74.31,30,HIGH,SE,N,CITY_OPEN,f,0.850,12.0,f,0,0.05,50.0,NONE,f,"{""data_origin"": ""synthetic"", ""reference"": ""Vinhomes Smart City""}"
170,VHSC-U-00170,S1.01-04.21,1,1,2PN,2,2,55.77,65.61,4,LOW,S,N,CITY_OPEN,t,0.850,12.0,f,0,0.05,50.0,NONE,t,"{""data_origin"": ""synthetic"", ""reference"": ""Vinhomes Smart City""}"
171,VHSC-U-00171,S1.01-11.22,1,1,3PN,3,2,83.85,98.65,11,MID,N,N,CITY_OPEN,f,0.850,12.0,f,0,0.05,50.0,NONE,f,"{""data_origin"": ""synthetic"", ""reference"": ""Vinhomes Smart City""}"
172,VHSC-U-00172,S1.01-18.23,1,1,STUDIO,0,1,34.33,40.39,18,MID,NE,N,CITY_OPEN,f,0.850,12.0,f,0,0.05,50.0,NONE,f,"{""data_origin"": ""synthetic"", ""reference"": ""Vinhomes Smart City""}"
173,VHSC-U-00173,S1.01-25.24,1,1,1PN,1,1,43.31,50.95,25,HIGH,SW,N,CITY_OPEN,f,0.850,12.0,f,0,0.45,50.0,NONE,f,"{""data_origin"": ""synthetic"", ""reference"": ""Vinhomes Smart City""}"
174,VHSC-U-00174,S1.01-32.25,1,1,2PN,2,2,68.93,81.09,32,HIGH,W,N,CITY_OPEN,f,0.850,12.0,f,0,0.45,50.0,NONE,f,"{""data_origin"": ""synthetic"", ""reference"": ""Vinhomes Smart City""}"
175,VHSC-U-00175,S1.01-06.26,1,1,3PN,3,2,85.45,100.53,6,MID,NW,N,CITY_OPEN,f,0.850,12.0,f,0,0.45,50.0,NONE,f,"{""data_origin"": ""synthetic"", ""reference"": ""Vinhomes Smart City""}"
176,VHSC-U-00176,S1.01-13.27,1,1,STUDIO,0,1,32.55,38.29,13,MID,E,N,CITY_OPEN,f,0.850,12.0,f,0,0.05,50.0,NONE,t,"{""data_origin"": ""synthetic"", ""reference"": ""Vinhomes Smart City""}"
177,VHSC-U-00177,S1.01-20.28,1,1,1PN,1,1,44.69,52.58,20,MID,SE,N,CITY_OPEN,f,0.850,12.0,f,0,0.05,50.0,NONE,f,"{""data_origin"": ""synthetic"", ""reference"": ""Vinhomes Smart City""}"
178,VHSC-U-00178,S1.01-27.29,1,1,2PN,2,2,58.66,69.01,27,HIGH,S,N,CITY_OPEN,f,0.850,12.0,f,0,0.05,50.0,NONE,f,"{""data_origin"": ""synthetic"", ""reference"": ""Vinhomes Smart City""}"
179,VHSC-U-00179,S1.01-34.30,1,1,3PN,3,2,86.94,102.28,34,HIGH,N,N,CITY_OPEN,f,0.850,12.0,f,0,0.05,50.0,NONE,f,"{""data_origin"": ""synthetic"", ""reference"": ""Vinhomes Smart City""}"
180,VHSC-U-00180,S1.01-08.01,1,1,STUDIO,0,1,29.96,35.25,8,MID,NE,N,CITY_OPEN,t,0.850,12.0,f,0,0.05,50.0,NONE,f,"{""data_origin"": ""synthetic"", ""reference"": ""Vinhomes Smart City""}"
181,VHSC-U-00181,S1.01-15.02,1,1,1PN,1,1,43.89,51.64,15,MID,SW,N,CITY_OPEN,f,0.850,12.0,f,0,0.45,50.0,NONE,f,"{""data_origin"": ""synthetic"", ""reference"": ""Vinhomes Smart City""}"
182,VHSC-U-00182,S1.01-22.03,1,1,2PN,2,2,65.39,76.93,22,HIGH,W,N,CITY_OPEN,f,0.850,12.0,f,0,0.45,50.0,NONE,f,"{""data_origin"": ""synthetic"", ""reference"": ""Vinhomes Smart City""}"
183,VHSC-U-00183,S1.01-29.04,1,1,3PN,3,2,91.29,107.40,29,HIGH,NW,N,CITY_OPEN,f,0.850,12.0,f,0,0.45,50.0,NONE,f,"{""data_origin"": ""synthetic"", ""reference"": ""Vinhomes Smart City""}"
184,VHSC-U-00184,S1.01-03.05,1,1,STUDIO,0,1,34.94,41.11,3,LOW,E,N,CITY_OPEN,f,0.850,12.0,f,0,0.05,50.0,NONE,f,"{""data_origin"": ""synthetic"", ""reference"": ""Vinhomes Smart City""}"
185,VHSC-U-00185,S1.01-10.06,1,1,1PN,1,1,43.42,51.08,10,MID,SE,N,CITY_OPEN,f,0.850,12.0,f,0,0.05,50.0,NONE,f,"{""data_origin"": ""synthetic"", ""reference"": ""Vinhomes Smart City""}"
186,VHSC-U-00186,S1.01-17.07,1,1,2PN,2,2,67.73,79.68,17,MID,S,N,CITY_OPEN,f,0.850,12.0,f,0,0.05,50.0,NONE,f,"{""data_origin"": ""synthetic"", ""reference"": ""Vinhomes Smart City""}"
187,VHSC-U-00187,S1.01-24.08,1,1,3PN,3,2,89.61,105.42,24,HIGH,N,N,CITY_OPEN,f,0.850,12.0,f,0,0.05,50.0,NONE,f,"{""data_origin"": ""synthetic"", ""reference"": ""Vinhomes Smart City""}"
188,VHSC-U-00188,S1.01-31.09,1,1,2PN,2,2,63.53,74.74,31,HIGH,W,N,CITY_OPEN,f,0.850,12.0,f,0,0.80,50.0,NONE,f,"{""data_origin"": ""synthetic"", ""reference"": ""Vinhomes Smart City""}"
189,VHSC-U-00189,S1.01-05.10,1,1,1PN,1,1,40.07,47.14,5,LOW,SW,N,CITY_OPEN,f,0.850,12.0,f,0,0.45,50.0,NONE,f,"{""data_origin"": ""synthetic"", ""reference"": ""Vinhomes Smart City""}"
190,VHSC-U-00190,S1.01-12.11,1,1,2PN,2,2,63.27,74.44,12,MID,W,N,CITY_OPEN,t,0.850,12.0,f,0,0.45,50.0,NONE,f,"{""data_origin"": ""synthetic"", ""reference"": ""Vinhomes Smart City""}"
191,VHSC-U-00191,S1.01-19.12,1,1,3PN,3,2,83.77,98.55,19,MID,NW,N,CITY_OPEN,f,0.850,12.0,f,0,0.45,50.0,NONE,f,"{""data_origin"": ""synthetic"", ""reference"": ""Vinhomes Smart City""}"
192,VHSC-U-00192,S1.01-26.13,1,1,STUDIO,0,1,31.44,36.99,26,HIGH,E,N,CITY_OPEN,f,0.850,12.0,f,0,0.05,50.0,NONE,f,"{""data_origin"": ""synthetic"", ""reference"": ""Vinhomes Smart City""}"
193,VHSC-U-00193,S1.01-33.14,1,1,2PN,2,2,63.74,74.99,33,HIGH,SE,N,CITY_OPEN,f,0.850,12.0,f,0,0.05,50.0,NONE,f,"{""data_origin"": ""synthetic"", ""reference"": ""Vinhomes Smart City""}"
194,VHSC-U-00194,S1.01-07.15,1,1,2PN,2,2,65.75,77.35,7,MID,S,N,CITY_OPEN,f,0.850,12.0,f,0,0.05,50.0,NONE,t,"{""data_origin"": ""synthetic"", ""reference"": ""Vinhomes Smart City""}"
195,VHSC-U-00195,S1.01-14.16,1,1,3PN,3,2,92.13,108.39,14,MID,N,N,CITY_OPEN,f,0.850,12.0,f,0,0.05,50.0,NONE,t,"{""data_origin"": ""synthetic"", ""reference"": ""Vinhomes Smart City""}"
196,VHSC-U-00196,S1.01-21.17,1,1,2PN,2,2,66.46,78.19,21,HIGH,W,N,CITY_OPEN,f,0.850,12.0,f,0,0.80,50.0,NONE,f,"{""data_origin"": ""synthetic"", ""reference"": ""Vinhomes Smart City""}"
197,VHSC-U-00197,S1.01-28.18,1,1,1PN,1,1,44.40,52.24,28,HIGH,SW,N,CITY_OPEN,f,0.850,12.0,f,0,0.45,50.0,NONE,f,"{""data_origin"": ""synthetic"", ""reference"": ""Vinhomes Smart City""}"
198,VHSC-U-00198,S1.01-02.19,1,1,2PN,2,2,66.67,78.44,2,LOW,W,N,CITY_OPEN,f,0.850,12.0,f,0,0.45,50.0,NONE,f,"{""data_origin"": ""synthetic"", ""reference"": ""Vinhomes Smart City""}"
199,VHSC-U-00199,S1.01-09.20,1,1,3PN,3,2,93.29,109.75,9,MID,NW,N,CITY_OPEN,f,0.850,12.0,f,0,0.45,50.0,NONE,f,"{""data_origin"": ""synthetic"", ""reference"": ""Vinhomes Smart City""}"
200,VHSC-U-00200,S1.01-16.21,1,1,3PN,3,2,94.00,110.59,16,MID,E,N,CITY_OPEN,t,0.850,12.0,f,0,0.05,50.0,NONE,f,"{""data_origin"": ""synthetic"", ""reference"": ""Vinhomes Smart City""}"
201,VHSC-U-00201,S1.02-23.22,1,2,1PN,1,1,41.54,48.87,23,HIGH,SE,N,CITY_OPEN,f,0.850,12.0,f,0,0.05,50.0,NONE,f,"{""data_origin"": ""synthetic"", ""reference"": ""Vinhomes Smart City""}"
202,VHSC-U-00202,S1.02-30.23,1,2,2PN,2,2,61.97,72.91,30,HIGH,S,N,CITY_OPEN,f,0.850,12.0,f,0,0.05,50.0,NONE,f,"{""data_origin"": ""synthetic"", ""reference"": ""Vinhomes Smart City""}"
203,VHSC-U-00203,S1.02-04.24,1,2,3PN,3,2,87.07,102.44,4,LOW,N,N,CITY_OPEN,f,0.850,12.0,f,0,0.05,50.0,NONE,t,"{""data_origin"": ""synthetic"", ""reference"": ""Vinhomes Smart City""}"
204,VHSC-U-00204,S1.02-11.25,1,2,2PN,2,2,64.64,76.05,11,MID,NE,N,CITY_OPEN,f,0.850,1.5,f,0,0.05,50.0,NONE,f,"{""data_origin"": ""synthetic"", ""reference"": ""Vinhomes Smart City""}"
205,VHSC-U-00205,S1.02-18.26,1,2,1PN,1,1,44.47,52.32,18,MID,SW,N,CITY_OPEN,f,0.850,12.0,f,0,0.45,50.0,NONE,f,"{""data_origin"": ""synthetic"", ""reference"": ""Vinhomes Smart City""}"
206,VHSC-U-00206,S1.02-25.27,1,2,3PN,3,2,94.00,110.59,25,HIGH,W,N,CITY_OPEN,f,0.850,12.0,f,0,0.45,50.0,NONE,f,"{""data_origin"": ""synthetic"", ""reference"": ""Vinhomes Smart City""}"
207,VHSC-U-00207,S1.02-32.28,1,2,2PN,2,2,67.53,79.45,32,HIGH,NW,N,CITY_OPEN,f,0.850,12.0,f,0,0.45,50.0,NONE,f,"{""data_origin"": ""synthetic"", ""reference"": ""Vinhomes Smart City""}"
208,VHSC-U-00208,S1.02-06.29,1,2,STUDIO,0,1,28.10,33.06,6,MID,E,N,CITY_OPEN,f,0.850,12.0,f,0,0.05,50.0,NONE,f,"{""data_origin"": ""synthetic"", ""reference"": ""Vinhomes Smart City""}"
209,VHSC-U-00209,S1.02-13.30,1,2,1PN,1,1,44.32,52.14,13,MID,SE,N,CITY_OPEN,f,0.850,12.0,f,0,0.05,50.0,NONE,t,"{""data_origin"": ""synthetic"", ""reference"": ""Vinhomes Smart City""}"
210,VHSC-U-00210,S1.02-20.01,1,2,2PN,2,2,57.47,67.61,20,MID,S,N,CITY_OPEN,t,0.850,12.0,f,0,0.05,50.0,NONE,f,"{""data_origin"": ""synthetic"", ""reference"": ""Vinhomes Smart City""}"
211,VHSC-U-00211,S1.02-27.02,1,2,3PN,3,2,88.57,104.20,27,HIGH,N,N,CITY_OPEN,f,0.850,12.0,f,0,0.05,50.0,NONE,f,"{""data_origin"": ""synthetic"", ""reference"": ""Vinhomes Smart City""}"
212,VHSC-U-00212,S1.02-34.03,1,2,STUDIO,0,1,33.48,39.39,34,HIGH,NE,N,CITY_OPEN,f,0.850,12.0,f,0,0.05,50.0,NONE,f,"{""data_origin"": ""synthetic"", ""reference"": ""Vinhomes Smart City""}"
213,VHSC-U-00213,S1.02-08.04,1,2,1PN,1,1,42.54,50.05,8,MID,SW,N,CITY_OPEN,f,0.850,12.0,f,0,0.45,50.0,NONE,f,"{""data_origin"": ""synthetic"", ""reference"": ""Vinhomes Smart City""}"
214,VHSC-U-00214,S1.02-15.05,1,2,2PN,2,2,55.55,65.35,15,MID,W,N,CITY_OPEN,f,0.850,12.0,f,0,0.45,50.0,NONE,f,"{""data_origin"": ""synthetic"", ""reference"": ""Vinhomes Smart City""}"
215,VHSC-U-00215,S1.02-22.06,1,2,3PN,3,2,93.49,109.99,22,HIGH,NW,N,CITY_OPEN,f,0.850,12.0,f,0,0.45,50.0,NONE,f,"{""data_origin"": ""synthetic"", ""reference"": ""Vinhomes Smart City""}"
216,VHSC-U-00216,S1.02-29.07,1,2,2PN,2,2,65.27,76.79,29,HIGH,E,N,CITY_OPEN,f,0.850,12.0,f,0,0.05,50.0,NONE,f,"{""data_origin"": ""synthetic"", ""reference"": ""Vinhomes Smart City""}"
217,VHSC-U-00217,S1.02-03.08,1,2,1PN,1,1,40.78,47.98,3,LOW,SE,N,CITY_OPEN,f,0.850,12.0,f,0,0.05,50.0,NONE,f,"{""data_origin"": ""synthetic"", ""reference"": ""Vinhomes Smart City""}"
218,VHSC-U-00218,S1.02-10.09,1,2,2PN,2,2,60.52,71.20,10,MID,S,N,CITY_OPEN,f,0.850,12.0,f,0,0.05,50.0,NONE,f,"{""data_origin"": ""synthetic"", ""reference"": ""Vinhomes Smart City""}"
219,VHSC-U-00219,S1.02-17.10,1,2,3PN,3,2,94.33,110.98,17,MID,N,N,CITY_OPEN,f,0.850,12.0,f,0,0.05,50.0,NONE,f,"{""data_origin"": ""synthetic"", ""reference"": ""Vinhomes Smart City""}"
220,VHSC-U-00220,S1.02-24.11,1,2,STUDIO,0,1,31.40,36.94,24,HIGH,NE,N,CITY_OPEN,t,0.850,12.0,f,0,0.05,50.0,NONE,f,"{""data_origin"": ""synthetic"", ""reference"": ""Vinhomes Smart City""}"
221,VHSC-U-00221,S1.02-31.12,1,2,1PN,1,1,46.37,54.55,31,HIGH,SW,N,CITY_OPEN,f,0.850,12.0,f,0,0.45,50.0,NONE,f,"{""data_origin"": ""synthetic"", ""reference"": ""Vinhomes Smart City""}"
222,VHSC-U-00222,S1.02-05.13,1,2,2PN,2,2,62.65,73.71,5,LOW,W,N,CITY_OPEN,f,0.850,12.0,f,0,0.45,50.0,NONE,f,"{""data_origin"": ""synthetic"", ""reference"": ""Vinhomes Smart City""}"
223,VHSC-U-00223,S1.02-12.14,1,2,3PN,3,2,94.88,111.62,12,MID,NW,N,CITY_OPEN,f,0.850,12.0,f,0,0.45,50.0,NONE,f,"{""data_origin"": ""synthetic"", ""reference"": ""Vinhomes Smart City""}"
224,VHSC-U-00224,S1.02-19.15,1,2,STUDIO,0,1,30.45,35.82,19,MID,E,N,CITY_OPEN,f,0.850,12.0,f,0,0.05,50.0,NONE,f,"{""data_origin"": ""synthetic"", ""reference"": ""Vinhomes Smart City""}"
225,VHSC-U-00225,S1.02-26.16,1,2,1PN,1,1,43.99,51.75,26,HIGH,SE,N,CITY_OPEN,f,0.850,12.0,f,0,0.05,50.0,NONE,f,"{""data_origin"": ""synthetic"", ""reference"": ""Vinhomes Smart City""}"
226,VHSC-U-00226,S1.02-33.17,1,2,2PN,2,2,65.12,76.61,33,HIGH,S,N,CITY_OPEN,f,0.850,12.0,f,0,0.05,50.0,NONE,f,"{""data_origin"": ""synthetic"", ""reference"": ""Vinhomes Smart City""}"
227,VHSC-U-00227,S1.02-07.18,1,2,3PN,3,2,93.55,110.06,7,MID,N,N,CITY_OPEN,f,0.850,12.0,f,0,0.05,50.0,NONE,t,"{""data_origin"": ""synthetic"", ""reference"": ""Vinhomes Smart City""}"
228,VHSC-U-00228,S1.02-14.19,1,2,STUDIO,0,1,33.27,39.14,14,MID,NE,N,CITY_OPEN,f,0.850,12.0,f,0,0.05,50.0,NONE,t,"{""data_origin"": ""synthetic"", ""reference"": ""Vinhomes Smart City""}"
229,VHSC-U-00229,S1.02-21.20,1,2,1PN,1,1,39.89,46.93,21,HIGH,SW,N,CITY_OPEN,f,0.850,12.0,f,0,0.45,50.0,NONE,f,"{""data_origin"": ""synthetic"", ""reference"": ""Vinhomes Smart City""}"
230,VHSC-U-00230,S1.02-28.21,1,2,2PN,2,2,55.65,65.47,28,HIGH,W,N,CITY_OPEN,t,0.850,12.0,f,0,0.45,50.0,NONE,f,"{""data_origin"": ""synthetic"", ""reference"": ""Vinhomes Smart City""}"
231,VHSC-U-00231,S1.02-02.22,1,2,3PN,3,2,89.93,105.80,2,LOW,NW,N,CITY_OPEN,f,0.850,12.0,f,0,0.45,50.0,NONE,f,"{""data_origin"": ""synthetic"", ""reference"": ""Vinhomes Smart City""}"
232,VHSC-U-00232,S1.02-09.23,1,2,STUDIO,0,1,29.83,35.09,9,MID,E,N,CITY_OPEN,f,0.850,12.0,f,0,0.05,50.0,NONE,f,"{""data_origin"": ""synthetic"", ""reference"": ""Vinhomes Smart City""}"
233,VHSC-U-00233,S1.02-16.24,1,2,1PN,1,1,44.60,52.47,16,MID,SE,N,CITY_OPEN,f,0.850,12.0,f,0,0.05,50.0,NONE,f,"{""data_origin"": ""synthetic"", ""reference"": ""Vinhomes Smart City""}"
234,VHSC-U-00234,S1.02-23.25,1,2,2PN,2,2,60.76,71.48,23,HIGH,S,N,CITY_OPEN,f,0.850,12.0,f,0,0.05,50.0,NONE,f,"{""data_origin"": ""synthetic"", ""reference"": ""Vinhomes Smart City""}"
235,VHSC-U-00235,S1.02-30.26,1,2,1PN,1,1,39.17,46.08,30,HIGH,N,N,CITY_OPEN,f,0.850,12.0,f,0,0.05,50.0,NONE,f,"{""data_origin"": ""synthetic"", ""reference"": ""Vinhomes Smart City""}"
236,VHSC-U-00236,S1.02-04.27,1,2,STUDIO,0,1,32.56,38.31,4,LOW,NE,N,CITY_OPEN,f,0.850,12.0,f,0,0.05,50.0,NONE,t,"{""data_origin"": ""synthetic"", ""reference"": ""Vinhomes Smart City""}"
237,VHSC-U-00237,S1.02-11.28,1,2,1PN,1,1,41.09,48.34,11,MID,SW,N,CITY_OPEN,f,0.850,12.0,f,0,0.45,50.0,NONE,f,"{""data_origin"": ""synthetic"", ""reference"": ""Vinhomes Smart City""}"
238,VHSC-U-00238,S1.02-18.29,1,2,2PN,2,2,55.42,65.20,18,MID,W,N,CITY_OPEN,f,0.850,12.0,f,0,0.45,50.0,NONE,f,"{""data_origin"": ""synthetic"", ""reference"": ""Vinhomes Smart City""}"
239,VHSC-U-00239,S1.02-25.30,1,2,3PN,3,2,80.28,94.45,25,HIGH,NW,N,CITY_OPEN,f,0.850,12.0,f,0,0.45,50.0,NONE,f,"{""data_origin"": ""synthetic"", ""reference"": ""Vinhomes Smart City""}"
240,VHSC-U-00240,S1.02-32.01,1,2,2PN,2,2,64.27,75.61,32,HIGH,E,N,CITY_OPEN,t,0.850,1.5,f,0,0.05,50.0,NONE,f,"{""data_origin"": ""synthetic"", ""reference"": ""Vinhomes Smart City""}"
241,VHSC-U-00241,S1.02-06.02,1,2,1PN,1,1,42.55,50.06,6,MID,SE,N,CITY_OPEN,f,0.850,12.0,f,0,0.05,50.0,NONE,f,"{""data_origin"": ""synthetic"", ""reference"": ""Vinhomes Smart City""}"
242,VHSC-U-00242,S1.02-13.03,1,2,2PN,2,2,56.86,66.89,13,MID,S,N,CITY_OPEN,f,0.850,1.5,f,0,0.05,50.0,NONE,t,"{""data_origin"": ""synthetic"", ""reference"": ""Vinhomes Smart City""}"
243,VHSC-U-00243,S1.02-20.04,1,2,3PN,3,2,80.64,94.87,20,MID,N,N,CITY_OPEN,f,0.850,12.0,f,0,0.05,50.0,NONE,f,"{""data_origin"": ""synthetic"", ""reference"": ""Vinhomes Smart City""}"
244,VHSC-U-00244,S1.02-27.05,1,2,2PN,2,2,61.70,72.59,27,HIGH,NE,N,CITY_OPEN,f,0.850,12.0,f,0,0.05,50.0,NONE,f,"{""data_origin"": ""synthetic"", ""reference"": ""Vinhomes Smart City""}"
245,VHSC-U-00245,S1.02-34.06,1,2,1PN,1,1,40.98,48.21,34,HIGH,SW,N,CITY_OPEN,f,0.850,12.0,f,0,0.45,50.0,NONE,f,"{""data_origin"": ""synthetic"", ""reference"": ""Vinhomes Smart City""}"
246,VHSC-U-00246,S1.02-08.07,1,2,2PN,2,2,59.42,69.91,8,MID,W,N,CITY_OPEN,f,0.850,12.0,f,0,0.45,50.0,NONE,f,"{""data_origin"": ""synthetic"", ""reference"": ""Vinhomes Smart City""}"
247,VHSC-U-00247,S1.02-15.08,1,2,2PN,2,2,57.46,67.60,15,MID,NW,N,CITY_OPEN,f,0.850,1.5,f,0,0.45,50.0,NONE,f,"{""data_origin"": ""synthetic"", ""reference"": ""Vinhomes Smart City""}"
248,VHSC-U-00248,S1.02-22.09,1,2,STUDIO,0,1,32.47,38.20,22,HIGH,E,N,CITY_OPEN,f,0.850,12.0,f,0,0.05,50.0,NONE,f,"{""data_origin"": ""synthetic"", ""reference"": ""Vinhomes Smart City""}"
249,VHSC-U-00249,S1.02-29.10,1,2,2PN,2,2,63.10,74.24,29,HIGH,SE,N,CITY_OPEN,f,0.850,1.5,f,0,0.05,50.0,NONE,f,"{""data_origin"": ""synthetic"", ""reference"": ""Vinhomes Smart City""}"
250,VHSC-U-00250,S1.02-03.11,1,2,2PN,2,2,57.88,68.09,3,LOW,S,N,CITY_OPEN,t,0.850,12.0,f,0,0.05,50.0,NONE,f,"{""data_origin"": ""synthetic"", ""reference"": ""Vinhomes Smart City""}"
251,VHSC-U-00251,S1.02-10.12,1,2,3PN,3,2,94.00,110.59,10,MID,N,N,CITY_OPEN,f,0.850,12.0,f,0,0.05,50.0,NONE,f,"{""data_origin"": ""synthetic"", ""reference"": ""Vinhomes Smart City""}"
252,VHSC-U-00252,S1.02-17.13,1,2,STUDIO,0,1,30.64,36.05,17,MID,NE,N,CITY_OPEN,f,0.850,12.0,f,0,0.05,50.0,NONE,f,"{""data_origin"": ""synthetic"", ""reference"": ""Vinhomes Smart City""}"
253,VHSC-U-00253,S1.02-24.14,1,2,1PN,1,1,44.58,52.45,24,HIGH,SW,N,CITY_OPEN,f,0.850,12.0,f,0,0.45,50.0,NONE,f,"{""data_origin"": ""synthetic"", ""reference"": ""Vinhomes Smart City""}"
254,VHSC-U-00254,S1.02-31.15,1,2,3PN,3,2,94.00,110.59,31,HIGH,W,N,CITY_OPEN,f,0.850,12.0,f,0,0.45,50.0,NONE,f,"{""data_origin"": ""synthetic"", ""reference"": ""Vinhomes Smart City""}"
255,VHSC-U-00255,S1.02-05.16,1,2,3PN,3,2,85.53,100.62,5,LOW,NW,N,CITY_OPEN,f,0.850,12.0,f,0,0.45,50.0,NONE,f,"{""data_origin"": ""synthetic"", ""reference"": ""Vinhomes Smart City""}"
256,VHSC-U-00256,S1.02-12.17,1,2,STUDIO,0,1,30.78,36.21,12,MID,E,N,CITY_OPEN,f,0.850,12.0,f,0,0.05,50.0,NONE,f,"{""data_origin"": ""synthetic"", ""reference"": ""Vinhomes Smart City""}"
257,VHSC-U-00257,S1.02-19.18,1,2,1PN,1,1,45.22,53.20,19,MID,SE,N,CITY_OPEN,f,0.850,12.0,f,0,0.05,50.0,NONE,f,"{""data_origin"": ""synthetic"", ""reference"": ""Vinhomes Smart City""}"
258,VHSC-U-00258,S1.02-26.19,1,2,2PN,2,2,62.87,73.96,26,HIGH,S,N,CITY_OPEN,f,0.850,12.0,f,0,0.05,50.0,NONE,f,"{""data_origin"": ""synthetic"", ""reference"": ""Vinhomes Smart City""}"
259,VHSC-U-00259,S1.02-33.20,1,2,3PN,3,2,82.23,96.74,33,HIGH,N,N,CITY_OPEN,f,0.850,12.0,f,0,0.05,50.0,NONE,f,"{""data_origin"": ""synthetic"", ""reference"": ""Vinhomes Smart City""}"
260,VHSC-U-00260,S1.02-07.21,1,2,STUDIO,0,1,31.79,37.40,7,MID,NE,N,CITY_OPEN,t,0.850,12.0,f,0,0.05,50.0,NONE,t,"{""data_origin"": ""synthetic"", ""reference"": ""Vinhomes Smart City""}"
261,VHSC-U-00261,S1.02-14.22,1,2,1PN,1,1,38.55,45.35,14,MID,SW,N,CITY_OPEN,f,0.850,12.0,f,0,0.45,50.0,NONE,t,"{""data_origin"": ""synthetic"", ""reference"": ""Vinhomes Smart City""}"
262,VHSC-U-00262,S1.02-21.23,1,2,2PN,2,2,66.04,77.69,21,HIGH,W,N,CITY_OPEN,f,0.850,12.0,f,0,0.45,50.0,NONE,f,"{""data_origin"": ""synthetic"", ""reference"": ""Vinhomes Smart City""}"
263,VHSC-U-00263,S1.02-28.24,1,2,3PN,3,2,85.08,100.09,28,HIGH,NW,N,CITY_OPEN,f,0.850,12.0,f,0,0.45,50.0,NONE,f,"{""data_origin"": ""synthetic"", ""reference"": ""Vinhomes Smart City""}"
264,VHSC-U-00264,S1.02-02.25,1,2,3PN,3,2,94.00,110.59,2,LOW,E,N,CITY_OPEN,f,0.850,12.0,f,0,0.05,50.0,NONE,f,"{""data_origin"": ""synthetic"", ""reference"": ""Vinhomes Smart City""}"
265,VHSC-U-00265,S1.02-09.26,1,2,1PN,1,1,43.44,51.11,9,MID,SE,N,CITY_OPEN,f,0.850,12.0,f,0,0.05,50.0,NONE,f,"{""data_origin"": ""synthetic"", ""reference"": ""Vinhomes Smart City""}"
266,VHSC-U-00266,S1.02-16.27,1,2,2PN,2,2,64.94,76.40,16,MID,S,N,CITY_OPEN,f,0.850,12.0,f,0,0.05,50.0,NONE,f,"{""data_origin"": ""synthetic"", ""reference"": ""Vinhomes Smart City""}"
267,VHSC-U-00267,S1.02-23.28,1,2,3PN,3,2,92.97,109.38,23,HIGH,N,N,CITY_OPEN,f,0.850,12.0,f,0,0.05,50.0,NONE,f,"{""data_origin"": ""synthetic"", ""reference"": ""Vinhomes Smart City""}"
268,VHSC-U-00268,S1.02-30.29,1,2,STUDIO,0,1,29.89,35.16,30,HIGH,NE,N,CITY_OPEN,f,0.850,12.0,f,0,0.05,50.0,NONE,f,"{""data_origin"": ""synthetic"", ""reference"": ""Vinhomes Smart City""}"
269,VHSC-U-00269,S1.02-04.30,1,2,1PN,1,1,42.09,49.52,4,LOW,SW,N,CITY_OPEN,f,0.850,12.0,f,0,0.45,50.0,NONE,t,"{""data_origin"": ""synthetic"", ""reference"": ""Vinhomes Smart City""}"
270,VHSC-U-00270,S1.02-11.01,1,2,2PN,2,2,63.07,74.20,11,MID,W,N,CITY_OPEN,t,0.850,12.0,f,0,0.45,50.0,NONE,f,"{""data_origin"": ""synthetic"", ""reference"": ""Vinhomes Smart City""}"
271,VHSC-U-00271,S1.02-18.02,1,2,3PN,3,2,83.14,97.81,18,MID,NW,N,CITY_OPEN,f,0.850,12.0,f,0,0.45,50.0,NONE,f,"{""data_origin"": ""synthetic"", ""reference"": ""Vinhomes Smart City""}"
272,VHSC-U-00272,S1.02-25.03,1,2,STUDIO,0,1,32.56,38.31,25,HIGH,E,N,CITY_OPEN,f,0.850,12.0,f,0,0.05,50.0,NONE,f,"{""data_origin"": ""synthetic"", ""reference"": ""Vinhomes Smart City""}"
273,VHSC-U-00273,S1.02-32.04,1,2,1PN,1,1,38.62,45.44,32,HIGH,SE,N,CITY_OPEN,f,0.850,12.0,f,0,0.05,50.0,NONE,f,"{""data_origin"": ""synthetic"", ""reference"": ""Vinhomes Smart City""}"
274,VHSC-U-00274,S1.02-06.05,1,2,2PN,2,2,64.52,75.91,6,MID,S,N,CITY_OPEN,f,0.850,12.0,f,0,0.05,50.0,NONE,f,"{""data_origin"": ""synthetic"", ""reference"": ""Vinhomes Smart City""}"
275,VHSC-U-00275,S1.02-13.06,1,2,3PN,3,2,94.60,111.29,13,MID,N,N,CITY_OPEN,f,0.850,12.0,f,0,0.05,50.0,NONE,t,"{""data_origin"": ""synthetic"", ""reference"": ""Vinhomes Smart City""}"
276,VHSC-U-00276,S1.02-20.07,1,2,STUDIO,0,1,32.96,38.78,20,MID,NE,N,CITY_OPEN,f,0.850,12.0,f,0,0.05,50.0,NONE,f,"{""data_origin"": ""synthetic"", ""reference"": ""Vinhomes Smart City""}"
277,VHSC-U-00277,S1.02-27.08,1,2,2PN,2,2,62.12,73.08,27,HIGH,W,N,CITY_OPEN,f,0.850,12.0,f,0,0.80,50.0,NONE,f,"{""data_origin"": ""synthetic"", ""reference"": ""Vinhomes Smart City""}"
278,VHSC-U-00278,S1.02-34.09,1,2,2PN,2,2,59.66,70.19,34,HIGH,W,N,CITY_OPEN,f,0.850,12.0,f,0,0.45,50.0,NONE,f,"{""data_origin"": ""synthetic"", ""reference"": ""Vinhomes Smart City""}"
279,VHSC-U-00279,S1.02-08.10,1,2,3PN,3,2,93.22,109.67,8,MID,NW,N,CITY_OPEN,f,0.850,12.0,f,0,0.45,50.0,NONE,f,"{""data_origin"": ""synthetic"", ""reference"": ""Vinhomes Smart City""}"
280,VHSC-U-00280,S1.02-15.11,1,2,1PN,1,1,39.34,46.28,15,MID,E,N,CITY_OPEN,t,0.850,12.0,f,0,0.05,50.0,NONE,f,"{""data_origin"": ""synthetic"", ""reference"": ""Vinhomes Smart City""}"
281,VHSC-U-00281,S1.02-22.12,1,2,1PN,1,1,43.93,51.68,22,HIGH,SE,N,CITY_OPEN,f,0.850,12.0,f,0,0.05,50.0,NONE,f,"{""data_origin"": ""synthetic"", ""reference"": ""Vinhomes Smart City""}"
282,VHSC-U-00282,S1.02-29.13,1,2,2PN,2,2,58.03,68.27,29,HIGH,S,N,CITY_OPEN,f,0.850,12.0,f,0,0.05,50.0,NONE,f,"{""data_origin"": ""synthetic"", ""reference"": ""Vinhomes Smart City""}"
283,VHSC-U-00283,S1.02-03.14,1,2,3PN,3,2,90.03,105.92,3,LOW,N,N,CITY_OPEN,f,0.850,12.0,f,0,0.05,50.0,NONE,f,"{""data_origin"": ""synthetic"", ""reference"": ""Vinhomes Smart City""}"
284,VHSC-U-00284,S1.02-10.15,1,2,STUDIO,0,1,32.08,37.74,10,MID,NE,N,CITY_OPEN,f,0.850,12.0,f,0,0.05,50.0,NONE,f,"{""data_origin"": ""synthetic"", ""reference"": ""Vinhomes Smart City""}"
285,VHSC-U-00285,S1.02-17.16,1,2,1PN,1,1,44.55,52.41,17,MID,SW,N,CITY_OPEN,f,0.850,12.0,f,0,0.45,50.0,NONE,f,"{""data_origin"": ""synthetic"", ""reference"": ""Vinhomes Smart City""}"
286,VHSC-U-00286,S1.02-24.17,1,2,2PN,2,2,58.42,68.73,24,HIGH,W,N,CITY_OPEN,f,0.850,12.0,f,0,0.45,50.0,NONE,f,"{""data_origin"": ""synthetic"", ""reference"": ""Vinhomes Smart City""}"
287,VHSC-U-00287,S1.02-31.18,1,2,3PN,3,2,91.04,107.11,31,HIGH,NW,N,CITY_OPEN,f,0.850,12.0,f,0,0.45,50.0,NONE,f,"{""data_origin"": ""synthetic"", ""reference"": ""Vinhomes Smart City""}"
288,VHSC-U-00288,S1.02-05.19,1,2,STUDIO,0,1,28.73,33.80,5,LOW,E,N,CITY_OPEN,f,0.850,12.0,f,0,0.05,50.0,NONE,f,"{""data_origin"": ""synthetic"", ""reference"": ""Vinhomes Smart City""}"
289,VHSC-U-00289,S1.02-12.20,1,2,1PN,1,1,39.45,46.41,12,MID,SE,N,CITY_OPEN,f,0.850,12.0,f,0,0.05,50.0,NONE,f,"{""data_origin"": ""synthetic"", ""reference"": ""Vinhomes Smart City""}"
290,VHSC-U-00290,S1.02-19.21,1,2,2PN,2,2,60.28,70.92,19,MID,S,N,CITY_OPEN,t,0.850,12.0,f,0,0.05,50.0,NONE,f,"{""data_origin"": ""synthetic"", ""reference"": ""Vinhomes Smart City""}"
291,VHSC-U-00291,S1.02-26.22,1,2,3PN,3,2,86.50,101.76,26,HIGH,N,N,CITY_OPEN,f,0.850,12.0,f,0,0.05,50.0,NONE,f,"{""data_origin"": ""synthetic"", ""reference"": ""Vinhomes Smart City""}"
292,VHSC-U-00292,S1.02-33.23,1,2,2PN,2,2,55.71,65.54,33,HIGH,W,N,CITY_OPEN,f,0.850,12.0,f,0,0.80,50.0,NONE,f,"{""data_origin"": ""synthetic"", ""reference"": ""Vinhomes Smart City""}"
293,VHSC-U-00293,S1.02-07.24,1,2,1PN,1,1,45.08,53.04,7,MID,SW,N,CITY_OPEN,f,0.850,12.0,f,0,0.45,50.0,NONE,t,"{""data_origin"": ""synthetic"", ""reference"": ""Vinhomes Smart City""}"
294,VHSC-U-00294,S1.02-14.25,1,2,2PN,2,2,61.74,72.64,14,MID,W,N,CITY_OPEN,f,0.850,12.0,f,0,0.45,50.0,NONE,t,"{""data_origin"": ""synthetic"", ""reference"": ""Vinhomes Smart City""}"
295,VHSC-U-00295,S1.02-21.26,1,2,3PN,3,2,91.64,107.81,21,HIGH,NW,N,CITY_OPEN,f,0.850,12.0,f,0,0.45,50.0,NONE,f,"{""data_origin"": ""synthetic"", ""reference"": ""Vinhomes Smart City""}"
296,VHSC-U-00296,S1.02-28.27,1,2,STUDIO,0,1,28.99,34.11,28,HIGH,E,N,CITY_OPEN,f,0.850,12.0,f,0,0.05,50.0,NONE,f,"{""data_origin"": ""synthetic"", ""reference"": ""Vinhomes Smart City""}"
297,VHSC-U-00297,S1.02-02.28,1,2,1PN,1,1,40.84,48.05,2,LOW,SE,N,CITY_OPEN,f,0.850,12.0,f,0,0.05,50.0,NONE,f,"{""data_origin"": ""synthetic"", ""reference"": ""Vinhomes Smart City""}"
298,VHSC-U-00298,S1.02-09.29,1,2,2PN,2,2,58.68,69.04,9,MID,S,N,CITY_OPEN,f,0.850,12.0,f,0,0.05,50.0,NONE,f,"{""data_origin"": ""synthetic"", ""reference"": ""Vinhomes Smart City""}"
299,VHSC-U-00299,S1.02-16.30,1,2,3PN,3,2,94.41,111.07,16,MID,N,N,CITY_OPEN,f,0.850,12.0,f,0,0.05,50.0,NONE,f,"{""data_origin"": ""synthetic"", ""reference"": ""Vinhomes Smart City""}"
300,VHSC-U-00300,S1.02-23.01,1,2,STUDIO,0,1,31.45,37.00,23,HIGH,NE,N,CITY_OPEN,t,0.850,12.0,f,0,0.05,50.0,NONE,f,"{""data_origin"": ""synthetic"", ""reference"": ""Vinhomes Smart City""}"
301,VHSC-U-00301,S1.02-30.02,1,2,2PN,2,2,67.54,79.46,30,HIGH,SW,N,CITY_OPEN,f,0.850,1.5,f,0,0.45,50.0,NONE,f,"{""data_origin"": ""synthetic"", ""reference"": ""Vinhomes Smart City""}"
302,VHSC-U-00302,S1.02-04.03,1,2,2PN,2,2,65.73,77.33,4,LOW,W,N,CITY_OPEN,f,0.850,12.0,f,0,0.45,50.0,NONE,t,"{""data_origin"": ""synthetic"", ""reference"": ""Vinhomes Smart City""}"
303,VHSC-U-00303,S1.02-11.04,1,2,3PN,3,2,89.79,105.64,11,MID,NW,N,CITY_OPEN,f,0.850,12.0,f,0,0.45,50.0,NONE,f,"{""data_origin"": ""synthetic"", ""reference"": ""Vinhomes Smart City""}"
304,VHSC-U-00304,S1.02-18.05,1,2,STUDIO,0,1,34.04,40.05,18,MID,E,N,CITY_OPEN,f,0.850,12.0,f,0,0.05,50.0,NONE,f,"{""data_origin"": ""synthetic"", ""reference"": ""Vinhomes Smart City""}"
305,VHSC-U-00305,S1.02-25.06,1,2,1PN,1,1,41.95,49.35,25,HIGH,SE,N,CITY_OPEN,f,0.850,12.0,f,0,0.05,50.0,NONE,f,"{""data_origin"": ""synthetic"", ""reference"": ""Vinhomes Smart City""}"
306,VHSC-U-00306,S1.02-32.07,1,2,2PN,2,2,63.27,74.44,32,HIGH,S,N,CITY_OPEN,f,0.850,12.0,f,0,0.05,50.0,NONE,f,"{""data_origin"": ""synthetic"", ""reference"": ""Vinhomes Smart City""}"
307,VHSC-U-00307,S1.02-06.08,1,2,3PN,3,2,90.67,106.67,6,MID,N,N,CITY_OPEN,f,0.850,12.0,f,0,0.05,50.0,NONE,f,"{""data_origin"": ""synthetic"", ""reference"": ""Vinhomes Smart City""}"
308,VHSC-U-00308,S1.02-13.09,1,2,2PN,2,2,59.81,70.36,13,MID,NE,N,CITY_OPEN,f,0.850,12.0,f,0,0.05,50.0,NONE,t,"{""data_origin"": ""synthetic"", ""reference"": ""Vinhomes Smart City""}"
309,VHSC-U-00309,S1.02-20.10,1,2,1PN,1,1,40.57,47.73,20,MID,SW,N,CITY_OPEN,f,0.850,12.0,f,0,0.45,50.0,NONE,f,"{""data_origin"": ""synthetic"", ""reference"": ""Vinhomes Smart City""}"
310,VHSC-U-00310,S1.02-27.11,1,2,2PN,2,2,57.59,67.75,27,HIGH,W,N,CITY_OPEN,t,0.850,12.0,f,0,0.45,50.0,NONE,f,"{""data_origin"": ""synthetic"", ""reference"": ""Vinhomes Smart City""}"
311,VHSC-U-00311,S1.02-34.12,1,2,3PN,3,2,92.25,108.53,34,HIGH,NW,N,CITY_OPEN,f,0.850,12.0,f,0,0.45,50.0,NONE,f,"{""data_origin"": ""synthetic"", ""reference"": ""Vinhomes Smart City""}"
312,VHSC-U-00312,S1.02-08.13,1,2,STUDIO,0,1,30.42,35.79,8,MID,E,N,CITY_OPEN,f,0.850,12.0,f,0,0.05,50.0,NONE,f,"{""data_origin"": ""synthetic"", ""reference"": ""Vinhomes Smart City""}"
313,VHSC-U-00313,S1.02-15.14,1,2,1PN,1,1,40.86,48.07,15,MID,SE,N,CITY_OPEN,f,0.850,12.0,f,0,0.05,50.0,NONE,f,"{""data_origin"": ""synthetic"", ""reference"": ""Vinhomes Smart City""}"
314,VHSC-U-00314,S1.02-22.15,1,2,2PN,2,2,58.81,69.19,22,HIGH,S,N,CITY_OPEN,f,0.850,12.0,f,0,0.05,50.0,NONE,f,"{""data_origin"": ""synthetic"", ""reference"": ""Vinhomes Smart City""}"
315,VHSC-U-00315,S1.02-29.16,1,2,3PN,3,2,91.00,107.06,29,HIGH,N,N,CITY_OPEN,f,0.850,12.0,f,0,0.05,50.0,NONE,f,"{""data_origin"": ""synthetic"", ""reference"": ""Vinhomes Smart City""}"
316,VHSC-U-00316,S1.02-03.17,1,2,STUDIO,0,1,30.40,35.76,3,LOW,NE,N,CITY_OPEN,f,0.850,12.0,f,0,0.05,50.0,NONE,f,"{""data_origin"": ""synthetic"", ""reference"": ""Vinhomes Smart City""}"
317,VHSC-U-00317,S1.02-10.18,1,2,1PN,1,1,39.28,46.21,10,MID,SW,N,CITY_OPEN,f,0.850,12.0,f,0,0.45,50.0,NONE,f,"{""data_origin"": ""synthetic"", ""reference"": ""Vinhomes Smart City""}"
318,VHSC-U-00318,S1.02-17.19,1,2,2PN,2,2,58.19,68.46,17,MID,W,N,CITY_OPEN,f,0.850,12.0,f,0,0.45,50.0,NONE,f,"{""data_origin"": ""synthetic"", ""reference"": ""Vinhomes Smart City""}"
319,VHSC-U-00319,S1.02-24.20,1,2,3PN,3,2,87.83,103.33,24,HIGH,NW,N,CITY_OPEN,f,0.850,12.0,f,0,0.45,50.0,NONE,f,"{""data_origin"": ""synthetic"", ""reference"": ""Vinhomes Smart City""}"
320,VHSC-U-00320,S1.02-31.21,1,2,STUDIO,0,1,28.56,33.60,31,HIGH,E,N,CITY_OPEN,t,0.850,12.0,f,0,0.05,50.0,NONE,f,"{""data_origin"": ""synthetic"", ""reference"": ""Vinhomes Smart City""}"
321,VHSC-U-00321,S1.02-05.22,1,2,1PN,1,1,47.56,55.95,5,LOW,SE,N,CITY_OPEN,f,0.850,12.0,f,0,0.05,50.0,NONE,f,"{""data_origin"": ""synthetic"", ""reference"": ""Vinhomes Smart City""}"
322,VHSC-U-00322,S1.02-12.23,1,2,2PN,2,2,65.03,76.51,12,MID,S,N,CITY_OPEN,f,0.850,12.0,f,0,0.05,50.0,NONE,f,"{""data_origin"": ""synthetic"", ""reference"": ""Vinhomes Smart City""}"
323,VHSC-U-00323,S1.02-19.24,1,2,3PN,3,2,81.33,95.68,19,MID,N,N,CITY_OPEN,f,0.850,12.0,f,0,0.05,50.0,NONE,f,"{""data_origin"": ""synthetic"", ""reference"": ""Vinhomes Smart City""}"
324,VHSC-U-00324,S1.02-26.25,1,2,STUDIO,0,1,34.81,40.95,26,HIGH,NE,N,CITY_OPEN,f,0.850,12.0,f,0,0.05,50.0,NONE,f,"{""data_origin"": ""synthetic"", ""reference"": ""Vinhomes Smart City""}"
325,VHSC-U-00325,S1.02-33.26,1,2,1PN,1,1,42.36,49.84,33,HIGH,SW,N,CITY_OPEN,f,0.850,12.0,f,0,0.45,50.0,NONE,f,"{""data_origin"": ""synthetic"", ""reference"": ""Vinhomes Smart City""}"
326,VHSC-U-00326,S1.02-07.27,1,2,2PN,2,2,60.32,70.96,7,MID,W,N,CITY_OPEN,f,0.850,12.0,f,0,0.45,50.0,NONE,t,"{""data_origin"": ""synthetic"", ""reference"": ""Vinhomes Smart City""}"
327,VHSC-U-00327,S1.02-14.28,1,2,2PN,2,2,58.50,68.82,14,MID,W,N,CITY_OPEN,f,0.850,12.0,f,0,0.80,50.0,NONE,t,"{""data_origin"": ""synthetic"", ""reference"": ""Vinhomes Smart City""}"
328,VHSC-U-00328,S1.02-21.29,1,2,STUDIO,0,1,30.31,35.66,21,HIGH,E,N,CITY_OPEN,f,0.850,12.0,f,0,0.05,50.0,NONE,f,"{""data_origin"": ""synthetic"", ""reference"": ""Vinhomes Smart City""}"
329,VHSC-U-00329,S1.02-28.30,1,2,1PN,1,1,38.55,45.35,28,HIGH,SE,N,CITY_OPEN,f,0.850,12.0,f,0,0.05,50.0,NONE,f,"{""data_origin"": ""synthetic"", ""reference"": ""Vinhomes Smart City""}"
330,VHSC-U-00330,S1.02-02.01,1,2,2PN,2,2,58.86,69.25,2,LOW,S,N,CITY_OPEN,t,0.850,12.0,f,0,0.05,50.0,NONE,f,"{""data_origin"": ""synthetic"", ""reference"": ""Vinhomes Smart City""}"
331,VHSC-U-00331,S1.02-09.02,1,2,3PN,3,2,87.79,103.28,9,MID,N,N,CITY_OPEN,f,0.850,12.0,f,0,0.05,50.0,NONE,f,"{""data_origin"": ""synthetic"", ""reference"": ""Vinhomes Smart City""}"
332,VHSC-U-00332,S1.02-16.03,1,2,STUDIO,0,1,34.11,40.13,16,MID,NE,N,CITY_OPEN,f,0.850,12.0,f,0,0.05,50.0,NONE,f,"{""data_origin"": ""synthetic"", ""reference"": ""Vinhomes Smart City""}"
333,VHSC-U-00333,S1.02-23.04,1,2,1PN,1,1,47.10,55.41,23,HIGH,SW,N,CITY_OPEN,f,0.850,12.0,f,0,0.45,50.0,NONE,f,"{""data_origin"": ""synthetic"", ""reference"": ""Vinhomes Smart City""}"
334,VHSC-U-00334,S1.02-30.05,1,2,2PN,2,2,66.55,78.29,30,HIGH,W,N,CITY_OPEN,f,0.850,12.0,f,0,0.45,50.0,NONE,f,"{""data_origin"": ""synthetic"", ""reference"": ""Vinhomes Smart City""}"
335,VHSC-U-00335,S1.02-04.06,1,2,3PN,3,2,86.24,101.46,4,LOW,NW,N,CITY_OPEN,f,0.850,12.0,f,0,0.45,50.0,NONE,t,"{""data_origin"": ""synthetic"", ""reference"": ""Vinhomes Smart City""}"
336,VHSC-U-00336,S1.02-11.07,1,2,STUDIO,0,1,33.95,39.94,11,MID,E,N,CITY_OPEN,f,0.850,12.0,f,0,0.05,50.0,NONE,f,"{""data_origin"": ""synthetic"", ""reference"": ""Vinhomes Smart City""}"
337,VHSC-U-00337,S1.02-18.08,1,2,1PN,1,1,43.09,50.69,18,MID,SE,N,CITY_OPEN,f,0.850,12.0,f,0,0.05,50.0,NONE,f,"{""data_origin"": ""synthetic"", ""reference"": ""Vinhomes Smart City""}"
338,VHSC-U-00338,S1.02-25.09,1,2,2PN,2,2,63.05,74.18,25,HIGH,S,N,CITY_OPEN,f,0.850,12.0,f,0,0.05,50.0,NONE,f,"{""data_origin"": ""synthetic"", ""reference"": ""Vinhomes Smart City""}"
339,VHSC-U-00339,S1.02-32.10,1,2,3PN,3,2,94.72,111.44,32,HIGH,N,N,CITY_OPEN,f,0.850,12.0,f,0,0.05,50.0,NONE,f,"{""data_origin"": ""synthetic"", ""reference"": ""Vinhomes Smart City""}"
340,VHSC-U-00340,S1.02-06.11,1,2,STUDIO,0,1,31.20,36.71,6,MID,NE,N,CITY_OPEN,t,0.850,12.0,f,0,0.05,50.0,NONE,f,"{""data_origin"": ""synthetic"", ""reference"": ""Vinhomes Smart City""}"
341,VHSC-U-00341,S1.02-13.12,1,2,1PN,1,1,45.77,53.85,13,MID,SW,N,CITY_OPEN,f,0.850,12.0,f,0,0.45,50.0,NONE,t,"{""data_origin"": ""synthetic"", ""reference"": ""Vinhomes Smart City""}"
342,VHSC-U-00342,S1.02-20.13,1,2,2PN,2,2,65.61,77.19,20,MID,W,N,CITY_OPEN,f,0.850,12.0,f,0,0.45,50.0,NONE,f,"{""data_origin"": ""synthetic"", ""reference"": ""Vinhomes Smart City""}"
343,VHSC-U-00343,S1.02-27.14,1,2,3PN,3,2,91.48,107.62,27,HIGH,NW,N,CITY_OPEN,f,0.850,12.0,f,0,0.45,50.0,NONE,f,"{""data_origin"": ""synthetic"", ""reference"": ""Vinhomes Smart City""}"
344,VHSC-U-00344,S1.02-34.15,1,2,STUDIO,0,1,30.43,35.80,34,HIGH,E,N,CITY_OPEN,f,0.850,12.0,f,0,0.05,50.0,NONE,f,"{""data_origin"": ""synthetic"", ""reference"": ""Vinhomes Smart City""}"
345,VHSC-U-00345,S1.02-08.16,1,2,1PN,1,1,45.63,53.68,8,MID,SE,N,CITY_OPEN,f,0.850,12.0,f,0,0.05,50.0,NONE,f,"{""data_origin"": ""synthetic"", ""reference"": ""Vinhomes Smart City""}"
346,VHSC-U-00346,S1.02-15.17,1,2,2PN,2,2,57.91,68.13,15,MID,S,N,CITY_OPEN,f,0.850,12.0,f,0,0.05,50.0,NONE,f,"{""data_origin"": ""synthetic"", ""reference"": ""Vinhomes Smart City""}"
347,VHSC-U-00347,S1.02-22.18,1,2,3PN,3,2,88.37,103.96,22,HIGH,N,N,CITY_OPEN,f,0.850,12.0,f,0,0.05,50.0,NONE,f,"{""data_origin"": ""synthetic"", ""reference"": ""Vinhomes Smart City""}"
348,VHSC-U-00348,S1.02-29.19,1,2,STUDIO,0,1,34.60,40.71,29,HIGH,NE,N,CITY_OPEN,f,0.850,12.0,f,0,0.05,50.0,NONE,f,"{""data_origin"": ""synthetic"", ""reference"": ""Vinhomes Smart City""}"
349,VHSC-U-00349,S1.02-03.20,1,2,1PN,1,1,39.65,46.65,3,LOW,SW,N,CITY_OPEN,f,0.850,12.0,f,0,0.45,50.0,NONE,f,"{""data_origin"": ""synthetic"", ""reference"": ""Vinhomes Smart City""}"
350,VHSC-U-00350,S1.02-10.21,1,2,2PN,2,2,67.73,79.68,10,MID,W,N,CITY_OPEN,t,0.850,12.0,f,0,0.45,50.0,NONE,f,"{""data_origin"": ""synthetic"", ""reference"": ""Vinhomes Smart City""}"
351,VHSC-U-00351,S1.02-17.22,1,2,3PN,3,2,83.46,98.19,17,MID,NW,N,CITY_OPEN,f,0.850,12.0,f,0,0.45,50.0,NONE,f,"{""data_origin"": ""synthetic"", ""reference"": ""Vinhomes Smart City""}"
352,VHSC-U-00352,S1.02-24.23,1,2,STUDIO,0,1,32.41,38.13,24,HIGH,E,N,CITY_OPEN,f,0.850,12.0,f,0,0.05,50.0,NONE,f,"{""data_origin"": ""synthetic"", ""reference"": ""Vinhomes Smart City""}"
353,VHSC-U-00353,S1.02-31.24,1,2,2PN,2,2,69.21,81.42,31,HIGH,SE,N,CITY_OPEN,f,0.850,12.0,f,0,0.05,50.0,NONE,f,"{""data_origin"": ""synthetic"", ""reference"": ""Vinhomes Smart City""}"
354,VHSC-U-00354,S1.02-05.25,1,2,2PN,2,2,61.34,72.16,5,LOW,S,N,CITY_OPEN,f,0.850,12.0,f,0,0.05,50.0,NONE,f,"{""data_origin"": ""synthetic"", ""reference"": ""Vinhomes Smart City""}"
355,VHSC-U-00355,S1.02-12.26,1,2,3PN,3,2,92.53,108.86,12,MID,N,N,CITY_OPEN,f,0.850,12.0,f,0,0.05,50.0,NONE,f,"{""data_origin"": ""synthetic"", ""reference"": ""Vinhomes Smart City""}"
356,VHSC-U-00356,S1.02-19.27,1,2,STUDIO,0,1,33.39,39.28,19,MID,NE,N,CITY_OPEN,f,0.850,12.0,f,0,0.05,50.0,NONE,f,"{""data_origin"": ""synthetic"", ""reference"": ""Vinhomes Smart City""}"
357,VHSC-U-00357,S1.02-26.28,1,2,1PN,1,1,43.30,50.94,26,HIGH,SW,N,CITY_OPEN,f,0.850,12.0,f,0,0.45,50.0,NONE,f,"{""data_origin"": ""synthetic"", ""reference"": ""Vinhomes Smart City""}"
358,VHSC-U-00358,S1.02-33.29,1,2,2PN,2,2,57.16,67.25,33,HIGH,W,N,CITY_OPEN,f,0.850,12.0,f,0,0.45,50.0,NONE,f,"{""data_origin"": ""synthetic"", ""reference"": ""Vinhomes Smart City""}"
359,VHSC-U-00359,S1.02-07.30,1,2,3PN,3,2,89.49,105.28,7,MID,NW,N,CITY_OPEN,f,0.850,12.0,f,0,0.45,50.0,NONE,t,"{""data_origin"": ""synthetic"", ""reference"": ""Vinhomes Smart City""}"
360,VHSC-U-00360,S1.02-14.01,1,2,STUDIO,0,1,28.93,34.04,14,MID,E,N,CITY_OPEN,t,0.850,12.0,f,0,0.05,50.0,NONE,t,"{""data_origin"": ""synthetic"", ""reference"": ""Vinhomes Smart City""}"
361,VHSC-U-00361,S1.02-21.02,1,2,1PN,1,1,41.62,48.96,21,HIGH,SE,N,CITY_OPEN,f,0.850,12.0,f,0,0.05,50.0,NONE,f,"{""data_origin"": ""synthetic"", ""reference"": ""Vinhomes Smart City""}"
362,VHSC-U-00362,S1.02-28.03,1,2,2PN,2,2,61.71,72.60,28,HIGH,S,N,CITY_OPEN,f,0.850,12.0,f,0,0.05,50.0,NONE,f,"{""data_origin"": ""synthetic"", ""reference"": ""Vinhomes Smart City""}"
363,VHSC-U-00363,S1.02-02.04,1,2,3PN,3,2,82.15,96.65,2,LOW,N,N,CITY_OPEN,f,0.850,12.0,f,0,0.05,50.0,NONE,f,"{""data_origin"": ""synthetic"", ""reference"": ""Vinhomes Smart City""}"
364,VHSC-U-00364,S1.02-09.05,1,2,STUDIO,0,1,30.07,35.38,9,MID,NE,N,CITY_OPEN,f,0.850,12.0,f,0,0.05,50.0,NONE,f,"{""data_origin"": ""synthetic"", ""reference"": ""Vinhomes Smart City""}"
365,VHSC-U-00365,S1.02-16.06,1,2,1PN,1,1,39.21,46.13,16,MID,SW,N,CITY_OPEN,f,0.850,12.0,f,0,0.45,50.0,NONE,f,"{""data_origin"": ""synthetic"", ""reference"": ""Vinhomes Smart City""}"
366,VHSC-U-00366,S1.02-23.07,1,2,2PN,2,2,66.58,78.33,23,HIGH,W,N,CITY_OPEN,f,0.850,12.0,f,0,0.45,50.0,NONE,f,"{""data_origin"": ""synthetic"", ""reference"": ""Vinhomes Smart City""}"
367,VHSC-U-00367,S1.02-30.08,1,2,3PN,3,2,84.20,99.06,30,HIGH,NW,N,CITY_OPEN,f,0.850,12.0,f,0,0.45,50.0,NONE,f,"{""data_origin"": ""synthetic"", ""reference"": ""Vinhomes Smart City""}"
368,VHSC-U-00368,S1.02-04.09,1,2,STUDIO,0,1,28.27,33.26,4,LOW,E,N,CITY_OPEN,f,0.850,12.0,f,0,0.05,50.0,NONE,t,"{""data_origin"": ""synthetic"", ""reference"": ""Vinhomes Smart City""}"
369,VHSC-U-00369,S1.02-11.10,1,2,1PN,1,1,38.66,45.48,11,MID,SE,N,CITY_OPEN,f,0.850,12.0,f,0,0.05,50.0,NONE,f,"{""data_origin"": ""synthetic"", ""reference"": ""Vinhomes Smart City""}"
370,VHSC-U-00370,S1.02-18.11,1,2,2PN,2,2,67.01,78.84,18,MID,S,N,CITY_OPEN,t,0.850,12.0,f,0,0.05,50.0,NONE,f,"{""data_origin"": ""synthetic"", ""reference"": ""Vinhomes Smart City""}"
371,VHSC-U-00371,S1.02-25.12,1,2,2PN,2,2,69.00,81.18,25,HIGH,N,N,CITY_OPEN,f,0.850,12.0,f,0,0.05,50.0,NONE,f,"{""data_origin"": ""synthetic"", ""reference"": ""Vinhomes Smart City""}"
372,VHSC-U-00372,S1.02-32.13,1,2,STUDIO,0,1,28.50,33.53,32,HIGH,NE,N,CITY_OPEN,f,0.850,12.0,f,0,0.05,50.0,NONE,f,"{""data_origin"": ""synthetic"", ""reference"": ""Vinhomes Smart City""}"
373,VHSC-U-00373,S1.02-06.14,1,2,1PN,1,1,43.55,51.24,6,MID,SW,N,CITY_OPEN,f,0.850,12.0,f,0,0.45,50.0,NONE,f,"{""data_origin"": ""synthetic"", ""reference"": ""Vinhomes Smart City""}"
374,VHSC-U-00374,S1.02-13.15,1,2,2PN,2,2,63.91,75.19,13,MID,W,N,CITY_OPEN,f,0.850,12.0,f,0,0.45,50.0,NONE,t,"{""data_origin"": ""synthetic"", ""reference"": ""Vinhomes Smart City""}"
375,VHSC-U-00375,S1.02-20.16,1,2,3PN,3,2,88.46,104.07,20,MID,NW,N,CITY_OPEN,f,0.850,12.0,f,0,0.45,50.0,NONE,f,"{""data_origin"": ""synthetic"", ""reference"": ""Vinhomes Smart City""}"
376,VHSC-U-00376,S1.02-27.17,1,2,STUDIO,0,1,31.56,37.13,27,HIGH,E,N,CITY_OPEN,f,0.850,12.0,f,0,0.05,50.0,NONE,f,"{""data_origin"": ""synthetic"", ""reference"": ""Vinhomes Smart City""}"
377,VHSC-U-00377,S1.02-34.18,1,2,1PN,1,1,40.79,47.99,34,HIGH,SE,N,CITY_OPEN,f,0.850,12.0,f,0,0.05,50.0,NONE,f,"{""data_origin"": ""synthetic"", ""reference"": ""Vinhomes Smart City""}"
378,VHSC-U-00378,S1.02-08.19,1,2,2PN,2,2,58.30,68.59,8,MID,S,N,CITY_OPEN,f,0.850,12.0,f,0,0.05,50.0,NONE,f,"{""data_origin"": ""synthetic"", ""reference"": ""Vinhomes Smart City""}"
379,VHSC-U-00379,S1.02-15.20,1,2,3PN,3,2,81.94,96.40,15,MID,N,N,CITY_OPEN,f,0.850,12.0,f,0,0.05,50.0,NONE,f,"{""data_origin"": ""synthetic"", ""reference"": ""Vinhomes Smart City""}"
380,VHSC-U-00380,S1.02-22.21,1,2,STUDIO,0,1,31.81,37.42,22,HIGH,NE,N,CITY_OPEN,t,0.850,12.0,f,0,0.05,50.0,NONE,f,"{""data_origin"": ""synthetic"", ""reference"": ""Vinhomes Smart City""}"
381,VHSC-U-00381,S1.02-29.22,1,2,1PN,1,1,38.53,45.33,29,HIGH,SW,N,CITY_OPEN,f,0.850,12.0,f,0,0.45,50.0,NONE,f,"{""data_origin"": ""synthetic"", ""reference"": ""Vinhomes Smart City""}"
382,VHSC-U-00382,S1.02-03.23,1,2,2PN,2,2,63.97,75.26,3,LOW,W,N,CITY_OPEN,f,0.850,12.0,f,0,0.45,50.0,NONE,f,"{""data_origin"": ""synthetic"", ""reference"": ""Vinhomes Smart City""}"
383,VHSC-U-00383,S1.02-10.24,1,2,3PN,3,2,85.81,100.95,10,MID,NW,N,CITY_OPEN,f,0.850,12.0,f,0,0.45,50.0,NONE,f,"{""data_origin"": ""synthetic"", ""reference"": ""Vinhomes Smart City""}"
384,VHSC-U-00384,S1.02-17.25,1,2,STUDIO,0,1,29.79,35.05,17,MID,E,N,CITY_OPEN,f,0.850,12.0,f,0,0.05,50.0,NONE,f,"{""data_origin"": ""synthetic"", ""reference"": ""Vinhomes Smart City""}"
385,VHSC-U-00385,S1.02-24.26,1,2,1PN,1,1,39.37,46.32,24,HIGH,SE,N,CITY_OPEN,f,0.850,12.0,f,0,0.05,50.0,NONE,f,"{""data_origin"": ""synthetic"", ""reference"": ""Vinhomes Smart City""}"
386,VHSC-U-00386,S1.02-31.27,1,2,2PN,2,2,69.62,81.91,31,HIGH,S,N,CITY_OPEN,f,0.850,12.0,f,0,0.05,50.0,NONE,f,"{""data_origin"": ""synthetic"", ""reference"": ""Vinhomes Smart City""}"
387,VHSC-U-00387,S1.02-05.28,1,2,3PN,3,2,94.50,111.18,5,LOW,N,N,CITY_OPEN,f,0.850,12.0,f,0,0.05,50.0,NONE,f,"{""data_origin"": ""synthetic"", ""reference"": ""Vinhomes Smart City""}"
388,VHSC-U-00388,S1.02-12.29,1,2,STUDIO,0,1,28.71,33.78,12,MID,NE,N,CITY_OPEN,f,0.850,12.0,f,0,0.05,50.0,NONE,f,"{""data_origin"": ""synthetic"", ""reference"": ""Vinhomes Smart City""}"
389,VHSC-U-00389,S1.02-19.30,1,2,1PN,1,1,43.34,50.99,19,MID,SW,N,CITY_OPEN,f,0.850,12.0,f,0,0.45,50.0,NONE,f,"{""data_origin"": ""synthetic"", ""reference"": ""Vinhomes Smart City""}"
390,VHSC-U-00390,S1.02-26.01,1,2,2PN,2,2,59.33,69.80,26,HIGH,W,N,CITY_OPEN,t,0.850,12.0,f,0,0.45,50.0,NONE,f,"{""data_origin"": ""synthetic"", ""reference"": ""Vinhomes Smart City""}"
391,VHSC-U-00391,S1.02-33.02,1,2,3PN,3,2,87.51,102.95,33,HIGH,NW,N,CITY_OPEN,f,0.850,12.0,f,0,0.45,50.0,NONE,f,"{""data_origin"": ""synthetic"", ""reference"": ""Vinhomes Smart City""}"
392,VHSC-U-00392,S1.02-07.03,1,2,STUDIO,0,1,31.65,37.24,7,MID,E,N,CITY_OPEN,f,0.850,12.0,f,0,0.05,50.0,NONE,t,"{""data_origin"": ""synthetic"", ""reference"": ""Vinhomes Smart City""}"
393,VHSC-U-00393,S1.02-14.04,1,2,1PN,1,1,41.33,48.62,14,MID,SE,N,CITY_OPEN,f,0.850,12.0,f,0,0.05,50.0,NONE,t,"{""data_origin"": ""synthetic"", ""reference"": ""Vinhomes Smart City""}"
394,VHSC-U-00394,S1.02-21.05,1,2,2PN,2,2,55.28,65.04,21,HIGH,S,N,CITY_OPEN,f,0.850,12.0,f,0,0.05,50.0,NONE,f,"{""data_origin"": ""synthetic"", ""reference"": ""Vinhomes Smart City""}"
395,VHSC-U-00395,S1.02-28.06,1,2,3PN,3,2,88.01,103.54,28,HIGH,N,N,CITY_OPEN,f,0.850,12.0,f,0,0.05,50.0,NONE,f,"{""data_origin"": ""synthetic"", ""reference"": ""Vinhomes Smart City""}"
396,VHSC-U-00396,S1.02-02.07,1,2,STUDIO,0,1,34.96,41.13,2,LOW,NE,N,CITY_OPEN,f,0.850,12.0,f,0,0.05,50.0,NONE,f,"{""data_origin"": ""synthetic"", ""reference"": ""Vinhomes Smart City""}"
397,VHSC-U-00397,S1.02-09.08,1,2,1PN,1,1,39.12,46.02,9,MID,SW,N,CITY_OPEN,f,0.850,12.0,f,0,0.45,50.0,NONE,f,"{""data_origin"": ""synthetic"", ""reference"": ""Vinhomes Smart City""}"
398,VHSC-U-00398,S1.02-16.09,1,2,2PN,2,2,60.62,71.32,16,MID,W,N,CITY_OPEN,f,0.850,12.0,f,0,0.45,50.0,NONE,f,"{""data_origin"": ""synthetic"", ""reference"": ""Vinhomes Smart City""}"
399,VHSC-U-00399,S1.02-23.10,1,2,3PN,3,2,84.52,99.44,23,HIGH,NW,N,CITY_OPEN,f,0.850,12.0,f,0,0.45,50.0,NONE,f,"{""data_origin"": ""synthetic"", ""reference"": ""Vinhomes Smart City""}"
400,VHSC-U-00400,S1.02-30.11,1,2,STUDIO,0,1,34.87,41.02,30,HIGH,E,N,CITY_OPEN,t,0.850,12.0,f,0,0.05,50.0,NONE,f,"{""data_origin"": ""synthetic"", ""reference"": ""Vinhomes Smart City""}"
401,VHSC-U-00401,S2.01-04.12,1,3,1PN,1,1,44.25,52.06,4,LOW,SE,N,CITY_OPEN,f,0.850,12.0,f,0,0.05,50.0,NONE,t,"{""data_origin"": ""synthetic"", ""reference"": ""Vinhomes Smart City""}"
402,VHSC-U-00402,S2.01-11.13,1,3,2PN,2,2,59.47,69.96,11,MID,S,N,CITY_OPEN,f,0.850,12.0,f,0,0.05,50.0,NONE,f,"{""data_origin"": ""synthetic"", ""reference"": ""Vinhomes Smart City""}"
403,VHSC-U-00403,S2.01-18.14,1,3,3PN,3,2,86.99,102.34,18,MID,N,N,CITY_OPEN,f,0.850,12.0,f,0,0.05,50.0,NONE,f,"{""data_origin"": ""synthetic"", ""reference"": ""Vinhomes Smart City""}"
404,VHSC-U-00404,S2.01-25.15,1,3,STUDIO,0,1,30.95,36.41,25,HIGH,NE,N,CITY_OPEN,f,0.850,12.0,f,0,0.05,50.0,NONE,f,"{""data_origin"": ""synthetic"", ""reference"": ""Vinhomes Smart City""}"
405,VHSC-U-00405,S2.01-32.16,1,3,1PN,1,1,46.96,55.25,32,HIGH,SW,N,CITY_OPEN,f,0.850,12.0,f,0,0.45,50.0,NONE,f,"{""data_origin"": ""synthetic"", ""reference"": ""Vinhomes Smart City""}"
406,VHSC-U-00406,S2.01-06.17,1,3,2PN,2,2,61.76,72.66,6,MID,W,N,CITY_OPEN,f,0.850,12.0,f,0,0.45,50.0,NONE,f,"{""data_origin"": ""synthetic"", ""reference"": ""Vinhomes Smart City""}"
407,VHSC-U-00407,S2.01-13.18,1,3,3PN,3,2,84.27,99.14,13,MID,NW,N,CITY_OPEN,f,0.850,12.0,f,0,0.45,50.0,NONE,t,"{""data_origin"": ""synthetic"", ""reference"": ""Vinhomes Smart City""}"
408,VHSC-U-00408,S2.01-20.19,1,3,STUDIO,0,1,30.76,36.19,20,MID,E,N,CITY_OPEN,f,0.850,12.0,f,0,0.05,50.0,NONE,f,"{""data_origin"": ""synthetic"", ""reference"": ""Vinhomes Smart City""}"
409,VHSC-U-00409,S2.01-27.20,1,3,1PN,1,1,40.68,47.86,27,HIGH,SE,N,CITY_OPEN,f,0.850,12.0,f,0,0.05,50.0,NONE,f,"{""data_origin"": ""synthetic"", ""reference"": ""Vinhomes Smart City""}"
410,VHSC-U-00410,S2.01-34.21,1,3,2PN,2,2,57.57,67.73,34,HIGH,S,N,CITY_OPEN,t,0.850,12.0,f,0,0.05,50.0,NONE,f,"{""data_origin"": ""synthetic"", ""reference"": ""Vinhomes Smart City""}"
411,VHSC-U-00411,S2.01-08.22,1,3,3PN,3,2,80.86,95.13,8,MID,N,N,CITY_OPEN,f,0.850,12.0,f,0,0.05,50.0,NONE,f,"{""data_origin"": ""synthetic"", ""reference"": ""Vinhomes Smart City""}"
412,VHSC-U-00412,S2.01-15.23,1,3,STUDIO,0,1,32.55,38.29,15,MID,NE,N,CITY_OPEN,f,0.850,12.0,f,0,0.05,50.0,NONE,f,"{""data_origin"": ""synthetic"", ""reference"": ""Vinhomes Smart City""}"
413,VHSC-U-00413,S2.01-22.24,1,3,1PN,1,1,40.45,47.59,22,HIGH,SW,N,CITY_OPEN,f,0.850,12.0,f,0,0.45,50.0,NONE,f,"{""data_origin"": ""synthetic"", ""reference"": ""Vinhomes Smart City""}"
414,VHSC-U-00414,S2.01-29.25,1,3,2PN,2,2,62.65,73.71,29,HIGH,W,N,CITY_OPEN,f,0.850,12.0,f,0,0.45,50.0,NONE,f,"{""data_origin"": ""synthetic"", ""reference"": ""Vinhomes Smart City""}"
415,VHSC-U-00415,S2.01-03.26,1,3,3PN,3,2,88.08,103.62,3,LOW,NW,N,CITY_OPEN,f,0.850,12.0,f,0,0.45,50.0,NONE,f,"{""data_origin"": ""synthetic"", ""reference"": ""Vinhomes Smart City""}"
416,VHSC-U-00416,S2.01-10.27,1,3,STUDIO,0,1,33.40,39.29,10,MID,E,N,CITY_OPEN,f,0.850,12.0,f,0,0.05,50.0,NONE,f,"{""data_origin"": ""synthetic"", ""reference"": ""Vinhomes Smart City""}"
417,VHSC-U-00417,S2.01-17.28,1,3,1PN,1,1,42.46,49.95,17,MID,SE,N,CITY_OPEN,f,0.850,12.0,f,0,0.05,50.0,NONE,f,"{""data_origin"": ""synthetic"", ""reference"": ""Vinhomes Smart City""}"
418,VHSC-U-00418,S2.01-24.29,1,3,2PN,2,2,66.86,78.66,24,HIGH,S,N,CITY_OPEN,f,0.850,12.0,f,0,0.05,50.0,NONE,f,"{""data_origin"": ""synthetic"", ""reference"": ""Vinhomes Smart City""}"
419,VHSC-U-00419,S2.01-31.30,1,3,3PN,3,2,90.90,106.94,31,HIGH,N,N,CITY_OPEN,f,0.850,12.0,f,0,0.05,50.0,NONE,f,"{""data_origin"": ""synthetic"", ""reference"": ""Vinhomes Smart City""}"
420,VHSC-U-00420,S2.01-05.01,1,3,STUDIO,0,1,32.97,38.79,5,LOW,NE,N,CITY_OPEN,t,0.850,12.0,f,0,0.05,50.0,NONE,f,"{""data_origin"": ""synthetic"", ""reference"": ""Vinhomes Smart City""}"
421,VHSC-U-00421,S2.01-12.02,1,3,1PN,1,1,46.72,54.96,12,MID,SW,N,CITY_OPEN,f,0.850,12.0,f,0,0.45,50.0,NONE,f,"{""data_origin"": ""synthetic"", ""reference"": ""Vinhomes Smart City""}"
422,VHSC-U-00422,S2.01-19.03,1,3,2PN,2,2,69.07,81.26,19,MID,W,N,CITY_OPEN,f,0.850,12.0,f,0,0.45,50.0,NONE,f,"{""data_origin"": ""synthetic"", ""reference"": ""Vinhomes Smart City""}"
423,VHSC-U-00423,S2.01-26.04,1,3,3PN,3,2,89.75,105.59,26,HIGH,NW,N,CITY_OPEN,f,0.850,12.0,f,0,0.45,50.0,NONE,f,"{""data_origin"": ""synthetic"", ""reference"": ""Vinhomes Smart City""}"
424,VHSC-U-00424,S2.01-33.05,1,3,STUDIO,0,1,29.21,34.36,33,HIGH,E,N,CITY_OPEN,f,0.850,12.0,f,0,0.05,50.0,NONE,f,"{""data_origin"": ""synthetic"", ""reference"": ""Vinhomes Smart City""}"
425,VHSC-U-00425,S2.01-07.06,1,3,1PN,1,1,40.77,47.96,7,MID,SE,N,CITY_OPEN,f,0.850,12.0,f,0,0.05,50.0,NONE,t,"{""data_origin"": ""synthetic"", ""reference"": ""Vinhomes Smart City""}"
426,VHSC-U-00426,S2.01-14.07,1,3,2PN,2,2,56.17,66.08,14,MID,S,N,CITY_OPEN,f,0.850,12.0,f,0,0.05,50.0,NONE,t,"{""data_origin"": ""synthetic"", ""reference"": ""Vinhomes Smart City""}"
427,VHSC-U-00427,S2.01-21.08,1,3,3PN,3,2,91.24,107.34,21,HIGH,N,N,CITY_OPEN,f,0.850,12.0,f,0,0.05,50.0,NONE,f,"{""data_origin"": ""synthetic"", ""reference"": ""Vinhomes Smart City""}"
428,VHSC-U-00428,S2.01-28.09,1,3,STUDIO,0,1,34.77,40.91,28,HIGH,NE,N,CITY_OPEN,f,0.850,12.0,f,0,0.05,50.0,NONE,f,"{""data_origin"": ""synthetic"", ""reference"": ""Vinhomes Smart City""}"
429,VHSC-U-00429,S2.01-02.10,1,3,1PN,1,1,42.12,49.55,2,LOW,SW,N,CITY_OPEN,f,0.850,12.0,f,0,0.45,50.0,NONE,f,"{""data_origin"": ""synthetic"", ""reference"": ""Vinhomes Smart City""}"
430,VHSC-U-00430,S2.01-09.11,1,3,2PN,2,2,55.69,65.52,9,MID,W,N,CITY_OPEN,t,0.850,12.0,f,0,0.45,50.0,NONE,f,"{""data_origin"": ""synthetic"", ""reference"": ""Vinhomes Smart City""}"
431,VHSC-U-00431,S2.01-16.12,1,3,3PN,3,2,85.30,100.35,16,MID,NW,N,CITY_OPEN,f,0.850,12.0,f,0,0.45,50.0,NONE,f,"{""data_origin"": ""synthetic"", ""reference"": ""Vinhomes Smart City""}"
432,VHSC-U-00432,S2.01-23.13,1,3,STUDIO,0,1,32.30,38.00,23,HIGH,E,N,CITY_OPEN,f,0.850,12.0,f,0,0.05,50.0,NONE,f,"{""data_origin"": ""synthetic"", ""reference"": ""Vinhomes Smart City""}"
433,VHSC-U-00433,S2.01-30.14,1,3,1PN,1,1,39.71,46.72,30,HIGH,SE,N,CITY_OPEN,f,0.850,12.0,f,0,0.05,50.0,NONE,f,"{""data_origin"": ""synthetic"", ""reference"": ""Vinhomes Smart City""}"
434,VHSC-U-00434,S2.01-04.15,1,3,2PN,2,2,69.65,81.94,4,LOW,S,N,CITY_OPEN,f,0.850,12.0,f,0,0.05,50.0,NONE,t,"{""data_origin"": ""synthetic"", ""reference"": ""Vinhomes Smart City""}"
435,VHSC-U-00435,S2.01-11.16,1,3,3PN,3,2,84.14,98.99,11,MID,N,N,CITY_OPEN,f,0.850,12.0,f,0,0.05,50.0,NONE,f,"{""data_origin"": ""synthetic"", ""reference"": ""Vinhomes Smart City""}"
436,VHSC-U-00436,S2.01-18.17,1,3,STUDIO,0,1,28.16,33.13,18,MID,NE,N,CITY_OPEN,f,0.850,12.0,f,0,0.05,50.0,NONE,f,"{""data_origin"": ""synthetic"", ""reference"": ""Vinhomes Smart City""}"
437,VHSC-U-00437,S2.01-25.18,1,3,1PN,1,1,45.42,53.44,25,HIGH,SW,N,CITY_OPEN,f,0.850,12.0,f,0,0.45,50.0,NONE,f,"{""data_origin"": ""synthetic"", ""reference"": ""Vinhomes Smart City""}"
438,VHSC-U-00438,S2.01-32.19,1,3,2PN,2,2,64.07,75.38,32,HIGH,W,N,CITY_OPEN,f,0.850,12.0,f,0,0.45,50.0,NONE,f,"{""data_origin"": ""synthetic"", ""reference"": ""Vinhomes Smart City""}"
439,VHSC-U-00439,S2.01-06.20,1,3,3PN,3,2,81.23,95.56,6,MID,NW,N,CITY_OPEN,f,0.850,12.0,f,0,0.45,50.0,NONE,f,"{""data_origin"": ""synthetic"", ""reference"": ""Vinhomes Smart City""}"
440,VHSC-U-00440,S2.01-13.21,1,3,3PN,3,2,94.00,110.59,13,MID,E,N,CITY_OPEN,t,0.850,12.0,f,0,0.05,50.0,NONE,t,"{""data_origin"": ""synthetic"", ""reference"": ""Vinhomes Smart City""}"
441,VHSC-U-00441,S2.01-20.22,1,3,1PN,1,1,46.58,54.80,20,MID,SE,N,CITY_OPEN,f,0.850,12.0,f,0,0.05,50.0,NONE,f,"{""data_origin"": ""synthetic"", ""reference"": ""Vinhomes Smart City""}"
442,VHSC-U-00442,S2.01-27.23,1,3,3PN,3,2,94.00,110.59,27,HIGH,S,N,CITY_OPEN,f,0.850,12.0,f,0,0.05,50.0,NONE,f,"{""data_origin"": ""synthetic"", ""reference"": ""Vinhomes Smart City""}"
443,VHSC-U-00443,S2.01-34.24,1,3,3PN,3,2,89.58,105.39,34,HIGH,N,N,CITY_OPEN,f,0.850,12.0,f,0,0.05,50.0,NONE,f,"{""data_origin"": ""synthetic"", ""reference"": ""Vinhomes Smart City""}"
444,VHSC-U-00444,S2.01-08.25,1,3,STUDIO,0,1,31.52,37.08,8,MID,NE,N,CITY_OPEN,f,0.850,12.0,f,0,0.05,50.0,NONE,f,"{""data_origin"": ""synthetic"", ""reference"": ""Vinhomes Smart City""}"
445,VHSC-U-00445,S2.01-15.26,1,3,1PN,1,1,40.13,47.21,15,MID,SW,N,CITY_OPEN,f,0.850,12.0,f,0,0.45,50.0,NONE,f,"{""data_origin"": ""synthetic"", ""reference"": ""Vinhomes Smart City""}"
446,VHSC-U-00446,S2.01-22.27,1,3,2PN,2,2,66.92,78.73,22,HIGH,W,N,CITY_OPEN,f,0.850,12.0,f,0,0.45,50.0,NONE,f,"{""data_origin"": ""synthetic"", ""reference"": ""Vinhomes Smart City""}"
447,VHSC-U-00447,S2.01-29.28,1,3,3PN,3,2,89.67,105.49,29,HIGH,NW,N,CITY_OPEN,f,0.850,12.0,f,0,0.45,50.0,NONE,f,"{""data_origin"": ""synthetic"", ""reference"": ""Vinhomes Smart City""}"
448,VHSC-U-00448,S2.01-03.29,1,3,STUDIO,0,1,29.40,34.59,3,LOW,E,N,CITY_OPEN,f,0.850,12.0,f,0,0.05,50.0,NONE,f,"{""data_origin"": ""synthetic"", ""reference"": ""Vinhomes Smart City""}"
449,VHSC-U-00449,S2.01-10.30,1,3,1PN,1,1,44.54,52.40,10,MID,SE,N,CITY_OPEN,f,0.850,12.0,f,0,0.05,50.0,NONE,f,"{""data_origin"": ""synthetic"", ""reference"": ""Vinhomes Smart City""}"
450,VHSC-U-00450,S2.01-17.01,1,3,2PN,2,2,61.19,71.99,17,MID,S,N,CITY_OPEN,t,0.850,12.0,f,0,0.05,50.0,NONE,f,"{""data_origin"": ""synthetic"", ""reference"": ""Vinhomes Smart City""}"
451,VHSC-U-00451,S2.01-24.02,1,3,3PN,3,2,91.63,107.80,24,HIGH,N,N,CITY_OPEN,f,0.850,12.0,f,0,0.05,50.0,NONE,f,"{""data_origin"": ""synthetic"", ""reference"": ""Vinhomes Smart City""}"
452,VHSC-U-00452,S2.01-31.03,1,3,STUDIO,0,1,33.73,39.68,31,HIGH,NE,N,CITY_OPEN,f,0.850,12.0,f,0,0.05,50.0,NONE,f,"{""data_origin"": ""synthetic"", ""reference"": ""Vinhomes Smart City""}"
453,VHSC-U-00453,S2.01-05.04,1,3,1PN,1,1,42.88,50.45,5,LOW,SW,N,CITY_OPEN,f,0.850,12.0,f,0,0.45,50.0,NONE,f,"{""data_origin"": ""synthetic"", ""reference"": ""Vinhomes Smart City""}"
454,VHSC-U-00454,S2.01-12.05,1,3,2PN,2,2,61.46,72.31,12,MID,W,N,CITY_OPEN,f,0.850,12.0,f,0,0.45,50.0,NONE,f,"{""data_origin"": ""synthetic"", ""reference"": ""Vinhomes Smart City""}"
455,VHSC-U-00455,S2.01-19.06,1,3,3PN,3,2,80.74,94.99,19,MID,NW,N,CITY_OPEN,f,0.850,12.0,f,0,0.45,50.0,NONE,f,"{""data_origin"": ""synthetic"", ""reference"": ""Vinhomes Smart City""}"
456,VHSC-U-00456,S2.01-26.07,1,3,STUDIO,0,1,34.48,40.56,26,HIGH,E,N,CITY_OPEN,f,0.850,12.0,f,0,0.05,50.0,NONE,f,"{""data_origin"": ""synthetic"", ""reference"": ""Vinhomes Smart City""}"
457,VHSC-U-00457,S2.01-33.08,1,3,1PN,1,1,46.81,55.07,33,HIGH,SE,N,CITY_OPEN,f,0.850,12.0,f,0,0.05,50.0,NONE,f,"{""data_origin"": ""synthetic"", ""reference"": ""Vinhomes Smart City""}"
458,VHSC-U-00458,S2.01-07.09,1,3,2PN,2,2,59.71,70.25,7,MID,S,N,CITY_OPEN,f,0.850,12.0,f,0,0.05,50.0,NONE,t,"{""data_origin"": ""synthetic"", ""reference"": ""Vinhomes Smart City""}"
459,VHSC-U-00459,S2.01-14.10,1,3,3PN,3,2,81.47,95.85,14,MID,N,N,CITY_OPEN,f,0.850,12.0,f,0,0.05,50.0,NONE,t,"{""data_origin"": ""synthetic"", ""reference"": ""Vinhomes Smart City""}"
460,VHSC-U-00460,S2.01-21.11,1,3,STUDIO,0,1,31.42,36.96,21,HIGH,NE,N,CITY_OPEN,t,0.850,12.0,f,0,0.05,50.0,NONE,f,"{""data_origin"": ""synthetic"", ""reference"": ""Vinhomes Smart City""}"
461,VHSC-U-00461,S2.01-28.12,1,3,1PN,1,1,46.43,54.62,28,HIGH,SW,N,CITY_OPEN,f,0.850,12.0,f,0,0.45,50.0,NONE,f,"{""data_origin"": ""synthetic"", ""reference"": ""Vinhomes Smart City""}"
462,VHSC-U-00462,S2.01-02.13,1,3,2PN,2,2,68.25,80.29,2,LOW,W,N,CITY_OPEN,f,0.850,12.0,f,0,0.45,50.0,NONE,f,"{""data_origin"": ""synthetic"", ""reference"": ""Vinhomes Smart City""}"
463,VHSC-U-00463,S2.01-09.14,1,3,1PN,1,1,46.06,54.19,9,MID,NW,N,CITY_OPEN,f,0.850,12.0,f,0,0.45,50.0,NONE,f,"{""data_origin"": ""synthetic"", ""reference"": ""Vinhomes Smart City""}"
464,VHSC-U-00464,S2.01-16.15,1,3,2PN,2,2,61.82,72.73,16,MID,E,N,CITY_OPEN,f,0.850,12.0,f,0,0.05,50.0,NONE,f,"{""data_origin"": ""synthetic"", ""reference"": ""Vinhomes Smart City""}"
465,VHSC-U-00465,S2.01-23.16,1,3,1PN,1,1,38.86,45.72,23,HIGH,SE,N,CITY_OPEN,f,0.850,12.0,f,0,0.05,50.0,NONE,f,"{""data_origin"": ""synthetic"", ""reference"": ""Vinhomes Smart City""}"
466,VHSC-U-00466,S2.01-30.17,1,3,2PN,2,2,56.89,66.93,30,HIGH,S,N,CITY_OPEN,f,0.850,12.0,f,0,0.05,50.0,NONE,f,"{""data_origin"": ""synthetic"", ""reference"": ""Vinhomes Smart City""}"
467,VHSC-U-00467,S2.01-04.18,1,3,3PN,3,2,85.65,100.76,4,LOW,N,N,CITY_OPEN,f,0.850,12.0,f,0,0.05,50.0,NONE,t,"{""data_origin"": ""synthetic"", ""reference"": ""Vinhomes Smart City""}"
468,VHSC-U-00468,S2.01-11.19,1,3,2PN,2,2,62.16,73.13,11,MID,NE,N,CITY_OPEN,f,0.850,1.5,f,0,0.05,50.0,NONE,f,"{""data_origin"": ""synthetic"", ""reference"": ""Vinhomes Smart City""}"
469,VHSC-U-00469,S2.01-18.20,1,3,1PN,1,1,44.89,52.81,18,MID,SW,N,CITY_OPEN,f,0.850,12.0,f,0,0.45,50.0,NONE,f,"{""data_origin"": ""synthetic"", ""reference"": ""Vinhomes Smart City""}"
470,VHSC-U-00470,S2.01-25.21,1,3,2PN,2,2,55.25,65.00,25,HIGH,W,N,CITY_OPEN,t,0.850,12.0,f,0,0.45,50.0,NONE,f,"{""data_origin"": ""synthetic"", ""reference"": ""Vinhomes Smart City""}"
471,VHSC-U-00471,S2.01-32.22,1,3,3PN,3,2,92.73,109.09,32,HIGH,NW,N,CITY_OPEN,f,0.850,12.0,f,0,0.45,50.0,NONE,f,"{""data_origin"": ""synthetic"", ""reference"": ""Vinhomes Smart City""}"
472,VHSC-U-00472,S2.01-06.23,1,3,STUDIO,0,1,29.63,34.86,6,MID,E,N,CITY_OPEN,f,0.850,12.0,f,0,0.05,50.0,NONE,f,"{""data_origin"": ""synthetic"", ""reference"": ""Vinhomes Smart City""}"
473,VHSC-U-00473,S2.01-13.24,1,3,1PN,1,1,39.24,46.16,13,MID,SE,N,CITY_OPEN,f,0.850,12.0,f,0,0.05,50.0,NONE,t,"{""data_origin"": ""synthetic"", ""reference"": ""Vinhomes Smart City""}"
474,VHSC-U-00474,S2.01-20.25,1,3,2PN,2,2,55.37,65.14,20,MID,S,N,CITY_OPEN,f,0.850,12.0,f,0,0.05,50.0,NONE,f,"{""data_origin"": ""synthetic"", ""reference"": ""Vinhomes Smart City""}"
475,VHSC-U-00475,S2.01-27.26,1,3,3PN,3,2,85.42,100.49,27,HIGH,N,N,CITY_OPEN,f,0.850,12.0,f,0,0.05,50.0,NONE,f,"{""data_origin"": ""synthetic"", ""reference"": ""Vinhomes Smart City""}"
476,VHSC-U-00476,S2.01-34.27,1,3,STUDIO,0,1,33.59,39.52,34,HIGH,NE,N,CITY_OPEN,f,0.850,12.0,f,0,0.05,50.0,NONE,f,"{""data_origin"": ""synthetic"", ""reference"": ""Vinhomes Smart City""}"
477,VHSC-U-00477,S2.01-08.28,1,3,1PN,1,1,41.77,49.14,8,MID,SW,N,CITY_OPEN,f,0.850,12.0,f,0,0.45,50.0,NONE,f,"{""data_origin"": ""synthetic"", ""reference"": ""Vinhomes Smart City""}"
478,VHSC-U-00478,S2.01-15.29,1,3,2PN,2,2,56.44,66.40,15,MID,W,N,CITY_OPEN,f,0.850,12.0,f,0,0.45,50.0,NONE,f,"{""data_origin"": ""synthetic"", ""reference"": ""Vinhomes Smart City""}"
479,VHSC-U-00479,S2.01-22.30,1,3,3PN,3,2,90.58,106.56,22,HIGH,NW,N,CITY_OPEN,f,0.850,12.0,f,0,0.45,50.0,NONE,f,"{""data_origin"": ""synthetic"", ""reference"": ""Vinhomes Smart City""}"
480,VHSC-U-00480,S2.01-29.01,1,3,STUDIO,0,1,29.38,34.56,29,HIGH,E,N,CITY_OPEN,t,0.850,12.0,f,0,0.05,50.0,NONE,f,"{""data_origin"": ""synthetic"", ""reference"": ""Vinhomes Smart City""}"
481,VHSC-U-00481,S2.01-03.02,1,3,1PN,1,1,45.06,53.01,3,LOW,SE,N,CITY_OPEN,f,0.850,12.0,f,0,0.05,50.0,NONE,f,"{""data_origin"": ""synthetic"", ""reference"": ""Vinhomes Smart City""}"
482,VHSC-U-00482,S2.01-10.03,1,3,2PN,2,2,69.82,82.14,10,MID,S,N,CITY_OPEN,f,0.850,12.0,f,0,0.05,50.0,NONE,f,"{""data_origin"": ""synthetic"", ""reference"": ""Vinhomes Smart City""}"
483,VHSC-U-00483,S2.01-17.04,1,3,3PN,3,2,94.17,110.79,17,MID,N,N,CITY_OPEN,f,0.850,12.0,f,0,0.05,50.0,NONE,f,"{""data_origin"": ""synthetic"", ""reference"": ""Vinhomes Smart City""}"
484,VHSC-U-00484,S2.01-24.05,1,3,STUDIO,0,1,33.58,39.51,24,HIGH,NE,N,CITY_OPEN,f,0.850,12.0,f,0,0.05,50.0,NONE,f,"{""data_origin"": ""synthetic"", ""reference"": ""Vinhomes Smart City""}"
485,VHSC-U-00485,S2.01-31.06,1,3,1PN,1,1,43.05,50.65,31,HIGH,SW,N,CITY_OPEN,f,0.850,12.0,f,0,0.45,50.0,NONE,f,"{""data_origin"": ""synthetic"", ""reference"": ""Vinhomes Smart City""}"
486,VHSC-U-00486,S2.01-05.07,1,3,2PN,2,2,68.11,80.13,5,LOW,W,N,CITY_OPEN,f,0.850,12.0,f,0,0.45,50.0,NONE,f,"{""data_origin"": ""synthetic"", ""reference"": ""Vinhomes Smart City""}"
487,VHSC-U-00487,S2.01-12.08,1,3,3PN,3,2,94.01,110.60,12,MID,NW,N,CITY_OPEN,f,0.850,12.0,f,0,0.45,50.0,NONE,f,"{""data_origin"": ""synthetic"", ""reference"": ""Vinhomes Smart City""}"
488,VHSC-U-00488,S2.01-19.09,1,3,STUDIO,0,1,30.99,36.46,19,MID,E,N,CITY_OPEN,f,0.850,12.0,f,0,0.05,50.0,NONE,f,"{""data_origin"": ""synthetic"", ""reference"": ""Vinhomes Smart City""}"
489,VHSC-U-00489,S2.01-26.10,1,3,2PN,2,2,64.89,76.34,26,HIGH,SE,N,CITY_OPEN,f,0.850,1.5,f,0,0.05,50.0,NONE,f,"{""data_origin"": ""synthetic"", ""reference"": ""Vinhomes Smart City""}"
490,VHSC-U-00490,S2.01-33.11,1,3,2PN,2,2,63.78,75.04,33,HIGH,S,N,CITY_OPEN,t,0.850,12.0,f,0,0.05,50.0,NONE,f,"{""data_origin"": ""synthetic"", ""reference"": ""Vinhomes Smart City""}"
491,VHSC-U-00491,S2.01-07.12,1,3,3PN,3,2,88.55,104.18,7,MID,N,N,CITY_OPEN,f,0.850,12.0,f,0,0.05,50.0,NONE,t,"{""data_origin"": ""synthetic"", ""reference"": ""Vinhomes Smart City""}"
492,VHSC-U-00492,S2.01-14.13,1,3,STUDIO,0,1,32.74,38.52,14,MID,NE,N,CITY_OPEN,f,0.850,12.0,f,0,0.05,50.0,NONE,t,"{""data_origin"": ""synthetic"", ""reference"": ""Vinhomes Smart City""}"
493,VHSC-U-00493,S2.01-21.14,1,3,1PN,1,1,38.76,45.60,21,HIGH,SW,N,CITY_OPEN,f,0.850,12.0,f,0,0.45,50.0,NONE,f,"{""data_origin"": ""synthetic"", ""reference"": ""Vinhomes Smart City""}"
494,VHSC-U-00494,S2.01-28.15,1,3,2PN,2,2,56.42,66.38,28,HIGH,W,N,CITY_OPEN,f,0.850,12.0,f,0,0.45,50.0,NONE,f,"{""data_origin"": ""synthetic"", ""reference"": ""Vinhomes Smart City""}"
495,VHSC-U-00495,S2.01-02.16,1,3,2PN,2,2,64.59,75.99,2,LOW,NW,N,CITY_OPEN,f,0.850,12.0,f,0,0.45,50.0,NONE,f,"{""data_origin"": ""synthetic"", ""reference"": ""Vinhomes Smart City""}"
496,VHSC-U-00496,S2.01-09.17,1,3,STUDIO,0,1,28.80,33.88,9,MID,E,N,CITY_OPEN,f,0.850,12.0,f,0,0.05,50.0,NONE,f,"{""data_origin"": ""synthetic"", ""reference"": ""Vinhomes Smart City""}"
497,VHSC-U-00497,S2.01-16.18,1,3,1PN,1,1,44.53,52.39,16,MID,SE,N,CITY_OPEN,f,0.850,12.0,f,0,0.05,50.0,NONE,f,"{""data_origin"": ""synthetic"", ""reference"": ""Vinhomes Smart City""}"
498,VHSC-U-00498,S2.01-23.19,1,3,2PN,2,2,57.46,67.60,23,HIGH,W,N,CITY_OPEN,f,0.850,12.0,f,0,0.80,50.0,NONE,f,"{""data_origin"": ""synthetic"", ""reference"": ""Vinhomes Smart City""}"
499,VHSC-U-00499,S2.01-30.20,1,3,3PN,3,2,86.61,101.89,30,HIGH,N,N,CITY_OPEN,f,0.850,12.0,f,0,0.05,50.0,NONE,f,"{""data_origin"": ""synthetic"", ""reference"": ""Vinhomes Smart City""}"
500,VHSC-U-00500,S2.01-04.21,1,3,STUDIO,0,1,34.89,41.05,4,LOW,NE,N,CITY_OPEN,t,0.850,12.0,f,0,0.05,50.0,NONE,t,"{""data_origin"": ""synthetic"", ""reference"": ""Vinhomes Smart City""}"
501,VHSC-U-00501,S2.01-11.22,1,3,1PN,1,1,40.66,47.84,11,MID,SW,N,CITY_OPEN,f,0.850,12.0,f,0,0.45,50.0,NONE,f,"{""data_origin"": ""synthetic"", ""reference"": ""Vinhomes Smart City""}"
502,VHSC-U-00502,S2.01-18.23,1,3,2PN,2,2,69.69,81.99,18,MID,W,N,CITY_OPEN,f,0.850,12.0,f,0,0.45,50.0,NONE,f,"{""data_origin"": ""synthetic"", ""reference"": ""Vinhomes Smart City""}"
503,VHSC-U-00503,S2.01-25.24,1,3,3PN,3,2,87.64,103.11,25,HIGH,NW,N,CITY_OPEN,f,0.850,12.0,f,0,0.45,50.0,NONE,f,"{""data_origin"": ""synthetic"", ""reference"": ""Vinhomes Smart City""}"
504,VHSC-U-00504,S2.01-32.25,1,3,2PN,2,2,61.50,72.35,32,HIGH,E,N,CITY_OPEN,f,0.850,12.0,f,0,0.05,50.0,NONE,f,"{""data_origin"": ""synthetic"", ""reference"": ""Vinhomes Smart City""}"
505,VHSC-U-00505,S2.01-06.26,1,3,1PN,1,1,39.69,46.69,6,MID,SE,N,CITY_OPEN,f,0.850,12.0,f,0,0.05,50.0,NONE,f,"{""data_origin"": ""synthetic"", ""reference"": ""Vinhomes Smart City""}"
506,VHSC-U-00506,S2.01-13.27,1,3,2PN,2,2,59.69,70.22,13,MID,S,N,CITY_OPEN,f,0.850,12.0,f,0,0.05,50.0,NONE,t,"{""data_origin"": ""synthetic"", ""reference"": ""Vinhomes Smart City""}"
507,VHSC-U-00507,S2.01-20.28,1,3,3PN,3,2,93.22,109.67,20,MID,N,N,CITY_OPEN,f,0.850,12.0,f,0,0.05,50.0,NONE,f,"{""data_origin"": ""synthetic"", ""reference"": ""Vinhomes Smart City""}"
508,VHSC-U-00508,S2.01-27.29,1,3,STUDIO,0,1,29.58,34.80,27,HIGH,NE,N,CITY_OPEN,f,0.850,12.0,f,0,0.05,50.0,NONE,f,"{""data_origin"": ""synthetic"", ""reference"": ""Vinhomes Smart City""}"
509,VHSC-U-00509,S2.01-34.30,1,3,1PN,1,1,38.19,44.93,34,HIGH,SW,N,CITY_OPEN,f,0.850,12.0,f,0,0.45,50.0,NONE,f,"{""data_origin"": ""synthetic"", ""reference"": ""Vinhomes Smart City""}"
510,VHSC-U-00510,S2.01-08.01,1,3,2PN,2,2,59.02,69.44,8,MID,W,N,CITY_OPEN,t,0.850,12.0,f,0,0.45,50.0,NONE,f,"{""data_origin"": ""synthetic"", ""reference"": ""Vinhomes Smart City""}"
511,VHSC-U-00511,S2.01-15.02,1,3,3PN,3,2,89.47,105.26,15,MID,NW,N,CITY_OPEN,f,0.850,12.0,f,0,0.45,50.0,NONE,f,"{""data_origin"": ""synthetic"", ""reference"": ""Vinhomes Smart City""}"
512,VHSC-U-00512,S2.01-22.03,1,3,STUDIO,0,1,33.31,39.19,22,HIGH,E,N,CITY_OPEN,f,0.850,12.0,f,0,0.05,50.0,NONE,f,"{""data_origin"": ""synthetic"", ""reference"": ""Vinhomes Smart City""}"
513,VHSC-U-00513,S2.01-29.04,1,3,1PN,1,1,42.41,49.89,29,HIGH,SE,N,CITY_OPEN,f,0.850,12.0,f,0,0.05,50.0,NONE,f,"{""data_origin"": ""synthetic"", ""reference"": ""Vinhomes Smart City""}"
514,VHSC-U-00514,S2.01-03.05,1,3,2PN,2,2,66.30,78.00,3,LOW,S,N,CITY_OPEN,f,0.850,12.0,f,0,0.05,50.0,NONE,f,"{""data_origin"": ""synthetic"", ""reference"": ""Vinhomes Smart City""}"
515,VHSC-U-00515,S2.01-10.06,1,3,3PN,3,2,88.90,104.59,10,MID,N,N,CITY_OPEN,f,0.850,12.0,f,0,0.05,50.0,NONE,f,"{""data_origin"": ""synthetic"", ""reference"": ""Vinhomes Smart City""}"
516,VHSC-U-00516,S2.01-17.07,1,3,STUDIO,0,1,32.81,38.60,17,MID,NE,N,CITY_OPEN,f,0.850,12.0,f,0,0.05,50.0,NONE,f,"{""data_origin"": ""synthetic"", ""reference"": ""Vinhomes Smart City""}"
517,VHSC-U-00517,S2.01-24.08,1,3,1PN,1,1,47.27,55.61,24,HIGH,SW,N,CITY_OPEN,f,0.850,12.0,f,0,0.45,50.0,NONE,f,"{""data_origin"": ""synthetic"", ""reference"": ""Vinhomes Smart City""}"
518,VHSC-U-00518,S2.01-31.09,1,3,2PN,2,2,56.78,66.80,31,HIGH,W,N,CITY_OPEN,f,0.850,12.0,f,0,0.45,50.0,NONE,f,"{""data_origin"": ""synthetic"", ""reference"": ""Vinhomes Smart City""}"
519,VHSC-U-00519,S2.01-05.10,1,3,3PN,3,2,80.98,95.27,5,LOW,NW,N,CITY_OPEN,f,0.850,12.0,f,0,0.45,50.0,NONE,f,"{""data_origin"": ""synthetic"", ""reference"": ""Vinhomes Smart City""}"
520,VHSC-U-00520,S2.01-12.11,1,3,STUDIO,0,1,28.28,33.27,12,MID,E,N,CITY_OPEN,t,0.850,12.0,f,0,0.05,50.0,NONE,f,"{""data_origin"": ""synthetic"", ""reference"": ""Vinhomes Smart City""}"
521,VHSC-U-00521,S2.01-19.12,1,3,3PN,3,2,94.00,110.59,19,MID,SE,N,CITY_OPEN,f,0.850,12.0,f,0,0.05,50.0,NONE,f,"{""data_origin"": ""synthetic"", ""reference"": ""Vinhomes Smart City""}"
522,VHSC-U-00522,S2.01-26.13,1,3,2PN,2,2,58.23,68.51,26,HIGH,S,N,CITY_OPEN,f,0.850,12.0,f,0,0.05,50.0,NONE,f,"{""data_origin"": ""synthetic"", ""reference"": ""Vinhomes Smart City""}"
523,VHSC-U-00523,S2.01-33.14,1,3,3PN,3,2,80.65,94.88,33,HIGH,N,N,CITY_OPEN,f,0.850,12.0,f,0,0.05,50.0,NONE,f,"{""data_origin"": ""synthetic"", ""reference"": ""Vinhomes Smart City""}"
524,VHSC-U-00524,S2.01-07.15,1,3,STUDIO,0,1,31.34,36.87,7,MID,NE,N,CITY_OPEN,f,0.850,12.0,f,0,0.05,50.0,NONE,t,"{""data_origin"": ""synthetic"", ""reference"": ""Vinhomes Smart City""}"
525,VHSC-U-00525,S2.01-14.16,1,3,1PN,1,1,45.52,53.55,14,MID,SW,N,CITY_OPEN,f,0.850,12.0,f,0,0.45,50.0,NONE,t,"{""data_origin"": ""synthetic"", ""reference"": ""Vinhomes Smart City""}"
526,VHSC-U-00526,S2.01-21.17,1,3,2PN,2,2,63.86,75.13,21,HIGH,W,N,CITY_OPEN,f,0.850,12.0,f,0,0.45,50.0,NONE,f,"{""data_origin"": ""synthetic"", ""reference"": ""Vinhomes Smart City""}"
527,VHSC-U-00527,S2.01-28.18,1,3,3PN,3,2,80.15,94.29,28,HIGH,NW,N,CITY_OPEN,f,0.850,12.0,f,0,0.45,50.0,NONE,f,"{""data_origin"": ""synthetic"", ""reference"": ""Vinhomes Smart City""}"
528,VHSC-U-00528,S2.01-02.19,1,3,STUDIO,0,1,32.68,38.45,2,LOW,E,N,CITY_OPEN,f,0.850,12.0,f,0,0.05,50.0,NONE,f,"{""data_origin"": ""synthetic"", ""reference"": ""Vinhomes Smart City""}"
529,VHSC-U-00529,S2.01-09.20,1,3,1PN,1,1,42.96,50.54,9,MID,SE,N,CITY_OPEN,f,0.850,12.0,f,0,0.05,50.0,NONE,f,"{""data_origin"": ""synthetic"", ""reference"": ""Vinhomes Smart City""}"
530,VHSC-U-00530,S2.01-16.21,1,3,2PN,2,2,65.80,77.41,16,MID,S,N,CITY_OPEN,t,0.850,1.5,f,0,0.05,50.0,NONE,f,"{""data_origin"": ""synthetic"", ""reference"": ""Vinhomes Smart City""}"
531,VHSC-U-00531,S2.01-23.22,1,3,3PN,3,2,83.87,98.67,23,HIGH,N,N,CITY_OPEN,f,0.850,12.0,f,0,0.05,50.0,NONE,f,"{""data_origin"": ""synthetic"", ""reference"": ""Vinhomes Smart City""}"
532,VHSC-U-00532,S2.01-30.23,1,3,STUDIO,0,1,34.30,40.35,30,HIGH,NE,N,CITY_OPEN,f,0.850,12.0,f,0,0.05,50.0,NONE,f,"{""data_origin"": ""synthetic"", ""reference"": ""Vinhomes Smart City""}"
533,VHSC-U-00533,S2.01-04.24,1,3,1PN,1,1,41.68,49.04,4,LOW,SW,N,CITY_OPEN,f,0.850,12.0,f,0,0.45,50.0,NONE,t,"{""data_origin"": ""synthetic"", ""reference"": ""Vinhomes Smart City""}"
534,VHSC-U-00534,S2.01-11.25,1,3,2PN,2,2,59.09,69.52,11,MID,W,N,CITY_OPEN,f,0.850,12.0,f,0,0.45,50.0,NONE,f,"{""data_origin"": ""synthetic"", ""reference"": ""Vinhomes Smart City""}"
535,VHSC-U-00535,S2.01-18.26,1,3,2PN,2,2,66.29,77.99,18,MID,NW,N,CITY_OPEN,f,0.850,12.0,f,0,0.45,50.0,NONE,f,"{""data_origin"": ""synthetic"", ""reference"": ""Vinhomes Smart City""}"
536,VHSC-U-00536,S2.01-25.27,1,3,1PN,1,1,43.09,50.69,25,HIGH,E,N,CITY_OPEN,f,0.850,12.0,f,0,0.05,50.0,NONE,f,"{""data_origin"": ""synthetic"", ""reference"": ""Vinhomes Smart City""}"
537,VHSC-U-00537,S2.01-32.28,1,3,1PN,1,1,45.98,54.09,32,HIGH,SE,N,CITY_OPEN,f,0.850,12.0,f,0,0.05,50.0,NONE,f,"{""data_origin"": ""synthetic"", ""reference"": ""Vinhomes Smart City""}"
538,VHSC-U-00538,S2.01-06.29,1,3,2PN,2,2,67.28,79.15,6,MID,S,N,CITY_OPEN,f,0.850,12.0,f,0,0.05,50.0,NONE,f,"{""data_origin"": ""synthetic"", ""reference"": ""Vinhomes Smart City""}"
539,VHSC-U-00539,S2.01-13.30,1,3,3PN,3,2,93.05,109.47,13,MID,N,N,CITY_OPEN,f,0.850,12.0,f,0,0.05,50.0,NONE,t,"{""data_origin"": ""synthetic"", ""reference"": ""Vinhomes Smart City""}"
540,VHSC-U-00540,S2.01-20.01,1,3,2PN,2,2,60.04,70.64,20,MID,NE,N,CITY_OPEN,t,0.850,12.0,f,0,0.05,50.0,NONE,f,"{""data_origin"": ""synthetic"", ""reference"": ""Vinhomes Smart City""}"
541,VHSC-U-00541,S2.01-27.02,1,3,1PN,1,1,47.10,55.41,27,HIGH,SW,N,CITY_OPEN,f,0.850,12.0,f,0,0.45,50.0,NONE,f,"{""data_origin"": ""synthetic"", ""reference"": ""Vinhomes Smart City""}"
542,VHSC-U-00542,S2.01-34.03,1,3,2PN,2,2,60.79,71.52,34,HIGH,W,N,CITY_OPEN,f,0.850,12.0,f,0,0.45,50.0,NONE,f,"{""data_origin"": ""synthetic"", ""reference"": ""Vinhomes Smart City""}"
543,VHSC-U-00543,S2.01-08.04,1,3,3PN,3,2,94.47,111.14,8,MID,NW,N,CITY_OPEN,f,0.850,12.0,f,0,0.45,50.0,NONE,f,"{""data_origin"": ""synthetic"", ""reference"": ""Vinhomes Smart City""}"
544,VHSC-U-00544,S2.01-15.05,1,3,STUDIO,0,1,31.39,36.93,15,MID,E,N,CITY_OPEN,f,0.850,12.0,f,0,0.05,50.0,NONE,f,"{""data_origin"": ""synthetic"", ""reference"": ""Vinhomes Smart City""}"
545,VHSC-U-00545,S2.01-22.06,1,3,1PN,1,1,41.30,48.59,22,HIGH,SE,N,CITY_OPEN,f,0.850,12.0,f,0,0.05,50.0,NONE,f,"{""data_origin"": ""synthetic"", ""reference"": ""Vinhomes Smart City""}"
546,VHSC-U-00546,S2.01-29.07,1,3,2PN,2,2,60.50,71.18,29,HIGH,S,N,CITY_OPEN,f,0.850,12.0,f,0,0.05,50.0,NONE,f,"{""data_origin"": ""synthetic"", ""reference"": ""Vinhomes Smart City""}"
547,VHSC-U-00547,S2.01-03.08,1,3,3PN,3,2,91.31,107.42,3,LOW,N,N,CITY_OPEN,f,0.850,12.0,f,0,0.05,50.0,NONE,f,"{""data_origin"": ""synthetic"", ""reference"": ""Vinhomes Smart City""}"
548,VHSC-U-00548,S2.01-10.09,1,3,STUDIO,0,1,32.52,38.26,10,MID,NE,N,CITY_OPEN,f,0.850,12.0,f,0,0.05,50.0,NONE,f,"{""data_origin"": ""synthetic"", ""reference"": ""Vinhomes Smart City""}"
549,VHSC-U-00549,S2.01-17.10,1,3,1PN,1,1,44.20,52.00,17,MID,SW,N,CITY_OPEN,f,0.850,12.0,f,0,0.45,50.0,NONE,f,"{""data_origin"": ""synthetic"", ""reference"": ""Vinhomes Smart City""}"
550,VHSC-U-00550,S2.01-24.11,1,3,2PN,2,2,60.83,71.56,24,HIGH,W,N,CITY_OPEN,t,0.850,12.0,f,0,0.45,50.0,NONE,f,"{""data_origin"": ""synthetic"", ""reference"": ""Vinhomes Smart City""}"
551,VHSC-U-00551,S2.01-31.12,1,3,3PN,3,2,87.74,103.22,31,HIGH,NW,N,CITY_OPEN,f,0.850,12.0,f,0,0.45,50.0,NONE,f,"{""data_origin"": ""synthetic"", ""reference"": ""Vinhomes Smart City""}"
552,VHSC-U-00552,S2.01-05.13,1,3,STUDIO,0,1,33.47,39.38,5,LOW,E,N,CITY_OPEN,f,0.850,12.0,f,0,0.05,50.0,NONE,f,"{""data_origin"": ""synthetic"", ""reference"": ""Vinhomes Smart City""}"
553,VHSC-U-00553,S2.01-12.14,1,3,1PN,1,1,46.67,54.91,12,MID,SE,N,CITY_OPEN,f,0.850,12.0,f,0,0.05,50.0,NONE,f,"{""data_origin"": ""synthetic"", ""reference"": ""Vinhomes Smart City""}"
554,VHSC-U-00554,S2.01-19.15,1,3,2PN,2,2,63.01,74.13,19,MID,W,N,CITY_OPEN,f,0.850,12.0,f,0,0.80,50.0,NONE,f,"{""data_origin"": ""synthetic"", ""reference"": ""Vinhomes Smart City""}"
555,VHSC-U-00555,S2.01-26.16,1,3,3PN,3,2,94.47,111.14,26,HIGH,N,N,CITY_OPEN,f,0.850,12.0,f,0,0.05,50.0,NONE,f,"{""data_origin"": ""synthetic"", ""reference"": ""Vinhomes Smart City""}"
556,VHSC-U-00556,S2.01-33.17,1,3,STUDIO,0,1,30.57,35.96,33,HIGH,NE,N,CITY_OPEN,f,0.850,12.0,f,0,0.05,50.0,NONE,f,"{""data_origin"": ""synthetic"", ""reference"": ""Vinhomes Smart City""}"
557,VHSC-U-00557,S2.01-07.18,1,3,1PN,1,1,41.94,49.34,7,MID,SW,N,CITY_OPEN,f,0.850,12.0,f,0,0.45,50.0,NONE,t,"{""data_origin"": ""synthetic"", ""reference"": ""Vinhomes Smart City""}"
558,VHSC-U-00558,S2.01-14.19,1,3,2PN,2,2,56.13,66.04,14,MID,W,N,CITY_OPEN,f,0.850,12.0,f,0,0.45,50.0,NONE,t,"{""data_origin"": ""synthetic"", ""reference"": ""Vinhomes Smart City""}"
559,VHSC-U-00559,S2.01-21.20,1,3,3PN,3,2,87.36,102.78,21,HIGH,NW,N,CITY_OPEN,f,0.850,12.0,f,0,0.45,50.0,NONE,f,"{""data_origin"": ""synthetic"", ""reference"": ""Vinhomes Smart City""}"
560,VHSC-U-00560,S2.01-28.21,1,3,STUDIO,0,1,33.57,39.49,28,HIGH,E,N,CITY_OPEN,t,0.850,12.0,f,0,0.05,50.0,NONE,f,"{""data_origin"": ""synthetic"", ""reference"": ""Vinhomes Smart City""}"
561,VHSC-U-00561,S2.01-02.22,1,3,1PN,1,1,39.30,46.24,2,LOW,SE,N,CITY_OPEN,f,0.850,12.0,f,0,0.05,50.0,NONE,f,"{""data_origin"": ""synthetic"", ""reference"": ""Vinhomes Smart City""}"
562,VHSC-U-00562,S2.01-09.23,1,3,2PN,2,2,68.76,80.89,9,MID,S,N,CITY_OPEN,f,0.850,12.0,f,0,0.05,50.0,NONE,f,"{""data_origin"": ""synthetic"", ""reference"": ""Vinhomes Smart City""}"
563,VHSC-U-00563,S2.01-16.24,1,3,3PN,3,2,89.35,105.12,16,MID,N,N,CITY_OPEN,f,0.850,12.0,f,0,0.05,50.0,NONE,f,"{""data_origin"": ""synthetic"", ""reference"": ""Vinhomes Smart City""}"
564,VHSC-U-00564,S2.01-23.25,1,3,STUDIO,0,1,29.33,34.51,23,HIGH,NE,N,CITY_OPEN,f,0.850,12.0,f,0,0.05,50.0,NONE,f,"{""data_origin"": ""synthetic"", ""reference"": ""Vinhomes Smart City""}"
565,VHSC-U-00565,S2.01-30.26,1,3,1PN,1,1,38.28,45.04,30,HIGH,SW,N,CITY_OPEN,f,0.850,12.0,f,0,0.45,50.0,NONE,f,"{""data_origin"": ""synthetic"", ""reference"": ""Vinhomes Smart City""}"
566,VHSC-U-00566,S2.01-04.27,1,3,2PN,2,2,58.80,69.18,4,LOW,W,N,CITY_OPEN,f,0.850,12.0,f,0,0.45,50.0,NONE,t,"{""data_origin"": ""synthetic"", ""reference"": ""Vinhomes Smart City""}"
567,VHSC-U-00567,S2.01-11.28,1,3,3PN,3,2,83.65,98.41,11,MID,NW,N,CITY_OPEN,f,0.850,12.0,f,0,0.45,50.0,NONE,f,"{""data_origin"": ""synthetic"", ""reference"": ""Vinhomes Smart City""}"
568,VHSC-U-00568,S2.01-18.29,1,3,STUDIO,0,1,33.92,39.91,18,MID,E,N,CITY_OPEN,f,0.850,12.0,f,0,0.05,50.0,NONE,f,"{""data_origin"": ""synthetic"", ""reference"": ""Vinhomes Smart City""}"
569,VHSC-U-00569,S2.01-25.30,1,3,2PN,2,2,62.63,73.68,25,HIGH,W,N,CITY_OPEN,f,0.850,12.0,f,0,0.80,50.0,NONE,f,"{""data_origin"": ""synthetic"", ""reference"": ""Vinhomes Smart City""}"
570,VHSC-U-00570,S2.01-32.01,1,3,2PN,2,2,59.95,70.53,32,HIGH,S,N,CITY_OPEN,t,0.850,12.0,f,0,0.05,50.0,NONE,f,"{""data_origin"": ""synthetic"", ""reference"": ""Vinhomes Smart City""}"
571,VHSC-U-00571,S2.01-06.02,1,3,3PN,3,2,91.22,107.32,6,MID,N,N,CITY_OPEN,f,0.850,12.0,f,0,0.05,50.0,NONE,f,"{""data_origin"": ""synthetic"", ""reference"": ""Vinhomes Smart City""}"
572,VHSC-U-00572,S2.01-13.03,1,3,STUDIO,0,1,30.60,36.00,13,MID,NE,N,CITY_OPEN,f,0.850,12.0,f,0,0.05,50.0,NONE,t,"{""data_origin"": ""synthetic"", ""reference"": ""Vinhomes Smart City""}"
573,VHSC-U-00573,S2.01-20.04,1,3,1PN,1,1,46.39,54.58,20,MID,SW,N,CITY_OPEN,f,0.850,12.0,f,0,0.45,50.0,NONE,f,"{""data_origin"": ""synthetic"", ""reference"": ""Vinhomes Smart City""}"
574,VHSC-U-00574,S2.01-27.05,1,3,2PN,2,2,63.76,75.01,27,HIGH,W,N,CITY_OPEN,f,0.850,12.0,f,0,0.45,50.0,NONE,f,"{""data_origin"": ""synthetic"", ""reference"": ""Vinhomes Smart City""}"
575,VHSC-U-00575,S2.01-34.06,1,3,3PN,3,2,88.69,104.34,34,HIGH,NW,N,CITY_OPEN,f,0.850,12.0,f,0,0.45,50.0,NONE,f,"{""data_origin"": ""synthetic"", ""reference"": ""Vinhomes Smart City""}"
576,VHSC-U-00576,S2.01-08.07,1,3,STUDIO,0,1,31.77,37.38,8,MID,E,N,CITY_OPEN,f,0.850,12.0,f,0,0.05,50.0,NONE,f,"{""data_origin"": ""synthetic"", ""reference"": ""Vinhomes Smart City""}"
577,VHSC-U-00577,S2.01-15.08,1,3,1PN,1,1,44.42,52.26,15,MID,SE,N,CITY_OPEN,f,0.850,12.0,f,0,0.05,50.0,NONE,f,"{""data_origin"": ""synthetic"", ""reference"": ""Vinhomes Smart City""}"
578,VHSC-U-00578,S2.01-22.09,1,3,2PN,2,2,64.83,76.27,22,HIGH,S,N,CITY_OPEN,f,0.850,12.0,f,0,0.05,50.0,NONE,f,"{""data_origin"": ""synthetic"", ""reference"": ""Vinhomes Smart City""}"
579,VHSC-U-00579,S2.01-29.10,1,3,3PN,3,2,80.77,95.02,29,HIGH,N,N,CITY_OPEN,f,0.850,12.0,f,0,0.05,50.0,NONE,f,"{""data_origin"": ""synthetic"", ""reference"": ""Vinhomes Smart City""}"
580,VHSC-U-00580,S2.01-03.11,1,3,STUDIO,0,1,28.07,33.02,3,LOW,NE,N,CITY_OPEN,t,0.850,12.0,f,0,0.05,50.0,NONE,f,"{""data_origin"": ""synthetic"", ""reference"": ""Vinhomes Smart City""}"
581,VHSC-U-00581,S2.01-10.12,1,3,1PN,1,1,42.93,50.51,10,MID,SW,N,CITY_OPEN,f,0.850,12.0,f,0,0.45,50.0,NONE,f,"{""data_origin"": ""synthetic"", ""reference"": ""Vinhomes Smart City""}"
582,VHSC-U-00582,S2.01-17.13,1,3,2PN,2,2,66.04,77.69,17,MID,W,N,CITY_OPEN,f,0.850,12.0,f,0,0.45,50.0,NONE,f,"{""data_origin"": ""synthetic"", ""reference"": ""Vinhomes Smart City""}"
583,VHSC-U-00583,S2.01-24.14,1,3,3PN,3,2,91.00,107.06,24,HIGH,NW,N,CITY_OPEN,f,0.850,12.0,f,0,0.45,50.0,NONE,f,"{""data_origin"": ""synthetic"", ""reference"": ""Vinhomes Smart City""}"
584,VHSC-U-00584,S2.01-31.15,1,3,STUDIO,0,1,30.29,35.64,31,HIGH,E,N,CITY_OPEN,f,0.850,12.0,f,0,0.05,50.0,NONE,f,"{""data_origin"": ""synthetic"", ""reference"": ""Vinhomes Smart City""}"
585,VHSC-U-00585,S2.01-05.16,1,3,1PN,1,1,45.69,53.75,5,LOW,SE,N,CITY_OPEN,f,0.850,12.0,f,0,0.05,50.0,NONE,f,"{""data_origin"": ""synthetic"", ""reference"": ""Vinhomes Smart City""}"
586,VHSC-U-00586,S2.01-12.17,1,3,3PN,3,2,94.00,110.59,12,MID,S,N,CITY_OPEN,f,0.850,12.0,f,0,0.05,50.0,NONE,f,"{""data_origin"": ""synthetic"", ""reference"": ""Vinhomes Smart City""}"
587,VHSC-U-00587,S2.01-19.18,1,3,3PN,3,2,83.13,97.80,19,MID,N,N,CITY_OPEN,f,0.850,12.0,f,0,0.05,50.0,NONE,f,"{""data_origin"": ""synthetic"", ""reference"": ""Vinhomes Smart City""}"
588,VHSC-U-00588,S2.01-26.19,1,3,STUDIO,0,1,29.29,34.46,26,HIGH,NE,N,CITY_OPEN,f,0.850,12.0,f,0,0.05,50.0,NONE,f,"{""data_origin"": ""synthetic"", ""reference"": ""Vinhomes Smart City""}"
589,VHSC-U-00589,S2.01-33.20,1,3,1PN,1,1,38.19,44.93,33,HIGH,SW,N,CITY_OPEN,f,0.850,12.0,f,0,0.45,50.0,NONE,f,"{""data_origin"": ""synthetic"", ""reference"": ""Vinhomes Smart City""}"
590,VHSC-U-00590,S2.01-07.21,1,3,2PN,2,2,67.25,79.12,7,MID,W,N,CITY_OPEN,t,0.850,12.0,f,0,0.45,50.0,NONE,t,"{""data_origin"": ""synthetic"", ""reference"": ""Vinhomes Smart City""}"
591,VHSC-U-00591,S2.01-14.22,1,3,3PN,3,2,94.48,111.15,14,MID,NW,N,CITY_OPEN,f,0.850,12.0,f,0,0.45,50.0,NONE,t,"{""data_origin"": ""synthetic"", ""reference"": ""Vinhomes Smart City""}"
592,VHSC-U-00592,S2.01-21.23,1,3,STUDIO,0,1,31.98,37.62,21,HIGH,E,N,CITY_OPEN,f,0.850,12.0,f,0,0.05,50.0,NONE,f,"{""data_origin"": ""synthetic"", ""reference"": ""Vinhomes Smart City""}"
593,VHSC-U-00593,S2.01-28.24,1,3,1PN,1,1,42.33,49.80,28,HIGH,SE,N,CITY_OPEN,f,0.850,12.0,f,0,0.05,50.0,NONE,f,"{""data_origin"": ""synthetic"", ""reference"": ""Vinhomes Smart City""}"
594,VHSC-U-00594,S2.01-02.25,1,3,2PN,2,2,57.14,67.22,2,LOW,S,N,CITY_OPEN,f,0.850,12.0,f,0,0.05,50.0,NONE,f,"{""data_origin"": ""synthetic"", ""reference"": ""Vinhomes Smart City""}"
595,VHSC-U-00595,S2.01-09.26,1,3,3PN,3,2,89.20,104.94,9,MID,N,N,CITY_OPEN,f,0.850,12.0,f,0,0.05,50.0,NONE,f,"{""data_origin"": ""synthetic"", ""reference"": ""Vinhomes Smart City""}"
596,VHSC-U-00596,S2.01-16.27,1,3,STUDIO,0,1,33.36,39.25,16,MID,NE,N,CITY_OPEN,f,0.850,12.0,f,0,0.05,50.0,NONE,f,"{""data_origin"": ""synthetic"", ""reference"": ""Vinhomes Smart City""}"
597,VHSC-U-00597,S2.01-23.28,1,3,1PN,1,1,41.13,48.39,23,HIGH,SW,N,CITY_OPEN,f,0.850,12.0,f,0,0.45,50.0,NONE,f,"{""data_origin"": ""synthetic"", ""reference"": ""Vinhomes Smart City""}"
598,VHSC-U-00598,S2.01-30.29,1,3,2PN,2,2,56.68,66.68,30,HIGH,W,N,CITY_OPEN,f,0.850,12.0,f,0,0.45,50.0,NONE,f,"{""data_origin"": ""synthetic"", ""reference"": ""Vinhomes Smart City""}"
599,VHSC-U-00599,S2.01-04.30,1,3,3PN,3,2,83.62,98.38,4,LOW,NW,N,CITY_OPEN,f,0.850,12.0,f,0,0.45,50.0,NONE,t,"{""data_origin"": ""synthetic"", ""reference"": ""Vinhomes Smart City""}"
600,VHSC-U-00600,S2.01-11.01,1,3,STUDIO,0,1,34.75,40.88,11,MID,E,N,CITY_OPEN,t,0.850,12.0,f,0,0.05,50.0,NONE,f,"{""data_origin"": ""synthetic"", ""reference"": ""Vinhomes Smart City""}"
601,VHSC-U-00601,S2.02-18.02,1,4,1PN,1,1,43.17,50.79,18,MID,SE,N,CITY_OPEN,f,0.850,12.0,f,0,0.05,50.0,NONE,f,"{""data_origin"": ""synthetic"", ""reference"": ""Vinhomes Smart City""}"
602,VHSC-U-00602,S2.02-25.03,1,4,2PN,2,2,67.30,79.18,25,HIGH,S,N,CITY_OPEN,f,0.850,12.0,f,0,0.05,50.0,NONE,f,"{""data_origin"": ""synthetic"", ""reference"": ""Vinhomes Smart City""}"
603,VHSC-U-00603,S2.02-32.04,1,4,3PN,3,2,81.17,95.49,32,HIGH,N,N,CITY_OPEN,f,0.850,12.0,f,0,0.05,50.0,NONE,f,"{""data_origin"": ""synthetic"", ""reference"": ""Vinhomes Smart City""}"
604,VHSC-U-00604,S2.02-06.05,1,4,STUDIO,0,1,31.79,37.40,6,MID,NE,N,CITY_OPEN,f,0.850,12.0,f,0,0.05,50.0,NONE,f,"{""data_origin"": ""synthetic"", ""reference"": ""Vinhomes Smart City""}"
605,VHSC-U-00605,S2.02-13.06,1,4,1PN,1,1,39.49,46.46,13,MID,SW,N,CITY_OPEN,f,0.850,12.0,f,0,0.45,50.0,NONE,t,"{""data_origin"": ""synthetic"", ""reference"": ""Vinhomes Smart City""}"
606,VHSC-U-00606,S2.02-20.07,1,4,2PN,2,2,67.75,79.71,20,MID,W,N,CITY_OPEN,f,0.850,12.0,f,0,0.45,50.0,NONE,f,"{""data_origin"": ""synthetic"", ""reference"": ""Vinhomes Smart City""}"
607,VHSC-U-00607,S2.02-27.08,1,4,3PN,3,2,85.34,100.40,27,HIGH,NW,N,CITY_OPEN,f,0.850,12.0,f,0,0.45,50.0,NONE,f,"{""data_origin"": ""synthetic"", ""reference"": ""Vinhomes Smart City""}"
608,VHSC-U-00608,S2.02-34.09,1,4,STUDIO,0,1,33.03,38.86,34,HIGH,E,N,CITY_OPEN,f,0.850,12.0,f,0,0.05,50.0,NONE,f,"{""data_origin"": ""synthetic"", ""reference"": ""Vinhomes Smart City""}"
609,VHSC-U-00609,S2.02-08.10,1,4,1PN,1,1,42.27,49.73,8,MID,SE,N,CITY_OPEN,f,0.850,12.0,f,0,0.05,50.0,NONE,f,"{""data_origin"": ""synthetic"", ""reference"": ""Vinhomes Smart City""}"
610,VHSC-U-00610,S2.02-15.11,1,4,2PN,2,2,58.17,68.44,15,MID,S,N,CITY_OPEN,t,0.850,12.0,f,0,0.05,50.0,NONE,f,"{""data_origin"": ""synthetic"", ""reference"": ""Vinhomes Smart City""}"
611,VHSC-U-00611,S2.02-22.12,1,4,3PN,3,2,83.88,98.68,22,HIGH,N,N,CITY_OPEN,f,0.850,12.0,f,0,0.05,50.0,NONE,f,"{""data_origin"": ""synthetic"", ""reference"": ""Vinhomes Smart City""}"
612,VHSC-U-00612,S2.02-29.13,1,4,STUDIO,0,1,30.73,36.15,29,HIGH,NE,N,CITY_OPEN,f,0.850,12.0,f,0,0.05,50.0,NONE,f,"{""data_origin"": ""synthetic"", ""reference"": ""Vinhomes Smart City""}"
613,VHSC-U-00613,S2.02-03.14,1,4,1PN,1,1,42.49,49.99,3,LOW,SW,N,CITY_OPEN,f,0.850,12.0,f,0,0.45,50.0,NONE,f,"{""data_origin"": ""synthetic"", ""reference"": ""Vinhomes Smart City""}"
614,VHSC-U-00614,S2.02-10.15,1,4,2PN,2,2,66.56,78.31,10,MID,W,N,CITY_OPEN,f,0.850,12.0,f,0,0.45,50.0,NONE,f,"{""data_origin"": ""synthetic"", ""reference"": ""Vinhomes Smart City""}"
615,VHSC-U-00615,S2.02-17.16,1,4,3PN,3,2,94.00,110.59,17,MID,NW,N,CITY_OPEN,f,0.850,12.0,f,0,0.45,50.0,NONE,f,"{""data_origin"": ""synthetic"", ""reference"": ""Vinhomes Smart City""}"
616,VHSC-U-00616,S2.02-24.17,1,4,2PN,2,2,66.35,78.06,24,HIGH,E,N,CITY_OPEN,f,0.850,12.0,f,0,0.05,50.0,NONE,f,"{""data_origin"": ""synthetic"", ""reference"": ""Vinhomes Smart City""}"
617,VHSC-U-00617,S2.02-31.18,1,4,1PN,1,1,44.54,52.40,31,HIGH,SE,N,CITY_OPEN,f,0.850,12.0,f,0,0.05,50.0,NONE,f,"{""data_origin"": ""synthetic"", ""reference"": ""Vinhomes Smart City""}"
618,VHSC-U-00618,S2.02-05.19,1,4,2PN,2,2,64.05,75.35,5,LOW,S,N,CITY_OPEN,f,0.850,12.0,f,0,0.05,50.0,NONE,f,"{""data_origin"": ""synthetic"", ""reference"": ""Vinhomes Smart City""}"
619,VHSC-U-00619,S2.02-12.20,1,4,3PN,3,2,93.95,110.53,12,MID,N,N,CITY_OPEN,f,0.850,12.0,f,0,0.05,50.0,NONE,f,"{""data_origin"": ""synthetic"", ""reference"": ""Vinhomes Smart City""}"
620,VHSC-U-00620,S2.02-19.21,1,4,STUDIO,0,1,29.64,34.87,19,MID,NE,N,CITY_OPEN,t,0.850,12.0,f,0,0.05,50.0,NONE,f,"{""data_origin"": ""synthetic"", ""reference"": ""Vinhomes Smart City""}"
621,VHSC-U-00621,S2.02-26.22,1,4,1PN,1,1,44.05,51.82,26,HIGH,SW,N,CITY_OPEN,f,0.850,12.0,f,0,0.45,50.0,NONE,f,"{""data_origin"": ""synthetic"", ""reference"": ""Vinhomes Smart City""}"
622,VHSC-U-00622,S2.02-33.23,1,4,2PN,2,2,65.19,76.69,33,HIGH,W,N,CITY_OPEN,f,0.850,12.0,f,0,0.45,50.0,NONE,f,"{""data_origin"": ""synthetic"", ""reference"": ""Vinhomes Smart City""}"
623,VHSC-U-00623,S2.02-07.24,1,4,3PN,3,2,90.16,106.07,7,MID,NW,N,CITY_OPEN,f,0.850,12.0,f,0,0.45,50.0,NONE,t,"{""data_origin"": ""synthetic"", ""reference"": ""Vinhomes Smart City""}"
624,VHSC-U-00624,S2.02-14.25,1,4,STUDIO,0,1,29.20,34.35,14,MID,E,N,CITY_OPEN,f,0.850,12.0,f,0,0.05,50.0,NONE,t,"{""data_origin"": ""synthetic"", ""reference"": ""Vinhomes Smart City""}"
625,VHSC-U-00625,S2.02-21.26,1,4,1PN,1,1,44.61,52.48,21,HIGH,SE,N,CITY_OPEN,f,0.850,12.0,f,0,0.05,50.0,NONE,f,"{""data_origin"": ""synthetic"", ""reference"": ""Vinhomes Smart City""}"
626,VHSC-U-00626,S2.02-28.27,1,4,2PN,2,2,62.62,73.67,28,HIGH,S,N,CITY_OPEN,f,0.850,12.0,f,0,0.05,50.0,NONE,f,"{""data_origin"": ""synthetic"", ""reference"": ""Vinhomes Smart City""}"
627,VHSC-U-00627,S2.02-02.28,1,4,3PN,3,2,87.51,102.95,2,LOW,N,N,CITY_OPEN,f,0.850,12.0,f,0,0.05,50.0,NONE,f,"{""data_origin"": ""synthetic"", ""reference"": ""Vinhomes Smart City""}"
628,VHSC-U-00628,S2.02-09.29,1,4,STUDIO,0,1,29.87,35.14,9,MID,NE,N,CITY_OPEN,f,0.850,12.0,f,0,0.05,50.0,NONE,f,"{""data_origin"": ""synthetic"", ""reference"": ""Vinhomes Smart City""}"
629,VHSC-U-00629,S2.02-16.30,1,4,1PN,1,1,39.71,46.72,16,MID,SW,N,CITY_OPEN,f,0.850,12.0,f,0,0.45,50.0,NONE,f,"{""data_origin"": ""synthetic"", ""reference"": ""Vinhomes Smart City""}"
630,VHSC-U-00630,S2.02-23.01,1,4,2PN,2,2,67.55,79.47,23,HIGH,W,N,CITY_OPEN,t,0.850,12.0,f,0,0.45,50.0,NONE,f,"{""data_origin"": ""synthetic"", ""reference"": ""Vinhomes Smart City""}"
631,VHSC-U-00631,S2.02-30.02,1,4,3PN,3,2,81.31,95.66,30,HIGH,NW,N,CITY_OPEN,f,0.850,12.0,f,0,0.45,50.0,NONE,f,"{""data_origin"": ""synthetic"", ""reference"": ""Vinhomes Smart City""}"
632,VHSC-U-00632,S2.02-04.03,1,4,STUDIO,0,1,32.71,38.48,4,LOW,E,N,CITY_OPEN,f,0.850,12.0,f,0,0.05,50.0,NONE,t,"{""data_origin"": ""synthetic"", ""reference"": ""Vinhomes Smart City""}"
633,VHSC-U-00633,S2.02-11.04,1,4,1PN,1,1,47.55,55.94,11,MID,SE,N,CITY_OPEN,f,0.850,12.0,f,0,0.05,50.0,NONE,f,"{""data_origin"": ""synthetic"", ""reference"": ""Vinhomes Smart City""}"
634,VHSC-U-00634,S2.02-18.05,1,4,2PN,2,2,61.53,72.39,18,MID,S,N,CITY_OPEN,f,0.850,12.0,f,0,0.05,50.0,NONE,f,"{""data_origin"": ""synthetic"", ""reference"": ""Vinhomes Smart City""}"
635,VHSC-U-00635,S2.02-25.06,1,4,3PN,3,2,89.39,105.16,25,HIGH,N,N,CITY_OPEN,f,0.850,12.0,f,0,0.05,50.0,NONE,f,"{""data_origin"": ""synthetic"", ""reference"": ""Vinhomes Smart City""}"
636,VHSC-U-00636,S2.02-32.07,1,4,2PN,2,2,55.80,65.65,32,HIGH,NE,N,CITY_OPEN,f,0.850,1.5,f,0,0.05,50.0,NONE,f,"{""data_origin"": ""synthetic"", ""reference"": ""Vinhomes Smart City""}"
637,VHSC-U-00637,S2.02-06.08,1,4,1PN,1,1,38.68,45.51,6,MID,SW,N,CITY_OPEN,f,0.850,12.0,f,0,0.45,50.0,NONE,f,"{""data_origin"": ""synthetic"", ""reference"": ""Vinhomes Smart City""}"
638,VHSC-U-00638,S2.02-13.09,1,4,2PN,2,2,60.55,71.24,13,MID,W,N,CITY_OPEN,f,0.850,12.0,f,0,0.45,50.0,NONE,t,"{""data_origin"": ""synthetic"", ""reference"": ""Vinhomes Smart City""}"
639,VHSC-U-00639,S2.02-20.10,1,4,3PN,3,2,84.24,99.11,20,MID,NW,N,CITY_OPEN,f,0.850,12.0,f,0,0.45,50.0,NONE,f,"{""data_origin"": ""synthetic"", ""reference"": ""Vinhomes Smart City""}"
640,VHSC-U-00640,S2.02-27.11,1,4,STUDIO,0,1,32.40,38.12,27,HIGH,E,N,CITY_OPEN,t,0.850,12.0,f,0,0.05,50.0,NONE,f,"{""data_origin"": ""synthetic"", ""reference"": ""Vinhomes Smart City""}"
641,VHSC-U-00641,S2.02-34.12,1,4,1PN,1,1,46.03,54.15,34,HIGH,SE,N,CITY_OPEN,f,0.850,12.0,f,0,0.05,50.0,NONE,f,"{""data_origin"": ""synthetic"", ""reference"": ""Vinhomes Smart City""}"
642,VHSC-U-00642,S2.02-08.13,1,4,1PN,1,1,39.94,46.99,8,MID,S,N,CITY_OPEN,f,0.850,12.0,f,0,0.05,50.0,NONE,f,"{""data_origin"": ""synthetic"", ""reference"": ""Vinhomes Smart City""}"
643,VHSC-U-00643,S2.02-15.14,1,4,3PN,3,2,82.46,97.01,15,MID,N,N,CITY_OPEN,f,0.850,12.0,f,0,0.05,50.0,NONE,f,"{""data_origin"": ""synthetic"", ""reference"": ""Vinhomes Smart City""}"
644,VHSC-U-00644,S2.02-22.15,1,4,STUDIO,0,1,30.83,36.27,22,HIGH,NE,N,CITY_OPEN,f,0.850,12.0,f,0,0.05,50.0,NONE,f,"{""data_origin"": ""synthetic"", ""reference"": ""Vinhomes Smart City""}"
645,VHSC-U-00645,S2.02-29.16,1,4,1PN,1,1,42.59,50.11,29,HIGH,SW,N,CITY_OPEN,f,0.850,12.0,f,0,0.45,50.0,NONE,f,"{""data_origin"": ""synthetic"", ""reference"": ""Vinhomes Smart City""}"
646,VHSC-U-00646,S2.02-03.17,1,4,2PN,2,2,57.94,68.16,3,LOW,W,N,CITY_OPEN,f,0.850,12.0,f,0,0.45,50.0,NONE,f,"{""data_origin"": ""synthetic"", ""reference"": ""Vinhomes Smart City""}"
647,VHSC-U-00647,S2.02-10.18,1,4,3PN,3,2,89.30,105.06,10,MID,NW,N,CITY_OPEN,f,0.850,12.0,f,0,0.45,50.0,NONE,f,"{""data_origin"": ""synthetic"", ""reference"": ""Vinhomes Smart City""}"
648,VHSC-U-00648,S2.02-17.19,1,4,STUDIO,0,1,32.34,38.05,17,MID,E,N,CITY_OPEN,f,0.850,12.0,f,0,0.05,50.0,NONE,f,"{""data_origin"": ""synthetic"", ""reference"": ""Vinhomes Smart City""}"
649,VHSC-U-00649,S2.02-24.20,1,4,1PN,1,1,47.61,56.01,24,HIGH,SE,N,CITY_OPEN,f,0.850,12.0,f,0,0.05,50.0,NONE,f,"{""data_origin"": ""synthetic"", ""reference"": ""Vinhomes Smart City""}"
650,VHSC-U-00650,S2.02-31.21,1,4,2PN,2,2,56.97,67.02,31,HIGH,S,N,CITY_OPEN,t,0.850,12.0,f,0,0.05,50.0,NONE,f,"{""data_origin"": ""synthetic"", ""reference"": ""Vinhomes Smart City""}"
651,VHSC-U-00651,S2.02-05.22,1,4,3PN,3,2,85.10,100.12,5,LOW,N,N,CITY_OPEN,f,0.850,12.0,f,0,0.05,50.0,NONE,f,"{""data_origin"": ""synthetic"", ""reference"": ""Vinhomes Smart City""}"
652,VHSC-U-00652,S2.02-12.23,1,4,STUDIO,0,1,33.31,39.19,12,MID,NE,N,CITY_OPEN,f,0.850,12.0,f,0,0.05,50.0,NONE,f,"{""data_origin"": ""synthetic"", ""reference"": ""Vinhomes Smart City""}"
653,VHSC-U-00653,S2.02-19.24,1,4,1PN,1,1,39.17,46.08,19,MID,SW,N,CITY_OPEN,f,0.850,12.0,f,0,0.45,50.0,NONE,f,"{""data_origin"": ""synthetic"", ""reference"": ""Vinhomes Smart City""}"
654,VHSC-U-00654,S2.02-26.25,1,4,2PN,2,2,69.29,81.52,26,HIGH,W,N,CITY_OPEN,f,0.850,12.0,f,0,0.45,50.0,NONE,f,"{""data_origin"": ""synthetic"", ""reference"": ""Vinhomes Smart City""}"
655,VHSC-U-00655,S2.02-33.26,1,4,3PN,3,2,88.10,103.65,33,HIGH,NW,N,CITY_OPEN,f,0.850,12.0,f,0,0.45,50.0,NONE,f,"{""data_origin"": ""synthetic"", ""reference"": ""Vinhomes Smart City""}"
656,VHSC-U-00656,S2.02-07.27,1,4,STUDIO,0,1,33.79,39.75,7,MID,E,N,CITY_OPEN,f,0.850,12.0,f,0,0.05,50.0,NONE,t,"{""data_origin"": ""synthetic"", ""reference"": ""Vinhomes Smart City""}"
657,VHSC-U-00657,S2.02-14.28,1,4,1PN,1,1,44.02,51.79,14,MID,SE,N,CITY_OPEN,f,0.850,12.0,f,0,0.05,50.0,NONE,t,"{""data_origin"": ""synthetic"", ""reference"": ""Vinhomes Smart City""}"
658,VHSC-U-00658,S2.02-21.29,1,4,2PN,2,2,65.90,77.53,21,HIGH,S,N,CITY_OPEN,f,0.850,12.0,f,0,0.05,50.0,NONE,f,"{""data_origin"": ""synthetic"", ""reference"": ""Vinhomes Smart City""}"
659,VHSC-U-00659,S2.02-28.30,1,4,3PN,3,2,92.19,108.46,28,HIGH,N,N,CITY_OPEN,f,0.850,12.0,f,0,0.05,50.0,NONE,f,"{""data_origin"": ""synthetic"", ""reference"": ""Vinhomes Smart City""}"
660,VHSC-U-00660,S2.02-02.01,1,4,STUDIO,0,1,29.32,34.49,2,LOW,NE,N,CITY_OPEN,t,0.850,12.0,f,0,0.05,50.0,NONE,f,"{""data_origin"": ""synthetic"", ""reference"": ""Vinhomes Smart City""}"
661,VHSC-U-00661,S2.02-09.02,1,4,1PN,1,1,42.43,49.92,9,MID,SW,N,CITY_OPEN,f,0.850,12.0,f,0,0.45,50.0,NONE,f,"{""data_origin"": ""synthetic"", ""reference"": ""Vinhomes Smart City""}"
662,VHSC-U-00662,S2.02-16.03,1,4,2PN,2,2,67.94,79.93,16,MID,W,N,CITY_OPEN,f,0.850,12.0,f,0,0.45,50.0,NONE,f,"{""data_origin"": ""synthetic"", ""reference"": ""Vinhomes Smart City""}"
663,VHSC-U-00663,S2.02-23.04,1,4,3PN,3,2,86.49,101.75,23,HIGH,NW,N,CITY_OPEN,f,0.850,12.0,f,0,0.45,50.0,NONE,f,"{""data_origin"": ""synthetic"", ""reference"": ""Vinhomes Smart City""}"
664,VHSC-U-00664,S2.02-30.05,1,4,STUDIO,0,1,34.67,40.79,30,HIGH,E,N,CITY_OPEN,f,0.850,12.0,f,0,0.05,50.0,NONE,f,"{""data_origin"": ""synthetic"", ""reference"": ""Vinhomes Smart City""}"
665,VHSC-U-00665,S2.02-04.06,1,4,1PN,1,1,44.10,51.88,4,LOW,SE,N,CITY_OPEN,f,0.850,12.0,f,0,0.05,50.0,NONE,t,"{""data_origin"": ""synthetic"", ""reference"": ""Vinhomes Smart City""}"
666,VHSC-U-00666,S2.02-11.07,1,4,2PN,2,2,62.94,74.05,11,MID,S,N,CITY_OPEN,f,0.850,12.0,f,0,0.05,50.0,NONE,f,"{""data_origin"": ""synthetic"", ""reference"": ""Vinhomes Smart City""}"
667,VHSC-U-00667,S2.02-18.08,1,4,3PN,3,2,94.68,111.39,18,MID,N,N,CITY_OPEN,f,0.850,12.0,f,0,0.05,50.0,NONE,f,"{""data_origin"": ""synthetic"", ""reference"": ""Vinhomes Smart City""}"
668,VHSC-U-00668,S2.02-25.09,1,4,STUDIO,0,1,32.12,37.79,25,HIGH,NE,N,CITY_OPEN,f,0.850,12.0,f,0,0.05,50.0,NONE,f,"{""data_origin"": ""synthetic"", ""reference"": ""Vinhomes Smart City""}"
669,VHSC-U-00669,S2.02-32.10,1,4,1PN,1,1,45.77,53.85,32,HIGH,SW,N,CITY_OPEN,f,0.850,12.0,f,0,0.45,50.0,NONE,f,"{""data_origin"": ""synthetic"", ""reference"": ""Vinhomes Smart City""}"
670,VHSC-U-00670,S2.02-06.11,1,4,2PN,2,2,55.37,65.14,6,MID,W,N,CITY_OPEN,t,0.850,12.0,f,0,0.45,50.0,NONE,f,"{""data_origin"": ""synthetic"", ""reference"": ""Vinhomes Smart City""}"
671,VHSC-U-00671,S2.02-13.12,1,4,3PN,3,2,83.06,97.72,13,MID,NW,N,CITY_OPEN,f,0.850,12.0,f,0,0.45,50.0,NONE,t,"{""data_origin"": ""synthetic"", ""reference"": ""Vinhomes Smart City""}"
672,VHSC-U-00672,S2.02-20.13,1,4,STUDIO,0,1,32.14,37.81,20,MID,E,N,CITY_OPEN,f,0.850,12.0,f,0,0.05,50.0,NONE,f,"{""data_origin"": ""synthetic"", ""reference"": ""Vinhomes Smart City""}"
673,VHSC-U-00673,S2.02-27.14,1,4,2PN,2,2,63.87,75.14,27,HIGH,SE,N,CITY_OPEN,f,0.850,12.0,f,0,0.05,50.0,NONE,f,"{""data_origin"": ""synthetic"", ""reference"": ""Vinhomes Smart City""}"
674,VHSC-U-00674,S2.02-34.15,1,4,2PN,2,2,55.41,65.19,34,HIGH,S,N,CITY_OPEN,f,0.850,12.0,f,0,0.05,50.0,NONE,f,"{""data_origin"": ""synthetic"", ""reference"": ""Vinhomes Smart City""}"
675,VHSC-U-00675,S2.02-08.16,1,4,3PN,3,2,94.26,110.89,8,MID,N,N,CITY_OPEN,f,0.850,12.0,f,0,0.05,50.0,NONE,f,"{""data_origin"": ""synthetic"", ""reference"": ""Vinhomes Smart City""}"
676,VHSC-U-00676,S2.02-15.17,1,4,STUDIO,0,1,30.91,36.36,15,MID,NE,N,CITY_OPEN,f,0.850,12.0,f,0,0.05,50.0,NONE,f,"{""data_origin"": ""synthetic"", ""reference"": ""Vinhomes Smart City""}"
677,VHSC-U-00677,S2.02-22.18,1,4,1PN,1,1,42.25,49.71,22,HIGH,SW,N,CITY_OPEN,f,0.850,12.0,f,0,0.45,50.0,NONE,f,"{""data_origin"": ""synthetic"", ""reference"": ""Vinhomes Smart City""}"
678,VHSC-U-00678,S2.02-29.19,1,4,2PN,2,2,62.85,73.94,29,HIGH,W,N,CITY_OPEN,f,0.850,12.0,f,0,0.45,50.0,NONE,f,"{""data_origin"": ""synthetic"", ""reference"": ""Vinhomes Smart City""}"
679,VHSC-U-00679,S2.02-03.20,1,4,2PN,2,2,55.75,65.59,3,LOW,W,N,CITY_OPEN,f,0.850,12.0,f,0,0.80,50.0,NONE,f,"{""data_origin"": ""synthetic"", ""reference"": ""Vinhomes Smart City""}"
680,VHSC-U-00680,S2.02-10.21,1,4,STUDIO,0,1,29.52,34.73,10,MID,E,N,CITY_OPEN,t,0.850,12.0,f,0,0.05,50.0,NONE,f,"{""data_origin"": ""synthetic"", ""reference"": ""Vinhomes Smart City""}"
681,VHSC-U-00681,S2.02-17.22,1,4,1PN,1,1,39.99,47.05,17,MID,SE,N,CITY_OPEN,f,0.850,12.0,f,0,0.05,50.0,NONE,f,"{""data_origin"": ""synthetic"", ""reference"": ""Vinhomes Smart City""}"
682,VHSC-U-00682,S2.02-24.23,1,4,2PN,2,2,63.02,74.14,24,HIGH,S,N,CITY_OPEN,f,0.850,12.0,f,0,0.05,50.0,NONE,f,"{""data_origin"": ""synthetic"", ""reference"": ""Vinhomes Smart City""}"
683,VHSC-U-00683,S2.02-31.24,1,4,3PN,3,2,90.05,105.94,31,HIGH,N,N,CITY_OPEN,f,0.850,12.0,f,0,0.05,50.0,NONE,f,"{""data_origin"": ""synthetic"", ""reference"": ""Vinhomes Smart City""}"
684,VHSC-U-00684,S2.02-05.25,1,4,STUDIO,0,1,28.55,33.59,5,LOW,NE,N,CITY_OPEN,f,0.850,12.0,f,0,0.05,50.0,NONE,f,"{""data_origin"": ""synthetic"", ""reference"": ""Vinhomes Smart City""}"
685,VHSC-U-00685,S2.02-12.26,1,4,1PN,1,1,39.13,46.04,12,MID,SW,N,CITY_OPEN,f,0.850,12.0,f,0,0.45,50.0,NONE,f,"{""data_origin"": ""synthetic"", ""reference"": ""Vinhomes Smart City""}"
686,VHSC-U-00686,S2.02-19.27,1,4,2PN,2,2,59.73,70.27,19,MID,W,N,CITY_OPEN,f,0.850,12.0,f,0,0.45,50.0,NONE,f,"{""data_origin"": ""synthetic"", ""reference"": ""Vinhomes Smart City""}"
687,VHSC-U-00687,S2.02-26.28,1,4,3PN,3,2,83.07,97.73,26,HIGH,NW,N,CITY_OPEN,f,0.850,12.0,f,0,0.45,50.0,NONE,f,"{""data_origin"": ""synthetic"", ""reference"": ""Vinhomes Smart City""}"
688,VHSC-U-00688,S2.02-33.29,1,4,STUDIO,0,1,29.91,35.19,33,HIGH,E,N,CITY_OPEN,f,0.850,12.0,f,0,0.05,50.0,NONE,f,"{""data_origin"": ""synthetic"", ""reference"": ""Vinhomes Smart City""}"
689,VHSC-U-00689,S2.02-07.30,1,4,1PN,1,1,40.16,47.25,7,MID,SE,N,CITY_OPEN,f,0.850,12.0,f,0,0.05,50.0,NONE,t,"{""data_origin"": ""synthetic"", ""reference"": ""Vinhomes Smart City""}"
690,VHSC-U-00690,S2.02-14.01,1,4,2PN,2,2,69.09,81.28,14,MID,S,N,CITY_OPEN,t,0.850,12.0,f,0,0.05,50.0,NONE,t,"{""data_origin"": ""synthetic"", ""reference"": ""Vinhomes Smart City""}"
691,VHSC-U-00691,S2.02-21.02,1,4,3PN,3,2,91.31,107.42,21,HIGH,N,N,CITY_OPEN,f,0.850,12.0,f,0,0.05,50.0,NONE,f,"{""data_origin"": ""synthetic"", ""reference"": ""Vinhomes Smart City""}"
692,VHSC-U-00692,S2.02-28.03,1,4,STUDIO,0,1,30.42,35.79,28,HIGH,NE,N,CITY_OPEN,f,0.850,12.0,f,0,0.05,50.0,NONE,f,"{""data_origin"": ""synthetic"", ""reference"": ""Vinhomes Smart City""}"
693,VHSC-U-00693,S2.02-02.04,1,4,1PN,1,1,44.19,51.99,2,LOW,SW,N,CITY_OPEN,f,0.850,12.0,f,0,0.45,50.0,NONE,f,"{""data_origin"": ""synthetic"", ""reference"": ""Vinhomes Smart City""}"
694,VHSC-U-00694,S2.02-09.05,1,4,2PN,2,2,66.59,78.34,9,MID,W,N,CITY_OPEN,f,0.850,12.0,f,0,0.45,50.0,NONE,f,"{""data_origin"": ""synthetic"", ""reference"": ""Vinhomes Smart City""}"
695,VHSC-U-00695,S2.02-16.06,1,4,3PN,3,2,92.73,109.09,16,MID,NW,N,CITY_OPEN,f,0.850,12.0,f,0,0.45,50.0,NONE,f,"{""data_origin"": ""synthetic"", ""reference"": ""Vinhomes Smart City""}"
696,VHSC-U-00696,S2.02-23.07,1,4,STUDIO,0,1,33.95,39.94,23,HIGH,E,N,CITY_OPEN,f,0.850,12.0,f,0,0.05,50.0,NONE,f,"{""data_origin"": ""synthetic"", ""reference"": ""Vinhomes Smart City""}"
697,VHSC-U-00697,S2.02-30.08,1,4,1PN,1,1,45.57,53.61,30,HIGH,SE,N,CITY_OPEN,f,0.850,12.0,f,0,0.05,50.0,NONE,f,"{""data_origin"": ""synthetic"", ""reference"": ""Vinhomes Smart City""}"
698,VHSC-U-00698,S2.02-04.09,1,4,2PN,2,2,56.63,66.62,4,LOW,S,N,CITY_OPEN,f,0.850,1.5,f,0,0.05,50.0,NONE,t,"{""data_origin"": ""synthetic"", ""reference"": ""Vinhomes Smart City""}"
699,VHSC-U-00699,S2.02-11.10,1,4,3PN,3,2,81.21,95.54,11,MID,N,N,CITY_OPEN,f,0.850,12.0,f,0,0.05,50.0,NONE,f,"{""data_origin"": ""synthetic"", ""reference"": ""Vinhomes Smart City""}"
700,VHSC-U-00700,S2.02-18.11,1,4,STUDIO,0,1,31.73,37.33,18,MID,NE,N,CITY_OPEN,t,0.850,12.0,f,0,0.05,50.0,NONE,f,"{""data_origin"": ""synthetic"", ""reference"": ""Vinhomes Smart City""}"
701,VHSC-U-00701,S2.02-25.12,1,4,1PN,1,1,40.69,47.87,25,HIGH,SW,N,CITY_OPEN,f,0.850,12.0,f,0,0.45,50.0,NONE,f,"{""data_origin"": ""synthetic"", ""reference"": ""Vinhomes Smart City""}"
702,VHSC-U-00702,S2.02-32.13,1,4,2PN,2,2,62.80,73.88,32,HIGH,W,N,CITY_OPEN,f,0.850,12.0,f,0,0.45,50.0,NONE,f,"{""data_origin"": ""synthetic"", ""reference"": ""Vinhomes Smart City""}"
703,VHSC-U-00703,S2.02-06.14,1,4,3PN,3,2,90.53,106.51,6,MID,NW,N,CITY_OPEN,f,0.850,12.0,f,0,0.45,50.0,NONE,f,"{""data_origin"": ""synthetic"", ""reference"": ""Vinhomes Smart City""}"
704,VHSC-U-00704,S2.02-13.15,1,4,STUDIO,0,1,30.49,35.87,13,MID,E,N,CITY_OPEN,f,0.850,12.0,f,0,0.05,50.0,NONE,t,"{""data_origin"": ""synthetic"", ""reference"": ""Vinhomes Smart City""}"
705,VHSC-U-00705,S2.02-20.16,1,4,2PN,2,2,56.85,66.88,20,MID,SE,N,CITY_OPEN,f,0.850,12.0,f,0,0.05,50.0,NONE,f,"{""data_origin"": ""synthetic"", ""reference"": ""Vinhomes Smart City""}"
706,VHSC-U-00706,S2.02-27.17,1,4,2PN,2,2,64.04,75.34,27,HIGH,S,N,CITY_OPEN,f,0.850,12.0,f,0,0.05,50.0,NONE,f,"{""data_origin"": ""synthetic"", ""reference"": ""Vinhomes Smart City""}"
707,VHSC-U-00707,S2.02-34.18,1,4,3PN,3,2,88.18,103.74,34,HIGH,N,N,CITY_OPEN,f,0.850,12.0,f,0,0.05,50.0,NONE,f,"{""data_origin"": ""synthetic"", ""reference"": ""Vinhomes Smart City""}"
708,VHSC-U-00708,S2.02-08.19,1,4,STUDIO,0,1,30.27,35.61,8,MID,NE,N,CITY_OPEN,f,0.850,12.0,f,0,0.05,50.0,NONE,f,"{""data_origin"": ""synthetic"", ""reference"": ""Vinhomes Smart City""}"
709,VHSC-U-00709,S2.02-15.20,1,4,1PN,1,1,39.79,46.81,15,MID,SW,N,CITY_OPEN,f,0.850,12.0,f,0,0.45,50.0,NONE,f,"{""data_origin"": ""synthetic"", ""reference"": ""Vinhomes Smart City""}"
710,VHSC-U-00710,S2.02-22.21,1,4,2PN,2,2,60.18,70.80,22,HIGH,W,N,CITY_OPEN,t,0.850,12.0,f,0,0.45,50.0,NONE,f,"{""data_origin"": ""synthetic"", ""reference"": ""Vinhomes Smart City""}"
711,VHSC-U-00711,S2.02-29.22,1,4,3PN,3,2,88.10,103.65,29,HIGH,NW,N,CITY_OPEN,f,0.850,12.0,f,0,0.45,50.0,NONE,f,"{""data_origin"": ""synthetic"", ""reference"": ""Vinhomes Smart City""}"
712,VHSC-U-00712,S2.02-03.23,1,4,STUDIO,0,1,32.16,37.84,3,LOW,E,N,CITY_OPEN,f,0.850,12.0,f,0,0.05,50.0,NONE,f,"{""data_origin"": ""synthetic"", ""reference"": ""Vinhomes Smart City""}"
713,VHSC-U-00713,S2.02-10.24,1,4,1PN,1,1,41.13,48.39,10,MID,SE,N,CITY_OPEN,f,0.850,12.0,f,0,0.05,50.0,NONE,f,"{""data_origin"": ""synthetic"", ""reference"": ""Vinhomes Smart City""}"
714,VHSC-U-00714,S2.02-17.25,1,4,1PN,1,1,44.48,52.33,17,MID,S,N,CITY_OPEN,f,0.850,12.0,f,0,0.05,50.0,NONE,f,"{""data_origin"": ""synthetic"", ""reference"": ""Vinhomes Smart City""}"
715,VHSC-U-00715,S2.02-24.26,1,4,3PN,3,2,90.49,106.46,24,HIGH,N,N,CITY_OPEN,f,0.850,12.0,f,0,0.05,50.0,NONE,f,"{""data_origin"": ""synthetic"", ""reference"": ""Vinhomes Smart City""}"
716,VHSC-U-00716,S2.02-31.27,1,4,STUDIO,0,1,28.91,34.01,31,HIGH,NE,N,CITY_OPEN,f,0.850,12.0,f,0,0.05,50.0,NONE,f,"{""data_origin"": ""synthetic"", ""reference"": ""Vinhomes Smart City""}"
717,VHSC-U-00717,S2.02-05.28,1,4,1PN,1,1,41.22,48.49,5,LOW,SW,N,CITY_OPEN,f,0.850,12.0,f,0,0.45,50.0,NONE,f,"{""data_origin"": ""synthetic"", ""reference"": ""Vinhomes Smart City""}"
718,VHSC-U-00718,S2.02-12.29,1,4,2PN,2,2,62.59,73.64,12,MID,W,N,CITY_OPEN,f,0.850,1.5,f,0,0.45,50.0,NONE,f,"{""data_origin"": ""synthetic"", ""reference"": ""Vinhomes Smart City""}"
719,VHSC-U-00719,S2.02-19.30,1,4,3PN,3,2,86.50,101.76,19,MID,NW,N,CITY_OPEN,f,0.850,12.0,f,0,0.45,50.0,NONE,f,"{""data_origin"": ""synthetic"", ""reference"": ""Vinhomes Smart City""}"
720,VHSC-U-00720,S2.02-26.01,1,4,3PN,3,2,94.00,110.59,26,HIGH,E,N,CITY_OPEN,t,0.850,12.0,f,0,0.05,50.0,NONE,f,"{""data_origin"": ""synthetic"", ""reference"": ""Vinhomes Smart City""}"
721,VHSC-U-00721,S2.02-33.02,1,4,1PN,1,1,44.61,52.48,33,HIGH,SE,N,CITY_OPEN,f,0.850,12.0,f,0,0.05,50.0,NONE,f,"{""data_origin"": ""synthetic"", ""reference"": ""Vinhomes Smart City""}"
722,VHSC-U-00722,S2.02-07.03,1,4,2PN,2,2,59.27,69.73,7,MID,S,N,CITY_OPEN,f,0.850,12.0,f,0,0.05,50.0,NONE,t,"{""data_origin"": ""synthetic"", ""reference"": ""Vinhomes Smart City""}"
723,VHSC-U-00723,S2.02-14.04,1,4,3PN,3,2,85.98,101.15,14,MID,N,N,CITY_OPEN,f,0.850,12.0,f,0,0.05,50.0,NONE,t,"{""data_origin"": ""synthetic"", ""reference"": ""Vinhomes Smart City""}"
724,VHSC-U-00724,S2.02-21.05,1,4,STUDIO,0,1,33.00,38.82,21,HIGH,NE,N,CITY_OPEN,f,0.850,12.0,f,0,0.05,50.0,NONE,f,"{""data_origin"": ""synthetic"", ""reference"": ""Vinhomes Smart City""}"
725,VHSC-U-00725,S2.02-28.06,1,4,1PN,1,1,43.33,50.98,28,HIGH,SW,N,CITY_OPEN,f,0.850,12.0,f,0,0.45,50.0,NONE,f,"{""data_origin"": ""synthetic"", ""reference"": ""Vinhomes Smart City""}"
726,VHSC-U-00726,S2.02-02.07,1,4,2PN,2,2,59.84,70.40,2,LOW,W,N,CITY_OPEN,f,0.850,12.0,f,0,0.45,50.0,NONE,f,"{""data_origin"": ""synthetic"", ""reference"": ""Vinhomes Smart City""}"
727,VHSC-U-00727,S2.02-09.08,1,4,3PN,3,2,84.17,99.02,9,MID,NW,N,CITY_OPEN,f,0.850,12.0,f,0,0.45,50.0,NONE,f,"{""data_origin"": ""synthetic"", ""reference"": ""Vinhomes Smart City""}"
728,VHSC-U-00728,S2.02-16.09,1,4,STUDIO,0,1,31.31,36.84,16,MID,E,N,CITY_OPEN,f,0.850,12.0,f,0,0.05,50.0,NONE,f,"{""data_origin"": ""synthetic"", ""reference"": ""Vinhomes Smart City""}"
729,VHSC-U-00729,S2.02-23.10,1,4,1PN,1,1,46.47,54.67,23,HIGH,SE,N,CITY_OPEN,f,0.850,12.0,f,0,0.05,50.0,NONE,f,"{""data_origin"": ""synthetic"", ""reference"": ""Vinhomes Smart City""}"
730,VHSC-U-00730,S2.02-30.11,1,4,2PN,2,2,57.42,67.55,30,HIGH,S,N,CITY_OPEN,t,0.850,12.0,f,0,0.05,50.0,NONE,f,"{""data_origin"": ""synthetic"", ""reference"": ""Vinhomes Smart City""}"
731,VHSC-U-00731,S2.02-04.12,1,4,3PN,3,2,81.87,96.32,4,LOW,N,N,CITY_OPEN,f,0.850,12.0,f,0,0.05,50.0,NONE,t,"{""data_origin"": ""synthetic"", ""reference"": ""Vinhomes Smart City""}"
732,VHSC-U-00732,S2.02-11.13,1,4,1PN,1,1,43.94,51.69,11,MID,NE,N,CITY_OPEN,f,0.850,12.0,f,0,0.05,50.0,NONE,f,"{""data_origin"": ""synthetic"", ""reference"": ""Vinhomes Smart City""}"
733,VHSC-U-00733,S2.02-18.14,1,4,1PN,1,1,38.01,44.72,18,MID,SW,N,CITY_OPEN,f,0.850,12.0,f,0,0.45,50.0,NONE,f,"{""data_origin"": ""synthetic"", ""reference"": ""Vinhomes Smart City""}"
734,VHSC-U-00734,S2.02-25.15,1,4,2PN,2,2,58.40,68.71,25,HIGH,W,N,CITY_OPEN,f,0.850,12.0,f,0,0.45,50.0,NONE,f,"{""data_origin"": ""synthetic"", ""reference"": ""Vinhomes Smart City""}"
735,VHSC-U-00735,S2.02-32.16,1,4,3PN,3,2,83.47,98.20,32,HIGH,NW,N,CITY_OPEN,f,0.850,12.0,f,0,0.45,50.0,NONE,f,"{""data_origin"": ""synthetic"", ""reference"": ""Vinhomes Smart City""}"
736,VHSC-U-00736,S2.02-06.17,1,4,STUDIO,0,1,33.83,39.80,6,MID,E,N,CITY_OPEN,f,0.850,12.0,f,0,0.05,50.0,NONE,f,"{""data_origin"": ""synthetic"", ""reference"": ""Vinhomes Smart City""}"
737,VHSC-U-00737,S2.02-13.18,1,4,1PN,1,1,41.78,49.15,13,MID,SE,N,CITY_OPEN,f,0.850,12.0,f,0,0.05,50.0,NONE,t,"{""data_origin"": ""synthetic"", ""reference"": ""Vinhomes Smart City""}"
738,VHSC-U-00738,S2.02-20.19,1,4,2PN,2,2,64.31,75.66,20,MID,S,N,CITY_OPEN,f,0.850,12.0,f,0,0.05,50.0,NONE,f,"{""data_origin"": ""synthetic"", ""reference"": ""Vinhomes Smart City""}"
739,VHSC-U-00739,S2.02-27.20,1,4,3PN,3,2,93.60,110.12,27,HIGH,N,N,CITY_OPEN,f,0.850,12.0,f,0,0.05,50.0,NONE,f,"{""data_origin"": ""synthetic"", ""reference"": ""Vinhomes Smart City""}"
740,VHSC-U-00740,S2.02-34.21,1,4,STUDIO,0,1,30.31,35.66,34,HIGH,NE,N,CITY_OPEN,t,0.850,12.0,f,0,0.05,50.0,NONE,f,"{""data_origin"": ""synthetic"", ""reference"": ""Vinhomes Smart City""}"
741,VHSC-U-00741,S2.02-08.22,1,4,1PN,1,1,39.71,46.72,8,MID,SW,N,CITY_OPEN,f,0.850,12.0,f,0,0.45,50.0,NONE,f,"{""data_origin"": ""synthetic"", ""reference"": ""Vinhomes Smart City""}"
742,VHSC-U-00742,S2.02-15.23,1,4,2PN,2,2,66.13,77.80,15,MID,W,N,CITY_OPEN,f,0.850,12.0,f,0,0.45,50.0,NONE,f,"{""data_origin"": ""synthetic"", ""reference"": ""Vinhomes Smart City""}"
743,VHSC-U-00743,S2.02-22.24,1,4,2PN,2,2,68.77,80.91,22,HIGH,W,N,CITY_OPEN,f,0.850,12.0,f,0,0.80,50.0,NONE,f,"{""data_origin"": ""synthetic"", ""reference"": ""Vinhomes Smart City""}"
744,VHSC-U-00744,S2.02-29.25,1,4,STUDIO,0,1,31.63,37.21,29,HIGH,E,N,CITY_OPEN,f,0.850,12.0,f,0,0.05,50.0,NONE,f,"{""data_origin"": ""synthetic"", ""reference"": ""Vinhomes Smart City""}"
745,VHSC-U-00745,S2.02-03.26,1,4,2PN,2,2,66.87,78.67,3,LOW,SE,N,CITY_OPEN,f,0.850,12.0,f,0,0.05,50.0,NONE,f,"{""data_origin"": ""synthetic"", ""reference"": ""Vinhomes Smart City""}"
746,VHSC-U-00746,S2.02-10.27,1,4,2PN,2,2,64.62,76.02,10,MID,S,N,CITY_OPEN,f,0.850,12.0,f,0,0.05,50.0,NONE,f,"{""data_origin"": ""synthetic"", ""reference"": ""Vinhomes Smart City""}"
747,VHSC-U-00747,S2.02-17.28,1,4,3PN,3,2,84.07,98.91,17,MID,N,N,CITY_OPEN,f,0.850,12.0,f,0,0.05,50.0,NONE,f,"{""data_origin"": ""synthetic"", ""reference"": ""Vinhomes Smart City""}"
748,VHSC-U-00748,S2.02-24.29,1,4,STUDIO,0,1,28.66,33.72,24,HIGH,NE,N,CITY_OPEN,f,0.850,12.0,f,0,0.05,50.0,NONE,f,"{""data_origin"": ""synthetic"", ""reference"": ""Vinhomes Smart City""}"
749,VHSC-U-00749,S2.02-31.30,1,4,1PN,1,1,42.04,49.46,31,HIGH,SW,N,CITY_OPEN,f,0.850,12.0,f,0,0.45,50.0,NONE,f,"{""data_origin"": ""synthetic"", ""reference"": ""Vinhomes Smart City""}"
750,VHSC-U-00750,S2.02-05.01,1,4,2PN,2,2,66.68,78.45,5,LOW,W,N,CITY_OPEN,t,0.850,12.0,f,0,0.45,50.0,NONE,f,"{""data_origin"": ""synthetic"", ""reference"": ""Vinhomes Smart City""}"
751,VHSC-U-00751,S2.02-12.02,1,4,3PN,3,2,86.57,101.85,12,MID,NW,N,CITY_OPEN,f,0.850,12.0,f,0,0.45,50.0,NONE,f,"{""data_origin"": ""synthetic"", ""reference"": ""Vinhomes Smart City""}"
752,VHSC-U-00752,S2.02-19.03,1,4,STUDIO,0,1,34.29,40.34,19,MID,E,N,CITY_OPEN,f,0.850,12.0,f,0,0.05,50.0,NONE,f,"{""data_origin"": ""synthetic"", ""reference"": ""Vinhomes Smart City""}"
753,VHSC-U-00753,S2.02-26.04,1,4,1PN,1,1,45.19,53.16,26,HIGH,SE,N,CITY_OPEN,f,0.850,12.0,f,0,0.05,50.0,NONE,f,"{""data_origin"": ""synthetic"", ""reference"": ""Vinhomes Smart City""}"
754,VHSC-U-00754,S2.02-33.05,1,4,2PN,2,2,66.50,78.24,33,HIGH,S,N,CITY_OPEN,f,0.850,12.0,f,0,0.05,50.0,NONE,f,"{""data_origin"": ""synthetic"", ""reference"": ""Vinhomes Smart City""}"
755,VHSC-U-00755,S2.02-07.06,1,4,3PN,3,2,82.51,97.07,7,MID,N,N,CITY_OPEN,f,0.850,12.0,f,0,0.05,50.0,NONE,t,"{""data_origin"": ""synthetic"", ""reference"": ""Vinhomes Smart City""}"
756,VHSC-U-00756,S2.02-14.07,1,4,STUDIO,0,1,28.11,33.07,14,MID,NE,N,CITY_OPEN,f,0.850,12.0,f,0,0.05,50.0,NONE,t,"{""data_origin"": ""synthetic"", ""reference"": ""Vinhomes Smart City""}"
757,VHSC-U-00757,S2.02-21.08,1,4,1PN,1,1,47.09,55.40,21,HIGH,SW,N,CITY_OPEN,f,0.850,12.0,f,0,0.45,50.0,NONE,f,"{""data_origin"": ""synthetic"", ""reference"": ""Vinhomes Smart City""}"
758,VHSC-U-00758,S2.02-28.09,1,4,2PN,2,2,63.44,74.64,28,HIGH,W,N,CITY_OPEN,f,0.850,12.0,f,0,0.45,50.0,NONE,f,"{""data_origin"": ""synthetic"", ""reference"": ""Vinhomes Smart City""}"
759,VHSC-U-00759,S2.02-02.10,1,4,3PN,3,2,82.49,97.05,2,LOW,NW,N,CITY_OPEN,f,0.850,12.0,f,0,0.45,50.0,NONE,f,"{""data_origin"": ""synthetic"", ""reference"": ""Vinhomes Smart City""}"
760,VHSC-U-00760,S2.02-09.11,1,4,STUDIO,0,1,33.07,38.91,9,MID,E,N,CITY_OPEN,t,0.850,12.0,f,0,0.05,50.0,NONE,f,"{""data_origin"": ""synthetic"", ""reference"": ""Vinhomes Smart City""}"
761,VHSC-U-00761,S2.02-16.12,1,4,1PN,1,1,46.27,54.44,16,MID,SE,N,CITY_OPEN,f,0.850,12.0,f,0,0.05,50.0,NONE,f,"{""data_origin"": ""synthetic"", ""reference"": ""Vinhomes Smart City""}"
762,VHSC-U-00762,S2.02-23.13,1,4,2PN,2,2,65.04,76.52,23,HIGH,S,N,CITY_OPEN,f,0.850,12.0,f,0,0.05,50.0,NONE,f,"{""data_origin"": ""synthetic"", ""reference"": ""Vinhomes Smart City""}"
763,VHSC-U-00763,S2.02-30.14,1,4,3PN,3,2,83.01,97.66,30,HIGH,N,N,CITY_OPEN,f,0.850,12.0,f,0,0.05,50.0,NONE,f,"{""data_origin"": ""synthetic"", ""reference"": ""Vinhomes Smart City""}"
764,VHSC-U-00764,S2.02-04.15,1,4,STUDIO,0,1,30.14,35.46,4,LOW,NE,N,CITY_OPEN,f,0.850,12.0,f,0,0.05,50.0,NONE,t,"{""data_origin"": ""synthetic"", ""reference"": ""Vinhomes Smart City""}"
765,VHSC-U-00765,S2.02-11.16,1,4,1PN,1,1,41.45,48.76,11,MID,SW,N,CITY_OPEN,f,0.850,12.0,f,0,0.45,50.0,NONE,f,"{""data_origin"": ""synthetic"", ""reference"": ""Vinhomes Smart City""}"
766,VHSC-U-00766,S2.02-18.17,1,4,2PN,2,2,64.39,75.75,18,MID,W,N,CITY_OPEN,f,0.850,12.0,f,0,0.45,50.0,NONE,f,"{""data_origin"": ""synthetic"", ""reference"": ""Vinhomes Smart City""}"
767,VHSC-U-00767,S2.02-25.18,1,4,2PN,2,2,63.25,74.41,25,HIGH,NW,N,CITY_OPEN,f,0.850,12.0,f,0,0.45,50.0,NONE,f,"{""data_origin"": ""synthetic"", ""reference"": ""Vinhomes Smart City""}"
768,VHSC-U-00768,S2.02-32.19,1,4,STUDIO,0,1,31.25,36.76,32,HIGH,E,N,CITY_OPEN,f,0.850,12.0,f,0,0.05,50.0,NONE,f,"{""data_origin"": ""synthetic"", ""reference"": ""Vinhomes Smart City""}"
769,VHSC-U-00769,S2.02-06.20,1,4,1PN,1,1,39.80,46.82,6,MID,SE,N,CITY_OPEN,f,0.850,12.0,f,0,0.05,50.0,NONE,f,"{""data_origin"": ""synthetic"", ""reference"": ""Vinhomes Smart City""}"
770,VHSC-U-00770,S2.02-13.21,1,4,2PN,2,2,65.56,77.13,13,MID,S,N,CITY_OPEN,t,0.850,12.0,f,0,0.05,50.0,NONE,t,"{""data_origin"": ""synthetic"", ""reference"": ""Vinhomes Smart City""}"
771,VHSC-U-00771,S2.02-20.22,1,4,3PN,3,2,84.18,99.04,20,MID,N,N,CITY_OPEN,f,0.850,12.0,f,0,0.05,50.0,NONE,f,"{""data_origin"": ""synthetic"", ""reference"": ""Vinhomes Smart City""}"
772,VHSC-U-00772,S2.02-27.23,1,4,STUDIO,0,1,28.71,33.78,27,HIGH,NE,N,CITY_OPEN,f,0.850,12.0,f,0,0.05,50.0,NONE,f,"{""data_origin"": ""synthetic"", ""reference"": ""Vinhomes Smart City""}"
773,VHSC-U-00773,S2.02-34.24,1,4,1PN,1,1,45.61,53.66,34,HIGH,SW,N,CITY_OPEN,f,0.850,12.0,f,0,0.45,50.0,NONE,f,"{""data_origin"": ""synthetic"", ""reference"": ""Vinhomes Smart City""}"
774,VHSC-U-00774,S2.02-08.25,1,4,2PN,2,2,67.96,79.95,8,MID,W,N,CITY_OPEN,f,0.850,12.0,f,0,0.45,50.0,NONE,f,"{""data_origin"": ""synthetic"", ""reference"": ""Vinhomes Smart City""}"
775,VHSC-U-00775,S2.02-15.26,1,4,3PN,3,2,85.02,100.02,15,MID,NW,N,CITY_OPEN,f,0.850,12.0,f,0,0.45,50.0,NONE,f,"{""data_origin"": ""synthetic"", ""reference"": ""Vinhomes Smart City""}"
776,VHSC-U-00776,S2.02-22.27,1,4,STUDIO,0,1,34.09,40.11,22,HIGH,E,N,CITY_OPEN,f,0.850,12.0,f,0,0.05,50.0,NONE,f,"{""data_origin"": ""synthetic"", ""reference"": ""Vinhomes Smart City""}"
777,VHSC-U-00777,S2.02-29.28,1,4,1PN,1,1,38.39,45.16,29,HIGH,SE,N,CITY_OPEN,f,0.850,12.0,f,0,0.05,50.0,NONE,f,"{""data_origin"": ""synthetic"", ""reference"": ""Vinhomes Smart City""}"
778,VHSC-U-00778,S2.02-03.29,1,4,2PN,2,2,62.46,73.48,3,LOW,S,N,CITY_OPEN,f,0.850,12.0,f,0,0.05,50.0,NONE,f,"{""data_origin"": ""synthetic"", ""reference"": ""Vinhomes Smart City""}"
779,VHSC-U-00779,S2.02-10.30,1,4,3PN,3,2,90.70,106.71,10,MID,N,N,CITY_OPEN,f,0.850,12.0,f,0,0.05,50.0,NONE,f,"{""data_origin"": ""synthetic"", ""reference"": ""Vinhomes Smart City""}"
780,VHSC-U-00780,S2.02-17.01,1,4,STUDIO,0,1,31.99,37.64,17,MID,NE,N,CITY_OPEN,t,0.850,12.0,f,0,0.05,50.0,NONE,f,"{""data_origin"": ""synthetic"", ""reference"": ""Vinhomes Smart City""}"
781,VHSC-U-00781,S2.02-24.02,1,4,1PN,1,1,43.49,51.16,24,HIGH,SW,N,CITY_OPEN,f,0.850,12.0,f,0,0.45,50.0,NONE,f,"{""data_origin"": ""synthetic"", ""reference"": ""Vinhomes Smart City""}"
782,VHSC-U-00782,S2.02-31.03,1,4,1PN,1,1,45.11,53.07,31,HIGH,W,N,CITY_OPEN,f,0.850,12.0,f,0,0.45,50.0,NONE,f,"{""data_origin"": ""synthetic"", ""reference"": ""Vinhomes Smart City""}"
783,VHSC-U-00783,S2.02-05.04,1,4,3PN,3,2,85.89,101.05,5,LOW,NW,N,CITY_OPEN,f,0.850,12.0,f,0,0.45,50.0,NONE,f,"{""data_origin"": ""synthetic"", ""reference"": ""Vinhomes Smart City""}"
784,VHSC-U-00784,S2.02-12.05,1,4,STUDIO,0,1,34.68,40.80,12,MID,E,N,CITY_OPEN,f,0.850,12.0,f,0,0.05,50.0,NONE,f,"{""data_origin"": ""synthetic"", ""reference"": ""Vinhomes Smart City""}"
785,VHSC-U-00785,S2.02-19.06,1,4,2PN,2,2,62.42,73.44,19,MID,SE,N,CITY_OPEN,f,0.850,12.0,f,0,0.05,50.0,NONE,f,"{""data_origin"": ""synthetic"", ""reference"": ""Vinhomes Smart City""}"
786,VHSC-U-00786,S2.02-26.07,1,4,2PN,2,2,58.13,68.39,26,HIGH,S,N,CITY_OPEN,f,0.850,12.0,f,0,0.05,50.0,NONE,f,"{""data_origin"": ""synthetic"", ""reference"": ""Vinhomes Smart City""}"
787,VHSC-U-00787,S2.02-33.08,1,4,3PN,3,2,89.93,105.80,33,HIGH,N,N,CITY_OPEN,f,0.850,12.0,f,0,0.05,50.0,NONE,f,"{""data_origin"": ""synthetic"", ""reference"": ""Vinhomes Smart City""}"
788,VHSC-U-00788,S2.02-07.09,1,4,STUDIO,0,1,34.61,40.72,7,MID,NE,N,CITY_OPEN,f,0.850,12.0,f,0,0.05,50.0,NONE,t,"{""data_origin"": ""synthetic"", ""reference"": ""Vinhomes Smart City""}"
789,VHSC-U-00789,S2.02-14.10,1,4,1PN,1,1,39.72,46.73,14,MID,SW,N,CITY_OPEN,f,0.850,12.0,f,0,0.45,50.0,NONE,t,"{""data_origin"": ""synthetic"", ""reference"": ""Vinhomes Smart City""}"
790,VHSC-U-00790,S2.02-21.11,1,4,2PN,2,2,69.97,82.32,21,HIGH,W,N,CITY_OPEN,t,0.850,12.0,f,0,0.45,50.0,NONE,f,"{""data_origin"": ""synthetic"", ""reference"": ""Vinhomes Smart City""}"
791,VHSC-U-00791,S2.02-28.12,1,4,3PN,3,2,88.35,103.94,28,HIGH,NW,N,CITY_OPEN,f,0.850,12.0,f,0,0.45,50.0,NONE,f,"{""data_origin"": ""synthetic"", ""reference"": ""Vinhomes Smart City""}"
792,VHSC-U-00792,S2.02-02.13,1,4,STUDIO,0,1,33.84,39.81,2,LOW,E,N,CITY_OPEN,f,0.850,12.0,f,0,0.05,50.0,NONE,f,"{""data_origin"": ""synthetic"", ""reference"": ""Vinhomes Smart City""}"
793,VHSC-U-00793,S2.02-09.14,1,4,2PN,2,2,62.66,73.72,9,MID,SE,N,CITY_OPEN,f,0.850,12.0,f,0,0.05,50.0,NONE,f,"{""data_origin"": ""synthetic"", ""reference"": ""Vinhomes Smart City""}"
794,VHSC-U-00794,S2.02-16.15,1,4,2PN,2,2,62.63,73.68,16,MID,S,N,CITY_OPEN,f,0.850,12.0,f,0,0.05,50.0,NONE,f,"{""data_origin"": ""synthetic"", ""reference"": ""Vinhomes Smart City""}"
795,VHSC-U-00795,S2.02-23.16,1,4,3PN,3,2,91.90,108.12,23,HIGH,N,N,CITY_OPEN,f,0.850,12.0,f,0,0.05,50.0,NONE,f,"{""data_origin"": ""synthetic"", ""reference"": ""Vinhomes Smart City""}"
796,VHSC-U-00796,S2.02-30.17,1,4,STUDIO,0,1,29.98,35.27,30,HIGH,NE,N,CITY_OPEN,f,0.850,12.0,f,0,0.05,50.0,NONE,f,"{""data_origin"": ""synthetic"", ""reference"": ""Vinhomes Smart City""}"
797,VHSC-U-00797,S2.02-04.18,1,4,1PN,1,1,45.49,53.52,4,LOW,SW,N,CITY_OPEN,f,0.850,12.0,f,0,0.45,50.0,NONE,t,"{""data_origin"": ""synthetic"", ""reference"": ""Vinhomes Smart City""}"
798,VHSC-U-00798,S2.02-11.19,1,4,2PN,2,2,57.02,67.08,11,MID,W,N,CITY_OPEN,f,0.850,12.0,f,0,0.45,50.0,NONE,f,"{""data_origin"": ""synthetic"", ""reference"": ""Vinhomes Smart City""}"
799,VHSC-U-00799,S2.02-18.20,1,4,3PN,3,2,93.80,110.35,18,MID,NW,N,CITY_OPEN,f,0.850,12.0,f,0,0.45,50.0,NONE,f,"{""data_origin"": ""synthetic"", ""reference"": ""Vinhomes Smart City""}"
800,VHSC-U-00800,S2.02-25.21,1,4,STUDIO,0,1,29.53,34.74,25,HIGH,E,N,CITY_OPEN,t,0.850,12.0,f,0,0.05,50.0,NONE,f,"{""data_origin"": ""synthetic"", ""reference"": ""Vinhomes Smart City""}"
801,VHSC-U-00801,S3.01-32.22,1,5,1PN,1,1,38.20,44.94,32,HIGH,SE,N,CITY_OPEN,f,0.850,12.0,f,0,0.05,50.0,NONE,f,"{""data_origin"": ""synthetic"", ""reference"": ""Vinhomes Smart City""}"
802,VHSC-U-00802,S3.01-06.23,1,5,1PN,1,1,44.31,52.13,6,MID,S,N,CITY_OPEN,f,0.850,12.0,f,0,0.05,50.0,NONE,f,"{""data_origin"": ""synthetic"", ""reference"": ""Vinhomes Smart City""}"
803,VHSC-U-00803,S3.01-13.24,1,5,3PN,3,2,83.86,98.66,13,MID,N,N,CITY_OPEN,f,0.850,12.0,f,0,0.05,50.0,NONE,t,"{""data_origin"": ""synthetic"", ""reference"": ""Vinhomes Smart City""}"
804,VHSC-U-00804,S3.01-20.25,1,5,STUDIO,0,1,29.16,34.31,20,MID,NE,N,CITY_OPEN,f,0.850,12.0,f,0,0.05,50.0,NONE,f,"{""data_origin"": ""synthetic"", ""reference"": ""Vinhomes Smart City""}"
805,VHSC-U-00805,S3.01-27.26,1,5,1PN,1,1,46.51,54.72,27,HIGH,SW,N,CITY_OPEN,f,0.850,12.0,f,0,0.45,50.0,NONE,f,"{""data_origin"": ""synthetic"", ""reference"": ""Vinhomes Smart City""}"
806,VHSC-U-00806,S3.01-34.27,1,5,2PN,2,2,56.77,66.79,34,HIGH,W,N,CITY_OPEN,f,0.850,12.0,f,0,0.45,50.0,NONE,f,"{""data_origin"": ""synthetic"", ""reference"": ""Vinhomes Smart City""}"
807,VHSC-U-00807,S3.01-08.28,1,5,3PN,3,2,82.27,96.79,8,MID,NW,N,CITY_OPEN,f,0.850,12.0,f,0,0.45,50.0,NONE,f,"{""data_origin"": ""synthetic"", ""reference"": ""Vinhomes Smart City""}"
808,VHSC-U-00808,S3.01-15.29,1,5,STUDIO,0,1,34.03,40.04,15,MID,E,N,CITY_OPEN,f,0.850,12.0,f,0,0.05,50.0,NONE,f,"{""data_origin"": ""synthetic"", ""reference"": ""Vinhomes Smart City""}"
809,VHSC-U-00809,S3.01-22.30,1,5,1PN,1,1,47.51,55.89,22,HIGH,SE,N,CITY_OPEN,f,0.850,12.0,f,0,0.05,50.0,NONE,f,"{""data_origin"": ""synthetic"", ""reference"": ""Vinhomes Smart City""}"
810,VHSC-U-00810,S3.01-29.01,1,5,2PN,2,2,65.30,76.82,29,HIGH,S,N,CITY_OPEN,t,0.850,12.0,f,0,0.05,50.0,NONE,f,"{""data_origin"": ""synthetic"", ""reference"": ""Vinhomes Smart City""}"
811,VHSC-U-00811,S3.01-03.02,1,5,3PN,3,2,85.14,100.16,3,LOW,N,N,CITY_OPEN,f,0.850,12.0,f,0,0.05,50.0,NONE,f,"{""data_origin"": ""synthetic"", ""reference"": ""Vinhomes Smart City""}"
812,VHSC-U-00812,S3.01-10.03,1,5,STUDIO,0,1,30.65,36.06,10,MID,NE,N,CITY_OPEN,f,0.850,12.0,f,0,0.05,50.0,NONE,f,"{""data_origin"": ""synthetic"", ""reference"": ""Vinhomes Smart City""}"
813,VHSC-U-00813,S3.01-17.04,1,5,1PN,1,1,45.03,52.98,17,MID,SW,N,CITY_OPEN,f,0.850,12.0,f,0,0.45,50.0,NONE,f,"{""data_origin"": ""synthetic"", ""reference"": ""Vinhomes Smart City""}"
814,VHSC-U-00814,S3.01-24.05,1,5,2PN,2,2,68.93,81.09,24,HIGH,W,N,CITY_OPEN,f,0.850,12.0,f,0,0.45,50.0,NONE,f,"{""data_origin"": ""synthetic"", ""reference"": ""Vinhomes Smart City""}"
815,VHSC-U-00815,S3.01-31.06,1,5,3PN,3,2,85.67,100.79,31,HIGH,NW,N,CITY_OPEN,f,0.850,12.0,f,0,0.45,50.0,NONE,f,"{""data_origin"": ""synthetic"", ""reference"": ""Vinhomes Smart City""}"
816,VHSC-U-00816,S3.01-05.07,1,5,STUDIO,0,1,29.56,34.78,5,LOW,E,N,CITY_OPEN,f,0.850,12.0,f,0,0.05,50.0,NONE,f,"{""data_origin"": ""synthetic"", ""reference"": ""Vinhomes Smart City""}"
817,VHSC-U-00817,S3.01-12.08,1,5,1PN,1,1,45.99,54.11,12,MID,SE,N,CITY_OPEN,f,0.850,12.0,f,0,0.05,50.0,NONE,f,"{""data_origin"": ""synthetic"", ""reference"": ""Vinhomes Smart City""}"
818,VHSC-U-00818,S3.01-19.09,1,5,2PN,2,2,69.14,81.34,19,MID,S,N,CITY_OPEN,f,0.850,12.0,f,0,0.05,50.0,NONE,f,"{""data_origin"": ""synthetic"", ""reference"": ""Vinhomes Smart City""}"
819,VHSC-U-00819,S3.01-26.10,1,5,3PN,3,2,84.04,98.87,26,HIGH,N,N,CITY_OPEN,f,0.850,12.0,f,0,0.05,50.0,NONE,f,"{""data_origin"": ""synthetic"", ""reference"": ""Vinhomes Smart City""}"
820,VHSC-U-00820,S3.01-33.11,1,5,3PN,3,2,94.00,110.59,33,HIGH,NE,N,CITY_OPEN,t,0.850,12.0,f,0,0.05,50.0,NONE,f,"{""data_origin"": ""synthetic"", ""reference"": ""Vinhomes Smart City""}"
821,VHSC-U-00821,S3.01-07.12,1,5,1PN,1,1,44.15,51.94,7,MID,SW,N,CITY_OPEN,f,0.850,12.0,f,0,0.45,50.0,NONE,t,"{""data_origin"": ""synthetic"", ""reference"": ""Vinhomes Smart City""}"
822,VHSC-U-00822,S3.01-14.13,1,5,2PN,2,2,62.54,73.58,14,MID,W,N,CITY_OPEN,f,0.850,12.0,f,0,0.45,50.0,NONE,t,"{""data_origin"": ""synthetic"", ""reference"": ""Vinhomes Smart City""}"
823,VHSC-U-00823,S3.01-21.14,1,5,3PN,3,2,84.61,99.54,21,HIGH,NW,N,CITY_OPEN,f,0.850,12.0,f,0,0.45,50.0,NONE,f,"{""data_origin"": ""synthetic"", ""reference"": ""Vinhomes Smart City""}"
824,VHSC-U-00824,S3.01-28.15,1,5,STUDIO,0,1,34.80,40.94,28,HIGH,E,N,CITY_OPEN,f,0.850,12.0,f,0,0.05,50.0,NONE,f,"{""data_origin"": ""synthetic"", ""reference"": ""Vinhomes Smart City""}"
825,VHSC-U-00825,S3.01-02.16,1,5,1PN,1,1,39.69,46.69,2,LOW,SE,N,CITY_OPEN,f,0.850,12.0,f,0,0.05,50.0,NONE,f,"{""data_origin"": ""synthetic"", ""reference"": ""Vinhomes Smart City""}"
826,VHSC-U-00826,S3.01-09.17,1,5,2PN,2,2,66.57,78.32,9,MID,S,N,CITY_OPEN,f,0.850,12.0,f,0,0.05,50.0,NONE,f,"{""data_origin"": ""synthetic"", ""reference"": ""Vinhomes Smart City""}"
827,VHSC-U-00827,S3.01-16.18,1,5,3PN,3,2,84.63,99.56,16,MID,N,N,CITY_OPEN,f,0.850,12.0,f,0,0.05,50.0,NONE,f,"{""data_origin"": ""synthetic"", ""reference"": ""Vinhomes Smart City""}"
828,VHSC-U-00828,S3.01-23.19,1,5,STUDIO,0,1,32.79,38.58,23,HIGH,NE,N,CITY_OPEN,f,0.850,12.0,f,0,0.05,50.0,NONE,f,"{""data_origin"": ""synthetic"", ""reference"": ""Vinhomes Smart City""}"
829,VHSC-U-00829,S3.01-30.20,1,5,1PN,1,1,39.40,46.35,30,HIGH,SW,N,CITY_OPEN,f,0.850,12.0,f,0,0.45,50.0,NONE,f,"{""data_origin"": ""synthetic"", ""reference"": ""Vinhomes Smart City""}"
830,VHSC-U-00830,S3.01-04.21,1,5,2PN,2,2,66.70,78.47,4,LOW,W,N,CITY_OPEN,t,0.850,12.0,f,0,0.45,50.0,NONE,t,"{""data_origin"": ""synthetic"", ""reference"": ""Vinhomes Smart City""}"
831,VHSC-U-00831,S3.01-11.22,1,5,3PN,3,2,90.38,106.33,11,MID,NW,N,CITY_OPEN,f,0.850,12.0,f,0,0.45,50.0,NONE,f,"{""data_origin"": ""synthetic"", ""reference"": ""Vinhomes Smart City""}"
832,VHSC-U-00832,S3.01-18.23,1,5,3PN,3,2,94.00,110.59,18,MID,E,N,CITY_OPEN,f,0.850,12.0,f,0,0.05,50.0,NONE,f,"{""data_origin"": ""synthetic"", ""reference"": ""Vinhomes Smart City""}"
833,VHSC-U-00833,S3.01-25.24,1,5,2PN,2,2,69.35,81.59,25,HIGH,SE,N,CITY_OPEN,f,0.850,12.0,f,0,0.05,50.0,NONE,f,"{""data_origin"": ""synthetic"", ""reference"": ""Vinhomes Smart City""}"
834,VHSC-U-00834,S3.01-32.25,1,5,2PN,2,2,58.68,69.04,32,HIGH,S,N,CITY_OPEN,f,0.850,12.0,f,0,0.05,50.0,NONE,f,"{""data_origin"": ""synthetic"", ""reference"": ""Vinhomes Smart City""}"
835,VHSC-U-00835,S3.01-06.26,1,5,3PN,3,2,80.66,94.89,6,MID,N,N,CITY_OPEN,f,0.850,12.0,f,0,0.05,50.0,NONE,f,"{""data_origin"": ""synthetic"", ""reference"": ""Vinhomes Smart City""}"
836,VHSC-U-00836,S3.01-13.27,1,5,STUDIO,0,1,29.74,34.99,13,MID,NE,N,CITY_OPEN,f,0.850,12.0,f,0,0.05,50.0,NONE,t,"{""data_origin"": ""synthetic"", ""reference"": ""Vinhomes Smart City""}"
837,VHSC-U-00837,S3.01-20.28,1,5,1PN,1,1,43.59,51.28,20,MID,SW,N,CITY_OPEN,f,0.850,12.0,f,0,0.45,50.0,NONE,f,"{""data_origin"": ""synthetic"", ""reference"": ""Vinhomes Smart City""}"
838,VHSC-U-00838,S3.01-27.29,1,5,2PN,2,2,56.55,66.53,27,HIGH,W,N,CITY_OPEN,f,0.850,12.0,f,0,0.45,50.0,NONE,f,"{""data_origin"": ""synthetic"", ""reference"": ""Vinhomes Smart City""}"
839,VHSC-U-00839,S3.01-34.30,1,5,3PN,3,2,87.05,102.41,34,HIGH,NW,N,CITY_OPEN,f,0.850,12.0,f,0,0.45,50.0,NONE,f,"{""data_origin"": ""synthetic"", ""reference"": ""Vinhomes Smart City""}"
840,VHSC-U-00840,S3.01-08.01,1,5,STUDIO,0,1,34.92,41.08,8,MID,E,N,CITY_OPEN,t,0.850,12.0,f,0,0.05,50.0,NONE,f,"{""data_origin"": ""synthetic"", ""reference"": ""Vinhomes Smart City""}"
841,VHSC-U-00841,S3.01-15.02,1,5,1PN,1,1,45.00,52.94,15,MID,SE,N,CITY_OPEN,f,0.850,12.0,f,0,0.05,50.0,NONE,f,"{""data_origin"": ""synthetic"", ""reference"": ""Vinhomes Smart City""}"
842,VHSC-U-00842,S3.01-22.03,1,5,2PN,2,2,66.51,78.25,22,HIGH,S,N,CITY_OPEN,f,0.850,12.0,f,0,0.05,50.0,NONE,f,"{""data_origin"": ""synthetic"", ""reference"": ""Vinhomes Smart City""}"
843,VHSC-U-00843,S3.01-29.04,1,5,3PN,3,2,82.85,97.47,29,HIGH,N,N,CITY_OPEN,f,0.850,12.0,f,0,0.05,50.0,NONE,f,"{""data_origin"": ""synthetic"", ""reference"": ""Vinhomes Smart City""}"
844,VHSC-U-00844,S3.01-03.05,1,5,2PN,2,2,65.58,77.15,3,LOW,NE,N,CITY_OPEN,f,0.850,12.0,f,0,0.05,50.0,NONE,f,"{""data_origin"": ""synthetic"", ""reference"": ""Vinhomes Smart City""}"
845,VHSC-U-00845,S3.01-10.06,1,5,1PN,1,1,42.02,49.44,10,MID,SW,N,CITY_OPEN,f,0.850,12.0,f,0,0.45,50.0,NONE,f,"{""data_origin"": ""synthetic"", ""reference"": ""Vinhomes Smart City""}"
846,VHSC-U-00846,S3.01-17.07,1,5,2PN,2,2,62.51,73.54,17,MID,W,N,CITY_OPEN,f,0.850,12.0,f,0,0.45,50.0,NONE,f,"{""data_origin"": ""synthetic"", ""reference"": ""Vinhomes Smart City""}"
847,VHSC-U-00847,S3.01-24.08,1,5,3PN,3,2,90.73,106.74,24,HIGH,NW,N,CITY_OPEN,f,0.850,12.0,f,0,0.45,50.0,NONE,f,"{""data_origin"": ""synthetic"", ""reference"": ""Vinhomes Smart City""}"
848,VHSC-U-00848,S3.01-31.09,1,5,STUDIO,0,1,31.45,37.00,31,HIGH,E,N,CITY_OPEN,f,0.850,12.0,f,0,0.05,50.0,NONE,f,"{""data_origin"": ""synthetic"", ""reference"": ""Vinhomes Smart City""}"
849,VHSC-U-00849,S3.01-05.10,1,5,2PN,2,2,67.73,79.68,5,LOW,SE,N,CITY_OPEN,f,0.850,1.5,f,0,0.05,50.0,NONE,f,"{""data_origin"": ""synthetic"", ""reference"": ""Vinhomes Smart City""}"
850,VHSC-U-00850,S3.01-12.11,1,5,2PN,2,2,62.48,73.51,12,MID,S,N,CITY_OPEN,t,0.850,12.0,f,0,0.05,50.0,NONE,f,"{""data_origin"": ""synthetic"", ""reference"": ""Vinhomes Smart City""}"
851,VHSC-U-00851,S3.01-19.12,1,5,3PN,3,2,83.55,98.29,19,MID,N,N,CITY_OPEN,f,0.850,12.0,f,0,0.05,50.0,NONE,f,"{""data_origin"": ""synthetic"", ""reference"": ""Vinhomes Smart City""}"
852,VHSC-U-00852,S3.01-26.13,1,5,1PN,1,1,44.38,52.21,26,HIGH,NE,N,CITY_OPEN,f,0.850,12.0,f,0,0.05,50.0,NONE,f,"{""data_origin"": ""synthetic"", ""reference"": ""Vinhomes Smart City""}"
853,VHSC-U-00853,S3.01-33.14,1,5,1PN,1,1,42.82,50.38,33,HIGH,SW,N,CITY_OPEN,f,0.850,12.0,f,0,0.45,50.0,NONE,f,"{""data_origin"": ""synthetic"", ""reference"": ""Vinhomes Smart City""}"
854,VHSC-U-00854,S3.01-07.15,1,5,1PN,1,1,44.49,52.34,7,MID,W,N,CITY_OPEN,f,0.850,12.0,f,0,0.45,50.0,NONE,t,"{""data_origin"": ""synthetic"", ""reference"": ""Vinhomes Smart City""}"
855,VHSC-U-00855,S3.01-14.16,1,5,3PN,3,2,80.83,95.09,14,MID,NW,N,CITY_OPEN,f,0.850,12.0,f,0,0.45,50.0,NONE,t,"{""data_origin"": ""synthetic"", ""reference"": ""Vinhomes Smart City""}"
856,VHSC-U-00856,S3.01-21.17,1,5,STUDIO,0,1,32.47,38.20,21,HIGH,E,N,CITY_OPEN,f,0.850,12.0,f,0,0.05,50.0,NONE,f,"{""data_origin"": ""synthetic"", ""reference"": ""Vinhomes Smart City""}"
857,VHSC-U-00857,S3.01-28.18,1,5,1PN,1,1,42.57,50.08,28,HIGH,SE,N,CITY_OPEN,f,0.850,12.0,f,0,0.05,50.0,NONE,f,"{""data_origin"": ""synthetic"", ""reference"": ""Vinhomes Smart City""}"
858,VHSC-U-00858,S3.01-02.19,1,5,2PN,2,2,69.32,81.55,2,LOW,S,N,CITY_OPEN,f,0.850,12.0,f,0,0.05,50.0,NONE,f,"{""data_origin"": ""synthetic"", ""reference"": ""Vinhomes Smart City""}"
859,VHSC-U-00859,S3.01-09.20,1,5,3PN,3,2,91.68,107.86,9,MID,N,N,CITY_OPEN,f,0.850,12.0,f,0,0.05,50.0,NONE,f,"{""data_origin"": ""synthetic"", ""reference"": ""Vinhomes Smart City""}"
860,VHSC-U-00860,S3.01-16.21,1,5,STUDIO,0,1,34.53,40.62,16,MID,NE,N,CITY_OPEN,t,0.850,12.0,f,0,0.05,50.0,NONE,f,"{""data_origin"": ""synthetic"", ""reference"": ""Vinhomes Smart City""}"
861,VHSC-U-00861,S3.01-23.22,1,5,1PN,1,1,45.32,53.32,23,HIGH,SW,N,CITY_OPEN,f,0.850,12.0,f,0,0.45,50.0,NONE,f,"{""data_origin"": ""synthetic"", ""reference"": ""Vinhomes Smart City""}"
862,VHSC-U-00862,S3.01-30.23,1,5,2PN,2,2,62.62,73.67,30,HIGH,W,N,CITY_OPEN,f,0.850,12.0,f,0,0.45,50.0,NONE,f,"{""data_origin"": ""synthetic"", ""reference"": ""Vinhomes Smart City""}"
863,VHSC-U-00863,S3.01-04.24,1,5,3PN,3,2,85.79,100.93,4,LOW,NW,N,CITY_OPEN,f,0.850,12.0,f,0,0.45,50.0,NONE,t,"{""data_origin"": ""synthetic"", ""reference"": ""Vinhomes Smart City""}"
864,VHSC-U-00864,S3.01-11.25,1,5,STUDIO,0,1,31.95,37.59,11,MID,E,N,CITY_OPEN,f,0.850,12.0,f,0,0.05,50.0,NONE,f,"{""data_origin"": ""synthetic"", ""reference"": ""Vinhomes Smart City""}"
865,VHSC-U-00865,S3.01-18.26,1,5,1PN,1,1,38.33,45.09,18,MID,SE,N,CITY_OPEN,f,0.850,12.0,f,0,0.05,50.0,NONE,f,"{""data_origin"": ""synthetic"", ""reference"": ""Vinhomes Smart City""}"
866,VHSC-U-00866,S3.01-25.27,1,5,2PN,2,2,56.87,66.91,25,HIGH,S,N,CITY_OPEN,f,0.850,12.0,f,0,0.05,50.0,NONE,f,"{""data_origin"": ""synthetic"", ""reference"": ""Vinhomes Smart City""}"
867,VHSC-U-00867,S3.01-32.28,1,5,3PN,3,2,87.61,103.07,32,HIGH,N,N,CITY_OPEN,f,0.850,12.0,f,0,0.05,50.0,NONE,f,"{""data_origin"": ""synthetic"", ""reference"": ""Vinhomes Smart City""}"
868,VHSC-U-00868,S3.01-06.29,1,5,STUDIO,0,1,33.46,39.36,6,MID,NE,N,CITY_OPEN,f,0.850,12.0,f,0,0.05,50.0,NONE,f,"{""data_origin"": ""synthetic"", ""reference"": ""Vinhomes Smart City""}"
869,VHSC-U-00869,S3.01-13.30,1,5,1PN,1,1,43.76,51.48,13,MID,SW,N,CITY_OPEN,f,0.850,12.0,f,0,0.45,50.0,NONE,t,"{""data_origin"": ""synthetic"", ""reference"": ""Vinhomes Smart City""}"
870,VHSC-U-00870,S3.01-20.01,1,5,2PN,2,2,60.68,71.39,20,MID,W,N,CITY_OPEN,t,0.850,12.0,f,0,0.45,50.0,NONE,f,"{""data_origin"": ""synthetic"", ""reference"": ""Vinhomes Smart City""}"
871,VHSC-U-00871,S3.01-27.02,1,5,3PN,3,2,86.66,101.95,27,HIGH,NW,N,CITY_OPEN,f,0.850,12.0,f,0,0.45,50.0,NONE,f,"{""data_origin"": ""synthetic"", ""reference"": ""Vinhomes Smart City""}"
872,VHSC-U-00872,S3.01-34.03,1,5,STUDIO,0,1,33.85,39.82,34,HIGH,E,N,CITY_OPEN,f,0.850,12.0,f,0,0.05,50.0,NONE,f,"{""data_origin"": ""synthetic"", ""reference"": ""Vinhomes Smart City""}"
873,VHSC-U-00873,S3.01-08.04,1,5,1PN,1,1,41.53,48.86,8,MID,SE,N,CITY_OPEN,f,0.850,12.0,f,0,0.05,50.0,NONE,f,"{""data_origin"": ""synthetic"", ""reference"": ""Vinhomes Smart City""}"
874,VHSC-U-00874,S3.01-15.05,1,5,2PN,2,2,61.05,71.82,15,MID,S,N,CITY_OPEN,f,0.850,12.0,f,0,0.05,50.0,NONE,f,"{""data_origin"": ""synthetic"", ""reference"": ""Vinhomes Smart City""}"
875,VHSC-U-00875,S3.01-22.06,1,5,3PN,3,2,89.90,105.76,22,HIGH,N,N,CITY_OPEN,f,0.850,12.0,f,0,0.05,50.0,NONE,f,"{""data_origin"": ""synthetic"", ""reference"": ""Vinhomes Smart City""}"
876,VHSC-U-00876,S3.01-29.07,1,5,STUDIO,0,1,31.19,36.69,29,HIGH,NE,N,CITY_OPEN,f,0.850,12.0,f,0,0.05,50.0,NONE,f,"{""data_origin"": ""synthetic"", ""reference"": ""Vinhomes Smart City""}"
877,VHSC-U-00877,S3.01-03.08,1,5,1PN,1,1,46.21,54.36,3,LOW,SW,N,CITY_OPEN,f,0.850,12.0,f,0,0.45,50.0,NONE,f,"{""data_origin"": ""synthetic"", ""reference"": ""Vinhomes Smart City""}"
878,VHSC-U-00878,S3.01-10.09,1,5,2PN,2,2,55.31,65.07,10,MID,W,N,CITY_OPEN,f,0.850,12.0,f,0,0.45,50.0,NONE,f,"{""data_origin"": ""synthetic"", ""reference"": ""Vinhomes Smart City""}"
879,VHSC-U-00879,S3.01-17.10,1,5,3PN,3,2,93.95,110.53,17,MID,NW,N,CITY_OPEN,f,0.850,12.0,f,0,0.45,50.0,NONE,f,"{""data_origin"": ""synthetic"", ""reference"": ""Vinhomes Smart City""}"
880,VHSC-U-00880,S3.01-24.11,1,5,STUDIO,0,1,32.76,38.54,24,HIGH,E,N,CITY_OPEN,t,0.850,12.0,f,0,0.05,50.0,NONE,f,"{""data_origin"": ""synthetic"", ""reference"": ""Vinhomes Smart City""}"
881,VHSC-U-00881,S3.01-31.12,1,5,1PN,1,1,39.04,45.93,31,HIGH,SE,N,CITY_OPEN,f,0.850,12.0,f,0,0.05,50.0,NONE,f,"{""data_origin"": ""synthetic"", ""reference"": ""Vinhomes Smart City""}"
882,VHSC-U-00882,S3.01-05.13,1,5,2PN,2,2,58.35,68.65,5,LOW,S,N,CITY_OPEN,f,0.850,12.0,f,0,0.05,50.0,NONE,f,"{""data_origin"": ""synthetic"", ""reference"": ""Vinhomes Smart City""}"
883,VHSC-U-00883,S3.01-12.14,1,5,3PN,3,2,86.59,101.87,12,MID,N,N,CITY_OPEN,f,0.850,12.0,f,0,0.05,50.0,NONE,f,"{""data_origin"": ""synthetic"", ""reference"": ""Vinhomes Smart City""}"
884,VHSC-U-00884,S3.01-19.15,1,5,STUDIO,0,1,28.77,33.85,19,MID,NE,N,CITY_OPEN,f,0.850,12.0,f,0,0.05,50.0,NONE,f,"{""data_origin"": ""synthetic"", ""reference"": ""Vinhomes Smart City""}"
885,VHSC-U-00885,S3.01-26.16,1,5,1PN,1,1,43.41,51.07,26,HIGH,SW,N,CITY_OPEN,f,0.850,12.0,f,0,0.45,50.0,NONE,f,"{""data_origin"": ""synthetic"", ""reference"": ""Vinhomes Smart City""}"
886,VHSC-U-00886,S3.01-33.17,1,5,2PN,2,2,58.40,68.71,33,HIGH,W,N,CITY_OPEN,f,0.850,12.0,f,0,0.45,50.0,NONE,f,"{""data_origin"": ""synthetic"", ""reference"": ""Vinhomes Smart City""}"
887,VHSC-U-00887,S3.01-07.18,1,5,3PN,3,2,89.79,105.64,7,MID,NW,N,CITY_OPEN,f,0.850,12.0,f,0,0.45,50.0,NONE,t,"{""data_origin"": ""synthetic"", ""reference"": ""Vinhomes Smart City""}"
888,VHSC-U-00888,S3.01-14.19,1,5,STUDIO,0,1,33.69,39.64,14,MID,E,N,CITY_OPEN,f,0.850,12.0,f,0,0.05,50.0,NONE,t,"{""data_origin"": ""synthetic"", ""reference"": ""Vinhomes Smart City""}"
889,VHSC-U-00889,S3.01-21.20,1,5,1PN,1,1,39.04,45.93,21,HIGH,SE,N,CITY_OPEN,f,0.850,12.0,f,0,0.05,50.0,NONE,f,"{""data_origin"": ""synthetic"", ""reference"": ""Vinhomes Smart City""}"
890,VHSC-U-00890,S3.01-28.21,1,5,2PN,2,2,68.20,80.24,28,HIGH,S,N,CITY_OPEN,t,0.850,12.0,f,0,0.05,50.0,NONE,f,"{""data_origin"": ""synthetic"", ""reference"": ""Vinhomes Smart City""}"
891,VHSC-U-00891,S3.01-02.22,1,5,3PN,3,2,86.80,102.12,2,LOW,N,N,CITY_OPEN,f,0.850,12.0,f,0,0.05,50.0,NONE,f,"{""data_origin"": ""synthetic"", ""reference"": ""Vinhomes Smart City""}"
892,VHSC-U-00892,S3.01-09.23,1,5,STUDIO,0,1,28.20,33.18,9,MID,NE,N,CITY_OPEN,f,0.850,12.0,f,0,0.05,50.0,NONE,f,"{""data_origin"": ""synthetic"", ""reference"": ""Vinhomes Smart City""}"
893,VHSC-U-00893,S3.01-16.24,1,5,1PN,1,1,40.32,47.44,16,MID,SW,N,CITY_OPEN,f,0.850,12.0,f,0,0.45,50.0,NONE,f,"{""data_origin"": ""synthetic"", ""reference"": ""Vinhomes Smart City""}"
894,VHSC-U-00894,S3.01-23.25,1,5,2PN,2,2,67.45,79.35,23,HIGH,W,N,CITY_OPEN,f,0.850,12.0,f,0,0.45,50.0,NONE,f,"{""data_origin"": ""synthetic"", ""reference"": ""Vinhomes Smart City""}"
895,VHSC-U-00895,S3.01-30.26,1,5,3PN,3,2,80.87,95.14,30,HIGH,NW,N,CITY_OPEN,f,0.850,12.0,f,0,0.45,50.0,NONE,f,"{""data_origin"": ""synthetic"", ""reference"": ""Vinhomes Smart City""}"
896,VHSC-U-00896,S3.01-04.27,1,5,STUDIO,0,1,28.75,33.82,4,LOW,E,N,CITY_OPEN,f,0.850,12.0,f,0,0.05,50.0,NONE,t,"{""data_origin"": ""synthetic"", ""reference"": ""Vinhomes Smart City""}"
897,VHSC-U-00897,S3.01-11.28,1,5,1PN,1,1,43.23,50.86,11,MID,SE,N,CITY_OPEN,f,0.850,12.0,f,0,0.05,50.0,NONE,f,"{""data_origin"": ""synthetic"", ""reference"": ""Vinhomes Smart City""}"
898,VHSC-U-00898,S3.01-18.29,1,5,2PN,2,2,55.35,65.12,18,MID,S,N,CITY_OPEN,f,0.850,12.0,f,0,0.05,50.0,NONE,f,"{""data_origin"": ""synthetic"", ""reference"": ""Vinhomes Smart City""}"
899,VHSC-U-00899,S3.01-25.30,1,5,3PN,3,2,94.65,111.35,25,HIGH,N,N,CITY_OPEN,f,0.850,12.0,f,0,0.05,50.0,NONE,f,"{""data_origin"": ""synthetic"", ""reference"": ""Vinhomes Smart City""}"
900,VHSC-U-00900,S3.01-32.01,1,5,STUDIO,0,1,29.21,34.36,32,HIGH,NE,N,CITY_OPEN,t,0.850,12.0,f,0,0.05,50.0,NONE,f,"{""data_origin"": ""synthetic"", ""reference"": ""Vinhomes Smart City""}"
901,VHSC-U-00901,S3.01-06.02,1,5,1PN,1,1,40.69,47.87,6,MID,SW,N,CITY_OPEN,f,0.850,12.0,f,0,0.45,50.0,NONE,f,"{""data_origin"": ""synthetic"", ""reference"": ""Vinhomes Smart City""}"
902,VHSC-U-00902,S3.01-13.03,1,5,2PN,2,2,69.34,81.58,13,MID,W,N,CITY_OPEN,f,0.850,12.0,f,0,0.45,50.0,NONE,t,"{""data_origin"": ""synthetic"", ""reference"": ""Vinhomes Smart City""}"
903,VHSC-U-00903,S3.01-20.04,1,5,3PN,3,2,85.21,100.25,20,MID,NW,N,CITY_OPEN,f,0.850,12.0,f,0,0.45,50.0,NONE,f,"{""data_origin"": ""synthetic"", ""reference"": ""Vinhomes Smart City""}"
904,VHSC-U-00904,S3.01-27.05,1,5,STUDIO,0,1,30.38,35.74,27,HIGH,E,N,CITY_OPEN,f,0.850,12.0,f,0,0.05,50.0,NONE,f,"{""data_origin"": ""synthetic"", ""reference"": ""Vinhomes Smart City""}"
905,VHSC-U-00905,S3.01-34.06,1,5,1PN,1,1,46.58,54.80,34,HIGH,SE,N,CITY_OPEN,f,0.850,12.0,f,0,0.05,50.0,NONE,f,"{""data_origin"": ""synthetic"", ""reference"": ""Vinhomes Smart City""}"
906,VHSC-U-00906,S3.01-08.07,1,5,2PN,2,2,57.79,67.99,8,MID,S,N,CITY_OPEN,f,0.850,12.0,f,0,0.05,50.0,NONE,f,"{""data_origin"": ""synthetic"", ""reference"": ""Vinhomes Smart City""}"
907,VHSC-U-00907,S3.01-15.08,1,5,3PN,3,2,92.77,109.14,15,MID,N,N,CITY_OPEN,f,0.850,12.0,f,0,0.05,50.0,NONE,f,"{""data_origin"": ""synthetic"", ""reference"": ""Vinhomes Smart City""}"
908,VHSC-U-00908,S3.01-22.09,1,5,STUDIO,0,1,33.39,39.28,22,HIGH,NE,N,CITY_OPEN,f,0.850,12.0,f,0,0.05,50.0,NONE,f,"{""data_origin"": ""synthetic"", ""reference"": ""Vinhomes Smart City""}"
909,VHSC-U-00909,S3.01-29.10,1,5,1PN,1,1,44.31,52.13,29,HIGH,SW,N,CITY_OPEN,f,0.850,12.0,f,0,0.45,50.0,NONE,f,"{""data_origin"": ""synthetic"", ""reference"": ""Vinhomes Smart City""}"
910,VHSC-U-00910,S3.01-03.11,1,5,2PN,2,2,66.93,78.74,3,LOW,W,N,CITY_OPEN,t,0.850,12.0,f,0,0.45,50.0,NONE,f,"{""data_origin"": ""synthetic"", ""reference"": ""Vinhomes Smart City""}"
911,VHSC-U-00911,S3.01-10.12,1,5,3PN,3,2,85.33,100.39,10,MID,NW,N,CITY_OPEN,f,0.850,12.0,f,0,0.45,50.0,NONE,f,"{""data_origin"": ""synthetic"", ""reference"": ""Vinhomes Smart City""}"
912,VHSC-U-00912,S3.01-17.13,1,5,STUDIO,0,1,33.02,38.85,17,MID,E,N,CITY_OPEN,f,0.850,12.0,f,0,0.05,50.0,NONE,f,"{""data_origin"": ""synthetic"", ""reference"": ""Vinhomes Smart City""}"
913,VHSC-U-00913,S3.01-24.14,1,5,1PN,1,1,45.79,53.87,24,HIGH,SE,N,CITY_OPEN,f,0.850,12.0,f,0,0.05,50.0,NONE,f,"{""data_origin"": ""synthetic"", ""reference"": ""Vinhomes Smart City""}"
914,VHSC-U-00914,S3.01-31.15,1,5,2PN,2,2,66.41,78.13,31,HIGH,S,N,CITY_OPEN,f,0.850,1.5,f,0,0.05,50.0,NONE,f,"{""data_origin"": ""synthetic"", ""reference"": ""Vinhomes Smart City""}"
915,VHSC-U-00915,S3.01-05.16,1,5,3PN,3,2,86.66,101.95,5,LOW,N,N,CITY_OPEN,f,0.850,12.0,f,0,0.05,50.0,NONE,f,"{""data_origin"": ""synthetic"", ""reference"": ""Vinhomes Smart City""}"
916,VHSC-U-00916,S3.01-12.17,1,5,STUDIO,0,1,32.22,37.91,12,MID,NE,N,CITY_OPEN,f,0.850,12.0,f,0,0.05,50.0,NONE,f,"{""data_origin"": ""synthetic"", ""reference"": ""Vinhomes Smart City""}"
917,VHSC-U-00917,S3.01-19.18,1,5,1PN,1,1,41.10,48.35,19,MID,SW,N,CITY_OPEN,f,0.850,12.0,f,0,0.45,50.0,NONE,f,"{""data_origin"": ""synthetic"", ""reference"": ""Vinhomes Smart City""}"
918,VHSC-U-00918,S3.01-26.19,1,5,2PN,2,2,63.48,74.68,26,HIGH,W,N,CITY_OPEN,f,0.850,12.0,f,0,0.45,50.0,NONE,f,"{""data_origin"": ""synthetic"", ""reference"": ""Vinhomes Smart City""}"
919,VHSC-U-00919,S3.01-33.20,1,5,3PN,3,2,83.03,97.68,33,HIGH,NW,N,CITY_OPEN,f,0.850,12.0,f,0,0.45,50.0,NONE,f,"{""data_origin"": ""synthetic"", ""reference"": ""Vinhomes Smart City""}"
920,VHSC-U-00920,S3.01-07.21,1,5,STUDIO,0,1,30.55,35.94,7,MID,E,N,CITY_OPEN,t,0.850,12.0,f,0,0.05,50.0,NONE,t,"{""data_origin"": ""synthetic"", ""reference"": ""Vinhomes Smart City""}"
921,VHSC-U-00921,S3.01-14.22,1,5,1PN,1,1,43.53,51.21,14,MID,SE,N,CITY_OPEN,f,0.850,12.0,f,0,0.05,50.0,NONE,t,"{""data_origin"": ""synthetic"", ""reference"": ""Vinhomes Smart City""}"
922,VHSC-U-00922,S3.01-21.23,1,5,2PN,2,2,60.50,71.18,21,HIGH,S,N,CITY_OPEN,f,0.850,12.0,f,0,0.05,50.0,NONE,f,"{""data_origin"": ""synthetic"", ""reference"": ""Vinhomes Smart City""}"
923,VHSC-U-00923,S3.01-28.24,1,5,3PN,3,2,94.04,110.64,28,HIGH,N,N,CITY_OPEN,f,0.850,12.0,f,0,0.05,50.0,NONE,f,"{""data_origin"": ""synthetic"", ""reference"": ""Vinhomes Smart City""}"
924,VHSC-U-00924,S3.01-02.25,1,5,STUDIO,0,1,32.39,38.11,2,LOW,NE,N,CITY_OPEN,f,0.850,12.0,f,0,0.05,50.0,NONE,f,"{""data_origin"": ""synthetic"", ""reference"": ""Vinhomes Smart City""}"
925,VHSC-U-00925,S3.01-09.26,1,5,1PN,1,1,46.47,54.67,9,MID,SW,N,CITY_OPEN,f,0.850,12.0,f,0,0.45,50.0,NONE,f,"{""data_origin"": ""synthetic"", ""reference"": ""Vinhomes Smart City""}"
926,VHSC-U-00926,S3.01-16.27,1,5,2PN,2,2,69.72,82.02,16,MID,W,N,CITY_OPEN,f,0.850,12.0,f,0,0.45,50.0,NONE,f,"{""data_origin"": ""synthetic"", ""reference"": ""Vinhomes Smart City""}"
927,VHSC-U-00927,S3.01-23.28,1,5,3PN,3,2,83.81,98.60,23,HIGH,NW,N,CITY_OPEN,f,0.850,12.0,f,0,0.45,50.0,NONE,f,"{""data_origin"": ""synthetic"", ""reference"": ""Vinhomes Smart City""}"
928,VHSC-U-00928,S3.01-30.29,1,5,STUDIO,0,1,33.65,39.59,30,HIGH,E,N,CITY_OPEN,f,0.850,12.0,f,0,0.05,50.0,NONE,f,"{""data_origin"": ""synthetic"", ""reference"": ""Vinhomes Smart City""}"
929,VHSC-U-00929,S3.01-04.30,1,5,1PN,1,1,47.60,56.00,4,LOW,SE,N,CITY_OPEN,f,0.850,12.0,f,0,0.05,50.0,NONE,t,"{""data_origin"": ""synthetic"", ""reference"": ""Vinhomes Smart City""}"
930,VHSC-U-00930,S3.01-11.01,1,5,2PN,2,2,57.38,67.51,11,MID,S,N,CITY_OPEN,t,0.850,12.0,f,0,0.05,50.0,NONE,f,"{""data_origin"": ""synthetic"", ""reference"": ""Vinhomes Smart City""}"
931,VHSC-U-00931,S3.01-18.02,1,5,3PN,3,2,90.00,105.88,18,MID,N,N,CITY_OPEN,f,0.850,12.0,f,0,0.05,50.0,NONE,f,"{""data_origin"": ""synthetic"", ""reference"": ""Vinhomes Smart City""}"
932,VHSC-U-00932,S3.01-25.03,1,5,STUDIO,0,1,28.39,33.40,25,HIGH,NE,N,CITY_OPEN,f,0.850,12.0,f,0,0.05,50.0,NONE,f,"{""data_origin"": ""synthetic"", ""reference"": ""Vinhomes Smart City""}"
933,VHSC-U-00933,S3.01-32.04,1,5,1PN,1,1,43.58,51.27,32,HIGH,SW,N,CITY_OPEN,f,0.850,12.0,f,0,0.45,50.0,NONE,f,"{""data_origin"": ""synthetic"", ""reference"": ""Vinhomes Smart City""}"
934,VHSC-U-00934,S3.01-06.05,1,5,2PN,2,2,67.45,79.35,6,MID,W,N,CITY_OPEN,f,0.850,12.0,f,0,0.45,50.0,NONE,f,"{""data_origin"": ""synthetic"", ""reference"": ""Vinhomes Smart City""}"
935,VHSC-U-00935,S3.01-13.06,1,5,3PN,3,2,84.19,99.05,13,MID,NW,N,CITY_OPEN,f,0.850,12.0,f,0,0.45,50.0,NONE,t,"{""data_origin"": ""synthetic"", ""reference"": ""Vinhomes Smart City""}"
936,VHSC-U-00936,S3.01-20.07,1,5,STUDIO,0,1,30.97,36.44,20,MID,E,N,CITY_OPEN,f,0.850,12.0,f,0,0.05,50.0,NONE,f,"{""data_origin"": ""synthetic"", ""reference"": ""Vinhomes Smart City""}"
937,VHSC-U-00937,S3.01-27.08,1,5,1PN,1,1,42.56,50.07,27,HIGH,SE,N,CITY_OPEN,f,0.850,12.0,f,0,0.05,50.0,NONE,f,"{""data_origin"": ""synthetic"", ""reference"": ""Vinhomes Smart City""}"
938,VHSC-U-00938,S3.01-34.09,1,5,2PN,2,2,61.88,72.80,34,HIGH,S,N,CITY_OPEN,f,0.850,12.0,f,0,0.05,50.0,NONE,f,"{""data_origin"": ""synthetic"", ""reference"": ""Vinhomes Smart City""}"
939,VHSC-U-00939,S3.01-08.10,1,5,3PN,3,2,88.58,104.21,8,MID,N,N,CITY_OPEN,f,0.850,12.0,f,0,0.05,50.0,NONE,f,"{""data_origin"": ""synthetic"", ""reference"": ""Vinhomes Smart City""}"
940,VHSC-U-00940,S3.01-15.11,1,5,STUDIO,0,1,30.12,35.44,15,MID,NE,N,CITY_OPEN,t,0.850,12.0,f,0,0.05,50.0,NONE,f,"{""data_origin"": ""synthetic"", ""reference"": ""Vinhomes Smart City""}"
941,VHSC-U-00941,S3.01-22.12,1,5,3PN,3,2,94.00,110.59,22,HIGH,SW,N,CITY_OPEN,f,0.850,12.0,f,0,0.45,50.0,NONE,f,"{""data_origin"": ""synthetic"", ""reference"": ""Vinhomes Smart City""}"
942,VHSC-U-00942,S3.01-29.13,1,5,2PN,2,2,56.36,66.31,29,HIGH,W,N,CITY_OPEN,f,0.850,12.0,f,0,0.45,50.0,NONE,f,"{""data_origin"": ""synthetic"", ""reference"": ""Vinhomes Smart City""}"
943,VHSC-U-00943,S3.01-03.14,1,5,3PN,3,2,87.32,102.73,3,LOW,NW,N,CITY_OPEN,f,0.850,12.0,f,0,0.45,50.0,NONE,f,"{""data_origin"": ""synthetic"", ""reference"": ""Vinhomes Smart City""}"
944,VHSC-U-00944,S3.01-10.15,1,5,STUDIO,0,1,28.58,33.62,10,MID,E,N,CITY_OPEN,f,0.850,12.0,f,0,0.05,50.0,NONE,f,"{""data_origin"": ""synthetic"", ""reference"": ""Vinhomes Smart City""}"
945,VHSC-U-00945,S3.01-17.16,1,5,1PN,1,1,41.74,49.11,17,MID,SE,N,CITY_OPEN,f,0.850,12.0,f,0,0.05,50.0,NONE,f,"{""data_origin"": ""synthetic"", ""reference"": ""Vinhomes Smart City""}"
946,VHSC-U-00946,S3.01-24.17,1,5,2PN,2,2,55.24,64.99,24,HIGH,S,N,CITY_OPEN,f,0.850,12.0,f,0,0.05,50.0,NONE,f,"{""data_origin"": ""synthetic"", ""reference"": ""Vinhomes Smart City""}"
947,VHSC-U-00947,S3.01-31.18,1,5,3PN,3,2,83.73,98.51,31,HIGH,N,N,CITY_OPEN,f,0.850,12.0,f,0,0.05,50.0,NONE,f,"{""data_origin"": ""synthetic"", ""reference"": ""Vinhomes Smart City""}"
948,VHSC-U-00948,S3.01-05.19,1,5,2PN,2,2,56.72,66.73,5,LOW,W,N,CITY_OPEN,f,0.850,12.0,f,0,0.80,50.0,NONE,f,"{""data_origin"": ""synthetic"", ""reference"": ""Vinhomes Smart City""}"
949,VHSC-U-00949,S3.01-12.20,1,5,1PN,1,1,38.06,44.78,12,MID,SW,N,CITY_OPEN,f,0.850,12.0,f,0,0.45,50.0,NONE,f,"{""data_origin"": ""synthetic"", ""reference"": ""Vinhomes Smart City""}"
950,VHSC-U-00950,S3.01-19.21,1,5,2PN,2,2,55.21,64.95,19,MID,W,N,CITY_OPEN,t,0.850,12.0,f,0,0.45,50.0,NONE,f,"{""data_origin"": ""synthetic"", ""reference"": ""Vinhomes Smart City""}"
951,VHSC-U-00951,S3.01-26.22,1,5,3PN,3,2,90.14,106.05,26,HIGH,NW,N,CITY_OPEN,f,0.850,12.0,f,0,0.45,50.0,NONE,f,"{""data_origin"": ""synthetic"", ""reference"": ""Vinhomes Smart City""}"
952,VHSC-U-00952,S3.01-33.23,1,5,STUDIO,0,1,30.54,35.93,33,HIGH,E,N,CITY_OPEN,f,0.850,12.0,f,0,0.05,50.0,NONE,f,"{""data_origin"": ""synthetic"", ""reference"": ""Vinhomes Smart City""}"
953,VHSC-U-00953,S3.01-07.24,1,5,1PN,1,1,39.46,46.42,7,MID,SE,N,CITY_OPEN,f,0.850,12.0,f,0,0.05,50.0,NONE,t,"{""data_origin"": ""synthetic"", ""reference"": ""Vinhomes Smart City""}"
954,VHSC-U-00954,S3.01-14.25,1,5,2PN,2,2,63.43,74.62,14,MID,S,N,CITY_OPEN,f,0.850,12.0,f,0,0.05,50.0,NONE,t,"{""data_origin"": ""synthetic"", ""reference"": ""Vinhomes Smart City""}"
955,VHSC-U-00955,S3.01-21.26,1,5,3PN,3,2,81.79,96.22,21,HIGH,N,N,CITY_OPEN,f,0.850,12.0,f,0,0.05,50.0,NONE,f,"{""data_origin"": ""synthetic"", ""reference"": ""Vinhomes Smart City""}"
956,VHSC-U-00956,S3.01-28.27,1,5,STUDIO,0,1,31.77,37.38,28,HIGH,NE,N,CITY_OPEN,f,0.850,12.0,f,0,0.05,50.0,NONE,f,"{""data_origin"": ""synthetic"", ""reference"": ""Vinhomes Smart City""}"
957,VHSC-U-00957,S3.01-02.28,1,5,1PN,1,1,40.50,47.65,2,LOW,SW,N,CITY_OPEN,f,0.850,12.0,f,0,0.45,50.0,NONE,f,"{""data_origin"": ""synthetic"", ""reference"": ""Vinhomes Smart City""}"
958,VHSC-U-00958,S3.01-09.29,1,5,2PN,2,2,64.17,75.49,9,MID,W,N,CITY_OPEN,f,0.850,12.0,f,0,0.45,50.0,NONE,f,"{""data_origin"": ""synthetic"", ""reference"": ""Vinhomes Smart City""}"
959,VHSC-U-00959,S3.01-16.30,1,5,3PN,3,2,93.80,110.35,16,MID,NW,N,CITY_OPEN,f,0.850,12.0,f,0,0.45,50.0,NONE,f,"{""data_origin"": ""synthetic"", ""reference"": ""Vinhomes Smart City""}"
960,VHSC-U-00960,S3.01-23.01,1,5,STUDIO,0,1,32.04,37.69,23,HIGH,E,N,CITY_OPEN,t,0.850,12.0,f,0,0.05,50.0,NONE,f,"{""data_origin"": ""synthetic"", ""reference"": ""Vinhomes Smart City""}"
961,VHSC-U-00961,S3.01-30.02,1,5,1PN,1,1,42.05,49.47,30,HIGH,SE,N,CITY_OPEN,f,0.850,12.0,f,0,0.05,50.0,NONE,f,"{""data_origin"": ""synthetic"", ""reference"": ""Vinhomes Smart City""}"
962,VHSC-U-00962,S3.01-04.03,1,5,2PN,2,2,55.94,65.81,4,LOW,S,N,CITY_OPEN,f,0.850,12.0,f,0,0.05,50.0,NONE,t,"{""data_origin"": ""synthetic"", ""reference"": ""Vinhomes Smart City""}"
963,VHSC-U-00963,S3.01-11.04,1,5,3PN,3,2,93.55,110.06,11,MID,N,N,CITY_OPEN,f,0.850,12.0,f,0,0.05,50.0,NONE,f,"{""data_origin"": ""synthetic"", ""reference"": ""Vinhomes Smart City""}"
964,VHSC-U-00964,S3.01-18.05,1,5,STUDIO,0,1,30.73,36.15,18,MID,NE,N,CITY_OPEN,f,0.850,12.0,f,0,0.05,50.0,NONE,f,"{""data_origin"": ""synthetic"", ""reference"": ""Vinhomes Smart City""}"
965,VHSC-U-00965,S3.01-25.06,1,5,1PN,1,1,38.80,45.65,25,HIGH,SW,N,CITY_OPEN,f,0.850,12.0,f,0,0.45,50.0,NONE,f,"{""data_origin"": ""synthetic"", ""reference"": ""Vinhomes Smart City""}"
966,VHSC-U-00966,S3.01-32.07,1,5,2PN,2,2,64.28,75.62,32,HIGH,W,N,CITY_OPEN,f,0.850,12.0,f,0,0.45,50.0,NONE,f,"{""data_origin"": ""synthetic"", ""reference"": ""Vinhomes Smart City""}"
967,VHSC-U-00967,S3.01-06.08,1,5,3PN,3,2,84.26,99.13,6,MID,NW,N,CITY_OPEN,f,0.850,12.0,f,0,0.45,50.0,NONE,f,"{""data_origin"": ""synthetic"", ""reference"": ""Vinhomes Smart City""}"
968,VHSC-U-00968,S3.01-13.09,1,5,STUDIO,0,1,28.63,33.68,13,MID,E,N,CITY_OPEN,f,0.850,12.0,f,0,0.05,50.0,NONE,t,"{""data_origin"": ""synthetic"", ""reference"": ""Vinhomes Smart City""}"
969,VHSC-U-00969,S3.01-20.10,1,5,1PN,1,1,43.71,51.42,20,MID,SE,N,CITY_OPEN,f,0.850,12.0,f,0,0.05,50.0,NONE,f,"{""data_origin"": ""synthetic"", ""reference"": ""Vinhomes Smart City""}"
970,VHSC-U-00970,S3.01-27.11,1,5,2PN,2,2,62.45,73.47,27,HIGH,S,N,CITY_OPEN,t,0.850,12.0,f,0,0.05,50.0,NONE,f,"{""data_origin"": ""synthetic"", ""reference"": ""Vinhomes Smart City""}"
971,VHSC-U-00971,S3.01-34.12,1,5,2PN,2,2,58.25,68.53,34,HIGH,N,N,CITY_OPEN,f,0.850,12.0,f,0,0.05,50.0,NONE,f,"{""data_origin"": ""synthetic"", ""reference"": ""Vinhomes Smart City""}"
972,VHSC-U-00972,S3.01-08.13,1,5,STUDIO,0,1,28.15,33.12,8,MID,NE,N,CITY_OPEN,f,0.850,12.0,f,0,0.05,50.0,NONE,f,"{""data_origin"": ""synthetic"", ""reference"": ""Vinhomes Smart City""}"
973,VHSC-U-00973,S3.01-15.14,1,5,1PN,1,1,44.61,52.48,15,MID,SW,N,CITY_OPEN,f,0.850,12.0,f,0,0.45,50.0,NONE,f,"{""data_origin"": ""synthetic"", ""reference"": ""Vinhomes Smart City""}"
974,VHSC-U-00974,S3.01-22.15,1,5,2PN,2,2,66.90,78.71,22,HIGH,W,N,CITY_OPEN,f,0.850,12.0,f,0,0.45,50.0,NONE,f,"{""data_origin"": ""synthetic"", ""reference"": ""Vinhomes Smart City""}"
975,VHSC-U-00975,S3.01-29.16,1,5,3PN,3,2,81.66,96.07,29,HIGH,NW,N,CITY_OPEN,f,0.850,12.0,f,0,0.45,50.0,NONE,f,"{""data_origin"": ""synthetic"", ""reference"": ""Vinhomes Smart City""}"
976,VHSC-U-00976,S3.01-03.17,1,5,STUDIO,0,1,33.73,39.68,3,LOW,E,N,CITY_OPEN,f,0.850,12.0,f,0,0.05,50.0,NONE,f,"{""data_origin"": ""synthetic"", ""reference"": ""Vinhomes Smart City""}"
977,VHSC-U-00977,S3.01-10.18,1,5,1PN,1,1,41.95,49.35,10,MID,SE,N,CITY_OPEN,f,0.850,12.0,f,0,0.05,50.0,NONE,f,"{""data_origin"": ""synthetic"", ""reference"": ""Vinhomes Smart City""}"
978,VHSC-U-00978,S3.01-17.19,1,5,2PN,2,2,57.54,67.69,17,MID,S,N,CITY_OPEN,f,0.850,12.0,f,0,0.05,50.0,NONE,f,"{""data_origin"": ""synthetic"", ""reference"": ""Vinhomes Smart City""}"
979,VHSC-U-00979,S3.01-24.20,1,5,3PN,3,2,94.00,110.59,24,HIGH,N,N,CITY_OPEN,f,0.850,12.0,f,0,0.05,50.0,NONE,f,"{""data_origin"": ""synthetic"", ""reference"": ""Vinhomes Smart City""}"
980,VHSC-U-00980,S3.01-31.21,1,5,STUDIO,0,1,29.60,34.82,31,HIGH,NE,N,CITY_OPEN,t,0.850,12.0,f,0,0.05,50.0,NONE,f,"{""data_origin"": ""synthetic"", ""reference"": ""Vinhomes Smart City""}"
981,VHSC-U-00981,S3.01-05.22,1,5,1PN,1,1,46.94,55.22,5,LOW,SW,N,CITY_OPEN,f,0.850,12.0,f,0,0.45,50.0,NONE,f,"{""data_origin"": ""synthetic"", ""reference"": ""Vinhomes Smart City""}"
982,VHSC-U-00982,S3.01-12.23,1,5,2PN,2,2,63.40,74.59,12,MID,W,N,CITY_OPEN,f,0.850,12.0,f,0,0.45,50.0,NONE,f,"{""data_origin"": ""synthetic"", ""reference"": ""Vinhomes Smart City""}"
983,VHSC-U-00983,S3.01-19.24,1,5,3PN,3,2,94.58,111.27,19,MID,NW,N,CITY_OPEN,f,0.850,12.0,f,0,0.45,50.0,NONE,f,"{""data_origin"": ""synthetic"", ""reference"": ""Vinhomes Smart City""}"
984,VHSC-U-00984,S3.01-26.25,1,5,STUDIO,0,1,30.34,35.69,26,HIGH,E,N,CITY_OPEN,f,0.850,12.0,f,0,0.05,50.0,NONE,f,"{""data_origin"": ""synthetic"", ""reference"": ""Vinhomes Smart City""}"
985,VHSC-U-00985,S3.01-33.26,1,5,1PN,1,1,46.42,54.61,33,HIGH,SE,N,CITY_OPEN,f,0.850,12.0,f,0,0.05,50.0,NONE,f,"{""data_origin"": ""synthetic"", ""reference"": ""Vinhomes Smart City""}"
986,VHSC-U-00986,S3.01-07.27,1,5,2PN,2,2,67.44,79.34,7,MID,S,N,CITY_OPEN,f,0.850,12.0,f,0,0.05,50.0,NONE,t,"{""data_origin"": ""synthetic"", ""reference"": ""Vinhomes Smart City""}"
987,VHSC-U-00987,S3.01-14.28,1,5,3PN,3,2,91.39,107.52,14,MID,N,N,CITY_OPEN,f,0.850,12.0,f,0,0.05,50.0,NONE,t,"{""data_origin"": ""synthetic"", ""reference"": ""Vinhomes Smart City""}"
988,VHSC-U-00988,S3.01-21.29,1,5,2PN,2,2,55.48,65.27,21,HIGH,W,N,CITY_OPEN,f,0.850,12.0,f,0,0.80,50.0,NONE,f,"{""data_origin"": ""synthetic"", ""reference"": ""Vinhomes Smart City""}"
989,VHSC-U-00989,S3.01-28.30,1,5,1PN,1,1,42.53,50.04,28,HIGH,SW,N,CITY_OPEN,f,0.850,12.0,f,0,0.45,50.0,NONE,f,"{""data_origin"": ""synthetic"", ""reference"": ""Vinhomes Smart City""}"
990,VHSC-U-00990,S3.01-02.01,1,5,2PN,2,2,56.52,66.49,2,LOW,W,N,CITY_OPEN,t,0.850,12.0,f,0,0.45,50.0,NONE,f,"{""data_origin"": ""synthetic"", ""reference"": ""Vinhomes Smart City""}"
991,VHSC-U-00991,S3.01-09.02,1,5,3PN,3,2,84.94,99.93,9,MID,NW,N,CITY_OPEN,f,0.850,12.0,f,0,0.45,50.0,NONE,f,"{""data_origin"": ""synthetic"", ""reference"": ""Vinhomes Smart City""}"
992,VHSC-U-00992,S3.01-16.03,1,5,STUDIO,0,1,33.75,39.71,16,MID,E,N,CITY_OPEN,f,0.850,12.0,f,0,0.05,50.0,NONE,f,"{""data_origin"": ""synthetic"", ""reference"": ""Vinhomes Smart City""}"
993,VHSC-U-00993,S3.01-23.04,1,5,1PN,1,1,41.23,48.51,23,HIGH,SE,N,CITY_OPEN,f,0.850,12.0,f,0,0.05,50.0,NONE,f,"{""data_origin"": ""synthetic"", ""reference"": ""Vinhomes Smart City""}"
994,VHSC-U-00994,S3.01-30.05,1,5,2PN,2,2,67.24,79.11,30,HIGH,S,N,CITY_OPEN,f,0.850,12.0,f,0,0.05,50.0,NONE,f,"{""data_origin"": ""synthetic"", ""reference"": ""Vinhomes Smart City""}"
995,VHSC-U-00995,S3.01-04.06,1,5,3PN,3,2,85.98,101.15,4,LOW,N,N,CITY_OPEN,f,0.850,12.0,f,0,0.05,50.0,NONE,t,"{""data_origin"": ""synthetic"", ""reference"": ""Vinhomes Smart City""}"
996,VHSC-U-00996,S3.01-11.07,1,5,STUDIO,0,1,30.95,36.41,11,MID,NE,N,CITY_OPEN,f,0.850,12.0,f,0,0.05,50.0,NONE,f,"{""data_origin"": ""synthetic"", ""reference"": ""Vinhomes Smart City""}"
997,VHSC-U-00997,S3.01-18.08,1,5,1PN,1,1,42.89,50.46,18,MID,SW,N,CITY_OPEN,f,0.850,12.0,f,0,0.45,50.0,NONE,f,"{""data_origin"": ""synthetic"", ""reference"": ""Vinhomes Smart City""}"
998,VHSC-U-00998,S3.01-25.09,1,5,2PN,2,2,59.12,69.55,25,HIGH,W,N,CITY_OPEN,f,0.850,12.0,f,0,0.45,50.0,NONE,f,"{""data_origin"": ""synthetic"", ""reference"": ""Vinhomes Smart City""}"
999,VHSC-U-00999,S3.01-32.10,1,5,2PN,2,2,67.52,79.44,32,HIGH,NW,N,CITY_OPEN,f,0.850,12.0,f,0,0.45,50.0,NONE,f,"{""data_origin"": ""synthetic"", ""reference"": ""Vinhomes Smart City""}"
1000,VHSC-U-01000,S3.01-06.11,1,5,STUDIO,0,1,32.60,38.35,6,MID,E,N,CITY_OPEN,t,0.850,12.0,f,0,0.05,50.0,NONE,f,"{""data_origin"": ""synthetic"", ""reference"": ""Vinhomes Smart City""}"
1001,VHSC-U-01001,S4.01-13.12,1,6,1PN,1,1,43.00,50.59,13,MID,SE,N,CITY_OPEN,f,0.850,12.0,f,0,0.05,50.0,NONE,t,"{""data_origin"": ""synthetic"", ""reference"": ""Vinhomes Smart City""}"
1002,VHSC-U-01002,S4.01-20.13,1,6,2PN,2,2,66.38,78.09,20,MID,S,N,CITY_OPEN,f,0.850,12.0,f,0,0.05,50.0,NONE,f,"{""data_origin"": ""synthetic"", ""reference"": ""Vinhomes Smart City""}"
1003,VHSC-U-01003,S4.01-27.14,1,6,3PN,3,2,81.52,95.91,27,HIGH,N,N,CITY_OPEN,f,0.850,12.0,f,0,0.05,50.0,NONE,f,"{""data_origin"": ""synthetic"", ""reference"": ""Vinhomes Smart City""}"
1004,VHSC-U-01004,S4.01-34.15,1,6,STUDIO,0,1,32.19,37.87,34,HIGH,NE,N,CITY_OPEN,f,0.850,12.0,f,0,0.05,50.0,NONE,f,"{""data_origin"": ""synthetic"", ""reference"": ""Vinhomes Smart City""}"
1005,VHSC-U-01005,S4.01-08.16,1,6,1PN,1,1,47.45,55.82,8,MID,SW,N,CITY_OPEN,f,0.850,12.0,f,0,0.45,50.0,NONE,f,"{""data_origin"": ""synthetic"", ""reference"": ""Vinhomes Smart City""}"
1006,VHSC-U-01006,S4.01-15.17,1,6,2PN,2,2,66.96,78.78,15,MID,W,N,CITY_OPEN,f,0.850,12.0,f,0,0.45,50.0,NONE,f,"{""data_origin"": ""synthetic"", ""reference"": ""Vinhomes Smart City""}"
1007,VHSC-U-01007,S4.01-22.18,1,6,2PN,2,2,68.70,80.82,22,HIGH,NW,N,CITY_OPEN,f,0.850,12.0,f,0,0.45,50.0,NONE,f,"{""data_origin"": ""synthetic"", ""reference"": ""Vinhomes Smart City""}"
1008,VHSC-U-01008,S4.01-29.19,1,6,STUDIO,0,1,28.15,33.12,29,HIGH,E,N,CITY_OPEN,f,0.850,12.0,f,0,0.05,50.0,NONE,f,"{""data_origin"": ""synthetic"", ""reference"": ""Vinhomes Smart City""}"
1009,VHSC-U-01009,S4.01-03.20,1,6,1PN,1,1,46.21,54.36,3,LOW,SE,N,CITY_OPEN,f,0.850,12.0,f,0,0.05,50.0,NONE,f,"{""data_origin"": ""synthetic"", ""reference"": ""Vinhomes Smart City""}"
1010,VHSC-U-01010,S4.01-10.21,1,6,2PN,2,2,55.27,65.02,10,MID,S,N,CITY_OPEN,t,0.850,12.0,f,0,0.05,50.0,NONE,f,"{""data_origin"": ""synthetic"", ""reference"": ""Vinhomes Smart City""}"
1011,VHSC-U-01011,S4.01-17.22,1,6,3PN,3,2,89.32,105.08,17,MID,N,N,CITY_OPEN,f,0.850,12.0,f,0,0.05,50.0,NONE,f,"{""data_origin"": ""synthetic"", ""reference"": ""Vinhomes Smart City""}"
1012,VHSC-U-01012,S4.01-24.23,1,6,STUDIO,0,1,31.96,37.60,24,HIGH,NE,N,CITY_OPEN,f,0.850,12.0,f,0,0.05,50.0,NONE,f,"{""data_origin"": ""synthetic"", ""reference"": ""Vinhomes Smart City""}"
1013,VHSC-U-01013,S4.01-31.24,1,6,1PN,1,1,45.65,53.71,31,HIGH,SW,N,CITY_OPEN,f,0.850,12.0,f,0,0.45,50.0,NONE,f,"{""data_origin"": ""synthetic"", ""reference"": ""Vinhomes Smart City""}"
1014,VHSC-U-01014,S4.01-05.25,1,6,2PN,2,2,61.33,72.15,5,LOW,W,N,CITY_OPEN,f,0.850,12.0,f,0,0.45,50.0,NONE,f,"{""data_origin"": ""synthetic"", ""reference"": ""Vinhomes Smart City""}"
1015,VHSC-U-01015,S4.01-12.26,1,6,3PN,3,2,87.32,102.73,12,MID,NW,N,CITY_OPEN,f,0.850,12.0,f,0,0.45,50.0,NONE,f,"{""data_origin"": ""synthetic"", ""reference"": ""Vinhomes Smart City""}"
1016,VHSC-U-01016,S4.01-19.27,1,6,STUDIO,0,1,31.32,36.85,19,MID,E,N,CITY_OPEN,f,0.850,12.0,f,0,0.05,50.0,NONE,f,"{""data_origin"": ""synthetic"", ""reference"": ""Vinhomes Smart City""}"
1017,VHSC-U-01017,S4.01-26.28,1,6,1PN,1,1,45.14,53.11,26,HIGH,SE,N,CITY_OPEN,f,0.850,12.0,f,0,0.05,50.0,NONE,f,"{""data_origin"": ""synthetic"", ""reference"": ""Vinhomes Smart City""}"
1018,VHSC-U-01018,S4.01-33.29,1,6,2PN,2,2,56.54,66.52,33,HIGH,S,N,CITY_OPEN,f,0.850,12.0,f,0,0.05,50.0,NONE,f,"{""data_origin"": ""synthetic"", ""reference"": ""Vinhomes Smart City""}"
1019,VHSC-U-01019,S4.01-07.30,1,6,3PN,3,2,86.83,102.15,7,MID,N,N,CITY_OPEN,f,0.850,12.0,f,0,0.05,50.0,NONE,t,"{""data_origin"": ""synthetic"", ""reference"": ""Vinhomes Smart City""}"
1020,VHSC-U-01020,S4.01-14.01,1,6,STUDIO,0,1,31.55,37.12,14,MID,NE,N,CITY_OPEN,t,0.850,12.0,f,0,0.05,50.0,NONE,t,"{""data_origin"": ""synthetic"", ""reference"": ""Vinhomes Smart City""}"
1021,VHSC-U-01021,S4.01-21.02,1,6,1PN,1,1,41.15,48.41,21,HIGH,SW,N,CITY_OPEN,f,0.850,12.0,f,0,0.45,50.0,NONE,f,"{""data_origin"": ""synthetic"", ""reference"": ""Vinhomes Smart City""}"
1022,VHSC-U-01022,S4.01-28.03,1,6,2PN,2,2,65.27,76.79,28,HIGH,W,N,CITY_OPEN,f,0.850,12.0,f,0,0.45,50.0,NONE,f,"{""data_origin"": ""synthetic"", ""reference"": ""Vinhomes Smart City""}"
1023,VHSC-U-01023,S4.01-02.04,1,6,3PN,3,2,91.94,108.16,2,LOW,NW,N,CITY_OPEN,f,0.850,12.0,f,0,0.45,50.0,NONE,f,"{""data_origin"": ""synthetic"", ""reference"": ""Vinhomes Smart City""}"
1024,VHSC-U-01024,S4.01-09.05,1,6,2PN,2,2,65.21,76.72,9,MID,E,N,CITY_OPEN,f,0.850,1.5,f,0,0.05,50.0,NONE,f,"{""data_origin"": ""synthetic"", ""reference"": ""Vinhomes Smart City""}"
1025,VHSC-U-01025,S4.01-16.06,1,6,2PN,2,2,66.94,78.75,16,MID,SE,N,CITY_OPEN,f,0.850,12.0,f,0,0.05,50.0,NONE,f,"{""data_origin"": ""synthetic"", ""reference"": ""Vinhomes Smart City""}"
1026,VHSC-U-01026,S4.01-23.07,1,6,2PN,2,2,63.22,74.38,23,HIGH,S,N,CITY_OPEN,f,0.850,12.0,f,0,0.05,50.0,NONE,f,"{""data_origin"": ""synthetic"", ""reference"": ""Vinhomes Smart City""}"
1027,VHSC-U-01027,S4.01-30.08,1,6,3PN,3,2,80.46,94.66,30,HIGH,N,N,CITY_OPEN,f,0.850,12.0,f,0,0.05,50.0,NONE,f,"{""data_origin"": ""synthetic"", ""reference"": ""Vinhomes Smart City""}"
1028,VHSC-U-01028,S4.01-04.09,1,6,STUDIO,0,1,30.49,35.87,4,LOW,NE,N,CITY_OPEN,f,0.850,12.0,f,0,0.05,50.0,NONE,t,"{""data_origin"": ""synthetic"", ""reference"": ""Vinhomes Smart City""}"
1029,VHSC-U-01029,S4.01-11.10,1,6,1PN,1,1,38.10,44.82,11,MID,SW,N,CITY_OPEN,f,0.850,12.0,f,0,0.45,50.0,NONE,f,"{""data_origin"": ""synthetic"", ""reference"": ""Vinhomes Smart City""}"
1030,VHSC-U-01030,S4.01-18.11,1,6,2PN,2,2,55.93,65.80,18,MID,W,N,CITY_OPEN,t,0.850,12.0,f,0,0.45,50.0,NONE,f,"{""data_origin"": ""synthetic"", ""reference"": ""Vinhomes Smart City""}"
1031,VHSC-U-01031,S4.01-25.12,1,6,3PN,3,2,88.23,103.80,25,HIGH,NW,N,CITY_OPEN,f,0.850,12.0,f,0,0.45,50.0,NONE,f,"{""data_origin"": ""synthetic"", ""reference"": ""Vinhomes Smart City""}"
1032,VHSC-U-01032,S4.01-32.13,1,6,2PN,2,2,66.87,78.67,32,HIGH,E,N,CITY_OPEN,f,0.850,12.0,f,0,0.05,50.0,NONE,f,"{""data_origin"": ""synthetic"", ""reference"": ""Vinhomes Smart City""}"
1033,VHSC-U-01033,S4.01-06.14,1,6,1PN,1,1,43.25,50.88,6,MID,SE,N,CITY_OPEN,f,0.850,12.0,f,0,0.05,50.0,NONE,f,"{""data_origin"": ""synthetic"", ""reference"": ""Vinhomes Smart City""}"
1034,VHSC-U-01034,S4.01-13.15,1,6,2PN,2,2,56.70,66.71,13,MID,S,N,CITY_OPEN,f,0.850,12.0,f,0,0.05,50.0,NONE,t,"{""data_origin"": ""synthetic"", ""reference"": ""Vinhomes Smart City""}"
1035,VHSC-U-01035,S4.01-20.16,1,6,3PN,3,2,88.31,103.89,20,MID,N,N,CITY_OPEN,f,0.850,12.0,f,0,0.05,50.0,NONE,f,"{""data_origin"": ""synthetic"", ""reference"": ""Vinhomes Smart City""}"
1036,VHSC-U-01036,S4.01-27.17,1,6,2PN,2,2,57.03,67.09,27,HIGH,NE,N,CITY_OPEN,f,0.850,12.0,f,0,0.05,50.0,NONE,f,"{""data_origin"": ""synthetic"", ""reference"": ""Vinhomes Smart City""}"
1037,VHSC-U-01037,S4.01-34.18,1,6,1PN,1,1,38.51,45.31,34,HIGH,SW,N,CITY_OPEN,f,0.850,12.0,f,0,0.45,50.0,NONE,f,"{""data_origin"": ""synthetic"", ""reference"": ""Vinhomes Smart City""}"
1038,VHSC-U-01038,S4.01-08.19,1,6,2PN,2,2,68.10,80.12,8,MID,W,N,CITY_OPEN,f,0.850,12.0,f,0,0.45,50.0,NONE,f,"{""data_origin"": ""synthetic"", ""reference"": ""Vinhomes Smart City""}"
1039,VHSC-U-01039,S4.01-15.20,1,6,3PN,3,2,83.11,97.78,15,MID,NW,N,CITY_OPEN,f,0.850,12.0,f,0,0.45,50.0,NONE,f,"{""data_origin"": ""synthetic"", ""reference"": ""Vinhomes Smart City""}"
1040,VHSC-U-01040,S4.01-22.21,1,6,STUDIO,0,1,31.83,37.45,22,HIGH,E,N,CITY_OPEN,t,0.850,12.0,f,0,0.05,50.0,NONE,f,"{""data_origin"": ""synthetic"", ""reference"": ""Vinhomes Smart City""}"
1041,VHSC-U-01041,S4.01-29.22,1,6,1PN,1,1,44.54,52.40,29,HIGH,SE,N,CITY_OPEN,f,0.850,12.0,f,0,0.05,50.0,NONE,f,"{""data_origin"": ""synthetic"", ""reference"": ""Vinhomes Smart City""}"
1042,VHSC-U-01042,S4.01-03.23,1,6,3PN,3,2,94.00,110.59,3,LOW,S,N,CITY_OPEN,f,0.850,12.0,f,0,0.05,50.0,NONE,f,"{""data_origin"": ""synthetic"", ""reference"": ""Vinhomes Smart City""}"
1043,VHSC-U-01043,S4.01-10.24,1,6,3PN,3,2,82.19,96.69,10,MID,N,N,CITY_OPEN,f,0.850,12.0,f,0,0.05,50.0,NONE,f,"{""data_origin"": ""synthetic"", ""reference"": ""Vinhomes Smart City""}"
1044,VHSC-U-01044,S4.01-17.25,1,6,STUDIO,0,1,34.78,40.92,17,MID,NE,N,CITY_OPEN,f,0.850,12.0,f,0,0.05,50.0,NONE,f,"{""data_origin"": ""synthetic"", ""reference"": ""Vinhomes Smart City""}"
1045,VHSC-U-01045,S4.01-24.26,1,6,1PN,1,1,46.36,54.54,24,HIGH,SW,N,CITY_OPEN,f,0.850,12.0,f,0,0.45,50.0,NONE,f,"{""data_origin"": ""synthetic"", ""reference"": ""Vinhomes Smart City""}"
1046,VHSC-U-01046,S4.01-31.27,1,6,2PN,2,2,56.15,66.06,31,HIGH,W,N,CITY_OPEN,f,0.850,12.0,f,0,0.45,50.0,NONE,f,"{""data_origin"": ""synthetic"", ""reference"": ""Vinhomes Smart City""}"
1047,VHSC-U-01047,S4.01-05.28,1,6,3PN,3,2,84.41,99.31,5,LOW,NW,N,CITY_OPEN,f,0.850,12.0,f,0,0.45,50.0,NONE,f,"{""data_origin"": ""synthetic"", ""reference"": ""Vinhomes Smart City""}"
1048,VHSC-U-01048,S4.01-12.29,1,6,2PN,2,2,63.22,74.38,12,MID,E,N,CITY_OPEN,f,0.850,12.0,f,0,0.05,50.0,NONE,f,"{""data_origin"": ""synthetic"", ""reference"": ""Vinhomes Smart City""}"
1049,VHSC-U-01049,S4.01-19.30,1,6,1PN,1,1,39.36,46.31,19,MID,SE,N,CITY_OPEN,f,0.850,12.0,f,0,0.05,50.0,NONE,f,"{""data_origin"": ""synthetic"", ""reference"": ""Vinhomes Smart City""}"
1050,VHSC-U-01050,S4.01-26.01,1,6,2PN,2,2,63.23,74.39,26,HIGH,S,N,CITY_OPEN,t,0.850,12.0,f,0,0.05,50.0,NONE,f,"{""data_origin"": ""synthetic"", ""reference"": ""Vinhomes Smart City""}"
1051,VHSC-U-01051,S4.01-33.02,1,6,3PN,3,2,81.49,95.87,33,HIGH,N,N,CITY_OPEN,f,0.850,12.0,f,0,0.05,50.0,NONE,f,"{""data_origin"": ""synthetic"", ""reference"": ""Vinhomes Smart City""}"
1052,VHSC-U-01052,S4.01-07.03,1,6,2PN,2,2,60.73,71.45,7,MID,NE,N,CITY_OPEN,f,0.850,12.0,f,0,0.05,50.0,NONE,t,"{""data_origin"": ""synthetic"", ""reference"": ""Vinhomes Smart City""}"
1053,VHSC-U-01053,S4.01-14.04,1,6,1PN,1,1,42.95,50.53,14,MID,SW,N,CITY_OPEN,f,0.850,12.0,f,0,0.45,50.0,NONE,t,"{""data_origin"": ""synthetic"", ""reference"": ""Vinhomes Smart City""}"
1054,VHSC-U-01054,S4.01-21.05,1,6,2PN,2,2,67.83,79.80,21,HIGH,W,N,CITY_OPEN,f,0.850,12.0,f,0,0.45,50.0,NONE,f,"{""data_origin"": ""synthetic"", ""reference"": ""Vinhomes Smart City""}"
1055,VHSC-U-01055,S4.01-28.06,1,6,3PN,3,2,92.23,108.51,28,HIGH,NW,N,CITY_OPEN,f,0.850,12.0,f,0,0.45,50.0,NONE,f,"{""data_origin"": ""synthetic"", ""reference"": ""Vinhomes Smart City""}"
1056,VHSC-U-01056,S4.01-02.07,1,6,STUDIO,0,1,29.14,34.28,2,LOW,E,N,CITY_OPEN,f,0.850,12.0,f,0,0.05,50.0,NONE,f,"{""data_origin"": ""synthetic"", ""reference"": ""Vinhomes Smart City""}"
1057,VHSC-U-01057,S4.01-09.08,1,6,1PN,1,1,46.61,54.84,9,MID,SE,N,CITY_OPEN,f,0.850,12.0,f,0,0.05,50.0,NONE,f,"{""data_origin"": ""synthetic"", ""reference"": ""Vinhomes Smart City""}"
1058,VHSC-U-01058,S4.01-16.09,1,6,2PN,2,2,59.58,70.09,16,MID,S,N,CITY_OPEN,f,0.850,12.0,f,0,0.05,50.0,NONE,f,"{""data_origin"": ""synthetic"", ""reference"": ""Vinhomes Smart City""}"
1059,VHSC-U-01059,S4.01-23.10,1,6,3PN,3,2,91.99,108.22,23,HIGH,N,N,CITY_OPEN,f,0.850,12.0,f,0,0.05,50.0,NONE,f,"{""data_origin"": ""synthetic"", ""reference"": ""Vinhomes Smart City""}"
1060,VHSC-U-01060,S4.01-30.11,1,6,STUDIO,0,1,31.44,36.99,30,HIGH,NE,N,CITY_OPEN,t,0.850,12.0,f,0,0.05,50.0,NONE,f,"{""data_origin"": ""synthetic"", ""reference"": ""Vinhomes Smart City""}"
1061,VHSC-U-01061,S4.01-04.12,1,6,1PN,1,1,41.59,48.93,4,LOW,SW,N,CITY_OPEN,f,0.850,12.0,f,0,0.45,50.0,NONE,t,"{""data_origin"": ""synthetic"", ""reference"": ""Vinhomes Smart City""}"
1062,VHSC-U-01062,S4.01-11.13,1,6,2PN,2,2,62.87,73.96,11,MID,W,N,CITY_OPEN,f,0.850,12.0,f,0,0.45,50.0,NONE,f,"{""data_origin"": ""synthetic"", ""reference"": ""Vinhomes Smart City""}"
1063,VHSC-U-01063,S4.01-18.14,1,6,3PN,3,2,87.43,102.86,18,MID,NW,N,CITY_OPEN,f,0.850,12.0,f,0,0.45,50.0,NONE,f,"{""data_origin"": ""synthetic"", ""reference"": ""Vinhomes Smart City""}"
1064,VHSC-U-01064,S4.01-25.15,1,6,STUDIO,0,1,28.56,33.60,25,HIGH,E,N,CITY_OPEN,f,0.850,12.0,f,0,0.05,50.0,NONE,f,"{""data_origin"": ""synthetic"", ""reference"": ""Vinhomes Smart City""}"
1065,VHSC-U-01065,S4.01-32.16,1,6,1PN,1,1,41.65,49.00,32,HIGH,SE,N,CITY_OPEN,f,0.850,12.0,f,0,0.05,50.0,NONE,f,"{""data_origin"": ""synthetic"", ""reference"": ""Vinhomes Smart City""}"
1066,VHSC-U-01066,S4.01-06.17,1,6,2PN,2,2,64.98,76.45,6,MID,S,N,CITY_OPEN,f,0.850,12.0,f,0,0.05,50.0,NONE,f,"{""data_origin"": ""synthetic"", ""reference"": ""Vinhomes Smart City""}"
1067,VHSC-U-01067,S4.01-13.18,1,6,3PN,3,2,92.72,109.08,13,MID,N,N,CITY_OPEN,f,0.850,12.0,f,0,0.05,50.0,NONE,t,"{""data_origin"": ""synthetic"", ""reference"": ""Vinhomes Smart City""}"
1068,VHSC-U-01068,S4.01-20.19,1,6,STUDIO,0,1,31.47,37.02,20,MID,NE,N,CITY_OPEN,f,0.850,12.0,f,0,0.05,50.0,NONE,f,"{""data_origin"": ""synthetic"", ""reference"": ""Vinhomes Smart City""}"
1069,VHSC-U-01069,S4.01-27.20,1,6,1PN,1,1,38.03,44.74,27,HIGH,SW,N,CITY_OPEN,f,0.850,12.0,f,0,0.45,50.0,NONE,f,"{""data_origin"": ""synthetic"", ""reference"": ""Vinhomes Smart City""}"
1070,VHSC-U-01070,S4.01-34.21,1,6,2PN,2,2,66.56,78.31,34,HIGH,W,N,CITY_OPEN,t,0.850,12.0,f,0,0.45,50.0,NONE,f,"{""data_origin"": ""synthetic"", ""reference"": ""Vinhomes Smart City""}"
1071,VHSC-U-01071,S4.01-08.22,1,6,3PN,3,2,92.93,109.33,8,MID,NW,N,CITY_OPEN,f,0.850,12.0,f,0,0.45,50.0,NONE,f,"{""data_origin"": ""synthetic"", ""reference"": ""Vinhomes Smart City""}"
1072,VHSC-U-01072,S4.01-15.23,1,6,3PN,3,2,94.00,110.59,15,MID,E,N,CITY_OPEN,f,0.850,12.0,f,0,0.05,50.0,NONE,f,"{""data_origin"": ""synthetic"", ""reference"": ""Vinhomes Smart City""}"
1073,VHSC-U-01073,S4.01-22.24,1,6,2PN,2,2,66.73,78.51,22,HIGH,SE,N,CITY_OPEN,f,0.850,12.0,f,0,0.05,50.0,NONE,f,"{""data_origin"": ""synthetic"", ""reference"": ""Vinhomes Smart City""}"
1074,VHSC-U-01074,S4.01-29.25,1,6,2PN,2,2,55.40,65.18,29,HIGH,S,N,CITY_OPEN,f,0.850,12.0,f,0,0.05,50.0,NONE,f,"{""data_origin"": ""synthetic"", ""reference"": ""Vinhomes Smart City""}"
1075,VHSC-U-01075,S4.01-03.26,1,6,3PN,3,2,82.00,96.47,3,LOW,N,N,CITY_OPEN,f,0.850,12.0,f,0,0.05,50.0,NONE,f,"{""data_origin"": ""synthetic"", ""reference"": ""Vinhomes Smart City""}"
1076,VHSC-U-01076,S4.01-10.27,1,6,STUDIO,0,1,31.90,37.53,10,MID,NE,N,CITY_OPEN,f,0.850,12.0,f,0,0.05,50.0,NONE,f,"{""data_origin"": ""synthetic"", ""reference"": ""Vinhomes Smart City""}"
1077,VHSC-U-01077,S4.01-17.28,1,6,1PN,1,1,42.15,49.59,17,MID,SW,N,CITY_OPEN,f,0.850,12.0,f,0,0.45,50.0,NONE,f,"{""data_origin"": ""synthetic"", ""reference"": ""Vinhomes Smart City""}"
1078,VHSC-U-01078,S4.01-24.29,1,6,2PN,2,2,61.61,72.48,24,HIGH,W,N,CITY_OPEN,f,0.850,12.0,f,0,0.45,50.0,NONE,f,"{""data_origin"": ""synthetic"", ""reference"": ""Vinhomes Smart City""}"
1079,VHSC-U-01079,S4.01-31.30,1,6,3PN,3,2,83.83,98.62,31,HIGH,NW,N,CITY_OPEN,f,0.850,12.0,f,0,0.45,50.0,NONE,f,"{""data_origin"": ""synthetic"", ""reference"": ""Vinhomes Smart City""}"
1080,VHSC-U-01080,S4.01-05.01,1,6,STUDIO,0,1,28.10,33.06,5,LOW,E,N,CITY_OPEN,t,0.850,12.0,f,0,0.05,50.0,NONE,f,"{""data_origin"": ""synthetic"", ""reference"": ""Vinhomes Smart City""}"
1081,VHSC-U-01081,S4.01-12.02,1,6,1PN,1,1,47.44,55.81,12,MID,SE,N,CITY_OPEN,f,0.850,12.0,f,0,0.05,50.0,NONE,f,"{""data_origin"": ""synthetic"", ""reference"": ""Vinhomes Smart City""}"
1082,VHSC-U-01082,S4.01-19.03,1,6,2PN,2,2,61.82,72.73,19,MID,S,N,CITY_OPEN,f,0.850,12.0,f,0,0.05,50.0,NONE,f,"{""data_origin"": ""synthetic"", ""reference"": ""Vinhomes Smart City""}"
1083,VHSC-U-01083,S4.01-26.04,1,6,3PN,3,2,82.15,96.65,26,HIGH,N,N,CITY_OPEN,f,0.850,12.0,f,0,0.05,50.0,NONE,f,"{""data_origin"": ""synthetic"", ""reference"": ""Vinhomes Smart City""}"
1084,VHSC-U-01084,S4.01-33.05,1,6,STUDIO,0,1,32.30,38.00,33,HIGH,NE,N,CITY_OPEN,f,0.850,12.0,f,0,0.05,50.0,NONE,f,"{""data_origin"": ""synthetic"", ""reference"": ""Vinhomes Smart City""}"
1085,VHSC-U-01085,S4.01-07.06,1,6,1PN,1,1,43.72,51.44,7,MID,SW,N,CITY_OPEN,f,0.850,12.0,f,0,0.45,50.0,NONE,t,"{""data_origin"": ""synthetic"", ""reference"": ""Vinhomes Smart City""}"
1086,VHSC-U-01086,S4.01-14.07,1,6,2PN,2,2,59.14,69.58,14,MID,W,N,CITY_OPEN,f,0.850,12.0,f,0,0.45,50.0,NONE,t,"{""data_origin"": ""synthetic"", ""reference"": ""Vinhomes Smart City""}"
1087,VHSC-U-01087,S4.01-21.08,1,6,3PN,3,2,87.00,102.35,21,HIGH,NW,N,CITY_OPEN,f,0.850,12.0,f,0,0.45,50.0,NONE,f,"{""data_origin"": ""synthetic"", ""reference"": ""Vinhomes Smart City""}"
1088,VHSC-U-01088,S4.01-28.09,1,6,STUDIO,0,1,28.27,33.26,28,HIGH,E,N,CITY_OPEN,f,0.850,12.0,f,0,0.05,50.0,NONE,f,"{""data_origin"": ""synthetic"", ""reference"": ""Vinhomes Smart City""}"
1089,VHSC-U-01089,S4.01-02.10,1,6,1PN,1,1,44.78,52.68,2,LOW,SE,N,CITY_OPEN,f,0.850,12.0,f,0,0.05,50.0,NONE,f,"{""data_origin"": ""synthetic"", ""reference"": ""Vinhomes Smart City""}"
1090,VHSC-U-01090,S4.01-09.11,1,6,2PN,2,2,60.24,70.87,9,MID,S,N,CITY_OPEN,t,0.850,12.0,f,0,0.05,50.0,NONE,f,"{""data_origin"": ""synthetic"", ""reference"": ""Vinhomes Smart City""}"
1091,VHSC-U-01091,S4.01-16.12,1,6,1PN,1,1,38.63,45.45,16,MID,N,N,CITY_OPEN,f,0.850,12.0,f,0,0.05,50.0,NONE,f,"{""data_origin"": ""synthetic"", ""reference"": ""Vinhomes Smart City""}"
1092,VHSC-U-01092,S4.01-23.13,1,6,STUDIO,0,1,30.54,35.93,23,HIGH,NE,N,CITY_OPEN,f,0.850,12.0,f,0,0.05,50.0,NONE,f,"{""data_origin"": ""synthetic"", ""reference"": ""Vinhomes Smart City""}"
1093,VHSC-U-01093,S4.01-30.14,1,6,1PN,1,1,41.97,49.38,30,HIGH,SW,N,CITY_OPEN,f,0.850,12.0,f,0,0.45,50.0,NONE,f,"{""data_origin"": ""synthetic"", ""reference"": ""Vinhomes Smart City""}"
1094,VHSC-U-01094,S4.01-04.15,1,6,2PN,2,2,56.55,66.53,4,LOW,W,N,CITY_OPEN,f,0.850,12.0,f,0,0.45,50.0,NONE,t,"{""data_origin"": ""synthetic"", ""reference"": ""Vinhomes Smart City""}"
1095,VHSC-U-01095,S4.01-11.16,1,6,3PN,3,2,94.03,110.62,11,MID,NW,N,CITY_OPEN,f,0.850,12.0,f,0,0.45,50.0,NONE,f,"{""data_origin"": ""synthetic"", ""reference"": ""Vinhomes Smart City""}"
1096,VHSC-U-01096,S4.01-18.17,1,6,STUDIO,0,1,34.17,40.20,18,MID,E,N,CITY_OPEN,f,0.850,12.0,f,0,0.05,50.0,NONE,f,"{""data_origin"": ""synthetic"", ""reference"": ""Vinhomes Smart City""}"
1097,VHSC-U-01097,S4.01-25.18,1,6,1PN,1,1,41.02,48.26,25,HIGH,SE,N,CITY_OPEN,f,0.850,12.0,f,0,0.05,50.0,NONE,f,"{""data_origin"": ""synthetic"", ""reference"": ""Vinhomes Smart City""}"
1098,VHSC-U-01098,S4.01-32.19,1,6,2PN,2,2,67.03,78.86,32,HIGH,S,N,CITY_OPEN,f,0.850,12.0,f,0,0.05,50.0,NONE,f,"{""data_origin"": ""synthetic"", ""reference"": ""Vinhomes Smart City""}"
1099,VHSC-U-01099,S4.01-06.20,1,6,3PN,3,2,89.38,105.15,6,MID,N,N,CITY_OPEN,f,0.850,12.0,f,0,0.05,50.0,NONE,f,"{""data_origin"": ""synthetic"", ""reference"": ""Vinhomes Smart City""}"
1100,VHSC-U-01100,S4.01-13.21,1,6,STUDIO,0,1,30.42,35.79,13,MID,NE,N,CITY_OPEN,t,0.850,12.0,f,0,0.05,50.0,NONE,t,"{""data_origin"": ""synthetic"", ""reference"": ""Vinhomes Smart City""}"
1101,VHSC-U-01101,S4.01-20.22,1,6,1PN,1,1,41.97,49.38,20,MID,SW,N,CITY_OPEN,f,0.850,12.0,f,0,0.45,50.0,NONE,f,"{""data_origin"": ""synthetic"", ""reference"": ""Vinhomes Smart City""}"
1102,VHSC-U-01102,S4.01-27.23,1,6,2PN,2,2,56.14,66.05,27,HIGH,W,N,CITY_OPEN,f,0.850,12.0,f,0,0.45,50.0,NONE,f,"{""data_origin"": ""synthetic"", ""reference"": ""Vinhomes Smart City""}"
1103,VHSC-U-01103,S4.01-34.24,1,6,3PN,3,2,86.43,101.68,34,HIGH,NW,N,CITY_OPEN,f,0.850,12.0,f,0,0.45,50.0,NONE,f,"{""data_origin"": ""synthetic"", ""reference"": ""Vinhomes Smart City""}"
1104,VHSC-U-01104,S4.01-08.25,1,6,STUDIO,0,1,33.43,39.33,8,MID,E,N,CITY_OPEN,f,0.850,12.0,f,0,0.05,50.0,NONE,f,"{""data_origin"": ""synthetic"", ""reference"": ""Vinhomes Smart City""}"
1105,VHSC-U-01105,S4.01-15.26,1,6,1PN,1,1,39.00,45.88,15,MID,SE,N,CITY_OPEN,f,0.850,12.0,f,0,0.05,50.0,NONE,f,"{""data_origin"": ""synthetic"", ""reference"": ""Vinhomes Smart City""}"
1106,VHSC-U-01106,S4.01-22.27,1,6,2PN,2,2,64.29,75.64,22,HIGH,S,N,CITY_OPEN,f,0.850,12.0,f,0,0.05,50.0,NONE,f,"{""data_origin"": ""synthetic"", ""reference"": ""Vinhomes Smart City""}"
1107,VHSC-U-01107,S4.01-29.28,1,6,3PN,3,2,88.23,103.80,29,HIGH,N,N,CITY_OPEN,f,0.850,12.0,f,0,0.05,50.0,NONE,f,"{""data_origin"": ""synthetic"", ""reference"": ""Vinhomes Smart City""}"
1108,VHSC-U-01108,S4.01-03.29,1,6,STUDIO,0,1,33.00,38.82,3,LOW,NE,N,CITY_OPEN,f,0.850,12.0,f,0,0.05,50.0,NONE,f,"{""data_origin"": ""synthetic"", ""reference"": ""Vinhomes Smart City""}"
1109,VHSC-U-01109,S4.01-10.30,1,6,1PN,1,1,42.08,49.51,10,MID,SW,N,CITY_OPEN,f,0.850,12.0,f,0,0.45,50.0,NONE,f,"{""data_origin"": ""synthetic"", ""reference"": ""Vinhomes Smart City""}"
1110,VHSC-U-01110,S4.01-17.01,1,6,2PN,2,2,63.80,75.06,17,MID,W,N,CITY_OPEN,t,0.850,12.0,f,0,0.45,50.0,NONE,f,"{""data_origin"": ""synthetic"", ""reference"": ""Vinhomes Smart City""}"
1111,VHSC-U-01111,S4.01-24.02,1,6,3PN,3,2,89.02,104.73,24,HIGH,NW,N,CITY_OPEN,f,0.850,12.0,f,0,0.45,50.0,NONE,f,"{""data_origin"": ""synthetic"", ""reference"": ""Vinhomes Smart City""}"
1112,VHSC-U-01112,S4.01-31.03,1,6,STUDIO,0,1,30.29,35.64,31,HIGH,E,N,CITY_OPEN,f,0.850,12.0,f,0,0.05,50.0,NONE,f,"{""data_origin"": ""synthetic"", ""reference"": ""Vinhomes Smart City""}"
1113,VHSC-U-01113,S4.01-05.04,1,6,2PN,2,2,64.15,75.47,5,LOW,SE,N,CITY_OPEN,f,0.850,1.5,f,0,0.05,50.0,NONE,f,"{""data_origin"": ""synthetic"", ""reference"": ""Vinhomes Smart City""}"
1114,VHSC-U-01114,S4.01-12.05,1,6,2PN,2,2,69.69,81.99,12,MID,S,N,CITY_OPEN,f,0.850,12.0,f,0,0.05,50.0,NONE,f,"{""data_origin"": ""synthetic"", ""reference"": ""Vinhomes Smart City""}"
1115,VHSC-U-01115,S4.01-19.06,1,6,2PN,2,2,63.66,74.89,19,MID,N,N,CITY_OPEN,f,0.850,1.5,f,0,0.05,50.0,NONE,f,"{""data_origin"": ""synthetic"", ""reference"": ""Vinhomes Smart City""}"
1116,VHSC-U-01116,S4.01-26.07,1,6,STUDIO,0,1,28.37,33.38,26,HIGH,NE,N,CITY_OPEN,f,0.850,12.0,f,0,0.05,50.0,NONE,f,"{""data_origin"": ""synthetic"", ""reference"": ""Vinhomes Smart City""}"
1117,VHSC-U-01117,S4.01-33.08,1,6,1PN,1,1,47.49,55.87,33,HIGH,SW,N,CITY_OPEN,f,0.850,12.0,f,0,0.45,50.0,NONE,f,"{""data_origin"": ""synthetic"", ""reference"": ""Vinhomes Smart City""}"
1118,VHSC-U-01118,S4.01-07.09,1,6,2PN,2,2,66.30,78.00,7,MID,W,N,CITY_OPEN,f,0.850,12.0,f,0,0.45,50.0,NONE,t,"{""data_origin"": ""synthetic"", ""reference"": ""Vinhomes Smart City""}"
1119,VHSC-U-01119,S4.01-14.10,1,6,3PN,3,2,94.10,110.71,14,MID,NW,N,CITY_OPEN,f,0.850,12.0,f,0,0.45,50.0,NONE,t,"{""data_origin"": ""synthetic"", ""reference"": ""Vinhomes Smart City""}"
1120,VHSC-U-01120,S4.01-21.11,1,6,STUDIO,0,1,32.82,38.61,21,HIGH,E,N,CITY_OPEN,t,0.850,12.0,f,0,0.05,50.0,NONE,f,"{""data_origin"": ""synthetic"", ""reference"": ""Vinhomes Smart City""}"
1121,VHSC-U-01121,S4.01-28.12,1,6,1PN,1,1,38.19,44.93,28,HIGH,SE,N,CITY_OPEN,f,0.850,12.0,f,0,0.05,50.0,NONE,f,"{""data_origin"": ""synthetic"", ""reference"": ""Vinhomes Smart City""}"
1122,VHSC-U-01122,S4.01-02.13,1,6,2PN,2,2,64.00,75.29,2,LOW,S,N,CITY_OPEN,f,0.850,12.0,f,0,0.05,50.0,NONE,f,"{""data_origin"": ""synthetic"", ""reference"": ""Vinhomes Smart City""}"
1123,VHSC-U-01123,S4.01-09.14,1,6,3PN,3,2,91.93,108.15,9,MID,N,N,CITY_OPEN,f,0.850,12.0,f,0,0.05,50.0,NONE,f,"{""data_origin"": ""synthetic"", ""reference"": ""Vinhomes Smart City""}"
1124,VHSC-U-01124,S4.01-16.15,1,6,STUDIO,0,1,28.80,33.88,16,MID,NE,N,CITY_OPEN,f,0.850,12.0,f,0,0.05,50.0,NONE,f,"{""data_origin"": ""synthetic"", ""reference"": ""Vinhomes Smart City""}"
1125,VHSC-U-01125,S4.01-23.16,1,6,1PN,1,1,44.87,52.79,23,HIGH,SW,N,CITY_OPEN,f,0.850,12.0,f,0,0.45,50.0,NONE,f,"{""data_origin"": ""synthetic"", ""reference"": ""Vinhomes Smart City""}"
1126,VHSC-U-01126,S4.01-30.17,1,6,2PN,2,2,59.68,70.21,30,HIGH,W,N,CITY_OPEN,f,0.850,12.0,f,0,0.45,50.0,NONE,f,"{""data_origin"": ""synthetic"", ""reference"": ""Vinhomes Smart City""}"
1127,VHSC-U-01127,S4.01-04.18,1,6,3PN,3,2,86.32,101.55,4,LOW,NW,N,CITY_OPEN,f,0.850,12.0,f,0,0.45,50.0,NONE,t,"{""data_origin"": ""synthetic"", ""reference"": ""Vinhomes Smart City""}"
1128,VHSC-U-01128,S4.01-11.19,1,6,STUDIO,0,1,34.92,41.08,11,MID,E,N,CITY_OPEN,f,0.850,12.0,f,0,0.05,50.0,NONE,f,"{""data_origin"": ""synthetic"", ""reference"": ""Vinhomes Smart City""}"
1129,VHSC-U-01129,S4.01-18.20,1,6,1PN,1,1,39.63,46.62,18,MID,SE,N,CITY_OPEN,f,0.850,12.0,f,0,0.05,50.0,NONE,f,"{""data_origin"": ""synthetic"", ""reference"": ""Vinhomes Smart City""}"
1130,VHSC-U-01130,S4.01-25.21,1,6,2PN,2,2,56.82,66.85,25,HIGH,S,N,CITY_OPEN,t,0.850,12.0,f,0,0.05,50.0,NONE,f,"{""data_origin"": ""synthetic"", ""reference"": ""Vinhomes Smart City""}"
1131,VHSC-U-01131,S4.01-32.22,1,6,3PN,3,2,93.63,110.15,32,HIGH,N,N,CITY_OPEN,f,0.850,12.0,f,0,0.05,50.0,NONE,f,"{""data_origin"": ""synthetic"", ""reference"": ""Vinhomes Smart City""}"
1132,VHSC-U-01132,S4.01-06.23,1,6,3PN,3,2,94.00,110.59,6,MID,NE,N,CITY_OPEN,f,0.850,12.0,f,0,0.05,50.0,NONE,f,"{""data_origin"": ""synthetic"", ""reference"": ""Vinhomes Smart City""}"
1133,VHSC-U-01133,S4.01-13.24,1,6,1PN,1,1,42.09,49.52,13,MID,SW,N,CITY_OPEN,f,0.850,12.0,f,0,0.45,50.0,NONE,t,"{""data_origin"": ""synthetic"", ""reference"": ""Vinhomes Smart City""}"
1134,VHSC-U-01134,S4.01-20.25,1,6,2PN,2,2,62.34,73.34,20,MID,W,N,CITY_OPEN,f,0.850,12.0,f,0,0.45,50.0,NONE,f,"{""data_origin"": ""synthetic"", ""reference"": ""Vinhomes Smart City""}"
1135,VHSC-U-01135,S4.01-27.26,1,6,3PN,3,2,92.80,109.18,27,HIGH,NW,N,CITY_OPEN,f,0.850,12.0,f,0,0.45,50.0,NONE,f,"{""data_origin"": ""synthetic"", ""reference"": ""Vinhomes Smart City""}"
1136,VHSC-U-01136,S4.01-34.27,1,6,STUDIO,0,1,32.68,38.45,34,HIGH,E,N,CITY_OPEN,f,0.850,12.0,f,0,0.05,50.0,NONE,f,"{""data_origin"": ""synthetic"", ""reference"": ""Vinhomes Smart City""}"
1137,VHSC-U-01137,S4.01-08.28,1,6,1PN,1,1,43.15,50.76,8,MID,SE,N,CITY_OPEN,f,0.850,12.0,f,0,0.05,50.0,NONE,f,"{""data_origin"": ""synthetic"", ""reference"": ""Vinhomes Smart City""}"
1138,VHSC-U-01138,S4.01-15.29,1,6,2PN,2,2,65.85,77.47,15,MID,S,N,CITY_OPEN,f,0.850,12.0,f,0,0.05,50.0,NONE,f,"{""data_origin"": ""synthetic"", ""reference"": ""Vinhomes Smart City""}"
1139,VHSC-U-01139,S4.01-22.30,1,6,1PN,1,1,47.50,55.88,22,HIGH,N,N,CITY_OPEN,f,0.850,12.0,f,0,0.05,50.0,NONE,f,"{""data_origin"": ""synthetic"", ""reference"": ""Vinhomes Smart City""}"
1140,VHSC-U-01140,S4.01-29.01,1,6,STUDIO,0,1,34.68,40.80,29,HIGH,NE,N,CITY_OPEN,t,0.850,12.0,f,0,0.05,50.0,NONE,f,"{""data_origin"": ""synthetic"", ""reference"": ""Vinhomes Smart City""}"
1141,VHSC-U-01141,S4.01-03.02,1,6,1PN,1,1,43.31,50.95,3,LOW,SW,N,CITY_OPEN,f,0.850,12.0,f,0,0.45,50.0,NONE,f,"{""data_origin"": ""synthetic"", ""reference"": ""Vinhomes Smart City""}"
1142,VHSC-U-01142,S4.01-10.03,1,6,2PN,2,2,66.58,78.33,10,MID,W,N,CITY_OPEN,f,0.850,12.0,f,0,0.45,50.0,NONE,f,"{""data_origin"": ""synthetic"", ""reference"": ""Vinhomes Smart City""}"
1143,VHSC-U-01143,S4.01-17.04,1,6,3PN,3,2,81.55,95.94,17,MID,NW,N,CITY_OPEN,f,0.850,12.0,f,0,0.45,50.0,NONE,f,"{""data_origin"": ""synthetic"", ""reference"": ""Vinhomes Smart City""}"
1144,VHSC-U-01144,S4.01-24.05,1,6,2PN,2,2,59.01,69.42,24,HIGH,E,N,CITY_OPEN,f,0.850,12.0,f,0,0.05,50.0,NONE,f,"{""data_origin"": ""synthetic"", ""reference"": ""Vinhomes Smart City""}"
1145,VHSC-U-01145,S4.01-31.06,1,6,1PN,1,1,47.14,55.46,31,HIGH,SE,N,CITY_OPEN,f,0.850,12.0,f,0,0.05,50.0,NONE,f,"{""data_origin"": ""synthetic"", ""reference"": ""Vinhomes Smart City""}"
1146,VHSC-U-01146,S4.01-05.07,1,6,2PN,2,2,62.20,73.18,5,LOW,S,N,CITY_OPEN,f,0.850,12.0,f,0,0.05,50.0,NONE,f,"{""data_origin"": ""synthetic"", ""reference"": ""Vinhomes Smart City""}"
1147,VHSC-U-01147,S4.01-12.08,1,6,2PN,2,2,62.60,73.65,12,MID,W,N,CITY_OPEN,f,0.850,12.0,f,0,0.80,50.0,NONE,f,"{""data_origin"": ""synthetic"", ""reference"": ""Vinhomes Smart City""}"
1148,VHSC-U-01148,S4.01-19.09,1,6,STUDIO,0,1,29.60,34.82,19,MID,NE,N,CITY_OPEN,f,0.850,12.0,f,0,0.05,50.0,NONE,f,"{""data_origin"": ""synthetic"", ""reference"": ""Vinhomes Smart City""}"
1149,VHSC-U-01149,S4.01-26.10,1,6,1PN,1,1,45.69,53.75,26,HIGH,SW,N,CITY_OPEN,f,0.850,12.0,f,0,0.45,50.0,NONE,f,"{""data_origin"": ""synthetic"", ""reference"": ""Vinhomes Smart City""}"
1150,VHSC-U-01150,S4.01-33.11,1,6,2PN,2,2,57.54,67.69,33,HIGH,W,N,CITY_OPEN,t,0.850,12.0,f,0,0.45,50.0,NONE,f,"{""data_origin"": ""synthetic"", ""reference"": ""Vinhomes Smart City""}"
1151,VHSC-U-01151,S4.01-07.12,1,6,3PN,3,2,84.94,99.93,7,MID,NW,N,CITY_OPEN,f,0.850,12.0,f,0,0.45,50.0,NONE,t,"{""data_origin"": ""synthetic"", ""reference"": ""Vinhomes Smart City""}"
1152,VHSC-U-01152,S4.01-14.13,1,6,STUDIO,0,1,33.83,39.80,14,MID,E,N,CITY_OPEN,f,0.850,12.0,f,0,0.05,50.0,NONE,t,"{""data_origin"": ""synthetic"", ""reference"": ""Vinhomes Smart City""}"
1153,VHSC-U-01153,S4.01-21.14,1,6,2PN,2,2,58.53,68.86,21,HIGH,W,N,CITY_OPEN,f,0.850,12.0,f,0,0.80,50.0,NONE,f,"{""data_origin"": ""synthetic"", ""reference"": ""Vinhomes Smart City""}"
1154,VHSC-U-01154,S4.01-28.15,1,6,2PN,2,2,58.83,69.21,28,HIGH,S,N,CITY_OPEN,f,0.850,12.0,f,0,0.05,50.0,NONE,f,"{""data_origin"": ""synthetic"", ""reference"": ""Vinhomes Smart City""}"
1155,VHSC-U-01155,S4.01-02.16,1,6,3PN,3,2,88.99,104.69,2,LOW,N,N,CITY_OPEN,f,0.850,12.0,f,0,0.05,50.0,NONE,f,"{""data_origin"": ""synthetic"", ""reference"": ""Vinhomes Smart City""}"
1156,VHSC-U-01156,S4.01-09.17,1,6,STUDIO,0,1,29.31,34.48,9,MID,NE,N,CITY_OPEN,f,0.850,12.0,f,0,0.05,50.0,NONE,f,"{""data_origin"": ""synthetic"", ""reference"": ""Vinhomes Smart City""}"
1157,VHSC-U-01157,S4.01-16.18,1,6,1PN,1,1,41.58,48.92,16,MID,SW,N,CITY_OPEN,f,0.850,12.0,f,0,0.45,50.0,NONE,f,"{""data_origin"": ""synthetic"", ""reference"": ""Vinhomes Smart City""}"
1158,VHSC-U-01158,S4.01-23.19,1,6,2PN,2,2,57.68,67.86,23,HIGH,W,N,CITY_OPEN,f,0.850,12.0,f,0,0.45,50.0,NONE,f,"{""data_origin"": ""synthetic"", ""reference"": ""Vinhomes Smart City""}"
1159,VHSC-U-01159,S4.01-30.20,1,6,3PN,3,2,83.81,98.60,30,HIGH,NW,N,CITY_OPEN,f,0.850,12.0,f,0,0.45,50.0,NONE,f,"{""data_origin"": ""synthetic"", ""reference"": ""Vinhomes Smart City""}"
1160,VHSC-U-01160,S4.01-04.21,1,6,STUDIO,0,1,28.42,33.44,4,LOW,E,N,CITY_OPEN,t,0.850,12.0,f,0,0.05,50.0,NONE,t,"{""data_origin"": ""synthetic"", ""reference"": ""Vinhomes Smart City""}"
1161,VHSC-U-01161,S4.01-11.22,1,6,1PN,1,1,43.66,51.36,11,MID,SE,N,CITY_OPEN,f,0.850,12.0,f,0,0.05,50.0,NONE,f,"{""data_origin"": ""synthetic"", ""reference"": ""Vinhomes Smart City""}"
1162,VHSC-U-01162,S4.01-18.23,1,6,2PN,2,2,63.56,74.78,18,MID,S,N,CITY_OPEN,f,0.850,12.0,f,0,0.05,50.0,NONE,f,"{""data_origin"": ""synthetic"", ""reference"": ""Vinhomes Smart City""}"
1163,VHSC-U-01163,S4.01-25.24,1,6,3PN,3,2,89.93,105.80,25,HIGH,N,N,CITY_OPEN,f,0.850,12.0,f,0,0.05,50.0,NONE,f,"{""data_origin"": ""synthetic"", ""reference"": ""Vinhomes Smart City""}"
1164,VHSC-U-01164,S4.01-32.25,1,6,STUDIO,0,1,33.02,38.85,32,HIGH,NE,N,CITY_OPEN,f,0.850,12.0,f,0,0.05,50.0,NONE,f,"{""data_origin"": ""synthetic"", ""reference"": ""Vinhomes Smart City""}"
1165,VHSC-U-01165,S4.01-06.26,1,6,1PN,1,1,39.97,47.02,6,MID,SW,N,CITY_OPEN,f,0.850,12.0,f,0,0.45,50.0,NONE,f,"{""data_origin"": ""synthetic"", ""reference"": ""Vinhomes Smart City""}"
1166,VHSC-U-01166,S4.01-13.27,1,6,2PN,2,2,59.70,70.24,13,MID,W,N,CITY_OPEN,f,0.850,12.0,f,0,0.45,50.0,NONE,t,"{""data_origin"": ""synthetic"", ""reference"": ""Vinhomes Smart City""}"
1167,VHSC-U-01167,S4.01-20.28,1,6,3PN,3,2,89.94,105.81,20,MID,NW,N,CITY_OPEN,f,0.850,12.0,f,0,0.45,50.0,NONE,f,"{""data_origin"": ""synthetic"", ""reference"": ""Vinhomes Smart City""}"
1168,VHSC-U-01168,S4.01-27.29,1,6,STUDIO,0,1,32.44,38.16,27,HIGH,E,N,CITY_OPEN,f,0.850,12.0,f,0,0.05,50.0,NONE,f,"{""data_origin"": ""synthetic"", ""reference"": ""Vinhomes Smart City""}"
1169,VHSC-U-01169,S4.01-34.30,1,6,1PN,1,1,38.90,45.76,34,HIGH,SE,N,CITY_OPEN,f,0.850,12.0,f,0,0.05,50.0,NONE,f,"{""data_origin"": ""synthetic"", ""reference"": ""Vinhomes Smart City""}"
1170,VHSC-U-01170,S4.01-08.01,1,6,2PN,2,2,68.65,80.76,8,MID,S,N,CITY_OPEN,t,0.850,12.0,f,0,0.05,50.0,NONE,f,"{""data_origin"": ""synthetic"", ""reference"": ""Vinhomes Smart City""}"
1171,VHSC-U-01171,S4.01-15.02,1,6,3PN,3,2,81.55,95.94,15,MID,N,N,CITY_OPEN,f,0.850,12.0,f,0,0.05,50.0,NONE,f,"{""data_origin"": ""synthetic"", ""reference"": ""Vinhomes Smart City""}"
1172,VHSC-U-01172,S4.01-22.03,1,6,STUDIO,0,1,33.45,39.35,22,HIGH,NE,N,CITY_OPEN,f,0.850,12.0,f,0,0.05,50.0,NONE,f,"{""data_origin"": ""synthetic"", ""reference"": ""Vinhomes Smart City""}"
1173,VHSC-U-01173,S4.01-29.04,1,6,1PN,1,1,42.81,50.36,29,HIGH,SW,N,CITY_OPEN,f,0.850,12.0,f,0,0.45,50.0,NONE,f,"{""data_origin"": ""synthetic"", ""reference"": ""Vinhomes Smart City""}"
1174,VHSC-U-01174,S4.01-03.05,1,6,2PN,2,2,62.66,73.72,3,LOW,W,N,CITY_OPEN,f,0.850,12.0,f,0,0.45,50.0,NONE,f,"{""data_origin"": ""synthetic"", ""reference"": ""Vinhomes Smart City""}"
1175,VHSC-U-01175,S4.01-10.06,1,6,3PN,3,2,85.75,100.88,10,MID,NW,N,CITY_OPEN,f,0.850,12.0,f,0,0.45,50.0,NONE,f,"{""data_origin"": ""synthetic"", ""reference"": ""Vinhomes Smart City""}"
1176,VHSC-U-01176,S4.01-17.07,1,6,STUDIO,0,1,33.99,39.99,17,MID,E,N,CITY_OPEN,f,0.850,12.0,f,0,0.05,50.0,NONE,f,"{""data_origin"": ""synthetic"", ""reference"": ""Vinhomes Smart City""}"
1177,VHSC-U-01177,S4.01-24.08,1,6,1PN,1,1,43.74,51.46,24,HIGH,SE,N,CITY_OPEN,f,0.850,12.0,f,0,0.05,50.0,NONE,f,"{""data_origin"": ""synthetic"", ""reference"": ""Vinhomes Smart City""}"
1178,VHSC-U-01178,S4.01-31.09,1,6,2PN,2,2,61.96,72.89,31,HIGH,S,N,CITY_OPEN,f,0.850,12.0,f,0,0.05,50.0,NONE,f,"{""data_origin"": ""synthetic"", ""reference"": ""Vinhomes Smart City""}"
1179,VHSC-U-01179,S4.01-05.10,1,6,3PN,3,2,87.27,102.67,5,LOW,N,N,CITY_OPEN,f,0.850,12.0,f,0,0.05,50.0,NONE,f,"{""data_origin"": ""synthetic"", ""reference"": ""Vinhomes Smart City""}"
1180,VHSC-U-01180,S4.01-12.11,1,6,STUDIO,0,1,30.24,35.58,12,MID,NE,N,CITY_OPEN,t,0.850,12.0,f,0,0.05,50.0,NONE,f,"{""data_origin"": ""synthetic"", ""reference"": ""Vinhomes Smart City""}"
1181,VHSC-U-01181,S4.01-19.12,1,6,1PN,1,1,47.31,55.66,19,MID,SW,N,CITY_OPEN,f,0.850,12.0,f,0,0.45,50.0,NONE,f,"{""data_origin"": ""synthetic"", ""reference"": ""Vinhomes Smart City""}"
1182,VHSC-U-01182,S4.01-26.13,1,6,2PN,2,2,63.34,74.52,26,HIGH,W,N,CITY_OPEN,f,0.850,12.0,f,0,0.45,50.0,NONE,f,"{""data_origin"": ""synthetic"", ""reference"": ""Vinhomes Smart City""}"
1183,VHSC-U-01183,S4.01-33.14,1,6,3PN,3,2,90.19,106.11,33,HIGH,NW,N,CITY_OPEN,f,0.850,12.0,f,0,0.45,50.0,NONE,f,"{""data_origin"": ""synthetic"", ""reference"": ""Vinhomes Smart City""}"
1184,VHSC-U-01184,S4.01-07.15,1,6,STUDIO,0,1,31.54,37.11,7,MID,E,N,CITY_OPEN,f,0.850,12.0,f,0,0.05,50.0,NONE,t,"{""data_origin"": ""synthetic"", ""reference"": ""Vinhomes Smart City""}"
1185,VHSC-U-01185,S4.01-14.16,1,6,1PN,1,1,47.47,55.85,14,MID,SE,N,CITY_OPEN,f,0.850,12.0,f,0,0.05,50.0,NONE,t,"{""data_origin"": ""synthetic"", ""reference"": ""Vinhomes Smart City""}"
1186,VHSC-U-01186,S4.01-21.17,1,6,2PN,2,2,64.52,75.91,21,HIGH,S,N,CITY_OPEN,f,0.850,12.0,f,0,0.05,50.0,NONE,f,"{""data_origin"": ""synthetic"", ""reference"": ""Vinhomes Smart City""}"
1187,VHSC-U-01187,S4.01-28.18,1,6,2PN,2,2,58.58,68.92,28,HIGH,N,N,CITY_OPEN,f,0.850,12.0,f,0,0.05,50.0,NONE,f,"{""data_origin"": ""synthetic"", ""reference"": ""Vinhomes Smart City""}"
1188,VHSC-U-01188,S4.01-02.19,1,6,STUDIO,0,1,32.16,37.84,2,LOW,NE,N,CITY_OPEN,f,0.850,12.0,f,0,0.05,50.0,NONE,f,"{""data_origin"": ""synthetic"", ""reference"": ""Vinhomes Smart City""}"
1189,VHSC-U-01189,S4.01-09.20,1,6,1PN,1,1,39.43,46.39,9,MID,SW,N,CITY_OPEN,f,0.850,12.0,f,0,0.45,50.0,NONE,f,"{""data_origin"": ""synthetic"", ""reference"": ""Vinhomes Smart City""}"
1190,VHSC-U-01190,S4.01-16.21,1,6,2PN,2,2,68.17,80.20,16,MID,W,N,CITY_OPEN,t,0.850,12.0,f,0,0.45,50.0,NONE,f,"{""data_origin"": ""synthetic"", ""reference"": ""Vinhomes Smart City""}"
1191,VHSC-U-01191,S4.01-23.22,1,6,3PN,3,2,87.45,102.88,23,HIGH,NW,N,CITY_OPEN,f,0.850,12.0,f,0,0.45,50.0,NONE,f,"{""data_origin"": ""synthetic"", ""reference"": ""Vinhomes Smart City""}"
1192,VHSC-U-01192,S4.01-30.23,1,6,STUDIO,0,1,34.26,40.31,30,HIGH,E,N,CITY_OPEN,f,0.850,12.0,f,0,0.05,50.0,NONE,f,"{""data_origin"": ""synthetic"", ""reference"": ""Vinhomes Smart City""}"
1193,VHSC-U-01193,S4.01-04.24,1,6,1PN,1,1,42.03,49.45,4,LOW,SE,N,CITY_OPEN,f,0.850,12.0,f,0,0.05,50.0,NONE,t,"{""data_origin"": ""synthetic"", ""reference"": ""Vinhomes Smart City""}"
1194,VHSC-U-01194,S4.01-11.25,1,6,2PN,2,2,61.13,71.92,11,MID,S,N,CITY_OPEN,f,0.850,12.0,f,0,0.05,50.0,NONE,f,"{""data_origin"": ""synthetic"", ""reference"": ""Vinhomes Smart City""}"
1195,VHSC-U-01195,S4.01-18.26,1,6,3PN,3,2,91.00,107.06,18,MID,N,N,CITY_OPEN,f,0.850,12.0,f,0,0.05,50.0,NONE,f,"{""data_origin"": ""synthetic"", ""reference"": ""Vinhomes Smart City""}"
1196,VHSC-U-01196,S4.01-25.27,1,6,STUDIO,0,1,28.28,33.27,25,HIGH,NE,N,CITY_OPEN,f,0.850,12.0,f,0,0.05,50.0,NONE,f,"{""data_origin"": ""synthetic"", ""reference"": ""Vinhomes Smart City""}"
1197,VHSC-U-01197,S4.01-32.28,1,6,1PN,1,1,41.38,48.68,32,HIGH,SW,N,CITY_OPEN,f,0.850,12.0,f,0,0.45,50.0,NONE,f,"{""data_origin"": ""synthetic"", ""reference"": ""Vinhomes Smart City""}"
1198,VHSC-U-01198,S4.01-06.29,1,6,2PN,2,2,65.72,77.32,6,MID,W,N,CITY_OPEN,f,0.850,12.0,f,0,0.45,50.0,NONE,f,"{""data_origin"": ""synthetic"", ""reference"": ""Vinhomes Smart City""}"
1199,VHSC-U-01199,S4.01-13.30,1,6,3PN,3,2,92.81,109.19,13,MID,NW,N,CITY_OPEN,f,0.850,12.0,f,0,0.45,50.0,NONE,t,"{""data_origin"": ""synthetic"", ""reference"": ""Vinhomes Smart City""}"
1200,VHSC-U-01200,S4.01-20.01,1,6,STUDIO,0,1,33.28,39.15,20,MID,E,N,CITY_OPEN,t,0.850,12.0,f,0,0.05,50.0,NONE,f,"{""data_origin"": ""synthetic"", ""reference"": ""Vinhomes Smart City""}"
1201,VHSC-U-01201,MOCK-LGL-01-27.02,2,7,2PN,2,2,69.53,81.80,27,HIGH,SE,N,CITY_OPEN,f,0.850,12.0,f,0,0.05,50.0,NONE,f,"{""data_origin"": ""synthetic"", ""reference"": ""Vinhomes Smart City""}"
1202,VHSC-U-01202,MOCK-LGL-01-34.03,2,7,2PN,2,2,67.70,79.65,34,HIGH,S,N,CITY_OPEN,f,0.850,12.0,f,0,0.05,50.0,NONE,f,"{""data_origin"": ""synthetic"", ""reference"": ""Vinhomes Smart City""}"
1203,VHSC-U-01203,MOCK-LGL-01-08.04,2,7,2PN,2,2,64.04,75.34,8,MID,N,N,CITY_OPEN,f,0.850,12.0,f,0,0.05,50.0,NONE,f,"{""data_origin"": ""synthetic"", ""reference"": ""Vinhomes Smart City""}"
1204,VHSC-U-01204,MOCK-LGL-01-15.05,2,7,2PN,2,2,65.80,77.41,15,MID,NE,N,CITY_OPEN,f,0.850,12.0,f,0,0.05,50.0,NONE,f,"{""data_origin"": ""synthetic"", ""reference"": ""Vinhomes Smart City""}"
1205,VHSC-U-01205,MOCK-LGL-01-22.06,2,7,2PN,2,2,58.04,68.28,22,HIGH,SW,N,CITY_OPEN,f,0.850,12.0,f,0,0.45,50.0,NONE,f,"{""data_origin"": ""synthetic"", ""reference"": ""Vinhomes Smart City""}"
1206,VHSC-U-01206,MOCK-LGL-01-29.07,2,7,2PN,2,2,60.75,71.47,29,HIGH,W,N,CITY_OPEN,f,0.850,12.0,f,0,0.45,50.0,NONE,f,"{""data_origin"": ""synthetic"", ""reference"": ""Vinhomes Smart City""}"
1207,VHSC-U-01207,MOCK-LGL-01-03.08,2,7,2PN,2,2,69.90,82.24,3,LOW,NW,N,CITY_OPEN,f,0.850,12.0,f,0,0.45,50.0,NONE,f,"{""data_origin"": ""synthetic"", ""reference"": ""Vinhomes Smart City""}"
1208,VHSC-U-01208,MOCK-LGL-01-10.09,2,7,2PN,2,2,64.29,75.64,10,MID,E,N,CITY_OPEN,f,0.850,12.0,f,0,0.05,50.0,NONE,f,"{""data_origin"": ""synthetic"", ""reference"": ""Vinhomes Smart City""}"
1209,VHSC-U-01209,MOCK-LGL-01-17.10,2,7,2PN,2,2,70.00,82.35,17,MID,SE,N,CITY_OPEN,f,0.850,12.0,f,0,0.05,50.0,NONE,f,"{""data_origin"": ""synthetic"", ""reference"": ""Vinhomes Smart City""}"
1210,VHSC-U-01210,MOCK-LGL-01-24.11,2,7,2PN,2,2,65.96,77.60,24,HIGH,S,N,CITY_OPEN,t,0.850,12.0,f,0,0.05,50.0,NONE,f,"{""data_origin"": ""synthetic"", ""reference"": ""Vinhomes Smart City""}"
1211,VHSC-U-01211,MOCK-LGL-01-31.12,2,7,2PN,2,2,68.08,80.09,31,HIGH,N,N,CITY_OPEN,f,0.850,12.0,f,0,0.05,50.0,NONE,f,"{""data_origin"": ""synthetic"", ""reference"": ""Vinhomes Smart City""}"
1212,VHSC-U-01212,MOCK-LGL-01-05.13,2,7,2PN,2,2,58.98,69.39,5,LOW,NE,N,CITY_OPEN,f,0.850,12.0,f,0,0.05,50.0,NONE,f,"{""data_origin"": ""synthetic"", ""reference"": ""Vinhomes Smart City""}"
1213,VHSC-U-01213,MOCK-LGL-01-12.14,2,7,2PN,2,2,59.35,69.82,12,MID,SW,N,CITY_OPEN,f,0.850,12.0,f,0,0.45,50.0,NONE,f,"{""data_origin"": ""synthetic"", ""reference"": ""Vinhomes Smart City""}"
1214,VHSC-U-01214,MOCK-LGL-01-19.15,2,7,2PN,2,2,59.17,69.61,19,MID,W,N,CITY_OPEN,f,0.850,12.0,f,0,0.45,50.0,NONE,f,"{""data_origin"": ""synthetic"", ""reference"": ""Vinhomes Smart City""}"
1215,VHSC-U-01215,MOCK-LGL-01-26.16,2,7,2PN,2,2,59.52,70.02,26,HIGH,NW,N,CITY_OPEN,f,0.850,12.0,f,0,0.45,50.0,NONE,f,"{""data_origin"": ""synthetic"", ""reference"": ""Vinhomes Smart City""}"
1216,VHSC-U-01216,MOCK-LGL-01-33.17,2,7,2PN,2,2,61.30,72.12,33,HIGH,E,N,CITY_OPEN,f,0.850,12.0,f,0,0.05,50.0,NONE,f,"{""data_origin"": ""synthetic"", ""reference"": ""Vinhomes Smart City""}"
