funnel_event_id,date_key,unit_key,web_listing_views,inquiry_leads_count,site_visits_count,booking_reservations,booking_cancellations,cancellation_reason
1,20260120,1,21,1,1,0,0,
2,20260124,1,22,1,2,0,0,
3,20260128,1,23,1,0,0,0,
4,20260201,1,24,1,1,0,0,
5,20260131,2,22,1,2,0,0,
6,20260204,2,23,1,0,0,0,
7,20260209,2,24,1,1,0,0,
8,20260213,2,25,1,2,0,0,
9,20260226,3,23,1,0,0,0,
10,20260329,3,24,1,1,0,0,
11,20260429,3,300,15,30,10,8,DEFECT_FOUND
12,20260530,3,26,1,0,0,0,
13,20260522,4,24,1,1,0,0,
14,20260601,4,25,1,2,0,0,
15,20260610,4,26,1,0,0,0,
16,20260620,4,27,1,1,0,0,
17,20260306,5,25,1,2,0,0,
18,20260311,5,26,1,0,0,0,
19,20260316,5,27,1,1,1,0,
20,20260321,5,28,1,2,0,0,
21,20260317,6,26,1,0,0,0,
22,20260322,6,27,1,1,0,0,
23,20260327,6,28,1,2,0,0,
24,20260401,6,29,1,0,0,0,
25,20260411,7,27,1,1,0,0,
26,20260501,7,28,1,2,0,0,
27,20260521,7,29,1,0,0,0,
28,20260610,7,30,1,1,0,0,
29,20260601,8,28,1,2,0,0,
30,20260608,8,29,1,0,0,0,
31,20260615,8,30,1,1,0,0,
32,20260622,8,31,1,2,0,0,
33,20260603,9,29,1,0,0,0,
34,20260610,9,30,1,1,0,0,
35,20260616,9,31,1,2,0,0,
36,20260623,9,32,1,0,0,0,
37,20260126,10,30,1,1,0,0,
38,20260201,10,31,1,2,0,0,
39,20260207,10,32,1,0,1,0,
40,20260213,10,33,1,1,0,0,
41,20260206,11,31,1,2,0,0,
42,20260212,11,32,1,0,0,0,
43,20260218,11,33,1,1,0,0,
44,20260224,11,34,1,2,0,0,
45,20260217,12,32,1,0,0,0,
46,20260223,12,33,1,1,0,0,
47,20260302,12,34,1,2,0,0,
48,20260308,12,35,1,0,0,0,
49,20260210,13,33,1,1,0,0,
50,20260317,13,34,1,2,0,0,
51,20260421,13,35,1,0,0,0,
52,20260526,13,36,1,1,0,0,
53,20260311,14,34,1,2,0,0,
54,20260318,14,35,1,0,0,0,
55,20260325,14,36,1,1,0,0,
56,20260401,14,37,1,2,0,0,
57,20260323,15,35,1,0,0,0,
58,20260330,15,36,1,1,0,0,
59,20260406,15,37,1,2,1,0,
60,20260413,15,38,1,0,0,0,
61,20260523,16,36,1,1,0,0,
62,20260601,16,37,1,2,0,0,
63,20260611,16,38,1,0,0,0,
64,20260620,16,39,1,1,0,0,
65,20260414,17,37,1,2,0,0,
66,20260421,17,38,1,0,0,0,
67,20260429,17,39,1,1,0,0,
68,20260506,17,40,2,2,0,0,
69,20260120,18,38,1,0,0,0,
70,20260128,18,39,1,1,0,0,
71,20260204,18,40,2,2,0,0,
72,20260212,18,41,2,0,0,0,
73,20260131,19,39,1,1,0,0,
74,20260208,19,40,2,2,0,0,
75,20260216,19,41,2,0,0,0,
76,20260224,19,42,2,1,0,0,
77,20260602,20,40,2,2,0,0,
78,20260609,20,41,2,0,0,0,
79,20260616,20,42,2,1,1,0,
80,20260623,20,43,2,2,0,0,
81,20260223,21,41,2,0,0,0,
82,20260303,21,42,2,1,0,0,
83,20260311,21,43,2,2,0,0,
84,20260319,21,44,2,0,0,0,
85,20260306,22,42,2,1,0,0,
86,20260314,22,43,2,2,0,0,
87,20260323,22,44,2,0,0,0,
88,20260331,22,20,1,1,0,0,
89,20260317,23,43,2,2,0,0,
90,20260326,23,44,2,0,0,0,
91,20260403,23,20,1,1,0,0,
92,20260412,23,21,1,2,0,0,
93,20260328,24,44,2,0,0,0,
94,20260406,24,20,1,1,0,0,
95,20260415,24,21,1,2,0,0,
96,20260424,24,22,1,0,0,0,
97,20260409,25,20,1,1,0,0,
98,20260418,25,21,1,2,0,0,
99,20260427,25,22,1,0,1,0,
100,20260506,25,23,1,1,0,0,
101,20260115,26,21,1,2,0,0,
102,20260124,26,22,1,0,0,0,
103,20260202,26,23,1,1,0,0,
104,20260211,26,24,1,2,0,0,
105,20260126,27,22,1,0,0,0,
106,20260204,27,23,1,1,0,0,
107,20260214,27,24,1,2,0,0,
108,20260223,27,25,1,0,0,0,
109,20260206,28,23,1,1,0,0,
110,20260216,28,24,1,2,0,0,
111,20260225,28,25,1,0,0,0,
112,20260307,28,26,1,1,0,0,
113,20260526,29,24,1,2,0,0,
114,20260604,29,25,1,0,0,0,
115,20260612,29,26,1,1,0,0,
116,20260621,29,27,1,2,0,0,
117,20260301,30,25,1,0,0,0,
118,20260311,30,26,1,1,0,0,
119,20260321,30,27,1,2,1,0,
120,20260331,30,28,1,0,0,0,
121,20260312,31,26,1,1,0,0,
122,20260322,31,27,1,2,0,0,
123,20260401,31,28,1,0,0,0,
124,20260411,31,29,1,1,0,0,
125,20260316,32,6,1,2,0,0,
126,20260411,32,6,1,0,0,0,
127,20260508,32,6,1,1,0,0,
128,20260603,32,6,1,2,0,0,
129,20260412,33,28,1,0,0,0,
130,20260502,33,29,1,1,0,0,
131,20260521,33,30,1,2,0,0,
132,20260610,33,31,1,0,0,0,
133,20260414,34,29,1,1,0,0,
134,20260425,34,30,1,2,0,0,
135,20260506,34,31,1,0,0,0,
136,20260517,34,32,1,1,0,0,
137,20260513,35,30,1,2,0,0,
138,20260525,35,31,1,0,0,0,
139,20260606,35,32,1,1,1,0,
140,20260618,35,33,1,2,0,0,
141,20260201,36,31,1,0,0,0,
142,20260212,36,32,1,1,0,0,
143,20260223,36,33,1,2,0,0,
144,20260306,36,34,1,0,0,0,
145,20260517,37,32,1,1,0,0,
146,20260528,37,33,1,2,0,0,
147,20260608,37,34,1,0,0,0,
148,20260619,37,35,1,1,0,0,
149,20260520,38,33,1,2,0,0,
150,20260530,38,34,1,0,0,0,
151,20260609,38,35,1,1,0,0,
152,20260619,38,36,1,2,0,0,
153,20260306,39,34,1,0,0,0,
154,20260318,39,35,1,1,0,0,
155,20260330,39,36,1,2,0,0,
156,20260411,39,37,1,0,0,0,
157,20260217,40,35,1,1,0,0,
158,20260322,40,36,1,2,0,0,
159,20260424,40,37,1,0,1,0,
160,20260527,40,38,1,1,0,0,
161,20260329,41,36,1,2,0,0,
162,20260410,41,37,1,0,0,0,
163,20260422,41,38,1,1,0,0,
164,20260504,41,39,1,2,0,0,
165,20260228,42,37,1,0,0,0,
166,20260330,42,38,1,1,0,0,
167,20260430,42,39,1,2,0,0,
168,20260530,42,40,2,0,0,0,
169,20260420,43,38,1,1,0,0,
170,20260503,43,39,1,2,0,0,
171,20260515,43,40,2,0,0,0,
172,20260528,43,41,2,1,0,0,
173,20260603,44,39,1,2,0,0,
174,20260610,44,40,2,0,0,0,
175,20260616,44,41,2,1,0,0,
176,20260623,44,42,2,2,0,0,
177,20260606,45,40,2,0,0,0,
178,20260612,45,41,2,1,0,0,
179,20260618,45,42,2,2,1,0,
180,20260624,45,43,2,0,0,0,
181,20260209,46,41,2,1,0,0,
182,20260213,46,42,2,2,0,0,
183,20260217,46,43,2,0,0,0,
184,20260221,46,44,2,1,0,0,
185,20260220,47,42,2,2,0,0,
186,20260224,47,43,2,0,0,0,
187,20260301,47,44,2,1,0,0,
188,20260305,47,20,1,2,0,0,
189,20260303,48,43,2,0,0,0,
190,20260308,48,44,2,1,0,0,
191,20260312,48,20,1,2,0,0,
192,20260317,48,21,1,0,0,0,
193,20260314,49,44,2,1,0,0,
194,20260319,49,20,1,2,0,0,
195,20260324,49,21,1,0,0,0,
196,20260329,49,22,1,1,0,0,
197,20260326,50,20,1,2,0,0,
198,20260331,50,21,1,0,0,0,
199,20260405,50,22,1,1,1,0,
200,20260410,50,23,1,2,0,0,
201,20260406,51,21,1,0,0,0,
202,20260411,51,22,1,1,0,0,
203,20260416,51,23,1,2,0,0,
204,20260421,51,24,1,0,0,0,
205,20260112,52,22,1,1,0,0,
206,20260117,52,23,1,2,0,0,
207,20260123,52,24,1,0,0,0,
208,20260128,52,25,1,1,0,0,
209,20260123,53,23,1,2,0,0,
210,20260129,53,24,1,0,0,0,
211,20260203,53,25,1,1,0,0,
212,20260209,53,26,1,2,0,0,
213,20260228,54,24,1,0,0,0,
214,20260330,54,25,1,1,0,0,
215,20260430,54,26,1,2,0,0,
216,20260530,54,27,1,0,0,0,
217,20260602,55,25,1,1,0,0,
218,20260609,55,26,1,2,0,0,
219,20260616,55,27,1,0,1,0,
220,20260623,55,28,1,1,0,0,
221,20260226,56,26,1,2,0,0,
222,20260304,56,27,1,0,0,0,
223,20260310,56,28,1,1,0,0,
224,20260316,56,29,1,2,0,0,
225,20260309,57,27,1,0,0,0,
226,20260315,57,28,1,1,0,0,
227,20260322,57,29,1,2,0,0,
228,20260328,57,30,1,0,0,0,
229,20260320,58,28,1,1,0,0,
230,20260327,58,29,1,2,0,0,
231,20260402,58,30,1,0,0,0,
232,20260409,58,31,1,1,0,0,
233,20260331,59,29,1,2,0,0,
234,20260407,59,30,1,0,0,0,
235,20260414,59,31,1,1,0,0,
236,20260421,59,32,1,2,0,0,
237,20260422,60,30,1,0,0,0,
238,20260509,60,31,1,1,0,0,
239,20260526,60,32,1,2,1,0,
240,20260612,60,33,1,0,0,0,
241,20260118,61,31,1,1,0,0,
242,20260125,61,32,1,2,0,0,
243,20260201,61,33,1,0,0,0,
244,20260208,61,34,1,1,0,0,
245,20260521,62,32,1,2,0,0,
246,20260531,62,33,1,0,0,0,
247,20260610,62,34,1,1,0,0,
248,20260620,62,35,1,2,0,0,
249,20260209,63,33,1,0,0,0,
250,20260217,63,34,1,1,0,0,
251,20260224,63,35,1,2,0,0,
252,20260304,63,36,1,0,0,0,
253,20260220,64,34,1,1,0,0,
254,20260228,64,35,1,2,0,0,
255,20260308,64,36,1,0,0,0,
256,20260316,64,37,1,1,0,0,
257,20260304,65,35,1,2,0,0,
258,20260312,65,36,1,0,0,0,
259,20260320,65,37,1,1,1,0,
260,20260328,65,38,1,2,0,0,
261,20260315,66,36,1,0,0,0,
262,20260323,66,37,1,1,0,0,
263,20260331,66,38,1,2,0,0,
264,20260408,66,39,1,0,0,0,
265,20260326,67,37,1,1,0,0,
266,20260403,67,38,1,2,0,0,
267,20260412,67,39,1,0,0,0,
268,20260420,67,40,2,1,0,0,
269,20260605,68,38,1,2,0,0,
270,20260611,68,39,1,0,0,0,
271,20260617,68,40,2,1,0,0,
272,20260623,68,41,2,2,0,0,
273,20260307,69,39,1,0,0,0,
274,20260405,69,40,2,1,0,0,
275,20260503,69,41,2,2,0,0,
276,20260601,69,42,2,0,0,0,
277,20260124,70,40,2,1,0,0,
278,20260202,70,41,2,2,0,0,
279,20260211,70,42,2,0,1,0,
280,20260220,70,43,2,1,0,0,
281,20260204,71,41,2,2,0,0,
282,20260213,71,42,2,0,0,0,
283,20260222,71,43,2,1,0,0,
284,20260303,71,44,2,2,0,0,
285,20260306,72,42,2,0,0,0,
286,20260404,72,43,2,1,0,0,
287,20260503,72,44,2,2,0,0,
288,20260601,72,20,1,0,0,0,
289,20260226,73,43,2,1,0,0,
290,20260308,73,44,2,2,0,0,
291,20260317,73,20,1,0,0,0,
292,20260327,73,21,1,1,0,0,
293,20260324,74,44,2,2,0,0,
294,20260417,74,20,1,0,0,0,
295,20260512,74,21,1,1,0,0,
296,20260605,74,22,1,2,0,0,
297,20260321,75,20,1,0,0,0,
298,20260331,75,21,1,1,0,0,
299,20260410,75,22,1,2,1,0,
300,20260420,75,23,1,0,0,0,
301,20260401,76,21,1,1,0,0,
302,20260411,76,22,1,2,0,0,
303,20260421,76,23,1,0,0,0,
304,20260501,76,24,1,1,0,0,
305,20260412,77,22,1,2,0,0,
306,20260422,77,23,1,0,0,0,
307,20260503,77,24,1,1,0,0,
308,20260513,77,25,1,2,0,0,
309,20260214,78,23,1,0,0,0,
310,20260320,78,24,1,1,0,0,
311,20260423,78,25,1,2,0,0,
312,20260527,78,26,1,0,0,0,
313,20260129,79,24,1,1,0,0,
314,20260209,79,25,1,2,0,0,
315,20260220,79,26,1,0,0,0,
316,20260303,79,27,1,1,0,0,
317,20260606,80,25,1,2,0,0,
318,20260612,80,26,1,0,0,0,
319,20260618,80,27,1,1,1,0,
320,20260624,80,28,1,2,0,0,
321,20260221,81,26,1,0,0,0,
322,20260304,81,27,1,1,0,0,
323,20260315,81,28,1,2,0,0,
324,20260326,81,29,1,0,0,0,
325,20260318,82,27,1,1,0,0,
326,20260413,82,28,1,2,0,0,
327,20260509,82,29,1,0,0,0,
328,20260604,82,30,1,1,0,0,
329,20260315,83,28,1,2,0,0,
330,20260327,83,29,1,0,0,0,
331,20260407,83,30,1,1,0,0,
332,20260419,83,31,1,2,0,0,
333,20260326,84,29,1,0,0,0,
334,20260407,84,30,1,1,0,0,
335,20260419,84,31,1,2,0,0,
336,20260501,84,32,1,0,0,0,
337,20260407,85,30,1,1,0,0,
338,20260419,85,31,1,2,0,0,
339,20260501,85,32,1,0,1,0,
340,20260513,85,33,1,1,0,0,
341,20260418,86,31,1,2,0,0,
342,20260430,86,32,1,0,0,0,
343,20260512,86,33,1,1,0,0,
344,20260524,86,34,1,2,0,0,
345,20260124,87,32,1,0,0,0,
346,20260205,87,33,1,1,0,0,
347,20260218,87,34,1,2,0,0,
348,20260302,87,35,1,0,0,0,
349,20260528,88,33,1,1,0,0,
350,20260605,88,34,1,2,0,0,
351,20260613,88,35,1,0,0,0,
352,20260621,88,36,1,1,0,0,
353,20260215,89,34,1,2,0,0,
354,20260228,89,35,1,0,0,0,
355,20260313,89,36,1,1,0,0,
356,20260326,89,37,1,2,0,0,
357,20260218,90,35,1,0,0,0,
358,20260222,90,36,1,1,0,0,
359,20260226,90,37,1,2,1,0,
360,20260302,90,38,1,0,0,0,
361,20260604,91,36,1,1,0,0,
362,20260610,91,37,1,2,0,0,
363,20260617,91,38,1,0,0,0,
364,20260623,91,39,1,1,0,0,
365,20260312,92,37,1,2,0,0,
366,20260316,92,38,1,0,0,0,
367,20260321,92,39,1,1,0,0,
368,20260325,92,40,2,2,0,0,
369,20260323,93,38,1,0,0,0,
370,20260328,93,39,1,1,0,0,
371,20260401,93,40,2,2,0,0,
372,20260406,93,41,2,0,0,0,
373,20260417,94,39,1,1,0,0,
374,20260505,94,40,2,2,0,0,
375,20260524,94,41,2,0,0,0,
376,20260611,94,42,2,1,0,0,
377,20260110,95,40,2,2,0,0,
378,20260115,95,41,2,0,0,0,
379,20260120,95,42,2,1,1,0,
380,20260125,95,43,2,2,0,0,
381,20260121,96,41,2,0,0,0,
382,20260126,96,42,2,1,0,0,
383,20260131,96,43,2,2,0,0,
384,20260205,96,44,2,0,0,0,
385,20260201,97,42,2,1,0,0,
386,20260206,97,43,2,2,0,0,
387,20260212,97,44,2,0,0,0,
388,20260217,97,20,1,1,0,0,
389,20260307,98,43,2,2,0,0,
390,20260405,98,44,2,0,0,0,
391,20260503,98,20,1,1,0,0,
392,20260601,98,21,1,2,0,0,
393,20260223,99,44,2,0,0,0,
394,20260327,99,20,1,1,0,0,
395,20260427,99,21,1,2,0,0,
396,20260529,99,22,1,0,0,0,
397,20260307,100,20,1,1,0,0,
398,20260313,100,21,1,2,0,0,
399,20260319,100,22,1,0,1,0,
400,20260325,100,23,1,1,0,0,
401,20260306,101,21,1,2,0,0,
402,20260404,101,22,1,0,0,0,
403,20260503,101,23,1,1,0,0,
404,20260601,101,24,1,2,0,0,
405,20260329,102,22,1,0,0,0,
406,20260404,102,23,1,1,0,0,
407,20260411,102,24,1,2,0,0,
408,20260417,102,25,1,0,0,0,
409,20260420,103,23,1,1,0,0,
410,20260508,103,24,1,2,0,0,
411,20260525,103,25,1,0,0,0,
412,20260612,103,26,1,1,0,0,
413,20260212,104,24,1,2,0,0,
414,20260318,104,25,1,0,0,0,
415,20260422,104,26,1,1,0,0,
416,20260526,104,27,1,2,0,0,
417,20260127,105,25,1,0,0,0,
418,20260203,105,26,1,1,0,0,
419,20260210,105,27,1,2,1,0,
420,20260217,105,28,1,0,0,0,
421,20260515,106,26,1,1,0,0,
422,20260526,106,27,1,2,0,0,
423,20260607,106,28,1,0,0,0,
424,20260618,106,29,1,1,0,0,
425,20260517,107,27,1,2,0,0,
426,20260528,107,28,1,0,0,0,
427,20260608,107,29,1,1,0,0,
428,20260619,107,30,1,2,0,0,
429,20260310,108,28,1,0,0,0,
430,20260407,108,29,1,1,0,0,
431,20260505,108,30,1,2,0,0,
432,20260602,108,31,1,0,0,0,
433,20260312,109,29,1,1,0,0,
434,20260320,109,30,1,2,0,0,
435,20260328,109,31,1,0,0,0,
436,20260405,109,32,1,1,0,0,
437,20260324,110,30,1,2,0,0,
438,20260401,110,31,1,0,0,0,
439,20260409,110,32,1,1,1,0,
440,20260417,110,33,1,2,0,0,
441,20260404,111,31,1,0,0,0,
442,20260412,111,32,1,1,0,0,
443,20260420,111,33,1,2,0,0,
444,20260428,111,34,1,0,0,0,
445,20260415,112,32,1,1,0,0,
446,20260423,112,33,1,2,0,0,
447,20260502,112,34,1,0,0,0,
448,20260510,112,35,1,1,0,0,
449,20260302,113,33,1,2,0,0,
450,20260401,113,34,1,0,0,0,
451,20260501,113,300,15,30,10,8,DEFECT_FOUND
452,20260531,113,36,1,2,0,0,
453,20260307,114,34,1,0,0,0,
454,20260405,114,35,1,1,0,0,
455,20260503,114,36,1,2,0,0,
456,20260601,114,37,1,0,0,0,
457,20260213,115,35,1,1,0,0,
458,20260222,115,36,1,2,0,0,
459,20260303,115,37,1,0,1,0,
460,20260312,115,38,1,1,0,0,
461,20260224,116,36,1,2,0,0,
462,20260305,116,37,1,0,0,0,
463,20260314,116,38,1,1,0,0,
464,20260323,116,39,1,2,0,0,
465,20260307,117,37,1,0,0,0,
466,20260316,117,38,1,1,0,0,
467,20260326,117,39,1,2,0,0,
468,20260404,117,40,2,0,0,0,
469,20260318,118,38,1,1,0,0,
470,20260328,118,39,1,2,0,0,
471,20260406,118,40,2,0,0,0,
472,20260416,118,41,2,1,0,0,
473,20260518,119,39,1,2,0,0,
474,20260529,119,40,2,0,0,0,
475,20260608,119,41,2,1,0,0,
476,20260619,119,42,2,2,0,0,
477,20260410,120,40,2,0,0,0,
478,20260420,120,41,2,1,0,0,
479,20260430,120,42,2,2,1,0,
480,20260510,120,43,2,0,0,0,
481,20260116,121,41,2,1,0,0,
482,20260126,121,42,2,2,0,0,
483,20260205,121,43,2,0,0,0,
484,20260215,121,44,2,1,0,0,
485,20260525,122,42,2,2,0,0,
486,20260603,122,43,2,0,0,0,
487,20260612,122,44,2,1,0,0,
488,20260621,122,20,1,2,0,0,
489,20260207,123,43,2,0,0,0,
490,20260218,123,44,2,1,0,0,
491,20260228,123,20,1,2,0,0,
492,20260311,123,21,1,0,0,0,
493,20260218,124,44,2,1,0,0,
494,20260301,124,20,1,2,0,0,
495,20260312,124,21,1,0,0,0,
496,20260323,124,22,1,1,0,0,
497,20260602,125,20,1,2,0,0,
498,20260609,125,21,1,0,0,0,
499,20260616,125,22,1,1,1,0,
500,20260623,125,23,1,2,0,0,
501,20260313,126,21,1,0,0,0,
502,20260324,126,22,1,1,0,0,
503,20260404,126,23,1,2,0,0,
504,20260415,126,24,1,0,0,0,
505,20260324,127,22,1,1,0,0,
506,20260404,127,23,1,2,0,0,
507,20260416,127,24,1,0,0,0,
508,20260427,127,25,1,1,0,0,
509,20260404,128,23,1,2,0,0,
510,20260416,128,24,1,0,0,0,
511,20260427,128,25,1,1,0,0,
512,20260509,128,26,1,2,0,0,
513,20260415,129,24,1,0,0,0,
514,20260427,129,25,1,1,0,0,
515,20260509,129,26,1,2,0,0,
516,20260521,129,27,1,0,0,0,
517,20260122,130,25,1,1,0,0,
518,20260203,130,26,1,2,0,0,
519,20260215,130,27,1,0,1,0,
520,20260227,130,28,1,1,0,0,
521,20260519,131,26,1,2,0,0,
522,20260529,131,27,1,0,0,0,
523,20260609,131,28,1,1,0,0,
524,20260619,131,29,1,2,0,0,
525,20260228,132,27,1,0,0,0,
526,20260330,132,28,1,1,0,0,
527,20260430,132,29,1,2,0,0,
528,20260530,132,30,1,0,0,0,
529,20260224,133,28,1,1,0,0,
530,20260309,133,29,1,2,0,0,
531,20260321,133,30,1,0,0,0,
532,20260403,133,31,1,1,0,0,
533,20260307,134,29,1,2,0,0,
534,20260320,134,30,1,0,0,0,
535,20260402,134,31,1,1,0,0,
536,20260415,134,32,1,2,0,0,
537,20260529,135,30,1,0,0,0,
538,20260606,135,31,1,1,0,0,
539,20260614,135,32,1,2,1,0,
540,20260622,135,33,1,0,0,0,
541,20260321,136,31,1,1,0,0,
542,20260325,136,32,1,2,0,0,
543,20260329,136,33,1,0,0,0,
544,20260402,136,34,1,1,0,0,
545,20260401,137,32,1,2,0,0,
546,20260405,137,33,1,0,0,0,
547,20260410,137,34,1,1,0,0,
548,20260414,137,35,1,2,0,0,
549,20260412,138,33,1,0,0,0,
550,20260417,138,34,1,1,0,0,
551,20260421,138,35,1,2,0,0,
552,20260426,138,36,1,0,0,0,
553,20260118,139,34,1,1,0,0,
554,20260123,139,35,1,2,0,0,
555,20260128,139,36,1,0,0,0,
556,20260202,139,37,1,1,0,0,
557,20260130,140,35,1,2,0,0,
558,20260204,140,36,1,0,0,0,
559,20260209,140,37,1,1,1,0,
560,20260214,140,38,1,2,0,0,
561,20260210,141,36,1,0,0,0,
562,20260215,141,37,1,1,0,0,
563,20260220,141,38,1,2,0,0,
564,20260225,141,39,1,0,0,0,
565,20260221,142,37,1,1,0,0,
566,20260226,142,38,1,2,0,0,
567,20260304,142,39,1,0,0,0,
568,20260309,142,40,2,1,0,0,
569,20260520,143,38,1,2,0,0,
570,20260530,143,39,1,0,0,0,
571,20260609,143,40,2,1,0,0,
572,20260619,143,41,2,2,0,0,
573,20260315,144,39,1,0,0,0,
574,20260321,144,40,2,1,0,0,
575,20260327,144,41,2,2,0,0,
576,20260402,144,42,2,0,0,0,
577,20260327,145,40,2,1,0,0,
578,20260402,145,41,2,2,0,0,
579,20260408,145,42,2,0,1,0,
580,20260414,145,43,2,1,0,0,
581,20260407,146,41,2,2,0,0,
582,20260413,146,42,2,0,0,0,
583,20260419,146,43,2,1,0,0,
584,20260425,146,44,2,2,0,0,
585,20260113,147,42,2,0,0,0,
586,20260119,147,43,2,1,0,0,
587,20260126,147,44,2,2,0,0,
588,20260201,147,20,1,0,0,0,
589,20260124,148,43,2,1,0,0,
590,20260131,148,44,2,2,0,0,
591,20260206,148,20,1,0,0,0,
592,20260213,148,21,1,1,0,0,
593,20260204,149,44,2,2,0,0,
594,20260211,149,20,1,0,0,0,
595,20260218,149,21,1,1,0,0,
596,20260225,149,22,1,2,0,0,
597,20260216,150,20,1,0,0,0,
598,20260223,150,21,1,1,0,0,
599,20260302,150,22,1,2,1,0,
600,20260309,150,23,1,0,0,0,
601,20260608,151,21,1,1,0,0,
602,20260613,151,22,1,2,0,0,
603,20260619,151,23,1,0,0,0,
604,20260624,151,24,1,1,0,0,
605,20260310,152,22,1,2,0,0,
606,20260317,152,23,1,0,0,0,
607,20260325,152,24,1,1,0,0,
608,20260401,152,25,1,2,0,0,
609,20260310,153,4,1,0,0,0,
610,20260407,153,4,1,1,0,0,
611,20260505,153,4,1,2,0,0,
612,20260602,153,4,1,0,0,0,
613,20260401,154,24,1,1,0,0,
614,20260409,154,25,1,2,0,0,
615,20260417,154,26,1,0,0,0,
616,20260425,154,27,1,1,0,0,
617,20260413,155,25,1,2,0,0,
618,20260421,155,26,1,0,0,0,
619,20260429,155,27,1,1,1,0,
620,20260507,155,28,1,2,0,0,
621,20260119,156,26,1,0,0,0,
622,20260127,156,27,1,1,0,0,
623,20260204,156,28,1,2,0,0,
624,20260212,156,29,1,0,0,0,
625,20260130,157,27,1,1,0,0,
626,20260207,157,28,1,2,0,0,
627,20260216,157,29,1,0,0,0,
628,20260224,157,30,1,1,0,0,
629,20260528,158,28,1,2,0,0,
630,20260605,158,29,1,0,0,0,
631,20260613,158,30,1,1,0,0,
632,20260621,158,31,1,2,0,0,
633,20260530,159,29,1,0,0,0,
634,20260607,159,30,1,1,0,0,
635,20260614,159,31,1,2,0,0,
636,20260622,159,32,1,0,0,0,
637,20260305,160,30,1,1,0,0,
638,20260314,160,31,1,2,0,0,
639,20260323,160,32,1,0,1,0,
640,20260401,160,33,1,1,0,0,
641,20260316,161,31,1,2,0,0,
642,20260325,161,32,1,0,0,0,
643,20260403,161,33,1,1,0,0,
644,20260412,161,34,1,2,0,0,
645,20260216,162,32,1,0,0,0,
646,20260321,162,33,1,1,0,0,
647,20260424,162,34,1,2,0,0,
648,20260527,162,35,1,0,0,0,
649,20260609,163,33,1,1,0,0,
650,20260614,163,34,1,2,0,0,
651,20260619,163,35,1,0,0,0,
652,20260624,163,36,1,1,0,0,
653,20260418,164,34,1,2,0,0,
654,20260428,164,35,1,0,0,0,
655,20260508,164,36,1,1,0,0,
656,20260518,164,37,1,2,0,0,
657,20260125,165,35,1,0,0,0,
658,20260204,165,36,1,1,0,0,
659,20260214,165,37,1,2,1,0,
660,20260224,165,38,1,0,0,0,
661,20260205,166,36,1,1,0,0,
662,20260215,166,37,1,2,0,0,
663,20260225,166,38,1,0,0,0,
664,20260307,166,39,1,1,0,0,
665,20260216,167,37,1,2,0,0,
666,20260226,167,38,1,0,0,0,
667,20260309,167,39,1,1,0,0,
668,20260319,167,40,2,2,0,0,
669,20260227,168,38,1,0,0,0,
670,20260310,168,39,1,1,0,0,
671,20260320,168,40,2,2,0,0,
672,20260331,168,41,2,0,0,0,
673,20260219,169,39,1,1,0,0,
674,20260324,169,40,2,2,0,0,
675,20260425,169,41,2,0,0,0,
676,20260528,169,42,2,1,0,0,
677,20260402,170,40,2,2,0,0,
678,20260424,170,41,2,0,0,0,
679,20260516,170,42,2,1,1,0,
680,20260607,170,43,2,2,0,0,
681,20260402,171,41,2,0,0,0,
682,20260413,171,42,2,1,0,0,
683,20260424,171,43,2,2,0,0,
684,20260505,171,44,2,0,0,0,
685,20260413,172,42,2,1,0,0,
686,20260424,172,43,2,2,0,0,
687,20260506,172,44,2,0,0,0,
688,20260517,172,20,1,1,0,0,
689,20260119,173,43,2,2,0,0,
690,20260131,173,44,2,0,0,0,
691,20260211,173,20,1,1,0,0,
692,20260223,173,21,1,2,0,0,
693,20260130,174,44,2,0,0,0,
694,20260211,174,20,1,1,0,0,
695,20260223,174,21,1,2,0,0,
696,20260307,174,22,1,0,0,0,
697,20260513,175,20,1,1,0,0,
698,20260525,175,21,1,2,0,0,
699,20260606,175,22,1,0,1,0,
700,20260618,175,23,1,1,0,0,
701,20260222,176,21,1,2,0,0,
702,20260306,176,22,1,0,0,0,
703,20260318,176,23,1,1,0,0,
704,20260330,176,24,1,2,0,0,
705,20260517,177,22,1,0,0,0,
706,20260528,177,23,1,1,0,0,
707,20260608,177,24,1,2,0,0,
708,20260619,177,25,1,0,0,0,
709,20260316,178,23,1,1,0,0,
710,20260329,178,24,1,2,0,0,
711,20260410,178,25,1,0,0,0,
712,20260423,178,26,1,1,0,0,
713,20260327,179,24,1,2,0,0,
714,20260409,179,25,1,0,0,0,
715,20260422,179,26,1,1,0,0,
716,20260505,179,27,1,2,0,0,
717,20260330,180,25,1,0,0,0,
718,20260403,180,26,1,1,0,0,
719,20260407,180,27,1,2,1,0,
720,20260411,180,28,1,0,0,0,
721,20260527,181,26,1,1,0,0,
722,20260604,181,27,1,2,0,0,
723,20260613,181,28,1,0,0,0,
724,20260621,181,29,1,1,0,0,
725,20260419,182,27,1,2,0,0,
726,20260507,182,28,1,0,0,0,
727,20260525,182,29,1,1,0,0,
728,20260612,182,30,1,2,0,0,
729,20260127,183,28,1,0,0,0,
730,20260201,183,29,1,1,0,0,
731,20260205,183,30,1,2,0,0,
732,20260210,183,31,1,0,0,0,
733,20260304,184,29,1,1,0,0,
734,20260402,184,30,1,2,0,0,
735,20260502,184,31,1,0,0,0,
736,20260531,184,32,1,1,0,0,
737,20260219,185,30,1,2,0,0,
738,20260224,185,31,1,0,0,0,
739,20260301,185,32,1,1,1,0,
740,20260306,185,33,1,2,0,0,
741,20260302,186,31,1,0,0,0,
742,20260307,186,32,1,1,0,0,
743,20260312,186,33,1,2,0,0,
744,20260317,186,34,1,0,0,0,
745,20260313,187,32,1,1,0,0,
746,20260318,187,33,1,2,0,0,
747,20260324,187,34,1,0,0,0,
748,20260329,187,35,1,1,0,0,
749,20260218,188,33,1,2,0,0,
750,20260323,188,34,1,0,0,0,
751,20260425,188,35,1,1,0,0,
752,20260528,188,36,1,2,0,0,
753,20260404,189,34,1,0,0,0,
754,20260410,189,35,1,1,0,0,
755,20260416,189,36,1,2,0,0,
756,20260422,189,37,1,0,0,0,
757,20260111,190,35,1,1,0,0,
758,20260117,190,36,1,2,0,0,
759,20260123,190,37,1,0,1,0,
760,20260129,190,38,1,1,0,0,
761,20260122,191,36,1,2,0,0,
762,20260128,191,37,1,0,0,0,
763,20260203,191,38,1,1,0,0,
764,20260209,191,39,1,2,0,0,
765,20260226,192,37,1,0,0,0,
766,20260329,192,38,1,1,0,0,
767,20260429,192,39,1,2,0,0,
768,20260530,192,40,2,0,0,0,
769,20260210,193,38,1,1,0,0,
770,20260317,193,39,1,2,0,0,
771,20260421,193,300,15,30,10,8,DEFECT_FOUND
772,20260526,193,41,2,1,0,0,
773,20260224,194,39,1,2,0,0,
774,20260303,194,40,2,0,0,0,
775,20260310,194,41,2,1,0,0,
776,20260317,194,42,2,2,0,0,
777,20260308,195,40,2,0,0,0,
778,20260315,195,41,2,1,0,0,
779,20260322,195,42,2,2,1,0,
780,20260329,195,43,2,0,0,0,
781,20260226,196,41,2,1,0,0,
782,20260329,196,42,2,2,0,0,
783,20260429,196,43,2,0,0,0,
784,20260530,196,44,2,1,0,0,
785,20260330,197,42,2,2,0,0,
786,20260406,197,43,2,0,0,0,
787,20260414,197,44,2,1,0,0,
788,20260421,197,20,1,2,0,0,
789,20260410,198,43,2,0,0,0,
790,20260418,198,44,2,1,0,0,
791,20260425,198,20,1,2,0,0,
792,20260503,198,21,1,0,0,0,
793,20260116,199,44,2,1,0,0,
794,20260124,199,20,1,2,0,0,
795,20260201,199,21,1,0,0,0,
796,20260209,199,22,1,1,0,0,
797,20260213,200,20,1,2,0,0,
798,20260319,200,21,1,0,0,0,
799,20260422,200,22,1,1,1,0,
800,20260526,200,23,1,2,0,0,
801,20260208,201,21,1,0,0,0,
802,20260216,201,22,1,1,0,0,
803,20260224,201,23,1,2,0,0,
804,20260304,201,24,1,0,0,0,
805,20260219,202,22,1,1,0,0,
806,20260227,202,23,1,2,0,0,
807,20260308,202,24,1,0,0,0,
808,20260316,202,25,1,1,0,0,
809,20260302,203,23,1,2,0,0,
810,20260311,203,24,1,0,0,0,
811,20260319,203,25,1,1,0,0,
812,20260328,203,26,1,2,0,0,
813,20260307,204,24,1,0,0,0,
814,20260405,204,25,1,1,0,0,
815,20260503,204,26,1,2,0,0,
816,20260601,204,27,1,0,0,0,
817,20260325,205,25,1,1,0,0,
818,20260403,205,26,1,2,0,0,
819,20260412,205,27,1,0,1,0,
820,20260421,205,28,1,1,0,0,
821,20260210,206,26,1,2,0,0,
822,20260317,206,27,1,0,0,0,
823,20260421,206,28,1,1,0,0,
824,20260526,206,29,1,2,0,0,
825,20260216,207,27,1,0,0,0,
826,20260321,207,28,1,1,0,0,
827,20260424,207,29,1,2,0,0,
828,20260527,207,30,1,0,0,0,
829,20260215,208,28,1,1,0,0,
830,20260321,208,29,1,2,0,0,
831,20260423,208,30,1,0,0,0,
832,20260527,208,31,1,1,0,0,
833,20260607,209,29,1,2,0,0,
834,20260613,209,30,1,0,0,0,
835,20260618,209,31,1,1,0,0,
836,20260624,209,32,1,2,0,0,
837,20260214,210,30,1,0,0,0,
838,20260224,210,31,1,1,0,0,
839,20260306,210,32,1,2,1,0,
840,20260316,210,33,1,0,0,0,
841,20260225,211,31,1,1,0,0,
842,20260307,211,32,1,2,0,0,
843,20260317,211,33,1,0,0,0,
844,20260327,211,34,1,1,0,0,
845,20260308,212,32,1,2,0,0,
846,20260318,212,33,1,0,0,0,
847,20260329,212,34,1,1,0,0,
848,20260408,212,35,1,2,0,0,
849,20260319,213,33,1,0,0,0,
850,20260330,213,34,1,1,0,0,
851,20260409,213,35,1,2,0,0,
852,20260420,213,36,1,0,0,0,
853,20260330,214,34,1,1,0,0,
854,20260410,214,35,1,2,0,0,
855,20260421,214,36,1,0,0,0,
856,20260502,214,37,1,1,0,0,
857,20260418,215,35,1,2,0,0,
858,20260506,215,36,1,0,0,0,
859,20260524,215,37,1,1,1,0,
860,20260611,215,38,1,2,0,0,
861,20260302,216,36,1,0,0,0,
862,20260401,216,37,1,1,0,0,
863,20260501,216,300,15,30,10,8,DEFECT_FOUND
864,20260531,216,39,1,0,0,0,
865,20260128,217,37,1,1,0,0,
866,20260208,217,38,1,2,0,0,
867,20260220,217,39,1,0,0,0,
868,20260303,217,40,2,1,0,0,
869,20260208,218,38,1,2,0,0,
870,20260220,218,39,1,0,0,0,
871,20260303,218,40,2,1,0,0,
872,20260315,218,41,2,2,0,0,
873,20260219,219,39,1,0,0,0,
874,20260303,219,40,2,1,0,0,
875,20260315,219,41,2,2,0,0,
876,20260327,219,42,2,0,0,0,
877,20260303,220,40,2,1,0,0,
878,20260315,220,41,2,2,0,0,
879,20260327,220,42,2,0,1,0,
880,20260408,220,43,2,1,0,0,
881,20260608,221,41,2,2,0,0,
882,20260613,221,42,2,0,0,0,
883,20260619,221,43,2,1,0,0,
884,20260624,221,44,2,2,0,0,
885,20260325,222,42,2,0,0,0,
886,20260406,222,43,2,1,0,0,
887,20260419,222,44,2,2,0,0,
888,20260501,222,20,1,0,0,0,
889,20260405,223,43,2,1,0,0,
890,20260418,223,44,2,2,0,0,
891,20260430,223,20,1,0,0,0,
892,20260513,223,21,1,1,0,0,
893,20260416,224,44,2,2,0,0,
894,20260429,224,20,1,0,0,0,
895,20260512,224,21,1,1,0,0,
896,20260525,224,22,1,2,0,0,
897,20260114,225,20,1,0,0,0,
898,20260118,225,21,1,1,0,0,
899,20260122,225,22,1,2,1,0,
900,20260126,225,23,1,0,0,0,
901,20260125,226,21,1,1,0,0,
902,20260129,226,22,1,2,0,0,
903,20260202,226,23,1,0,0,0,
904,20260206,226,24,1,1,0,0,
905,20260205,227,22,1,2,0,0,
906,20260209,227,23,1,0,0,0,
907,20260214,227,24,1,1,0,0,
908,20260218,227,25,1,2,0,0,
909,20260216,228,23,1,0,0,0,
910,20260221,228,24,1,1,0,0,
911,20260225,228,25,1,2,0,0,
912,20260302,228,26,1,0,0,0,
913,20260227,229,24,1,1,0,0,
914,20260304,229,25,1,2,0,0,
915,20260309,229,26,1,0,0,0,
916,20260314,229,27,1,1,0,0,
917,20260602,230,25,1,2,0,0,
918,20260609,230,26,1,0,0,0,
919,20260616,230,27,1,1,1,0,
920,20260623,230,28,1,2,0,0,
921,20260604,231,26,1,0,0,0,
922,20260610,231,27,1,1,0,0,
923,20260617,231,28,1,2,0,0,
924,20260623,231,29,1,0,0,0,
925,20260402,232,27,1,1,0,0,
926,20260407,232,28,1,2,0,0,
927,20260413,232,29,1,0,0,0,
928,20260418,232,30,1,1,0,0,
929,20260609,233,28,1,2,0,0,
930,20260614,233,29,1,0,0,0,
931,20260619,233,30,1,1,0,0,
932,20260624,233,31,1,2,0,0,
933,20260119,234,29,1,0,0,0,
934,20260125,234,30,1,1,0,0,
935,20260131,234,31,1,2,0,0,
936,20260206,234,32,1,0,0,0,
937,20260301,235,5,1,1,0,0,
938,20260331,235,5,1,2,0,0,
939,20260430,235,5,1,0,1,0,
940,20260530,235,5,1,1,0,0,
941,20260211,236,31,1,2,0,0,
942,20260217,236,32,1,0,0,0,
943,20260223,236,33,1,1,0,0,
944,20260301,236,34,1,2,0,0,
945,20260222,237,32,1,0,0,0,
946,20260228,237,33,1,1,0,0,
947,20260307,237,34,1,2,0,0,
948,20260313,237,35,1,0,0,0,
949,20260210,238,33,1,1,0,0,
950,20260317,238,34,1,2,0,0,
951,20260421,238,35,1,0,0,0,
952,20260526,238,36,1,1,0,0,
953,20260401,239,34,1,2,0,0,
954,20260423,239,35,1,0,0,0,
955,20260516,239,36,1,1,0,0,
956,20260607,239,37,1,2,0,0,
957,20260221,240,35,1,0,0,0,
958,20260325,240,36,1,1,0,0,
959,20260426,240,37,1,2,1,0,
960,20260528,240,38,1,0,0,0,
961,20260408,241,36,1,1,0,0,
962,20260415,241,37,1,2,0,0,
963,20260422,241,38,1,0,0,0,
964,20260429,241,39,1,1,0,0,
965,20260304,242,37,1,2,0,0,
966,20260402,242,38,1,0,0,0,
967,20260502,242,39,1,1,0,0,
968,20260531,242,40,2,2,0,0,
969,20260125,243,38,1,0,0,0,
970,20260202,243,39,1,1,0,0,
971,20260209,243,40,2,2,0,0,
972,20260217,243,41,2,0,0,0,
973,20260315,244,39,1,1,0,0,
974,20260411,244,40,2,2,0,0,
975,20260507,244,41,2,0,0,0,
976,20260603,244,42,2,1,0,0,
977,20260217,245,40,2,2,0,0,
978,20260225,245,41,2,0,0,0,
979,20260305,245,42,2,1,1,0,
980,20260313,245,43,2,2,0,0,
981,20260318,246,41,2,0,0,0,
982,20260413,246,42,2,1,0,0,
983,20260509,246,43,2,2,0,0,
984,20260604,246,44,2,0,0,0,
985,20260418,247,42,2,1,0,0,
986,20260506,247,43,2,2,0,0,
987,20260524,247,44,2,0,0,0,
988,20260611,247,20,1,1,0,0,
989,20260322,248,43,2,2,0,0,
990,20260331,248,44,2,0,0,0,
991,20260408,248,20,1,1,0,0,
992,20260417,248,21,1,2,0,0,
993,20260307,249,44,2,0,0,0,
994,20260405,249,20,1,1,0,0,
995,20260503,249,21,1,2,0,0,
996,20260601,249,22,1,0,0,0,
997,20260414,250,20,1,1,0,0,
998,20260423,250,21,1,2,0,0,
999,20260502,250,22,1,0,1,0,
1000,20260511,250,23,1,1,0,0,
1001,20260210,251,21,1,2,0,0,
1002,20260317,251,22,1,0,0,0,
1003,20260421,251,23,1,1,0,0,
1004,20260526,251,24,1,2,0,0,
1005,20260131,252,22,1,0,0,0,
1006,20260209,252,23,1,1,0,0,
1007,20260219,252,24,1,2,0,0,
1008,20260228,252,25,1,0,0,0,
1009,20260211,253,23,1,1,0,0,
1010,20260221,253,24,1,2,0,0,
1011,20260302,253,25,1,0,0,0,
1012,20260312,253,26,1,1,0,0,
1013,20260227,254,24,1,2,0,0,
1014,20260330,254,25,1,0,0,0,
1015,20260429,254,26,1,1,0,0,
1016,20260530,254,27,1,2,0,0,
1017,20260306,255,25,1,0,0,0,
1018,20260316,255,26,1,1,0,0,
1019,20260326,255,27,1,2,1,0,
1020,20260405,255,28,1,0,0,0,
1021,20260317,256,26,1,1,0,0,
1022,20260327,256,27,1,2,0,0,
1023,20260406,256,28,1,0,0,0,
1024,20260416,256,29,1,1,0,0,
1025,20260328,257,27,1,2,0,0,
1026,20260407,257,28,1,0,0,0,
1027,20260418,257,29,1,1,0,0,
1028,20260428,257,30,1,2,0,0,
1029,20260408,258,28,1,0,0,0,
1030,20260419,258,29,1,1,0,0,
1031,20260429,258,30,1,2,0,0,
1032,20260510,258,31,1,0,0,0,
1033,20260518,259,29,1,1,0,0,
1034,20260529,259,30,1,2,0,0,
1035,20260608,259,31,1,0,0,0,
1036,20260619,259,32,1,1,0,0,
1037,20260126,260,30,1,2,0,0,
1038,20260206,260,31,1,0,0,0,
1039,20260217,260,32,1,1,1,0,
1040,20260228,260,33,1,2,0,0,
1041,20260206,261,31,1,0,0,0,
1042,20260217,261,32,1,1,0,0,
1043,20260228,261,33,1,2,0,0,
1044,20260311,261,34,1,0,0,0,
1045,20260217,262,32,1,1,0,0,
1046,20260228,262,33,1,2,0,0,
1047,20260312,262,34,1,0,0,0,
1048,20260323,262,35,1,1,0,0,
1049,20260228,263,33,1,2,0,0,
1050,20260312,263,34,1,0,0,0,
1051,20260323,263,35,1,1,0,0,
1052,20260404,263,36,1,2,0,0,
1053,20260211,264,34,1,0,0,0,
1054,20260318,264,35,1,1,0,0,
1055,20260421,264,36,1,2,0,0,
1056,20260526,264,37,1,0,0,0,
1057,20260323,265,35,1,1,0,0,
1058,20260404,265,36,1,2,0,0,
1059,20260416,265,37,1,0,1,0,
1060,20260428,265,38,1,1,0,0,
1061,20260403,266,36,1,2,0,0,
1062,20260415,266,37,1,0,0,0,
1063,20260427,266,38,1,1,0,0,
1064,20260509,266,39,1,2,0,0,
1065,20260419,267,37,1,0,0,0,
1066,20260507,267,38,1,1,0,0,
1067,20260525,267,39,1,2,0,0,
1068,20260612,267,40,2,0,0,0,
1069,20260120,268,38,1,1,0,0,
1070,20260202,268,39,1,2,0,0,
1071,20260214,268,40,2,0,0,0,
1072,20260227,268,41,2,1,0,0,
1073,20260514,269,39,1,2,0,0,
1074,20260526,269,40,2,0,0,0,
1075,20260606,269,41,2,1,0,0,
1076,20260618,269,42,2,2,0,0,
1077,20260203,270,40,2,0,0,0,
1078,20260207,270,41,2,1,0,0,
1079,20260211,270,42,2,2,1,0,
1080,20260215,270,43,2,0,0,0,
1081,20260214,271,41,2,1,0,0,
1082,20260218,271,42,2,2,0,0,
1083,20260222,271,43,2,0,0,0,
1084,20260226,271,44,2,1,0,0,
1085,20260225,272,42,2,2,0,0,
1086,20260301,272,43,2,0,0,0,
1087,20260306,272,44,2,1,0,0,
1088,20260310,272,20,1,2,0,0,
1089,20260308,273,43,2,0,0,0,
1090,20260313,273,44,2,1,0,0,
1091,20260317,273,20,1,2,0,0,
1092,20260322,273,21,1,0,0,0,
1093,20260319,274,44,2,1,0,0,
1094,20260324,274,20,1,2,0,0,
1095,20260329,274,21,1,0,0,0,
1096,20260403,274,22,1,1,0,0,
1097,20260529,275,20,1,2,0,0,
1098,20260606,275,21,1,0,0,0,
1099,20260614,275,22,1,1,1,0,
1100,20260622,275,23,1,2,0,0,
1101,20260411,276,21,1,0,0,0,
1102,20260416,276,22,1,1,0,0,
1103,20260421,276,23,1,2,0,0,
1104,20260426,276,24,1,0,0,0,
1105,20260212,277,22,1,1,0,0,
1106,20260318,277,23,1,2,0,0,
1107,20260422,277,24,1,0,0,0,
1108,20260526,277,25,1,1,0,0,
1109,20260128,278,23,1,2,0,0,
1110,20260203,278,24,1,0,0,0,
1111,20260208,278,25,1,1,0,0,
1112,20260214,278,26,1,2,0,0,
1113,20260208,279,24,1,0,0,0,
1114,20260214,279,25,1,1,0,0,
1115,20260220,279,26,1,2,0,0,
1116,20260226,279,27,1,0,0,0,
1117,20260301,280,5,1,1,0,0,
1118,20260331,280,5,1,2,0,0,
1119,20260430,280,5,1,0,1,0,
1120,20260530,280,5,1,1,0,0,
1121,20260303,281,26,1,2,0,0,
1122,20260309,281,27,1,0,0,0,
1123,20260315,281,28,1,1,0,0,
1124,20260321,281,29,1,2,0,0,
1125,20260517,282,27,1,0,0,0,
1126,20260528,282,28,1,1,0,0,
1127,20260608,282,29,1,2,0,0,
1128,20260619,282,30,1,0,0,0,
1129,20260408,283,28,1,1,0,0,
1130,20260429,283,29,1,2,0,0,
1131,20260519,283,30,1,0,0,0,
1132,20260609,283,31,1,1,0,0,
1133,20260405,284,29,1,2,0,0,
1134,20260412,284,30,1,0,0,0,
1135,20260419,284,31,1,1,0,0,
1136,20260426,284,32,1,2,0,0,
1137,20260112,285,30,1,0,0,0,
1138,20260119,285,31,1,1,0,0,
1139,20260126,285,32,1,2,1,0,
1140,20260202,285,33,1,0,0,0,
1141,20260527,286,31,1,1,0,0,
1142,20260604,286,32,1,2,0,0,
1143,20260613,286,33,1,0,0,0,
1144,20260621,286,34,1,1,0,0,
1145,20260203,287,32,1,2,0,0,
1146,20260210,287,33,1,0,0,0,
1147,20260218,287,34,1,1,0,0,
1148,20260225,287,35,1,2,0,0,
1149,20260214,288,33,1,0,0,0,
1150,20260222,288,34,1,1,0,0,
1151,20260301,288,35,1,2,0,0,
1152,20260309,288,36,1,0,0,0,
1153,20260225,289,34,1,1,0,0,
1154,20260305,289,35,1,2,0,0,
1155,20260313,289,36,1,0,0,0,
1156,20260321,289,37,1,1,0,0,
1157,20260606,290,35,1,2,0,0,
1158,20260612,290,36,1,0,0,0,
1159,20260618,290,37,1,1,1,0,
1160,20260624,290,38,1,2,0,0,
1161,20260403,291,36,1,0,0,0,
1162,20260425,291,37,1,1,0,0,
1163,20260517,291,38,1,2,0,0,
1164,20260608,291,39,1,0,0,0,
1165,20260224,292,37,1,1,0,0,
1166,20260327,292,38,1,2,0,0,
1167,20260428,292,39,1,0,0,0,
1168,20260529,292,40,2,1,0,0,
1169,20260420,293,38,1,2,0,0,
1170,20260508,293,39,1,0,0,0,
1171,20260525,293,40,2,1,0,0,
1172,20260612,293,41,2,2,0,0,
1173,20260518,294,39,1,0,0,0,
1174,20260529,294,40,2,1,0,0,
1175,20260608,294,41,2,2,0,0,
1176,20260619,294,42,2,0,0,0,
1177,20260521,295,40,2,1,0,0,
1178,20260531,295,41,2,2,0,0,
1179,20260610,295,42,2,0,1,0,
1180,20260620,295,43,2,1,0,0,
1181,20260209,296,41,2,2,0,0,
1182,20260218,296,42,2,0,0,0,
1183,20260227,296,43,2,1,0,0,
1184,20260308,296,44,2,2,0,0,
1185,20260525,297,42,2,0,0,0,
1186,20260603,297,43,2,1,0,0,
1187,20260612,297,44,2,2,0,0,
1188,20260621,297,20,1,0,0,0,
1189,20260222,298,43,2,1,0,0,
1190,20260326,298,44,2,2,0,0,
1191,20260427,298,20,1,0,0,0,
1192,20260529,298,21,1,1,0,0,
1193,20260314,299,44,2,2,0,0,
1194,20260324,299,20,1,0,0,0,
1195,20260403,299,21,1,1,0,0,
1196,20260413,299,22,1,2,0,0,
1197,20260326,300,20,1,0,0,0,
1198,20260405,300,21,1,1,0,0,
1199,20260415,300,22,1,2,1,0,
1200,20260425,300,23,1,0,0,0,
1201,20260310,301,21,1,1,0,0,
1202,20260407,301,22,1,2,0,0,
1203,20260505,301,23,1,0,0,0,
1204,20260602,301,24,1,1,0,0,
1205,20260606,302,22,1,2,0,0,
1206,20260612,302,23,1,0,0,0,
1207,20260618,302,24,1,1,0,0,
1208,20260624,302,25,1,2,0,0,
1209,20260123,303,23,1,0,0,0,
1210,20260203,303,24,1,1,0,0,
1211,20260213,303,25,1,2,0,0,
1212,20260224,303,26,1,0,0,0,
1213,20260203,304,24,1,1,0,0,
1214,20260214,304,25,1,2,0,0,
1215,20260225,304,26,1,0,0,0,
1216,20260308,304,27,1,1,0,0,
1217,20260215,305,25,1,2,0,0,
1218,20260226,305,26,1,0,0,0,
1219,20260309,305,27,1,1,1,0,
1220,20260320,305,28,1,2,0,0,
1221,20260226,306,26,1,0,0,0,
1222,20260309,306,27,1,1,0,0,
1223,20260320,306,28,1,2,0,0,
1224,20260331,306,29,1,0,0,0,
1225,20260309,307,27,1,1,0,0,
1226,20260320,307,28,1,2,0,0,
1227,20260401,307,29,1,0,0,0,
1228,20260412,307,30,1,1,0,0,
1229,20260314,308,28,1,2,0,0,
1230,20260410,308,29,1,0,0,0,
1231,20260507,308,300,15,30,10,8,DEFECT_FOUND
1232,20260603,308,31,1,2,0,0,
1233,20260331,309,29,1,0,0,0,
1234,20260412,309,30,1,1,0,0,
1235,20260424,309,31,1,2,0,0,
1236,20260506,309,32,1,0,0,0,
1237,20260412,310,30,1,1,0,0,
1238,20260424,310,31,1,2,0,0,
1239,20260506,310,32,1,0,1,0,
1240,20260518,310,33,1,1,0,0,
1241,20260118,311,31,1,2,0,0,
1242,20260130,311,32,1,0,0,0,
1243,20260211,311,33,1,1,0,0,
1244,20260223,311,34,1,2,0,0,
1245,20260129,312,32,1,0,0,0,
1246,20260210,312,33,1,1,0,0,
1247,20260223,312,34,1,2,0,0,
1248,20260307,312,35,1,0,0,0,
1249,20260209,313,33,1,1,0,0,
1250,20260222,313,34,1,2,0,0,
1251,20260306,313,35,1,0,0,0,
1252,20260319,313,36,1,1,0,0,
1253,20260607,314,34,1,2,0,0,
1254,20260613,314,35,1,0,0,0,
1255,20260618,314,36,1,1,0,0,
1256,20260624,314,37,1,2,0,0,
1257,20260223,315,35,1,0,0,0,
1258,20260227,315,36,1,1,0,0,
1259,20260303,315,37,1,2,1,0,
1260,20260307,315,38,1,0,0,0,
1261,20260306,316,36,1,1,0,0,
1262,20260310,316,37,1,2,0,0,
1263,20260314,316,38,1,0,0,0,
1264,20260318,316,39,1,1,0,0,
1265,20260317,317,37,1,2,0,0,
1266,20260321,317,38,1,0,0,0,
1267,20260326,317,39,1,1,0,0,
1268,20260330,317,40,2,2,0,0,
1269,20260328,318,38,1,0,0,0,
1270,20260402,318,39,1,1,0,0,
1271,20260406,318,40,2,2,0,0,
1272,20260411,318,41,2,0,0,0,
1273,20260522,319,39,1,1,0,0,
1274,20260601,319,40,2,2,0,0,
1275,20260610,319,41,2,0,0,0,
1276,20260620,319,42,2,1,0,0,
1277,20260115,320,40,2,2,0,0,
1278,20260120,320,41,2,0,0,0,
1279,20260125,320,42,2,1,1,0,
1280,20260130,320,43,2,2,0,0,
1281,20260126,321,41,2,0,0,0,
1282,20260131,321,42,2,1,0,0,
1283,20260205,321,43,2,2,0,0,
1284,20260210,321,44,2,0,0,0,
1285,20260206,322,42,2,1,0,0,
1286,20260211,322,43,2,2,0,0,
1287,20260217,322,44,2,0,0,0,
1288,20260222,322,20,1,1,0,0,
1289,20260217,323,43,2,2,0,0,
1290,20260223,323,44,2,0,0,0,
1291,20260228,323,20,1,1,0,0,
1292,20260306,323,21,1,2,0,0,
1293,20260228,324,44,2,0,0,0,
1294,20260306,324,20,1,1,0,0,
1295,20260312,324,21,1,2,0,0,
1296,20260318,324,22,1,0,0,0,
1297,20260606,325,20,1,1,0,0,
1298,20260612,325,21,1,2,0,0,
1299,20260618,325,22,1,0,1,0,
1300,20260624,325,23,1,1,0,0,
1301,20260323,326,21,1,2,0,0,
1302,20260329,326,22,1,0,0,0,
1303,20260404,326,23,1,1,0,0,
1304,20260410,326,24,1,2,0,0,
1305,20260312,327,22,1,0,0,0,
1306,20260408,327,23,1,1,0,0,
1307,20260506,327,24,1,2,0,0,
1308,20260602,327,25,1,0,0,0,
1309,20260414,328,23,1,1,0,0,
1310,20260421,328,24,1,2,0,0,
1311,20260427,328,25,1,0,0,0,
1312,20260504,328,26,1,1,0,0,
1313,20260120,329,24,1,2,0,0,
1314,20260127,329,25,1,0,0,0,
1315,20260203,329,26,1,1,0,0,
1316,20260210,329,27,1,2,0,0,
1317,20260225,330,25,1,0,0,0,
1318,20260328,330,26,1,1,0,0,
1319,20260428,330,27,1,2,1,0,
1320,20260529,330,28,1,0,0,0,
1321,20260212,331,26,1,1,0,0,
1322,20260219,331,27,1,2,0,0,
1323,20260226,331,28,1,0,0,0,
1324,20260305,331,29,1,1,0,0,
1325,20260223,332,27,1,2,0,0,
1326,20260302,332,28,1,0,0,0,
1327,20260310,332,29,1,1,0,0,
1328,20260317,332,30,1,2,0,0,
1329,20260528,333,28,1,0,0,0,
1330,20260605,333,29,1,1,0,0,
1331,20260613,333,30,1,2,0,0,
1332,20260621,333,31,1,0,0,0,
1333,20260401,334,29,1,1,0,0,
1334,20260423,334,30,1,2,0,0,
1335,20260516,334,31,1,0,0,0,
1336,20260607,334,32,1,1,0,0,
1337,20260329,335,30,1,2,0,0,
1338,20260406,335,31,1,0,0,0,
1339,20260414,335,32,1,1,1,0,
1340,20260422,335,33,1,2,0,0,
1341,20260409,336,31,1,0,0,0,
1342,20260417,336,32,1,1,0,0,
1343,20260425,336,33,1,2,0,0,
1344,20260503,336,34,1,0,0,0,
1345,20260115,337,32,1,1,0,0,
1346,20260123,337,33,1,2,0,0,
1347,20260201,337,34,1,0,0,0,
1348,20260209,337,35,1,1,0,0,
1349,20260126,338,33,1,2,0,0,
1350,20260204,338,34,1,0,0,0,
1351,20260212,338,35,1,1,0,0,
1352,20260221,338,36,1,2,0,0,
1353,20260206,339,34,1,0,0,0,
1354,20260215,339,35,1,1,0,0,
1355,20260224,339,36,1,2,0,0,
1356,20260305,339,37,1,0,0,0,
1357,20260517,340,35,1,1,0,0,
1358,20260528,340,36,1,2,0,0,
1359,20260608,340,37,1,0,1,0,
1360,20260619,340,38,1,1,0,0,
1361,20260519,341,36,1,2,0,0,
1362,20260529,341,37,1,0,0,0,
1363,20260609,341,38,1,1,0,0,
1364,20260619,341,39,1,2,0,0,
1365,20260312,342,37,1,0,0,0,
1366,20260321,342,38,1,1,0,0,
1367,20260331,342,39,1,2,0,0,
1368,20260409,342,40,2,0,0,0,
1369,20260323,343,38,1,1,0,0,
1370,20260402,343,39,1,2,0,0,
1371,20260411,343,40,2,0,0,0,
1372,20260421,343,41,2,1,0,0,
1373,20260403,344,39,1,2,0,0,
1374,20260413,344,40,2,0,0,0,
1375,20260423,344,41,2,1,0,0,
1376,20260503,344,42,2,2,0,0,
1377,20260415,345,40,2,0,0,0,
1378,20260425,345,41,2,1,0,0,
1379,20260505,345,42,2,2,1,0,
1380,20260515,345,43,2,0,0,0,
1381,20260214,346,41,2,1,0,0,
1382,20260320,346,42,2,2,0,0,
1383,20260423,346,43,2,0,0,0,
1384,20260527,346,44,2,1,0,0,
1385,20260222,347,42,2,2,0,0,
1386,20260326,347,43,2,0,0,0,
1387,20260427,347,44,2,1,0,0,
1388,20260529,347,20,1,2,0,0,
1389,20260212,348,43,2,0,0,0,
1390,20260223,348,44,2,1,0,0,
1391,20260305,348,20,1,2,0,0,
1392,20260316,348,21,1,0,0,0,
1393,20260223,349,44,2,1,0,0,
1394,20260306,349,20,1,2,0,0,
1395,20260317,349,21,1,0,0,0,
1396,20260328,349,22,1,1,0,0,
1397,20260307,350,20,1,2,0,0,
1398,20260318,350,21,1,0,0,0,
1399,20260329,350,22,1,1,1,0,
1400,20260409,350,23,1,2,0,0,
1401,20260515,351,21,1,0,0,0,
1402,20260526,351,22,1,1,0,0,
1403,20260607,351,23,1,2,0,0,
1404,20260618,351,24,1,0,0,0,
1405,20260407,352,22,1,1,0,0,
1406,20260428,352,23,1,2,0,0,
1407,20260519,352,24,1,0,0,0,
1408,20260609,352,25,1,1,0,0,
1409,20260314,353,23,1,2,0,0,
1410,20260410,353,24,1,0,0,0,
1411,20260507,353,25,1,1,0,0,
1412,20260603,353,26,1,2,0,0,
1413,20260522,354,24,1,0,0,0,
1414,20260601,354,25,1,1,0,0,
1415,20260610,354,26,1,2,0,0,
1416,20260620,354,27,1,0,0,0,
1417,20260127,355,25,1,1,0,0,
1418,20260208,355,26,1,2,0,0,
1419,20260220,355,27,1,0,1,0,
1420,20260304,355,28,1,1,0,0,
1421,20260207,356,26,1,2,0,0,
1422,20260219,356,27,1,0,0,0,
1423,20260303,356,28,1,1,0,0,
1424,20260315,356,29,1,2,0,0,
1425,20260218,357,27,1,0,0,0,
1426,20260302,357,28,1,1,0,0,
1427,20260315,357,29,1,2,0,0,
1428,20260327,357,30,1,0,0,0,
1429,20260301,358,28,1,1,0,0,
1430,20260314,358,29,1,2,0,0,
1431,20260326,358,30,1,0,0,0,
1432,20260408,358,31,1,1,0,0,
1433,20260312,359,29,1,2,0,0,
1434,20260325,359,30,1,0,0,0,
1435,20260407,359,31,1,1,0,0,
1436,20260420,359,32,1,2,0,0,
1437,20260315,360,30,1,0,0,0,
1438,20260319,360,31,1,1,0,0,
1439,20260323,360,32,1,2,1,0,
1440,20260327,360,33,1,0,0,0,
1441,20260326,361,31,1,1,0,0,
1442,20260330,361,32,1,2,0,0,
1443,20260403,361,33,1,0,0,0,
1444,20260407,361,34,1,1,0,0,
1445,20260406,362,32,1,2,0,0,
1446,20260410,362,33,1,0,0,0,
1447,20260415,362,34,1,1,0,0,
1448,20260419,362,35,1,2,0,0,
1449,20260112,363,33,1,0,0,0,
1450,20260117,363,34,1,1,0,0,
1451,20260121,363,35,1,2,0,0,
1452,20260126,363,36,1,0,0,0,
1453,20260123,364,34,1,1,0,0,
1454,20260128,364,35,1,2,0,0,
1455,20260202,364,36,1,0,0,0,
1456,20260207,364,37,1,1,0,0,
1457,20260204,365,35,1,2,0,0,
1458,20260209,365,36,1,0,0,0,
1459,20260214,365,37,1,1,1,0,
1460,20260219,365,38,1,2,0,0,
1461,20260215,366,36,1,0,0,0,
1462,20260220,366,37,1,1,0,0,
1463,20260225,366,38,1,2,0,0,
1464,20260302,366,39,1,0,0,0,
1465,20260226,367,37,1,1,0,0,
1466,20260303,367,38,1,2,0,0,
1467,20260309,367,39,1,0,0,0,
1468,20260314,367,40,2,1,0,0,
1469,20260309,368,38,1,2,0,0,
1470,20260315,368,39,1,0,0,0,
1471,20260320,368,40,2,1,0,0,
1472,20260326,368,41,2,2,0,0,
1473,20260405,369,39,1,0,0,0,
1474,20260426,369,40,2,1,0,0,
1475,20260518,369,41,2,2,0,0,
1476,20260608,369,42,2,0,0,0,
1477,20260602,370,40,2,1,0,0,
1478,20260609,370,41,2,2,0,0,
1479,20260616,370,42,2,0,1,0,
1480,20260623,370,43,2,1,0,0,
1481,20260306,371,41,2,2,0,0,
1482,20260404,371,42,2,0,0,0,
1483,20260503,371,43,2,1,0,0,
1484,20260601,371,44,2,2,0,0,
1485,20260118,372,42,2,0,0,0,
1486,20260124,372,43,2,1,0,0,
1487,20260131,372,44,2,2,0,0,
1488,20260206,372,20,1,0,0,0,
1489,20260129,373,43,2,1,0,0,
1490,20260205,373,44,2,2,0,0,
1491,20260211,373,20,1,0,0,0,
1492,20260218,373,21,1,1,0,0,
1493,20260209,374,44,2,2,0,0,
1494,20260216,374,20,1,0,0,0,
1495,20260223,374,21,1,1,0,0,
1496,20260302,374,22,1,2,0,0,
1497,20260517,375,20,1,0,0,0,
1498,20260528,375,21,1,1,0,0,
1499,20260608,375,22,1,2,1,0,
1500,20260619,375,23,1,0,0,0,
1501,20260304,376,21,1,1,0,0,
1502,20260311,376,22,1,2,0,0,
1503,20260318,376,23,1,0,0,0,
1504,20260325,376,24,1,1,0,0,
1505,20260521,377,22,1,2,0,0,
1506,20260531,377,23,1,0,0,0,
1507,20260610,377,24,1,1,0,0,
1508,20260620,377,25,1,2,0,0,
1509,20260326,378,23,1,0,0,0,
1510,20260403,378,24,1,1,0,0,
1511,20260410,378,25,1,2,0,0,
1512,20260418,378,26,1,0,0,0,
1513,20260406,379,24,1,1,0,0,
1514,20260414,379,25,1,2,0,0,
1515,20260422,379,26,1,0,0,0,
1516,20260430,379,27,1,1,0,0,
1517,20260113,380,25,1,2,0,0,
1518,20260121,380,26,1,0,0,0,
1519,20260129,380,27,1,1,1,0,
1520,20260206,380,28,1,2,0,0,
1521,20260124,381,26,1,0,0,0,
1522,20260201,381,27,1,1,0,0,
1523,20260209,381,28,1,2,0,0,
1524,20260217,381,29,1,0,0,0,
1525,20260204,382,27,1,1,0,0,
1526,20260212,382,28,1,2,0,0,
1527,20260221,382,29,1,0,0,0,
1528,20260301,382,30,1,1,0,0,
1529,20260605,383,28,1,2,0,0,
1530,20260611,383,29,1,0,0,0,
1531,20260617,383,30,1,1,0,0,
1532,20260623,383,31,1,2,0,0,
1533,20260226,384,29,1,0,0,0,
1534,20260307,384,30,1,1,0,0,
1535,20260316,384,31,1,2,0,0,
1536,20260325,384,32,1,0,0,0,
1537,20260310,385,30,1,1,0,0,
1538,20260319,385,31,1,2,0,0,
1539,20260328,385,32,1,0,1,0,
1540,20260406,385,33,1,1,0,0,
1541,20260515,386,31,1,2,0,0,
1542,20260526,386,32,1,0,0,0,
1543,20260607,386,33,1,1,0,0,
1544,20260618,386,34,1,2,0,0,
1545,20260401,387,32,1,0,0,0,
1546,20260410,387,33,1,1,0,0,
1547,20260420,387,34,1,2,0,0,
1548,20260429,387,35,1,0,0,0,
1549,20260412,388,33,1,1,0,0,
1550,20260422,388,34,1,2,0,0,
1551,20260501,388,35,1,0,0,0,
1552,20260511,388,36,1,1,0,0,
1553,20260212,389,34,1,2,0,0,
1554,20260318,389,35,1,0,0,0,
1555,20260422,389,36,1,1,0,0,
1556,20260526,389,37,1,2,0,0,
1557,20260130,390,35,1,0,0,0,
1558,20260209,390,36,1,1,0,0,
1559,20260219,390,37,1,2,1,0,
1560,20260301,390,38,1,0,0,0,
1561,20260210,391,36,1,1,0,0,
1562,20260220,391,37,1,2,0,0,
1563,20260302,391,38,1,0,0,0,
1564,20260312,391,39,1,1,0,0,
1565,20260221,392,37,1,2,0,0,
1566,20260303,392,38,1,0,0,0,
1567,20260314,392,39,1,1,0,0,
1568,20260324,392,40,2,2,0,0,
1569,20260304,393,38,1,0,0,0,
1570,20260315,393,39,1,1,0,0,
1571,20260325,393,40,2,2,0,0,
1572,20260405,393,41,2,0,0,0,
1573,20260315,394,39,1,1,0,0,
1574,20260326,394,40,2,2,0,0,
1575,20260406,394,41,2,0,0,0,
1576,20260417,394,42,2,1,0,0,
1577,20260327,395,40,2,2,0,0,
1578,20260407,395,41,2,0,0,0,
1579,20260418,395,42,2,1,1,0,
1580,20260429,395,43,2,2,0,0,
1581,20260407,396,41,2,0,0,0,
1582,20260418,396,42,2,1,0,0,
1583,20260429,396,43,2,2,0,0,
1584,20260510,396,44,2,0,0,0,
1585,20260418,397,42,2,1,0,0,
1586,20260429,397,43,2,2,0,0,
1587,20260511,397,44,2,0,0,0,
1588,20260522,397,20,1,1,0,0,
1589,20260516,398,43,2,2,0,0,
1590,20260527,398,44,2,0,0,0,
1591,20260607,398,20,1,1,0,0,
1592,20260618,398,21,1,2,0,0,
1593,20260204,399,44,2,0,0,0,
1594,20260216,399,20,1,1,0,0,
1595,20260228,399,21,1,2,0,0,
1596,20260312,399,22,1,0,0,0,
1597,20260216,400,20,1,1,0,0,
1598,20260228,400,21,1,2,0,0,
1599,20260312,400,22,1,0,1,0,
1600,20260324,400,23,1,1,0,0,
1601,20260523,401,21,1,2,0,0,
1602,20260601,401,22,1,0,0,0,
1603,20260611,401,23,1,1,0,0,
1604,20260620,401,24,1,2,0,0,
1605,20260310,402,22,1,0,0,0,
1606,20260322,402,23,1,1,0,0,
1607,20260404,402,24,1,2,0,0,
1608,20260416,402,25,1,0,0,0,
1609,20260321,403,23,1,1,0,0,
1610,20260403,403,24,1,2,0,0,
1611,20260415,403,25,1,0,0,0,
1612,20260428,403,26,1,1,0,0,
1613,20260530,404,24,1,2,0,0,
1614,20260607,404,25,1,0,0,0,
1615,20260614,404,26,1,1,0,0,
1616,20260622,404,27,1,2,0,0,
1617,20260404,405,25,1,0,0,0,
1618,20260408,405,26,1,1,0,0,
1619,20260412,405,27,1,2,1,0,
1620,20260416,405,28,1,0,0,0,
1621,20260110,406,26,1,1,0,0,
1622,20260114,406,27,1,2,0,0,
1623,20260118,406,28,1,0,0,0,
1624,20260122,406,29,1,1,0,0,
1625,20260218,407,27,1,2,0,0,
1626,20260323,407,28,1,0,0,0,
1627,20260425,407,29,1,1,0,0,
1628,20260528,407,30,1,2,0,0,
1629,20260609,408,28,1,0,0,0,
1630,20260614,408,29,1,1,0,0,
1631,20260619,408,30,1,2,0,0,
1632,20260624,408,31,1,0,0,0,
1633,20260212,409,29,1,1,0,0,
1634,20260217,409,30,1,2,0,0,
1635,20260222,409,31,1,0,0,0,
1636,20260227,409,32,1,1,0,0,
1637,20260224,410,30,1,2,0,0,
1638,20260301,410,31,1,0,0,0,
1639,20260306,410,32,1,1,1,0,
1640,20260311,410,33,1,2,0,0,
1641,20260307,411,31,1,0,0,0,
1642,20260312,411,32,1,1,0,0,
1643,20260317,411,33,1,2,0,0,
1644,20260322,411,34,1,0,0,0,
1645,20260318,412,32,1,1,0,0,
1646,20260323,412,33,1,2,0,0,
1647,20260329,412,34,1,0,0,0,
1648,20260403,412,35,1,1,0,0,
1649,20260329,413,33,1,2,0,0,
1650,20260404,413,34,1,0,0,0,
1651,20260409,413,35,1,1,0,0,
1652,20260415,413,36,1,2,0,0,
1653,20260409,414,34,1,0,0,0,
1654,20260415,414,35,1,1,0,0,
1655,20260421,414,36,1,2,0,0,
1656,20260427,414,37,1,0,0,0,
1657,20260116,415,35,1,1,0,0,
1658,20260122,415,36,1,2,0,0,
1659,20260128,415,37,1,0,1,0,
1660,20260203,415,38,1,1,0,0,
1661,20260127,416,36,1,2,0,0,
1662,20260202,416,37,1,0,0,0,
1663,20260208,416,38,1,1,0,0,
1664,20260214,416,39,1,2,0,0,
1665,20260602,417,37,1,0,0,0,
1666,20260609,417,38,1,1,0,0,
1667,20260616,417,39,1,2,0,0,
1668,20260623,417,40,2,0,0,0,
1669,20260218,418,38,1,1,0,0,
1670,20260225,418,39,1,2,0,0,
1671,20260303,418,40,2,0,0,0,
1672,20260310,418,41,2,1,0,0,
1673,20260301,419,39,1,2,0,0,
1674,20260308,419,40,2,0,0,0,
1675,20260315,419,41,2,1,0,0,
1676,20260322,419,42,2,2,0,0,
1677,20260313,420,40,2,0,0,0,
1678,20260320,420,41,2,1,0,0,
1679,20260327,420,42,2,2,1,0,
1680,20260403,420,43,2,0,0,0,
1681,20260324,421,41,2,1,0,0,
1682,20260331,421,42,2,2,0,0,
1683,20260407,421,43,2,0,0,0,
1684,20260414,421,44,2,1,0,0,
1685,20260404,422,42,2,2,0,0,
1686,20260411,422,43,2,0,0,0,
1687,20260419,422,44,2,1,0,0,
1688,20260426,422,20,1,2,0,0,
1689,20260415,423,43,2,0,0,0,
1690,20260423,423,44,2,1,0,0,
1691,20260430,423,20,1,2,0,0,
1692,20260508,423,21,1,0,0,0,
1693,20260121,424,44,2,1,0,0,
1694,20260129,424,20,1,2,0,0,
1695,20260206,424,21,1,0,0,0,
1696,20260214,424,22,1,1,0,0,
1697,20260202,425,20,1,2,0,0,
1698,20260210,425,21,1,0,0,0,
1699,20260218,425,22,1,1,1,0,
1700,20260226,425,23,1,2,0,0,
1701,20260218,426,21,1,0,0,0,
1702,20260323,426,22,1,1,0,0,
1703,20260425,426,300,15,30,10,8,DEFECT_FOUND
1704,20260528,426,24,1,0,0,0,
1705,20260224,427,22,1,1,0,0,
1706,20260304,427,23,1,2,0,0,
1707,20260313,427,24,1,0,0,0,
1708,20260321,427,25,1,1,0,0,
1709,20260307,428,23,1,2,0,0,
1710,20260316,428,24,1,0,0,0,
1711,20260324,428,25,1,1,0,0,
1712,20260402,428,26,1,2,0,0,
1713,20260318,429,24,1,0,0,0,
1714,20260327,429,25,1,1,0,0,
1715,20260405,429,26,1,2,0,0,
1716,20260414,429,27,1,0,0,0,
1717,20260330,430,25,1,1,0,0,
1718,20260408,430,26,1,2,0,0,
1719,20260417,430,27,1,0,1,0,
1720,20260426,430,28,1,1,0,0,
1721,20260410,431,26,1,2,0,0,
1722,20260419,431,27,1,0,0,0,
1723,20260428,431,28,1,1,0,0,
1724,20260507,431,29,1,2,0,0,
1725,20260116,432,27,1,0,0,0,
1726,20260125,432,28,1,1,0,0,
1727,20260204,432,29,1,2,0,0,
1728,20260213,432,30,1,0,0,0,
1729,20260127,433,28,1,1,0,0,
1730,20260206,433,29,1,2,0,0,
1731,20260215,433,30,1,0,0,0,
1732,20260225,433,31,1,1,0,0,
1733,20260207,434,29,1,2,0,0,
1734,20260217,434,30,1,0,0,0,
1735,20260227,434,31,1,1,0,0,
1736,20260309,434,32,1,2,0,0,
1737,20260219,435,30,1,0,0,0,
1738,20260301,435,31,1,1,0,0,
1739,20260311,435,32,1,2,1,0,
1740,20260321,435,33,1,0,0,0,
1741,20260302,436,31,1,1,0,0,
1742,20260312,436,32,1,2,0,0,
1743,20260322,436,33,1,0,0,0,
1744,20260401,436,34,1,1,0,0,
1745,20260525,437,32,1,2,0,0,
1746,20260603,437,33,1,0,0,0,
1747,20260612,437,34,1,1,0,0,
1748,20260621,437,35,1,2,0,0,
1749,20260324,438,33,1,0,0,0,
1750,20260404,438,34,1,1,0,0,
1751,20260414,438,35,1,2,0,0,
1752,20260425,438,36,1,0,0,0,
1753,20260404,439,34,1,1,0,0,
1754,20260415,439,35,1,2,0,0,
1755,20260426,439,36,1,0,0,0,
1756,20260507,439,37,1,1,0,0,
1757,20260225,440,35,1,2,0,0,
1758,20260328,440,36,1,0,0,0,
1759,20260428,440,37,1,1,1,0,
1760,20260529,440,38,1,2,0,0,
1761,20260604,441,36,1,0,0,0,
1762,20260610,441,37,1,1,0,0,
1763,20260617,441,38,1,2,0,0,
1764,20260623,441,39,1,0,0,0,
1765,20260308,442,37,1,1,0,0,
1766,20260405,442,38,1,2,0,0,
1767,20260504,442,39,1,0,0,0,
1768,20260601,442,40,2,1,0,0,
1769,20260213,443,38,1,2,0,0,
1770,20260225,443,39,1,0,0,0,
1771,20260308,443,40,2,1,0,0,
1772,20260320,443,41,2,2,0,0,
1773,20260224,444,39,1,0,0,0,
1774,20260308,444,40,2,1,0,0,
1775,20260320,444,41,2,2,0,0,
1776,20260401,444,42,2,0,0,0,
1777,20260517,445,40,2,1,0,0,
1778,20260528,445,41,2,2,0,0,
1779,20260608,445,42,2,0,1,0,
1780,20260619,445,43,2,1,0,0,
1781,20260519,446,41,2,2,0,0,
1782,20260529,446,42,2,0,0,0,
1783,20260609,446,43,2,1,0,0,
1784,20260619,446,44,2,2,0,0,
1785,20260330,447,42,2,0,0,0,
1786,20260411,447,43,2,1,0,0,
1787,20260424,447,44,2,2,0,0,
1788,20260506,447,20,1,0,0,0,
1789,20260410,448,43,2,1,0,0,
1790,20260423,448,44,2,2,0,0,
1791,20260505,448,20,1,0,0,0,
1792,20260518,448,21,1,1,0,0,
1793,20260421,449,44,2,2,0,0,
1794,20260504,449,20,1,0,0,0,
1795,20260517,449,21,1,1,0,0,
1796,20260530,449,22,1,2,0,0,
1797,20260119,450,20,1,0,0,0,
1798,20260123,450,21,1,1,0,0,
1799,20260127,450,22,1,2,1,0,
1800,20260131,450,23,1,0,0,0,
1801,20260130,451,21,1,1,0,0,
1802,20260203,451,22,1,2,0,0,
1803,20260207,451,23,1,0,0,0,
1804,20260211,451,24,1,1,0,0,
1805,20260210,452,22,1,2,0,0,
1806,20260214,452,23,1,0,0,0,
1807,20260219,452,24,1,1,0,0,
1808,20260223,452,25,1,2,0,0,
1809,20260221,453,23,1,0,0,0,
1810,20260226,453,24,1,1,0,0,
1811,20260302,453,25,1,2,0,0,
1812,20260307,453,26,1,0,0,0,
1813,20260607,454,24,1,1,0,0,
1814,20260613,454,25,1,2,0,0,
1815,20260618,454,26,1,0,0,0,
1816,20260624,454,27,1,1,0,0,
1817,20260316,455,25,1,2,0,0,
1818,20260321,455,26,1,0,0,0,
1819,20260326,455,27,1,1,1,0,
1820,20260331,455,28,1,2,0,0,
1821,20260327,456,26,1,0,0,0,
1822,20260401,456,27,1,1,0,0,
1823,20260406,456,28,1,2,0,0,
1824,20260411,456,29,1,0,0,0,
1825,20260517,457,27,1,1,0,0,
1826,20260528,457,28,1,2,0,0,
1827,20260608,457,29,1,0,0,0,
1828,20260619,457,30,1,1,0,0,
1829,20260113,458,28,1,2,0,0,
1830,20260119,458,29,1,0,0,0,
1831,20260124,458,30,1,1,0,0,
1832,20260130,458,31,1,2,0,0,
1833,20260522,459,29,1,0,0,0,
1834,20260601,459,30,1,1,0,0,
1835,20260610,459,31,1,2,0,0,
1836,20260620,459,32,1,0,0,0,
1837,20260525,460,30,1,1,0,0,
1838,20260603,460,31,1,2,0,0,
1839,20260612,460,32,1,0,1,0,
1840,20260621,460,33,1,1,0,0,
1841,20260216,461,31,1,2,0,0,
1842,20260222,461,32,1,0,0,0,
1843,20260228,461,33,1,1,0,0,
1844,20260306,461,34,1,2,0,0,
1845,20260529,462,32,1,0,0,0,
1846,20260606,462,33,1,1,0,0,
1847,20260614,462,34,1,2,0,0,
1848,20260622,462,35,1,0,0,0,
1849,20260210,463,5,1,1,0,0,
1850,20260317,463,5,1,2,0,0,
1851,20260421,463,5,1,0,0,0,
1852,20260526,463,5,1,1,0,0,
1853,20260215,464,34,1,2,0,0,
1854,20260321,464,35,1,0,0,0,
1855,20260423,464,36,1,1,0,0,
1856,20260527,464,37,1,2,0,0,
1857,20260402,465,35,1,0,0,0,
1858,20260409,465,36,1,1,0,0,
1859,20260416,465,37,1,2,1,0,
1860,20260423,465,38,1,0,0,0,
1861,20260413,466,36,1,1,0,0,
1862,20260420,466,37,1,2,0,0,
1863,20260427,466,38,1,0,0,0,
1864,20260504,466,39,1,1,0,0,
1865,20260119,467,37,1,2,0,0,
1866,20260126,467,38,1,0,0,0,
1867,20260203,467,39,1,1,0,0,
1868,20260210,467,40,2,2,0,0,
1869,20260310,468,38,1,0,0,0,
1870,20260407,468,39,1,1,0,0,
1871,20260505,468,40,2,2,0,0,
1872,20260602,468,41,2,0,0,0,
1873,20260518,469,39,1,1,0,0,
1874,20260529,469,40,2,2,0,0,
1875,20260608,469,41,2,0,0,0,
1876,20260619,469,42,2,1,0,0,
1877,20260222,470,40,2,2,0,0,
1878,20260302,470,41,2,0,0,0,
1879,20260310,470,42,2,1,1,0,
1880,20260318,470,43,2,2,0,0,
1881,20260305,471,41,2,0,0,0,
1882,20260313,471,42,2,1,0,0,
1883,20260321,471,43,2,2,0,0,
1884,20260329,471,44,2,0,0,0,
1885,20260316,472,42,2,1,0,0,
1886,20260324,472,43,2,2,0,0,
1887,20260402,472,44,2,0,0,0,
1888,20260410,472,20,1,1,0,0,
1889,20260327,473,43,2,2,0,0,
1890,20260405,473,44,2,0,0,0,
1891,20260413,473,20,1,1,0,0,
1892,20260422,473,21,1,2,0,0,
1893,20260530,474,44,2,0,0,0,
1894,20260607,474,20,1,1,0,0,
1895,20260614,474,21,1,2,0,0,
1896,20260622,474,22,1,0,0,0,
1897,20260209,475,20,1,1,0,0,
1898,20260316,475,21,1,2,0,0,
1899,20260420,475,22,1,0,1,0,
1900,20260525,475,23,1,1,0,0,
1901,20260125,476,21,1,2,0,0,
1902,20260203,476,22,1,0,0,0,
1903,20260212,476,23,1,1,0,0,
1904,20260221,476,24,1,2,0,0,
1905,20260205,477,22,1,0,0,0,
1906,20260214,477,23,1,1,0,0,
1907,20260224,477,24,1,2,0,0,
1908,20260305,477,25,1,0,0,0,
1909,20260609,478,23,1,1,0,0,
1910,20260614,478,24,1,2,0,0,
1911,20260619,478,25,1,0,0,0,
1912,20260624,478,26,1,1,0,0,
1913,20260227,479,24,1,2,0,0,
1914,20260309,479,25,1,0,0,0,
1915,20260319,479,26,1,1,0,0,
1916,20260329,479,27,1,2,0,0,
1917,20260311,480,25,1,0,0,0,
1918,20260321,480,26,1,1,0,0,
1919,20260331,480,27,1,2,1,0,
1920,20260410,480,28,1,0,0,0,
1921,20260322,481,26,1,1,0,0,
1922,20260401,481,27,1,2,0,0,
1923,20260411,481,28,1,0,0,0,
1924,20260421,481,29,1,1,0,0,
1925,20260402,482,27,1,2,0,0,
1926,20260412,482,28,1,0,0,0,
1927,20260423,482,29,1,1,0,0,
1928,20260503,482,30,1,2,0,0,
1929,20260413,483,28,1,0,0,0,
1930,20260424,483,29,1,1,0,0,
1931,20260504,483,30,1,2,0,0,
1932,20260515,483,31,1,0,0,0,
1933,20260119,484,29,1,1,0,0,
1934,20260130,484,30,1,2,0,0,
1935,20260210,484,31,1,0,0,0,
1936,20260221,484,32,1,1,0,0,
1937,20260131,485,30,1,2,0,0,
1938,20260211,485,31,1,0,0,0,
1939,20260222,485,32,1,1,1,0,
1940,20260305,485,33,1,2,0,0,
1941,20260211,486,31,1,0,0,0,
1942,20260222,486,32,1,1,0,0,
1943,20260305,486,33,1,2,0,0,
1944,20260316,486,34,1,0,0,0,
1945,20260222,487,32,1,1,0,0,
1946,20260305,487,33,1,2,0,0,
1947,20260317,487,34,1,0,0,0,
1948,20260328,487,35,1,1,0,0,
1949,20260305,488,33,1,2,0,0,
1950,20260317,488,34,1,0,0,0,
1951,20260328,488,35,1,1,0,0,
1952,20260409,488,36,1,2,0,0,
1953,20260211,489,34,1,0,0,0,
1954,20260318,489,35,1,1,0,0,
1955,20260421,489,36,1,2,0,0,
1956,20260526,489,37,1,0,0,0,
1957,20260328,490,35,1,1,0,0,
1958,20260409,490,36,1,2,0,0,
1959,20260421,490,37,1,0,1,0,
1960,20260503,490,38,1,1,0,0,
1961,20260408,491,36,1,2,0,0,
1962,20260420,491,37,1,0,0,0,
1963,20260502,491,38,1,1,0,0,
1964,20260514,491,39,1,2,0,0,
1965,20260419,492,37,1,0,0,0,
1966,20260501,492,38,1,1,0,0,
1967,20260514,492,39,1,2,0,0,
1968,20260526,492,40,2,0,0,0,
1969,20260125,493,38,1,1,0,0,
1970,20260207,493,39,1,2,0,0,
1971,20260219,493,40,2,0,0,0,
1972,20260304,493,41,2,1,0,0,
1973,20260205,494,39,1,2,0,0,
1974,20260218,494,40,2,0,0,0,
1975,20260303,494,41,2,1,0,0,
1976,20260316,494,42,2,2,0,0,
1977,20260209,495,40,2,0,0,0,
1978,20260316,495,41,2,1,0,0,
1979,20260420,495,42,2,2,1,0,
1980,20260525,495,43,2,0,0,0,
1981,20260527,496,41,2,1,0,0,
1982,20260604,496,42,2,2,0,0,
1983,20260613,496,43,2,0,0,0,
1984,20260621,496,44,2,1,0,0,
1985,20260302,497,42,2,2,0,0,
1986,20260306,497,43,2,0,0,0,
1987,20260311,497,44,2,1,0,0,
1988,20260315,497,20,1,2,0,0,
1989,20260226,498,43,2,0,0,0,
1990,20260329,498,44,2,1,0,0,
1991,20260429,498,20,1,2,0,0,
1992,20260530,498,21,1,0,0,0,
1993,20260324,499,44,2,1,0,0,
1994,20260329,499,20,1,2,0,0,
1995,20260403,499,21,1,0,0,0,
1996,20260408,499,22,1,1,0,0,
1997,20260405,500,20,1,2,0,0,
1998,20260410,500,21,1,0,0,0,
1999,20260415,500,22,1,1,1,0,
2000,20260420,500,23,1,2,0,0,
2001,20260111,501,21,1,0,0,0,
2002,20260116,501,22,1,1,0,0,
2003,20260121,501,23,1,2,0,0,
2004,20260126,501,24,1,0,0,0,
2005,20260122,502,22,1,1,0,0,
2006,20260127,502,23,1,2,0,0,
2007,20260202,502,24,1,0,0,0,
2008,20260207,502,25,1,1,0,0,
2009,20260516,503,23,1,2,0,0,
2010,20260527,503,24,1,0,0,0,
2011,20260607,503,25,1,1,0,0,
2012,20260618,503,26,1,2,0,0,
2013,20260223,504,24,1,0,0,0,
2014,20260327,504,25,1,1,0,0,
2015,20260427,504,26,1,2,0,0,
2016,20260529,504,27,1,0,0,0,
2017,20260225,505,25,1,1,0,0,
2018,20260303,505,26,1,2,0,0,
2019,20260309,505,27,1,0,1,0,
2020,20260315,505,28,1,1,0,0,
2021,20260308,506,26,1,2,0,0,
2022,20260314,506,27,1,0,0,0,
2023,20260320,506,28,1,1,0,0,
2024,20260326,506,29,1,2,0,0,
2025,20260319,507,27,1,0,0,0,
2026,20260325,507,28,1,1,0,0,
2027,20260401,507,29,1,2,0,0,
2028,20260407,507,30,1,0,0,0,
2029,20260330,508,28,1,1,0,0,
2030,20260406,508,29,1,2,0,0,
2031,20260412,508,30,1,0,0,0,
2032,20260419,508,31,1,1,0,0,
2033,20260421,509,29,1,2,0,0,
2034,20260508,509,30,1,0,0,0,
2035,20260526,509,31,1,1,0,0,
2036,20260612,509,32,1,2,0,0,
2037,20260117,510,30,1,0,0,0,
2038,20260124,510,31,1,1,0,0,
2039,20260131,510,32,1,2,1,0,
2040,20260207,510,33,1,0,0,0,
2041,20260128,511,31,1,1,0,0,
2042,20260204,511,32,1,2,0,0,
2043,20260211,511,33,1,0,0,0,
2044,20260218,511,34,1,1,0,0,
2045,20260208,512,32,1,2,0,0,
2046,20260215,512,33,1,0,0,0,
2047,20260223,512,34,1,1,0,0,
2048,20260302,512,35,1,2,0,0,
2049,20260219,513,33,1,0,0,0,
2050,20260227,513,34,1,1,0,0,
2051,20260306,513,35,1,2,0,0,
2052,20260314,513,36,1,0,0,0,
2053,20260302,514,34,1,1,0,0,
2054,20260310,514,35,1,2,0,0,
2055,20260318,514,36,1,0,0,0,
2056,20260326,514,37,1,1,0,0,
2057,20260517,515,35,1,2,0,0,
2058,20260528,515,36,1,0,0,0,
2059,20260608,515,37,1,1,1,0,
2060,20260619,515,38,1,2,0,0,
2061,20260325,516,36,1,0,0,0,
2062,20260402,516,37,1,1,0,0,
2063,20260410,516,38,1,2,0,0,
2064,20260418,516,39,1,0,0,0,
2065,20260405,517,37,1,1,0,0,
2066,20260413,517,38,1,2,0,0,
2067,20260422,517,39,1,0,0,0,
2068,20260430,517,40,2,1,0,0,
2069,20260416,518,38,1,2,0,0,
2070,20260425,518,39,1,0,0,0,
2071,20260503,518,40,2,1,0,0,
2072,20260512,518,41,2,2,0,0,
2073,20260526,519,39,1,0,0,0,
2074,20260604,519,40,2,1,0,0,
2075,20260612,519,41,2,2,0,0,
2076,20260621,519,42,2,0,0,0,
2077,20260203,520,40,2,1,0,0,
2078,20260212,520,41,2,2,0,0,
2079,20260221,520,42,2,0,1,0,
2080,20260302,520,43,2,1,0,0,
2081,20260210,521,41,2,2,0,0,
2082,20260317,521,42,2,0,0,0,
2083,20260421,521,43,2,1,0,0,
2084,20260526,521,44,2,2,0,0,
2085,20260314,522,42,2,0,0,0,
2086,20260410,522,43,2,1,0,0,
2087,20260507,522,44,2,2,0,0,
2088,20260603,522,20,1,0,0,0,
2089,20260323,523,43,2,1,0,0,
2090,20260417,523,44,2,2,0,0,
2091,20260511,523,20,1,0,0,0,
2092,20260605,523,21,1,1,0,0,
2093,20260319,524,44,2,2,0,0,
2094,20260329,524,20,1,0,0,0,
2095,20260408,524,21,1,1,0,0,
2096,20260418,524,22,1,2,0,0,
2097,20260331,525,20,1,0,0,0,
2098,20260410,525,21,1,1,0,0,
2099,20260420,525,22,1,2,1,0,
2100,20260430,525,23,1,0,0,0,
2101,20260515,526,21,1,1,0,0,
2102,20260526,526,22,1,2,0,0,
2103,20260607,526,23,1,0,0,0,
2104,20260618,526,24,1,1,0,0,
2105,20260117,527,22,1,2,0,0,
2106,20260127,527,23,1,0,0,0,
2107,20260207,527,24,1,1,0,0,
2108,20260217,527,25,1,2,0,0,
2109,20260128,528,23,1,0,0,0,
2110,20260208,528,24,1,1,0,0,
2111,20260218,528,25,1,2,0,0,
2112,20260301,528,26,1,0,0,0,
2113,20260208,529,24,1,1,0,0,
2114,20260219,529,25,1,2,0,0,
2115,20260302,529,26,1,0,0,0,
2116,20260313,529,27,1,1,0,0,
2117,20260225,530,25,1,2,0,0,
2118,20260328,530,26,1,0,0,0,
2119,20260428,530,27,1,1,1,0,
2120,20260529,530,28,1,2,0,0,
2121,20260303,531,26,1,0,0,0,
2122,20260314,531,27,1,1,0,0,
2123,20260325,531,28,1,2,0,0,
2124,20260405,531,29,1,0,0,0,
2125,20260314,532,27,1,1,0,0,
2126,20260325,532,28,1,2,0,0,
2127,20260406,532,29,1,0,0,0,
2128,20260417,532,30,1,1,0,0,
2129,20260325,533,28,1,2,0,0,
2130,20260406,533,29,1,0,0,0,
2131,20260417,533,30,1,1,0,0,
2132,20260429,533,31,1,2,0,0,
2133,20260405,534,29,1,0,0,0,
2134,20260417,534,30,1,1,0,0,
2135,20260429,534,31,1,2,0,0,
2136,20260511,534,32,1,0,0,0,
2137,20260217,535,30,1,1,0,0,
2138,20260322,535,31,1,2,0,0,
2139,20260424,535,300,15,30,10,8,DEFECT_FOUND
2140,20260527,535,33,1,1,0,0,
2141,20260222,536,6,1,2,0,0,
2142,20260326,536,6,1,0,0,0,
2143,20260427,536,6,1,1,0,0,
2144,20260529,536,6,1,2,0,0,
2145,20260222,537,32,1,0,0,0,
2146,20260326,537,33,1,1,0,0,
2147,20260427,537,34,1,2,0,0,
2148,20260529,537,35,1,0,0,0,
2149,20260214,538,33,1,1,0,0,
2150,20260227,538,34,1,2,0,0,
2151,20260311,538,35,1,0,0,0,
2152,20260324,538,36,1,1,0,0,
2153,20260225,539,34,1,2,0,0,
2154,20260310,539,35,1,0,0,0,
2155,20260323,539,36,1,1,0,0,
2156,20260405,539,37,1,2,0,0,
2157,20260209,540,35,1,0,0,0,
2158,20260316,540,36,1,1,0,0,
2159,20260420,540,300,15,30,10,8,DEFECT_FOUND
2160,20260525,540,38,1,0,0,0,
2161,20260311,541,36,1,1,0,0,
2162,20260315,541,37,1,2,0,0,
2163,20260319,541,38,1,0,0,0,
2164,20260323,541,39,1,1,0,0,
2165,20260322,542,37,1,2,0,0,
2166,20260326,542,38,1,0,0,0,
2167,20260331,542,39,1,1,0,0,
2168,20260404,542,40,2,2,0,0,
2169,20260402,543,38,1,0,0,0,
2170,20260407,543,39,1,1,0,0,
2171,20260411,543,40,2,2,0,0,
2172,20260416,543,41,2,0,0,0,
2173,20260530,544,39,1,1,0,0,
2174,20260607,544,40,2,2,0,0,
2175,20260614,544,41,2,0,0,0,
2176,20260622,544,42,2,1,0,0,
2177,20260120,545,40,2,2,0,0,
2178,20260125,545,41,2,0,0,0,
2179,20260130,545,42,2,1,1,0,
2180,20260204,545,43,2,2,0,0,
2181,20260131,546,41,2,0,0,0,
2182,20260205,546,42,2,1,0,0,
2183,20260210,546,43,2,2,0,0,
2184,20260215,546,44,2,0,0,0,
2185,20260211,547,42,2,1,0,0,
2186,20260216,547,43,2,2,0,0,
2187,20260222,547,44,2,0,0,0,
2188,20260227,547,20,1,1,0,0,
2189,20260315,548,43,2,2,0,0,
2190,20260411,548,44,2,0,0,0,
2191,20260507,548,20,1,1,0,0,
2192,20260603,548,21,1,2,0,0,
2193,20260305,549,44,2,0,0,0,
2194,20260311,549,20,1,1,0,0,
2195,20260317,549,21,1,2,0,0,
2196,20260323,549,22,1,0,0,0,
2197,20260317,550,20,1,1,0,0,
2198,20260323,550,21,1,2,0,0,
2199,20260329,550,22,1,0,1,0,
2200,20260404,550,23,1,1,0,0,
2201,20260328,551,21,1,2,0,0,
2202,20260403,551,22,1,0,0,0,
2203,20260409,551,23,1,1,0,0,
2204,20260415,551,24,1,2,0,0,
2205,20260521,552,22,1,0,0,0,
2206,20260531,552,23,1,1,0,0,
2207,20260610,552,24,1,2,0,0,
2208,20260620,552,25,1,0,0,0,
2209,20260114,553,23,1,1,0,0,
2210,20260121,553,24,1,2,0,0,
2211,20260127,553,25,1,0,0,0,
2212,20260203,553,26,1,1,0,0,
2213,20260215,554,24,1,2,0,0,
2214,20260321,554,25,1,0,0,0,
2215,20260423,554,26,1,1,0,0,
2216,20260527,554,27,1,2,0,0,
2217,20260206,555,25,1,0,0,0,
2218,20260213,555,26,1,1,0,0,
2219,20260220,555,27,1,2,1,0,
2220,20260227,555,28,1,0,0,0,
2221,20260217,556,26,1,1,0,0,
2222,20260224,556,27,1,2,0,0,
2223,20260303,556,28,1,0,0,0,
2224,20260310,556,29,1,1,0,0,
2225,20260228,557,27,1,2,0,0,
2226,20260307,557,28,1,0,0,0,
2227,20260315,557,29,1,1,0,0,
2228,20260322,557,30,1,2,0,0,
2229,20260311,558,28,1,0,0,0,
2230,20260319,558,29,1,1,0,0,
2231,20260326,558,30,1,2,0,0,
2232,20260403,558,31,1,0,0,0,
2233,20260322,559,29,1,1,0,0,
2234,20260330,559,30,1,2,0,0,
2235,20260407,559,31,1,0,0,0,
2236,20260415,559,32,1,1,0,0,
2237,20260403,560,30,1,2,0,0,
2238,20260411,560,31,1,0,0,0,
2239,20260419,560,32,1,1,1,0,
2240,20260427,560,33,1,2,0,0,
2241,20260414,561,31,1,0,0,0,
2242,20260422,561,32,1,1,0,0,
2243,20260430,561,33,1,2,0,0,
2244,20260508,561,34,1,0,0,0,
2245,20260517,562,32,1,1,0,0,
2246,20260528,562,33,1,2,0,0,
2247,20260608,562,34,1,0,0,0,
2248,20260619,562,35,1,1,0,0,
2249,20260223,563,33,1,2,0,0,
2250,20260327,563,34,1,0,0,0,
2251,20260427,563,35,1,1,0,0,
2252,20260529,563,36,1,2,0,0,
2253,20260211,564,34,1,0,0,0,
2254,20260220,564,35,1,1,0,0,
2255,20260301,564,36,1,2,0,0,
2256,20260310,564,37,1,0,0,0,
2257,20260313,565,35,1,1,0,0,
2258,20260409,565,36,1,2,0,0,
2259,20260506,565,37,1,0,1,0,
2260,20260602,565,38,1,1,0,0,
2261,20260527,566,36,1,2,0,0,
2262,20260604,566,37,1,0,0,0,
2263,20260613,566,38,1,1,0,0,
2264,20260621,566,39,1,2,0,0,
2265,20260317,567,37,1,0,0,0,
2266,20260326,567,38,1,1,0,0,
2267,20260405,567,39,1,2,0,0,
2268,20260414,567,40,2,0,0,0,
2269,20260601,568,38,1,1,0,0,
2270,20260608,568,39,1,2,0,0,
2271,20260615,568,40,2,0,0,0,
2272,20260622,568,41,2,1,0,0,
2273,20260227,569,39,1,2,0,0,
2274,20260330,569,40,2,0,0,0,
2275,20260429,569,41,2,1,0,0,
2276,20260530,569,42,2,2,0,0,
2277,20260115,570,40,2,0,0,0,
2278,20260125,570,41,2,1,0,0,
2279,20260204,570,42,2,2,1,0,
2280,20260214,570,43,2,0,0,0,
2281,20260126,571,41,2,1,0,0,
2282,20260205,571,42,2,2,0,0,
2283,20260215,571,43,2,0,0,0,
2284,20260225,571,44,2,1,0,0,
2285,20260206,572,42,2,2,0,0,
2286,20260216,572,43,2,0,0,0,
2287,20260227,572,44,2,1,0,0,
2288,20260309,572,20,1,2,0,0,
2289,20260217,573,43,2,0,0,0,
2290,20260228,573,44,2,1,0,0,
2291,20260310,573,20,1,2,0,0,
2292,20260321,573,21,1,0,0,0,
2293,20260228,574,44,2,1,0,0,
2294,20260311,574,20,1,2,0,0,
2295,20260322,574,21,1,0,0,0,
2296,20260402,574,22,1,1,0,0,
2297,20260312,575,20,1,2,0,0,
2298,20260323,575,21,1,0,0,0,
2299,20260403,575,22,1,1,1,0,
2300,20260414,575,23,1,2,0,0,
2301,20260323,576,21,1,0,0,0,
2302,20260403,576,22,1,1,0,0,
2303,20260414,576,23,1,2,0,0,
2304,20260425,576,24,1,0,0,0,
2305,20260525,577,22,1,1,0,0,
2306,20260603,577,23,1,2,0,0,
2307,20260612,577,24,1,0,0,0,
2308,20260621,577,25,1,1,0,0,
2309,20260414,578,23,1,2,0,0,
2310,20260426,578,24,1,0,0,0,
2311,20260507,578,25,1,1,0,0,
2312,20260519,578,26,1,2,0,0,
2313,20260212,579,24,1,0,0,0,
2314,20260318,579,25,1,1,0,0,
2315,20260422,579,26,1,2,0,0,
2316,20260526,579,27,1,0,0,0,
2317,20260201,580,25,1,1,0,0,
2318,20260213,580,26,1,2,0,0,
2319,20260225,580,27,1,0,1,0,
2320,20260309,580,28,1,1,0,0,
2321,20260604,581,26,1,2,0,0,
2322,20260610,581,27,1,0,0,0,
2323,20260617,581,28,1,1,0,0,
2324,20260623,581,29,1,2,0,0,
2325,20260310,582,27,1,0,0,0,
2326,20260407,582,28,1,1,0,0,
2327,20260505,582,29,1,2,0,0,
2328,20260602,582,30,1,0,0,0,
2329,20260306,583,28,1,1,0,0,
2330,20260319,583,29,1,2,0,0,
2331,20260331,583,30,1,0,0,0,
2332,20260413,583,31,1,1,0,0,
2333,20260514,584,29,1,2,0,0,
2334,20260526,584,30,1,0,0,0,
2335,20260606,584,31,1,1,0,0,
2336,20260618,584,32,1,2,0,0,
2337,20260320,585,30,1,0,0,0,
2338,20260324,585,31,1,1,0,0,
2339,20260328,585,32,1,2,1,0,
2340,20260401,585,33,1,0,0,0,
2341,20260214,586,31,1,1,0,0,
2342,20260320,586,32,1,2,0,0,
2343,20260423,586,33,1,0,0,0,
2344,20260527,586,34,1,1,0,0,
2345,20260411,587,32,1,2,0,0,
2346,20260415,587,33,1,0,0,0,
2347,20260420,587,34,1,1,0,0,
2348,20260424,587,35,1,2,0,0,
2349,20260117,588,33,1,0,0,0,
2350,20260122,588,34,1,1,0,0,
2351,20260126,588,35,1,2,0,0,
2352,20260131,588,36,1,0,0,0,
2353,20260128,589,34,1,1,0,0,
2354,20260202,589,35,1,2,0,0,
2355,20260207,589,36,1,0,0,0,
2356,20260212,589,37,1,1,0,0,
2357,20260209,590,35,1,2,0,0,
2358,20260214,590,36,1,0,0,0,
2359,20260219,590,37,1,1,1,0,
2360,20260224,590,38,1,2,0,0,
2361,20260220,591,36,1,0,0,0,
2362,20260225,591,37,1,1,0,0,
2363,20260302,591,38,1,2,0,0,
2364,20260307,591,39,1,0,0,0,
2365,20260303,592,37,1,1,0,0,
2366,20260308,592,38,1,2,0,0,
2367,20260314,592,39,1,0,0,0,
2368,20260319,592,40,2,1,0,0,
2369,20260314,593,38,1,2,0,0,
2370,20260320,593,39,1,0,0,0,
2371,20260325,593,40,2,1,0,0,
2372,20260331,593,41,2,2,0,0,
2373,20260325,594,39,1,0,0,0,
2374,20260331,594,40,2,1,0,0,
2375,20260406,594,41,2,2,0,0,
2376,20260412,594,42,2,0,0,0,
2377,20260406,595,40,2,1,0,0,
2378,20260412,595,41,2,2,0,0,
2379,20260418,595,42,2,0,1,0,
2380,20260424,595,43,2,1,0,0,
2381,20260210,596,41,2,2,0,0,
2382,20260317,596,42,2,0,0,0,
2383,20260421,596,43,2,1,0,0,
2384,20260526,596,44,2,2,0,0,
2385,20260517,597,42,2,0,0,0,
2386,20260528,597,43,2,1,0,0,
2387,20260608,597,44,2,2,0,0,
2388,20260619,597,20,1,0,0,0,
2389,20260203,598,43,2,1,0,0,
2390,20260210,598,44,2,2,0,0,
2391,20260216,598,20,1,0,0,0,
2392,20260223,598,21,1,1,0,0,
2393,20260308,599,44,2,2,0,0,
2394,20260405,599,20,1,0,0,0,
2395,20260504,599,21,1,1,0,0,
2396,20260601,599,22,1,2,0,0,
2397,20260226,600,20,1,0,0,0,
2398,20260305,600,21,1,1,0,0,
2399,20260312,600,22,1,2,1,0,
2400,20260319,600,23,1,0,0,0,
2401,20260309,601,21,1,1,0,0,
2402,20260316,601,22,1,2,0,0,
2403,20260323,601,23,1,0,0,0,
2404,20260330,601,24,1,1,0,0,
2405,20260320,602,22,1,2,0,0,
2406,20260327,602,23,1,0,0,0,
2407,20260404,602,24,1,1,0,0,
2408,20260411,602,25,1,2,0,0,
2409,20260331,603,23,1,0,0,0,
2410,20260408,603,24,1,1,0,0,
2411,20260415,603,25,1,2,0,0,
2412,20260423,603,26,1,0,0,0,
2413,20260411,604,24,1,1,0,0,
2414,20260419,604,25,1,2,0,0,
2415,20260427,604,26,1,0,0,0,
2416,20260505,604,27,1,1,0,0,
2417,20260213,605,25,1,2,0,0,
2418,20260319,605,26,1,0,0,0,
2419,20260422,605,27,1,1,1,0,
2420,20260526,605,28,1,2,0,0,
2421,20260129,606,26,1,0,0,0,
2422,20260206,606,27,1,1,0,0,
2423,20260214,606,28,1,2,0,0,
2424,20260222,606,29,1,0,0,0,
2425,20260209,607,27,1,1,0,0,
2426,20260217,607,28,1,2,0,0,
2427,20260226,607,29,1,0,0,0,
2428,20260306,607,30,1,1,0,0,
2429,20260220,608,28,1,2,0,0,
2430,20260301,608,29,1,0,0,0,
2431,20260309,608,30,1,1,0,0,
2432,20260318,608,31,1,2,0,0,
2433,20260307,609,4,1,0,0,0,
2434,20260405,609,4,1,1,0,0,
2435,20260503,609,4,1,2,0,0,
2436,20260601,609,4,1,0,0,0,
2437,20260315,610,30,1,1,0,0,
2438,20260324,610,31,1,2,0,0,
2439,20260402,610,32,1,0,1,0,
2440,20260411,610,33,1,1,0,0,
2441,20260326,611,31,1,2,0,0,
2442,20260404,611,32,1,0,0,0,
2443,20260413,611,33,1,1,0,0,
2444,20260422,611,34,1,2,0,0,
2445,20260406,612,32,1,0,0,0,
2446,20260415,612,33,1,1,0,0,
2447,20260425,612,34,1,2,0,0,
2448,20260504,612,35,1,0,0,0,
2449,20260417,613,33,1,1,0,0,
2450,20260427,613,34,1,2,0,0,
2451,20260506,613,35,1,0,0,0,
2452,20260516,613,36,1,1,0,0,
2453,20260123,614,34,1,2,0,0,
2454,20260202,614,35,1,0,0,0,
2455,20260212,614,36,1,1,0,0,
2456,20260222,614,37,1,2,0,0,
2457,20260305,615,35,1,0,0,0,
2458,20260403,615,36,1,1,0,0,
2459,20260502,615,37,1,2,1,0,
2460,20260531,615,38,1,0,0,0,
2461,20260310,616,36,1,1,0,0,
2462,20260407,616,37,1,2,0,0,
2463,20260505,616,38,1,0,0,0,
2464,20260602,616,39,1,1,0,0,
2465,20260606,617,37,1,2,0,0,
2466,20260612,617,38,1,0,0,0,
2467,20260618,617,39,1,1,0,0,
2468,20260624,617,40,2,2,0,0,
2469,20260309,618,38,1,0,0,0,
2470,20260320,618,39,1,1,0,0,
2471,20260330,618,40,2,2,0,0,
2472,20260410,618,41,2,0,0,0,
2473,20260514,619,39,1,1,0,0,
2474,20260526,619,40,2,2,0,0,
2475,20260606,619,41,2,0,0,0,
2476,20260618,619,42,2,1,0,0,
2477,20260517,620,40,2,2,0,0,
2478,20260528,620,41,2,0,0,0,
2479,20260608,620,42,2,1,1,0,
2480,20260619,620,43,2,2,0,0,
2481,20260412,621,41,2,0,0,0,
2482,20260423,621,42,2,1,0,0,
2483,20260504,621,43,2,2,0,0,
2484,20260515,621,44,2,0,0,0,
2485,20260118,622,42,2,1,0,0,
2486,20260129,622,43,2,2,0,0,
2487,20260210,622,44,2,0,0,0,
2488,20260221,622,20,1,1,0,0,
2489,20260129,623,43,2,2,0,0,
2490,20260210,623,44,2,0,0,0,
2491,20260221,623,20,1,1,0,0,
2492,20260305,623,21,1,2,0,0,
2493,20260209,624,44,2,0,0,0,
2494,20260221,624,20,1,1,0,0,
2495,20260305,624,21,1,2,0,0,
2496,20260317,624,22,1,0,0,0,
2497,20260221,625,20,1,1,0,0,
2498,20260305,625,21,1,2,0,0,
2499,20260317,625,22,1,0,1,0,
2500,20260329,625,23,1,1,0,0,
2501,20260531,626,21,1,2,0,0,
2502,20260607,626,22,1,0,0,0,
2503,20260615,626,23,1,1,0,0,
2504,20260622,626,24,1,2,0,0,
2505,20260315,627,22,1,0,0,0,
2506,20260327,627,23,1,1,0,0,
2507,20260409,627,24,1,2,0,0,
2508,20260421,627,25,1,0,0,0,
2509,20260605,628,23,1,1,0,0,
2510,20260611,628,24,1,2,0,0,
2511,20260617,628,25,1,0,0,0,
2512,20260623,628,26,1,1,0,0,
2513,20260406,629,24,1,2,0,0,
2514,20260419,629,25,1,0,0,0,
2515,20260502,629,26,1,1,0,0,
2516,20260515,629,27,1,2,0,0,
2517,20260409,630,25,1,0,0,0,
2518,20260413,630,26,1,1,0,0,
2519,20260417,630,27,1,2,1,0,
2520,20260421,630,28,1,0,0,0,
2521,20260515,631,26,1,1,0,0,
2522,20260526,631,27,1,2,0,0,
2523,20260607,631,28,1,0,0,0,
2524,20260618,631,29,1,1,0,0,
2525,20260222,632,27,1,2,0,0,
2526,20260326,632,28,1,0,0,0,
2527,20260427,632,29,1,1,0,0,
2528,20260529,632,30,1,2,0,0,
2529,20260206,633,28,1,0,0,0,
2530,20260211,633,29,1,1,0,0,
2531,20260215,633,30,1,2,0,0,
2532,20260220,633,31,1,0,0,0,
2533,20260217,634,29,1,1,0,0,
2534,20260222,634,30,1,2,0,0,
2535,20260227,634,31,1,0,0,0,
2536,20260304,634,32,1,1,0,0,
2537,20260525,635,30,1,2,0,0,
2538,20260603,635,31,1,0,0,0,
2539,20260612,635,32,1,1,1,0,
2540,20260621,635,33,1,2,0,0,
2541,20260314,636,31,1,0,0,0,
2542,20260410,636,32,1,1,0,0,
2543,20260507,636,33,1,2,0,0,
2544,20260603,636,34,1,0,0,0,
2545,20260323,637,32,1,1,0,0,
2546,20260328,637,33,1,2,0,0,
2547,20260403,637,34,1,0,0,0,
2548,20260408,637,35,1,1,0,0,
2549,20260218,638,33,1,2,0,0,
2550,20260323,638,34,1,0,0,0,
2551,20260425,638,35,1,1,0,0,
2552,20260528,638,36,1,2,0,0,
2553,20260414,639,34,1,0,0,0,
2554,20260420,639,35,1,1,0,0,
2555,20260426,639,36,1,2,0,0,
2556,20260502,639,37,1,0,0,0,
2557,20260121,640,35,1,1,0,0,
2558,20260127,640,36,1,2,0,0,
2559,20260202,640,37,1,0,1,0,
2560,20260208,640,38,1,1,0,0,
2561,20260201,641,36,1,2,0,0,
2562,20260207,641,37,1,0,0,0,
2563,20260213,641,38,1,1,0,0,
2564,20260219,641,39,1,2,0,0,
2565,20260312,642,4,1,0,0,0,
2566,20260408,642,4,1,1,0,0,
2567,20260506,642,4,1,2,0,0,
2568,20260602,642,4,1,0,0,0,
2569,20260223,643,38,1,1,0,0,
2570,20260302,643,39,1,2,0,0,
2571,20260308,643,40,2,0,0,0,
2572,20260315,643,41,2,1,0,0,
2573,20260306,644,39,1,2,0,0,
2574,20260313,644,40,2,0,0,0,
2575,20260320,644,41,2,1,0,0,
2576,20260327,644,42,2,2,0,0,
2577,20260521,645,40,2,0,0,0,
2578,20260531,645,41,2,1,0,0,
2579,20260610,645,42,2,2,1,0,
2580,20260620,645,43,2,0,0,0,
2581,20260329,646,41,2,1,0,0,
2582,20260405,646,42,2,2,0,0,
2583,20260412,646,43,2,0,0,0,
2584,20260419,646,44,2,1,0,0,
2585,20260419,647,42,2,2,0,0,
2586,20260507,647,43,2,0,0,0,
2587,20260525,647,44,2,1,0,0,
2588,20260612,647,20,1,2,0,0,
2589,20260115,648,43,2,0,0,0,
2590,20260123,648,44,2,1,0,0,
2591,20260130,648,20,1,2,0,0,
2592,20260207,648,21,1,0,0,0,
2593,20260126,649,44,2,1,0,0,
2594,20260203,649,20,1,2,0,0,
2595,20260211,649,21,1,0,0,0,
2596,20260219,649,22,1,1,0,0,
2597,20260207,650,20,1,2,0,0,
2598,20260215,650,21,1,0,0,0,
2599,20260223,650,22,1,1,1,0,
2600,20260303,650,23,1,2,0,0,
2601,20260218,651,21,1,0,0,0,
2602,20260226,651,22,1,1,0,0,
2603,20260306,651,23,1,2,0,0,
2604,20260314,651,24,1,0,0,0,
2605,20260318,652,22,1,1,0,0,
2606,20260413,652,23,1,2,0,0,
2607,20260509,652,24,1,0,0,0,
2608,20260604,652,25,1,1,0,0,
2609,20260312,653,23,1,2,0,0,
2610,20260321,653,24,1,0,0,0,
2611,20260329,653,25,1,1,0,0,
2612,20260407,653,26,1,2,0,0,
2613,20260323,654,24,1,0,0,0,
2614,20260401,654,25,1,1,0,0,
2615,20260410,654,26,1,2,0,0,
2616,20260419,654,27,1,0,0,0,
2617,20260404,655,25,1,1,0,0,
2618,20260413,655,26,1,2,0,0,
2619,20260422,655,27,1,0,1,0,
2620,20260501,655,28,1,1,0,0,
2621,20260519,656,26,1,2,0,0,
2622,20260529,656,27,1,0,0,0,
2623,20260609,656,28,1,1,0,0,
2624,20260619,656,29,1,2,0,0,
2625,20260521,657,27,1,0,0,0,
2626,20260531,657,28,1,1,0,0,
2627,20260610,657,29,1,2,0,0,
2628,20260620,657,30,1,0,0,0,
2629,20260201,658,28,1,1,0,0,
2630,20260211,658,29,1,2,0,0,
2631,20260220,658,30,1,0,0,0,
2632,20260302,658,31,1,1,0,0,
2633,20260212,659,29,1,2,0,0,
2634,20260222,659,30,1,0,0,0,
2635,20260304,659,31,1,1,0,0,
2636,20260314,659,32,1,2,0,0,
2637,20260224,660,30,1,0,0,0,
2638,20260306,660,31,1,1,0,0,
2639,20260316,660,32,1,2,1,0,
2640,20260326,660,33,1,0,0,0,
2641,20260307,661,31,1,1,0,0,
2642,20260317,661,32,1,2,0,0,
2643,20260327,661,33,1,0,0,0,
2644,20260406,661,34,1,1,0,0,
2645,20260602,662,32,1,2,0,0,
2646,20260609,662,33,1,0,0,0,
2647,20260616,662,34,1,1,0,0,
2648,20260623,662,35,1,2,0,0,
2649,20260329,663,33,1,0,0,0,
2650,20260409,663,34,1,1,0,0,
2651,20260419,663,35,1,2,0,0,
2652,20260430,663,36,1,0,0,0,
2653,20260409,664,34,1,1,0,0,
2654,20260420,664,35,1,2,0,0,
2655,20260501,664,36,1,0,0,0,
2656,20260512,664,37,1,1,0,0,
2657,20260513,665,35,1,2,0,0,
2658,20260525,665,36,1,0,0,0,
2659,20260606,665,37,1,1,1,0,
2660,20260618,665,38,1,2,0,0,
2661,20260515,666,36,1,0,0,0,
2662,20260526,666,37,1,1,0,0,
2663,20260607,666,38,1,2,0,0,
2664,20260618,666,39,1,0,0,0,
2665,20260207,667,37,1,1,0,0,
2666,20260218,667,38,1,2,0,0,
2667,20260302,667,39,1,0,0,0,
2668,20260313,667,40,2,1,0,0,
2669,20260218,668,38,1,2,0,0,
2670,20260302,668,39,1,0,0,0,
2671,20260313,668,40,2,1,0,0,
2672,20260325,668,41,2,2,0,0,
2673,20260301,669,39,1,0,0,0,
2674,20260313,669,40,2,1,0,0,
2675,20260325,669,41,2,2,0,0,
2676,20260406,669,42,2,0,0,0,
2677,20260313,670,40,2,1,0,0,
2678,20260325,670,41,2,2,0,0,
2679,20260406,670,42,2,0,1,0,
2680,20260418,670,43,2,1,0,0,
2681,20260324,671,41,2,2,0,0,
2682,20260405,671,42,2,0,0,0,
2683,20260417,671,43,2,1,0,0,
2684,20260429,671,44,2,2,0,0,
2685,20260404,672,42,2,0,0,0,
2686,20260416,672,43,2,1,0,0,
2687,20260429,672,44,2,2,0,0,
2688,20260511,672,20,1,0,0,0,
2689,20260306,673,43,2,1,0,0,
2690,20260404,673,44,2,2,0,0,
2691,20260503,673,300,15,30,10,8,DEFECT_FOUND
2692,20260601,673,21,1,1,0,0,
2693,20260121,674,44,2,2,0,0,
2694,20260203,674,20,1,0,0,0,
2695,20260216,674,21,1,1,0,0,
2696,20260301,674,22,1,2,0,0,
2697,20260606,675,20,1,0,0,0,
2698,20260612,675,21,1,1,0,0,
2699,20260618,675,22,1,2,1,0,
2700,20260624,675,23,1,0,0,0,
2701,20260204,676,21,1,1,0,0,
2702,20260208,676,22,1,2,0,0,
2703,20260212,676,23,1,0,0,0,
2704,20260216,676,24,1,1,0,0,
2705,20260513,677,22,1,2,0,0,
2706,20260525,677,23,1,0,0,0,
2707,20260606,677,24,1,1,0,0,
2708,20260618,677,25,1,2,0,0,
2709,20260226,678,23,1,0,0,0,
2710,20260303,678,24,1,1,0,0,
2711,20260307,678,25,1,2,0,0,
2712,20260312,678,26,1,0,0,0,
2713,20260303,679,24,1,1,0,0,
2714,20260402,679,25,1,2,0,0,
2715,20260501,679,26,1,0,0,0,
2716,20260531,679,27,1,1,0,0,
2717,20260321,680,25,1,2,0,0,
2718,20260326,680,26,1,0,0,0,
2719,20260331,680,27,1,1,1,0,
2720,20260405,680,28,1,2,0,0,
2721,20260415,681,26,1,0,0,0,
2722,20260504,681,27,1,1,0,0,
2723,20260523,681,28,1,2,0,0,
2724,20260611,681,29,1,0,0,0,
2725,20260412,682,27,1,1,0,0,
2726,20260417,682,28,1,2,0,0,
2727,20260423,682,29,1,0,0,0,
2728,20260428,682,30,1,1,0,0,
2729,20260118,683,28,1,2,0,0,
2730,20260124,683,29,1,0,0,0,
2731,20260129,683,30,1,1,0,0,
2732,20260204,683,31,1,2,0,0,
2733,20260530,684,29,1,0,0,0,
2734,20260607,684,30,1,1,0,0,
2735,20260614,684,31,1,2,0,0,
2736,20260622,684,32,1,0,0,0,
2737,20260210,685,30,1,1,0,0,
2738,20260216,685,31,1,2,0,0,
2739,20260222,685,32,1,0,1,0,
2740,20260228,685,33,1,1,0,0,
2741,20260221,686,31,1,2,0,0,
2742,20260227,686,32,1,0,0,0,
2743,20260305,686,33,1,1,0,0,
2744,20260311,686,34,1,2,0,0,
2745,20260304,687,32,1,0,0,0,
2746,20260310,687,33,1,1,0,0,
2747,20260317,687,34,1,2,0,0,
2748,20260323,687,35,1,0,0,0,
2749,20260315,688,33,1,1,0,0,
2750,20260322,688,34,1,2,0,0,
2751,20260328,688,35,1,0,0,0,
2752,20260404,688,36,1,1,0,0,
2753,20260514,689,34,1,2,0,0,
2754,20260526,689,35,1,0,0,0,
2755,20260606,689,36,1,1,0,0,
2756,20260618,689,37,1,2,0,0,
2757,20260418,690,35,1,0,0,0,
2758,20260506,690,36,1,1,0,0,
2759,20260524,690,37,1,2,1,0,
2760,20260611,690,38,1,0,0,0,
2761,20260113,691,36,1,1,0,0,
2762,20260120,691,37,1,2,0,0,
2763,20260127,691,38,1,0,0,0,
2764,20260203,691,39,1,1,0,0,
2765,20260521,692,37,1,2,0,0,
2766,20260531,692,38,1,0,0,0,
2767,20260610,692,39,1,1,0,0,
2768,20260620,692,40,2,2,0,0,
2769,20260204,693,38,1,0,0,0,
2770,20260212,693,39,1,1,0,0,
2771,20260219,693,40,2,2,0,0,
2772,20260227,693,41,2,0,0,0,
2773,20260215,694,39,1,1,0,0,
2774,20260223,694,40,2,2,0,0,
2775,20260303,694,41,2,0,0,0,
2776,20260311,694,42,2,1,0,0,
2777,20260227,695,40,2,2,0,0,
2778,20260307,695,41,2,0,0,0,
2779,20260315,695,42,2,1,1,0,
2780,20260323,695,43,2,2,0,0,
2781,20260531,696,41,2,0,0,0,
2782,20260607,696,42,2,1,0,0,
2783,20260615,696,43,2,2,0,0,
2784,20260622,696,44,2,0,0,0,
2785,20260321,697,42,2,1,0,0,
2786,20260329,697,43,2,2,0,0,
2787,20260407,697,44,2,0,0,0,
2788,20260415,697,20,1,1,0,0,
2789,20260302,698,43,2,2,0,0,
2790,20260401,698,44,2,0,0,0,
2791,20260501,698,20,1,1,0,0,
2792,20260531,698,21,1,2,0,0,
2793,20260412,699,44,2,0,0,0,
2794,20260421,699,20,1,1,0,0,
2795,20260430,699,21,1,2,0,0,
2796,20260509,699,22,1,0,0,0,
2797,20260513,700,20,1,1,0,0,
2798,20260525,700,21,1,2,0,0,
2799,20260606,700,22,1,0,1,0,
2800,20260618,700,23,1,1,0,0,
2801,20260515,701,21,1,2,0,0,
2802,20260526,701,22,1,0,0,0,
2803,20260607,701,23,1,1,0,0,
2804,20260618,701,24,1,2,0,0,
2805,20260210,702,22,1,0,0,0,
2806,20260219,702,23,1,1,0,0,
2807,20260301,702,24,1,2,0,0,
2808,20260310,702,25,1,0,0,0,
2809,20260221,703,23,1,1,0,0,
2810,20260303,703,24,1,2,0,0,
2811,20260312,703,25,1,0,0,0,
2812,20260322,703,26,1,1,0,0,
2813,20260304,704,24,1,2,0,0,
2814,20260314,704,25,1,0,0,0,
2815,20260324,704,26,1,1,0,0,
2816,20260403,704,27,1,2,0,0,
2817,20260305,705,25,1,0,0,0,
2818,20260403,705,26,1,1,0,0,
2819,20260502,705,300,15,30,10,8,DEFECT_FOUND
2820,20260531,705,28,1,0,0,0,
2821,20260527,706,26,1,1,0,0,
2822,20260604,706,27,1,2,0,0,
2823,20260613,706,28,1,0,0,0,
2824,20260621,706,29,1,1,0,0,
2825,20260529,707,27,1,2,0,0,
2826,20260606,707,28,1,0,0,0,
2827,20260614,707,29,1,1,0,0,
2828,20260622,707,30,1,2,0,0,
2829,20260418,708,28,1,0,0,0,
2830,20260429,708,29,1,1,0,0,
2831,20260509,708,30,1,2,0,0,
2832,20260520,708,31,1,0,0,0,
2833,20260124,709,29,1,1,0,0,
2834,20260204,709,30,1,2,0,0,
2835,20260215,709,31,1,0,0,0,
2836,20260226,709,32,1,1,0,0,
2837,20260205,710,30,1,2,0,0,
2838,20260216,710,31,1,0,0,0,
2839,20260227,710,32,1,1,1,0,
2840,20260310,710,33,1,2,0,0,
2841,20260216,711,31,1,0,0,0,
2842,20260227,711,32,1,1,0,0,
2843,20260310,711,33,1,2,0,0,
2844,20260321,711,34,1,0,0,0,
2845,20260513,712,32,1,1,0,0,
2846,20260525,712,33,1,2,0,0,
2847,20260606,712,34,1,0,0,0,
2848,20260618,712,35,1,1,0,0,
2849,20260310,713,33,1,2,0,0,
2850,20260322,713,34,1,0,0,0,
2851,20260402,713,35,1,1,0,0,
2852,20260414,713,36,1,2,0,0,
2853,20260211,714,4,1,0,0,0,
2854,20260318,714,4,1,1,0,0,
2855,20260421,714,4,1,2,0,0,
2856,20260526,714,4,1,0,0,0,
2857,20260402,715,35,1,1,0,0,
2858,20260414,715,36,1,2,0,0,
2859,20260426,715,37,1,0,1,0,
2860,20260508,715,38,1,1,0,0,
2861,20260523,716,36,1,2,0,0,
2862,20260601,716,37,1,0,0,0,
2863,20260611,716,38,1,1,0,0,
2864,20260620,716,39,1,2,0,0,
2865,20260119,717,37,1,0,0,0,
2866,20260131,717,38,1,1,0,0,
2867,20260213,717,39,1,2,0,0,
2868,20260225,717,40,2,0,0,0,
2869,20260306,718,38,1,1,0,0,
2870,20260404,718,39,1,2,0,0,
2871,20260503,718,40,2,0,0,0,
2872,20260601,718,41,2,1,0,0,
2873,20260210,719,39,1,2,0,0,
2874,20260223,719,40,2,0,0,0,
2875,20260308,719,41,2,1,0,0,
2876,20260321,719,42,2,2,0,0,
2877,20260209,720,40,2,0,0,0,
2878,20260316,720,41,2,1,0,0,
2879,20260420,720,42,2,2,1,0,
2880,20260525,720,43,2,0,0,0,
2881,20260224,721,41,2,1,0,0,
2882,20260228,721,42,2,2,0,0,
2883,20260304,721,43,2,0,0,0,
2884,20260308,721,44,2,1,0,0,
2885,20260307,722,42,2,2,0,0,
2886,20260311,722,43,2,0,0,0,
2887,20260316,722,44,2,1,0,0,
2888,20260320,722,20,1,2,0,0,
2889,20260404,723,43,2,0,0,0,
2890,20260426,723,44,2,1,0,0,
2891,20260517,723,20,1,2,0,0,
2892,20260608,723,21,1,0,0,0,
2893,20260329,724,44,2,1,0,0,
2894,20260403,724,20,1,2,0,0,
2895,20260408,724,21,1,0,0,0,
2896,20260413,724,22,1,1,0,0,
2897,20260410,725,20,1,2,0,0,
2898,20260415,725,21,1,0,0,0,
2899,20260420,725,22,1,1,1,0,
2900,20260425,725,23,1,2,0,0,
2901,20260214,726,21,1,0,0,0,
2902,20260320,726,22,1,1,0,0,
2903,20260423,726,23,1,2,0,0,
2904,20260527,726,24,1,0,0,0,
2905,20260222,727,22,1,1,0,0,
2906,20260326,727,23,1,2,0,0,
2907,20260427,727,24,1,0,0,0,
2908,20260529,727,25,1,1,0,0,
2909,20260207,728,23,1,2,0,0,
2910,20260213,728,24,1,0,0,0,
2911,20260218,728,25,1,1,0,0,
2912,20260224,728,26,1,2,0,0,
2913,20260218,729,24,1,0,0,0,
2914,20260224,729,25,1,1,0,0,
2915,20260302,729,26,1,2,0,0,
2916,20260308,729,27,1,0,0,0,
2917,20260529,730,25,1,1,0,0,
2918,20260606,730,26,1,2,0,0,
2919,20260614,730,27,1,0,1,0,
2920,20260622,730,28,1,1,0,0,
2921,20260313,731,26,1,2,0,0,
2922,20260319,731,27,1,0,0,0,
2923,20260325,731,28,1,1,0,0,
2924,20260331,731,29,1,2,0,0,
2925,20260312,732,4,1,0,0,0,
2926,20260408,732,4,1,1,0,0,
2927,20260506,732,4,1,2,0,0,
2928,20260602,732,4,1,0,0,0,
2929,20260404,733,28,1,1,0,0,
2930,20260411,733,29,1,2,0,0,
2931,20260417,733,30,1,0,0,0,
2932,20260424,733,31,1,1,0,0,
2933,20260607,734,29,1,2,0,0,
2934,20260613,734,30,1,0,0,0,
2935,20260618,734,31,1,1,0,0,
2936,20260624,734,32,1,2,0,0,
2937,20260217,735,30,1,0,0,0,
2938,20260322,735,31,1,1,0,0,
2939,20260424,735,32,1,2,1,0,
2940,20260527,735,33,1,0,0,0,
2941,20260202,736,31,1,1,0,0,
2942,20260209,736,32,1,2,0,0,
2943,20260216,736,33,1,0,0,0,
2944,20260223,736,34,1,1,0,0,
2945,20260213,737,32,1,2,0,0,
2946,20260220,737,33,1,0,0,0,
2947,20260228,737,34,1,1,0,0,
2948,20260307,737,35,1,2,0,0,
2949,20260224,738,33,1,0,0,0,
2950,20260304,738,34,1,1,0,0,
2951,20260311,738,35,1,2,0,0,
2952,20260319,738,36,1,0,0,0,
2953,20260307,739,34,1,1,0,0,
2954,20260315,739,35,1,2,0,0,
2955,20260323,739,36,1,0,0,0,
2956,20260331,739,37,1,1,0,0,
2957,20260319,740,35,1,2,0,0,
2958,20260327,740,36,1,0,0,0,
2959,20260404,740,37,1,1,1,0,
2960,20260412,740,38,1,2,0,0,
2961,20260330,741,36,1,0,0,0,
2962,20260407,741,37,1,1,0,0,
2963,20260415,741,38,1,2,0,0,
2964,20260423,741,39,1,0,0,0,
2965,20260410,742,37,1,1,0,0,
2966,20260418,742,38,1,2,0,0,
2967,20260427,742,39,1,0,0,0,
2968,20260505,742,40,2,1,0,0,
2969,20260302,743,38,1,2,0,0,
2970,20260401,743,39,1,0,0,0,
2971,20260501,743,40,2,1,0,0,
2972,20260531,743,41,2,2,0,0,
2973,20260127,744,39,1,0,0,0,
2974,20260205,744,40,2,1,0,0,
2975,20260214,744,41,2,2,0,0,
2976,20260223,744,42,2,0,0,0,
2977,20260313,745,40,2,1,0,0,
2978,20260409,745,41,2,2,0,0,
2979,20260506,745,300,15,30,10,8,DEFECT_FOUND
2980,20260602,745,43,2,1,0,0,
2981,20260219,746,41,2,2,0,0,
2982,20260228,746,42,2,0,0,0,
2983,20260309,746,43,2,1,0,0,
2984,20260318,746,44,2,2,0,0,
2985,20260302,747,42,2,0,0,0,
2986,20260311,747,43,2,1,0,0,
2987,20260321,747,44,2,2,0,0,
2988,20260330,747,20,1,0,0,0,
2989,20260516,748,43,2,1,0,0,
2990,20260527,748,44,2,2,0,0,
2991,20260607,748,20,1,0,0,0,
2992,20260618,748,21,1,1,0,0,
2993,20260518,749,44,2,2,0,0,
2994,20260529,749,20,1,0,0,0,
2995,20260608,749,21,1,1,0,0,
2996,20260619,749,22,1,2,0,0,
2997,20260405,750,20,1,0,0,0,
2998,20260415,750,21,1,1,0,0,
2999,20260425,750,22,1,2,1,0,
3000,20260505,750,23,1,0,0,0,
3001,20260423,751,21,1,1,0,0,
3002,20260510,751,22,1,2,0,0,
3003,20260527,751,23,1,0,0,0,
3004,20260613,751,24,1,1,0,0,
3005,20260122,752,22,1,2,0,0,
3006,20260201,752,23,1,0,0,0,
3007,20260212,752,24,1,1,0,0,
3008,20260222,752,25,1,2,0,0,
3009,20260202,753,23,1,0,0,0,
3010,20260213,753,24,1,1,0,0,
3011,20260223,753,25,1,2,0,0,
3012,20260306,753,26,1,0,0,0,
3013,20260213,754,24,1,1,0,0,
3014,20260224,754,25,1,2,0,0,
3015,20260307,754,26,1,0,0,0,
3016,20260318,754,27,1,1,0,0,
3017,20260225,755,25,1,2,0,0,
3018,20260308,755,26,1,0,0,0,
3019,20260319,755,27,1,1,1,0,
3020,20260330,755,28,1,2,0,0,
3021,20260308,756,26,1,0,0,0,
3022,20260319,756,27,1,1,0,0,
3023,20260330,756,28,1,2,0,0,
3024,20260410,756,29,1,0,0,0,
3025,20260319,757,27,1,1,0,0,
3026,20260330,757,28,1,2,0,0,
3027,20260411,757,29,1,0,0,0,
3028,20260422,757,30,1,1,0,0,
3029,20260330,758,28,1,2,0,0,
3030,20260411,758,29,1,0,0,0,
3031,20260422,758,30,1,1,0,0,
3032,20260504,758,31,1,2,0,0,
3033,20260417,759,29,1,0,0,0,
3034,20260505,759,30,1,1,0,0,
3035,20260524,759,31,1,2,0,0,
3036,20260611,759,32,1,0,0,0,
3037,20260117,760,30,1,1,0,0,
3038,20260129,760,31,1,2,0,0,
3039,20260210,760,32,1,0,1,0,
3040,20260222,760,33,1,1,0,0,
3041,20260128,761,31,1,2,0,0,
3042,20260209,761,32,1,0,0,0,
3043,20260221,761,33,1,1,0,0,
3044,20260305,761,34,1,2,0,0,
3045,20260208,762,32,1,0,0,0,
3046,20260220,762,33,1,1,0,0,
3047,20260305,762,34,1,2,0,0,
3048,20260317,762,35,1,0,0,0,
3049,20260524,763,33,1,1,0,0,
3050,20260602,763,34,1,2,0,0,
3051,20260611,763,35,1,0,0,0,
3052,20260620,763,36,1,1,0,0,
3053,20260302,764,34,1,2,0,0,
3054,20260315,764,35,1,0,0,0,
3055,20260328,764,36,1,1,0,0,
3056,20260410,764,37,1,2,0,0,
3057,20260305,765,35,1,0,0,0,
3058,20260309,765,36,1,1,0,0,
3059,20260313,765,37,1,2,1,0,
3060,20260317,765,38,1,0,0,0,
3061,20260316,766,36,1,1,0,0,
3062,20260320,766,37,1,2,0,0,
3063,20260324,766,38,1,0,0,0,
3064,20260328,766,39,1,1,0,0,
3065,20260220,767,37,1,2,0,0,
3066,20260324,767,38,1,0,0,0,
3067,20260426,767,39,1,1,0,0,
3068,20260528,767,40,2,2,0,0,
3069,20260420,768,38,1,0,0,0,
3070,20260508,768,39,1,1,0,0,
3071,20260525,768,40,2,2,0,0,
3072,20260612,768,41,2,0,0,0,
3073,20260113,769,39,1,1,0,0,
3074,20260118,769,40,2,2,0,0,
3075,20260123,769,41,2,0,0,0,
3076,20260128,769,42,2,1,0,0,
3077,20260125,770,40,2,2,0,0,
3078,20260130,770,41,2,0,0,0,
3079,20260204,770,42,2,1,1,0,
3080,20260209,770,43,2,2,0,0,
3081,20260302,771,41,2,0,0,0,
3082,20260401,771,42,2,1,0,0,
3083,20260501,771,43,2,2,0,0,
3084,20260531,771,44,2,0,0,0,
3085,20260517,772,42,2,1,0,0,
3086,20260528,772,43,2,2,0,0,
3087,20260608,772,44,2,0,0,0,
3088,20260619,772,20,1,1,0,0,
3089,20260227,773,43,2,2,0,0,
3090,20260305,773,44,2,0,0,0,
3091,20260310,773,20,1,1,0,0,
3092,20260316,773,21,1,2,0,0,
3093,20260310,774,44,2,0,0,0,
3094,20260316,774,20,1,1,0,0,
3095,20260322,774,21,1,2,0,0,
3096,20260328,774,22,1,0,0,0,
3097,20260322,775,20,1,1,0,0,
3098,20260328,775,21,1,2,0,0,
3099,20260403,775,22,1,0,1,0,
3100,20260409,775,23,1,1,0,0,
3101,20260402,776,21,1,2,0,0,
3102,20260408,776,22,1,0,0,0,
3103,20260414,776,23,1,1,0,0,
3104,20260420,776,24,1,2,0,0,
3105,20260413,777,22,1,0,0,0,
3106,20260419,777,23,1,1,0,0,
3107,20260426,777,24,1,2,0,0,
3108,20260502,777,25,1,0,0,0,
3109,20260210,778,23,1,1,0,0,
3110,20260317,778,24,1,2,0,0,
3111,20260421,778,25,1,0,0,0,
3112,20260526,778,26,1,1,0,0,
3113,20260130,779,24,1,2,0,0,
3114,20260206,779,25,1,0,0,0,
3115,20260213,779,26,1,1,0,0,
3116,20260220,779,27,1,2,0,0,
3117,20260606,780,25,1,0,0,0,
3118,20260612,780,26,1,1,0,0,
3119,20260618,780,27,1,2,1,0,
3120,20260624,780,28,1,0,0,0,
3121,20260222,781,26,1,1,0,0,
3122,20260301,781,27,1,2,0,0,
3123,20260308,781,28,1,0,0,0,
3124,20260315,781,29,1,1,0,0,
3125,20260304,782,6,1,2,0,0,
3126,20260402,782,6,1,0,0,0,
3127,20260502,782,6,1,1,0,0,
3128,20260531,782,6,1,2,0,0,
3129,20260316,783,28,1,0,0,0,
3130,20260324,783,29,1,1,0,0,
3131,20260331,783,30,1,2,0,0,
3132,20260408,783,31,1,0,0,0,
3133,20260327,784,29,1,1,0,0,
3134,20260404,784,30,1,2,0,0,
3135,20260412,784,31,1,0,0,0,
3136,20260420,784,32,1,1,0,0,
3137,20260213,785,30,1,2,0,0,
3138,20260319,785,31,1,0,0,0,
3139,20260422,785,32,1,1,1,0,
3140,20260526,785,33,1,2,0,0,
3141,20260210,786,31,1,0,0,0,
3142,20260317,786,32,1,1,0,0,
3143,20260421,786,33,1,2,0,0,
3144,20260526,786,34,1,0,0,0,
3145,20260525,787,32,1,1,0,0,
3146,20260603,787,33,1,2,0,0,
3147,20260612,787,34,1,0,0,0,
3148,20260621,787,35,1,1,0,0,
3149,20260528,788,33,1,2,0,0,
3150,20260605,788,34,1,0,0,0,
3151,20260613,788,35,1,1,0,0,
3152,20260621,788,36,1,2,0,0,
3153,20260530,789,34,1,0,0,0,
3154,20260607,789,35,1,1,0,0,
3155,20260614,789,36,1,2,0,0,
3156,20260622,789,37,1,0,0,0,
3157,20260228,790,35,1,1,0,0,
3158,20260309,790,36,1,2,0,0,
3159,20260318,790,37,1,0,1,0,
3160,20260327,790,38,1,1,0,0,
3161,20260311,791,36,1,2,0,0,
3162,20260320,791,37,1,0,0,0,
3163,20260329,791,38,1,1,0,0,
3164,20260407,791,39,1,2,0,0,
3165,20260322,792,37,1,0,0,0,
3166,20260331,792,38,1,1,0,0,
3167,20260410,792,39,1,2,0,0,
3168,20260419,792,40,2,0,0,0,
3169,20260222,793,38,1,1,0,0,
3170,20260326,793,39,1,2,0,0,
3171,20260427,793,40,2,0,0,0,
3172,20260529,793,41,2,1,0,0,
3173,20260413,794,39,1,2,0,0,
3174,20260423,794,40,2,0,0,0,
3175,20260503,794,41,2,1,0,0,
3176,20260513,794,42,2,2,0,0,
3177,20260120,795,40,2,0,0,0,
3178,20260130,795,41,2,1,0,0,
3179,20260209,795,42,2,2,1,0,
3180,20260219,795,43,2,0,0,0,
3181,20260131,796,41,2,1,0,0,
3182,20260210,796,42,2,2,0,0,
3183,20260220,796,43,2,0,0,0,
3184,20260302,796,44,2,1,0,0,
3185,20260521,797,42,2,2,0,0,
3186,20260531,797,43,2,0,0,0,
3187,20260610,797,44,2,1,0,0,
3188,20260620,797,20,1,2,0,0,
3189,20260222,798,43,2,0,0,0,
3190,20260305,798,44,2,1,0,0,
3191,20260315,798,20,1,2,0,0,
3192,20260326,798,21,1,0,0,0,
3193,20260305,799,44,2,1,0,0,
3194,20260316,799,20,1,2,0,0,
3195,20260327,799,21,1,0,0,0,
3196,20260407,799,22,1,1,0,0,
3197,20260317,800,20,1,2,0,0,
3198,20260328,800,21,1,0,0,0,
3199,20260408,800,22,1,1,1,0,
3200,20260419,800,23,1,2,0,0,
3201,20260328,801,21,1,0,0,0,
3202,20260408,801,22,1,1,0,0,
3203,20260419,801,23,1,2,0,0,
3204,20260430,801,24,1,0,0,0,
3205,20260308,802,5,1,1,0,0,
3206,20260405,802,5,1,2,0,0,
3207,20260504,802,5,1,0,0,0,
3208,20260601,802,5,1,1,0,0,
3209,20260419,803,23,1,2,0,0,
3210,20260501,803,24,1,0,0,0,
3211,20260512,803,25,1,1,0,0,
3212,20260524,803,26,1,2,0,0,
3213,20260125,804,24,1,0,0,0,
3214,20260206,804,25,1,1,0,0,
3215,20260218,804,26,1,2,0,0,
3216,20260302,804,27,1,0,0,0,
3217,20260206,805,25,1,1,0,0,
3218,20260218,805,26,1,2,0,0,
3219,20260302,805,27,1,0,1,0,
3220,20260314,805,28,1,1,0,0,
3221,20260217,806,26,1,2,0,0,
3222,20260301,806,27,1,0,0,0,
3223,20260313,806,28,1,1,0,0,
3224,20260325,806,29,1,2,0,0,
3225,20260228,807,27,1,0,0,0,
3226,20260312,807,28,1,1,0,0,
3227,20260325,807,29,1,2,0,0,
3228,20260406,807,30,1,0,0,0,
3229,20260311,808,28,1,1,0,0,
3230,20260324,808,29,1,2,0,0,
3231,20260405,808,30,1,0,0,0,
3232,20260418,808,31,1,1,0,0,
3233,20260401,809,29,1,2,0,0,
3234,20260423,809,30,1,0,0,0,
3235,20260516,809,31,1,1,0,0,
3236,20260607,809,32,1,2,0,0,
3237,20260325,810,30,1,0,0,0,
3238,20260329,810,31,1,1,0,0,
3239,20260402,810,32,1,2,1,0,
3240,20260406,810,33,1,0,0,0,
3241,20260405,811,31,1,1,0,0,
3242,20260409,811,32,1,2,0,0,
3243,20260413,811,33,1,0,0,0,
3244,20260417,811,34,1,1,0,0,
3245,20260111,812,32,1,2,0,0,
3246,20260115,812,33,1,0,0,0,
3247,20260120,812,34,1,1,0,0,
3248,20260124,812,35,1,2,0,0,
3249,20260122,813,33,1,0,0,0,
3250,20260127,813,34,1,1,0,0,
3251,20260131,813,35,1,2,0,0,
3252,20260205,813,36,1,0,0,0,
3253,20260202,814,34,1,1,0,0,
3254,20260207,814,35,1,2,0,0,
3255,20260212,814,36,1,0,0,0,
3256,20260217,814,37,1,1,0,0,
3257,20260214,815,35,1,2,0,0,
3258,20260219,815,36,1,0,0,0,
3259,20260224,815,37,1,1,1,0,
3260,20260301,815,38,1,2,0,0,
3261,20260225,816,36,1,0,0,0,
3262,20260302,816,37,1,1,0,0,
3263,20260307,816,38,1,2,0,0,
3264,20260312,816,39,1,0,0,0,
3265,20260308,817,37,1,1,0,0,
3266,20260313,817,38,1,2,0,0,
3267,20260319,817,39,1,0,0,0,
3268,20260324,817,40,2,1,0,0,
3269,20260319,818,38,1,2,0,0,
3270,20260325,818,39,1,0,0,0,
3271,20260330,818,40,2,1,0,0,
3272,20260405,818,41,2,2,0,0,
3273,20260330,819,39,1,0,0,0,
3274,20260405,819,40,2,1,0,0,
3275,20260411,819,41,2,2,0,0,
3276,20260417,819,42,2,0,0,0,
3277,20260301,820,40,2,1,0,0,
3278,20260331,820,41,2,2,0,0,
3279,20260430,820,42,2,0,1,0,
3280,20260530,820,43,2,1,0,0,
3281,20260523,821,41,2,2,0,0,
3282,20260601,821,42,2,0,0,0,
3283,20260611,821,43,2,1,0,0,
3284,20260620,821,44,2,2,0,0,
3285,20260128,822,42,2,0,0,0,
3286,20260203,822,43,2,1,0,0,
3287,20260210,822,44,2,2,0,0,
3288,20260216,822,20,1,0,0,0,
3289,20260208,823,43,2,1,0,0,
3290,20260215,823,44,2,2,0,0,
3291,20260221,823,20,1,0,0,0,
3292,20260228,823,21,1,1,0,0,
3293,20260219,824,44,2,2,0,0,
3294,20260226,824,20,1,0,0,0,
3295,20260305,824,21,1,1,0,0,
3296,20260312,824,22,1,2,0,0,
3297,20260303,825,20,1,0,0,0,
3298,20260310,825,21,1,1,0,0,
3299,20260317,825,22,1,2,1,0,
3300,20260324,825,23,1,0,0,0,
3301,20260314,826,21,1,1,0,0,
3302,20260321,826,22,1,2,0,0,
3303,20260328,826,23,1,0,0,0,
3304,20260404,826,24,1,1,0,0,
3305,20260325,827,22,1,2,0,0,
3306,20260401,827,23,1,0,0,0,
3307,20260409,827,24,1,1,0,0,
3308,20260416,827,25,1,2,0,0,
3309,20260405,828,23,1,0,0,0,
3310,20260413,828,24,1,1,0,0,
3311,20260420,828,25,1,2,0,0,
3312,20260428,828,26,1,0,0,0,
3313,20260416,829,24,1,1,0,0,
3314,20260424,829,25,1,2,0,0,
3315,20260502,829,26,1,0,0,0,
3316,20260510,829,27,1,1,0,0,
3317,20260123,830,25,1,2,0,0,
3318,20260131,830,26,1,0,0,0,
3319,20260208,830,27,1,1,1,0,
3320,20260216,830,28,1,2,0,0,
3321,20260203,831,26,1,0,0,0,
3322,20260211,831,27,1,1,0,0,
3323,20260219,831,28,1,2,0,0,
3324,20260227,831,29,1,0,0,0,
3325,20260224,832,27,1,1,0,0,
3326,20260327,832,28,1,2,0,0,
3327,20260428,832,29,1,0,0,0,
3328,20260529,832,30,1,1,0,0,
3329,20260302,833,28,1,2,0,0,
3330,20260401,833,29,1,0,0,0,
3331,20260501,833,30,1,1,0,0,
3332,20260531,833,31,1,2,0,0,
3333,20260307,834,29,1,0,0,0,
3334,20260405,834,30,1,1,0,0,
3335,20260503,834,31,1,2,0,0,
3336,20260601,834,32,1,0,0,0,
3337,20260320,835,30,1,1,0,0,
3338,20260329,835,31,1,2,0,0,
3339,20260407,835,32,1,0,1,0,
3340,20260416,835,33,1,1,0,0,
3341,20260411,836,31,1,2,0,0,
3342,20260501,836,32,1,0,0,0,
3343,20260521,836,33,1,1,0,0,
3344,20260610,836,34,1,2,0,0,
3345,20260602,837,32,1,0,0,0,
3346,20260609,837,33,1,1,0,0,
3347,20260616,837,34,1,2,0,0,
3348,20260623,837,35,1,0,0,0,
3349,20260605,838,33,1,1,0,0,
3350,20260611,838,34,1,2,0,0,
3351,20260617,838,35,1,0,0,0,
3352,20260623,838,36,1,1,0,0,
3353,20260220,839,34,1,2,0,0,
3354,20260324,839,35,1,0,0,0,
3355,20260426,839,36,1,1,0,0,
3356,20260528,839,37,1,2,0,0,
3357,20260209,840,35,1,0,0,0,
3358,20260219,840,36,1,1,0,0,
3359,20260301,840,37,1,2,1,0,
3360,20260311,840,38,1,0,0,0,
3361,20260220,841,36,1,1,0,0,
3362,20260302,841,37,1,2,0,0,
3363,20260312,841,38,1,0,0,0,
3364,20260322,841,39,1,1,0,0,
3365,20260303,842,37,1,2,0,0,
3366,20260313,842,38,1,0,0,0,
3367,20260324,842,39,1,1,0,0,
3368,20260403,842,40,2,2,0,0,
3369,20260314,843,38,1,0,0,0,
3370,20260325,843,39,1,1,0,0,
3371,20260404,843,40,2,2,0,0,
3372,20260415,843,41,2,0,0,0,
3373,20260219,844,39,1,1,0,0,
3374,20260324,844,40,2,2,0,0,
3375,20260425,844,41,2,0,0,0,
3376,20260528,844,42,2,1,0,0,
3377,20260414,845,40,2,2,0,0,
3378,20260503,845,41,2,0,0,0,
3379,20260522,845,42,2,1,1,0,
3380,20260610,845,43,2,2,0,0,
3381,20260417,846,41,2,0,0,0,
3382,20260428,846,42,2,1,0,0,
3383,20260509,846,43,2,2,0,0,
3384,20260520,846,44,2,0,0,0,
3385,20260123,847,42,2,1,0,0,
3386,20260203,847,43,2,2,0,0,
3387,20260215,847,44,2,0,0,0,
3388,20260226,847,20,1,1,0,0,
3389,20260203,848,43,2,2,0,0,
3390,20260215,848,44,2,0,0,0,
3391,20260226,848,20,1,1,0,0,
3392,20260310,848,21,1,2,0,0,
3393,20260211,849,44,2,0,0,0,
3394,20260318,849,20,1,1,0,0,
3395,20260421,849,21,1,2,0,0,
3396,20260526,849,22,1,0,0,0,
3397,20260226,850,20,1,1,0,0,
3398,20260310,850,21,1,2,0,0,
3399,20260322,850,22,1,0,1,0,
3400,20260403,850,23,1,1,0,0,
3401,20260309,851,21,1,2,0,0,
3402,20260321,851,22,1,0,0,0,
3403,20260402,851,23,1,1,0,0,
3404,20260414,851,24,1,2,0,0,
3405,20260228,852,4,1,0,0,0,
3406,20260330,852,4,1,1,0,0,
3407,20260430,852,4,1,2,0,0,
3408,20260530,852,4,1,0,0,0,
3409,20260331,853,23,1,1,0,0,
3410,20260413,853,24,1,2,0,0,
3411,20260425,853,25,1,0,0,0,
3412,20260508,853,26,1,1,0,0,
3413,20260311,854,6,1,2,0,0,
3414,20260408,854,6,1,0,0,0,
3415,20260505,854,6,1,1,0,0,
3416,20260602,854,6,1,2,0,0,
3417,20260521,855,25,1,0,0,0,
3418,20260531,855,26,1,1,0,0,
3419,20260610,855,27,1,2,1,0,
3420,20260620,855,28,1,0,0,0,
3421,20260218,856,26,1,1,0,0,
3422,20260323,856,27,1,2,0,0,
3423,20260425,856,28,1,0,0,0,
3424,20260528,856,29,1,1,0,0,
3425,20260131,857,27,1,2,0,0,
3426,20260204,857,28,1,0,0,0,
3427,20260209,857,29,1,1,0,0,
3428,20260213,857,30,1,2,0,0,
3429,20260211,858,28,1,0,0,0,
3430,20260216,858,29,1,1,0,0,
3431,20260220,858,30,1,2,0,0,
3432,20260225,858,31,1,0,0,0,
3433,20260530,859,29,1,1,0,0,
3434,20260607,859,30,1,2,0,0,
3435,20260614,859,31,1,0,0,0,
3436,20260622,859,32,1,1,0,0,
3437,20260306,860,30,1,2,0,0,
3438,20260311,860,31,1,0,0,0,
3439,20260316,860,32,1,1,1,0,
3440,20260321,860,33,1,2,0,0,
3441,20260317,861,31,1,0,0,0,
3442,20260322,861,32,1,1,0,0,
3443,20260327,861,33,1,2,0,0,
3444,20260401,861,34,1,0,0,0,
3445,20260328,862,32,1,1,0,0,
3446,20260402,862,33,1,2,0,0,
3447,20260408,862,34,1,0,0,0,
3448,20260413,862,35,1,1,0,0,
3449,20260408,863,33,1,2,0,0,
3450,20260414,863,34,1,0,0,0,
3451,20260419,863,35,1,1,0,0,
3452,20260425,863,36,1,2,0,0,
3453,20260514,864,34,1,0,0,0,
3454,20260526,864,35,1,1,0,0,
3455,20260606,864,36,1,2,0,0,
3456,20260618,864,37,1,0,0,0,
3457,20260126,865,35,1,1,0,0,
3458,20260201,865,36,1,2,0,0,
3459,20260207,865,37,1,0,1,0,
3460,20260213,865,38,1,1,0,0,
3461,20260519,866,36,1,2,0,0,
3462,20260529,866,37,1,0,0,0,
3463,20260609,866,38,1,1,0,0,
3464,20260619,866,39,1,2,0,0,
3465,20260521,867,37,1,0,0,0,
3466,20260531,867,38,1,1,0,0,
3467,20260610,867,39,1,2,0,0,
3468,20260620,867,40,2,0,0,0,
3469,20260228,868,38,1,1,0,0,
3470,20260307,868,39,1,2,0,0,
3471,20260313,868,40,2,0,0,0,
3472,20260320,868,41,2,1,0,0,
3473,20260328,869,39,1,2,0,0,
3474,20260420,869,40,2,0,0,0,
3475,20260514,869,41,2,1,0,0,
3476,20260606,869,42,2,2,0,0,
3477,20260323,870,40,2,0,0,0,
3478,20260330,870,41,2,1,0,0,
3479,20260406,870,42,2,2,1,0,
3480,20260413,870,43,2,0,0,0,
3481,20260403,871,41,2,1,0,0,
3482,20260410,871,42,2,2,0,0,
3483,20260417,871,43,2,0,0,0,
3484,20260424,871,44,2,1,0,0,
3485,20260414,872,42,2,2,0,0,
3486,20260421,872,43,2,0,0,0,
3487,20260429,872,44,2,1,0,0,
3488,20260506,872,20,1,2,0,0,
3489,20260120,873,43,2,0,0,0,
3490,20260128,873,44,2,1,0,0,
3491,20260204,873,20,1,2,0,0,
3492,20260212,873,21,1,0,0,0,
3493,20260131,874,44,2,1,0,0,
3494,20260208,874,20,1,2,0,0,
3495,20260216,874,21,1,0,0,0,
3496,20260224,874,22,1,1,0,0,
3497,20260212,875,20,1,2,0,0,
3498,20260220,875,21,1,0,0,0,
3499,20260228,875,22,1,1,1,0,
3500,20260308,875,23,1,2,0,0,
3501,20260223,876,21,1,0,0,0,
3502,20260303,876,22,1,1,0,0,
3503,20260311,876,23,1,2,0,0,
3504,20260319,876,24,1,0,0,0,
3505,20260322,877,22,1,1,0,0,
3506,20260416,877,23,1,2,0,0,
3507,20260511,877,24,1,0,0,0,
3508,20260605,877,25,1,1,0,0,
3509,20260317,878,23,1,2,0,0,
3510,20260326,878,24,1,0,0,0,
3511,20260403,878,25,1,1,0,0,
3512,20260412,878,26,1,2,0,0,
3513,20260328,879,24,1,0,0,0,
3514,20260406,879,25,1,1,0,0,
3515,20260415,879,26,1,2,0,0,
3516,20260424,879,27,1,0,0,0,
3517,20260409,880,25,1,1,0,0,
3518,20260418,880,26,1,2,0,0,
3519,20260427,880,27,1,0,1,0,
3520,20260506,880,28,1,1,0,0,
3521,20260115,881,26,1,2,0,0,
3522,20260124,881,27,1,0,0,0,
3523,20260202,881,28,1,1,0,0,
3524,20260211,881,29,1,2,0,0,
3525,20260126,882,27,1,0,0,0,
3526,20260204,882,28,1,1,0,0,
3527,20260214,882,29,1,2,0,0,
3528,20260223,882,30,1,0,0,0,
3529,20260601,883,28,1,1,0,0,
3530,20260608,883,29,1,2,0,0,
3531,20260615,883,30,1,0,0,0,
3532,20260622,883,31,1,1,0,0,
3533,20260603,884,29,1,2,0,0,
3534,20260610,884,30,1,0,0,0,
3535,20260616,884,31,1,1,0,0,
3536,20260623,884,32,1,2,0,0,
3537,20260301,885,30,1,0,0,0,
3538,20260311,885,31,1,1,0,0,
3539,20260321,885,32,1,2,1,0,
3540,20260331,885,33,1,0,0,0,
3541,20260312,886,31,1,1,0,0,
3542,20260322,886,32,1,2,0,0,
3543,20260401,886,33,1,0,0,0,
3544,20260411,886,34,1,1,0,0,
3545,20260323,887,32,1,2,0,0,
3546,20260402,887,33,1,0,0,0,
3547,20260413,887,34,1,1,0,0,
3548,20260423,887,35,1,2,0,0,
3549,20260403,888,33,1,0,0,0,
3550,20260414,888,34,1,1,0,0,
3551,20260424,888,35,1,2,0,0,
3552,20260505,888,36,1,0,0,0,
3553,20260421,889,34,1,1,0,0,
3554,20260508,889,35,1,2,0,0,
3555,20260526,889,36,1,0,0,0,
3556,20260612,889,37,1,1,0,0,
3557,20260121,890,35,1,2,0,0,
3558,20260201,890,36,1,0,0,0,
3559,20260212,890,37,1,1,1,0,
3560,20260223,890,38,1,2,0,0,
3561,20260523,891,36,1,0,0,0,
3562,20260601,891,37,1,1,0,0,
3563,20260611,891,38,1,2,0,0,
3564,20260620,891,39,1,0,0,0,
3565,20260212,892,37,1,1,0,0,
3566,20260223,892,38,1,2,0,0,
3567,20260307,892,39,1,0,0,0,
3568,20260318,892,40,2,1,0,0,
3569,20260223,893,38,1,2,0,0,
3570,20260307,893,39,1,0,0,0,
3571,20260318,893,40,2,1,0,0,
3572,20260330,893,41,2,2,0,0,
3573,20260306,894,39,1,0,0,0,
3574,20260318,894,40,2,1,0,0,
3575,20260330,894,41,2,2,0,0,
3576,20260411,894,42,2,0,0,0,
3577,20260318,895,40,2,1,0,0,
3578,20260330,895,41,2,2,0,0,
3579,20260411,895,42,2,0,1,0,
3580,20260423,895,43,2,1,0,0,
3581,20260329,896,41,2,2,0,0,
3582,20260410,896,42,2,0,0,0,
3583,20260422,896,43,2,1,0,0,
3584,20260504,896,44,2,2,0,0,
3585,20260409,897,42,2,0,0,0,
3586,20260421,897,43,2,1,0,0,
3587,20260504,897,44,2,2,0,0,
3588,20260516,897,20,1,0,0,0,
3589,20260420,898,43,2,1,0,0,
3590,20260503,898,44,2,2,0,0,
3591,20260515,898,20,1,0,0,0,
3592,20260528,898,21,1,1,0,0,
3593,20260514,899,44,2,2,0,0,
3594,20260526,899,20,1,0,0,0,
3595,20260606,899,21,1,1,0,0,
3596,20260618,899,22,1,2,0,0,
3597,20260129,900,20,1,0,0,0,
3598,20260202,900,21,1,1,0,0,
3599,20260206,900,22,1,2,1,0,
3600,20260210,900,23,1,0,0,0,
3601,20260209,901,21,1,1,0,0,
3602,20260213,901,22,1,2,0,0,
3603,20260217,901,23,1,0,0,0,
3604,20260221,901,24,1,1,0,0,
3605,20260220,902,22,1,2,0,0,
3606,20260224,902,23,1,0,0,0,
3607,20260301,902,24,1,1,0,0,
3608,20260305,902,25,1,2,0,0,
3609,20260303,903,23,1,0,0,0,
3610,20260308,903,24,1,1,0,0,
3611,20260312,903,25,1,2,0,0,
3612,20260317,903,26,1,0,0,0,
3613,20260314,904,24,1,1,0,0,
3614,20260319,904,25,1,2,0,0,
3615,20260324,904,26,1,0,0,0,
3616,20260329,904,27,1,1,0,0,
3617,20260326,905,25,1,2,0,0,
3618,20260331,905,26,1,0,0,0,
3619,20260405,905,27,1,1,1,0,
3620,20260410,905,28,1,2,0,0,
3621,20260406,906,26,1,0,0,0,
3622,20260411,906,27,1,1,0,0,
3623,20260416,906,28,1,2,0,0,
3624,20260421,906,29,1,0,0,0,
3625,20260112,907,27,1,1,0,0,
3626,20260117,907,28,1,2,0,0,
3627,20260123,907,29,1,0,0,0,
3628,20260128,907,30,1,1,0,0,
3629,20260123,908,28,1,2,0,0,
3630,20260129,908,29,1,0,0,0,
3631,20260203,908,30,1,1,0,0,
3632,20260209,908,31,1,2,0,0,
3633,20260203,909,29,1,0,0,0,
3634,20260209,909,30,1,1,0,0,
3635,20260215,909,31,1,2,0,0,
3636,20260221,909,32,1,0,0,0,
3637,20260513,910,30,1,1,0,0,
3638,20260525,910,31,1,2,0,0,
3639,20260606,910,32,1,0,1,0,
3640,20260618,910,33,1,1,0,0,
3641,20260226,911,31,1,2,0,0,
3642,20260304,911,32,1,0,0,0,
3643,20260310,911,33,1,1,0,0,
3644,20260316,911,34,1,2,0,0,
3645,20260309,912,32,1,0,0,0,
3646,20260315,912,33,1,1,0,0,
3647,20260322,912,34,1,2,0,0,
3648,20260328,912,35,1,0,0,0,
3649,20260320,913,33,1,1,0,0,
3650,20260327,913,34,1,2,0,0,
3651,20260402,913,35,1,0,0,0,
3652,20260409,913,36,1,1,0,0,
3653,20260215,914,34,1,2,0,0,
3654,20260321,914,35,1,0,0,0,
3655,20260423,914,36,1,1,0,0,
3656,20260527,914,37,1,2,0,0,
3657,20260412,915,35,1,0,0,0,
3658,20260419,915,36,1,1,0,0,
3659,20260426,915,37,1,2,1,0,
3660,20260503,915,38,1,0,0,0,
3661,20260118,916,36,1,1,0,0,
3662,20260125,916,37,1,2,0,0,
3663,20260201,916,38,1,0,0,0,
3664,20260208,916,39,1,1,0,0,
3665,20260129,917,37,1,2,0,0,
3666,20260205,917,38,1,0,0,0,
3667,20260213,917,39,1,1,0,0,
3668,20260220,917,40,2,2,0,0,
3669,20260209,918,38,1,0,0,0,
3670,20260217,918,39,1,1,0,0,
3671,20260224,918,40,2,2,0,0,
3672,20260304,918,41,2,0,0,0,
3673,20260220,919,39,1,1,0,0,
3674,20260228,919,40,2,2,0,0,
3675,20260308,919,41,2,0,0,0,
3676,20260316,919,42,2,1,0,0,
3677,20260304,920,40,2,2,0,0,
3678,20260312,920,41,2,0,0,0,
3679,20260320,920,42,2,1,1,0,
3680,20260328,920,43,2,2,0,0,
3681,20260315,921,41,2,0,0,0,
3682,20260323,921,42,2,1,0,0,
3683,20260331,921,43,2,2,0,0,
3684,20260408,921,44,2,0,0,0,
3685,20260326,922,42,2,1,0,0,
3686,20260403,922,43,2,2,0,0,
3687,20260412,922,44,2,0,0,0,
3688,20260420,922,20,1,1,0,0,
3689,20260406,923,43,2,2,0,0,
3690,20260415,923,44,2,0,0,0,
3691,20260423,923,20,1,1,0,0,
3692,20260502,923,21,1,2,0,0,
3693,20260417,924,44,2,0,0,0,
3694,20260426,924,20,1,1,0,0,
3695,20260505,924,21,1,2,0,0,
3696,20260514,924,22,1,0,0,0,
3697,20260124,925,20,1,1,0,0,
3698,20260202,925,21,1,2,0,0,
3699,20260211,925,22,1,0,1,0,
3700,20260220,925,23,1,1,0,0,
3701,20260210,926,21,1,2,0,0,
3702,20260317,926,22,1,0,0,0,
3703,20260421,926,23,1,1,0,0,
3704,20260526,926,24,1,2,0,0,
3705,20260215,927,22,1,0,0,0,
3706,20260224,927,23,1,1,0,0,
3707,20260306,927,24,1,2,0,0,
3708,20260315,927,25,1,0,0,0,
3709,20260226,928,23,1,1,0,0,
3710,20260308,928,24,1,2,0,0,
3711,20260317,928,25,1,0,0,0,
3712,20260327,928,26,1,1,0,0,
3713,20260309,929,24,1,2,0,0,
3714,20260319,929,25,1,0,0,0,
3715,20260329,929,26,1,1,0,0,
3716,20260408,929,27,1,2,0,0,
3717,20260321,930,25,1,0,0,0,
3718,20260331,930,26,1,1,0,0,
3719,20260410,930,27,1,2,1,0,
3720,20260420,930,28,1,0,0,0,
3721,20260401,931,26,1,1,0,0,
3722,20260411,931,27,1,2,0,0,
3723,20260421,931,28,1,0,0,0,
3724,20260501,931,29,1,1,0,0,
3725,20260412,932,27,1,2,0,0,
3726,20260422,932,28,1,0,0,0,
3727,20260503,932,29,1,1,0,0,
3728,20260513,932,30,1,2,0,0,
3729,20260118,933,28,1,0,0,0,
3730,20260129,933,29,1,1,0,0,
3731,20260208,933,30,1,2,0,0,
3732,20260219,933,31,1,0,0,0,
3733,20260514,934,29,1,1,0,0,
3734,20260526,934,30,1,2,0,0,
3735,20260606,934,31,1,0,0,0,
3736,20260618,934,32,1,1,0,0,
3737,20260210,935,30,1,2,0,0,
3738,20260221,935,31,1,0,0,0,
3739,20260304,935,32,1,1,1,0,
3740,20260315,935,33,1,2,0,0,
3741,20260221,936,31,1,0,0,0,
3742,20260304,936,32,1,1,0,0,
3743,20260315,936,33,1,2,0,0,
3744,20260326,936,34,1,0,0,0,
3745,20260318,937,32,1,1,0,0,
3746,20260413,937,33,1,2,0,0,
3747,20260509,937,34,1,0,0,0,
3748,20260604,937,35,1,1,0,0,
3749,20260524,938,33,1,2,0,0,
3750,20260602,938,34,1,0,0,0,
3751,20260611,938,35,1,1,0,0,
3752,20260620,938,36,1,2,0,0,
3753,20260526,939,34,1,0,0,0,
3754,20260604,939,35,1,1,0,0,
3755,20260612,939,36,1,2,0,0,
3756,20260621,939,37,1,0,0,0,
3757,20260407,940,35,1,1,0,0,
3758,20260419,940,36,1,2,0,0,
3759,20260501,940,37,1,0,1,0,
3760,20260513,940,38,1,1,0,0,
3761,20260222,941,36,1,2,0,0,
3762,20260326,941,37,1,0,0,0,
3763,20260427,941,38,1,1,0,0,
3764,20260529,941,39,1,2,0,0,
3765,20260124,942,37,1,0,0,0,
3766,20260205,942,38,1,1,0,0,
3767,20260218,942,39,1,2,0,0,
3768,20260302,942,40,2,0,0,0,
3769,20260204,943,38,1,1,0,0,
3770,20260217,943,39,1,2,0,0,
3771,20260301,943,40,2,0,0,0,
3772,20260314,943,41,2,1,0,0,
3773,20260215,944,39,1,2,0,0,
3774,20260228,944,40,2,0,0,0,
3775,20260313,944,41,2,1,0,0,
3776,20260326,944,42,2,2,0,0,
3777,20260218,945,40,2,0,0,0,
3778,20260222,945,41,2,1,0,0,
3779,20260226,945,42,2,2,1,0,
3780,20260302,945,43,2,0,0,0,
3781,20260301,946,41,2,1,0,0,
3782,20260305,946,42,2,2,0,0,
3783,20260309,946,43,2,0,0,0,
3784,20260313,946,44,2,1,0,0,
3785,20260517,947,42,2,2,0,0,
3786,20260528,947,43,2,0,0,0,
3787,20260608,947,44,2,1,0,0,
3788,20260619,947,20,1,2,0,0,
3789,20260226,948,43,2,0,0,0,
3790,20260329,948,44,2,1,0,0,
3791,20260429,948,20,1,2,0,0,
3792,20260530,948,21,1,0,0,0,
3793,20260403,949,44,2,1,0,0,
3794,20260408,949,20,1,2,0,0,
3795,20260413,949,21,1,0,0,0,
3796,20260418,949,22,1,1,0,0,
3797,20260525,950,20,1,2,0,0,
3798,20260603,950,21,1,0,0,0,
3799,20260612,950,22,1,1,1,0,
3800,20260621,950,23,1,2,0,0,
3801,20260121,951,21,1,0,0,0,
3802,20260126,951,22,1,1,0,0,
3803,20260131,951,23,1,2,0,0,
3804,20260205,951,24,1,0,0,0,
3805,20260201,952,22,1,1,0,0,
3806,20260206,952,23,1,2,0,0,
3807,20260212,952,24,1,0,0,0,
3808,20260217,952,25,1,1,0,0,
3809,20260601,953,23,1,2,0,0,
3810,20260608,953,24,1,0,0,0,
3811,20260615,953,25,1,1,0,0,
3812,20260622,953,26,1,2,0,0,
3813,20260223,954,24,1,0,0,0,
3814,20260327,954,25,1,1,0,0,
3815,20260427,954,26,1,2,0,0,
3816,20260529,954,27,1,0,0,0,
3817,20260307,955,25,1,1,0,0,
3818,20260313,955,26,1,2,0,0,
3819,20260319,955,27,1,0,1,0,
3820,20260325,955,28,1,1,0,0,
3821,20260608,956,26,1,2,0,0,
3822,20260613,956,27,1,0,0,0,
3823,20260619,956,28,1,1,0,0,
3824,20260624,956,29,1,2,0,0,
3825,20260329,957,27,1,0,0,0,
3826,20260404,957,28,1,1,0,0,
3827,20260411,957,29,1,2,0,0,
3828,20260417,957,30,1,0,0,0,
3829,20260516,958,28,1,1,0,0,
3830,20260527,958,29,1,2,0,0,
3831,20260607,958,30,1,0,0,0,
3832,20260618,958,31,1,1,0,0,
3833,20260115,959,29,1,2,0,0,
3834,20260122,959,30,1,0,0,0,
3835,20260129,959,31,1,1,0,0,
3836,20260205,959,32,1,2,0,0,
3837,20260127,960,30,1,0,0,0,
3838,20260203,960,31,1,1,0,0,
3839,20260210,960,32,1,2,1,0,
3840,20260217,960,33,1,0,0,0,
3841,20260207,961,31,1,1,0,0,
3842,20260214,961,32,1,2,0,0,
3843,20260221,961,33,1,0,0,0,
3844,20260228,961,34,1,1,0,0,
3845,20260218,962,32,1,2,0,0,
3846,20260225,962,33,1,0,0,0,
3847,20260305,962,34,1,1,0,0,
3848,20260312,962,35,1,2,0,0,
3849,20260301,963,33,1,0,0,0,
3850,20260309,963,34,1,1,0,0,
3851,20260316,963,35,1,2,0,0,
3852,20260324,963,36,1,0,0,0,
3853,20260312,964,34,1,1,0,0,
3854,20260320,964,35,1,2,0,0,
3855,20260328,964,36,1,0,0,0,
3856,20260405,964,37,1,1,0,0,
3857,20260324,965,35,1,2,0,0,
3858,20260401,965,36,1,0,0,0,
3859,20260409,965,37,1,1,1,0,
3860,20260417,965,38,1,2,0,0,
3861,20260404,966,36,1,0,0,0,
3862,20260412,966,37,1,1,0,0,
3863,20260420,966,38,1,2,0,0,
3864,20260428,966,39,1,0,0,0,
3865,20260415,967,37,1,1,0,0,
3866,20260423,967,38,1,2,0,0,
3867,20260502,967,39,1,0,0,0,
3868,20260510,967,40,2,1,0,0,
3869,20260121,968,38,1,2,0,0,
3870,20260130,968,39,1,0,0,0,
3871,20260207,968,40,2,1,0,0,
3872,20260216,968,41,2,2,0,0,
3873,20260201,969,39,1,0,0,0,
3874,20260210,969,40,2,1,0,0,
3875,20260219,969,41,2,2,0,0,
3876,20260228,969,42,2,0,0,0,
3877,20260213,970,40,2,1,0,0,
3878,20260222,970,41,2,2,0,0,
3879,20260303,970,42,2,0,1,0,
3880,20260312,970,43,2,1,0,0,
3881,20260210,971,41,2,2,0,0,
3882,20260317,971,42,2,0,0,0,
3883,20260421,971,300,15,30,10,8,DEFECT_FOUND
3884,20260526,971,44,2,2,0,0,
3885,20260307,972,42,2,0,0,0,
3886,20260316,972,43,2,1,0,0,
3887,20260326,972,44,2,2,0,0,
3888,20260404,972,20,1,0,0,0,
3889,20260318,973,43,2,1,0,0,
3890,20260328,973,44,2,2,0,0,
3891,20260406,973,20,1,0,0,0,
3892,20260416,973,21,1,1,0,0,
3893,20260329,974,44,2,2,0,0,
3894,20260408,974,20,1,0,0,0,
3895,20260418,974,21,1,1,0,0,
3896,20260428,974,22,1,2,0,0,
3897,20260418,975,20,1,0,0,0,
3898,20260506,975,21,1,1,0,0,
3899,20260524,975,22,1,2,1,0,
3900,20260611,975,23,1,0,0,0,
3901,20260116,976,21,1,1,0,0,
3902,20260126,976,22,1,2,0,0,
3903,20260205,976,23,1,0,0,0,
3904,20260215,976,24,1,1,0,0,
3905,20260127,977,22,1,2,0,0,
3906,20260206,977,23,1,0,0,0,
3907,20260217,977,24,1,1,0,0,
3908,20260227,977,25,1,2,0,0,
3909,20260207,978,23,1,0,0,0,
3910,20260218,978,24,1,1,0,0,
3911,20260228,978,25,1,2,0,0,
3912,20260311,978,26,1,0,0,0,
3913,20260218,979,24,1,1,0,0,
3914,20260301,979,25,1,2,0,0,
3915,20260312,979,26,1,0,0,0,
3916,20260323,979,27,1,1,0,0,
3917,20260317,980,25,1,2,0,0,
3918,20260412,980,26,1,0,0,0,
3919,20260508,980,27,1,1,1,0,
3920,20260603,980,28,1,2,0,0,
3921,20260515,981,26,1,0,0,0,
3922,20260526,981,27,1,1,0,0,
3923,20260607,981,28,1,2,0,0,
3924,20260618,981,29,1,0,0,0,
3925,20260517,982,27,1,1,0,0,
3926,20260528,982,28,1,2,0,0,
3927,20260608,982,29,1,0,0,0,
3928,20260619,982,30,1,1,0,0,
3929,20260404,983,28,1,2,0,0,
3930,20260416,983,29,1,0,0,0,
3931,20260427,983,30,1,1,0,0,
3932,20260509,983,31,1,2,0,0,
3933,20260415,984,29,1,0,0,0,
3934,20260427,984,30,1,1,0,0,
3935,20260509,984,31,1,2,0,0,
3936,20260521,984,32,1,0,0,0,
3937,20260122,985,30,1,1,0,0,
3938,20260203,985,31,1,2,0,0,
3939,20260215,985,32,1,0,1,0,
3940,20260227,985,33,1,1,0,0,
3941,20260222,986,31,1,2,0,0,
3942,20260326,986,32,1,0,0,0,
3943,20260427,986,300,15,30,10,8,DEFECT_FOUND
3944,20260529,986,34,1,2,0,0,
3945,20260213,987,32,1,0,0,0,
3946,20260225,987,33,1,1,0,0,
3947,20260310,987,34,1,2,0,0,
3948,20260322,987,35,1,0,0,0,
3949,20260306,988,33,1,1,0,0,
3950,20260404,988,34,1,2,0,0,
3951,20260503,988,35,1,0,0,0,
3952,20260601,988,36,1,1,0,0,
3953,20260307,989,34,1,2,0,0,
3954,20260320,989,35,1,0,0,0,
3955,20260402,989,36,1,1,0,0,
3956,20260415,989,37,1,2,0,0,
3957,20260310,990,35,1,0,0,0,
3958,20260314,990,36,1,1,0,0,
3959,20260318,990,37,1,2,1,0,
3960,20260322,990,38,1,0,0,0,
3961,20260608,991,36,1,1,0,0,
3962,20260613,991,37,1,2,0,0,
3963,20260619,991,38,1,0,0,0,
3964,20260624,991,39,1,1,0,0,
3965,20260401,992,37,1,2,0,0,
3966,20260405,992,38,1,0,0,0,
3967,20260410,992,39,1,1,0,0,
3968,20260414,992,40,2,2,0,0,
3969,20260412,993,38,1,0,0,0,
3970,20260417,993,39,1,1,0,0,
3971,20260421,993,40,2,2,0,0,
3972,20260426,993,41,2,0,0,0,
3973,20260118,994,39,1,1,0,0,
3974,20260123,994,40,2,2,0,0,
3975,20260128,994,41,2,0,0,0,
3976,20260202,994,42,2,1,0,0,
3977,20260130,995,40,2,2,0,0,
3978,20260204,995,41,2,0,0,0,
3979,20260209,995,42,2,1,1,0,
3980,20260214,995,43,2,2,0,0,
3981,20260210,996,41,2,0,0,0,
3982,20260215,996,42,2,1,0,0,
3983,20260220,996,43,2,2,0,0,
3984,20260225,996,44,2,0,0,0,
3985,20260525,997,42,2,1,0,0,
3986,20260603,997,43,2,2,0,0,
3987,20260612,997,44,2,0,0,0,
3988,20260621,997,20,1,1,0,0,
3989,20260528,998,43,2,2,0,0,
3990,20260605,998,44,2,0,0,0,
3991,20260613,998,20,1,1,0,0,
3992,20260621,998,21,1,2,0,0,
3993,20260223,999,44,2,0,0,0,
3994,20260327,999,20,1,1,0,0,
3995,20260427,999,21,1,2,0,0,
3996,20260529,999,22,1,0,0,0,
3997,20260327,1000,20,1,1,0,0,
3998,20260402,1000,21,1,2,0,0,
3999,20260408,1000,22,1,0,1,0,
4000,20260414,1000,23,1,1,0,0,
4001,20260407,1001,21,1,2,0,0,
4002,20260413,1001,22,1,0,0,0,
4003,20260419,1001,23,1,1,0,0,
4004,20260425,1001,24,1,2,0,0,
4005,20260113,1002,22,1,0,0,0,
4006,20260119,1002,23,1,1,0,0,
4007,20260126,1002,24,1,2,0,0,
4008,20260201,1002,25,1,0,0,0,
4009,20260124,1003,23,1,1,0,0,
4010,20260131,1003,24,1,2,0,0,
4011,20260206,1003,25,1,0,0,0,
4012,20260213,1003,26,1,1,0,0,
4013,20260514,1004,24,1,2,0,0,
4014,20260526,1004,25,1,0,0,0,
4015,20260606,1004,26,1,1,0,0,
4016,20260618,1004,27,1,2,0,0,
4017,20260216,1005,25,1,0,0,0,
4018,20260223,1005,26,1,1,0,0,
4019,20260302,1005,27,1,2,1,0,
4020,20260309,1005,28,1,0,0,0,
4021,20260227,1006,26,1,1,0,0,
4022,20260306,1006,27,1,2,0,0,
4023,20260313,1006,28,1,0,0,0,
4024,20260320,1006,29,1,1,0,0,
4025,20260304,1007,27,1,2,0,0,
4026,20260402,1007,28,1,0,0,0,
4027,20260502,1007,300,15,30,10,8,DEFECT_FOUND
4028,20260531,1007,30,1,2,0,0,
4029,20260321,1008,28,1,0,0,0,
4030,20260329,1008,29,1,1,0,0,
4031,20260405,1008,30,1,2,0,0,
4032,20260413,1008,31,1,0,0,0,
4033,20260401,1009,29,1,1,0,0,
4034,20260409,1009,30,1,2,0,0,
4035,20260417,1009,31,1,0,0,0,
4036,20260425,1009,32,1,1,0,0,
4037,20260422,1010,30,1,2,0,0,
4038,20260509,1010,31,1,0,0,0,
4039,20260526,1010,32,1,1,1,0,
4040,20260612,1010,33,1,2,0,0,
4041,20260119,1011,31,1,0,0,0,
4042,20260127,1011,32,1,1,0,0,
4043,20260204,1011,33,1,2,0,0,
4044,20260212,1011,34,1,0,0,0,
4045,20260130,1012,32,1,1,0,0,
4046,20260207,1012,33,1,2,0,0,
4047,20260216,1012,34,1,0,0,0,
4048,20260224,1012,35,1,1,0,0,
4049,20260210,1013,33,1,2,0,0,
4050,20260219,1013,34,1,0,0,0,
4051,20260227,1013,35,1,1,0,0,
4052,20260308,1013,36,1,2,0,0,
4053,20260607,1014,34,1,0,0,0,
4054,20260613,1014,35,1,1,0,0,
4055,20260618,1014,36,1,2,0,0,
4056,20260624,1014,37,1,0,0,0,
4057,20260305,1015,35,1,1,0,0,
4058,20260314,1015,36,1,2,0,0,
4059,20260323,1015,37,1,0,1,0,
4060,20260401,1015,38,1,1,0,0,
4061,20260316,1016,36,1,2,0,0,
4062,20260325,1016,37,1,0,0,0,
4063,20260403,1016,38,1,1,0,0,
4064,20260412,1016,39,1,2,0,0,
4065,20260327,1017,37,1,0,0,0,
4066,20260405,1017,38,1,1,0,0,
4067,20260415,1017,39,1,2,0,0,
4068,20260424,1017,40,2,0,0,0,
4069,20260407,1018,38,1,1,0,0,
4070,20260417,1018,39,1,2,0,0,
4071,20260426,1018,40,2,0,0,0,
4072,20260506,1018,41,2,1,0,0,
4073,20260418,1019,39,1,2,0,0,
4074,20260428,1019,40,2,0,0,0,
4075,20260508,1019,41,2,1,0,0,
4076,20260518,1019,42,2,2,0,0,
4077,20260525,1020,40,2,0,0,0,
4078,20260603,1020,41,2,1,0,0,
4079,20260612,1020,42,2,2,1,0,
4080,20260621,1020,43,2,0,0,0,
4081,20260205,1021,41,2,1,0,0,
4082,20260215,1021,42,2,2,0,0,
4083,20260225,1021,43,2,0,0,0,
4084,20260307,1021,44,2,1,0,0,
4085,20260216,1022,42,2,2,0,0,
4086,20260226,1022,43,2,0,0,0,
4087,20260309,1022,44,2,1,0,0,
4088,20260319,1022,20,1,2,0,0,
4089,20260227,1023,43,2,0,0,0,
4090,20260310,1023,44,2,1,0,0,
4091,20260320,1023,20,1,2,0,0,
4092,20260331,1023,21,1,0,0,0,
4093,20260219,1024,44,2,1,0,0,
4094,20260324,1024,20,1,2,0,0,
4095,20260425,1024,21,1,0,0,0,
4096,20260528,1024,22,1,1,0,0,
4097,20260225,1025,20,1,2,0,0,
4098,20260328,1025,21,1,0,0,0,
4099,20260428,1025,300,15,30,10,8,DEFECT_FOUND
4100,20260529,1025,23,1,2,0,0,
4101,20260402,1026,21,1,0,0,0,
4102,20260413,1026,22,1,1,0,0,
4103,20260424,1026,23,1,2,0,0,
4104,20260505,1026,24,1,0,0,0,
4105,20260413,1027,22,1,1,0,0,
4106,20260424,1027,23,1,2,0,0,
4107,20260506,1027,24,1,0,0,0,
4108,20260517,1027,25,1,1,0,0,
4109,20260211,1028,23,1,2,0,0,
4110,20260318,1028,24,1,0,0,0,
4111,20260421,1028,25,1,1,0,0,
4112,20260526,1028,26,1,2,0,0,
4113,20260130,1029,24,1,0,0,0,
4114,20260211,1029,25,1,1,0,0,
4115,20260223,1029,26,1,2,0,0,
4116,20260307,1029,27,1,0,0,0,
4117,20260211,1030,25,1,1,0,0,
4118,20260223,1030,26,1,2,0,0,
4119,20260307,1030,27,1,0,1,0,
4120,20260319,1030,28,1,1,0,0,
4121,20260222,1031,26,1,2,0,0,
4122,20260306,1031,27,1,0,0,0,
4123,20260318,1031,28,1,1,0,0,
4124,20260330,1031,29,1,2,0,0,
4125,20260228,1032,27,1,0,0,0,
4126,20260330,1032,28,1,1,0,0,
4127,20260430,1032,29,1,2,0,0,
4128,20260530,1032,30,1,0,0,0,
4129,20260316,1033,28,1,1,0,0,
4130,20260329,1033,29,1,2,0,0,
4131,20260410,1033,30,1,0,0,0,
4132,20260423,1033,31,1,1,0,0,
4133,20260327,1034,29,1,2,0,0,
4134,20260409,1034,30,1,0,0,0,
4135,20260422,1034,31,1,1,0,0,
4136,20260505,1034,32,1,2,0,0,
4137,20260330,1035,30,1,0,0,0,
4138,20260403,1035,31,1,1,0,0,
4139,20260407,1035,32,1,2,1,0,
4140,20260411,1035,33,1,0,0,0,
4141,20260214,1036,31,1,1,0,0,
4142,20260320,1036,32,1,2,0,0,
4143,20260423,1036,33,1,0,0,0,
4144,20260527,1036,34,1,1,0,0,
4145,20260606,1037,32,1,2,0,0,
4146,20260612,1037,33,1,0,0,0,
4147,20260618,1037,34,1,1,0,0,
4148,20260624,1037,35,1,2,0,0,
4149,20260127,1038,33,1,0,0,0,
4150,20260201,1038,34,1,1,0,0,
4151,20260205,1038,35,1,2,0,0,
4152,20260210,1038,36,1,0,0,0,
4153,20260207,1039,34,1,1,0,0,
4154,20260212,1039,35,1,2,0,0,
4155,20260217,1039,36,1,0,0,0,
4156,20260222,1039,37,1,1,0,0,
4157,20260219,1040,35,1,2,0,0,
4158,20260224,1040,36,1,0,0,0,
4159,20260301,1040,37,1,1,1,0,
4160,20260306,1040,38,1,2,0,0,
4161,20260302,1041,36,1,0,0,0,
4162,20260307,1041,37,1,1,0,0,
4163,20260312,1041,38,1,2,0,0,
4164,20260317,1041,39,1,0,0,0,
4165,20260212,1042,37,1,1,0,0,
4166,20260318,1042,38,1,2,0,0,
4167,20260422,1042,39,1,0,0,0,
4168,20260526,1042,40,2,1,0,0,
4169,20260324,1043,38,1,2,0,0,
4170,20260330,1043,39,1,0,0,0,
4171,20260404,1043,40,2,1,0,0,
4172,20260410,1043,41,2,2,0,0,
4173,20260526,1044,39,1,0,0,0,
4174,20260604,1044,40,2,1,0,0,
4175,20260612,1044,41,2,2,0,0,
4176,20260621,1044,42,2,0,0,0,
4177,20260111,1045,40,2,1,0,0,
4178,20260117,1045,41,2,2,0,0,
4179,20260123,1045,42,2,0,1,0,
4180,20260129,1045,43,2,1,0,0,
4181,20260122,1046,41,2,2,0,0,
4182,20260128,1046,42,2,0,0,0,
4183,20260203,1046,43,2,1,0,0,
4184,20260209,1046,44,2,2,0,0,
4185,20260202,1047,42,2,0,0,0,
4186,20260208,1047,43,2,1,0,0,
4187,20260215,1047,44,2,2,0,0,
4188,20260221,1047,20,1,0,0,0,
4189,20260210,1048,43,2,1,0,0,
4190,20260317,1048,44,2,2,0,0,
4191,20260421,1048,300,15,30,10,8,DEFECT_FOUND
4192,20260526,1048,21,1,1,0,0,
4193,20260224,1049,44,2,2,0,0,
4194,20260303,1049,20,1,0,0,0,
4195,20260310,1049,21,1,1,0,0,
4196,20260317,1049,22,1,2,0,0,
4197,20260308,1050,20,1,0,0,0,
4198,20260315,1050,21,1,1,0,0,
4199,20260322,1050,22,1,2,1,0,
4200,20260329,1050,23,1,0,0,0,
4201,20260515,1051,21,1,1,0,0,
4202,20260526,1051,22,1,2,0,0,
4203,20260607,1051,23,1,0,0,0,
4204,20260618,1051,24,1,1,0,0,
4205,20260304,1052,22,1,2,0,0,
4206,20260402,1052,23,1,0,0,0,
4207,20260502,1052,24,1,1,0,0,
4208,20260531,1052,25,1,2,0,0,
4209,20260410,1053,23,1,0,0,0,
4210,20260418,1053,24,1,1,0,0,
4211,20260425,1053,25,1,2,0,0,
4212,20260503,1053,26,1,0,0,0,
4213,20260116,1054,24,1,1,0,0,
4214,20260124,1054,25,1,2,0,0,
4215,20260201,1054,26,1,0,0,0,
4216,20260209,1054,27,1,1,0,0,
4217,20260128,1055,25,1,2,0,0,
4218,20260205,1055,26,1,0,0,0,
4219,20260213,1055,27,1,1,1,0,
4220,20260221,1055,28,1,2,0,0,
4221,20260208,1056,26,1,0,0,0,
4222,20260216,1056,27,1,1,0,0,
4223,20260224,1056,28,1,2,0,0,
4224,20260304,1056,29,1,0,0,0,
4225,20260219,1057,27,1,1,0,0,
4226,20260227,1057,28,1,2,0,0,
4227,20260308,1057,29,1,0,0,0,
4228,20260316,1057,30,1,1,0,0,
4229,20260302,1058,28,1,2,0,0,
4230,20260311,1058,29,1,0,0,0,
4231,20260319,1058,30,1,1,0,0,
4232,20260328,1058,31,1,2,0,0,
4233,20260313,1059,29,1,0,0,0,
4234,20260322,1059,30,1,1,0,0,
4235,20260331,1059,31,1,2,0,0,
4236,20260409,1059,32,1,0,0,0,
4237,20260406,1060,30,1,1,0,0,
4238,20260427,1060,31,1,2,0,0,
4239,20260518,1060,32,1,0,1,0,
4240,20260608,1060,33,1,1,0,0,
4241,20260415,1061,31,1,2,0,0,
4242,20260504,1061,32,1,0,0,0,
4243,20260523,1061,33,1,1,0,0,
4244,20260611,1061,34,1,2,0,0,
4245,20260416,1062,32,1,0,0,0,
4246,20260425,1062,33,1,1,0,0,
4247,20260505,1062,34,1,2,0,0,
4248,20260514,1062,35,1,0,0,0,
4249,20260122,1063,33,1,1,0,0,
4250,20260201,1063,34,1,2,0,0,
4251,20260210,1063,35,1,0,0,0,
4252,20260220,1063,36,1,1,0,0,
4253,20260224,1064,34,1,2,0,0,
4254,20260327,1064,35,1,0,0,0,
4255,20260428,1064,36,1,1,0,0,
4256,20260529,1064,37,1,2,0,0,
4257,20260214,1065,35,1,0,0,0,
4258,20260224,1065,36,1,1,0,0,
4259,20260306,1065,37,1,2,1,0,
4260,20260316,1065,38,1,0,0,0,
4261,20260314,1066,36,1,1,0,0,
4262,20260410,1066,37,1,2,0,0,
4263,20260507,1066,38,1,0,0,0,
4264,20260603,1066,39,1,1,0,0,
4265,20260322,1067,37,1,2,0,0,
4266,20260416,1067,38,1,0,0,0,
4267,20260511,1067,39,1,1,0,0,
4268,20260605,1067,40,2,2,0,0,
4269,20260319,1068,38,1,0,0,0,
4270,20260330,1068,39,1,1,0,0,
4271,20260409,1068,40,2,2,0,0,
4272,20260420,1068,41,2,0,0,0,
4273,20260530,1069,39,1,1,0,0,
4274,20260607,1069,40,2,2,0,0,
4275,20260614,1069,41,2,0,0,0,
4276,20260622,1069,42,2,1,0,0,
4277,20260411,1070,40,2,2,0,0,
4278,20260422,1070,41,2,0,0,0,
4279,20260503,1070,42,2,1,1,0,
4280,20260514,1070,43,2,2,0,0,
4281,20260117,1071,41,2,0,0,0,
4282,20260128,1071,42,2,1,0,0,
4283,20260208,1071,43,2,2,0,0,
4284,20260219,1071,44,2,0,0,0,
4285,20260308,1072,42,2,1,0,0,
4286,20260405,1072,43,2,2,0,0,
4287,20260504,1072,44,2,0,0,0,
4288,20260601,1072,20,1,1,0,0,
4289,20260314,1073,43,2,2,0,0,
4290,20260410,1073,44,2,0,0,0,
4291,20260507,1073,20,1,1,0,0,
4292,20260603,1073,21,1,2,0,0,
4293,20260219,1074,44,2,0,0,0,
4294,20260303,1074,20,1,1,0,0,
4295,20260315,1074,21,1,2,0,0,
4296,20260327,1074,22,1,0,0,0,
4297,20260303,1075,20,1,1,0,0,
4298,20260315,1075,21,1,2,0,0,
4299,20260327,1075,22,1,0,1,0,
4300,20260408,1075,23,1,1,0,0,
4301,20260314,1076,21,1,2,0,0,
4302,20260326,1076,22,1,0,0,0,
4303,20260407,1076,23,1,1,0,0,
4304,20260419,1076,24,1,2,0,0,
4305,20260325,1077,22,1,0,0,0,
4306,20260406,1077,23,1,1,0,0,
4307,20260419,1077,24,1,2,0,0,
4308,20260501,1077,25,1,0,0,0,
4309,20260405,1078,23,1,1,0,0,
4310,20260418,1078,24,1,2,0,0,
4311,20260430,1078,25,1,0,0,0,
4312,20260513,1078,26,1,1,0,0,
4313,20260416,1079,24,1,2,0,0,
4314,20260429,1079,25,1,0,0,0,
4315,20260512,1079,26,1,1,0,0,
4316,20260525,1079,27,1,2,0,0,
4317,20260114,1080,25,1,0,0,0,
4318,20260118,1080,26,1,1,0,0,
4319,20260122,1080,27,1,2,1,0,
4320,20260126,1080,28,1,0,0,0,
4321,20260222,1081,26,1,1,0,0,
4322,20260326,1081,27,1,2,0,0,
4323,20260427,1081,28,1,0,0,0,
4324,20260529,1081,29,1,1,0,0,
4325,20260205,1082,27,1,2,0,0,
4326,20260209,1082,28,1,0,0,0,
4327,20260214,1082,29,1,1,0,0,
4328,20260218,1082,30,1,2,0,0,
4329,20260216,1083,28,1,0,0,0,
4330,20260221,1083,29,1,1,0,0,
4331,20260225,1083,30,1,2,0,0,
4332,20260302,1083,31,1,0,0,0,
4333,20260227,1084,29,1,1,0,0,
4334,20260304,1084,30,1,2,0,0,
4335,20260309,1084,31,1,0,0,0,
4336,20260314,1084,32,1,1,0,0,
4337,20260311,1085,30,1,2,0,0,
4338,20260316,1085,31,1,0,0,0,
4339,20260321,1085,32,1,1,1,0,
4340,20260326,1085,33,1,2,0,0,
4341,20260322,1086,31,1,0,0,0,
4342,20260327,1086,32,1,1,0,0,
4343,20260401,1086,33,1,2,0,0,
4344,20260406,1086,34,1,0,0,0,
4345,20260402,1087,32,1,1,0,0,
4346,20260407,1087,33,1,2,0,0,
4347,20260413,1087,34,1,0,0,0,
4348,20260418,1087,35,1,1,0,0,
4349,20260413,1088,33,1,2,0,0,
4350,20260419,1088,34,1,0,0,0,
4351,20260424,1088,35,1,1,0,0,
4352,20260430,1088,36,1,2,0,0,
4353,20260119,1089,34,1,0,0,0,
4354,20260125,1089,35,1,1,0,0,
4355,20260131,1089,36,1,2,0,0,
4356,20260206,1089,37,1,0,0,0,
4357,20260131,1090,35,1,1,0,0,
4358,20260206,1090,36,1,2,0,0,
4359,20260212,1090,37,1,0,1,0,
4360,20260218,1090,38,1,1,0,0,
4361,20260306,1091,6,1,2,0,0,
4362,20260404,1091,6,1,0,0,0,
4363,20260503,1091,6,1,1,0,0,
4364,20260601,1091,6,1,2,0,0,
4365,20260222,1092,37,1,0,0,0,
4366,20260228,1092,38,1,1,0,0,
4367,20260307,1092,39,1,2,0,0,
4368,20260313,1092,40,2,0,0,0,
4369,20260305,1093,38,1,1,0,0,
4370,20260312,1093,39,1,2,0,0,
4371,20260318,1093,40,2,0,0,0,
4372,20260325,1093,41,2,1,0,0,
4373,20260316,1094,39,1,2,0,0,
4374,20260323,1094,40,2,0,0,0,
4375,20260330,1094,41,2,1,0,0,
4376,20260406,1094,42,2,2,0,0,
4377,20260328,1095,40,2,0,0,0,
4378,20260404,1095,41,2,1,0,0,
4379,20260411,1095,42,2,2,1,0,
4380,20260418,1095,43,2,0,0,0,
4381,20260408,1096,41,2,1,0,0,
4382,20260415,1096,42,2,2,0,0,
4383,20260422,1096,43,2,0,0,0,
4384,20260429,1096,44,2,1,0,0,
4385,20260114,1097,42,2,2,0,0,
4386,20260121,1097,43,2,0,0,0,
4387,20260129,1097,44,2,1,0,0,
4388,20260205,1097,20,1,2,0,0,
4389,20260219,1098,43,2,0,0,0,
4390,20260324,1098,44,2,1,0,0,
4391,20260425,1098,20,1,2,0,0,
4392,20260528,1098,21,1,0,0,0,
4393,20260518,1099,44,2,1,0,0,
4394,20260529,1099,20,1,2,0,0,
4395,20260608,1099,21,1,0,0,0,
4396,20260619,1099,22,1,1,0,0,
4397,20260217,1100,20,1,2,0,0,
4398,20260225,1100,21,1,0,0,0,
4399,20260305,1100,22,1,1,1,0,
4400,20260313,1100,23,1,2,0,0,
4401,20260228,1101,21,1,0,0,0,
4402,20260308,1101,22,1,1,0,0,
4403,20260316,1101,23,1,2,0,0,
4404,20260324,1101,24,1,0,0,0,
4405,20260525,1102,22,1,1,0,0,
4406,20260603,1102,23,1,2,0,0,
4407,20260612,1102,24,1,0,0,0,
4408,20260621,1102,25,1,1,0,0,
4409,20260404,1103,23,1,2,0,0,
4410,20260426,1103,24,1,0,0,0,
4411,20260517,1103,25,1,1,0,0,
4412,20260608,1103,26,1,2,0,0,
4413,20260413,1104,24,1,0,0,0,
4414,20260502,1104,25,1,1,0,0,
4415,20260522,1104,26,1,2,0,0,
4416,20260610,1104,27,1,0,0,0,
4417,20260313,1105,5,1,1,0,0,
4418,20260409,1105,5,1,2,0,0,
4419,20260506,1105,5,1,0,1,0,
4420,20260602,1105,5,1,1,0,0,
4421,20260604,1106,26,1,2,0,0,
4422,20260610,1106,27,1,0,0,0,
4423,20260617,1106,28,1,1,0,0,
4424,20260623,1106,29,1,2,0,0,
4425,20260131,1107,27,1,0,0,0,
4426,20260209,1107,28,1,1,0,0,
4427,20260219,1107,29,1,2,0,0,
4428,20260228,1107,30,1,0,0,0,
4429,20260303,1108,28,1,1,0,0,
4430,20260402,1108,29,1,2,0,0,
4431,20260501,1108,30,1,0,0,0,
4432,20260531,1108,31,1,1,0,0,
4433,20260514,1109,29,1,2,0,0,
4434,20260526,1109,30,1,0,0,0,
4435,20260606,1109,31,1,1,0,0,
4436,20260618,1109,32,1,2,0,0,
4437,20260306,1110,30,1,0,0,0,
4438,20260316,1110,31,1,1,0,0,
4439,20260326,1110,32,1,2,1,0,
4440,20260405,1110,33,1,0,0,0,
4441,20260317,1111,31,1,1,0,0,
4442,20260327,1111,32,1,2,0,0,
4443,20260406,1111,33,1,0,0,0,
4444,20260416,1111,34,1,1,0,0,
4445,20260328,1112,32,1,2,0,0,
4446,20260407,1112,33,1,0,0,0,
4447,20260418,1112,34,1,1,0,0,
4448,20260428,1112,35,1,2,0,0,
4449,20260214,1113,33,1,0,0,0,
4450,20260320,1113,34,1,1,0,0,
4451,20260423,1113,35,1,2,0,0,
4452,20260527,1113,36,1,0,0,0,
4453,20260419,1114,34,1,1,0,0,
4454,20260430,1114,35,1,2,0,0,
4455,20260511,1114,36,1,0,0,0,
4456,20260522,1114,37,1,1,0,0,
4457,20260225,1115,35,1,2,0,0,
4458,20260328,1115,36,1,0,0,0,
4459,20260428,1115,37,1,1,1,0,
4460,20260529,1115,38,1,2,0,0,
4461,20260206,1116,36,1,0,0,0,
4462,20260217,1116,37,1,1,0,0,
4463,20260228,1116,38,1,2,0,0,
4464,20260311,1116,39,1,0,0,0,
4465,20260217,1117,37,1,1,0,0,
4466,20260228,1117,38,1,2,0,0,
4467,20260312,1117,39,1,0,0,0,
4468,20260323,1117,40,2,1,0,0,
4469,20260228,1118,38,1,2,0,0,
4470,20260312,1118,39,1,0,0,0,
4471,20260323,1118,40,2,1,0,0,
4472,20260404,1118,41,2,2,0,0,
4473,20260311,1119,39,1,0,0,0,
4474,20260323,1119,40,2,1,0,0,
4475,20260404,1119,41,2,2,0,0,
4476,20260416,1119,42,2,0,0,0,
4477,20260323,1120,40,2,1,0,0,
4478,20260404,1120,41,2,2,0,0,
4479,20260416,1120,42,2,0,1,0,
4480,20260428,1120,43,2,1,0,0,
4481,20260403,1121,41,2,2,0,0,
4482,20260415,1121,42,2,0,0,0,
4483,20260427,1121,43,2,1,0,0,
4484,20260509,1121,44,2,2,0,0,
4485,20260414,1122,42,2,0,0,0,
4486,20260426,1122,43,2,1,0,0,
4487,20260509,1122,44,2,2,0,0,
4488,20260521,1122,20,1,0,0,0,
4489,20260520,1123,43,2,1,0,0,
4490,20260530,1123,44,2,2,0,0,
4491,20260609,1123,20,1,0,0,0,
4492,20260619,1123,21,1,1,0,0,
4493,20260131,1124,44,2,2,0,0,
4494,20260213,1124,20,1,0,0,0,
4495,20260226,1124,21,1,1,0,0,
4496,20260311,1124,22,1,2,0,0,
4497,20260203,1125,20,1,0,0,0,
4498,20260207,1125,21,1,1,0,0,
4499,20260211,1125,22,1,2,1,0,
4500,20260215,1125,23,1,0,0,0,
4501,20260214,1126,21,1,1,0,0,
4502,20260218,1126,22,1,2,0,0,
4503,20260222,1126,23,1,0,0,0,
4504,20260226,1126,24,1,1,0,0,
4505,20260225,1127,22,1,2,0,0,
4506,20260301,1127,23,1,0,0,0,
4507,20260306,1127,24,1,1,0,0,
4508,20260310,1127,25,1,2,0,0,
4509,20260308,1128,23,1,0,0,0,
4510,20260313,1128,24,1,1,0,0,
4511,20260317,1128,25,1,2,0,0,
4512,20260322,1128,26,1,0,0,0,
4513,20260319,1129,24,1,1,0,0,
4514,20260324,1129,25,1,2,0,0,
4515,20260329,1129,26,1,0,0,0,
4516,20260403,1129,27,1,1,0,0,
4517,20260331,1130,25,1,2,0,0,
4518,20260405,1130,26,1,0,0,0,
4519,20260410,1130,27,1,1,1,0,
4520,20260415,1130,28,1,2,0,0,
4521,20260411,1131,26,1,0,0,0,
4522,20260416,1131,27,1,1,0,0,
4523,20260421,1131,28,1,2,0,0,
4524,20260426,1131,29,1,0,0,0,
4525,20260212,1132,27,1,1,0,0,
4526,20260318,1132,28,1,2,0,0,
4527,20260422,1132,29,1,0,0,0,
4528,20260526,1132,30,1,1,0,0,
4529,20260128,1133,28,1,2,0,0,
4530,20260203,1133,29,1,0,0,0,
4531,20260208,1133,30,1,1,0,0,
4532,20260214,1133,31,1,2,0,0,
4533,20260208,1134,29,1,0,0,0,
4534,20260214,1134,30,1,1,0,0,
4535,20260220,1134,31,1,2,0,0,
4536,20260226,1134,32,1,0,0,0,
4537,20260220,1135,30,1,1,0,0,
4538,20260226,1135,31,1,2,0,0,
4539,20260304,1135,32,1,0,1,0,
4540,20260310,1135,33,1,1,0,0,
4541,20260322,1136,31,1,2,0,0,
4542,20260416,1136,32,1,0,0,0,
4543,20260511,1136,33,1,1,0,0,
4544,20260605,1136,34,1,2,0,0,
4545,20260314,1137,32,1,0,0,0,
4546,20260320,1137,33,1,1,0,0,
4547,20260327,1137,34,1,2,0,0,
4548,20260402,1137,35,1,0,0,0,
4549,20260528,1138,33,1,1,0,0,
4550,20260605,1138,34,1,2,0,0,
4551,20260613,1138,35,1,0,0,0,
4552,20260621,1138,36,1,1,0,0,
4553,20260215,1139,6,1,2,0,0,
4554,20260321,1139,6,1,0,0,0,
4555,20260423,1139,6,1,1,0,0,
4556,20260527,1139,6,1,2,0,0,
4557,20260112,1140,35,1,0,0,0,
4558,20260119,1140,36,1,1,0,0,
4559,20260126,1140,37,1,2,1,0,
4560,20260202,1140,38,1,0,0,0,
4561,20260123,1141,36,1,1,0,0,
4562,20260130,1141,37,1,2,0,0,
4563,20260206,1141,38,1,0,0,0,
4564,20260213,1141,39,1,1,0,0,
4565,20260203,1142,37,1,2,0,0,
4566,20260210,1142,38,1,0,0,0,
4567,20260218,1142,39,1,1,0,0,
4568,20260225,1142,40,2,2,0,0,
4569,20260609,1143,38,1,0,0,0,
4570,20260614,1143,39,1,1,0,0,
4571,20260619,1143,40,2,2,0,0,
4572,20260624,1143,41,2,0,0,0,
4573,20260315,1144,39,1,1,0,0,
4574,20260411,1144,40,2,2,0,0,
4575,20260507,1144,41,2,0,0,0,
4576,20260603,1144,42,2,1,0,0,
4577,20260309,1145,40,2,2,0,0,
4578,20260317,1145,41,2,0,0,0,
4579,20260325,1145,42,2,1,1,0,
4580,20260402,1145,43,2,2,0,0,
4581,20260320,1146,41,2,0,0,0,
4582,20260328,1146,42,2,1,0,0,
4583,20260405,1146,43,2,2,0,0,
4584,20260413,1146,44,2,0,0,0,
4585,20260224,1147,42,2,1,0,0,
4586,20260327,1147,43,2,2,0,0,
4587,20260428,1147,44,2,0,0,0,
4588,20260529,1147,20,1,1,0,0,
4589,20260411,1148,43,2,2,0,0,
4590,20260420,1148,44,2,0,0,0,
4591,20260428,1148,20,1,1,0,0,
4592,20260507,1148,21,1,2,0,0,
4593,20260117,1149,44,2,0,0,0,
4594,20260126,1149,20,1,1,0,0,
4595,20260204,1149,21,1,2,0,0,
4596,20260213,1149,22,1,0,0,0,
4597,20260129,1150,20,1,1,0,0,
4598,20260207,1150,21,1,2,0,0,
4599,20260216,1150,22,1,0,1,0,
4600,20260225,1150,23,1,1,0,0,
4601,20260209,1151,21,1,2,0,0,
4602,20260218,1151,22,1,0,0,0,
4603,20260227,1151,23,1,1,0,0,
4604,20260308,1151,24,1,2,0,0,
4605,20260220,1152,22,1,0,0,0,
4606,20260301,1152,23,1,1,0,0,
4607,20260311,1152,24,1,2,0,0,
4608,20260320,1152,25,1,0,0,0,
4609,20260222,1153,23,1,1,0,0,
4610,20260326,1153,24,1,2,0,0,
4611,20260427,1153,25,1,0,0,0,
4612,20260529,1153,26,1,1,0,0,
4613,20260314,1154,24,1,2,0,0,
4614,20260324,1154,25,1,0,0,0,
4615,20260403,1154,26,1,1,0,0,
4616,20260413,1154,27,1,2,0,0,
4617,20260326,1155,25,1,0,0,0,
4618,20260405,1155,26,1,1,0,0,
4619,20260415,1155,27,1,2,1,0,
4620,20260425,1155,28,1,0,0,0,
4621,20260406,1156,26,1,1,0,0,
4622,20260416,1156,27,1,2,0,0,
4623,20260426,1156,28,1,0,0,0,
4624,20260506,1156,29,1,1,0,0,
4625,20260417,1157,27,1,2,0,0,
4626,20260427,1157,28,1,0,0,0,
4627,20260508,1157,29,1,1,0,0,
4628,20260518,1157,30,1,2,0,0,
4629,20260123,1158,28,1,0,0,0,
4630,20260203,1158,29,1,1,0,0,
4631,20260213,1158,30,1,2,0,0,
4632,20260224,1158,31,1,0,0,0,
4633,20260522,1159,29,1,1,0,0,
4634,20260601,1159,30,1,2,0,0,
4635,20260610,1159,31,1,0,0,0,
4636,20260620,1159,32,1,1,0,0,
4637,20260215,1160,30,1,2,0,0,
4638,20260226,1160,31,1,0,0,0,
4639,20260309,1160,32,1,1,1,0,
4640,20260320,1160,33,1,2,0,0,
4641,20260527,1161,31,1,0,0,0,
4642,20260604,1161,32,1,1,0,0,
4643,20260613,1161,33,1,2,0,0,
4644,20260621,1161,34,1,0,0,0,
4645,20260309,1162,32,1,1,0,0,
4646,20260320,1162,33,1,2,0,0,
4647,20260401,1162,34,1,0,0,0,
4648,20260412,1162,35,1,1,0,0,
4649,20260320,1163,33,1,2,0,0,
4650,20260401,1163,34,1,0,0,0,
4651,20260412,1163,35,1,1,0,0,
4652,20260424,1163,36,1,2,0,0,
4653,20260331,1164,34,1,0,0,0,
4654,20260412,1164,35,1,1,0,0,
4655,20260424,1164,36,1,2,0,0,
4656,20260506,1164,37,1,0,0,0,
4657,20260606,1165,35,1,1,0,0,
4658,20260612,1165,36,1,2,0,0,
4659,20260618,1165,37,1,0,1,0,
4660,20260624,1165,38,1,1,0,0,
4661,20260118,1166,36,1,2,0,0,
4662,20260130,1166,37,1,0,0,0,
4663,20260211,1166,38,1,1,0,0,
4664,20260223,1166,39,1,2,0,0,
4665,20260513,1167,37,1,0,0,0,
4666,20260525,1167,38,1,1,0,0,
4667,20260606,1167,39,1,2,0,0,
4668,20260618,1167,40,2,0,0,0,
4669,20260516,1168,38,1,1,0,0,
4670,20260527,1168,39,1,2,0,0,
4671,20260607,1168,40,2,0,0,0,
4672,20260618,1168,41,2,1,0,0,
4673,20260220,1169,39,1,2,0,0,
4674,20260305,1169,40,2,0,0,0,
4675,20260318,1169,41,2,1,0,0,
4676,20260331,1169,42,2,2,0,0,
4677,20260317,1170,40,2,0,0,0,
4678,20260412,1170,41,2,1,0,0,
4679,20260508,1170,42,2,2,1,0,
4680,20260603,1170,43,2,0,0,0,
4681,20260306,1171,41,2,1,0,0,
4682,20260310,1171,42,2,2,0,0,
4683,20260314,1171,43,2,0,0,0,
4684,20260318,1171,44,2,1,0,0,
4685,20260317,1172,42,2,2,0,0,
4686,20260321,1172,43,2,0,0,0,
4687,20260326,1172,44,2,1,0,0,
4688,20260330,1172,20,1,2,0,0,
4689,20260328,1173,43,2,0,0,0,
4690,20260402,1173,44,2,1,0,0,
4691,20260406,1173,20,1,2,0,0,
4692,20260411,1173,21,1,0,0,0,
4693,20260530,1174,44,2,1,0,0,
4694,20260607,1174,20,1,2,0,0,
4695,20260614,1174,21,1,0,0,0,
4696,20260622,1174,22,1,1,0,0,
4697,20260115,1175,20,1,2,0,0,
4698,20260120,1175,21,1,0,0,0,
4699,20260125,1175,22,1,1,1,0,
4700,20260130,1175,23,1,2,0,0,
4701,20260604,1176,21,1,0,0,0,
4702,20260610,1176,22,1,1,0,0,
4703,20260617,1176,23,1,2,0,0,
4704,20260623,1176,24,1,0,0,0,
4705,20260206,1177,22,1,1,0,0,
4706,20260211,1177,23,1,2,0,0,
4707,20260217,1177,24,1,0,0,0,
4708,20260222,1177,25,1,1,0,0,
4709,20260217,1178,23,1,2,0,0,
4710,20260223,1178,24,1,0,0,0,
4711,20260228,1178,25,1,1,0,0,
4712,20260306,1178,26,1,2,0,0,
4713,20260228,1179,24,1,0,0,0,
4714,20260306,1179,25,1,1,0,0,
4715,20260312,1179,26,1,2,0,0,
4716,20260318,1179,27,1,0,0,0,
4717,20260312,1180,25,1,1,0,0,
4718,20260318,1180,26,1,2,0,0,
4719,20260324,1180,27,1,0,1,0,
4720,20260330,1180,28,1,1,0,0,
4721,20260519,1181,26,1,2,0,0,
4722,20260529,1181,27,1,0,0,0,
4723,20260609,1181,28,1,1,0,0,
4724,20260619,1181,29,1,2,0,0,
4725,20260415,1182,27,1,0,0,0,
4726,20260504,1182,28,1,1,0,0,
4727,20260523,1182,29,1,2,0,0,
4728,20260611,1182,30,1,0,0,0,
4729,20260524,1183,28,1,1,0,0,
4730,20260602,1183,29,1,2,0,0,
4731,20260611,1183,30,1,0,0,0,
4732,20260620,1183,31,1,1,0,0,
4733,20260120,1184,29,1,2,0,0,
4734,20260127,1184,30,1,0,0,0,
4735,20260203,1184,31,1,1,0,0,
4736,20260210,1184,32,1,2,0,0,
4737,20260201,1185,30,1,0,0,0,
4738,20260208,1185,31,1,1,0,0,
4739,20260215,1185,32,1,2,1,0,
4740,20260222,1185,33,1,0,0,0,
4741,20260306,1186,31,1,1,0,0,
4742,20260404,1186,32,1,2,0,0,
4743,20260503,1186,33,1,0,0,0,
4744,20260601,1186,34,1,1,0,0,
4745,20260304,1187,32,1,2,0,0,
4746,20260402,1187,33,1,0,0,0,
4747,20260502,1187,300,15,30,10,8,DEFECT_FOUND
4748,20260531,1187,35,1,2,0,0,
4749,20260605,1188,33,1,0,0,0,
4750,20260611,1188,34,1,1,0,0,
4751,20260617,1188,35,1,2,0,0,
4752,20260623,1188,36,1,0,0,0,
4753,20260607,1189,34,1,1,0,0,
4754,20260613,1189,35,1,2,0,0,
4755,20260618,1189,36,1,0,0,0,
4756,20260624,1189,37,1,1,0,0,
4757,20260329,1190,35,1,2,0,0,
4758,20260406,1190,36,1,0,0,0,
4759,20260414,1190,37,1,1,1,0,
4760,20260422,1190,38,1,2,0,0,
4761,20260409,1191,36,1,0,0,0,
4762,20260417,1191,37,1,1,0,0,
4763,20260425,1191,38,1,2,0,0,
4764,20260503,1191,39,1,0,0,0,
4765,20260115,1192,37,1,1,0,0,
4766,20260123,1192,38,1,2,0,0,
4767,20260201,1192,39,1,0,0,0,
4768,20260209,1192,40,2,1,0,0,
4769,20260520,1193,38,1,2,0,0,
4770,20260530,1193,39,1,0,0,0,
4771,20260609,1193,40,2,1,0,0,
4772,20260619,1193,41,2,2,0,0,
4773,20260206,1194,39,1,0,0,0,
4774,20260215,1194,40,2,1,0,0,
4775,20260224,1194,41,2,2,0,0,
4776,20260305,1194,42,2,0,0,0,
4777,20260218,1195,40,2,1,0,0,
4778,20260227,1195,41,2,2,0,0,
4779,20260308,1195,42,2,0,1,0,
4780,20260317,1195,43,2,1,0,0,
4781,20260301,1196,41,2,2,0,0,
4782,20260310,1196,42,2,0,0,0,
4783,20260319,1196,43,2,1,0,0,
4784,20260328,1196,44,2,2,0,0,
4785,20260312,1197,42,2,0,0,0,
4786,20260321,1197,43,2,1,0,0,
4787,20260331,1197,44,2,2,0,0,
4788,20260409,1197,20,1,0,0,0,
4789,20260323,1198,43,2,1,0,0,
4790,20260402,1198,44,2,2,0,0,
4791,20260411,1198,20,1,0,0,0,
4792,20260421,1198,21,1,1,0,0,
4793,20260403,1199,44,2,2,0,0,
4794,20260413,1199,20,1,0,0,0,
4795,20260423,1199,21,1,1,0,0,
4796,20260503,1199,22,1,2,0,0,
4797,20260415,1200,20,1,0,0,0,
4798,20260425,1200,21,1,1,0,0,
4799,20260505,1200,22,1,2,1,0,
4800,20260515,1200,23,1,0,0,0,
4801,20260310,1201,21,1,1,0,0,
4802,20260407,1201,22,1,2,0,0,
4803,20260505,1201,23,1,0,0,0,
4804,20260602,1201,24,1,1,0,0,
4805,20260316,1202,22,1,2,0,0,
4806,20260411,1202,23,1,0,0,0,
4807,20260508,1202,24,1,1,0,0,
4808,20260603,1202,25,1,2,0,0,
4809,20260214,1203,23,1,0,0,0,
4810,20260320,1203,24,1,1,0,0,
4811,20260423,1203,25,1,2,0,0,
4812,20260527,1203,26,1,0,0,0,
4813,20260219,1204,24,1,1,0,0,
4814,20260324,1204,25,1,2,0,0,
4815,20260425,1204,26,1,0,0,0,
4816,20260528,1204,27,1,1,0,0,
4817,20260225,1205,25,1,2,0,0,
4818,20260328,1205,26,1,0,0,0,
4819,20260428,1205,27,1,1,1,0,
4820,20260529,1205,28,1,2,0,0,
4821,20260302,1206,26,1,0,0,0,
4822,20260401,1206,27,1,1,0,0,
4823,20260501,1206,28,1,2,0,0,
4824,20260531,1206,29,1,0,0,0,
4825,20260308,1207,27,1,1,0,0,
4826,20260405,1207,28,1,2,0,0,
4827,20260504,1207,29,1,0,0,0,
4828,20260601,1207,30,1,1,0,0,
4829,20260314,1208,28,1,2,0,0,
4830,20260410,1208,29,1,0,0,0,
4831,20260507,1208,30,1,1,0,0,
4832,20260603,1208,31,1,2,0,0,
4833,20260211,1209,29,1,0,0,0,
4834,20260318,1209,30,1,1,0,0,
4835,20260421,1209,31,1,2,0,0,
4836,20260526,1209,32,1,0,0,0,
4837,20260217,1210,30,1,1,0,0,
4838,20260322,1210,31,1,2,0,0,
4839,20260424,1210,32,1,0,1,0,
4840,20260527,1210,33,1,1,0,0,
4841,20260222,1211,31,1,2,0,0,
4842,20260326,1211,32,1,0,0,0,
4843,20260427,1211,33,1,1,0,0,
4844,20260529,1211,34,1,2,0,0,
4845,20260228,1212,32,1,0,0,0,
4846,20260330,1212,33,1,1,0,0,
4847,20260430,1212,34,1,2,0,0,
4848,20260530,1212,35,1,0,0,0,
4849,20260306,1213,33,1,1,0,0,
4850,20260404,1213,34,1,2,0,0,
4851,20260503,1213,35,1,0,0,0,
4852,20260601,1213,36,1,1,0,0,
4853,20260311,1214,34,1,2,0,0,
4854,20260408,1214,35,1,0,0,0,
4855,20260505,1214,36,1,1,0,0,
4856,20260602,1214,37,1,2,0,0,
4857,20260209,1215,35,1,0,0,0,
4858,20260316,1215,36,1,1,0,0,
4859,20260420,1215,37,1,2,1,0,
4860,20260525,1215,38,1,0,0,0,
4861,20260214,1216,36,1,1,0,0,
4862,20260320,1216,37,1,2,0,0,
4863,20260423,1216,38,1,0,0,0,
4864,20260527,1216,39,1,1,0,0,
