snapshot_date_key,unit_key,project_key,zone_key,channel_key,launch_batch_id,release_date,inventory_status,sold_date,unsold_days_dom,is_overdue_flag,asking_price_vnd,discount_pct,concession_value_vnd,net_price_vnd,asking_price_per_m2,net_price_per_m2,subsidy_duration_mo,principal_grace_mo,base_commission_pct,spiff_bonus_vnd,is_exclusive_lock
20260630,200001,200,201,2002,VHSC-2026-01,2026-01-17,AVAILABLE,,164,t,2888160000,0.00,0,2888160000,48000000,48000000,24,12,2.50,0,f
20260630,200002,200,201,2003,VHSC-2026-01,2026-01-17,SOLD,2026-02-28,42,f,2676480000,2.00,0,2622950400,48000000,47040000,24,12,2.50,0,f
20260630,200003,200,201,2004,VHSC-2026-01,2026-01-28,SOLD,2026-03-12,43,f,4202550000,2.00,0,4118499000,45000000,44100000,24,12,2.50,0,f
20260630,200004,200,201,2005,VHSC-2026-01,2026-02-08,BOOKED,,142,f,1619200000,2.00,0,1586816000,55000000,53900000,24,12,2.50,0,f
20260630,200005,200,201,2006,VHSC-2026-01,2026-02-19,SOLD,2026-04-05,45,f,2314500000,2.00,0,2268210000,50000000,49000000,24,12,2.50,0,f
20260630,200006,200,201,2007,VHSC-2026-01,2026-03-02,SOLD,2026-04-17,46,f,2990880000,2.00,0,2931062400,48000000,47040000,24,12,2.50,0,f
20260630,200007,200,201,2008,VHSC-2026-01,2026-03-13,SOLD,2026-04-29,47,f,4154850000,2.00,0,4071753000,45000000,44100000,24,12,2.50,0,f
20260630,200008,200,201,2001,VHSC-2026-01,2026-05-20,AVAILABLE,,41,f,1876600000,2.00,0,1839068000,55000000,53900000,24,12,2.50,0,f
20260630,200009,200,201,2002,VHSC-2026-01,2026-04-04,SOLD,2026-05-23,49,f,2184000000,2.00,0,2140320000,50000000,49000000,24,12,2.50,0,f
20260630,200010,200,201,2003,VHSC-2026-01,2026-01-10,SOLD,2026-03-01,50,f,3314880000,2.00,0,3248582400,48000000,47040000,24,12,2.50,0,t
20260630,200011,200,201,2004,VHSC-2026-01,2026-05-29,AVAILABLE,,32,f,3844350000,2.00,0,3767463000,45000000,44100000,24,12,2.50,0,f
20260630,200012,200,201,2005,VHSC-2026-01,2026-06-01,AVAILABLE,,29,f,1901350000,2.00,0,1863323000,55000000,53900000,24,12,2.50,0,f
20260630,200013,200,201,2006,VHSC-2026-01,2026-02-12,SOLD,2026-04-06,53,f,2340500000,2.00,0,2293690000,50000000,49000000,24,12,2.50,0,f
20260630,200014,200,201,2007,VHSC-2026-01,2026-02-23,SOLD,2026-04-18,54,f,2946240000,2.00,0,2887315200,48000000,47040000,24,12,2.50,0,f
20260630,200015,200,201,2008,VHSC-2026-01,2026-03-06,SOLD,2026-04-30,55,f,3951900000,2.00,0,3872862000,45000000,44100000,24,12,2.50,0,f
20260630,200016,200,201,2001,VHSC-2026-01,2026-05-09,AVAILABLE,,52,f,1588400000,2.00,0,1556632000,55000000,53900000,24,12,2.50,0,f
20260630,200017,200,201,2002,VHSC-2026-01,2026-02-08,AVAILABLE,,142,t,3116400000,0.00,0,3116400000,56000000,56000000,24,12,2.50,0,f
20260630,200018,200,201,2003,VHSC-2026-01,2026-05-15,AVAILABLE,,46,f,3031680000,2.00,0,2971046400,48000000,47040000,24,12,2.50,0,f
20260630,200019,200,201,2004,VHSC-2026-01,2026-01-14,SOLD,2026-03-14,59,f,4087800000,2.00,0,4006044000,45000000,44100000,24,12,2.50,0,f
20260630,200020,200,201,2005,VHSC-2026-01,2026-01-25,BOOKED,,156,f,1916750000,2.00,0,1878415000,55000000,53900000,24,12,2.50,0,t
20260630,200021,200,201,2006,VHSC-2026-01,2026-02-05,BOOKED,,145,f,2015000000,2.00,0,1974700000,50000000,49000000,24,12,2.50,0,f
20260630,200022,200,201,2007,VHSC-2026-01,2026-02-16,SOLD,2026-04-19,62,f,2951040000,2.00,0,2892019200,48000000,47040000,24,12,2.50,0,f
20260630,200023,200,201,2008,VHSC-2026-01,2026-02-05,AVAILABLE,,145,t,2226000000,2.00,0,2181480000,50000000,49000000,24,12,1.20,0,f
20260630,200024,200,201,2001,VHSC-2026-01,2026-03-10,SOLD,2026-05-13,64,f,1540550000,2.00,0,1509739000,55000000,53900000,24,12,2.50,0,f
20260630,200025,200,201,2002,VHSC-2026-01,2026-03-21,SOLD,2026-04-10,20,f,2310000000,2.00,0,2263800000,50000000,49000000,24,12,2.50,0,f
20260630,200026,200,201,2003,VHSC-2026-01,2026-04-01,BOOKED,,90,f,2755680000,2.00,0,2700566400,48000000,47040000,24,12,2.50,0,f
20260630,200027,200,201,2004,VHSC-2026-01,2026-01-07,SOLD,2026-01-29,22,f,3629250000,2.00,0,3556665000,45000000,44100000,24,12,2.50,0,f
20260630,200028,200,201,2005,VHSC-2026-01,2026-05-10,AVAILABLE,,51,f,1745150000,2.00,0,1710247000,55000000,53900000,24,12,2.50,0,f
20260630,200029,200,201,2006,VHSC-2026-01,2026-01-29,SOLD,2026-02-22,24,f,1910500000,2.00,0,1872290000,50000000,49000000,24,12,2.50,0,f
20260630,200030,200,201,2007,VHSC-2026-01,2026-02-09,AVAILABLE,,141,t,3491040000,0.00,0,3491040000,56000000,56000000,24,12,2.50,0,t
20260630,200031,200,201,2008,VHSC-2026-01,2026-05-19,AVAILABLE,,42,f,3607650000,2.00,0,3535497000,45000000,44100000,24,12,2.50,0,f
20260630,200032,200,201,2001,VHSC-2026-01,2026-03-03,SOLD,2026-03-30,27,f,1760000000,2.00,0,1724800000,55000000,53900000,24,12,2.50,0,f
20260630,200033,200,201,2002,VHSC-2026-01,2026-03-14,SOLD,2026-04-11,28,f,2029500000,2.00,0,1988910000,50000000,49000000,24,12,2.50,0,f
20260630,200034,200,201,2003,VHSC-2026-01,2026-01-23,AVAILABLE,,158,t,4230000000,2.00,0,4145400000,45000000,44100000,24,12,1.20,0,f
20260630,200035,200,201,2004,VHSC-2026-01,2026-04-05,SOLD,2026-05-05,30,f,3971250000,2.00,0,3891825000,45000000,44100000,24,12,2.50,0,f
20260630,200036,200,201,2005,VHSC-2026-01,2026-01-11,SOLD,2026-02-11,31,f,1800150000,2.00,0,1764147000,55000000,53900000,24,12,2.50,0,f
20260630,200037,200,201,2006,VHSC-2026-01,2026-01-22,SOLD,2026-02-23,32,f,2205500000,2.00,0,2161390000,50000000,49000000,24,12,2.50,0,f
20260630,200038,200,201,2007,VHSC-2026-01,2026-02-02,SOLD,2026-03-07,33,f,2783520000,2.00,0,2727849600,48000000,47040000,24,12,2.50,0,f
20260630,200039,200,201,2008,VHSC-2026-01,2026-05-08,AVAILABLE,,53,f,4248000000,2.00,0,4163040000,45000000,44100000,24,12,2.50,0,f
20260630,200040,200,201,2001,VHSC-2026-01,2026-02-24,BOOKED,,126,f,1704450000,2.00,0,1670361000,55000000,53900000,24,12,2.50,0,t
20260630,200041,200,201,2002,VHSC-2026-01,2026-03-07,BOOKED,,115,f,2137000000,2.00,0,2094260000,50000000,49000000,24,12,2.50,0,f
20260630,200042,200,201,2003,VHSC-2026-01,2026-02-03,AVAILABLE,,147,t,2169500000,2.00,0,2126110000,50000000,49000000,24,12,1.20,0,f
20260630,200043,200,201,2004,VHSC-2026-01,2026-03-29,SOLD,2026-05-06,38,f,3933900000,2.00,0,3855222000,45000000,44100000,24,12,2.50,0,f
20260630,200044,200,201,2005,VHSC-2026-01,2026-04-09,SOLD,2026-05-18,39,f,1583450000,2.00,0,1551781000,55000000,53900000,24,12,2.50,0,f
20260630,200045,200,201,2006,VHSC-2026-01,2026-01-15,BOOKED,,166,f,1933500000,2.00,0,1894830000,50000000,49000000,24,12,2.50,0,f
20260630,200046,200,201,2007,VHSC-2026-01,2026-01-17,AVAILABLE,,164,t,3940200000,0.00,0,3940200000,60000000,60000000,24,12,1.20,0,f
20260630,200047,200,201,2008,VHSC-2026-01,2026-02-06,SOLD,2026-03-20,42,f,4268250000,2.00,0,4182885000,45000000,44100000,24,12,2.50,0,f
20260630,200048,200,201,2001,VHSC-2026-01,2026-02-17,SOLD,2026-04-01,43,f,1566950000,2.00,0,1535611000,55000000,53900000,24,12,2.50,0,f
20260630,200049,200,201,2002,VHSC-2026-01,2026-02-28,SOLD,2026-04-13,44,f,1912000000,2.00,0,1873760000,50000000,49000000,24,12,2.50,0,f
20260630,200050,200,201,2003,VHSC-2026-01,2026-03-11,SOLD,2026-04-25,45,f,2987520000,2.00,0,2927769600,48000000,47040000,24,12,2.50,0,t
20260630,200051,200,201,2004,VHSC-2026-01,2026-03-22,SOLD,2026-05-07,46,f,3640500000,2.00,0,3567690000,45000000,44100000,24,12,2.50,0,f
20260630,200052,200,201,2005,VHSC-2026-01,2026-05-12,AVAILABLE,,49,f,1549350000,2.00,0,1518363000,55000000,53900000,24,12,2.50,0,f
20260630,200053,200,201,2006,VHSC-2026-01,2026-01-08,SOLD,2026-02-25,48,f,2052000000,2.00,0,2010960000,50000000,49000000,24,12,2.50,0,f
20260630,200054,200,201,2007,VHSC-2026-01,2026-01-19,SOLD,2026-03-09,49,f,3055680000,2.00,0,2994566400,48000000,47040000,24,12,2.50,0,f
20260630,200055,200,201,2008,VHSC-2026-01,2026-01-30,SOLD,2026-03-21,50,f,3842100000,2.00,0,3765258000,45000000,44100000,24,12,2.50,0,f
20260630,200056,200,201,2001,VHSC-2026-01,2026-02-10,SOLD,2026-04-02,51,f,1903000000,2.00,0,1864940000,55000000,53900000,24,12,2.50,0,f
20260630,200057,200,201,2002,VHSC-2026-01,2026-02-18,AVAILABLE,,132,t,2779200000,2.00,0,2723616000,48000000,47040000,24,12,2.50,0,f
20260630,200058,200,201,2003,VHSC-2026-01,2026-05-30,AVAILABLE,,31,f,3208320000,2.00,0,3144153600,48000000,47040000,24,12,2.50,0,f
20260630,200059,200,201,2004,VHSC-2026-01,2026-03-15,SOLD,2026-05-08,54,f,3639600000,2.00,0,3566808000,45000000,44100000,24,12,2.50,0,f
20260630,200060,200,201,2005,VHSC-2026-01,2026-03-26,SOLD,2026-05-20,55,f,1757800000,2.00,0,1722644000,55000000,53900000,24,12,2.50,0,t
20260630,200061,200,201,2006,VHSC-2026-01,2026-02-01,AVAILABLE,,149,t,3177600000,0.00,0,3177600000,48000000,48000000,24,12,2.50,0,f
20260630,200062,200,201,2007,VHSC-2026-01,2026-01-12,SOLD,2026-03-10,57,f,3117600000,2.00,0,3055248000,48000000,47040000,24,12,2.50,0,f
20260630,200063,200,201,2008,VHSC-2026-01,2026-01-23,SOLD,2026-03-22,58,f,4241250000,2.00,0,4156425000,45000000,44100000,24,12,2.50,0,f
20260630,200064,200,201,2001,VHSC-2026-01,2026-02-03,SOLD,2026-04-03,59,f,1600500000,2.00,0,1568490000,55000000,53900000,24,12,2.50,0,f
20260630,200065,200,201,2002,VHSC-2026-01,2026-02-14,SOLD,2026-04-15,60,f,2336500000,2.00,0,2289770000,50000000,49000000,24,12,2.50,0,f
20260630,200066,200,201,2003,VHSC-2026-01,2026-01-22,AVAILABLE,,159,t,2116000000,2.00,0,2073680000,50000000,49000000,24,12,1.20,0,f
20260630,200067,200,201,2004,VHSC-2026-01,2026-01-29,AVAILABLE,,152,t,1903000000,2.00,0,1864940000,50000000,49000000,24,12,1.20,0,f
20260630,200068,200,201,2005,VHSC-2026-01,2026-03-19,SOLD,2026-05-21,63,f,1766600000,2.00,0,1731268000,55000000,53900000,24,12,2.50,0,f
20260630,200069,200,201,2006,VHSC-2026-01,2026-05-28,AVAILABLE,,33,f,2355500000,2.00,0,2308390000,50000000,49000000,24,12,2.50,0,f
20260630,200070,200,201,2007,VHSC-2026-01,2026-01-05,SOLD,2026-01-25,20,f,3058080000,2.00,0,2996918400,48000000,47040000,24,12,2.50,0,t
20260630,200071,200,201,2008,VHSC-2026-01,2026-01-16,BOOKED,,165,f,3680100000,2.00,0,3606498000,45000000,44100000,24,12,2.50,0,f
20260630,200072,200,201,2001,VHSC-2026-01,2026-01-27,SOLD,2026-02-18,22,f,1728100000,2.00,0,1693538000,55000000,53900000,24,12,2.50,0,f
20260630,200073,200,201,2002,VHSC-2026-01,2026-05-05,AVAILABLE,,56,f,1959500000,2.00,0,1920310000,50000000,49000000,24,12,2.50,0,f
20260630,200074,200,201,2003,VHSC-2026-01,2026-02-02,AVAILABLE,,148,t,2957280000,2.00,0,2898134400,48000000,47040000,24,12,2.50,0,f
20260630,200075,200,201,2004,VHSC-2026-01,2026-05-11,AVAILABLE,,50,f,4210200000,2.00,0,4125996000,45000000,44100000,24,12,2.50,0,f
20260630,200076,200,201,2005,VHSC-2026-01,2026-05-14,AVAILABLE,,47,f,1738000000,2.00,0,1703240000,55000000,53900000,24,12,2.50,0,f
20260630,200077,200,201,2006,VHSC-2026-01,2026-03-23,SOLD,2026-04-19,27,f,1913000000,2.00,0,1874740000,50000000,49000000,24,12,2.50,0,f
20260630,200078,200,201,2007,VHSC-2026-01,2026-04-03,SOLD,2026-05-01,28,f,3336000000,2.00,0,3269280000,48000000,47040000,24,12,2.50,0,f
20260630,200079,200,201,2008,VHSC-2026-01,2026-01-09,SOLD,2026-02-07,29,f,4029300000,2.00,0,3948714000,45000000,44100000,24,12,2.50,0,f
20260630,200080,200,201,2001,VHSC-2026-01,2026-01-20,SOLD,2026-02-19,30,f,1847450000,2.00,0,1810501000,55000000,53900000,24,12,2.50,0,t
20260630,200081,200,201,2002,VHSC-2026-01,2026-01-31,SOLD,2026-03-03,31,f,1944500000,2.00,0,1905610000,50000000,49000000,24,12,2.50,0,f
20260630,200082,200,201,2003,VHSC-2026-01,2026-02-13,AVAILABLE,,137,t,3488240000,0.00,0,3488240000,56000000,56000000,24,12,1.20,0,f
20260630,200083,200,201,2004,VHSC-2026-01,2026-02-22,SOLD,2026-03-27,33,f,4040100000,2.00,0,3959298000,45000000,44100000,24,12,2.50,0,f
20260630,200084,200,201,2005,VHSC-2026-01,2026-03-05,SOLD,2026-04-08,34,f,1782550000,2.00,0,1746899000,55000000,53900000,24,12,2.50,0,f
20260630,200085,200,201,2006,VHSC-2026-01,2026-01-20,AVAILABLE,,161,t,2000000000,2.00,0,1960000000,50000000,49000000,24,12,1.20,0,f
20260630,200086,200,201,2007,VHSC-2026-01,2026-01-27,AVAILABLE,,154,t,3174240000,2.00,0,3110755200,48000000,47040000,24,12,2.50,0,f
20260630,200087,200,201,2008,VHSC-2026-01,2026-05-12,AVAILABLE,,49,f,4180950000,2.00,0,4097331000,45000000,44100000,24,12,2.50,0,f
20260630,200088,200,201,2001,VHSC-2026-01,2026-01-13,SOLD,2026-02-20,38,f,1747900000,2.00,0,1712942000,55000000,53900000,24,12,2.50,0,f
20260630,200089,200,201,2002,VHSC-2026-01,2026-01-24,SOLD,2026-03-04,39,f,2135000000,2.00,0,2092300000,50000000,49000000,24,12,2.50,0,f
20260630,200090,200,201,2003,VHSC-2026-01,2026-05-21,AVAILABLE,,40,f,2663520000,2.00,0,2610249600,48000000,47040000,24,12,2.50,0,t
20260630,200091,200,201,2004,VHSC-2026-01,2026-02-15,SOLD,2026-03-28,41,f,4144500000,2.00,0,4061610000,45000000,44100000,24,12,2.50,0,f
20260630,200092,200,201,2005,VHSC-2026-01,2026-02-26,SOLD,2026-04-09,42,f,1817750000,2.00,0,1781395000,55000000,53900000,24,12,2.50,0,f
20260630,200093,200,201,2006,VHSC-2026-01,2026-03-09,SOLD,2026-04-21,43,f,2128500000,2.00,0,2085930000,50000000,49000000,24,12,2.50,0,f
20260630,200094,200,201,2007,VHSC-2026-01,2026-03-20,SOLD,2026-05-03,44,f,2748000000,2.00,0,2693040000,48000000,47040000,24,12,2.50,0,f
20260630,200095,200,201,2008,VHSC-2026-01,2026-03-31,SOLD,2026-05-15,45,f,4105350000,2.00,0,4023243000,45000000,44100000,24,12,2.50,0,f
20260630,200096,200,201,2001,VHSC-2026-01,2026-01-06,SOLD,2026-02-21,46,f,1631850000,2.00,0,1599213000,55000000,53900000,24,12,2.50,0,f
20260630,200097,200,201,2002,VHSC-2026-01,2026-01-17,SOLD,2026-03-05,47,f,2366500000,2.00,0,2319170000,50000000,49000000,24,12,2.50,0,f
20260630,200098,200,201,2003,VHSC-2026-01,2026-01-28,SOLD,2026-03-17,48,f,3276000000,2.00,0,3210480000,48000000,47040000,24,12,2.50,0,f
20260630,200099,200,201,2004,VHSC-2026-01,2026-02-08,SOLD,2026-03-29,49,f,4086000000,2.00,0,4004280000,45000000,44100000,24,12,2.50,0,f
20260630,200100,200,201,2005,VHSC-2026-01,2026-02-19,SOLD,2026-04-10,50,f,1841400000,2.00,0,1804572000,55000000,53900000,24,12,2.50,0,t
20260630,200101,200,201,2006,VHSC-2026-01,2026-03-02,SOLD,2026-04-22,51,f,2177000000,2.00,0,2133460000,50000000,49000000,24,12,2.50,0,f
20260630,200102,200,201,2007,VHSC-2026-01,2026-03-13,BOOKED,,109,f,3339360000,2.00,0,3272572800,48000000,47040000,24,12,2.50,0,f
20260630,200103,200,201,2008,VHSC-2026-01,2026-03-24,SOLD,2026-05-16,53,f,4234950000,2.00,0,4150251000,45000000,44100000,24,12,2.50,0,f
20260630,200104,200,201,2001,VHSC-2026-01,2026-04-04,SOLD,2026-05-28,54,f,1827100000,2.00,0,1790558000,55000000,53900000,24,12,2.50,0,f
20260630,200105,200,201,2002,VHSC-2026-01,2026-01-10,SOLD,2026-03-06,55,f,2284500000,2.00,0,2238810000,50000000,49000000,24,12,2.50,0,f
20260630,200106,200,201,2003,VHSC-2026-01,2026-01-21,SOLD,2026-03-18,56,f,3359040000,2.00,0,3291859200,48000000,47040000,24,12,2.50,0,f
20260630,200107,200,201,2004,VHSC-2026-01,2026-02-08,AVAILABLE,,142,t,4230000000,2.00,0,4145400000,45000000,44100000,24,12,2.50,0,f
20260630,200108,200,201,2005,VHSC-2026-01,2026-02-12,SOLD,2026-04-11,58,f,1852950000,2.00,0,1815891000,55000000,53900000,24,12,2.50,0,f
20260630,200109,200,201,2006,VHSC-2026-01,2026-05-08,AVAILABLE,,53,f,2115500000,2.00,0,2073190000,50000000,49000000,24,12,2.50,0,f
20260630,200110,200,201,2007,VHSC-2026-01,2026-03-06,SOLD,2026-05-05,60,f,3110880000,2.00,0,3048662400,48000000,47040000,24,12,2.50,0,t
20260630,200111,200,201,2008,VHSC-2026-01,2026-03-17,SOLD,2026-05-17,61,f,3864150000,2.00,0,3786867000,45000000,44100000,24,12,2.50,0,f
20260630,200112,200,201,2001,VHSC-2026-01,2026-03-28,SOLD,2026-05-29,62,f,1714900000,2.00,0,1680602000,55000000,53900000,24,12,2.50,0,f
20260630,200113,200,201,2002,VHSC-2026-01,2026-04-08,SOLD,2026-06-10,63,f,1988500000,2.00,0,1948730000,50000000,49000000,24,12,2.50,0,f
20260630,200114,200,201,2003,VHSC-2026-01,2026-01-14,SOLD,2026-03-19,64,f,3318720000,2.00,0,3252345600,48000000,47040000,24,12,2.50,0,f
20260630,200115,200,201,2004,VHSC-2026-01,2026-01-25,SOLD,2026-02-14,20,f,4007250000,2.00,0,3927105000,45000000,44100000,24,12,2.50,0,f
20260630,200116,200,201,2005,VHSC-2026-01,2026-02-05,SOLD,2026-02-26,21,f,1722600000,2.00,0,1688148000,55000000,53900000,24,12,2.50,0,f
20260630,200117,200,201,2006,VHSC-2026-01,2026-02-16,SOLD,2026-03-10,22,f,2243000000,2.00,0,2198140000,50000000,49000000,24,12,2.50,0,f
20260630,200118,200,201,2007,VHSC-2026-01,2026-01-26,AVAILABLE,,155,t,1950000000,2.00,0,1911000000,50000000,49000000,24,12,1.20,0,f
20260630,200119,200,201,2008,VHSC-2026-01,2026-03-10,SOLD,2026-04-03,24,f,3627450000,2.00,0,3554901000,45000000,44100000,24,12,2.50,0,f
20260630,200120,200,201,2001,VHSC-2026-01,2026-02-09,AVAILABLE,,141,t,3141120000,0.00,0,3141120000,48000000,48000000,24,12,2.50,0,t
20260630,200121,200,201,2002,VHSC-2026-01,2026-04-01,SOLD,2026-04-27,26,f,2075000000,2.00,0,2033500000,50000000,49000000,24,12,2.50,0,f
20260630,200122,200,201,2003,VHSC-2026-01,2026-01-07,SOLD,2026-02-03,27,f,2883840000,2.00,0,2826163200,48000000,47040000,24,12,2.50,0,f
20260630,200123,200,201,2004,VHSC-2026-01,2026-05-15,AVAILABLE,,46,f,3638700000,2.00,0,3565926000,45000000,44100000,24,12,2.50,0,f
20260630,200124,200,201,2005,VHSC-2026-01,2026-01-29,SOLD,2026-02-27,29,f,1581800000,2.00,0,1550164000,55000000,53900000,24,12,2.50,0,f
20260630,200125,200,201,2006,VHSC-2026-01,2026-02-09,SOLD,2026-03-11,30,f,2035000000,2.00,0,1994300000,50000000,49000000,24,12,2.50,0,f
20260630,200126,200,201,2007,VHSC-2026-01,2026-05-24,AVAILABLE,,37,f,3303360000,2.00,0,3237292800,48000000,47040000,24,12,2.50,0,f
20260630,200127,200,201,2008,VHSC-2026-01,2026-03-03,SOLD,2026-04-04,32,f,4171500000,2.00,0,4088070000,45000000,44100000,24,12,2.50,0,f
20260630,200128,200,201,2001,VHSC-2026-01,2026-03-14,SOLD,2026-04-16,33,f,1653300000,2.00,0,1620234000,55000000,53900000,24,12,2.50,0,f
20260630,200129,200,201,2002,VHSC-2026-01,2026-03-25,BOOKED,,97,f,2334000000,2.00,0,2287320000,50000000,49000000,24,12,2.50,0,f
20260630,200130,200,201,2003,VHSC-2026-01,2026-05-01,AVAILABLE,,60,f,3209760000,2.00,0,3145564800,48000000,47040000,24,12,2.50,0,t
20260630,200131,200,201,2004,VHSC-2026-01,2026-01-11,SOLD,2026-02-16,36,f,3980700000,2.00,0,3901086000,45000000,44100000,24,12,2.50,0,f
20260630,200132,200,201,2005,VHSC-2026-01,2026-01-22,SOLD,2026-02-28,37,f,1711050000,2.00,0,1676829000,55000000,53900000,24,12,2.50,0,f
20260630,200133,200,201,2006,VHSC-2026-01,2026-02-02,SOLD,2026-03-12,38,f,2088500000,2.00,0,2046730000,50000000,49000000,24,12,2.50,0,f
20260630,200134,200,201,2007,VHSC-2026-01,2026-02-13,SOLD,2026-03-24,39,f,3331200000,2.00,0,3264576000,48000000,47040000,24,12,2.50,0,f
20260630,200135,200,201,2008,VHSC-2026-01,2026-05-16,AVAILABLE,,45,f,3717450000,2.00,0,3643101000,45000000,44100000,24,12,2.50,0,f
20260630,200136,200,201,2001,VHSC-2026-01,2026-03-07,SOLD,2026-04-17,41,f,1601050000,2.00,0,1569029000,55000000,53900000,24,12,2.50,0,f
20260630,200137,200,201,2002,VHSC-2026-01,2026-01-24,AVAILABLE,,157,t,3063840000,2.00,0,3002563200,48000000,47040000,12,12,2.50,0,f
20260630,200138,200,201,2003,VHSC-2026-01,2026-03-29,SOLD,2026-05-11,43,f,2733120000,2.00,0,2678457600,48000000,47040000,24,12,2.50,0,f
20260630,200139,200,201,2004,VHSC-2026-01,2026-04-09,SOLD,2026-05-23,44,f,3638250000,2.00,0,3565485000,45000000,44100000,24,12,2.50,0,f
20260630,200140,200,201,2005,VHSC-2026-01,2026-01-15,SOLD,2026-03-01,45,f,1745700000,2.00,0,1710786000,55000000,53900000,24,12,2.50,0,t
20260630,200141,200,201,2006,VHSC-2026-01,2026-01-07,AVAILABLE,,174,t,3004320000,0.00,0,3004320000,48000000,48000000,24,12,2.50,0,f
20260630,200142,200,201,2007,VHSC-2026-01,2026-02-06,SOLD,2026-03-25,47,f,2705280000,2.00,0,2651174400,48000000,47040000,24,12,2.50,0,f
20260630,200143,200,201,2008,VHSC-2026-01,2026-02-17,SOLD,2026-04-06,48,f,4212900000,2.00,0,4128642000,45000000,44100000,24,12,2.50,0,f
20260630,200144,200,201,2001,VHSC-2026-01,2026-02-28,SOLD,2026-04-18,49,f,1788050000,2.00,0,1752289000,55000000,53900000,24,12,2.50,0,f
20260630,200145,200,201,2002,VHSC-2026-01,2026-03-11,SOLD,2026-04-30,50,f,2228500000,2.00,0,2183930000,50000000,49000000,24,12,2.50,0,f
20260630,200146,200,201,2003,VHSC-2026-01,2026-03-22,SOLD,2026-05-12,51,f,3082080000,2.00,0,3020438400,48000000,47040000,24,12,2.50,0,f
20260630,200147,200,201,2004,VHSC-2026-01,2026-05-17,AVAILABLE,,44,f,3631950000,2.00,0,3559311000,45000000,44100000,24,12,2.50,0,f
20260630,200148,200,201,2005,VHSC-2026-01,2026-01-08,SOLD,2026-03-02,53,f,1738000000,2.00,0,1703240000,55000000,53900000,24,12,2.50,0,f
20260630,200149,200,201,2006,VHSC-2026-01,2026-01-19,SOLD,2026-03-14,54,f,2013000000,2.00,0,1972740000,50000000,49000000,24,12,2.50,0,f
20260630,200150,200,201,2007,VHSC-2026-01,2026-01-30,SOLD,2026-03-26,55,f,3181920000,2.00,0,3118281600,48000000,47040000,24,12,2.50,0,t
20260630,200151,200,201,2008,VHSC-2026-01,2026-02-10,SOLD,2026-04-07,56,f,4059450000,2.00,0,3978261000,45000000,44100000,24,12,2.50,0,f
20260630,200152,200,201,2001,VHSC-2026-01,2026-02-21,SOLD,2026-04-19,57,f,1595550000,2.00,0,1563639000,55000000,53900000,24,12,2.50,0,f
20260630,200153,200,201,2002,VHSC-2026-01,2026-03-04,SOLD,2026-05-01,58,f,2219000000,2.00,0,2174620000,50000000,49000000,24,12,2.50,0,f
20260630,200154,200,201,2003,VHSC-2026-01,2026-03-15,SOLD,2026-05-13,59,f,3096000000,2.00,0,3034080000,48000000,47040000,24,12,2.50,0,f
20260630,200155,200,201,2004,VHSC-2026-01,2026-03-26,SOLD,2026-05-25,60,f,3627450000,2.00,0,3554901000,45000000,44100000,24,12,2.50,0,f
20260630,200156,200,201,2005,VHSC-2026-01,2026-04-06,SOLD,2026-06-06,61,f,1660450000,2.00,0,1627241000,55000000,53900000,24,12,2.50,0,f
20260630,200157,200,201,2006,VHSC-2026-01,2026-01-12,SOLD,2026-03-15,62,f,2274000000,2.00,0,2228520000,50000000,49000000,24,12,2.50,0,f
20260630,200158,200,201,2007,VHSC-2026-01,2026-01-23,SOLD,2026-03-27,63,f,3066720000,2.00,0,3005385600,48000000,47040000,24,12,2.50,0,f
20260630,200159,200,201,2008,VHSC-2026-01,2026-05-18,AVAILABLE,,43,f,3925350000,2.00,0,3846843000,45000000,44100000,24,12,2.50,0,f
20260630,200160,200,201,2001,VHSC-2026-01,2026-05-21,AVAILABLE,,40,f,1641200000,2.00,0,1608376000,55000000,53900000,24,12,2.50,0,t
20260630,200161,200,201,2002,VHSC-2026-01,2026-02-25,SOLD,2026-03-18,21,f,2131500000,2.00,0,2088870000,50000000,49000000,24,12,2.50,0,f
20260630,200162,200,201,2003,VHSC-2026-01,2026-01-19,AVAILABLE,,162,t,3296640000,0.00,0,3296640000,48000000,48000000,24,12,2.50,0,f
20260630,200163,200,201,2004,VHSC-2026-01,2026-03-19,SOLD,2026-04-11,23,f,3934800000,2.00,0,3856104000,45000000,44100000,24,12,2.50,0,f
20260630,200164,200,201,2005,VHSC-2026-01,2026-03-30,SOLD,2026-04-23,24,f,1670350000,2.00,0,1636943000,55000000,53900000,24,12,2.50,0,f
20260630,200165,200,201,2006,VHSC-2026-01,2026-01-05,SOLD,2026-01-30,25,f,1960500000,2.00,0,1921290000,50000000,49000000,24,12,2.50,0,f
20260630,200166,200,201,2007,VHSC-2026-01,2026-01-16,SOLD,2026-02-11,26,f,2806560000,2.00,0,2750428800,48000000,47040000,24,12,2.50,0,f
20260630,200167,200,201,2008,VHSC-2026-01,2026-05-07,AVAILABLE,,54,f,3752550000,2.00,0,3677499000,45000000,44100000,24,12,2.50,0,f
20260630,200168,200,201,2001,VHSC-2026-01,2026-02-07,SOLD,2026-03-07,28,f,1763300000,2.00,0,1728034000,55000000,53900000,24,12,2.50,0,f
20260630,200169,200,201,2002,VHSC-2026-01,2026-02-18,BOOKED,,132,f,2066500000,2.00,0,2025170000,50000000,49000000,24,12,2.50,0,f
20260630,200170,200,201,2003,VHSC-2026-01,2026-03-01,SOLD,2026-03-31,30,f,3144480000,2.00,0,3081590400,48000000,47040000,24,12,2.50,0,t
20260630,200171,200,201,2004,VHSC-2026-01,2026-03-12,SOLD,2026-04-12,31,f,4162500000,2.00,0,4079250000,45000000,44100000,24,12,2.50,0,f
20260630,200172,200,201,2005,VHSC-2026-01,2026-03-23,SOLD,2026-04-24,32,f,1829300000,2.00,0,1792714000,55000000,53900000,24,12,2.50,0,f
20260630,200173,200,201,2006,VHSC-2026-01,2026-04-03,SOLD,2026-05-06,33,f,2312000000,2.00,0,2265760000,50000000,49000000,24,12,2.50,0,f
20260630,200174,200,201,2007,VHSC-2026-01,2026-01-09,SOLD,2026-02-12,34,f,2674080000,2.00,0,2620598400,48000000,47040000,24,12,2.50,0,f
20260630,200175,200,201,2008,VHSC-2026-01,2026-05-31,AVAILABLE,,30,f,4256550000,2.00,0,4171419000,45000000,44100000,24,12,2.50,0,f
20260630,200176,200,201,2001,VHSC-2026-01,2026-01-31,SOLD,2026-03-08,36,f,1672550000,2.00,0,1639099000,55000000,53900000,24,12,2.50,0,f
20260630,200177,200,201,2002,VHSC-2026-01,2026-02-11,SOLD,2026-03-20,37,f,2114500000,2.00,0,2072210000,50000000,49000000,24,12,2.50,0,f
20260630,200178,200,201,2003,VHSC-2026-01,2026-02-22,SOLD,2026-04-01,38,f,2940960000,2.00,0,2882140800,48000000,47040000,24,12,2.50,0,f
20260630,200179,200,201,2004,VHSC-2026-01,2026-03-05,SOLD,2026-04-13,39,f,4243950000,2.00,0,4159071000,45000000,44100000,24,12,2.50,0,f
20260630,200180,200,201,2005,VHSC-2026-01,2026-03-16,SOLD,2026-04-25,40,f,1707200000,2.00,0,1673056000,55000000,53900000,24,12,2.50,0,t
20260630,200181,200,201,2006,VHSC-2026-01,2026-03-27,SOLD,2026-05-07,41,f,1918500000,2.00,0,1880130000,50000000,49000000,24,12,2.50,0,f
20260630,200182,200,201,2007,VHSC-2026-01,2026-05-17,AVAILABLE,,44,f,3119040000,2.00,0,3056659200,48000000,47040000,24,12,2.50,0,f
20260630,200183,200,201,2008,VHSC-2026-01,2026-01-13,SOLD,2026-02-25,43,f,3771450000,2.00,0,3696021000,45000000,44100000,24,12,2.50,0,f
20260630,200184,200,201,2001,VHSC-2026-01,2026-01-24,SOLD,2026-03-09,44,f,1837000000,2.00,0,1800260000,55000000,53900000,24,12,2.50,0,f
20260630,200185,200,201,2002,VHSC-2026-01,2026-02-14,AVAILABLE,,136,t,3054240000,2.00,0,2993155200,48000000,47040000,24,12,2.50,0,f
20260630,200186,200,201,2003,VHSC-2026-01,2026-02-15,SOLD,2026-04-02,46,f,2805600000,2.00,0,2749488000,48000000,47040000,24,12,2.50,0,f
20260630,200187,200,201,2004,VHSC-2026-01,2026-01-14,AVAILABLE,,167,t,4230000000,2.00,0,4145400000,45000000,44100000,24,12,2.50,0,f
20260630,200188,200,201,2005,VHSC-2026-01,2026-03-09,BOOKED,,113,f,1592800000,2.00,0,1560944000,55000000,53900000,24,12,2.50,0,f
20260630,200189,200,201,2006,VHSC-2026-01,2026-03-20,SOLD,2026-05-08,49,f,2223000000,2.00,0,2178540000,50000000,49000000,24,12,2.50,0,f
20260630,200190,200,201,2007,VHSC-2026-01,2026-03-31,SOLD,2026-05-20,50,f,3123840000,2.00,0,3061363200,48000000,47040000,24,12,2.50,0,t
20260630,200191,200,201,2008,VHSC-2026-01,2026-01-06,SOLD,2026-02-26,51,f,3672900000,2.00,0,3599442000,45000000,44100000,24,12,2.50,0,f
20260630,200192,200,201,2001,VHSC-2026-01,2026-01-17,SOLD,2026-03-10,52,f,1590050000,2.00,0,1558249000,55000000,53900000,24,12,2.50,0,f
20260630,200193,200,201,2002,VHSC-2026-01,2026-01-28,SOLD,2026-03-22,53,f,2323000000,2.00,0,2276540000,50000000,49000000,24,12,2.50,0,f
20260630,200194,200,201,2003,VHSC-2026-01,2026-02-08,SOLD,2026-04-03,54,f,2947680000,2.00,0,2888726400,48000000,47040000,24,12,2.50,0,f
20260630,200195,200,201,2004,VHSC-2026-01,2026-02-19,SOLD,2026-04-15,55,f,4010850000,2.00,0,3930633000,45000000,44100000,24,12,2.50,0,f
20260630,200196,200,201,2005,VHSC-2026-01,2026-03-02,SOLD,2026-04-27,56,f,1586750000,2.00,0,1555015000,55000000,53900000,24,12,2.50,0,f
20260630,200197,200,201,2006,VHSC-2026-01,2026-03-13,SOLD,2026-05-09,57,f,2199500000,2.00,0,2155510000,50000000,49000000,24,12,2.50,0,f
20260630,200198,200,201,2007,VHSC-2026-01,2026-03-24,SOLD,2026-05-21,58,f,3042720000,2.00,0,2981865600,48000000,47040000,24,12,2.50,0,f
20260630,200199,200,201,2008,VHSC-2026-01,2026-04-04,BOOKED,,87,f,4003200000,2.00,0,3923136000,45000000,44100000,24,12,2.50,0,f
20260630,200200,200,201,2001,VHSC-2026-01,2026-01-10,SOLD,2026-03-11,60,f,1814450000,2.00,0,1778161000,55000000,53900000,24,12,2.50,0,t
20260630,200201,200,201,2002,VHSC-2026-01,2026-01-22,AVAILABLE,,159,t,2955840000,2.00,0,2896723200,48000000,47040000,12,12,2.50,0,f
20260630,200202,200,201,2003,VHSC-2026-01,2026-02-01,SOLD,2026-04-04,62,f,3209280000,2.00,0,3145094400,48000000,47040000,24,12,2.50,0,f
20260630,200203,200,201,2004,VHSC-2026-01,2026-02-12,SOLD,2026-04-16,63,f,3917700000,2.00,0,3839346000,45000000,44100000,24,12,2.50,0,f
20260630,200204,200,201,2005,VHSC-2026-01,2026-02-12,AVAILABLE,,138,t,3805800000,0.00,0,3805800000,60000000,60000000,24,12,2.50,0,f
20260630,200205,200,201,2006,VHSC-2026-01,2026-03-06,SOLD,2026-03-26,20,f,2395500000,2.00,0,2347590000,50000000,49000000,24,12,2.50,0,f
20260630,200206,200,201,2007,VHSC-2026-01,2026-03-17,SOLD,2026-04-07,21,f,2785920000,2.00,0,2730201600,48000000,47040000,24,12,2.50,0,f
20260630,200207,200,201,2008,VHSC-2026-01,2026-05-22,AVAILABLE,,39,f,3860550000,2.00,0,3783339000,45000000,44100000,24,12,2.50,0,f
20260630,200208,200,201,2001,VHSC-2026-01,2026-04-08,SOLD,2026-05-01,23,f,1859550000,2.00,0,1822359000,55000000,53900000,24,12,2.50,0,f
20260630,200209,200,201,2002,VHSC-2026-01,2026-01-14,SOLD,2026-02-07,24,f,2158000000,2.00,0,2114840000,50000000,49000000,24,12,2.50,0,f
20260630,200210,200,201,2003,VHSC-2026-01,2026-01-25,SOLD,2026-02-19,25,f,3308640000,2.00,0,3242467200,48000000,47040000,24,12,2.50,0,t
20260630,200211,200,201,2004,VHSC-2026-01,2026-06-03,AVAILABLE,,27,f,4113900000,2.00,0,4031622000,45000000,44100000,24,12,2.50,0,f
20260630,200212,200,201,2005,VHSC-2026-01,2026-02-16,SOLD,2026-03-15,27,f,1791900000,2.00,0,1756062000,55000000,53900000,24,12,2.50,0,f
20260630,200213,200,201,2006,VHSC-2026-01,2026-02-27,SOLD,2026-03-27,28,f,1911500000,2.00,0,1873270000,50000000,49000000,24,12,2.50,0,f
20260630,200214,200,201,2007,VHSC-2026-01,2026-05-08,AVAILABLE,,53,f,2755680000,2.00,0,2700566400,48000000,47040000,24,12,2.50,0,f
20260630,200215,200,201,2008,VHSC-2026-01,2026-05-11,AVAILABLE,,50,f,3820500000,2.00,0,3744090000,45000000,44100000,24,12,2.50,0,f
20260630,200216,200,201,2001,VHSC-2026-01,2026-04-01,SOLD,2026-05-02,31,f,1844150000,2.00,0,1807267000,55000000,53900000,24,12,2.50,0,f
20260630,200217,200,201,2002,VHSC-2026-01,2026-01-07,SOLD,2026-02-08,32,f,2390500000,2.00,0,2342690000,50000000,49000000,24,12,2.50,0,f
20260630,200218,200,201,2003,VHSC-2026-01,2026-05-20,AVAILABLE,,41,f,3145920000,2.00,0,3083001600,48000000,47040000,24,12,2.50,0,f
20260630,200219,200,201,2004,VHSC-2026-01,2026-01-29,SOLD,2026-03-04,34,f,3723300000,2.00,0,3648834000,45000000,44100000,24,12,2.50,0,f
20260630,200220,200,201,2005,VHSC-2026-01,2026-02-09,SOLD,2026-03-16,35,f,1630750000,2.00,0,1598135000,55000000,53900000,24,12,2.50,0,t
20260630,200221,200,201,2006,VHSC-2026-01,2026-02-20,SOLD,2026-03-28,36,f,2371500000,2.00,0,2324070000,50000000,49000000,24,12,2.50,0,f
20260630,200222,200,201,2007,VHSC-2026-01,2026-03-03,SOLD,2026-04-09,37,f,3236640000,2.00,0,3171907200,48000000,47040000,24,12,2.50,0,f
20260630,200223,200,201,2008,VHSC-2026-01,2026-03-14,SOLD,2026-04-21,38,f,4245750000,2.00,0,4160835000,45000000,44100000,24,12,2.50,0,f
20260630,200224,200,201,2001,VHSC-2026-01,2026-03-25,SOLD,2026-05-03,39,f,1780900000,2.00,0,1745282000,55000000,53900000,24,12,2.50,0,f
20260630,200225,200,201,2002,VHSC-2026-01,2026-04-05,BOOKED,,86,f,2222000000,2.00,0,2177560000,50000000,49000000,24,12,2.50,0,f
20260630,200226,200,201,2003,VHSC-2026-01,2026-01-11,BOOKED,,170,f,3348000000,2.00,0,3281040000,48000000,47040000,24,12,2.50,0,f
20260630,200227,200,201,2004,VHSC-2026-01,2026-01-22,SOLD,2026-03-05,42,f,4170150000,2.00,0,4086747000,45000000,44100000,24,12,2.50,0,f
20260630,200228,200,201,2005,VHSC-2026-01,2026-02-02,SOLD,2026-03-17,43,f,1915650000,2.00,0,1877337000,55000000,53900000,24,12,2.50,0,f
20260630,200229,200,201,2006,VHSC-2026-01,2026-02-13,SOLD,2026-03-29,44,f,2188500000,2.00,0,2144730000,50000000,49000000,24,12,2.50,0,f
20260630,200230,200,201,2007,VHSC-2026-01,2026-02-24,SOLD,2026-04-10,45,f,3120480000,2.00,0,3058070400,48000000,47040000,24,12,2.50,0,t
20260630,200231,200,201,2008,VHSC-2026-01,2026-03-07,SOLD,2026-04-22,46,f,3881700000,2.00,0,3804066000,45000000,44100000,24,12,2.50,0,f
20260630,200232,200,201,2001,VHSC-2026-01,2026-03-18,SOLD,2026-05-04,47,f,1642300000,2.00,0,1609454000,55000000,53900000,24,12,2.50,0,f
20260630,200233,200,201,2002,VHSC-2026-01,2026-03-29,SOLD,2026-05-16,48,f,2084000000,2.00,0,2042320000,50000000,49000000,24,12,2.50,0,f
20260630,200234,200,201,2003,VHSC-2026-01,2026-04-09,SOLD,2026-05-28,49,f,3105600000,2.00,0,3043488000,48000000,47040000,24,12,2.50,0,f
20260630,200235,200,201,2004,VHSC-2026-01,2026-01-15,SOLD,2026-03-06,50,f,4182300000,2.00,0,4098654000,45000000,44100000,24,12,2.50,0,f
20260630,200236,200,201,2005,VHSC-2026-01,2026-02-11,AVAILABLE,,139,t,3275040000,0.00,0,3275040000,48000000,48000000,24,12,2.50,0,f
20260630,200237,200,201,2006,VHSC-2026-01,2026-05-07,AVAILABLE,,54,f,2141500000,2.00,0,2098670000,50000000,49000000,24,12,2.50,0,f
20260630,200238,200,201,2007,VHSC-2026-01,2026-02-17,SOLD,2026-04-11,53,f,3005760000,2.00,0,2945644800,48000000,47040000,24,12,2.50,0,f
20260630,200239,200,201,2008,VHSC-2026-01,2026-05-13,AVAILABLE,,48,f,3948750000,2.00,0,3869775000,45000000,44100000,24,12,2.50,0,f
20260630,200240,200,201,2001,VHSC-2026-01,2026-03-11,SOLD,2026-05-05,55,f,1717650000,2.00,0,1683297000,55000000,53900000,24,12,2.50,0,t
20260630,200241,200,201,2002,VHSC-2026-01,2026-03-22,SOLD,2026-05-17,56,f,2340000000,2.00,0,2293200000,50000000,49000000,24,12,2.50,0,f
20260630,200242,200,201,2003,VHSC-2026-01,2026-04-02,SOLD,2026-05-29,57,f,3181920000,2.00,0,3118281600,48000000,47040000,24,12,2.50,0,f
20260630,200243,200,201,2004,VHSC-2026-01,2026-05-25,AVAILABLE,,36,f,3663000000,2.00,0,3589740000,45000000,44100000,24,12,2.50,0,f
20260630,200244,200,201,2005,VHSC-2026-01,2026-05-28,AVAILABLE,,33,f,1901900000,2.00,0,1863862000,55000000,53900000,24,12,2.50,0,f
20260630,200245,200,201,2006,VHSC-2026-01,2026-01-30,SOLD,2026-03-31,60,f,2077500000,2.00,0,2035950000,50000000,49000000,24,12,2.50,0,f
20260630,200246,200,201,2007,VHSC-2026-01,2026-01-22,AVAILABLE,,159,t,2010000000,2.00,0,1969800000,50000000,49000000,24,12,1.20,0,f
20260630,200247,200,201,2008,VHSC-2026-01,2026-02-21,SOLD,2026-04-24,62,f,3973950000,2.00,0,3894471000,45000000,44100000,24,12,2.50,0,f
20260630,200248,200,201,2001,VHSC-2026-01,2026-03-04,SOLD,2026-05-06,63,f,1635700000,2.00,0,1602986000,55000000,53900000,24,12,2.50,0,f
20260630,200249,200,201,2002,VHSC-2026-01,2026-05-08,AVAILABLE,,53,f,2029500000,2.00,0,1988910000,50000000,49000000,24,12,2.50,0,f
20260630,200250,200,201,2003,VHSC-2026-01,2026-03-26,SOLD,2026-04-15,20,f,3147360000,2.00,0,3084412800,48000000,47040000,24,12,2.50,0,t
20260630,200251,200,201,2004,VHSC-2026-01,2026-04-06,SOLD,2026-04-27,21,f,4263750000,2.00,0,4178475000,45000000,44100000,24,12,2.50,0,f
20260630,200252,200,201,2005,VHSC-2026-01,2026-01-12,SOLD,2026-02-03,22,f,1577400000,2.00,0,1545852000,55000000,53900000,24,12,2.50,0,f
20260630,200253,200,201,2006,VHSC-2026-01,2026-01-23,SOLD,2026-02-15,23,f,1968500000,2.00,0,1929130000,50000000,49000000,24,12,2.50,0,f
20260630,200254,200,201,2007,VHSC-2026-01,2026-02-02,AVAILABLE,,148,t,3716400000,0.00,0,3716400000,60000000,60000000,24,12,2.50,0,f
20260630,200255,200,201,2008,VHSC-2026-01,2026-02-14,SOLD,2026-03-11,25,f,3773700000,2.00,0,3698226000,45000000,44100000,24,12,2.50,0,f
20260630,200256,200,201,2001,VHSC-2026-01,2026-02-25,SOLD,2026-03-23,26,f,1834800000,2.00,0,1798104000,55000000,53900000,24,12,2.50,0,f
20260630,200257,200,201,2002,VHSC-2026-01,2026-03-08,BOOKED,,114,f,2081500000,2.00,0,2039870000,50000000,49000000,24,12,2.50,0,f
20260630,200258,200,201,2003,VHSC-2026-01,2026-03-19,SOLD,2026-04-16,28,f,2713920000,2.00,0,2659641600,48000000,47040000,24,12,2.50,0,f
20260630,200259,200,201,2004,VHSC-2026-01,2026-01-23,AVAILABLE,,158,t,2844480000,0.00,0,2844480000,48000000,48000000,24,12,2.50,0,f
20260630,200260,200,201,2005,VHSC-2026-01,2026-01-05,SOLD,2026-02-04,30,f,1617550000,2.00,0,1585199000,55000000,53900000,24,12,2.50,0,t
20260630,200261,200,201,2006,VHSC-2026-01,2026-05-09,AVAILABLE,,52,f,2389500000,2.00,0,2341710000,50000000,49000000,24,12,2.50,0,f
20260630,200262,200,201,2007,VHSC-2026-01,2026-01-27,SOLD,2026-02-28,32,f,2652000000,2.00,0,2598960000,48000000,47040000,24,12,2.50,0,f
20260630,200263,200,201,2008,VHSC-2026-01,2026-02-07,SOLD,2026-03-12,33,f,3759750000,2.00,0,3684555000,45000000,44100000,24,12,2.50,0,f
20260630,200264,200,201,2001,VHSC-2026-01,2026-02-18,SOLD,2026-03-24,34,f,1547700000,2.00,0,1516746000,55000000,53900000,24,12,2.50,0,f
20260630,200265,200,201,2002,VHSC-2026-01,2026-03-01,BOOKED,,121,f,2214500000,2.00,0,2170210000,50000000,49000000,24,12,2.50,0,f
20260630,200266,200,201,2003,VHSC-2026-01,2026-03-12,SOLD,2026-04-17,36,f,3260160000,2.00,0,3194956800,48000000,47040000,24,12,2.50,0,f
20260630,200267,200,201,2004,VHSC-2026-01,2026-03-23,SOLD,2026-04-29,37,f,4157100000,2.00,0,4073958000,45000000,44100000,24,12,2.50,0,f
20260630,200268,200,201,2005,VHSC-2026-01,2026-04-03,SOLD,2026-05-11,38,f,1758350000,2.00,0,1723183000,55000000,53900000,24,12,2.50,0,f
20260630,200269,200,201,2006,VHSC-2026-01,2026-06-02,AVAILABLE,,28,f,2202500000,2.00,0,2158450000,50000000,49000000,24,12,2.50,0,f
20260630,200270,200,201,2007,VHSC-2026-01,2026-01-20,SOLD,2026-03-01,40,f,2769120000,2.00,0,2713737600,48000000,47040000,24,12,2.50,0,t
20260630,200271,200,201,2008,VHSC-2026-01,2026-01-31,SOLD,2026-03-13,41,f,4159350000,2.00,0,4076163000,45000000,44100000,24,12,2.50,0,f
20260630,200272,200,201,2001,VHSC-2026-01,2026-05-07,AVAILABLE,,54,f,1549900000,2.00,0,1518902000,55000000,53900000,24,12,2.50,0,f
20260630,200273,200,201,2002,VHSC-2026-01,2026-02-22,SOLD,2026-04-06,43,f,1935500000,2.00,0,1896790000,50000000,49000000,24,12,2.50,0,f
20260630,200274,200,201,2003,VHSC-2026-01,2026-03-05,SOLD,2026-04-18,44,f,2972640000,2.00,0,2913187200,48000000,47040000,24,12,2.50,0,f
20260630,200275,200,201,2004,VHSC-2026-01,2026-05-16,AVAILABLE,,45,f,4111200000,2.00,0,4028976000,45000000,44100000,24,12,2.50,0,f
20260630,200276,200,201,2005,VHSC-2026-01,2026-01-07,AVAILABLE,,174,t,4230000000,2.00,0,4145400000,45000000,44100000,24,12,2.50,0,f
20260630,200277,200,201,2006,VHSC-2026-01,2026-04-07,BOOKED,,84,f,1919000000,2.00,0,1880620000,50000000,49000000,24,12,2.50,0,f
20260630,200278,200,201,2007,VHSC-2026-01,2026-01-21,AVAILABLE,,160,t,1942500000,2.00,0,1903650000,50000000,49000000,24,12,1.20,0,f
20260630,200279,200,201,2008,VHSC-2026-01,2026-01-28,AVAILABLE,,153,t,3986400000,0.00,0,3986400000,60000000,60000000,24,12,2.50,0,f
20260630,200280,200,201,2001,VHSC-2026-01,2026-02-04,AVAILABLE,,146,t,2765760000,2.00,0,2710444800,48000000,47040000,12,12,1.20,0,t
20260630,200281,200,201,2002,VHSC-2026-01,2026-02-15,SOLD,2026-04-07,51,f,2293500000,2.00,0,2247630000,50000000,49000000,24,12,2.50,0,f
20260630,200282,200,201,2003,VHSC-2026-01,2026-02-26,SOLD,2026-04-19,52,f,2652000000,2.00,0,2598960000,48000000,47040000,24,12,2.50,0,f
20260630,200283,200,201,2004,VHSC-2026-01,2026-01-11,AVAILABLE,,170,t,4230000000,2.00,0,4145400000,45000000,44100000,24,12,2.50,0,f
20260630,200284,200,201,2005,VHSC-2026-01,2026-03-20,SOLD,2026-05-13,54,f,1699500000,2.00,0,1665510000,55000000,53900000,24,12,2.50,0,f
20260630,200285,200,201,2006,VHSC-2026-01,2026-05-11,AVAILABLE,,50,f,1945500000,2.00,0,1906590000,50000000,49000000,24,12,2.50,0,f
20260630,200286,200,201,2007,VHSC-2026-01,2026-05-14,AVAILABLE,,47,f,2893920000,2.00,0,2836041600,48000000,47040000,24,12,2.50,0,f
20260630,200287,200,201,2008,VHSC-2026-01,2026-01-17,SOLD,2026-03-15,57,f,4179600000,2.00,0,4096008000,45000000,44100000,24,12,2.50,0,f
20260630,200288,200,201,2001,VHSC-2026-01,2026-02-15,AVAILABLE,,135,t,3531000000,0.00,0,3531000000,60000000,60000000,24,12,2.50,0,f
20260630,200289,200,201,2002,VHSC-2026-01,2026-01-08,AVAILABLE,,173,t,4230000000,2.00,0,4145400000,45000000,44100000,24,12,2.50,0,f
20260630,200290,200,201,2003,VHSC-2026-01,2026-02-19,SOLD,2026-04-20,60,f,2785920000,2.00,0,2730201600,48000000,47040000,24,12,2.50,0,t
20260630,200291,200,201,2004,VHSC-2026-01,2026-03-02,SOLD,2026-05-02,61,f,3707550000,2.00,0,3633399000,45000000,44100000,24,12,2.50,0,f
20260630,200292,200,201,2005,VHSC-2026-01,2026-01-29,AVAILABLE,,152,t,3873520000,0.00,0,3873520000,56000000,56000000,24,12,1.20,0,f
20260630,200293,200,201,2006,VHSC-2026-01,2026-03-24,SOLD,2026-05-26,63,f,2066000000,2.00,0,2024680000,50000000,49000000,24,12,2.50,0,f
20260630,200294,200,201,2007,VHSC-2026-01,2026-04-04,SOLD,2026-06-07,64,f,2983200000,2.00,0,2923536000,48000000,47040000,24,12,2.50,0,f
20260630,200295,200,201,2008,VHSC-2026-01,2026-01-10,SOLD,2026-01-30,20,f,4243950000,2.00,0,4159071000,45000000,44100000,24,12,2.50,0,f
20260630,200296,200,201,2001,VHSC-2026-01,2026-05-09,AVAILABLE,,52,f,1571350000,2.00,0,1539923000,55000000,53900000,24,12,2.50,0,f
20260630,200297,200,201,2002,VHSC-2026-01,2026-02-01,SOLD,2026-02-23,22,f,2009000000,2.00,0,1968820000,50000000,49000000,24,12,2.50,0,f
20260630,200298,200,201,2003,VHSC-2026-01,2026-01-26,AVAILABLE,,155,t,4230000000,2.00,0,4145400000,45000000,44100000,24,12,1.20,0,f
20260630,200299,200,201,2004,VHSC-2026-01,2026-02-23,BOOKED,,127,f,4248000000,2.00,0,4163040000,45000000,44100000,24,12,2.50,0,f
20260630,200300,200,201,2005,VHSC-2026-01,2026-02-09,AVAILABLE,,141,t,2891520000,2.00,0,2833689600,48000000,47040000,24,12,2.50,0,t
20260630,200301,200,201,2006,VHSC-2026-01,2026-03-17,SOLD,2026-04-12,26,f,2001000000,2.00,0,1960980000,50000000,49000000,24,12,2.50,0,f
20260630,200302,200,201,2007,VHSC-2026-01,2026-05-27,AVAILABLE,,34,f,2925120000,2.00,0,2866617600,48000000,47040000,24,12,2.50,0,f
20260630,200303,200,201,2008,VHSC-2026-01,2026-01-16,AVAILABLE,,165,t,2998560000,2.00,0,2938588800,48000000,47040000,12,12,2.50,0,f
20260630,200304,200,201,2001,VHSC-2026-01,2026-01-14,SOLD,2026-02-12,29,f,1587300000,2.00,0,1555554000,55000000,53900000,24,12,2.50,0,f
20260630,200305,200,201,2002,VHSC-2026-01,2026-01-25,SOLD,2026-02-24,30,f,2046500000,2.00,0,2005570000,50000000,49000000,24,12,2.50,0,f
20260630,200306,200,201,2003,VHSC-2026-01,2026-02-05,SOLD,2026-03-08,31,f,3149280000,2.00,0,3086294400,48000000,47040000,24,12,2.50,0,f
20260630,200307,200,201,2004,VHSC-2026-01,2026-02-16,SOLD,2026-03-20,32,f,4194450000,2.00,0,4110561000,45000000,44100000,24,12,2.50,0,f
20260630,200308,200,201,2005,VHSC-2026-01,2026-02-27,SOLD,2026-04-01,33,f,1766050000,2.00,0,1730729000,55000000,53900000,24,12,2.50,0,f
20260630,200309,200,201,2006,VHSC-2026-01,2026-03-10,SOLD,2026-04-13,34,f,2315500000,2.00,0,2269190000,50000000,49000000,24,12,2.50,0,f
20260630,200310,200,201,2007,VHSC-2026-01,2026-03-21,SOLD,2026-04-25,35,f,2970720000,2.00,0,2911305600,48000000,47040000,24,12,2.50,0,t
20260630,200311,200,201,2008,VHSC-2026-01,2026-05-19,AVAILABLE,,42,f,3780000000,2.00,0,3704400000,45000000,44100000,24,12,2.50,0,f
20260630,200312,200,201,2001,VHSC-2026-01,2026-01-07,SOLD,2026-02-13,37,f,1637350000,2.00,0,1604603000,55000000,53900000,24,12,2.50,0,f
20260630,200313,200,201,2002,VHSC-2026-01,2026-01-18,BOOKED,,163,f,2009500000,2.00,0,1969310000,50000000,49000000,24,12,2.50,0,f
20260630,200314,200,201,2003,VHSC-2026-01,2026-01-29,BOOKED,,152,f,3296160000,2.00,0,3230236800,48000000,47040000,24,12,2.50,0,f
20260630,200315,200,201,2004,VHSC-2026-01,2026-01-10,AVAILABLE,,171,t,4230000000,2.00,0,4145400000,45000000,44100000,24,12,2.50,0,f
20260630,200316,200,201,2005,VHSC-2026-01,2026-06-03,AVAILABLE,,27,f,1673100000,2.00,0,1639638000,55000000,53900000,24,12,2.50,0,f
20260630,200317,200,201,2006,VHSC-2026-01,2026-03-03,SOLD,2026-04-14,42,f,1968500000,2.00,0,1929130000,50000000,49000000,24,12,2.50,0,f
20260630,200318,200,201,2007,VHSC-2026-01,2026-05-05,AVAILABLE,,56,f,2679360000,2.00,0,2625772800,48000000,47040000,24,12,2.50,0,f
20260630,200319,200,201,2008,VHSC-2026-01,2026-02-07,AVAILABLE,,143,t,3154480000,0.00,0,3154480000,56000000,56000000,24,12,2.50,0,f
20260630,200320,200,201,2001,VHSC-2026-01,2026-04-05,SOLD,2026-05-20,45,f,1558150000,2.00,0,1526987000,55000000,53900000,24,12,2.50,0,t
20260630,200321,200,201,2002,VHSC-2026-01,2026-01-11,SOLD,2026-02-26,46,f,2111000000,2.00,0,2068780000,50000000,49000000,24,12,2.50,0,f
20260630,200322,200,201,2003,VHSC-2026-01,2026-01-14,AVAILABLE,,167,t,2746080000,0.00,0,2746080000,48000000,48000000,24,12,1.20,0,f
20260630,200323,200,201,2004,VHSC-2026-01,2026-02-02,SOLD,2026-03-22,48,f,3763800000,2.00,0,3688524000,45000000,44100000,24,12,2.50,0,f
20260630,200324,200,201,2005,VHSC-2026-01,2026-02-13,BOOKED,,137,f,1547150000,2.00,0,1516207000,55000000,53900000,24,12,2.50,0,f
20260630,200325,200,201,2006,VHSC-2026-01,2026-02-04,AVAILABLE,,146,t,2740320000,2.00,0,2685513600,48000000,47040000,24,12,2.50,0,f
20260630,200326,200,201,2007,VHSC-2026-01,2026-05-29,AVAILABLE,,32,f,2645760000,2.00,0,2592844800,48000000,47040000,24,12,2.50,0,f
20260630,200327,200,201,2008,VHSC-2026-01,2026-03-18,SOLD,2026-05-09,52,f,3760650000,2.00,0,3685437000,45000000,44100000,24,12,2.50,0,f
20260630,200328,200,201,2001,VHSC-2026-01,2026-06-04,AVAILABLE,,26,f,1736900000,2.00,0,1702162000,55000000,53900000,24,12,2.50,0,f
20260630,200329,200,201,2002,VHSC-2026-01,2026-04-09,SOLD,2026-06-02,54,f,2302000000,2.00,0,2255960000,50000000,49000000,24,12,2.50,0,f
20260630,200330,200,201,2003,VHSC-2026-01,2026-01-15,SOLD,2026-03-11,55,f,3301440000,2.00,0,3235411200,48000000,47040000,24,12,2.50,0,t
20260630,200331,200,201,2004,VHSC-2026-01,2026-01-26,SOLD,2026-03-23,56,f,4171950000,2.00,0,4088511000,45000000,44100000,24,12,2.50,0,f
20260630,200332,200,201,2005,VHSC-2026-01,2026-02-06,SOLD,2026-04-04,57,f,1729200000,2.00,0,1694616000,55000000,53900000,24,12,2.50,0,f
20260630,200333,200,201,2006,VHSC-2026-01,2026-02-15,AVAILABLE,,135,t,3300000000,0.00,0,3300000000,48000000,48000000,24,12,2.50,0,f
20260630,200334,200,201,2007,VHSC-2026-01,2026-02-28,SOLD,2026-04-28,59,f,3202080000,2.00,0,3138038400,48000000,47040000,24,12,2.50,0,f
20260630,200335,200,201,2008,VHSC-2026-01,2026-03-11,SOLD,2026-05-10,60,f,3999150000,2.00,0,3919167000,45000000,44100000,24,12,2.50,0,f
20260630,200336,200,201,2001,VHSC-2026-01,2026-03-22,SOLD,2026-05-22,61,f,1676950000,2.00,0,1643411000,55000000,53900000,24,12,2.50,0,f
20260630,200337,200,201,2002,VHSC-2026-01,2026-04-02,SOLD,2026-06-03,62,f,2176500000,2.00,0,2132970000,50000000,49000000,24,12,2.50,0,f
20260630,200338,200,201,2003,VHSC-2026-01,2026-01-08,SOLD,2026-03-12,63,f,3271680000,2.00,0,3206246400,48000000,47040000,24,12,2.50,0,f
20260630,200339,200,201,2004,VHSC-2026-01,2026-01-19,SOLD,2026-03-24,64,f,3990600000,2.00,0,3910788000,45000000,44100000,24,12,2.50,0,f
20260630,200340,200,201,2005,VHSC-2026-01,2026-01-30,SOLD,2026-02-19,20,f,1721500000,2.00,0,1687070000,55000000,53900000,24,12,2.50,0,t
20260630,200341,200,201,2006,VHSC-2026-01,2026-02-10,SOLD,2026-03-03,21,f,2027000000,2.00,0,1986460000,50000000,49000000,24,12,2.50,0,f
20260630,200342,200,201,2007,VHSC-2026-01,2026-02-21,SOLD,2026-03-15,22,f,3239040000,2.00,0,3174259200,48000000,47040000,24,12,2.50,0,f
20260630,200343,200,201,2008,VHSC-2026-01,2026-03-04,SOLD,2026-03-27,23,f,3765600000,2.00,0,3690288000,45000000,44100000,24,12,2.50,0,f
20260630,200344,200,201,2001,VHSC-2026-01,2026-03-15,SOLD,2026-04-08,24,f,1741850000,2.00,0,1707013000,55000000,53900000,24,12,2.50,0,f
20260630,200345,200,201,2002,VHSC-2026-01,2026-03-26,SOLD,2026-04-20,25,f,2057500000,2.00,0,2016350000,50000000,49000000,24,12,2.50,0,f
20260630,200346,200,201,2003,VHSC-2026-01,2026-04-06,SOLD,2026-05-02,26,f,2792640000,2.00,0,2736787200,48000000,47040000,24,12,2.50,0,f
20260630,200347,200,201,2004,VHSC-2026-01,2026-01-09,AVAILABLE,,172,t,3231360000,0.00,0,3231360000,48000000,48000000,24,12,2.50,0,f
20260630,200348,200,201,2005,VHSC-2026-01,2026-01-23,SOLD,2026-02-20,28,f,1668700000,2.00,0,1635326000,55000000,53900000,24,12,2.50,0,f
20260630,200349,200,201,2006,VHSC-2026-01,2026-05-28,AVAILABLE,,33,f,2352500000,2.00,0,2305450000,50000000,49000000,24,12,2.50,0,f
20260630,200350,200,201,2007,VHSC-2026-01,2026-02-14,SOLD,2026-03-16,30,f,2844960000,2.00,0,2788060800,48000000,47040000,24,12,2.50,0,t
20260630,200351,200,201,2008,VHSC-2026-01,2026-02-25,SOLD,2026-03-28,31,f,3628800000,2.00,0,3556224000,45000000,44100000,24,12,2.50,0,f
20260630,200352,200,201,2001,VHSC-2026-01,2026-03-08,SOLD,2026-04-09,32,f,1835900000,2.00,0,1799182000,55000000,53900000,24,12,2.50,0,f
20260630,200353,200,201,2002,VHSC-2026-01,2026-05-05,AVAILABLE,,56,f,2279000000,2.00,0,2233420000,50000000,49000000,24,12,2.50,0,f
20260630,200354,200,201,2003,VHSC-2026-01,2026-03-30,SOLD,2026-05-03,34,f,3077280000,2.00,0,3015734400,48000000,47040000,24,12,2.50,0,f
20260630,200355,200,201,2004,VHSC-2026-01,2026-01-05,BOOKED,,176,f,3754800000,2.00,0,3679704000,45000000,44100000,24,12,2.50,0,f
20260630,200356,200,201,2005,VHSC-2026-01,2026-01-16,SOLD,2026-02-21,36,f,1799050000,2.00,0,1763069000,55000000,53900000,24,12,2.50,0,f
20260630,200357,200,201,2006,VHSC-2026-01,2026-01-27,SOLD,2026-03-05,37,f,2350000000,2.00,0,2303000000,50000000,49000000,24,12,2.50,0,f
20260630,200358,200,201,2007,VHSC-2026-01,2026-02-07,SOLD,2026-03-17,38,f,2857440000,2.00,0,2800291200,48000000,47040000,24,12,2.50,0,f
20260630,200359,200,201,2008,VHSC-2026-01,2026-02-18,SOLD,2026-03-29,39,f,4117500000,2.00,0,4035150000,45000000,44100000,24,12,2.50,0,f
20260630,200360,200,201,2001,VHSC-2026-01,2026-05-26,AVAILABLE,,35,f,1838650000,2.00,0,1801877000,55000000,53900000,24,12,2.50,0,t
20260630,200361,200,201,2002,VHSC-2026-01,2026-05-29,AVAILABLE,,32,f,2031000000,2.00,0,1990380000,50000000,49000000,24,12,2.50,0,f
20260630,200362,200,201,2003,VHSC-2026-01,2026-03-23,SOLD,2026-05-04,42,f,2949120000,2.00,0,2890137600,48000000,47040000,24,12,2.50,0,f
20260630,200363,200,201,2004,VHSC-2026-01,2026-04-03,SOLD,2026-05-16,43,f,4180500000,2.00,0,4096890000,45000000,44100000,24,12,2.50,0,f
20260630,200364,200,201,2005,VHSC-2026-01,2026-02-07,AVAILABLE,,143,t,3729600000,0.00,0,3729600000,60000000,60000000,24,12,1.20,0,f
20260630,200365,200,201,2006,VHSC-2026-01,2026-02-14,AVAILABLE,,136,t,3757200000,0.00,0,3757200000,60000000,60000000,24,12,2.50,0,f
20260630,200366,200,201,2007,VHSC-2026-01,2026-01-31,SOLD,2026-03-18,46,f,3119520000,2.00,0,3057129600,48000000,47040000,24,12,2.50,0,f
20260630,200367,200,201,2008,VHSC-2026-01,2026-02-11,BOOKED,,139,f,3613950000,2.00,0,3541671000,45000000,44100000,24,12,2.50,0,f
20260630,200368,200,201,2001,VHSC-2026-01,2026-01-21,AVAILABLE,,160,t,2756160000,0.00,0,2756160000,48000000,48000000,24,12,2.50,0,f
20260630,200369,200,201,2002,VHSC-2026-01,2026-03-05,SOLD,2026-04-23,49,f,2254500000,2.00,0,2209410000,50000000,49000000,24,12,2.50,0,f
20260630,200370,200,201,2003,VHSC-2026-01,2026-03-16,SOLD,2026-05-05,50,f,3028800000,2.00,0,2968224000,48000000,47040000,24,12,2.50,0,t
20260630,200371,200,201,2004,VHSC-2026-01,2026-03-27,SOLD,2026-05-17,51,f,3720150000,2.00,0,3645747000,45000000,44100000,24,12,2.50,0,f
20260630,200372,200,201,2005,VHSC-2026-01,2026-04-07,SOLD,2026-05-29,52,f,1763850000,2.00,0,1728573000,55000000,53900000,24,12,2.50,0,f
20260630,200373,200,201,2006,VHSC-2026-01,2026-01-13,SOLD,2026-03-07,53,f,2058000000,2.00,0,2016840000,50000000,49000000,24,12,2.50,0,f
20260630,200374,200,201,2007,VHSC-2026-01,2026-06-02,AVAILABLE,,28,f,2727840000,2.00,0,2673283200,48000000,47040000,24,12,2.50,0,f
20260630,200375,200,201,2008,VHSC-2026-01,2026-02-04,SOLD,2026-03-31,55,f,4209750000,2.00,0,4125555000,45000000,44100000,24,12,2.50,0,f
20260630,200376,200,201,2001,VHSC-2026-01,2026-02-15,SOLD,2026-04-12,56,f,1560350000,2.00,0,1529143000,55000000,53900000,24,12,2.50,0,f
20260630,200377,200,201,2002,VHSC-2026-01,2026-02-26,SOLD,2026-04-24,57,f,2001000000,2.00,0,1960980000,50000000,49000000,24,12,2.50,0,f
20260630,200378,200,201,2003,VHSC-2026-01,2026-03-09,SOLD,2026-05-06,58,f,2734080000,2.00,0,2679398400,48000000,47040000,24,12,2.50,0,f
20260630,200379,200,201,2004,VHSC-2026-01,2026-03-20,SOLD,2026-05-18,59,f,4049100000,2.00,0,3968118000,45000000,44100000,24,12,2.50,0,f
20260630,200380,200,201,2005,VHSC-2026-01,2026-03-31,SOLD,2026-05-30,60,f,1809500000,2.00,0,1773310000,55000000,53900000,24,12,2.50,0,t
20260630,200381,200,201,2006,VHSC-2026-01,2026-01-06,SOLD,2026-03-08,61,f,2277000000,2.00,0,2231460000,50000000,49000000,24,12,2.50,0,f
20260630,200382,200,201,2007,VHSC-2026-01,2026-01-17,SOLD,2026-03-20,62,f,3334080000,2.00,0,3267398400,48000000,47040000,24,12,2.50,0,f
20260630,200383,200,201,2008,VHSC-2026-01,2026-01-28,SOLD,2026-04-01,63,f,4031550000,2.00,0,3950919000,45000000,44100000,24,12,2.50,0,f
20260630,200384,200,201,2001,VHSC-2026-01,2026-02-08,SOLD,2026-04-13,64,f,1862300000,2.00,0,1825054000,55000000,53900000,24,12,2.50,0,f
20260630,200385,200,201,2002,VHSC-2026-01,2026-02-19,SOLD,2026-03-11,20,f,2256000000,2.00,0,2210880000,50000000,49000000,24,12,2.50,0,f
20260630,200386,200,201,2003,VHSC-2026-01,2026-03-02,BOOKED,,120,f,3060480000,2.00,0,2999270400,48000000,47040000,24,12,2.50,0,f
20260630,200387,200,201,2004,VHSC-2026-01,2026-01-19,AVAILABLE,,162,t,2794080000,0.00,0,2794080000,48000000,48000000,24,12,2.50,0,f
20260630,200388,200,201,2005,VHSC-2026-01,2026-03-24,SOLD,2026-04-16,23,f,1722050000,2.00,0,1687609000,55000000,53900000,24,12,2.50,0,f
20260630,200389,200,201,2006,VHSC-2026-01,2026-04-04,SOLD,2026-04-28,24,f,1904500000,2.00,0,1866410000,50000000,49000000,24,12,2.50,0,f
20260630,200390,200,201,2007,VHSC-2026-01,2026-01-10,SOLD,2026-02-04,25,f,3060960000,2.00,0,2999740800,48000000,47040000,24,12,2.50,0,t
20260630,200391,200,201,2008,VHSC-2026-01,2026-01-21,SOLD,2026-02-16,26,f,3646350000,2.00,0,3573423000,45000000,44100000,24,12,2.50,0,f
20260630,200392,200,201,2001,VHSC-2026-01,2026-05-17,AVAILABLE,,44,f,1919500000,2.00,0,1881110000,55000000,53900000,24,12,2.50,0,f
20260630,200393,200,201,2002,VHSC-2026-01,2026-02-12,SOLD,2026-03-12,28,f,2034000000,2.00,0,1993320000,50000000,49000000,24,12,2.50,0,f
20260630,200394,200,201,2003,VHSC-2026-01,2026-02-23,SOLD,2026-03-24,29,f,2808960000,2.00,0,2752780800,48000000,47040000,24,12,2.50,0,f
20260630,200395,200,201,2004,VHSC-2026-01,2026-05-26,AVAILABLE,,35,f,4171500000,2.00,0,4088070000,45000000,44100000,24,12,2.50,0,f
20260630,200396,200,201,2005,VHSC-2026-01,2026-03-17,SOLD,2026-04-17,31,f,1805100000,2.00,0,1768998000,55000000,53900000,24,12,2.50,0,f
20260630,200397,200,201,2006,VHSC-2026-01,2026-03-28,SOLD,2026-04-29,32,f,2022000000,2.00,0,1981560000,50000000,49000000,24,12,2.50,0,f
20260630,200398,200,201,2007,VHSC-2026-01,2026-04-08,BOOKED,,83,f,3104640000,2.00,0,3042547200,48000000,47040000,24,12,2.50,0,f
20260630,200399,200,201,2008,VHSC-2026-01,2026-01-14,BOOKED,,167,f,3934800000,2.00,0,3856104000,45000000,44100000,24,12,2.50,0,f
20260630,200400,200,201,2001,VHSC-2026-01,2026-01-25,SOLD,2026-03-01,35,f,1893100000,2.00,0,1855238000,55000000,53900000,24,12,2.50,0,t
20260630,200401,200,201,2002,VHSC-2026-01,2026-02-05,SOLD,2026-03-13,36,f,1968000000,2.00,0,1928640000,50000000,49000000,24,12,2.50,0,f
20260630,200402,200,201,2003,VHSC-2026-01,2026-05-12,AVAILABLE,,49,f,3167040000,2.00,0,3103699200,48000000,47040000,24,12,2.50,0,f
20260630,200403,200,201,2004,VHSC-2026-01,2026-05-15,AVAILABLE,,46,f,4076100000,2.00,0,3994578000,45000000,44100000,24,12,2.50,0,f
20260630,200404,200,201,2005,VHSC-2026-01,2026-03-10,SOLD,2026-04-18,39,f,1861750000,2.00,0,1824515000,55000000,53900000,24,12,2.50,0,f
20260630,200405,200,201,2006,VHSC-2026-01,2026-03-21,SOLD,2026-04-30,40,f,2291500000,2.00,0,2245670000,50000000,49000000,24,12,2.50,0,f
20260630,200406,200,201,2007,VHSC-2026-01,2026-04-01,SOLD,2026-05-12,41,f,3068640000,2.00,0,3007267200,48000000,47040000,24,12,2.50,0,f
20260630,200407,200,201,2008,VHSC-2026-01,2026-01-07,SOLD,2026-02-18,42,f,4268250000,2.00,0,4182885000,45000000,44100000,24,12,2.50,0,f
20260630,200408,200,201,2001,VHSC-2026-01,2026-01-18,SOLD,2026-03-02,43,f,1822150000,2.00,0,1785707000,55000000,53900000,24,12,2.50,0,f
20260630,200409,200,201,2002,VHSC-2026-01,2026-01-29,SOLD,2026-03-14,44,f,2001500000,2.00,0,1961470000,50000000,49000000,24,12,2.50,0,f
20260630,200410,200,201,2003,VHSC-2026-01,2026-02-09,BOOKED,,141,f,3124320000,2.00,0,3061833600,48000000,47040000,24,12,2.50,0,t
20260630,200411,200,201,2004,VHSC-2026-01,2026-01-07,AVAILABLE,,174,t,2158000000,2.00,0,2114840000,50000000,49000000,24,12,1.20,0,f
20260630,200412,200,201,2005,VHSC-2026-01,2026-05-07,AVAILABLE,,54,f,1602150000,2.00,0,1570107000,55000000,53900000,24,12,2.50,0,f
20260630,200413,200,201,2006,VHSC-2026-01,2026-05-10,AVAILABLE,,51,f,1998500000,2.00,0,1958530000,50000000,49000000,24,12,2.50,0,f
20260630,200414,200,201,2007,VHSC-2026-01,2026-03-25,SOLD,2026-05-13,49,f,3038880000,2.00,0,2978102400,48000000,47040000,24,12,2.50,0,f
20260630,200415,200,201,2008,VHSC-2026-01,2026-04-05,SOLD,2026-05-25,50,f,3604500000,2.00,0,3532410000,45000000,44100000,24,12,2.50,0,f
20260630,200416,200,201,2001,VHSC-2026-01,2026-01-11,SOLD,2026-03-03,51,f,1854600000,2.00,0,1817508000,55000000,53900000,24,12,2.50,0,f
20260630,200417,200,201,2002,VHSC-2026-01,2026-01-22,SOLD,2026-03-15,52,f,2245500000,2.00,0,2200590000,50000000,49000000,24,12,2.50,0,f
20260630,200418,200,201,2003,VHSC-2026-01,2026-05-25,AVAILABLE,,36,f,2744640000,2.00,0,2689747200,48000000,47040000,24,12,2.50,0,f
20260630,200419,200,201,2004,VHSC-2026-01,2026-02-13,SOLD,2026-04-08,54,f,3793050000,2.00,0,3717189000,45000000,44100000,24,12,2.50,0,f
20260630,200420,200,201,2005,VHSC-2026-01,2026-02-24,SOLD,2026-04-20,55,f,1863400000,2.00,0,1826132000,55000000,53900000,24,12,2.50,0,t
20260630,200421,200,201,2006,VHSC-2026-01,2026-03-07,SOLD,2026-05-02,56,f,2244000000,2.00,0,2199120000,50000000,49000000,24,12,2.50,0,f
20260630,200422,200,201,2007,VHSC-2026-01,2026-03-18,SOLD,2026-05-14,57,f,2984160000,2.00,0,2924476800,48000000,47040000,24,12,2.50,0,f
20260630,200423,200,201,2008,VHSC-2026-01,2026-03-29,SOLD,2026-05-26,58,f,4265550000,2.00,0,4180239000,45000000,44100000,24,12,2.50,0,f
20260630,200424,200,201,2001,VHSC-2026-01,2026-04-09,BOOKED,,82,f,1831500000,2.00,0,1794870000,55000000,53900000,24,12,2.50,0,f
20260630,200425,200,201,2002,VHSC-2026-01,2026-01-15,SOLD,2026-03-16,60,f,2134500000,2.00,0,2091810000,50000000,49000000,24,12,2.50,0,f
20260630,200426,200,201,2003,VHSC-2026-01,2026-05-14,AVAILABLE,,47,f,3019200000,2.00,0,2958816000,48000000,47040000,24,12,2.50,0,f
20260630,200427,200,201,2004,VHSC-2026-01,2026-05-17,AVAILABLE,,44,f,3676500000,2.00,0,3602970000,45000000,44100000,24,12,2.50,0,f
20260630,200428,200,201,2005,VHSC-2026-01,2026-02-17,SOLD,2026-04-21,63,f,1718200000,2.00,0,1683836000,55000000,53900000,24,12,2.50,0,f
20260630,200429,200,201,2006,VHSC-2026-01,2026-02-12,AVAILABLE,,138,t,3762000000,0.00,0,3762000000,60000000,60000000,24,12,2.50,0,f
20260630,200430,200,201,2007,VHSC-2026-01,2026-03-11,SOLD,2026-03-31,20,f,2642880000,2.00,0,2590022400,48000000,47040000,24,12,2.50,0,t
20260630,200431,200,201,2008,VHSC-2026-01,2026-05-29,AVAILABLE,,32,f,4230900000,2.00,0,4146282000,45000000,44100000,24,12,2.50,0,f
20260630,200432,200,201,2001,VHSC-2026-01,2026-04-02,BOOKED,,89,f,1763300000,2.00,0,1728034000,55000000,53900000,24,12,2.50,0,f
20260630,200433,200,201,2002,VHSC-2026-01,2026-01-08,SOLD,2026-01-31,23,f,2114000000,2.00,0,2071720000,50000000,49000000,24,12,2.50,0,f
20260630,200434,200,201,2003,VHSC-2026-01,2026-01-19,SOLD,2026-02-12,24,f,2831040000,2.00,0,2774419200,48000000,47040000,24,12,2.50,0,f
20260630,200435,200,201,2004,VHSC-2026-01,2026-01-30,SOLD,2026-02-24,25,f,4229100000,2.00,0,4144518000,45000000,44100000,24,12,2.50,0,f
20260630,200436,200,201,2005,VHSC-2026-01,2026-02-10,SOLD,2026-03-08,26,f,1656050000,2.00,0,1622929000,55000000,53900000,24,12,2.50,0,f
20260630,200437,200,201,2006,VHSC-2026-01,2026-02-21,SOLD,2026-03-20,27,f,2070000000,2.00,0,2028600000,50000000,49000000,24,12,2.50,0,f
20260630,200438,200,201,2007,VHSC-2026-01,2026-03-04,BOOKED,,118,f,2640960000,2.00,0,2588140800,48000000,47040000,24,12,2.50,0,f
20260630,200439,200,201,2008,VHSC-2026-01,2026-03-15,SOLD,2026-04-13,29,f,4192200000,2.00,0,4108356000,45000000,44100000,24,12,2.50,0,f
20260630,200440,200,201,2001,VHSC-2026-01,2026-01-30,AVAILABLE,,151,t,4230000000,2.00,0,4145400000,45000000,44100000,24,12,2.50,0,t
20260630,200441,200,201,2002,VHSC-2026-01,2026-04-06,SOLD,2026-05-07,31,f,2267000000,2.00,0,2221660000,50000000,49000000,24,12,2.50,0,f
20260630,200442,200,201,2003,VHSC-2026-01,2026-05-27,AVAILABLE,,34,f,3066720000,2.00,0,3005385600,48000000,47040000,24,12,2.50,0,f
20260630,200443,200,201,2004,VHSC-2026-01,2026-01-23,BOOKED,,158,f,3616200000,2.00,0,3543876000,45000000,44100000,24,12,2.50,0,f
20260630,200444,200,201,2005,VHSC-2026-01,2026-02-03,SOLD,2026-03-09,34,f,1757250000,2.00,0,1722105000,55000000,53900000,24,12,2.50,0,f
20260630,200445,200,201,2006,VHSC-2026-01,2026-02-14,SOLD,2026-03-21,35,f,2365500000,2.00,0,2318190000,50000000,49000000,24,12,2.50,0,f
20260630,200446,200,201,2007,VHSC-2026-01,2026-02-25,SOLD,2026-04-02,36,f,3016320000,2.00,0,2955993600,48000000,47040000,24,12,2.50,0,f
20260630,200447,200,201,2008,VHSC-2026-01,2026-03-08,SOLD,2026-04-14,37,f,4083750000,2.00,0,4002075000,45000000,44100000,24,12,2.50,0,f
20260630,200448,200,201,2001,VHSC-2026-01,2026-03-19,SOLD,2026-04-26,38,f,1757800000,2.00,0,1722644000,55000000,53900000,24,12,2.50,0,f
20260630,200449,200,201,2002,VHSC-2026-01,2026-03-30,SOLD,2026-05-08,39,f,2251500000,2.00,0,2206470000,50000000,49000000,24,12,2.50,0,f
20260630,200450,200,201,2003,VHSC-2026-01,2026-05-16,AVAILABLE,,45,f,2656800000,2.00,0,2603664000,48000000,47040000,24,12,2.50,0,t
20260630,200451,200,201,2004,VHSC-2026-01,2026-01-16,SOLD,2026-02-26,41,f,4210650000,2.00,0,4126437000,45000000,44100000,24,12,2.50,0,f
20260630,200452,200,201,2005,VHSC-2026-01,2026-01-27,SOLD,2026-03-10,42,f,1558700000,2.00,0,1527526000,55000000,53900000,24,12,2.50,0,f
20260630,200453,200,201,2006,VHSC-2026-01,2026-02-07,SOLD,2026-03-22,43,f,2195500000,2.00,0,2151590000,50000000,49000000,24,12,2.50,0,f
20260630,200454,200,201,2007,VHSC-2026-01,2026-02-18,SOLD,2026-04-03,44,f,2682720000,2.00,0,2629065600,48000000,47040000,24,12,2.50,0,f
20260630,200455,200,201,2008,VHSC-2026-01,2026-03-01,SOLD,2026-04-15,45,f,4064850000,2.00,0,3983553000,45000000,44100000,24,12,2.50,0,f
20260630,200456,200,201,2001,VHSC-2026-01,2026-06-03,AVAILABLE,,27,f,1752300000,2.00,0,1717254000,55000000,53900000,24,12,2.50,0,f
20260630,200457,200,201,2002,VHSC-2026-01,2026-03-23,SOLD,2026-05-09,47,f,2078500000,2.00,0,2036930000,50000000,49000000,24,12,2.50,0,f
20260630,200458,200,201,2003,VHSC-2026-01,2026-04-03,SOLD,2026-05-21,48,f,2680320000,2.00,0,2626713600,48000000,47040000,24,12,2.50,0,f
20260630,200459,200,201,2004,VHSC-2026-01,2026-01-09,SOLD,2026-02-27,49,f,3633300000,2.00,0,3560634000,45000000,44100000,24,12,2.50,0,f
20260630,200460,200,201,2005,VHSC-2026-01,2026-05-11,AVAILABLE,,50,f,1596100000,2.00,0,1564178000,55000000,53900000,24,12,2.50,0,t
20260630,200461,200,201,2006,VHSC-2026-01,2026-05-14,AVAILABLE,,47,f,2326000000,2.00,0,2279480000,50000000,49000000,24,12,2.50,0,f
20260630,200462,200,201,2007,VHSC-2026-01,2026-02-18,AVAILABLE,,132,t,3143840000,0.00,0,3143840000,56000000,56000000,24,12,2.50,0,f
20260630,200463,200,201,2008,VHSC-2026-01,2026-02-22,SOLD,2026-04-16,53,f,4148550000,2.00,0,4065579000,45000000,44100000,24,12,2.50,0,f
20260630,200464,200,201,2001,VHSC-2026-01,2026-03-05,SOLD,2026-04-28,54,f,1648350000,2.00,0,1615383000,55000000,53900000,24,12,2.50,0,f
20260630,200465,200,201,2002,VHSC-2026-01,2026-05-26,AVAILABLE,,35,f,2124000000,2.00,0,2081520000,50000000,49000000,24,12,2.50,0,f
20260630,200466,200,201,2003,VHSC-2026-01,2026-05-29,AVAILABLE,,32,f,3348000000,2.00,0,3281040000,48000000,47040000,24,12,2.50,0,f
20260630,200467,200,201,2004,VHSC-2026-01,2026-04-07,SOLD,2026-06-03,57,f,3946500000,2.00,0,3867570000,45000000,44100000,24,12,2.50,0,f
20260630,200468,200,201,2005,VHSC-2026-01,2026-02-15,AVAILABLE,,135,t,3355800000,0.00,0,3355800000,60000000,60000000,24,12,2.50,0,f
20260630,200469,200,201,2006,VHSC-2026-01,2026-01-24,SOLD,2026-03-24,59,f,2040000000,2.00,0,1999200000,50000000,49000000,24,12,2.50,0,f
20260630,200470,200,201,2007,VHSC-2026-01,2026-02-04,SOLD,2026-04-05,60,f,2714880000,2.00,0,2660582400,48000000,47040000,24,12,2.50,0,t
20260630,200471,200,201,2008,VHSC-2026-01,2026-02-15,SOLD,2026-04-17,61,f,4066650000,2.00,0,3985317000,45000000,44100000,24,12,2.50,0,f
20260630,200472,200,201,2001,VHSC-2026-01,2026-02-26,SOLD,2026-04-29,62,f,1661000000,2.00,0,1627780000,55000000,53900000,24,12,2.50,0,f
20260630,200473,200,201,2002,VHSC-2026-01,2026-03-09,SOLD,2026-05-11,63,f,2371000000,2.00,0,2323580000,50000000,49000000,24,12,2.50,0,f
20260630,200474,200,201,2003,VHSC-2026-01,2026-03-20,SOLD,2026-05-23,64,f,2766720000,2.00,0,2711385600,48000000,47040000,24,12,2.50,0,f
20260630,200475,200,201,2004,VHSC-2026-01,2026-03-31,SOLD,2026-04-20,20,f,3735450000,2.00,0,3660741000,45000000,44100000,24,12,2.50,0,f
20260630,200476,200,201,2005,VHSC-2026-01,2026-01-06,SOLD,2026-01-27,21,f,1883750000,2.00,0,1846075000,55000000,53900000,24,12,2.50,0,f
20260630,200477,200,201,2006,VHSC-2026-01,2026-01-17,SOLD,2026-02-08,22,f,2277500000,2.00,0,2231950000,50000000,49000000,24,12,2.50,0,f
20260630,200478,200,201,2007,VHSC-2026-01,2026-01-28,SOLD,2026-02-20,23,f,3188640000,2.00,0,3124867200,48000000,47040000,24,12,2.50,0,f
20260630,200479,200,201,2008,VHSC-2026-01,2026-02-08,SOLD,2026-03-04,24,f,3945600000,2.00,0,3866688000,45000000,44100000,24,12,2.50,0,f
20260630,200480,200,201,2001,VHSC-2026-01,2026-02-19,SOLD,2026-03-16,25,f,1863950000,2.00,0,1826671000,55000000,53900000,24,12,2.50,0,t
20260630,200481,200,201,2002,VHSC-2026-01,2026-03-02,BOOKED,,120,f,2144500000,2.00,0,2101610000,50000000,49000000,24,12,2.50,0,f
20260630,200482,200,201,2003,VHSC-2026-01,2026-03-13,SOLD,2026-04-09,27,f,2844480000,2.00,0,2787590400,48000000,47040000,24,12,2.50,0,f
20260630,200483,200,201,2004,VHSC-2026-01,2026-03-24,SOLD,2026-04-21,28,f,3756150000,2.00,0,3681027000,45000000,44100000,24,12,2.50,0,f
20260630,200484,200,201,2005,VHSC-2026-01,2026-04-04,SOLD,2026-05-03,29,f,1703900000,2.00,0,1669822000,55000000,53900000,24,12,2.50,0,f
20260630,200485,200,201,2006,VHSC-2026-01,2026-01-10,SOLD,2026-02-09,30,f,2081000000,2.00,0,2039380000,50000000,49000000,24,12,2.50,0,f
20260630,200486,200,201,2007,VHSC-2026-01,2026-01-21,SOLD,2026-02-21,31,f,2822880000,2.00,0,2766422400,48000000,47040000,24,12,2.50,0,f
20260630,200487,200,201,2008,VHSC-2026-01,2026-02-01,SOLD,2026-03-05,32,f,4005900000,2.00,0,3925782000,45000000,44100000,24,12,2.50,0,f
20260630,200488,200,201,2001,VHSC-2026-01,2026-02-12,SOLD,2026-03-17,33,f,1843600000,2.00,0,1806728000,55000000,53900000,24,12,2.50,0,f
20260630,200489,200,201,2002,VHSC-2026-01,2026-02-23,SOLD,2026-03-29,34,f,2185000000,2.00,0,2141300000,50000000,49000000,24,12,2.50,0,f
20260630,200490,200,201,2003,VHSC-2026-01,2026-03-06,SOLD,2026-04-10,35,f,2672160000,2.00,0,2618716800,48000000,47040000,24,12,2.50,0,t
20260630,200491,200,201,2004,VHSC-2026-01,2026-03-17,BOOKED,,105,f,4086000000,2.00,0,4004280000,45000000,44100000,24,12,2.50,0,f
20260630,200492,200,201,2005,VHSC-2026-01,2026-02-03,AVAILABLE,,147,t,1906000000,2.00,0,1867880000,50000000,49000000,24,12,1.20,0,f
20260630,200493,200,201,2006,VHSC-2026-01,2026-04-08,SOLD,2026-05-16,38,f,2171000000,2.00,0,2127580000,50000000,49000000,24,12,2.50,0,f
20260630,200494,200,201,2007,VHSC-2026-01,2026-01-14,SOLD,2026-02-22,39,f,3175200000,2.00,0,3111696000,48000000,47040000,24,12,2.50,0,f
20260630,200495,200,201,2008,VHSC-2026-01,2026-01-25,SOLD,2026-03-06,40,f,3621600000,2.00,0,3549168000,45000000,44100000,24,12,2.50,0,f
20260630,200496,200,201,2001,VHSC-2026-01,2026-02-05,SOLD,2026-03-18,41,f,1560900000,2.00,0,1529682000,55000000,53900000,24,12,2.50,0,f
20260630,200497,200,201,2002,VHSC-2026-01,2026-01-24,AVAILABLE,,157,t,3143040000,2.00,0,3080179200,48000000,47040000,12,12,2.50,0,f
20260630,200498,200,201,2003,VHSC-2026-01,2026-02-27,SOLD,2026-04-11,43,f,2662560000,2.00,0,2609308800,48000000,47040000,24,12,2.50,0,f
20260630,200499,200,201,2004,VHSC-2026-01,2026-03-10,SOLD,2026-04-23,44,f,4165200000,2.00,0,4081896000,45000000,44100000,24,12,2.50,0,f
20260630,200500,200,201,2005,VHSC-2026-01,2026-03-21,SOLD,2026-05-05,45,f,1756150000,2.00,0,1721027000,55000000,53900000,24,12,2.50,0,t
20260630,200501,200,202,2006,VHSC-2026-01,2026-04-01,SOLD,2026-05-17,46,f,2077000000,2.00,0,2035460000,50000000,49000000,24,12,2.50,0,f
20260630,200502,200,202,2007,VHSC-2026-01,2026-01-14,AVAILABLE,,167,t,3150240000,2.00,0,3087235200,48000000,47040000,24,12,1.20,0,f
20260630,200503,200,202,2008,VHSC-2026-01,2026-01-21,AVAILABLE,,160,t,4230000000,2.00,0,4145400000,45000000,44100000,24,12,2.50,0,f
20260630,200504,200,202,2001,VHSC-2026-01,2026-01-29,SOLD,2026-03-19,49,f,1652750000,2.00,0,1619695000,55000000,53900000,24,12,2.50,0,f
20260630,200505,200,202,2002,VHSC-2026-01,2026-02-09,BOOKED,,141,f,2036500000,2.00,0,1995770000,50000000,49000000,24,12,2.50,0,f
20260630,200506,200,202,2003,VHSC-2026-01,2026-02-20,SOLD,2026-04-12,51,f,3352320000,2.00,0,3285273600,48000000,47040000,24,12,2.50,0,f
20260630,200507,200,202,2004,VHSC-2026-01,2026-03-03,SOLD,2026-04-24,52,f,3708450000,2.00,0,3634281000,45000000,44100000,24,12,2.50,0,f
20260630,200508,200,202,2005,VHSC-2026-01,2026-01-11,AVAILABLE,,170,t,2081000000,2.00,0,2039380000,50000000,49000000,24,12,1.20,0,f
20260630,200509,200,202,2006,VHSC-2026-01,2026-03-25,BOOKED,,97,f,2002500000,2.00,0,1962450000,50000000,49000000,24,12,2.50,0,f
20260630,200510,200,202,2007,VHSC-2026-01,2026-04-05,SOLD,2026-05-30,55,f,3264000000,2.00,0,3198720000,48000000,47040000,24,12,2.50,0,t
20260630,200511,200,202,2008,VHSC-2026-01,2026-01-11,SOLD,2026-03-08,56,f,4068000000,2.00,0,3986640000,45000000,44100000,24,12,2.50,0,f
20260630,200512,200,202,2001,VHSC-2026-01,2026-01-22,SOLD,2026-03-20,57,f,1895850000,2.00,0,1857933000,55000000,53900000,24,12,2.50,0,f
20260630,200513,200,202,2002,VHSC-2026-01,2026-02-02,SOLD,2026-04-01,58,f,2052000000,2.00,0,2010960000,50000000,49000000,24,12,2.50,0,f
20260630,200514,200,202,2003,VHSC-2026-01,2026-02-13,SOLD,2026-04-13,59,f,2826720000,2.00,0,2770185600,48000000,47040000,24,12,2.50,0,f
20260630,200515,200,202,2004,VHSC-2026-01,2026-02-24,SOLD,2026-04-25,60,f,3635550000,2.00,0,3562839000,45000000,44100000,24,12,2.50,0,f
20260630,200516,200,202,2005,VHSC-2026-01,2026-03-07,SOLD,2026-05-07,61,f,1901900000,2.00,0,1863862000,55000000,53900000,24,12,2.50,0,f
20260630,200517,200,202,2006,VHSC-2026-01,2026-05-07,AVAILABLE,,54,f,2398000000,2.00,0,2350040000,50000000,49000000,24,12,2.50,0,f
20260630,200518,200,202,2007,VHSC-2026-01,2026-03-29,SOLD,2026-05-31,63,f,3309600000,2.00,0,3243408000,48000000,47040000,24,12,2.50,0,f
20260630,200519,200,202,2008,VHSC-2026-01,2026-04-09,SOLD,2026-06-12,64,f,3894750000,2.00,0,3816855000,45000000,44100000,24,12,2.50,0,f
20260630,200520,200,202,2001,VHSC-2026-01,2026-01-15,SOLD,2026-02-04,20,f,1879900000,2.00,0,1842302000,55000000,53900000,24,12,2.50,0,t
20260630,200521,200,202,2002,VHSC-2026-01,2026-01-26,SOLD,2026-02-16,21,f,2104500000,2.00,0,2062410000,50000000,49000000,24,12,2.50,0,f
20260630,200522,200,202,2003,VHSC-2026-01,2026-02-06,SOLD,2026-02-28,22,f,2764800000,2.00,0,2709504000,48000000,47040000,24,12,2.50,0,f
20260630,200523,200,202,2004,VHSC-2026-01,2026-02-17,SOLD,2026-03-12,23,f,3619350000,2.00,0,3546963000,45000000,44100000,24,12,2.50,0,f
20260630,200524,200,202,2005,VHSC-2026-01,2026-02-28,SOLD,2026-03-24,24,f,1820500000,2.00,0,1784090000,55000000,53900000,24,12,2.50,0,f
20260630,200525,200,202,2006,VHSC-2026-01,2026-03-11,SOLD,2026-04-05,25,f,2227000000,2.00,0,2182460000,50000000,49000000,24,12,2.50,0,f
20260630,200526,200,202,2007,VHSC-2026-01,2026-06-03,AVAILABLE,,27,f,3284160000,2.00,0,3218476800,48000000,47040000,24,12,2.50,0,f
20260630,200527,200,202,2008,VHSC-2026-01,2026-04-02,SOLD,2026-04-29,27,f,3702150000,2.00,0,3628107000,45000000,44100000,24,12,2.50,0,f
20260630,200528,200,202,2001,VHSC-2026-01,2026-01-08,SOLD,2026-02-05,28,f,1633500000,2.00,0,1600830000,55000000,53900000,24,12,2.50,0,f
20260630,200529,200,202,2002,VHSC-2026-01,2026-01-19,SOLD,2026-02-17,29,f,2180000000,2.00,0,2136400000,50000000,49000000,24,12,2.50,0,f
20260630,200530,200,202,2003,VHSC-2026-01,2026-01-30,SOLD,2026-03-01,30,f,2840160000,2.00,0,2783356800,48000000,47040000,24,12,2.50,0,t
20260630,200531,200,202,2004,VHSC-2026-01,2026-02-10,SOLD,2026-03-13,31,f,3861000000,2.00,0,3783780000,45000000,44100000,24,12,2.50,0,f
20260630,200532,200,202,2005,VHSC-2026-01,2026-02-21,SOLD,2026-03-25,32,f,1907950000,2.00,0,1869791000,55000000,53900000,24,12,2.50,0,f
20260630,200533,200,202,2006,VHSC-2026-01,2026-03-04,SOLD,2026-04-06,33,f,1904500000,2.00,0,1866410000,50000000,49000000,24,12,2.50,0,f
20260630,200534,200,202,2007,VHSC-2026-01,2026-03-15,SOLD,2026-04-18,34,f,3048960000,2.00,0,2987980800,48000000,47040000,24,12,2.50,0,f
20260630,200535,200,202,2008,VHSC-2026-01,2026-03-26,SOLD,2026-04-30,35,f,4247100000,2.00,0,4162158000,45000000,44100000,24,12,2.50,0,f
20260630,200536,200,202,2001,VHSC-2026-01,2026-04-06,BOOKED,,85,f,1665400000,2.00,0,1632092000,55000000,53900000,24,12,2.50,0,f
20260630,200537,200,202,2002,VHSC-2026-01,2026-06-01,AVAILABLE,,29,f,2085000000,2.00,0,2043300000,50000000,49000000,24,12,2.50,0,f
20260630,200538,200,202,2003,VHSC-2026-01,2026-01-23,SOLD,2026-03-02,38,f,2955360000,2.00,0,2896252800,48000000,47040000,24,12,2.50,0,f
20260630,200539,200,202,2004,VHSC-2026-01,2026-05-03,AVAILABLE,,58,f,4256100000,2.00,0,4170978000,45000000,44100000,24,12,2.50,0,f
20260630,200540,200,202,2005,VHSC-2026-01,2026-02-14,SOLD,2026-03-26,40,f,1900800000,2.00,0,1862784000,55000000,53900000,24,12,2.50,0,t
20260630,200541,200,202,2006,VHSC-2026-01,2026-02-25,SOLD,2026-04-07,41,f,2285000000,2.00,0,2239300000,50000000,49000000,24,12,2.50,0,f
20260630,200542,200,202,2007,VHSC-2026-01,2026-03-08,SOLD,2026-04-19,42,f,2802240000,2.00,0,2746195200,48000000,47040000,24,12,2.50,0,f
20260630,200543,200,202,2008,VHSC-2026-01,2026-01-31,AVAILABLE,,150,t,3734640000,0.00,0,3734640000,56000000,56000000,24,12,2.50,0,f
20260630,200544,200,202,2001,VHSC-2026-01,2026-03-30,SOLD,2026-05-13,44,f,1753400000,2.00,0,1718332000,55000000,53900000,24,12,2.50,0,f
20260630,200545,200,202,2002,VHSC-2026-01,2026-02-14,AVAILABLE,,136,t,3452400000,0.00,0,3452400000,56000000,56000000,24,12,2.50,0,f
20260630,200546,200,202,2003,VHSC-2026-01,2026-01-16,SOLD,2026-03-03,46,f,3293760000,2.00,0,3227884800,48000000,47040000,24,12,2.50,0,f
20260630,200547,200,202,2004,VHSC-2026-01,2026-01-14,AVAILABLE,,167,t,3060960000,2.00,0,2999740800,48000000,47040000,12,12,2.50,0,f
20260630,200548,200,202,2005,VHSC-2026-01,2026-02-07,SOLD,2026-03-27,48,f,1815550000,2.00,0,1779239000,55000000,53900000,24,12,2.50,0,f
20260630,200549,200,202,2006,VHSC-2026-01,2026-02-18,BOOKED,,132,f,2160500000,2.00,0,2117290000,50000000,49000000,24,12,2.50,0,f
20260630,200550,200,202,2007,VHSC-2026-01,2026-05-01,AVAILABLE,,60,f,2690880000,2.00,0,2637062400,48000000,47040000,24,12,2.50,0,t
20260630,200551,200,202,2008,VHSC-2026-01,2026-03-12,SOLD,2026-05-02,51,f,3991950000,2.00,0,3912111000,45000000,44100000,24,12,2.50,0,f
20260630,200552,200,202,2001,VHSC-2026-01,2026-03-23,SOLD,2026-05-14,52,f,1874400000,2.00,0,1836912000,55000000,53900000,24,12,2.50,0,f
20260630,200553,200,202,2002,VHSC-2026-01,2026-04-03,SOLD,2026-05-26,53,f,2286500000,2.00,0,2240770000,50000000,49000000,24,12,2.50,0,f
20260630,200554,200,202,2003,VHSC-2026-01,2026-01-09,SOLD,2026-03-04,54,f,2931840000,2.00,0,2873203200,48000000,47040000,24,12,2.50,0,f
20260630,200555,200,202,2004,VHSC-2026-01,2026-01-20,SOLD,2026-03-16,55,f,3600000000,2.00,0,3528000000,45000000,44100000,24,12,2.50,0,f
20260630,200556,200,202,2005,VHSC-2026-01,2026-01-31,SOLD,2026-03-28,56,f,1592250000,2.00,0,1560405000,55000000,53900000,24,12,2.50,0,f
20260630,200557,200,202,2006,VHSC-2026-01,2026-02-11,SOLD,2026-04-09,57,f,2036000000,2.00,0,1995280000,50000000,49000000,24,12,2.50,0,f
20260630,200558,200,202,2007,VHSC-2026-01,2026-02-22,SOLD,2026-04-21,58,f,2939520000,2.00,0,2880729600,48000000,47040000,24,12,2.50,0,f
20260630,200559,200,202,2008,VHSC-2026-01,2026-03-05,BOOKED,,117,f,3787650000,2.00,0,3711897000,45000000,44100000,24,12,2.50,0,f
20260630,200560,200,202,2001,VHSC-2026-01,2026-03-16,SOLD,2026-05-15,60,f,1543300000,2.00,0,1512434000,55000000,53900000,24,12,2.50,0,t
20260630,200561,200,202,2002,VHSC-2026-01,2026-03-27,SOLD,2026-05-27,61,f,1949000000,2.00,0,1910020000,50000000,49000000,24,12,2.50,0,f
20260630,200562,200,202,2003,VHSC-2026-01,2026-04-07,SOLD,2026-06-08,62,f,2893440000,2.00,0,2835571200,48000000,47040000,24,12,2.50,0,f
20260630,200563,200,202,2004,VHSC-2026-01,2026-05-05,AVAILABLE,,56,f,4152150000,2.00,0,4069107000,45000000,44100000,24,12,2.50,0,f
20260630,200564,200,202,2005,VHSC-2026-01,2026-05-08,AVAILABLE,,53,f,1678050000,2.00,0,1644489000,55000000,53900000,24,12,2.50,0,f
20260630,200565,200,202,2006,VHSC-2026-01,2026-02-04,SOLD,2026-02-24,20,f,1901500000,2.00,0,1863470000,50000000,49000000,24,12,2.50,0,f
20260630,200566,200,202,2007,VHSC-2026-01,2026-02-15,SOLD,2026-03-08,21,f,3208800000,2.00,0,3144624000,48000000,47040000,24,12,2.50,0,f
20260630,200567,200,202,2008,VHSC-2026-01,2026-02-26,SOLD,2026-03-20,22,f,3691350000,2.00,0,3617523000,45000000,44100000,24,12,2.50,0,f
20260630,200568,200,202,2001,VHSC-2026-01,2026-03-09,SOLD,2026-04-01,23,f,1565850000,2.00,0,1534533000,55000000,53900000,24,12,2.50,0,f
20260630,200569,200,202,2002,VHSC-2026-01,2026-03-20,SOLD,2026-04-13,24,f,2341500000,2.00,0,2294670000,50000000,49000000,24,12,2.50,0,f
20260630,200570,200,202,2003,VHSC-2026-01,2026-03-31,SOLD,2026-04-25,25,f,3103200000,2.00,0,3041136000,48000000,47040000,24,12,2.50,0,t
20260630,200571,200,202,2004,VHSC-2026-01,2026-05-29,AVAILABLE,,32,f,3906450000,2.00,0,3828321000,45000000,44100000,24,12,2.50,0,f
20260630,200572,200,202,2005,VHSC-2026-01,2026-06-01,AVAILABLE,,29,f,1833150000,2.00,0,1796487000,55000000,53900000,24,12,2.50,0,f
20260630,200573,200,202,2006,VHSC-2026-01,2026-01-28,BOOKED,,153,f,2138500000,2.00,0,2095730000,50000000,49000000,24,12,2.50,0,f
20260630,200574,200,202,2007,VHSC-2026-01,2026-02-08,SOLD,2026-03-09,29,f,3081600000,2.00,0,3019968000,48000000,47040000,24,12,2.50,0,f
20260630,200575,200,202,2008,VHSC-2026-01,2026-02-19,SOLD,2026-03-21,30,f,4239000000,2.00,0,4154220000,45000000,44100000,24,12,2.50,0,f
20260630,200576,200,202,2001,VHSC-2026-01,2026-03-02,SOLD,2026-04-02,31,f,1676400000,2.00,0,1642872000,55000000,53900000,24,12,2.50,0,f
20260630,200577,200,202,2002,VHSC-2026-01,2026-02-13,AVAILABLE,,137,t,4230000000,2.00,0,4145400000,45000000,44100000,24,12,2.50,0,f
20260630,200578,200,202,2003,VHSC-2026-01,2026-03-24,SOLD,2026-04-26,33,f,2940960000,2.00,0,2882140800,48000000,47040000,24,12,2.50,0,f
20260630,200579,200,202,2004,VHSC-2026-01,2026-04-04,SOLD,2026-05-08,34,f,4154850000,2.00,0,4071753000,45000000,44100000,24,12,2.50,0,f
20260630,200580,200,202,2005,VHSC-2026-01,2026-05-21,AVAILABLE,,40,f,1863950000,2.00,0,1826671000,55000000,53900000,24,12,2.50,0,t
20260630,200581,200,202,2006,VHSC-2026-01,2026-01-21,SOLD,2026-02-26,36,f,1931500000,2.00,0,1892870000,50000000,49000000,24,12,2.50,0,f
20260630,200582,200,202,2007,VHSC-2026-01,2026-02-03,AVAILABLE,,147,t,3192000000,0.00,0,3192000000,56000000,56000000,24,12,2.50,0,f
20260630,200583,200,202,2008,VHSC-2026-01,2026-02-12,SOLD,2026-03-22,38,f,4185450000,2.00,0,4101741000,45000000,44100000,24,12,2.50,0,f
20260630,200584,200,202,2001,VHSC-2026-01,2026-02-23,SOLD,2026-04-03,39,f,1693450000,2.00,0,1659581000,55000000,53900000,24,12,2.50,0,f
20260630,200585,200,202,2002,VHSC-2026-01,2026-03-06,SOLD,2026-04-15,40,f,1968500000,2.00,0,1929130000,50000000,49000000,24,12,2.50,0,f
20260630,200586,200,202,2003,VHSC-2026-01,2026-01-17,AVAILABLE,,164,t,3555440000,0.00,0,3555440000,56000000,56000000,24,12,1.20,0,f
20260630,200587,200,202,2004,VHSC-2026-01,2026-03-28,BOOKED,,94,f,4175550000,2.00,0,4092039000,45000000,44100000,24,12,2.50,0,f
20260630,200588,200,202,2005,VHSC-2026-01,2026-05-10,AVAILABLE,,51,f,1562550000,2.00,0,1531299000,55000000,53900000,24,12,2.50,0,f
20260630,200589,200,202,2006,VHSC-2026-01,2026-01-14,SOLD,2026-02-27,44,f,2222500000,2.00,0,2178050000,50000000,49000000,24,12,2.50,0,f
20260630,200590,200,202,2007,VHSC-2026-01,2026-05-16,AVAILABLE,,45,f,3164160000,2.00,0,3100876800,48000000,47040000,24,12,2.50,0,t
20260630,200591,200,202,2008,VHSC-2026-01,2026-02-05,SOLD,2026-03-23,46,f,3913650000,2.00,0,3835377000,45000000,44100000,24,12,2.50,0,f
20260630,200592,200,202,2001,VHSC-2026-01,2026-02-16,SOLD,2026-04-04,47,f,1865600000,2.00,0,1828288000,55000000,53900000,24,12,2.50,0,f
20260630,200593,200,202,2002,VHSC-2026-01,2026-05-25,AVAILABLE,,36,f,1996500000,2.00,0,1956570000,50000000,49000000,24,12,2.50,0,f
20260630,200594,200,202,2003,VHSC-2026-01,2026-03-10,SOLD,2026-04-28,49,f,3196800000,2.00,0,3132864000,48000000,47040000,24,12,2.50,0,f
20260630,200595,200,202,2004,VHSC-2026-01,2026-03-21,SOLD,2026-05-10,50,f,3979800000,2.00,0,3900204000,45000000,44100000,24,12,2.50,0,f
20260630,200596,200,202,2005,VHSC-2026-01,2026-04-01,SOLD,2026-05-22,51,f,1627450000,2.00,0,1594901000,55000000,53900000,24,12,2.50,0,f
20260630,200597,200,202,2006,VHSC-2026-01,2026-01-07,SOLD,2026-02-28,52,f,1933500000,2.00,0,1894830000,50000000,49000000,24,12,2.50,0,f
20260630,200598,200,202,2007,VHSC-2026-01,2026-01-18,SOLD,2026-03-12,53,f,2824320000,2.00,0,2767833600,48000000,47040000,24,12,2.50,0,f
20260630,200599,200,202,2008,VHSC-2026-01,2026-01-29,SOLD,2026-03-24,54,f,3632400000,2.00,0,3559752000,45000000,44100000,24,12,2.50,0,f
20260630,200600,200,202,2001,VHSC-2026-01,2026-02-09,SOLD,2026-04-05,55,f,1666500000,2.00,0,1633170000,55000000,53900000,24,12,2.50,0,t
20260630,200601,200,202,2002,VHSC-2026-01,2026-02-20,SOLD,2026-04-17,56,f,2301000000,2.00,0,2254980000,50000000,49000000,24,12,2.50,0,f
20260630,200602,200,202,2003,VHSC-2026-01,2026-02-08,AVAILABLE,,142,t,3219440000,0.00,0,3219440000,56000000,56000000,24,12,2.50,0,f
20260630,200603,200,202,2004,VHSC-2026-01,2026-05-20,AVAILABLE,,41,f,4053600000,2.00,0,3972528000,45000000,44100000,24,12,2.50,0,f
20260630,200604,200,202,2005,VHSC-2026-01,2026-03-25,BOOKED,,97,f,1734150000,2.00,0,1699467000,55000000,53900000,24,12,2.50,0,f
20260630,200605,200,202,2006,VHSC-2026-01,2026-04-05,SOLD,2026-06-04,60,f,1953000000,2.00,0,1913940000,50000000,49000000,24,12,2.50,0,f
20260630,200606,200,202,2007,VHSC-2026-01,2026-01-11,SOLD,2026-03-13,61,f,2811360000,2.00,0,2755132800,48000000,47040000,24,12,2.50,0,f
20260630,200607,200,202,2008,VHSC-2026-01,2026-01-22,SOLD,2026-03-25,62,f,3933000000,2.00,0,3854340000,45000000,44100000,24,12,2.50,0,f
20260630,200608,200,202,2001,VHSC-2026-01,2026-02-02,SOLD,2026-04-06,63,f,1777600000,2.00,0,1742048000,55000000,53900000,24,12,2.50,0,f
20260630,200609,200,202,2002,VHSC-2026-01,2026-05-03,AVAILABLE,,58,f,2184500000,2.00,0,2140810000,50000000,49000000,24,12,2.50,0,f
20260630,200610,200,202,2003,VHSC-2026-01,2026-02-24,SOLD,2026-03-16,20,f,3017280000,2.00,0,2956934400,48000000,47040000,24,12,2.50,0,t
20260630,200611,200,202,2004,VHSC-2026-01,2026-03-07,SOLD,2026-03-28,21,f,3743550000,2.00,0,3668679000,45000000,44100000,24,12,2.50,0,f
20260630,200612,200,202,2005,VHSC-2026-01,2026-03-18,SOLD,2026-04-09,22,f,1564200000,2.00,0,1532916000,55000000,53900000,24,12,2.50,0,f
20260630,200613,200,202,2006,VHSC-2026-01,2026-03-29,SOLD,2026-04-21,23,f,1906000000,2.00,0,1867880000,50000000,49000000,24,12,2.50,0,f
20260630,200614,200,202,2007,VHSC-2026-01,2026-04-09,SOLD,2026-05-03,24,f,2822880000,2.00,0,2766422400,48000000,47040000,24,12,2.50,0,f
20260630,200615,200,202,2008,VHSC-2026-01,2026-01-15,SOLD,2026-02-09,25,f,4074300000,2.00,0,3992814000,45000000,44100000,24,12,2.50,0,f
20260630,200616,200,202,2001,VHSC-2026-01,2026-02-16,AVAILABLE,,134,t,3158880000,2.00,0,3095702400,48000000,47040000,12,12,1.20,0,f
20260630,200617,200,202,2002,VHSC-2026-01,2026-02-06,SOLD,2026-03-05,27,f,2310000000,2.00,0,2263800000,50000000,49000000,24,12,2.50,0,f
20260630,200618,200,202,2003,VHSC-2026-01,2026-02-17,SOLD,2026-03-17,28,f,3321120000,2.00,0,3254697600,48000000,47040000,24,12,2.50,0,f
20260630,200619,200,202,2004,VHSC-2026-01,2026-02-28,SOLD,2026-03-29,29,f,3672000000,2.00,0,3598560000,45000000,44100000,24,12,2.50,0,f
20260630,200620,200,202,2005,VHSC-2026-01,2026-03-11,SOLD,2026-04-10,30,f,1595550000,2.00,0,1563639000,55000000,53900000,24,12,2.50,0,t
20260630,200621,200,202,2006,VHSC-2026-01,2026-03-22,SOLD,2026-04-22,31,f,1975000000,2.00,0,1935500000,50000000,49000000,24,12,2.50,0,f
20260630,200622,200,202,2007,VHSC-2026-01,2026-04-02,SOLD,2026-05-04,32,f,3277920000,2.00,0,3212361600,48000000,47040000,24,12,2.50,0,f
20260630,200623,200,202,2008,VHSC-2026-01,2026-01-08,SOLD,2026-02-10,33,f,3976650000,2.00,0,3897117000,45000000,44100000,24,12,2.50,0,f
20260630,200624,200,202,2001,VHSC-2026-01,2026-01-19,SOLD,2026-02-22,34,f,1820500000,2.00,0,1784090000,55000000,53900000,24,12,2.50,0,f
20260630,200625,200,202,2002,VHSC-2026-01,2026-01-30,BOOKED,,151,f,2283500000,2.00,0,2237830000,50000000,49000000,24,12,2.50,0,f
20260630,200626,200,202,2003,VHSC-2026-01,2026-02-10,SOLD,2026-03-18,36,f,2737440000,2.00,0,2682691200,48000000,47040000,24,12,2.50,0,f
20260630,200627,200,202,2004,VHSC-2026-01,2026-05-22,AVAILABLE,,39,f,3622950000,2.00,0,3550491000,45000000,44100000,24,12,2.50,0,f
20260630,200628,200,202,2005,VHSC-2026-01,2026-03-04,SOLD,2026-04-11,38,f,1833150000,2.00,0,1796487000,55000000,53900000,24,12,2.50,0,f
20260630,200629,200,202,2006,VHSC-2026-01,2026-03-15,SOLD,2026-04-23,39,f,1933500000,2.00,0,1894830000,50000000,49000000,24,12,2.50,0,f
20260630,200630,200,202,2007,VHSC-2026-01,2026-01-10,AVAILABLE,,171,t,3465000000,0.00,0,3465000000,60000000,60000000,24,12,2.50,0,t
20260630,200631,200,202,2008,VHSC-2026-01,2026-04-06,SOLD,2026-05-17,41,f,3919500000,2.00,0,3841110000,45000000,44100000,24,12,2.50,0,f
20260630,200632,200,202,2001,VHSC-2026-01,2026-05-02,AVAILABLE,,59,f,1840850000,2.00,0,1804033000,55000000,53900000,24,12,2.50,0,f
20260630,200633,200,202,2002,VHSC-2026-01,2026-01-23,SOLD,2026-03-07,43,f,2250000000,2.00,0,2205000000,50000000,49000000,24,12,2.50,0,f
20260630,200634,200,202,2003,VHSC-2026-01,2026-02-03,SOLD,2026-03-19,44,f,2864640000,2.00,0,2807347200,48000000,47040000,24,12,2.50,0,f
20260630,200635,200,202,2004,VHSC-2026-01,2026-05-11,AVAILABLE,,50,f,3836700000,2.00,0,3759966000,45000000,44100000,24,12,2.50,0,f
20260630,200636,200,202,2005,VHSC-2026-01,2026-02-25,SOLD,2026-04-12,46,f,1687950000,2.00,0,1654191000,55000000,53900000,24,12,2.50,0,f
20260630,200637,200,202,2006,VHSC-2026-01,2026-03-08,SOLD,2026-04-24,47,f,2130000000,2.00,0,2087400000,50000000,49000000,24,12,2.50,0,f
20260630,200638,200,202,2007,VHSC-2026-01,2026-05-20,AVAILABLE,,41,f,3081120000,2.00,0,3019497600,48000000,47040000,24,12,2.50,0,f
20260630,200639,200,202,2008,VHSC-2026-01,2026-05-23,AVAILABLE,,38,f,3717450000,2.00,0,3643101000,45000000,44100000,24,12,2.50,0,f
20260630,200640,200,202,2001,VHSC-2026-01,2026-01-05,SOLD,2026-02-24,50,f,1710500000,2.00,0,1676290000,55000000,53900000,24,12,2.50,0,t
20260630,200641,200,202,2002,VHSC-2026-01,2026-01-16,SOLD,2026-03-08,51,f,2024000000,2.00,0,1983520000,50000000,49000000,24,12,2.50,0,f
20260630,200642,200,202,2003,VHSC-2026-01,2026-01-27,SOLD,2026-03-20,52,f,2744640000,2.00,0,2689747200,48000000,47040000,24,12,2.50,0,f
20260630,200643,200,202,2004,VHSC-2026-01,2026-01-11,AVAILABLE,,170,t,4230000000,2.00,0,4145400000,45000000,44100000,24,12,2.50,0,f
20260630,200644,200,202,2005,VHSC-2026-01,2026-02-18,BOOKED,,132,f,1823250000,2.00,0,1786785000,55000000,53900000,24,12,2.50,0,f
20260630,200645,200,202,2006,VHSC-2026-01,2026-05-06,AVAILABLE,,55,f,2244000000,2.00,0,2199120000,50000000,49000000,24,12,2.50,0,f
20260630,200646,200,202,2007,VHSC-2026-01,2026-03-12,SOLD,2026-05-07,56,f,2819040000,2.00,0,2762659200,48000000,47040000,24,12,2.50,0,f
20260630,200647,200,202,2008,VHSC-2026-01,2026-02-08,AVAILABLE,,142,t,2103000000,2.00,0,2060940000,50000000,49000000,24,12,1.20,0,f
20260630,200648,200,202,2001,VHSC-2026-01,2026-04-03,SOLD,2026-05-31,58,f,1919500000,2.00,0,1881110000,55000000,53900000,24,12,2.50,0,f
20260630,200649,200,202,2002,VHSC-2026-01,2026-05-18,AVAILABLE,,43,f,2083500000,2.00,0,2041830000,50000000,49000000,24,12,2.50,0,f
20260630,200650,200,202,2003,VHSC-2026-01,2026-01-20,SOLD,2026-03-21,60,f,2693280000,2.00,0,2639414400,48000000,47040000,24,12,2.50,0,t
20260630,200651,200,202,2004,VHSC-2026-01,2026-01-31,SOLD,2026-04-02,61,f,4125150000,2.00,0,4042647000,45000000,44100000,24,12,2.50,0,f
20260630,200652,200,202,2005,VHSC-2026-01,2026-02-11,SOLD,2026-04-14,62,f,1807850000,2.00,0,1771693000,55000000,53900000,24,12,2.50,0,f
20260630,200653,200,202,2006,VHSC-2026-01,2026-02-22,SOLD,2026-04-26,63,f,1964000000,2.00,0,1924720000,50000000,49000000,24,12,2.50,0,f
20260630,200654,200,202,2007,VHSC-2026-01,2026-03-05,SOLD,2026-05-08,64,f,3087360000,2.00,0,3025612800,48000000,47040000,24,12,2.50,0,f
20260630,200655,200,202,2008,VHSC-2026-01,2026-03-16,SOLD,2026-04-05,20,f,4132800000,2.00,0,4050144000,45000000,44100000,24,12,2.50,0,f
20260630,200656,200,202,2001,VHSC-2026-01,2026-03-27,SOLD,2026-04-17,21,f,1818300000,2.00,0,1781934000,55000000,53900000,24,12,2.50,0,f
20260630,200657,200,202,2002,VHSC-2026-01,2026-04-07,SOLD,2026-04-29,22,f,2050500000,2.00,0,2009490000,50000000,49000000,24,12,2.50,0,f
20260630,200658,200,202,2003,VHSC-2026-01,2026-01-13,SOLD,2026-02-05,23,f,3281280000,2.00,0,3215654400,48000000,47040000,24,12,2.50,0,f
20260630,200659,200,202,2004,VHSC-2026-01,2026-01-24,SOLD,2026-02-17,24,f,4108500000,2.00,0,4026330000,45000000,44100000,24,12,2.50,0,f
20260630,200660,200,202,2005,VHSC-2026-01,2026-02-09,AVAILABLE,,141,t,3123360000,0.00,0,3123360000,48000000,48000000,24,12,2.50,0,t
20260630,200661,200,202,2006,VHSC-2026-01,2026-02-15,SOLD,2026-03-13,26,f,1943000000,2.00,0,1904140000,50000000,49000000,24,12,2.50,0,f
20260630,200662,200,202,2007,VHSC-2026-01,2026-01-09,AVAILABLE,,172,t,3222720000,0.00,0,3222720000,48000000,48000000,24,12,2.50,0,f
20260630,200663,200,202,2008,VHSC-2026-01,2026-03-09,SOLD,2026-04-06,28,f,3753900000,2.00,0,3678822000,45000000,44100000,24,12,2.50,0,f
20260630,200664,200,202,2001,VHSC-2026-01,2026-03-20,SOLD,2026-04-18,29,f,1546050000,2.00,0,1515129000,55000000,53900000,24,12,2.50,0,f
20260630,200665,200,202,2002,VHSC-2026-01,2026-05-31,AVAILABLE,,30,f,2209000000,2.00,0,2164820000,50000000,49000000,24,12,2.50,0,f
20260630,200666,200,202,2003,VHSC-2026-01,2026-01-06,SOLD,2026-02-06,31,f,3287520000,2.00,0,3221769600,48000000,47040000,24,12,2.50,0,f
20260630,200667,200,202,2004,VHSC-2026-01,2026-01-17,SOLD,2026-02-18,32,f,4179150000,2.00,0,4095567000,45000000,44100000,24,12,2.50,0,f
20260630,200668,200,202,2005,VHSC-2026-01,2026-01-28,SOLD,2026-03-02,33,f,1850750000,2.00,0,1813735000,55000000,53900000,24,12,2.50,0,f
20260630,200669,200,202,2006,VHSC-2026-01,2026-01-13,AVAILABLE,,168,t,3439200000,0.00,0,3439200000,60000000,60000000,24,12,2.50,0,f
20260630,200670,200,202,2007,VHSC-2026-01,2026-02-19,BOOKED,,131,f,3277920000,2.00,0,3212361600,48000000,47040000,24,12,2.50,0,t
20260630,200671,200,202,2008,VHSC-2026-01,2026-03-02,SOLD,2026-04-07,36,f,4234050000,2.00,0,4149369000,45000000,44100000,24,12,2.50,0,f
20260630,200672,200,202,2001,VHSC-2026-01,2026-03-13,SOLD,2026-04-19,37,f,1654400000,2.00,0,1621312000,55000000,53900000,24,12,2.50,0,f
20260630,200673,200,202,2002,VHSC-2026-01,2026-05-20,AVAILABLE,,41,f,2348500000,2.00,0,2301530000,50000000,49000000,24,12,2.50,0,f
20260630,200674,200,202,2003,VHSC-2026-01,2026-04-04,SOLD,2026-05-13,39,f,3100800000,2.00,0,3038784000,48000000,47040000,24,12,2.50,0,f
20260630,200675,200,202,2004,VHSC-2026-01,2026-01-10,AVAILABLE,,171,t,3545920000,0.00,0,3545920000,56000000,56000000,24,12,2.50,0,f
20260630,200676,200,202,2005,VHSC-2026-01,2026-01-21,SOLD,2026-03-03,41,f,1808400000,2.00,0,1772232000,55000000,53900000,24,12,2.50,0,f
20260630,200677,200,202,2006,VHSC-2026-01,2026-06-01,AVAILABLE,,29,f,2335500000,2.00,0,2288790000,50000000,49000000,24,12,2.50,0,f
20260630,200678,200,202,2007,VHSC-2026-01,2026-02-12,SOLD,2026-03-27,43,f,3087360000,2.00,0,3025612800,48000000,47040000,24,12,2.50,0,f
20260630,200679,200,202,2008,VHSC-2026-01,2026-05-03,AVAILABLE,,58,f,3849750000,2.00,0,3772755000,45000000,44100000,24,12,2.50,0,f
20260630,200680,200,202,2001,VHSC-2026-01,2026-03-06,SOLD,2026-04-20,45,f,1686850000,2.00,0,1653113000,55000000,53900000,24,12,2.50,0,t
20260630,200681,200,202,2002,VHSC-2026-01,2026-03-17,SOLD,2026-05-02,46,f,2182000000,2.00,0,2138360000,50000000,49000000,24,12,2.50,0,f
20260630,200682,200,202,2003,VHSC-2026-01,2026-05-12,AVAILABLE,,49,f,3153600000,2.00,0,3090528000,48000000,47040000,24,12,2.50,0,f
20260630,200683,200,202,2004,VHSC-2026-01,2026-04-08,BOOKED,,83,f,3764700000,2.00,0,3689406000,45000000,44100000,24,12,2.50,0,f
20260630,200684,200,202,2005,VHSC-2026-01,2026-01-14,SOLD,2026-03-04,49,f,1728650000,2.00,0,1694077000,55000000,53900000,24,12,2.50,0,f
20260630,200685,200,202,2006,VHSC-2026-01,2026-01-25,SOLD,2026-03-16,50,f,2372500000,2.00,0,2325050000,50000000,49000000,24,12,2.50,0,f
20260630,200686,200,202,2007,VHSC-2026-01,2026-02-05,SOLD,2026-03-28,51,f,2882400000,2.00,0,2824752000,48000000,47040000,24,12,2.50,0,f
20260630,200687,200,202,2008,VHSC-2026-01,2026-02-18,AVAILABLE,,132,t,3345120000,2.00,0,3278217600,48000000,47040000,12,12,2.50,0,f
20260630,200688,200,202,2001,VHSC-2026-01,2026-02-27,SOLD,2026-04-21,53,f,1629650000,2.00,0,1597057000,55000000,53900000,24,12,2.50,0,f
20260630,200689,200,202,2002,VHSC-2026-01,2026-03-10,SOLD,2026-05-03,54,f,2233000000,2.00,0,2188340000,50000000,49000000,24,12,2.50,0,f
20260630,200690,200,202,2003,VHSC-2026-01,2026-03-21,SOLD,2026-05-15,55,f,3002880000,2.00,0,2942822400,48000000,47040000,24,12,2.50,0,t
20260630,200691,200,202,2004,VHSC-2026-01,2026-02-01,AVAILABLE,,149,t,4230000000,2.00,0,4145400000,45000000,44100000,24,12,2.50,0,f
20260630,200692,200,202,2005,VHSC-2026-01,2026-01-07,SOLD,2026-03-05,57,f,1653850000,2.00,0,1620773000,55000000,53900000,24,12,2.50,0,f
20260630,200693,200,202,2006,VHSC-2026-01,2026-01-18,BOOKED,,163,f,1960500000,2.00,0,1921290000,50000000,49000000,24,12,2.50,0,f
20260630,200694,200,202,2007,VHSC-2026-01,2026-01-08,AVAILABLE,,173,t,3903200000,0.00,0,3903200000,56000000,56000000,24,12,1.20,0,f
20260630,200695,200,202,2008,VHSC-2026-01,2026-02-09,SOLD,2026-04-10,60,f,3842100000,2.00,0,3765258000,45000000,44100000,24,12,2.50,0,f
20260630,200696,200,202,2001,VHSC-2026-01,2026-02-20,SOLD,2026-04-22,61,f,1789150000,2.00,0,1753367000,55000000,53900000,24,12,2.50,0,f
20260630,200697,200,202,2002,VHSC-2026-01,2026-03-03,BOOKED,,119,f,1978500000,2.00,0,1938930000,50000000,49000000,24,12,2.50,0,f
20260630,200698,200,202,2003,VHSC-2026-01,2026-03-14,SOLD,2026-05-16,63,f,2876160000,2.00,0,2818636800,48000000,47040000,24,12,2.50,0,f
20260630,200699,200,202,2004,VHSC-2026-01,2026-03-25,SOLD,2026-05-28,64,f,3889800000,2.00,0,3812004000,45000000,44100000,24,12,2.50,0,f
20260630,200700,200,202,2005,VHSC-2026-01,2026-01-05,AVAILABLE,,176,t,3876320000,0.00,0,3876320000,56000000,56000000,24,12,1.20,0,t
20260630,200701,200,202,2006,VHSC-2026-01,2026-01-11,SOLD,2026-02-01,21,f,2165500000,2.00,0,2122190000,50000000,49000000,24,12,2.50,0,f
20260630,200702,200,202,2007,VHSC-2026-01,2026-05-02,AVAILABLE,,59,f,2995200000,2.00,0,2935296000,48000000,47040000,24,12,2.50,0,f
20260630,200703,200,202,2008,VHSC-2026-01,2026-02-02,SOLD,2026-02-25,23,f,3889800000,2.00,0,3812004000,45000000,44100000,24,12,2.50,0,f
20260630,200704,200,202,2001,VHSC-2026-01,2026-02-13,SOLD,2026-03-09,24,f,1810600000,2.00,0,1774388000,55000000,53900000,24,12,2.50,0,f
20260630,200705,200,202,2002,VHSC-2026-01,2026-02-24,SOLD,2026-03-21,25,f,2136000000,2.00,0,2093280000,50000000,49000000,24,12,2.50,0,f
20260630,200706,200,202,2003,VHSC-2026-01,2026-03-07,SOLD,2026-04-02,26,f,2697600000,2.00,0,2643648000,48000000,47040000,24,12,2.50,0,f
20260630,200707,200,202,2004,VHSC-2026-01,2026-01-09,AVAILABLE,,172,t,3190320000,0.00,0,3190320000,56000000,56000000,24,12,2.50,0,f
20260630,200708,200,202,2005,VHSC-2026-01,2026-05-20,AVAILABLE,,41,f,1608200000,2.00,0,1576036000,55000000,53900000,24,12,2.50,0,f
20260630,200709,200,202,2006,VHSC-2026-01,2026-04-09,SOLD,2026-05-08,29,f,1969000000,2.00,0,1929620000,50000000,49000000,24,12,2.50,0,f
20260630,200710,200,202,2007,VHSC-2026-01,2026-01-15,SOLD,2026-02-14,30,f,2949120000,2.00,0,2890137600,48000000,47040000,24,12,2.50,0,t
20260630,200711,200,202,2008,VHSC-2026-01,2026-01-26,SOLD,2026-02-26,31,f,4085550000,2.00,0,4003839000,45000000,44100000,24,12,2.50,0,f
20260630,200712,200,202,2001,VHSC-2026-01,2026-02-13,AVAILABLE,,137,t,3833760000,0.00,0,3833760000,56000000,56000000,24,12,1.20,0,f
20260630,200713,200,202,2002,VHSC-2026-01,2026-02-17,SOLD,2026-03-22,33,f,2351500000,2.00,0,2304470000,50000000,49000000,24,12,2.50,0,f
20260630,200714,200,202,2003,VHSC-2026-01,2026-02-28,SOLD,2026-04-03,34,f,2754240000,2.00,0,2699155200,48000000,47040000,24,12,2.50,0,f
20260630,200715,200,202,2004,VHSC-2026-01,2026-03-11,SOLD,2026-04-15,35,f,3988800000,2.00,0,3909024000,45000000,44100000,24,12,2.50,0,f
20260630,200716,200,202,2005,VHSC-2026-01,2026-03-22,SOLD,2026-04-27,36,f,1626350000,2.00,0,1593823000,55000000,53900000,24,12,2.50,0,f
20260630,200717,200,202,2006,VHSC-2026-01,2026-04-02,SOLD,2026-05-09,37,f,1942500000,2.00,0,1903650000,50000000,49000000,24,12,2.50,0,f
20260630,200718,200,202,2007,VHSC-2026-01,2026-01-08,SOLD,2026-02-15,38,f,2732160000,2.00,0,2677516800,48000000,47040000,24,12,2.50,0,f
20260630,200719,200,202,2008,VHSC-2026-01,2026-01-19,SOLD,2026-02-27,39,f,4008150000,2.00,0,3927987000,45000000,44100000,24,12,2.50,0,f
20260630,200720,200,202,2001,VHSC-2026-01,2026-01-30,SOLD,2026-03-11,40,f,1670900000,2.00,0,1637482000,55000000,53900000,24,12,2.50,0,t
20260630,200721,200,202,2002,VHSC-2026-01,2026-05-24,AVAILABLE,,37,f,2179000000,2.00,0,2135420000,50000000,49000000,24,12,2.50,0,f
20260630,200722,200,202,2003,VHSC-2026-01,2026-05-27,AVAILABLE,,34,f,2941440000,2.00,0,2882611200,48000000,47040000,24,12,2.50,0,f
20260630,200723,200,202,2004,VHSC-2026-01,2026-03-04,SOLD,2026-04-16,43,f,3705300000,2.00,0,3631194000,45000000,44100000,24,12,2.50,0,f
20260630,200724,200,202,2005,VHSC-2026-01,2026-03-15,SOLD,2026-04-28,44,f,1626900000,2.00,0,1594362000,55000000,53900000,24,12,2.50,0,f
20260630,200725,200,202,2006,VHSC-2026-01,2026-03-26,SOLD,2026-05-10,45,f,2161500000,2.00,0,2118270000,50000000,49000000,24,12,2.50,0,f
20260630,200726,200,202,2007,VHSC-2026-01,2026-04-06,SOLD,2026-05-22,46,f,3148800000,2.00,0,3085824000,48000000,47040000,24,12,2.50,0,f
20260630,200727,200,202,2008,VHSC-2026-01,2026-05-07,AVAILABLE,,54,f,3662550000,2.00,0,3589299000,45000000,44100000,24,12,2.50,0,f
20260630,200728,200,202,2001,VHSC-2026-01,2026-01-23,SOLD,2026-03-12,48,f,1716000000,2.00,0,1681680000,55000000,53900000,24,12,2.50,0,f
20260630,200729,200,202,2002,VHSC-2026-01,2026-02-03,SOLD,2026-03-24,49,f,2188500000,2.00,0,2144730000,50000000,49000000,24,12,2.50,0,f
20260630,200730,200,202,2003,VHSC-2026-01,2026-02-04,AVAILABLE,,146,t,4230000000,2.00,0,4145400000,45000000,44100000,24,12,1.20,0,t
20260630,200731,200,202,2004,VHSC-2026-01,2026-02-25,SOLD,2026-04-17,51,f,3928950000,2.00,0,3850371000,45000000,44100000,24,12,2.50,0,f
20260630,200732,200,202,2005,VHSC-2026-01,2026-03-08,SOLD,2026-04-29,52,f,1901350000,2.00,0,1863323000,55000000,53900000,24,12,2.50,0,f
20260630,200733,200,202,2006,VHSC-2026-01,2026-01-11,AVAILABLE,,170,t,2835360000,2.00,0,2778652800,48000000,47040000,12,12,2.50,0,f
20260630,200734,200,202,2007,VHSC-2026-01,2026-05-28,AVAILABLE,,33,f,3042720000,2.00,0,2981865600,48000000,47040000,24,12,2.50,0,f
20260630,200735,200,202,2008,VHSC-2026-01,2026-01-05,SOLD,2026-03-01,55,f,4270500000,2.00,0,4185090000,45000000,44100000,24,12,2.50,0,f
20260630,200736,200,202,2001,VHSC-2026-01,2026-01-16,SOLD,2026-03-13,56,f,1827650000,2.00,0,1791097000,55000000,53900000,24,12,2.50,0,f
20260630,200737,200,202,2002,VHSC-2026-01,2026-02-08,AVAILABLE,,142,t,3163200000,0.00,0,3163200000,48000000,48000000,24,12,2.50,0,f
20260630,200738,200,202,2003,VHSC-2026-01,2026-02-07,SOLD,2026-04-06,58,f,3199200000,2.00,0,3135216000,48000000,47040000,24,12,2.50,0,f
20260630,200739,200,202,2004,VHSC-2026-01,2026-02-18,SOLD,2026-04-18,59,f,4167450000,2.00,0,4084101000,45000000,44100000,24,12,2.50,0,f
20260630,200740,200,202,2005,VHSC-2026-01,2026-05-11,AVAILABLE,,50,f,1918400000,2.00,0,1880032000,55000000,53900000,24,12,2.50,0,t
20260630,200741,200,202,2006,VHSC-2026-01,2026-03-12,SOLD,2026-05-12,61,f,2345500000,2.00,0,2298590000,50000000,49000000,24,12,2.50,0,f
20260630,200742,200,202,2007,VHSC-2026-01,2026-03-23,SOLD,2026-05-24,62,f,2747520000,2.00,0,2692569600,48000000,47040000,24,12,2.50,0,f
20260630,200743,200,202,2008,VHSC-2026-01,2026-04-03,SOLD,2026-06-05,63,f,3861000000,2.00,0,3783780000,45000000,44100000,24,12,2.50,0,f
20260630,200744,200,202,2001,VHSC-2026-01,2026-01-09,SOLD,2026-03-14,64,f,1816650000,2.00,0,1780317000,55000000,53900000,24,12,2.50,0,f
20260630,200745,200,202,2002,VHSC-2026-01,2026-01-20,SOLD,2026-02-09,20,f,2264000000,2.00,0,2218720000,50000000,49000000,24,12,2.50,0,f
20260630,200746,200,202,2003,VHSC-2026-01,2026-01-31,SOLD,2026-02-21,21,f,2735040000,2.00,0,2680339200,48000000,47040000,24,12,2.50,0,f
20260630,200747,200,202,2004,VHSC-2026-01,2026-01-19,AVAILABLE,,162,t,3357600000,2.00,0,3290448000,48000000,47040000,12,12,2.50,0,f
20260630,200748,200,202,2005,VHSC-2026-01,2026-02-22,SOLD,2026-03-17,23,f,1811150000,2.00,0,1774927000,55000000,53900000,24,12,2.50,0,f
20260630,200749,200,202,2006,VHSC-2026-01,2026-05-03,AVAILABLE,,58,f,2377500000,2.00,0,2329950000,50000000,49000000,24,12,2.50,0,f
20260630,200750,200,202,2007,VHSC-2026-01,2026-03-16,SOLD,2026-04-10,25,f,2858400000,2.00,0,2801232000,48000000,47040000,24,12,2.50,0,t
20260630,200751,200,202,2008,VHSC-2026-01,2026-03-27,SOLD,2026-04-22,26,f,3897450000,2.00,0,3819501000,45000000,44100000,24,12,2.50,0,f
20260630,200752,200,202,2001,VHSC-2026-01,2026-04-07,SOLD,2026-05-04,27,f,1894750000,2.00,0,1856855000,55000000,53900000,24,12,2.50,0,f
20260630,200753,200,202,2002,VHSC-2026-01,2026-01-13,SOLD,2026-02-10,28,f,2074500000,2.00,0,2033010000,50000000,49000000,24,12,2.50,0,f
20260630,200754,200,202,2003,VHSC-2026-01,2026-05-18,AVAILABLE,,43,f,3148800000,2.00,0,3085824000,48000000,47040000,24,12,2.50,0,f
20260630,200755,200,202,2004,VHSC-2026-01,2026-02-04,SOLD,2026-03-06,30,f,4134600000,2.00,0,4051908000,45000000,44100000,24,12,2.50,0,f
20260630,200756,200,202,2005,VHSC-2026-01,2026-02-15,SOLD,2026-03-18,31,f,1864500000,2.00,0,1827210000,55000000,53900000,24,12,2.50,0,f
20260630,200757,200,202,2006,VHSC-2026-01,2026-02-26,SOLD,2026-03-30,32,f,1917000000,2.00,0,1878660000,50000000,49000000,24,12,2.50,0,f
20260630,200758,200,202,2007,VHSC-2026-01,2026-03-09,SOLD,2026-04-11,33,f,3082560000,2.00,0,3020908800,48000000,47040000,24,12,2.50,0,f
20260630,200759,200,202,2008,VHSC-2026-01,2026-03-20,BOOKED,,102,f,4050000000,2.00,0,3969000000,45000000,44100000,24,12,2.50,0,f
20260630,200760,200,202,2001,VHSC-2026-01,2026-03-31,SOLD,2026-05-05,35,f,1802900000,2.00,0,1766842000,55000000,53900000,24,12,2.50,0,t
20260630,200761,200,202,2002,VHSC-2026-01,2026-01-06,SOLD,2026-02-11,36,f,2165000000,2.00,0,2121700000,50000000,49000000,24,12,2.50,0,f
20260630,200762,200,202,2003,VHSC-2026-01,2026-01-17,BOOKED,,164,f,2812800000,2.00,0,2756544000,48000000,47040000,24,12,2.50,0,f
20260630,200763,200,202,2004,VHSC-2026-01,2026-01-28,SOLD,2026-03-07,38,f,4216050000,2.00,0,4131729000,45000000,44100000,24,12,2.50,0,f
20260630,200764,200,202,2005,VHSC-2026-01,2026-02-08,SOLD,2026-03-19,39,f,1890900000,2.00,0,1853082000,55000000,53900000,24,12,2.50,0,f
20260630,200765,200,202,2006,VHSC-2026-01,2026-01-10,AVAILABLE,,171,t,3298400000,0.00,0,3298400000,56000000,56000000,24,12,2.50,0,f
20260630,200766,200,202,2007,VHSC-2026-01,2026-05-19,AVAILABLE,,42,f,2712480000,2.00,0,2658230400,48000000,47040000,24,12,2.50,0,f
20260630,200767,200,202,2008,VHSC-2026-01,2026-03-13,SOLD,2026-04-24,42,f,3929400000,2.00,0,3850812000,45000000,44100000,24,12,2.50,0,f
20260630,200768,200,202,2001,VHSC-2026-01,2026-05-25,AVAILABLE,,36,f,1617550000,2.00,0,1585199000,55000000,53900000,24,12,2.50,0,f
20260630,200769,200,202,2002,VHSC-2026-01,2026-04-04,SOLD,2026-05-18,44,f,1910500000,2.00,0,1872290000,50000000,49000000,24,12,2.50,0,f
20260630,200770,200,202,2003,VHSC-2026-01,2026-05-31,AVAILABLE,,30,f,3350400000,2.00,0,3283392000,48000000,47040000,24,12,2.50,0,t
20260630,200771,200,202,2004,VHSC-2026-01,2026-06-03,AVAILABLE,,27,f,3772800000,2.00,0,3697344000,45000000,44100000,24,12,2.50,0,f
20260630,200772,200,202,2005,VHSC-2026-01,2026-02-01,SOLD,2026-03-20,47,f,1598850000,2.00,0,1566873000,55000000,53900000,24,12,2.50,0,f
20260630,200773,200,202,2006,VHSC-2026-01,2026-02-12,SOLD,2026-04-01,48,f,2017000000,2.00,0,1976660000,50000000,49000000,24,12,2.50,0,f
20260630,200774,200,202,2007,VHSC-2026-01,2026-02-23,SOLD,2026-04-13,49,f,3129600000,2.00,0,3067008000,48000000,47040000,24,12,2.50,0,f
20260630,200775,200,202,2008,VHSC-2026-01,2026-02-04,AVAILABLE,,146,t,3269280000,2.00,0,3203894400,48000000,47040000,24,12,2.50,0,f
20260630,200776,200,202,2001,VHSC-2026-01,2026-02-11,AVAILABLE,,139,t,3560400000,0.00,0,3560400000,60000000,60000000,24,12,2.50,0,f
20260630,200777,200,202,2002,VHSC-2026-01,2026-03-28,SOLD,2026-05-19,52,f,2123000000,2.00,0,2080540000,50000000,49000000,24,12,2.50,0,f
20260630,200778,200,202,2003,VHSC-2026-01,2026-04-08,SOLD,2026-05-31,53,f,3182400000,2.00,0,3118752000,48000000,47040000,24,12,2.50,0,f
20260630,200779,200,202,2004,VHSC-2026-01,2026-01-14,SOLD,2026-03-09,54,f,4009500000,2.00,0,3929310000,45000000,44100000,24,12,2.50,0,f
20260630,200780,200,202,2005,VHSC-2026-01,2026-01-25,SOLD,2026-03-21,55,f,1619200000,2.00,0,1586816000,55000000,53900000,24,12,2.50,0,t
20260630,200781,200,202,2006,VHSC-2026-01,2026-02-05,SOLD,2026-04-02,56,f,2237500000,2.00,0,2192750000,50000000,49000000,24,12,2.50,0,f
20260630,200782,200,202,2007,VHSC-2026-01,2026-02-16,BOOKED,,134,f,2846880000,2.00,0,2789942400,48000000,47040000,24,12,2.50,0,f
20260630,200783,200,202,2008,VHSC-2026-01,2026-02-27,SOLD,2026-04-26,58,f,3783150000,2.00,0,3707487000,45000000,44100000,24,12,2.50,0,f
20260630,200784,200,202,2001,VHSC-2026-01,2026-05-03,AVAILABLE,,58,f,1607100000,2.00,0,1574958000,55000000,53900000,24,12,2.50,0,f
20260630,200785,200,202,2002,VHSC-2026-01,2026-03-21,SOLD,2026-05-20,60,f,2314500000,2.00,0,2268210000,50000000,49000000,24,12,2.50,0,f
20260630,200786,200,202,2003,VHSC-2026-01,2026-04-01,BOOKED,,90,f,2976000000,2.00,0,2916480000,48000000,47040000,24,12,2.50,0,f
20260630,200787,200,202,2004,VHSC-2026-01,2026-01-07,SOLD,2026-03-10,62,f,3782250000,2.00,0,3706605000,45000000,44100000,24,12,2.50,0,f
20260630,200788,200,202,2005,VHSC-2026-01,2026-01-18,SOLD,2026-03-22,63,f,1618100000,2.00,0,1585738000,55000000,53900000,24,12,2.50,0,f
20260630,200789,200,202,2006,VHSC-2026-01,2026-01-29,SOLD,2026-04-03,64,f,1918500000,2.00,0,1880130000,50000000,49000000,24,12,2.50,0,f
20260630,200790,200,202,2007,VHSC-2026-01,2026-02-09,SOLD,2026-03-01,20,f,2938080000,2.00,0,2879318400,48000000,47040000,24,12,2.50,0,t
20260630,200791,200,202,2008,VHSC-2026-01,2026-02-20,SOLD,2026-03-13,21,f,3773700000,2.00,0,3698226000,45000000,44100000,24,12,2.50,0,f
20260630,200792,200,202,2001,VHSC-2026-01,2026-01-19,AVAILABLE,,162,t,3692400000,0.00,0,3692400000,60000000,60000000,24,12,2.50,0,f
20260630,200793,200,202,2002,VHSC-2026-01,2026-01-26,AVAILABLE,,155,t,3129120000,2.00,0,3066537600,48000000,47040000,12,12,2.50,0,f
20260630,200794,200,202,2003,VHSC-2026-01,2026-03-25,SOLD,2026-04-18,24,f,2825280000,2.00,0,2768774400,48000000,47040000,24,12,2.50,0,f
20260630,200795,200,202,2004,VHSC-2026-01,2026-04-05,BOOKED,,86,f,3641400000,2.00,0,3568572000,45000000,44100000,24,12,2.50,0,f
20260630,200796,200,202,2005,VHSC-2026-01,2026-05-04,AVAILABLE,,57,f,1678600000,2.00,0,1645028000,55000000,53900000,24,12,2.50,0,f
20260630,200797,200,202,2006,VHSC-2026-01,2026-05-07,AVAILABLE,,54,f,2160500000,2.00,0,2117290000,50000000,49000000,24,12,2.50,0,f
20260630,200798,200,202,2007,VHSC-2026-01,2026-02-02,SOLD,2026-03-02,28,f,3088320000,2.00,0,3026553600,48000000,47040000,24,12,2.50,0,f
20260630,200799,200,202,2008,VHSC-2026-01,2026-02-13,SOLD,2026-03-14,29,f,4256550000,2.00,0,4171419000,45000000,44100000,24,12,2.50,0,f
20260630,200800,200,202,2001,VHSC-2026-01,2026-01-30,AVAILABLE,,151,t,3916640000,0.00,0,3916640000,56000000,56000000,24,12,2.50,0,t
20260630,200801,200,202,2002,VHSC-2026-01,2026-05-19,AVAILABLE,,42,f,2263000000,2.00,0,2217740000,50000000,49000000,24,12,2.50,0,f
20260630,200802,200,202,2003,VHSC-2026-01,2026-02-13,AVAILABLE,,137,t,3291360000,2.00,0,3225532800,48000000,47040000,24,12,1.20,0,f
20260630,200803,200,202,2004,VHSC-2026-01,2026-03-29,BOOKED,,93,f,4139550000,2.00,0,4056759000,45000000,44100000,24,12,2.50,0,f
20260630,200804,200,202,2005,VHSC-2026-01,2026-04-09,SOLD,2026-05-13,34,f,1734150000,2.00,0,1699467000,55000000,53900000,24,12,2.50,0,f
20260630,200805,200,202,2006,VHSC-2026-01,2026-01-15,SOLD,2026-02-19,35,f,2214500000,2.00,0,2170210000,50000000,49000000,24,12,2.50,0,f
20260630,200806,200,202,2007,VHSC-2026-01,2026-01-26,SOLD,2026-03-03,36,f,3334080000,2.00,0,3267398400,48000000,47040000,24,12,2.50,0,f
20260630,200807,200,202,2008,VHSC-2026-01,2026-02-06,SOLD,2026-03-15,37,f,3976650000,2.00,0,3897117000,45000000,44100000,24,12,2.50,0,f
20260630,200808,200,202,2001,VHSC-2026-01,2026-05-05,AVAILABLE,,56,f,1764400000,2.00,0,1729112000,55000000,53900000,24,12,2.50,0,f
20260630,200809,200,202,2002,VHSC-2026-01,2026-02-28,SOLD,2026-04-08,39,f,2261500000,2.00,0,2216270000,50000000,49000000,24,12,2.50,0,f
20260630,200810,200,202,2003,VHSC-2026-01,2026-03-11,SOLD,2026-04-20,40,f,3047520000,2.00,0,2986569600,48000000,47040000,24,12,2.50,0,t
20260630,200811,200,202,2004,VHSC-2026-01,2026-03-22,SOLD,2026-05-02,41,f,3719250000,2.00,0,3644865000,45000000,44100000,24,12,2.50,0,f
20260630,200812,200,202,2005,VHSC-2026-01,2026-04-02,SOLD,2026-05-14,42,f,1922800000,2.00,0,1884344000,55000000,53900000,24,12,2.50,0,f
20260630,200813,200,202,2006,VHSC-2026-01,2026-01-08,SOLD,2026-02-20,43,f,2003500000,2.00,0,1963430000,50000000,49000000,24,12,2.50,0,f
20260630,200814,200,202,2007,VHSC-2026-01,2026-05-23,AVAILABLE,,38,f,2988480000,2.00,0,2928710400,48000000,47040000,24,12,2.50,0,f
20260630,200815,200,202,2008,VHSC-2026-01,2026-01-30,BOOKED,,151,f,4225050000,2.00,0,4140549000,45000000,44100000,24,12,2.50,0,f
20260630,200816,200,202,2001,VHSC-2026-01,2026-05-29,AVAILABLE,,32,f,1631850000,2.00,0,1599213000,55000000,53900000,24,12,2.50,0,f
20260630,200817,200,202,2002,VHSC-2026-01,2026-02-21,SOLD,2026-04-09,47,f,1908000000,2.00,0,1869840000,50000000,49000000,24,12,2.50,0,f
20260630,200818,200,202,2003,VHSC-2026-01,2026-03-04,SOLD,2026-04-21,48,f,2920320000,2.00,0,2861913600,48000000,47040000,24,12,2.50,0,f
20260630,200819,200,202,2004,VHSC-2026-01,2026-03-15,SOLD,2026-05-03,49,f,3832200000,2.00,0,3755556000,45000000,44100000,24,12,2.50,0,f
20260630,200820,200,202,2005,VHSC-2026-01,2026-03-26,SOLD,2026-05-15,50,f,1683000000,2.00,0,1649340000,55000000,53900000,24,12,2.50,0,t
20260630,200821,200,202,2006,VHSC-2026-01,2026-05-09,AVAILABLE,,52,f,2311000000,2.00,0,2264780000,50000000,49000000,24,12,2.50,0,f
20260630,200822,200,202,2007,VHSC-2026-01,2026-01-12,SOLD,2026-03-05,52,f,3216000000,2.00,0,3151680000,48000000,47040000,24,12,2.50,0,f
20260630,200823,200,202,2008,VHSC-2026-01,2026-01-23,SOLD,2026-03-17,53,f,4259700000,2.00,0,4174506000,45000000,44100000,24,12,2.50,0,f
20260630,200824,200,202,2001,VHSC-2026-01,2026-02-03,SOLD,2026-03-29,54,f,1542200000,2.00,0,1511356000,55000000,53900000,24,12,2.50,0,f
20260630,200825,200,202,2002,VHSC-2026-01,2026-02-14,SOLD,2026-04-10,55,f,2074000000,2.00,0,2032520000,50000000,49000000,24,12,2.50,0,f
20260630,200826,200,202,2003,VHSC-2026-01,2026-05-24,AVAILABLE,,37,f,2668320000,2.00,0,2614953600,48000000,47040000,24,12,2.50,0,f
20260630,200827,200,202,2004,VHSC-2026-01,2026-03-08,SOLD,2026-05-04,57,f,3973500000,2.00,0,3894030000,45000000,44100000,24,12,2.50,0,f
20260630,200828,200,202,2005,VHSC-2026-01,2026-03-19,SOLD,2026-05-16,58,f,1761100000,2.00,0,1725878000,55000000,53900000,24,12,2.50,0,f
20260630,200829,200,202,2006,VHSC-2026-01,2026-03-30,SOLD,2026-05-28,59,f,2189500000,2.00,0,2145710000,50000000,49000000,24,12,2.50,0,f
20260630,200830,200,202,2007,VHSC-2026-01,2026-05-01,AVAILABLE,,60,f,3148320000,2.00,0,3085353600,48000000,47040000,24,12,2.50,0,t
20260630,200831,200,202,2008,VHSC-2026-01,2026-01-16,SOLD,2026-03-18,61,f,3936150000,2.00,0,3857427000,45000000,44100000,24,12,2.50,0,f
20260630,200832,200,202,2001,VHSC-2026-01,2026-01-27,SOLD,2026-03-30,62,f,1849100000,2.00,0,1812118000,55000000,53900000,24,12,2.50,0,f
20260630,200833,200,202,2002,VHSC-2026-01,2026-05-10,AVAILABLE,,51,f,1941000000,2.00,0,1902180000,50000000,49000000,24,12,2.50,0,f
20260630,200834,200,202,2003,VHSC-2026-01,2026-02-18,SOLD,2026-04-23,64,f,2813760000,2.00,0,2757484800,48000000,47040000,24,12,2.50,0,f
20260630,200835,200,202,2004,VHSC-2026-01,2026-03-01,SOLD,2026-03-21,20,f,3848400000,2.00,0,3771432000,45000000,44100000,24,12,2.50,0,f
20260630,200836,200,202,2005,VHSC-2026-01,2026-03-12,BOOKED,,110,f,1557600000,2.00,0,1526448000,55000000,53900000,24,12,2.50,0,f
20260630,200837,200,202,2006,VHSC-2026-01,2026-03-23,SOLD,2026-04-14,22,f,2368500000,2.00,0,2321130000,50000000,49000000,24,12,2.50,0,f
20260630,200838,200,202,2007,VHSC-2026-01,2026-01-26,AVAILABLE,,155,t,2281500000,2.00,0,2235870000,50000000,49000000,24,12,1.20,0,f
20260630,200839,200,202,2008,VHSC-2026-01,2026-01-09,SOLD,2026-02-02,24,f,3826350000,2.00,0,3749823000,45000000,44100000,24,12,2.50,0,f
20260630,200840,200,202,2001,VHSC-2026-01,2026-01-20,SOLD,2026-02-14,25,f,1780900000,2.00,0,1745282000,55000000,53900000,24,12,2.50,0,t
20260630,200841,200,202,2002,VHSC-2026-01,2026-01-31,SOLD,2026-02-26,26,f,2319000000,2.00,0,2272620000,50000000,49000000,24,12,2.50,0,f
20260630,200842,200,202,2003,VHSC-2026-01,2026-02-11,SOLD,2026-03-10,27,f,2944320000,2.00,0,2885433600,48000000,47040000,24,12,2.50,0,f
20260630,200843,200,202,2004,VHSC-2026-01,2026-02-22,SOLD,2026-03-22,28,f,4270950000,2.00,0,4185531000,45000000,44100000,24,12,2.50,0,f
20260630,200844,200,202,2005,VHSC-2026-01,2026-03-05,SOLD,2026-04-03,29,f,1906300000,2.00,0,1868174000,55000000,53900000,24,12,2.50,0,f
20260630,200845,200,202,2006,VHSC-2026-01,2026-03-16,SOLD,2026-04-15,30,f,2025500000,2.00,0,1984990000,50000000,49000000,24,12,2.50,0,f
20260630,200846,200,202,2007,VHSC-2026-01,2026-03-27,SOLD,2026-04-27,31,f,3027360000,2.00,0,2966812800,48000000,47040000,24,12,2.50,0,f
20260630,200847,200,202,2008,VHSC-2026-01,2026-04-07,SOLD,2026-05-09,32,f,4025700000,2.00,0,3945186000,45000000,44100000,24,12,2.50,0,f
20260630,200848,200,202,2001,VHSC-2026-01,2026-01-13,BOOKED,,168,f,1902450000,2.00,0,1864401000,55000000,53900000,24,12,2.50,0,f
20260630,200849,200,202,2002,VHSC-2026-01,2026-01-24,SOLD,2026-02-27,34,f,2063000000,2.00,0,2021740000,50000000,49000000,24,12,2.50,0,f
20260630,200850,200,202,2003,VHSC-2026-01,2026-02-04,SOLD,2026-03-11,35,f,3278880000,2.00,0,3213302400,48000000,47040000,24,12,2.50,0,t
20260630,200851,200,202,2004,VHSC-2026-01,2026-02-15,SOLD,2026-03-23,36,f,4143600000,2.00,0,4060728000,45000000,44100000,24,12,2.50,0,f
20260630,200852,200,202,2005,VHSC-2026-01,2026-02-03,AVAILABLE,,147,t,4029600000,0.00,0,4029600000,60000000,60000000,24,12,2.50,0,f
20260630,200853,200,202,2006,VHSC-2026-01,2026-03-09,SOLD,2026-04-16,38,f,2325500000,2.00,0,2278990000,50000000,49000000,24,12,2.50,0,f
20260630,200854,200,202,2007,VHSC-2026-01,2026-03-20,SOLD,2026-04-28,39,f,3203040000,2.00,0,3138979200,48000000,47040000,24,12,2.50,0,f
20260630,200855,200,202,2008,VHSC-2026-01,2026-03-31,SOLD,2026-05-10,40,f,3820500000,2.00,0,3744090000,45000000,44100000,24,12,2.50,0,f
20260630,200856,200,202,2001,VHSC-2026-01,2026-01-06,SOLD,2026-02-16,41,f,1791900000,2.00,0,1756062000,55000000,53900000,24,12,2.50,0,f
20260630,200857,200,202,2002,VHSC-2026-01,2026-01-17,SOLD,2026-02-28,42,f,2214000000,2.00,0,2169720000,50000000,49000000,24,12,2.50,0,f
20260630,200858,200,202,2003,VHSC-2026-01,2026-05-15,AVAILABLE,,46,f,3066240000,2.00,0,3004915200,48000000,47040000,24,12,2.50,0,f
20260630,200859,200,202,2004,VHSC-2026-01,2026-02-08,BOOKED,,142,f,3735000000,2.00,0,3660300000,45000000,44100000,24,12,2.50,0,f
20260630,200860,200,202,2005,VHSC-2026-01,2026-02-19,SOLD,2026-04-05,45,f,1817750000,2.00,0,1781395000,55000000,53900000,24,12,2.50,0,t
20260630,200861,200,202,2006,VHSC-2026-01,2026-03-02,SOLD,2026-04-17,46,f,2151500000,2.00,0,2108470000,50000000,49000000,24,12,2.50,0,f
20260630,200862,200,202,2007,VHSC-2026-01,2026-03-13,SOLD,2026-04-29,47,f,3000000000,2.00,0,2940000000,48000000,47040000,24,12,2.50,0,f
20260630,200863,200,202,2008,VHSC-2026-01,2026-05-30,AVAILABLE,,31,f,4232250000,2.00,0,4147605000,45000000,44100000,24,12,2.50,0,f
20260630,200864,200,202,2001,VHSC-2026-01,2026-04-04,SOLD,2026-05-23,49,f,1907950000,2.00,0,1869791000,55000000,53900000,24,12,2.50,0,f
20260630,200865,200,202,2002,VHSC-2026-01,2026-01-10,SOLD,2026-03-01,50,f,2399500000,2.00,0,2351510000,50000000,49000000,24,12,2.50,0,f
20260630,200866,200,202,2003,VHSC-2026-01,2026-01-21,SOLD,2026-03-13,51,f,2865600000,2.00,0,2808288000,48000000,47040000,24,12,2.50,0,f
20260630,200867,200,202,2004,VHSC-2026-01,2026-02-01,SOLD,2026-03-25,52,f,4165650000,2.00,0,4082337000,45000000,44100000,24,12,2.50,0,f
20260630,200868,200,202,2005,VHSC-2026-01,2026-02-12,SOLD,2026-04-06,53,f,1788600000,2.00,0,1752828000,55000000,53900000,24,12,2.50,0,f
20260630,200869,200,202,2006,VHSC-2026-01,2026-02-23,SOLD,2026-04-18,54,f,2030500000,2.00,0,1989890000,50000000,49000000,24,12,2.50,0,f
20260630,200870,200,202,2007,VHSC-2026-01,2026-03-06,SOLD,2026-04-30,55,f,3198240000,2.00,0,3134275200,48000000,47040000,24,12,2.50,0,t
20260630,200871,200,202,2008,VHSC-2026-01,2026-03-17,BOOKED,,105,f,3934800000,2.00,0,3856104000,45000000,44100000,24,12,2.50,0,f
20260630,200872,200,202,2001,VHSC-2026-01,2026-03-28,SOLD,2026-05-24,57,f,1564200000,2.00,0,1532916000,55000000,53900000,24,12,2.50,0,f
20260630,200873,200,202,2002,VHSC-2026-01,2026-04-08,SOLD,2026-06-05,58,f,2016000000,2.00,0,1975680000,50000000,49000000,24,12,2.50,0,f
20260630,200874,200,202,2003,VHSC-2026-01,2026-05-28,AVAILABLE,,33,f,3217920000,2.00,0,3153561600,48000000,47040000,24,12,2.50,0,f
20260630,200875,200,202,2004,VHSC-2026-01,2026-01-25,SOLD,2026-03-26,60,f,4080150000,2.00,0,3998547000,45000000,44100000,24,12,2.50,0,f
20260630,200876,200,202,2005,VHSC-2026-01,2026-02-05,BOOKED,,145,f,1544400000,2.00,0,1513512000,55000000,53900000,24,12,2.50,0,f
20260630,200877,200,202,2006,VHSC-2026-01,2026-02-16,SOLD,2026-04-19,62,f,1988500000,2.00,0,1948730000,50000000,49000000,24,12,2.50,0,f
20260630,200878,200,202,2007,VHSC-2026-01,2026-02-05,AVAILABLE,,145,t,3004800000,0.00,0,3004800000,48000000,48000000,24,12,2.50,0,f
20260630,200879,200,202,2008,VHSC-2026-01,2026-03-10,SOLD,2026-05-13,64,f,4127850000,2.00,0,4045293000,45000000,44100000,24,12,2.50,0,f
20260630,200880,200,202,2001,VHSC-2026-01,2026-03-21,SOLD,2026-04-10,20,f,1788600000,2.00,0,1752828000,55000000,53900000,24,12,2.50,0,t
20260630,200881,200,202,2002,VHSC-2026-01,2026-05-14,AVAILABLE,,47,f,2387000000,2.00,0,2339260000,50000000,49000000,24,12,2.50,0,f
20260630,200882,200,202,2003,VHSC-2026-01,2026-01-07,SOLD,2026-01-29,22,f,2841120000,2.00,0,2784297600,48000000,47040000,24,12,2.50,0,f
20260630,200883,200,202,2004,VHSC-2026-01,2026-01-18,SOLD,2026-02-10,23,f,4131900000,2.00,0,4049262000,45000000,44100000,24,12,2.50,0,f
20260630,200884,200,202,2005,VHSC-2026-01,2026-01-29,SOLD,2026-02-22,24,f,1702250000,2.00,0,1668205000,55000000,53900000,24,12,2.50,0,f
20260630,200885,200,202,2006,VHSC-2026-01,2026-02-09,SOLD,2026-03-06,25,f,2220000000,2.00,0,2175600000,50000000,49000000,24,12,2.50,0,f
20260630,200886,200,202,2007,VHSC-2026-01,2026-02-20,SOLD,2026-03-18,26,f,2811360000,2.00,0,2755132800,48000000,47040000,24,12,2.50,0,f
20260630,200887,200,202,2008,VHSC-2026-01,2026-03-03,BOOKED,,119,f,3625650000,2.00,0,3553137000,45000000,44100000,24,12,2.50,0,f
20260630,200888,200,202,2001,VHSC-2026-01,2026-03-14,BOOKED,,108,f,1587300000,2.00,0,1555554000,55000000,53900000,24,12,2.50,0,f
20260630,200889,200,202,2002,VHSC-2026-01,2026-03-25,SOLD,2026-04-23,29,f,2044000000,2.00,0,2003120000,50000000,49000000,24,12,2.50,0,f
20260630,200890,200,202,2003,VHSC-2026-01,2026-05-06,AVAILABLE,,55,f,3163200000,2.00,0,3099936000,48000000,47040000,24,12,2.50,0,t
20260630,200891,200,202,2004,VHSC-2026-01,2026-05-09,AVAILABLE,,52,f,4145850000,2.00,0,4062933000,45000000,44100000,24,12,2.50,0,f
20260630,200892,200,202,2005,VHSC-2026-01,2026-01-22,SOLD,2026-02-23,32,f,1577950000,2.00,0,1546391000,55000000,53900000,24,12,2.50,0,f
20260630,200893,200,202,2006,VHSC-2026-01,2026-02-02,SOLD,2026-03-07,33,f,2271500000,2.00,0,2226070000,50000000,49000000,24,12,2.50,0,f
20260630,200894,200,202,2007,VHSC-2026-01,2026-02-13,SOLD,2026-03-19,34,f,3077760000,2.00,0,3016204800,48000000,47040000,24,12,2.50,0,f
20260630,200895,200,202,2008,VHSC-2026-01,2026-02-24,SOLD,2026-03-31,35,f,3811950000,2.00,0,3735711000,45000000,44100000,24,12,2.50,0,f
20260630,200896,200,202,2001,VHSC-2026-01,2026-03-07,SOLD,2026-04-12,36,f,1823800000,2.00,0,1787324000,55000000,53900000,24,12,2.50,0,f
20260630,200897,200,202,2002,VHSC-2026-01,2026-02-03,AVAILABLE,,147,t,4230000000,2.00,0,4145400000,45000000,44100000,24,12,2.50,0,f
20260630,200898,200,202,2003,VHSC-2026-01,2026-03-29,SOLD,2026-05-06,38,f,2762400000,2.00,0,2707152000,48000000,47040000,24,12,2.50,0,f
20260630,200899,200,202,2004,VHSC-2026-01,2026-04-09,SOLD,2026-05-18,39,f,4119300000,2.00,0,4036914000,45000000,44100000,24,12,2.50,0,f
20260630,200900,200,202,2005,VHSC-2026-01,2026-01-15,SOLD,2026-02-24,40,f,1829850000,2.00,0,1793253000,55000000,53900000,24,12,2.50,0,t
20260630,200901,200,202,2006,VHSC-2026-01,2026-01-26,SOLD,2026-03-08,41,f,2320000000,2.00,0,2273600000,50000000,49000000,24,12,2.50,0,f
20260630,200902,200,202,2007,VHSC-2026-01,2026-02-06,SOLD,2026-03-20,42,f,3007200000,2.00,0,2947056000,48000000,47040000,24,12,2.50,0,f
20260630,200903,200,202,2008,VHSC-2026-01,2026-02-17,SOLD,2026-04-01,43,f,3982950000,2.00,0,3903291000,45000000,44100000,24,12,2.50,0,f
20260630,200904,200,202,2001,VHSC-2026-01,2026-02-28,SOLD,2026-04-13,44,f,1917850000,2.00,0,1879493000,55000000,53900000,24,12,2.50,0,f
20260630,200905,200,202,2002,VHSC-2026-01,2026-03-11,SOLD,2026-04-25,45,f,2237500000,2.00,0,2192750000,50000000,49000000,24,12,2.50,0,f
20260630,200906,200,202,2003,VHSC-2026-01,2026-03-22,SOLD,2026-05-07,46,f,2779680000,2.00,0,2724086400,48000000,47040000,24,12,2.50,0,f
20260630,200907,200,202,2004,VHSC-2026-01,2026-05-22,AVAILABLE,,39,f,3921750000,2.00,0,3843315000,45000000,44100000,24,12,2.50,0,f
20260630,200908,200,202,2005,VHSC-2026-01,2026-01-08,BOOKED,,173,f,1835350000,2.00,0,1798643000,55000000,53900000,24,12,2.50,0,f
20260630,200909,200,202,2006,VHSC-2026-01,2026-01-28,AVAILABLE,,153,t,2996640000,2.00,0,2936707200,48000000,47040000,12,12,2.50,0,f
20260630,200910,200,202,2007,VHSC-2026-01,2026-01-30,SOLD,2026-03-21,50,f,3108480000,2.00,0,3046310400,48000000,47040000,24,12,2.50,0,t
20260630,200911,200,202,2008,VHSC-2026-01,2026-02-10,SOLD,2026-04-02,51,f,3883050000,2.00,0,3805389000,45000000,44100000,24,12,2.50,0,f
20260630,200912,200,202,2001,VHSC-2026-01,2026-02-21,SOLD,2026-04-14,52,f,1669250000,2.00,0,1635865000,55000000,53900000,24,12,2.50,0,f
20260630,200913,200,202,2002,VHSC-2026-01,2026-05-05,AVAILABLE,,56,f,2158000000,2.00,0,2114840000,50000000,49000000,24,12,2.50,0,f
20260630,200914,200,202,2003,VHSC-2026-01,2026-03-15,SOLD,2026-05-08,54,f,2824320000,2.00,0,2767833600,48000000,47040000,24,12,2.50,0,f
20260630,200915,200,202,2004,VHSC-2026-01,2026-03-26,SOLD,2026-05-20,55,f,3941100000,2.00,0,3862278000,45000000,44100000,24,12,2.50,0,f
20260630,200916,200,202,2005,VHSC-2026-01,2026-04-06,SOLD,2026-06-01,56,f,1573550000,2.00,0,1542079000,55000000,53900000,24,12,2.50,0,f
20260630,200917,200,202,2006,VHSC-2026-01,2026-05-17,AVAILABLE,,44,f,2026500000,2.00,0,1985970000,50000000,49000000,24,12,2.50,0,f
20260630,200918,200,202,2007,VHSC-2026-01,2026-01-23,SOLD,2026-03-22,58,f,2953440000,2.00,0,2894371200,48000000,47040000,24,12,2.50,0,f
20260630,200919,200,202,2008,VHSC-2026-01,2026-05-23,AVAILABLE,,38,f,3980700000,2.00,0,3901086000,45000000,44100000,24,12,2.50,0,f
20260630,200920,200,202,2001,VHSC-2026-01,2026-02-14,SOLD,2026-04-15,60,f,1702800000,2.00,0,1668744000,55000000,53900000,24,12,2.50,0,t
20260630,200921,200,202,2002,VHSC-2026-01,2026-02-25,SOLD,2026-04-27,61,f,2308500000,2.00,0,2262330000,50000000,49000000,24,12,2.50,0,f
20260630,200922,200,202,2003,VHSC-2026-01,2026-03-08,SOLD,2026-05-09,62,f,2842080000,2.00,0,2785238400,48000000,47040000,24,12,2.50,0,f
20260630,200923,200,202,2004,VHSC-2026-01,2026-03-19,SOLD,2026-05-21,63,f,3694050000,2.00,0,3620169000,45000000,44100000,24,12,2.50,0,f
20260630,200924,200,202,2005,VHSC-2026-01,2026-05-03,AVAILABLE,,58,f,1662100000,2.00,0,1628858000,55000000,53900000,24,12,2.50,0,f
20260630,200925,200,202,2006,VHSC-2026-01,2026-01-05,SOLD,2026-01-25,20,f,1957000000,2.00,0,1917860000,50000000,49000000,24,12,2.50,0,f
20260630,200926,200,202,2007,VHSC-2026-01,2026-01-16,SOLD,2026-02-06,21,f,2707680000,2.00,0,2653526400,48000000,47040000,24,12,2.50,0,f
20260630,200927,200,202,2008,VHSC-2026-01,2026-01-27,SOLD,2026-02-18,22,f,3703950000,2.00,0,3629871000,45000000,44100000,24,12,2.50,0,f
20260630,200928,200,202,2001,VHSC-2026-01,2026-02-07,SOLD,2026-03-02,23,f,1714350000,2.00,0,1680063000,55000000,53900000,24,12,2.50,0,f
20260630,200929,200,202,2002,VHSC-2026-01,2026-02-02,AVAILABLE,,148,t,3066240000,2.00,0,3004915200,48000000,47040000,24,12,2.50,0,f
20260630,200930,200,202,2003,VHSC-2026-01,2026-03-01,SOLD,2026-03-26,25,f,2641920000,2.00,0,2589081600,48000000,47040000,24,12,2.50,0,t
20260630,200931,200,202,2004,VHSC-2026-01,2026-02-16,AVAILABLE,,134,t,3170400000,0.00,0,3170400000,48000000,48000000,24,12,2.50,0,f
20260630,200932,200,202,2005,VHSC-2026-01,2026-03-23,SOLD,2026-04-19,27,f,1565300000,2.00,0,1533994000,55000000,53900000,24,12,2.50,0,f
20260630,200933,200,202,2006,VHSC-2026-01,2026-04-03,SOLD,2026-05-01,28,f,2178500000,2.00,0,2134930000,50000000,49000000,24,12,2.50,0,f
20260630,200934,200,202,2007,VHSC-2026-01,2026-01-23,AVAILABLE,,158,t,3117600000,2.00,0,3055248000,48000000,47040000,24,12,1.20,0,f
20260630,200935,200,202,2008,VHSC-2026-01,2026-01-20,SOLD,2026-02-19,30,f,4208400000,2.00,0,4124232000,45000000,44100000,24,12,2.50,0,f
20260630,200936,200,202,2001,VHSC-2026-01,2026-01-31,BOOKED,,150,f,1648350000,2.00,0,1615383000,55000000,53900000,24,12,2.50,0,f
20260630,200937,200,202,2002,VHSC-2026-01,2026-05-07,AVAILABLE,,54,f,2373500000,2.00,0,2326030000,50000000,49000000,24,12,2.50,0,f
20260630,200938,200,202,2003,VHSC-2026-01,2026-05-10,AVAILABLE,,51,f,3098880000,2.00,0,3036902400,48000000,47040000,24,12,2.50,0,f
20260630,200939,200,202,2004,VHSC-2026-01,2026-03-05,SOLD,2026-04-08,34,f,3888450000,2.00,0,3810681000,45000000,44100000,24,12,2.50,0,f
20260630,200940,200,202,2005,VHSC-2026-01,2026-05-16,AVAILABLE,,45,f,1777600000,2.00,0,1742048000,55000000,53900000,24,12,2.50,0,t
20260630,200941,200,202,2006,VHSC-2026-01,2026-03-27,SOLD,2026-05-02,36,f,2082500000,2.00,0,2040850000,50000000,49000000,24,12,2.50,0,f
20260630,200942,200,202,2007,VHSC-2026-01,2026-04-07,SOLD,2026-05-14,37,f,3047520000,2.00,0,2986569600,48000000,47040000,24,12,2.50,0,f
20260630,200943,200,202,2008,VHSC-2026-01,2026-01-13,BOOKED,,168,f,3779100000,2.00,0,3703518000,45000000,44100000,24,12,2.50,0,f
20260630,200944,200,202,2001,VHSC-2026-01,2026-01-24,SOLD,2026-03-04,39,f,1603250000,2.00,0,1571185000,55000000,53900000,24,12,2.50,0,f
20260630,200945,200,202,2002,VHSC-2026-01,2026-02-04,SOLD,2026-03-16,40,f,2291000000,2.00,0,2245180000,50000000,49000000,24,12,2.50,0,f
20260630,200946,200,202,2003,VHSC-2026-01,2026-01-17,AVAILABLE,,164,t,2251000000,2.00,0,2205980000,50000000,49000000,24,12,1.20,0,f
20260630,200947,200,202,2004,VHSC-2026-01,2026-02-26,SOLD,2026-04-09,42,f,3862800000,2.00,0,3785544000,45000000,44100000,24,12,2.50,0,f
20260630,200948,200,202,2005,VHSC-2026-01,2026-05-05,AVAILABLE,,56,f,1788050000,2.00,0,1752289000,55000000,53900000,24,12,2.50,0,f
20260630,200949,200,202,2006,VHSC-2026-01,2026-03-20,BOOKED,,102,f,2282000000,2.00,0,2236360000,50000000,49000000,24,12,2.50,0,f
20260630,200950,200,202,2007,VHSC-2026-01,2026-05-11,AVAILABLE,,50,f,2807040000,2.00,0,2750899200,48000000,47040000,24,12,2.50,0,t
20260630,200951,200,202,2008,VHSC-2026-01,2026-01-06,SOLD,2026-02-21,46,f,3980250000,2.00,0,3900645000,45000000,44100000,24,12,2.50,0,f
20260630,200952,200,202,2001,VHSC-2026-01,2026-01-17,SOLD,2026-03-05,47,f,1546050000,2.00,0,1515129000,55000000,53900000,24,12,2.50,0,f
20260630,200953,200,202,2002,VHSC-2026-01,2026-01-28,SOLD,2026-03-17,48,f,2013500000,2.00,0,1973230000,50000000,49000000,24,12,2.50,0,f
20260630,200954,200,202,2003,VHSC-2026-01,2026-02-08,SOLD,2026-03-29,49,f,3023040000,2.00,0,2962579200,48000000,47040000,24,12,2.50,0,f
20260630,200955,200,202,2004,VHSC-2026-01,2026-05-26,AVAILABLE,,35,f,3827700000,2.00,0,3751146000,45000000,44100000,24,12,2.50,0,f
20260630,200956,200,202,2005,VHSC-2026-01,2026-05-29,AVAILABLE,,32,f,1682450000,2.00,0,1648801000,55000000,53900000,24,12,2.50,0,f
20260630,200957,200,202,2006,VHSC-2026-01,2026-03-13,SOLD,2026-05-04,52,f,2211000000,2.00,0,2166780000,50000000,49000000,24,12,2.50,0,f
20260630,200958,200,202,2007,VHSC-2026-01,2026-06-04,AVAILABLE,,26,f,3170880000,2.00,0,3107462400,48000000,47040000,24,12,2.50,0,f
20260630,200959,200,202,2008,VHSC-2026-01,2026-04-04,SOLD,2026-05-28,54,f,3793500000,2.00,0,3717630000,45000000,44100000,24,12,2.50,0,f
20260630,200960,200,202,2001,VHSC-2026-01,2026-01-10,SOLD,2026-03-06,55,f,1763300000,2.00,0,1728034000,55000000,53900000,24,12,2.50,0,t
20260630,200961,200,202,2002,VHSC-2026-01,2026-01-21,SOLD,2026-03-18,56,f,2348500000,2.00,0,2301530000,50000000,49000000,24,12,2.50,0,f
20260630,200962,200,202,2003,VHSC-2026-01,2026-02-01,SOLD,2026-03-30,57,f,2764320000,2.00,0,2709033600,48000000,47040000,24,12,2.50,0,f
20260630,200963,200,202,2004,VHSC-2026-01,2026-02-12,SOLD,2026-04-11,58,f,4094550000,2.00,0,4012659000,45000000,44100000,24,12,2.50,0,f
20260630,200964,200,202,2005,VHSC-2026-01,2026-02-23,SOLD,2026-04-23,59,f,1678050000,2.00,0,1644489000,55000000,53900000,24,12,2.50,0,f
20260630,200965,200,202,2006,VHSC-2026-01,2026-05-21,AVAILABLE,,40,f,1925000000,2.00,0,1886500000,50000000,49000000,24,12,2.50,0,f
20260630,200966,200,202,2007,VHSC-2026-01,2026-03-17,BOOKED,,105,f,2723520000,2.00,0,2669049600,48000000,47040000,24,12,2.50,0,f
20260630,200967,200,202,2008,VHSC-2026-01,2026-03-28,SOLD,2026-05-29,62,f,4018500000,2.00,0,3938130000,45000000,44100000,24,12,2.50,0,f
20260630,200968,200,202,2001,VHSC-2026-01,2026-04-08,SOLD,2026-06-10,63,f,1848000000,2.00,0,1811040000,55000000,53900000,24,12,2.50,0,f
20260630,200969,200,202,2002,VHSC-2026-01,2026-02-12,AVAILABLE,,138,t,4230000000,2.00,0,4145400000,45000000,44100000,24,12,2.50,0,f
20260630,200970,200,202,2003,VHSC-2026-01,2026-01-25,SOLD,2026-02-14,20,f,3030720000,2.00,0,2970105600,48000000,47040000,24,12,2.50,0,t
20260630,200971,200,202,2004,VHSC-2026-01,2026-01-12,AVAILABLE,,169,t,2838720000,2.00,0,2781945600,48000000,47040000,24,12,2.50,0,f
20260630,200972,200,202,2005,VHSC-2026-01,2026-02-16,SOLD,2026-03-10,22,f,1665950000,2.00,0,1632631000,55000000,53900000,24,12,2.50,0,f
20260630,200973,200,202,2006,VHSC-2026-01,2026-02-27,SOLD,2026-03-22,23,f,2144500000,2.00,0,2101610000,50000000,49000000,24,12,2.50,0,f
20260630,200974,200,202,2007,VHSC-2026-01,2026-05-13,AVAILABLE,,48,f,3254880000,2.00,0,3189782400,48000000,47040000,24,12,2.50,0,f
20260630,200975,200,202,2008,VHSC-2026-01,2026-03-21,SOLD,2026-04-15,25,f,3865950000,2.00,0,3788631000,45000000,44100000,24,12,2.50,0,f
20260630,200976,200,202,2001,VHSC-2026-01,2026-04-01,SOLD,2026-04-27,26,f,1828200000,2.00,0,1791636000,55000000,53900000,24,12,2.50,0,f
20260630,200977,200,202,2002,VHSC-2026-01,2026-01-07,SOLD,2026-02-03,27,f,2127000000,2.00,0,2084460000,50000000,49000000,24,12,2.50,0,f
20260630,200978,200,202,2003,VHSC-2026-01,2026-01-18,SOLD,2026-02-15,28,f,2796000000,2.00,0,2740080000,48000000,47040000,24,12,2.50,0,f
20260630,200979,200,202,2004,VHSC-2026-01,2026-01-29,SOLD,2026-02-27,29,f,3933900000,2.00,0,3855222000,45000000,44100000,24,12,2.50,0,f
20260630,200980,200,202,2005,VHSC-2026-01,2026-02-09,SOLD,2026-03-11,30,f,1651650000,2.00,0,1618617000,55000000,53900000,24,12,2.50,0,t
20260630,200981,200,202,2006,VHSC-2026-01,2026-02-20,BOOKED,,130,f,2236000000,2.00,0,2191280000,50000000,49000000,24,12,2.50,0,f
20260630,200982,200,202,2007,VHSC-2026-01,2026-05-02,AVAILABLE,,59,f,2684160000,2.00,0,2630476800,48000000,47040000,24,12,2.50,0,f
20260630,200983,200,202,2008,VHSC-2026-01,2026-03-14,BOOKED,,108,f,3717000000,2.00,0,3642660000,45000000,44100000,24,12,2.50,0,f
20260630,200984,200,202,2001,VHSC-2026-01,2026-03-25,SOLD,2026-04-28,34,f,1639550000,2.00,0,1606759000,55000000,53900000,24,12,2.50,0,f
20260630,200985,200,202,2002,VHSC-2026-01,2026-04-05,SOLD,2026-05-10,35,f,2390500000,2.00,0,2342690000,50000000,49000000,24,12,2.50,0,f
20260630,200986,200,202,2003,VHSC-2026-01,2026-05-14,AVAILABLE,,47,f,3230400000,2.00,0,3165792000,48000000,47040000,24,12,2.50,0,f
20260630,200987,200,202,2004,VHSC-2026-01,2026-01-22,SOLD,2026-02-28,37,f,4041000000,2.00,0,3960180000,45000000,44100000,24,12,2.50,0,f
20260630,200988,200,202,2005,VHSC-2026-01,2026-02-02,SOLD,2026-03-12,38,f,1903000000,2.00,0,1864940000,55000000,53900000,24,12,2.50,0,f
20260630,200989,200,202,2006,VHSC-2026-01,2026-02-13,SOLD,2026-03-24,39,f,2022500000,2.00,0,1982050000,50000000,49000000,24,12,2.50,0,f
20260630,200990,200,202,2007,VHSC-2026-01,2026-02-24,SOLD,2026-04-05,40,f,3293280000,2.00,0,3227414400,48000000,47040000,24,12,2.50,0,t
20260630,200991,200,202,2008,VHSC-2026-01,2026-03-07,BOOKED,,115,f,3891150000,2.00,0,3813327000,45000000,44100000,24,12,2.50,0,f
20260630,200992,200,202,2001,VHSC-2026-01,2026-06-01,AVAILABLE,,29,f,1851850000,2.00,0,1814813000,55000000,53900000,24,12,2.50,0,f
20260630,200993,200,202,2002,VHSC-2026-01,2026-03-29,SOLD,2026-05-11,43,f,2314500000,2.00,0,2268210000,50000000,49000000,24,12,2.50,0,f
20260630,200994,200,202,2003,VHSC-2026-01,2026-04-09,SOLD,2026-05-23,44,f,3108480000,2.00,0,3046310400,48000000,47040000,24,12,2.50,0,f
20260630,200995,200,202,2004,VHSC-2026-01,2026-01-15,BOOKED,,166,f,3863700000,2.00,0,3786426000,45000000,44100000,24,12,2.50,0,f
20260630,200996,200,202,2005,VHSC-2026-01,2026-05-09,AVAILABLE,,52,f,1734700000,2.00,0,1700006000,55000000,53900000,24,12,2.50,0,f
20260630,200997,200,202,2006,VHSC-2026-01,2026-02-06,SOLD,2026-03-25,47,f,2343000000,2.00,0,2296140000,50000000,49000000,24,12,2.50,0,f
20260630,200998,200,202,2007,VHSC-2026-01,2026-01-21,AVAILABLE,,160,t,4230000000,2.00,0,4145400000,45000000,44100000,24,12,2.50,0,f
20260630,200999,200,202,2008,VHSC-2026-01,2026-02-28,SOLD,2026-04-18,49,f,3683250000,2.00,0,3609585000,45000000,44100000,24,12,2.50,0,f
20260630,201000,200,202,2001,VHSC-2026-01,2026-03-11,SOLD,2026-04-30,50,f,1756150000,2.00,0,1721027000,55000000,53900000,24,12,2.50,0,t
20260630,201001,200,203,2002,VHSC-2026-01,2026-03-22,SOLD,2026-05-12,51,f,2239000000,2.00,0,2194220000,50000000,49000000,24,12,2.50,0,f
20260630,201002,200,203,2003,VHSC-2026-01,2026-04-02,SOLD,2026-05-24,52,f,2642400000,2.00,0,2589552000,48000000,47040000,24,12,2.50,0,f
20260630,201003,200,203,2004,VHSC-2026-01,2026-05-30,AVAILABLE,,31,f,4160250000,2.00,0,4077045000,45000000,44100000,24,12,2.50,0,f
20260630,201004,200,203,2005,VHSC-2026-01,2026-01-19,SOLD,2026-03-14,54,f,1799600000,2.00,0,1763608000,55000000,53900000,24,12,2.50,0,f
20260630,201005,200,203,2006,VHSC-2026-01,2026-01-30,SOLD,2026-03-26,55,f,2354000000,2.00,0,2306920000,50000000,49000000,24,12,2.50,0,f
20260630,201006,200,203,2007,VHSC-2026-01,2026-05-04,AVAILABLE,,57,f,3138720000,2.00,0,3075945600,48000000,47040000,24,12,2.50,0,f
20260630,201007,200,203,2008,VHSC-2026-01,2026-02-21,SOLD,2026-04-19,57,f,4050450000,2.00,0,3969441000,45000000,44100000,24,12,2.50,0,f
20260630,201008,200,203,2001,VHSC-2026-01,2026-03-04,SOLD,2026-05-01,58,f,1541100000,2.00,0,1510278000,55000000,53900000,24,12,2.50,0,f
20260630,201009,200,203,2002,VHSC-2026-01,2026-03-15,SOLD,2026-05-13,59,f,2099500000,2.00,0,2057510000,50000000,49000000,24,12,2.50,0,f
20260630,201010,200,203,2003,VHSC-2026-01,2026-03-26,SOLD,2026-05-25,60,f,3314400000,2.00,0,3248112000,48000000,47040000,24,12,2.50,0,t
20260630,201011,200,203,2004,VHSC-2026-01,2026-04-06,SOLD,2026-06-06,61,f,4027950000,2.00,0,3947391000,45000000,44100000,24,12,2.50,0,f
20260630,201012,200,203,2005,VHSC-2026-01,2026-01-12,SOLD,2026-03-15,62,f,1894200000,2.00,0,1856316000,55000000,53900000,24,12,2.50,0,f
20260630,201013,200,203,2006,VHSC-2026-01,2026-01-23,SOLD,2026-03-27,63,f,2265500000,2.00,0,2220190000,50000000,49000000,24,12,2.50,0,f
20260630,201014,200,203,2007,VHSC-2026-01,2026-02-03,SOLD,2026-04-08,64,f,2720640000,2.00,0,2666227200,48000000,47040000,24,12,2.50,0,f
20260630,201015,200,203,2008,VHSC-2026-01,2026-05-31,AVAILABLE,,30,f,3686850000,2.00,0,3613113000,45000000,44100000,24,12,2.50,0,f
20260630,201016,200,203,2001,VHSC-2026-01,2026-06-03,AVAILABLE,,27,f,1865050000,2.00,0,1827749000,55000000,53900000,24,12,2.50,0,f
20260630,201017,200,203,2002,VHSC-2026-01,2026-03-08,SOLD,2026-03-30,22,f,2032500000,2.00,0,1991850000,50000000,49000000,24,12,2.50,0,f
20260630,201018,200,203,2003,VHSC-2026-01,2026-01-26,AVAILABLE,,155,t,3096000000,2.00,0,3034080000,48000000,47040000,24,12,1.20,0,f
20260630,201019,200,203,2004,VHSC-2026-01,2026-05-08,AVAILABLE,,53,f,3809700000,2.00,0,3733506000,45000000,44100000,24,12,2.50,0,f
20260630,201020,200,203,2005,VHSC-2026-01,2026-01-05,SOLD,2026-01-30,25,f,1719300000,2.00,0,1684914000,55000000,53900000,24,12,2.50,0,t
20260630,201021,200,203,2006,VHSC-2026-01,2026-01-16,SOLD,2026-02-11,26,f,2359000000,2.00,0,2311820000,50000000,49000000,24,12,2.50,0,f
20260630,201022,200,203,2007,VHSC-2026-01,2026-01-27,SOLD,2026-02-23,27,f,3035520000,2.00,0,2974809600,48000000,47040000,24,12,2.50,0,f
20260630,201023,200,203,2008,VHSC-2026-01,2026-02-07,SOLD,2026-03-07,28,f,4004550000,2.00,0,3924459000,45000000,44100000,24,12,2.50,0,f
20260630,201024,200,203,2001,VHSC-2026-01,2026-02-18,SOLD,2026-03-19,29,f,1851300000,2.00,0,1814274000,55000000,53900000,24,12,2.50,0,f
20260630,201025,200,203,2002,VHSC-2026-01,2026-01-30,AVAILABLE,,151,t,3497760000,0.00,0,3497760000,56000000,56000000,24,12,2.50,0,f
20260630,201026,200,203,2003,VHSC-2026-01,2026-03-12,SOLD,2026-04-12,31,f,2686080000,2.00,0,2632358400,48000000,47040000,24,12,2.50,0,f
20260630,201027,200,203,2004,VHSC-2026-01,2026-03-23,SOLD,2026-04-24,32,f,3661200000,2.00,0,3587976000,45000000,44100000,24,12,2.50,0,f
20260630,201028,200,203,2005,VHSC-2026-01,2026-04-03,SOLD,2026-05-06,33,f,1574100000,2.00,0,1542618000,55000000,53900000,24,12,2.50,0,f
20260630,201029,200,203,2006,VHSC-2026-01,2026-01-09,SOLD,2026-02-12,34,f,2175500000,2.00,0,2131990000,50000000,49000000,24,12,2.50,0,f
20260630,201030,200,203,2007,VHSC-2026-01,2026-05-06,AVAILABLE,,55,f,3161760000,2.00,0,3098524800,48000000,47040000,24,12,2.50,0,t
20260630,201031,200,203,2008,VHSC-2026-01,2026-01-31,SOLD,2026-03-08,36,f,3674700000,2.00,0,3601206000,45000000,44100000,24,12,2.50,0,f
20260630,201032,200,203,2001,VHSC-2026-01,2026-02-11,SOLD,2026-03-20,37,f,1908500000,2.00,0,1870330000,55000000,53900000,24,12,2.50,0,f
20260630,201033,200,203,2002,VHSC-2026-01,2026-02-22,SOLD,2026-04-01,38,f,1973500000,2.00,0,1934030000,50000000,49000000,24,12,2.50,0,f
20260630,201034,200,203,2003,VHSC-2026-01,2026-02-17,AVAILABLE,,133,t,2741280000,2.00,0,2686454400,48000000,47040000,12,12,2.50,0,f
20260630,201035,200,203,2004,VHSC-2026-01,2026-03-16,SOLD,2026-04-25,40,f,3703500000,2.00,0,3629430000,45000000,44100000,24,12,2.50,0,f
20260630,201036,200,203,2005,VHSC-2026-01,2026-01-17,AVAILABLE,,164,t,2832480000,2.00,0,2775830400,48000000,47040000,24,12,1.20,0,f
20260630,201037,200,203,2006,VHSC-2026-01,2026-05-27,AVAILABLE,,34,f,2318000000,2.00,0,2271640000,50000000,49000000,24,12,2.50,0,f
20260630,201038,200,203,2007,VHSC-2026-01,2026-01-13,SOLD,2026-02-25,43,f,2655360000,2.00,0,2602252800,48000000,47040000,24,12,2.50,0,f
20260630,201039,200,203,2008,VHSC-2026-01,2026-01-24,SOLD,2026-03-09,44,f,4269150000,2.00,0,4183767000,45000000,44100000,24,12,2.50,0,f
20260630,201040,200,203,2001,VHSC-2026-01,2026-02-04,SOLD,2026-03-21,45,f,1846350000,2.00,0,1809423000,55000000,53900000,24,12,2.50,0,t
20260630,201041,200,203,2002,VHSC-2026-01,2026-02-15,SOLD,2026-04-02,46,f,2332500000,2.00,0,2285850000,50000000,49000000,24,12,2.50,0,f
20260630,201042,200,203,2003,VHSC-2026-01,2026-02-26,SOLD,2026-04-14,47,f,3199680000,2.00,0,3135686400,48000000,47040000,24,12,2.50,0,f
20260630,201043,200,203,2004,VHSC-2026-01,2026-03-09,SOLD,2026-04-26,48,f,3958650000,2.00,0,3879477000,45000000,44100000,24,12,2.50,0,f
20260630,201044,200,203,2005,VHSC-2026-01,2026-03-20,SOLD,2026-05-08,49,f,1699500000,2.00,0,1665510000,55000000,53900000,24,12,2.50,0,f
20260630,201045,200,203,2006,VHSC-2026-01,2026-03-31,SOLD,2026-05-20,50,f,1935000000,2.00,0,1896300000,50000000,49000000,24,12,2.50,0,f
20260630,201046,200,203,2007,VHSC-2026-01,2026-01-06,SOLD,2026-02-26,51,f,3024000000,2.00,0,2963520000,48000000,47040000,24,12,2.50,0,f
20260630,201047,200,203,2008,VHSC-2026-01,2026-02-18,AVAILABLE,,132,t,2746080000,0.00,0,2746080000,48000000,48000000,24,12,2.50,0,f
20260630,201048,200,203,2001,VHSC-2026-01,2026-01-28,SOLD,2026-03-22,53,f,1553750000,2.00,0,1522675000,55000000,53900000,24,12,2.50,0,f
20260630,201049,200,203,2002,VHSC-2026-01,2026-02-08,SOLD,2026-04-03,54,f,1999500000,2.00,0,1959510000,50000000,49000000,24,12,2.50,0,f
20260630,201050,200,203,2003,VHSC-2026-01,2026-01-25,AVAILABLE,,156,t,3106880000,0.00,0,3106880000,56000000,56000000,24,12,2.50,0,t
20260630,201051,200,203,2004,VHSC-2026-01,2026-03-02,SOLD,2026-04-27,56,f,3609450000,2.00,0,3537261000,45000000,44100000,24,12,2.50,0,f
20260630,201052,200,203,2005,VHSC-2026-01,2026-05-02,AVAILABLE,,59,f,1827650000,2.00,0,1791097000,55000000,53900000,24,12,2.50,0,f
20260630,201053,200,203,2006,VHSC-2026-01,2026-03-24,SOLD,2026-05-21,58,f,2126000000,2.00,0,2083480000,50000000,49000000,24,12,2.50,0,f
20260630,201054,200,203,2007,VHSC-2026-01,2026-04-04,SOLD,2026-06-02,59,f,2922720000,2.00,0,2864265600,48000000,47040000,24,12,2.50,0,f
20260630,201055,200,203,2008,VHSC-2026-01,2026-05-11,AVAILABLE,,50,f,3957750000,2.00,0,3878595000,45000000,44100000,24,12,2.50,0,f
20260630,201056,200,203,2001,VHSC-2026-01,2026-01-21,SOLD,2026-03-23,61,f,1608200000,2.00,0,1576036000,55000000,53900000,24,12,2.50,0,f
20260630,201057,200,203,2002,VHSC-2026-01,2026-01-29,AVAILABLE,,152,t,2683680000,2.00,0,2630006400,48000000,47040000,12,12,2.50,0,f
20260630,201058,200,203,2003,VHSC-2026-01,2026-02-12,SOLD,2026-04-16,63,f,3272640000,2.00,0,3207187200,48000000,47040000,24,12,2.50,0,f
20260630,201059,200,203,2004,VHSC-2026-01,2026-02-23,SOLD,2026-04-28,64,f,4191300000,2.00,0,4107474000,45000000,44100000,24,12,2.50,0,f
20260630,201060,200,203,2005,VHSC-2026-01,2026-03-06,SOLD,2026-03-26,20,f,1589500000,2.00,0,1557710000,55000000,53900000,24,12,2.50,0,t
20260630,201061,200,203,2006,VHSC-2026-01,2026-03-17,SOLD,2026-04-07,21,f,2067500000,2.00,0,2026150000,50000000,49000000,24,12,2.50,0,f
20260630,201062,200,203,2007,VHSC-2026-01,2026-03-28,BOOKED,,94,f,2959680000,2.00,0,2900486400,48000000,47040000,24,12,2.50,0,f
20260630,201063,200,203,2008,VHSC-2026-01,2026-04-08,SOLD,2026-05-01,23,f,3874500000,2.00,0,3797010000,45000000,44100000,24,12,2.50,0,f
20260630,201064,200,203,2001,VHSC-2026-01,2026-01-14,SOLD,2026-02-07,24,f,1683550000,2.00,0,1649879000,55000000,53900000,24,12,2.50,0,f
20260630,201065,200,203,2002,VHSC-2026-01,2026-01-25,SOLD,2026-02-19,25,f,2190500000,2.00,0,2146690000,50000000,49000000,24,12,2.50,0,f
20260630,201066,200,203,2003,VHSC-2026-01,2026-02-16,AVAILABLE,,134,t,3149760000,0.00,0,3149760000,48000000,48000000,24,12,1.20,0,f
20260630,201067,200,203,2004,VHSC-2026-01,2026-02-16,SOLD,2026-03-15,27,f,4186350000,2.00,0,4102623000,45000000,44100000,24,12,2.50,0,f
20260630,201068,200,203,2005,VHSC-2026-01,2026-05-15,AVAILABLE,,46,f,1850200000,2.00,0,1813196000,55000000,53900000,24,12,2.50,0,f
20260630,201069,200,203,2006,VHSC-2026-01,2026-03-10,SOLD,2026-04-08,29,f,2021000000,2.00,0,1980580000,50000000,49000000,24,12,2.50,0,f
20260630,201070,200,203,2007,VHSC-2026-01,2026-03-21,SOLD,2026-04-20,30,f,2757600000,2.00,0,2702448000,48000000,47040000,24,12,2.50,0,t
20260630,201071,200,203,2008,VHSC-2026-01,2026-04-01,SOLD,2026-05-02,31,f,4188150000,2.00,0,4104387000,45000000,44100000,24,12,2.50,0,f
20260630,201072,200,203,2001,VHSC-2026-01,2026-01-07,SOLD,2026-02-08,32,f,1603250000,2.00,0,1571185000,55000000,53900000,24,12,2.50,0,f
20260630,201073,200,203,2002,VHSC-2026-01,2026-01-06,AVAILABLE,,175,t,2092000000,2.00,0,2050160000,50000000,49000000,24,12,1.20,0,f
20260630,201074,200,203,2003,VHSC-2026-01,2026-01-29,BOOKED,,152,f,3014400000,2.00,0,2954112000,48000000,47040000,24,12,2.50,0,f
20260630,201075,200,203,2004,VHSC-2026-01,2026-01-20,AVAILABLE,,161,t,3340960000,0.00,0,3340960000,56000000,56000000,24,12,2.50,0,f
20260630,201076,200,203,2005,VHSC-2026-01,2026-02-20,BOOKED,,130,f,1579600000,2.00,0,1548008000,55000000,53900000,24,12,2.50,0,f
20260630,201077,200,203,2006,VHSC-2026-01,2026-03-03,BOOKED,,119,f,2224500000,2.00,0,2180010000,50000000,49000000,24,12,2.50,0,f
20260630,201078,200,203,2007,VHSC-2026-01,2026-03-14,BOOKED,,108,f,2908800000,2.00,0,2850624000,48000000,47040000,24,12,2.50,0,f
20260630,201079,200,203,2008,VHSC-2026-01,2026-03-25,SOLD,2026-05-03,39,f,4250700000,2.00,0,4165686000,45000000,44100000,24,12,2.50,0,f
20260630,201080,200,203,2001,VHSC-2026-01,2026-01-10,AVAILABLE,,171,t,4230000000,2.00,0,4145400000,45000000,44100000,24,12,2.50,0,t
20260630,201081,200,203,2002,VHSC-2026-01,2026-01-11,SOLD,2026-02-21,41,f,2251500000,2.00,0,2206470000,50000000,49000000,24,12,2.50,0,f
20260630,201082,200,203,2003,VHSC-2026-01,2026-01-22,SOLD,2026-03-05,42,f,2936160000,2.00,0,2877436800,48000000,47040000,24,12,2.50,0,f
20260630,201083,200,203,2004,VHSC-2026-01,2026-02-02,SOLD,2026-03-17,43,f,4094100000,2.00,0,4012218000,45000000,44100000,24,12,2.50,0,f
20260630,201084,200,203,2005,VHSC-2026-01,2026-02-07,AVAILABLE,,143,t,1917000000,2.00,0,1878660000,50000000,49000000,24,12,1.20,0,f
20260630,201085,200,203,2006,VHSC-2026-01,2026-02-24,SOLD,2026-04-10,45,f,2359000000,2.00,0,2311820000,50000000,49000000,24,12,2.50,0,f
20260630,201086,200,203,2007,VHSC-2026-01,2026-03-07,SOLD,2026-04-22,46,f,2867520000,2.00,0,2810169600,48000000,47040000,24,12,2.50,0,f
20260630,201087,200,203,2008,VHSC-2026-01,2026-03-18,SOLD,2026-05-04,47,f,4026600000,2.00,0,3946068000,45000000,44100000,24,12,2.50,0,f
20260630,201088,200,203,2001,VHSC-2026-01,2026-05-05,AVAILABLE,,56,f,1702800000,2.00,0,1668744000,55000000,53900000,24,12,2.50,0,f
20260630,201089,200,203,2002,VHSC-2026-01,2026-04-09,SOLD,2026-05-28,49,f,1955500000,2.00,0,1916390000,50000000,49000000,24,12,2.50,0,f
20260630,201090,200,203,2003,VHSC-2026-01,2026-01-15,SOLD,2026-03-06,50,f,3172800000,2.00,0,3109344000,48000000,47040000,24,12,2.50,0,t
20260630,201091,200,203,2004,VHSC-2026-01,2026-05-14,AVAILABLE,,47,f,3893850000,2.00,0,3815973000,45000000,44100000,24,12,2.50,0,f
20260630,201092,200,203,2005,VHSC-2026-01,2026-02-06,SOLD,2026-03-30,52,f,1901350000,2.00,0,1863323000,55000000,53900000,24,12,2.50,0,f
20260630,201093,200,203,2006,VHSC-2026-01,2026-02-17,SOLD,2026-04-11,53,f,2265500000,2.00,0,2220190000,50000000,49000000,24,12,2.50,0,f
20260630,201094,200,203,2007,VHSC-2026-01,2026-02-28,SOLD,2026-04-23,54,f,2714880000,2.00,0,2660582400,48000000,47040000,24,12,2.50,0,f
20260630,201095,200,203,2008,VHSC-2026-01,2026-03-11,SOLD,2026-05-05,55,f,4239000000,2.00,0,4154220000,45000000,44100000,24,12,2.50,0,f
20260630,201096,200,203,2001,VHSC-2026-01,2026-03-22,SOLD,2026-05-17,56,f,1736350000,2.00,0,1701623000,55000000,53900000,24,12,2.50,0,f
20260630,201097,200,203,2002,VHSC-2026-01,2026-04-02,SOLD,2026-05-29,57,f,2089500000,2.00,0,2047710000,50000000,49000000,24,12,2.50,0,f
20260630,201098,200,203,2003,VHSC-2026-01,2026-01-08,SOLD,2026-03-07,58,f,2858400000,2.00,0,2801232000,48000000,47040000,24,12,2.50,0,f
20260630,201099,200,203,2004,VHSC-2026-01,2026-01-19,SOLD,2026-03-19,59,f,3900600000,2.00,0,3822588000,45000000,44100000,24,12,2.50,0,f
20260630,201100,200,203,2005,VHSC-2026-01,2026-01-30,SOLD,2026-03-31,60,f,1709400000,2.00,0,1675212000,55000000,53900000,24,12,2.50,0,t
20260630,201101,200,203,2006,VHSC-2026-01,2026-02-10,SOLD,2026-04-12,61,f,2398500000,2.00,0,2350530000,50000000,49000000,24,12,2.50,0,f
20260630,201102,200,203,2007,VHSC-2026-01,2026-02-21,SOLD,2026-04-24,62,f,2951040000,2.00,0,2892019200,48000000,47040000,24,12,2.50,0,f
20260630,201103,200,203,2008,VHSC-2026-01,2026-03-04,SOLD,2026-05-06,63,f,4227750000,2.00,0,4143195000,45000000,44100000,24,12,2.50,0,f
20260630,201104,200,203,2001,VHSC-2026-01,2026-05-18,AVAILABLE,,43,f,1787500000,2.00,0,1751750000,55000000,53900000,24,12,2.50,0,f
20260630,201105,200,203,2002,VHSC-2026-01,2026-05-21,AVAILABLE,,40,f,2066500000,2.00,0,2025170000,50000000,49000000,24,12,2.50,0,f
20260630,201106,200,203,2003,VHSC-2026-01,2026-01-12,AVAILABLE,,169,t,2986080000,2.00,0,2926358400,48000000,47040000,24,12,2.50,0,f
20260630,201107,200,203,2004,VHSC-2026-01,2026-01-12,SOLD,2026-02-03,22,f,3723750000,2.00,0,3649275000,45000000,44100000,24,12,2.50,0,f
20260630,201108,200,203,2005,VHSC-2026-01,2026-05-30,AVAILABLE,,31,f,1725900000,2.00,0,1691382000,55000000,53900000,24,12,2.50,0,f
20260630,201109,200,203,2006,VHSC-2026-01,2026-02-03,SOLD,2026-02-27,24,f,2130000000,2.00,0,2087400000,50000000,49000000,24,12,2.50,0,f
20260630,201110,200,203,2007,VHSC-2026-01,2026-02-14,BOOKED,,136,f,3109440000,2.00,0,3047251200,48000000,47040000,24,12,2.50,0,t
20260630,201111,200,203,2008,VHSC-2026-01,2026-02-25,SOLD,2026-03-23,26,f,4210650000,2.00,0,4126437000,45000000,44100000,24,12,2.50,0,f
20260630,201112,200,203,2001,VHSC-2026-01,2026-03-08,SOLD,2026-04-04,27,f,1575200000,2.00,0,1543696000,55000000,53900000,24,12,2.50,0,f
20260630,201113,200,203,2002,VHSC-2026-01,2026-03-19,SOLD,2026-04-16,28,f,2018500000,2.00,0,1978130000,50000000,49000000,24,12,2.50,0,f
20260630,201114,200,203,2003,VHSC-2026-01,2026-03-30,SOLD,2026-04-28,29,f,2873760000,2.00,0,2816284800,48000000,47040000,24,12,2.50,0,f
20260630,201115,200,203,2004,VHSC-2026-01,2026-01-05,SOLD,2026-02-04,30,f,3604950000,2.00,0,3532851000,45000000,44100000,24,12,2.50,0,f
20260630,201116,200,203,2005,VHSC-2026-01,2026-01-16,SOLD,2026-02-16,31,f,1560350000,2.00,0,1529143000,55000000,53900000,24,12,2.50,0,f
20260630,201117,200,203,2006,VHSC-2026-01,2026-01-27,SOLD,2026-02-28,32,f,1966000000,2.00,0,1926680000,50000000,49000000,24,12,2.50,0,f
20260630,201118,200,203,2007,VHSC-2026-01,2026-02-07,SOLD,2026-03-12,33,f,3056160000,2.00,0,2995036800,48000000,47040000,24,12,2.50,0,f
20260630,201119,200,203,2008,VHSC-2026-01,2026-05-28,AVAILABLE,,33,f,3605850000,2.00,0,3533733000,45000000,44100000,24,12,2.50,0,f
20260630,201120,200,203,2001,VHSC-2026-01,2026-03-01,SOLD,2026-04-05,35,f,1880450000,2.00,0,1842841000,55000000,53900000,24,12,2.50,0,t
20260630,201121,200,203,2002,VHSC-2026-01,2026-06-03,AVAILABLE,,27,f,1999500000,2.00,0,1959510000,50000000,49000000,24,12,2.50,0,f
20260630,201122,200,203,2003,VHSC-2026-01,2026-03-23,SOLD,2026-04-29,37,f,3145920000,2.00,0,3083001600,48000000,47040000,24,12,2.50,0,f
20260630,201123,200,203,2004,VHSC-2026-01,2026-05-05,AVAILABLE,,56,f,4106700000,2.00,0,4024566000,45000000,44100000,24,12,2.50,0,f
20260630,201124,200,203,2005,VHSC-2026-01,2026-01-09,SOLD,2026-02-17,39,f,1925000000,2.00,0,1886500000,55000000,53900000,24,12,2.50,0,f
20260630,201125,200,203,2006,VHSC-2026-01,2026-01-20,SOLD,2026-03-01,40,f,1973500000,2.00,0,1934030000,50000000,49000000,24,12,2.50,0,f
20260630,201126,200,203,2007,VHSC-2026-01,2026-01-31,SOLD,2026-03-13,41,f,2914080000,2.00,0,2855798400,48000000,47040000,24,12,2.50,0,f
20260630,201127,200,203,2008,VHSC-2026-01,2026-02-11,SOLD,2026-03-25,42,f,3907350000,2.00,0,3829203000,45000000,44100000,24,12,2.50,0,f
20260630,201128,200,203,2001,VHSC-2026-01,2026-02-22,SOLD,2026-04-06,43,f,1855150000,2.00,0,1818047000,55000000,53900000,24,12,2.50,0,f
20260630,201129,200,203,2002,VHSC-2026-01,2026-02-07,AVAILABLE,,143,t,2862720000,2.00,0,2805465600,48000000,47040000,12,12,2.50,0,f
20260630,201130,200,203,2003,VHSC-2026-01,2026-05-26,AVAILABLE,,35,f,2684640000,2.00,0,2630947200,48000000,47040000,24,12,2.50,0,t
20260630,201131,200,203,2004,VHSC-2026-01,2026-05-29,AVAILABLE,,32,f,3694950000,2.00,0,3621051000,45000000,44100000,24,12,2.50,0,f
20260630,201132,200,203,2005,VHSC-2026-01,2026-04-07,SOLD,2026-05-24,47,f,1730300000,2.00,0,1695694000,55000000,53900000,24,12,2.50,0,f
20260630,201133,200,203,2006,VHSC-2026-01,2026-01-21,AVAILABLE,,160,t,1938500000,2.00,0,1899730000,50000000,49000000,24,12,1.20,0,f
20260630,201134,200,203,2007,VHSC-2026-01,2026-01-28,AVAILABLE,,153,t,3357600000,2.00,0,3290448000,48000000,47040000,24,12,2.50,0,f
20260630,201135,200,203,2008,VHSC-2026-01,2026-02-04,SOLD,2026-03-26,50,f,3965850000,2.00,0,3886533000,45000000,44100000,24,12,2.50,0,f
20260630,201136,200,203,2001,VHSC-2026-01,2026-05-09,AVAILABLE,,52,f,1738000000,2.00,0,1703240000,55000000,53900000,24,12,2.50,0,f
20260630,201137,200,203,2002,VHSC-2026-01,2026-02-26,SOLD,2026-04-19,52,f,2332000000,2.00,0,2285360000,50000000,49000000,24,12,2.50,0,f
20260630,201138,200,203,2003,VHSC-2026-01,2026-03-09,SOLD,2026-05-01,53,f,3147360000,2.00,0,3084412800,48000000,47040000,24,12,2.50,0,f
20260630,201139,200,203,2004,VHSC-2026-01,2026-03-20,SOLD,2026-05-13,54,f,4140450000,2.00,0,4057641000,45000000,44100000,24,12,2.50,0,f
20260630,201140,200,203,2005,VHSC-2026-01,2026-03-31,SOLD,2026-05-25,55,f,1691250000,2.00,0,1657425000,55000000,53900000,24,12,2.50,0,t
20260630,201141,200,203,2006,VHSC-2026-01,2026-01-06,SOLD,2026-03-03,56,f,2173500000,2.00,0,2130030000,50000000,49000000,24,12,2.50,0,f
20260630,201142,200,203,2007,VHSC-2026-01,2026-01-17,SOLD,2026-03-15,57,f,2868000000,2.00,0,2810640000,48000000,47040000,24,12,2.50,0,f
20260630,201143,200,203,2008,VHSC-2026-01,2026-01-28,SOLD,2026-03-27,58,f,4047750000,2.00,0,3966795000,45000000,44100000,24,12,2.50,0,f
20260630,201144,200,203,2001,VHSC-2026-01,2026-02-08,SOLD,2026-04-08,59,f,1808400000,2.00,0,1772232000,55000000,53900000,24,12,2.50,0,f
20260630,201145,200,203,2002,VHSC-2026-01,2026-02-19,SOLD,2026-04-20,60,f,2063500000,2.00,0,2022230000,50000000,49000000,24,12,2.50,0,f
20260630,201146,200,203,2003,VHSC-2026-01,2026-01-22,AVAILABLE,,159,t,4230000000,2.00,0,4145400000,45000000,44100000,24,12,2.50,0,f
20260630,201147,200,203,2004,VHSC-2026-01,2026-03-13,SOLD,2026-05-14,62,f,3977100000,2.00,0,3897558000,45000000,44100000,24,12,2.50,0,f
20260630,201148,200,203,2005,VHSC-2026-01,2026-03-24,SOLD,2026-05-26,63,f,1712700000,2.00,0,1678446000,55000000,53900000,24,12,2.50,0,f
20260630,201149,200,203,2006,VHSC-2026-01,2026-02-12,AVAILABLE,,138,t,3918320000,0.00,0,3918320000,56000000,56000000,24,12,2.50,0,f
20260630,201150,200,203,2007,VHSC-2026-01,2026-01-10,SOLD,2026-01-30,20,f,3095520000,2.00,0,3033609600,48000000,47040000,24,12,2.50,0,t
20260630,201151,200,203,2008,VHSC-2026-01,2026-01-21,SOLD,2026-02-11,21,f,4142250000,2.00,0,4059405000,45000000,44100000,24,12,2.50,0,f
20260630,201152,200,203,2001,VHSC-2026-01,2026-02-01,SOLD,2026-02-23,22,f,1891450000,2.00,0,1853621000,55000000,53900000,24,12,2.50,0,f
20260630,201153,200,203,2002,VHSC-2026-01,2026-05-25,AVAILABLE,,36,f,1985000000,2.00,0,1945300000,50000000,49000000,24,12,2.50,0,f
20260630,201154,200,203,2003,VHSC-2026-01,2026-02-23,SOLD,2026-03-19,24,f,3017760000,2.00,0,2957404800,48000000,47040000,24,12,2.50,0,f
20260630,201155,200,203,2004,VHSC-2026-01,2026-02-09,AVAILABLE,,141,t,4230000000,2.00,0,4145400000,45000000,44100000,24,12,2.50,0,f
20260630,201156,200,203,2005,VHSC-2026-01,2026-03-17,SOLD,2026-04-12,26,f,1916750000,2.00,0,1878415000,55000000,53900000,24,12,2.50,0,f
20260630,201157,200,203,2006,VHSC-2026-01,2026-03-28,SOLD,2026-04-24,27,f,2184000000,2.00,0,2140320000,50000000,49000000,24,12,2.50,0,f
20260630,201158,200,203,2007,VHSC-2026-01,2026-04-08,SOLD,2026-05-06,28,f,2968800000,2.00,0,2909424000,48000000,47040000,24,12,2.50,0,f
20260630,201159,200,203,2008,VHSC-2026-01,2026-01-14,SOLD,2026-02-12,29,f,4118400000,2.00,0,4036032000,45000000,44100000,24,12,2.50,0,f
20260630,201160,200,203,2001,VHSC-2026-01,2026-01-25,SOLD,2026-02-24,30,f,1662100000,2.00,0,1628858000,55000000,53900000,24,12,2.50,0,t
20260630,201161,200,203,2002,VHSC-2026-01,2026-05-14,AVAILABLE,,47,f,2043000000,2.00,0,2002140000,50000000,49000000,24,12,2.50,0,f
20260630,201162,200,203,2003,VHSC-2026-01,2026-02-16,SOLD,2026-03-20,32,f,3070080000,2.00,0,3008678400,48000000,47040000,24,12,2.50,0,f
20260630,201163,200,203,2004,VHSC-2026-01,2026-02-27,SOLD,2026-04-01,33,f,3766950000,2.00,0,3691611000,45000000,44100000,24,12,2.50,0,f
20260630,201164,200,203,2005,VHSC-2026-01,2026-03-10,SOLD,2026-04-13,34,f,1707200000,2.00,0,1673056000,55000000,53900000,24,12,2.50,0,f
20260630,201165,200,203,2006,VHSC-2026-01,2026-01-20,AVAILABLE,,161,t,2968320000,2.00,0,2908953600,48000000,47040000,24,12,2.50,0,f
20260630,201166,200,203,2007,VHSC-2026-01,2026-01-27,AVAILABLE,,154,t,3273760000,0.00,0,3273760000,56000000,56000000,24,12,2.50,0,f
20260630,201167,200,203,2008,VHSC-2026-01,2026-06-01,AVAILABLE,,29,f,3838950000,2.00,0,3762171000,45000000,44100000,24,12,2.50,0,f
20260630,201168,200,203,2001,VHSC-2026-01,2026-06-04,AVAILABLE,,26,f,1685750000,2.00,0,1652035000,55000000,53900000,24,12,2.50,0,f
20260630,201169,200,203,2002,VHSC-2026-01,2026-01-29,SOLD,2026-03-09,39,f,1953500000,2.00,0,1914430000,50000000,49000000,24,12,2.50,0,f
20260630,201170,200,203,2003,VHSC-2026-01,2026-05-06,AVAILABLE,,55,f,2672160000,2.00,0,2618716800,48000000,47040000,24,12,2.50,0,t
20260630,201171,200,203,2004,VHSC-2026-01,2026-02-20,SOLD,2026-04-02,41,f,3757500000,2.00,0,3682350000,45000000,44100000,24,12,2.50,0,f
20260630,201172,200,203,2005,VHSC-2026-01,2026-03-03,SOLD,2026-04-14,42,f,1731950000,2.00,0,1697311000,55000000,53900000,24,12,2.50,0,f
20260630,201173,200,203,2006,VHSC-2026-01,2026-03-14,SOLD,2026-04-26,43,f,2346000000,2.00,0,2299080000,50000000,49000000,24,12,2.50,0,f
20260630,201174,200,203,2007,VHSC-2026-01,2026-03-25,SOLD,2026-05-08,44,f,2889600000,2.00,0,2831808000,48000000,47040000,24,12,2.50,0,f
20260630,201175,200,203,2008,VHSC-2026-01,2026-04-05,SOLD,2026-05-20,45,f,3812850000,2.00,0,3736593000,45000000,44100000,24,12,2.50,0,f
20260630,201176,200,203,2001,VHSC-2026-01,2026-01-11,SOLD,2026-02-26,46,f,1768250000,2.00,0,1732885000,55000000,53900000,24,12,2.50,0,f
20260630,201177,200,203,2002,VHSC-2026-01,2026-01-22,SOLD,2026-03-10,47,f,2361500000,2.00,0,2314270000,50000000,49000000,24,12,2.50,0,f
20260630,201178,200,203,2003,VHSC-2026-01,2026-02-02,SOLD,2026-03-22,48,f,2962560000,2.00,0,2903308800,48000000,47040000,24,12,2.50,0,f
20260630,201179,200,203,2004,VHSC-2026-01,2026-02-13,SOLD,2026-04-03,49,f,3864600000,2.00,0,3787308000,45000000,44100000,24,12,2.50,0,f
20260630,201180,200,203,2005,VHSC-2026-01,2026-02-04,AVAILABLE,,146,t,2027000000,2.00,0,1986460000,50000000,49000000,24,12,1.20,0,t
20260630,201181,200,203,2006,VHSC-2026-01,2026-03-07,SOLD,2026-04-27,51,f,2250000000,2.00,0,2205000000,50000000,49000000,24,12,2.50,0,f
20260630,201182,200,203,2007,VHSC-2026-01,2026-03-18,SOLD,2026-05-09,52,f,2845440000,2.00,0,2788531200,48000000,47040000,24,12,2.50,0,f
20260630,201183,200,203,2008,VHSC-2026-01,2026-03-29,SOLD,2026-05-21,53,f,4221000000,2.00,0,4136580000,45000000,44100000,24,12,2.50,0,f
20260630,201184,200,203,2001,VHSC-2026-01,2026-04-09,SOLD,2026-06-02,54,f,1828200000,2.00,0,1791636000,55000000,53900000,24,12,2.50,0,f
20260630,201185,200,203,2002,VHSC-2026-01,2026-01-15,SOLD,2026-03-11,55,f,2155000000,2.00,0,2111900000,50000000,49000000,24,12,2.50,0,f
20260630,201186,200,203,2003,VHSC-2026-01,2026-01-26,SOLD,2026-03-23,56,f,2751840000,2.00,0,2696803200,48000000,47040000,24,12,2.50,0,f
20260630,201187,200,203,2004,VHSC-2026-01,2026-02-06,SOLD,2026-04-04,57,f,4140900000,2.00,0,4058082000,45000000,44100000,24,12,2.50,0,f
20260630,201188,200,203,2005,VHSC-2026-01,2026-02-17,SOLD,2026-04-16,58,f,1550450000,2.00,0,1519441000,55000000,53900000,24,12,2.50,0,f
20260630,201189,200,203,2006,VHSC-2026-01,2026-05-28,AVAILABLE,,33,f,2329500000,2.00,0,2282910000,50000000,49000000,24,12,2.50,0,f
20260630,201190,200,203,2007,VHSC-2026-01,2026-03-11,SOLD,2026-05-10,60,f,2726400000,2.00,0,2671872000,48000000,47040000,24,12,2.50,0,t
20260630,201191,200,203,2008,VHSC-2026-01,2026-03-22,SOLD,2026-05-22,61,f,3991500000,2.00,0,3911670000,45000000,44100000,24,12,2.50,0,f
20260630,201192,200,203,2001,VHSC-2026-01,2026-04-02,SOLD,2026-06-03,62,f,1816650000,2.00,0,1780317000,55000000,53900000,24,12,2.50,0,f
20260630,201193,200,203,2002,VHSC-2026-01,2026-01-08,SOLD,2026-03-12,63,f,2215000000,2.00,0,2170700000,50000000,49000000,24,12,2.50,0,f
20260630,201194,200,203,2003,VHSC-2026-01,2026-05-08,AVAILABLE,,53,f,3157440000,2.00,0,3094291200,48000000,47040000,24,12,2.50,0,f
20260630,201195,200,203,2004,VHSC-2026-01,2026-01-05,AVAILABLE,,176,t,2987520000,2.00,0,2927769600,48000000,47040000,12,12,2.50,0,f
20260630,201196,200,203,2005,VHSC-2026-01,2026-02-10,SOLD,2026-03-03,21,f,1883750000,2.00,0,1846075000,55000000,53900000,24,12,2.50,0,f
20260630,201197,200,203,2006,VHSC-2026-01,2026-02-21,SOLD,2026-03-15,22,f,2364000000,2.00,0,2316720000,50000000,49000000,24,12,2.50,0,f
20260630,201198,200,203,2007,VHSC-2026-01,2026-03-04,SOLD,2026-03-27,23,f,3145440000,2.00,0,3082531200,48000000,47040000,24,12,2.50,0,f
20260630,201199,200,203,2008,VHSC-2026-01,2026-03-15,BOOKED,,107,f,3625650000,2.00,0,3553137000,45000000,44100000,24,12,2.50,0,f
20260630,201200,200,203,2001,VHSC-2026-01,2026-03-26,SOLD,2026-04-20,25,f,1564750000,2.00,0,1533455000,55000000,53900000,24,12,2.50,0,t
20260630,201201,200,203,2002,VHSC-2026-01,2026-05-29,AVAILABLE,,32,f,2095000000,2.00,0,2053100000,50000000,49000000,24,12,2.50,0,f
20260630,201202,200,203,2003,VHSC-2026-01,2026-01-12,SOLD,2026-02-08,27,f,2736000000,2.00,0,2681280000,48000000,47040000,24,12,2.50,0,f
20260630,201203,200,203,2004,VHSC-2026-01,2026-01-23,SOLD,2026-02-20,28,f,3770550000,2.00,0,3695139000,45000000,44100000,24,12,2.50,0,f
20260630,201204,200,203,2005,VHSC-2026-01,2026-02-03,SOLD,2026-03-04,29,f,1878800000,2.00,0,1841224000,55000000,53900000,24,12,2.50,0,f
20260630,201205,200,203,2006,VHSC-2026-01,2026-02-14,SOLD,2026-03-16,30,f,1964000000,2.00,0,1924720000,50000000,49000000,24,12,2.50,0,f
20260630,201206,200,203,2007,VHSC-2026-01,2026-02-25,SOLD,2026-03-28,31,f,2909280000,2.00,0,2851094400,48000000,47040000,24,12,2.50,0,f
20260630,201207,200,203,2008,VHSC-2026-01,2026-02-13,AVAILABLE,,137,t,3997800000,0.00,0,3997800000,60000000,60000000,24,12,2.50,0,f
20260630,201208,200,203,2001,VHSC-2026-01,2026-03-19,SOLD,2026-04-21,33,f,1909050000,2.00,0,1870869000,55000000,53900000,24,12,2.50,0,f
20260630,201209,200,203,2002,VHSC-2026-01,2026-03-30,SOLD,2026-05-03,34,f,2397500000,2.00,0,2349550000,50000000,49000000,24,12,2.50,0,f
20260630,201210,200,203,2003,VHSC-2026-01,2026-01-05,SOLD,2026-02-09,35,f,2685600000,2.00,0,2631888000,48000000,47040000,24,12,2.50,0,t
20260630,201211,200,203,2004,VHSC-2026-01,2026-01-16,SOLD,2026-02-21,36,f,3964500000,2.00,0,3885210000,45000000,44100000,24,12,2.50,0,f
20260630,201212,200,203,2005,VHSC-2026-01,2026-01-27,SOLD,2026-03-05,37,f,1737450000,2.00,0,1702701000,55000000,53900000,24,12,2.50,0,f
20260630,201213,200,203,2006,VHSC-2026-01,2026-02-07,SOLD,2026-03-17,38,f,2216500000,2.00,0,2172170000,50000000,49000000,24,12,2.50,0,f
20260630,201214,200,203,2007,VHSC-2026-01,2026-02-18,SOLD,2026-03-29,39,f,3059520000,2.00,0,2998329600,48000000,47040000,24,12,2.50,0,f
20260630,201215,200,203,2008,VHSC-2026-01,2026-03-01,SOLD,2026-04-10,40,f,3681900000,2.00,0,3608262000,45000000,44100000,24,12,2.50,0,f
20260630,201216,200,203,2001,VHSC-2026-01,2026-01-17,AVAILABLE,,164,t,2817600000,2.00,0,2761248000,48000000,47040000,12,12,1.20,0,f
20260630,201217,200,203,2002,VHSC-2026-01,2026-03-23,SOLD,2026-05-04,42,f,2121000000,2.00,0,2078580000,50000000,49000000,24,12,2.50,0,f
20260630,201218,200,203,2003,VHSC-2026-01,2026-04-03,BOOKED,,88,f,2647200000,2.00,0,2594256000,48000000,47040000,24,12,2.50,0,f
20260630,201219,200,203,2004,VHSC-2026-01,2026-01-09,SOLD,2026-02-22,44,f,4176000000,2.00,0,4092480000,45000000,44100000,24,12,2.50,0,f
20260630,201220,200,203,2005,VHSC-2026-01,2026-01-20,SOLD,2026-03-06,45,f,1821050000,2.00,0,1784629000,55000000,53900000,24,12,2.50,0,t
20260630,201221,200,203,2006,VHSC-2026-01,2026-01-31,SOLD,2026-03-18,46,f,2139500000,2.00,0,2096710000,50000000,49000000,24,12,2.50,0,f
20260630,201222,200,203,2007,VHSC-2026-01,2026-02-11,SOLD,2026-03-30,47,f,2743200000,2.00,0,2688336000,48000000,47040000,24,12,2.50,0,f
20260630,201223,200,203,2008,VHSC-2026-01,2026-02-22,SOLD,2026-04-11,48,f,3608550000,2.00,0,3536379000,45000000,44100000,24,12,2.50,0,f
20260630,201224,200,203,2001,VHSC-2026-01,2026-01-28,AVAILABLE,,153,t,4230000000,2.00,0,4145400000,45000000,44100000,24,12,2.50,0,f
20260630,201225,200,203,2002,VHSC-2026-01,2026-03-16,SOLD,2026-05-05,50,f,2078000000,2.00,0,2036440000,50000000,49000000,24,12,2.50,0,f
20260630,201226,200,203,2003,VHSC-2026-01,2026-03-27,SOLD,2026-05-17,51,f,3350400000,2.00,0,3283392000,48000000,47040000,24,12,2.50,0,f
20260630,201227,200,203,2004,VHSC-2026-01,2026-02-18,AVAILABLE,,132,t,4230000000,2.00,0,4145400000,45000000,44100000,24,12,2.50,0,f
20260630,201228,200,203,2005,VHSC-2026-01,2026-01-13,SOLD,2026-03-07,53,f,1881550000,2.00,0,1843919000,55000000,53900000,24,12,2.50,0,f
20260630,201229,200,203,2006,VHSC-2026-01,2026-01-24,SOLD,2026-03-19,54,f,1917000000,2.00,0,1878660000,50000000,49000000,24,12,2.50,0,f
20260630,201230,200,203,2007,VHSC-2026-01,2026-05-11,AVAILABLE,,50,f,2980320000,2.00,0,2920713600,48000000,47040000,24,12,2.50,0,t
20260630,201231,200,203,2008,VHSC-2026-01,2026-02-15,SOLD,2026-04-12,56,f,3991500000,2.00,0,3911670000,45000000,44100000,24,12,2.50,0,f
20260630,201232,200,203,2001,VHSC-2026-01,2026-02-26,SOLD,2026-04-24,57,f,1568050000,2.00,0,1536689000,55000000,53900000,24,12,2.50,0,f
20260630,201233,200,203,2002,VHSC-2026-01,2026-05-20,AVAILABLE,,41,f,2074000000,2.00,0,2032520000,50000000,49000000,24,12,2.50,0,f
20260630,201234,200,203,2003,VHSC-2026-01,2026-03-20,SOLD,2026-05-18,59,f,3348480000,2.00,0,3281510400,48000000,47040000,24,12,2.50,0,f
20260630,201235,200,203,2004,VHSC-2026-01,2026-03-31,BOOKED,,91,f,3942000000,2.00,0,3863160000,45000000,44100000,24,12,2.50,0,f
20260630,201236,200,203,2005,VHSC-2026-01,2026-01-06,SOLD,2026-03-08,61,f,1580150000,2.00,0,1548547000,55000000,53900000,24,12,2.50,0,f
20260630,201237,200,203,2006,VHSC-2026-01,2026-06-01,AVAILABLE,,29,f,2354500000,2.00,0,2307410000,50000000,49000000,24,12,2.50,0,f
20260630,201238,200,203,2007,VHSC-2026-01,2026-01-28,SOLD,2026-04-01,63,f,3037440000,2.00,0,2976691200,48000000,47040000,24,12,2.50,0,f
20260630,201239,200,203,2008,VHSC-2026-01,2026-02-08,SOLD,2026-04-13,64,f,3725100000,2.00,0,3650598000,45000000,44100000,24,12,2.50,0,f
20260630,201240,200,203,2001,VHSC-2026-01,2026-05-06,AVAILABLE,,55,f,1877700000,2.00,0,1840146000,55000000,53900000,24,12,2.50,0,t
20260630,201241,200,203,2002,VHSC-2026-01,2026-03-02,SOLD,2026-03-23,21,f,2165500000,2.00,0,2122190000,50000000,49000000,24,12,2.50,0,f
20260630,201242,200,203,2003,VHSC-2026-01,2026-01-19,AVAILABLE,,162,t,3073440000,2.00,0,3011971200,48000000,47040000,12,12,2.50,0,f
20260630,201243,200,203,2004,VHSC-2026-01,2026-03-24,SOLD,2026-04-16,23,f,3612150000,2.00,0,3539907000,45000000,44100000,24,12,2.50,0,f
20260630,201244,200,203,2005,VHSC-2026-01,2026-02-02,AVAILABLE,,148,t,4123800000,0.00,0,4123800000,60000000,60000000,24,12,2.50,0,f
20260630,201245,200,203,2006,VHSC-2026-01,2026-01-10,SOLD,2026-02-04,25,f,2011000000,2.00,0,1970780000,50000000,49000000,24,12,2.50,0,f
20260630,201246,200,203,2007,VHSC-2026-01,2026-01-21,BOOKED,,160,f,3087360000,2.00,0,3025612800,48000000,47040000,24,12,2.50,0,f
20260630,201247,200,203,2008,VHSC-2026-01,2026-02-01,SOLD,2026-02-28,27,f,3610350000,2.00,0,3538143000,45000000,44100000,24,12,2.50,0,f
20260630,201248,200,203,2001,VHSC-2026-01,2026-02-12,BOOKED,,138,f,1738550000,2.00,0,1703779000,55000000,53900000,24,12,2.50,0,f
20260630,201249,200,203,2002,VHSC-2026-01,2026-02-23,SOLD,2026-03-24,29,f,2083500000,2.00,0,2041830000,50000000,49000000,24,12,2.50,0,f
20260630,201250,200,203,2003,VHSC-2026-01,2026-03-06,SOLD,2026-04-05,30,f,2833920000,2.00,0,2777241600,48000000,47040000,24,12,2.50,0,t
20260630,201251,200,203,2004,VHSC-2026-01,2026-05-04,AVAILABLE,,57,f,3876300000,2.00,0,3798774000,45000000,44100000,24,12,2.50,0,f
20260630,201252,200,203,2005,VHSC-2026-01,2026-03-28,SOLD,2026-04-29,32,f,1645600000,2.00,0,1612688000,55000000,53900000,24,12,2.50,0,f
20260630,201253,200,203,2006,VHSC-2026-01,2026-04-08,SOLD,2026-05-11,33,f,2191000000,2.00,0,2147180000,50000000,49000000,24,12,2.50,0,f
20260630,201254,200,203,2007,VHSC-2026-01,2026-05-13,AVAILABLE,,48,f,2794080000,2.00,0,2738198400,48000000,47040000,24,12,2.50,0,f
20260630,201255,200,203,2008,VHSC-2026-01,2026-05-16,AVAILABLE,,45,f,3958650000,2.00,0,3879477000,45000000,44100000,24,12,2.50,0,f
20260630,201256,200,203,2001,VHSC-2026-01,2026-02-05,SOLD,2026-03-13,36,f,1644500000,2.00,0,1611610000,55000000,53900000,24,12,2.50,0,f
20260630,201257,200,203,2002,VHSC-2026-01,2026-02-16,SOLD,2026-03-25,37,f,2124000000,2.00,0,2081520000,50000000,49000000,24,12,2.50,0,f
20260630,201258,200,203,2003,VHSC-2026-01,2026-05-25,AVAILABLE,,36,f,3191520000,2.00,0,3127689600,48000000,47040000,24,12,2.50,0,f
20260630,201259,200,203,2004,VHSC-2026-01,2026-03-10,SOLD,2026-04-18,39,f,4050900000,2.00,0,3969882000,45000000,44100000,24,12,2.50,0,f
20260630,201260,200,203,2005,VHSC-2026-01,2026-03-21,SOLD,2026-04-30,40,f,1773750000,2.00,0,1738275000,55000000,53900000,24,12,2.50,0,t
20260630,201261,200,203,2006,VHSC-2026-01,2026-06-03,AVAILABLE,,27,f,2147000000,2.00,0,2104060000,50000000,49000000,24,12,2.50,0,f
20260630,201262,200,203,2007,VHSC-2026-01,2026-01-07,SOLD,2026-02-18,42,f,2983680000,2.00,0,2924006400,48000000,47040000,24,12,2.50,0,f
20260630,201263,200,203,2008,VHSC-2026-01,2026-01-18,SOLD,2026-03-02,43,f,3658500000,2.00,0,3585330000,45000000,44100000,24,12,2.50,0,f
20260630,201264,200,203,2001,VHSC-2026-01,2026-02-07,AVAILABLE,,143,t,3136560000,0.00,0,3136560000,56000000,56000000,24,12,1.20,0,f
20260630,201265,200,203,2002,VHSC-2026-01,2026-02-09,SOLD,2026-03-26,45,f,1908500000,2.00,0,1870330000,50000000,49000000,24,12,2.50,0,f
20260630,201266,200,203,2003,VHSC-2026-01,2026-02-20,BOOKED,,130,f,3322560000,2.00,0,3256108800,48000000,47040000,24,12,2.50,0,f
20260630,201267,200,203,2004,VHSC-2026-01,2026-03-03,SOLD,2026-04-19,47,f,3795750000,2.00,0,3719835000,45000000,44100000,24,12,2.50,0,f
20260630,201268,200,203,2005,VHSC-2026-01,2026-01-21,AVAILABLE,,160,t,4152000000,0.00,0,4152000000,60000000,60000000,24,12,2.50,0,f
20260630,201269,200,203,2006,VHSC-2026-01,2026-03-25,SOLD,2026-05-13,49,f,1947500000,2.00,0,1908550000,50000000,49000000,24,12,2.50,0,f
20260630,201270,200,203,2007,VHSC-2026-01,2026-05-26,AVAILABLE,,35,f,2662080000,2.00,0,2608838400,48000000,47040000,24,12,2.50,0,t
20260630,201271,200,203,2008,VHSC-2026-01,2026-01-11,SOLD,2026-03-03,51,f,3696300000,2.00,0,3622374000,45000000,44100000,24,12,2.50,0,f
20260630,201272,200,203,2001,VHSC-2026-01,2026-01-22,BOOKED,,159,f,1864500000,2.00,0,1827210000,55000000,53900000,24,12,2.50,0,f
20260630,201273,200,203,2002,VHSC-2026-01,2026-06-04,AVAILABLE,,26,f,2092500000,2.00,0,2050650000,50000000,49000000,24,12,2.50,0,f
20260630,201274,200,203,2003,VHSC-2026-01,2026-02-13,SOLD,2026-04-08,54,f,2687040000,2.00,0,2633299200,48000000,47040000,24,12,2.50,0,f
20260630,201275,200,203,2004,VHSC-2026-01,2026-01-25,AVAILABLE,,156,t,2096000000,2.00,0,2054080000,50000000,49000000,24,12,1.20,0,f
20260630,201276,200,203,2005,VHSC-2026-01,2026-03-07,SOLD,2026-05-02,56,f,1685200000,2.00,0,1651496000,55000000,53900000,24,12,2.50,0,f
20260630,201277,200,203,2006,VHSC-2026-01,2026-03-18,SOLD,2026-05-14,57,f,2335500000,2.00,0,2288790000,50000000,49000000,24,12,2.50,0,f
20260630,201278,200,203,2007,VHSC-2026-01,2026-03-29,SOLD,2026-05-26,58,f,2780640000,2.00,0,2725027200,48000000,47040000,24,12,2.50,0,f
20260630,201279,200,203,2008,VHSC-2026-01,2026-01-08,AVAILABLE,,173,t,2124000000,2.00,0,2081520000,50000000,49000000,24,12,1.20,0,f
20260630,201280,200,203,2001,VHSC-2026-01,2026-01-15,SOLD,2026-03-16,60,f,1711600000,2.00,0,1677368000,55000000,53900000,24,12,2.50,0,t
20260630,201281,200,203,2002,VHSC-2026-01,2026-01-26,SOLD,2026-03-28,61,f,2230000000,2.00,0,2185400000,50000000,49000000,24,12,2.50,0,f
20260630,201282,200,203,2003,VHSC-2026-01,2026-02-06,SOLD,2026-04-09,62,f,3316800000,2.00,0,3250464000,48000000,47040000,24,12,2.50,0,f
20260630,201283,200,203,2004,VHSC-2026-01,2026-05-30,AVAILABLE,,31,f,3793050000,2.00,0,3717189000,45000000,44100000,24,12,2.50,0,f
20260630,201284,200,203,2005,VHSC-2026-01,2026-02-28,SOLD,2026-05-03,64,f,1814450000,2.00,0,1778161000,55000000,53900000,24,12,2.50,0,f
20260630,201285,200,203,2006,VHSC-2026-01,2026-01-05,AVAILABLE,,176,t,3359040000,2.00,0,3291859200,48000000,47040000,24,12,2.50,0,f
20260630,201286,200,203,2007,VHSC-2026-01,2026-03-22,SOLD,2026-04-12,21,f,3096000000,2.00,0,3034080000,48000000,47040000,24,12,2.50,0,f
20260630,201287,200,203,2008,VHSC-2026-01,2026-04-02,SOLD,2026-04-24,22,f,3723750000,2.00,0,3649275000,45000000,44100000,24,12,2.50,0,f
20260630,201288,200,203,2001,VHSC-2026-01,2026-01-26,AVAILABLE,,155,t,3281760000,2.00,0,3216124800,48000000,47040000,12,12,1.20,0,f
20260630,201289,200,203,2002,VHSC-2026-01,2026-01-19,SOLD,2026-02-12,24,f,2135000000,2.00,0,2092300000,50000000,49000000,24,12,2.50,0,f
20260630,201290,200,203,2003,VHSC-2026-01,2026-05-16,AVAILABLE,,45,f,3090240000,2.00,0,3028435200,48000000,47040000,24,12,2.50,0,t
20260630,201291,200,203,2004,VHSC-2026-01,2026-02-10,SOLD,2026-03-08,26,f,3613050000,2.00,0,3540789000,45000000,44100000,24,12,2.50,0,f
20260630,201292,200,203,2005,VHSC-2026-01,2026-02-21,SOLD,2026-03-20,27,f,1670350000,2.00,0,1636943000,55000000,53900000,24,12,2.50,0,f
20260630,201293,200,203,2006,VHSC-2026-01,2026-03-04,SOLD,2026-04-01,28,f,2259000000,2.00,0,2213820000,50000000,49000000,24,12,2.50,0,f
20260630,201294,200,203,2007,VHSC-2026-01,2026-01-23,AVAILABLE,,158,t,3128160000,2.00,0,3065596800,48000000,47040000,12,12,1.20,0,f
20260630,201295,200,203,2008,VHSC-2026-01,2026-01-30,AVAILABLE,,151,t,2213000000,2.00,0,2168740000,50000000,49000000,24,12,1.20,0,f
20260630,201296,200,203,2001,VHSC-2026-01,2026-04-06,SOLD,2026-05-07,31,f,1719850000,2.00,0,1685453000,55000000,53900000,24,12,2.50,0,f
20260630,201297,200,203,2002,VHSC-2026-01,2026-01-12,SOLD,2026-02-13,32,f,2028000000,2.00,0,1987440000,50000000,49000000,24,12,2.50,0,f
20260630,201298,200,203,2003,VHSC-2026-01,2026-01-23,SOLD,2026-02-25,33,f,3203040000,2.00,0,3138979200,48000000,47040000,24,12,2.50,0,f
20260630,201299,200,203,2004,VHSC-2026-01,2026-02-03,SOLD,2026-03-09,34,f,3700350000,2.00,0,3626343000,45000000,44100000,24,12,2.50,0,f
20260630,201300,200,203,2005,VHSC-2026-01,2026-02-14,BOOKED,,136,f,1824900000,2.00,0,1788402000,55000000,53900000,24,12,2.50,0,t
20260630,201301,200,203,2006,VHSC-2026-01,2026-02-25,SOLD,2026-04-02,36,f,2051500000,2.00,0,2010470000,50000000,49000000,24,12,2.50,0,f
20260630,201302,200,203,2007,VHSC-2026-01,2026-03-08,SOLD,2026-04-14,37,f,3052320000,2.00,0,2991273600,48000000,47040000,24,12,2.50,0,f
20260630,201303,200,203,2008,VHSC-2026-01,2026-03-19,SOLD,2026-04-26,38,f,4085100000,2.00,0,4003398000,45000000,44100000,24,12,2.50,0,f
20260630,201304,200,203,2001,VHSC-2026-01,2026-03-30,SOLD,2026-05-08,39,f,1661550000,2.00,0,1628319000,55000000,53900000,24,12,2.50,0,f
20260630,201305,200,203,2002,VHSC-2026-01,2026-05-26,AVAILABLE,,35,f,1904500000,2.00,0,1866410000,50000000,49000000,24,12,2.50,0,f
20260630,201306,200,203,2003,VHSC-2026-01,2026-01-16,SOLD,2026-02-26,41,f,2956800000,2.00,0,2897664000,48000000,47040000,24,12,2.50,0,f
20260630,201307,200,203,2004,VHSC-2026-01,2026-01-24,AVAILABLE,,157,t,2383000000,2.00,0,2335340000,50000000,49000000,24,12,1.20,0,f
20260630,201308,200,203,2005,VHSC-2026-01,2026-06-04,AVAILABLE,,26,f,1733600000,2.00,0,1698928000,55000000,53900000,24,12,2.50,0,f
20260630,201309,200,203,2006,VHSC-2026-01,2026-02-18,SOLD,2026-04-03,44,f,2180500000,2.00,0,2136890000,50000000,49000000,24,12,2.50,0,f
20260630,201310,200,203,2007,VHSC-2026-01,2026-03-01,SOLD,2026-04-15,45,f,3058560000,2.00,0,2997388800,48000000,47040000,24,12,2.50,0,t
20260630,201311,200,203,2008,VHSC-2026-01,2026-05-09,AVAILABLE,,52,f,4027950000,2.00,0,3947391000,45000000,44100000,24,12,2.50,0,f
20260630,201312,200,203,2001,VHSC-2026-01,2026-01-14,AVAILABLE,,167,t,3548720000,0.00,0,3548720000,56000000,56000000,24,12,1.20,0,f
20260630,201313,200,203,2002,VHSC-2026-01,2026-05-15,AVAILABLE,,46,f,2258500000,2.00,0,2213330000,50000000,49000000,24,12,2.50,0,f
20260630,201314,200,203,2003,VHSC-2026-01,2026-01-09,BOOKED,,172,f,3314400000,2.00,0,3248112000,48000000,47040000,24,12,2.50,0,f
20260630,201315,200,203,2004,VHSC-2026-01,2026-01-20,SOLD,2026-03-11,50,f,3840750000,2.00,0,3763935000,45000000,44100000,24,12,2.50,0,f
20260630,201316,200,203,2005,VHSC-2026-01,2026-01-31,SOLD,2026-03-23,51,f,1888150000,2.00,0,1850387000,55000000,53900000,24,12,2.50,0,f
20260630,201317,200,203,2006,VHSC-2026-01,2026-02-11,SOLD,2026-04-04,52,f,1941500000,2.00,0,1902670000,50000000,49000000,24,12,2.50,0,f
20260630,201318,200,203,2007,VHSC-2026-01,2026-05-30,AVAILABLE,,31,f,3283200000,2.00,0,3217536000,48000000,47040000,24,12,2.50,0,f
20260630,201319,200,203,2008,VHSC-2026-01,2026-03-05,BOOKED,,117,f,3751200000,2.00,0,3676176000,45000000,44100000,24,12,2.50,0,f
20260630,201320,200,203,2001,VHSC-2026-01,2026-03-16,SOLD,2026-05-10,55,f,1670350000,2.00,0,1636943000,55000000,53900000,24,12,2.50,0,t
20260630,201321,200,203,2002,VHSC-2026-01,2026-03-27,SOLD,2026-05-22,56,f,1936000000,2.00,0,1897280000,50000000,49000000,24,12,2.50,0,f
20260630,201322,200,203,2003,VHSC-2026-01,2026-04-07,SOLD,2026-06-03,57,f,3063360000,2.00,0,3002092800,48000000,47040000,24,12,2.50,0,f
20260630,201323,200,203,2004,VHSC-2026-01,2026-01-13,SOLD,2026-03-12,58,f,4062150000,2.00,0,3980907000,45000000,44100000,24,12,2.50,0,f
20260630,201324,200,203,2005,VHSC-2026-01,2026-05-13,AVAILABLE,,48,f,1612050000,2.00,0,1579809000,55000000,53900000,24,12,2.50,0,f
20260630,201325,200,203,2006,VHSC-2026-01,2026-01-15,AVAILABLE,,166,t,3607520000,0.00,0,3607520000,56000000,56000000,24,12,2.50,0,f
20260630,201326,200,203,2007,VHSC-2026-01,2026-02-15,SOLD,2026-04-17,61,f,3204480000,2.00,0,3140390400,48000000,47040000,24,12,2.50,0,f
20260630,201327,200,203,2008,VHSC-2026-01,2026-02-26,SOLD,2026-04-29,62,f,4194900000,2.00,0,4111002000,45000000,44100000,24,12,2.50,0,f
20260630,201328,200,203,2001,VHSC-2026-01,2026-03-09,SOLD,2026-05-11,63,f,1752300000,2.00,0,1717254000,55000000,53900000,24,12,2.50,0,f
20260630,201329,200,203,2002,VHSC-2026-01,2026-05-28,AVAILABLE,,33,f,2346000000,2.00,0,2299080000,50000000,49000000,24,12,2.50,0,f
20260630,201330,200,203,2003,VHSC-2026-01,2026-05-31,AVAILABLE,,30,f,2693280000,2.00,0,2639414400,48000000,47040000,24,12,2.50,0,t
20260630,201331,200,203,2004,VHSC-2026-01,2026-06-03,AVAILABLE,,27,f,3901050000,2.00,0,3823029000,45000000,44100000,24,12,2.50,0,f
20260630,201332,200,203,2005,VHSC-2026-01,2026-01-17,SOLD,2026-02-08,22,f,1862850000,2.00,0,1825593000,55000000,53900000,24,12,2.50,0,f
20260630,201333,200,203,2006,VHSC-2026-01,2026-01-28,BOOKED,,153,f,2318500000,2.00,0,2272130000,50000000,49000000,24,12,2.50,0,f
20260630,201334,200,203,2007,VHSC-2026-01,2026-02-08,SOLD,2026-03-04,24,f,2731200000,2.00,0,2676576000,48000000,47040000,24,12,2.50,0,f
20260630,201335,200,203,2008,VHSC-2026-01,2026-05-11,AVAILABLE,,50,f,3654900000,2.00,0,3581802000,45000000,44100000,24,12,2.50,0,f
20260630,201336,200,203,2001,VHSC-2026-01,2026-02-16,AVAILABLE,,134,t,4072800000,0.00,0,4072800000,60000000,60000000,24,12,1.20,0,f
20260630,201337,200,203,2002,VHSC-2026-01,2026-03-13,SOLD,2026-04-09,27,f,2206500000,2.00,0,2162370000,50000000,49000000,24,12,2.50,0,f
20260630,201338,200,203,2003,VHSC-2026-01,2026-03-24,SOLD,2026-04-21,28,f,2778720000,2.00,0,2723145600,48000000,47040000,24,12,2.50,0,f
20260630,201339,200,203,2004,VHSC-2026-01,2026-04-04,SOLD,2026-05-03,29,f,4258350000,2.00,0,4173183000,45000000,44100000,24,12,2.50,0,f
20260630,201340,200,203,2005,VHSC-2026-01,2026-01-10,SOLD,2026-02-09,30,f,1544400000,2.00,0,1513512000,55000000,53900000,24,12,2.50,0,t
20260630,201341,200,203,2006,VHSC-2026-01,2026-01-21,SOLD,2026-02-21,31,f,2095000000,2.00,0,2053100000,50000000,49000000,24,12,2.50,0,f
20260630,201342,200,203,2007,VHSC-2026-01,2026-02-13,AVAILABLE,,137,t,2806560000,2.00,0,2750428800,48000000,47040000,24,12,1.20,0,f
20260630,201343,200,203,2008,VHSC-2026-01,2026-02-12,SOLD,2026-03-17,33,f,4220100000,2.00,0,4135698000,45000000,44100000,24,12,2.50,0,f
20260630,201344,200,203,2001,VHSC-2026-01,2026-02-23,SOLD,2026-03-29,34,f,1591150000,2.00,0,1559327000,55000000,53900000,24,12,2.50,0,f
20260630,201345,200,203,2002,VHSC-2026-01,2026-03-06,BOOKED,,116,f,2125000000,2.00,0,2082500000,50000000,49000000,24,12,2.50,0,f
20260630,201346,200,203,2003,VHSC-2026-01,2026-03-17,SOLD,2026-04-22,36,f,2680320000,2.00,0,2626713600,48000000,47040000,24,12,2.50,0,f
20260630,201347,200,203,2004,VHSC-2026-01,2026-03-28,SOLD,2026-05-04,37,f,4263750000,2.00,0,4178475000,45000000,44100000,24,12,2.50,0,f
20260630,201348,200,203,2005,VHSC-2026-01,2026-04-08,SOLD,2026-05-16,38,f,1637350000,2.00,0,1604603000,55000000,53900000,24,12,2.50,0,f
20260630,201349,200,203,2006,VHSC-2026-01,2026-01-14,SOLD,2026-02-22,39,f,2247000000,2.00,0,2202060000,50000000,49000000,24,12,2.50,0,f
20260630,201350,200,203,2007,VHSC-2026-01,2026-05-21,AVAILABLE,,40,f,3088320000,2.00,0,3026553600,48000000,47040000,24,12,2.50,0,t
20260630,201351,200,203,2008,VHSC-2026-01,2026-02-05,BOOKED,,145,f,3743550000,2.00,0,3668679000,45000000,44100000,24,12,2.50,0,f
20260630,201352,200,203,2001,VHSC-2026-01,2026-02-16,SOLD,2026-03-30,42,f,1880450000,2.00,0,1842841000,55000000,53900000,24,12,2.50,0,f
20260630,201353,200,203,2002,VHSC-2026-01,2026-05-30,AVAILABLE,,31,f,1936000000,2.00,0,1897280000,50000000,49000000,24,12,2.50,0,f
20260630,201354,200,203,2003,VHSC-2026-01,2026-03-10,SOLD,2026-04-23,44,f,2980800000,2.00,0,2921184000,48000000,47040000,24,12,2.50,0,f
20260630,201355,200,203,2004,VHSC-2026-01,2026-03-21,SOLD,2026-05-05,45,f,4130550000,2.00,0,4047939000,45000000,44100000,24,12,2.50,0,f
20260630,201356,200,203,2005,VHSC-2026-01,2026-04-01,SOLD,2026-05-17,46,f,1866150000,2.00,0,1828827000,55000000,53900000,24,12,2.50,0,f
20260630,201357,200,203,2006,VHSC-2026-01,2026-01-07,SOLD,2026-02-23,47,f,2050500000,2.00,0,2009490000,50000000,49000000,24,12,2.50,0,f
20260630,201358,200,203,2007,VHSC-2026-01,2026-01-18,SOLD,2026-03-07,48,f,2845920000,2.00,0,2789001600,48000000,47040000,24,12,2.50,0,f
20260630,201359,200,203,2008,VHSC-2026-01,2026-05-13,AVAILABLE,,48,f,4106700000,2.00,0,4024566000,45000000,44100000,24,12,2.50,0,f
20260630,201360,200,203,2001,VHSC-2026-01,2026-02-09,SOLD,2026-03-31,50,f,1720400000,2.00,0,1685992000,55000000,53900000,24,12,2.50,0,t
20260630,201361,200,203,2002,VHSC-2026-01,2026-02-20,SOLD,2026-04-12,51,f,2162500000,2.00,0,2119250000,50000000,49000000,24,12,2.50,0,f
20260630,201362,200,203,2003,VHSC-2026-01,2026-03-03,SOLD,2026-04-24,52,f,2703840000,2.00,0,2649763200,48000000,47040000,24,12,2.50,0,f
20260630,201363,200,203,2004,VHSC-2026-01,2026-05-25,AVAILABLE,,36,f,4021650000,2.00,0,3941217000,45000000,44100000,24,12,2.50,0,f
20260630,201364,200,203,2005,VHSC-2026-01,2026-05-28,AVAILABLE,,33,f,1773200000,2.00,0,1737736000,55000000,53900000,24,12,2.50,0,f
20260630,201365,200,203,2006,VHSC-2026-01,2026-01-25,AVAILABLE,,156,t,2269000000,2.00,0,2223620000,50000000,49000000,24,12,1.20,0,f
20260630,201366,200,203,2007,VHSC-2026-01,2026-01-11,SOLD,2026-03-08,56,f,2840160000,2.00,0,2783356800,48000000,47040000,24,12,2.50,0,f
20260630,201367,200,203,2008,VHSC-2026-01,2026-05-02,AVAILABLE,,59,f,3651750000,2.00,0,3578715000,45000000,44100000,24,12,2.50,0,f
20260630,201368,200,203,2001,VHSC-2026-01,2026-02-02,SOLD,2026-04-01,58,f,1647800000,2.00,0,1614844000,55000000,53900000,24,12,2.50,0,f
20260630,201369,200,203,2002,VHSC-2026-01,2026-02-13,BOOKED,,137,f,2132500000,2.00,0,2089850000,50000000,49000000,24,12,2.50,0,f
20260630,201370,200,203,2003,VHSC-2026-01,2026-02-24,BOOKED,,126,f,2864640000,2.00,0,2807347200,48000000,47040000,24,12,2.50,0,t
20260630,201371,200,203,2004,VHSC-2026-01,2026-03-07,SOLD,2026-05-07,61,f,3804750000,2.00,0,3728655000,45000000,44100000,24,12,2.50,0,f
20260630,201372,200,203,2005,VHSC-2026-01,2026-03-18,SOLD,2026-05-19,62,f,1591700000,2.00,0,1559866000,55000000,53900000,24,12,2.50,0,f
20260630,201373,200,203,2006,VHSC-2026-01,2026-02-05,AVAILABLE,,145,t,3049440000,2.00,0,2988451200,48000000,47040000,12,12,2.50,0,f
20260630,201374,200,203,2007,VHSC-2026-01,2026-04-09,SOLD,2026-06-12,64,f,2860320000,2.00,0,2803113600,48000000,47040000,24,12,2.50,0,f
20260630,201375,200,203,2008,VHSC-2026-01,2026-01-15,SOLD,2026-02-04,20,f,4040100000,2.00,0,3959298000,45000000,44100000,24,12,2.50,0,f
20260630,201376,200,203,2001,VHSC-2026-01,2026-01-26,SOLD,2026-02-16,21,f,1830950000,2.00,0,1794331000,55000000,53900000,24,12,2.50,0,f
20260630,201377,200,203,2002,VHSC-2026-01,2026-06-01,AVAILABLE,,29,f,2387000000,2.00,0,2339260000,50000000,49000000,24,12,2.50,0,f
20260630,201378,200,203,2003,VHSC-2026-01,2026-02-17,SOLD,2026-03-12,23,f,2998560000,2.00,0,2938588800,48000000,47040000,24,12,2.50,0,f
20260630,201379,200,203,2004,VHSC-2026-01,2026-02-28,SOLD,2026-03-24,24,f,4134150000,2.00,0,4051467000,45000000,44100000,24,12,2.50,0,f
20260630,201380,200,203,2005,VHSC-2026-01,2026-02-09,AVAILABLE,,141,t,4230000000,2.00,0,4145400000,45000000,44100000,24,12,2.50,0,t
20260630,201381,200,203,2006,VHSC-2026-01,2026-03-22,SOLD,2026-04-17,26,f,2119000000,2.00,0,2076620000,50000000,49000000,24,12,2.50,0,f
20260630,201382,200,203,2007,VHSC-2026-01,2026-05-12,AVAILABLE,,49,f,2879040000,2.00,0,2821459200,48000000,47040000,24,12,2.50,0,f
20260630,201383,200,203,2008,VHSC-2026-01,2026-05-15,AVAILABLE,,46,f,4262850000,2.00,0,4177593000,45000000,44100000,24,12,2.50,0,f
20260630,201384,200,203,2001,VHSC-2026-01,2026-01-19,SOLD,2026-02-17,29,f,1780900000,2.00,0,1745282000,55000000,53900000,24,12,2.50,0,f
20260630,201385,200,203,2002,VHSC-2026-01,2026-01-30,SOLD,2026-03-01,30,f,2042000000,2.00,0,2001160000,50000000,49000000,24,12,2.50,0,f
20260630,201386,200,203,2003,VHSC-2026-01,2026-02-06,AVAILABLE,,144,t,3169920000,2.00,0,3106521600,48000000,47040000,24,12,2.50,0,f
20260630,201387,200,203,2004,VHSC-2026-01,2026-02-21,SOLD,2026-03-25,32,f,3639150000,2.00,0,3566367000,45000000,44100000,24,12,2.50,0,f
20260630,201388,200,203,2005,VHSC-2026-01,2026-05-30,AVAILABLE,,31,f,1675300000,2.00,0,1641794000,55000000,53900000,24,12,2.50,0,f
20260630,201389,200,203,2006,VHSC-2026-01,2026-03-15,SOLD,2026-04-18,34,f,1935000000,2.00,0,1896300000,50000000,49000000,24,12,2.50,0,f
20260630,201390,200,203,2007,VHSC-2026-01,2026-03-26,SOLD,2026-04-30,35,f,3211680000,2.00,0,3147446400,48000000,47040000,24,12,2.50,0,t
20260630,201391,200,203,2008,VHSC-2026-01,2026-04-06,SOLD,2026-05-12,36,f,4034700000,2.00,0,3954006000,45000000,44100000,24,12,2.50,0,f
20260630,201392,200,203,2001,VHSC-2026-01,2026-05-07,AVAILABLE,,54,f,1670900000,2.00,0,1637482000,55000000,53900000,24,12,2.50,0,f
20260630,201393,200,203,2002,VHSC-2026-01,2026-01-23,SOLD,2026-03-02,38,f,2311000000,2.00,0,2264780000,50000000,49000000,24,12,2.50,0,f
20260630,201394,200,203,2003,VHSC-2026-01,2026-02-03,SOLD,2026-03-14,39,f,3221280000,2.00,0,3156854400,48000000,47040000,24,12,2.50,0,f
20260630,201395,200,203,2004,VHSC-2026-01,2026-02-14,SOLD,2026-03-26,40,f,3760200000,2.00,0,3684996000,45000000,44100000,24,12,2.50,0,f
20260630,201396,200,203,2005,VHSC-2026-01,2026-01-17,AVAILABLE,,164,t,4230000000,2.00,0,4145400000,45000000,44100000,24,12,1.20,0,f
20260630,201397,200,203,2006,VHSC-2026-01,2026-03-08,SOLD,2026-04-19,42,f,2001500000,2.00,0,1961470000,50000000,49000000,24,12,2.50,0,f
20260630,201398,200,203,2007,VHSC-2026-01,2026-03-19,SOLD,2026-05-01,43,f,3012000000,2.00,0,2951760000,48000000,47040000,24,12,2.50,0,f
20260630,201399,200,203,2008,VHSC-2026-01,2026-05-28,AVAILABLE,,33,f,4025700000,2.00,0,3945186000,45000000,44100000,24,12,2.50,0,f
20260630,201400,200,203,2001,VHSC-2026-01,2026-05-31,AVAILABLE,,30,f,1874950000,2.00,0,1837451000,55000000,53900000,24,12,2.50,0,t
20260630,201401,200,203,2002,VHSC-2026-01,2026-06-03,AVAILABLE,,27,f,1923000000,2.00,0,1884540000,50000000,49000000,24,12,2.50,0,f
20260630,201402,200,203,2003,VHSC-2026-01,2026-01-27,SOLD,2026-03-15,47,f,3116640000,2.00,0,3054307200,48000000,47040000,24,12,2.50,0,f
20260630,201403,200,203,2004,VHSC-2026-01,2026-01-21,AVAILABLE,,160,t,4230000000,2.00,0,4145400000,45000000,44100000,24,12,2.50,0,f
20260630,201404,200,203,2005,VHSC-2026-01,2026-02-18,SOLD,2026-04-08,49,f,1785300000,2.00,0,1749594000,55000000,53900000,24,12,2.50,0,f
20260630,201405,200,203,2006,VHSC-2026-01,2026-03-01,SOLD,2026-04-20,50,f,2003000000,2.00,0,1962940000,50000000,49000000,24,12,2.50,0,f
20260630,201406,200,203,2007,VHSC-2026-01,2026-05-14,AVAILABLE,,47,f,3100320000,2.00,0,3038313600,48000000,47040000,24,12,2.50,0,f
20260630,201407,200,203,2008,VHSC-2026-01,2026-03-23,SOLD,2026-05-14,52,f,4162950000,2.00,0,4079691000,45000000,44100000,24,12,2.50,0,f
20260630,201408,200,203,2001,VHSC-2026-01,2026-01-11,AVAILABLE,,170,t,3351360000,0.00,0,3351360000,48000000,48000000,24,12,1.20,0,f
20260630,201409,200,203,2002,VHSC-2026-01,2026-01-09,SOLD,2026-03-04,54,f,2395000000,2.00,0,2347100000,50000000,49000000,24,12,2.50,0,f
20260630,201410,200,203,2003,VHSC-2026-01,2026-05-26,AVAILABLE,,35,f,3301440000,2.00,0,3235411200,48000000,47040000,24,12,2.50,0,t
20260630,201411,200,203,2004,VHSC-2026-01,2026-05-29,AVAILABLE,,32,f,4152600000,2.00,0,4069548000,45000000,44100000,24,12,2.50,0,f
20260630,201412,200,203,2005,VHSC-2026-01,2026-02-11,SOLD,2026-04-09,57,f,1669800000,2.00,0,1636404000,55000000,53900000,24,12,2.50,0,f
20260630,201413,200,203,2006,VHSC-2026-01,2026-02-22,SOLD,2026-04-21,58,f,2288000000,2.00,0,2242240000,50000000,49000000,24,12,2.50,0,f
20260630,201414,200,203,2007,VHSC-2026-01,2026-05-03,AVAILABLE,,58,f,3031200000,2.00,0,2970576000,48000000,47040000,24,12,2.50,0,f
20260630,201415,200,203,2008,VHSC-2026-01,2026-03-16,SOLD,2026-05-15,60,f,3848400000,2.00,0,3771432000,45000000,44100000,24,12,2.50,0,f
20260630,201416,200,203,2001,VHSC-2026-01,2026-03-27,SOLD,2026-05-27,61,f,1645600000,2.00,0,1612688000,55000000,53900000,24,12,2.50,0,f
20260630,201417,200,203,2002,VHSC-2026-01,2026-05-12,AVAILABLE,,49,f,2359500000,2.00,0,2312310000,50000000,49000000,24,12,2.50,0,f
20260630,201418,200,203,2003,VHSC-2026-01,2026-01-13,SOLD,2026-03-17,63,f,3308640000,2.00,0,3242467200,48000000,47040000,24,12,2.50,0,f
20260630,201419,200,203,2004,VHSC-2026-01,2026-01-24,SOLD,2026-03-29,64,f,4107150000,2.00,0,4025007000,45000000,44100000,24,12,2.50,0,f
20260630,201420,200,203,2005,VHSC-2026-01,2026-02-04,SOLD,2026-02-24,20,f,1911250000,2.00,0,1873025000,55000000,53900000,24,12,2.50,0,t
20260630,201421,200,203,2006,VHSC-2026-01,2026-02-15,SOLD,2026-03-08,21,f,2014500000,2.00,0,1974210000,50000000,49000000,24,12,2.50,0,f
20260630,201422,200,203,2007,VHSC-2026-01,2026-01-19,AVAILABLE,,162,t,3271520000,0.00,0,3271520000,56000000,56000000,24,12,2.50,0,f
20260630,201423,200,203,2008,VHSC-2026-01,2026-03-09,SOLD,2026-04-01,23,f,3885300000,2.00,0,3807594000,45000000,44100000,24,12,2.50,0,f
20260630,201424,200,203,2001,VHSC-2026-01,2026-06-02,AVAILABLE,,28,f,1772650000,2.00,0,1737197000,55000000,53900000,24,12,2.50,0,f
20260630,201425,200,203,2002,VHSC-2026-01,2026-03-31,SOLD,2026-04-25,25,f,2140500000,2.00,0,2097690000,50000000,49000000,24,12,2.50,0,f
20260630,201426,200,203,2003,VHSC-2026-01,2026-01-06,SOLD,2026-02-01,26,f,3202560000,2.00,0,3138508800,48000000,47040000,24,12,2.50,0,f
20260630,201427,200,203,2004,VHSC-2026-01,2026-01-17,SOLD,2026-02-13,27,f,4165650000,2.00,0,4082337000,45000000,44100000,24,12,2.50,0,f
20260630,201428,200,203,2005,VHSC-2026-01,2026-01-28,BOOKED,,153,f,1795750000,2.00,0,1759835000,55000000,53900000,24,12,2.50,0,f
20260630,201429,200,203,2006,VHSC-2026-01,2026-02-08,BOOKED,,142,f,2237000000,2.00,0,2192260000,50000000,49000000,24,12,2.50,0,f
20260630,201430,200,203,2007,VHSC-2026-01,2026-02-19,SOLD,2026-03-21,30,f,2832960000,2.00,0,2776300800,48000000,47040000,24,12,2.50,0,t
20260630,201431,200,203,2008,VHSC-2026-01,2026-03-02,SOLD,2026-04-02,31,f,3613950000,2.00,0,3541671000,45000000,44100000,24,12,2.50,0,f
20260630,201432,200,203,2001,VHSC-2026-01,2026-05-22,AVAILABLE,,39,f,1867250000,2.00,0,1829905000,55000000,53900000,24,12,2.50,0,f
20260630,201433,200,203,2002,VHSC-2026-01,2026-03-24,SOLD,2026-04-26,33,f,1912000000,2.00,0,1873760000,50000000,49000000,24,12,2.50,0,f
20260630,201434,200,203,2003,VHSC-2026-01,2026-04-04,SOLD,2026-05-08,34,f,3263040000,2.00,0,3197779200,48000000,47040000,24,12,2.50,0,f
20260630,201435,200,203,2004,VHSC-2026-01,2026-01-20,AVAILABLE,,161,t,3321600000,0.00,0,3321600000,60000000,60000000,24,12,2.50,0,f
20260630,201436,200,203,2005,VHSC-2026-01,2026-01-21,SOLD,2026-02-26,36,f,1758900000,2.00,0,1723722000,55000000,53900000,24,12,2.50,0,f
20260630,201437,200,203,2006,VHSC-2026-01,2026-02-01,SOLD,2026-03-10,37,f,1906000000,2.00,0,1867880000,50000000,49000000,24,12,2.50,0,f
20260630,201438,200,203,2007,VHSC-2026-01,2026-02-10,AVAILABLE,,140,t,2816160000,2.00,0,2759836800,48000000,47040000,24,12,1.20,0,f
20260630,201439,200,203,2008,VHSC-2026-01,2026-02-23,SOLD,2026-04-03,39,f,4156650000,2.00,0,4073517000,45000000,44100000,24,12,2.50,0,f
20260630,201440,200,203,2001,VHSC-2026-01,2026-01-10,AVAILABLE,,171,t,2248500000,2.00,0,2203530000,50000000,49000000,24,12,1.20,0,t
20260630,201441,200,203,2002,VHSC-2026-01,2026-03-17,SOLD,2026-04-27,41,f,1987500000,2.00,0,1947750000,50000000,49000000,24,12,2.50,0,f
20260630,201442,200,203,2003,VHSC-2026-01,2026-03-28,SOLD,2026-05-09,42,f,3021120000,2.00,0,2960697600,48000000,47040000,24,12,2.50,0,f
20260630,201443,200,203,2004,VHSC-2026-01,2026-04-08,SOLD,2026-05-21,43,f,3828150000,2.00,0,3751587000,45000000,44100000,24,12,2.50,0,f
20260630,201444,200,203,2005,VHSC-2026-01,2026-01-14,BOOKED,,167,f,1811700000,2.00,0,1775466000,55000000,53900000,24,12,2.50,0,f
20260630,201445,200,203,2006,VHSC-2026-01,2026-01-25,SOLD,2026-03-11,45,f,2357500000,2.00,0,2310350000,50000000,49000000,24,12,2.50,0,f
20260630,201446,200,203,2007,VHSC-2026-01,2026-01-07,AVAILABLE,,174,t,2710560000,2.00,0,2656348800,48000000,47040000,12,12,2.50,0,f
20260630,201447,200,203,2008,VHSC-2026-01,2026-02-16,SOLD,2026-04-04,47,f,4033800000,2.00,0,3953124000,45000000,44100000,24,12,2.50,0,f
20260630,201448,200,203,2001,VHSC-2026-01,2026-02-27,SOLD,2026-04-16,48,f,1911800000,2.00,0,1873564000,55000000,53900000,24,12,2.50,0,f
20260630,201449,200,203,2002,VHSC-2026-01,2026-01-28,AVAILABLE,,153,t,2644800000,0.00,0,2644800000,48000000,48000000,24,12,2.50,0,f
20260630,201450,200,203,2003,VHSC-2026-01,2026-03-21,SOLD,2026-05-10,50,f,3162720000,2.00,0,3099465600,48000000,47040000,24,12,2.50,0,t
20260630,201451,200,203,2004,VHSC-2026-01,2026-04-01,SOLD,2026-05-22,51,f,3871800000,2.00,0,3794364000,45000000,44100000,24,12,2.50,0,f
20260630,201452,200,203,2005,VHSC-2026-01,2026-01-07,SOLD,2026-02-28,52,f,1570250000,2.00,0,1538845000,55000000,53900000,24,12,2.50,0,f
20260630,201453,200,203,2006,VHSC-2026-01,2026-01-18,SOLD,2026-03-12,53,f,2188000000,2.00,0,2144240000,50000000,49000000,24,12,2.50,0,f
20260630,201454,200,203,2007,VHSC-2026-01,2026-01-29,SOLD,2026-03-24,54,f,3310560000,2.00,0,3244348800,48000000,47040000,24,12,2.50,0,f
20260630,201455,200,203,2008,VHSC-2026-01,2026-02-09,SOLD,2026-04-05,55,f,4095000000,2.00,0,4013100000,45000000,44100000,24,12,2.50,0,f
20260630,201456,200,203,2001,VHSC-2026-01,2026-02-20,SOLD,2026-04-17,56,f,1615350000,2.00,0,1583043000,55000000,53900000,24,12,2.50,0,f
20260630,201457,200,203,2002,VHSC-2026-01,2026-02-08,AVAILABLE,,142,t,2850240000,0.00,0,2850240000,48000000,48000000,24,12,2.50,0,f
20260630,201458,200,203,2003,VHSC-2026-01,2026-03-14,SOLD,2026-05-11,58,f,3239520000,2.00,0,3174729600,48000000,47040000,24,12,2.50,0,f
20260630,201459,200,203,2004,VHSC-2026-01,2026-03-25,SOLD,2026-05-23,59,f,4041450000,2.00,0,3960621000,45000000,44100000,24,12,2.50,0,f
20260630,201460,200,203,2005,VHSC-2026-01,2026-05-01,AVAILABLE,,60,f,1778700000,2.00,0,1743126000,55000000,53900000,24,12,2.50,0,t
20260630,201461,200,203,2006,VHSC-2026-01,2026-05-04,AVAILABLE,,57,f,2247500000,2.00,0,2202550000,50000000,49000000,24,12,2.50,0,f
20260630,201462,200,203,2007,VHSC-2026-01,2026-01-22,BOOKED,,159,f,3001920000,2.00,0,2941881600,48000000,47040000,24,12,2.50,0,f
20260630,201463,200,203,2008,VHSC-2026-01,2026-02-02,SOLD,2026-04-06,63,f,3771450000,2.00,0,3696021000,45000000,44100000,24,12,2.50,0,f
20260630,201464,200,203,2001,VHSC-2026-01,2026-02-13,SOLD,2026-04-18,64,f,1846900000,2.00,0,1809962000,55000000,53900000,24,12,2.50,0,f
20260630,201465,200,203,2002,VHSC-2026-01,2026-02-24,SOLD,2026-03-16,20,f,2300000000,2.00,0,2254000000,50000000,49000000,24,12,2.50,0,f
20260630,201466,200,203,2003,VHSC-2026-01,2026-03-07,SOLD,2026-03-28,21,f,3319680000,2.00,0,3253286400,48000000,47040000,24,12,2.50,0,f
20260630,201467,200,203,2004,VHSC-2026-01,2026-03-18,SOLD,2026-04-09,22,f,3658950000,2.00,0,3585771000,45000000,44100000,24,12,2.50,0,f
20260630,201468,200,203,2005,VHSC-2026-01,2026-05-25,AVAILABLE,,36,f,1603250000,2.00,0,1571185000,55000000,53900000,24,12,2.50,0,f
20260630,201469,200,203,2006,VHSC-2026-01,2026-04-09,SOLD,2026-05-03,24,f,2385000000,2.00,0,2337300000,50000000,49000000,24,12,2.50,0,f
20260630,201470,200,203,2007,VHSC-2026-01,2026-01-15,SOLD,2026-02-09,25,f,3335520000,2.00,0,3268809600,48000000,47040000,24,12,2.50,0,t
20260630,201471,200,203,2008,VHSC-2026-01,2026-01-26,SOLD,2026-02-21,26,f,4260150000,2.00,0,4174947000,45000000,44100000,24,12,2.50,0,f
20260630,201472,200,203,2001,VHSC-2026-01,2026-02-06,SOLD,2026-03-05,27,f,1647800000,2.00,0,1614844000,55000000,53900000,24,12,2.50,0,f
20260630,201473,200,203,2002,VHSC-2026-01,2026-02-17,SOLD,2026-03-17,28,f,1925000000,2.00,0,1886500000,50000000,49000000,24,12,2.50,0,f
20260630,201474,200,203,2003,VHSC-2026-01,2026-05-08,AVAILABLE,,53,f,2694240000,2.00,0,2640355200,48000000,47040000,24,12,2.50,0,f
20260630,201475,200,203,2004,VHSC-2026-01,2026-03-11,SOLD,2026-04-10,30,f,3631050000,2.00,0,3558429000,45000000,44100000,24,12,2.50,0,f
20260630,201476,200,203,2005,VHSC-2026-01,2026-03-22,SOLD,2026-04-22,31,f,1665950000,2.00,0,1632631000,55000000,53900000,24,12,2.50,0,f
20260630,201477,200,203,2006,VHSC-2026-01,2026-04-02,SOLD,2026-05-04,32,f,2273000000,2.00,0,2227540000,50000000,49000000,24,12,2.50,0,f
20260630,201478,200,203,2007,VHSC-2026-01,2026-01-08,SOLD,2026-02-10,33,f,2978880000,2.00,0,2919302400,48000000,47040000,24,12,2.50,0,f
20260630,201479,200,203,2008,VHSC-2026-01,2026-01-19,SOLD,2026-02-22,34,f,4207950000,2.00,0,4123791000,45000000,44100000,24,12,2.50,0,f
20260630,201480,200,203,2001,VHSC-2026-01,2026-01-20,AVAILABLE,,161,t,3678080000,0.00,0,3678080000,56000000,56000000,24,12,1.20,0,t
20260630,201481,200,203,2002,VHSC-2026-01,2026-02-10,SOLD,2026-03-18,36,f,2006000000,2.00,0,1965880000,50000000,49000000,24,12,2.50,0,f
20260630,201482,200,203,2003,VHSC-2026-01,2026-02-21,SOLD,2026-03-30,37,f,3153120000,2.00,0,3090057600,48000000,47040000,24,12,2.50,0,f
20260630,201483,200,203,2004,VHSC-2026-01,2026-03-04,BOOKED,,118,f,3654450000,2.00,0,3581361000,45000000,44100000,24,12,2.50,0,f
20260630,201484,200,203,2005,VHSC-2026-01,2026-05-03,AVAILABLE,,58,f,1727550000,2.00,0,1692999000,55000000,53900000,24,12,2.50,0,f
20260630,201485,200,203,2006,VHSC-2026-01,2026-03-26,SOLD,2026-05-05,40,f,2282000000,2.00,0,2236360000,50000000,49000000,24,12,2.50,0,f
20260630,201486,200,203,2007,VHSC-2026-01,2026-04-06,SOLD,2026-05-17,41,f,2763840000,2.00,0,2708563200,48000000,47040000,24,12,2.50,0,f
20260630,201487,200,203,2008,VHSC-2026-01,2026-01-12,SOLD,2026-02-23,42,f,3976650000,2.00,0,3897117000,45000000,44100000,24,12,2.50,0,f
20260630,201488,200,203,2001,VHSC-2026-01,2026-01-23,SOLD,2026-03-07,43,f,1912900000,2.00,0,1874642000,55000000,53900000,24,12,2.50,0,f
20260630,201489,200,203,2002,VHSC-2026-01,2026-05-18,AVAILABLE,,43,f,2347000000,2.00,0,2300060000,50000000,49000000,24,12,2.50,0,f
20260630,201490,200,203,2003,VHSC-2026-01,2026-02-14,SOLD,2026-03-31,45,f,3016800000,2.00,0,2956464000,48000000,47040000,24,12,2.50,0,t
20260630,201491,200,203,2004,VHSC-2026-01,2026-02-25,SOLD,2026-04-12,46,f,4173750000,2.00,0,4090275000,45000000,44100000,24,12,2.50,0,f
20260630,201492,200,203,2005,VHSC-2026-01,2026-05-27,AVAILABLE,,34,f,1854050000,2.00,0,1816969000,55000000,53900000,24,12,2.50,0,f
20260630,201493,200,203,2006,VHSC-2026-01,2026-03-19,SOLD,2026-05-06,48,f,2368000000,2.00,0,2320640000,50000000,49000000,24,12,2.50,0,f
20260630,201494,200,203,2007,VHSC-2026-01,2026-03-30,SOLD,2026-05-18,49,f,3081600000,2.00,0,3019968000,48000000,47040000,24,12,2.50,0,f
20260630,201495,200,203,2008,VHSC-2026-01,2026-01-05,BOOKED,,176,f,4178250000,2.00,0,4094685000,45000000,44100000,24,12,2.50,0,f
20260630,201496,200,203,2001,VHSC-2026-01,2026-05-04,AVAILABLE,,57,f,1914550000,2.00,0,1876259000,55000000,53900000,24,12,2.50,0,f
20260630,201497,200,203,2002,VHSC-2026-01,2026-05-07,AVAILABLE,,54,f,2057500000,2.00,0,2016350000,50000000,49000000,24,12,2.50,0,f
20260630,201498,200,203,2003,VHSC-2026-01,2026-02-07,BOOKED,,143,f,2924640000,2.00,0,2866147200,48000000,47040000,24,12,2.50,0,f
20260630,201499,200,203,2004,VHSC-2026-01,2026-02-18,BOOKED,,132,f,3948750000,2.00,0,3869775000,45000000,44100000,24,12,2.50,0,f
20260630,201500,200,203,2005,VHSC-2026-01,2026-03-01,SOLD,2026-04-25,55,f,1835900000,2.00,0,1799182000,55000000,53900000,24,12,2.50,0,t
20260630,201501,200,204,2006,VHSC-2026-01,2026-03-12,SOLD,2026-05-07,56,f,2371500000,2.00,0,2324070000,50000000,49000000,24,12,2.50,0,f
20260630,201502,200,204,2007,VHSC-2026-01,2026-03-23,SOLD,2026-05-19,57,f,3306720000,2.00,0,3240585600,48000000,47040000,24,12,2.50,0,f
20260630,201503,200,204,2008,VHSC-2026-01,2026-04-03,SOLD,2026-05-31,58,f,4239000000,2.00,0,4154220000,45000000,44100000,24,12,2.50,0,f
20260630,201504,200,204,2001,VHSC-2026-01,2026-01-09,SOLD,2026-03-09,59,f,1713800000,2.00,0,1679524000,55000000,53900000,24,12,2.50,0,f
20260630,201505,200,204,2002,VHSC-2026-01,2026-01-20,SOLD,2026-03-21,60,f,2064500000,2.00,0,2023210000,50000000,49000000,24,12,2.50,0,f
20260630,201506,200,204,2003,VHSC-2026-01,2026-01-31,SOLD,2026-04-02,61,f,3096480000,2.00,0,3034550400,48000000,47040000,24,12,2.50,0,f
20260630,201507,200,204,2004,VHSC-2026-01,2026-02-11,SOLD,2026-04-14,62,f,3687750000,2.00,0,3613995000,45000000,44100000,24,12,2.50,0,f
20260630,201508,200,204,2005,VHSC-2026-01,2026-02-22,SOLD,2026-04-26,63,f,1652750000,2.00,0,1619695000,55000000,53900000,24,12,2.50,0,f
20260630,201509,200,204,2006,VHSC-2026-01,2026-03-05,SOLD,2026-05-08,64,f,2222500000,2.00,0,2178050000,50000000,49000000,24,12,2.50,0,f
20260630,201510,200,204,2007,VHSC-2026-01,2026-03-16,SOLD,2026-04-05,20,f,3275040000,2.00,0,3209539200,48000000,47040000,24,12,2.50,0,t
20260630,201511,200,204,2008,VHSC-2026-01,2026-01-12,AVAILABLE,,169,t,3468080000,0.00,0,3468080000,56000000,56000000,24,12,2.50,0,f
20260630,201512,200,204,2001,VHSC-2026-01,2026-04-07,SOLD,2026-04-29,22,f,1603800000,2.00,0,1571724000,55000000,53900000,24,12,2.50,0,f
20260630,201513,200,204,2002,VHSC-2026-01,2026-01-13,SOLD,2026-02-05,23,f,2195000000,2.00,0,2151100000,50000000,49000000,24,12,2.50,0,f
20260630,201514,200,204,2003,VHSC-2026-01,2026-01-24,SOLD,2026-02-17,24,f,2999520000,2.00,0,2939529600,48000000,47040000,24,12,2.50,0,f
20260630,201515,200,204,2004,VHSC-2026-01,2026-05-26,AVAILABLE,,35,f,4252500000,2.00,0,4167450000,45000000,44100000,24,12,2.50,0,f
20260630,201516,200,204,2005,VHSC-2026-01,2026-02-15,BOOKED,,135,f,1832050000,2.00,0,1795409000,55000000,53900000,24,12,2.50,0,f
20260630,201517,200,204,2006,VHSC-2026-01,2026-02-26,SOLD,2026-03-25,27,f,2231500000,2.00,0,2186870000,50000000,49000000,24,12,2.50,0,f
20260630,201518,200,204,2007,VHSC-2026-01,2026-03-09,SOLD,2026-04-06,28,f,2746080000,2.00,0,2691158400,48000000,47040000,24,12,2.50,0,f
20260630,201519,200,204,2008,VHSC-2026-01,2026-03-20,BOOKED,,102,f,4098600000,2.00,0,4016628000,45000000,44100000,24,12,2.50,0,f
20260630,201520,200,204,2001,VHSC-2026-01,2026-03-31,SOLD,2026-04-30,30,f,1784200000,2.00,0,1748516000,55000000,53900000,24,12,2.50,0,t
20260630,201521,200,204,2002,VHSC-2026-01,2026-02-06,AVAILABLE,,144,t,3138240000,0.00,0,3138240000,56000000,56000000,24,12,2.50,0,f
20260630,201522,200,204,2003,VHSC-2026-01,2026-01-17,SOLD,2026-02-18,32,f,2990400000,2.00,0,2930592000,48000000,47040000,24,12,2.50,0,f
20260630,201523,200,204,2004,VHSC-2026-01,2026-05-15,AVAILABLE,,46,f,3718350000,2.00,0,3643983000,45000000,44100000,24,12,2.50,0,f
20260630,201524,200,204,2005,VHSC-2026-01,2026-02-08,SOLD,2026-03-14,34,f,1797400000,2.00,0,1761452000,55000000,53900000,24,12,2.50,0,f
20260630,201525,200,204,2006,VHSC-2026-01,2026-02-19,SOLD,2026-03-26,35,f,2322500000,2.00,0,2276050000,50000000,49000000,24,12,2.50,0,f
20260630,201526,200,204,2007,VHSC-2026-01,2026-05-24,AVAILABLE,,37,f,3247680000,2.00,0,3182726400,48000000,47040000,24,12,2.50,0,f
20260630,201527,200,204,2008,VHSC-2026-01,2026-03-13,SOLD,2026-04-19,37,f,4159350000,2.00,0,4076163000,45000000,44100000,24,12,2.50,0,f
20260630,201528,200,204,2001,VHSC-2026-01,2026-03-24,SOLD,2026-05-01,38,f,1594450000,2.00,0,1562561000,55000000,53900000,24,12,2.50,0,f
20260630,201529,200,204,2002,VHSC-2026-01,2026-04-04,SOLD,2026-05-13,39,f,1955500000,2.00,0,1916390000,50000000,49000000,24,12,2.50,0,f
20260630,201530,200,204,2003,VHSC-2026-01,2026-01-10,SOLD,2026-02-19,40,f,3063360000,2.00,0,3002092800,48000000,47040000,24,12,2.50,0,t
20260630,201531,200,204,2004,VHSC-2026-01,2026-01-21,SOLD,2026-03-03,41,f,4104450000,2.00,0,4022361000,45000000,44100000,24,12,2.50,0,f
20260630,201532,200,204,2005,VHSC-2026-01,2026-02-01,SOLD,2026-03-15,42,f,1717650000,2.00,0,1683297000,55000000,53900000,24,12,2.50,0,f
20260630,201533,200,204,2006,VHSC-2026-01,2026-02-12,SOLD,2026-03-27,43,f,2272500000,2.00,0,2227050000,50000000,49000000,24,12,2.50,0,f
20260630,201534,200,204,2007,VHSC-2026-01,2026-02-23,SOLD,2026-04-08,44,f,2882880000,2.00,0,2825222400,48000000,47040000,24,12,2.50,0,f
20260630,201535,200,204,2008,VHSC-2026-01,2026-02-14,AVAILABLE,,136,t,2301500000,2.00,0,2255470000,50000000,49000000,24,12,1.20,0,f
20260630,201536,200,204,2001,VHSC-2026-01,2026-01-07,AVAILABLE,,174,t,1915000000,2.00,0,1876700000,50000000,49000000,24,12,1.20,0,f
20260630,201537,200,204,2002,VHSC-2026-01,2026-03-28,SOLD,2026-05-14,47,f,2028500000,2.00,0,1987930000,50000000,49000000,24,12,2.50,0,f
20260630,201538,200,204,2003,VHSC-2026-01,2026-04-08,SOLD,2026-05-26,48,f,3038880000,2.00,0,2978102400,48000000,47040000,24,12,2.50,0,f
20260630,201539,200,204,2004,VHSC-2026-01,2026-01-14,SOLD,2026-03-04,49,f,3953250000,2.00,0,3874185000,45000000,44100000,24,12,2.50,0,f
20260630,201540,200,204,2005,VHSC-2026-01,2026-01-25,SOLD,2026-03-16,50,f,1775950000,2.00,0,1740431000,55000000,53900000,24,12,2.50,0,t
20260630,201541,200,204,2006,VHSC-2026-01,2026-02-05,SOLD,2026-03-28,51,f,1942000000,2.00,0,1903160000,50000000,49000000,24,12,2.50,0,f
20260630,201542,200,204,2007,VHSC-2026-01,2026-05-02,AVAILABLE,,59,f,2810880000,2.00,0,2754662400,48000000,47040000,24,12,2.50,0,f
20260630,201543,200,204,2008,VHSC-2026-01,2026-02-27,SOLD,2026-04-21,53,f,3957750000,2.00,0,3878595000,45000000,44100000,24,12,2.50,0,f
20260630,201544,200,204,2001,VHSC-2026-01,2026-05-08,AVAILABLE,,53,f,1818300000,2.00,0,1781934000,55000000,53900000,24,12,2.50,0,f
20260630,201545,200,204,2002,VHSC-2026-01,2026-03-21,SOLD,2026-05-15,55,f,2271000000,2.00,0,2225580000,50000000,49000000,24,12,2.50,0,f
20260630,201546,200,204,2003,VHSC-2026-01,2026-04-01,SOLD,2026-05-27,56,f,2705280000,2.00,0,2651174400,48000000,47040000,24,12,2.50,0,f
20260630,201547,200,204,2004,VHSC-2026-01,2026-01-07,SOLD,2026-03-05,57,f,3728250000,2.00,0,3653685000,45000000,44100000,24,12,2.50,0,f
20260630,201548,200,204,2005,VHSC-2026-01,2026-01-18,SOLD,2026-03-17,58,f,1856250000,2.00,0,1819125000,55000000,53900000,24,12,2.50,0,f
20260630,201549,200,204,2006,VHSC-2026-01,2026-01-08,AVAILABLE,,173,t,3247200000,0.00,0,3247200000,48000000,48000000,24,12,2.50,0,f
20260630,201550,200,204,2007,VHSC-2026-01,2026-02-09,SOLD,2026-04-10,60,f,2866560000,2.00,0,2809228800,48000000,47040000,24,12,2.50,0,t
20260630,201551,200,204,2008,VHSC-2026-01,2026-02-20,SOLD,2026-04-22,61,f,4243050000,2.00,0,4158189000,45000000,44100000,24,12,2.50,0,f
20260630,201552,200,204,2001,VHSC-2026-01,2026-03-03,SOLD,2026-05-04,62,f,1650000000,2.00,0,1617000000,55000000,53900000,24,12,2.50,0,f
20260630,201553,200,204,2002,VHSC-2026-01,2026-06-04,AVAILABLE,,26,f,2044000000,2.00,0,2003120000,50000000,49000000,24,12,2.50,0,f
20260630,201554,200,204,2003,VHSC-2026-01,2026-03-25,SOLD,2026-05-28,64,f,3284160000,2.00,0,3218476800,48000000,47040000,24,12,2.50,0,f
20260630,201555,200,204,2004,VHSC-2026-01,2026-01-05,AVAILABLE,,176,t,4230000000,2.00,0,4145400000,45000000,44100000,24,12,2.50,0,f
20260630,201556,200,204,2005,VHSC-2026-01,2026-01-11,SOLD,2026-02-01,21,f,1575200000,2.00,0,1543696000,55000000,53900000,24,12,2.50,0,f
20260630,201557,200,204,2006,VHSC-2026-01,2026-01-22,BOOKED,,159,f,2286500000,2.00,0,2240770000,50000000,49000000,24,12,2.50,0,f
20260630,201558,200,204,2007,VHSC-2026-01,2026-02-02,SOLD,2026-02-25,23,f,2910720000,2.00,0,2852505600,48000000,47040000,24,12,2.50,0,f
20260630,201559,200,204,2008,VHSC-2026-01,2026-02-13,SOLD,2026-03-09,24,f,3699000000,2.00,0,3625020000,45000000,44100000,24,12,2.50,0,f
20260630,201560,200,204,2001,VHSC-2026-01,2026-05-21,AVAILABLE,,40,f,1636250000,2.00,0,1603525000,55000000,53900000,24,12,2.50,0,t
20260630,201561,200,204,2002,VHSC-2026-01,2026-03-07,SOLD,2026-04-02,26,f,2049000000,2.00,0,2008020000,50000000,49000000,24,12,2.50,0,f
20260630,201562,200,204,2003,VHSC-2026-01,2026-03-18,SOLD,2026-04-14,27,f,3108960000,2.00,0,3046780800,48000000,47040000,24,12,2.50,0,f
20260630,201563,200,204,2004,VHSC-2026-01,2026-03-29,SOLD,2026-04-26,28,f,3840300000,2.00,0,3763494000,45000000,44100000,24,12,2.50,0,f
20260630,201564,200,204,2005,VHSC-2026-01,2026-04-09,SOLD,2026-05-08,29,f,1621950000,2.00,0,1589511000,55000000,53900000,24,12,2.50,0,f
20260630,201565,200,204,2006,VHSC-2026-01,2026-01-15,SOLD,2026-02-14,30,f,2275000000,2.00,0,2229500000,50000000,49000000,24,12,2.50,0,f
20260630,201566,200,204,2007,VHSC-2026-01,2026-01-26,SOLD,2026-02-26,31,f,2754720000,2.00,0,2699625600,48000000,47040000,24,12,2.50,0,f
20260630,201567,200,204,2008,VHSC-2026-01,2026-02-06,SOLD,2026-03-10,32,f,3882600000,2.00,0,3804948000,45000000,44100000,24,12,2.50,0,f
20260630,201568,200,204,2001,VHSC-2026-01,2026-02-17,SOLD,2026-03-22,33,f,1590600000,2.00,0,1558788000,55000000,53900000,24,12,2.50,0,f
20260630,201569,200,204,2002,VHSC-2026-01,2026-02-28,SOLD,2026-04-03,34,f,2001500000,2.00,0,1961470000,50000000,49000000,24,12,2.50,0,f
20260630,201570,200,204,2003,VHSC-2026-01,2026-03-11,SOLD,2026-04-15,35,f,3196800000,2.00,0,3132864000,48000000,47040000,24,12,2.50,0,t
20260630,201571,200,204,2004,VHSC-2026-01,2026-03-22,SOLD,2026-04-27,36,f,3721050000,2.00,0,3646629000,45000000,44100000,24,12,2.50,0,f
20260630,201572,200,204,2005,VHSC-2026-01,2026-04-02,SOLD,2026-05-09,37,f,1591700000,2.00,0,1559866000,55000000,53900000,24,12,2.50,0,f
20260630,201573,200,204,2006,VHSC-2026-01,2026-05-25,AVAILABLE,,36,f,2190500000,2.00,0,2146690000,50000000,49000000,24,12,2.50,0,f
20260630,201574,200,204,2007,VHSC-2026-01,2026-02-17,AVAILABLE,,133,t,2154000000,2.00,0,2110920000,50000000,49000000,24,12,1.20,0,f
20260630,201575,200,204,2008,VHSC-2026-01,2026-05-31,AVAILABLE,,30,f,3915900000,2.00,0,3837582000,45000000,44100000,24,12,2.50,0,f
20260630,201576,200,204,2001,VHSC-2026-01,2026-02-10,SOLD,2026-03-23,41,f,1758900000,2.00,0,1723722000,55000000,53900000,24,12,2.50,0,f
20260630,201577,200,204,2002,VHSC-2026-01,2026-05-02,AVAILABLE,,59,f,2331000000,2.00,0,2284380000,50000000,49000000,24,12,2.50,0,f
20260630,201578,200,204,2003,VHSC-2026-01,2026-05-05,AVAILABLE,,56,f,2868000000,2.00,0,2810640000,48000000,47040000,24,12,2.50,0,f
20260630,201579,200,204,2004,VHSC-2026-01,2026-03-15,SOLD,2026-04-28,44,f,3808800000,2.00,0,3732624000,45000000,44100000,24,12,2.50,0,f
20260630,201580,200,204,2005,VHSC-2026-01,2026-03-26,SOLD,2026-05-10,45,f,1902450000,2.00,0,1864401000,55000000,53900000,24,12,2.50,0,t
20260630,201581,200,204,2006,VHSC-2026-01,2026-04-06,SOLD,2026-05-22,46,f,2288000000,2.00,0,2242240000,50000000,49000000,24,12,2.50,0,f
20260630,201582,200,204,2007,VHSC-2026-01,2026-01-12,SOLD,2026-02-28,47,f,2644320000,2.00,0,2591433600,48000000,47040000,24,12,2.50,0,f
20260630,201583,200,204,2008,VHSC-2026-01,2026-01-23,SOLD,2026-03-12,48,f,4105800000,2.00,0,4023684000,45000000,44100000,24,12,2.50,0,f
20260630,201584,200,204,2001,VHSC-2026-01,2026-02-03,SOLD,2026-03-24,49,f,1846350000,2.00,0,1809423000,55000000,53900000,24,12,2.50,0,f
20260630,201585,200,204,2002,VHSC-2026-01,2026-02-14,BOOKED,,136,f,2070000000,2.00,0,2028600000,50000000,49000000,24,12,2.50,0,f
20260630,201586,200,204,2003,VHSC-2026-01,2026-02-25,SOLD,2026-04-17,51,f,3252480000,2.00,0,3187430400,48000000,47040000,24,12,2.50,0,f
20260630,201587,200,204,2004,VHSC-2026-01,2026-03-08,SOLD,2026-04-29,52,f,4070700000,2.00,0,3989286000,45000000,44100000,24,12,2.50,0,f
20260630,201588,200,204,2005,VHSC-2026-01,2026-03-19,SOLD,2026-05-11,53,f,1887050000,2.00,0,1849309000,55000000,53900000,24,12,2.50,0,f
20260630,201589,200,204,2006,VHSC-2026-01,2026-05-03,AVAILABLE,,58,f,1906000000,2.00,0,1867880000,50000000,49000000,24,12,2.50,0,f
20260630,201590,200,204,2007,VHSC-2026-01,2026-01-05,SOLD,2026-03-01,55,f,3125280000,2.00,0,3062774400,48000000,47040000,24,12,2.50,0,t
20260630,201591,200,204,2008,VHSC-2026-01,2026-05-09,AVAILABLE,,52,f,4150800000,2.00,0,4067784000,45000000,44100000,24,12,2.50,0,f
20260630,201592,200,204,2001,VHSC-2026-01,2026-01-27,BOOKED,,154,f,1692350000,2.00,0,1658503000,55000000,53900000,24,12,2.50,0,f
20260630,201593,200,204,2002,VHSC-2026-01,2026-02-07,SOLD,2026-04-06,58,f,2109000000,2.00,0,2066820000,50000000,49000000,24,12,2.50,0,f
20260630,201594,200,204,2003,VHSC-2026-01,2026-05-18,AVAILABLE,,43,f,3226080000,2.00,0,3161558400,48000000,47040000,24,12,2.50,0,f
20260630,201595,200,204,2004,VHSC-2026-01,2026-03-01,SOLD,2026-04-30,60,f,3768300000,2.00,0,3692934000,45000000,44100000,24,12,2.50,0,f
20260630,201596,200,204,2005,VHSC-2026-01,2026-01-22,AVAILABLE,,159,t,2974080000,2.00,0,2914598400,48000000,47040000,24,12,2.50,0,f
20260630,201597,200,204,2006,VHSC-2026-01,2026-03-23,SOLD,2026-05-24,62,f,2288000000,2.00,0,2242240000,50000000,49000000,24,12,2.50,0,f
20260630,201598,200,204,2007,VHSC-2026-01,2026-04-03,SOLD,2026-06-05,63,f,2641440000,2.00,0,2588611200,48000000,47040000,24,12,2.50,0,f
20260630,201599,200,204,2008,VHSC-2026-01,2026-01-09,BOOKED,,172,f,3916350000,2.00,0,3838023000,45000000,44100000,24,12,2.50,0,f
20260630,201600,200,204,2001,VHSC-2026-01,2026-01-20,SOLD,2026-02-09,20,f,1558700000,2.00,0,1527526000,55000000,53900000,24,12,2.50,0,t
20260630,201601,200,204,2002,VHSC-2026-01,2026-01-31,BOOKED,,150,f,2124000000,2.00,0,2081520000,50000000,49000000,24,12,2.50,0,f
20260630,201602,200,204,2003,VHSC-2026-01,2026-02-11,SOLD,2026-03-05,22,f,2807520000,2.00,0,2751369600,48000000,47040000,24,12,2.50,0,f
20260630,201603,200,204,2004,VHSC-2026-01,2026-02-22,SOLD,2026-03-17,23,f,4012650000,2.00,0,3932397000,45000000,44100000,24,12,2.50,0,f
20260630,201604,200,204,2005,VHSC-2026-01,2026-03-05,SOLD,2026-03-29,24,f,1660450000,2.00,0,1627241000,55000000,53900000,24,12,2.50,0,f
20260630,201605,200,204,2006,VHSC-2026-01,2026-03-16,SOLD,2026-04-10,25,f,2019000000,2.00,0,1978620000,50000000,49000000,24,12,2.50,0,f
20260630,201606,200,204,2007,VHSC-2026-01,2026-03-27,SOLD,2026-04-22,26,f,2821440000,2.00,0,2765011200,48000000,47040000,24,12,2.50,0,f
20260630,201607,200,204,2008,VHSC-2026-01,2026-04-07,SOLD,2026-05-04,27,f,4046850000,2.00,0,3965913000,45000000,44100000,24,12,2.50,0,f
20260630,201608,200,204,2001,VHSC-2026-01,2026-01-13,BOOKED,,168,f,1769350000,2.00,0,1733963000,55000000,53900000,24,12,2.50,0,f
20260630,201609,200,204,2002,VHSC-2026-01,2026-01-24,SOLD,2026-02-22,29,f,2058500000,2.00,0,2017330000,50000000,49000000,24,12,2.50,0,f
20260630,201610,200,204,2003,VHSC-2026-01,2026-02-04,BOOKED,,146,f,3275520000,2.00,0,3210009600,48000000,47040000,24,12,2.50,0,t
20260630,201611,200,204,2004,VHSC-2026-01,2026-02-15,SOLD,2026-03-18,31,f,3885750000,2.00,0,3808035000,45000000,44100000,24,12,2.50,0,f
20260630,201612,200,204,2005,VHSC-2026-01,2026-02-26,SOLD,2026-03-30,32,f,1738000000,2.00,0,1703240000,55000000,53900000,24,12,2.50,0,f
20260630,201613,200,204,2006,VHSC-2026-01,2026-05-05,AVAILABLE,,56,f,2351500000,2.00,0,2304470000,50000000,49000000,24,12,2.50,0,f
20260630,201614,200,204,2007,VHSC-2026-01,2026-03-20,SOLD,2026-04-23,34,f,2952480000,2.00,0,2893430400,48000000,47040000,24,12,2.50,0,f
20260630,201615,200,204,2008,VHSC-2026-01,2026-03-31,SOLD,2026-05-05,35,f,3860550000,2.00,0,3783339000,45000000,44100000,24,12,2.50,0,f
20260630,201616,200,204,2001,VHSC-2026-01,2026-01-06,SOLD,2026-02-11,36,f,1625800000,2.00,0,1593284000,55000000,53900000,24,12,2.50,0,f
20260630,201617,200,204,2002,VHSC-2026-01,2026-01-17,SOLD,2026-02-23,37,f,1955500000,2.00,0,1916390000,50000000,49000000,24,12,2.50,0,f
20260630,201618,200,204,2003,VHSC-2026-01,2026-01-28,SOLD,2026-03-07,38,f,3237120000,2.00,0,3172377600,48000000,47040000,24,12,2.50,0,f
20260630,201619,200,204,2004,VHSC-2026-01,2026-02-08,SOLD,2026-03-19,39,f,3915900000,2.00,0,3837582000,45000000,44100000,24,12,2.50,0,f
20260630,201620,200,204,2005,VHSC-2026-01,2026-02-19,SOLD,2026-03-31,40,f,1859000000,2.00,0,1821820000,55000000,53900000,24,12,2.50,0,t
20260630,201621,200,204,2006,VHSC-2026-01,2026-03-02,SOLD,2026-04-12,41,f,2319500000,2.00,0,2273110000,50000000,49000000,24,12,2.50,0,f
20260630,201622,200,204,2007,VHSC-2026-01,2026-03-13,SOLD,2026-04-24,42,f,3122400000,2.00,0,3059952000,48000000,47040000,24,12,2.50,0,f
20260630,201623,200,204,2008,VHSC-2026-01,2026-03-24,SOLD,2026-05-06,43,f,3833100000,2.00,0,3756438000,45000000,44100000,24,12,2.50,0,f
20260630,201624,200,204,2001,VHSC-2026-01,2026-04-04,SOLD,2026-05-18,44,f,1691800000,2.00,0,1657964000,55000000,53900000,24,12,2.50,0,f
20260630,201625,200,204,2002,VHSC-2026-01,2026-01-10,SOLD,2026-02-24,45,f,2096500000,2.00,0,2054570000,50000000,49000000,24,12,2.50,0,f
20260630,201626,200,204,2003,VHSC-2026-01,2026-01-21,SOLD,2026-03-08,46,f,3221280000,2.00,0,3156854400,48000000,47040000,24,12,2.50,0,f
20260630,201627,200,204,2004,VHSC-2026-01,2026-05-12,AVAILABLE,,49,f,4118400000,2.00,0,4036032000,45000000,44100000,24,12,2.50,0,f
20260630,201628,200,204,2005,VHSC-2026-01,2026-02-12,SOLD,2026-04-01,48,f,1905750000,2.00,0,1867635000,55000000,53900000,24,12,2.50,0,f
20260630,201629,200,204,2006,VHSC-2026-01,2026-02-23,SOLD,2026-04-13,49,f,2357000000,2.00,0,2309860000,50000000,49000000,24,12,2.50,0,f
20260630,201630,200,204,2007,VHSC-2026-01,2026-03-06,SOLD,2026-04-25,50,f,2702400000,2.00,0,2648352000,48000000,47040000,24,12,2.50,0,t
20260630,201631,200,204,2008,VHSC-2026-01,2026-02-11,AVAILABLE,,139,t,3339280000,0.00,0,3339280000,56000000,56000000,24,12,2.50,0,f
20260630,201632,200,204,2001,VHSC-2026-01,2026-03-28,SOLD,2026-05-19,52,f,1564200000,2.00,0,1532916000,55000000,53900000,24,12,2.50,0,f
20260630,201633,200,204,2002,VHSC-2026-01,2026-04-08,BOOKED,,83,f,2306000000,2.00,0,2259880000,50000000,49000000,24,12,2.50,0,f
20260630,201634,200,204,2003,VHSC-2026-01,2026-01-14,SOLD,2026-03-09,54,f,3165120000,2.00,0,3101817600,48000000,47040000,24,12,2.50,0,f
20260630,201635,200,204,2004,VHSC-2026-01,2026-01-25,BOOKED,,156,f,4239000000,2.00,0,4154220000,45000000,44100000,24,12,2.50,0,f
20260630,201636,200,204,2005,VHSC-2026-01,2026-02-05,SOLD,2026-04-02,56,f,1801800000,2.00,0,1765764000,55000000,53900000,24,12,2.50,0,f
20260630,201637,200,204,2006,VHSC-2026-01,2026-02-16,SOLD,2026-04-14,57,f,1941000000,2.00,0,1902180000,50000000,49000000,24,12,2.50,0,f
20260630,201638,200,204,2007,VHSC-2026-01,2026-02-27,SOLD,2026-04-26,58,f,2982720000,2.00,0,2923065600,48000000,47040000,24,12,2.50,0,f
20260630,201639,200,204,2008,VHSC-2026-01,2026-01-08,AVAILABLE,,173,t,3313440000,2.00,0,3247171200,48000000,47040000,12,12,2.50,0,f
20260630,201640,200,204,2001,VHSC-2026-01,2026-03-21,SOLD,2026-05-20,60,f,1720950000,2.00,0,1686531000,55000000,53900000,24,12,2.50,0,t
20260630,201641,200,204,2002,VHSC-2026-01,2026-04-01,SOLD,2026-06-01,61,f,2321000000,2.00,0,2274580000,50000000,49000000,24,12,2.50,0,f
20260630,201642,200,204,2003,VHSC-2026-01,2026-05-22,AVAILABLE,,39,f,3338880000,2.00,0,3272102400,48000000,47040000,24,12,2.50,0,f
20260630,201643,200,204,2004,VHSC-2026-01,2026-01-18,SOLD,2026-03-22,63,f,4157100000,2.00,0,4073958000,45000000,44100000,24,12,2.50,0,f
20260630,201644,200,204,2005,VHSC-2026-01,2026-02-12,AVAILABLE,,138,t,3312960000,0.00,0,3312960000,48000000,48000000,24,12,2.50,0,f
20260630,201645,200,204,2006,VHSC-2026-01,2026-02-09,SOLD,2026-03-01,20,f,2003500000,2.00,0,1963430000,50000000,49000000,24,12,2.50,0,f
20260630,201646,200,204,2007,VHSC-2026-01,2026-02-20,SOLD,2026-03-13,21,f,3335040000,2.00,0,3268339200,48000000,47040000,24,12,2.50,0,f
20260630,201647,200,204,2008,VHSC-2026-01,2026-03-03,SOLD,2026-03-25,22,f,4251150000,2.00,0,4166127000,45000000,44100000,24,12,2.50,0,f
20260630,201648,200,204,2001,VHSC-2026-01,2026-03-14,SOLD,2026-04-06,23,f,1901350000,2.00,0,1863323000,55000000,53900000,24,12,2.50,0,f
20260630,201649,200,204,2002,VHSC-2026-01,2026-03-25,SOLD,2026-04-18,24,f,2167000000,2.00,0,2123660000,50000000,49000000,24,12,2.50,0,f
20260630,201650,200,204,2003,VHSC-2026-01,2026-04-05,SOLD,2026-04-30,25,f,3280320000,2.00,0,3214713600,48000000,47040000,24,12,2.50,0,t
20260630,201651,200,204,2004,VHSC-2026-01,2026-01-11,SOLD,2026-02-06,26,f,4256100000,2.00,0,4170978000,45000000,44100000,24,12,2.50,0,f
20260630,201652,200,204,2005,VHSC-2026-01,2026-01-09,AVAILABLE,,172,t,2960160000,2.00,0,2900956800,48000000,47040000,24,12,2.50,0,f
20260630,201653,200,204,2006,VHSC-2026-01,2026-02-02,BOOKED,,148,f,2293500000,2.00,0,2247630000,50000000,49000000,24,12,2.50,0,f
20260630,201654,200,204,2007,VHSC-2026-01,2026-02-13,SOLD,2026-03-14,29,f,3110400000,2.00,0,3048192000,48000000,47040000,24,12,2.50,0,f
20260630,201655,200,204,2008,VHSC-2026-01,2026-02-24,SOLD,2026-03-26,30,f,3988350000,2.00,0,3908583000,45000000,44100000,24,12,2.50,0,f
20260630,201656,200,204,2001,VHSC-2026-01,2026-03-07,SOLD,2026-04-07,31,f,1913450000,2.00,0,1875181000,55000000,53900000,24,12,2.50,0,f
20260630,201657,200,204,2002,VHSC-2026-01,2026-03-18,SOLD,2026-04-19,32,f,1993000000,2.00,0,1953140000,50000000,49000000,24,12,2.50,0,f
20260630,201658,200,204,2003,VHSC-2026-01,2026-03-29,BOOKED,,93,f,3188160000,2.00,0,3124396800,48000000,47040000,24,12,2.50,0,f
20260630,201659,200,204,2004,VHSC-2026-01,2026-04-09,SOLD,2026-05-13,34,f,3813750000,2.00,0,3737475000,45000000,44100000,24,12,2.50,0,f
20260630,201660,200,204,2005,VHSC-2026-01,2026-01-15,SOLD,2026-02-19,35,f,1918950000,2.00,0,1880571000,55000000,53900000,24,12,2.50,0,t
20260630,201661,200,204,2006,VHSC-2026-01,2026-01-26,SOLD,2026-03-03,36,f,2191000000,2.00,0,2147180000,50000000,49000000,24,12,2.50,0,f
20260630,201662,200,204,2007,VHSC-2026-01,2026-02-06,SOLD,2026-03-15,37,f,2740320000,2.00,0,2685513600,48000000,47040000,24,12,2.50,0,f
20260630,201663,200,204,2008,VHSC-2026-01,2026-02-17,SOLD,2026-03-27,38,f,4170150000,2.00,0,4086747000,45000000,44100000,24,12,2.50,0,f
20260630,201664,200,204,2001,VHSC-2026-01,2026-02-28,SOLD,2026-04-08,39,f,1878800000,2.00,0,1841224000,55000000,53900000,24,12,2.50,0,f
20260630,201665,200,204,2002,VHSC-2026-01,2026-03-11,BOOKED,,111,f,2160000000,2.00,0,2116800000,50000000,49000000,24,12,2.50,0,f
20260630,201666,200,204,2003,VHSC-2026-01,2026-03-22,SOLD,2026-05-02,41,f,3077280000,2.00,0,3015734400,48000000,47040000,24,12,2.50,0,f
20260630,201667,200,204,2004,VHSC-2026-01,2026-04-02,SOLD,2026-05-14,42,f,4030650000,2.00,0,3950037000,45000000,44100000,24,12,2.50,0,f
20260630,201668,200,204,2005,VHSC-2026-01,2026-01-08,SOLD,2026-02-20,43,f,1848550000,2.00,0,1811579000,55000000,53900000,24,12,2.50,0,f
20260630,201669,200,204,2006,VHSC-2026-01,2026-01-19,SOLD,2026-03-04,44,f,2167500000,2.00,0,2124150000,50000000,49000000,24,12,2.50,0,f
20260630,201670,200,204,2007,VHSC-2026-01,2026-01-30,SOLD,2026-03-16,45,f,3154560000,2.00,0,3091468800,48000000,47040000,24,12,2.50,0,t
20260630,201671,200,204,2008,VHSC-2026-01,2026-02-10,SOLD,2026-03-28,46,f,3996450000,2.00,0,3916521000,45000000,44100000,24,12,2.50,0,f
20260630,201672,200,204,2001,VHSC-2026-01,2026-02-21,SOLD,2026-04-09,47,f,1542200000,2.00,0,1511356000,55000000,53900000,24,12,2.50,0,f
20260630,201673,200,204,2002,VHSC-2026-01,2026-05-10,AVAILABLE,,51,f,2081000000,2.00,0,2039380000,50000000,49000000,24,12,2.50,0,f
20260630,201674,200,204,2003,VHSC-2026-01,2026-03-15,SOLD,2026-05-03,49,f,3039360000,2.00,0,2978572800,48000000,47040000,24,12,2.50,0,f
20260630,201675,200,204,2004,VHSC-2026-01,2026-03-26,SOLD,2026-05-15,50,f,4072500000,2.00,0,3991050000,45000000,44100000,24,12,2.50,0,f
20260630,201676,200,204,2005,VHSC-2026-01,2026-05-19,AVAILABLE,,42,f,1905750000,2.00,0,1867635000,55000000,53900000,24,12,2.50,0,f
20260630,201677,200,204,2006,VHSC-2026-01,2026-01-12,SOLD,2026-03-05,52,f,1941500000,2.00,0,1902670000,50000000,49000000,24,12,2.50,0,f
20260630,201678,200,204,2007,VHSC-2026-01,2026-01-23,SOLD,2026-03-17,53,f,2875200000,2.00,0,2817696000,48000000,47040000,24,12,2.50,0,f
20260630,201679,200,204,2008,VHSC-2026-01,2026-02-03,SOLD,2026-03-29,54,f,4018500000,2.00,0,3938130000,45000000,44100000,24,12,2.50,0,f
20260630,201680,200,204,2001,VHSC-2026-01,2026-02-14,SOLD,2026-04-10,55,f,1731950000,2.00,0,1697311000,55000000,53900000,24,12,2.50,0,t
20260630,201681,200,204,2002,VHSC-2026-01,2026-02-01,AVAILABLE,,149,t,2856000000,2.00,0,2798880000,48000000,47040000,24,12,2.50,0,f
20260630,201682,200,204,2003,VHSC-2026-01,2026-03-08,SOLD,2026-05-04,57,f,3256800000,2.00,0,3191664000,48000000,47040000,24,12,2.50,0,f
20260630,201683,200,204,2004,VHSC-2026-01,2026-03-19,SOLD,2026-05-16,58,f,4074300000,2.00,0,3992814000,45000000,44100000,24,12,2.50,0,f
20260630,201684,200,204,2005,VHSC-2026-01,2026-03-30,SOLD,2026-05-28,59,f,1870550000,2.00,0,1833139000,55000000,53900000,24,12,2.50,0,f
20260630,201685,200,204,2006,VHSC-2026-01,2026-01-15,AVAILABLE,,166,t,3268320000,2.00,0,3202953600,48000000,47040000,24,12,2.50,0,f
20260630,201686,200,204,2007,VHSC-2026-01,2026-01-16,SOLD,2026-03-18,61,f,2736000000,2.00,0,2681280000,48000000,47040000,24,12,2.50,0,f
20260630,201687,200,204,2008,VHSC-2026-01,2026-01-27,SOLD,2026-03-30,62,f,3638250000,2.00,0,3565485000,45000000,44100000,24,12,2.50,0,f
20260630,201688,200,204,2001,VHSC-2026-01,2026-02-07,SOLD,2026-04-11,63,f,1713800000,2.00,0,1679524000,55000000,53900000,24,12,2.50,0,f
20260630,201689,200,204,2002,VHSC-2026-01,2026-02-18,SOLD,2026-04-23,64,f,2263500000,2.00,0,2218230000,50000000,49000000,24,12,2.50,0,f
20260630,201690,200,204,2003,VHSC-2026-01,2026-03-01,SOLD,2026-03-21,20,f,2847360000,2.00,0,2790412800,48000000,47040000,24,12,2.50,0,t
20260630,201691,200,204,2004,VHSC-2026-01,2026-03-12,SOLD,2026-04-02,21,f,4068900000,2.00,0,3987522000,45000000,44100000,24,12,2.50,0,f
20260630,201692,200,204,2005,VHSC-2026-01,2026-03-23,SOLD,2026-04-14,22,f,1856250000,2.00,0,1819125000,55000000,53900000,24,12,2.50,0,f
20260630,201693,200,204,2006,VHSC-2026-01,2026-04-03,SOLD,2026-04-26,23,f,2117000000,2.00,0,2074660000,50000000,49000000,24,12,2.50,0,f
20260630,201694,200,204,2007,VHSC-2026-01,2026-01-09,SOLD,2026-02-02,24,f,2723040000,2.00,0,2668579200,48000000,47040000,24,12,2.50,0,f
20260630,201695,200,204,2008,VHSC-2026-01,2026-01-20,SOLD,2026-02-14,25,f,3985200000,2.00,0,3905496000,45000000,44100000,24,12,2.50,0,f
20260630,201696,200,204,2001,VHSC-2026-01,2026-01-31,BOOKED,,150,f,1922800000,2.00,0,1884344000,55000000,53900000,24,12,2.50,0,f
20260630,201697,200,204,2002,VHSC-2026-01,2026-02-11,SOLD,2026-03-10,27,f,1937000000,2.00,0,1898260000,50000000,49000000,24,12,2.50,0,f
20260630,201698,200,204,2003,VHSC-2026-01,2026-02-22,SOLD,2026-03-22,28,f,3088320000,2.00,0,3026553600,48000000,47040000,24,12,2.50,0,f
20260630,201699,200,204,2004,VHSC-2026-01,2026-03-05,SOLD,2026-04-03,29,f,4050900000,2.00,0,3969882000,45000000,44100000,24,12,2.50,0,f
20260630,201700,200,204,2005,VHSC-2026-01,2026-03-16,SOLD,2026-04-15,30,f,1616450000,2.00,0,1584121000,55000000,53900000,24,12,2.50,0,t
20260630,201701,200,204,2006,VHSC-2026-01,2026-05-24,AVAILABLE,,37,f,2140500000,2.00,0,2097690000,50000000,49000000,24,12,2.50,0,f
20260630,201702,200,204,2007,VHSC-2026-01,2026-05-27,AVAILABLE,,34,f,3226560000,2.00,0,3162028800,48000000,47040000,24,12,2.50,0,f
20260630,201703,200,204,2008,VHSC-2026-01,2026-01-13,SOLD,2026-02-15,33,f,3777300000,2.00,0,3701754000,45000000,44100000,24,12,2.50,0,f
20260630,201704,200,204,2001,VHSC-2026-01,2026-01-24,SOLD,2026-02-27,34,f,1686300000,2.00,0,1652574000,55000000,53900000,24,12,2.50,0,f
20260630,201705,200,204,2002,VHSC-2026-01,2026-01-20,AVAILABLE,,161,t,4230000000,2.00,0,4145400000,45000000,44100000,24,12,2.50,0,f
20260630,201706,200,204,2003,VHSC-2026-01,2026-02-15,SOLD,2026-03-23,36,f,3274080000,2.00,0,3208598400,48000000,47040000,24,12,2.50,0,f
20260630,201707,200,204,2004,VHSC-2026-01,2026-02-26,SOLD,2026-04-04,37,f,3721050000,2.00,0,3646629000,45000000,44100000,24,12,2.50,0,f
20260630,201708,200,204,2005,VHSC-2026-01,2026-03-09,SOLD,2026-04-16,38,f,1896950000,2.00,0,1859011000,55000000,53900000,24,12,2.50,0,f
20260630,201709,200,204,2006,VHSC-2026-01,2026-05-13,AVAILABLE,,48,f,2216000000,2.00,0,2171680000,50000000,49000000,24,12,2.50,0,f
20260630,201710,200,204,2007,VHSC-2026-01,2026-03-31,SOLD,2026-05-10,40,f,2966880000,2.00,0,2907542400,48000000,47040000,24,12,2.50,0,t
20260630,201711,200,204,2008,VHSC-2026-01,2026-01-06,BOOKED,,175,f,4194900000,2.00,0,4111002000,45000000,44100000,24,12,2.50,0,f
20260630,201712,200,204,2001,VHSC-2026-01,2026-01-17,SOLD,2026-02-28,42,f,1907400000,2.00,0,1869252000,55000000,53900000,24,12,2.50,0,f
20260630,201713,200,204,2002,VHSC-2026-01,2026-01-28,SOLD,2026-03-12,43,f,2378000000,2.00,0,2330440000,50000000,49000000,24,12,2.50,0,f
20260630,201714,200,204,2003,VHSC-2026-01,2026-02-08,SOLD,2026-03-24,44,f,2662080000,2.00,0,2608838400,48000000,47040000,24,12,2.50,0,f
20260630,201715,200,204,2004,VHSC-2026-01,2026-02-19,SOLD,2026-04-05,45,f,3893850000,2.00,0,3815973000,45000000,44100000,24,12,2.50,0,f
20260630,201716,200,204,2005,VHSC-2026-01,2026-03-02,SOLD,2026-04-17,46,f,1568600000,2.00,0,1537228000,55000000,53900000,24,12,2.50,0,f
20260630,201717,200,204,2006,VHSC-2026-01,2026-03-13,SOLD,2026-04-29,47,f,2370000000,2.00,0,2322600000,50000000,49000000,24,12,2.50,0,f
20260630,201718,200,204,2007,VHSC-2026-01,2026-05-05,AVAILABLE,,56,f,3137760000,2.00,0,3075004800,48000000,47040000,24,12,2.50,0,f
20260630,201719,200,204,2008,VHSC-2026-01,2026-04-04,SOLD,2026-05-23,49,f,3919050000,2.00,0,3840669000,45000000,44100000,24,12,2.50,0,f
20260630,201720,200,204,2001,VHSC-2026-01,2026-01-10,SOLD,2026-03-01,50,f,1557600000,2.00,0,1526448000,55000000,53900000,24,12,2.50,0,t
20260630,201721,200,204,2002,VHSC-2026-01,2026-01-21,SOLD,2026-03-13,51,f,2317000000,2.00,0,2270660000,50000000,49000000,24,12,2.50,0,f
20260630,201722,200,204,2003,VHSC-2026-01,2026-02-01,SOLD,2026-03-25,52,f,3171360000,2.00,0,3107932800,48000000,47040000,24,12,2.50,0,f
20260630,201723,200,204,2004,VHSC-2026-01,2026-02-12,BOOKED,,138,f,4071600000,2.00,0,3990168000,45000000,44100000,24,12,2.50,0,f
20260630,201724,200,204,2005,VHSC-2026-01,2026-02-23,SOLD,2026-04-18,54,f,1552100000,2.00,0,1521058000,55000000,53900000,24,12,2.50,0,f
20260630,201725,200,204,2006,VHSC-2026-01,2026-03-06,SOLD,2026-04-30,55,f,2188000000,2.00,0,2144240000,50000000,49000000,24,12,2.50,0,f
20260630,201726,200,204,2007,VHSC-2026-01,2026-03-17,SOLD,2026-05-12,56,f,3253920000,2.00,0,3188841600,48000000,47040000,24,12,2.50,0,f
20260630,201727,200,204,2008,VHSC-2026-01,2026-03-28,SOLD,2026-05-24,57,f,4221450000,2.00,0,4137021000,45000000,44100000,24,12,2.50,0,f
20260630,201728,200,204,2001,VHSC-2026-01,2026-06-04,AVAILABLE,,26,f,1628550000,2.00,0,1595979000,55000000,53900000,24,12,2.50,0,f
20260630,201729,200,204,2002,VHSC-2026-01,2026-01-14,SOLD,2026-03-14,59,f,2156500000,2.00,0,2113370000,50000000,49000000,24,12,2.50,0,f
20260630,201730,200,204,2003,VHSC-2026-01,2026-01-25,BOOKED,,156,f,3277920000,2.00,0,3212361600,48000000,47040000,24,12,2.50,0,t
20260630,201731,200,204,2004,VHSC-2026-01,2026-02-05,SOLD,2026-04-07,61,f,3909150000,2.00,0,3830967000,45000000,44100000,24,12,2.50,0,f
20260630,201732,200,204,2005,VHSC-2026-01,2026-05-12,AVAILABLE,,49,f,1819400000,2.00,0,1783012000,55000000,53900000,24,12,2.50,0,f
20260630,201733,200,204,2006,VHSC-2026-01,2026-05-15,AVAILABLE,,46,f,2352000000,2.00,0,2304960000,50000000,49000000,24,12,2.50,0,f
20260630,201734,200,204,2007,VHSC-2026-01,2026-03-10,SOLD,2026-05-13,64,f,2938560000,2.00,0,2879788800,48000000,47040000,24,12,2.50,0,f
20260630,201735,200,204,2008,VHSC-2026-01,2026-03-21,SOLD,2026-04-10,20,f,3988350000,2.00,0,3908583000,45000000,44100000,24,12,2.50,0,f
20260630,201736,200,204,2001,VHSC-2026-01,2026-04-01,SOLD,2026-04-22,21,f,1641750000,2.00,0,1608915000,55000000,53900000,24,12,2.50,0,f
20260630,201737,200,204,2002,VHSC-2026-01,2026-01-19,AVAILABLE,,162,t,2727840000,2.00,0,2673283200,48000000,47040000,12,12,2.50,0,f
20260630,201738,200,204,2003,VHSC-2026-01,2026-01-18,SOLD,2026-02-10,23,f,3269760000,2.00,0,3204364800,48000000,47040000,24,12,2.50,0,f
20260630,201739,200,204,2004,VHSC-2026-01,2026-01-29,SOLD,2026-02-22,24,f,3636450000,2.00,0,3563721000,45000000,44100000,24,12,2.50,0,f
20260630,201740,200,204,2005,VHSC-2026-01,2026-02-09,SOLD,2026-03-06,25,f,1698400000,2.00,0,1664432000,55000000,53900000,24,12,2.50,0,t
20260630,201741,200,204,2006,VHSC-2026-01,2026-02-20,SOLD,2026-03-18,26,f,2151500000,2.00,0,2108470000,50000000,49000000,24,12,2.50,0,f
20260630,201742,200,204,2007,VHSC-2026-01,2026-03-03,SOLD,2026-03-30,27,f,3051360000,2.00,0,2990332800,48000000,47040000,24,12,2.50,0,f
20260630,201743,200,204,2008,VHSC-2026-01,2026-03-14,SOLD,2026-04-11,28,f,3809700000,2.00,0,3733506000,45000000,44100000,24,12,2.50,0,f
20260630,201744,200,204,2001,VHSC-2026-01,2026-03-25,SOLD,2026-04-23,29,f,1542750000,2.00,0,1511895000,55000000,53900000,24,12,2.50,0,f
20260630,201745,200,204,2002,VHSC-2026-01,2026-04-05,SOLD,2026-05-05,30,f,2066000000,2.00,0,2024680000,50000000,49000000,24,12,2.50,0,f
20260630,201746,200,204,2003,VHSC-2026-01,2026-02-06,AVAILABLE,,144,t,3194880000,0.00,0,3194880000,48000000,48000000,24,12,2.50,0,f
20260630,201747,200,204,2004,VHSC-2026-01,2026-01-22,BOOKED,,159,f,4177350000,2.00,0,4093803000,45000000,44100000,24,12,2.50,0,f
20260630,201748,200,204,2005,VHSC-2026-01,2026-05-25,AVAILABLE,,36,f,1807300000,2.00,0,1771154000,55000000,53900000,24,12,2.50,0,f
20260630,201749,200,204,2006,VHSC-2026-01,2026-02-13,BOOKED,,137,f,2277000000,2.00,0,2231460000,50000000,49000000,24,12,2.50,0,f
20260630,201750,200,204,2007,VHSC-2026-01,2026-02-24,SOLD,2026-03-31,35,f,2690400000,2.00,0,2636592000,48000000,47040000,24,12,2.50,0,t
20260630,201751,200,204,2008,VHSC-2026-01,2026-03-07,SOLD,2026-04-12,36,f,3933000000,2.00,0,3854340000,45000000,44100000,24,12,2.50,0,f
20260630,201752,200,204,2001,VHSC-2026-01,2026-03-18,SOLD,2026-04-24,37,f,1744050000,2.00,0,1709169000,55000000,53900000,24,12,2.50,0,f
20260630,201753,200,204,2002,VHSC-2026-01,2026-03-29,SOLD,2026-05-06,38,f,1979500000,2.00,0,1939910000,50000000,49000000,24,12,2.50,0,f
20260630,201754,200,204,2003,VHSC-2026-01,2026-02-17,AVAILABLE,,133,t,3537600000,0.00,0,3537600000,60000000,60000000,24,12,2.50,0,f
20260630,201755,200,204,2004,VHSC-2026-01,2026-01-15,SOLD,2026-02-24,40,f,4023450000,2.00,0,3942981000,45000000,44100000,24,12,2.50,0,f
20260630,201756,200,204,2005,VHSC-2026-01,2026-01-26,SOLD,2026-03-08,41,f,1553200000,2.00,0,1522136000,55000000,53900000,24,12,2.50,0,f
20260630,201757,200,204,2006,VHSC-2026-01,2026-05-17,AVAILABLE,,44,f,2047500000,2.00,0,2006550000,50000000,49000000,24,12,2.50,0,f
20260630,201758,200,204,2007,VHSC-2026-01,2026-02-17,SOLD,2026-04-01,43,f,3222720000,2.00,0,3158265600,48000000,47040000,24,12,2.50,0,f
20260630,201759,200,204,2008,VHSC-2026-01,2026-02-28,SOLD,2026-04-13,44,f,3760650000,2.00,0,3685437000,45000000,44100000,24,12,2.50,0,f
20260630,201760,200,204,2001,VHSC-2026-01,2026-05-26,AVAILABLE,,35,f,1579050000,2.00,0,1547469000,55000000,53900000,24,12,2.50,0,t
20260630,201761,200,204,2002,VHSC-2026-01,2026-03-22,SOLD,2026-05-07,46,f,2227500000,2.00,0,2182950000,50000000,49000000,24,12,2.50,0,f
20260630,201762,200,204,2003,VHSC-2026-01,2026-04-02,SOLD,2026-05-19,47,f,2770560000,2.00,0,2715148800,48000000,47040000,24,12,2.50,0,f
20260630,201763,200,204,2004,VHSC-2026-01,2026-06-04,AVAILABLE,,26,f,3840750000,2.00,0,3763935000,45000000,44100000,24,12,2.50,0,f
20260630,201764,200,204,2005,VHSC-2026-01,2026-01-19,BOOKED,,162,f,1772100000,2.00,0,1736658000,55000000,53900000,24,12,2.50,0,f
20260630,201765,200,204,2006,VHSC-2026-01,2026-01-30,SOLD,2026-03-21,50,f,2115500000,2.00,0,2073190000,50000000,49000000,24,12,2.50,0,f
20260630,201766,200,204,2007,VHSC-2026-01,2026-05-09,AVAILABLE,,52,f,3049920000,2.00,0,2988921600,48000000,47040000,24,12,2.50,0,f
20260630,201767,200,204,2008,VHSC-2026-01,2026-05-12,AVAILABLE,,49,f,4153050000,2.00,0,4069989000,45000000,44100000,24,12,2.50,0,f
20260630,201768,200,204,2001,VHSC-2026-01,2026-05-15,AVAILABLE,,46,f,1603800000,2.00,0,1571724000,55000000,53900000,24,12,2.50,0,f
20260630,201769,200,204,2002,VHSC-2026-01,2026-03-15,SOLD,2026-05-08,54,f,2313500000,2.00,0,2267230000,50000000,49000000,24,12,2.50,0,f
20260630,201770,200,204,2003,VHSC-2026-01,2026-03-26,SOLD,2026-05-20,55,f,2937600000,2.00,0,2878848000,48000000,47040000,24,12,2.50,0,t
20260630,201771,200,204,2004,VHSC-2026-01,2026-04-06,SOLD,2026-06-01,56,f,4187700000,2.00,0,4103946000,45000000,44100000,24,12,2.50,0,f
20260630,201772,200,204,2005,VHSC-2026-01,2026-02-08,AVAILABLE,,142,t,3837680000,0.00,0,3837680000,56000000,56000000,24,12,2.50,0,f
20260630,201773,200,204,2006,VHSC-2026-01,2026-01-23,BOOKED,,158,f,2099500000,2.00,0,2057510000,50000000,49000000,24,12,2.50,0,f
20260630,201774,200,204,2007,VHSC-2026-01,2026-02-03,SOLD,2026-04-03,59,f,3097920000,2.00,0,3035961600,48000000,47040000,24,12,2.50,0,f
20260630,201775,200,204,2008,VHSC-2026-01,2026-02-14,SOLD,2026-04-15,60,f,3888000000,2.00,0,3810240000,45000000,44100000,24,12,2.50,0,f
20260630,201776,200,204,2001,VHSC-2026-01,2026-02-25,SOLD,2026-04-27,61,f,1882100000,2.00,0,1844458000,55000000,53900000,24,12,2.50,0,f
20260630,201777,200,204,2002,VHSC-2026-01,2026-03-08,SOLD,2026-05-09,62,f,2087000000,2.00,0,2045260000,50000000,49000000,24,12,2.50,0,f
20260630,201778,200,204,2003,VHSC-2026-01,2026-02-05,AVAILABLE,,145,t,2700000000,2.00,0,2646000000,48000000,47040000,12,12,2.50,0,f
20260630,201779,200,204,2004,VHSC-2026-01,2026-03-30,SOLD,2026-06-02,64,f,3796200000,2.00,0,3720276000,45000000,44100000,24,12,2.50,0,f
20260630,201780,200,204,2005,VHSC-2026-01,2026-01-05,SOLD,2026-01-25,20,f,1901900000,2.00,0,1863862000,55000000,53900000,24,12,2.50,0,t
20260630,201781,200,204,2006,VHSC-2026-01,2026-01-16,SOLD,2026-02-06,21,f,2350500000,2.00,0,2303490000,50000000,49000000,24,12,2.50,0,f
20260630,201782,200,204,2007,VHSC-2026-01,2026-05-22,AVAILABLE,,39,f,3143520000,2.00,0,3080649600,48000000,47040000,24,12,2.50,0,f
20260630,201783,200,204,2008,VHSC-2026-01,2026-05-25,AVAILABLE,,36,f,3993300000,2.00,0,3913434000,45000000,44100000,24,12,2.50,0,f
20260630,201784,200,204,2001,VHSC-2026-01,2026-02-18,BOOKED,,132,f,1734150000,2.00,0,1699467000,55000000,53900000,24,12,2.50,0,f
20260630,201785,200,204,2002,VHSC-2026-01,2026-03-01,SOLD,2026-03-26,25,f,2118500000,2.00,0,2076130000,50000000,49000000,24,12,2.50,0,f
20260630,201786,200,204,2003,VHSC-2026-01,2026-03-12,SOLD,2026-04-07,26,f,3276960000,2.00,0,3211420800,48000000,47040000,24,12,2.50,0,f
20260630,201787,200,204,2004,VHSC-2026-01,2026-03-23,BOOKED,,99,f,3799350000,2.00,0,3723363000,45000000,44100000,24,12,2.50,0,f
20260630,201788,200,204,2005,VHSC-2026-01,2026-04-03,SOLD,2026-05-01,28,f,1740200000,2.00,0,1705396000,55000000,53900000,24,12,2.50,0,f
20260630,201789,200,204,2006,VHSC-2026-01,2026-01-09,SOLD,2026-02-07,29,f,2330500000,2.00,0,2283890000,50000000,49000000,24,12,2.50,0,f
20260630,201790,200,204,2007,VHSC-2026-01,2026-01-20,SOLD,2026-02-19,30,f,2691840000,2.00,0,2638003200,48000000,47040000,24,12,2.50,0,t
20260630,201791,200,204,2008,VHSC-2026-01,2026-01-31,SOLD,2026-03-03,31,f,4183650000,2.00,0,4099977000,45000000,44100000,24,12,2.50,0,f
20260630,201792,200,204,2001,VHSC-2026-01,2026-02-11,SOLD,2026-03-15,32,f,1615900000,2.00,0,1583582000,55000000,53900000,24,12,2.50,0,f
20260630,201793,200,204,2002,VHSC-2026-01,2026-02-22,SOLD,2026-03-27,33,f,2062000000,2.00,0,2020760000,50000000,49000000,24,12,2.50,0,f
20260630,201794,200,204,2003,VHSC-2026-01,2026-03-05,SOLD,2026-04-08,34,f,2971200000,2.00,0,2911776000,48000000,47040000,24,12,2.50,0,f
20260630,201795,200,204,2004,VHSC-2026-01,2026-03-16,SOLD,2026-04-20,35,f,3920850000,2.00,0,3842433000,45000000,44100000,24,12,2.50,0,f
20260630,201796,200,204,2005,VHSC-2026-01,2026-03-27,SOLD,2026-05-02,36,f,1846900000,2.00,0,1809962000,55000000,53900000,24,12,2.50,0,f
20260630,201797,200,204,2006,VHSC-2026-01,2026-06-01,AVAILABLE,,29,f,1979500000,2.00,0,1939910000,50000000,49000000,24,12,2.50,0,f
20260630,201798,200,204,2007,VHSC-2026-01,2026-01-13,SOLD,2026-02-20,38,f,2970240000,2.00,0,2910835200,48000000,47040000,24,12,2.50,0,f
20260630,201799,200,204,2008,VHSC-2026-01,2026-01-24,SOLD,2026-03-04,39,f,3874050000,2.00,0,3796569000,45000000,44100000,24,12,2.50,0,f
20260630,201800,200,204,2001,VHSC-2026-01,2026-02-04,SOLD,2026-03-16,40,f,1854050000,2.00,0,1816969000,55000000,53900000,24,12,2.50,0,t
20260630,201801,200,204,2002,VHSC-2026-01,2026-02-15,SOLD,2026-03-28,41,f,2343500000,2.00,0,2296630000,50000000,49000000,24,12,2.50,0,f
20260630,201802,200,204,2003,VHSC-2026-01,2026-01-24,AVAILABLE,,157,t,3147840000,2.00,0,3084883200,48000000,47040000,12,12,2.50,0,f
20260630,201803,200,204,2004,VHSC-2026-01,2026-03-09,SOLD,2026-04-21,43,f,4218750000,2.00,0,4134375000,45000000,44100000,24,12,2.50,0,f
20260630,201804,200,204,2005,VHSC-2026-01,2026-03-20,SOLD,2026-05-03,44,f,1836450000,2.00,0,1799721000,55000000,53900000,24,12,2.50,0,f
20260630,201805,200,204,2006,VHSC-2026-01,2026-03-31,SOLD,2026-05-15,45,f,1943000000,2.00,0,1904140000,50000000,49000000,24,12,2.50,0,f
20260630,201806,200,204,2007,VHSC-2026-01,2026-01-06,BOOKED,,175,f,3168000000,2.00,0,3104640000,48000000,47040000,24,12,2.50,0,f
20260630,201807,200,204,2008,VHSC-2026-01,2026-01-17,SOLD,2026-03-05,47,f,3975750000,2.00,0,3896235000,45000000,44100000,24,12,2.50,0,f
20260630,201808,200,204,2001,VHSC-2026-01,2026-01-28,SOLD,2026-03-17,48,f,1857350000,2.00,0,1820203000,55000000,53900000,24,12,2.50,0,f
20260630,201809,200,204,2002,VHSC-2026-01,2026-02-08,SOLD,2026-03-29,49,f,2261500000,2.00,0,2216270000,50000000,49000000,24,12,2.50,0,f
20260630,201810,200,204,2003,VHSC-2026-01,2026-02-19,BOOKED,,131,f,3259680000,2.00,0,3194486400,48000000,47040000,24,12,2.50,0,t
20260630,201811,200,204,2004,VHSC-2026-01,2026-03-02,SOLD,2026-04-22,51,f,3699900000,2.00,0,3625902000,45000000,44100000,24,12,2.50,0,f
20260630,201812,200,204,2005,VHSC-2026-01,2026-03-13,SOLD,2026-05-04,52,f,1861200000,2.00,0,1823976000,55000000,53900000,24,12,2.50,0,f
20260630,201813,200,204,2006,VHSC-2026-01,2026-03-24,SOLD,2026-05-16,53,f,2282000000,2.00,0,2236360000,50000000,49000000,24,12,2.50,0,f
20260630,201814,200,204,2007,VHSC-2026-01,2026-05-13,AVAILABLE,,48,f,3345120000,2.00,0,3278217600,48000000,47040000,24,12,2.50,0,f
20260630,201815,200,204,2008,VHSC-2026-01,2026-01-10,SOLD,2026-03-06,55,f,4250250000,2.00,0,4165245000,45000000,44100000,24,12,2.50,0,f
20260630,201816,200,204,2001,VHSC-2026-01,2026-01-21,SOLD,2026-03-18,56,f,1827650000,2.00,0,1791097000,55000000,53900000,24,12,2.50,0,f
20260630,201817,200,204,2002,VHSC-2026-01,2026-02-01,SOLD,2026-03-30,57,f,2095500000,2.00,0,2053590000,50000000,49000000,24,12,2.50,0,f
20260630,201818,200,204,2003,VHSC-2026-01,2026-02-15,AVAILABLE,,135,t,3276000000,0.00,0,3276000000,56000000,56000000,24,12,2.50,0,f
20260630,201819,200,204,2004,VHSC-2026-01,2026-05-28,AVAILABLE,,33,f,3709800000,2.00,0,3635604000,45000000,44100000,24,12,2.50,0,f
20260630,201820,200,204,2005,VHSC-2026-01,2026-05-31,AVAILABLE,,30,f,1719850000,2.00,0,1685453000,55000000,53900000,24,12,2.50,0,t
20260630,201821,200,204,2006,VHSC-2026-01,2026-03-17,SOLD,2026-05-17,61,f,2259000000,2.00,0,2213820000,50000000,49000000,24,12,2.50,0,f
20260630,201822,200,204,2007,VHSC-2026-01,2026-03-28,SOLD,2026-05-29,62,f,2864640000,2.00,0,2807347200,48000000,47040000,24,12,2.50,0,f
20260630,201823,200,204,2008,VHSC-2026-01,2026-04-08,SOLD,2026-06-10,63,f,4083750000,2.00,0,4002075000,45000000,44100000,24,12,2.50,0,f
20260630,201824,200,204,2001,VHSC-2026-01,2026-02-12,AVAILABLE,,138,t,3315840000,0.00,0,3315840000,48000000,48000000,24,12,2.50,0,f
20260630,201825,200,204,2002,VHSC-2026-01,2026-01-25,SOLD,2026-02-14,20,f,2179500000,2.00,0,2135910000,50000000,49000000,24,12,2.50,0,f
20260630,201826,200,204,2003,VHSC-2026-01,2026-02-05,SOLD,2026-02-26,21,f,3349920000,2.00,0,3282921600,48000000,47040000,24,12,2.50,0,f
20260630,201827,200,204,2004,VHSC-2026-01,2026-02-16,SOLD,2026-03-10,22,f,3812400000,2.00,0,3736152000,45000000,44100000,24,12,2.50,0,f
20260630,201828,200,204,2005,VHSC-2026-01,2026-01-26,AVAILABLE,,155,t,3573000000,0.00,0,3573000000,60000000,60000000,24,12,1.20,0,f
20260630,201829,200,204,2006,VHSC-2026-01,2026-03-10,BOOKED,,112,f,2358500000,2.00,0,2311330000,50000000,49000000,24,12,2.50,0,f
20260630,201830,200,204,2007,VHSC-2026-01,2026-03-21,SOLD,2026-04-15,25,f,3285600000,2.00,0,3219888000,48000000,47040000,24,12,2.50,0,t
20260630,201831,200,204,2008,VHSC-2026-01,2026-04-01,SOLD,2026-04-27,26,f,3635100000,2.00,0,3562398000,45000000,44100000,24,12,2.50,0,f
20260630,201832,200,204,2001,VHSC-2026-01,2026-01-07,SOLD,2026-02-03,27,f,1657150000,2.00,0,1624007000,55000000,53900000,24,12,2.50,0,f
20260630,201833,200,204,2002,VHSC-2026-01,2026-01-18,SOLD,2026-02-15,28,f,2233500000,2.00,0,2188830000,50000000,49000000,24,12,2.50,0,f
20260630,201834,200,204,2003,VHSC-2026-01,2026-01-29,SOLD,2026-02-27,29,f,2942400000,2.00,0,2883552000,48000000,47040000,24,12,2.50,0,f
20260630,201835,200,204,2004,VHSC-2026-01,2026-02-09,SOLD,2026-03-11,30,f,3636000000,2.00,0,3563280000,45000000,44100000,24,12,2.50,0,f
20260630,201836,200,204,2005,VHSC-2026-01,2026-02-20,SOLD,2026-03-23,31,f,1620850000,2.00,0,1588433000,55000000,53900000,24,12,2.50,0,f
20260630,201837,200,204,2006,VHSC-2026-01,2026-02-13,AVAILABLE,,137,t,2881440000,2.00,0,2823811200,48000000,47040000,24,12,2.50,0,f
20260630,201838,200,204,2007,VHSC-2026-01,2026-03-14,SOLD,2026-04-16,33,f,2846400000,2.00,0,2789472000,48000000,47040000,24,12,2.50,0,f
20260630,201839,200,204,2008,VHSC-2026-01,2026-03-25,BOOKED,,97,f,3857400000,2.00,0,3780252000,45000000,44100000,24,12,2.50,0,f
20260630,201840,200,204,2001,VHSC-2026-01,2026-04-05,SOLD,2026-05-10,35,f,1858450000,2.00,0,1821281000,55000000,53900000,24,12,2.50,0,t
20260630,201841,200,204,2002,VHSC-2026-01,2026-01-11,SOLD,2026-02-16,36,f,2227500000,2.00,0,2182950000,50000000,49000000,24,12,2.50,0,f
20260630,201842,200,204,2003,VHSC-2026-01,2026-01-22,SOLD,2026-02-28,37,f,3031200000,2.00,0,2970576000,48000000,47040000,24,12,2.50,0,f
20260630,201843,200,204,2004,VHSC-2026-01,2026-02-02,BOOKED,,148,f,4177800000,2.00,0,4094244000,45000000,44100000,24,12,2.50,0,f
20260630,201844,200,204,2005,VHSC-2026-01,2026-02-13,SOLD,2026-03-24,39,f,1845800000,2.00,0,1808884000,55000000,53900000,24,12,2.50,0,f
20260630,201845,200,204,2006,VHSC-2026-01,2026-02-24,SOLD,2026-04-05,40,f,2034500000,2.00,0,1993810000,50000000,49000000,24,12,2.50,0,f
20260630,201846,200,204,2007,VHSC-2026-01,2026-03-07,SOLD,2026-04-17,41,f,3034080000,2.00,0,2973398400,48000000,47040000,24,12,2.50,0,f
20260630,201847,200,204,2008,VHSC-2026-01,2026-01-24,AVAILABLE,,157,t,4230000000,2.00,0,4145400000,45000000,44100000,24,12,2.50,0,f
20260630,201848,200,204,2001,VHSC-2026-01,2026-03-29,SOLD,2026-05-11,43,f,1681350000,2.00,0,1647723000,55000000,53900000,24,12,2.50,0,f
20260630,201849,200,204,2002,VHSC-2026-01,2026-04-09,SOLD,2026-05-23,44,f,1904500000,2.00,0,1866410000,50000000,49000000,24,12,2.50,0,f
20260630,201850,200,204,2003,VHSC-2026-01,2026-01-15,SOLD,2026-03-01,45,f,3004800000,2.00,0,2944704000,48000000,47040000,24,12,2.50,0,t
20260630,201851,200,204,2004,VHSC-2026-01,2026-01-26,SOLD,2026-03-13,46,f,4177800000,2.00,0,4094244000,45000000,44100000,24,12,2.50,0,f
20260630,201852,200,204,2005,VHSC-2026-01,2026-05-22,AVAILABLE,,39,f,1631850000,2.00,0,1599213000,55000000,53900000,24,12,2.50,0,f
20260630,201853,200,204,2006,VHSC-2026-01,2026-02-17,SOLD,2026-04-06,48,f,2332000000,2.00,0,2285360000,50000000,49000000,24,12,2.50,0,f
20260630,201854,200,204,2007,VHSC-2026-01,2026-02-28,SOLD,2026-04-18,49,f,2886240000,2.00,0,2828515200,48000000,47040000,24,12,2.50,0,f
20260630,201855,200,204,2008,VHSC-2026-01,2026-05-31,AVAILABLE,,30,f,3966300000,2.00,0,3886974000,45000000,44100000,24,12,2.50,0,f
20260630,201856,200,204,2001,VHSC-2026-01,2026-03-22,SOLD,2026-05-12,51,f,1693450000,2.00,0,1659581000,55000000,53900000,24,12,2.50,0,f
20260630,201857,200,204,2002,VHSC-2026-01,2026-05-02,AVAILABLE,,59,f,2009500000,2.00,0,1969310000,50000000,49000000,24,12,2.50,0,f
20260630,201858,200,204,2003,VHSC-2026-01,2026-01-08,SOLD,2026-03-02,53,f,2695200000,2.00,0,2641296000,48000000,47040000,24,12,2.50,0,f
20260630,201859,200,204,2004,VHSC-2026-01,2026-01-19,BOOKED,,162,f,3800700000,2.00,0,3724686000,45000000,44100000,24,12,2.50,0,f
20260630,201860,200,204,2005,VHSC-2026-01,2026-01-30,SOLD,2026-03-26,55,f,1749550000,2.00,0,1714559000,55000000,53900000,24,12,2.50,0,t
20260630,201861,200,204,2006,VHSC-2026-01,2026-02-10,BOOKED,,140,f,2021000000,2.00,0,1980580000,50000000,49000000,24,12,2.50,0,f
20260630,201862,200,204,2007,VHSC-2026-01,2026-02-21,SOLD,2026-04-19,57,f,2714400000,2.00,0,2660112000,48000000,47040000,24,12,2.50,0,f
20260630,201863,200,204,2008,VHSC-2026-01,2026-03-04,SOLD,2026-05-01,58,f,4234500000,2.00,0,4149810000,45000000,44100000,24,12,2.50,0,f
20260630,201864,200,204,2001,VHSC-2026-01,2026-03-15,SOLD,2026-05-13,59,f,1835900000,2.00,0,1799182000,55000000,53900000,24,12,2.50,0,f
20260630,201865,200,204,2002,VHSC-2026-01,2026-03-26,SOLD,2026-05-25,60,f,1968000000,2.00,0,1928640000,50000000,49000000,24,12,2.50,0,f
20260630,201866,200,204,2003,VHSC-2026-01,2026-04-06,SOLD,2026-06-06,61,f,2753280000,2.00,0,2698214400,48000000,47040000,24,12,2.50,0,f
20260630,201867,200,204,2004,VHSC-2026-01,2026-01-12,SOLD,2026-03-15,62,f,3993750000,2.00,0,3913875000,45000000,44100000,24,12,2.50,0,f
20260630,201868,200,204,2005,VHSC-2026-01,2026-06-04,AVAILABLE,,26,f,1757800000,2.00,0,1722644000,55000000,53900000,24,12,2.50,0,f
20260630,201869,200,204,2006,VHSC-2026-01,2026-02-03,SOLD,2026-04-08,64,f,2235500000,2.00,0,2190790000,50000000,49000000,24,12,2.50,0,f
20260630,201870,200,204,2007,VHSC-2026-01,2026-05-06,AVAILABLE,,55,f,3117600000,2.00,0,3055248000,48000000,47040000,24,12,2.50,0,t
20260630,201871,200,204,2008,VHSC-2026-01,2026-01-12,AVAILABLE,,169,t,4230000000,2.00,0,4145400000,45000000,44100000,24,12,2.50,0,f
20260630,201872,200,204,2001,VHSC-2026-01,2026-03-08,BOOKED,,114,f,1835350000,2.00,0,1798643000,55000000,53900000,24,12,2.50,0,f
20260630,201873,200,204,2002,VHSC-2026-01,2026-03-19,SOLD,2026-04-11,23,f,1911000000,2.00,0,1872780000,50000000,49000000,24,12,2.50,0,f
20260630,201874,200,204,2003,VHSC-2026-01,2026-03-30,SOLD,2026-04-23,24,f,3048000000,2.00,0,2987040000,48000000,47040000,24,12,2.50,0,f
20260630,201875,200,204,2004,VHSC-2026-01,2026-01-05,SOLD,2026-01-30,25,f,3791250000,2.00,0,3715425000,45000000,44100000,24,12,2.50,0,f
20260630,201876,200,204,2005,VHSC-2026-01,2026-05-24,AVAILABLE,,37,f,1824900000,2.00,0,1788402000,55000000,53900000,24,12,2.50,0,f
20260630,201877,200,204,2006,VHSC-2026-01,2026-05-27,AVAILABLE,,34,f,2344500000,2.00,0,2297610000,50000000,49000000,24,12,2.50,0,f
20260630,201878,200,204,2007,VHSC-2026-01,2026-05-30,AVAILABLE,,31,f,2736960000,2.00,0,2682220800,48000000,47040000,24,12,2.50,0,f
20260630,201879,200,204,2008,VHSC-2026-01,2026-02-18,SOLD,2026-03-19,29,f,3902850000,2.00,0,3824793000,45000000,44100000,24,12,2.50,0,f
20260630,201880,200,204,2001,VHSC-2026-01,2026-03-01,SOLD,2026-03-31,30,f,1703350000,2.00,0,1669283000,55000000,53900000,24,12,2.50,0,t
20260630,201881,200,204,2002,VHSC-2026-01,2026-03-12,SOLD,2026-04-12,31,f,2360500000,2.00,0,2313290000,50000000,49000000,24,12,2.50,0,f
20260630,201882,200,204,2003,VHSC-2026-01,2026-03-23,SOLD,2026-04-24,32,f,2900640000,2.00,0,2842627200,48000000,47040000,24,12,2.50,0,f
20260630,201883,200,204,2004,VHSC-2026-01,2026-04-03,SOLD,2026-05-06,33,f,3949200000,2.00,0,3870216000,45000000,44100000,24,12,2.50,0,f
20260630,201884,200,204,2005,VHSC-2026-01,2026-01-09,SOLD,2026-02-12,34,f,1773200000,2.00,0,1737736000,55000000,53900000,24,12,2.50,0,f
20260630,201885,200,204,2006,VHSC-2026-01,2026-01-20,AVAILABLE,,161,t,3789000000,0.00,0,3789000000,60000000,60000000,24,12,2.50,0,f
20260630,201886,200,204,2007,VHSC-2026-01,2026-01-31,SOLD,2026-03-08,36,f,3103680000,2.00,0,3041606400,48000000,47040000,24,12,2.50,0,f
20260630,201887,200,204,2008,VHSC-2026-01,2026-02-11,SOLD,2026-03-20,37,f,4095000000,2.00,0,4013100000,45000000,44100000,24,12,2.50,0,f
20260630,201888,200,204,2001,VHSC-2026-01,2026-02-22,SOLD,2026-04-01,38,f,1793000000,2.00,0,1757140000,55000000,53900000,24,12,2.50,0,f
20260630,201889,200,204,2002,VHSC-2026-01,2026-03-05,SOLD,2026-04-13,39,f,1913500000,2.00,0,1875230000,50000000,49000000,24,12,2.50,0,f
20260630,201890,200,204,2003,VHSC-2026-01,2026-01-10,AVAILABLE,,171,t,1904500000,2.00,0,1866410000,50000000,49000000,24,12,1.20,0,t
20260630,201891,200,204,2004,VHSC-2026-01,2026-03-27,SOLD,2026-05-07,41,f,3728700000,2.00,0,3654126000,45000000,44100000,24,12,2.50,0,f
20260630,201892,200,204,2005,VHSC-2026-01,2026-04-07,SOLD,2026-05-19,42,f,1884850000,2.00,0,1847153000,55000000,53900000,24,12,2.50,0,f
20260630,201893,200,204,2006,VHSC-2026-01,2026-05-05,AVAILABLE,,56,f,2252500000,2.00,0,2207450000,50000000,49000000,24,12,2.50,0,f
20260630,201894,200,204,2007,VHSC-2026-01,2026-01-24,SOLD,2026-03-09,44,f,2707680000,2.00,0,2653526400,48000000,47040000,24,12,2.50,0,f
20260630,201895,200,204,2008,VHSC-2026-01,2026-02-04,SOLD,2026-03-21,45,f,3946950000,2.00,0,3868011000,45000000,44100000,24,12,2.50,0,f
20260630,201896,200,204,2001,VHSC-2026-01,2026-02-15,SOLD,2026-04-02,46,f,1648900000,2.00,0,1615922000,55000000,53900000,24,12,2.50,0,f
20260630,201897,200,204,2002,VHSC-2026-01,2026-02-26,SOLD,2026-04-14,47,f,2267000000,2.00,0,2221660000,50000000,49000000,24,12,2.50,0,f
20260630,201898,200,204,2003,VHSC-2026-01,2026-05-20,AVAILABLE,,41,f,2959200000,2.00,0,2900016000,48000000,47040000,24,12,2.50,0,f
20260630,201899,200,204,2004,VHSC-2026-01,2026-01-28,AVAILABLE,,153,t,3605280000,0.00,0,3605280000,56000000,56000000,24,12,2.50,0,f
20260630,201900,200,204,2005,VHSC-2026-01,2026-03-31,SOLD,2026-05-20,50,f,1852400000,2.00,0,1815352000,55000000,53900000,24,12,2.50,0,t
20260630,201901,200,204,2006,VHSC-2026-01,2026-02-11,AVAILABLE,,139,t,4230000000,2.00,0,4145400000,45000000,44100000,24,12,2.50,0,f
20260630,201902,200,204,2007,VHSC-2026-01,2026-01-17,BOOKED,,164,f,2963520000,2.00,0,2904249600,48000000,47040000,24,12,2.50,0,f
20260630,201903,200,204,2008,VHSC-2026-01,2026-01-28,SOLD,2026-03-22,53,f,4083300000,2.00,0,4001634000,45000000,44100000,24,12,2.50,0,f
20260630,201904,200,204,2001,VHSC-2026-01,2026-02-08,SOLD,2026-04-03,54,f,1724250000,2.00,0,1689765000,55000000,53900000,24,12,2.50,0,f
20260630,201905,200,204,2002,VHSC-2026-01,2026-05-06,AVAILABLE,,55,f,1975000000,2.00,0,1935500000,50000000,49000000,24,12,2.50,0,f
20260630,201906,200,204,2003,VHSC-2026-01,2026-03-02,BOOKED,,120,f,3340800000,2.00,0,3273984000,48000000,47040000,24,12,2.50,0,f
20260630,201907,200,204,2004,VHSC-2026-01,2026-02-08,AVAILABLE,,142,t,3342720000,2.00,0,3275865600,48000000,47040000,24,12,2.50,0,f
20260630,201908,200,204,2005,VHSC-2026-01,2026-03-24,SOLD,2026-05-21,58,f,1673650000,2.00,0,1640177000,55000000,53900000,24,12,2.50,0,f
20260630,201909,200,204,2006,VHSC-2026-01,2026-04-04,SOLD,2026-06-02,59,f,1956000000,2.00,0,1916880000,50000000,49000000,24,12,2.50,0,f
20260630,201910,200,204,2007,VHSC-2026-01,2026-01-10,SOLD,2026-03-11,60,f,3351360000,2.00,0,3284332800,48000000,47040000,24,12,2.50,0,t
20260630,201911,200,204,2008,VHSC-2026-01,2026-05-24,AVAILABLE,,37,f,4165200000,2.00,0,4081896000,45000000,44100000,24,12,2.50,0,f
20260630,201912,200,204,2001,VHSC-2026-01,2026-02-01,SOLD,2026-04-04,62,f,1851300000,2.00,0,1814274000,55000000,53900000,24,12,2.50,0,f
20260630,201913,200,204,2002,VHSC-2026-01,2026-02-12,SOLD,2026-04-16,63,f,2117000000,2.00,0,2074660000,50000000,49000000,24,12,2.50,0,f
20260630,201914,200,204,2003,VHSC-2026-01,2026-02-23,SOLD,2026-04-28,64,f,2824800000,2.00,0,2768304000,48000000,47040000,24,12,2.50,0,f
20260630,201915,200,204,2004,VHSC-2026-01,2026-03-06,SOLD,2026-03-26,20,f,3677400000,2.00,0,3603852000,45000000,44100000,24,12,2.50,0,f
20260630,201916,200,204,2005,VHSC-2026-01,2026-05-04,AVAILABLE,,57,f,1560350000,2.00,0,1529143000,55000000,53900000,24,12,2.50,0,f
20260630,201917,200,204,2006,VHSC-2026-01,2026-03-28,SOLD,2026-04-19,22,f,2190000000,2.00,0,2146200000,50000000,49000000,24,12,2.50,0,f
20260630,201918,200,204,2007,VHSC-2026-01,2026-04-08,SOLD,2026-05-01,23,f,2655840000,2.00,0,2602723200,48000000,47040000,24,12,2.50,0,f
20260630,201919,200,204,2008,VHSC-2026-01,2026-01-14,SOLD,2026-02-07,24,f,3853350000,2.00,0,3776283000,45000000,44100000,24,12,2.50,0,f
20260630,201920,200,204,2001,VHSC-2026-01,2026-02-09,AVAILABLE,,141,t,2158500000,2.00,0,2115330000,50000000,49000000,24,12,1.20,0,t
20260630,201921,200,204,2002,VHSC-2026-01,2026-02-05,SOLD,2026-03-03,26,f,2006500000,2.00,0,1966370000,50000000,49000000,24,12,2.50,0,f
20260630,201922,200,204,2003,VHSC-2026-01,2026-02-16,SOLD,2026-03-15,27,f,3331680000,2.00,0,3265046400,48000000,47040000,24,12,2.50,0,f
20260630,201923,200,204,2004,VHSC-2026-01,2026-02-27,SOLD,2026-03-27,28,f,4100850000,2.00,0,4018833000,45000000,44100000,24,12,2.50,0,f
20260630,201924,200,204,2005,VHSC-2026-01,2026-03-10,SOLD,2026-04-08,29,f,1884300000,2.00,0,1846614000,55000000,53900000,24,12,2.50,0,f
20260630,201925,200,204,2006,VHSC-2026-01,2026-03-21,SOLD,2026-04-20,30,f,2059500000,2.00,0,2018310000,50000000,49000000,24,12,2.50,0,f
20260630,201926,200,204,2007,VHSC-2026-01,2026-02-06,AVAILABLE,,144,t,4230000000,2.00,0,4145400000,45000000,44100000,24,12,2.50,0,f
20260630,201927,200,204,2008,VHSC-2026-01,2026-01-07,SOLD,2026-02-08,32,f,3985200000,2.00,0,3905496000,45000000,44100000,24,12,2.50,0,f
20260630,201928,200,204,2001,VHSC-2026-01,2026-01-18,BOOKED,,163,f,1568050000,2.00,0,1536689000,55000000,53900000,24,12,2.50,0,f
20260630,201929,200,204,2002,VHSC-2026-01,2026-01-29,SOLD,2026-03-04,34,f,1935000000,2.00,0,1896300000,50000000,49000000,24,12,2.50,0,f
20260630,201930,200,204,2003,VHSC-2026-01,2026-02-09,SOLD,2026-03-16,35,f,2837760000,2.00,0,2781004800,48000000,47040000,24,12,2.50,0,t
20260630,201931,200,204,2004,VHSC-2026-01,2026-02-20,BOOKED,,130,f,3616200000,2.00,0,3543876000,45000000,44100000,24,12,2.50,0,f
20260630,201932,200,204,2005,VHSC-2026-01,2026-03-03,SOLD,2026-04-09,37,f,1779250000,2.00,0,1743665000,55000000,53900000,24,12,2.50,0,f
20260630,201933,200,204,2006,VHSC-2026-01,2026-03-14,SOLD,2026-04-21,38,f,1993500000,2.00,0,1953630000,50000000,49000000,24,12,2.50,0,f
20260630,201934,200,204,2007,VHSC-2026-01,2026-03-25,SOLD,2026-05-03,39,f,3200160000,2.00,0,3136156800,48000000,47040000,24,12,2.50,0,f
20260630,201935,200,204,2008,VHSC-2026-01,2026-04-05,SOLD,2026-05-15,40,f,3972600000,2.00,0,3893148000,45000000,44100000,24,12,2.50,0,f
20260630,201936,200,204,2001,VHSC-2026-01,2026-01-11,SOLD,2026-02-21,41,f,1571350000,2.00,0,1539923000,55000000,53900000,24,12,2.50,0,f
20260630,201937,200,204,2002,VHSC-2026-01,2026-01-22,SOLD,2026-03-05,42,f,2251500000,2.00,0,2206470000,50000000,49000000,24,12,2.50,0,f
20260630,201938,200,204,2003,VHSC-2026-01,2026-02-02,SOLD,2026-03-17,43,f,2643360000,2.00,0,2590492800,48000000,47040000,24,12,2.50,0,f
20260630,201939,200,204,2004,VHSC-2026-01,2026-02-13,SOLD,2026-03-29,44,f,3927150000,2.00,0,3848607000,45000000,44100000,24,12,2.50,0,f
20260630,201940,200,204,2005,VHSC-2026-01,2026-02-24,SOLD,2026-04-10,45,f,1702800000,2.00,0,1668744000,55000000,53900000,24,12,2.50,0,t
20260630,201941,200,204,2006,VHSC-2026-01,2026-03-07,SOLD,2026-04-22,46,f,2096000000,2.00,0,2054080000,50000000,49000000,24,12,2.50,0,f
20260630,201942,200,204,2007,VHSC-2026-01,2026-03-18,SOLD,2026-05-04,47,f,3345120000,2.00,0,3278217600,48000000,47040000,24,12,2.50,0,f
20260630,201943,200,204,2008,VHSC-2026-01,2026-01-21,AVAILABLE,,160,t,3237600000,2.00,0,3172848000,48000000,47040000,12,12,2.50,0,f
20260630,201944,200,204,2001,VHSC-2026-01,2026-04-09,SOLD,2026-05-28,49,f,1585100000,2.00,0,1553398000,55000000,53900000,24,12,2.50,0,f
20260630,201945,200,204,2002,VHSC-2026-01,2026-01-15,SOLD,2026-03-06,50,f,2135000000,2.00,0,2092300000,50000000,49000000,24,12,2.50,0,f
20260630,201946,200,204,2003,VHSC-2026-01,2026-01-26,SOLD,2026-03-18,51,f,2828160000,2.00,0,2771596800,48000000,47040000,24,12,2.50,0,f
20260630,201947,200,204,2004,VHSC-2026-01,2026-02-06,SOLD,2026-03-30,52,f,3853350000,2.00,0,3776283000,45000000,44100000,24,12,2.50,0,f
20260630,201948,200,204,2005,VHSC-2026-01,2026-02-17,SOLD,2026-04-11,53,f,1668700000,2.00,0,1635326000,55000000,53900000,24,12,2.50,0,f
20260630,201949,200,204,2006,VHSC-2026-01,2026-02-28,SOLD,2026-04-23,54,f,2251000000,2.00,0,2205980000,50000000,49000000,24,12,2.50,0,f
20260630,201950,200,204,2007,VHSC-2026-01,2026-03-11,SOLD,2026-05-05,55,f,3188160000,2.00,0,3124396800,48000000,47040000,24,12,2.50,0,t
20260630,201951,200,204,2008,VHSC-2026-01,2026-03-22,SOLD,2026-05-17,56,f,4235850000,2.00,0,4151133000,45000000,44100000,24,12,2.50,0,f
20260630,201952,200,204,2001,VHSC-2026-01,2026-04-02,SOLD,2026-05-29,57,f,1759450000,2.00,0,1724261000,55000000,53900000,24,12,2.50,0,f
20260630,201953,200,204,2002,VHSC-2026-01,2026-01-08,SOLD,2026-03-07,58,f,2177500000,2.00,0,2133950000,50000000,49000000,24,12,2.50,0,f
20260630,201954,200,204,2003,VHSC-2026-01,2026-05-13,AVAILABLE,,48,f,3099360000,2.00,0,3037372800,48000000,47040000,24,12,2.50,0,f
20260630,201955,200,204,2004,VHSC-2026-01,2026-01-15,AVAILABLE,,166,t,2712480000,0.00,0,2712480000,48000000,48000000,24,12,2.50,0,f
20260630,201956,200,204,2005,VHSC-2026-01,2026-02-10,SOLD,2026-04-12,61,f,1775400000,2.00,0,1739892000,55000000,53900000,24,12,2.50,0,f
20260630,201957,200,204,2006,VHSC-2026-01,2026-02-21,SOLD,2026-04-24,62,f,2354000000,2.00,0,2306920000,50000000,49000000,24,12,2.50,0,f
20260630,201958,200,204,2007,VHSC-2026-01,2026-03-04,SOLD,2026-05-06,63,f,2942880000,2.00,0,2884022400,48000000,47040000,24,12,2.50,0,f
20260630,201959,200,204,2008,VHSC-2026-01,2026-03-15,SOLD,2026-05-18,64,f,4054050000,2.00,0,3972969000,45000000,44100000,24,12,2.50,0,f
20260630,201960,200,204,2001,VHSC-2026-01,2026-03-26,SOLD,2026-04-15,20,f,1848550000,2.00,0,1811579000,55000000,53900000,24,12,2.50,0,t
20260630,201961,200,204,2002,VHSC-2026-01,2026-06-03,AVAILABLE,,27,f,2370500000,2.00,0,2323090000,50000000,49000000,24,12,2.50,0,f
20260630,201962,200,204,2003,VHSC-2026-01,2026-01-12,SOLD,2026-02-03,22,f,3153600000,2.00,0,3090528000,48000000,47040000,24,12,2.50,0,f
20260630,201963,200,204,2004,VHSC-2026-01,2026-01-26,AVAILABLE,,155,t,3517200000,0.00,0,3517200000,60000000,60000000,24,12,2.50,0,f
20260630,201964,200,204,2005,VHSC-2026-01,2026-05-08,AVAILABLE,,53,f,1719300000,2.00,0,1684914000,55000000,53900000,24,12,2.50,0,f
20260630,201965,200,204,2006,VHSC-2026-01,2026-02-14,SOLD,2026-03-11,25,f,2044500000,2.00,0,2003610000,50000000,49000000,24,12,2.50,0,f
20260630,201966,200,204,2007,VHSC-2026-01,2026-02-25,SOLD,2026-03-23,26,f,3310080000,2.00,0,3243878400,48000000,47040000,24,12,2.50,0,f
20260630,201967,200,204,2008,VHSC-2026-01,2026-03-08,SOLD,2026-04-04,27,f,4272300000,2.00,0,4186854000,45000000,44100000,24,12,2.50,0,f
20260630,201968,200,204,2001,VHSC-2026-01,2026-03-19,SOLD,2026-04-16,28,f,1843050000,2.00,0,1806189000,55000000,53900000,24,12,2.50,0,f
20260630,201969,200,204,2002,VHSC-2026-01,2026-03-30,SOLD,2026-04-28,29,f,2301000000,2.00,0,2254980000,50000000,49000000,24,12,2.50,0,f
20260630,201970,200,204,2003,VHSC-2026-01,2026-05-26,AVAILABLE,,35,f,2946240000,2.00,0,2887315200,48000000,47040000,24,12,2.50,0,t
20260630,201971,200,204,2004,VHSC-2026-01,2026-01-16,SOLD,2026-02-16,31,f,3753450000,2.00,0,3678381000,45000000,44100000,24,12,2.50,0,f
20260630,201972,200,204,2005,VHSC-2026-01,2026-01-27,SOLD,2026-02-28,32,f,1553200000,2.00,0,1522136000,55000000,53900000,24,12,2.50,0,f
20260630,201973,200,204,2006,VHSC-2026-01,2026-02-07,SOLD,2026-03-12,33,f,2172000000,2.00,0,2128560000,50000000,49000000,24,12,2.50,0,f
20260630,201974,200,204,2007,VHSC-2026-01,2026-02-18,BOOKED,,132,f,2852160000,2.00,0,2795116800,48000000,47040000,24,12,2.50,0,f
20260630,201975,200,204,2008,VHSC-2026-01,2026-01-20,AVAILABLE,,161,t,3072000000,2.00,0,3010560000,48000000,47040000,24,12,2.50,0,f
20260630,201976,200,204,2001,VHSC-2026-01,2026-03-12,BOOKED,,110,f,1691250000,2.00,0,1657425000,55000000,53900000,24,12,2.50,0,f
20260630,201977,200,204,2002,VHSC-2026-01,2026-05-12,AVAILABLE,,49,f,2013000000,2.00,0,1972740000,50000000,49000000,24,12,2.50,0,f
20260630,201978,200,204,2003,VHSC-2026-01,2026-04-03,SOLD,2026-05-11,38,f,2810400000,2.00,0,2754192000,48000000,47040000,24,12,2.50,0,f
20260630,201979,200,204,2004,VHSC-2026-01,2026-01-09,SOLD,2026-02-17,39,f,4238100000,2.00,0,4153338000,45000000,44100000,24,12,2.50,0,f
20260630,201980,200,204,2005,VHSC-2026-01,2026-05-21,AVAILABLE,,40,f,1810600000,2.00,0,1774388000,55000000,53900000,24,12,2.50,0,t
20260630,201981,200,204,2006,VHSC-2026-01,2026-01-17,AVAILABLE,,164,t,3414600000,0.00,0,3414600000,60000000,60000000,24,12,2.50,0,f
20260630,201982,200,204,2007,VHSC-2026-01,2026-05-27,AVAILABLE,,34,f,2880000000,2.00,0,2822400000,48000000,47040000,24,12,2.50,0,f
20260630,201983,200,204,2008,VHSC-2026-01,2026-02-22,SOLD,2026-04-06,43,f,3750750000,2.00,0,3675735000,45000000,44100000,24,12,2.50,0,f
20260630,201984,200,204,2001,VHSC-2026-01,2026-03-05,SOLD,2026-04-18,44,f,1540550000,2.00,0,1509739000,55000000,53900000,24,12,2.50,0,f
20260630,201985,200,204,2002,VHSC-2026-01,2026-03-16,BOOKED,,106,f,2099500000,2.00,0,2057510000,50000000,49000000,24,12,2.50,0,f
20260630,201986,200,204,2003,VHSC-2026-01,2026-03-27,SOLD,2026-05-12,46,f,3035040000,2.00,0,2974339200,48000000,47040000,24,12,2.50,0,f
20260630,201987,200,204,2004,VHSC-2026-01,2026-04-07,SOLD,2026-05-24,47,f,4107150000,2.00,0,4025007000,45000000,44100000,24,12,2.50,0,f
20260630,201988,200,204,2005,VHSC-2026-01,2026-01-13,SOLD,2026-03-02,48,f,1571900000,2.00,0,1540462000,55000000,53900000,24,12,2.50,0,f
20260630,201989,200,204,2006,VHSC-2026-01,2026-01-24,SOLD,2026-03-14,49,f,1990500000,2.00,0,1950690000,50000000,49000000,24,12,2.50,0,f
20260630,201990,200,204,2007,VHSC-2026-01,2026-02-04,SOLD,2026-03-26,50,f,2889600000,2.00,0,2831808000,48000000,47040000,24,12,2.50,0,t
20260630,201991,200,204,2008,VHSC-2026-01,2026-05-19,AVAILABLE,,42,f,3649950000,2.00,0,3576951000,45000000,44100000,24,12,2.50,0,f
20260630,201992,200,204,2001,VHSC-2026-01,2026-02-26,SOLD,2026-04-19,52,f,1540000000,2.00,0,1509200000,55000000,53900000,24,12,2.50,0,f
20260630,201993,200,204,2002,VHSC-2026-01,2026-05-25,AVAILABLE,,36,f,1905000000,2.00,0,1866900000,50000000,49000000,24,12,2.50,0,f
20260630,201994,200,204,2003,VHSC-2026-01,2026-01-18,AVAILABLE,,163,t,3026880000,2.00,0,2966342400,48000000,47040000,24,12,2.50,0,f
20260630,201995,200,204,2004,VHSC-2026-01,2026-05-31,AVAILABLE,,30,f,4162500000,2.00,0,4079250000,45000000,44100000,24,12,2.50,0,f
20260630,201996,200,204,2005,VHSC-2026-01,2026-01-06,SOLD,2026-03-03,56,f,1771000000,2.00,0,1735580000,55000000,53900000,24,12,2.50,0,f
20260630,201997,200,204,2006,VHSC-2026-01,2026-01-17,SOLD,2026-03-15,57,f,2000500000,2.00,0,1960490000,50000000,49000000,24,12,2.50,0,f
20260630,201998,200,204,2007,VHSC-2026-01,2026-01-28,SOLD,2026-03-27,58,f,3330240000,2.00,0,3263635200,48000000,47040000,24,12,2.50,0,f
20260630,201999,200,204,2008,VHSC-2026-01,2026-02-08,SOLD,2026-04-08,59,f,3858750000,2.00,0,3781575000,45000000,44100000,24,12,2.50,0,f
20260630,202000,200,204,2001,VHSC-2026-01,2026-02-19,SOLD,2026-04-20,60,f,1594450000,2.00,0,1562561000,55000000,53900000,24,12,2.50,0,t
20260630,202001,200,205,2002,VHSC-2026-01,2026-03-02,SOLD,2026-05-02,61,f,1950000000,2.00,0,1911000000,50000000,49000000,24,12,2.50,0,f
20260630,202002,200,205,2003,VHSC-2026-01,2026-03-13,SOLD,2026-05-14,62,f,2682720000,2.00,0,2629065600,48000000,47040000,24,12,2.50,0,f
20260630,202003,200,205,2004,VHSC-2026-01,2026-03-24,SOLD,2026-05-26,63,f,3939300000,2.00,0,3860514000,45000000,44100000,24,12,2.50,0,f
20260630,202004,200,205,2005,VHSC-2026-01,2026-04-04,SOLD,2026-06-07,64,f,1567500000,2.00,0,1536150000,55000000,53900000,24,12,2.50,0,f
20260630,202005,200,205,2006,VHSC-2026-01,2026-01-05,AVAILABLE,,176,t,1993500000,2.00,0,1953630000,50000000,49000000,24,12,1.20,0,f
20260630,202006,200,205,2007,VHSC-2026-01,2026-01-21,SOLD,2026-02-11,21,f,3275040000,2.00,0,3209539200,48000000,47040000,24,12,2.50,0,f
20260630,202007,200,205,2008,VHSC-2026-01,2026-02-01,SOLD,2026-02-23,22,f,3860100000,2.00,0,3782898000,45000000,44100000,24,12,2.50,0,f
20260630,202008,200,205,2001,VHSC-2026-01,2026-06-04,AVAILABLE,,26,f,1896400000,2.00,0,1858472000,55000000,53900000,24,12,2.50,0,f
20260630,202009,200,205,2002,VHSC-2026-01,2026-02-23,BOOKED,,127,f,2257500000,2.00,0,2212350000,50000000,49000000,24,12,2.50,0,f
20260630,202010,200,205,2003,VHSC-2026-01,2026-03-06,SOLD,2026-03-31,25,f,2830080000,2.00,0,2773478400,48000000,47040000,24,12,2.50,0,t
20260630,202011,200,205,2004,VHSC-2026-01,2026-03-17,SOLD,2026-04-12,26,f,3805200000,2.00,0,3729096000,45000000,44100000,24,12,2.50,0,f
20260630,202012,200,205,2005,VHSC-2026-01,2026-03-28,SOLD,2026-04-24,27,f,1720400000,2.00,0,1685992000,55000000,53900000,24,12,2.50,0,f
20260630,202013,200,205,2006,VHSC-2026-01,2026-05-15,AVAILABLE,,46,f,1920500000,2.00,0,1882090000,50000000,49000000,24,12,2.50,0,f
20260630,202014,200,205,2007,VHSC-2026-01,2026-01-14,SOLD,2026-02-12,29,f,3078720000,2.00,0,3017145600,48000000,47040000,24,12,2.50,0,f
20260630,202015,200,205,2008,VHSC-2026-01,2026-01-25,SOLD,2026-02-24,30,f,3992850000,2.00,0,3912993000,45000000,44100000,24,12,2.50,0,f
20260630,202016,200,205,2001,VHSC-2026-01,2026-02-06,AVAILABLE,,144,t,4230000000,2.00,0,4145400000,45000000,44100000,24,12,2.50,0,f
20260630,202017,200,205,2002,VHSC-2026-01,2026-02-16,SOLD,2026-03-20,32,f,2298000000,2.00,0,2252040000,50000000,49000000,24,12,2.50,0,f
20260630,202018,200,205,2003,VHSC-2026-01,2026-02-27,SOLD,2026-04-01,33,f,3228960000,2.00,0,3164380800,48000000,47040000,24,12,2.50,0,f
20260630,202019,200,205,2004,VHSC-2026-01,2026-03-10,BOOKED,,112,f,4184100000,2.00,0,4100418000,45000000,44100000,24,12,2.50,0,f
20260630,202020,200,205,2005,VHSC-2026-01,2026-03-21,SOLD,2026-04-25,35,f,1728650000,2.00,0,1694077000,55000000,53900000,24,12,2.50,0,t
20260630,202021,200,205,2006,VHSC-2026-01,2026-04-01,SOLD,2026-05-07,36,f,2290000000,2.00,0,2244200000,50000000,49000000,24,12,2.50,0,f
20260630,202022,200,205,2007,VHSC-2026-01,2026-01-07,SOLD,2026-02-13,37,f,3075840000,2.00,0,3014323200,48000000,47040000,24,12,2.50,0,f
20260630,202023,200,205,2008,VHSC-2026-01,2026-01-18,SOLD,2026-02-25,38,f,3898350000,2.00,0,3820383000,45000000,44100000,24,12,2.50,0,f
20260630,202024,200,205,2001,VHSC-2026-01,2026-01-29,SOLD,2026-03-09,39,f,1746250000,2.00,0,1711325000,55000000,53900000,24,12,2.50,0,f
20260630,202025,200,205,2002,VHSC-2026-01,2026-02-09,SOLD,2026-03-21,40,f,2326500000,2.00,0,2279970000,50000000,49000000,24,12,2.50,0,f
20260630,202026,200,205,2003,VHSC-2026-01,2026-02-20,SOLD,2026-04-02,41,f,2968320000,2.00,0,2908953600,48000000,47040000,24,12,2.50,0,f
20260630,202027,200,205,2004,VHSC-2026-01,2026-05-22,AVAILABLE,,39,f,3737250000,2.00,0,3662505000,45000000,44100000,24,12,2.50,0,f
20260630,202028,200,205,2005,VHSC-2026-01,2026-03-14,SOLD,2026-04-26,43,f,1752300000,2.00,0,1717254000,55000000,53900000,24,12,2.50,0,f
20260630,202029,200,205,2006,VHSC-2026-01,2026-03-25,SOLD,2026-05-08,44,f,2230500000,2.00,0,2185890000,50000000,49000000,24,12,2.50,0,f
20260630,202030,200,205,2007,VHSC-2026-01,2026-04-05,SOLD,2026-05-20,45,f,3339840000,2.00,0,3273043200,48000000,47040000,24,12,2.50,0,t
20260630,202031,200,205,2008,VHSC-2026-01,2026-01-11,BOOKED,,170,f,3768300000,2.00,0,3692934000,45000000,44100000,24,12,2.50,0,f
20260630,202032,200,205,2001,VHSC-2026-01,2026-01-22,SOLD,2026-03-10,47,f,1756700000,2.00,0,1721566000,55000000,53900000,24,12,2.50,0,f
20260630,202033,200,205,2002,VHSC-2026-01,2026-02-02,SOLD,2026-03-22,48,f,2332500000,2.00,0,2285850000,50000000,49000000,24,12,2.50,0,f
20260630,202034,200,205,2003,VHSC-2026-01,2026-05-08,AVAILABLE,,53,f,2759040000,2.00,0,2703859200,48000000,47040000,24,12,2.50,0,f
20260630,202035,200,205,2004,VHSC-2026-01,2026-02-24,SOLD,2026-04-15,50,f,3929400000,2.00,0,3850812000,45000000,44100000,24,12,2.50,0,f
20260630,202036,200,205,2005,VHSC-2026-01,2026-03-07,SOLD,2026-04-27,51,f,1787500000,2.00,0,1751750000,55000000,53900000,24,12,2.50,0,f
20260630,202037,200,205,2006,VHSC-2026-01,2026-02-18,AVAILABLE,,132,t,3346560000,2.00,0,3279628800,48000000,47040000,24,12,2.50,0,f
20260630,202038,200,205,2007,VHSC-2026-01,2026-03-29,SOLD,2026-05-21,53,f,2768640000,2.00,0,2713267200,48000000,47040000,24,12,2.50,0,f
20260630,202039,200,205,2008,VHSC-2026-01,2026-04-09,SOLD,2026-06-02,54,f,4173750000,2.00,0,4090275000,45000000,44100000,24,12,2.50,0,f
20260630,202040,200,205,2001,VHSC-2026-01,2026-05-26,AVAILABLE,,35,f,1807850000,2.00,0,1771693000,55000000,53900000,24,12,2.50,0,t
20260630,202041,200,205,2002,VHSC-2026-01,2026-02-01,AVAILABLE,,149,t,2699040000,2.00,0,2645059200,48000000,47040000,24,12,2.50,0,f
20260630,202042,200,205,2003,VHSC-2026-01,2026-02-08,AVAILABLE,,142,t,2861760000,2.00,0,2804524800,48000000,47040000,12,12,2.50,0,f
20260630,202043,200,205,2004,VHSC-2026-01,2026-02-17,SOLD,2026-04-16,58,f,3617550000,2.00,0,3545199000,45000000,44100000,24,12,2.50,0,f
20260630,202044,200,205,2005,VHSC-2026-01,2026-02-28,SOLD,2026-04-28,59,f,1553200000,2.00,0,1522136000,55000000,53900000,24,12,2.50,0,f
20260630,202045,200,205,2006,VHSC-2026-01,2026-03-11,BOOKED,,111,f,2071000000,2.00,0,2029580000,50000000,49000000,24,12,2.50,0,f
20260630,202046,200,205,2007,VHSC-2026-01,2026-03-22,SOLD,2026-05-22,61,f,3104160000,2.00,0,3042076800,48000000,47040000,24,12,2.50,0,f
20260630,202047,200,205,2008,VHSC-2026-01,2026-04-02,SOLD,2026-06-03,62,f,4271850000,2.00,0,4186413000,45000000,44100000,24,12,2.50,0,f
20260630,202048,200,205,2001,VHSC-2026-01,2026-01-08,SOLD,2026-03-12,63,f,1846350000,2.00,0,1809423000,55000000,53900000,24,12,2.50,0,f
20260630,202049,200,205,2002,VHSC-2026-01,2026-02-12,AVAILABLE,,138,t,3326400000,2.00,0,3259872000,48000000,47040000,24,12,2.50,0,f
20260630,202050,200,205,2003,VHSC-2026-01,2026-01-30,BOOKED,,151,f,3000480000,2.00,0,2940470400,48000000,47040000,24,12,2.50,0,t
20260630,202051,200,205,2004,VHSC-2026-01,2026-01-12,AVAILABLE,,169,t,3649800000,0.00,0,3649800000,60000000,60000000,24,12,2.50,0,f
20260630,202052,200,205,2005,VHSC-2026-01,2026-02-21,SOLD,2026-03-15,22,f,1908500000,2.00,0,1870330000,55000000,53900000,24,12,2.50,0,f
20260630,202053,200,205,2006,VHSC-2026-01,2026-03-04,SOLD,2026-03-27,23,f,2001500000,2.00,0,1961470000,50000000,49000000,24,12,2.50,0,f
20260630,202054,200,205,2007,VHSC-2026-01,2026-03-15,BOOKED,,107,f,3166080000,2.00,0,3102758400,48000000,47040000,24,12,2.50,0,f
20260630,202055,200,205,2008,VHSC-2026-01,2026-03-26,SOLD,2026-04-20,25,f,4265550000,2.00,0,4180239000,45000000,44100000,24,12,2.50,0,f
20260630,202056,200,205,2001,VHSC-2026-01,2026-04-06,SOLD,2026-05-02,26,f,1758350000,2.00,0,1723183000,55000000,53900000,24,12,2.50,0,f
20260630,202057,200,205,2002,VHSC-2026-01,2026-01-12,SOLD,2026-02-08,27,f,2218000000,2.00,0,2173640000,50000000,49000000,24,12,2.50,0,f
20260630,202058,200,205,2003,VHSC-2026-01,2026-01-23,SOLD,2026-02-20,28,f,2648160000,2.00,0,2595196800,48000000,47040000,24,12,2.50,0,f
20260630,202059,200,205,2004,VHSC-2026-01,2026-02-03,BOOKED,,147,f,4007250000,2.00,0,3927105000,45000000,44100000,24,12,2.50,0,f
20260630,202060,200,205,2005,VHSC-2026-01,2026-02-14,SOLD,2026-03-16,30,f,1811700000,2.00,0,1775466000,55000000,53900000,24,12,2.50,0,t
20260630,202061,200,205,2006,VHSC-2026-01,2026-02-25,SOLD,2026-03-28,31,f,1906500000,2.00,0,1868370000,50000000,49000000,24,12,2.50,0,f
20260630,202062,200,205,2007,VHSC-2026-01,2026-03-08,SOLD,2026-04-09,32,f,3344160000,2.00,0,3277276800,48000000,47040000,24,12,2.50,0,f
20260630,202063,200,205,2008,VHSC-2026-01,2026-03-19,SOLD,2026-04-21,33,f,3890250000,2.00,0,3812445000,45000000,44100000,24,12,2.50,0,f
20260630,202064,200,205,2001,VHSC-2026-01,2026-03-30,SOLD,2026-05-03,34,f,1662650000,2.00,0,1629397000,55000000,53900000,24,12,2.50,0,f
20260630,202065,200,205,2002,VHSC-2026-01,2026-01-05,SOLD,2026-02-09,35,f,2302000000,2.00,0,2255960000,50000000,49000000,24,12,2.50,0,f
20260630,202066,200,205,2003,VHSC-2026-01,2026-01-16,SOLD,2026-02-21,36,f,2736960000,2.00,0,2682220800,48000000,47040000,24,12,2.50,0,f
20260630,202067,200,205,2004,VHSC-2026-01,2026-01-27,SOLD,2026-03-05,37,f,4200300000,2.00,0,4116294000,45000000,44100000,24,12,2.50,0,f
20260630,202068,200,205,2005,VHSC-2026-01,2026-05-05,AVAILABLE,,56,f,1636250000,2.00,0,1603525000,55000000,53900000,24,12,2.50,0,f
20260630,202069,200,205,2006,VHSC-2026-01,2026-02-18,SOLD,2026-03-29,39,f,2217500000,2.00,0,2173150000,50000000,49000000,24,12,2.50,0,f
20260630,202070,200,205,2007,VHSC-2026-01,2026-03-01,SOLD,2026-04-10,40,f,2823840000,2.00,0,2767363200,48000000,47040000,24,12,2.50,0,t
20260630,202071,200,205,2008,VHSC-2026-01,2026-03-12,SOLD,2026-04-22,41,f,4266000000,2.00,0,4180680000,45000000,44100000,24,12,2.50,0,f
20260630,202072,200,205,2001,VHSC-2026-01,2026-03-23,SOLD,2026-05-04,42,f,1563650000,2.00,0,1532377000,55000000,53900000,24,12,2.50,0,f
20260630,202073,200,205,2002,VHSC-2026-01,2026-04-03,SOLD,2026-05-16,43,f,2011000000,2.00,0,1970780000,50000000,49000000,24,12,2.50,0,f
20260630,202074,200,205,2003,VHSC-2026-01,2026-05-23,AVAILABLE,,38,f,2844000000,2.00,0,2787120000,48000000,47040000,24,12,2.50,0,f
20260630,202075,200,205,2004,VHSC-2026-01,2026-01-20,SOLD,2026-03-06,45,f,3998700000,2.00,0,3918726000,45000000,44100000,24,12,2.50,0,f
20260630,202076,200,205,2005,VHSC-2026-01,2026-01-31,SOLD,2026-03-18,46,f,1652750000,2.00,0,1619695000,55000000,53900000,24,12,2.50,0,f
20260630,202077,200,205,2006,VHSC-2026-01,2026-02-11,SOLD,2026-03-30,47,f,2143500000,2.00,0,2100630000,50000000,49000000,24,12,2.50,0,f
20260630,202078,200,205,2007,VHSC-2026-01,2026-06-04,AVAILABLE,,26,f,2792640000,2.00,0,2736787200,48000000,47040000,24,12,2.50,0,f
20260630,202079,200,205,2008,VHSC-2026-01,2026-03-05,SOLD,2026-04-23,49,f,3872700000,2.00,0,3795246000,45000000,44100000,24,12,2.50,0,f
20260630,202080,200,205,2001,VHSC-2026-01,2026-03-16,SOLD,2026-05-05,50,f,1923350000,2.00,0,1884883000,55000000,53900000,24,12,2.50,0,t
20260630,202081,200,205,2002,VHSC-2026-01,2026-05-09,AVAILABLE,,52,f,1995500000,2.00,0,1955590000,50000000,49000000,24,12,2.50,0,f
20260630,202082,200,205,2003,VHSC-2026-01,2026-02-18,AVAILABLE,,132,t,3078720000,0.00,0,3078720000,48000000,48000000,24,12,2.50,0,f
20260630,202083,200,205,2004,VHSC-2026-01,2026-01-13,SOLD,2026-03-07,53,f,4066650000,2.00,0,3985317000,45000000,44100000,24,12,2.50,0,f
20260630,202084,200,205,2005,VHSC-2026-01,2026-01-24,SOLD,2026-03-19,54,f,1785300000,2.00,0,1749594000,55000000,53900000,24,12,2.50,0,f
20260630,202085,200,205,2006,VHSC-2026-01,2026-05-21,AVAILABLE,,40,f,2058500000,2.00,0,2017330000,50000000,49000000,24,12,2.50,0,f
20260630,202086,200,205,2007,VHSC-2026-01,2026-02-01,AVAILABLE,,149,t,2832960000,0.00,0,2832960000,48000000,48000000,24,12,1.20,0,f
20260630,202087,200,205,2008,VHSC-2026-01,2026-02-26,SOLD,2026-04-24,57,f,4140900000,2.00,0,4058082000,45000000,44100000,24,12,2.50,0,f
20260630,202088,200,205,2001,VHSC-2026-01,2026-05-30,AVAILABLE,,31,f,1812800000,2.00,0,1776544000,55000000,53900000,24,12,2.50,0,f
20260630,202089,200,205,2002,VHSC-2026-01,2026-06-02,AVAILABLE,,28,f,2067000000,2.00,0,2025660000,50000000,49000000,24,12,2.50,0,f
20260630,202090,200,205,2003,VHSC-2026-01,2026-03-31,SOLD,2026-05-30,60,f,2764800000,2.00,0,2709504000,48000000,47040000,24,12,2.50,0,t
20260630,202091,200,205,2004,VHSC-2026-01,2026-01-06,SOLD,2026-03-08,61,f,4027500000,2.00,0,3946950000,45000000,44100000,24,12,2.50,0,f
20260630,202092,200,205,2005,VHSC-2026-01,2026-01-29,AVAILABLE,,152,t,2810880000,2.00,0,2754662400,48000000,47040000,12,12,1.20,0,f
20260630,202093,200,205,2006,VHSC-2026-01,2026-01-28,SOLD,2026-04-01,63,f,2218500000,2.00,0,2174130000,50000000,49000000,24,12,2.50,0,f
20260630,202094,200,205,2007,VHSC-2026-01,2026-02-08,SOLD,2026-04-13,64,f,2669280000,2.00,0,2615894400,48000000,47040000,24,12,2.50,0,f
20260630,202095,200,205,2008,VHSC-2026-01,2026-02-19,SOLD,2026-03-11,20,f,3983850000,2.00,0,3904173000,45000000,44100000,24,12,2.50,0,f
20260630,202096,200,205,2001,VHSC-2026-01,2026-03-02,BOOKED,,120,f,1554850000,2.00,0,1523753000,55000000,53900000,24,12,2.50,0,f
20260630,202097,200,205,2002,VHSC-2026-01,2026-03-13,BOOKED,,109,f,2305500000,2.00,0,2259390000,50000000,49000000,24,12,2.50,0,f
20260630,202098,200,205,2003,VHSC-2026-01,2026-03-24,BOOKED,,98,f,2674560000,2.00,0,2621068800,48000000,47040000,24,12,2.50,0,f
20260630,202099,200,205,2004,VHSC-2026-01,2026-04-04,SOLD,2026-04-28,24,f,4067550000,2.00,0,3986199000,45000000,44100000,24,12,2.50,0,f
20260630,202100,200,205,2005,VHSC-2026-01,2026-01-10,SOLD,2026-02-04,25,f,1664850000,2.00,0,1631553000,55000000,53900000,24,12,2.50,0,t
20260630,202101,200,205,2006,VHSC-2026-01,2026-06-03,AVAILABLE,,27,f,2328500000,2.00,0,2281930000,50000000,49000000,24,12,2.50,0,f
20260630,202102,200,205,2007,VHSC-2026-01,2026-02-01,SOLD,2026-02-28,27,f,2678400000,2.00,0,2624832000,48000000,47040000,24,12,2.50,0,f
20260630,202103,200,205,2008,VHSC-2026-01,2026-02-12,SOLD,2026-03-12,28,f,4249350000,2.00,0,4164363000,45000000,44100000,24,12,2.50,0,f
20260630,202104,200,205,2001,VHSC-2026-01,2026-02-23,SOLD,2026-03-24,29,f,1863400000,2.00,0,1826132000,55000000,53900000,24,12,2.50,0,f
20260630,202105,200,205,2002,VHSC-2026-01,2026-03-06,SOLD,2026-04-05,30,f,1960500000,2.00,0,1921290000,50000000,49000000,24,12,2.50,0,f
20260630,202106,200,205,2003,VHSC-2026-01,2026-03-17,SOLD,2026-04-17,31,f,3148320000,2.00,0,3085353600,48000000,47040000,24,12,2.50,0,f
20260630,202107,200,205,2004,VHSC-2026-01,2026-02-13,AVAILABLE,,137,t,4230000000,2.00,0,4145400000,45000000,44100000,24,12,2.50,0,f
20260630,202108,200,205,2005,VHSC-2026-01,2026-01-06,AVAILABLE,,175,t,3874200000,0.00,0,3874200000,60000000,60000000,24,12,2.50,0,f
20260630,202109,200,205,2006,VHSC-2026-01,2026-01-14,SOLD,2026-02-17,34,f,2314500000,2.00,0,2268210000,50000000,49000000,24,12,2.50,0,f
20260630,202110,200,205,2007,VHSC-2026-01,2026-01-25,BOOKED,,156,f,3106560000,2.00,0,3044428800,48000000,47040000,24,12,2.50,0,t
20260630,202111,200,205,2008,VHSC-2026-01,2026-02-05,SOLD,2026-03-13,36,f,4079250000,2.00,0,3997665000,45000000,44100000,24,12,2.50,0,f
20260630,202112,200,205,2001,VHSC-2026-01,2026-02-16,SOLD,2026-03-25,37,f,1599950000,2.00,0,1567951000,55000000,53900000,24,12,2.50,0,f
20260630,202113,200,205,2002,VHSC-2026-01,2026-02-27,BOOKED,,123,f,1907000000,2.00,0,1868860000,50000000,49000000,24,12,2.50,0,f
20260630,202114,200,205,2003,VHSC-2026-01,2026-03-10,SOLD,2026-04-18,39,f,2917440000,2.00,0,2859091200,48000000,47040000,24,12,2.50,0,f
20260630,202115,200,205,2004,VHSC-2026-01,2026-03-21,SOLD,2026-04-30,40,f,3741300000,2.00,0,3666474000,45000000,44100000,24,12,2.50,0,f
20260630,202116,200,205,2005,VHSC-2026-01,2026-04-01,SOLD,2026-05-12,41,f,1585100000,2.00,0,1553398000,55000000,53900000,24,12,2.50,0,f
20260630,202117,200,205,2006,VHSC-2026-01,2026-01-07,SOLD,2026-02-18,42,f,2300500000,2.00,0,2254490000,50000000,49000000,24,12,2.50,0,f
20260630,202118,200,205,2007,VHSC-2026-01,2026-05-15,AVAILABLE,,46,f,2811360000,2.00,0,2755132800,48000000,47040000,24,12,2.50,0,f
20260630,202119,200,205,2008,VHSC-2026-01,2026-05-18,AVAILABLE,,43,f,4016250000,2.00,0,3935925000,45000000,44100000,24,12,2.50,0,f
20260630,202120,200,205,2001,VHSC-2026-01,2026-02-14,AVAILABLE,,136,t,2253000000,2.00,0,2207940000,50000000,49000000,24,12,1.20,0,t
20260630,202121,200,205,2002,VHSC-2026-01,2026-02-20,SOLD,2026-04-07,46,f,2164500000,2.00,0,2121210000,50000000,49000000,24,12,2.50,0,f
20260630,202122,200,205,2003,VHSC-2026-01,2026-03-03,SOLD,2026-04-19,47,f,2742240000,2.00,0,2687395200,48000000,47040000,24,12,2.50,0,f
20260630,202123,200,205,2004,VHSC-2026-01,2026-03-14,SOLD,2026-05-01,48,f,4055850000,2.00,0,3974733000,45000000,44100000,24,12,2.50,0,f
20260630,202124,200,205,2005,VHSC-2026-01,2026-03-25,SOLD,2026-05-13,49,f,1614800000,2.00,0,1582504000,55000000,53900000,24,12,2.50,0,f
20260630,202125,200,205,2006,VHSC-2026-01,2026-05-01,AVAILABLE,,60,f,1984000000,2.00,0,1944320000,50000000,49000000,24,12,2.50,0,f
20260630,202126,200,205,2007,VHSC-2026-01,2026-01-11,BOOKED,,170,f,3086880000,2.00,0,3025142400,48000000,47040000,24,12,2.50,0,f
20260630,202127,200,205,2008,VHSC-2026-01,2026-01-22,SOLD,2026-03-15,52,f,4184550000,2.00,0,4100859000,45000000,44100000,24,12,2.50,0,f
20260630,202128,200,205,2001,VHSC-2026-01,2026-02-02,SOLD,2026-03-27,53,f,1737450000,2.00,0,1702701000,55000000,53900000,24,12,2.50,0,f
20260630,202129,200,205,2002,VHSC-2026-01,2026-02-13,SOLD,2026-04-08,54,f,2117500000,2.00,0,2075150000,50000000,49000000,24,12,2.50,0,f
20260630,202130,200,205,2003,VHSC-2026-01,2026-02-24,BOOKED,,126,f,3311520000,2.00,0,3245289600,48000000,47040000,24,12,2.50,0,t
20260630,202131,200,205,2004,VHSC-2026-01,2026-03-07,SOLD,2026-05-02,56,f,4048200000,2.00,0,3967236000,45000000,44100000,24,12,2.50,0,f
20260630,202132,200,205,2005,VHSC-2026-01,2026-03-18,SOLD,2026-05-14,57,f,1670900000,2.00,0,1637482000,55000000,53900000,24,12,2.50,0,f
20260630,202133,200,205,2006,VHSC-2026-01,2026-03-29,BOOKED,,93,f,2247000000,2.00,0,2202060000,50000000,49000000,24,12,2.50,0,f
20260630,202134,200,205,2007,VHSC-2026-01,2026-04-09,SOLD,2026-06-07,59,f,2956800000,2.00,0,2897664000,48000000,47040000,24,12,2.50,0,f
20260630,202135,200,205,2008,VHSC-2026-01,2026-01-15,SOLD,2026-03-16,60,f,3616200000,2.00,0,3543876000,45000000,44100000,24,12,2.50,0,f
20260630,202136,200,205,2001,VHSC-2026-01,2026-06-03,AVAILABLE,,27,f,1877700000,2.00,0,1840146000,55000000,53900000,24,12,2.50,0,f
20260630,202137,200,205,2002,VHSC-2026-01,2026-01-29,AVAILABLE,,152,t,3798600000,0.00,0,3798600000,60000000,60000000,24,12,2.50,0,f
20260630,202138,200,205,2003,VHSC-2026-01,2026-05-05,AVAILABLE,,56,f,3086880000,2.00,0,3025142400,48000000,47040000,24,12,2.50,0,f
20260630,202139,200,205,2004,VHSC-2026-01,2026-02-28,SOLD,2026-05-03,64,f,4149000000,2.00,0,4066020000,45000000,44100000,24,12,2.50,0,f
20260630,202140,200,205,2005,VHSC-2026-01,2026-05-11,AVAILABLE,,50,f,1673100000,2.00,0,1639638000,55000000,53900000,24,12,2.50,0,t
20260630,202141,200,205,2006,VHSC-2026-01,2026-05-14,AVAILABLE,,47,f,2027000000,2.00,0,1986460000,50000000,49000000,24,12,2.50,0,f
20260630,202142,200,205,2007,VHSC-2026-01,2026-05-17,AVAILABLE,,44,f,3062400000,2.00,0,3001152000,48000000,47040000,24,12,2.50,0,f
20260630,202143,200,205,2008,VHSC-2026-01,2026-01-08,SOLD,2026-01-31,23,f,3978000000,2.00,0,3898440000,45000000,44100000,24,12,2.50,0,f
20260630,202144,200,205,2001,VHSC-2026-01,2026-01-19,SOLD,2026-02-12,24,f,1731950000,2.00,0,1697311000,55000000,53900000,24,12,2.50,0,f
20260630,202145,200,205,2002,VHSC-2026-01,2026-01-30,SOLD,2026-02-24,25,f,2380000000,2.00,0,2332400000,50000000,49000000,24,12,2.50,0,f
20260630,202146,200,205,2003,VHSC-2026-01,2026-02-10,SOLD,2026-03-08,26,f,2717280000,2.00,0,2662934400,48000000,47040000,24,12,2.50,0,f
20260630,202147,200,205,2004,VHSC-2026-01,2026-06-01,AVAILABLE,,29,f,3957300000,2.00,0,3878154000,45000000,44100000,24,12,2.50,0,f
20260630,202148,200,205,2005,VHSC-2026-01,2026-03-04,SOLD,2026-04-01,28,f,1724250000,2.00,0,1689765000,55000000,53900000,24,12,2.50,0,f
20260630,202149,200,205,2006,VHSC-2026-01,2026-01-23,AVAILABLE,,158,t,2885760000,2.00,0,2828044800,48000000,47040000,12,12,2.50,0,f
20260630,202150,200,205,2007,VHSC-2026-01,2026-03-26,SOLD,2026-04-25,30,f,3032640000,2.00,0,2971987200,48000000,47040000,24,12,2.50,0,t
20260630,202151,200,205,2008,VHSC-2026-01,2026-04-06,SOLD,2026-05-07,31,f,3862350000,2.00,0,3785103000,45000000,44100000,24,12,2.50,0,f
20260630,202152,200,205,2001,VHSC-2026-01,2026-01-12,SOLD,2026-02-13,32,f,1562000000,2.00,0,1530760000,55000000,53900000,24,12,2.50,0,f
20260630,202153,200,205,2002,VHSC-2026-01,2026-01-23,SOLD,2026-02-25,33,f,2193000000,2.00,0,2149140000,50000000,49000000,24,12,2.50,0,f
20260630,202154,200,205,2003,VHSC-2026-01,2026-01-13,AVAILABLE,,168,t,4230000000,2.00,0,4145400000,45000000,44100000,24,12,2.50,0,f
20260630,202155,200,205,2004,VHSC-2026-01,2026-02-14,SOLD,2026-03-21,35,f,3636450000,2.00,0,3563721000,45000000,44100000,24,12,2.50,0,f
20260630,202156,200,205,2005,VHSC-2026-01,2026-02-25,SOLD,2026-04-02,36,f,1910150000,2.00,0,1871947000,55000000,53900000,24,12,2.50,0,f
20260630,202157,200,205,2006,VHSC-2026-01,2026-03-08,SOLD,2026-04-14,37,f,2130500000,2.00,0,2087890000,50000000,49000000,24,12,2.50,0,f
20260630,202158,200,205,2007,VHSC-2026-01,2026-03-19,SOLD,2026-04-26,38,f,3144960000,2.00,0,3082060800,48000000,47040000,24,12,2.50,0,f
20260630,202159,200,205,2008,VHSC-2026-01,2026-03-30,SOLD,2026-05-08,39,f,4264650000,2.00,0,4179357000,45000000,44100000,24,12,2.50,0,f
20260630,202160,200,205,2001,VHSC-2026-01,2026-05-01,AVAILABLE,,60,f,1629650000,2.00,0,1597057000,55000000,53900000,24,12,2.50,0,t
20260630,202161,200,205,2002,VHSC-2026-01,2026-04-01,AVAILABLE,,90,f,2256000000,2.00,0,2210880000,50000000,49000000,24,12,2.50,0,f
20260630,202162,200,205,2003,VHSC-2026-01,2026-01-27,SOLD,2026-03-10,42,f,3067200000,2.00,0,3005856000,48000000,47040000,24,12,2.50,0,f
20260630,202163,200,205,2004,VHSC-2026-01,2026-01-31,AVAILABLE,,150,t,2953440000,0.00,0,2953440000,48000000,48000000,24,12,2.50,0,f
20260630,202164,200,205,2005,VHSC-2026-01,2026-02-18,SOLD,2026-04-03,44,f,1746800000,2.00,0,1711864000,55000000,53900000,24,12,2.50,0,f
20260630,202165,200,205,2006,VHSC-2026-01,2026-03-01,SOLD,2026-04-15,45,f,2390500000,2.00,0,2342690000,50000000,49000000,24,12,2.50,0,f
20260630,202166,200,205,2007,VHSC-2026-01,2026-03-12,SOLD,2026-04-27,46,f,2643840000,2.00,0,2590963200,48000000,47040000,24,12,2.50,0,f
20260630,202167,200,205,2008,VHSC-2026-01,2026-03-23,SOLD,2026-05-09,47,f,4227300000,2.00,0,4142754000,45000000,44100000,24,12,2.50,0,f
20260630,202168,200,205,2001,VHSC-2026-01,2026-04-03,SOLD,2026-05-21,48,f,1842500000,2.00,0,1805650000,55000000,53900000,24,12,2.50,0,f
20260630,202169,200,205,2002,VHSC-2026-01,2026-01-09,SOLD,2026-02-27,49,f,2190000000,2.00,0,2146200000,50000000,49000000,24,12,2.50,0,f
20260630,202170,200,205,2003,VHSC-2026-01,2026-01-20,SOLD,2026-03-11,50,f,3043680000,2.00,0,2982806400,48000000,47040000,24,12,2.50,0,t
20260630,202171,200,205,2004,VHSC-2026-01,2026-01-31,SOLD,2026-03-23,51,f,3719700000,2.00,0,3645306000,45000000,44100000,24,12,2.50,0,f
20260630,202172,200,205,2005,VHSC-2026-01,2026-02-11,SOLD,2026-04-04,52,f,1725350000,2.00,0,1690843000,55000000,53900000,24,12,2.50,0,f
20260630,202173,200,205,2006,VHSC-2026-01,2026-02-22,BOOKED,,128,f,2319500000,2.00,0,2273110000,50000000,49000000,24,12,2.50,0,f
20260630,202174,200,205,2007,VHSC-2026-01,2026-03-05,SOLD,2026-04-28,54,f,2935200000,2.00,0,2876496000,48000000,47040000,24,12,2.50,0,f
20260630,202175,200,205,2008,VHSC-2026-01,2026-03-16,SOLD,2026-05-10,55,f,4128750000,2.00,0,4046175000,45000000,44100000,24,12,2.50,0,f
20260630,202176,200,205,2001,VHSC-2026-01,2026-05-14,AVAILABLE,,47,f,1683000000,2.00,0,1649340000,55000000,53900000,24,12,2.50,0,f
20260630,202177,200,205,2002,VHSC-2026-01,2026-02-08,AVAILABLE,,142,t,4096200000,0.00,0,4096200000,60000000,60000000,24,12,2.50,0,f
20260630,202178,200,205,2003,VHSC-2026-01,2026-01-13,SOLD,2026-03-12,58,f,3190080000,2.00,0,3126278400,48000000,47040000,24,12,2.50,0,f
20260630,202179,200,205,2004,VHSC-2026-01,2026-01-08,AVAILABLE,,173,t,3257760000,2.00,0,3192604800,48000000,47040000,24,12,2.50,0,f
20260630,202180,200,205,2005,VHSC-2026-01,2026-02-04,SOLD,2026-04-05,60,f,1775950000,2.00,0,1740431000,55000000,53900000,24,12,2.50,0,t
20260630,202181,200,205,2006,VHSC-2026-01,2026-02-15,SOLD,2026-04-17,61,f,2245000000,2.00,0,2200100000,50000000,49000000,24,12,2.50,0,f
20260630,202182,200,205,2007,VHSC-2026-01,2026-02-26,SOLD,2026-04-29,62,f,2784960000,2.00,0,2729260800,48000000,47040000,24,12,2.50,0,f
20260630,202183,200,205,2008,VHSC-2026-01,2026-03-09,SOLD,2026-05-11,63,f,3815100000,2.00,0,3738798000,45000000,44100000,24,12,2.50,0,f
20260630,202184,200,205,2001,VHSC-2026-01,2026-03-20,SOLD,2026-05-23,64,f,1652750000,2.00,0,1619695000,55000000,53900000,24,12,2.50,0,f
20260630,202185,200,205,2002,VHSC-2026-01,2026-03-31,SOLD,2026-04-20,20,f,2123500000,2.00,0,2081030000,50000000,49000000,24,12,2.50,0,f
20260630,202186,200,205,2003,VHSC-2026-01,2026-01-06,BOOKED,,175,f,2706720000,2.00,0,2652585600,48000000,47040000,24,12,2.50,0,f
20260630,202187,200,205,2004,VHSC-2026-01,2026-01-17,SOLD,2026-02-08,22,f,4181400000,2.00,0,4097772000,45000000,44100000,24,12,2.50,0,f
20260630,202188,200,205,2005,VHSC-2026-01,2026-01-28,SOLD,2026-02-20,23,f,1709400000,2.00,0,1675212000,55000000,53900000,24,12,2.50,0,f
20260630,202189,200,205,2006,VHSC-2026-01,2026-02-08,SOLD,2026-03-04,24,f,2167500000,2.00,0,2124150000,50000000,49000000,24,12,2.50,0,f
20260630,202190,200,205,2007,VHSC-2026-01,2026-02-19,SOLD,2026-03-16,25,f,3203040000,2.00,0,3138979200,48000000,47040000,24,12,2.50,0,t
20260630,202191,200,205,2008,VHSC-2026-01,2026-05-24,AVAILABLE,,37,f,3826350000,2.00,0,3749823000,45000000,44100000,24,12,2.50,0,f
20260630,202192,200,205,2001,VHSC-2026-01,2026-03-13,SOLD,2026-04-09,27,f,1543850000,2.00,0,1512973000,55000000,53900000,24,12,2.50,0,f
20260630,202193,200,205,2002,VHSC-2026-01,2026-03-24,BOOKED,,98,f,1933500000,2.00,0,1894830000,50000000,49000000,24,12,2.50,0,f
20260630,202194,200,205,2003,VHSC-2026-01,2026-04-04,SOLD,2026-05-03,29,f,2712000000,2.00,0,2657760000,48000000,47040000,24,12,2.50,0,f
20260630,202195,200,205,2004,VHSC-2026-01,2026-01-10,SOLD,2026-02-09,30,f,3640500000,2.00,0,3567690000,45000000,44100000,24,12,2.50,0,f
20260630,202196,200,205,2005,VHSC-2026-01,2026-01-21,BOOKED,,160,f,1839200000,2.00,0,1802416000,55000000,53900000,24,12,2.50,0,f
20260630,202197,200,205,2006,VHSC-2026-01,2026-02-13,AVAILABLE,,137,t,2992800000,0.00,0,2992800000,48000000,48000000,24,12,2.50,0,f
20260630,202198,200,205,2007,VHSC-2026-01,2026-05-10,AVAILABLE,,51,f,2999040000,2.00,0,2939059200,48000000,47040000,24,12,2.50,0,f
20260630,202199,200,205,2008,VHSC-2026-01,2026-02-23,SOLD,2026-03-29,34,f,3868200000,2.00,0,3790836000,45000000,44100000,24,12,2.50,0,f
20260630,202200,200,205,2001,VHSC-2026-01,2026-05-16,AVAILABLE,,45,f,1633500000,2.00,0,1600830000,55000000,53900000,24,12,2.50,0,t
20260630,202201,200,205,2002,VHSC-2026-01,2026-03-17,SOLD,2026-04-22,36,f,2187500000,2.00,0,2143750000,50000000,49000000,24,12,2.50,0,f
20260630,202202,200,205,2003,VHSC-2026-01,2026-03-28,SOLD,2026-05-04,37,f,3037440000,2.00,0,2976691200,48000000,47040000,24,12,2.50,0,f
20260630,202203,200,205,2004,VHSC-2026-01,2026-05-25,AVAILABLE,,36,f,3958650000,2.00,0,3879477000,45000000,44100000,24,12,2.50,0,f
20260630,202204,200,205,2005,VHSC-2026-01,2026-01-14,SOLD,2026-02-22,39,f,1680800000,2.00,0,1647184000,55000000,53900000,24,12,2.50,0,f
20260630,202205,200,205,2006,VHSC-2026-01,2026-01-25,SOLD,2026-03-06,40,f,1970500000,2.00,0,1931090000,50000000,49000000,24,12,2.50,0,f
20260630,202206,200,205,2007,VHSC-2026-01,2026-02-05,SOLD,2026-03-18,41,f,3357600000,2.00,0,3290448000,48000000,47040000,24,12,2.50,0,f
20260630,202207,200,205,2008,VHSC-2026-01,2026-02-16,SOLD,2026-03-30,42,f,3676950000,2.00,0,3603411000,45000000,44100000,24,12,2.50,0,f
20260630,202208,200,205,2001,VHSC-2026-01,2026-02-27,SOLD,2026-04-11,43,f,1581800000,2.00,0,1550164000,55000000,53900000,24,12,2.50,0,f
20260630,202209,200,205,2002,VHSC-2026-01,2026-02-07,AVAILABLE,,143,t,3256320000,2.00,0,3191193600,48000000,47040000,12,12,2.50,0,f
20260630,202210,200,205,2003,VHSC-2026-01,2026-03-21,SOLD,2026-05-05,45,f,3208800000,2.00,0,3144624000,48000000,47040000,24,12,2.50,0,t
20260630,202211,200,205,2004,VHSC-2026-01,2026-04-01,SOLD,2026-05-17,46,f,3607200000,2.00,0,3535056000,45000000,44100000,24,12,2.50,0,f
20260630,202212,200,205,2005,VHSC-2026-01,2026-01-07,SOLD,2026-02-23,47,f,1752850000,2.00,0,1717793000,55000000,53900000,24,12,2.50,0,f
20260630,202213,200,205,2006,VHSC-2026-01,2026-05-20,AVAILABLE,,41,f,2110500000,2.00,0,2068290000,50000000,49000000,24,12,2.50,0,f
20260630,202214,200,205,2007,VHSC-2026-01,2026-01-29,SOLD,2026-03-19,49,f,3319680000,2.00,0,3253286400,48000000,47040000,24,12,2.50,0,f
20260630,202215,200,205,2008,VHSC-2026-01,2026-05-26,AVAILABLE,,35,f,3651750000,2.00,0,3578715000,45000000,44100000,24,12,2.50,0,f
20260630,202216,200,205,2001,VHSC-2026-01,2026-02-20,BOOKED,,130,f,1811150000,2.00,0,1774927000,55000000,53900000,24,12,2.50,0,f
20260630,202217,200,205,2002,VHSC-2026-01,2026-06-01,AVAILABLE,,29,f,2360000000,2.00,0,2312800000,50000000,49000000,24,12,2.50,0,f
20260630,202218,200,205,2003,VHSC-2026-01,2026-03-14,SOLD,2026-05-06,53,f,3069600000,2.00,0,3008208000,48000000,47040000,24,12,2.50,0,f
20260630,202219,200,205,2004,VHSC-2026-01,2026-03-25,SOLD,2026-05-18,54,f,4088250000,2.00,0,4006485000,45000000,44100000,24,12,2.50,0,f
20260630,202220,200,205,2005,VHSC-2026-01,2026-04-05,BOOKED,,86,f,1870000000,2.00,0,1832600000,55000000,53900000,24,12,2.50,0,t
20260630,202221,200,205,2006,VHSC-2026-01,2026-01-11,BOOKED,,170,f,1935000000,2.00,0,1896300000,50000000,49000000,24,12,2.50,0,f
20260630,202222,200,205,2007,VHSC-2026-01,2026-02-08,AVAILABLE,,142,t,3198240000,0.00,0,3198240000,48000000,48000000,24,12,2.50,0,f
20260630,202223,200,205,2008,VHSC-2026-01,2026-02-02,SOLD,2026-04-01,58,f,3738150000,2.00,0,3663387000,45000000,44100000,24,12,2.50,0,f
20260630,202224,200,205,2001,VHSC-2026-01,2026-02-13,SOLD,2026-04-13,59,f,1670900000,2.00,0,1637482000,55000000,53900000,24,12,2.50,0,f
20260630,202225,200,205,2002,VHSC-2026-01,2026-01-15,AVAILABLE,,166,t,4230000000,2.00,0,4145400000,45000000,44100000,24,12,2.50,0,f
20260630,202226,200,205,2003,VHSC-2026-01,2026-03-07,SOLD,2026-05-07,61,f,3293280000,2.00,0,3227414400,48000000,47040000,24,12,2.50,0,f
20260630,202227,200,205,2004,VHSC-2026-01,2026-03-18,SOLD,2026-05-19,62,f,4113450000,2.00,0,4031181000,45000000,44100000,24,12,2.50,0,f
20260630,202228,200,205,2005,VHSC-2026-01,2026-03-29,SOLD,2026-05-31,63,f,1918400000,2.00,0,1880032000,55000000,53900000,24,12,2.50,0,f
20260630,202229,200,205,2006,VHSC-2026-01,2026-04-09,SOLD,2026-06-12,64,f,2090500000,2.00,0,2048690000,50000000,49000000,24,12,2.50,0,f
20260630,202230,200,205,2007,VHSC-2026-01,2026-01-15,SOLD,2026-02-04,20,f,3167520000,2.00,0,3104169600,48000000,47040000,24,12,2.50,0,t
20260630,202231,200,205,2008,VHSC-2026-01,2026-01-12,AVAILABLE,,169,t,1931500000,2.00,0,1892870000,50000000,49000000,24,12,1.20,0,f
20260630,202232,200,205,2001,VHSC-2026-01,2026-02-06,BOOKED,,144,f,1826550000,2.00,0,1790019000,55000000,53900000,24,12,2.50,0,f
20260630,202233,200,205,2002,VHSC-2026-01,2026-05-10,AVAILABLE,,51,f,2320500000,2.00,0,2274090000,50000000,49000000,24,12,2.50,0,f
20260630,202234,200,205,2003,VHSC-2026-01,2026-02-28,BOOKED,,122,f,3333600000,2.00,0,3266928000,48000000,47040000,24,12,2.50,0,f
20260630,202235,200,205,2004,VHSC-2026-01,2026-03-11,SOLD,2026-04-05,25,f,4266450000,2.00,0,4181121000,45000000,44100000,24,12,2.50,0,f
20260630,202236,200,205,2005,VHSC-2026-01,2026-03-22,SOLD,2026-04-17,26,f,1832050000,2.00,0,1795409000,55000000,53900000,24,12,2.50,0,f
20260630,202237,200,205,2006,VHSC-2026-01,2026-04-02,SOLD,2026-04-29,27,f,2208500000,2.00,0,2164330000,50000000,49000000,24,12,2.50,0,f
20260630,202238,200,205,2007,VHSC-2026-01,2026-01-08,SOLD,2026-02-05,28,f,2780640000,2.00,0,2725027200,48000000,47040000,24,12,2.50,0,f
20260630,202239,200,205,2008,VHSC-2026-01,2026-01-19,SOLD,2026-02-17,29,f,3902850000,2.00,0,3824793000,45000000,44100000,24,12,2.50,0,f
20260630,202240,200,205,2001,VHSC-2026-01,2026-01-30,SOLD,2026-03-01,30,f,1673650000,2.00,0,1640177000,55000000,53900000,24,12,2.50,0,t
20260630,202241,200,205,2002,VHSC-2026-01,2026-02-06,AVAILABLE,,144,t,3859520000,0.00,0,3859520000,56000000,56000000,24,12,2.50,0,f
20260630,202242,200,205,2003,VHSC-2026-01,2026-02-21,SOLD,2026-03-25,32,f,3266880000,2.00,0,3201542400,48000000,47040000,24,12,2.50,0,f
20260630,202243,200,205,2004,VHSC-2026-01,2026-03-04,SOLD,2026-04-06,33,f,3768300000,2.00,0,3692934000,45000000,44100000,24,12,2.50,0,f
20260630,202244,200,205,2005,VHSC-2026-01,2026-03-15,SOLD,2026-04-18,34,f,1612050000,2.00,0,1579809000,55000000,53900000,24,12,2.50,0,f
20260630,202245,200,205,2006,VHSC-2026-01,2026-05-11,AVAILABLE,,50,f,2199500000,2.00,0,2155510000,50000000,49000000,24,12,2.50,0,f
20260630,202246,200,205,2007,VHSC-2026-01,2026-05-14,AVAILABLE,,47,f,2682240000,2.00,0,2628595200,48000000,47040000,24,12,2.50,0,f
20260630,202247,200,205,2008,VHSC-2026-01,2026-01-12,SOLD,2026-02-18,37,f,3616650000,2.00,0,3544317000,45000000,44100000,24,12,2.50,0,f
20260630,202248,200,205,2001,VHSC-2026-01,2026-01-23,SOLD,2026-03-02,38,f,1918950000,2.00,0,1880571000,55000000,53900000,24,12,2.50,0,f
20260630,202249,200,205,2002,VHSC-2026-01,2026-02-03,SOLD,2026-03-14,39,f,2236500000,2.00,0,2191770000,50000000,49000000,24,12,2.50,0,f
20260630,202250,200,205,2003,VHSC-2026-01,2026-02-14,SOLD,2026-03-26,40,f,3352800000,2.00,0,3285744000,48000000,47040000,24,12,2.50,0,t
20260630,202251,200,205,2004,VHSC-2026-01,2026-05-29,AVAILABLE,,32,f,3746250000,2.00,0,3671325000,45000000,44100000,24,12,2.50,0,f
20260630,202252,200,205,2005,VHSC-2026-01,2026-03-08,SOLD,2026-04-19,42,f,1914000000,2.00,0,1875720000,55000000,53900000,24,12,2.50,0,f
20260630,202253,200,205,2006,VHSC-2026-01,2026-03-19,SOLD,2026-05-01,43,f,2225500000,2.00,0,2180990000,50000000,49000000,24,12,2.50,0,f
20260630,202254,200,205,2007,VHSC-2026-01,2026-05-03,AVAILABLE,,58,f,3288960000,2.00,0,3223180800,48000000,47040000,24,12,2.50,0,f
20260630,202255,200,205,2008,VHSC-2026-01,2026-01-05,SOLD,2026-02-19,45,f,4252500000,2.00,0,4167450000,45000000,44100000,24,12,2.50,0,f
20260630,202256,200,205,2001,VHSC-2026-01,2026-01-07,AVAILABLE,,174,t,2205500000,2.00,0,2161390000,50000000,49000000,24,12,1.20,0,f
20260630,202257,200,205,2002,VHSC-2026-01,2026-01-27,SOLD,2026-03-15,47,f,2308000000,2.00,0,2261840000,50000000,49000000,24,12,2.50,0,f
20260630,202258,200,205,2003,VHSC-2026-01,2026-05-15,AVAILABLE,,46,f,2880960000,2.00,0,2823340800,48000000,47040000,24,12,2.50,0,f
20260630,202259,200,205,2004,VHSC-2026-01,2026-05-18,AVAILABLE,,43,f,4065300000,2.00,0,3983994000,45000000,44100000,24,12,2.50,0,f
20260630,202260,200,205,2005,VHSC-2026-01,2026-03-01,SOLD,2026-04-20,50,f,1868350000,2.00,0,1830983000,55000000,53900000,24,12,2.50,0,t
20260630,202261,200,205,2006,VHSC-2026-01,2026-05-24,AVAILABLE,,37,f,2068000000,2.00,0,2026640000,50000000,49000000,24,12,2.50,0,f
20260630,202262,200,205,2007,VHSC-2026-01,2026-03-23,SOLD,2026-05-14,52,f,2999520000,2.00,0,2939529600,48000000,47040000,24,12,2.50,0,f
20260630,202263,200,205,2008,VHSC-2026-01,2026-01-11,AVAILABLE,,170,t,3838200000,0.00,0,3838200000,60000000,60000000,24,12,2.50,0,f
20260630,202264,200,205,2001,VHSC-2026-01,2026-01-09,SOLD,2026-03-04,54,f,1849100000,2.00,0,1812118000,55000000,53900000,24,12,2.50,0,f
20260630,202265,200,205,2002,VHSC-2026-01,2026-01-25,AVAILABLE,,156,t,3319200000,0.00,0,3319200000,48000000,48000000,24,12,2.50,0,f
20260630,202266,200,205,2003,VHSC-2026-01,2026-01-31,SOLD,2026-03-28,56,f,3088800000,2.00,0,3027024000,48000000,47040000,24,12,2.50,0,f
20260630,202267,200,205,2004,VHSC-2026-01,2026-02-11,SOLD,2026-04-09,57,f,3784500000,2.00,0,3708810000,45000000,44100000,24,12,2.50,0,f
20260630,202268,200,205,2005,VHSC-2026-01,2026-02-22,SOLD,2026-04-21,58,f,1632950000,2.00,0,1600291000,55000000,53900000,24,12,2.50,0,f
20260630,202269,200,205,2006,VHSC-2026-01,2026-03-05,SOLD,2026-05-03,59,f,2307500000,2.00,0,2261350000,50000000,49000000,24,12,2.50,0,f
20260630,202270,200,205,2007,VHSC-2026-01,2026-03-16,SOLD,2026-05-15,60,f,3109920000,2.00,0,3047721600,48000000,47040000,24,12,2.50,0,t
20260630,202271,200,205,2008,VHSC-2026-01,2026-05-19,AVAILABLE,,42,f,3999150000,2.00,0,3919167000,45000000,44100000,24,12,2.50,0,f
20260630,202272,200,205,2001,VHSC-2026-01,2026-04-07,SOLD,2026-06-08,62,f,1651650000,2.00,0,1618617000,55000000,53900000,24,12,2.50,0,f
20260630,202273,200,205,2002,VHSC-2026-01,2026-01-13,SOLD,2026-03-17,63,f,2030500000,2.00,0,1989890000,50000000,49000000,24,12,2.50,0,f
20260630,202274,200,205,2003,VHSC-2026-01,2026-05-28,AVAILABLE,,33,f,3024000000,2.00,0,2963520000,48000000,47040000,24,12,2.50,0,f
20260630,202275,200,205,2004,VHSC-2026-01,2026-05-31,AVAILABLE,,30,f,4123800000,2.00,0,4041324000,45000000,44100000,24,12,2.50,0,f
20260630,202276,200,205,2005,VHSC-2026-01,2026-02-15,SOLD,2026-03-08,21,f,1711600000,2.00,0,1677368000,55000000,53900000,24,12,2.50,0,f
20260630,202277,200,205,2006,VHSC-2026-01,2026-02-26,SOLD,2026-03-20,22,f,2030500000,2.00,0,1989890000,50000000,49000000,24,12,2.50,0,f
20260630,202278,200,205,2007,VHSC-2026-01,2026-03-09,SOLD,2026-04-01,23,f,2741760000,2.00,0,2686924800,48000000,47040000,24,12,2.50,0,f
20260630,202279,200,205,2008,VHSC-2026-01,2026-03-20,SOLD,2026-04-13,24,f,4027500000,2.00,0,3946950000,45000000,44100000,24,12,2.50,0,f
20260630,202280,200,205,2001,VHSC-2026-01,2026-03-31,SOLD,2026-04-25,25,f,1641200000,2.00,0,1608376000,55000000,53900000,24,12,2.50,0,t
20260630,202281,200,205,2002,VHSC-2026-01,2026-01-06,SOLD,2026-02-01,26,f,1911500000,2.00,0,1873270000,50000000,49000000,24,12,2.50,0,f
20260630,202282,200,205,2003,VHSC-2026-01,2026-01-09,AVAILABLE,,172,t,3343680000,2.00,0,3276806400,48000000,47040000,12,12,2.50,0,f
20260630,202283,200,205,2004,VHSC-2026-01,2026-01-28,BOOKED,,153,f,3952800000,2.00,0,3873744000,45000000,44100000,24,12,2.50,0,f
20260630,202284,200,205,2005,VHSC-2026-01,2026-02-08,BOOKED,,142,f,1754500000,2.00,0,1719410000,55000000,53900000,24,12,2.50,0,f
20260630,202285,200,205,2006,VHSC-2026-01,2026-02-19,SOLD,2026-03-21,30,f,2284500000,2.00,0,2238810000,50000000,49000000,24,12,2.50,0,f
20260630,202286,200,205,2007,VHSC-2026-01,2026-03-02,SOLD,2026-04-02,31,f,2838240000,2.00,0,2781475200,48000000,47040000,24,12,2.50,0,f
20260630,202287,200,205,2008,VHSC-2026-01,2026-03-13,SOLD,2026-04-14,32,f,4099050000,2.00,0,4017069000,45000000,44100000,24,12,2.50,0,f
20260630,202288,200,205,2001,VHSC-2026-01,2026-03-24,SOLD,2026-04-26,33,f,1837000000,2.00,0,1800260000,55000000,53900000,24,12,2.50,0,f
20260630,202289,200,205,2002,VHSC-2026-01,2026-04-04,SOLD,2026-05-08,34,f,2064000000,2.00,0,2022720000,50000000,49000000,24,12,2.50,0,f
20260630,202290,200,205,2003,VHSC-2026-01,2026-01-10,SOLD,2026-02-14,35,f,3171360000,2.00,0,3107932800,48000000,47040000,24,12,2.50,0,t
20260630,202291,200,205,2004,VHSC-2026-01,2026-01-21,SOLD,2026-02-26,36,f,3989700000,2.00,0,3909906000,45000000,44100000,24,12,2.50,0,f
20260630,202292,200,205,2005,VHSC-2026-01,2026-05-12,AVAILABLE,,49,f,1875500000,2.00,0,1837990000,55000000,53900000,24,12,2.50,0,f
20260630,202293,200,205,2006,VHSC-2026-01,2026-02-12,SOLD,2026-03-22,38,f,2134500000,2.00,0,2091810000,50000000,49000000,24,12,2.50,0,f
20260630,202294,200,205,2007,VHSC-2026-01,2026-02-23,SOLD,2026-04-03,39,f,3104640000,2.00,0,3042547200,48000000,47040000,24,12,2.50,0,f
20260630,202295,200,205,2008,VHSC-2026-01,2026-03-06,SOLD,2026-04-15,40,f,4234050000,2.00,0,4149369000,45000000,44100000,24,12,2.50,0,f
20260630,202296,200,205,2001,VHSC-2026-01,2026-03-17,SOLD,2026-04-27,41,f,1581800000,2.00,0,1550164000,55000000,53900000,24,12,2.50,0,f
20260630,202297,200,205,2002,VHSC-2026-01,2026-03-28,SOLD,2026-05-09,42,f,2001000000,2.00,0,1960980000,50000000,49000000,24,12,2.50,0,f
20260630,202298,200,205,2003,VHSC-2026-01,2026-04-08,SOLD,2026-05-21,43,f,3103680000,2.00,0,3041606400,48000000,47040000,24,12,2.50,0,f
20260630,202299,200,205,2004,VHSC-2026-01,2026-02-07,AVAILABLE,,143,t,4230000000,2.00,0,4145400000,45000000,44100000,24,12,2.50,0,f
20260630,202300,200,205,2005,VHSC-2026-01,2026-01-25,SOLD,2026-03-11,45,f,1889250000,2.00,0,1851465000,55000000,53900000,24,12,2.50,0,t
20260630,202301,200,205,2006,VHSC-2026-01,2026-02-05,SOLD,2026-03-23,46,f,2244000000,2.00,0,2199120000,50000000,49000000,24,12,2.50,0,f
20260630,202302,200,205,2007,VHSC-2026-01,2026-02-16,BOOKED,,134,f,3095040000,2.00,0,3033139200,48000000,47040000,24,12,2.50,0,f
20260630,202303,200,205,2008,VHSC-2026-01,2026-02-27,SOLD,2026-04-16,48,f,3953700000,2.00,0,3874626000,45000000,44100000,24,12,2.50,0,f
20260630,202304,200,205,2001,VHSC-2026-01,2026-03-10,BOOKED,,112,f,1563100000,2.00,0,1531838000,55000000,53900000,24,12,2.50,0,f
20260630,202305,200,205,2002,VHSC-2026-01,2026-05-16,AVAILABLE,,45,f,1997500000,2.00,0,1957550000,50000000,49000000,24,12,2.50,0,f
20260630,202306,200,205,2003,VHSC-2026-01,2026-04-01,SOLD,2026-05-22,51,f,3307680000,2.00,0,3241526400,48000000,47040000,24,12,2.50,0,f
20260630,202307,200,205,2004,VHSC-2026-01,2026-02-18,AVAILABLE,,132,t,3134880000,0.00,0,3134880000,56000000,56000000,24,12,2.50,0,f
20260630,202308,200,205,2005,VHSC-2026-01,2026-01-18,SOLD,2026-03-12,53,f,1918400000,2.00,0,1880032000,55000000,53900000,24,12,2.50,0,f
20260630,202309,200,205,2006,VHSC-2026-01,2026-01-29,SOLD,2026-03-24,54,f,2147000000,2.00,0,2104060000,50000000,49000000,24,12,2.50,0,f
20260630,202310,200,205,2007,VHSC-2026-01,2026-02-09,SOLD,2026-04-05,55,f,2898720000,2.00,0,2840745600,48000000,47040000,24,12,2.50,0,t
20260630,202311,200,205,2008,VHSC-2026-01,2026-02-20,BOOKED,,130,f,4149000000,2.00,0,4066020000,45000000,44100000,24,12,2.50,0,f
20260630,202312,200,205,2001,VHSC-2026-01,2026-03-03,SOLD,2026-04-29,57,f,1675850000,2.00,0,1642333000,55000000,53900000,24,12,2.50,0,f
20260630,202313,200,205,2002,VHSC-2026-01,2026-05-05,AVAILABLE,,56,f,1994500000,2.00,0,1954610000,50000000,49000000,24,12,2.50,0,f
20260630,202314,200,205,2003,VHSC-2026-01,2026-03-25,SOLD,2026-05-23,59,f,2909280000,2.00,0,2851094400,48000000,47040000,24,12,2.50,0,f
20260630,202315,200,205,2004,VHSC-2026-01,2026-04-05,SOLD,2026-06-04,60,f,4112100000,2.00,0,4029858000,45000000,44100000,24,12,2.50,0,f
20260630,202316,200,205,2005,VHSC-2026-01,2026-01-11,SOLD,2026-03-13,61,f,1857900000,2.00,0,1820742000,55000000,53900000,24,12,2.50,0,f
20260630,202317,200,205,2006,VHSC-2026-01,2026-01-22,SOLD,2026-03-25,62,f,2192000000,2.00,0,2148160000,50000000,49000000,24,12,2.50,0,f
20260630,202318,200,205,2007,VHSC-2026-01,2026-02-02,SOLD,2026-04-06,63,f,2846400000,2.00,0,2789472000,48000000,47040000,24,12,2.50,0,f
20260630,202319,200,205,2008,VHSC-2026-01,2026-02-13,SOLD,2026-04-18,64,f,3762450000,2.00,0,3687201000,45000000,44100000,24,12,2.50,0,f
20260630,202320,200,205,2001,VHSC-2026-01,2026-02-24,SOLD,2026-03-16,20,f,1921150000,2.00,0,1882727000,55000000,53900000,24,12,2.50,0,t
20260630,202321,200,205,2002,VHSC-2026-01,2026-03-07,SOLD,2026-03-28,21,f,2220500000,2.00,0,2176090000,50000000,49000000,24,12,2.50,0,f
20260630,202322,200,205,2003,VHSC-2026-01,2026-06-01,AVAILABLE,,29,f,2777760000,2.00,0,2722204800,48000000,47040000,24,12,2.50,0,f
20260630,202323,200,205,2004,VHSC-2026-01,2026-06-04,AVAILABLE,,26,f,3940650000,2.00,0,3861837000,45000000,44100000,24,12,2.50,0,f
20260630,202324,200,205,2005,VHSC-2026-01,2026-04-09,SOLD,2026-05-03,24,f,1563650000,2.00,0,1532377000,55000000,53900000,24,12,2.50,0,f
20260630,202325,200,205,2006,VHSC-2026-01,2026-01-15,SOLD,2026-02-09,25,f,2268000000,2.00,0,2222640000,50000000,49000000,24,12,2.50,0,f
20260630,202326,200,205,2007,VHSC-2026-01,2026-01-26,SOLD,2026-02-21,26,f,2683680000,2.00,0,2630006400,48000000,47040000,24,12,2.50,0,f
20260630,202327,200,205,2008,VHSC-2026-01,2026-05-12,AVAILABLE,,49,f,4185900000,2.00,0,4102182000,45000000,44100000,24,12,2.50,0,f
20260630,202328,200,205,2001,VHSC-2026-01,2026-02-17,SOLD,2026-03-17,28,f,1791350000,2.00,0,1755523000,55000000,53900000,24,12,2.50,0,f
20260630,202329,200,205,2002,VHSC-2026-01,2026-02-28,SOLD,2026-03-29,29,f,2072000000,2.00,0,2030560000,50000000,49000000,24,12,2.50,0,f
20260630,202330,200,205,2003,VHSC-2026-01,2026-03-11,SOLD,2026-04-10,30,f,2809440000,2.00,0,2753251200,48000000,47040000,24,12,2.50,0,t
20260630,202331,200,205,2004,VHSC-2026-01,2026-03-22,SOLD,2026-04-22,31,f,4048200000,2.00,0,3967236000,45000000,44100000,24,12,2.50,0,f
20260630,202332,200,205,2005,VHSC-2026-01,2026-04-02,BOOKED,,89,f,1611500000,2.00,0,1579270000,55000000,53900000,24,12,2.50,0,f
20260630,202333,200,205,2006,VHSC-2026-01,2026-01-08,SOLD,2026-02-10,33,f,1975500000,2.00,0,1935990000,50000000,49000000,24,12,2.50,0,f
20260630,202334,200,205,2007,VHSC-2026-01,2026-01-19,SOLD,2026-02-22,34,f,2724960000,2.00,0,2670460800,48000000,47040000,24,12,2.50,0,f
20260630,202335,200,205,2008,VHSC-2026-01,2026-01-30,SOLD,2026-03-06,35,f,3802950000,2.00,0,3726891000,45000000,44100000,24,12,2.50,0,f
20260630,202336,200,205,2001,VHSC-2026-01,2026-05-04,AVAILABLE,,57,f,1855700000,2.00,0,1818586000,55000000,53900000,24,12,2.50,0,f
20260630,202337,200,205,2002,VHSC-2026-01,2026-02-21,SOLD,2026-03-30,37,f,2289000000,2.00,0,2243220000,50000000,49000000,24,12,2.50,0,f
20260630,202338,200,205,2003,VHSC-2026-01,2026-03-04,SOLD,2026-04-11,38,f,2891520000,2.00,0,2833689600,48000000,47040000,24,12,2.50,0,f
20260630,202339,200,205,2004,VHSC-2026-01,2026-03-15,SOLD,2026-04-23,39,f,3842550000,2.00,0,3765699000,45000000,44100000,24,12,2.50,0,f
20260630,202340,200,205,2005,VHSC-2026-01,2026-03-26,SOLD,2026-05-05,40,f,1554850000,2.00,0,1523753000,55000000,53900000,24,12,2.50,0,t
20260630,202341,200,205,2006,VHSC-2026-01,2026-04-06,SOLD,2026-05-17,41,f,2344500000,2.00,0,2297610000,50000000,49000000,24,12,2.50,0,f
20260630,202342,200,205,2007,VHSC-2026-01,2026-01-12,SOLD,2026-02-23,42,f,2652480000,2.00,0,2599430400,48000000,47040000,24,12,2.50,0,f
20260630,202343,200,205,2008,VHSC-2026-01,2026-01-23,SOLD,2026-03-07,43,f,4263750000,2.00,0,4178475000,45000000,44100000,24,12,2.50,0,f
20260630,202344,200,205,2001,VHSC-2026-01,2026-05-28,AVAILABLE,,33,f,1910700000,2.00,0,1872486000,55000000,53900000,24,12,2.50,0,f
20260630,202345,200,205,2002,VHSC-2026-01,2026-02-14,AVAILABLE,,136,t,4230000000,2.00,0,4145400000,45000000,44100000,24,12,2.50,0,f
20260630,202346,200,205,2003,VHSC-2026-01,2026-06-03,AVAILABLE,,27,f,3178080000,2.00,0,3114518400,48000000,47040000,24,12,2.50,0,f
20260630,202347,200,205,2004,VHSC-2026-01,2026-05-02,AVAILABLE,,59,f,3937950000,2.00,0,3859191000,45000000,44100000,24,12,2.50,0,f
20260630,202348,200,205,2005,VHSC-2026-01,2026-03-19,SOLD,2026-05-06,48,f,1896400000,2.00,0,1858472000,55000000,53900000,24,12,2.50,0,f
20260630,202349,200,205,2006,VHSC-2026-01,2026-03-30,SOLD,2026-05-18,49,f,2386000000,2.00,0,2338280000,50000000,49000000,24,12,2.50,0,f
20260630,202350,200,205,2007,VHSC-2026-01,2026-01-05,BOOKED,,176,f,2953920000,2.00,0,2894841600,48000000,47040000,24,12,2.50,0,t
20260630,202351,200,205,2008,VHSC-2026-01,2026-01-16,SOLD,2026-03-08,51,f,4027500000,2.00,0,3946950000,45000000,44100000,24,12,2.50,0,f
20260630,202352,200,205,2001,VHSC-2026-01,2026-01-27,SOLD,2026-03-20,52,f,1907400000,2.00,0,1869252000,55000000,53900000,24,12,2.50,0,f
20260630,202353,200,205,2002,VHSC-2026-01,2026-02-07,SOLD,2026-04-01,53,f,2135000000,2.00,0,2092300000,50000000,49000000,24,12,2.50,0,f
20260630,202354,200,205,2003,VHSC-2026-01,2026-02-18,SOLD,2026-04-13,54,f,2803680000,2.00,0,2747606400,48000000,47040000,24,12,2.50,0,f
20260630,202355,200,205,2004,VHSC-2026-01,2026-03-01,SOLD,2026-04-25,55,f,3757050000,2.00,0,3681909000,45000000,44100000,24,12,2.50,0,f
20260630,202356,200,205,2005,VHSC-2026-01,2026-05-29,AVAILABLE,,32,f,1916750000,2.00,0,1878415000,55000000,53900000,24,12,2.50,0,f
20260630,202357,200,205,2006,VHSC-2026-01,2026-02-08,AVAILABLE,,142,t,2138000000,2.00,0,2095240000,50000000,49000000,24,12,1.20,0,f
20260630,202358,200,205,2007,VHSC-2026-01,2026-04-03,SOLD,2026-05-31,58,f,2935680000,2.00,0,2876966400,48000000,47040000,24,12,2.50,0,f
20260630,202359,200,205,2008,VHSC-2026-01,2026-01-09,SOLD,2026-03-09,59,f,3948750000,2.00,0,3869775000,45000000,44100000,24,12,2.50,0,f
20260630,202360,200,205,2001,VHSC-2026-01,2026-01-20,BOOKED,,161,f,1895850000,2.00,0,1857933000,55000000,53900000,24,12,2.50,0,t
20260630,202361,200,205,2002,VHSC-2026-01,2026-01-31,SOLD,2026-04-02,61,f,2344500000,2.00,0,2297610000,50000000,49000000,24,12,2.50,0,f
20260630,202362,200,205,2003,VHSC-2026-01,2026-02-11,SOLD,2026-04-14,62,f,3301440000,2.00,0,3235411200,48000000,47040000,24,12,2.50,0,f
20260630,202363,200,205,2004,VHSC-2026-01,2026-02-22,SOLD,2026-04-26,63,f,3928500000,2.00,0,3849930000,45000000,44100000,24,12,2.50,0,f
20260630,202364,200,205,2005,VHSC-2026-01,2026-03-05,SOLD,2026-05-08,64,f,1668150000,2.00,0,1634787000,55000000,53900000,24,12,2.50,0,f
20260630,202365,200,205,2006,VHSC-2026-01,2026-03-16,SOLD,2026-04-05,20,f,2231000000,2.00,0,2186380000,50000000,49000000,24,12,2.50,0,f
20260630,202366,200,205,2007,VHSC-2026-01,2026-03-27,SOLD,2026-04-17,21,f,3073440000,2.00,0,3011971200,48000000,47040000,24,12,2.50,0,f
20260630,202367,200,205,2008,VHSC-2026-01,2026-04-07,SOLD,2026-04-29,22,f,4032900000,2.00,0,3952242000,45000000,44100000,24,12,2.50,0,f
20260630,202368,200,205,2001,VHSC-2026-01,2026-01-13,BOOKED,,168,f,1597200000,2.00,0,1565256000,55000000,53900000,24,12,2.50,0,f
20260630,202369,200,205,2002,VHSC-2026-01,2026-01-24,BOOKED,,157,f,2356000000,2.00,0,2308880000,50000000,49000000,24,12,2.50,0,f
20260630,202370,200,205,2003,VHSC-2026-01,2026-02-04,SOLD,2026-03-01,25,f,2977440000,2.00,0,2917891200,48000000,47040000,24,12,2.50,0,t
20260630,202371,200,205,2004,VHSC-2026-01,2026-02-16,AVAILABLE,,134,t,3577280000,0.00,0,3577280000,56000000,56000000,24,12,2.50,0,f
20260630,202372,200,205,2005,VHSC-2026-01,2026-02-26,SOLD,2026-03-25,27,f,1768250000,2.00,0,1732885000,55000000,53900000,24,12,2.50,0,f
20260630,202373,200,205,2006,VHSC-2026-01,2026-03-09,SOLD,2026-04-06,28,f,1985000000,2.00,0,1945300000,50000000,49000000,24,12,2.50,0,f
20260630,202374,200,205,2007,VHSC-2026-01,2026-03-20,SOLD,2026-04-18,29,f,2670720000,2.00,0,2617305600,48000000,47040000,24,12,2.50,0,f
20260630,202375,200,205,2008,VHSC-2026-01,2026-03-31,SOLD,2026-04-30,30,f,3944250000,2.00,0,3865365000,45000000,44100000,24,12,2.50,0,f
20260630,202376,200,205,2001,VHSC-2026-01,2026-01-06,SOLD,2026-02-06,31,f,1600500000,2.00,0,1568490000,55000000,53900000,24,12,2.50,0,f
20260630,202377,200,205,2002,VHSC-2026-01,2026-02-13,AVAILABLE,,137,t,3605280000,0.00,0,3605280000,56000000,56000000,24,12,2.50,0,f
20260630,202378,200,205,2003,VHSC-2026-01,2026-01-28,SOLD,2026-03-02,33,f,3222720000,2.00,0,3158265600,48000000,47040000,24,12,2.50,0,f
20260630,202379,200,205,2004,VHSC-2026-01,2026-02-08,SOLD,2026-03-14,34,f,4002750000,2.00,0,3922695000,45000000,44100000,24,12,2.50,0,f
20260630,202380,200,205,2005,VHSC-2026-01,2026-02-19,SOLD,2026-03-26,35,f,1664850000,2.00,0,1631553000,55000000,53900000,24,12,2.50,0,t
20260630,202381,200,205,2006,VHSC-2026-01,2026-06-03,AVAILABLE,,27,f,2171500000,2.00,0,2128070000,50000000,49000000,24,12,2.50,0,f
20260630,202382,200,205,2007,VHSC-2026-01,2026-03-13,SOLD,2026-04-19,37,f,2986560000,2.00,0,2926828800,48000000,47040000,24,12,2.50,0,f
20260630,202383,200,205,2008,VHSC-2026-01,2026-03-24,SOLD,2026-05-01,38,f,3807900000,2.00,0,3731742000,45000000,44100000,24,12,2.50,0,f
20260630,202384,200,205,2001,VHSC-2026-01,2026-04-04,BOOKED,,87,f,1834250000,2.00,0,1797565000,55000000,53900000,24,12,2.50,0,f
20260630,202385,200,205,2002,VHSC-2026-01,2026-01-10,SOLD,2026-02-19,40,f,2293000000,2.00,0,2247140000,50000000,49000000,24,12,2.50,0,f
20260630,202386,200,205,2003,VHSC-2026-01,2026-01-21,SOLD,2026-03-03,41,f,3301920000,2.00,0,3235881600,48000000,47040000,24,12,2.50,0,f
20260630,202387,200,205,2004,VHSC-2026-01,2026-02-01,SOLD,2026-03-15,42,f,4185900000,2.00,0,4102182000,45000000,44100000,24,12,2.50,0,f
20260630,202388,200,205,2005,VHSC-2026-01,2026-05-20,AVAILABLE,,41,f,1737450000,2.00,0,1702701000,55000000,53900000,24,12,2.50,0,f
20260630,202389,200,205,2006,VHSC-2026-01,2026-02-23,SOLD,2026-04-08,44,f,2147500000,2.00,0,2104550000,50000000,49000000,24,12,2.50,0,f
20260630,202390,200,205,2007,VHSC-2026-01,2026-03-06,SOLD,2026-04-20,45,f,2967360000,2.00,0,2908012800,48000000,47040000,24,12,2.50,0,t
20260630,202391,200,205,2008,VHSC-2026-01,2026-03-17,SOLD,2026-05-02,46,f,4041000000,2.00,0,3960180000,45000000,44100000,24,12,2.50,0,f
20260630,202392,200,205,2001,VHSC-2026-01,2026-03-28,SOLD,2026-05-14,47,f,1738550000,2.00,0,1703779000,55000000,53900000,24,12,2.50,0,f
20260630,202393,200,205,2002,VHSC-2026-01,2026-04-08,SOLD,2026-05-26,48,f,2142000000,2.00,0,2099160000,50000000,49000000,24,12,2.50,0,f
20260630,202394,200,205,2003,VHSC-2026-01,2026-01-14,SOLD,2026-03-04,49,f,3229440000,2.00,0,3164851200,48000000,47040000,24,12,2.50,0,f
20260630,202395,200,205,2004,VHSC-2026-01,2026-05-06,AVAILABLE,,55,f,4217400000,2.00,0,4133052000,45000000,44100000,24,12,2.50,0,f
20260630,202396,200,205,2005,VHSC-2026-01,2026-02-05,SOLD,2026-03-28,51,f,1597750000,2.00,0,1565795000,55000000,53900000,24,12,2.50,0,f
20260630,202397,200,205,2006,VHSC-2026-01,2026-05-12,AVAILABLE,,49,f,2289000000,2.00,0,2243220000,50000000,49000000,24,12,2.50,0,f
20260630,202398,200,205,2007,VHSC-2026-01,2026-01-11,AVAILABLE,,170,t,3249680000,0.00,0,3249680000,56000000,56000000,24,12,1.20,0,f
20260630,202399,200,205,2008,VHSC-2026-01,2026-03-10,SOLD,2026-05-03,54,f,3897000000,2.00,0,3819060000,45000000,44100000,24,12,2.50,0,f
20260630,202400,200,205,2001,VHSC-2026-01,2026-03-21,SOLD,2026-05-15,55,f,1652200000,2.00,0,1619156000,55000000,53900000,24,12,2.50,0,t
20260630,202401,200,205,2002,VHSC-2026-01,2026-02-01,AVAILABLE,,149,t,3034560000,2.00,0,2973868800,48000000,47040000,24,12,2.50,0,f
20260630,202402,200,205,2003,VHSC-2026-01,2026-02-08,AVAILABLE,,142,t,4086600000,0.00,0,4086600000,60000000,60000000,24,12,2.50,0,f
20260630,202403,200,205,2004,VHSC-2026-01,2026-01-18,SOLD,2026-03-17,58,f,3809250000,2.00,0,3733065000,45000000,44100000,24,12,2.50,0,f
20260630,202404,200,205,2005,VHSC-2026-01,2026-01-29,SOLD,2026-03-29,59,f,1885950000,2.00,0,1848231000,55000000,53900000,24,12,2.50,0,f
20260630,202405,200,205,2006,VHSC-2026-01,2026-02-09,SOLD,2026-04-10,60,f,2298500000,2.00,0,2252530000,50000000,49000000,24,12,2.50,0,f
20260630,202406,200,205,2007,VHSC-2026-01,2026-02-20,SOLD,2026-04-22,61,f,2936160000,2.00,0,2877436800,48000000,47040000,24,12,2.50,0,f
20260630,202407,200,205,2008,VHSC-2026-01,2026-03-03,SOLD,2026-05-04,62,f,4163850000,2.00,0,4080573000,45000000,44100000,24,12,2.50,0,f
20260630,202408,200,205,2001,VHSC-2026-01,2026-03-14,BOOKED,,108,f,1773750000,2.00,0,1738275000,55000000,53900000,24,12,2.50,0,f
20260630,202409,200,205,2002,VHSC-2026-01,2026-05-13,AVAILABLE,,48,f,1951500000,2.00,0,1912470000,50000000,49000000,24,12,2.50,0,f
20260630,202410,200,205,2003,VHSC-2026-01,2026-04-05,BOOKED,,86,f,3134400000,2.00,0,3071712000,48000000,47040000,24,12,2.50,0,t
20260630,202411,200,205,2004,VHSC-2026-01,2026-01-11,SOLD,2026-02-01,21,f,3991500000,2.00,0,3911670000,45000000,44100000,24,12,2.50,0,f
20260630,202412,200,205,2005,VHSC-2026-01,2026-01-22,SOLD,2026-02-13,22,f,1587300000,2.00,0,1555554000,55000000,53900000,24,12,2.50,0,f
20260630,202413,200,205,2006,VHSC-2026-01,2026-01-26,AVAILABLE,,155,t,2306000000,2.00,0,2259880000,50000000,49000000,24,12,1.20,0,f
20260630,202414,200,205,2007,VHSC-2026-01,2026-02-02,AVAILABLE,,148,t,3467400000,0.00,0,3467400000,60000000,60000000,24,12,2.50,0,f
20260630,202415,200,205,2008,VHSC-2026-01,2026-02-24,SOLD,2026-03-21,25,f,3802500000,2.00,0,3726450000,45000000,44100000,24,12,2.50,0,f
20260630,202416,200,205,2001,VHSC-2026-01,2026-03-07,SOLD,2026-04-02,26,f,1646150000,2.00,0,1613227000,55000000,53900000,24,12,2.50,0,f
20260630,202417,200,205,2002,VHSC-2026-01,2026-05-02,AVAILABLE,,59,f,1994000000,2.00,0,1954120000,50000000,49000000,24,12,2.50,0,f
20260630,202418,200,205,2003,VHSC-2026-01,2026-03-29,SOLD,2026-04-26,28,f,3293280000,2.00,0,3227414400,48000000,47040000,24,12,2.50,0,f
20260630,202419,200,205,2004,VHSC-2026-01,2026-01-23,AVAILABLE,,158,t,2901120000,0.00,0,2901120000,48000000,48000000,24,12,2.50,0,f
20260630,202420,200,205,2005,VHSC-2026-01,2026-05-11,AVAILABLE,,50,f,1609850000,2.00,0,1577653000,55000000,53900000,24,12,2.50,0,t
20260630,202421,200,205,2006,VHSC-2026-01,2026-01-26,SOLD,2026-02-26,31,f,1967000000,2.00,0,1927660000,50000000,49000000,24,12,2.50,0,f
20260630,202422,200,205,2007,VHSC-2026-01,2026-02-13,AVAILABLE,,137,t,3571200000,0.00,0,3571200000,60000000,60000000,24,12,1.20,0,f
20260630,202423,200,205,2008,VHSC-2026-01,2026-02-17,BOOKED,,133,f,3939300000,2.00,0,3860514000,45000000,44100000,24,12,2.50,0,f
20260630,202424,200,205,2001,VHSC-2026-01,2026-02-28,SOLD,2026-04-03,34,f,1729750000,2.00,0,1695155000,55000000,53900000,24,12,2.50,0,f
20260630,202425,200,205,2002,VHSC-2026-01,2026-03-11,SOLD,2026-04-15,35,f,2330000000,2.00,0,2283400000,50000000,49000000,24,12,2.50,0,f
20260630,202426,200,205,2003,VHSC-2026-01,2026-03-22,SOLD,2026-04-27,36,f,3337440000,2.00,0,3270691200,48000000,47040000,24,12,2.50,0,f
20260630,202427,200,205,2004,VHSC-2026-01,2026-04-02,SOLD,2026-05-09,37,f,3697200000,2.00,0,3623256000,45000000,44100000,24,12,2.50,0,f
20260630,202428,200,205,2005,VHSC-2026-01,2026-01-08,SOLD,2026-02-15,38,f,1732500000,2.00,0,1697850000,55000000,53900000,24,12,2.50,0,f
20260630,202429,200,205,2006,VHSC-2026-01,2026-01-19,SOLD,2026-02-27,39,f,2207500000,2.00,0,2163350000,50000000,49000000,24,12,2.50,0,f
20260630,202430,200,205,2007,VHSC-2026-01,2026-01-30,SOLD,2026-03-11,40,f,2851200000,2.00,0,2794176000,48000000,47040000,24,12,2.50,0,t
20260630,202431,200,205,2008,VHSC-2026-01,2026-02-10,SOLD,2026-03-23,41,f,4274550000,2.00,0,4189059000,45000000,44100000,24,12,2.50,0,f
20260630,202432,200,205,2001,VHSC-2026-01,2026-01-24,AVAILABLE,,157,t,2177000000,2.00,0,2133460000,50000000,49000000,24,12,1.20,0,f
20260630,202433,200,205,2002,VHSC-2026-01,2026-03-04,SOLD,2026-04-16,43,f,2355000000,2.00,0,2307900000,50000000,49000000,24,12,2.50,0,f
20260630,202434,200,205,2003,VHSC-2026-01,2026-03-15,SOLD,2026-04-28,44,f,2739360000,2.00,0,2684572800,48000000,47040000,24,12,2.50,0,f
20260630,202435,200,205,2004,VHSC-2026-01,2026-05-21,AVAILABLE,,40,f,3707550000,2.00,0,3633399000,45000000,44100000,24,12,2.50,0,f
20260630,202436,200,205,2005,VHSC-2026-01,2026-04-06,SOLD,2026-05-22,46,f,1570800000,2.00,0,1539384000,55000000,53900000,24,12,2.50,0,f
20260630,202437,200,205,2006,VHSC-2026-01,2026-01-14,AVAILABLE,,167,t,4230000000,2.00,0,4145400000,45000000,44100000,24,12,2.50,0,f
20260630,202438,200,205,2007,VHSC-2026-01,2026-01-23,SOLD,2026-03-12,48,f,2924160000,2.00,0,2865676800,48000000,47040000,24,12,2.50,0,f
20260630,202439,200,205,2008,VHSC-2026-01,2026-02-03,SOLD,2026-03-24,49,f,4093650000,2.00,0,4011777000,45000000,44100000,24,12,2.50,0,f
20260630,202440,200,205,2001,VHSC-2026-01,2026-02-14,SOLD,2026-04-05,50,f,1674750000,2.00,0,1641255000,55000000,53900000,24,12,2.50,0,t
20260630,202441,200,205,2002,VHSC-2026-01,2026-02-25,SOLD,2026-04-17,51,f,2323000000,2.00,0,2276540000,50000000,49000000,24,12,2.50,0,f
20260630,202442,200,205,2003,VHSC-2026-01,2026-03-08,SOLD,2026-04-29,52,f,2915040000,2.00,0,2856739200,48000000,47040000,24,12,2.50,0,f
20260630,202443,200,205,2004,VHSC-2026-01,2026-03-19,SOLD,2026-05-11,53,f,3878550000,2.00,0,3800979000,45000000,44100000,24,12,2.50,0,f
20260630,202444,200,205,2005,VHSC-2026-01,2026-03-30,SOLD,2026-05-23,54,f,1736900000,2.00,0,1702162000,55000000,53900000,24,12,2.50,0,f
20260630,202445,200,205,2006,VHSC-2026-01,2026-01-25,AVAILABLE,,156,t,3868800000,0.00,0,3868800000,60000000,60000000,24,12,2.50,0,f
20260630,202446,200,205,2007,VHSC-2026-01,2026-01-16,SOLD,2026-03-13,56,f,3241920000,2.00,0,3177081600,48000000,47040000,24,12,2.50,0,f
20260630,202447,200,205,2008,VHSC-2026-01,2026-01-27,BOOKED,,154,f,4079700000,2.00,0,3998106000,45000000,44100000,24,12,2.50,0,f
20260630,202448,200,205,2001,VHSC-2026-01,2026-02-07,SOLD,2026-04-06,58,f,1767700000,2.00,0,1732346000,55000000,53900000,24,12,2.50,0,f
20260630,202449,200,205,2002,VHSC-2026-01,2026-05-28,AVAILABLE,,33,f,2202000000,2.00,0,2157960000,50000000,49000000,24,12,2.50,0,f
20260630,202450,200,205,2003,VHSC-2026-01,2026-05-31,AVAILABLE,,30,f,3343200000,2.00,0,3276336000,48000000,47040000,24,12,2.50,0,t
20260630,202451,200,205,2004,VHSC-2026-01,2026-03-12,BOOKED,,110,f,3839850000,2.00,0,3763053000,45000000,44100000,24,12,2.50,0,f
20260630,202452,200,205,2005,VHSC-2026-01,2026-03-23,SOLD,2026-05-24,62,f,1587300000,2.00,0,1555554000,55000000,53900000,24,12,2.50,0,f
20260630,202453,200,205,2006,VHSC-2026-01,2026-04-03,SOLD,2026-06-05,63,f,1975000000,2.00,0,1935500000,50000000,49000000,24,12,2.50,0,f
20260630,202454,200,205,2007,VHSC-2026-01,2026-01-09,SOLD,2026-03-14,64,f,2909280000,2.00,0,2851094400,48000000,47040000,24,12,2.50,0,f
20260630,202455,200,205,2008,VHSC-2026-01,2026-01-20,SOLD,2026-02-09,20,f,3674250000,2.00,0,3600765000,45000000,44100000,24,12,2.50,0,f
20260630,202456,200,205,2001,VHSC-2026-01,2026-01-31,SOLD,2026-02-21,21,f,1708850000,2.00,0,1674673000,55000000,53900000,24,12,2.50,0,f
20260630,202457,200,205,2002,VHSC-2026-01,2026-01-19,AVAILABLE,,162,t,3975000000,0.00,0,3975000000,60000000,60000000,24,12,2.50,0,f
20260630,202458,200,205,2003,VHSC-2026-01,2026-05-20,AVAILABLE,,41,f,3175200000,2.00,0,3111696000,48000000,47040000,24,12,2.50,0,f
20260630,202459,200,205,2004,VHSC-2026-01,2026-03-05,SOLD,2026-03-29,24,f,3919500000,2.00,0,3841110000,45000000,44100000,24,12,2.50,0,f
20260630,202460,200,205,2005,VHSC-2026-01,2026-03-16,SOLD,2026-04-10,25,f,1873300000,2.00,0,1835834000,55000000,53900000,24,12,2.50,0,t
20260630,202461,200,205,2006,VHSC-2026-01,2026-02-16,AVAILABLE,,134,t,3099360000,2.00,0,3037372800,48000000,47040000,12,12,2.50,0,f
20260630,202462,200,205,2007,VHSC-2026-01,2026-04-07,BOOKED,,84,f,2925120000,2.00,0,2866617600,48000000,47040000,24,12,2.50,0,f
20260630,202463,200,205,2008,VHSC-2026-01,2026-06-04,AVAILABLE,,26,f,3701700000,2.00,0,3627666000,45000000,44100000,24,12,2.50,0,f
20260630,202464,200,205,2001,VHSC-2026-01,2026-01-24,SOLD,2026-02-22,29,f,1881550000,2.00,0,1843919000,55000000,53900000,24,12,2.50,0,f
20260630,202465,200,205,2002,VHSC-2026-01,2026-02-04,SOLD,2026-03-06,30,f,1939500000,2.00,0,1900710000,50000000,49000000,24,12,2.50,0,f
20260630,202466,200,205,2003,VHSC-2026-01,2026-02-15,SOLD,2026-03-18,31,f,3245280000,2.00,0,3180374400,48000000,47040000,24,12,2.50,0,f
20260630,202467,200,205,2004,VHSC-2026-01,2026-02-26,SOLD,2026-03-30,32,f,4143600000,2.00,0,4060728000,45000000,44100000,24,12,2.50,0,f
20260630,202468,200,205,2005,VHSC-2026-01,2026-03-09,SOLD,2026-04-11,33,f,1680800000,2.00,0,1647184000,55000000,53900000,24,12,2.50,0,f
20260630,202469,200,205,2006,VHSC-2026-01,2026-01-13,AVAILABLE,,168,t,3849000000,0.00,0,3849000000,60000000,60000000,24,12,2.50,0,f
20260630,202470,200,205,2007,VHSC-2026-01,2026-03-31,SOLD,2026-05-05,35,f,2880000000,2.00,0,2822400000,48000000,47040000,24,12,2.50,0,t
20260630,202471,200,205,2008,VHSC-2026-01,2026-01-06,SOLD,2026-02-11,36,f,3922650000,2.00,0,3844197000,45000000,44100000,24,12,2.50,0,f
20260630,202472,200,205,2001,VHSC-2026-01,2026-01-17,SOLD,2026-02-23,37,f,1894750000,2.00,0,1856855000,55000000,53900000,24,12,2.50,0,f
20260630,202473,200,205,2002,VHSC-2026-01,2026-05-30,AVAILABLE,,31,f,2360000000,2.00,0,2312800000,50000000,49000000,24,12,2.50,0,f
20260630,202474,200,205,2003,VHSC-2026-01,2026-06-02,AVAILABLE,,28,f,2653440000,2.00,0,2600371200,48000000,47040000,24,12,2.50,0,f
20260630,202475,200,205,2004,VHSC-2026-01,2026-02-19,SOLD,2026-03-31,40,f,4074300000,2.00,0,3992814000,45000000,44100000,24,12,2.50,0,f
20260630,202476,200,205,2005,VHSC-2026-01,2026-03-02,SOLD,2026-04-12,41,f,1728650000,2.00,0,1694077000,55000000,53900000,24,12,2.50,0,f
20260630,202477,200,205,2006,VHSC-2026-01,2026-03-13,SOLD,2026-04-24,42,f,2175000000,2.00,0,2131500000,50000000,49000000,24,12,2.50,0,f
20260630,202478,200,205,2007,VHSC-2026-01,2026-03-24,SOLD,2026-05-06,43,f,2805120000,2.00,0,2749017600,48000000,47040000,24,12,2.50,0,f
20260630,202479,200,205,2008,VHSC-2026-01,2026-02-07,AVAILABLE,,143,t,2902560000,2.00,0,2844508800,48000000,47040000,12,12,2.50,0,f
20260630,202480,200,205,2001,VHSC-2026-01,2026-01-10,SOLD,2026-02-24,45,f,1678050000,2.00,0,1644489000,55000000,53900000,24,12,2.50,0,t
20260630,202481,200,205,2002,VHSC-2026-01,2026-01-21,BOOKED,,160,f,2151000000,2.00,0,2107980000,50000000,49000000,24,12,2.50,0,f
20260630,202482,200,205,2003,VHSC-2026-01,2026-02-01,SOLD,2026-03-20,47,f,3015360000,2.00,0,2955052800,48000000,47040000,24,12,2.50,0,f
20260630,202483,200,205,2004,VHSC-2026-01,2026-02-12,SOLD,2026-04-01,48,f,4252050000,2.00,0,4167009000,45000000,44100000,24,12,2.50,0,f
20260630,202484,200,205,2005,VHSC-2026-01,2026-05-28,AVAILABLE,,33,f,1600500000,2.00,0,1568490000,55000000,53900000,24,12,2.50,0,f
20260630,202485,200,205,2006,VHSC-2026-01,2026-03-06,SOLD,2026-04-25,50,f,1936500000,2.00,0,1897770000,50000000,49000000,24,12,2.50,0,f
20260630,202486,200,205,2007,VHSC-2026-01,2026-03-17,SOLD,2026-05-07,51,f,2656320000,2.00,0,2603193600,48000000,47040000,24,12,2.50,0,f
20260630,202487,200,205,2008,VHSC-2026-01,2026-05-02,AVAILABLE,,59,f,4272300000,2.00,0,4186854000,45000000,44100000,24,12,2.50,0,f
20260630,202488,200,205,2001,VHSC-2026-01,2026-05-05,AVAILABLE,,56,f,1774300000,2.00,0,1738814000,55000000,53900000,24,12,2.50,0,f
20260630,202489,200,205,2002,VHSC-2026-01,2026-01-14,SOLD,2026-03-09,54,f,2197000000,2.00,0,2153060000,50000000,49000000,24,12,2.50,0,f
20260630,202490,200,205,2003,VHSC-2026-01,2026-01-25,SOLD,2026-03-21,55,f,3070560000,2.00,0,3009148800,48000000,47040000,24,12,2.50,0,t
20260630,202491,200,205,2004,VHSC-2026-01,2026-02-05,SOLD,2026-04-02,56,f,4158000000,2.00,0,4074840000,45000000,44100000,24,12,2.50,0,f
20260630,202492,200,205,2005,VHSC-2026-01,2026-02-16,SOLD,2026-04-14,57,f,1830950000,2.00,0,1794331000,55000000,53900000,24,12,2.50,0,f
20260630,202493,200,205,2006,VHSC-2026-01,2026-02-27,SOLD,2026-04-26,58,f,2156500000,2.00,0,2113370000,50000000,49000000,24,12,2.50,0,f
20260630,202494,200,205,2007,VHSC-2026-01,2026-05-23,AVAILABLE,,38,f,3012000000,2.00,0,2951760000,48000000,47040000,24,12,2.50,0,f
20260630,202495,200,205,2008,VHSC-2026-01,2026-03-21,SOLD,2026-05-20,60,f,3931200000,2.00,0,3852576000,45000000,44100000,24,12,2.50,0,f
20260630,202496,200,205,2001,VHSC-2026-01,2026-04-01,SOLD,2026-06-01,61,f,1822150000,2.00,0,1785707000,55000000,53900000,24,12,2.50,0,f
20260630,202497,200,205,2002,VHSC-2026-01,2026-01-07,SOLD,2026-03-10,62,f,2044000000,2.00,0,2003120000,50000000,49000000,24,12,2.50,0,f
20260630,202498,200,205,2003,VHSC-2026-01,2026-01-18,BOOKED,,163,f,3107040000,2.00,0,3044899200,48000000,47040000,24,12,2.50,0,f
20260630,202499,200,205,2004,VHSC-2026-01,2026-05-03,AVAILABLE,,58,f,3858750000,2.00,0,3781575000,45000000,44100000,24,12,2.50,0,f
20260630,202500,200,205,2005,VHSC-2026-01,2026-02-09,BOOKED,,141,f,1764950000,2.00,0,1729651000,55000000,53900000,24,12,2.50,0,t
20260630,202501,200,206,2006,VHSC-2026-01,2026-02-20,SOLD,2026-03-13,21,f,2276500000,2.00,0,2230970000,50000000,49000000,24,12,2.50,0,f
20260630,202502,200,206,2007,VHSC-2026-01,2026-03-03,SOLD,2026-03-25,22,f,3067200000,2.00,0,3005856000,48000000,47040000,24,12,2.50,0,f
20260630,202503,200,206,2008,VHSC-2026-01,2026-05-15,AVAILABLE,,46,f,3719250000,2.00,0,3644865000,45000000,44100000,24,12,2.50,0,f
20260630,202504,200,206,2001,VHSC-2026-01,2026-03-25,SOLD,2026-04-18,24,f,1629650000,2.00,0,1597057000,55000000,53900000,24,12,2.50,0,f
20260630,202505,200,206,2002,VHSC-2026-01,2026-04-05,SOLD,2026-04-30,25,f,2000500000,2.00,0,1960490000,50000000,49000000,24,12,2.50,0,f
20260630,202506,200,206,2003,VHSC-2026-01,2026-01-11,SOLD,2026-02-06,26,f,2990880000,2.00,0,2931062400,48000000,47040000,24,12,2.50,0,f
20260630,202507,200,206,2004,VHSC-2026-01,2026-01-09,AVAILABLE,,172,t,2381000000,2.00,0,2333380000,50000000,49000000,24,12,1.20,0,f
20260630,202508,200,206,2005,VHSC-2026-01,2026-02-02,SOLD,2026-03-02,28,f,1725350000,2.00,0,1690843000,55000000,53900000,24,12,2.50,0,f
20260630,202509,200,206,2006,VHSC-2026-01,2026-02-13,SOLD,2026-03-14,29,f,1952000000,2.00,0,1912960000,50000000,49000000,24,12,2.50,0,f
20260630,202510,200,206,2007,VHSC-2026-01,2026-02-24,SOLD,2026-03-26,30,f,2935200000,2.00,0,2876496000,48000000,47040000,24,12,2.50,0,t
20260630,202511,200,206,2008,VHSC-2026-01,2026-03-07,SOLD,2026-04-07,31,f,4165200000,2.00,0,4081896000,45000000,44100000,24,12,2.50,0,f
20260630,202512,200,206,2001,VHSC-2026-01,2026-03-18,SOLD,2026-04-19,32,f,1651650000,2.00,0,1618617000,55000000,53900000,24,12,2.50,0,f
20260630,202513,200,206,2002,VHSC-2026-01,2026-03-29,SOLD,2026-05-01,33,f,1939000000,2.00,0,1900220000,50000000,49000000,24,12,2.50,0,f
20260630,202514,200,206,2003,VHSC-2026-01,2026-04-09,SOLD,2026-05-13,34,f,3048960000,2.00,0,2987980800,48000000,47040000,24,12,2.50,0,f
20260630,202515,200,206,2004,VHSC-2026-01,2026-01-15,SOLD,2026-02-19,35,f,4061250000,2.00,0,3980025000,45000000,44100000,24,12,2.50,0,f
20260630,202516,200,206,2005,VHSC-2026-01,2026-01-26,SOLD,2026-03-03,36,f,1580150000,2.00,0,1548547000,55000000,53900000,24,12,2.50,0,f
20260630,202517,200,206,2006,VHSC-2026-01,2026-02-06,SOLD,2026-03-15,37,f,2162500000,2.00,0,2119250000,50000000,49000000,24,12,2.50,0,f
20260630,202518,200,206,2007,VHSC-2026-01,2026-02-17,BOOKED,,133,f,2697120000,2.00,0,2643177600,48000000,47040000,24,12,2.50,0,f
20260630,202519,200,206,2008,VHSC-2026-01,2026-02-28,SOLD,2026-04-08,39,f,4239450000,2.00,0,4154661000,45000000,44100000,24,12,2.50,0,f
20260630,202520,200,206,2001,VHSC-2026-01,2026-03-11,BOOKED,,111,f,1739100000,2.00,0,1704318000,55000000,53900000,24,12,2.50,0,t
20260630,202521,200,206,2002,VHSC-2026-01,2026-03-22,BOOKED,,100,f,1922000000,2.00,0,1883560000,50000000,49000000,24,12,2.50,0,f
20260630,202522,200,206,2003,VHSC-2026-01,2026-04-02,SOLD,2026-05-14,42,f,2650560000,2.00,0,2597548800,48000000,47040000,24,12,2.50,0,f
20260630,202523,200,206,2004,VHSC-2026-01,2026-01-08,SOLD,2026-02-20,43,f,3964950000,2.00,0,3885651000,45000000,44100000,24,12,2.50,0,f
20260630,202524,200,206,2005,VHSC-2026-01,2026-01-19,SOLD,2026-03-04,44,f,1706650000,2.00,0,1672517000,55000000,53900000,24,12,2.50,0,f
20260630,202525,200,206,2006,VHSC-2026-01,2026-05-11,AVAILABLE,,50,f,1920500000,2.00,0,1882090000,50000000,49000000,24,12,2.50,0,f
20260630,202526,200,206,2007,VHSC-2026-01,2026-02-10,SOLD,2026-03-28,46,f,2897760000,2.00,0,2839804800,48000000,47040000,24,12,2.50,0,f
20260630,202527,200,206,2008,VHSC-2026-01,2026-05-17,AVAILABLE,,44,f,3623850000,2.00,0,3551373000,45000000,44100000,24,12,2.50,0,f
20260630,202528,200,206,2001,VHSC-2026-01,2026-03-04,SOLD,2026-04-21,48,f,1822700000,2.00,0,1786246000,55000000,53900000,24,12,2.50,0,f
20260630,202529,200,206,2002,VHSC-2026-01,2026-05-23,AVAILABLE,,38,f,1990000000,2.00,0,1950200000,50000000,49000000,24,12,2.50,0,f
20260630,202530,200,206,2003,VHSC-2026-01,2026-03-26,SOLD,2026-05-15,50,f,2738880000,2.00,0,2684102400,48000000,47040000,24,12,2.50,0,t
20260630,202531,200,206,2004,VHSC-2026-01,2026-04-06,SOLD,2026-05-27,51,f,3662100000,2.00,0,3588858000,45000000,44100000,24,12,2.50,0,f
20260630,202532,200,206,2005,VHSC-2026-01,2026-01-12,SOLD,2026-03-05,52,f,1752300000,2.00,0,1717254000,55000000,53900000,24,12,2.50,0,f
20260630,202533,200,206,2006,VHSC-2026-01,2026-01-23,SOLD,2026-03-17,53,f,1981500000,2.00,0,1941870000,50000000,49000000,24,12,2.50,0,f
20260630,202534,200,206,2007,VHSC-2026-01,2026-02-03,SOLD,2026-03-29,54,f,2914080000,2.00,0,2855798400,48000000,47040000,24,12,2.50,0,f
20260630,202535,200,206,2008,VHSC-2026-01,2026-02-14,SOLD,2026-04-10,55,f,4196700000,2.00,0,4112766000,45000000,44100000,24,12,2.50,0,f
20260630,202536,200,206,2001,VHSC-2026-01,2026-02-25,SOLD,2026-04-22,56,f,1623600000,2.00,0,1591128000,55000000,53900000,24,12,2.50,0,f
20260630,202537,200,206,2002,VHSC-2026-01,2026-03-08,SOLD,2026-05-04,57,f,2368000000,2.00,0,2320640000,50000000,49000000,24,12,2.50,0,f
20260630,202538,200,206,2003,VHSC-2026-01,2026-05-15,AVAILABLE,,46,f,3303840000,2.00,0,3237763200,48000000,47040000,24,12,2.50,0,f
20260630,202539,200,206,2004,VHSC-2026-01,2026-05-18,AVAILABLE,,43,f,4030650000,2.00,0,3950037000,45000000,44100000,24,12,2.50,0,f
20260630,202540,200,206,2005,VHSC-2026-01,2026-01-15,AVAILABLE,,166,t,2796960000,2.00,0,2741020800,48000000,47040000,24,12,2.50,0,t
20260630,202541,200,206,2006,VHSC-2026-01,2026-01-16,SOLD,2026-03-18,61,f,2368500000,2.00,0,2321130000,50000000,49000000,24,12,2.50,0,f
20260630,202542,200,206,2007,VHSC-2026-01,2026-01-27,SOLD,2026-03-30,62,f,2993760000,2.00,0,2933884800,48000000,47040000,24,12,2.50,0,f
20260630,202543,200,206,2008,VHSC-2026-01,2026-05-30,AVAILABLE,,31,f,3803400000,2.00,0,3727332000,45000000,44100000,24,12,2.50,0,f
20260630,202544,200,206,2001,VHSC-2026-01,2026-02-18,SOLD,2026-04-23,64,f,1888700000,2.00,0,1850926000,55000000,53900000,24,12,2.50,0,f
20260630,202545,200,206,2002,VHSC-2026-01,2026-03-01,SOLD,2026-03-21,20,f,2193500000,2.00,0,2149630000,50000000,49000000,24,12,2.50,0,f
20260630,202546,200,206,2003,VHSC-2026-01,2026-01-12,AVAILABLE,,169,t,2981760000,2.00,0,2922124800,48000000,47040000,12,12,2.50,0,f
20260630,202547,200,206,2004,VHSC-2026-01,2026-03-23,SOLD,2026-04-14,22,f,4159800000,2.00,0,4076604000,45000000,44100000,24,12,2.50,0,f
20260630,202548,200,206,2005,VHSC-2026-01,2026-04-03,SOLD,2026-04-26,23,f,1700050000,2.00,0,1666049000,55000000,53900000,24,12,2.50,0,f
20260630,202549,200,206,2006,VHSC-2026-01,2026-01-09,SOLD,2026-02-02,24,f,2253000000,2.00,0,2207940000,50000000,49000000,24,12,2.50,0,f
20260630,202550,200,206,2007,VHSC-2026-01,2026-02-09,AVAILABLE,,141,t,4230000000,2.00,0,4145400000,45000000,44100000,24,12,2.50,0,t
20260630,202551,200,206,2008,VHSC-2026-01,2026-05-19,AVAILABLE,,42,f,4270050000,2.00,0,4184649000,45000000,44100000,24,12,2.50,0,f
20260630,202552,200,206,2001,VHSC-2026-01,2026-02-11,SOLD,2026-03-10,27,f,1568050000,2.00,0,1536689000,55000000,53900000,24,12,2.50,0,f
20260630,202553,200,206,2002,VHSC-2026-01,2026-02-22,SOLD,2026-03-22,28,f,2250500000,2.00,0,2205490000,50000000,49000000,24,12,2.50,0,f
20260630,202554,200,206,2003,VHSC-2026-01,2026-01-23,AVAILABLE,,158,t,3889200000,0.00,0,3889200000,56000000,56000000,24,12,1.20,0,f
20260630,202555,200,206,2004,VHSC-2026-01,2026-03-16,SOLD,2026-04-15,30,f,4085550000,2.00,0,4003839000,45000000,44100000,24,12,2.50,0,f
20260630,202556,200,206,2005,VHSC-2026-01,2026-02-06,AVAILABLE,,144,t,4177800000,0.00,0,4177800000,60000000,60000000,24,12,2.50,0,f
20260630,202557,200,206,2006,VHSC-2026-01,2026-04-07,SOLD,2026-05-09,32,f,2147500000,2.00,0,2104550000,50000000,49000000,24,12,2.50,0,f
20260630,202558,200,206,2007,VHSC-2026-01,2026-05-05,AVAILABLE,,56,f,3069120000,2.00,0,3007737600,48000000,47040000,24,12,2.50,0,f
20260630,202559,200,206,2008,VHSC-2026-01,2026-01-13,AVAILABLE,,168,t,2899200000,0.00,0,2899200000,48000000,48000000,24,12,2.50,0,f
20260630,202560,200,206,2001,VHSC-2026-01,2026-02-04,SOLD,2026-03-11,35,f,1636800000,2.00,0,1604064000,55000000,53900000,24,12,2.50,0,t
20260630,202561,200,206,2002,VHSC-2026-01,2026-02-15,SOLD,2026-03-23,36,f,2385000000,2.00,0,2337300000,50000000,49000000,24,12,2.50,0,f
20260630,202562,200,206,2003,VHSC-2026-01,2026-02-26,SOLD,2026-04-04,37,f,3335520000,2.00,0,3268809600,48000000,47040000,24,12,2.50,0,f
20260630,202563,200,206,2004,VHSC-2026-01,2026-03-09,SOLD,2026-04-16,38,f,3827700000,2.00,0,3751146000,45000000,44100000,24,12,2.50,0,f
20260630,202564,200,206,2005,VHSC-2026-01,2026-05-23,AVAILABLE,,38,f,1686300000,2.00,0,1652574000,55000000,53900000,24,12,2.50,0,f
20260630,202565,200,206,2006,VHSC-2026-01,2026-03-31,SOLD,2026-05-10,40,f,2070500000,2.00,0,2029090000,50000000,49000000,24,12,2.50,0,f
20260630,202566,200,206,2007,VHSC-2026-01,2026-01-06,SOLD,2026-02-16,41,f,3069120000,2.00,0,3007737600,48000000,47040000,24,12,2.50,0,f
20260630,202567,200,206,2008,VHSC-2026-01,2026-06-01,AVAILABLE,,29,f,3645900000,2.00,0,3572982000,45000000,44100000,24,12,2.50,0,f
20260630,202568,200,206,2001,VHSC-2026-01,2026-01-31,AVAILABLE,,150,t,2778720000,2.00,0,2723145600,48000000,47040000,24,12,2.50,0,f
20260630,202569,200,206,2002,VHSC-2026-01,2026-02-08,SOLD,2026-03-24,44,f,2057000000,2.00,0,2015860000,50000000,49000000,24,12,2.50,0,f
20260630,202570,200,206,2003,VHSC-2026-01,2026-02-19,SOLD,2026-04-05,45,f,2875200000,2.00,0,2817696000,48000000,47040000,24,12,2.50,0,t
20260630,202571,200,206,2004,VHSC-2026-01,2026-03-02,SOLD,2026-04-17,46,f,3761550000,2.00,0,3686319000,45000000,44100000,24,12,2.50,0,f
20260630,202572,200,206,2005,VHSC-2026-01,2026-03-13,SOLD,2026-04-29,47,f,1602150000,2.00,0,1570107000,55000000,53900000,24,12,2.50,0,f
20260630,202573,200,206,2006,VHSC-2026-01,2026-03-24,SOLD,2026-05-11,48,f,2205000000,2.00,0,2160900000,50000000,49000000,24,12,2.50,0,f
20260630,202574,200,206,2007,VHSC-2026-01,2026-05-18,AVAILABLE,,43,f,2963040000,2.00,0,2903779200,48000000,47040000,24,12,2.50,0,f
20260630,202575,200,206,2008,VHSC-2026-01,2026-01-10,SOLD,2026-03-01,50,f,3604050000,2.00,0,3531969000,45000000,44100000,24,12,2.50,0,f
20260630,202576,200,206,2001,VHSC-2026-01,2026-05-24,AVAILABLE,,37,f,1833150000,2.00,0,1796487000,55000000,53900000,24,12,2.50,0,f
20260630,202577,200,206,2002,VHSC-2026-01,2026-02-01,SOLD,2026-03-25,52,f,1947500000,2.00,0,1908550000,50000000,49000000,24,12,2.50,0,f
20260630,202578,200,206,2003,VHSC-2026-01,2026-02-12,SOLD,2026-04-06,53,f,2797920000,2.00,0,2741961600,48000000,47040000,24,12,2.50,0,f
20260630,202579,200,206,2004,VHSC-2026-01,2026-02-23,SOLD,2026-04-18,54,f,3933000000,2.00,0,3854340000,45000000,44100000,24,12,2.50,0,f
20260630,202580,200,206,2005,VHSC-2026-01,2026-03-06,SOLD,2026-04-30,55,f,1895850000,2.00,0,1857933000,55000000,53900000,24,12,2.50,0,t
20260630,202581,200,206,2006,VHSC-2026-01,2026-03-17,SOLD,2026-05-12,56,f,2268500000,2.00,0,2223130000,50000000,49000000,24,12,2.50,0,f
20260630,202582,200,206,2007,VHSC-2026-01,2026-03-28,SOLD,2026-05-24,57,f,2829120000,2.00,0,2772537600,48000000,47040000,24,12,2.50,0,f
20260630,202583,200,206,2008,VHSC-2026-01,2026-04-08,BOOKED,,83,f,3924450000,2.00,0,3845961000,45000000,44100000,24,12,2.50,0,f
20260630,202584,200,206,2001,VHSC-2026-01,2026-01-14,SOLD,2026-03-14,59,f,1757800000,2.00,0,1722644000,55000000,53900000,24,12,2.50,0,f
20260630,202585,200,206,2002,VHSC-2026-01,2026-01-25,SOLD,2026-03-26,60,f,1915000000,2.00,0,1876700000,50000000,49000000,24,12,2.50,0,f
20260630,202586,200,206,2003,VHSC-2026-01,2026-05-19,AVAILABLE,,42,f,3192960000,2.00,0,3129100800,48000000,47040000,24,12,2.50,0,f
20260630,202587,200,206,2004,VHSC-2026-01,2026-02-16,SOLD,2026-04-19,62,f,3871350000,2.00,0,3793923000,45000000,44100000,24,12,2.50,0,f
20260630,202588,200,206,2005,VHSC-2026-01,2026-02-27,SOLD,2026-05-01,63,f,1604900000,2.00,0,1572802000,55000000,53900000,24,12,2.50,0,f
20260630,202589,200,206,2006,VHSC-2026-01,2026-03-10,SOLD,2026-05-13,64,f,2193000000,2.00,0,2149140000,50000000,49000000,24,12,2.50,0,f
20260630,202590,200,206,2007,VHSC-2026-01,2026-03-21,SOLD,2026-04-10,20,f,2760960000,2.00,0,2705740800,48000000,47040000,24,12,2.50,0,t
20260630,202591,200,206,2008,VHSC-2026-01,2026-06-03,AVAILABLE,,27,f,3723750000,2.00,0,3649275000,45000000,44100000,24,12,2.50,0,f
20260630,202592,200,206,2001,VHSC-2026-01,2026-01-07,SOLD,2026-01-29,22,f,1896400000,2.00,0,1858472000,55000000,53900000,24,12,2.50,0,f
20260630,202593,200,206,2002,VHSC-2026-01,2026-01-26,AVAILABLE,,155,t,2652480000,2.00,0,2599430400,48000000,47040000,12,12,2.50,0,f
20260630,202594,200,206,2003,VHSC-2026-01,2026-01-29,SOLD,2026-02-22,24,f,3094560000,2.00,0,3032668800,48000000,47040000,24,12,2.50,0,f
20260630,202595,200,206,2004,VHSC-2026-01,2026-02-09,SOLD,2026-03-06,25,f,3782700000,2.00,0,3707046000,45000000,44100000,24,12,2.50,0,f
20260630,202596,200,206,2005,VHSC-2026-01,2026-02-20,SOLD,2026-03-18,26,f,1810050000,2.00,0,1773849000,55000000,53900000,24,12,2.50,0,f
20260630,202597,200,206,2006,VHSC-2026-01,2026-03-03,SOLD,2026-03-30,27,f,2030000000,2.00,0,1989400000,50000000,49000000,24,12,2.50,0,f
20260630,202598,200,206,2007,VHSC-2026-01,2026-03-14,SOLD,2026-04-11,28,f,2828160000,2.00,0,2771596800,48000000,47040000,24,12,2.50,0,f
20260630,202599,200,206,2008,VHSC-2026-01,2026-03-25,SOLD,2026-04-23,29,f,4252050000,2.00,0,4167009000,45000000,44100000,24,12,2.50,0,f
20260630,202600,200,206,2001,VHSC-2026-01,2026-04-05,SOLD,2026-05-05,30,f,1540550000,2.00,0,1509739000,55000000,53900000,24,12,2.50,0,t
20260630,202601,200,206,2002,VHSC-2026-01,2026-01-11,SOLD,2026-02-11,31,f,2351500000,2.00,0,2304470000,50000000,49000000,24,12,2.50,0,f
20260630,202602,200,206,2003,VHSC-2026-01,2026-02-13,AVAILABLE,,137,t,4230000000,2.00,0,4145400000,45000000,44100000,24,12,1.20,0,f
20260630,202603,200,206,2004,VHSC-2026-01,2026-02-02,SOLD,2026-03-07,33,f,3913200000,2.00,0,3834936000,45000000,44100000,24,12,2.50,0,f
20260630,202604,200,206,2005,VHSC-2026-01,2026-02-13,SOLD,2026-03-19,34,f,1812800000,2.00,0,1776544000,55000000,53900000,24,12,2.50,0,f
20260630,202605,200,206,2006,VHSC-2026-01,2026-02-24,SOLD,2026-03-31,35,f,2276500000,2.00,0,2230970000,50000000,49000000,24,12,2.50,0,f
20260630,202606,200,206,2007,VHSC-2026-01,2026-05-09,AVAILABLE,,52,f,2842560000,2.00,0,2785708800,48000000,47040000,24,12,2.50,0,f
20260630,202607,200,206,2008,VHSC-2026-01,2026-03-18,SOLD,2026-04-24,37,f,3934800000,2.00,0,3856104000,45000000,44100000,24,12,2.50,0,f
20260630,202608,200,206,2001,VHSC-2026-01,2026-03-29,SOLD,2026-05-06,38,f,1574100000,2.00,0,1542618000,55000000,53900000,24,12,2.50,0,f
20260630,202609,200,206,2002,VHSC-2026-01,2026-04-09,SOLD,2026-05-18,39,f,2370500000,2.00,0,2323090000,50000000,49000000,24,12,2.50,0,f
20260630,202610,200,206,2003,VHSC-2026-01,2026-01-15,SOLD,2026-02-24,40,f,3333600000,2.00,0,3266928000,48000000,47040000,24,12,2.50,0,t
20260630,202611,200,206,2004,VHSC-2026-01,2026-01-26,BOOKED,,155,f,3687750000,2.00,0,3613995000,45000000,44100000,24,12,2.50,0,f
20260630,202612,200,206,2005,VHSC-2026-01,2026-02-06,SOLD,2026-03-20,42,f,1770450000,2.00,0,1735041000,55000000,53900000,24,12,2.50,0,f
20260630,202613,200,206,2006,VHSC-2026-01,2026-02-17,SOLD,2026-04-01,43,f,2020500000,2.00,0,1980090000,50000000,49000000,24,12,2.50,0,f
20260630,202614,200,206,2007,VHSC-2026-01,2026-02-28,SOLD,2026-04-13,44,f,2723520000,2.00,0,2669049600,48000000,47040000,24,12,2.50,0,f
20260630,202615,200,206,2008,VHSC-2026-01,2026-03-11,SOLD,2026-04-25,45,f,4167900000,2.00,0,4084542000,45000000,44100000,24,12,2.50,0,f
20260630,202616,200,206,2001,VHSC-2026-01,2026-03-22,SOLD,2026-05-07,46,f,1888700000,2.00,0,1850926000,55000000,53900000,24,12,2.50,0,f
20260630,202617,200,206,2002,VHSC-2026-01,2026-04-02,SOLD,2026-05-19,47,f,1931500000,2.00,0,1892870000,50000000,49000000,24,12,2.50,0,f
20260630,202618,200,206,2003,VHSC-2026-01,2026-01-08,SOLD,2026-02-25,48,f,2823360000,2.00,0,2766892800,48000000,47040000,24,12,2.50,0,f
20260630,202619,200,206,2004,VHSC-2026-01,2026-05-13,AVAILABLE,,48,f,3892500000,2.00,0,3814650000,45000000,44100000,24,12,2.50,0,f
20260630,202620,200,206,2005,VHSC-2026-01,2026-01-30,SOLD,2026-03-21,50,f,1863400000,2.00,0,1826132000,55000000,53900000,24,12,2.50,0,t
20260630,202621,200,206,2006,VHSC-2026-01,2026-02-10,SOLD,2026-04-02,51,f,1910500000,2.00,0,1872290000,50000000,49000000,24,12,2.50,0,f
20260630,202622,200,206,2007,VHSC-2026-01,2026-02-21,SOLD,2026-04-14,52,f,2794080000,2.00,0,2738198400,48000000,47040000,24,12,2.50,0,f
20260630,202623,200,206,2008,VHSC-2026-01,2026-03-04,SOLD,2026-04-26,53,f,3807450000,2.00,0,3731301000,45000000,44100000,24,12,2.50,0,f
20260630,202624,200,206,2001,VHSC-2026-01,2026-03-15,SOLD,2026-05-08,54,f,1711050000,2.00,0,1676829000,55000000,53900000,24,12,2.50,0,f
20260630,202625,200,206,2002,VHSC-2026-01,2026-03-26,SOLD,2026-05-20,55,f,2251500000,2.00,0,2206470000,50000000,49000000,24,12,2.50,0,f
20260630,202626,200,206,2003,VHSC-2026-01,2026-04-06,SOLD,2026-06-01,56,f,2798880000,2.00,0,2742902400,48000000,47040000,24,12,2.50,0,f
20260630,202627,200,206,2004,VHSC-2026-01,2026-01-12,SOLD,2026-03-10,57,f,3699900000,2.00,0,3625902000,45000000,44100000,24,12,2.50,0,f
20260630,202628,200,206,2005,VHSC-2026-01,2026-01-23,SOLD,2026-03-22,58,f,1922250000,2.00,0,1883805000,55000000,53900000,24,12,2.50,0,f
20260630,202629,200,206,2006,VHSC-2026-01,2026-02-03,SOLD,2026-04-03,59,f,2163000000,2.00,0,2119740000,50000000,49000000,24,12,2.50,0,f
20260630,202630,200,206,2007,VHSC-2026-01,2026-02-14,SOLD,2026-04-15,60,f,2921760000,2.00,0,2863324800,48000000,47040000,24,12,2.50,0,t
20260630,202631,200,206,2008,VHSC-2026-01,2026-02-25,SOLD,2026-04-27,61,f,4176450000,2.00,0,4092921000,45000000,44100000,24,12,2.50,0,f
20260630,202632,200,206,2001,VHSC-2026-01,2026-01-29,AVAILABLE,,152,t,3253440000,2.00,0,3188371200,48000000,47040000,12,12,1.20,0,f
20260630,202633,200,206,2002,VHSC-2026-01,2026-03-19,SOLD,2026-05-21,63,f,2150500000,2.00,0,2107490000,50000000,49000000,24,12,2.50,0,f
20260630,202634,200,206,2003,VHSC-2026-01,2026-03-30,SOLD,2026-06-02,64,f,3281760000,2.00,0,3216124800,48000000,47040000,24,12,2.50,0,f
20260630,202635,200,206,2004,VHSC-2026-01,2026-01-05,SOLD,2026-01-25,20,f,3910500000,2.00,0,3832290000,45000000,44100000,24,12,2.50,0,f
20260630,202636,200,206,2005,VHSC-2026-01,2026-01-16,SOLD,2026-02-06,21,f,1698950000,2.00,0,1664971000,55000000,53900000,24,12,2.50,0,f
20260630,202637,200,206,2006,VHSC-2026-01,2026-01-27,SOLD,2026-02-18,22,f,2262000000,2.00,0,2216760000,50000000,49000000,24,12,2.50,0,f
20260630,202638,200,206,2007,VHSC-2026-01,2026-02-07,BOOKED,,143,f,2868960000,2.00,0,2811580800,48000000,47040000,24,12,2.50,0,f
20260630,202639,200,206,2008,VHSC-2026-01,2026-02-18,SOLD,2026-03-14,24,f,3738600000,2.00,0,3663828000,45000000,44100000,24,12,2.50,0,f
20260630,202640,200,206,2001,VHSC-2026-01,2026-03-01,SOLD,2026-03-26,25,f,1603800000,2.00,0,1571724000,55000000,53900000,24,12,2.50,0,t
20260630,202641,200,206,2002,VHSC-2026-01,2026-03-12,SOLD,2026-04-07,26,f,2037500000,2.00,0,1996750000,50000000,49000000,24,12,2.50,0,f
20260630,202642,200,206,2003,VHSC-2026-01,2026-03-23,SOLD,2026-04-19,27,f,3144000000,2.00,0,3081120000,48000000,47040000,24,12,2.50,0,f
20260630,202643,200,206,2004,VHSC-2026-01,2026-04-03,SOLD,2026-05-01,28,f,4179600000,2.00,0,4096008000,45000000,44100000,24,12,2.50,0,f
20260630,202644,200,206,2005,VHSC-2026-01,2026-01-09,SOLD,2026-02-07,29,f,1861200000,2.00,0,1823976000,55000000,53900000,24,12,2.50,0,f
20260630,202645,200,206,2006,VHSC-2026-01,2026-05-21,AVAILABLE,,40,f,2064500000,2.00,0,2023210000,50000000,49000000,24,12,2.50,0,f
20260630,202646,200,206,2007,VHSC-2026-01,2026-01-31,SOLD,2026-03-03,31,f,2688480000,2.00,0,2634710400,48000000,47040000,24,12,2.50,0,f
20260630,202647,200,206,2008,VHSC-2026-01,2026-02-11,SOLD,2026-03-15,32,f,3796200000,2.00,0,3720276000,45000000,44100000,24,12,2.50,0,f
20260630,202648,200,206,2001,VHSC-2026-01,2026-05-30,AVAILABLE,,31,f,1680250000,2.00,0,1646645000,55000000,53900000,24,12,2.50,0,f
20260630,202649,200,206,2002,VHSC-2026-01,2026-03-05,SOLD,2026-04-08,34,f,1973500000,2.00,0,1934030000,50000000,49000000,24,12,2.50,0,f
20260630,202650,200,206,2003,VHSC-2026-01,2026-03-16,SOLD,2026-04-20,35,f,2642400000,2.00,0,2589552000,48000000,47040000,24,12,2.50,0,t
20260630,202651,200,206,2004,VHSC-2026-01,2026-03-27,SOLD,2026-05-02,36,f,3677850000,2.00,0,3604293000,45000000,44100000,24,12,2.50,0,f
20260630,202652,200,206,2005,VHSC-2026-01,2026-04-07,SOLD,2026-05-14,37,f,1640650000,2.00,0,1607837000,55000000,53900000,24,12,2.50,0,f
20260630,202653,200,206,2006,VHSC-2026-01,2026-01-13,BOOKED,,168,f,2163000000,2.00,0,2119740000,50000000,49000000,24,12,2.50,0,f
20260630,202654,200,206,2007,VHSC-2026-01,2026-01-24,SOLD,2026-03-04,39,f,2917920000,2.00,0,2859561600,48000000,47040000,24,12,2.50,0,f
20260630,202655,200,206,2008,VHSC-2026-01,2026-02-04,SOLD,2026-03-16,40,f,4018950000,2.00,0,3938571000,45000000,44100000,24,12,2.50,0,f
20260630,202656,200,206,2001,VHSC-2026-01,2026-02-15,SOLD,2026-03-28,41,f,1724800000,2.00,0,1690304000,55000000,53900000,24,12,2.50,0,f
20260630,202657,200,206,2002,VHSC-2026-01,2026-05-22,AVAILABLE,,39,f,2229000000,2.00,0,2184420000,50000000,49000000,24,12,2.50,0,f
20260630,202658,200,206,2003,VHSC-2026-01,2026-03-09,SOLD,2026-04-21,43,f,3355200000,2.00,0,3288096000,48000000,47040000,24,12,2.50,0,f
20260630,202659,200,206,2004,VHSC-2026-01,2026-03-20,BOOKED,,102,f,3929850000,2.00,0,3851253000,45000000,44100000,24,12,2.50,0,f
20260630,202660,200,206,2005,VHSC-2026-01,2026-03-31,SOLD,2026-05-15,45,f,1736350000,2.00,0,1701623000,55000000,53900000,24,12,2.50,0,t
20260630,202661,200,206,2006,VHSC-2026-01,2026-01-06,SOLD,2026-02-21,46,f,2112500000,2.00,0,2070250000,50000000,49000000,24,12,2.50,0,f
20260630,202662,200,206,2007,VHSC-2026-01,2026-01-17,SOLD,2026-03-05,47,f,2647680000,2.00,0,2594726400,48000000,47040000,24,12,2.50,0,f
20260630,202663,200,206,2008,VHSC-2026-01,2026-05-05,AVAILABLE,,56,f,3656700000,2.00,0,3583566000,45000000,44100000,24,12,2.50,0,f
20260630,202664,200,206,2001,VHSC-2026-01,2026-02-08,BOOKED,,142,f,1615350000,2.00,0,1583043000,55000000,53900000,24,12,2.50,0,f
20260630,202665,200,206,2002,VHSC-2026-01,2026-02-19,SOLD,2026-04-10,50,f,2185000000,2.00,0,2141300000,50000000,49000000,24,12,2.50,0,f
20260630,202666,200,206,2003,VHSC-2026-01,2026-03-02,SOLD,2026-04-22,51,f,2828640000,2.00,0,2772067200,48000000,47040000,24,12,2.50,0,f
20260630,202667,200,206,2004,VHSC-2026-01,2026-03-13,SOLD,2026-05-04,52,f,4001850000,2.00,0,3921813000,45000000,44100000,24,12,2.50,0,f
20260630,202668,200,206,2005,VHSC-2026-01,2026-03-24,SOLD,2026-05-16,53,f,1853500000,2.00,0,1816430000,55000000,53900000,24,12,2.50,0,f
20260630,202669,200,206,2006,VHSC-2026-01,2026-04-04,SOLD,2026-05-28,54,f,2245500000,2.00,0,2200590000,50000000,49000000,24,12,2.50,0,f
20260630,202670,200,206,2007,VHSC-2026-01,2026-05-26,AVAILABLE,,35,f,3310080000,2.00,0,3243878400,48000000,47040000,24,12,2.50,0,t
20260630,202671,200,206,2008,VHSC-2026-01,2026-01-21,BOOKED,,160,f,4034700000,2.00,0,3954006000,45000000,44100000,24,12,2.50,0,f
20260630,202672,200,206,2001,VHSC-2026-01,2026-06-01,AVAILABLE,,29,f,1852400000,2.00,0,1815352000,55000000,53900000,24,12,2.50,0,f
20260630,202673,200,206,2002,VHSC-2026-01,2026-02-12,SOLD,2026-04-11,58,f,2192000000,2.00,0,2148160000,50000000,49000000,24,12,2.50,0,f
20260630,202674,200,206,2003,VHSC-2026-01,2026-02-23,SOLD,2026-04-23,59,f,2907360000,2.00,0,2849212800,48000000,47040000,24,12,2.50,0,f
20260630,202675,200,206,2004,VHSC-2026-01,2026-03-06,SOLD,2026-05-05,60,f,3796200000,2.00,0,3720276000,45000000,44100000,24,12,2.50,0,f
20260630,202676,200,206,2005,VHSC-2026-01,2026-03-17,SOLD,2026-05-17,61,f,1663200000,2.00,0,1629936000,55000000,53900000,24,12,2.50,0,f
20260630,202677,200,206,2006,VHSC-2026-01,2026-03-28,SOLD,2026-05-29,62,f,2158500000,2.00,0,2115330000,50000000,49000000,24,12,2.50,0,f
20260630,202678,200,206,2007,VHSC-2026-01,2026-04-08,SOLD,2026-06-10,63,f,2884800000,2.00,0,2827104000,48000000,47040000,24,12,2.50,0,f
20260630,202679,200,206,2008,VHSC-2026-01,2026-05-18,AVAILABLE,,43,f,4039200000,2.00,0,3958416000,45000000,44100000,24,12,2.50,0,f
20260630,202680,200,206,2001,VHSC-2026-01,2026-01-25,BOOKED,,156,f,1685200000,2.00,0,1651496000,55000000,53900000,24,12,2.50,0,t
20260630,202681,200,206,2002,VHSC-2026-01,2026-02-05,SOLD,2026-02-26,21,f,2208500000,2.00,0,2164330000,50000000,49000000,24,12,2.50,0,f
20260630,202682,200,206,2003,VHSC-2026-01,2026-01-19,AVAILABLE,,162,t,2883360000,0.00,0,2883360000,48000000,48000000,24,12,2.50,0,f
20260630,202683,200,206,2004,VHSC-2026-01,2026-02-27,SOLD,2026-03-22,23,f,4149900000,2.00,0,4066902000,45000000,44100000,24,12,2.50,0,f
20260630,202684,200,206,2005,VHSC-2026-01,2026-03-10,SOLD,2026-04-03,24,f,1870550000,2.00,0,1833139000,55000000,53900000,24,12,2.50,0,f
20260630,202685,200,206,2006,VHSC-2026-01,2026-03-21,SOLD,2026-04-15,25,f,2190500000,2.00,0,2146690000,50000000,49000000,24,12,2.50,0,f
20260630,202686,200,206,2007,VHSC-2026-01,2026-04-01,SOLD,2026-04-27,26,f,3135840000,2.00,0,3073123200,48000000,47040000,24,12,2.50,0,f
20260630,202687,200,206,2008,VHSC-2026-01,2026-05-07,AVAILABLE,,54,f,4167000000,2.00,0,4083660000,45000000,44100000,24,12,2.50,0,f
20260630,202688,200,206,2001,VHSC-2026-01,2026-01-18,SOLD,2026-02-15,28,f,1545500000,2.00,0,1514590000,55000000,53900000,24,12,2.50,0,f
20260630,202689,200,206,2002,VHSC-2026-01,2026-01-29,SOLD,2026-02-27,29,f,2039000000,2.00,0,1998220000,50000000,49000000,24,12,2.50,0,f
20260630,202690,200,206,2003,VHSC-2026-01,2026-05-16,AVAILABLE,,45,f,2916960000,2.00,0,2858620800,48000000,47040000,24,12,2.50,0,t
20260630,202691,200,206,2004,VHSC-2026-01,2026-02-20,SOLD,2026-03-23,31,f,4125600000,2.00,0,4043088000,45000000,44100000,24,12,2.50,0,f
20260630,202692,200,206,2005,VHSC-2026-01,2026-05-22,AVAILABLE,,39,f,1707750000,2.00,0,1673595000,55000000,53900000,24,12,2.50,0,f
20260630,202693,200,206,2006,VHSC-2026-01,2026-03-14,SOLD,2026-04-16,33,f,2316000000,2.00,0,2269680000,50000000,49000000,24,12,2.50,0,f
20260630,202694,200,206,2007,VHSC-2026-01,2026-03-25,SOLD,2026-04-28,34,f,2874720000,2.00,0,2817225600,48000000,47040000,24,12,2.50,0,f
20260630,202695,200,206,2008,VHSC-2026-01,2026-04-05,SOLD,2026-05-10,35,f,3975300000,2.00,0,3895794000,45000000,44100000,24,12,2.50,0,f
20260630,202696,200,206,2001,VHSC-2026-01,2026-01-11,BOOKED,,170,f,1643950000,2.00,0,1611071000,55000000,53900000,24,12,2.50,0,f
20260630,202697,200,206,2002,VHSC-2026-01,2026-01-22,SOLD,2026-02-28,37,f,2323500000,2.00,0,2277030000,50000000,49000000,24,12,2.50,0,f
20260630,202698,200,206,2003,VHSC-2026-01,2026-02-02,SOLD,2026-03-12,38,f,2872800000,2.00,0,2815344000,48000000,47040000,24,12,2.50,0,f
20260630,202699,200,206,2004,VHSC-2026-01,2026-02-13,SOLD,2026-03-24,39,f,3986100000,2.00,0,3906378000,45000000,44100000,24,12,2.50,0,f
20260630,202700,200,206,2005,VHSC-2026-01,2026-02-24,SOLD,2026-04-05,40,f,1913450000,2.00,0,1875181000,55000000,53900000,24,12,2.50,0,t
20260630,202701,200,206,2006,VHSC-2026-01,2026-03-07,SOLD,2026-04-17,41,f,2029000000,2.00,0,1988420000,50000000,49000000,24,12,2.50,0,f
20260630,202702,200,206,2007,VHSC-2026-01,2026-01-24,AVAILABLE,,157,t,2666880000,0.00,0,2666880000,48000000,48000000,24,12,2.50,0,f
20260630,202703,200,206,2008,VHSC-2026-01,2026-01-31,AVAILABLE,,150,t,2726880000,0.00,0,2726880000,48000000,48000000,24,12,2.50,0,f
20260630,202704,200,206,2001,VHSC-2026-01,2026-04-09,SOLD,2026-05-23,44,f,1568050000,2.00,0,1536689000,55000000,53900000,24,12,2.50,0,f
20260630,202705,200,206,2002,VHSC-2026-01,2026-01-15,SOLD,2026-03-01,45,f,1973500000,2.00,0,1934030000,50000000,49000000,24,12,2.50,0,f
20260630,202706,200,206,2003,VHSC-2026-01,2026-01-07,AVAILABLE,,174,t,3506160000,0.00,0,3506160000,56000000,56000000,24,12,2.50,0,f
20260630,202707,200,206,2004,VHSC-2026-01,2026-02-06,SOLD,2026-03-25,47,f,3777300000,2.00,0,3701754000,45000000,44100000,24,12,2.50,0,f
20260630,202708,200,206,2005,VHSC-2026-01,2026-02-17,SOLD,2026-04-06,48,f,1860100000,2.00,0,1822898000,55000000,53900000,24,12,2.50,0,f
20260630,202709,200,206,2006,VHSC-2026-01,2026-02-28,SOLD,2026-04-18,49,f,2200000000,2.00,0,2156000000,50000000,49000000,24,12,2.50,0,f
20260630,202710,200,206,2007,VHSC-2026-01,2026-02-04,AVAILABLE,,146,t,2871840000,0.00,0,2871840000,48000000,48000000,24,12,1.20,0,t
20260630,202711,200,206,2008,VHSC-2026-01,2026-03-22,SOLD,2026-05-12,51,f,3701700000,2.00,0,3627666000,45000000,44100000,24,12,2.50,0,f
20260630,202712,200,206,2001,VHSC-2026-01,2026-05-12,AVAILABLE,,49,f,1782550000,2.00,0,1746899000,55000000,53900000,24,12,2.50,0,f
20260630,202713,200,206,2002,VHSC-2026-01,2026-01-08,SOLD,2026-03-02,53,f,2103500000,2.00,0,2061430000,50000000,49000000,24,12,2.50,0,f
20260630,202714,200,206,2003,VHSC-2026-01,2026-01-19,SOLD,2026-03-14,54,f,3294240000,2.00,0,3228355200,48000000,47040000,24,12,2.50,0,f
20260630,202715,200,206,2004,VHSC-2026-01,2026-01-30,SOLD,2026-03-26,55,f,3633300000,2.00,0,3560634000,45000000,44100000,24,12,2.50,0,f
20260630,202716,200,206,2005,VHSC-2026-01,2026-02-10,SOLD,2026-04-07,56,f,1598300000,2.00,0,1566334000,55000000,53900000,24,12,2.50,0,f
20260630,202717,200,206,2006,VHSC-2026-01,2026-02-08,AVAILABLE,,142,t,2306500000,2.00,0,2260370000,50000000,49000000,24,12,1.20,0,f
20260630,202718,200,206,2007,VHSC-2026-01,2026-03-04,SOLD,2026-05-01,58,f,3298560000,2.00,0,3232588800,48000000,47040000,24,12,2.50,0,f
20260630,202719,200,206,2008,VHSC-2026-01,2026-03-15,BOOKED,,107,f,3726900000,2.00,0,3652362000,45000000,44100000,24,12,2.50,0,f
20260630,202720,200,206,2001,VHSC-2026-01,2026-03-26,SOLD,2026-05-25,60,f,1661000000,2.00,0,1627780000,55000000,53900000,24,12,2.50,0,t
20260630,202721,200,206,2002,VHSC-2026-01,2026-04-06,SOLD,2026-06-06,61,f,2324000000,2.00,0,2277520000,50000000,49000000,24,12,2.50,0,f
20260630,202722,200,206,2003,VHSC-2026-01,2026-01-12,SOLD,2026-03-15,62,f,3357120000,2.00,0,3289977600,48000000,47040000,24,12,2.50,0,f
20260630,202723,200,206,2004,VHSC-2026-01,2026-02-05,AVAILABLE,,145,t,3177440000,0.00,0,3177440000,56000000,56000000,24,12,2.50,0,f
20260630,202724,200,206,2005,VHSC-2026-01,2026-02-03,SOLD,2026-04-08,64,f,1762200000,2.00,0,1726956000,55000000,53900000,24,12,2.50,0,f
20260630,202725,200,206,2006,VHSC-2026-01,2026-05-16,AVAILABLE,,45,f,1978500000,2.00,0,1938930000,50000000,49000000,24,12,2.50,0,f
20260630,202726,200,206,2007,VHSC-2026-01,2026-02-25,SOLD,2026-03-18,21,f,2997120000,2.00,0,2937177600,48000000,47040000,24,12,2.50,0,f
20260630,202727,200,206,2008,VHSC-2026-01,2026-03-08,SOLD,2026-03-30,22,f,3642300000,2.00,0,3569454000,45000000,44100000,24,12,2.50,0,f
20260630,202728,200,206,2001,VHSC-2026-01,2026-03-19,SOLD,2026-04-11,23,f,1626900000,2.00,0,1594362000,55000000,53900000,24,12,2.50,0,f
20260630,202729,200,206,2002,VHSC-2026-01,2026-03-30,SOLD,2026-04-23,24,f,2052000000,2.00,0,2010960000,50000000,49000000,24,12,2.50,0,f
20260630,202730,200,206,2003,VHSC-2026-01,2026-01-05,BOOKED,,176,f,3034560000,2.00,0,2973868800,48000000,47040000,24,12,2.50,0,t
20260630,202731,200,206,2004,VHSC-2026-01,2026-01-16,SOLD,2026-02-11,26,f,4103100000,2.00,0,4021038000,45000000,44100000,24,12,2.50,0,f
20260630,202732,200,206,2005,VHSC-2026-01,2026-01-27,BOOKED,,154,f,1638450000,2.00,0,1605681000,55000000,53900000,24,12,2.50,0,f
20260630,202733,200,206,2006,VHSC-2026-01,2026-01-16,AVAILABLE,,165,t,3991200000,0.00,0,3991200000,60000000,60000000,24,12,2.50,0,f
20260630,202734,200,206,2007,VHSC-2026-01,2026-02-18,SOLD,2026-03-19,29,f,3046560000,2.00,0,2985628800,48000000,47040000,24,12,2.50,0,f
20260630,202735,200,206,2008,VHSC-2026-01,2026-03-01,SOLD,2026-03-31,30,f,4012200000,2.00,0,3931956000,45000000,44100000,24,12,2.50,0,f
20260630,202736,200,206,2001,VHSC-2026-01,2026-03-12,SOLD,2026-04-12,31,f,1549900000,2.00,0,1518902000,55000000,53900000,24,12,2.50,0,f
20260630,202737,200,206,2002,VHSC-2026-01,2026-03-23,SOLD,2026-04-24,32,f,2214500000,2.00,0,2170210000,50000000,49000000,24,12,2.50,0,f
20260630,202738,200,206,2003,VHSC-2026-01,2026-05-20,AVAILABLE,,41,f,2693760000,2.00,0,2639884800,48000000,47040000,24,12,2.50,0,f
20260630,202739,200,206,2004,VHSC-2026-01,2026-01-13,AVAILABLE,,168,t,1934500000,2.00,0,1895810000,50000000,49000000,24,12,1.20,0,f
20260630,202740,200,206,2005,VHSC-2026-01,2026-05-26,AVAILABLE,,35,f,1886500000,2.00,0,1848770000,55000000,53900000,24,12,2.50,0,t
20260630,202741,200,206,2006,VHSC-2026-01,2026-01-31,SOLD,2026-03-08,36,f,1951000000,2.00,0,1911980000,50000000,49000000,24,12,2.50,0,f
20260630,202742,200,206,2007,VHSC-2026-01,2026-06-01,AVAILABLE,,29,f,2847360000,2.00,0,2790412800,48000000,47040000,24,12,2.50,0,f
20260630,202743,200,206,2008,VHSC-2026-01,2026-02-22,SOLD,2026-04-01,38,f,3975300000,2.00,0,3895794000,45000000,44100000,24,12,2.50,0,f
20260630,202744,200,206,2001,VHSC-2026-01,2026-03-05,SOLD,2026-04-13,39,f,1672000000,2.00,0,1638560000,55000000,53900000,24,12,2.50,0,f
20260630,202745,200,206,2002,VHSC-2026-01,2026-03-16,SOLD,2026-04-25,40,f,2205000000,2.00,0,2160900000,50000000,49000000,24,12,2.50,0,f
20260630,202746,200,206,2003,VHSC-2026-01,2026-03-27,SOLD,2026-05-07,41,f,3049440000,2.00,0,2988451200,48000000,47040000,24,12,2.50,0,f
20260630,202747,200,206,2004,VHSC-2026-01,2026-04-07,SOLD,2026-05-19,42,f,4039200000,2.00,0,3958416000,45000000,44100000,24,12,2.50,0,f
20260630,202748,200,206,2005,VHSC-2026-01,2026-01-13,BOOKED,,168,f,1695650000,2.00,0,1661737000,55000000,53900000,24,12,2.50,0,f
20260630,202749,200,206,2006,VHSC-2026-01,2026-01-24,SOLD,2026-03-09,44,f,2173500000,2.00,0,2130030000,50000000,49000000,24,12,2.50,0,f
20260630,202750,200,206,2007,VHSC-2026-01,2026-02-04,SOLD,2026-03-21,45,f,3327840000,2.00,0,3261283200,48000000,47040000,24,12,2.50,0,t
20260630,202751,200,206,2008,VHSC-2026-01,2026-02-15,SOLD,2026-04-02,46,f,3717900000,2.00,0,3643542000,45000000,44100000,24,12,2.50,0,f
20260630,202752,200,206,2001,VHSC-2026-01,2026-01-14,AVAILABLE,,167,t,3348960000,2.00,0,3281980800,48000000,47040000,12,12,1.20,0,f
20260630,202753,200,206,2002,VHSC-2026-01,2026-01-21,AVAILABLE,,160,t,3337920000,2.00,0,3271161600,48000000,47040000,12,12,2.50,0,f
20260630,202754,200,206,2003,VHSC-2026-01,2026-06-02,AVAILABLE,,28,f,2958240000,2.00,0,2899075200,48000000,47040000,24,12,2.50,0,f
20260630,202755,200,206,2004,VHSC-2026-01,2026-03-31,SOLD,2026-05-20,50,f,3823650000,2.00,0,3747177000,45000000,44100000,24,12,2.50,0,f
20260630,202756,200,206,2005,VHSC-2026-01,2026-05-04,AVAILABLE,,57,f,1705000000,2.00,0,1670900000,55000000,53900000,24,12,2.50,0,f
20260630,202757,200,206,2006,VHSC-2026-01,2026-01-17,SOLD,2026-03-10,52,f,2192500000,2.00,0,2148650000,50000000,49000000,24,12,2.50,0,f
20260630,202758,200,206,2007,VHSC-2026-01,2026-01-28,SOLD,2026-03-22,53,f,2827200000,2.00,0,2770656000,48000000,47040000,24,12,2.50,0,f
20260630,202759,200,206,2008,VHSC-2026-01,2026-05-13,AVAILABLE,,48,f,4069350000,2.00,0,3987963000,45000000,44100000,24,12,2.50,0,f
20260630,202760,200,206,2001,VHSC-2026-01,2026-02-19,SOLD,2026-04-15,55,f,1612600000,2.00,0,1580348000,55000000,53900000,24,12,2.50,0,t
20260630,202761,200,206,2002,VHSC-2026-01,2026-03-02,SOLD,2026-04-27,56,f,2054500000,2.00,0,2013410000,50000000,49000000,24,12,2.50,0,f
20260630,202762,200,206,2003,VHSC-2026-01,2026-03-13,SOLD,2026-05-09,57,f,3356640000,2.00,0,3289507200,48000000,47040000,24,12,2.50,0,f
20260630,202763,200,206,2004,VHSC-2026-01,2026-03-24,SOLD,2026-05-21,58,f,4134600000,2.00,0,4051908000,45000000,44100000,24,12,2.50,0,f
20260630,202764,200,206,2005,VHSC-2026-01,2026-04-04,SOLD,2026-06-02,59,f,1811150000,2.00,0,1774927000,55000000,53900000,24,12,2.50,0,f
20260630,202765,200,206,2006,VHSC-2026-01,2026-01-10,SOLD,2026-03-11,60,f,2123000000,2.00,0,2080540000,50000000,49000000,24,12,2.50,0,f
20260630,202766,200,206,2007,VHSC-2026-01,2026-01-21,SOLD,2026-03-23,61,f,2833920000,2.00,0,2777241600,48000000,47040000,24,12,2.50,0,f
20260630,202767,200,206,2008,VHSC-2026-01,2026-01-29,AVAILABLE,,152,t,2716800000,2.00,0,2662464000,48000000,47040000,24,12,2.50,0,f
20260630,202768,200,206,2001,VHSC-2026-01,2026-02-05,AVAILABLE,,145,t,3209760000,2.00,0,3145564800,48000000,47040000,24,12,2.50,0,f
20260630,202769,200,206,2002,VHSC-2026-01,2026-02-23,SOLD,2026-04-28,64,f,2023500000,2.00,0,1983030000,50000000,49000000,24,12,2.50,0,f
20260630,202770,200,206,2003,VHSC-2026-01,2026-03-06,SOLD,2026-03-26,20,f,3310560000,2.00,0,3244348800,48000000,47040000,24,12,2.50,0,t
20260630,202771,200,206,2004,VHSC-2026-01,2026-03-17,SOLD,2026-04-07,21,f,3832200000,2.00,0,3755556000,45000000,44100000,24,12,2.50,0,f
20260630,202772,200,206,2005,VHSC-2026-01,2026-03-28,SOLD,2026-04-19,22,f,1813900000,2.00,0,1777622000,55000000,53900000,24,12,2.50,0,f
20260630,202773,200,206,2006,VHSC-2026-01,2026-04-08,SOLD,2026-05-01,23,f,2169500000,2.00,0,2126110000,50000000,49000000,24,12,2.50,0,f
20260630,202774,200,206,2007,VHSC-2026-01,2026-02-02,AVAILABLE,,148,t,3072000000,2.00,0,3010560000,48000000,47040000,12,12,2.50,0,f
20260630,202775,200,206,2008,VHSC-2026-01,2026-01-25,SOLD,2026-02-19,25,f,3682350000,2.00,0,3608703000,45000000,44100000,24,12,2.50,0,f
20260630,202776,200,206,2001,VHSC-2026-01,2026-02-05,SOLD,2026-03-03,26,f,1852950000,2.00,0,1815891000,55000000,53900000,24,12,2.50,0,f
20260630,202777,200,206,2002,VHSC-2026-01,2026-02-16,SOLD,2026-03-15,27,f,2158000000,2.00,0,2114840000,50000000,49000000,24,12,2.50,0,f
20260630,202778,200,206,2003,VHSC-2026-01,2026-01-16,AVAILABLE,,165,t,2253000000,2.00,0,2207940000,50000000,49000000,24,12,1.20,0,f
20260630,202779,200,206,2004,VHSC-2026-01,2026-03-10,SOLD,2026-04-08,29,f,3824550000,2.00,0,3748059000,45000000,44100000,24,12,2.50,0,f
20260630,202780,200,206,2005,VHSC-2026-01,2026-03-21,SOLD,2026-04-20,30,f,1690150000,2.00,0,1656347000,55000000,53900000,24,12,2.50,0,t
20260630,202781,200,206,2006,VHSC-2026-01,2026-04-01,SOLD,2026-05-02,31,f,2278000000,2.00,0,2232440000,50000000,49000000,24,12,2.50,0,f
20260630,202782,200,206,2007,VHSC-2026-01,2026-01-07,SOLD,2026-02-08,32,f,3021120000,2.00,0,2960697600,48000000,47040000,24,12,2.50,0,f
20260630,202783,200,206,2008,VHSC-2026-01,2026-01-06,AVAILABLE,,175,t,2921760000,2.00,0,2863324800,48000000,47040000,24,12,2.50,0,f
20260630,202784,200,206,2001,VHSC-2026-01,2026-01-29,SOLD,2026-03-04,34,f,1772100000,2.00,0,1736658000,55000000,53900000,24,12,2.50,0,f
20260630,202785,200,206,2002,VHSC-2026-01,2026-02-09,SOLD,2026-03-16,35,f,2118500000,2.00,0,2076130000,50000000,49000000,24,12,2.50,0,f
20260630,202786,200,206,2003,VHSC-2026-01,2026-05-24,AVAILABLE,,37,f,2913120000,2.00,0,2854857600,48000000,47040000,24,12,2.50,0,f
20260630,202787,200,206,2004,VHSC-2026-01,2026-03-03,SOLD,2026-04-09,37,f,3933900000,2.00,0,3855222000,45000000,44100000,24,12,2.50,0,f
20260630,202788,200,206,2005,VHSC-2026-01,2026-03-14,SOLD,2026-04-21,38,f,1574650000,2.00,0,1543157000,55000000,53900000,24,12,2.50,0,f
20260630,202789,200,206,2006,VHSC-2026-01,2026-03-25,SOLD,2026-05-03,39,f,2194500000,2.00,0,2150610000,50000000,49000000,24,12,2.50,0,f
20260630,202790,200,206,2007,VHSC-2026-01,2026-01-10,AVAILABLE,,171,t,3145920000,2.00,0,3083001600,48000000,47040000,24,12,2.50,0,t
20260630,202791,200,206,2008,VHSC-2026-01,2026-01-11,SOLD,2026-02-21,41,f,3731400000,2.00,0,3656772000,45000000,44100000,24,12,2.50,0,f
20260630,202792,200,206,2001,VHSC-2026-01,2026-01-22,SOLD,2026-03-05,42,f,1819950000,2.00,0,1783551000,55000000,53900000,24,12,2.50,0,f
20260630,202793,200,206,2002,VHSC-2026-01,2026-02-02,SOLD,2026-03-17,43,f,2349000000,2.00,0,2302020000,50000000,49000000,24,12,2.50,0,f
20260630,202794,200,206,2003,VHSC-2026-01,2026-02-13,SOLD,2026-03-29,44,f,2731680000,2.00,0,2677046400,48000000,47040000,24,12,2.50,0,f
20260630,202795,200,206,2004,VHSC-2026-01,2026-02-24,SOLD,2026-04-10,45,f,3816000000,2.00,0,3739680000,45000000,44100000,24,12,2.50,0,f
20260630,202796,200,206,2005,VHSC-2026-01,2026-05-19,AVAILABLE,,42,f,1736900000,2.00,0,1702162000,55000000,53900000,24,12,2.50,0,f
20260630,202797,200,206,2006,VHSC-2026-01,2026-05-22,AVAILABLE,,39,f,2138000000,2.00,0,2095240000,50000000,49000000,24,12,2.50,0,f
20260630,202798,200,206,2007,VHSC-2026-01,2026-03-29,BOOKED,,93,f,2977920000,2.00,0,2918361600,48000000,47040000,24,12,2.50,0,f
20260630,202799,200,206,2008,VHSC-2026-01,2026-04-09,SOLD,2026-05-28,49,f,3920850000,2.00,0,3842433000,45000000,44100000,24,12,2.50,0,f
20260630,202800,200,206,2001,VHSC-2026-01,2026-01-15,SOLD,2026-03-06,50,f,1922250000,2.00,0,1883805000,55000000,53900000,24,12,2.50,0,t
20260630,202801,200,206,2002,VHSC-2026-01,2026-01-26,SOLD,2026-03-18,51,f,2082000000,2.00,0,2040360000,50000000,49000000,24,12,2.50,0,f
20260630,202802,200,206,2003,VHSC-2026-01,2026-02-06,SOLD,2026-03-30,52,f,3067680000,2.00,0,3006326400,48000000,47040000,24,12,2.50,0,f
20260630,202803,200,206,2004,VHSC-2026-01,2026-02-17,SOLD,2026-04-11,53,f,4047750000,2.00,0,3966795000,45000000,44100000,24,12,2.50,0,f
20260630,202804,200,206,2005,VHSC-2026-01,2026-02-28,SOLD,2026-04-23,54,f,1898050000,2.00,0,1860089000,55000000,53900000,24,12,2.50,0,f
20260630,202805,200,206,2006,VHSC-2026-01,2026-03-11,SOLD,2026-05-05,55,f,2063500000,2.00,0,2022230000,50000000,49000000,24,12,2.50,0,f
20260630,202806,200,206,2007,VHSC-2026-01,2026-03-22,SOLD,2026-05-17,56,f,2906400000,2.00,0,2848272000,48000000,47040000,24,12,2.50,0,f
20260630,202807,200,206,2008,VHSC-2026-01,2026-04-02,SOLD,2026-05-29,57,f,4202100000,2.00,0,4118058000,45000000,44100000,24,12,2.50,0,f
20260630,202808,200,206,2001,VHSC-2026-01,2026-01-08,SOLD,2026-03-07,58,f,1865050000,2.00,0,1827749000,55000000,53900000,24,12,2.50,0,f
20260630,202809,200,206,2002,VHSC-2026-01,2026-01-19,SOLD,2026-03-19,59,f,2336500000,2.00,0,2289770000,50000000,49000000,24,12,2.50,0,f
20260630,202810,200,206,2003,VHSC-2026-01,2026-01-30,SOLD,2026-03-31,60,f,2797440000,2.00,0,2741491200,48000000,47040000,24,12,2.50,0,t
20260630,202811,200,206,2004,VHSC-2026-01,2026-01-22,AVAILABLE,,159,t,3128160000,2.00,0,3065596800,48000000,47040000,24,12,2.50,0,f
20260630,202812,200,206,2005,VHSC-2026-01,2026-02-21,SOLD,2026-04-24,62,f,1737450000,2.00,0,1702701000,55000000,53900000,24,12,2.50,0,f
20260630,202813,200,206,2006,VHSC-2026-01,2026-06-04,AVAILABLE,,26,f,1984000000,2.00,0,1944320000,50000000,49000000,24,12,2.50,0,f
20260630,202814,200,206,2007,VHSC-2026-01,2026-02-12,AVAILABLE,,138,t,4230000000,2.00,0,4145400000,45000000,44100000,24,12,2.50,0,f
20260630,202815,200,206,2008,VHSC-2026-01,2026-03-26,SOLD,2026-04-15,20,f,3951000000,2.00,0,3871980000,45000000,44100000,24,12,2.50,0,f
20260630,202816,200,206,2001,VHSC-2026-01,2026-05-09,AVAILABLE,,52,f,1891450000,2.00,0,1853621000,55000000,53900000,24,12,2.50,0,f
20260630,202817,200,206,2002,VHSC-2026-01,2026-01-12,SOLD,2026-02-03,22,f,2024000000,2.00,0,1983520000,50000000,49000000,24,12,2.50,0,f
20260630,202818,200,206,2003,VHSC-2026-01,2026-01-23,BOOKED,,158,f,2984640000,2.00,0,2924947200,48000000,47040000,24,12,2.50,0,f
20260630,202819,200,206,2004,VHSC-2026-01,2026-02-03,SOLD,2026-02-27,24,f,3640500000,2.00,0,3567690000,45000000,44100000,24,12,2.50,0,f
20260630,202820,200,206,2005,VHSC-2026-01,2026-02-14,BOOKED,,136,f,1793550000,2.00,0,1757679000,55000000,53900000,24,12,2.50,0,t
20260630,202821,200,206,2006,VHSC-2026-01,2026-02-25,SOLD,2026-03-23,26,f,2127500000,2.00,0,2084950000,50000000,49000000,24,12,2.50,0,f
20260630,202822,200,206,2007,VHSC-2026-01,2026-03-08,SOLD,2026-04-04,27,f,3190080000,2.00,0,3126278400,48000000,47040000,24,12,2.50,0,f
20260630,202823,200,206,2008,VHSC-2026-01,2026-01-16,AVAILABLE,,165,t,2970720000,0.00,0,2970720000,48000000,48000000,24,12,2.50,0,f
20260630,202824,200,206,2001,VHSC-2026-01,2026-03-30,SOLD,2026-04-28,29,f,1921150000,2.00,0,1882727000,55000000,53900000,24,12,2.50,0,f
20260630,202825,200,206,2002,VHSC-2026-01,2026-05-01,AVAILABLE,,60,f,2226000000,2.00,0,2181480000,50000000,49000000,24,12,2.50,0,f
20260630,202826,200,206,2003,VHSC-2026-01,2026-02-06,AVAILABLE,,144,t,1924000000,2.00,0,1885520000,50000000,49000000,24,12,1.20,0,f
20260630,202827,200,206,2004,VHSC-2026-01,2026-01-27,SOLD,2026-02-28,32,f,3858300000,2.00,0,3781134000,45000000,44100000,24,12,2.50,0,f
20260630,202828,200,206,2005,VHSC-2026-01,2026-02-07,SOLD,2026-03-12,33,f,1709400000,2.00,0,1675212000,55000000,53900000,24,12,2.50,0,f
20260630,202829,200,206,2006,VHSC-2026-01,2026-02-18,SOLD,2026-03-24,34,f,2350000000,2.00,0,2303000000,50000000,49000000,24,12,2.50,0,f
20260630,202830,200,206,2007,VHSC-2026-01,2026-03-01,SOLD,2026-04-05,35,f,2653440000,2.00,0,2600371200,48000000,47040000,24,12,2.50,0,t
20260630,202831,200,206,2008,VHSC-2026-01,2026-01-27,AVAILABLE,,154,t,2980800000,2.00,0,2921184000,48000000,47040000,24,12,2.50,0,f
20260630,202832,200,206,2001,VHSC-2026-01,2026-03-23,SOLD,2026-04-29,37,f,1679700000,2.00,0,1646106000,55000000,53900000,24,12,2.50,0,f
20260630,202833,200,206,2002,VHSC-2026-01,2026-04-03,SOLD,2026-05-11,38,f,1950500000,2.00,0,1911490000,50000000,49000000,24,12,2.50,0,f
20260630,202834,200,206,2003,VHSC-2026-01,2026-05-28,AVAILABLE,,33,f,3333120000,2.00,0,3266457600,48000000,47040000,24,12,2.50,0,f
20260630,202835,200,206,2004,VHSC-2026-01,2026-01-20,SOLD,2026-03-01,40,f,3645450000,2.00,0,3572541000,45000000,44100000,24,12,2.50,0,f
20260630,202836,200,206,2005,VHSC-2026-01,2026-01-31,SOLD,2026-03-13,41,f,1906850000,2.00,0,1868713000,55000000,53900000,24,12,2.50,0,f
20260630,202837,200,206,2006,VHSC-2026-01,2026-05-02,AVAILABLE,,59,f,2262000000,2.00,0,2216760000,50000000,49000000,24,12,2.50,0,f
20260630,202838,200,206,2007,VHSC-2026-01,2026-02-22,SOLD,2026-04-06,43,f,2956800000,2.00,0,2897664000,48000000,47040000,24,12,2.50,0,f
20260630,202839,200,206,2008,VHSC-2026-01,2026-03-05,SOLD,2026-04-18,44,f,3658950000,2.00,0,3585771000,45000000,44100000,24,12,2.50,0,f
20260630,202840,200,206,2001,VHSC-2026-01,2026-03-16,SOLD,2026-04-30,45,f,1698950000,2.00,0,1664971000,55000000,53900000,24,12,2.50,0,t
20260630,202841,200,206,2002,VHSC-2026-01,2026-03-27,SOLD,2026-05-12,46,f,2223000000,2.00,0,2178540000,50000000,49000000,24,12,2.50,0,f
20260630,202842,200,206,2003,VHSC-2026-01,2026-05-17,AVAILABLE,,44,f,2990880000,2.00,0,2931062400,48000000,47040000,24,12,2.50,0,f
20260630,202843,200,206,2004,VHSC-2026-01,2026-01-13,SOLD,2026-03-02,48,f,4070700000,2.00,0,3989286000,45000000,44100000,24,12,2.50,0,f
20260630,202844,200,206,2005,VHSC-2026-01,2026-01-24,SOLD,2026-03-14,49,f,1786400000,2.00,0,1750672000,55000000,53900000,24,12,2.50,0,f
20260630,202845,200,206,2006,VHSC-2026-01,2026-02-04,SOLD,2026-03-26,50,f,2243000000,2.00,0,2198140000,50000000,49000000,24,12,2.50,0,f
20260630,202846,200,206,2007,VHSC-2026-01,2026-02-15,SOLD,2026-04-07,51,f,2979840000,2.00,0,2920243200,48000000,47040000,24,12,2.50,0,f
20260630,202847,200,206,2008,VHSC-2026-01,2026-02-26,BOOKED,,124,f,4194450000,2.00,0,4110561000,45000000,44100000,24,12,2.50,0,f
20260630,202848,200,206,2001,VHSC-2026-01,2026-01-11,AVAILABLE,,170,t,3624000000,0.00,0,3624000000,60000000,60000000,24,12,1.20,0,f
20260630,202849,200,206,2002,VHSC-2026-01,2026-03-20,SOLD,2026-05-13,54,f,2282000000,2.00,0,2236360000,50000000,49000000,24,12,2.50,0,f
20260630,202850,200,206,2003,VHSC-2026-01,2026-05-06,AVAILABLE,,55,f,3283680000,2.00,0,3218006400,48000000,47040000,24,12,2.50,0,t
20260630,202851,200,206,2004,VHSC-2026-01,2026-05-09,AVAILABLE,,52,f,3780900000,2.00,0,3705282000,45000000,44100000,24,12,2.50,0,f
20260630,202852,200,206,2005,VHSC-2026-01,2026-01-17,SOLD,2026-03-15,57,f,1874950000,2.00,0,1837451000,55000000,53900000,24,12,2.50,0,f
20260630,202853,200,206,2006,VHSC-2026-01,2026-02-15,AVAILABLE,,135,t,3906600000,0.00,0,3906600000,60000000,60000000,24,12,2.50,0,f
20260630,202854,200,206,2007,VHSC-2026-01,2026-02-08,SOLD,2026-04-08,59,f,2818080000,2.00,0,2761718400,48000000,47040000,24,12,2.50,0,f
20260630,202855,200,206,2008,VHSC-2026-01,2026-05-21,AVAILABLE,,40,f,3722400000,2.00,0,3647952000,45000000,44100000,24,12,2.50,0,f
20260630,202856,200,206,2001,VHSC-2026-01,2026-03-02,SOLD,2026-05-02,61,f,1835350000,2.00,0,1798643000,55000000,53900000,24,12,2.50,0,f
20260630,202857,200,206,2002,VHSC-2026-01,2026-01-29,AVAILABLE,,152,t,2753280000,2.00,0,2698214400,48000000,47040000,12,12,2.50,0,f
20260630,202858,200,206,2003,VHSC-2026-01,2026-03-24,SOLD,2026-05-26,63,f,2671680000,2.00,0,2618246400,48000000,47040000,24,12,2.50,0,f
20260630,202859,200,206,2004,VHSC-2026-01,2026-04-04,SOLD,2026-06-07,64,f,4027050000,2.00,0,3946509000,45000000,44100000,24,12,2.50,0,f
20260630,202860,200,206,2005,VHSC-2026-01,2026-01-10,SOLD,2026-01-30,20,f,1555400000,2.00,0,1524292000,55000000,53900000,24,12,2.50,0,t
20260630,202861,200,206,2006,VHSC-2026-01,2026-01-21,SOLD,2026-02-11,21,f,1987000000,2.00,0,1947260000,50000000,49000000,24,12,2.50,0,f
20260630,202862,200,206,2007,VHSC-2026-01,2026-02-01,SOLD,2026-02-23,22,f,2861760000,2.00,0,2804524800,48000000,47040000,24,12,2.50,0,f
20260630,202863,200,206,2008,VHSC-2026-01,2026-02-12,SOLD,2026-03-07,23,f,3826350000,2.00,0,3749823000,45000000,44100000,24,12,2.50,0,f
20260630,202864,200,206,2001,VHSC-2026-01,2026-05-13,AVAILABLE,,48,f,1691250000,2.00,0,1657425000,55000000,53900000,24,12,2.50,0,f
20260630,202865,200,206,2002,VHSC-2026-01,2026-03-06,SOLD,2026-03-31,25,f,2261500000,2.00,0,2216270000,50000000,49000000,24,12,2.50,0,f
20260630,202866,200,206,2003,VHSC-2026-01,2026-03-17,SOLD,2026-04-12,26,f,2657280000,2.00,0,2604134400,48000000,47040000,24,12,2.50,0,f
20260630,202867,200,206,2004,VHSC-2026-01,2026-03-28,SOLD,2026-04-24,27,f,4185000000,2.00,0,4101300000,45000000,44100000,24,12,2.50,0,f
20260630,202868,200,206,2005,VHSC-2026-01,2026-05-25,AVAILABLE,,36,f,1613700000,2.00,0,1581426000,55000000,53900000,24,12,2.50,0,f
20260630,202869,200,206,2006,VHSC-2026-01,2026-05-28,AVAILABLE,,33,f,2015500000,2.00,0,1975190000,50000000,49000000,24,12,2.50,0,f
20260630,202870,200,206,2007,VHSC-2026-01,2026-01-25,SOLD,2026-02-24,30,f,3093600000,2.00,0,3031728000,48000000,47040000,24,12,2.50,0,t
20260630,202871,200,206,2008,VHSC-2026-01,2026-02-05,SOLD,2026-03-08,31,f,4044600000,2.00,0,3963708000,45000000,44100000,24,12,2.50,0,f
20260630,202872,200,206,2001,VHSC-2026-01,2026-02-13,AVAILABLE,,137,t,2809440000,0.00,0,2809440000,48000000,48000000,24,12,1.20,0,f
20260630,202873,200,206,2002,VHSC-2026-01,2026-01-06,AVAILABLE,,175,t,1938000000,2.00,0,1899240000,50000000,49000000,24,12,1.20,0,f
20260630,202874,200,206,2003,VHSC-2026-01,2026-03-10,SOLD,2026-04-13,34,f,3035520000,2.00,0,2974809600,48000000,47040000,24,12,2.50,0,f
20260630,202875,200,206,2004,VHSC-2026-01,2026-01-20,AVAILABLE,,161,t,2868480000,0.00,0,2868480000,48000000,48000000,24,12,2.50,0,f
20260630,202876,200,206,2005,VHSC-2026-01,2026-01-27,AVAILABLE,,154,t,4230000000,2.00,0,4145400000,45000000,44100000,24,12,2.50,0,f
20260630,202877,200,206,2006,VHSC-2026-01,2026-01-07,SOLD,2026-02-13,37,f,2122000000,2.00,0,2079560000,50000000,49000000,24,12,2.50,0,f
20260630,202878,200,206,2007,VHSC-2026-01,2026-01-18,SOLD,2026-02-25,38,f,2893440000,2.00,0,2835571200,48000000,47040000,24,12,2.50,0,f
20260630,202879,200,206,2008,VHSC-2026-01,2026-01-29,SOLD,2026-03-09,39,f,4235400000,2.00,0,4150692000,45000000,44100000,24,12,2.50,0,f
20260630,202880,200,206,2001,VHSC-2026-01,2026-02-09,SOLD,2026-03-21,40,f,1791350000,2.00,0,1755523000,55000000,53900000,24,12,2.50,0,t
20260630,202881,200,206,2002,VHSC-2026-01,2026-01-17,AVAILABLE,,164,t,4002000000,0.00,0,4002000000,60000000,60000000,24,12,2.50,0,f
20260630,202882,200,206,2003,VHSC-2026-01,2026-03-03,SOLD,2026-04-14,42,f,2676480000,2.00,0,2622950400,48000000,47040000,24,12,2.50,0,f
20260630,202883,200,206,2004,VHSC-2026-01,2026-03-14,BOOKED,,108,f,4043250000,2.00,0,3962385000,45000000,44100000,24,12,2.50,0,f
20260630,202884,200,206,2005,VHSC-2026-01,2026-03-25,SOLD,2026-05-08,44,f,1796300000,2.00,0,1760374000,55000000,53900000,24,12,2.50,0,f
20260630,202885,200,206,2006,VHSC-2026-01,2026-04-05,SOLD,2026-05-20,45,f,2192500000,2.00,0,2148650000,50000000,49000000,24,12,2.50,0,f
20260630,202886,200,206,2007,VHSC-2026-01,2026-01-11,SOLD,2026-02-26,46,f,3041760000,2.00,0,2980924800,48000000,47040000,24,12,2.50,0,f
20260630,202887,200,206,2008,VHSC-2026-01,2026-05-12,AVAILABLE,,49,f,4199400000,2.00,0,4115412000,45000000,44100000,24,12,2.50,0,f
20260630,202888,200,206,2001,VHSC-2026-01,2026-02-02,SOLD,2026-03-22,48,f,1908500000,2.00,0,1870330000,55000000,53900000,24,12,2.50,0,f
20260630,202889,200,206,2002,VHSC-2026-01,2026-02-13,SOLD,2026-04-03,49,f,2029500000,2.00,0,1988910000,50000000,49000000,24,12,2.50,0,f
20260630,202890,200,206,2003,VHSC-2026-01,2026-02-24,SOLD,2026-04-15,50,f,2661120000,2.00,0,2607897600,48000000,47040000,24,12,2.50,0,t
20260630,202891,200,206,2004,VHSC-2026-01,2026-03-07,SOLD,2026-04-27,51,f,3946500000,2.00,0,3867570000,45000000,44100000,24,12,2.50,0,f
20260630,202892,200,206,2005,VHSC-2026-01,2026-03-18,SOLD,2026-05-09,52,f,1744600000,2.00,0,1709708000,55000000,53900000,24,12,2.50,0,f
20260630,202893,200,206,2006,VHSC-2026-01,2026-05-30,AVAILABLE,,31,f,2256500000,2.00,0,2211370000,50000000,49000000,24,12,2.50,0,f
20260630,202894,200,206,2007,VHSC-2026-01,2026-04-09,SOLD,2026-06-02,54,f,3153600000,2.00,0,3090528000,48000000,47040000,24,12,2.50,0,f
20260630,202895,200,206,2008,VHSC-2026-01,2026-01-15,SOLD,2026-03-11,55,f,3812850000,2.00,0,3736593000,45000000,44100000,24,12,2.50,0,f
20260630,202896,200,206,2001,VHSC-2026-01,2026-02-01,AVAILABLE,,149,t,1966000000,2.00,0,1926680000,50000000,49000000,24,12,1.20,0,f
20260630,202897,200,206,2002,VHSC-2026-01,2026-02-06,SOLD,2026-04-04,57,f,2141000000,2.00,0,2098180000,50000000,49000000,24,12,2.50,0,f
20260630,202898,200,206,2003,VHSC-2026-01,2026-05-10,AVAILABLE,,51,f,3316320000,2.00,0,3249993600,48000000,47040000,24,12,2.50,0,f
20260630,202899,200,206,2004,VHSC-2026-01,2026-03-31,AVAILABLE,,91,t,2726400000,0.00,0,2726400000,48000000,48000000,24,12,2.50,0,f
20260630,202900,200,206,2005,VHSC-2026-01,2026-03-11,SOLD,2026-05-10,60,f,1724800000,2.00,0,1690304000,55000000,53900000,24,12,2.50,0,t
20260630,202901,200,206,2006,VHSC-2026-01,2026-03-22,BOOKED,,100,f,2144500000,2.00,0,2101610000,50000000,49000000,24,12,2.50,0,f
20260630,202902,200,206,2007,VHSC-2026-01,2026-01-29,AVAILABLE,,152,t,4123200000,0.00,0,4123200000,60000000,60000000,24,12,1.20,0,f
20260630,202903,200,206,2008,VHSC-2026-01,2026-01-08,SOLD,2026-03-12,63,f,4255200000,2.00,0,4170096000,45000000,44100000,24,12,2.50,0,f
20260630,202904,200,206,2001,VHSC-2026-01,2026-01-19,SOLD,2026-03-24,64,f,1866700000,2.00,0,1829366000,55000000,53900000,24,12,2.50,0,f
20260630,202905,200,206,2002,VHSC-2026-01,2026-01-30,SOLD,2026-02-19,20,f,2305000000,2.00,0,2258900000,50000000,49000000,24,12,2.50,0,f
20260630,202906,200,206,2003,VHSC-2026-01,2026-02-10,SOLD,2026-03-03,21,f,3284640000,2.00,0,3218947200,48000000,47040000,24,12,2.50,0,f
20260630,202907,200,206,2004,VHSC-2026-01,2026-05-02,AVAILABLE,,59,f,3757050000,2.00,0,3681909000,45000000,44100000,24,12,2.50,0,f
20260630,202908,200,206,2005,VHSC-2026-01,2026-03-04,BOOKED,,118,f,1680800000,2.00,0,1647184000,55000000,53900000,24,12,2.50,0,f
20260630,202909,200,206,2006,VHSC-2026-01,2026-03-15,SOLD,2026-04-08,24,f,2386000000,2.00,0,2338280000,50000000,49000000,24,12,2.50,0,f
20260630,202910,200,206,2007,VHSC-2026-01,2026-03-26,SOLD,2026-04-20,25,f,2785920000,2.00,0,2730201600,48000000,47040000,24,12,2.50,0,t
20260630,202911,200,206,2008,VHSC-2026-01,2026-05-14,AVAILABLE,,47,f,3949200000,2.00,0,3870216000,45000000,44100000,24,12,2.50,0,f
20260630,202912,200,206,2001,VHSC-2026-01,2026-01-12,SOLD,2026-02-08,27,f,1834250000,2.00,0,1797565000,55000000,53900000,24,12,2.50,0,f
20260630,202913,200,206,2002,VHSC-2026-01,2026-01-23,SOLD,2026-02-20,28,f,2293500000,2.00,0,2247630000,50000000,49000000,24,12,2.50,0,f
20260630,202914,200,206,2003,VHSC-2026-01,2026-02-03,SOLD,2026-03-04,29,f,2668320000,2.00,0,2614953600,48000000,47040000,24,12,2.50,0,f
20260630,202915,200,206,2004,VHSC-2026-01,2026-02-14,SOLD,2026-03-16,30,f,4165200000,2.00,0,4081896000,45000000,44100000,24,12,2.50,0,f
20260630,202916,200,206,2005,VHSC-2026-01,2026-02-25,SOLD,2026-03-28,31,f,1694000000,2.00,0,1660120000,55000000,53900000,24,12,2.50,0,f
20260630,202917,200,206,2006,VHSC-2026-01,2026-03-08,SOLD,2026-04-09,32,f,2125500000,2.00,0,2082990000,50000000,49000000,24,12,2.50,0,f
20260630,202918,200,206,2007,VHSC-2026-01,2026-01-06,AVAILABLE,,175,t,4092000000,0.00,0,4092000000,60000000,60000000,24,12,2.50,0,f
20260630,202919,200,206,2008,VHSC-2026-01,2026-03-30,SOLD,2026-05-03,34,f,3799350000,2.00,0,3723363000,45000000,44100000,24,12,2.50,0,f
20260630,202920,200,206,2001,VHSC-2026-01,2026-01-05,SOLD,2026-02-09,35,f,1917850000,2.00,0,1879493000,55000000,53900000,24,12,2.50,0,t
20260630,202921,200,206,2002,VHSC-2026-01,2026-01-16,SOLD,2026-02-21,36,f,2041500000,2.00,0,2000670000,50000000,49000000,24,12,2.50,0,f
20260630,202922,200,206,2003,VHSC-2026-01,2026-02-03,AVAILABLE,,147,t,4057200000,0.00,0,4057200000,60000000,60000000,24,12,2.50,0,f
20260630,202923,200,206,2004,VHSC-2026-01,2026-02-07,SOLD,2026-03-17,38,f,3930300000,2.00,0,3851694000,45000000,44100000,24,12,2.50,0,f
20260630,202924,200,206,2005,VHSC-2026-01,2026-02-18,SOLD,2026-03-29,39,f,1763850000,2.00,0,1728573000,55000000,53900000,24,12,2.50,0,f
20260630,202925,200,206,2006,VHSC-2026-01,2026-03-01,SOLD,2026-04-10,40,f,2049500000,2.00,0,2008510000,50000000,49000000,24,12,2.50,0,f
20260630,202926,200,206,2007,VHSC-2026-01,2026-03-12,SOLD,2026-04-22,41,f,3222240000,2.00,0,3157795200,48000000,47040000,24,12,2.50,0,f
20260630,202927,200,206,2008,VHSC-2026-01,2026-01-24,AVAILABLE,,157,t,3103680000,2.00,0,3041606400,48000000,47040000,12,12,2.50,0,f
20260630,202928,200,206,2001,VHSC-2026-01,2026-05-30,AVAILABLE,,31,f,1562000000,2.00,0,1530760000,55000000,53900000,24,12,2.50,0,f
20260630,202929,200,206,2002,VHSC-2026-01,2026-01-09,SOLD,2026-02-22,44,f,2094500000,2.00,0,2052610000,50000000,49000000,24,12,2.50,0,f
20260630,202930,200,206,2003,VHSC-2026-01,2026-01-20,SOLD,2026-03-06,45,f,3072960000,2.00,0,3011500800,48000000,47040000,24,12,2.50,0,t
20260630,202931,200,206,2004,VHSC-2026-01,2026-05-04,AVAILABLE,,57,f,4155750000,2.00,0,4072635000,45000000,44100000,24,12,2.50,0,f
20260630,202932,200,206,2005,VHSC-2026-01,2026-02-11,SOLD,2026-03-30,47,f,1769900000,2.00,0,1734502000,55000000,53900000,24,12,2.50,0,f
20260630,202933,200,206,2006,VHSC-2026-01,2026-05-10,AVAILABLE,,51,f,2057000000,2.00,0,2015860000,50000000,49000000,24,12,2.50,0,f
20260630,202934,200,206,2007,VHSC-2026-01,2026-03-05,BOOKED,,117,f,3208800000,2.00,0,3144624000,48000000,47040000,24,12,2.50,0,f
20260630,202935,200,206,2008,VHSC-2026-01,2026-03-16,SOLD,2026-05-05,50,f,3920850000,2.00,0,3842433000,45000000,44100000,24,12,2.50,0,f
20260630,202936,200,206,2001,VHSC-2026-01,2026-03-27,SOLD,2026-05-17,51,f,1612600000,2.00,0,1580348000,55000000,53900000,24,12,2.50,0,f
20260630,202937,200,206,2002,VHSC-2026-01,2026-04-07,SOLD,2026-05-29,52,f,2335000000,2.00,0,2288300000,50000000,49000000,24,12,2.50,0,f
20260630,202938,200,206,2003,VHSC-2026-01,2026-01-13,SOLD,2026-03-07,53,f,2812800000,2.00,0,2756544000,48000000,47040000,24,12,2.50,0,f
20260630,202939,200,206,2004,VHSC-2026-01,2026-05-28,AVAILABLE,,33,f,3664800000,2.00,0,3591504000,45000000,44100000,24,12,2.50,0,f
20260630,202940,200,206,2005,VHSC-2026-01,2026-02-04,SOLD,2026-03-31,55,f,1576850000,2.00,0,1545313000,55000000,53900000,24,12,2.50,0,t
20260630,202941,200,206,2006,VHSC-2026-01,2026-06-03,AVAILABLE,,27,f,2273000000,2.00,0,2227540000,50000000,49000000,24,12,2.50,0,f
20260630,202942,200,206,2007,VHSC-2026-01,2026-05-02,AVAILABLE,,59,f,3200640000,2.00,0,3136627200,48000000,47040000,24,12,2.50,0,f
20260630,202943,200,206,2008,VHSC-2026-01,2026-03-09,SOLD,2026-05-06,58,f,4172400000,2.00,0,4088952000,45000000,44100000,24,12,2.50,0,f
20260630,202944,200,206,2001,VHSC-2026-01,2026-03-20,SOLD,2026-05-18,59,f,1584000000,2.00,0,1552320000,55000000,53900000,24,12,2.50,0,f
20260630,202945,200,206,2002,VHSC-2026-01,2026-03-31,SOLD,2026-05-30,60,f,2295500000,2.00,0,2249590000,50000000,49000000,24,12,2.50,0,f
20260630,202946,200,206,2003,VHSC-2026-01,2026-01-22,AVAILABLE,,159,t,3641680000,0.00,0,3641680000,56000000,56000000,24,12,2.50,0,f
20260630,202947,200,206,2004,VHSC-2026-01,2026-01-17,SOLD,2026-03-20,62,f,4257000000,2.00,0,4171860000,45000000,44100000,24,12,2.50,0,f
20260630,202948,200,206,2005,VHSC-2026-01,2026-01-28,SOLD,2026-04-01,63,f,1570250000,2.00,0,1538845000,55000000,53900000,24,12,2.50,0,f
20260630,202949,200,206,2006,VHSC-2026-01,2026-02-08,SOLD,2026-04-13,64,f,2203000000,2.00,0,2158940000,50000000,49000000,24,12,2.50,0,f
20260630,202950,200,206,2007,VHSC-2026-01,2026-02-19,SOLD,2026-03-11,20,f,3224160000,2.00,0,3159676800,48000000,47040000,24,12,2.50,0,t
20260630,202951,200,206,2008,VHSC-2026-01,2026-03-02,SOLD,2026-03-23,21,f,3981150000,2.00,0,3901527000,45000000,44100000,24,12,2.50,0,f
20260630,202952,200,206,2001,VHSC-2026-01,2026-03-13,SOLD,2026-04-04,22,f,1774300000,2.00,0,1738814000,55000000,53900000,24,12,2.50,0,f
20260630,202953,200,206,2002,VHSC-2026-01,2026-03-24,SOLD,2026-04-16,23,f,2246500000,2.00,0,2201570000,50000000,49000000,24,12,2.50,0,f
20260630,202954,200,206,2003,VHSC-2026-01,2026-04-04,SOLD,2026-04-28,24,f,2698560000,2.00,0,2644588800,48000000,47040000,24,12,2.50,0,f
20260630,202955,200,206,2004,VHSC-2026-01,2026-05-06,AVAILABLE,,55,f,4005000000,2.00,0,3924900000,45000000,44100000,24,12,2.50,0,f
20260630,202956,200,206,2005,VHSC-2026-01,2026-01-21,SOLD,2026-02-16,26,f,1681900000,2.00,0,1648262000,55000000,53900000,24,12,2.50,0,f
20260630,202957,200,206,2006,VHSC-2026-01,2026-05-12,AVAILABLE,,49,f,1911500000,2.00,0,1873270000,50000000,49000000,24,12,2.50,0,f
20260630,202958,200,206,2007,VHSC-2026-01,2026-02-12,SOLD,2026-03-12,28,f,2890080000,2.00,0,2832278400,48000000,47040000,24,12,2.50,0,f
20260630,202959,200,206,2008,VHSC-2026-01,2026-02-23,BOOKED,,127,f,3971700000,2.00,0,3892266000,45000000,44100000,24,12,2.50,0,f
20260630,202960,200,206,2001,VHSC-2026-01,2026-05-21,AVAILABLE,,40,f,1864500000,2.00,0,1827210000,55000000,53900000,24,12,2.50,0,t
20260630,202961,200,206,2002,VHSC-2026-01,2026-03-17,SOLD,2026-04-17,31,f,1951000000,2.00,0,1911980000,50000000,49000000,24,12,2.50,0,f
20260630,202962,200,206,2003,VHSC-2026-01,2026-03-28,BOOKED,,94,f,3056160000,2.00,0,2995036800,48000000,47040000,24,12,2.50,0,f
20260630,202963,200,206,2004,VHSC-2026-01,2026-05-30,AVAILABLE,,31,f,3796200000,2.00,0,3720276000,45000000,44100000,24,12,2.50,0,f
20260630,202964,200,206,2005,VHSC-2026-01,2026-01-14,SOLD,2026-02-17,34,f,1741300000,2.00,0,1706474000,55000000,53900000,24,12,2.50,0,f
20260630,202965,200,206,2006,VHSC-2026-01,2026-01-25,SOLD,2026-03-01,35,f,1907000000,2.00,0,1868860000,50000000,49000000,24,12,2.50,0,f
20260630,202966,200,206,2007,VHSC-2026-01,2026-01-27,AVAILABLE,,154,t,3234720000,2.00,0,3170025600,48000000,47040000,12,12,2.50,0,f
20260630,202967,200,206,2008,VHSC-2026-01,2026-02-16,SOLD,2026-03-25,37,f,4233150000,2.00,0,4148487000,45000000,44100000,24,12,2.50,0,f
20260630,202968,200,206,2001,VHSC-2026-01,2026-05-10,AVAILABLE,,51,f,1775950000,2.00,0,1740431000,55000000,53900000,24,12,2.50,0,f
20260630,202969,200,206,2002,VHSC-2026-01,2026-03-10,SOLD,2026-04-18,39,f,2357500000,2.00,0,2310350000,50000000,49000000,24,12,2.50,0,f
20260630,202970,200,206,2003,VHSC-2026-01,2026-03-21,SOLD,2026-04-30,40,f,3303360000,2.00,0,3237292800,48000000,47040000,24,12,2.50,0,t
20260630,202971,200,206,2004,VHSC-2026-01,2026-05-19,AVAILABLE,,42,f,3816450000,2.00,0,3740121000,45000000,44100000,24,12,2.50,0,f
20260630,202972,200,206,2005,VHSC-2026-01,2026-05-22,AVAILABLE,,39,f,1911800000,2.00,0,1873564000,55000000,53900000,24,12,2.50,0,f
20260630,202973,200,206,2006,VHSC-2026-01,2026-05-25,AVAILABLE,,36,f,2276500000,2.00,0,2230970000,50000000,49000000,24,12,2.50,0,f
20260630,202974,200,206,2007,VHSC-2026-01,2026-01-29,SOLD,2026-03-14,44,f,3209280000,2.00,0,3145094400,48000000,47040000,24,12,2.50,0,f
20260630,202975,200,206,2008,VHSC-2026-01,2026-02-14,AVAILABLE,,136,t,4230000000,2.00,0,4145400000,45000000,44100000,24,12,2.50,0,f
20260630,202976,200,206,2001,VHSC-2026-01,2026-02-20,SOLD,2026-04-07,46,f,1816100000,2.00,0,1779778000,55000000,53900000,24,12,2.50,0,f
20260630,202977,200,206,2002,VHSC-2026-01,2026-03-03,SOLD,2026-04-19,47,f,2181500000,2.00,0,2137870000,50000000,49000000,24,12,2.50,0,f
20260630,202978,200,206,2003,VHSC-2026-01,2026-03-14,BOOKED,,108,f,3136800000,2.00,0,3074064000,48000000,47040000,24,12,2.50,0,f
20260630,202979,200,206,2004,VHSC-2026-01,2026-03-25,SOLD,2026-05-13,49,f,4138200000,2.00,0,4055436000,45000000,44100000,24,12,2.50,0,f
20260630,202980,200,206,2005,VHSC-2026-01,2026-04-05,SOLD,2026-05-25,50,f,1817200000,2.00,0,1780856000,55000000,53900000,24,12,2.50,0,t
20260630,202981,200,206,2006,VHSC-2026-01,2026-01-11,SOLD,2026-03-03,51,f,2028500000,2.00,0,1987930000,50000000,49000000,24,12,2.50,0,f
20260630,202982,200,206,2007,VHSC-2026-01,2026-01-22,SOLD,2026-03-15,52,f,2954400000,2.00,0,2895312000,48000000,47040000,24,12,2.50,0,f
20260630,202983,200,206,2008,VHSC-2026-01,2026-02-02,SOLD,2026-03-27,53,f,3960000000,2.00,0,3880800000,45000000,44100000,24,12,2.50,0,f
20260630,202984,200,206,2001,VHSC-2026-01,2026-02-13,SOLD,2026-04-08,54,f,1873300000,2.00,0,1835834000,55000000,53900000,24,12,2.50,0,f
20260630,202985,200,207,2002,MOCK-LGL-01,2026-01-25,AVAILABLE,,156,t,3320640000,2.00,0,3254227200,48000000,47040000,24,12,2.50,0,f
20260630,202986,200,207,2003,MOCK-LGL-01,2026-02-01,AVAILABLE,,149,t,2937120000,2.00,0,2878377600,48000000,47040000,24,12,1.20,0,f
20260630,202987,200,207,2004,MOCK-LGL-01,2026-02-08,AVAILABLE,,142,t,2815680000,2.00,0,2759366400,48000000,47040000,24,12,2.50,0,f
20260630,202988,200,207,2005,MOCK-LGL-01,2026-02-15,AVAILABLE,,135,t,3210240000,2.00,0,3146035200,48000000,47040000,24,12,2.50,0,f
20260630,202989,200,207,2006,MOCK-LGL-01,2026-01-08,AVAILABLE,,173,t,3013920000,2.00,0,2953641600,48000000,47040000,24,12,2.50,0,f
20260630,202990,200,207,2007,MOCK-LGL-01,2026-01-15,AVAILABLE,,166,t,2863680000,2.00,0,2806406400,48000000,47040000,24,12,2.50,0,t
20260630,202991,200,207,2008,MOCK-LGL-01,2026-01-22,AVAILABLE,,159,t,3324000000,2.00,0,3257520000,48000000,47040000,24,12,2.50,0,f
20260630,202992,200,207,2001,MOCK-LGL-01,2026-01-29,AVAILABLE,,152,t,2814720000,2.00,0,2758425600,48000000,47040000,24,12,1.20,0,f
20260630,202993,200,207,2002,MOCK-LGL-01,2026-02-05,AVAILABLE,,145,t,3080640000,2.00,0,3019027200,48000000,47040000,24,12,2.50,0,f
20260630,202994,200,207,2003,MOCK-LGL-01,2026-02-12,AVAILABLE,,138,t,3117120000,2.00,0,3054777600,48000000,47040000,24,12,2.50,0,f
20260630,202995,200,207,2004,MOCK-LGL-01,2026-01-05,AVAILABLE,,176,t,3328320000,2.00,0,3261753600,48000000,47040000,24,12,2.50,0,f
20260630,202996,200,207,2005,MOCK-LGL-01,2026-01-12,AVAILABLE,,169,t,2939520000,2.00,0,2880729600,48000000,47040000,24,12,2.50,0,f
20260630,202997,200,207,2006,MOCK-LGL-01,2026-01-19,AVAILABLE,,162,t,3173760000,2.00,0,3110284800,48000000,47040000,24,12,2.50,0,f
20260630,202998,200,207,2007,MOCK-LGL-01,2026-01-26,AVAILABLE,,155,t,3081120000,2.00,0,3019497600,48000000,47040000,24,12,1.20,0,f
20260630,202999,200,207,2008,MOCK-LGL-01,2026-02-02,AVAILABLE,,148,t,3260640000,2.00,0,3195427200,48000000,47040000,24,12,2.50,0,f
20260630,203000,200,207,2001,MOCK-LGL-01,2026-02-09,AVAILABLE,,141,t,2796960000,2.00,0,2741020800,48000000,47040000,24,12,2.50,0,t
