funnel_event_id,date_key,unit_key,web_listing_views,inquiry_leads_count,site_visits_count,booking_reservations,booking_cancellations,cancellation_reason
40000000001,20260428,400002,376,6,2,0,0,
40000000002,20260505,400002,276,3,3,0,0,
40000000003,20260512,400002,317,9,3,1,0,
40000000004,20260519,400002,178,7,5,1,0,
40000000005,20260203,400009,205,2,1,0,0,
40000000006,20260210,400009,148,7,1,0,0,
40000000007,20260106,400015,24,0,0,0,0,
40000000008,20260217,400015,31,0,0,0,0,
40000000009,20260303,400015,30,2,0,0,0,
40000000010,20260428,400024,257,5,2,0,0,
40000000011,20260512,400024,328,4,3,1,0,
40000000012,20260519,400024,134,2,1,1,0,
40000000013,20260407,400038,379,2,1,0,0,
40000000014,20260414,400038,244,10,6,0,0,
40000000015,20260421,400038,164,3,2,1,0,
40000000016,20260602,400044,369,3,3,0,0,
40000000017,20260623,400044,172,9,2,1,0,
40000000018,20260505,400051,385,5,4,0,0,
40000000019,20260512,400051,215,3,3,1,0,
40000000020,20260519,400051,313,4,2,1,0,
40000000021,20260106,400053,37,1,1,0,0,
40000000022,20260203,400053,45,0,0,0,0,
40000000023,20260210,400053,22,2,1,0,0,
40000000024,20260317,400053,21,0,0,0,0,
40000000025,20260331,400053,35,0,0,0,0,
40000000026,20260623,400053,34,2,1,0,0,
40000000027,20260428,400055,137,4,2,0,0,
40000000028,20260519,400055,164,2,1,1,0,
40000000029,20260203,400069,146,6,6,0,0,
40000000030,20260210,400069,278,6,3,1,0,
40000000031,20260210,400070,33,2,0,0,0,
40000000032,20260224,400070,25,2,0,0,0,
40000000033,20260331,400070,28,1,1,0,0,
40000000034,20260414,400070,9,2,1,0,0,
40000000035,20260609,400070,12,0,0,0,0,
40000000036,20260616,400070,12,2,0,0,0,
40000000037,20260127,400073,122,8,5,0,0,
40000000038,20260203,400073,273,10,5,1,0,
40000000039,20260210,400073,226,7,3,1,0,
40000000040,20260217,400089,33,2,2,0,0,
40000000041,20260224,400089,36,0,0,0,0,
40000000042,20260512,400089,14,2,1,0,0,
40000000043,20260526,400089,30,0,0,0,0,
40000000044,20260602,400089,20,1,1,0,0,
40000000045,20260623,400089,31,1,0,0,0,
40000000046,20260428,400090,278,7,6,0,0,
40000000047,20260505,400090,288,5,3,0,0,
40000000048,20260512,400090,250,9,7,1,0,
40000000049,20260519,400090,271,4,1,1,0,
40000000050,20260106,400093,598,21,19,0,0,
40000000051,20260127,400093,624,31,24,0,0,
40000000052,20260303,400093,651,23,23,2,1,PRICE_TOO_HIGH
40000000053,20260512,400093,585,30,24,3,2,LOAN_REJECTED
40000000054,20260609,400093,546,32,22,0,0,
40000000055,20260616,400093,692,28,20,0,0,
40000000056,20260331,400094,185,4,4,0,0,
40000000057,20260407,400094,140,9,8,0,0,
40000000058,20260414,400094,248,3,3,1,0,
40000000059,20260421,400094,204,7,7,1,0,
40000000060,20260127,400108,292,9,6,0,0,
40000000061,20260210,400108,341,4,4,1,0,
40000000062,20260217,400108,271,6,1,1,0,
40000000063,20260224,400112,357,6,3,0,0,
40000000064,20260303,400112,161,10,1,0,0,
40000000065,20260310,400112,261,5,1,1,0,
40000000066,20260317,400112,301,2,1,1,0,
40000000067,20260217,400113,175,6,5,0,0,
40000000068,20260224,400113,367,6,1,1,0,
40000000069,20260120,400116,22,2,0,0,0,
40000000070,20260217,400116,16,1,0,0,0,
40000000071,20260331,400116,6,2,2,0,0,
40000000072,20260407,400116,23,2,0,0,0,
40000000073,20260414,400116,8,1,0,0,0,
40000000074,20260526,400116,31,2,1,0,0,
40000000075,20260602,400116,38,0,0,0,0,
40000000076,20260127,400130,169,10,9,0,0,
40000000077,20260203,400130,248,5,3,0,0,
40000000078,20260210,400130,404,2,1,1,0,
40000000079,20260217,400130,240,6,1,1,0,
40000000080,20260106,400131,91,7,5,0,0,
40000000081,20260428,400131,207,4,2,0,0,
40000000082,20260505,400131,63,6,6,0,0,
40000000083,20260519,400131,217,3,1,0,0,
40000000084,20260623,400131,64,1,1,0,0,
40000000085,20260317,400134,146,10,10,0,0,
40000000086,20260407,400134,166,5,3,1,0,
40000000087,20260106,400150,232,7,6,0,0,
40000000088,20260224,400150,76,6,5,0,0,
40000000089,20260331,400150,182,5,4,0,0,
40000000090,20260428,400150,89,5,4,0,0,
40000000091,20260505,400150,251,7,5,0,0,
40000000092,20260519,400150,245,7,5,0,0,
40000000093,20260526,400150,235,3,3,0,0,
40000000094,20260106,400159,383,3,2,1,0,
40000000095,20260113,400159,216,2,1,1,0,
40000000096,20260113,400165,267,8,2,0,0,
40000000097,20260127,400165,226,3,3,1,0,
40000000098,20260106,400166,370,4,2,1,0,
40000000099,20260113,400166,204,7,2,1,0,
40000000100,20260414,400178,217,4,4,0,0,
40000000101,20260428,400178,177,7,3,1,0,
40000000102,20260317,400183,294,2,2,0,0,
40000000103,20260324,400183,293,8,6,0,0,
40000000104,20260331,400183,319,3,3,1,0,
40000000105,20260407,400183,384,10,6,1,0,
40000000106,20260120,400188,171,3,2,1,0,
40000000107,20260203,400188,189,7,3,0,0,
40000000108,20260210,400188,84,5,3,0,0,
40000000109,20260324,400188,279,1,1,0,0,
40000000110,20260331,400188,111,1,1,0,0,
40000000111,20260414,400188,196,3,1,0,0,
40000000112,20260512,400188,178,4,3,0,0,
40000000113,20260526,400188,155,6,1,0,0,
40000000114,20260602,400188,64,3,3,1,0,
40000000115,20260609,400188,149,2,2,0,0,
40000000116,20260113,400208,44,0,0,0,0,
40000000117,20260120,400208,38,2,0,0,0,
40000000118,20260421,400208,19,1,0,0,0,
40000000119,20260623,400208,36,2,0,0,0,
40000000120,20260630,400208,15,0,0,0,0,
40000000121,20260106,400218,31,2,1,0,0,
40000000122,20260217,400218,28,2,2,0,0,
40000000123,20260310,400218,23,0,0,0,0,
40000000124,20260324,400218,14,1,0,0,0,
40000000125,20260512,400218,28,2,2,0,0,
40000000126,20260630,400218,29,1,1,0,0,
40000000127,20260421,400220,243,4,1,0,0,
40000000128,20260428,400220,205,7,3,0,0,
40000000129,20260505,400220,261,9,3,1,0,
40000000130,20260512,400220,395,9,7,1,0,
40000000131,20260407,400241,360,2,2,0,0,
40000000132,20260414,400241,399,8,3,1,0,
40000000133,20260310,400252,141,2,2,0,0,
40000000134,20260324,400252,246,2,1,1,0,
40000000135,20260331,400252,262,5,3,1,0,
40000000136,20260210,400256,45,1,1,0,0,
40000000137,20260310,400256,15,1,1,0,0,
40000000138,20260421,400256,29,0,0,0,0,
40000000139,20260519,400256,15,2,0,0,0,
40000000140,20260630,400256,9,0,0,0,0,
40000000141,20260407,400258,169,8,2,0,0,
40000000142,20260414,400258,232,8,6,1,0,
40000000143,20260428,400260,272,10,4,0,0,
40000000144,20260512,400260,125,7,7,1,0,
40000000145,20260519,400260,398,8,5,1,0,
40000000146,20260303,400266,238,7,2,1,0,
40000000147,20260310,400266,105,3,3,0,0,
40000000148,20260407,400266,203,3,3,0,0,
40000000149,20260421,400266,64,2,1,0,0,
40000000150,20260505,400266,275,1,1,0,0,
40000000151,20260519,400266,166,2,1,1,0,
40000000152,20260526,400266,72,3,3,0,0,
40000000153,20260210,400267,344,4,1,0,0,
40000000154,20260217,400267,172,6,5,0,0,
40000000155,20260224,400267,327,6,4,1,0,
40000000156,20260106,400283,151,6,6,0,0,
40000000157,20260113,400283,150,1,1,0,0,
40000000158,20260127,400283,275,4,3,0,0,
40000000159,20260203,400283,104,3,1,0,0,
40000000160,20260217,400283,228,6,5,0,0,
40000000161,20260224,400283,63,3,1,0,0,
40000000162,20260526,400283,159,7,2,0,0,
40000000163,20260203,400288,336,5,3,0,0,
40000000164,20260217,400288,268,7,7,1,0,
40000000165,20260224,400288,123,4,4,1,0,
40000000166,20260602,400290,415,9,2,0,0,
40000000167,20260609,400290,370,7,4,0,0,
40000000168,20260616,400290,125,3,2,1,0,
40000000169,20260623,400290,401,3,1,1,0,
40000000170,20260106,400294,175,1,1,1,1,DEFECT_FOUND
40000000171,20260210,400294,94,5,1,0,0,
40000000172,20260303,400294,102,4,1,0,0,
40000000173,20260623,400294,176,5,4,0,0,
40000000174,20260310,400303,142,3,3,0,0,
40000000175,20260324,400303,251,8,2,1,0,
40000000176,20260331,400303,145,5,1,1,0,
40000000177,20260106,400306,20,1,1,0,0,
40000000178,20260210,400306,31,2,2,0,0,
40000000179,20260407,400306,17,2,1,0,0,
40000000180,20260414,400306,30,1,1,0,0,
40000000181,20260512,400306,30,1,1,0,0,
40000000182,20260519,400306,7,0,0,0,0,
40000000183,20260526,400306,19,2,0,0,0,
40000000184,20260602,400306,12,0,0,0,0,
40000000185,20260623,400306,7,0,0,0,0,
40000000186,20260106,400307,27,2,2,0,0,
40000000187,20260120,400307,42,2,0,0,0,
40000000188,20260203,400307,45,2,0,0,0,
40000000189,20260224,400307,35,1,0,0,0,
40000000190,20260331,400307,6,2,0,0,0,
40000000191,20260407,400307,5,2,0,0,0,
40000000192,20260602,400307,13,2,2,0,0,
40000000193,20260303,400314,130,2,1,0,0,
40000000194,20260310,400314,151,4,2,0,0,
40000000195,20260407,400326,213,8,1,0,0,
40000000196,20260414,400326,219,3,2,0,0,
40000000197,20260428,400326,253,9,4,1,0,
40000000198,20260113,400350,243,5,1,0,0,
40000000199,20260120,400350,341,7,2,0,0,
40000000200,20260127,400350,317,2,1,1,0,
40000000201,20260203,400350,414,5,4,1,0,
40000000202,20260310,400366,22,0,0,0,0,
40000000203,20260407,400366,44,1,1,0,0,
40000000204,20260512,400366,5,2,1,0,0,
40000000205,20260602,400366,42,0,0,0,0,
40000000206,20260127,400367,252,7,4,1,0,
40000000207,20260203,400367,316,9,3,1,0,
40000000208,20260414,400399,406,10,4,0,0,
40000000209,20260428,400399,293,8,7,1,0,
40000000210,20260505,400399,168,5,5,1,0,
40000000211,20260120,400404,192,3,2,0,0,
40000000212,20260317,400404,279,2,1,0,0,
40000000213,20260407,400404,181,5,4,0,0,
40000000214,20260414,400404,190,6,6,1,1,PRICE_TOO_HIGH
40000000215,20260421,400404,157,4,2,0,0,
40000000216,20260512,400404,220,1,1,0,0,
40000000217,20260526,400404,105,7,4,0,0,
40000000218,20260602,400404,289,3,1,0,0,
40000000219,20260616,400404,210,7,4,0,0,
40000000220,20260630,400404,144,6,3,0,0,
40000000221,20260217,400422,173,3,2,0,0,
40000000222,20260303,400422,376,3,1,1,0,
40000000223,20260310,400422,180,8,6,1,0,
40000000224,20260224,400429,144,7,3,0,0,
40000000225,20260303,400429,377,6,4,0,0,
40000000226,20260310,400429,254,5,1,1,0,
40000000227,20260317,400429,217,7,6,1,0,
40000000228,20260106,400432,29,0,0,0,0,
40000000229,20260224,400432,29,1,1,0,0,
40000000230,20260609,400432,14,2,1,0,0,
40000000231,20260414,400433,167,5,4,0,0,
40000000232,20260421,400433,171,7,7,0,0,
40000000233,20260428,400433,415,9,5,1,0,
40000000234,20260505,400433,380,3,3,1,0,
40000000235,20260217,400437,5,0,0,0,0,
40000000236,20260310,400437,40,2,2,0,0,
40000000237,20260414,400437,16,0,0,0,0,
40000000238,20260519,400437,18,1,0,0,0,
40000000239,20260609,400437,31,1,1,0,0,
40000000240,20260421,400446,309,3,3,0,0,
40000000241,20260428,400446,282,7,3,0,0,
40000000242,20260505,400446,142,8,3,1,0,
40000000243,20260512,400446,318,7,7,1,0,
40000000244,20260120,400448,14,1,1,0,0,
40000000245,20260217,400448,16,2,1,0,0,
40000000246,20260303,400448,8,2,2,0,0,
40000000247,20260526,400448,17,1,1,0,0,
40000000248,20260630,400448,5,2,1,0,0,
40000000249,20260303,400457,274,5,3,0,0,
40000000250,20260310,400457,227,8,4,0,0,
40000000251,20260317,400457,242,2,1,1,0,
40000000252,20260324,400457,367,2,1,1,0,
40000000253,20260324,400463,178,8,6,0,0,
40000000254,20260331,400463,275,4,1,0,0,
40000000255,20260407,400463,201,10,7,1,0,
40000000256,20260414,400463,163,3,3,1,0,
40000000257,20260217,400467,409,8,1,1,0,
40000000258,20260224,400467,250,3,2,1,0,
40000000259,20260106,400486,265,8,6,0,0,
40000000260,20260113,400486,396,6,1,0,0,
40000000261,20260120,400486,256,6,3,1,0,
40000000262,20260526,400490,362,8,1,0,0,
40000000263,20260602,400490,246,5,4,0,0,
40000000264,20260609,400490,346,9,9,1,0,
40000000265,20260331,400512,159,2,2,0,0,
40000000266,20260414,400512,403,7,1,1,0,
40000000267,20260210,400514,93,6,3,0,0,
40000000268,20260303,400514,103,7,7,0,0,
40000000269,20260310,400514,287,2,2,1,0,
40000000270,20260317,400514,299,6,2,0,0,
40000000271,20260512,400514,112,4,1,0,0,
40000000272,20260609,400514,169,1,1,0,0,
40000000273,20260623,400514,190,4,4,0,0,
40000000274,20260428,400541,414,5,3,0,0,
40000000275,20260505,400541,272,4,4,0,0,
40000000276,20260512,400541,329,6,4,1,0,
40000000277,20260519,400541,411,10,3,1,0,
40000000278,20260512,400547,309,8,3,0,0,
40000000279,20260519,400547,387,5,1,0,0,
40000000280,20260526,400547,269,3,1,1,0,
40000000281,20260602,400547,181,9,6,1,0,
40000000282,20260505,400548,234,6,3,0,0,
40000000283,20260512,400548,419,5,2,0,0,
40000000284,20260526,400548,389,8,3,1,0,
40000000285,20260113,400554,10,2,2,0,0,
40000000286,20260127,400554,38,0,0,0,0,
40000000287,20260407,400554,19,1,1,0,0,
40000000288,20260512,400554,8,2,1,0,0,
40000000289,20260602,400554,32,0,0,0,0,
40000000290,20260609,400554,32,2,1,0,0,
40000000291,20260616,400554,38,0,0,0,0,
40000000292,20260414,400557,278,2,1,1,0,
40000000293,20260421,400557,420,2,1,1,0,
40000000294,20260421,400566,207,3,3,0,0,
40000000295,20260428,400566,299,3,3,0,0,
40000000296,20260505,400566,186,4,4,1,0,
40000000297,20260512,400566,270,5,3,1,0,
40000000298,20260303,400577,128,9,6,1,0,
40000000299,20260310,400577,136,6,2,1,0,
40000000300,20260407,400579,397,5,2,0,0,
40000000301,20260414,400579,245,5,1,0,0,
40000000302,20260421,400579,153,3,1,1,0,
40000000303,20260428,400579,125,4,1,1,0,
40000000304,20260609,400585,340,8,2,1,0,
40000000305,20260616,400585,340,3,2,1,0,
40000000306,20260127,400593,308,6,2,0,0,
40000000307,20260203,400593,365,9,6,0,0,
40000000308,20260210,400593,271,2,2,1,0,
40000000309,20260217,400593,400,8,2,1,0,
40000000310,20260526,400597,343,9,8,0,0,
40000000311,20260609,400597,397,4,2,1,0,
40000000312,20260616,400597,321,6,1,1,0,
40000000313,20260505,400606,314,9,5,0,0,
40000000314,20260512,400606,376,2,2,0,0,
40000000315,20260519,400606,266,3,2,1,0,
40000000316,20260526,400606,281,2,1,1,0,
40000000317,20260217,400609,11,2,0,0,0,
40000000318,20260303,400609,27,1,1,0,0,
40000000319,20260407,400609,10,0,0,0,0,
40000000320,20260512,400609,15,1,1,0,0,
40000000321,20260519,400609,45,0,0,0,0,
40000000322,20260616,400609,39,1,1,0,0,
40000000323,20260120,400623,20,2,1,0,0,
40000000324,20260210,400623,29,2,1,0,0,
40000000325,20260317,400623,25,2,2,0,0,
40000000326,20260519,400623,26,1,1,0,0,
40000000327,20260623,400623,10,2,1,0,0,
40000000328,20260120,400629,174,4,1,0,0,
40000000329,20260127,400629,397,7,5,0,0,
40000000330,20260203,400629,252,3,3,1,0,
40000000331,20260210,400629,131,10,1,1,0,
40000000332,20260317,400635,382,9,4,0,0,
40000000333,20260324,400635,270,5,2,0,0,
40000000334,20260331,400635,313,5,5,1,0,
40000000335,20260106,400637,153,9,7,1,0,
40000000336,20260113,400637,291,6,4,1,0,
40000000337,20260106,400639,223,6,3,0,0,
40000000338,20260113,400639,311,8,6,1,0,
40000000339,20260120,400639,152,3,1,1,0,
40000000340,20260113,400649,22,2,0,0,0,
40000000341,20260224,400649,40,2,0,0,0,
40000000342,20260526,400649,6,1,0,0,0,
40000000343,20260127,400668,133,5,5,0,0,
40000000344,20260210,400668,271,5,1,1,0,
40000000345,20260106,400681,196,2,1,0,0,
40000000346,20260113,400681,122,10,4,0,0,
40000000347,20260127,400681,251,6,5,1,0,
40000000348,20260120,400694,266,4,2,0,0,
40000000349,20260203,400694,156,1,1,0,0,
40000000350,20260224,400694,141,7,3,0,0,
40000000351,20260303,400694,259,7,7,0,0,
40000000352,20260324,400694,226,6,2,0,0,
40000000353,20260407,400694,185,1,1,0,0,
40000000354,20260421,400694,244,3,3,0,0,
40000000355,20260616,400694,161,1,1,0,0,
40000000356,20260623,400694,172,3,3,0,0,
40000000357,20260505,400695,226,10,4,0,0,
40000000358,20260519,400695,337,6,2,1,0,
40000000359,20260106,400708,351,5,3,0,0,
40000000360,20260113,400708,246,2,2,0,0,
40000000361,20260120,400708,295,9,4,1,0,
40000000362,20260113,400714,382,6,3,0,0,
40000000363,20260120,400714,142,6,3,0,0,
40000000364,20260303,400715,189,4,3,0,0,
40000000365,20260310,400715,400,5,3,0,0,
40000000366,20260324,400715,288,8,8,1,0,
40000000367,20260602,400729,284,8,5,0,0,
40000000368,20260609,400729,237,4,1,1,0,
40000000369,20260616,400729,264,3,1,1,0,
40000000370,20260210,400730,12,1,1,0,0,
40000000371,20260526,400730,30,2,2,0,0,
40000000372,20260616,400730,10,1,1,0,0,
40000000373,20260623,400730,11,0,0,0,0,
40000000374,20260630,400730,40,2,2,0,0,
40000000375,20260120,400739,420,2,1,0,0,
40000000376,20260127,400739,372,6,4,0,0,
40000000377,20260203,400739,168,7,3,1,0,
40000000378,20260210,400739,281,9,7,1,0,
40000000379,20260106,400746,12,1,1,0,0,
40000000380,20260310,400746,35,1,1,0,0,
40000000381,20260324,400746,5,2,1,0,0,
40000000382,20260623,400746,11,0,0,0,0,
40000000383,20260630,400746,33,2,1,0,0,
40000000384,20260106,400752,39,0,0,0,0,
40000000385,20260217,400752,30,1,0,0,0,
40000000386,20260303,400752,33,1,1,0,0,
40000000387,20260324,400752,35,1,1,0,0,
40000000388,20260407,400752,42,1,1,0,0,
40000000389,20260428,400752,20,0,0,0,0,
40000000390,20260519,400752,16,0,0,0,0,
40000000391,20260512,400764,264,8,1,0,0,
40000000392,20260519,400764,402,8,6,0,0,
40000000393,20260526,400764,183,4,4,1,0,
40000000394,20260602,400764,409,4,3,1,0,
40000000395,20260210,400769,362,8,7,0,0,
40000000396,20260217,400769,255,7,5,0,0,
40000000397,20260224,400769,189,3,1,1,0,
40000000398,20260303,400769,371,6,1,1,0,
40000000399,20260519,400771,150,8,1,0,0,
40000000400,20260602,400771,393,5,2,1,0,
40000000401,20260310,400776,237,3,3,0,0,
40000000402,20260317,400776,336,6,2,1,0,
40000000403,20260217,400784,7,1,1,0,0,
40000000404,20260324,400784,42,0,0,0,0,
40000000405,20260421,400784,23,2,1,0,0,
40000000406,20260505,400784,12,0,0,0,0,
40000000407,20260512,400784,13,0,0,0,0,
40000000408,20260602,400784,31,0,0,0,0,
40000000409,20260609,400784,12,2,2,0,0,
40000000410,20260630,400784,13,0,0,0,0,
40000000411,20260217,400786,358,3,3,0,0,
40000000412,20260224,400786,202,9,8,0,0,
40000000413,20260303,400786,159,2,2,1,0,
40000000414,20260310,400786,410,10,6,1,0,
40000000415,20260217,400790,330,7,2,0,0,
40000000416,20260224,400790,239,5,4,0,0,
40000000417,20260303,400790,408,5,5,1,0,
40000000418,20260310,400790,287,6,2,1,0,
40000000419,20260106,400794,227,10,4,0,0,
40000000420,20260113,400794,284,5,4,0,0,
40000000421,20260120,400794,292,6,5,1,0,
40000000422,20260127,400794,342,9,5,1,0,
40000000423,20260324,400795,342,5,2,0,0,
40000000424,20260407,400795,185,2,1,1,0,
40000000425,20260414,400795,364,2,2,1,0,
40000000426,20260331,400799,168,5,1,0,0,
40000000427,20260407,400799,374,9,4,0,0,
40000000428,20260414,400799,308,4,1,1,0,
40000000429,20260421,400799,372,7,1,1,0,
40000000430,20260203,400800,296,6,5,0,0,
40000000431,20260310,400800,137,4,4,1,0,
40000000432,20260317,400800,90,5,2,0,0,
40000000433,20260602,400800,295,4,3,0,0,
40000000434,20260414,400805,282,10,4,0,0,
40000000435,20260421,400805,402,9,4,0,0,
40000000436,20260428,400805,179,6,4,1,0,
40000000437,20260505,400805,404,5,4,1,0,
40000000438,20260310,400833,146,5,3,0,0,
40000000439,20260317,400833,153,3,1,0,0,
40000000440,20260324,400833,157,5,2,1,0,
40000000441,20260331,400833,241,4,2,1,0,
40000000442,20260519,400834,420,2,2,0,0,
40000000443,20260602,400834,190,5,3,1,0,
40000000444,20260106,400842,41,0,0,0,0,
40000000445,20260127,400842,43,1,0,0,0,
40000000446,20260210,400842,16,0,0,0,0,
40000000447,20260324,400842,18,2,2,0,0,
40000000448,20260414,400842,20,2,2,0,0,
40000000449,20260428,400842,26,0,0,0,0,
40000000450,20260526,400842,38,0,0,0,0,
40000000451,20260428,400851,397,10,4,0,0,
40000000452,20260505,400851,206,4,4,0,0,
40000000453,20260428,400857,367,6,5,0,0,
40000000454,20260505,400857,292,5,3,0,0,
40000000455,20260512,400857,328,9,6,1,0,
40000000456,20260331,400866,360,10,3,0,0,
40000000457,20260407,400866,215,3,1,0,0,
40000000458,20260414,400866,264,10,9,1,0,
40000000459,20260421,400866,212,5,2,1,0,
40000000460,20260120,400875,262,7,4,0,0,
40000000461,20260127,400875,213,2,1,0,0,
40000000462,20260203,400875,286,9,8,1,0,
40000000463,20260210,400875,221,3,1,1,0,
40000000464,20260407,400884,318,6,6,0,0,
40000000465,20260414,400884,358,8,7,1,0,
40000000466,20260421,400884,223,8,3,1,0,
40000000467,20260421,400885,157,7,3,0,0,
40000000468,20260428,400885,207,6,6,0,0,
40000000469,20260505,400885,285,4,4,1,0,
40000000470,20260106,400889,301,5,4,0,0,
40000000471,20260113,400889,254,5,3,0,0,
40000000472,20260120,400889,128,9,3,1,0,
40000000473,20260210,400898,182,4,4,0,0,
40000000474,20260217,400898,256,9,3,0,0,
40000000475,20260224,400898,272,8,1,1,0,
40000000476,20260303,400898,373,3,1,1,0,
40000000477,20260106,400899,23,2,1,0,0,
40000000478,20260113,400899,27,2,0,0,0,
40000000479,20260210,400899,5,2,1,0,0,
40000000480,20260310,400899,16,1,1,0,0,
40000000481,20260331,400899,35,1,1,0,0,
40000000482,20260407,400899,15,2,0,0,0,
40000000483,20260602,400899,15,0,0,0,0,
40000000484,20260609,400899,35,2,1,0,0,
40000000485,20260106,400912,42,0,0,0,0,
40000000486,20260127,400912,39,0,0,0,0,
40000000487,20260203,400912,13,1,0,0,0,
40000000488,20260210,400912,13,2,1,0,0,
40000000489,20260331,400912,36,2,2,0,0,
40000000490,20260421,400912,41,0,0,0,0,
40000000491,20260505,400912,45,2,1,0,0,
40000000492,20260609,400912,30,0,0,0,0,
40000000493,20260623,400912,21,0,0,0,0,
40000000494,20260331,400913,256,3,1,0,0,
40000000495,20260414,400913,175,4,3,1,0,
40000000496,20260421,400913,406,7,5,1,0,
40000000497,20260324,400931,336,7,7,0,0,
40000000498,20260331,400931,223,5,3,0,0,
40000000499,20260414,400931,130,7,3,1,0,
40000000500,20260609,400932,271,5,4,0,0,
40000000501,20260616,400932,419,6,5,1,0,
40000000502,20260210,400936,125,3,3,0,0,
40000000503,20260217,400936,281,10,6,0,0,
40000000504,20260224,400936,138,8,4,1,0,
40000000505,20260303,400936,271,5,3,1,0,
40000000506,20260106,400950,37,0,0,0,0,
40000000507,20260331,400950,34,1,1,0,0,
40000000508,20260407,400950,9,1,0,0,0,
40000000509,20260428,400950,6,0,0,0,0,
40000000510,20260505,400950,34,0,0,0,0,
40000000511,20260526,400950,9,0,0,0,0,
40000000512,20260113,400954,17,0,0,0,0,
40000000513,20260210,400954,17,0,0,0,0,
40000000514,20260217,400954,19,0,0,0,0,
40000000515,20260310,400954,42,0,0,0,0,
40000000516,20260407,400954,37,0,0,0,0,
40000000517,20260428,400957,387,7,3,1,0,
40000000518,20260505,400957,380,6,6,1,0,
40000000519,20260414,400960,398,6,4,0,0,
40000000520,20260421,400960,164,5,4,1,0,
40000000521,20260428,400960,209,8,5,1,0,
40000000522,20260106,400961,21,2,1,0,0,
40000000523,20260120,400961,21,2,0,0,0,
40000000524,20260224,400961,35,1,1,0,0,
40000000525,20260303,400961,35,2,1,0,0,
40000000526,20260324,400961,33,0,0,0,0,
40000000527,20260414,400961,33,1,1,0,0,
40000000528,20260609,400961,14,0,0,0,0,
40000000529,20260113,400963,215,2,2,0,0,
40000000530,20260127,400963,90,7,3,0,0,
40000000531,20260203,400963,286,5,4,0,0,
40000000532,20260217,400963,232,2,1,0,0,
40000000533,20260303,400963,193,5,2,0,0,
40000000534,20260331,400963,235,4,3,0,0,
40000000535,20260407,400963,283,1,1,0,0,
40000000536,20260526,400963,65,1,1,0,0,
40000000537,20260623,400963,129,2,2,0,0,
40000000538,20260414,400966,222,10,3,0,0,
40000000539,20260421,400966,250,2,1,0,0,
40000000540,20260428,400966,133,3,1,1,0,
40000000541,20260505,400966,365,5,3,1,0,
40000000542,20260602,400967,241,10,1,0,0,
40000000543,20260623,400967,227,9,4,1,0,
40000000544,20260421,400974,277,10,5,0,0,
40000000545,20260428,400974,304,9,4,0,0,
40000000546,20260505,400974,394,6,6,1,0,
40000000547,20260512,400974,220,7,7,1,0,
40000000548,20260224,400975,245,2,1,0,0,
40000000549,20260303,400975,133,9,3,0,0,
40000000550,20260310,400975,410,3,2,1,0,
40000000551,20260317,400975,296,7,7,1,0,
40000000552,20260303,400981,288,4,2,0,0,
40000000553,20260310,400981,225,2,1,0,0,
40000000554,20260106,400988,167,7,1,0,0,
40000000555,20260113,400988,267,6,3,0,0,
40000000556,20260120,400988,210,7,5,1,0,
40000000557,20260127,400988,387,8,4,1,0,
40000000558,20260602,400991,136,6,3,0,0,
40000000559,20260609,400991,289,9,4,0,0,
40000000560,20260616,400991,203,4,2,1,0,
40000000561,20260623,400991,213,5,2,1,0,
40000000562,20260106,400992,252,2,1,0,0,
40000000563,20260113,400992,364,8,3,1,0,
40000000564,20260120,400992,162,2,2,1,0,
40000000565,20260310,401000,25,1,1,0,0,
40000000566,20260324,401000,7,0,0,0,0,
40000000567,20260407,401000,38,0,0,0,0,
40000000568,20260421,401000,40,0,0,0,0,
40000000569,20260512,401000,5,2,1,0,0,
40000000570,20260526,401000,5,0,0,0,0,
40000000571,20260602,401000,44,1,1,0,0,
40000000572,20260616,401000,6,1,0,0,0,
40000000573,20260331,401004,304,4,1,0,0,
40000000574,20260407,401004,369,8,2,0,0,
40000000575,20260414,401004,287,7,4,1,0,
40000000576,20260210,401027,275,10,4,0,0,
40000000577,20260224,401027,317,3,3,1,0,
40000000578,20260512,401035,373,8,6,1,0,
40000000579,20260519,401035,214,2,2,1,0,
40000000580,20260505,401041,173,6,3,0,0,
40000000581,20260512,401041,348,9,6,0,0,
40000000582,20260602,401050,344,3,3,0,0,
40000000583,20260609,401050,170,10,3,0,0,
40000000584,20260616,401050,126,8,4,1,0,
40000000585,20260623,401050,385,5,1,1,0,
40000000586,20260414,401067,193,4,4,0,0,
40000000587,20260421,401067,170,9,1,0,0,
40000000588,20260428,401067,158,7,5,1,0,
40000000589,20260505,401067,408,3,2,1,0,
40000000590,20260113,401076,27,1,0,0,0,
40000000591,20260120,401076,7,2,2,0,0,
40000000592,20260127,401076,39,1,1,0,0,
40000000593,20260203,401076,12,2,0,0,0,
40000000594,20260303,401076,27,1,1,0,0,
40000000595,20260428,401076,34,0,0,0,0,
40000000596,20260317,401081,283,8,1,0,0,
40000000597,20260331,401081,158,10,6,1,0,
40000000598,20260113,401084,20,1,1,0,0,
40000000599,20260127,401084,24,2,2,0,0,
40000000600,20260217,401084,32,0,0,0,0,
40000000601,20260317,401084,42,2,0,0,0,
40000000602,20260505,401084,28,1,1,0,0,
40000000603,20260526,401084,11,0,0,0,0,
40000000604,20260630,401084,35,0,0,0,0,
40000000605,20260113,401090,35,0,0,0,0,
40000000606,20260120,401090,14,2,1,0,0,
40000000607,20260203,401090,32,0,0,0,0,
40000000608,20260331,401090,34,2,1,0,0,
40000000609,20260421,401090,45,0,0,0,0,
40000000610,20260505,401090,18,1,1,0,0,
40000000611,20260616,401090,37,0,0,0,0,
40000000612,20260106,401091,20,2,2,0,0,
40000000613,20260324,401091,23,1,0,0,0,
40000000614,20260414,401091,13,2,0,0,0,
40000000615,20260512,401091,5,2,2,0,0,
40000000616,20260623,401091,34,0,0,0,0,
40000000617,20260106,401094,413,4,4,0,0,
40000000618,20260113,401094,345,2,2,1,0,
40000000619,20260303,401095,20,1,1,0,0,
40000000620,20260421,401095,29,0,0,0,0,
40000000621,20260428,401095,27,1,0,0,0,
40000000622,20260505,401095,37,0,0,0,0,
40000000623,20260519,401095,5,0,0,0,0,
40000000624,20260317,401098,176,7,3,0,0,
40000000625,20260324,401098,179,7,2,0,0,
40000000626,20260331,401098,294,3,2,1,0,
40000000627,20260113,401099,387,4,1,0,0,
40000000628,20260120,401099,270,4,1,1,0,
40000000629,20260127,401099,209,8,4,1,0,
40000000630,20260120,401109,411,2,2,0,0,
40000000631,20260203,401109,406,4,3,1,0,
40000000632,20260210,401112,10,1,0,0,0,
40000000633,20260217,401112,21,0,0,0,0,
40000000634,20260303,401112,40,1,1,0,0,
40000000635,20260317,401112,14,2,1,0,0,
40000000636,20260407,401112,45,1,0,0,0,
40000000637,20260505,401112,34,2,2,0,0,
40000000638,20260512,401112,28,0,0,0,0,
40000000639,20260526,401112,21,0,0,0,0,
40000000640,20260602,401116,167,2,2,0,0,
40000000641,20260616,401116,404,4,3,1,0,
40000000642,20260113,401118,44,2,1,0,0,
40000000643,20260217,401118,26,0,0,0,0,
40000000644,20260303,401118,42,1,0,0,0,
40000000645,20260324,401118,5,0,0,0,0,
40000000646,20260331,401118,26,2,1,0,0,
40000000647,20260421,401118,19,2,1,0,0,
40000000648,20260526,401118,10,0,0,0,0,
40000000649,20260616,401118,39,0,0,0,0,
40000000650,20260428,401130,156,9,8,0,0,
40000000651,20260512,401130,120,9,4,1,0,
40000000652,20260519,401130,267,6,1,1,0,
40000000653,20260113,401132,28,1,0,0,0,
40000000654,20260217,401132,43,1,0,0,0,
40000000655,20260224,401132,38,1,1,0,0,
40000000656,20260310,401132,22,1,0,0,0,
40000000657,20260331,401132,21,0,0,0,0,
40000000658,20260428,401132,37,1,0,0,0,
40000000659,20260505,401132,9,1,0,0,0,
40000000660,20260616,401132,38,0,0,0,0,
40000000661,20260127,401134,266,6,4,0,0,
40000000662,20260203,401134,172,8,1,1,0,
40000000663,20260113,401143,26,0,0,0,0,
40000000664,20260421,401143,6,1,1,0,0,
40000000665,20260505,401143,38,1,1,0,0,
40000000666,20260519,401143,7,1,1,0,0,
40000000667,20260623,401143,40,0,0,0,0,
40000000668,20260224,401154,226,10,9,1,0,
40000000669,20260303,401154,366,5,4,1,0,
40000000670,20260106,401157,105,1,1,0,0,
40000000671,20260303,401157,76,7,2,0,0,
40000000672,20260414,401157,79,2,1,0,0,
40000000673,20260616,401157,266,6,2,0,0,
40000000674,20260505,401160,311,6,4,0,0,
40000000675,20260519,401160,237,10,7,1,0,
40000000676,20260217,401167,334,5,4,0,0,
40000000677,20260224,401167,230,2,1,0,0,
40000000678,20260106,401170,200,6,5,0,0,
40000000679,20260120,401170,176,4,3,0,0,
40000000680,20260217,401170,241,3,3,0,0,
40000000681,20260303,401170,114,3,2,0,0,
40000000682,20260324,401170,79,5,3,0,0,
40000000683,20260331,401170,70,4,4,0,0,
40000000684,20260407,401170,287,1,1,0,0,
40000000685,20260414,401170,238,4,3,0,0,
40000000686,20260505,401170,80,1,1,0,0,
40000000687,20260609,401170,221,1,1,0,0,
40000000688,20260106,401178,12,1,0,0,0,
40000000689,20260217,401178,34,1,0,0,0,
40000000690,20260421,401178,30,1,1,0,0,
40000000691,20260602,401178,20,1,1,0,0,
40000000692,20260310,401183,76,6,3,0,0,
40000000693,20260407,401183,68,1,1,0,0,
40000000694,20260616,401183,76,6,3,0,0,
40000000695,20260113,401189,195,1,1,0,0,
40000000696,20260317,401189,217,1,1,1,0,
40000000697,20260324,401189,257,2,2,0,0,
40000000698,20260331,401189,252,1,1,0,0,
40000000699,20260512,401189,81,2,2,0,0,
40000000700,20260519,401189,293,5,5,0,0,
40000000701,20260428,401193,327,2,2,0,0,
40000000702,20260505,401193,374,5,1,1,0,
40000000703,20260106,401204,130,2,1,0,0,
40000000704,20260120,401204,417,9,5,1,0,
40000000705,20260414,401222,371,10,4,0,0,
40000000706,20260428,401222,195,9,1,1,0,
40000000707,20260505,401222,412,2,1,1,0,
40000000708,20260203,401227,312,6,6,0,0,
40000000709,20260210,401227,169,7,7,1,0,
40000000710,20260428,401237,255,2,1,0,0,
40000000711,20260512,401237,210,8,4,1,0,
40000000712,20260519,401237,127,4,1,1,0,
40000000713,20260217,401241,320,7,2,0,0,
40000000714,20260303,401241,351,7,2,1,0,
40000000715,20260224,401242,170,3,1,1,0,
40000000716,20260303,401242,286,6,4,1,0,
40000000717,20260609,401249,185,3,1,1,0,
40000000718,20260616,401249,188,4,2,1,0,
40000000719,20260428,401255,364,4,3,0,0,
40000000720,20260505,401255,225,8,5,0,0,
40000000721,20260519,401255,334,5,3,1,0,
40000000722,20260310,401257,322,4,3,0,0,
40000000723,20260317,401257,321,6,4,1,0,
40000000724,20260324,401257,352,5,3,1,0,
40000000725,20260331,401270,309,2,1,0,0,
40000000726,20260407,401270,127,7,2,0,0,
40000000727,20260414,401270,210,4,2,1,0,
40000000728,20260421,401270,324,10,7,1,0,
40000000729,20260106,401273,157,3,2,1,0,
40000000730,20260210,401274,276,2,2,0,0,
40000000731,20260224,401274,414,8,5,1,0,
40000000732,20260303,401274,274,3,3,1,0,
40000000733,20260120,401275,251,10,10,0,0,
40000000734,20260203,401275,366,2,1,1,0,
40000000735,20260210,401275,379,8,7,1,0,
40000000736,20260127,401276,177,7,3,0,0,
40000000737,20260203,401276,402,5,4,1,0,
40000000738,20260210,401276,202,8,7,1,0,
40000000739,20260113,401283,12,0,0,0,0,
40000000740,20260414,401283,35,2,1,0,0,
40000000741,20260609,401283,37,1,1,0,0,
40000000742,20260512,401291,310,2,2,0,0,
40000000743,20260519,401291,212,6,4,0,0,
40000000744,20260526,401291,299,6,1,1,0,
40000000745,20260519,401313,186,9,9,0,0,
40000000746,20260602,401313,362,8,5,1,0,
40000000747,20260609,401313,218,2,1,1,0,
40000000748,20260113,401317,110,7,6,0,0,
40000000749,20260203,401317,142,3,2,0,0,
40000000750,20260317,401317,97,7,5,0,0,
40000000751,20260526,401317,287,3,3,1,0,
40000000752,20260602,401317,278,5,4,1,0,
40000000753,20260609,401317,254,4,3,0,0,
40000000754,20260217,401324,206,2,2,0,0,
40000000755,20260303,401324,312,3,3,1,0,
40000000756,20260127,401328,39,1,1,0,0,
40000000757,20260217,401328,44,2,2,0,0,
40000000758,20260428,401328,14,1,1,0,0,
40000000759,20260519,401328,14,2,0,0,0,
40000000760,20260616,401328,12,0,0,0,0,
40000000761,20260623,401328,37,0,0,0,0,
40000000762,20260127,401330,87,6,1,1,0,
40000000763,20260210,401330,300,6,3,0,0,
40000000764,20260407,401330,179,6,1,1,0,
40000000765,20260505,401330,111,4,2,0,0,
40000000766,20260526,401330,174,3,3,0,0,
40000000767,20260421,401334,247,2,1,0,0,
40000000768,20260512,401334,149,3,2,1,0,
40000000769,20260526,401339,349,9,2,0,0,
40000000770,20260602,401339,250,8,6,0,0,
40000000771,20260609,401339,335,2,1,1,0,
40000000772,20260616,401339,411,8,4,1,0,
40000000773,20260526,401341,297,3,3,0,0,
40000000774,20260602,401341,368,4,3,0,0,
40000000775,20260616,401341,387,8,2,1,0,
40000000776,20260519,401343,363,8,7,0,0,
40000000777,20260602,401343,348,2,1,1,0,
40000000778,20260120,401353,178,3,2,0,0,
40000000779,20260127,401353,370,5,5,1,0,
40000000780,20260127,401366,43,0,0,0,0,
40000000781,20260203,401366,34,0,0,0,0,
40000000782,20260224,401366,25,2,1,0,0,
40000000783,20260317,401366,37,0,0,0,0,
40000000784,20260331,401366,25,0,0,0,0,
40000000785,20260526,401366,14,0,0,0,0,
40000000786,20260602,401366,28,0,0,0,0,
40000000787,20260623,401366,31,0,0,0,0,
40000000788,20260113,401367,6,2,2,0,0,
40000000789,20260120,401367,22,1,0,0,0,
40000000790,20260317,401367,35,0,0,0,0,
40000000791,20260428,401367,19,1,1,0,0,
40000000792,20260505,401367,35,0,0,0,0,
40000000793,20260512,401367,24,0,0,0,0,
40000000794,20260630,401367,28,0,0,0,0,
40000000795,20260505,401368,326,6,3,0,0,
40000000796,20260512,401368,221,2,1,0,0,
40000000797,20260519,401368,284,4,4,1,0,
40000000798,20260526,401368,271,2,2,1,0,
40000000799,20260127,401371,226,4,1,0,0,
40000000800,20260210,401371,298,4,2,0,0,
40000000801,20260224,401371,217,7,4,0,0,
40000000802,20260421,401371,190,5,4,0,0,
40000000803,20260519,401371,225,1,1,0,0,
40000000804,20260609,401371,142,7,3,0,0,
40000000805,20260616,401371,178,3,3,1,0,
40000000806,20260623,401371,110,6,6,0,0,
40000000807,20260630,401371,211,5,5,1,0,
40000000808,20260217,401372,193,2,2,0,0,
40000000809,20260224,401372,288,1,1,0,0,
40000000810,20260324,401372,299,7,1,0,0,
40000000811,20260407,401372,90,5,1,1,0,
40000000812,20260421,401372,224,4,2,0,0,
40000000813,20260505,401372,232,6,4,0,0,
40000000814,20260512,401372,177,1,1,0,0,
40000000815,20260519,401372,208,1,1,0,0,
40000000816,20260602,401372,289,4,2,0,0,
40000000817,20260623,401372,79,3,3,0,0,
40000000818,20260106,401388,17,0,0,0,0,
40000000819,20260127,401388,33,0,0,0,0,
40000000820,20260224,401388,40,0,0,0,0,
40000000821,20260317,401388,30,0,0,0,0,
40000000822,20260324,401388,32,0,0,0,0,
40000000823,20260414,401388,5,1,0,0,0,
40000000824,20260519,401388,35,0,0,0,0,
40000000825,20260602,401388,17,0,0,0,0,
40000000826,20260217,401390,12,1,0,0,0,
40000000827,20260303,401390,8,0,0,0,0,
40000000828,20260331,401390,12,1,1,0,0,
40000000829,20260505,401390,21,0,0,0,0,
40000000830,20260203,401422,5,2,2,0,0,
40000000831,20260210,401422,30,0,0,0,0,
40000000832,20260526,401422,26,0,0,0,0,
40000000833,20260609,401422,13,1,0,0,0,
40000000834,20260203,401423,35,2,2,0,0,
40000000835,20260317,401423,39,0,0,0,0,
40000000836,20260324,401423,36,0,0,0,0,
40000000837,20260421,401423,21,2,0,0,0,
40000000838,20260428,401423,39,0,0,0,0,
40000000839,20260623,401423,32,1,0,0,0,
40000000840,20260310,401429,298,10,7,0,0,
40000000841,20260317,401429,305,5,2,0,0,
40000000842,20260324,401429,330,5,3,1,0,
40000000843,20260331,401429,328,10,6,1,0,
40000000844,20260526,401441,285,4,4,0,0,
40000000845,20260602,401441,324,3,1,0,0,
40000000846,20260609,401441,316,2,2,1,0,
40000000847,20260616,401441,233,8,3,1,0,
40000000848,20260120,401442,41,1,1,0,0,
40000000849,20260203,401442,31,1,1,0,0,
40000000850,20260210,401442,41,2,0,0,0,
40000000851,20260303,401442,25,0,0,0,0,
40000000852,20260331,401442,29,2,2,0,0,
40000000853,20260407,401442,25,2,0,0,0,
40000000854,20260602,401442,23,1,0,0,0,
40000000855,20260609,401442,9,0,0,0,0,
40000000856,20260630,401442,29,0,0,0,0,
40000000857,20260113,401444,37,0,0,0,0,
40000000858,20260120,401444,6,0,0,0,0,
40000000859,20260310,401444,8,1,0,0,0,
40000000860,20260421,401444,34,1,0,0,0,
40000000861,20260224,401453,303,3,2,0,0,
40000000862,20260303,401453,232,7,7,0,0,
40000000863,20260310,401453,157,9,9,1,0,
40000000864,20260317,401453,310,8,7,1,0,
40000000865,20260310,401458,307,4,3,0,0,
40000000866,20260317,401458,364,4,1,0,0,
40000000867,20260331,401458,133,9,9,1,0,
40000000868,20260609,401492,269,4,4,1,0,
40000000869,20260616,401492,415,5,2,1,0,
40000000870,20260106,401494,262,2,2,1,0,
40000000871,20260113,401494,198,10,1,1,0,
40000000872,20260106,401500,38,0,0,0,0,
40000000873,20260120,401500,39,2,1,0,0,
40000000874,20260217,401500,16,0,0,0,0,
40000000875,20260407,401500,37,2,0,0,0,
40000000876,20260526,401500,44,1,0,0,0,
40000000877,20260616,401500,43,2,0,0,0,
40000000878,20260623,401500,10,2,1,0,0,
40000000879,20260630,401500,26,2,1,0,0,
40000000880,20260428,401510,136,8,5,0,0,
40000000881,20260505,401510,266,2,2,0,0,
40000000882,20260512,401510,336,10,7,1,0,
40000000883,20260303,401511,269,3,3,0,0,
40000000884,20260310,401511,147,7,3,0,0,
40000000885,20260331,401511,136,1,1,0,0,
40000000886,20260407,401511,102,3,3,0,0,
40000000887,20260505,401511,85,2,1,0,0,
40000000888,20260519,401511,196,2,2,0,0,
40000000889,20260526,401511,192,7,1,0,0,
40000000890,20260120,401512,15,1,0,0,0,
40000000891,20260331,401512,9,2,0,0,0,
40000000892,20260428,401512,17,1,1,0,0,
40000000893,20260602,401512,31,2,0,0,0,
40000000894,20260113,401521,25,1,0,0,0,
40000000895,20260120,401521,21,1,1,0,0,
40000000896,20260217,401521,36,0,0,0,0,
40000000897,20260331,401521,23,1,1,0,0,
40000000898,20260407,401521,35,0,0,0,0,
40000000899,20260505,401521,45,0,0,0,0,
40000000900,20260519,401521,38,2,0,0,0,
40000000901,20260630,401521,14,1,1,0,0,
40000000902,20260203,401529,138,6,3,0,0,
40000000903,20260210,401529,250,7,1,0,0,
40000000904,20260217,401529,418,4,1,1,0,
40000000905,20260127,401531,122,4,3,0,0,
40000000906,20260303,401531,262,3,3,0,0,
40000000907,20260331,401531,242,6,4,1,0,
40000000908,20260616,401531,134,4,2,1,0,
40000000909,20260113,401546,43,0,0,0,0,
40000000910,20260203,401546,9,1,1,0,0,
40000000911,20260210,401546,38,2,2,0,0,
40000000912,20260324,401546,30,2,1,0,0,
40000000913,20260428,401546,36,1,1,0,0,
40000000914,20260519,401546,40,2,0,0,0,
40000000915,20260602,401546,42,0,0,0,0,
40000000916,20260616,401546,32,0,0,0,0,
40000000917,20260512,401550,165,6,4,0,0,
40000000918,20260526,401550,226,8,8,1,0,
40000000919,20260602,401550,269,10,1,1,0,
40000000920,20260113,401553,141,5,3,0,0,
40000000921,20260127,401553,345,9,1,1,0,
40000000922,20260203,401553,313,2,1,1,0,
40000000923,20260414,401560,124,10,6,0,0,
40000000924,20260421,401560,140,9,8,1,0,
40000000925,20260428,401560,161,6,2,1,0,
40000000926,20260210,401566,27,1,0,0,0,
40000000927,20260317,401566,36,0,0,0,0,
40000000928,20260324,401566,35,2,2,0,0,
40000000929,20260331,401566,15,0,0,0,0,
40000000930,20260407,401566,34,1,0,0,0,
40000000931,20260428,401566,22,0,0,0,0,
40000000932,20260512,401566,18,1,1,0,0,
40000000933,20260106,401567,201,8,4,0,0,
40000000934,20260113,401567,258,4,1,1,0,
40000000935,20260310,401575,175,6,2,0,0,
40000000936,20260331,401575,208,8,7,1,0,
40000000937,20260602,401584,157,10,6,0,0,
40000000938,20260616,401584,259,2,2,1,0,
40000000939,20260407,401585,227,9,8,0,0,
40000000940,20260421,401585,284,2,2,1,0,
40000000941,20260428,401585,196,10,3,1,0,
40000000942,20260414,401588,380,9,3,0,0,
40000000943,20260421,401588,244,7,2,0,0,
40000000944,20260505,401588,170,9,6,1,0,
40000000945,20260106,401602,20,1,0,0,0,
40000000946,20260331,401602,19,2,2,0,0,
40000000947,20260407,401602,6,0,0,0,0,
40000000948,20260623,401602,23,1,1,0,0,
40000000949,20260127,401603,28,2,0,0,0,
40000000950,20260203,401603,6,2,0,0,0,
40000000951,20260310,401603,35,0,0,0,0,
40000000952,20260616,401603,23,2,0,0,0,
40000000953,20260120,401605,16,0,0,0,0,
40000000954,20260127,401605,25,0,0,0,0,
40000000955,20260217,401605,17,2,1,0,0,
40000000956,20260224,401605,10,0,0,0,0,
40000000957,20260324,401605,12,0,0,0,0,
40000000958,20260414,401605,22,0,0,0,0,
40000000959,20260421,401605,40,2,2,0,0,
40000000960,20260512,401605,40,0,0,0,0,
40000000961,20260623,401605,44,1,1,0,0,
40000000962,20260609,401607,196,5,1,1,0,
40000000963,20260616,401607,316,10,5,1,0,
40000000964,20260224,401611,249,7,4,0,0,
40000000965,20260303,401611,397,7,6,0,0,
40000000966,20260310,401611,282,9,7,1,0,
40000000967,20260317,401611,305,10,4,1,0,
40000000968,20260303,401634,225,6,6,0,0,
40000000969,20260310,401634,412,6,6,0,0,
40000000970,20260317,401634,378,3,1,1,0,
40000000971,20260324,401634,204,3,3,1,0,
40000000972,20260324,401636,34,2,0,0,0,
40000000973,20260331,401636,12,2,1,0,0,
40000000974,20260421,401636,8,0,0,0,0,
40000000975,20260505,401636,17,2,2,0,0,
40000000976,20260602,401636,9,2,0,0,0,
40000000977,20260113,401642,139,4,3,0,0,
40000000978,20260127,401642,132,3,1,0,0,
40000000979,20260203,401642,298,4,1,1,0,
40000000980,20260317,401642,176,4,2,0,0,
40000000981,20260324,401642,184,3,3,0,0,
40000000982,20260331,401642,256,3,1,0,0,
40000000983,20260421,401642,201,3,3,0,0,
40000000984,20260428,401642,242,7,7,0,0,
40000000985,20260512,401642,110,5,1,0,0,
40000000986,20260630,401642,150,7,3,0,0,
40000000987,20260407,401646,183,2,1,0,0,
40000000988,20260414,401646,135,5,3,0,0,
40000000989,20260421,401646,146,4,3,1,0,
40000000990,20260428,401646,247,2,1,1,0,
40000000991,20260526,401648,136,9,3,0,0,
40000000992,20260602,401648,227,3,2,0,0,
40000000993,20260616,401648,416,10,2,1,0,
40000000994,20260113,401649,26,0,0,0,0,
40000000995,20260120,401649,12,0,0,0,0,
40000000996,20260203,401649,39,2,2,0,0,
40000000997,20260224,401649,31,1,0,0,0,
40000000998,20260303,401649,24,0,0,0,0,
40000000999,20260421,401649,43,1,1,0,0,
40000001000,20260630,401649,31,0,0,0,0,
40000001001,20260602,401657,137,7,2,0,0,
40000001002,20260609,401657,167,7,4,0,0,
40000001003,20260616,401657,327,7,3,1,0,
40000001004,20260224,401661,127,10,9,0,0,
40000001005,20260303,401661,279,7,5,0,0,
40000001006,20260407,401663,193,5,2,0,0,
40000001007,20260428,401663,363,6,1,1,0,
40000001008,20260421,401664,127,3,3,0,0,
40000001009,20260428,401664,353,6,2,0,0,
40000001010,20260505,401664,399,5,1,1,0,
40000001011,20260512,401664,254,9,6,1,0,
40000001012,20260127,401666,359,3,1,0,0,
40000001013,20260203,401666,362,9,6,1,0,
40000001014,20260203,401680,20,2,1,0,0,
40000001015,20260210,401680,14,0,0,0,0,
40000001016,20260324,401680,12,2,0,0,0,
40000001017,20260421,401680,21,1,0,0,0,
40000001018,20260602,401680,38,2,0,0,0,
40000001019,20260623,401680,19,1,1,0,0,
40000001020,20260324,401690,186,7,5,0,0,
40000001021,20260331,401690,143,5,3,0,0,
40000001022,20260407,401690,244,3,2,1,0,
40000001023,20260407,401701,155,8,1,0,0,
40000001024,20260414,401701,218,7,7,0,0,
40000001025,20260421,401701,194,9,1,1,0,
40000001026,20260428,401701,163,6,4,1,0,
40000001027,20260414,401704,323,3,1,0,0,
40000001028,20260428,401704,146,9,9,1,0,
40000001029,20260505,401704,164,3,2,1,0,
40000001030,20260106,401708,217,5,3,0,0,
40000001031,20260127,401708,114,7,4,0,0,
40000001032,20260317,401708,144,3,3,0,0,
40000001033,20260331,401708,253,4,3,0,0,
40000001034,20260414,401708,136,1,1,0,0,
40000001035,20260526,401708,136,7,3,0,0,
40000001036,20260602,401708,117,7,4,0,0,
40000001037,20260623,401708,152,6,2,1,0,
40000001038,20260210,401722,231,2,1,0,0,
40000001039,20260217,401722,392,4,1,0,0,
40000001040,20260303,401722,318,10,3,1,0,
40000001041,20260127,401725,9,0,0,0,0,
40000001042,20260224,401725,40,2,1,0,0,
40000001043,20260324,401725,25,0,0,0,0,
40000001044,20260407,401725,8,2,0,0,0,
40000001045,20260414,401725,19,1,1,0,0,
40000001046,20260602,401725,30,1,1,0,0,
40000001047,20260113,401752,94,2,1,0,0,
40000001048,20260120,401752,120,3,3,0,0,
40000001049,20260203,401752,186,1,1,0,0,
40000001050,20260310,401752,136,6,1,0,0,
40000001051,20260317,401752,135,6,1,1,0,
40000001052,20260602,401752,297,7,4,0,0,
40000001053,20260623,401752,123,4,3,0,0,
40000001054,20260217,401761,157,3,1,0,0,
40000001055,20260303,401761,100,1,1,0,0,
40000001056,20260317,401761,212,6,1,0,0,
40000001057,20260421,401761,167,6,3,0,0,
40000001058,20260505,401761,137,3,1,0,0,
40000001059,20260526,401761,163,3,1,0,0,
40000001060,20260609,401761,110,3,1,0,0,
40000001061,20260616,401761,270,5,2,0,0,
40000001062,20260623,401761,241,5,2,0,0,
40000001063,20260519,401770,240,6,6,0,0,
40000001064,20260526,401770,264,3,3,0,0,
40000001065,20260106,401773,8,0,0,0,0,
40000001066,20260120,401773,20,2,0,0,0,
40000001067,20260210,401773,6,0,0,0,0,
40000001068,20260310,401773,5,1,1,0,0,
40000001069,20260505,401773,40,1,0,0,0,
40000001070,20260106,401781,212,6,1,0,0,
40000001071,20260113,401781,213,5,1,0,0,
40000001072,20260120,401781,93,5,4,0,0,
40000001073,20260127,401781,227,7,1,0,0,
40000001074,20260303,401781,218,2,1,0,0,
40000001075,20260310,401781,166,5,2,0,0,
40000001076,20260317,401781,255,6,6,0,0,
40000001077,20260609,401781,273,6,5,0,0,
40000001078,20260623,401781,204,3,1,0,0,
40000001079,20260519,401807,204,3,1,0,0,
40000001080,20260526,401807,302,2,2,0,0,
40000001081,20260602,401807,308,7,2,1,0,
40000001082,20260609,401807,367,5,4,1,0,
40000001083,20260120,401809,26,1,1,0,0,
40000001084,20260203,401809,19,2,2,0,0,
40000001085,20260217,401809,6,1,1,0,0,
40000001086,20260331,401809,6,0,0,0,0,
40000001087,20260616,401809,42,0,0,0,0,
40000001088,20260630,401809,44,0,0,0,0,
40000001089,20260210,401810,296,3,1,0,0,
40000001090,20260217,401810,392,5,1,0,0,
40000001091,20260303,401810,149,2,1,1,0,
40000001092,20260505,401835,189,2,2,0,0,
40000001093,20260512,401835,253,2,2,0,0,
40000001094,20260519,401835,145,4,1,1,0,
40000001095,20260526,401835,228,8,6,1,0,
40000001096,20260324,401844,233,2,1,0,0,
40000001097,20260331,401844,310,8,7,0,0,
40000001098,20260407,401844,362,8,6,1,0,
40000001099,20260414,401844,309,4,4,1,0,
40000001100,20260310,401845,222,2,2,0,0,
40000001101,20260512,401845,280,6,3,0,0,
40000001102,20260519,401845,78,2,1,1,0,
40000001103,20260526,401845,205,4,1,0,0,
40000001104,20260303,401853,265,7,7,0,0,
40000001105,20260317,401853,418,2,1,1,0,
40000001106,20260324,401853,350,5,4,1,0,
40000001107,20260127,401860,43,1,1,0,0,
40000001108,20260303,401860,14,1,1,0,0,
40000001109,20260505,401860,12,2,1,0,0,
40000001110,20260616,401860,24,2,2,0,0,
40000001111,20260512,401863,341,2,2,0,0,
40000001112,20260519,401863,396,5,2,0,0,
40000001113,20260421,401866,173,9,7,0,0,
40000001114,20260428,401866,311,2,2,0,0,
40000001115,20260505,401866,264,7,6,1,0,
40000001116,20260512,401866,170,9,6,1,0,
40000001117,20260217,401869,220,8,6,0,0,
40000001118,20260303,401869,199,3,2,1,0,
40000001119,20260106,401888,27,2,2,0,0,
40000001120,20260303,401888,20,1,0,0,0,
40000001121,20260317,401888,20,2,0,0,0,
40000001122,20260407,401888,39,0,0,0,0,
40000001123,20260630,401888,31,2,2,0,0,
40000001124,20260414,401896,30,2,0,0,0,
40000001125,20260512,401896,39,2,0,0,0,
40000001126,20260519,401896,21,2,2,0,0,
40000001127,20260623,401896,42,2,1,0,0,
40000001128,20260310,401899,131,7,1,0,0,
40000001129,20260317,401899,191,4,4,0,0,
40000001130,20260519,401899,87,3,3,0,0,
40000001131,20260602,401899,233,7,7,1,0,
40000001132,20260106,401903,229,1,1,0,0,
40000001133,20260113,401903,243,1,1,0,0,
40000001134,20260127,401903,94,7,3,0,0,
40000001135,20260217,401903,295,7,3,0,0,
40000001136,20260224,401903,69,3,1,0,0,
40000001137,20260310,401903,106,4,2,0,0,
40000001138,20260317,401903,151,2,2,1,0,
40000001139,20260428,401903,292,7,3,0,0,
40000001140,20260414,401905,233,5,5,0,0,
40000001141,20260421,401905,191,3,3,1,0,
40000001142,20260428,401905,257,7,5,1,0,
40000001143,20260331,401911,19,1,0,0,0,
40000001144,20260428,401911,13,0,0,0,0,
40000001145,20260512,401911,44,1,1,0,0,
40000001146,20260602,401911,15,1,0,0,0,
40000001147,20260630,401911,41,2,2,0,0,
40000001148,20260505,401913,196,6,4,0,0,
40000001149,20260512,401913,241,9,9,0,0,
40000001150,20260526,401913,187,2,1,1,0,
40000001151,20260217,401927,37,1,1,0,0,
40000001152,20260224,401927,17,0,0,0,0,
40000001153,20260414,401927,26,0,0,0,0,
40000001154,20260519,401927,11,1,1,0,0,
40000001155,20260623,401927,39,2,2,0,0,
40000001156,20260630,401927,12,0,0,0,0,
40000001157,20260526,401934,389,2,1,0,0,
40000001158,20260609,401934,274,3,2,1,0,
40000001159,20260616,401934,169,8,6,1,0,
40000001160,20260505,401940,374,10,8,0,0,
40000001161,20260519,401940,204,7,2,1,0,
40000001162,20260106,401953,173,5,5,0,0,
40000001163,20260120,401953,152,1,1,0,0,
40000001164,20260203,401953,250,5,5,0,0,
40000001165,20260303,401953,141,5,4,0,0,
40000001166,20260519,401953,107,2,1,0,0,
40000001167,20260609,401953,72,5,4,0,0,
40000001168,20260616,401953,173,6,5,0,0,
40000001169,20260630,401953,153,3,3,1,0,
40000001170,20260526,401959,193,8,1,0,0,
40000001171,20260602,401959,376,5,3,0,0,
40000001172,20260609,401959,268,9,7,1,0,
40000001173,20260616,401959,181,8,6,1,0,
40000001174,20260224,401962,230,6,5,0,0,
40000001175,20260303,401962,332,8,7,0,0,
40000001176,20260310,401962,164,10,5,1,0,
40000001177,20260317,401962,215,9,6,1,0,
40000001178,20260317,401969,40,0,0,0,0,
40000001179,20260609,401969,7,2,1,0,0,
40000001180,20260630,401969,37,2,1,0,0,
40000001181,20260310,401984,296,3,3,0,0,
40000001182,20260317,401984,127,10,7,0,0,
40000001183,20260324,401984,341,6,6,1,0,
40000001184,20260331,401984,276,4,2,1,0,
40000001185,20260203,401986,121,5,2,0,0,
40000001186,20260210,401986,146,8,5,0,0,
40000001187,20260217,401986,220,8,1,1,0,
40000001188,20260224,401986,402,5,3,1,0,
40000001189,20260421,401990,391,7,4,0,0,
40000001190,20260428,401990,124,10,6,0,0,
40000001191,20260505,401990,356,10,6,1,0,
40000001192,20260414,401996,194,6,6,0,0,
40000001193,20260421,401996,268,5,2,0,0,
40000001194,20260428,401996,217,5,4,1,0,
40000001195,20260505,401996,155,2,1,1,0,
40000001196,20260303,402001,333,6,1,0,0,
40000001197,20260310,402001,258,9,8,0,0,
40000001198,20260317,402001,255,3,3,1,0,
40000001199,20260324,402001,333,6,5,1,0,
40000001200,20260331,402008,166,5,4,0,0,
40000001201,20260407,402008,216,4,3,0,0,
40000001202,20260120,402011,19,0,0,0,0,
40000001203,20260224,402011,28,2,0,0,0,
40000001204,20260407,402011,22,0,0,0,0,
40000001205,20260414,402011,18,1,1,0,0,
40000001206,20260421,402011,24,0,0,0,0,
40000001207,20260512,402011,42,0,0,0,0,
40000001208,20260609,402011,31,0,0,0,0,
40000001209,20260106,402012,290,7,7,0,0,
40000001210,20260120,402012,157,2,1,1,0,
40000001211,20260106,402026,17,0,0,0,0,
40000001212,20260210,402026,19,1,0,0,0,
40000001213,20260317,402026,17,2,0,0,0,
40000001214,20260407,402026,32,2,0,0,0,
40000001215,20260414,402026,29,1,0,0,0,
40000001216,20260428,402026,9,2,1,0,0,
40000001217,20260526,402026,40,0,0,0,0,
40000001218,20260602,402026,29,1,0,0,0,
40000001219,20260623,402026,11,0,0,0,0,
40000001220,20260512,402030,20,0,0,0,0,
40000001221,20260609,402030,32,1,1,0,0,
40000001222,20260623,402030,12,1,0,0,0,
40000001223,20260210,402031,24,1,1,0,0,
40000001224,20260421,402031,21,0,0,0,0,
40000001225,20260623,402031,10,1,0,0,0,
40000001226,20260630,402031,35,1,1,0,0,
40000001227,20260303,402064,124,7,1,0,0,
40000001228,20260310,402064,275,5,4,0,0,
40000001229,20260317,402064,295,7,6,1,0,
40000001230,20260324,402064,185,3,1,1,0,
40000001231,20260512,402067,143,7,7,0,0,
40000001232,20260519,402067,303,6,1,1,0,
40000001233,20260526,402067,392,2,2,1,0,
40000001234,20260113,402068,324,10,6,0,0,
40000001235,20260120,402068,320,10,9,0,0,
40000001236,20260127,402068,183,2,1,1,0,
40000001237,20260203,402068,160,4,4,1,0,
40000001238,20260106,402075,27,2,0,0,0,
40000001239,20260203,402075,11,0,0,0,0,
40000001240,20260310,402075,7,1,1,0,0,
40000001241,20260407,402075,18,2,2,0,0,
40000001242,20260414,402075,33,1,1,0,0,
40000001243,20260505,402075,16,1,1,0,0,
40000001244,20260526,402075,22,0,0,0,0,
40000001245,20260623,402075,6,1,0,0,0,
40000001246,20260210,402085,15,1,1,0,0,
40000001247,20260303,402085,40,0,0,0,0,
40000001248,20260428,402085,25,1,1,0,0,
40000001249,20260512,402085,36,2,1,0,0,
40000001250,20260616,402085,38,2,1,0,0,
40000001251,20260113,402097,6,2,1,0,0,
40000001252,20260210,402097,31,1,0,0,0,
40000001253,20260310,402097,28,1,0,0,0,
40000001254,20260317,402097,31,2,1,0,0,
40000001255,20260414,402097,35,2,1,0,0,
40000001256,20260428,402097,5,2,1,0,0,
40000001257,20260526,402097,35,2,0,0,0,
40000001258,20260127,402107,25,2,2,0,0,
40000001259,20260217,402107,31,0,0,0,0,
40000001260,20260224,402107,21,0,0,0,0,
40000001261,20260317,402107,15,1,1,0,0,
40000001262,20260505,402107,15,1,0,0,0,
40000001263,20260512,402107,13,1,1,0,0,
40000001264,20260519,402107,34,2,1,0,0,
40000001265,20260609,402107,28,2,1,0,0,
40000001266,20260127,402110,31,0,0,0,0,
40000001267,20260224,402110,14,1,0,0,0,
40000001268,20260324,402110,18,0,0,0,0,
40000001269,20260512,402110,42,2,1,0,0,
40000001270,20260602,402110,27,0,0,0,0,
40000001271,20260609,402110,21,0,0,0,0,
40000001272,20260421,402122,130,10,6,0,0,
40000001273,20260512,402122,175,8,2,1,0,
40000001274,20260106,402123,183,7,2,0,0,
40000001275,20260303,402123,205,3,3,1,0,
40000001276,20260407,402123,66,3,2,1,0,
40000001277,20260421,402123,188,6,5,0,0,
40000001278,20260512,402123,189,6,4,0,0,
40000001279,20260609,402132,268,9,3,0,0,
40000001280,20260616,402132,286,10,8,1,0,
40000001281,20260428,402135,219,6,6,0,0,
40000001282,20260505,402135,406,5,2,0,0,
40000001283,20260120,402153,18,0,0,0,0,
40000001284,20260317,402153,19,2,0,0,0,
40000001285,20260324,402153,32,1,0,0,0,
40000001286,20260407,402153,5,1,1,0,0,
40000001287,20260414,402153,22,2,2,0,0,
40000001288,20260512,402153,40,0,0,0,0,
40000001289,20260224,402157,322,5,2,0,0,
40000001290,20260303,402157,295,7,1,0,0,
40000001291,20260317,402157,352,6,6,1,0,
40000001292,20260324,402166,374,6,3,0,0,
40000001293,20260331,402166,338,6,1,0,0,
40000001294,20260407,402166,145,2,1,1,0,
40000001295,20260414,402166,383,6,6,1,0,
40000001296,20260106,402167,29,0,0,0,0,
40000001297,20260113,402167,14,2,0,0,0,
40000001298,20260210,402167,18,2,0,0,0,
40000001299,20260303,402167,10,0,0,0,0,
40000001300,20260324,402167,27,2,2,0,0,
40000001301,20260407,402167,15,0,0,0,0,
40000001302,20260421,402167,30,1,1,0,0,
40000001303,20260526,402167,26,0,0,0,0,
40000001304,20260127,402168,798,25,16,1,1,DEFECT_FOUND
40000001305,20260203,402168,854,32,26,1,1,PRICE_TOO_HIGH
40000001306,20260210,402168,836,29,22,0,0,
40000001307,20260303,402168,848,22,17,3,3,DEFECT_FOUND
40000001308,20260324,402168,776,21,17,0,0,
40000001309,20260616,402168,571,36,28,3,3,DEFECT_FOUND
40000001310,20260106,402174,82,6,3,0,0,
40000001311,20260113,402174,101,5,2,0,0,
40000001312,20260120,402174,96,5,5,0,0,
40000001313,20260127,402174,177,3,3,0,0,
40000001314,20260203,402174,157,1,1,0,0,
40000001315,20260224,402174,155,4,1,1,0,
40000001316,20260317,402174,77,6,4,0,0,
40000001317,20260331,402174,145,4,2,0,0,
40000001318,20260407,402174,299,4,1,0,0,
40000001319,20260609,402174,143,5,2,0,0,
40000001320,20260106,402181,17,0,0,0,0,
40000001321,20260331,402181,14,0,0,0,0,
40000001322,20260609,402181,29,0,0,0,0,
40000001323,20260106,402204,31,0,0,0,0,
40000001324,20260120,402204,28,0,0,0,0,
40000001325,20260127,402204,30,2,2,0,0,
40000001326,20260210,402204,43,2,0,0,0,
40000001327,20260224,402204,13,1,0,0,0,
40000001328,20260303,402204,21,1,0,0,0,
40000001329,20260623,402204,37,0,0,0,0,
40000001330,20260630,402204,25,2,0,0,0,
40000001331,20260324,402206,194,3,2,0,0,
40000001332,20260407,402206,248,4,2,1,0,
40000001333,20260414,402206,195,4,2,1,0,
40000001334,20260414,402210,24,1,0,0,0,
40000001335,20260421,402210,18,1,1,0,0,
40000001336,20260519,402210,19,0,0,0,0,
40000001337,20260519,402213,189,3,2,0,0,
40000001338,20260602,402213,251,10,1,1,0,
40000001339,20260203,402214,139,3,3,0,0,
40000001340,20260331,402214,60,6,3,1,0,
40000001341,20260414,402214,203,2,1,0,0,
40000001342,20260428,402214,163,4,1,1,0,
40000001343,20260505,402214,222,7,5,0,0,
40000001344,20260113,402216,36,2,0,0,0,
40000001345,20260303,402216,30,2,1,0,0,
40000001346,20260310,402216,24,1,0,0,0,
40000001347,20260317,402216,14,2,2,0,0,
40000001348,20260414,402216,19,2,1,0,0,
40000001349,20260421,402216,7,1,0,0,0,
40000001350,20260616,402216,28,0,0,0,0,
40000001351,20260623,402216,25,1,0,0,0,
40000001352,20260630,402216,11,0,0,0,0,
40000001353,20260106,402218,160,8,3,0,0,
40000001354,20260113,402218,346,10,3,1,0,
40000001355,20260120,402218,153,9,6,1,0,
40000001356,20260421,402219,138,10,3,0,0,
40000001357,20260505,402219,389,3,2,1,0,
40000001358,20260120,402223,25,2,2,0,0,
40000001359,20260127,402223,6,0,0,0,0,
40000001360,20260210,402223,42,2,2,0,0,
40000001361,20260303,402223,45,1,0,0,0,
40000001362,20260317,402223,17,2,0,0,0,
40000001363,20260324,402223,37,1,0,0,0,
40000001364,20260407,402223,35,2,0,0,0,
40000001365,20260609,402223,40,2,0,0,0,
40000001366,20260623,402223,26,1,0,0,0,
40000001367,20260421,402225,237,7,1,0,0,
40000001368,20260428,402225,305,9,7,0,0,
40000001369,20260505,402225,303,6,3,1,0,
40000001370,20260407,402233,261,8,5,0,0,
40000001371,20260414,402233,374,5,2,0,0,
40000001372,20260421,402233,163,3,1,1,0,
40000001373,20260428,402233,179,3,1,1,0,
40000001374,20260210,402254,396,7,2,0,0,
40000001375,20260217,402254,184,10,10,0,0,
40000001376,20260224,402254,242,7,1,1,0,
40000001377,20260303,402254,162,5,1,1,0,
40000001378,20260106,402257,238,1,1,1,0,
40000001379,20260113,402257,220,7,3,0,0,
40000001380,20260120,402257,216,5,3,0,0,
40000001381,20260203,402257,93,5,4,0,0,
40000001382,20260324,402257,110,4,3,0,0,
40000001383,20260414,402257,156,4,2,0,0,
40000001384,20260421,402257,83,6,4,0,0,
40000001385,20260512,402257,283,5,2,0,0,
40000001386,20260519,402257,212,4,1,0,0,
40000001387,20260526,402278,165,10,3,0,0,
40000001388,20260602,402278,346,3,2,0,0,
40000001389,20260616,402278,272,7,7,1,0,
40000001390,20260324,402296,340,8,6,0,0,
40000001391,20260331,402296,414,2,1,1,0,
40000001392,20260407,402296,313,3,3,1,0,
40000001393,20260224,402314,38,1,1,0,0,
40000001394,20260303,402314,27,0,0,0,0,
40000001395,20260407,402314,35,2,2,0,0,
40000001396,20260526,402314,35,1,0,0,0,
40000001397,20260623,402314,30,0,0,0,0,
40000001398,20260512,402317,169,5,4,0,0,
40000001399,20260519,402317,161,5,5,1,0,
40000001400,20260526,402317,369,9,9,1,0,
40000001401,20260106,402318,42,1,1,0,0,
40000001402,20260113,402318,14,2,0,0,0,
40000001403,20260203,402318,5,2,2,0,0,
40000001404,20260310,402318,5,2,1,0,0,
40000001405,20260324,402318,40,0,0,0,0,
40000001406,20260428,402318,11,2,2,0,0,
40000001407,20260512,402318,41,0,0,0,0,
40000001408,20260602,402318,26,1,1,0,0,
40000001409,20260623,402318,39,1,0,0,0,
40000001410,20260106,402323,9,1,1,0,0,
40000001411,20260210,402323,20,2,2,0,0,
40000001412,20260303,402323,26,1,0,0,0,
40000001413,20260310,402323,45,2,0,0,0,
40000001414,20260414,402323,12,1,0,0,0,
40000001415,20260428,402323,11,0,0,0,0,
40000001416,20260113,402331,24,1,1,0,0,
40000001417,20260120,402331,15,0,0,0,0,
40000001418,20260127,402331,31,2,0,0,0,
40000001419,20260203,402331,38,2,0,0,0,
40000001420,20260217,402331,22,0,0,0,0,
40000001421,20260331,402331,32,1,1,0,0,
40000001422,20260505,402331,17,1,0,0,0,
40000001423,20260609,402331,22,0,0,0,0,
40000001424,20260414,402333,322,4,3,0,0,
40000001425,20260421,402333,197,7,2,0,0,
40000001426,20260428,402333,172,5,3,1,0,
40000001427,20260505,402333,265,3,1,1,0,
40000001428,20260106,402335,42,0,0,0,0,
40000001429,20260127,402335,13,0,0,0,0,
40000001430,20260203,402335,30,1,1,0,0,
40000001431,20260224,402335,16,0,0,0,0,
40000001432,20260414,402335,41,1,1,0,0,
40000001433,20260512,402335,17,2,2,0,0,
40000001434,20260310,402344,331,4,1,0,0,
40000001435,20260317,402344,322,9,7,0,0,
40000001436,20260106,402345,198,8,4,1,0,
40000001437,20260113,402345,260,7,3,1,0,
40000001438,20260106,402347,29,0,0,0,0,
40000001439,20260113,402347,39,2,2,0,0,
40000001440,20260127,402347,34,2,0,0,0,
40000001441,20260210,402347,20,0,0,0,0,
40000001442,20260303,402347,18,0,0,0,0,
40000001443,20260310,402347,19,0,0,0,0,
40000001444,20260526,402347,21,2,2,0,0,
40000001445,20260609,402347,28,2,0,0,0,
40000001446,20260616,402347,10,1,0,0,0,
40000001447,20260210,402353,38,2,2,0,0,
40000001448,20260317,402353,19,0,0,0,0,
40000001449,20260324,402353,19,2,2,0,0,
40000001450,20260414,402353,38,2,0,0,0,
40000001451,20260421,402353,7,2,0,0,0,
40000001452,20260428,402353,29,0,0,0,0,
40000001453,20260526,402353,32,1,0,0,0,
40000001454,20260324,402360,45,2,0,0,0,
40000001455,20260428,402360,32,1,1,0,0,
40000001456,20260505,402360,23,1,0,0,0,
40000001457,20260512,402360,13,0,0,0,0,
40000001458,20260609,402360,29,1,0,0,0,
40000001459,20260623,402360,24,2,2,0,0,
40000001460,20260303,402370,12,0,0,0,0,
40000001461,20260310,402370,44,0,0,0,0,
40000001462,20260526,402370,26,1,1,0,0,
40000001463,20260630,402370,24,2,0,0,0,
40000001464,20260217,402374,245,6,2,0,0,
40000001465,20260224,402374,307,10,3,1,0,
40000001466,20260203,402382,265,5,3,0,0,
40000001467,20260217,402382,130,8,8,1,0,
40000001468,20260224,402385,323,6,3,0,0,
40000001469,20260303,402385,155,9,9,1,0,
40000001470,20260310,402385,386,9,1,1,0,
40000001471,20260120,402386,39,0,0,0,0,
40000001472,20260217,402386,31,2,2,0,0,
40000001473,20260303,402386,17,2,2,0,0,
40000001474,20260317,402386,28,1,0,0,0,
40000001475,20260505,402386,28,0,0,0,0,
40000001476,20260609,402386,16,2,0,0,0,
40000001477,20260526,402390,271,6,6,0,0,
40000001478,20260609,402390,242,7,3,1,0,
40000001479,20260616,402390,236,8,5,1,0,
40000001480,20260310,402399,218,5,1,1,0,
40000001481,20260317,402399,292,3,2,1,0,
40000001482,20260113,402403,44,0,0,0,0,
40000001483,20260127,402403,18,2,1,0,0,
40000001484,20260317,402403,13,0,0,0,0,
40000001485,20260407,402403,17,1,0,0,0,
40000001486,20260414,402403,31,2,0,0,0,
40000001487,20260519,402403,23,0,0,0,0,
40000001488,20260526,402403,42,1,0,0,0,
40000001489,20260609,402403,45,0,0,0,0,
40000001490,20260106,402416,304,3,2,0,0,
40000001491,20260113,402416,383,7,3,1,0,
40000001492,20260120,402416,315,5,4,1,0,
40000001493,20260120,402419,32,2,1,0,0,
40000001494,20260210,402419,25,2,1,0,0,
40000001495,20260217,402419,16,0,0,0,0,
40000001496,20260303,402419,9,2,0,0,0,
40000001497,20260421,402419,29,0,0,0,0,
40000001498,20260428,402419,14,2,2,0,0,
40000001499,20260512,402419,35,2,1,0,0,
40000001500,20260623,402419,6,2,1,0,0,
40000001501,20260512,402427,293,3,1,0,0,
40000001502,20260519,402427,321,4,2,0,0,
40000001503,20260526,402427,300,9,8,1,0,
40000001504,20260602,402427,275,9,1,1,0,
40000001505,20260113,402428,120,7,1,0,0,
40000001506,20260127,402428,265,5,1,1,0,
40000001507,20260203,402428,180,6,6,1,0,
40000001508,20260303,402438,60,6,2,0,0,
40000001509,20260317,402438,226,7,5,0,0,
40000001510,20260331,402438,259,1,1,0,0,
40000001511,20260602,402438,159,1,1,0,0,
40000001512,20260113,402441,240,7,4,1,0,
40000001513,20260120,402441,342,9,1,1,0,
40000001514,20260203,402442,13,2,0,0,0,
40000001515,20260217,402442,19,0,0,0,0,
40000001516,20260428,402442,33,0,0,0,0,
40000001517,20260512,402442,29,2,0,0,0,
40000001518,20260630,402442,18,2,1,0,0,
40000001519,20260106,402444,40,1,0,0,0,
40000001520,20260407,402444,29,1,1,0,0,
40000001521,20260414,402444,16,1,0,0,0,
40000001522,20260505,402444,14,0,0,0,0,
40000001523,20260526,402444,38,1,0,0,0,
40000001524,20260602,402444,19,0,0,0,0,
40000001525,20260630,402444,9,0,0,0,0,
40000001526,20260310,402445,392,6,4,0,0,
40000001527,20260317,402445,385,6,4,0,0,
40000001528,20260324,402445,130,3,3,1,0,
40000001529,20260616,402450,302,2,1,1,0,
40000001530,20260623,402450,167,7,3,1,0,
40000001531,20260519,402458,372,4,4,0,0,
40000001532,20260526,402458,323,8,2,0,0,
40000001533,20260602,402458,120,2,1,1,0,
40000001534,20260609,402458,134,5,4,1,0,
40000001535,20260113,402467,386,9,8,0,0,
40000001536,20260120,402467,127,5,3,0,0,
40000001537,20260203,402467,340,6,2,1,0,
40000001538,20260331,402469,352,7,2,0,0,
40000001539,20260414,402469,120,10,3,1,0,
40000001540,20260210,402471,376,8,7,0,0,
40000001541,20260217,402471,395,6,6,0,0,
40000001542,20260224,402471,389,3,3,1,0,
40000001543,20260303,402471,172,10,7,1,0,
40000001544,20260519,402477,179,10,9,0,0,
40000001545,20260602,402477,231,9,8,1,0,
40000001546,20260106,402480,217,5,4,0,0,
40000001547,20260113,402480,204,5,1,0,0,
40000001548,20260127,402480,114,4,1,0,0,
40000001549,20260331,402480,200,3,2,0,0,
40000001550,20260407,402480,222,4,1,0,0,
40000001551,20260505,402480,279,4,2,0,0,
40000001552,20260512,402480,243,3,3,0,0,
40000001553,20260519,402480,178,3,2,0,0,
40000001554,20260224,402483,34,1,1,0,0,
40000001555,20260414,402483,7,2,0,0,0,
40000001556,20260609,402483,35,2,1,0,0,
40000001557,20260623,402483,26,1,0,0,0,
40000001558,20260317,402494,26,2,1,0,0,
40000001559,20260331,402494,6,1,0,0,0,
40000001560,20260512,402494,37,1,0,0,0,
40000001561,20260602,402494,16,0,0,0,0,
40000001562,20260630,402494,6,1,1,0,0,
40000001563,20260224,402497,121,3,1,0,0,
40000001564,20260303,402497,70,4,2,1,0,
40000001565,20260317,402497,177,2,1,1,0,
40000001566,20260428,402497,113,3,1,0,0,
40000001567,20260526,402497,114,6,2,0,0,
40000001568,20260602,402497,259,6,6,0,0,
40000001569,20260623,402497,194,6,4,0,0,
40000001570,20260630,402497,253,6,1,0,0,
40000001571,20260210,402511,34,1,0,0,0,
40000001572,20260224,402511,29,2,2,0,0,
40000001573,20260310,402511,22,1,0,0,0,
40000001574,20260317,402511,35,2,0,0,0,
40000001575,20260324,402511,27,1,1,0,0,
40000001576,20260519,402511,40,1,0,0,0,
40000001577,20260609,402511,19,2,1,0,0,
40000001578,20260630,402511,5,0,0,0,0,
40000001579,20260317,402519,201,8,5,0,0,
40000001580,20260331,402519,170,7,5,1,0,
40000001581,20260407,402519,385,2,2,1,0,
40000001582,20260120,402523,33,1,0,0,0,
40000001583,20260310,402523,28,1,1,0,0,
40000001584,20260630,402523,33,0,0,0,0,
40000001585,20260512,402524,341,2,2,0,0,
40000001586,20260519,402524,378,3,3,0,0,
40000001587,20260526,402524,371,6,6,1,0,
40000001588,20260602,402524,288,7,3,1,0,
40000001589,20260210,402525,32,2,0,0,0,
40000001590,20260407,402525,43,1,1,0,0,
40000001591,20260428,402525,32,1,1,0,0,
40000001592,20260630,402525,18,2,2,0,0,
40000001593,20260421,402531,401,5,5,0,0,
40000001594,20260428,402531,403,9,6,0,0,
40000001595,20260505,402531,177,4,1,1,0,
40000001596,20260512,402531,331,8,5,1,0,
40000001597,20260106,402537,267,8,4,0,0,
40000001598,20260113,402537,244,7,7,1,0,
40000001599,20260224,402542,395,7,2,0,0,
40000001600,20260303,402542,295,6,2,0,0,
40000001601,20260310,402542,149,8,8,1,0,
40000001602,20260317,402542,418,4,4,1,0,
40000001603,20260106,402551,107,7,4,0,0,
40000001604,20260317,402551,188,2,1,0,0,
40000001605,20260414,402551,215,3,1,0,0,
40000001606,20260428,402551,177,1,1,0,0,
40000001607,20260505,402551,73,5,1,0,0,
40000001608,20260526,402551,274,6,1,0,0,
40000001609,20260609,402551,167,7,3,0,0,
40000001610,20260616,402551,113,5,1,0,0,
40000001611,20260623,402551,258,3,1,0,0,
40000001612,20260224,402553,272,10,3,0,0,
40000001613,20260310,402553,219,6,4,1,0,
40000001614,20260519,402560,272,2,2,0,0,
40000001615,20260526,402560,146,4,2,0,0,
40000001616,20260609,402560,222,6,2,1,0,
40000001617,20260505,402561,174,8,7,0,0,
40000001618,20260512,402561,413,3,3,0,0,
40000001619,20260519,402561,212,7,2,1,0,
40000001620,20260526,402561,166,8,3,1,0,
40000001621,20260203,402567,220,8,8,0,0,
40000001622,20260210,402567,167,8,1,0,0,
40000001623,20260217,402567,255,8,4,1,0,
40000001624,20260224,402567,138,6,5,1,0,
40000001625,20260317,402568,132,3,2,0,0,
40000001626,20260324,402568,400,4,2,0,0,
40000001627,20260331,402568,276,6,3,1,0,
40000001628,20260407,402568,135,2,2,1,0,
40000001629,20260127,402572,386,3,3,0,0,
40000001630,20260203,402572,259,10,7,0,0,
40000001631,20260210,402572,355,4,3,1,0,
40000001632,20260217,402572,339,10,8,1,0,
40000001633,20260217,402573,8,1,0,0,0,
40000001634,20260224,402573,12,1,1,0,0,
40000001635,20260303,402573,29,2,1,0,0,
40000001636,20260317,402573,7,0,0,0,0,
40000001637,20260526,402573,27,0,0,0,0,
40000001638,20260120,402576,11,1,0,0,0,
40000001639,20260217,402576,34,2,1,0,0,
40000001640,20260324,402576,5,2,0,0,0,
40000001641,20260421,402576,9,2,2,0,0,
40000001642,20260512,402576,38,1,0,0,0,
40000001643,20260623,402576,11,2,2,0,0,
40000001644,20260106,402584,34,0,0,0,0,
40000001645,20260120,402584,9,0,0,0,0,
40000001646,20260210,402584,10,2,0,0,0,
40000001647,20260414,402584,18,2,0,0,0,
40000001648,20260421,402584,19,2,0,0,0,
40000001649,20260526,402584,25,1,1,0,0,
40000001650,20260609,402584,11,2,0,0,0,
40000001651,20260526,402588,207,8,2,0,0,
40000001652,20260602,402588,350,9,1,0,0,
40000001653,20260609,402588,152,2,1,1,0,
40000001654,20260106,402594,248,3,3,0,0,
40000001655,20260120,402594,242,2,2,0,0,
40000001656,20260210,402594,242,4,3,0,0,
40000001657,20260331,402594,82,2,1,0,0,
40000001658,20260407,402594,242,3,3,0,0,
40000001659,20260414,402594,132,5,1,0,0,
40000001660,20260428,402594,114,2,1,0,0,
40000001661,20260519,402594,295,7,6,0,0,
40000001662,20260630,402594,159,4,1,0,0,
40000001663,20260210,402601,17,0,0,0,0,
40000001664,20260217,402601,39,0,0,0,0,
40000001665,20260303,402601,14,1,0,0,0,
40000001666,20260414,402601,7,2,2,0,0,
40000001667,20260505,402601,35,0,0,0,0,
40000001668,20260519,402601,28,0,0,0,0,
40000001669,20260630,402601,7,0,0,0,0,
40000001670,20260512,402608,373,8,8,0,0,
40000001671,20260519,402608,331,4,2,0,0,
40000001672,20260526,402608,169,2,2,1,0,
40000001673,20260602,402608,199,4,2,1,0,
40000001674,20260310,402610,21,0,0,0,0,
40000001675,20260505,402610,34,0,0,0,0,
40000001676,20260512,402610,18,2,0,0,0,
40000001677,20260630,402610,23,2,2,0,0,
40000001678,20260127,402616,339,3,3,0,0,
40000001679,20260203,402616,393,6,1,0,0,
40000001680,20260106,402626,7,0,0,0,0,
40000001681,20260224,402626,20,1,1,0,0,
40000001682,20260407,402626,33,1,0,0,0,
40000001683,20260428,402626,7,0,0,0,0,
40000001684,20260512,402626,21,0,0,0,0,
40000001685,20260609,402626,29,0,0,0,0,
40000001686,20260303,402628,320,3,1,0,0,
40000001687,20260310,402628,239,5,5,1,0,
40000001688,20260120,402637,28,1,0,0,0,
40000001689,20260224,402637,28,2,1,0,0,
40000001690,20260331,402637,5,1,1,0,0,
40000001691,20260428,402637,27,2,2,0,0,
40000001692,20260519,402637,6,2,1,0,0,
40000001693,20260616,402637,38,1,1,0,0,
40000001694,20260630,402637,23,2,2,0,0,
40000001695,20260127,402642,16,0,0,0,0,
40000001696,20260310,402642,8,1,1,0,0,
40000001697,20260324,402642,34,0,0,0,0,
40000001698,20260407,402642,24,0,0,0,0,
40000001699,20260106,402654,416,5,2,0,0,
40000001700,20260113,402654,125,9,9,1,0,
40000001701,20260120,402654,328,7,5,1,0,
40000001702,20260421,402661,28,0,0,0,0,
40000001703,20260609,402661,8,2,1,0,0,
40000001704,20260616,402661,44,0,0,0,0,
40000001705,20260127,402666,30,1,0,0,0,
40000001706,20260203,402666,10,2,0,0,0,
40000001707,20260428,402666,34,0,0,0,0,
40000001708,20260512,402666,29,0,0,0,0,
40000001709,20260526,402666,20,1,1,0,0,
40000001710,20260623,402666,29,1,1,0,0,
40000001711,20260303,402667,153,7,3,0,0,
40000001712,20260310,402667,143,6,5,0,0,
40000001713,20260317,402667,247,10,10,1,0,
40000001714,20260324,402667,264,6,4,1,0,
40000001715,20260106,402671,376,10,3,0,0,
40000001716,20260113,402671,279,8,2,0,0,
40000001717,20260120,402671,183,6,6,1,0,
40000001718,20260127,402671,391,2,2,1,0,
40000001719,20260120,402675,7,0,0,0,0,
40000001720,20260127,402675,25,0,0,0,0,
40000001721,20260210,402675,20,2,1,0,0,
40000001722,20260317,402675,41,0,0,0,0,
40000001723,20260324,402675,30,0,0,0,0,
40000001724,20260421,402675,8,2,1,0,0,
40000001725,20260505,402675,29,0,0,0,0,
40000001726,20260512,402675,43,2,1,0,0,
40000001727,20260526,402675,16,2,0,0,0,
40000001728,20260106,402678,643,36,29,1,1,PRICE_TOO_HIGH
40000001729,20260113,402678,864,26,22,0,0,
40000001730,20260127,402678,661,34,25,0,0,
40000001731,20260217,402678,621,16,16,0,0,
40000001732,20260310,402678,653,37,27,2,2,PRICE_TOO_HIGH
40000001733,20260414,402678,537,35,27,1,1,LOAN_REJECTED
40000001734,20260421,402678,832,31,27,0,0,
40000001735,20260519,402678,753,20,17,0,0,
40000001736,20260623,402678,802,26,20,1,1,LOAN_REJECTED
40000001737,20260210,402681,571,20,17,1,1,PRICE_TOO_HIGH
40000001738,20260428,402681,654,32,25,2,1,PRICE_TOO_HIGH
40000001739,20260616,402681,639,20,20,1,1,PRICE_TOO_HIGH
40000001740,20260630,402681,786,29,21,0,0,
40000001741,20260120,402682,895,23,20,0,0,
40000001742,20260324,402682,853,36,26,0,0,
40000001743,20260428,402682,706,32,28,1,1,PRICE_TOO_HIGH
40000001744,20260623,402682,879,31,29,3,3,PRICE_TOO_HIGH
40000001745,20260630,402682,588,23,18,0,0,
40000001746,20260421,402684,291,10,10,1,0,
40000001747,20260428,402684,384,10,10,1,0,
40000001748,20260203,402685,43,2,1,0,0,
40000001749,20260224,402685,43,0,0,0,0,
40000001750,20260324,402685,7,1,0,0,0,
40000001751,20260113,402690,11,1,1,0,0,
40000001752,20260217,402690,36,0,0,0,0,
40000001753,20260623,402690,19,1,1,0,0,
40000001754,20260113,402692,387,7,2,0,0,
40000001755,20260120,402692,221,6,2,0,0,
40000001756,20260203,402692,408,10,1,1,0,
40000001757,20260602,402694,317,8,2,0,0,
40000001758,20260609,402694,281,7,5,0,0,
40000001759,20260616,402694,198,3,1,1,0,
40000001760,20260623,402694,201,3,3,1,0,
40000001761,20260113,402696,337,5,1,0,0,
40000001762,20260120,402696,293,3,2,0,0,
40000001763,20260127,402696,198,9,6,1,0,
40000001764,20260203,402696,344,4,3,1,0,
40000001765,20260310,402697,38,0,0,0,0,
40000001766,20260331,402697,31,0,0,0,0,
40000001767,20260519,402697,8,2,2,0,0,
40000001768,20260609,402697,36,0,0,0,0,
40000001769,20260630,402697,11,1,0,0,0,
40000001770,20260127,402698,20,2,2,0,0,
40000001771,20260217,402698,12,2,2,0,0,
40000001772,20260324,402698,29,1,1,0,0,
40000001773,20260414,402698,24,1,1,0,0,
40000001774,20260428,402698,25,1,0,0,0,
40000001775,20260526,402698,21,0,0,0,0,
40000001776,20260127,402701,89,5,1,0,0,
40000001777,20260303,402701,95,1,1,0,0,
40000001778,20260324,402701,238,7,3,0,0,
40000001779,20260526,402701,172,6,2,0,0,
40000001780,20260602,402701,263,6,5,1,0,
40000001781,20260609,402701,196,1,1,0,0,
40000001782,20260203,402702,34,1,1,0,0,
40000001783,20260428,402702,22,0,0,0,0,
40000001784,20260512,402702,43,2,0,0,0,
40000001785,20260526,402702,6,1,1,0,0,
40000001786,20260421,402703,138,7,1,1,0,
40000001787,20260512,402703,209,2,1,0,0,
40000001788,20260519,402703,94,5,5,0,0,
40000001789,20260623,402703,161,5,3,1,0,
40000001790,20260217,402704,33,0,0,0,0,
40000001791,20260310,402704,32,0,0,0,0,
40000001792,20260317,402704,36,1,1,0,0,
40000001793,20260512,402704,23,0,0,0,0,
40000001794,20260113,402705,320,2,2,0,0,
40000001795,20260120,402705,202,4,4,0,0,
40000001796,20260203,402705,180,8,1,1,0,
40000001797,20260127,402706,42,1,1,0,0,
40000001798,20260217,402706,37,2,1,0,0,
40000001799,20260519,402706,37,1,1,0,0,
40000001800,20260609,402706,5,1,1,0,0,
40000001801,20260623,402706,35,1,0,0,0,
40000001802,20260630,402706,8,0,0,0,0,
40000001803,20260106,402710,584,27,27,0,0,
40000001804,20260428,402710,845,29,20,2,2,PRICE_TOO_HIGH
40000001805,20260616,402710,661,30,24,3,3,LOAN_REJECTED
40000001806,20260623,402710,540,29,28,1,0,
40000001807,20260602,402713,182,4,2,0,0,
40000001808,20260616,402713,163,4,3,1,0,
40000001809,20260623,402713,398,4,2,1,0,
40000001810,20260217,402715,181,2,1,0,0,
40000001811,20260224,402715,172,3,2,1,0,
40000001812,20260113,402716,14,1,1,0,0,
40000001813,20260331,402716,39,1,0,0,0,
40000001814,20260526,402716,29,0,0,0,0,
40000001815,20260630,402716,25,0,0,0,0,
40000001816,20260106,402724,20,1,1,0,0,
40000001817,20260127,402724,43,0,0,0,0,
40000001818,20260324,402724,44,2,1,0,0,
40000001819,20260331,402724,41,1,1,0,0,
40000001820,20260505,402724,28,0,0,0,0,
40000001821,20260609,402724,11,2,1,0,0,
40000001822,20260224,402726,44,2,0,0,0,
40000001823,20260317,402726,43,1,0,0,0,
40000001824,20260324,402726,5,0,0,0,0,
40000001825,20260428,402726,36,1,0,0,0,
40000001826,20260512,402726,37,2,2,0,0,
40000001827,20260217,402728,262,4,4,0,0,
40000001828,20260303,402728,226,6,5,0,0,
40000001829,20260310,402728,81,6,6,0,0,
40000001830,20260324,402728,215,7,5,0,0,
40000001831,20260414,402728,106,6,2,0,0,
40000001832,20260421,402728,221,2,2,0,0,
40000001833,20260505,402728,232,1,1,0,0,
40000001834,20260526,402728,188,4,3,0,0,
40000001835,20260602,402728,300,4,1,0,0,
40000001836,20260630,402728,183,2,2,0,0,
40000001837,20260120,402730,16,2,1,0,0,
40000001838,20260224,402730,30,0,0,0,0,
40000001839,20260317,402730,28,0,0,0,0,
40000001840,20260609,402730,28,2,2,0,0,
40000001841,20260120,402732,12,0,0,0,0,
40000001842,20260127,402732,32,0,0,0,0,
40000001843,20260203,402732,26,0,0,0,0,
40000001844,20260303,402732,18,1,1,0,0,
40000001845,20260317,402732,12,2,2,0,0,
40000001846,20260602,402732,22,1,1,0,0,
40000001847,20260421,402733,297,6,5,0,0,
40000001848,20260428,402733,357,10,2,0,0,
40000001849,20260512,402733,338,8,8,1,0,
40000001850,20260106,402737,226,4,1,1,0,
40000001851,20260113,402737,341,6,4,1,0,
40000001852,20260421,402741,150,7,7,0,0,
40000001853,20260512,402741,278,7,7,1,0,
40000001854,20260224,402744,81,1,1,1,0,
40000001855,20260421,402744,262,5,1,0,0,
40000001856,20260505,402744,246,6,4,0,0,
40000001857,20260519,402744,95,7,4,0,0,
40000001858,20260519,402745,299,3,3,0,0,
40000001859,20260526,402745,130,8,1,0,0,
40000001860,20260602,402745,398,10,5,1,0,
40000001861,20260609,402745,306,7,4,1,0,
40000001862,20260106,402749,303,6,2,1,0,
40000001863,20260113,402749,169,9,8,1,0,
40000001864,20260210,402750,707,35,26,0,0,
40000001865,20260217,402750,839,19,18,1,1,PRICE_TOO_HIGH
40000001866,20260303,402750,840,26,20,1,1,PRICE_TOO_HIGH
40000001867,20260414,402750,543,28,20,0,0,
40000001868,20260428,402750,825,37,28,1,1,LOAN_REJECTED
40000001869,20260519,402750,681,31,25,0,0,
40000001870,20260602,402750,881,19,19,0,0,
40000001871,20260609,402750,868,27,24,1,1,PRICE_TOO_HIGH
40000001872,20260630,402750,727,19,18,3,3,PRICE_TOO_HIGH
40000001873,20260203,402755,886,33,26,2,2,LOAN_REJECTED
40000001874,20260224,402755,523,30,24,0,0,
40000001875,20260324,402755,889,25,22,0,0,
40000001876,20260331,402755,568,31,27,0,0,
40000001877,20260414,402755,761,27,17,1,1,LOAN_REJECTED
40000001878,20260428,402755,875,27,19,0,0,
40000001879,20260505,402755,557,28,20,1,0,
40000001880,20260602,402755,694,30,22,0,0,
40000001881,20260630,402755,619,29,20,0,0,
40000001882,20260113,402756,804,22,16,1,1,PRICE_TOO_HIGH
40000001883,20260203,402756,831,35,27,0,0,
40000001884,20260310,402756,884,35,26,0,0,
40000001885,20260324,402756,536,25,16,2,2,PRICE_TOO_HIGH
40000001886,20260414,402756,880,23,21,0,0,
40000001887,20260526,402756,868,26,21,0,0,
40000001888,20260602,402756,674,25,20,3,3,PRICE_TOO_HIGH
40000001889,20260616,402756,764,27,24,1,1,LOAN_REJECTED
40000001890,20260310,402758,31,0,0,0,0,
40000001891,20260421,402758,8,1,0,0,0,
40000001892,20260505,402758,11,0,0,0,0,
40000001893,20260526,402758,12,2,1,0,0,
40000001894,20260623,402758,5,0,0,0,0,
40000001895,20260106,402764,32,0,0,0,0,
40000001896,20260120,402764,15,1,1,0,0,
40000001897,20260127,402764,34,0,0,0,0,
40000001898,20260421,402764,11,0,0,0,0,
40000001899,20260505,402764,22,2,2,0,0,
40000001900,20260519,402764,19,2,1,0,0,
40000001901,20260120,402767,674,23,18,2,2,DEFECT_FOUND
40000001902,20260210,402767,690,21,18,2,2,DEFECT_FOUND
40000001903,20260324,402767,733,17,17,1,1,DEFECT_FOUND
40000001904,20260407,402767,650,31,28,0,0,
40000001905,20260414,402767,643,34,24,1,1,LOAN_REJECTED
40000001906,20260505,402767,894,24,18,1,1,PRICE_TOO_HIGH
40000001907,20260616,402767,653,30,22,1,0,
40000001908,20260120,402768,378,2,2,0,0,
40000001909,20260203,402768,134,3,1,1,0,
40000001910,20260224,402769,677,27,22,1,1,PRICE_TOO_HIGH
40000001911,20260317,402769,542,26,19,2,1,LOAN_REJECTED
40000001912,20260407,402769,693,29,21,0,0,
40000001913,20260512,402769,892,34,24,2,2,LOAN_REJECTED
40000001914,20260113,402771,180,10,5,0,0,
40000001915,20260120,402771,371,5,1,1,0,
40000001916,20260106,402772,32,1,1,0,0,
40000001917,20260217,402772,34,2,0,0,0,
40000001918,20260303,402772,41,0,0,0,0,
40000001919,20260310,402772,30,1,0,0,0,
40000001920,20260317,402772,25,1,1,0,0,
40000001921,20260602,402772,11,1,0,0,0,
40000001922,20260630,402772,35,0,0,0,0,
40000001923,20260106,402778,680,27,24,0,0,
40000001924,20260127,402778,725,38,29,2,2,PRICE_TOO_HIGH
40000001925,20260203,402778,689,18,16,2,1,DEFECT_FOUND
40000001926,20260210,402778,757,33,23,0,0,
40000001927,20260224,402778,806,22,17,2,2,DEFECT_FOUND
40000001928,20260303,402778,632,27,23,1,1,DEFECT_FOUND
40000001929,20260609,402778,766,27,27,0,0,
40000001930,20260519,402779,343,6,5,1,0,
40000001931,20260526,402779,369,9,3,1,0,
40000001932,20260120,402783,29,0,0,0,0,
40000001933,20260217,402783,25,0,0,0,0,
40000001934,20260317,402783,7,2,2,0,0,
40000001935,20260414,402783,44,2,0,0,0,
40000001936,20260421,402783,6,1,0,0,0,
40000001937,20260609,402783,13,2,2,0,0,
40000001938,20260630,402783,8,2,2,0,0,
40000001939,20260210,402785,175,6,4,0,0,
40000001940,20260303,402785,130,7,6,1,0,
40000001941,20260310,402785,248,4,3,0,0,
40000001942,20260317,402785,157,6,4,0,0,
40000001943,20260512,402785,132,7,5,0,0,
40000001944,20260519,402785,228,4,2,0,0,
40000001945,20260609,402785,279,1,1,0,0,
40000001946,20260519,402786,192,2,2,0,0,
40000001947,20260526,402786,254,5,2,0,0,
40000001948,20260602,402786,261,7,2,1,0,
40000001949,20260609,402786,312,7,4,1,0,
40000001950,20260324,402788,381,10,8,0,0,
40000001951,20260331,402788,398,8,5,0,0,
40000001952,20260407,402788,263,10,10,1,0,
40000001953,20260210,402790,18,0,0,0,0,
40000001954,20260407,402790,22,2,2,0,0,
40000001955,20260505,402790,13,1,0,0,0,
40000001956,20260106,402791,31,2,1,0,0,
40000001957,20260113,402791,23,2,0,0,0,
40000001958,20260421,402791,9,2,0,0,0,
40000001959,20260519,402791,14,0,0,0,0,
40000001960,20260616,402791,41,1,0,0,0,
40000001961,20260630,402791,31,0,0,0,0,
40000001962,20260203,402793,26,2,1,0,0,
40000001963,20260224,402793,40,2,0,0,0,
40000001964,20260407,402793,10,0,0,0,0,
40000001965,20260428,402793,39,2,1,0,0,
40000001966,20260623,402793,5,2,0,0,0,
40000001967,20260630,402793,9,1,1,0,0,
40000001968,20260106,402795,21,2,1,0,0,
40000001969,20260210,402795,16,1,0,0,0,
40000001970,20260224,402795,25,2,2,0,0,
40000001971,20260310,402795,5,1,0,0,0,
40000001972,20260324,402795,34,2,1,0,0,
40000001973,20260414,402795,26,2,2,0,0,
40000001974,20260505,402795,30,0,0,0,0,
40000001975,20260616,402795,41,2,2,0,0,
40000001976,20260630,402795,41,2,1,0,0,
40000001977,20260310,402796,23,0,0,0,0,
40000001978,20260414,402796,5,2,1,0,0,
40000001979,20260505,402796,29,0,0,0,0,
40000001980,20260526,402796,34,0,0,0,0,
40000001981,20260616,402796,42,1,1,0,0,
40000001982,20260630,402796,20,1,0,0,0,
40000001983,20260526,402799,195,8,7,0,0,
40000001984,20260602,402799,270,4,1,0,0,
40000001985,20260609,402799,120,9,3,1,0,
40000001986,20260616,402799,141,6,3,1,0,
40000001987,20260106,402802,21,1,1,0,0,
40000001988,20260113,402802,40,0,0,0,0,
40000001989,20260324,402802,8,1,0,0,0,
40000001990,20260505,402802,7,0,0,0,0,
40000001991,20260519,402802,14,2,1,0,0,
40000001992,20260623,402802,7,2,0,0,0,
40000001993,20260210,402803,218,5,4,0,0,
40000001994,20260217,402803,243,9,1,1,0,
40000001995,20260224,402803,330,3,1,1,0,
40000001996,20260127,402806,13,1,1,0,0,
40000001997,20260203,402806,14,2,1,0,0,
40000001998,20260310,402806,39,2,2,0,0,
40000001999,20260324,402806,13,0,0,0,0,
40000002000,20260414,402806,35,0,0,0,0,
40000002001,20260421,402806,43,1,0,0,0,
40000002002,20260217,402807,412,7,1,0,0,
40000002003,20260224,402807,293,3,2,0,0,
40000002004,20260303,402807,235,7,4,1,0,
40000002005,20260310,402807,244,5,1,1,0,
40000002006,20260120,402809,33,0,0,0,0,
40000002007,20260127,402809,17,1,0,0,0,
40000002008,20260310,402809,37,0,0,0,0,
40000002009,20260505,402809,44,2,2,0,0,
40000002010,20260630,402809,34,2,0,0,0,
40000002011,20260203,402812,29,2,0,0,0,
40000002012,20260217,402812,17,1,0,0,0,
40000002013,20260526,402812,25,2,0,0,0,
40000002014,20260106,402817,414,4,2,1,0,
40000002015,20260113,402817,168,6,3,1,0,
40000002016,20260127,402820,16,0,0,0,0,
40000002017,20260210,402820,25,1,0,0,0,
40000002018,20260224,402820,38,1,0,0,0,
40000002019,20260310,402820,27,0,0,0,0,
40000002020,20260505,402820,20,2,0,0,0,
40000002021,20260519,402820,36,1,1,0,0,
40000002022,20260609,402820,29,2,2,0,0,
40000002023,20260120,402822,36,2,0,0,0,
40000002024,20260310,402822,30,1,0,0,0,
40000002025,20260512,402822,17,0,0,0,0,
40000002026,20260519,402822,25,0,0,0,0,
40000002027,20260623,402822,10,2,1,0,0,
40000002028,20260106,402823,534,29,26,2,1,PRICE_TOO_HIGH
40000002029,20260120,402823,730,28,23,0,0,
40000002030,20260127,402823,569,25,16,0,0,
40000002031,20260217,402823,848,21,16,0,0,
40000002032,20260303,402823,524,28,25,0,0,
40000002033,20260428,402823,662,26,22,2,2,DEFECT_FOUND
40000002034,20260512,402823,851,22,22,1,1,LOAN_REJECTED
40000002035,20260630,402823,718,22,20,0,0,
40000002036,20260317,402824,311,2,1,0,0,
40000002037,20260324,402824,266,10,4,0,0,
40000002038,20260127,402825,875,33,28,1,1,PRICE_TOO_HIGH
40000002039,20260203,402825,600,27,18,1,1,LOAN_REJECTED
40000002040,20260210,402825,691,26,26,1,1,LOAN_REJECTED
40000002041,20260317,402825,607,33,27,0,0,
40000002042,20260331,402825,828,36,28,1,1,PRICE_TOO_HIGH
40000002043,20260421,402825,543,35,28,0,0,
40000002044,20260127,402827,642,23,17,1,1,LOAN_REJECTED
40000002045,20260210,402827,702,22,21,2,2,PRICE_TOO_HIGH
40000002046,20260303,402827,811,30,21,2,1,LOAN_REJECTED
40000002047,20260414,402827,582,26,18,2,2,PRICE_TOO_HIGH
40000002048,20260609,402827,576,33,23,1,1,DEFECT_FOUND
40000002049,20260630,402827,675,31,25,0,0,
40000002050,20260120,402829,143,5,4,0,0,
40000002051,20260224,402829,224,2,1,0,0,
40000002052,20260303,402829,108,6,1,0,0,
40000002053,20260324,402829,111,5,5,0,0,
40000002054,20260421,402829,142,1,1,0,0,
40000002055,20260512,402829,196,3,3,0,0,
40000002056,20260526,402829,191,5,5,0,0,
40000002057,20260623,402829,230,5,5,0,0,
40000002058,20260120,402830,268,8,6,0,0,
40000002059,20260203,402830,200,8,2,1,0,
40000002060,20260210,402830,136,10,10,1,0,
40000002061,20260106,402831,608,38,30,1,1,DEFECT_FOUND
40000002062,20260120,402831,716,27,26,1,1,LOAN_REJECTED
40000002063,20260210,402831,527,25,21,1,1,PRICE_TOO_HIGH
40000002064,20260217,402831,606,35,28,1,1,LOAN_REJECTED
40000002065,20260414,402831,663,18,16,0,0,
40000002066,20260421,402831,625,27,20,0,0,
40000002067,20260505,402831,609,33,29,0,0,
40000002068,20260526,402831,662,30,25,0,0,
40000002069,20260616,402831,577,23,19,1,0,
40000002070,20260324,402835,352,5,1,0,0,
40000002071,20260331,402835,213,4,3,0,0,
40000002072,20260407,402835,174,4,3,1,0,
40000002073,20260414,402835,378,3,3,1,0,
40000002074,20260303,402838,395,10,4,0,0,
40000002075,20260317,402838,418,7,7,1,0,
40000002076,20260113,402839,692,32,28,1,1,PRICE_TOO_HIGH
40000002077,20260127,402839,747,33,30,2,2,LOAN_REJECTED
40000002078,20260210,402839,522,25,25,1,1,PRICE_TOO_HIGH
40000002079,20260217,402839,807,29,21,2,2,PRICE_TOO_HIGH
40000002080,20260317,402839,831,36,27,0,0,
40000002081,20260324,402839,646,24,23,1,1,LOAN_REJECTED
40000002082,20260421,402839,856,26,19,0,0,
40000002083,20260609,402839,605,29,20,0,0,
40000002084,20260623,402839,790,24,20,0,0,
40000002085,20260203,402843,759,33,30,0,0,
40000002086,20260224,402843,554,30,24,0,0,
40000002087,20260310,402843,606,28,20,1,1,PRICE_TOO_HIGH
40000002088,20260331,402843,579,34,26,2,2,PRICE_TOO_HIGH
40000002089,20260407,402843,829,35,27,0,0,
40000002090,20260421,402843,637,34,26,1,1,LOAN_REJECTED
40000002091,20260428,402843,712,17,16,2,2,LOAN_REJECTED
40000002092,20260526,402843,711,26,19,2,2,PRICE_TOO_HIGH
40000002093,20260203,402844,562,20,19,1,1,PRICE_TOO_HIGH
40000002094,20260217,402844,624,28,25,2,2,DEFECT_FOUND
40000002095,20260317,402844,844,21,16,1,1,PRICE_TOO_HIGH
40000002096,20260324,402844,738,19,16,0,0,
40000002097,20260414,402844,854,29,19,1,1,PRICE_TOO_HIGH
40000002098,20260609,402844,571,18,18,2,2,PRICE_TOO_HIGH
40000002099,20260630,402844,597,18,18,1,1,PRICE_TOO_HIGH
40000002100,20260217,402847,16,1,0,0,0,
40000002101,20260303,402847,22,0,0,0,0,
40000002102,20260324,402847,26,0,0,0,0,
40000002103,20260331,402847,22,1,1,0,0,
40000002104,20260609,402847,14,1,1,0,0,
40000002105,20260106,402848,584,37,30,2,0,
40000002106,20260310,402848,723,29,21,1,1,PRICE_TOO_HIGH
40000002107,20260331,402848,636,30,27,1,1,DEFECT_FOUND
40000002108,20260519,402848,813,38,28,0,0,
40000002109,20260609,402848,868,23,22,1,1,LOAN_REJECTED
40000002110,20260317,402849,362,5,4,0,0,
40000002111,20260324,402849,162,7,5,1,0,
40000002112,20260120,402853,328,8,8,0,0,
40000002113,20260127,402853,358,4,2,0,0,
40000002114,20260210,402853,334,7,7,1,0,
40000002115,20260224,402854,309,3,3,0,0,
40000002116,20260310,402854,226,3,3,1,0,
40000002117,20260127,402857,893,27,20,0,0,
40000002118,20260217,402857,824,19,16,0,0,
40000002119,20260303,402857,813,22,21,1,1,PRICE_TOO_HIGH
40000002120,20260317,402857,738,28,18,3,3,PRICE_TOO_HIGH
40000002121,20260303,402859,238,8,5,1,0,
40000002122,20260310,402859,262,4,1,1,0,
40000002123,20260120,402860,11,2,2,0,0,
40000002124,20260210,402860,6,0,0,0,0,
40000002125,20260224,402860,20,1,1,0,0,
40000002126,20260303,402860,6,2,1,0,0,
40000002127,20260331,402860,10,2,0,0,0,
40000002128,20260428,402860,43,2,0,0,0,
40000002129,20260512,402860,12,1,0,0,0,
40000002130,20260602,402860,10,1,1,0,0,
40000002131,20260630,402860,11,0,0,0,0,
40000002132,20260106,402862,144,5,2,1,0,
40000002133,20260113,402862,168,7,2,1,0,
40000002134,20260324,402866,131,5,5,0,0,
40000002135,20260407,402866,181,8,3,1,0,
40000002136,20260414,402866,320,9,9,1,0,
40000002137,20260609,402868,133,6,3,0,0,
40000002138,20260623,402868,303,5,1,1,0,
40000002139,20260210,402869,786,33,30,3,3,PRICE_TOO_HIGH
40000002140,20260317,402869,856,24,16,1,1,PRICE_TOO_HIGH
40000002141,20260428,402869,767,35,27,0,0,
40000002142,20260519,402869,792,27,26,0,0,
40000002143,20260526,402869,872,27,25,1,1,DEFECT_FOUND
40000002144,20260602,402869,743,26,26,1,1,PRICE_TOO_HIGH
40000002145,20260127,402871,9,0,0,0,0,
40000002146,20260317,402871,38,1,0,0,0,
40000002147,20260630,402871,29,1,0,0,0,
40000002148,20260609,402874,310,9,1,0,0,
40000002149,20260616,402874,157,6,2,1,0,
40000002150,20260224,402875,333,10,3,0,0,
40000002151,20260303,402875,310,7,6,0,0,
40000002152,20260310,402875,298,8,2,1,0,
40000002153,20260317,402875,243,8,3,1,0,
40000002154,20260113,402878,7,0,0,0,0,
40000002155,20260210,402878,18,2,0,0,0,
40000002156,20260324,402878,15,0,0,0,0,
40000002157,20260512,402878,37,2,0,0,0,
40000002158,20260609,402878,13,1,1,0,0,
40000002159,20260623,402878,30,1,0,0,0,
40000002160,20260203,402879,757,35,28,1,1,PRICE_TOO_HIGH
40000002161,20260217,402879,562,19,16,0,0,
40000002162,20260224,402879,848,30,25,2,2,LOAN_REJECTED
40000002163,20260414,402879,864,30,23,1,1,LOAN_REJECTED
40000002164,20260428,402879,687,29,27,0,0,
40000002165,20260602,402879,822,30,29,0,0,
40000002166,20260609,402879,562,25,18,2,1,DEFECT_FOUND
40000002167,20260630,402879,760,36,27,0,0,
40000002168,20260210,402881,29,1,1,0,0,
40000002169,20260303,402881,12,0,0,0,0,
40000002170,20260310,402881,21,0,0,0,0,
40000002171,20260331,402881,33,1,1,0,0,
40000002172,20260428,402881,10,2,2,0,0,
40000002173,20260519,402881,30,1,0,0,0,
40000002174,20260602,402881,11,1,1,0,0,
40000002175,20260609,402881,6,0,0,0,0,
40000002176,20260623,402881,41,0,0,0,0,
40000002177,20260127,402891,30,2,2,0,0,
40000002178,20260210,402891,17,1,1,0,0,
40000002179,20260317,402891,17,2,2,0,0,
40000002180,20260217,402892,333,4,1,0,0,
40000002181,20260224,402892,166,8,5,0,0,
40000002182,20260303,402892,303,4,2,1,0,
40000002183,20260310,402892,330,8,1,1,0,
40000002184,20260106,402900,44,1,1,0,0,
40000002185,20260203,402900,29,2,0,0,0,
40000002186,20260224,402900,44,1,1,0,0,
40000002187,20260310,402900,25,2,1,0,0,
40000002188,20260324,402900,9,2,2,0,0,
40000002189,20260421,402900,27,0,0,0,0,
40000002190,20260616,402900,32,1,1,0,0,
40000002191,20260623,402900,43,1,1,0,0,
40000002192,20260224,402904,370,2,2,0,0,
40000002193,20260310,402904,205,10,6,1,0,
40000002194,20260120,402905,42,1,0,0,0,
40000002195,20260303,402905,7,1,1,0,0,
40000002196,20260310,402905,24,1,0,0,0,
40000002197,20260317,402905,44,1,0,0,0,
40000002198,20260428,402905,31,0,0,0,0,
40000002199,20260505,402905,6,0,0,0,0,
40000002200,20260526,402905,35,2,0,0,0,
40000002201,20260120,402908,32,2,0,0,0,
40000002202,20260303,402908,30,1,0,0,0,
40000002203,20260414,402908,44,1,0,0,0,
40000002204,20260421,402908,38,0,0,0,0,
40000002205,20260505,402908,34,2,0,0,0,
40000002206,20260526,402908,6,2,0,0,0,
40000002207,20260609,402908,31,1,0,0,0,
40000002208,20260623,402908,21,0,0,0,0,
40000002209,20260106,402909,369,10,8,0,0,
40000002210,20260120,402909,237,4,2,1,0,
40000002211,20260127,402909,416,8,5,1,0,
40000002212,20260407,402915,166,9,9,0,0,
40000002213,20260421,402915,211,9,2,1,0,
40000002214,20260421,402916,351,8,7,0,0,
40000002215,20260428,402916,249,9,6,1,0,
40000002216,20260120,402924,40,2,2,0,0,
40000002217,20260210,402924,26,2,2,0,0,
40000002218,20260317,402924,22,2,0,0,0,
40000002219,20260414,402924,25,2,2,0,0,
40000002220,20260519,402924,39,1,1,0,0,
40000002221,20260602,402924,10,2,1,0,0,
40000002222,20260616,402924,19,2,0,0,0,
40000002223,20260630,402924,29,0,0,0,0,
40000002224,20260203,402926,167,5,3,0,0,
40000002225,20260210,402926,149,2,2,0,0,
40000002226,20260217,402926,400,4,2,1,0,
40000002227,20260224,402926,392,8,6,1,0,
40000002228,20260331,402927,208,4,1,0,0,
40000002229,20260407,402927,357,9,7,0,0,
40000002230,20260414,402927,236,6,4,1,0,
40000002231,20260421,402927,127,6,3,1,0,
40000002232,20260120,402928,34,1,1,0,0,
40000002233,20260127,402928,12,1,0,0,0,
40000002234,20260203,402928,13,2,2,0,0,
40000002235,20260224,402928,27,0,0,0,0,
40000002236,20260317,402928,7,0,0,0,0,
40000002237,20260324,402928,7,1,0,0,0,
40000002238,20260421,402928,44,2,1,0,0,
40000002239,20260519,402928,35,2,2,0,0,
40000002240,20260630,402928,40,1,1,0,0,
40000002241,20260120,402930,604,30,26,0,0,
40000002242,20260127,402930,803,35,29,2,2,PRICE_TOO_HIGH
40000002243,20260331,402930,832,28,23,1,1,LOAN_REJECTED
40000002244,20260421,402930,535,32,23,2,2,DEFECT_FOUND
40000002245,20260428,402930,677,28,26,1,1,LOAN_REJECTED
40000002246,20260512,402930,649,26,18,0,0,
40000002247,20260526,402930,732,26,26,1,1,DEFECT_FOUND
40000002248,20260623,402930,574,33,24,0,0,
40000002249,20260106,402932,13,1,1,0,0,
40000002250,20260120,402932,5,2,1,0,0,
40000002251,20260217,402932,8,0,0,0,0,
40000002252,20260310,402932,18,2,0,0,0,
40000002253,20260407,402932,38,1,1,0,0,
40000002254,20260512,402932,44,1,0,0,0,
40000002255,20260609,402932,43,0,0,0,0,
40000002256,20260616,402932,41,2,2,0,0,
40000002257,20260120,402937,33,0,0,0,0,
40000002258,20260210,402937,6,0,0,0,0,
40000002259,20260331,402937,6,1,0,0,0,
40000002260,20260428,402937,36,2,0,0,0,
40000002261,20260519,402937,43,0,0,0,0,
40000002262,20260526,402937,33,1,0,0,0,
40000002263,20260609,402937,20,0,0,0,0,
40000002264,20260127,402941,20,0,0,0,0,
40000002265,20260317,402941,34,1,1,0,0,
40000002266,20260331,402941,41,1,1,0,0,
40000002267,20260414,402941,28,1,0,0,0,
40000002268,20260428,402941,13,2,1,0,0,
40000002269,20260616,402941,11,1,0,0,0,
40000002270,20260317,402943,221,6,2,0,0,
40000002271,20260324,402943,377,4,3,0,0,
40000002272,20260407,402943,276,7,7,1,0,
40000002273,20260317,402947,29,0,0,0,0,
40000002274,20260602,402947,40,1,0,0,0,
40000002275,20260609,402947,36,0,0,0,0,
40000002276,20260203,402948,378,10,3,0,0,
40000002277,20260210,402948,286,4,2,1,0,
40000002278,20260217,402948,211,5,2,1,0,
40000002279,20260421,402955,156,8,8,0,0,
40000002280,20260512,402955,228,7,1,1,0,
40000002281,20260127,402960,40,1,0,0,0,
40000002282,20260217,402960,33,2,1,0,0,
40000002283,20260317,402960,39,0,0,0,0,
40000002284,20260602,402960,15,2,1,0,0,
40000002285,20260609,402960,7,0,0,0,0,
40000002286,20260407,402962,226,7,3,1,0,
40000002287,20260414,402962,324,7,4,1,0,
40000002288,20260127,402967,31,2,1,0,0,
40000002289,20260203,402967,25,0,0,0,0,
40000002290,20260414,402967,14,2,0,0,0,
40000002291,20260519,402967,21,1,1,0,0,
40000002292,20260113,402968,9,1,0,0,0,
40000002293,20260310,402968,28,0,0,0,0,
40000002294,20260331,402968,35,1,1,0,0,
40000002295,20260421,402968,35,1,0,0,0,
40000002296,20260519,402968,22,0,0,0,0,
40000002297,20260630,402968,39,0,0,0,0,
40000002298,20260106,402970,408,2,1,1,0,
40000002299,20260106,402971,215,6,3,0,0,
40000002300,20260113,402971,212,6,1,1,0,
40000002301,20260120,402971,132,6,3,1,0,
40000002302,20260414,402974,172,2,1,1,0,
40000002303,20260421,402974,284,7,3,1,0,
40000002304,20260602,402976,375,7,4,0,0,
40000002305,20260609,402976,236,3,2,0,0,
40000002306,20260616,402976,400,9,6,1,0,
40000002307,20260127,402977,26,0,0,0,0,
40000002308,20260407,402977,37,1,0,0,0,
40000002309,20260602,402977,11,1,0,0,0,
40000002310,20260421,402979,286,2,1,0,0,
40000002311,20260428,402979,153,3,1,0,0,
40000002312,20260505,402979,267,9,7,1,0,
40000002313,20260512,402979,313,6,3,1,0,
40000002314,20260127,402980,199,7,3,0,0,
40000002315,20260203,402980,380,8,1,0,0,
40000002316,20260210,402980,397,8,7,1,0,
40000002317,20260217,402980,339,4,1,1,0,
40000002318,20260407,402986,263,1,1,0,0,
40000002319,20260421,402986,236,5,4,0,0,
40000002320,20260505,402986,81,4,3,0,0,
40000002321,20260602,402986,214,2,1,1,0,
40000002322,20260609,402986,116,5,2,0,0,
40000002323,20260630,402986,270,6,4,0,0,
40000002324,20260106,402988,857,33,29,0,0,
40000002325,20260113,402988,877,30,22,1,1,DEFECT_FOUND
40000002326,20260303,402988,864,24,20,0,0,
40000002327,20260310,402988,614,23,21,0,0,
40000002328,20260331,402988,758,26,23,2,2,PRICE_TOO_HIGH
40000002329,20260407,402988,751,27,27,2,0,
40000002330,20260512,402988,569,32,29,0,0,
40000002331,20260127,402989,569,21,19,1,1,PRICE_TOO_HIGH
40000002332,20260303,402989,798,28,26,1,1,PRICE_TOO_HIGH
40000002333,20260317,402989,667,33,25,1,1,LOAN_REJECTED
40000002334,20260331,402989,763,29,24,1,1,PRICE_TOO_HIGH
40000002335,20260609,402989,821,29,19,3,2,LOAN_REJECTED
40000002336,20260630,402989,592,28,27,1,1,LOAN_REJECTED
40000002337,20260203,402990,37,1,0,0,0,
40000002338,20260224,402990,41,2,0,0,0,
40000002339,20260414,402990,34,2,2,0,0,
40000002340,20260428,402990,35,1,0,0,0,
40000002341,20260519,402990,19,1,0,0,0,
40000002342,20260224,402991,736,28,21,2,2,LOAN_REJECTED
40000002343,20260324,402991,832,28,25,2,1,LOAN_REJECTED
40000002344,20260331,402991,698,29,19,1,1,LOAN_REJECTED
40000002345,20260519,402991,712,34,24,1,1,PRICE_TOO_HIGH
40000002346,20260113,402992,18,1,0,0,0,
40000002347,20260317,402992,18,1,0,0,0,
40000002348,20260324,402992,9,1,0,0,0,
40000002349,20260414,402992,38,0,0,0,0,
40000002350,20260505,402992,13,0,0,0,0,
40000002351,20260609,402992,18,0,0,0,0,
40000002352,20260113,402993,16,2,0,0,0,
40000002353,20260120,402993,6,0,0,0,0,
40000002354,20260217,402993,38,1,1,0,0,
40000002355,20260421,402993,33,0,0,0,0,
40000002356,20260106,402994,885,18,16,0,0,
40000002357,20260120,402994,681,28,26,2,2,PRICE_TOO_HIGH
40000002358,20260127,402994,635,38,29,2,2,PRICE_TOO_HIGH
40000002359,20260224,402994,562,23,16,0,0,
40000002360,20260303,402994,750,29,20,0,0,
40000002361,20260505,402994,614,25,19,0,0,
40000002362,20260623,402994,521,32,24,3,3,PRICE_TOO_HIGH
40000002363,20260317,403000,261,10,8,0,0,
40000002364,20260324,403000,304,9,2,0,0,
40000002365,20260331,403000,271,5,5,1,0,
40000002366,20260407,403000,126,8,7,1,0,
40000002367,20260106,403001,854,33,25,2,2,LOAN_REJECTED
40000002368,20260127,403001,790,29,20,2,2,PRICE_TOO_HIGH
40000002369,20260210,403001,668,19,16,0,0,
40000002370,20260324,403001,823,34,28,0,0,
40000002371,20260428,403001,756,17,17,1,1,LOAN_REJECTED
40000002372,20260609,403001,819,29,28,1,1,LOAN_REJECTED
40000002373,20260616,403001,655,31,21,1,1,LOAN_REJECTED
40000002374,20260106,403007,16,0,0,0,0,
40000002375,20260303,403007,28,0,0,0,0,
40000002376,20260512,403007,44,1,0,0,0,
40000002377,20260519,403007,36,1,0,0,0,
40000002378,20260623,403007,16,1,0,0,0,
40000002379,20260120,403010,31,2,0,0,0,
40000002380,20260217,403010,19,0,0,0,0,
40000002381,20260317,403010,14,2,2,0,0,
40000002382,20260512,403010,43,2,2,0,0,
40000002383,20260519,403010,19,0,0,0,0,
40000002384,20260602,403010,24,0,0,0,0,
40000002385,20260224,403013,38,2,2,0,0,
40000002386,20260428,403013,16,1,1,0,0,
40000002387,20260512,403013,40,1,1,0,0,
40000002388,20260602,403013,18,2,0,0,0,
40000002389,20260623,403013,11,0,0,0,0,
40000002390,20260120,403014,592,21,20,0,0,
40000002391,20260203,403014,794,25,23,0,0,
40000002392,20260210,403014,853,29,20,1,1,PRICE_TOO_HIGH
40000002393,20260317,403014,821,34,25,0,0,
40000002394,20260331,403014,666,32,26,1,1,LOAN_REJECTED
40000002395,20260407,403014,811,25,22,4,4,LOAN_REJECTED
40000002396,20260414,403014,685,38,29,0,0,
40000002397,20260519,403014,873,19,18,1,1,LOAN_REJECTED
40000002398,20260120,403017,36,1,1,0,0,
40000002399,20260224,403017,16,2,0,0,0,
40000002400,20260310,403017,14,0,0,0,0,
40000002401,20260512,403017,13,1,0,0,0,
40000002402,20260519,403017,24,1,0,0,0,
40000002403,20260526,403017,9,1,1,0,0,
40000002404,20260106,403018,34,1,1,0,0,
40000002405,20260120,403018,24,0,0,0,0,
40000002406,20260217,403018,8,0,0,0,0,
40000002407,20260224,403018,26,0,0,0,0,
40000002408,20260324,403018,32,1,0,0,0,
40000002409,20260505,403018,6,1,0,0,0,
40000002410,20260602,403018,35,0,0,0,0,
40000002411,20260428,403022,132,3,2,0,0,
40000002412,20260512,403022,228,6,1,1,0,
40000002413,20260526,403025,153,5,1,0,0,
40000002414,20260602,403025,342,6,2,0,0,
40000002415,20260616,403025,330,7,7,1,0,
40000002416,20260310,403027,154,6,4,0,0,
40000002417,20260317,403027,276,9,5,0,0,
40000002418,20260324,403027,389,2,1,1,0,
40000002419,20260331,403027,378,9,6,1,0,
40000002420,20260113,403028,153,3,1,0,0,
40000002421,20260120,403028,301,9,7,0,0,
40000002422,20260127,403028,406,8,6,1,0,
40000002423,20260203,403028,158,3,1,1,0,
40000002424,20260106,403029,12,1,0,0,0,
40000002425,20260217,403029,25,2,1,0,0,
40000002426,20260303,403029,20,1,1,0,0,
40000002427,20260414,403029,13,2,2,0,0,
40000002428,20260512,403029,7,0,0,0,0,
40000002429,20260526,403029,19,2,2,0,0,
40000002430,20260602,403029,25,0,0,0,0,
40000002431,20260630,403029,24,0,0,0,0,
40000002432,20260106,403031,11,2,1,0,0,
40000002433,20260113,403031,43,1,0,0,0,
40000002434,20260127,403031,6,2,1,0,0,
40000002435,20260203,403031,41,1,0,0,0,
40000002436,20260303,403031,41,2,2,0,0,
40000002437,20260414,403031,40,0,0,0,0,
40000002438,20260106,403034,857,31,26,1,1,LOAN_REJECTED
40000002439,20260127,403034,520,31,29,0,0,
40000002440,20260203,403034,540,20,18,2,2,DEFECT_FOUND
40000002441,20260407,403034,598,34,25,1,1,DEFECT_FOUND
40000002442,20260414,403034,601,31,25,2,2,LOAN_REJECTED
40000002443,20260512,403034,524,31,21,1,1,PRICE_TOO_HIGH
40000002444,20260106,403035,25,2,2,0,0,
40000002445,20260120,403035,26,1,1,0,0,
40000002446,20260303,403035,39,1,0,0,0,
40000002447,20260310,403035,37,0,0,0,0,
40000002448,20260317,403035,27,2,1,0,0,
40000002449,20260407,403035,13,1,0,0,0,
40000002450,20260512,403035,22,0,0,0,0,
40000002451,20260120,403037,23,0,0,0,0,
40000002452,20260210,403037,15,0,0,0,0,
40000002453,20260217,403037,27,1,1,0,0,
40000002454,20260421,403037,45,1,0,0,0,
40000002455,20260505,403037,31,1,0,0,0,
40000002456,20260602,403037,23,0,0,0,0,
40000002457,20260609,403037,21,0,0,0,0,
40000002458,20260203,403039,41,2,2,0,0,
40000002459,20260310,403039,24,1,0,0,0,
40000002460,20260331,403039,44,0,0,0,0,
40000002461,20260414,403039,27,1,1,0,0,
40000002462,20260421,403039,8,1,0,0,0,
40000002463,20260609,403039,29,0,0,0,0,
40000002464,20260630,403039,11,0,0,0,0,
40000002465,20260120,403040,364,6,4,0,0,
40000002466,20260127,403040,124,7,2,0,0,
40000002467,20260203,403040,403,5,2,1,0,
40000002468,20260310,403043,16,1,1,0,0,
40000002469,20260512,403043,22,0,0,0,0,
40000002470,20260526,403043,29,2,2,0,0,
40000002471,20260616,403043,25,2,0,0,0,
40000002472,20260120,403044,8,0,0,0,0,
40000002473,20260203,403044,19,2,2,0,0,
40000002474,20260210,403044,18,0,0,0,0,
40000002475,20260317,403044,45,2,2,0,0,
40000002476,20260421,403044,7,0,0,0,0,
40000002477,20260505,403044,34,0,0,0,0,
40000002478,20260602,403044,44,0,0,0,0,
40000002479,20260127,403046,38,2,0,0,0,
40000002480,20260310,403046,43,2,2,0,0,
40000002481,20260317,403046,45,0,0,0,0,
40000002482,20260512,403046,27,2,0,0,0,
40000002483,20260602,403046,20,1,1,0,0,
40000002484,20260616,403046,17,1,1,0,0,
40000002485,20260623,403046,21,2,1,0,0,
40000002486,20260630,403046,42,1,1,0,0,
40000002487,20260127,403047,18,0,0,0,0,
40000002488,20260224,403047,26,0,0,0,0,
40000002489,20260317,403047,30,1,1,0,0,
40000002490,20260324,403047,31,2,2,0,0,
40000002491,20260331,403047,35,0,0,0,0,
40000002492,20260505,403047,19,0,0,0,0,
40000002493,20260602,403047,5,2,0,0,0,
40000002494,20260609,403047,32,1,0,0,0,
40000002495,20260526,403052,275,6,5,0,0,
40000002496,20260602,403052,273,5,4,0,0,
40000002497,20260616,403052,405,9,3,1,0,
40000002498,20260224,403054,379,3,3,0,0,
40000002499,20260310,403054,352,7,1,1,0,
40000002500,20260120,403055,846,21,19,4,3,PRICE_TOO_HIGH
40000002501,20260127,403055,834,27,21,1,1,DEFECT_FOUND
40000002502,20260310,403055,666,23,20,2,2,PRICE_TOO_HIGH
40000002503,20260407,403055,856,31,30,1,1,PRICE_TOO_HIGH
40000002504,20260414,403055,684,28,20,0,0,
40000002505,20260519,403055,855,28,21,0,0,
40000002506,20260113,403058,658,30,29,0,0,
40000002507,20260203,403058,684,21,20,1,1,PRICE_TOO_HIGH
40000002508,20260217,403058,607,25,18,0,0,
40000002509,20260317,403058,868,23,21,0,0,
40000002510,20260324,403058,784,32,24,0,0,
40000002511,20260421,403058,836,36,30,1,0,
40000002512,20260428,403058,604,33,25,2,2,LOAN_REJECTED
40000002513,20260519,403058,849,24,23,0,0,
40000002514,20260602,403058,602,32,27,0,0,
40000002515,20260127,403060,24,0,0,0,0,
40000002516,20260317,403060,45,2,1,0,0,
40000002517,20260331,403060,27,2,0,0,0,
40000002518,20260512,403060,21,1,1,0,0,
40000002519,20260616,403060,25,1,1,0,0,
40000002520,20260203,403067,5,0,0,0,0,
40000002521,20260210,403067,20,1,1,0,0,
40000002522,20260310,403067,43,2,1,0,0,
40000002523,20260324,403067,32,1,0,0,0,
40000002524,20260616,403067,13,0,0,0,0,
40000002525,20260407,403068,105,5,3,1,1,PRICE_TOO_HIGH
40000002526,20260505,403068,146,1,1,0,0,
40000002527,20260602,403068,204,3,2,0,0,
40000002528,20260505,403073,241,4,2,0,0,
40000002529,20260512,403073,400,6,2,0,0,
40000002530,20260519,403073,143,3,2,1,0,
40000002531,20260324,403074,401,5,4,0,0,
40000002532,20260331,403074,249,6,1,0,0,
40000002533,20260407,403074,170,8,5,1,0,
40000002534,20260414,403074,344,2,1,1,0,
40000002535,20260217,403075,397,9,5,0,0,
40000002536,20260224,403075,164,3,1,1,0,
40000002537,20260303,403075,197,8,2,1,0,
40000002538,20260120,403078,180,2,1,0,0,
40000002539,20260127,403078,98,5,3,0,0,
40000002540,20260210,403078,145,4,4,0,0,
40000002541,20260224,403078,162,6,2,0,0,
40000002542,20260331,403078,99,6,6,0,0,
40000002543,20260421,403078,132,6,4,0,0,
40000002544,20260505,403078,190,7,3,0,0,
40000002545,20260609,403078,300,7,6,0,0,
40000002546,20260106,403080,236,8,2,0,0,
40000002547,20260120,403080,330,6,6,1,0,
40000002548,20260127,403080,203,2,2,1,0,
40000002549,20260407,403081,209,9,3,0,0,
40000002550,20260414,403081,251,5,4,0,0,
40000002551,20260421,403081,406,8,5,1,0,
40000002552,20260428,403081,274,9,7,1,0,
40000002553,20260224,403084,34,0,0,0,0,
40000002554,20260331,403084,31,0,0,0,0,
40000002555,20260407,403084,23,1,1,0,0,
40000002556,20260609,403084,25,2,0,0,0,
40000002557,20260106,403085,8,0,0,0,0,
40000002558,20260127,403085,29,2,2,0,0,
40000002559,20260210,403085,41,2,2,0,0,
40000002560,20260217,403085,23,0,0,0,0,
40000002561,20260317,403085,20,1,0,0,0,
40000002562,20260324,403085,17,1,0,0,0,
40000002563,20260331,403085,34,2,0,0,0,
40000002564,20260609,403085,14,1,0,0,0,
40000002565,20260623,403085,28,2,0,0,0,
40000002566,20260519,403086,203,3,2,0,0,
40000002567,20260526,403086,360,9,8,1,0,
40000002568,20260210,403087,131,7,7,0,0,
40000002569,20260217,403087,180,2,1,0,0,
40000002570,20260224,403087,258,4,3,1,0,
40000002571,20260303,403087,341,7,7,1,0,
40000002572,20260317,403089,145,4,3,0,0,
40000002573,20260324,403089,187,4,2,0,0,
40000002574,20260331,403089,131,5,3,1,0,
40000002575,20260106,403091,9,0,0,0,0,
40000002576,20260120,403091,20,1,0,0,0,
40000002577,20260210,403091,40,0,0,0,0,
40000002578,20260407,403091,20,1,1,0,0,
40000002579,20260428,403091,42,0,0,0,0,
40000002580,20260519,403091,12,1,0,0,0,
40000002581,20260609,403091,32,1,0,0,0,
40000002582,20260630,403091,7,2,1,0,0,
40000002583,20260113,403092,414,6,3,0,0,
40000002584,20260120,403092,274,7,3,0,0,
40000002585,20260127,403092,363,3,1,1,0,
40000002586,20260203,403092,326,10,2,1,0,
40000002587,20260421,403093,285,2,2,0,0,
40000002588,20260428,403093,338,4,4,0,0,
40000002589,20260505,403093,419,4,3,1,0,
40000002590,20260512,403093,338,3,1,1,0,
40000002591,20260324,403095,130,5,5,1,0,
40000002592,20260331,403095,405,5,4,1,0,
40000002593,20260505,403096,136,5,3,0,0,
40000002594,20260526,403096,364,10,5,1,0,
40000002595,20260519,403097,363,3,1,0,0,
40000002596,20260526,403097,134,10,3,0,0,
40000002597,20260602,403097,138,8,8,1,0,
40000002598,20260609,403097,380,4,2,1,0,
40000002599,20260210,403098,784,26,26,0,0,
40000002600,20260303,403098,557,23,22,2,2,DEFECT_FOUND
40000002601,20260317,403098,607,25,20,1,1,LOAN_REJECTED
40000002602,20260421,403098,576,25,24,1,1,PRICE_TOO_HIGH
40000002603,20260505,403098,761,22,21,3,3,PRICE_TOO_HIGH
40000002604,20260602,403098,786,32,25,0,0,
40000002605,20260609,403098,677,27,22,0,0,
40000002606,20260623,403098,757,34,25,1,1,PRICE_TOO_HIGH
40000002607,20260106,403099,731,26,20,2,2,DEFECT_FOUND
40000002608,20260217,403099,739,27,23,1,0,
40000002609,20260324,403099,555,26,18,0,0,
40000002610,20260526,403099,721,37,29,2,1,LOAN_REJECTED
40000002611,20260224,403102,26,0,0,0,0,
40000002612,20260303,403102,10,1,0,0,0,
40000002613,20260310,403102,19,1,0,0,0,
40000002614,20260331,403102,25,2,2,0,0,
40000002615,20260602,403102,30,0,0,0,0,
40000002616,20260303,403103,41,2,1,0,0,
40000002617,20260428,403103,19,2,1,0,0,
40000002618,20260505,403103,27,2,1,0,0,
40000002619,20260113,403106,12,0,0,0,0,
40000002620,20260127,403106,24,2,0,0,0,
40000002621,20260310,403106,10,1,1,0,0,
40000002622,20260407,403106,30,1,0,0,0,
40000002623,20260414,403106,28,2,0,0,0,
40000002624,20260421,403106,14,2,0,0,0,
40000002625,20260602,403106,36,2,1,0,0,
40000002626,20260623,403106,31,1,0,0,0,
40000002627,20260203,403107,32,1,0,0,0,
40000002628,20260217,403107,26,1,0,0,0,
40000002629,20260303,403107,26,2,1,0,0,
40000002630,20260324,403107,26,2,0,0,0,
40000002631,20260331,403107,27,1,0,0,0,
40000002632,20260519,403107,6,0,0,0,0,
40000002633,20260609,403107,21,1,0,0,0,
40000002634,20260623,403107,18,0,0,0,0,
40000002635,20260106,403111,34,1,0,0,0,
40000002636,20260203,403111,27,2,2,0,0,
40000002637,20260217,403111,25,2,1,0,0,
40000002638,20260303,403111,13,1,0,0,0,
40000002639,20260324,403111,9,1,1,0,0,
40000002640,20260414,403111,7,0,0,0,0,
40000002641,20260519,403111,13,1,0,0,0,
40000002642,20260609,403111,35,2,0,0,0,
40000002643,20260127,403112,10,1,1,0,0,
40000002644,20260203,403112,18,1,1,0,0,
40000002645,20260303,403112,36,0,0,0,0,
40000002646,20260317,403112,41,1,0,0,0,
40000002647,20260331,403112,31,1,0,0,0,
40000002648,20260421,403112,5,0,0,0,0,
40000002649,20260428,403112,25,0,0,0,0,
40000002650,20260512,403112,38,1,1,0,0,
40000002651,20260623,403112,44,1,1,0,0,
40000002652,20260106,403114,23,0,0,0,0,
40000002653,20260217,403114,40,2,2,0,0,
40000002654,20260310,403114,30,2,2,0,0,
40000002655,20260428,403114,21,0,0,0,0,
40000002656,20260609,403114,19,0,0,0,0,
40000002657,20260630,403114,38,2,2,0,0,
40000002658,20260414,403119,11,0,0,0,0,
40000002659,20260505,403119,20,1,0,0,0,
40000002660,20260512,403119,7,0,0,0,0,
40000002661,20260519,403119,34,2,0,0,0,
40000002662,20260120,403120,386,4,1,1,0,
40000002663,20260127,403120,419,8,5,1,0,
40000002664,20260127,403122,37,1,0,0,0,
40000002665,20260203,403122,10,1,0,0,0,
40000002666,20260217,403122,33,2,2,0,0,
40000002667,20260512,403122,5,0,0,0,0,
40000002668,20260120,403124,34,2,0,0,0,
40000002669,20260203,403124,26,2,2,0,0,
40000002670,20260217,403124,35,1,1,0,0,
40000002671,20260331,403124,13,1,0,0,0,
40000002672,20260407,403124,30,2,0,0,0,
40000002673,20260526,403124,33,1,1,0,0,
40000002674,20260630,403124,31,2,1,0,0,
40000002675,20260224,403125,12,2,0,0,0,
40000002676,20260303,403125,13,2,0,0,0,
40000002677,20260310,403125,13,1,0,0,0,
40000002678,20260317,403125,28,0,0,0,0,
40000002679,20260331,403125,9,0,0,0,0,
40000002680,20260519,403125,11,2,0,0,0,
40000002681,20260120,403126,10,1,0,0,0,
40000002682,20260210,403126,28,2,0,0,0,
40000002683,20260217,403126,26,1,0,0,0,
40000002684,20260331,403126,13,2,0,0,0,
40000002685,20260407,403126,6,1,0,0,0,
40000002686,20260414,403126,13,2,2,0,0,
40000002687,20260428,403126,13,2,0,0,0,
40000002688,20260505,403126,11,0,0,0,0,
40000002689,20260602,403126,30,2,0,0,0,
40000002690,20260106,403128,41,0,0,0,0,
40000002691,20260203,403128,13,0,0,0,0,
40000002692,20260421,403128,28,2,2,0,0,
40000002693,20260505,403128,10,2,0,0,0,
40000002694,20260526,403128,13,1,1,0,0,
40000002695,20260623,403128,11,2,0,0,0,
40000002696,20260630,403128,44,2,0,0,0,
40000002697,20260113,403130,38,1,0,0,0,
40000002698,20260428,403130,7,1,0,0,0,
40000002699,20260519,403130,27,0,0,0,0,
40000002700,20260609,403130,17,2,2,0,0,
40000002701,20260623,403130,31,2,0,0,0,
40000002702,20260120,403131,5,0,0,0,0,
40000002703,20260217,403131,33,2,2,0,0,
40000002704,20260526,403131,25,1,1,0,0,
40000002705,20260602,403131,33,1,0,0,0,
40000002706,20260630,403131,31,2,1,0,0,
40000002707,20260224,403132,15,0,0,0,0,
40000002708,20260324,403132,21,1,1,0,0,
40000002709,20260505,403132,12,2,1,0,0,
40000002710,20260217,403133,242,10,7,0,0,
40000002711,20260224,403133,198,6,6,0,0,
40000002712,20260203,403135,16,1,1,0,0,
40000002713,20260210,403135,39,0,0,0,0,
40000002714,20260317,403135,21,2,2,0,0,
40000002715,20260505,403135,32,0,0,0,0,
40000002716,20260609,403135,25,0,0,0,0,
40000002717,20260113,403136,225,2,2,0,0,
40000002718,20260120,403136,259,10,9,0,0,
40000002719,20260203,403136,277,8,8,1,0,
40000002720,20260317,403142,322,6,6,0,0,
40000002721,20260324,403142,273,8,7,0,0,
40000002722,20260331,403142,359,9,8,1,0,
40000002723,20260407,403142,156,9,5,1,0,
40000002724,20260120,403146,27,0,0,0,0,
40000002725,20260203,403146,39,0,0,0,0,
40000002726,20260407,403146,7,0,0,0,0,
40000002727,20260421,403146,35,2,0,0,0,
40000002728,20260519,403146,33,0,0,0,0,
40000002729,20260526,403146,23,1,0,0,0,
40000002730,20260616,403146,5,1,0,0,0,
40000002731,20260106,403149,17,2,0,0,0,
40000002732,20260120,403149,40,2,2,0,0,
40000002733,20260331,403149,29,1,0,0,0,
40000002734,20260407,403149,40,0,0,0,0,
40000002735,20260414,403149,39,1,1,0,0,
40000002736,20260519,403149,39,0,0,0,0,
40000002737,20260623,403149,34,0,0,0,0,
40000002738,20260414,403153,238,4,1,0,0,
40000002739,20260421,403153,336,10,8,0,0,
40000002740,20260428,403153,283,10,10,1,0,
40000002741,20260505,403153,233,3,1,1,0,
40000002742,20260127,403154,24,1,0,0,0,
40000002743,20260303,403154,12,2,0,0,0,
40000002744,20260519,403154,11,1,0,0,0,
40000002745,20260526,403154,16,1,0,0,0,
40000002746,20260623,403154,10,0,0,0,0,
40000002747,20260106,403157,9,0,0,0,0,
40000002748,20260512,403157,27,0,0,0,0,
40000002749,20260519,403157,24,2,1,0,0,
40000002750,20260630,403157,33,0,0,0,0,
40000002751,20260421,403159,210,8,7,0,0,
40000002752,20260428,403159,246,2,2,1,0,
40000002753,20260505,403159,276,2,1,1,0,
40000002754,20260519,403163,284,6,2,0,0,
40000002755,20260526,403163,400,3,2,0,0,
40000002756,20260602,403163,412,6,3,1,0,
40000002757,20260609,403163,402,4,2,1,0,
40000002758,20260106,403164,362,7,6,0,0,
40000002759,20260113,403164,156,4,2,1,0,
40000002760,20260120,403164,306,10,5,1,0,
40000002761,20260106,403165,185,3,2,0,0,
40000002762,20260113,403165,265,3,3,0,0,
40000002763,20260120,403165,237,8,5,1,0,
40000002764,20260127,403165,358,7,1,1,0,
40000002765,20260317,403166,274,4,1,0,0,
40000002766,20260324,403166,404,6,2,1,0,
40000002767,20260331,403166,329,4,2,1,0,
40000002768,20260224,403167,414,9,5,0,0,
40000002769,20260303,403167,333,6,4,0,0,
40000002770,20260310,403171,396,4,2,0,0,
40000002771,20260317,403171,245,5,3,1,0,
40000002772,20260310,403175,128,4,2,0,0,
40000002773,20260317,403175,184,9,9,0,0,
40000002774,20260120,403180,44,1,1,0,0,
40000002775,20260224,403180,42,1,0,0,0,
40000002776,20260428,403180,21,0,0,0,0,
40000002777,20260505,403180,9,2,1,0,0,
40000002778,20260526,403180,40,2,2,0,0,
40000002779,20260602,403180,23,2,1,0,0,
40000002780,20260616,403180,40,1,1,0,0,
40000002781,20260224,403181,32,2,0,0,0,
40000002782,20260317,403181,41,2,0,0,0,
40000002783,20260331,403181,39,1,1,0,0,
40000002784,20260512,403181,43,2,0,0,0,
40000002785,20260519,403181,35,1,1,0,0,
40000002786,20260609,403181,11,0,0,0,0,
40000002787,20260113,403182,204,5,4,1,0,
40000002788,20260120,403182,375,7,6,1,0,
40000002789,20260203,403183,144,4,4,0,0,
40000002790,20260210,403183,159,4,4,0,0,
40000002791,20260317,403183,257,1,1,0,0,
40000002792,20260324,403183,161,7,2,0,0,
40000002793,20260519,403183,172,2,1,0,0,
40000002794,20260106,403184,7,2,0,0,0,
40000002795,20260310,403184,5,1,0,0,0,
40000002796,20260317,403184,35,1,1,0,0,
40000002797,20260324,403184,10,1,1,0,0,
40000002798,20260407,403184,26,0,0,0,0,
40000002799,20260421,403184,16,1,1,0,0,
40000002800,20260505,403184,42,1,1,0,0,
40000002801,20260602,403184,34,0,0,0,0,
40000002802,20260630,403184,42,0,0,0,0,
40000002803,20260120,403185,20,2,2,0,0,
40000002804,20260203,403185,40,2,1,0,0,
40000002805,20260217,403185,35,0,0,0,0,
40000002806,20260224,403185,40,0,0,0,0,
40000002807,20260310,403185,12,2,0,0,0,
40000002808,20260317,403185,13,0,0,0,0,
40000002809,20260609,403185,25,2,0,0,0,
40000002810,20260224,403187,16,2,2,0,0,
40000002811,20260324,403187,37,0,0,0,0,
40000002812,20260602,403187,14,0,0,0,0,
40000002813,20260609,403187,45,1,1,0,0,
40000002814,20260127,403189,38,2,0,0,0,
40000002815,20260310,403189,22,0,0,0,0,
40000002816,20260519,403189,44,1,1,0,0,
40000002817,20260303,403196,212,4,3,0,0,
40000002818,20260310,403196,403,8,6,0,0,
40000002819,20260317,403196,241,6,5,1,0,
40000002820,20260324,403196,170,8,7,1,0,
40000002821,20260127,403198,39,2,1,0,0,
40000002822,20260324,403198,20,1,0,0,0,
40000002823,20260526,403198,20,1,0,0,0,
40000002824,20260630,403198,35,1,1,0,0,
40000002825,20260106,403200,25,2,2,0,0,
40000002826,20260127,403200,9,2,2,0,0,
40000002827,20260210,403200,11,2,1,0,0,
40000002828,20260224,403200,29,2,0,0,0,
40000002829,20260310,403200,41,2,1,0,0,
40000002830,20260317,403200,8,0,0,0,0,
40000002831,20260428,403200,29,0,0,0,0,
40000002832,20260519,403200,16,2,0,0,0,
40000002833,20260623,403200,17,2,1,0,0,
40000002834,20260203,403201,35,1,1,0,0,
40000002835,20260217,403201,28,1,1,0,0,
40000002836,20260303,403201,24,2,1,0,0,
40000002837,20260310,403201,6,2,2,0,0,
40000002838,20260317,403201,29,2,2,0,0,
40000002839,20260414,403201,38,1,1,0,0,
40000002840,20260512,403201,16,1,1,0,0,
40000002841,20260609,403201,9,2,1,0,0,
40000002842,20260616,403201,35,1,0,0,0,
40000002843,20260106,403203,34,0,0,0,0,
40000002844,20260127,403203,35,1,1,0,0,
40000002845,20260317,403203,21,1,0,0,0,
40000002846,20260407,403203,6,1,0,0,0,
40000002847,20260414,403203,10,0,0,0,0,
40000002848,20260526,403203,26,2,0,0,0,
40000002849,20260623,403203,9,1,0,0,0,
40000002850,20260630,403203,34,2,2,0,0,
40000002851,20260407,403208,144,2,2,0,0,
40000002852,20260414,403208,358,5,2,0,0,
40000002853,20260317,403209,356,10,8,0,0,
40000002854,20260331,403209,180,10,2,1,0,
40000002855,20260407,403209,317,4,3,1,0,
40000002856,20260127,403213,16,2,1,0,0,
40000002857,20260414,403213,33,2,1,0,0,
40000002858,20260602,403213,38,1,0,0,0,
40000002859,20260324,403214,35,0,0,0,0,
40000002860,20260421,403214,34,1,0,0,0,
40000002861,20260505,403214,25,0,0,0,0,
40000002862,20260106,403215,400,10,8,0,0,
40000002863,20260120,403215,207,6,1,1,0,
40000002864,20260127,403216,6,0,0,0,0,
40000002865,20260224,403216,21,0,0,0,0,
40000002866,20260317,403216,35,1,1,0,0,
40000002867,20260421,403216,26,0,0,0,0,
40000002868,20260428,403216,21,1,1,0,0,
40000002869,20260505,403216,44,1,1,0,0,
40000002870,20260512,403216,18,2,2,0,0,
40000002871,20260203,403218,288,8,2,0,0,
40000002872,20260210,403218,185,3,2,0,0,
40000002873,20260217,403218,365,7,7,1,0,
40000002874,20260224,403218,140,9,1,1,0,
40000002875,20260421,403219,138,6,2,0,0,
40000002876,20260428,403219,203,4,4,0,0,
40000002877,20260505,403219,194,2,2,1,0,
40000002878,20260512,403219,243,6,6,1,0,
40000002879,20260203,403220,35,2,0,0,0,
40000002880,20260331,403220,30,0,0,0,0,
40000002881,20260505,403220,12,1,0,0,0,
40000002882,20260602,403221,175,2,1,0,0,
40000002883,20260609,403221,126,3,1,0,0,
40000002884,20260616,403221,298,4,4,1,0,
40000002885,20260623,403221,358,6,6,1,0,
40000002886,20260224,403224,222,3,2,0,0,
40000002887,20260303,403224,322,5,3,0,0,
40000002888,20260317,403224,330,5,3,1,0,
40000002889,20260505,403225,209,2,2,1,0,
40000002890,20260512,403225,136,6,5,1,0,
40000002891,20260120,403228,10,1,0,0,0,
40000002892,20260203,403228,33,1,1,0,0,
40000002893,20260217,403228,21,1,0,0,0,
40000002894,20260224,403228,9,1,1,0,0,
40000002895,20260310,403228,30,0,0,0,0,
40000002896,20260317,403228,39,1,0,0,0,
40000002897,20260421,403228,18,2,1,0,0,
40000002898,20260616,403228,9,1,1,0,0,
40000002899,20260630,403228,41,2,1,0,0,
40000002900,20260106,403229,270,6,5,1,0,
40000002901,20260317,403229,85,5,1,0,0,
40000002902,20260428,403229,268,7,1,0,0,
40000002903,20260127,403232,174,8,4,0,0,
40000002904,20260203,403232,302,3,2,0,0,
40000002905,20260210,403232,334,6,1,1,0,
40000002906,20260217,403232,335,3,1,1,0,
40000002907,20260324,403233,23,1,1,0,0,
40000002908,20260505,403233,45,2,1,0,0,
40000002909,20260519,403233,23,1,1,0,0,
40000002910,20260630,403233,44,2,2,0,0,
40000002911,20260113,403236,37,0,0,0,0,
40000002912,20260210,403236,13,1,1,0,0,
40000002913,20260224,403236,11,0,0,0,0,
40000002914,20260414,403236,22,0,0,0,0,
40000002915,20260421,403236,32,1,0,0,0,
40000002916,20260512,403236,35,2,1,0,0,
40000002917,20260630,403236,10,1,1,0,0,
40000002918,20260310,403238,167,4,3,0,0,
40000002919,20260317,403238,295,4,4,0,0,
40000002920,20260324,403238,124,2,1,1,0,
40000002921,20260331,403238,417,3,1,1,0,
40000002922,20260127,403240,212,3,3,0,0,
40000002923,20260203,403240,255,3,1,0,0,
40000002924,20260210,403240,340,2,1,1,0,
40000002925,20260217,403240,314,3,2,1,0,
40000002926,20260324,403242,266,2,2,0,0,
40000002927,20260331,403242,372,8,6,0,0,
40000002928,20260407,403242,181,2,1,1,0,
40000002929,20260127,403244,364,8,3,0,0,
40000002930,20260203,403244,337,6,2,0,0,
40000002931,20260210,403244,315,7,4,1,0,
40000002932,20260217,403244,300,8,1,1,0,
40000002933,20260203,403246,409,3,3,0,0,
40000002934,20260210,403246,159,4,3,0,0,
40000002935,20260217,403246,212,6,3,1,0,
40000002936,20260224,403246,338,7,5,1,0,
40000002937,20260224,403247,29,0,0,0,0,
40000002938,20260317,403247,23,1,1,0,0,
40000002939,20260407,403247,43,1,0,0,0,
40000002940,20260630,403247,17,2,0,0,0,
40000002941,20260526,403248,299,3,2,0,0,
40000002942,20260609,403248,202,2,2,1,0,
40000002943,20260224,403254,12,2,1,0,0,
40000002944,20260331,403254,8,2,2,0,0,
40000002945,20260414,403254,39,0,0,0,0,
40000002946,20260505,403254,20,1,0,0,0,
40000002947,20260609,403254,22,0,0,0,0,
40000002948,20260616,403254,8,0,0,0,0,
40000002949,20260623,403254,32,0,0,0,0,
40000002950,20260120,403255,201,8,8,0,0,
40000002951,20260127,403255,324,4,1,0,0,
40000002952,20260203,403255,223,10,4,1,0,
40000002953,20260224,403257,41,2,0,0,0,
40000002954,20260324,403257,29,1,0,0,0,
40000002955,20260414,403257,43,0,0,0,0,
40000002956,20260421,403257,6,1,0,0,0,
40000002957,20260512,403257,27,0,0,0,0,
40000002958,20260623,403257,33,2,1,0,0,
40000002959,20260106,403258,176,9,2,1,0,
40000002960,20260113,403258,163,6,2,1,0,
40000002961,20260310,403265,139,3,2,0,0,
40000002962,20260317,403265,247,5,2,0,0,
40000002963,20260324,403265,185,6,3,1,0,
40000002964,20260331,403265,159,3,1,1,0,
40000002965,20260217,403269,285,6,4,0,0,
40000002966,20260224,403269,336,10,2,0,0,
40000002967,20260303,403269,183,8,2,1,0,
40000002968,20260310,403269,261,6,1,1,0,
40000002969,20260217,403270,163,8,3,0,0,
40000002970,20260303,403270,273,5,1,1,0,
40000002971,20260113,403271,11,0,0,0,0,
40000002972,20260428,403271,11,2,1,0,0,
40000002973,20260526,403271,42,1,0,0,0,
40000002974,20260203,403272,362,2,2,0,0,
40000002975,20260210,403272,318,4,2,0,0,
40000002976,20260407,403274,129,7,2,0,0,
40000002977,20260414,403274,320,4,1,0,0,
40000002978,20260217,403275,245,7,3,0,0,
40000002979,20260519,403275,131,6,2,1,0,
40000002980,20260616,403275,135,2,1,1,0,
40000002981,20260106,403276,308,2,1,1,0,
40000002982,20260113,403276,245,3,2,1,0,
40000002983,20260310,403280,190,9,5,0,0,
40000002984,20260324,403280,248,6,2,1,0,
40000002985,20260331,403280,391,10,4,1,0,
40000002986,20260106,403281,8,1,0,0,0,
40000002987,20260203,403281,9,1,1,0,0,
40000002988,20260310,403281,35,1,0,0,0,
40000002989,20260324,403281,40,1,0,0,0,
40000002990,20260602,403281,34,1,0,0,0,
40000002991,20260106,403283,37,2,0,0,0,
40000002992,20260224,403283,38,1,0,0,0,
40000002993,20260414,403283,43,0,0,0,0,
40000002994,20260428,403283,35,2,1,0,0,
40000002995,20260505,403283,5,2,0,0,0,
40000002996,20260623,403283,37,2,1,0,0,
40000002997,20260303,403288,40,0,0,0,0,
40000002998,20260324,403288,9,2,1,0,0,
40000002999,20260421,403288,21,2,2,0,0,
40000003000,20260512,403288,36,1,1,0,0,
40000003001,20260616,403288,9,1,1,0,0,
40000003002,20260224,403291,401,8,2,0,0,
40000003003,20260303,403291,225,9,8,0,0,
40000003004,20260310,403291,273,10,4,1,0,
40000003005,20260106,403293,19,0,0,0,0,
40000003006,20260217,403293,29,2,2,0,0,
40000003007,20260407,403293,34,2,1,0,0,
40000003008,20260623,403293,25,2,2,0,0,
40000003009,20260120,403294,14,2,1,0,0,
40000003010,20260310,403294,16,0,0,0,0,
40000003011,20260428,403294,22,2,2,0,0,
40000003012,20260519,403294,7,0,0,0,0,
40000003013,20260602,403294,14,2,1,0,0,
40000003014,20260616,403294,26,0,0,0,0,
40000003015,20260310,403295,127,10,2,0,0,
40000003016,20260317,403295,277,4,3,0,0,
40000003017,20260324,403295,394,3,2,1,0,
40000003018,20260331,403295,373,6,4,1,0,
40000003019,20260602,403296,375,5,4,0,0,
40000003020,20260609,403296,155,10,4,0,0,
40000003021,20260616,403296,396,9,6,1,0,
40000003022,20260217,403298,31,1,1,0,0,
40000003023,20260512,403298,14,2,1,0,0,
40000003024,20260519,403298,17,1,1,0,0,
40000003025,20260616,403298,8,1,0,0,0,
40000003026,20260203,403299,38,0,0,0,0,
40000003027,20260303,403299,7,2,0,0,0,
40000003028,20260407,403299,32,1,1,0,0,
40000003029,20260421,403299,43,1,0,0,0,
40000003030,20260512,403299,26,2,0,0,0,
40000003031,20260616,403299,40,1,1,0,0,
40000003032,20260623,403299,38,0,0,0,0,
40000003033,20260630,403299,20,0,0,0,0,
40000003034,20260106,403300,255,1,1,0,0,
40000003035,20260224,403300,130,3,1,0,0,
40000003036,20260317,403300,121,6,3,0,0,
40000003037,20260324,403300,197,4,1,0,0,
40000003038,20260505,403300,64,4,2,0,0,
40000003039,20260602,403300,219,6,4,0,0,
40000003040,20260120,403301,22,1,1,0,0,
40000003041,20260310,403301,28,1,0,0,0,
40000003042,20260331,403301,19,1,1,0,0,
40000003043,20260519,403301,40,1,0,0,0,
40000003044,20260630,403301,28,1,1,0,0,
40000003045,20260407,403302,395,4,4,0,0,
40000003046,20260414,403302,249,10,4,0,0,
40000003047,20260421,403302,263,9,6,1,0,
40000003048,20260428,403302,364,2,2,1,0,
40000003049,20260331,403303,36,1,0,0,0,
40000003050,20260414,403303,6,1,0,0,0,
40000003051,20260428,403303,23,2,0,0,0,
40000003052,20260505,403303,37,0,0,0,0,
40000003053,20260512,403303,33,2,1,0,0,
40000003054,20260519,403303,40,2,0,0,0,
40000003055,20260526,403303,28,1,0,0,0,
40000003056,20260630,403303,18,1,0,0,0,
40000003057,20260113,403304,25,1,1,0,0,
40000003058,20260203,403304,44,1,0,0,0,
40000003059,20260303,403304,24,2,1,0,0,
40000003060,20260310,403304,25,2,0,0,0,
40000003061,20260421,403304,34,1,0,0,0,
40000003062,20260616,403304,22,1,0,0,0,
40000003063,20260127,403305,164,3,1,1,0,
40000003064,20260303,403305,80,5,4,0,0,
40000003065,20260428,403305,180,3,1,0,0,
40000003066,20260512,403305,112,4,3,0,0,
40000003067,20260120,403306,187,2,1,0,0,
40000003068,20260127,403306,222,5,4,0,0,
40000003069,20260203,403306,225,6,4,0,0,
40000003070,20260303,403306,232,1,1,0,0,
40000003071,20260317,403306,140,5,4,0,0,
40000003072,20260407,403306,263,5,4,0,0,
40000003073,20260414,403306,123,2,2,0,0,
40000003074,20260421,403306,98,6,4,0,0,
40000003075,20260428,403306,206,1,1,0,0,
40000003076,20260106,403307,174,3,1,0,0,
40000003077,20260203,403307,154,5,2,0,0,
40000003078,20260310,403307,86,7,2,0,0,
40000003079,20260324,403307,155,4,4,0,0,
40000003080,20260331,403307,173,1,1,0,0,
40000003081,20260421,403307,143,1,1,0,0,
40000003082,20260512,403307,114,7,3,0,0,
40000003083,20260616,403307,165,2,1,0,0,
40000003084,20260623,403307,290,5,3,0,0,
40000003085,20260113,403310,37,2,0,0,0,
40000003086,20260224,403310,38,1,0,0,0,
40000003087,20260317,403310,25,1,0,0,0,
40000003088,20260428,403310,12,1,0,0,0,
40000003089,20260120,403312,19,2,2,0,0,
40000003090,20260210,403312,36,2,0,0,0,
40000003091,20260324,403312,22,1,0,0,0,
40000003092,20260428,403312,45,2,0,0,0,
40000003093,20260127,403313,280,4,1,0,0,
40000003094,20260203,403313,269,5,2,0,0,
40000003095,20260217,403313,235,4,1,0,0,
40000003096,20260310,403313,110,6,5,0,0,
40000003097,20260331,403313,299,4,1,0,0,
40000003098,20260421,403313,199,2,1,0,0,
40000003099,20260630,403313,135,2,1,0,0,
40000003100,20260602,403314,363,5,5,0,0,
40000003101,20260609,403314,389,4,2,1,0,
40000003102,20260616,403314,171,2,1,1,0,
40000003103,20260303,403315,26,1,0,0,0,
40000003104,20260317,403315,32,2,2,0,0,
40000003105,20260421,403315,42,1,1,0,0,
40000003106,20260428,403315,6,0,0,0,0,
40000003107,20260512,403315,9,0,0,0,0,
40000003108,20260106,403316,252,7,6,0,0,
40000003109,20260120,403316,221,3,2,1,0,
40000003110,20260127,403316,292,7,5,1,0,
40000003111,20260120,403317,5,1,1,0,0,
40000003112,20260505,403317,12,0,0,0,0,
40000003113,20260609,403317,34,2,0,0,0,
40000003114,20260106,403319,33,1,1,0,0,
40000003115,20260120,403319,38,1,1,0,0,
40000003116,20260203,403319,40,2,2,0,0,
40000003117,20260217,403319,45,2,2,0,0,
40000003118,20260317,403319,22,0,0,0,0,
40000003119,20260414,403319,28,0,0,0,0,
40000003120,20260512,403319,36,0,0,0,0,
40000003121,20260630,403319,31,2,1,0,0,
40000003122,20260120,403320,204,6,1,0,0,
40000003123,20260203,403320,130,4,4,0,0,
40000003124,20260217,403320,200,3,3,0,0,
40000003125,20260303,403320,253,6,1,0,0,
40000003126,20260414,403320,285,7,6,0,0,
40000003127,20260421,403320,206,3,3,0,0,
40000003128,20260512,403320,194,2,1,0,0,
40000003129,20260526,403320,228,6,1,0,0,
40000003130,20260616,403320,142,2,1,0,0,
40000003131,20260303,403321,211,4,2,0,0,
40000003132,20260310,403321,171,2,1,0,0,
40000003133,20260331,403321,140,2,2,0,0,
40000003134,20260609,403321,285,4,1,0,0,
40000003135,20260203,403322,44,0,0,0,0,
40000003136,20260217,403322,25,2,1,0,0,
40000003137,20260303,403322,5,2,0,0,0,
40000003138,20260310,403322,25,0,0,0,0,
40000003139,20260317,403322,28,2,2,0,0,
40000003140,20260414,403322,27,2,1,0,0,
40000003141,20260512,403322,32,0,0,0,0,
40000003142,20260616,403322,26,1,1,0,0,
40000003143,20260623,403322,7,2,1,0,0,
40000003144,20260120,403327,772,32,23,1,1,LOAN_REJECTED
40000003145,20260331,403327,729,28,19,0,0,
40000003146,20260616,403327,647,34,25,2,2,PRICE_TOO_HIGH
40000003147,20260623,403327,657,37,28,2,0,
40000003148,20260120,403328,14,2,1,0,0,
40000003149,20260217,403328,7,0,0,0,0,
40000003150,20260310,403328,29,1,1,0,0,
40000003151,20260505,403328,14,2,1,0,0,
40000003152,20260512,403328,41,0,0,0,0,
40000003153,20260203,403330,25,2,2,0,0,
40000003154,20260210,403330,9,1,0,0,0,
40000003155,20260317,403330,28,1,1,0,0,
40000003156,20260210,403334,31,1,0,0,0,
40000003157,20260414,403334,32,2,1,0,0,
40000003158,20260519,403334,21,2,2,0,0,
40000003159,20260303,403336,70,7,5,1,0,
40000003160,20260310,403336,152,3,3,0,0,
40000003161,20260324,403336,179,7,4,0,0,
40000003162,20260526,403336,178,6,4,0,0,
40000003163,20260616,403336,146,6,2,0,0,
40000003164,20260630,403336,222,3,2,0,0,
40000003165,20260127,403339,37,2,0,0,0,
40000003166,20260210,403339,14,1,0,0,0,
40000003167,20260421,403339,35,1,1,0,0,
40000003168,20260526,403339,17,0,0,0,0,
40000003169,20260106,403342,19,2,0,0,0,
40000003170,20260127,403342,32,0,0,0,0,
40000003171,20260317,403342,15,2,2,0,0,
40000003172,20260407,403342,17,0,0,0,0,
40000003173,20260428,403342,42,1,0,0,0,
40000003174,20260512,403342,39,2,2,0,0,
40000003175,20260519,403342,11,2,2,0,0,
40000003176,20260609,403342,7,2,1,0,0,
40000003177,20260203,403346,70,3,2,0,0,
40000003178,20260210,403346,80,5,3,0,0,
40000003179,20260217,403346,248,6,1,0,0,
40000003180,20260317,403346,271,4,4,0,0,
40000003181,20260324,403346,70,1,1,0,0,
40000003182,20260331,403346,279,5,4,0,0,
40000003183,20260428,403346,153,7,6,0,0,
40000003184,20260505,403346,243,6,5,0,0,
40000003185,20260526,403346,67,4,3,0,0,
40000003186,20260113,403350,227,7,6,0,0,
40000003187,20260203,403350,126,2,1,0,0,
40000003188,20260210,403350,101,6,2,0,0,
40000003189,20260519,403350,127,3,3,0,0,
40000003190,20260602,403350,252,3,2,0,0,
40000003191,20260609,403350,249,6,2,0,0,
40000003192,20260630,403350,110,2,2,0,0,
40000003193,20260519,403351,216,4,4,0,0,
40000003194,20260526,403351,200,4,3,0,0,
40000003195,20260602,403351,241,9,4,1,0,
40000003196,20260609,403351,140,5,1,1,0,
40000003197,20260407,403355,64,7,6,0,0,
40000003198,20260428,403355,161,5,2,0,0,
40000003199,20260512,403355,256,3,2,0,0,
40000003200,20260526,403355,220,4,4,0,0,
40000003201,20260407,403365,215,4,4,0,0,
40000003202,20260414,403365,346,4,1,1,0,
40000003203,20260407,403369,210,10,5,0,0,
40000003204,20260421,403369,242,3,2,1,0,
40000003205,20260428,403369,254,9,1,1,0,
40000003206,20260224,403371,134,6,3,0,0,
40000003207,20260303,403371,218,2,1,0,0,
40000003208,20260519,403371,187,2,2,0,0,
40000003209,20260317,403377,371,10,7,0,0,
40000003210,20260324,403377,168,10,4,0,0,
40000003211,20260331,403377,254,2,1,1,0,
40000003212,20260407,403377,360,9,9,1,0,
40000003213,20260113,403378,13,0,0,0,0,
40000003214,20260120,403378,12,1,1,0,0,
40000003215,20260217,403378,8,1,0,0,0,
40000003216,20260224,403378,39,2,1,0,0,
40000003217,20260317,403378,33,1,1,0,0,
40000003218,20260407,403378,37,2,2,0,0,
40000003219,20260414,403378,5,0,0,0,0,
40000003220,20260421,403378,6,1,1,0,0,
40000003221,20260616,403378,24,1,0,0,0,
40000003222,20260127,403380,29,0,0,0,0,
40000003223,20260224,403380,38,2,2,0,0,
40000003224,20260317,403380,26,2,0,0,0,
40000003225,20260324,403380,31,0,0,0,0,
40000003226,20260331,403380,28,2,2,0,0,
40000003227,20260623,403380,29,1,0,0,0,
40000003228,20260106,403381,13,0,0,0,0,
40000003229,20260203,403381,33,2,0,0,0,
40000003230,20260303,403381,42,0,0,0,0,
40000003231,20260324,403381,5,0,0,0,0,
40000003232,20260602,403381,31,2,1,0,0,
40000003233,20260113,403382,38,1,1,0,0,
40000003234,20260407,403382,33,1,1,0,0,
40000003235,20260428,403382,12,1,0,0,0,
40000003236,20260512,403382,13,2,1,0,0,
40000003237,20260331,403385,267,4,3,0,0,
40000003238,20260407,403385,161,7,1,0,0,
40000003239,20260414,403385,314,4,3,1,0,
40000003240,20260120,403387,28,0,0,0,0,
40000003241,20260317,403387,34,2,2,0,0,
40000003242,20260324,403387,13,1,1,0,0,
40000003243,20260407,403387,25,1,0,0,0,
40000003244,20260428,403387,29,2,0,0,0,
40000003245,20260609,403387,14,1,0,0,0,
40000003246,20260120,403392,37,1,0,0,0,
40000003247,20260203,403392,11,1,0,0,0,
40000003248,20260210,403392,24,0,0,0,0,
40000003249,20260310,403392,16,2,0,0,0,
40000003250,20260407,403392,20,0,0,0,0,
40000003251,20260526,403392,15,0,0,0,0,
40000003252,20260602,403392,17,1,0,0,0,
40000003253,20260324,403393,138,3,1,0,0,
40000003254,20260331,403393,379,5,2,0,0,
40000003255,20260407,403393,359,5,1,1,0,
40000003256,20260414,403393,228,4,3,1,0,
40000003257,20260526,403396,150,6,2,0,0,
40000003258,20260602,403396,239,5,1,0,0,
40000003259,20260609,403396,129,10,9,1,0,
40000003260,20260616,403396,294,2,2,1,0,
40000003261,20260210,403398,29,0,0,0,0,
40000003262,20260609,403398,8,2,1,0,0,
40000003263,20260616,403398,40,1,1,0,0,
40000003264,20260324,403400,32,1,0,0,0,
40000003265,20260505,403400,35,0,0,0,0,
40000003266,20260602,403400,31,1,1,0,0,
40000003267,20260609,403400,21,1,1,0,0,
40000003268,20260616,403400,7,2,0,0,0,
40000003269,20260127,403402,6,1,1,0,0,
40000003270,20260217,403402,10,2,2,0,0,
40000003271,20260303,403402,45,0,0,0,0,
40000003272,20260519,403403,255,2,2,0,0,
40000003273,20260602,403403,311,5,4,1,0,
40000003274,20260113,403408,132,1,1,0,0,
40000003275,20260127,403408,252,3,1,1,0,
40000003276,20260210,403408,106,5,5,0,0,
40000003277,20260217,403408,278,3,1,0,0,
40000003278,20260310,403408,205,3,2,0,0,
40000003279,20260324,403408,109,6,1,0,0,
40000003280,20260512,403408,253,4,4,0,0,
40000003281,20260602,403411,407,9,4,0,0,
40000003282,20260616,403411,294,7,6,1,0,
40000003283,20260623,403411,161,5,4,1,0,
40000003284,20260210,403413,36,1,0,0,0,
40000003285,20260324,403413,42,0,0,0,0,
40000003286,20260407,403413,18,0,0,0,0,
40000003287,20260602,403413,40,2,2,0,0,
40000003288,20260623,403413,32,2,0,0,0,
40000003289,20260630,403413,30,1,1,0,0,
40000003290,20260106,403414,328,2,1,0,0,
40000003291,20260120,403414,140,2,1,1,0,
40000003292,20260106,403416,10,2,0,0,0,
40000003293,20260113,403416,25,0,0,0,0,
40000003294,20260210,403416,16,1,1,0,0,
40000003295,20260217,403416,26,1,1,0,0,
40000003296,20260303,403416,18,0,0,0,0,
40000003297,20260407,403416,42,1,1,0,0,
40000003298,20260519,403416,33,0,0,0,0,
40000003299,20260630,403416,17,1,1,0,0,
40000003300,20260120,403417,36,1,1,0,0,
40000003301,20260210,403417,21,1,1,0,0,
40000003302,20260324,403417,32,0,0,0,0,
40000003303,20260407,403417,30,2,0,0,0,
40000003304,20260609,403417,8,0,0,0,0,
40000003305,20260106,403418,8,1,1,0,0,
40000003306,20260421,403418,34,2,1,0,0,
40000003307,20260505,403418,24,1,1,0,0,
40000003308,20260602,403418,37,0,0,0,0,
40000003309,20260609,403418,45,0,0,0,0,
40000003310,20260324,403420,339,6,3,0,0,
40000003311,20260331,403420,362,5,3,0,0,
40000003312,20260407,403420,167,8,6,1,0,
40000003313,20260414,403420,353,8,3,1,0,
40000003314,20260324,403422,26,0,0,0,0,
40000003315,20260331,403422,44,2,1,0,0,
40000003316,20260526,403422,43,0,0,0,0,
40000003317,20260505,403425,224,2,2,0,0,
40000003318,20260512,403425,290,3,1,1,0,
40000003319,20260519,403425,280,5,4,1,0,
40000003320,20260113,403426,155,7,3,0,0,
40000003321,20260120,403426,136,7,7,0,0,
40000003322,20260127,403426,314,4,2,1,0,
40000003323,20260203,403426,401,7,4,1,0,
40000003324,20260127,403428,292,8,3,0,0,
40000003325,20260203,403428,361,2,2,0,0,
40000003326,20260210,403428,417,7,6,1,0,
40000003327,20260217,403428,341,8,3,1,0,
40000003328,20260210,403429,18,1,1,0,0,
40000003329,20260324,403429,22,0,0,0,0,
40000003330,20260505,403429,20,0,0,0,0,
40000003331,20260623,403429,10,2,2,0,0,
40000003332,20260407,403430,256,2,1,0,0,
40000003333,20260414,403430,380,6,5,0,0,
40000003334,20260421,403430,327,5,4,1,0,
40000003335,20260428,403430,399,2,2,1,0,
40000003336,20260106,403432,138,4,1,0,0,
40000003337,20260120,403432,235,5,4,0,0,
40000003338,20260127,403432,151,6,3,0,0,
40000003339,20260203,403432,129,6,6,0,0,
40000003340,20260224,403432,90,1,1,0,0,
40000003341,20260324,403432,125,6,1,0,0,
40000003342,20260407,403432,68,6,6,0,0,
40000003343,20260519,403432,159,2,1,0,0,
40000003344,20260526,403432,61,5,5,0,0,
40000003345,20260630,403432,169,5,2,1,0,
40000003346,20260113,403433,39,2,1,0,0,
40000003347,20260324,403433,12,0,0,0,0,
40000003348,20260407,403433,23,0,0,0,0,
40000003349,20260414,403433,26,2,0,0,0,
40000003350,20260505,403433,35,0,0,0,0,
40000003351,20260512,403433,37,0,0,0,0,
40000003352,20260602,403433,41,1,1,0,0,
40000003353,20260616,403433,25,1,0,0,0,
40000003354,20260203,403439,183,3,2,0,0,
40000003355,20260210,403439,240,2,1,0,0,
40000003356,20260217,403439,339,8,2,1,0,
40000003357,20260224,403439,330,4,4,1,0,
40000003358,20260127,403441,35,1,0,0,0,
40000003359,20260414,403441,8,1,0,0,0,
40000003360,20260602,403441,18,1,1,0,0,
40000003361,20260630,403441,18,2,0,0,0,
40000003362,20260120,403442,237,2,2,0,0,
40000003363,20260224,403442,150,2,2,1,0,
40000003364,20260317,403442,282,6,3,0,0,
40000003365,20260407,403442,244,1,1,1,0,
40000003366,20260407,403443,259,6,2,0,0,
40000003367,20260414,403443,264,8,7,1,0,
40000003368,20260421,403443,389,7,4,1,0,
40000003369,20260127,403446,295,2,2,0,0,
40000003370,20260414,403446,200,6,4,0,0,
40000003371,20260421,403446,94,5,5,0,0,
40000003372,20260505,403446,217,2,2,0,0,
40000003373,20260512,403446,223,1,1,0,0,
40000003374,20260602,403446,93,6,5,0,0,
40000003375,20260623,403446,145,7,3,0,0,
40000003376,20260630,403446,271,4,4,0,0,
40000003377,20260113,403448,12,1,1,0,0,
40000003378,20260120,403448,27,2,2,0,0,
40000003379,20260310,403448,45,2,1,0,0,
40000003380,20260331,403448,23,0,0,0,0,
40000003381,20260414,403448,7,0,0,0,0,
40000003382,20260421,403448,24,1,0,0,0,
40000003383,20260428,403448,10,2,1,0,0,
40000003384,20260519,403448,28,1,1,0,0,
40000003385,20260616,403448,32,1,1,0,0,
40000003386,20260113,403451,195,6,4,0,0,
40000003387,20260217,403451,294,5,1,0,0,
40000003388,20260224,403451,88,3,1,0,0,
40000003389,20260324,403451,62,4,3,0,0,
40000003390,20260331,403451,95,2,2,0,0,
40000003391,20260421,403451,91,1,1,0,0,
40000003392,20260526,403451,265,4,1,0,0,
40000003393,20260616,403451,164,6,6,0,0,
40000003394,20260630,403451,245,7,3,0,0,
40000003395,20260414,403453,181,7,1,0,0,
40000003396,20260505,403453,166,3,1,1,0,
40000003397,20260310,403454,30,1,1,0,0,
40000003398,20260428,403454,23,1,1,0,0,
40000003399,20260505,403454,9,2,2,0,0,
40000003400,20260526,403454,7,0,0,0,0,
40000003401,20260317,403456,216,4,4,0,0,
40000003402,20260324,403456,133,6,5,0,0,
40000003403,20260331,403456,380,10,4,1,0,
40000003404,20260407,403457,325,3,1,0,0,
40000003405,20260414,403457,153,3,3,0,0,
40000003406,20260421,403457,414,7,1,1,0,
40000003407,20260428,403457,220,6,6,1,0,
40000003408,20260310,403465,193,4,1,0,0,
40000003409,20260324,403465,401,8,1,1,0,
40000003410,20260331,403465,367,3,1,1,0,
40000003411,20260428,403466,357,8,2,0,0,
40000003412,20260505,403466,389,7,6,0,0,
40000003413,20260512,403466,279,9,3,1,0,
40000003414,20260519,403466,300,3,2,1,0,
40000003415,20260310,403468,15,1,1,0,0,
40000003416,20260317,403468,28,2,0,0,0,
40000003417,20260421,403468,44,2,1,0,0,
40000003418,20260428,403468,7,2,1,0,0,
40000003419,20260616,403468,14,1,1,0,0,
40000003420,20260113,403470,14,1,0,0,0,
40000003421,20260127,403470,13,2,2,0,0,
40000003422,20260217,403470,28,0,0,0,0,
40000003423,20260324,403470,11,2,2,0,0,
40000003424,20260526,403470,5,0,0,0,0,
40000003425,20260616,403470,20,1,1,0,0,
40000003426,20260317,403473,30,2,1,0,0,
40000003427,20260428,403473,24,2,0,0,0,
40000003428,20260512,403473,18,2,1,0,0,
40000003429,20260519,403473,6,1,1,0,0,
40000003430,20260630,403473,42,2,2,0,0,
40000003431,20260120,403474,42,1,1,0,0,
40000003432,20260224,403474,16,2,2,0,0,
40000003433,20260303,403474,27,0,0,0,0,
40000003434,20260324,403474,18,0,0,0,0,
40000003435,20260407,403474,28,2,0,0,0,
40000003436,20260421,403474,28,0,0,0,0,
40000003437,20260505,403474,11,0,0,0,0,
40000003438,20260609,403474,24,0,0,0,0,
40000003439,20260120,403476,12,2,2,0,0,
40000003440,20260127,403476,5,1,1,0,0,
40000003441,20260519,403476,19,1,0,0,0,
40000003442,20260602,403476,19,2,0,0,0,
40000003443,20260609,403476,6,2,0,0,0,
40000003444,20260630,403476,23,1,1,0,0,
40000003445,20260505,403477,200,7,3,0,0,
40000003446,20260512,403477,292,4,4,0,0,
40000003447,20260407,403479,35,2,2,0,0,
40000003448,20260623,403479,21,2,1,0,0,
40000003449,20260630,403479,9,2,1,0,0,
40000003450,20260310,403480,171,1,1,0,0,
40000003451,20260324,403480,107,5,1,1,0,
40000003452,20260407,403480,152,7,6,0,0,
40000003453,20260505,403480,200,2,1,0,0,
40000003454,20260519,403480,187,5,3,1,0,
40000003455,20260623,403480,163,6,6,0,0,
40000003456,20260217,403484,29,0,0,0,0,
40000003457,20260414,403484,12,0,0,0,0,
40000003458,20260512,403484,11,1,1,0,0,
40000003459,20260609,403484,40,2,1,0,0,
40000003460,20260616,403484,25,2,2,0,0,
40000003461,20260106,403485,12,2,2,0,0,
40000003462,20260203,403485,22,2,1,0,0,
40000003463,20260331,403485,18,2,2,0,0,
40000003464,20260602,403485,36,2,0,0,0,
40000003465,20260623,403485,11,1,1,0,0,
40000003466,20260217,403487,43,1,1,0,0,
40000003467,20260526,403487,38,1,0,0,0,
40000003468,20260623,403487,10,0,0,0,0,
40000003469,20260203,403489,14,0,0,0,0,
40000003470,20260310,403489,17,0,0,0,0,
40000003471,20260616,403489,12,0,0,0,0,
40000003472,20260106,403490,240,3,1,0,0,
40000003473,20260127,403490,61,6,5,0,0,
40000003474,20260407,403490,117,4,3,1,0,
40000003475,20260526,403490,217,3,1,0,0,
40000003476,20260519,403491,169,8,6,0,0,
40000003477,20260602,403491,120,2,2,1,0,
40000003478,20260609,403491,141,5,5,1,0,
40000003479,20260217,403498,41,2,0,0,0,
40000003480,20260317,403498,23,1,1,0,0,
40000003481,20260331,403498,24,2,0,0,0,
40000003482,20260407,403498,19,2,2,0,0,
40000003483,20260113,403501,25,1,1,0,0,
40000003484,20260210,403501,22,0,0,0,0,
40000003485,20260310,403501,29,1,1,0,0,
40000003486,20260407,403501,26,2,1,0,0,
40000003487,20260526,403501,22,2,0,0,0,
40000003488,20260616,403501,35,0,0,0,0,
40000003489,20260106,403506,127,2,2,0,0,
40000003490,20260210,403506,91,3,3,0,0,
40000003491,20260310,403506,70,2,2,0,0,
40000003492,20260324,403506,276,1,1,0,0,
40000003493,20260414,403506,151,2,2,1,0,
40000003494,20260519,403506,282,4,1,0,0,
40000003495,20260616,403506,165,6,6,1,0,
40000003496,20260623,403506,288,6,2,0,0,
40000003497,20260210,403507,241,2,1,1,0,
40000003498,20260519,403507,157,3,1,0,0,
40000003499,20260526,403507,202,1,1,0,0,
40000003500,20260106,403509,185,4,2,1,0,
40000003501,20260113,403509,305,9,8,1,0,
40000003502,20260106,403510,24,1,0,0,0,
40000003503,20260120,403510,12,1,1,0,0,
40000003504,20260210,403510,17,2,1,0,0,
40000003505,20260310,403510,16,0,0,0,0,
40000003506,20260324,403510,9,2,1,0,0,
40000003507,20260505,403510,40,1,1,0,0,
40000003508,20260526,403510,45,2,1,0,0,
40000003509,20260602,403510,27,0,0,0,0,
40000003510,20260630,403510,32,1,1,0,0,
40000003511,20260224,403511,402,2,2,0,0,
40000003512,20260303,403511,301,6,1,0,0,
40000003513,20260310,403511,137,2,1,1,0,
40000003514,20260317,403511,126,2,1,1,0,
40000003515,20260120,403513,28,0,0,0,0,
40000003516,20260203,403513,16,2,0,0,0,
40000003517,20260217,403513,41,1,0,0,0,
40000003518,20260407,403513,9,0,0,0,0,
40000003519,20260512,403513,34,0,0,0,0,
40000003520,20260526,403513,21,1,0,0,0,
40000003521,20260602,403513,10,0,0,0,0,
40000003522,20260609,403513,31,0,0,0,0,
40000003523,20260616,403513,33,2,2,0,0,
40000003524,20260203,403514,10,0,0,0,0,
40000003525,20260210,403514,42,2,0,0,0,
40000003526,20260224,403514,33,1,0,0,0,
40000003527,20260602,403514,5,1,1,0,0,
40000003528,20260623,403514,42,1,1,0,0,
40000003529,20260106,403515,248,3,1,0,0,
40000003530,20260224,403515,236,7,6,0,0,
40000003531,20260310,403515,125,3,1,1,0,
40000003532,20260331,403515,168,3,1,0,0,
40000003533,20260421,403515,294,1,1,0,0,
40000003534,20260505,403515,294,2,2,0,0,
40000003535,20260512,403515,72,7,5,0,0,
40000003536,20260609,403515,278,5,1,0,0,
40000003537,20260106,403518,36,2,1,0,0,
40000003538,20260120,403518,15,1,1,0,0,
40000003539,20260217,403518,14,0,0,0,0,
40000003540,20260303,403518,42,1,0,0,0,
40000003541,20260407,403518,25,2,0,0,0,
40000003542,20260414,403518,28,1,0,0,0,
40000003543,20260505,403518,19,0,0,0,0,
40000003544,20260317,403519,283,2,1,0,0,
40000003545,20260324,403519,165,9,4,0,0,
40000003546,20260331,403519,292,7,1,1,0,
40000003547,20260203,403522,397,5,5,0,0,
40000003548,20260217,403522,135,9,5,1,0,
40000003549,20260224,403522,369,6,4,1,0,
40000003550,20260317,403523,218,9,7,0,0,
40000003551,20260331,403523,304,5,4,1,0,
40000003552,20260407,403523,136,9,7,1,0,
40000003553,20260217,403525,178,1,1,0,0,
40000003554,20260224,403525,233,5,3,0,0,
40000003555,20260317,403525,273,2,2,0,0,
40000003556,20260505,403525,149,5,2,0,0,
40000003557,20260519,403525,70,5,5,0,0,
40000003558,20260526,403525,178,6,5,0,0,
40000003559,20260616,403525,250,3,3,0,0,
40000003560,20260630,403525,160,6,6,0,0,
40000003561,20260224,403526,123,7,2,0,0,
40000003562,20260303,403526,324,8,8,0,0,
40000003563,20260310,403526,419,8,2,1,0,
40000003564,20260203,403529,170,9,6,0,0,
40000003565,20260224,403529,159,10,7,1,0,
40000003566,20260414,403532,210,3,3,0,0,
40000003567,20260428,403532,135,7,4,1,0,
40000003568,20260414,403535,411,7,5,0,0,
40000003569,20260421,403535,192,9,1,0,0,
40000003570,20260428,403535,380,4,4,1,0,
40000003571,20260505,403535,304,3,3,1,0,
40000003572,20260217,403536,283,3,2,0,0,
40000003573,20260224,403536,236,7,1,0,0,
40000003574,20260609,403536,223,2,1,0,0,
40000003575,20260616,403536,68,5,4,0,0,
40000003576,20260120,403540,14,2,2,0,0,
40000003577,20260310,403540,28,1,0,0,0,
40000003578,20260512,403540,42,0,0,0,0,
40000003579,20260616,403540,12,2,1,0,0,
40000003580,20260127,403546,657,24,16,0,0,
40000003581,20260224,403546,738,32,29,2,1,PRICE_TOO_HIGH
40000003582,20260324,403546,899,27,23,1,1,PRICE_TOO_HIGH
40000003583,20260331,403546,684,32,30,0,0,
40000003584,20260526,403546,793,36,29,2,1,LOAN_REJECTED
40000003585,20260623,403546,753,32,26,0,0,
40000003586,20260203,403552,132,7,2,0,0,
40000003587,20260210,403552,416,2,1,0,0,
40000003588,20260217,403552,295,10,7,1,0,
40000003589,20260224,403552,405,2,1,1,0,
40000003590,20260224,403553,336,4,1,0,0,
40000003591,20260303,403553,303,4,2,0,0,
40000003592,20260310,403553,231,4,2,1,0,
40000003593,20260317,403553,197,2,2,1,0,
40000003594,20260106,403556,11,2,0,0,0,
40000003595,20260224,403556,18,1,1,0,0,
40000003596,20260317,403556,15,0,0,0,0,
40000003597,20260331,403556,25,0,0,0,0,
40000003598,20260512,403556,11,2,2,0,0,
40000003599,20260519,403556,15,1,0,0,0,
40000003600,20260623,403556,19,1,1,0,0,
40000003601,20260428,403559,14,1,0,0,0,
40000003602,20260526,403559,39,0,0,0,0,
40000003603,20260623,403559,38,2,2,0,0,
40000003604,20260217,403560,146,8,2,0,0,
40000003605,20260224,403560,310,6,3,0,0,
40000003606,20260303,403560,208,10,7,1,0,
40000003607,20260310,403560,185,8,6,1,0,
40000003608,20260113,403563,33,0,0,0,0,
40000003609,20260310,403563,9,2,1,0,0,
40000003610,20260331,403563,40,1,0,0,0,
40000003611,20260519,403563,9,2,2,0,0,
40000003612,20260602,403563,26,1,1,0,0,
40000003613,20260616,403563,18,1,1,0,0,
40000003614,20260630,403563,33,1,1,0,0,
40000003615,20260106,403564,28,1,0,0,0,
40000003616,20260127,403564,44,1,1,0,0,
40000003617,20260224,403564,27,1,0,0,0,
40000003618,20260317,403564,24,0,0,0,0,
40000003619,20260519,403564,36,1,0,0,0,
40000003620,20260203,403565,45,1,0,0,0,
40000003621,20260224,403565,35,1,1,0,0,
40000003622,20260505,403565,8,2,0,0,0,
40000003623,20260526,403565,37,2,0,0,0,
40000003624,20260602,403565,9,2,1,0,0,
40000003625,20260630,403565,29,1,1,0,0,
40000003626,20260224,403568,379,6,4,0,0,
40000003627,20260317,403568,278,6,2,1,0,
40000003628,20260127,403574,14,1,1,0,0,
40000003629,20260203,403574,9,1,0,0,0,
40000003630,20260303,403574,44,0,0,0,0,
40000003631,20260310,403574,8,0,0,0,0,
40000003632,20260317,403574,25,0,0,0,0,
40000003633,20260407,403574,27,1,0,0,0,
40000003634,20260421,403574,31,2,0,0,0,
40000003635,20260505,403574,32,1,0,0,0,
40000003636,20260616,403574,34,1,0,0,0,
40000003637,20260407,403576,7,2,0,0,0,
40000003638,20260512,403576,45,0,0,0,0,
40000003639,20260519,403576,5,2,1,0,0,
40000003640,20260526,403576,33,0,0,0,0,
40000003641,20260602,403576,29,2,2,0,0,
40000003642,20260623,403576,12,0,0,0,0,
40000003643,20260630,403576,32,1,1,0,0,
40000003644,20260217,403579,9,0,0,0,0,
40000003645,20260331,403579,39,1,0,0,0,
40000003646,20260428,403579,31,0,0,0,0,
40000003647,20260609,403582,251,5,1,0,0,
40000003648,20260616,403582,386,7,2,1,0,
40000003649,20260203,403584,5,2,1,0,0,
40000003650,20260210,403584,17,1,1,0,0,
40000003651,20260217,403584,39,2,2,0,0,
40000003652,20260303,403584,39,1,0,0,0,
40000003653,20260407,403584,43,1,0,0,0,
40000003654,20260414,403584,9,2,0,0,0,
40000003655,20260428,403584,10,0,0,0,0,
40000003656,20260526,403584,32,2,1,0,0,
40000003657,20260616,403584,12,1,1,0,0,
40000003658,20260113,403586,11,0,0,0,0,
40000003659,20260224,403586,21,2,1,0,0,
40000003660,20260324,403586,45,0,0,0,0,
40000003661,20260414,403586,31,1,1,0,0,
40000003662,20260428,403586,42,1,1,0,0,
40000003663,20260616,403586,33,2,0,0,0,
40000003664,20260421,403587,39,0,0,0,0,
40000003665,20260512,403587,11,0,0,0,0,
40000003666,20260519,403587,26,2,2,0,0,
40000003667,20260526,403587,24,0,0,0,0,
40000003668,20260106,403588,120,5,2,0,0,
40000003669,20260113,403588,159,4,1,0,0,
40000003670,20260127,403588,204,6,2,1,0,
40000003671,20260210,403590,28,0,0,0,0,
40000003672,20260310,403590,25,1,0,0,0,
40000003673,20260609,403590,12,2,0,0,0,
40000003674,20260616,403590,39,1,0,0,0,
40000003675,20260623,403590,20,0,0,0,0,
40000003676,20260512,403591,393,9,8,0,0,
40000003677,20260519,403591,277,5,3,0,0,
40000003678,20260526,403591,142,6,2,1,0,
40000003679,20260602,403591,147,7,7,1,0,
40000003680,20260324,403593,378,3,2,0,0,
40000003681,20260331,403593,129,5,4,1,0,
40000003682,20260407,403593,271,8,4,1,0,
40000003683,20260120,403594,363,4,1,0,0,
40000003684,20260127,403594,161,3,3,1,0,
40000003685,20260203,403594,380,7,3,1,0,
40000003686,20260519,403595,304,7,7,0,0,
40000003687,20260526,403595,226,4,1,0,0,
40000003688,20260602,403595,315,7,1,1,0,
40000003689,20260609,403595,395,10,4,1,0,
40000003690,20260310,403597,187,10,3,0,0,
40000003691,20260317,403597,324,6,4,0,0,
40000003692,20260331,403597,379,8,5,1,0,
40000003693,20260331,403598,132,4,1,0,0,
40000003694,20260407,403598,400,7,3,0,0,
40000003695,20260421,403598,322,5,2,1,0,
40000003696,20260106,403599,356,7,7,0,0,
40000003697,20260113,403599,382,6,2,0,0,
40000003698,20260120,403599,417,10,10,1,0,
40000003699,20260127,403599,278,6,2,1,0,
40000003700,20260120,403601,39,2,2,0,0,
40000003701,20260210,403601,44,1,0,0,0,
40000003702,20260317,403601,16,2,1,0,0,
40000003703,20260324,403601,34,2,2,0,0,
40000003704,20260407,403601,16,0,0,0,0,
40000003705,20260428,403601,17,2,0,0,0,
40000003706,20260505,403601,38,0,0,0,0,
40000003707,20260421,403602,45,0,0,0,0,
40000003708,20260512,403602,34,2,1,0,0,
40000003709,20260609,403602,11,1,1,0,0,
40000003710,20260120,403603,348,3,3,0,0,
40000003711,20260127,403603,316,7,6,0,0,
40000003712,20260203,403603,201,2,1,1,0,
40000003713,20260210,403603,258,9,2,1,0,
40000003714,20260331,403605,18,0,0,0,0,
40000003715,20260526,403605,45,1,1,0,0,
40000003716,20260602,403605,43,2,1,0,0,
40000003717,20260217,403607,200,8,3,0,0,
40000003718,20260303,403607,410,5,1,1,0,
40000003719,20260113,403608,165,3,1,0,0,
40000003720,20260127,403608,156,6,5,0,0,
40000003721,20260324,403608,86,6,5,0,0,
40000003722,20260331,403608,282,3,2,0,0,
40000003723,20260407,403608,200,7,1,0,0,
40000003724,20260512,403608,237,4,4,0,0,
40000003725,20260609,403608,277,5,2,0,0,
40000003726,20260623,403608,160,1,1,0,0,
40000003727,20260127,403609,5,0,0,0,0,
40000003728,20260203,403609,16,1,0,0,0,
40000003729,20260224,403609,31,1,0,0,0,
40000003730,20260310,403609,9,0,0,0,0,
40000003731,20260609,403609,16,0,0,0,0,
40000003732,20260106,403610,39,0,0,0,0,
40000003733,20260210,403610,35,0,0,0,0,
40000003734,20260324,403610,45,2,2,0,0,
40000003735,20260609,403610,26,0,0,0,0,
40000003736,20260324,403612,160,5,2,0,0,
40000003737,20260331,403612,236,6,3,1,0,
40000003738,20260407,403612,218,2,1,1,0,
40000003739,20260303,403613,40,0,0,0,0,
40000003740,20260324,403613,33,1,0,0,0,
40000003741,20260421,403613,6,2,1,0,0,
40000003742,20260428,403613,14,0,0,0,0,
40000003743,20260505,403613,10,1,1,0,0,
40000003744,20260324,403616,279,6,2,0,0,
40000003745,20260414,403616,298,7,1,0,0,
40000003746,20260421,403616,226,2,2,0,0,
40000003747,20260609,403616,290,5,3,0,0,
40000003748,20260106,403621,292,5,5,0,0,
40000003749,20260113,403621,132,10,7,1,0,
40000003750,20260127,403625,27,2,0,0,0,
40000003751,20260317,403625,14,2,2,0,0,
40000003752,20260512,403625,31,1,1,0,0,
40000003753,20260106,403627,37,0,0,0,0,
40000003754,20260120,403627,29,1,1,0,0,
40000003755,20260210,403627,45,2,1,0,0,
40000003756,20260303,403627,24,0,0,0,0,
40000003757,20260317,403627,44,0,0,0,0,
40000003758,20260324,403627,24,0,0,0,0,
40000003759,20260428,403627,44,1,1,0,0,
40000003760,20260512,403627,36,0,0,0,0,
40000003761,20260526,403627,37,0,0,0,0,
40000003762,20260113,403628,368,7,6,0,0,
40000003763,20260120,403628,411,4,3,0,0,
40000003764,20260127,403628,319,9,5,1,0,
40000003765,20260203,403628,306,8,6,1,0,
40000003766,20260106,403630,33,2,2,0,0,
40000003767,20260120,403630,5,1,0,0,0,
40000003768,20260210,403630,8,2,2,0,0,
40000003769,20260303,403630,12,1,0,0,0,
40000003770,20260324,403630,27,0,0,0,0,
40000003771,20260421,403630,28,2,2,0,0,
40000003772,20260512,403630,43,0,0,0,0,
40000003773,20260623,403630,42,0,0,0,0,
40000003774,20260630,403630,30,2,1,0,0,
40000003775,20260224,403631,13,0,0,0,0,
40000003776,20260310,403631,29,1,0,0,0,
40000003777,20260512,403631,10,1,0,0,0,
40000003778,20260602,403631,34,2,2,0,0,
40000003779,20260203,403632,39,2,0,0,0,
40000003780,20260331,403632,36,1,1,0,0,
40000003781,20260407,403632,22,1,1,0,0,
40000003782,20260505,403632,24,0,0,0,0,
40000003783,20260512,403632,14,0,0,0,0,
40000003784,20260519,403632,39,2,1,0,0,
40000003785,20260623,403632,31,2,1,0,0,
40000003786,20260331,403633,135,5,4,1,1,LOAN_REJECTED
40000003787,20260526,403633,180,6,5,0,0,
40000003788,20260609,403633,195,1,1,0,0,
40000003789,20260120,403634,38,1,0,0,0,
40000003790,20260127,403634,34,0,0,0,0,
40000003791,20260210,403634,6,1,1,0,0,
40000003792,20260421,403634,28,0,0,0,0,
40000003793,20260609,403634,31,2,0,0,0,
40000003794,20260120,403635,378,9,7,0,0,
40000003795,20260210,403635,242,10,10,1,0,
40000003796,20260217,403637,26,2,0,0,0,
40000003797,20260303,403637,10,1,0,0,0,
40000003798,20260519,403637,43,2,0,0,0,
40000003799,20260602,403637,7,0,0,0,0,
40000003800,20260630,403637,14,2,0,0,0,
40000003801,20260407,403640,265,9,7,0,0,
40000003802,20260414,403640,233,6,2,1,0,
40000003803,20260407,403641,278,3,1,0,0,
40000003804,20260414,403641,267,9,7,1,0,
40000003805,20260217,403642,31,2,1,0,0,
40000003806,20260310,403642,7,2,0,0,0,
40000003807,20260317,403642,32,1,0,0,0,
40000003808,20260324,403642,7,1,0,0,0,
40000003809,20260421,403642,21,0,0,0,0,
40000003810,20260428,403642,32,1,0,0,0,
40000003811,20260113,403647,42,2,2,0,0,
40000003812,20260120,403647,39,0,0,0,0,
40000003813,20260127,403647,42,1,0,0,0,
40000003814,20260303,403647,19,2,2,0,0,
40000003815,20260324,403647,34,0,0,0,0,
40000003816,20260421,403647,24,0,0,0,0,
40000003817,20260127,403650,233,6,2,0,0,
40000003818,20260210,403650,253,1,1,0,0,
40000003819,20260224,403650,182,1,1,1,0,
40000003820,20260303,403650,162,6,3,0,0,
40000003821,20260519,403650,157,7,5,0,0,
40000003822,20260609,403650,102,4,2,0,0,
40000003823,20260120,403652,38,2,2,0,0,
40000003824,20260324,403652,33,0,0,0,0,
40000003825,20260428,403652,40,1,0,0,0,
40000003826,20260512,403652,40,0,0,0,0,
40000003827,20260602,403652,29,1,1,0,0,
40000003828,20260616,403652,23,2,2,0,0,
40000003829,20260127,403655,543,30,23,1,1,DEFECT_FOUND
40000003830,20260217,403655,567,20,20,1,0,
40000003831,20260224,403655,538,28,25,1,1,LOAN_REJECTED
40000003832,20260303,403655,531,20,19,1,1,LOAN_REJECTED
40000003833,20260317,403655,757,29,26,0,0,
40000003834,20260505,403655,656,29,28,0,0,
40000003835,20260519,403655,657,28,19,1,0,
40000003836,20260602,403655,843,22,20,0,0,
40000003837,20260609,403655,677,30,20,0,0,
40000003838,20260203,403656,219,6,2,0,0,
40000003839,20260210,403656,154,7,5,0,0,
40000003840,20260217,403656,256,3,1,1,0,
40000003841,20260224,403656,223,5,5,1,0,
40000003842,20260106,403657,21,0,0,0,0,
40000003843,20260203,403657,15,1,1,0,0,
40000003844,20260217,403657,30,2,2,0,0,
40000003845,20260310,403657,26,1,0,0,0,
40000003846,20260324,403657,34,0,0,0,0,
40000003847,20260414,403657,44,0,0,0,0,
40000003848,20260512,403657,29,2,2,0,0,
40000003849,20260210,403658,8,0,0,0,0,
40000003850,20260303,403658,41,0,0,0,0,
40000003851,20260310,403658,7,2,0,0,0,
40000003852,20260414,403658,9,2,0,0,0,
40000003853,20260519,403658,31,0,0,0,0,
40000003854,20260602,403658,12,0,0,0,0,
40000003855,20260616,403658,27,0,0,0,0,
40000003856,20260623,403658,25,1,0,0,0,
40000003857,20260106,403660,418,4,1,1,0,
40000003858,20260113,403660,209,5,2,1,0,
40000003859,20260310,403661,29,0,0,0,0,
40000003860,20260324,403661,21,1,1,0,0,
40000003861,20260331,403661,12,0,0,0,0,
40000003862,20260414,403661,13,0,0,0,0,
40000003863,20260421,403661,37,1,1,0,0,
40000003864,20260512,403661,39,2,1,0,0,
40000003865,20260303,403662,357,7,6,0,0,
40000003866,20260317,403662,354,3,3,1,0,
40000003867,20260106,403663,7,2,1,0,0,
40000003868,20260127,403663,18,1,1,0,0,
40000003869,20260217,403663,37,0,0,0,0,
40000003870,20260224,403663,16,0,0,0,0,
40000003871,20260324,403663,32,1,1,0,0,
40000003872,20260421,403663,14,2,2,0,0,
40000003873,20260505,403663,27,0,0,0,0,
40000003874,20260512,403663,27,0,0,0,0,
40000003875,20260519,403663,18,0,0,0,0,
40000003876,20260428,403664,251,2,1,0,0,
40000003877,20260505,403664,325,4,4,0,0,
40000003878,20260106,403666,29,1,0,0,0,
40000003879,20260113,403666,12,2,1,0,0,
40000003880,20260127,403666,31,2,0,0,0,
40000003881,20260203,403666,19,0,0,0,0,
40000003882,20260210,403666,19,2,0,0,0,
40000003883,20260331,403666,42,0,0,0,0,
40000003884,20260526,403666,24,2,0,0,0,
40000003885,20260609,403666,34,0,0,0,0,
40000003886,20260210,403670,21,0,0,0,0,
40000003887,20260217,403670,22,2,2,0,0,
40000003888,20260324,403670,30,1,0,0,0,
40000003889,20260331,403670,35,2,2,0,0,
40000003890,20260414,403670,12,0,0,0,0,
40000003891,20260421,403670,30,2,1,0,0,
40000003892,20260519,403670,38,2,1,0,0,
40000003893,20260609,403670,31,2,2,0,0,
40000003894,20260623,403670,18,0,0,0,0,
40000003895,20260317,403671,346,9,6,0,0,
40000003896,20260331,403671,200,4,2,1,0,
40000003897,20260127,403673,128,2,2,0,0,
40000003898,20260203,403673,216,3,2,0,0,
40000003899,20260210,403673,68,6,2,0,0,
40000003900,20260303,403673,145,5,1,0,0,
40000003901,20260317,403673,236,4,3,0,0,
40000003902,20260324,403673,158,2,2,0,0,
40000003903,20260331,403673,276,1,1,0,0,
40000003904,20260519,403673,152,4,4,0,0,
40000003905,20260526,403673,140,2,2,0,0,
40000003906,20260616,403673,239,4,3,0,0,
40000003907,20260210,403674,9,0,0,0,0,
40000003908,20260317,403674,32,2,1,0,0,
40000003909,20260324,403674,8,0,0,0,0,
40000003910,20260331,403674,37,1,1,0,0,
40000003911,20260414,403674,5,1,0,0,0,
40000003912,20260505,403674,11,0,0,0,0,
40000003913,20260526,403674,35,0,0,0,0,
40000003914,20260120,403675,22,1,0,0,0,
40000003915,20260127,403675,44,2,0,0,0,
40000003916,20260217,403675,39,2,0,0,0,
40000003917,20260310,403675,27,2,2,0,0,
40000003918,20260324,403675,41,1,0,0,0,
40000003919,20260407,403675,40,1,1,0,0,
40000003920,20260512,403675,45,1,0,0,0,
40000003921,20260526,403675,40,1,1,0,0,
40000003922,20260602,403675,17,0,0,0,0,
40000003923,20260106,403676,42,1,0,0,0,
40000003924,20260120,403676,41,2,0,0,0,
40000003925,20260324,403676,41,2,1,0,0,
40000003926,20260407,403676,26,1,1,0,0,
40000003927,20260616,403676,34,0,0,0,0,
40000003928,20260217,403677,25,1,0,0,0,
40000003929,20260324,403677,7,0,0,0,0,
40000003930,20260602,403677,40,0,0,0,0,
40000003931,20260106,403679,39,0,0,0,0,
40000003932,20260203,403679,29,2,1,0,0,
40000003933,20260317,403679,36,0,0,0,0,
40000003934,20260421,403679,43,0,0,0,0,
40000003935,20260505,403679,31,0,0,0,0,
40000003936,20260519,403679,37,2,1,0,0,
40000003937,20260623,403679,45,1,0,0,0,
40000003938,20260106,403680,27,0,0,0,0,
40000003939,20260407,403680,18,2,1,0,0,
40000003940,20260519,403680,23,2,2,0,0,
40000003941,20260331,403681,120,5,1,0,0,
40000003942,20260414,403681,153,7,2,1,0,
40000003943,20260113,403683,255,3,1,0,0,
40000003944,20260217,403683,193,6,1,0,0,
40000003945,20260407,403683,98,5,4,0,0,
40000003946,20260505,403683,65,5,4,0,0,
40000003947,20260519,403683,94,3,3,0,0,
40000003948,20260623,403683,164,5,5,0,0,
40000003949,20260324,403684,29,1,1,0,0,
40000003950,20260331,403684,40,2,1,0,0,
40000003951,20260512,403684,29,0,0,0,0,
40000003952,20260526,403684,16,2,1,0,0,
40000003953,20260616,403684,24,2,2,0,0,
40000003954,20260113,403685,318,8,1,0,0,
40000003955,20260120,403685,334,4,3,0,0,
40000003956,20260127,403685,155,9,9,1,0,
40000003957,20260203,403685,319,8,6,1,0,
40000003958,20260428,403690,238,5,1,0,0,
40000003959,20260505,403690,240,5,5,0,0,
40000003960,20260512,403690,196,10,8,1,0,
40000003961,20260519,403690,399,10,1,1,0,
40000003962,20260113,403691,38,2,0,0,0,
40000003963,20260127,403691,16,1,0,0,0,
40000003964,20260217,403691,37,1,0,0,0,
40000003965,20260224,403691,39,1,0,0,0,
40000003966,20260317,403691,45,2,2,0,0,
40000003967,20260421,403691,24,0,0,0,0,
40000003968,20260526,403691,32,2,0,0,0,
40000003969,20260623,403691,32,1,1,0,0,
40000003970,20260113,403696,19,1,0,0,0,
40000003971,20260310,403696,30,1,1,0,0,
40000003972,20260526,403696,11,0,0,0,0,
40000003973,20260602,403696,27,1,0,0,0,
40000003974,20260623,403696,30,0,0,0,0,
40000003975,20260630,403696,26,2,2,0,0,
40000003976,20260407,403701,230,2,1,0,0,
40000003977,20260414,403701,381,3,3,0,0,
40000003978,20260421,403701,360,5,5,1,0,
40000003979,20260428,403701,407,7,1,1,0,
40000003980,20260113,403702,31,1,0,0,0,
40000003981,20260210,403702,28,1,1,0,0,
40000003982,20260224,403702,15,1,1,0,0,
40000003983,20260310,403702,18,1,0,0,0,
40000003984,20260324,403702,19,0,0,0,0,
40000003985,20260407,403702,35,1,1,0,0,
40000003986,20260106,403706,26,0,0,0,0,
40000003987,20260120,403706,21,2,2,0,0,
40000003988,20260324,403706,34,2,0,0,0,
40000003989,20260331,403706,20,0,0,0,0,
40000003990,20260407,403706,41,0,0,0,0,
40000003991,20260519,403706,10,0,0,0,0,
40000003992,20260526,403706,27,1,0,0,0,
40000003993,20260127,403707,12,1,1,0,0,
40000003994,20260217,403707,15,0,0,0,0,
40000003995,20260317,403707,27,0,0,0,0,
40000003996,20260526,403707,6,0,0,0,0,
40000003997,20260616,403707,26,0,0,0,0,
40000003998,20260623,403707,13,2,0,0,0,
40000003999,20260324,403711,9,1,1,0,0,
40000004000,20260407,403711,6,2,1,0,0,
40000004001,20260519,403711,33,1,0,0,0,
40000004002,20260127,403713,45,1,0,0,0,
40000004003,20260303,403713,18,0,0,0,0,
40000004004,20260407,403713,25,1,0,0,0,
40000004005,20260414,403713,40,2,2,0,0,
40000004006,20260623,403713,35,1,1,0,0,
40000004007,20260407,403715,327,5,1,0,0,
40000004008,20260421,403715,341,9,4,1,0,
40000004009,20260428,403715,401,6,1,1,0,
40000004010,20260324,403717,7,2,2,0,0,
40000004011,20260407,403717,31,1,0,0,0,
40000004012,20260512,403717,30,2,2,0,0,
40000004013,20260120,403720,9,1,0,0,0,
40000004014,20260203,403720,12,1,0,0,0,
40000004015,20260210,403720,10,2,0,0,0,
40000004016,20260224,403720,11,1,0,0,0,
40000004017,20260317,403720,21,2,1,0,0,
40000004018,20260414,403720,44,0,0,0,0,
40000004019,20260519,403720,19,0,0,0,0,
40000004020,20260224,403721,154,5,2,0,0,
40000004021,20260303,403721,306,2,2,0,0,
40000004022,20260310,403721,315,8,1,1,0,
40000004023,20260317,403721,172,6,5,1,0,
40000004024,20260113,403726,709,37,29,1,0,
40000004025,20260310,403726,628,31,21,1,1,DEFECT_FOUND
40000004026,20260428,403726,886,24,21,3,2,LOAN_REJECTED
40000004027,20260616,403726,820,32,30,0,0,
40000004028,20260324,403727,214,5,3,0,0,
40000004029,20260331,403727,238,4,2,1,0,
40000004030,20260407,403727,306,5,5,1,0,
40000004031,20260210,403729,30,2,0,0,0,
40000004032,20260303,403729,26,2,2,0,0,
40000004033,20260428,403729,13,1,1,0,0,
40000004034,20260120,403730,14,1,1,0,0,
40000004035,20260224,403730,5,0,0,0,0,
40000004036,20260421,403730,44,0,0,0,0,
40000004037,20260505,403730,45,2,2,0,0,
40000004038,20260623,403730,39,2,1,0,0,
40000004039,20260428,403732,40,1,0,0,0,
40000004040,20260505,403732,44,0,0,0,0,
40000004041,20260602,403732,22,0,0,0,0,
40000004042,20260120,403733,25,2,1,0,0,
40000004043,20260210,403733,40,2,0,0,0,
40000004044,20260224,403733,42,0,0,0,0,
40000004045,20260303,403733,37,2,0,0,0,
40000004046,20260324,403733,7,2,2,0,0,
40000004047,20260331,403733,8,2,2,0,0,
40000004048,20260407,403733,30,2,2,0,0,
40000004049,20260505,403733,45,0,0,0,0,
40000004050,20260526,403733,19,2,1,0,0,
40000004051,20260106,403735,396,3,3,0,0,
40000004052,20260113,403735,391,10,10,1,0,
40000004053,20260303,403737,23,0,0,0,0,
40000004054,20260331,403737,26,0,0,0,0,
40000004055,20260421,403737,28,1,0,0,0,
40000004056,20260428,403737,43,1,0,0,0,
40000004057,20260602,403737,31,2,1,0,0,
40000004058,20260602,403739,204,5,4,0,0,
40000004059,20260616,403739,227,4,2,1,0,
40000004060,20260623,403739,173,7,6,1,0,
40000004061,20260324,403741,38,0,0,0,0,
40000004062,20260616,403741,37,1,1,0,0,
40000004063,20260623,403741,15,2,1,0,0,
40000004064,20260113,403742,43,0,0,0,0,
40000004065,20260324,403742,18,0,0,0,0,
40000004066,20260331,403742,38,1,1,0,0,
40000004067,20260602,403742,5,0,0,0,0,
40000004068,20260210,403745,264,5,1,0,0,
40000004069,20260217,403745,210,8,5,0,0,
40000004070,20260106,403750,353,9,9,0,0,
40000004071,20260113,403750,212,4,2,0,0,
40000004072,20260120,403750,220,7,7,1,0,
40000004073,20260127,403750,290,8,5,1,0,
40000004074,20260106,403752,27,2,2,0,0,
40000004075,20260113,403752,5,1,0,0,0,
40000004076,20260120,403752,42,0,0,0,0,
40000004077,20260217,403752,25,0,0,0,0,
40000004078,20260421,403752,12,2,1,0,0,
40000004079,20260505,403752,10,1,1,0,0,
40000004080,20260602,403752,21,2,0,0,0,
40000004081,20260630,403752,12,1,0,0,0,
40000004082,20260407,403754,218,6,3,0,0,
40000004083,20260414,403754,184,9,6,0,0,
40000004084,20260428,403754,199,5,3,1,0,
40000004085,20260421,403756,202,9,2,0,0,
40000004086,20260428,403756,377,4,4,0,0,
40000004087,20260505,403756,314,7,7,1,0,
40000004088,20260512,403756,254,10,3,1,0,
40000004089,20260120,403757,13,0,0,0,0,
40000004090,20260127,403757,29,1,0,0,0,
40000004091,20260210,403757,29,2,2,0,0,
40000004092,20260310,403757,43,0,0,0,0,
40000004093,20260324,403757,7,2,2,0,0,
40000004094,20260331,403757,42,0,0,0,0,
40000004095,20260526,403757,37,2,1,0,0,
40000004096,20260113,403758,43,1,0,0,0,
40000004097,20260203,403758,7,0,0,0,0,
40000004098,20260224,403758,14,0,0,0,0,
40000004099,20260310,403758,6,2,0,0,0,
40000004100,20260317,403758,45,2,1,0,0,
40000004101,20260407,403758,16,2,1,0,0,
40000004102,20260512,403758,7,2,1,0,0,
40000004103,20260616,403758,42,2,1,0,0,
40000004104,20260407,403764,398,4,3,0,0,
40000004105,20260414,403764,369,6,5,0,0,
40000004106,20260421,403764,323,3,1,1,0,
40000004107,20260428,403764,257,10,2,1,0,
40000004108,20260113,403771,32,1,0,0,0,
40000004109,20260120,403771,30,1,1,0,0,
40000004110,20260310,403771,5,0,0,0,0,
40000004111,20260407,403771,28,1,0,0,0,
40000004112,20260512,403771,20,1,0,0,0,
40000004113,20260526,403771,15,2,1,0,0,
40000004114,20260106,403772,37,0,0,0,0,
40000004115,20260120,403772,26,2,1,0,0,
40000004116,20260127,403772,28,2,1,0,0,
40000004117,20260224,403772,5,2,0,0,0,
40000004118,20260310,403772,45,2,1,0,0,
40000004119,20260317,403772,43,0,0,0,0,
40000004120,20260519,403772,23,1,0,0,0,
40000004121,20260623,403772,19,2,1,0,0,
40000004122,20260106,403776,34,2,1,0,0,
40000004123,20260331,403776,16,0,0,0,0,
40000004124,20260428,403776,41,1,1,0,0,
40000004125,20260526,403776,35,1,1,0,0,
40000004126,20260623,403776,19,1,0,0,0,
40000004127,20260113,403777,42,2,1,0,0,
40000004128,20260317,403777,25,1,0,0,0,
40000004129,20260414,403777,19,1,1,0,0,
40000004130,20260421,403777,7,0,0,0,0,
40000004131,20260512,403777,5,1,0,0,0,
40000004132,20260526,403777,12,2,0,0,0,
40000004133,20260609,403777,14,0,0,0,0,
40000004134,20260623,403777,18,2,2,0,0,
40000004135,20260127,403778,756,35,26,0,0,
40000004136,20260303,403778,728,32,25,1,1,PRICE_TOO_HIGH
40000004137,20260414,403778,730,33,27,2,2,DEFECT_FOUND
40000004138,20260428,403778,529,29,19,0,0,
40000004139,20260526,403778,651,30,24,1,1,LOAN_REJECTED
40000004140,20260602,403778,882,23,21,0,0,
40000004141,20260630,403778,722,31,21,0,0,
40000004142,20260602,403779,303,9,8,0,0,
40000004143,20260616,403779,297,8,8,1,0,
40000004144,20260303,403780,282,5,4,0,0,
40000004145,20260421,403780,146,3,2,0,0,
40000004146,20260505,403780,297,2,1,0,0,
40000004147,20260512,403780,173,5,1,0,0,
40000004148,20260526,403780,246,3,1,0,0,
40000004149,20260616,403780,286,5,1,0,0,
40000004150,20260623,403780,212,7,5,0,0,
40000004151,20260106,403781,14,2,0,0,0,
40000004152,20260127,403781,28,2,1,0,0,
40000004153,20260210,403781,39,0,0,0,0,
40000004154,20260310,403781,42,0,0,0,0,
40000004155,20260324,403781,36,1,0,0,0,
40000004156,20260331,403781,11,1,0,0,0,
40000004157,20260428,403781,45,1,1,0,0,
40000004158,20260519,403781,31,1,0,0,0,
40000004159,20260414,403786,350,4,1,0,0,
40000004160,20260428,403786,211,9,9,1,0,
40000004161,20260106,403787,794,38,29,0,0,
40000004162,20260203,403787,761,24,24,1,1,PRICE_TOO_HIGH
40000004163,20260421,403787,558,26,25,3,1,LOAN_REJECTED
40000004164,20260623,403787,719,38,30,1,1,PRICE_TOO_HIGH
40000004165,20260217,403788,44,0,0,0,0,
40000004166,20260303,403788,21,2,0,0,0,
40000004167,20260414,403788,7,0,0,0,0,
40000004168,20260421,403788,32,0,0,0,0,
40000004169,20260512,403788,45,2,1,0,0,
40000004170,20260526,403788,5,1,0,0,0,
40000004171,20260127,403790,39,1,0,0,0,
40000004172,20260210,403790,18,2,2,0,0,
40000004173,20260505,403790,19,1,0,0,0,
40000004174,20260602,403792,157,5,5,0,0,
40000004175,20260609,403792,222,9,7,0,0,
40000004176,20260623,403792,214,5,3,1,0,
40000004177,20260106,403793,33,1,1,0,0,
40000004178,20260113,403793,5,2,1,0,0,
40000004179,20260303,403793,33,1,0,0,0,
40000004180,20260317,403793,5,1,0,0,0,
40000004181,20260428,403793,23,2,1,0,0,
40000004182,20260602,403793,32,2,1,0,0,
40000004183,20260616,403793,27,0,0,0,0,
40000004184,20260106,403799,37,0,0,0,0,
40000004185,20260203,403799,18,2,2,0,0,
40000004186,20260224,403799,32,2,2,0,0,
40000004187,20260317,403799,35,1,1,0,0,
40000004188,20260505,403799,13,2,2,0,0,
40000004189,20260113,403801,851,25,23,0,0,
40000004190,20260210,403801,664,28,18,0,0,
40000004191,20260217,403801,600,17,16,1,1,PRICE_TOO_HIGH
40000004192,20260519,403801,873,32,28,2,2,DEFECT_FOUND
40000004193,20260616,403801,839,24,18,1,0,
40000004194,20260623,403801,802,25,19,1,0,
40000004195,20260106,403802,30,1,0,0,0,
40000004196,20260210,403802,14,0,0,0,0,
40000004197,20260310,403802,21,1,1,0,0,
40000004198,20260331,403802,39,0,0,0,0,
40000004199,20260526,403802,40,0,0,0,0,
40000004200,20260609,403802,36,2,0,0,0,
40000004201,20260106,403803,295,5,5,0,0,
40000004202,20260113,403803,257,4,4,1,0,
40000004203,20260428,403804,351,3,1,0,0,
40000004204,20260505,403804,308,10,8,0,0,
40000004205,20260512,403804,357,2,1,1,0,
40000004206,20260519,403804,330,6,6,1,0,
40000004207,20260203,403806,238,5,1,1,0,
40000004208,20260505,403806,143,2,1,0,0,
40000004209,20260519,403806,69,7,3,1,1,LOAN_REJECTED
40000004210,20260217,403807,16,1,0,0,0,
40000004211,20260303,403807,36,0,0,0,0,
40000004212,20260310,403807,18,0,0,0,0,
40000004213,20260324,403807,9,0,0,0,0,
40000004214,20260421,403807,10,2,1,0,0,
40000004215,20260512,403807,41,1,1,0,0,
40000004216,20260630,403807,6,0,0,0,0,
40000004217,20260526,403809,387,10,2,0,0,
40000004218,20260602,403809,334,8,8,1,0,
40000004219,20260203,403810,31,0,0,0,0,
40000004220,20260224,403810,6,0,0,0,0,
40000004221,20260505,403810,19,1,1,0,0,
40000004222,20260526,403811,411,6,1,0,0,
40000004223,20260616,403811,224,3,1,1,0,
40000004224,20260106,403813,36,0,0,0,0,
40000004225,20260203,403813,43,1,1,0,0,
40000004226,20260217,403813,29,1,0,0,0,
40000004227,20260303,403813,25,2,1,0,0,
40000004228,20260428,403813,45,0,0,0,0,
40000004229,20260512,403813,44,0,0,0,0,
40000004230,20260526,403813,34,2,1,0,0,
40000004231,20260623,403813,39,1,0,0,0,
40000004232,20260428,403817,266,2,1,0,0,
40000004233,20260519,403817,155,9,3,1,0,
40000004234,20260203,403818,21,0,0,0,0,
40000004235,20260224,403818,30,2,1,0,0,
40000004236,20260303,403818,25,1,1,0,0,
40000004237,20260407,403818,15,2,2,0,0,
40000004238,20260414,403818,37,0,0,0,0,
40000004239,20260512,403818,16,2,1,0,0,
40000004240,20260609,403818,10,0,0,0,0,
40000004241,20260623,403818,7,0,0,0,0,
40000004242,20260127,403821,5,2,1,0,0,
40000004243,20260303,403821,20,0,0,0,0,
40000004244,20260407,403821,40,1,0,0,0,
40000004245,20260421,403821,36,0,0,0,0,
40000004246,20260428,403821,25,2,2,0,0,
40000004247,20260519,403821,39,0,0,0,0,
40000004248,20260526,403821,29,1,0,0,0,
40000004249,20260609,403821,19,1,1,0,0,
40000004250,20260407,403822,229,6,1,0,0,
40000004251,20260414,403822,267,4,1,0,0,
40000004252,20260421,403822,396,8,1,1,0,
40000004253,20260428,403822,292,8,8,1,0,
40000004254,20260428,403823,396,10,3,0,0,
40000004255,20260519,403823,202,6,3,1,0,
40000004256,20260217,403825,12,2,2,0,0,
40000004257,20260616,403825,36,1,0,0,0,
40000004258,20260623,403825,44,1,1,0,0,
40000004259,20260310,403826,20,1,0,0,0,
40000004260,20260317,403826,10,2,0,0,0,
40000004261,20260324,403826,29,1,1,0,0,
40000004262,20260331,403826,25,0,0,0,0,
40000004263,20260407,403826,41,1,0,0,0,
40000004264,20260428,403826,26,1,0,0,0,
40000004265,20260505,403826,39,1,1,0,0,
40000004266,20260609,403826,7,1,0,0,0,
40000004267,20260623,403826,29,1,1,0,0,
40000004268,20260310,403827,383,4,1,0,0,
40000004269,20260317,403827,154,6,3,0,0,
40000004270,20260324,403827,199,7,1,1,0,
40000004271,20260331,403827,132,2,2,1,0,
40000004272,20260303,403828,412,8,5,0,0,
40000004273,20260310,403828,354,7,7,0,0,
40000004274,20260203,403830,30,1,1,0,0,
40000004275,20260224,403830,14,2,0,0,0,
40000004276,20260428,403830,5,0,0,0,0,
40000004277,20260602,403830,28,2,1,0,0,
40000004278,20260630,403830,10,0,0,0,0,
40000004279,20260113,403832,21,1,0,0,0,
40000004280,20260224,403832,34,2,0,0,0,
40000004281,20260519,403832,40,2,2,0,0,
40000004282,20260526,403832,34,2,1,0,0,
40000004283,20260602,403832,16,2,2,0,0,
40000004284,20260609,403832,22,2,2,0,0,
40000004285,20260616,403832,31,2,1,0,0,
40000004286,20260127,403835,42,1,1,0,0,
40000004287,20260210,403835,39,2,0,0,0,
40000004288,20260310,403835,24,2,1,0,0,
40000004289,20260317,403835,9,2,1,0,0,
40000004290,20260428,403835,17,2,1,0,0,
40000004291,20260512,403835,28,1,0,0,0,
40000004292,20260630,403835,27,2,1,0,0,
40000004293,20260203,403836,288,7,5,0,0,
40000004294,20260210,403836,153,6,3,0,0,
40000004295,20260224,403836,121,7,2,1,0,
40000004296,20260113,403837,22,2,0,0,0,
40000004297,20260331,403837,21,2,0,0,0,
40000004298,20260421,403837,34,0,0,0,0,
40000004299,20260602,403837,20,0,0,0,0,
40000004300,20260106,403839,17,0,0,0,0,
40000004301,20260120,403839,27,2,0,0,0,
40000004302,20260324,403839,44,1,0,0,0,
40000004303,20260421,403839,27,2,2,0,0,
40000004304,20260526,403839,17,1,1,0,0,
40000004305,20260113,403840,40,0,0,0,0,
40000004306,20260120,403840,34,0,0,0,0,
40000004307,20260210,403840,33,1,1,0,0,
40000004308,20260217,403840,8,2,0,0,0,
40000004309,20260512,403840,31,1,1,0,0,
40000004310,20260210,403843,313,2,2,0,0,
40000004311,20260217,403843,380,6,1,0,0,
40000004312,20260224,403843,203,2,2,1,0,
40000004313,20260303,403843,419,8,8,1,0,
40000004314,20260602,403844,323,7,6,0,0,
40000004315,20260609,403844,228,7,1,0,0,
40000004316,20260616,403844,371,8,5,1,0,
40000004317,20260623,403844,228,4,2,1,0,
40000004318,20260519,403845,262,10,7,0,0,
40000004319,20260526,403845,225,8,2,0,0,
40000004320,20260602,403845,355,4,1,1,0,
40000004321,20260609,403845,285,6,2,1,0,
40000004322,20260407,403846,92,2,2,0,0,
40000004323,20260414,403846,233,4,3,0,0,
40000004324,20260505,403846,153,3,2,0,0,
40000004325,20260519,403846,127,2,2,0,0,
40000004326,20260630,403846,186,1,1,0,0,
40000004327,20260127,403848,21,2,0,0,0,
40000004328,20260210,403848,9,1,0,0,0,
40000004329,20260303,403848,17,1,0,0,0,
40000004330,20260310,403848,26,1,1,0,0,
40000004331,20260421,403848,13,2,1,0,0,
40000004332,20260505,403848,26,1,0,0,0,
40000004333,20260526,403848,13,1,0,0,0,
40000004334,20260616,403848,38,1,1,0,0,
40000004335,20260113,403849,11,1,1,0,0,
40000004336,20260120,403849,43,1,0,0,0,
40000004337,20260127,403849,17,0,0,0,0,
40000004338,20260203,403849,16,2,0,0,0,
40000004339,20260210,403849,42,0,0,0,0,
40000004340,20260303,403849,23,2,2,0,0,
40000004341,20260609,403849,6,1,0,0,0,
40000004342,20260616,403849,44,1,0,0,0,
40000004343,20260623,403849,43,0,0,0,0,
40000004344,20260324,403850,23,2,0,0,0,
40000004345,20260414,403850,24,0,0,0,0,
40000004346,20260505,403850,16,2,1,0,0,
40000004347,20260120,403851,38,2,0,0,0,
40000004348,20260127,403851,41,2,0,0,0,
40000004349,20260203,403851,14,0,0,0,0,
40000004350,20260428,403851,11,0,0,0,0,
40000004351,20260519,403851,14,1,0,0,0,
40000004352,20260623,403851,44,1,1,0,0,
40000004353,20260120,403852,26,1,1,0,0,
40000004354,20260203,403852,31,0,0,0,0,
40000004355,20260210,403852,24,1,0,0,0,
40000004356,20260505,403852,28,1,0,0,0,
40000004357,20260519,403852,5,1,1,0,0,
40000004358,20260526,403852,9,1,1,0,0,
40000004359,20260630,403852,17,1,1,0,0,
40000004360,20260127,403854,11,2,1,0,0,
40000004361,20260210,403854,8,0,0,0,0,
40000004362,20260224,403854,14,2,1,0,0,
40000004363,20260310,403854,20,2,2,0,0,
40000004364,20260331,403854,38,0,0,0,0,
40000004365,20260428,403854,20,1,1,0,0,
40000004366,20260623,403854,5,0,0,0,0,
40000004367,20260120,403856,18,1,0,0,0,
40000004368,20260203,403856,39,2,1,0,0,
40000004369,20260210,403856,36,1,1,0,0,
40000004370,20260317,403856,24,1,1,0,0,
40000004371,20260512,403856,39,1,0,0,0,
40000004372,20260519,403856,19,1,0,0,0,
40000004373,20260630,403856,23,1,0,0,0,
40000004374,20260210,403863,355,7,2,0,0,
40000004375,20260217,403863,247,4,4,0,0,
40000004376,20260303,403863,303,10,5,1,0,
40000004377,20260113,403867,234,1,1,1,0,
40000004378,20260331,403867,152,5,2,1,1,LOAN_REJECTED
40000004379,20260407,403867,243,3,3,0,0,
40000004380,20260519,403867,109,7,3,0,0,
40000004381,20260113,403868,9,2,0,0,0,
40000004382,20260120,403868,36,2,1,0,0,
40000004383,20260217,403868,39,1,1,0,0,
40000004384,20260428,403868,40,0,0,0,0,
40000004385,20260512,403868,34,0,0,0,0,
40000004386,20260113,403869,41,0,0,0,0,
40000004387,20260310,403869,8,1,1,0,0,
40000004388,20260407,403869,17,0,0,0,0,
40000004389,20260512,403869,45,1,0,0,0,
40000004390,20260519,403869,20,1,0,0,0,
40000004391,20260630,403869,15,2,2,0,0,
40000004392,20260519,403870,127,5,2,0,0,
40000004393,20260526,403870,267,9,8,0,0,
40000004394,20260602,403870,185,5,5,1,0,
40000004395,20260609,403870,271,5,5,1,0,
40000004396,20260407,403873,400,2,2,0,0,
40000004397,20260414,403873,407,3,2,0,0,
40000004398,20260421,403873,325,3,2,1,0,
40000004399,20260428,403873,352,9,4,1,0,
40000004400,20260217,403875,258,2,1,0,0,
40000004401,20260224,403875,308,8,7,0,0,
40000004402,20260303,403875,310,9,1,1,0,
40000004403,20260310,403875,320,2,2,1,0,
40000004404,20260120,403876,8,1,1,0,0,
40000004405,20260210,403876,29,0,0,0,0,
40000004406,20260407,403876,6,0,0,0,0,
40000004407,20260512,403876,8,0,0,0,0,
40000004408,20260203,403878,195,6,4,0,0,
40000004409,20260210,403878,362,5,5,0,0,
40000004410,20260217,403878,401,3,1,1,0,
40000004411,20260224,403878,388,7,1,1,0,
40000004412,20260127,403879,41,2,1,0,0,
40000004413,20260203,403879,18,0,0,0,0,
40000004414,20260210,403879,40,0,0,0,0,
40000004415,20260303,403879,21,1,0,0,0,
40000004416,20260407,403879,16,1,0,0,0,
40000004417,20260428,403879,10,0,0,0,0,
40000004418,20260623,403879,36,1,0,0,0,
40000004419,20260217,403880,296,2,2,0,0,
40000004420,20260224,403880,320,3,3,1,0,
40000004421,20260210,403886,17,0,0,0,0,
40000004422,20260324,403886,43,1,0,0,0,
40000004423,20260602,403886,28,1,0,0,0,
40000004424,20260106,403887,720,19,18,0,0,
40000004425,20260127,403887,899,35,25,0,0,
40000004426,20260210,403887,709,27,26,1,0,
40000004427,20260224,403887,641,25,25,1,0,
40000004428,20260317,403887,714,26,22,1,1,PRICE_TOO_HIGH
40000004429,20260512,403887,544,22,16,1,1,LOAN_REJECTED
40000004430,20260602,403887,655,36,27,1,1,PRICE_TOO_HIGH
40000004431,20260609,403887,546,24,24,0,0,
40000004432,20260127,403890,12,0,0,0,0,
40000004433,20260203,403890,13,1,1,0,0,
40000004434,20260210,403890,43,2,2,0,0,
40000004435,20260217,403890,43,2,2,0,0,
40000004436,20260303,403890,19,2,1,0,0,
40000004437,20260407,403890,30,0,0,0,0,
40000004438,20260512,403890,25,1,1,0,0,
40000004439,20260526,403890,10,2,1,0,0,
40000004440,20260106,403891,25,1,1,0,0,
40000004441,20260127,403891,37,0,0,0,0,
40000004442,20260217,403891,26,2,0,0,0,
40000004443,20260317,403891,26,0,0,0,0,
40000004444,20260407,403891,37,1,1,0,0,
40000004445,20260421,403891,39,2,0,0,0,
40000004446,20260505,403891,13,2,1,0,0,
40000004447,20260210,403896,35,1,0,0,0,
40000004448,20260303,403896,22,0,0,0,0,
40000004449,20260310,403896,30,1,0,0,0,
40000004450,20260407,403896,15,1,0,0,0,
40000004451,20260602,403896,8,0,0,0,0,
40000004452,20260630,403896,38,2,2,0,0,
40000004453,20260310,403898,293,2,1,1,0,
40000004454,20260317,403898,391,2,1,1,0,
40000004455,20260331,403899,45,0,0,0,0,
40000004456,20260512,403899,40,0,0,0,0,
40000004457,20260526,403899,5,1,1,0,0,
40000004458,20260623,403899,30,1,0,0,0,
40000004459,20260210,403900,13,1,1,0,0,
40000004460,20260217,403900,32,1,0,0,0,
40000004461,20260317,403900,14,2,0,0,0,
40000004462,20260414,403900,8,0,0,0,0,
40000004463,20260505,403900,16,1,0,0,0,
40000004464,20260414,403902,130,9,9,0,0,
40000004465,20260505,403902,386,6,2,1,0,
40000004466,20260106,403907,18,0,0,0,0,
40000004467,20260120,403907,36,0,0,0,0,
40000004468,20260210,403907,28,1,0,0,0,
40000004469,20260217,403907,10,2,0,0,0,
40000004470,20260224,403907,28,1,1,0,0,
40000004471,20260324,403907,11,2,1,0,0,
40000004472,20260414,403907,13,1,0,0,0,
40000004473,20260421,403907,30,2,2,0,0,
40000004474,20260609,403907,32,2,1,0,0,
40000004475,20260210,403912,154,9,1,0,0,
40000004476,20260217,403912,260,8,7,0,0,
40000004477,20260224,403912,328,3,2,1,0,
40000004478,20260303,403912,221,8,4,1,0,
40000004479,20260127,403915,40,2,1,0,0,
40000004480,20260210,403915,12,1,0,0,0,
40000004481,20260217,403915,19,0,0,0,0,
40000004482,20260303,403915,23,2,0,0,0,
40000004483,20260407,403915,14,0,0,0,0,
40000004484,20260414,403915,11,0,0,0,0,
40000004485,20260526,403915,17,1,0,0,0,
40000004486,20260623,403915,25,0,0,0,0,
40000004487,20260630,403915,41,0,0,0,0,
40000004488,20260113,403916,200,7,3,0,0,
40000004489,20260127,403916,105,7,7,0,0,
40000004490,20260217,403916,72,5,3,0,0,
40000004491,20260224,403916,262,3,2,0,0,
40000004492,20260303,403916,272,4,1,0,0,
40000004493,20260331,403916,145,4,2,0,0,
40000004494,20260512,403916,153,2,2,0,0,
40000004495,20260526,403916,270,5,5,0,0,
40000004496,20260609,403916,96,5,3,0,0,
40000004497,20260623,403916,167,3,1,0,0,
40000004498,20260106,403920,11,0,0,0,0,
40000004499,20260113,403920,8,1,0,0,0,
40000004500,20260120,403920,34,0,0,0,0,
40000004501,20260210,403920,28,0,0,0,0,
40000004502,20260324,403920,24,2,1,0,0,
40000004503,20260414,403920,45,1,1,0,0,
40000004504,20260512,403920,32,0,0,0,0,
40000004505,20260519,403920,22,2,2,0,0,
40000004506,20260616,403920,29,1,0,0,0,
40000004507,20260602,403921,191,4,4,0,0,
40000004508,20260616,403921,283,2,1,1,0,
40000004509,20260414,403923,223,1,1,0,0,
40000004510,20260512,403923,294,1,1,0,0,
40000004511,20260526,403923,84,1,1,0,0,
40000004512,20260120,403924,42,1,0,0,0,
40000004513,20260127,403924,21,2,1,0,0,
40000004514,20260303,403924,35,2,2,0,0,
40000004515,20260310,403924,30,1,1,0,0,
40000004516,20260407,403924,28,2,2,0,0,
40000004517,20260421,403924,33,2,0,0,0,
40000004518,20260512,403924,37,1,1,0,0,
40000004519,20260609,403924,13,1,0,0,0,
40000004520,20260203,403925,335,4,4,0,0,
40000004521,20260217,403925,197,7,6,1,0,
40000004522,20260224,403925,251,6,6,1,0,
40000004523,20260113,403927,187,7,2,0,0,
40000004524,20260120,403927,326,5,2,1,0,
40000004525,20260127,403927,218,5,3,1,0,
40000004526,20260120,403929,25,1,0,0,0,
40000004527,20260217,403929,37,0,0,0,0,
40000004528,20260414,403929,5,2,1,0,0,
40000004529,20260428,403929,24,2,1,0,0,
40000004530,20260602,403929,11,0,0,0,0,
40000004531,20260623,403929,19,0,0,0,0,
40000004532,20260630,403929,7,0,0,0,0,
40000004533,20260113,403934,364,3,3,0,0,
40000004534,20260120,403934,268,4,1,0,0,
40000004535,20260127,403934,234,4,4,1,0,
40000004536,20260203,403934,295,2,2,1,0,
40000004537,20260113,403935,26,0,0,0,0,
40000004538,20260120,403935,37,2,2,0,0,
40000004539,20260310,403935,43,2,2,0,0,
40000004540,20260317,403935,42,1,1,0,0,
40000004541,20260428,403935,6,1,0,0,0,
40000004542,20260512,403935,11,1,0,0,0,
40000004543,20260616,403935,11,1,0,0,0,
40000004544,20260623,403935,15,0,0,0,0,
40000004545,20260630,403935,5,1,0,0,0,
40000004546,20260106,403937,794,32,26,0,0,
40000004547,20260127,403937,818,23,22,1,1,DEFECT_FOUND
40000004548,20260210,403937,650,22,20,0,0,
40000004549,20260317,403937,704,26,20,0,0,
40000004550,20260331,403937,780,25,20,1,0,
40000004551,20260421,403937,592,30,20,1,1,DEFECT_FOUND
40000004552,20260505,403937,566,28,22,0,0,
40000004553,20260602,403937,864,37,29,2,1,PRICE_TOO_HIGH
40000004554,20260609,403937,590,32,29,0,0,
40000004555,20260120,403938,136,2,1,0,0,
40000004556,20260127,403938,74,7,5,0,0,
40000004557,20260203,403938,95,3,2,0,0,
40000004558,20260303,403938,103,4,2,1,0,
40000004559,20260317,403938,111,2,1,1,0,
40000004560,20260324,403938,147,7,6,0,0,
40000004561,20260421,403938,206,1,1,0,0,
40000004562,20260428,403938,103,3,1,0,0,
40000004563,20260519,403938,225,6,6,0,0,
40000004564,20260623,403938,175,7,2,0,0,
40000004565,20260120,403939,19,2,2,0,0,
40000004566,20260210,403939,32,0,0,0,0,
40000004567,20260310,403939,39,1,1,0,0,
40000004568,20260428,403939,9,2,2,0,0,
40000004569,20260519,403939,23,1,1,0,0,
40000004570,20260623,403939,16,1,0,0,0,
40000004571,20260630,403939,22,0,0,0,0,
40000004572,20260113,403943,39,0,0,0,0,
40000004573,20260317,403943,22,2,0,0,0,
40000004574,20260331,403943,20,0,0,0,0,
40000004575,20260407,403943,11,0,0,0,0,
40000004576,20260414,403943,11,1,1,0,0,
40000004577,20260505,403943,15,2,0,0,0,
40000004578,20260512,403943,30,0,0,0,0,
40000004579,20260623,403943,44,1,1,0,0,
40000004580,20260630,403943,40,1,1,0,0,
40000004581,20260331,403944,296,4,4,0,0,
40000004582,20260421,403944,155,5,4,0,0,
40000004583,20260519,403944,183,1,1,0,0,
40000004584,20260526,403944,154,2,2,0,0,
40000004585,20260324,403945,390,8,3,0,0,
40000004586,20260407,403945,397,5,5,1,0,
40000004587,20260113,403947,23,1,0,0,0,
40000004588,20260414,403947,41,1,1,0,0,
40000004589,20260602,403947,43,1,1,0,0,
40000004590,20260609,403947,9,2,0,0,0,
40000004591,20260519,403949,232,9,5,0,0,
40000004592,20260526,403949,400,4,4,1,0,
40000004593,20260602,403949,142,2,2,1,0,
40000004594,20260120,403954,7,1,0,0,0,
40000004595,20260310,403954,39,0,0,0,0,
40000004596,20260421,403954,22,2,1,0,0,
40000004597,20260428,403954,14,0,0,0,0,
40000004598,20260526,403954,28,0,0,0,0,
40000004599,20260505,403955,311,8,8,0,0,
40000004600,20260512,403955,331,2,2,0,0,
40000004601,20260519,403955,192,9,2,1,0,
40000004602,20260113,403956,34,2,1,0,0,
40000004603,20260120,403956,40,0,0,0,0,
40000004604,20260127,403956,7,1,1,0,0,
40000004605,20260210,403956,39,0,0,0,0,
40000004606,20260505,403956,17,1,0,0,0,
40000004607,20260113,403961,14,2,0,0,0,
40000004608,20260203,403961,13,2,2,0,0,
40000004609,20260303,403961,26,1,1,0,0,
40000004610,20260526,403961,17,1,1,0,0,
40000004611,20260113,403962,39,2,2,0,0,
40000004612,20260421,403962,36,0,0,0,0,
40000004613,20260602,403962,37,2,2,0,0,
40000004614,20260630,403962,8,0,0,0,0,
40000004615,20260127,403963,41,2,2,0,0,
40000004616,20260203,403963,19,2,2,0,0,
40000004617,20260217,403963,10,0,0,0,0,
40000004618,20260224,403963,40,2,2,0,0,
40000004619,20260324,403963,27,0,0,0,0,
40000004620,20260407,403963,15,1,0,0,0,
40000004621,20260421,403963,19,1,1,0,0,
40000004622,20260616,403963,20,1,1,0,0,
40000004623,20260623,403963,13,0,0,0,0,
40000004624,20260113,403964,35,2,0,0,0,
40000004625,20260217,403964,8,1,0,0,0,
40000004626,20260317,403964,36,2,2,0,0,
40000004627,20260407,403964,32,0,0,0,0,
40000004628,20260414,403964,9,2,0,0,0,
40000004629,20260526,403964,28,2,2,0,0,
40000004630,20260210,403965,382,10,5,0,0,
40000004631,20260224,403965,295,2,1,1,0,
40000004632,20260303,403965,275,2,2,1,0,
40000004633,20260106,403966,666,24,23,0,0,
40000004634,20260324,403966,725,26,19,2,1,PRICE_TOO_HIGH
40000004635,20260428,403966,547,34,27,2,2,LOAN_REJECTED
40000004636,20260609,403966,801,26,25,1,0,
40000004637,20260127,403970,11,2,1,0,0,
40000004638,20260331,403970,36,1,0,0,0,
40000004639,20260421,403970,26,2,2,0,0,
40000004640,20260512,403970,25,2,2,0,0,
40000004641,20260106,403972,400,3,3,0,0,
40000004642,20260113,403972,167,9,7,0,0,
40000004643,20260120,403972,165,10,5,1,0,
40000004644,20260127,403972,419,2,2,1,0,
40000004645,20260217,403975,13,1,0,0,0,
40000004646,20260310,403975,43,1,1,0,0,
40000004647,20260407,403975,41,0,0,0,0,
40000004648,20260414,403975,36,0,0,0,0,
40000004649,20260623,403975,8,0,0,0,0,
40000004650,20260113,403977,6,1,1,0,0,
40000004651,20260120,403977,18,0,0,0,0,
40000004652,20260210,403977,26,1,0,0,0,
40000004653,20260217,403977,7,0,0,0,0,
40000004654,20260324,403977,24,1,0,0,0,
40000004655,20260602,403977,39,0,0,0,0,
40000004656,20260609,403977,15,1,0,0,0,
40000004657,20260623,403977,43,1,0,0,0,
40000004658,20260630,403977,11,1,1,0,0,
40000004659,20260526,403978,261,9,3,0,0,
40000004660,20260602,403978,323,7,2,0,0,
40000004661,20260609,403978,277,5,3,1,0,
40000004662,20260505,403979,363,3,2,0,0,
40000004663,20260512,403979,143,6,5,1,0,
40000004664,20260519,403979,138,8,6,1,0,
40000004665,20260310,403987,127,8,2,0,0,
40000004666,20260317,403987,305,8,1,0,0,
40000004667,20260324,403987,254,3,3,1,0,
40000004668,20260331,403987,242,7,2,1,0,
40000004669,20260505,403988,385,9,9,0,0,
40000004670,20260512,403988,370,5,1,0,0,
40000004671,20260303,403989,9,0,0,0,0,
40000004672,20260414,403989,42,1,1,0,0,
40000004673,20260623,403989,23,2,2,0,0,
40000004674,20260310,403991,124,9,1,0,0,
40000004675,20260317,403991,229,5,4,0,0,
40000004676,20260324,403991,387,3,2,1,0,
40000004677,20260203,403996,252,10,4,0,0,
40000004678,20260217,403996,350,5,5,1,0,
40000004679,20260113,403998,114,2,1,0,0,
40000004680,20260210,403998,106,6,4,0,0,
40000004681,20260310,403998,134,4,4,0,0,
40000004682,20260317,403998,161,1,1,0,0,
40000004683,20260407,403998,83,6,6,0,0,
40000004684,20260414,403998,289,1,1,1,0,
40000004685,20260421,403998,281,6,5,0,0,
40000004686,20260616,403998,222,4,3,0,0,
40000004687,20260630,403998,205,2,1,0,0,
40000004688,20260317,404000,271,3,1,0,0,
40000004689,20260324,404000,370,5,2,0,0,
40000004690,20260310,404002,245,5,4,0,0,
40000004691,20260317,404002,226,10,5,0,0,
40000004692,20260324,404002,246,3,1,1,0,
40000004693,20260120,404003,165,5,2,0,0,
40000004694,20260303,404003,169,7,3,0,0,
40000004695,20260310,404003,80,6,2,0,0,
40000004696,20260331,404003,72,5,2,1,0,
40000004697,20260428,404003,146,5,5,0,0,
40000004698,20260505,404003,241,5,2,0,0,
40000004699,20260526,404003,116,7,7,0,0,
40000004700,20260630,404003,100,2,2,1,0,
40000004701,20260317,404004,25,1,0,0,0,
40000004702,20260428,404004,16,0,0,0,0,
40000004703,20260602,404004,22,1,0,0,0,
40000004704,20260609,404004,40,2,1,0,0,
40000004705,20260505,404005,130,7,7,0,0,
40000004706,20260512,404005,227,3,2,0,0,
40000004707,20260526,404005,177,10,3,1,0,
40000004708,20260120,404011,18,0,0,0,0,
40000004709,20260203,404011,29,1,0,0,0,
40000004710,20260217,404011,26,1,0,0,0,
40000004711,20260127,404012,328,10,3,0,0,
40000004712,20260203,404012,303,3,2,0,0,
40000004713,20260210,404012,252,5,4,1,0,
40000004714,20260217,404012,387,8,3,1,0,
40000004715,20260324,404015,414,4,4,0,0,
40000004716,20260331,404015,366,4,1,0,0,
40000004717,20260407,404015,328,8,1,1,0,
40000004718,20260414,404015,330,6,3,1,0,
40000004719,20260113,404019,35,2,0,0,0,
40000004720,20260120,404019,41,2,2,0,0,
40000004721,20260512,404019,33,2,2,0,0,
40000004722,20260203,404020,21,1,1,0,0,
40000004723,20260224,404020,32,0,0,0,0,
40000004724,20260310,404020,43,1,0,0,0,
40000004725,20260421,404020,12,0,0,0,0,
40000004726,20260428,404020,23,1,1,0,0,
40000004727,20260519,404020,21,2,2,0,0,
40000004728,20260616,404020,31,0,0,0,0,
40000004729,20260113,404021,137,6,2,0,0,
40000004730,20260127,404021,139,1,1,0,0,
40000004731,20260217,404021,281,2,2,0,0,
40000004732,20260414,404021,97,3,1,0,0,
40000004733,20260428,404021,266,2,2,1,0,
40000004734,20260512,404021,245,5,1,0,0,
40000004735,20260526,404021,187,1,1,0,0,
40000004736,20260127,404022,136,4,2,0,0,
40000004737,20260310,404022,148,6,6,1,0,
40000004738,20260428,404022,253,7,2,0,0,
40000004739,20260526,404022,114,4,4,0,0,
40000004740,20260602,404022,119,2,1,0,0,
40000004741,20260623,404022,166,5,3,0,0,
40000004742,20260106,404025,45,2,2,0,0,
40000004743,20260120,404025,13,2,2,0,0,
40000004744,20260303,404025,45,2,0,0,0,
40000004745,20260310,404025,32,0,0,0,0,
40000004746,20260317,404025,34,0,0,0,0,
40000004747,20260407,404025,14,2,2,0,0,
40000004748,20260512,404025,33,1,0,0,0,
40000004749,20260519,404025,13,1,0,0,0,
40000004750,20260106,404027,35,1,0,0,0,
40000004751,20260203,404027,34,1,1,0,0,
40000004752,20260303,404027,31,2,1,0,0,
40000004753,20260310,404027,35,2,1,0,0,
40000004754,20260407,404027,27,0,0,0,0,
40000004755,20260512,404029,395,6,6,0,0,
40000004756,20260526,404029,328,8,1,1,0,
40000004757,20260113,404030,34,0,0,0,0,
40000004758,20260421,404030,5,0,0,0,0,
40000004759,20260519,404030,19,2,0,0,0,
40000004760,20260630,404030,42,2,1,0,0,
40000004761,20260224,404031,16,0,0,0,0,
40000004762,20260526,404031,29,0,0,0,0,
40000004763,20260602,404031,15,1,1,0,0,
40000004764,20260106,404033,33,0,0,0,0,
40000004765,20260113,404033,38,2,0,0,0,
40000004766,20260120,404033,11,0,0,0,0,
40000004767,20260428,404033,29,0,0,0,0,
40000004768,20260303,404034,363,2,1,0,0,
40000004769,20260310,404034,383,5,1,0,0,
40000004770,20260317,404034,183,5,2,1,0,
40000004771,20260324,404034,394,5,2,1,0,
40000004772,20260113,404039,42,1,1,0,0,
40000004773,20260217,404039,12,2,2,0,0,
40000004774,20260407,404039,44,1,1,0,0,
40000004775,20260505,404039,45,1,0,0,0,
40000004776,20260602,404039,34,2,2,0,0,
40000004777,20260623,404039,36,1,1,0,0,
40000004778,20260630,404039,14,0,0,0,0,
40000004779,20260106,404040,26,0,0,0,0,
40000004780,20260120,404040,37,1,0,0,0,
40000004781,20260428,404040,28,0,0,0,0,
40000004782,20260512,404040,39,2,2,0,0,
40000004783,20260630,404040,23,0,0,0,0,
40000004784,20260303,404044,36,1,0,0,0,
40000004785,20260310,404044,34,0,0,0,0,
40000004786,20260616,404044,32,2,0,0,0,
40000004787,20260630,404044,41,1,0,0,0,
40000004788,20260113,404047,35,2,2,0,0,
40000004789,20260210,404047,16,1,0,0,0,
40000004790,20260224,404047,38,2,0,0,0,
40000004791,20260310,404047,12,1,0,0,0,
40000004792,20260317,404047,13,0,0,0,0,
40000004793,20260616,404047,14,1,0,0,0,
40000004794,20260324,404049,79,3,1,0,0,
40000004795,20260407,404049,157,6,6,2,0,
40000004796,20260512,404049,219,5,2,0,0,
40000004797,20260505,404050,95,7,5,0,0,
40000004798,20260526,404050,74,3,3,0,0,
40000004799,20260602,404050,212,3,3,0,0,
40000004800,20260609,404050,86,4,1,0,0,
40000004801,20260616,404050,251,5,5,0,0,
40000004802,20260630,404050,66,5,5,0,0,
40000004803,20260505,404052,133,2,1,0,0,
40000004804,20260526,404052,303,4,4,1,0,
40000004805,20260331,404055,161,2,2,0,0,
40000004806,20260407,404055,413,3,2,0,0,
40000004807,20260414,404055,206,5,2,1,0,
40000004808,20260421,404055,251,3,2,1,0,
40000004809,20260106,404057,35,1,0,0,0,
40000004810,20260120,404057,17,0,0,0,0,
40000004811,20260127,404057,18,2,1,0,0,
40000004812,20260203,404057,43,1,1,0,0,
40000004813,20260303,404057,11,0,0,0,0,
40000004814,20260414,404057,33,2,0,0,0,
40000004815,20260106,404060,15,2,0,0,0,
40000004816,20260113,404060,25,1,0,0,0,
40000004817,20260120,404060,9,2,0,0,0,
40000004818,20260512,404060,20,1,1,0,0,
40000004819,20260127,404061,44,0,0,0,0,
40000004820,20260317,404061,20,2,0,0,0,
40000004821,20260512,404061,43,1,0,0,0,
40000004822,20260526,404061,13,0,0,0,0,
40000004823,20260106,404065,11,2,2,0,0,
40000004824,20260113,404065,31,1,0,0,0,
40000004825,20260127,404065,12,2,1,0,0,
40000004826,20260224,404065,5,0,0,0,0,
40000004827,20260324,404065,17,0,0,0,0,
40000004828,20260331,404065,26,0,0,0,0,
40000004829,20260414,404065,32,1,1,0,0,
40000004830,20260519,404065,19,1,0,0,0,
40000004831,20260120,404066,31,0,0,0,0,
40000004832,20260428,404066,39,0,0,0,0,
40000004833,20260526,404066,29,2,0,0,0,
40000004834,20260303,404067,12,2,2,0,0,
40000004835,20260414,404067,7,2,0,0,0,
40000004836,20260421,404067,38,2,2,0,0,
40000004837,20260428,404067,29,0,0,0,0,
40000004838,20260505,404067,14,0,0,0,0,
40000004839,20260616,404067,28,1,1,0,0,
40000004840,20260106,404069,25,2,1,0,0,
40000004841,20260210,404069,13,2,2,0,0,
40000004842,20260217,404069,26,1,1,0,0,
40000004843,20260303,404069,40,1,0,0,0,
40000004844,20260512,404069,31,1,0,0,0,
40000004845,20260519,404069,34,1,0,0,0,
40000004846,20260616,404069,35,2,1,0,0,
40000004847,20260630,404069,22,1,0,0,0,
40000004848,20260106,404070,192,9,1,1,0,
40000004849,20260113,404070,208,3,3,1,0,
40000004850,20260120,404072,670,25,21,1,1,LOAN_REJECTED
40000004851,20260210,404072,774,28,23,1,1,LOAN_REJECTED
40000004852,20260324,404072,633,29,24,1,1,PRICE_TOO_HIGH
40000004853,20260421,404072,568,31,25,1,0,
40000004854,20260526,404072,579,29,29,1,0,
40000004855,20260602,404072,761,25,17,0,0,
40000004856,20260623,404072,858,20,17,0,0,
40000004857,20260106,404076,106,4,4,0,0,
40000004858,20260217,404076,121,5,1,0,0,
40000004859,20260224,404076,203,1,1,0,0,
40000004860,20260324,404076,157,4,4,0,0,
40000004861,20260414,404076,104,3,3,0,0,
40000004862,20260428,404076,260,6,6,0,0,
40000004863,20260505,404076,215,4,3,0,0,
40000004864,20260512,404076,204,6,5,0,0,
40000004865,20260609,404076,142,1,1,0,0,
40000004866,20260630,404076,249,7,3,1,0,
40000004867,20260106,404084,39,2,0,0,0,
40000004868,20260203,404084,22,0,0,0,0,
40000004869,20260303,404084,13,0,0,0,0,
40000004870,20260505,404084,13,2,2,0,0,
40000004871,20260324,404085,36,2,2,0,0,
40000004872,20260331,404085,20,0,0,0,0,
40000004873,20260505,404085,37,2,2,0,0,
40000004874,20260113,404087,10,1,1,0,0,
40000004875,20260127,404087,39,2,1,0,0,
40000004876,20260224,404087,30,1,1,0,0,
40000004877,20260310,404087,33,0,0,0,0,
40000004878,20260414,404087,17,0,0,0,0,
40000004879,20260421,404087,43,1,1,0,0,
40000004880,20260623,404087,23,1,1,0,0,
40000004881,20260113,404088,18,0,0,0,0,
40000004882,20260310,404088,6,2,2,0,0,
40000004883,20260428,404088,17,0,0,0,0,
40000004884,20260512,404088,34,0,0,0,0,
40000004885,20260519,404088,42,2,2,0,0,
40000004886,20260120,404089,301,7,5,0,0,
40000004887,20260127,404089,200,10,1,1,0,
40000004888,20260203,404089,237,4,1,1,0,
40000004889,20260224,404090,12,0,0,0,0,
40000004890,20260303,404090,12,1,0,0,0,
40000004891,20260310,404090,22,0,0,0,0,
40000004892,20260428,404090,28,2,0,0,0,
40000004893,20260602,404090,20,0,0,0,0,
40000004894,20260616,404090,40,0,0,0,0,
40000004895,20260623,404090,26,0,0,0,0,
40000004896,20260113,404091,702,27,22,2,1,LOAN_REJECTED
40000004897,20260303,404091,817,26,20,0,0,
40000004898,20260331,404091,814,34,26,1,0,
40000004899,20260414,404091,596,22,22,0,0,
40000004900,20260519,404091,681,33,26,1,1,LOAN_REJECTED
40000004901,20260526,404091,704,34,28,0,0,
40000004902,20260616,404091,563,25,20,1,1,PRICE_TOO_HIGH
40000004903,20260106,404093,15,0,0,0,0,
40000004904,20260421,404093,18,1,0,0,0,
40000004905,20260428,404093,16,2,1,0,0,
40000004906,20260113,404097,16,2,1,0,0,
40000004907,20260120,404097,25,1,1,0,0,
40000004908,20260210,404097,5,1,1,0,0,
40000004909,20260407,404097,26,2,0,0,0,
40000004910,20260519,404097,5,0,0,0,0,
40000004911,20260526,404097,27,0,0,0,0,
40000004912,20260616,404097,15,1,0,0,0,
40000004913,20260630,404097,32,1,1,0,0,
40000004914,20260303,404100,12,2,2,0,0,
40000004915,20260324,404100,14,1,1,0,0,
40000004916,20260519,404100,15,1,1,0,0,
40000004917,20260602,404100,44,1,1,0,0,
40000004918,20260616,404100,11,2,2,0,0,
40000004919,20260630,404100,9,1,1,0,0,
40000004920,20260210,404101,65,4,1,0,0,
40000004921,20260407,404101,298,4,4,0,0,
40000004922,20260414,404101,270,2,1,1,0,
40000004923,20260421,404101,111,7,5,0,0,
40000004924,20260630,404101,82,2,1,0,0,
40000004925,20260120,404104,18,2,2,0,0,
40000004926,20260331,404104,5,0,0,0,0,
40000004927,20260414,404104,7,1,1,0,0,
40000004928,20260428,404104,23,2,1,0,0,
40000004929,20260505,404104,22,0,0,0,0,
40000004930,20260120,404105,20,2,2,0,0,
40000004931,20260210,404105,31,2,1,0,0,
40000004932,20260217,404105,6,1,0,0,0,
40000004933,20260303,404105,9,0,0,0,0,
40000004934,20260317,404105,31,1,0,0,0,
40000004935,20260324,404105,39,1,1,0,0,
40000004936,20260505,404105,35,2,1,0,0,
40000004937,20260512,404105,9,2,2,0,0,
40000004938,20260519,404105,5,0,0,0,0,
40000004939,20260120,404106,40,1,1,0,0,
40000004940,20260324,404106,22,1,0,0,0,
40000004941,20260421,404106,22,1,1,0,0,
40000004942,20260526,404106,11,1,1,0,0,
40000004943,20260609,404106,9,2,2,0,0,
40000004944,20260623,404106,7,2,0,0,0,
40000004945,20260113,404109,355,9,4,0,0,
40000004946,20260120,404109,306,4,3,0,0,
40000004947,20260127,404109,187,9,3,1,0,
40000004948,20260203,404109,395,3,2,1,0,
40000004949,20260106,404110,25,2,0,0,0,
40000004950,20260113,404110,28,0,0,0,0,
40000004951,20260224,404110,28,1,1,0,0,
40000004952,20260303,404110,40,2,1,0,0,
40000004953,20260616,404110,41,1,1,0,0,
40000004954,20260120,404111,128,6,6,0,0,
40000004955,20260217,404111,135,3,3,0,0,
40000004956,20260602,404111,129,7,3,0,0,
40000004957,20260609,404111,206,3,2,0,0,
40000004958,20260623,404111,150,5,3,0,0,
40000004959,20260120,404112,861,25,24,3,2,PRICE_TOO_HIGH
40000004960,20260127,404112,748,28,24,0,0,
40000004961,20260210,404112,694,20,16,0,0,
40000004962,20260331,404112,588,25,18,0,0,
40000004963,20260623,404112,778,20,17,2,1,LOAN_REJECTED
40000004964,20260106,404115,282,10,5,1,0,
40000004965,20260113,404115,302,8,4,1,0,
40000004966,20260310,404116,23,2,1,0,0,
40000004967,20260324,404116,8,1,1,0,0,
40000004968,20260331,404116,17,0,0,0,0,
40000004969,20260407,404116,42,0,0,0,0,
40000004970,20260428,404116,36,1,0,0,0,
40000004971,20260602,404116,29,2,1,0,0,
40000004972,20260623,404116,22,1,0,0,0,
40000004973,20260113,404118,15,2,2,0,0,
40000004974,20260203,404118,41,2,2,0,0,
40000004975,20260331,404118,27,2,2,0,0,
40000004976,20260407,404118,37,2,0,0,0,
40000004977,20260609,404118,25,0,0,0,0,
40000004978,20260217,404120,26,1,0,0,0,
40000004979,20260303,404120,31,1,0,0,0,
40000004980,20260317,404120,41,1,0,0,0,
40000004981,20260407,404120,24,2,0,0,0,
40000004982,20260505,404120,36,0,0,0,0,
40000004983,20260526,404120,43,1,1,0,0,
40000004984,20260224,404121,309,2,2,0,0,
40000004985,20260310,404121,311,9,9,1,0,
40000004986,20260120,404128,61,1,1,1,0,
40000004987,20260217,404128,159,3,2,0,0,
40000004988,20260303,404128,98,2,2,0,0,
40000004989,20260317,404128,271,6,6,0,0,
40000004990,20260324,404128,150,3,2,1,0,
40000004991,20260505,404128,161,4,2,0,0,
40000004992,20260519,404128,86,3,1,0,0,
40000004993,20260526,404128,70,1,1,0,0,
40000004994,20260630,404128,169,6,2,0,0,
40000004995,20260113,404129,35,2,0,0,0,
40000004996,20260127,404129,9,0,0,0,0,
40000004997,20260210,404129,15,0,0,0,0,
40000004998,20260317,404129,44,1,1,0,0,
40000004999,20260414,404129,26,1,0,0,0,
40000005000,20260421,404129,20,0,0,0,0,
40000005001,20260616,404129,30,2,1,0,0,
40000005002,20260106,404130,214,2,1,0,0,
40000005003,20260113,404130,91,5,2,0,0,
40000005004,20260303,404130,61,2,1,0,0,
40000005005,20260106,404132,123,1,1,0,0,
40000005006,20260127,404132,169,4,2,0,0,
40000005007,20260203,404132,257,1,1,0,0,
40000005008,20260217,404132,197,7,6,0,0,
40000005009,20260224,404132,234,1,1,0,0,
40000005010,20260310,404132,160,6,4,0,0,
40000005011,20260414,404132,239,2,2,0,0,
40000005012,20260512,404132,98,1,1,0,0,
40000005013,20260602,404132,177,6,3,0,0,
40000005014,20260630,404132,67,4,2,0,0,
40000005015,20260106,404133,117,1,1,0,0,
40000005016,20260203,404133,89,4,3,0,0,
40000005017,20260210,404133,200,5,1,0,0,
40000005018,20260224,404133,176,4,2,0,0,
40000005019,20260414,404133,181,2,2,0,0,
40000005020,20260421,404133,136,6,2,1,0,
40000005021,20260428,404133,186,4,3,0,0,
40000005022,20260602,404133,270,3,3,0,0,
40000005023,20260609,404133,292,7,3,0,0,
40000005024,20260623,404133,221,2,1,0,0,
40000005025,20260113,404135,301,8,6,0,0,
40000005026,20260120,404135,225,2,2,1,0,
40000005027,20260106,404136,357,4,3,0,0,
40000005028,20260113,404136,255,5,1,1,0,
40000005029,20260120,404136,308,10,9,1,0,
40000005030,20260120,404137,7,1,0,0,0,
40000005031,20260127,404137,45,2,0,0,0,
40000005032,20260217,404137,11,0,0,0,0,
40000005033,20260317,404137,8,1,0,0,0,
40000005034,20260526,404137,28,0,0,0,0,
40000005035,20260602,404137,31,1,0,0,0,
40000005036,20260106,404140,415,6,2,1,0,
40000005037,20260113,404140,240,5,3,1,0,
40000005038,20260324,404142,21,2,2,0,0,
40000005039,20260407,404142,5,2,1,0,0,
40000005040,20260505,404142,44,0,0,0,0,
40000005041,20260630,404142,14,1,1,0,0,
40000005042,20260317,404146,190,7,1,0,0,
40000005043,20260324,404146,377,10,4,0,0,
40000005044,20260106,404147,12,2,2,0,0,
40000005045,20260210,404147,33,2,1,0,0,
40000005046,20260224,404147,45,2,0,0,0,
40000005047,20260414,404147,13,2,1,0,0,
40000005048,20260421,404147,35,2,0,0,0,
40000005049,20260519,404147,14,2,0,0,0,
40000005050,20260526,404147,38,1,0,0,0,
40000005051,20260609,404147,25,1,1,0,0,
40000005052,20260623,404147,10,1,0,0,0,
40000005053,20260127,404150,573,17,16,1,1,PRICE_TOO_HIGH
40000005054,20260203,404150,810,27,20,2,1,PRICE_TOO_HIGH
40000005055,20260512,404150,759,40,30,1,0,
40000005056,20260526,404150,672,40,30,1,1,LOAN_REJECTED
40000005057,20260224,404151,45,0,0,0,0,
40000005058,20260324,404151,45,1,1,0,0,
40000005059,20260407,404151,18,1,1,0,0,
40000005060,20260414,404151,11,2,0,0,0,
40000005061,20260428,404151,44,0,0,0,0,
40000005062,20260519,404151,7,2,0,0,0,
40000005063,20260526,404151,19,2,1,0,0,
40000005064,20260616,404151,31,1,0,0,0,
40000005065,20260127,404154,11,1,1,0,0,
40000005066,20260217,404154,40,1,0,0,0,
40000005067,20260303,404154,35,1,0,0,0,
40000005068,20260505,404154,23,0,0,0,0,
40000005069,20260127,404155,26,2,0,0,0,
40000005070,20260303,404155,29,2,1,0,0,
40000005071,20260331,404155,13,1,0,0,0,
40000005072,20260421,404155,24,2,2,0,0,
40000005073,20260428,404155,23,2,0,0,0,
40000005074,20260602,404155,11,1,1,0,0,
40000005075,20260630,404155,41,1,0,0,0,
40000005076,20260210,404161,31,1,0,0,0,
40000005077,20260217,404161,30,2,1,0,0,
40000005078,20260310,404161,10,1,0,0,0,
40000005079,20260421,404161,40,1,1,0,0,
40000005080,20260428,404161,18,2,1,0,0,
40000005081,20260623,404161,42,2,2,0,0,
40000005082,20260113,404162,39,1,0,0,0,
40000005083,20260127,404162,23,1,0,0,0,
40000005084,20260210,404162,16,0,0,0,0,
40000005085,20260217,404162,35,0,0,0,0,
40000005086,20260331,404162,6,2,1,0,0,
40000005087,20260421,404162,19,1,1,0,0,
40000005088,20260428,404162,7,1,1,0,0,
40000005089,20260512,404162,19,1,1,0,0,
40000005090,20260317,404163,128,7,4,0,0,
40000005091,20260331,404163,195,2,2,0,0,
40000005092,20260414,404163,120,7,2,0,0,
40000005093,20260428,404163,141,2,2,0,0,
40000005094,20260512,404163,283,1,1,0,0,
40000005095,20260609,404163,215,1,1,0,0,
40000005096,20260623,404163,229,3,3,0,0,
40000005097,20260630,404163,98,6,6,0,0,
40000005098,20260106,404165,17,2,0,0,0,
40000005099,20260120,404165,11,1,1,0,0,
40000005100,20260203,404165,11,2,2,0,0,
40000005101,20260317,404165,38,2,0,0,0,
40000005102,20260414,404165,8,0,0,0,0,
40000005103,20260512,404165,18,2,1,0,0,
40000005104,20260519,404165,33,2,2,0,0,
40000005105,20260623,404165,10,0,0,0,0,
40000005106,20260203,404172,37,2,1,0,0,
40000005107,20260303,404172,14,1,0,0,0,
40000005108,20260331,404172,8,1,0,0,0,
40000005109,20260505,404172,13,1,0,0,0,
40000005110,20260127,404173,15,0,0,0,0,
40000005111,20260224,404173,29,2,0,0,0,
40000005112,20260407,404173,42,0,0,0,0,
40000005113,20260113,404174,43,0,0,0,0,
40000005114,20260127,404174,37,1,0,0,0,
40000005115,20260217,404174,31,2,2,0,0,
40000005116,20260324,404174,38,2,2,0,0,
40000005117,20260414,404174,41,2,1,0,0,
40000005118,20260428,404174,9,1,0,0,0,
40000005119,20260602,404174,19,2,0,0,0,
40000005120,20260609,404174,6,1,1,0,0,
40000005121,20260106,404175,11,0,0,0,0,
40000005122,20260127,404175,42,1,0,0,0,
40000005123,20260210,404175,39,0,0,0,0,
40000005124,20260303,404175,44,0,0,0,0,
40000005125,20260331,404175,15,2,2,0,0,
40000005126,20260512,404175,31,2,2,0,0,
40000005127,20260630,404175,32,2,2,0,0,
40000005128,20260217,404176,24,0,0,0,0,
40000005129,20260324,404176,33,1,0,0,0,
40000005130,20260428,404176,9,1,0,0,0,
40000005131,20260505,404176,8,1,0,0,0,
40000005132,20260512,404176,29,0,0,0,0,
40000005133,20260602,404176,39,2,1,0,0,
40000005134,20260623,404176,27,1,1,0,0,
40000005135,20260113,404177,772,28,22,0,0,
40000005136,20260127,404177,692,28,20,1,0,
40000005137,20260407,404177,540,23,16,0,0,
40000005138,20260421,404177,553,28,25,4,3,DEFECT_FOUND
40000005139,20260127,404178,25,2,2,0,0,
40000005140,20260203,404178,31,1,1,0,0,
40000005141,20260224,404178,30,1,0,0,0,
40000005142,20260310,404178,12,2,2,0,0,
40000005143,20260609,404178,33,2,2,0,0,
40000005144,20260120,404179,27,1,1,0,0,
40000005145,20260217,404179,27,1,1,0,0,
40000005146,20260224,404179,32,0,0,0,0,
40000005147,20260310,404179,7,1,0,0,0,
40000005148,20260317,404179,32,0,0,0,0,
40000005149,20260505,404179,35,0,0,0,0,
40000005150,20260512,404179,12,1,0,0,0,
40000005151,20260602,404179,22,1,1,0,0,
40000005152,20260623,404179,10,1,0,0,0,
40000005153,20260217,404180,14,0,0,0,0,
40000005154,20260331,404180,23,1,1,0,0,
40000005155,20260407,404180,16,0,0,0,0,
40000005156,20260106,404182,23,2,2,0,0,
40000005157,20260224,404182,16,0,0,0,0,
40000005158,20260310,404182,7,0,0,0,0,
40000005159,20260428,404182,28,1,1,0,0,
40000005160,20260526,404182,38,0,0,0,0,
40000005161,20260407,404185,33,2,2,0,0,
40000005162,20260505,404185,25,1,1,0,0,
40000005163,20260519,404185,23,1,0,0,0,
40000005164,20260526,404185,30,1,0,0,0,
40000005165,20260106,404186,205,9,7,0,0,
40000005166,20260113,404186,323,8,7,0,0,
40000005167,20260120,404186,257,8,4,1,0,
40000005168,20260120,404188,300,3,3,0,0,
40000005169,20260203,404188,234,3,3,0,0,
40000005170,20260407,404188,245,3,1,0,0,
40000005171,20260421,404188,145,5,1,0,0,
40000005172,20260512,404188,253,7,3,0,0,
40000005173,20260106,404189,23,0,0,0,0,
40000005174,20260120,404189,20,2,1,0,0,
40000005175,20260127,404189,43,1,1,0,0,
40000005176,20260317,404189,9,2,1,0,0,
40000005177,20260421,404189,28,2,2,0,0,
40000005178,20260616,404189,8,0,0,0,0,
40000005179,20260113,404190,10,1,1,0,0,
40000005180,20260203,404190,8,0,0,0,0,
40000005181,20260217,404190,8,2,1,0,0,
40000005182,20260310,404190,45,2,1,0,0,
40000005183,20260324,404190,44,1,1,0,0,
40000005184,20260407,404190,13,1,0,0,0,
40000005185,20260428,404190,10,1,1,0,0,
40000005186,20260602,404190,21,0,0,0,0,
40000005187,20260609,404190,14,1,0,0,0,
40000005188,20260106,404191,220,4,3,0,0,
40000005189,20260113,404191,229,4,2,1,0,
40000005190,20260120,404191,339,7,6,1,0,
40000005191,20260106,404192,656,33,25,0,0,
40000005192,20260120,404192,741,36,28,0,0,
40000005193,20260127,404192,683,20,18,1,1,DEFECT_FOUND
40000005194,20260526,404192,701,34,29,1,1,DEFECT_FOUND
40000005195,20260602,404192,592,37,27,2,1,PRICE_TOO_HIGH
40000005196,20260623,404192,898,24,24,0,0,
40000005197,20260630,404192,723,26,21,1,0,
40000005198,20260317,404193,252,5,1,0,0,
40000005199,20260324,404193,362,3,2,0,0,
40000005200,20260331,404193,387,8,4,1,0,
40000005201,20260407,404193,286,3,1,1,0,
40000005202,20260106,404195,8,0,0,0,0,
40000005203,20260217,404195,44,0,0,0,0,
40000005204,20260331,404195,42,0,0,0,0,
40000005205,20260526,404195,9,1,0,0,0,
40000005206,20260602,404195,28,0,0,0,0,
40000005207,20260623,404195,8,1,1,0,0,
40000005208,20260217,404199,235,4,4,0,0,
40000005209,20260224,404199,183,5,4,1,0,
40000005210,20260303,404199,370,8,8,1,0,
40000005211,20260106,404201,27,1,1,0,0,
40000005212,20260210,404201,25,0,0,0,0,
40000005213,20260217,404201,32,2,2,0,0,
40000005214,20260303,404201,28,2,2,0,0,
40000005215,20260324,404201,39,1,0,0,0,
40000005216,20260512,404201,14,2,2,0,0,
40000005217,20260331,404203,255,10,4,0,0,
40000005218,20260407,404203,342,10,3,0,0,
40000005219,20260120,404204,20,2,0,0,0,
40000005220,20260203,404204,41,1,1,0,0,
40000005221,20260224,404204,43,2,0,0,0,
40000005222,20260317,404204,41,0,0,0,0,
40000005223,20260324,404204,34,2,2,0,0,
40000005224,20260428,404204,20,0,0,0,0,
40000005225,20260505,404204,39,0,0,0,0,
40000005226,20260616,404204,20,2,0,0,0,
40000005227,20260623,404204,32,2,1,0,0,
40000005228,20260106,404205,190,5,5,0,0,
40000005229,20260113,404205,342,5,4,1,0,
40000005230,20260127,404206,28,0,0,0,0,
40000005231,20260203,404206,33,2,2,0,0,
40000005232,20260217,404206,39,2,2,0,0,
40000005233,20260310,404206,24,0,0,0,0,
40000005234,20260428,404206,40,0,0,0,0,
40000005235,20260519,404206,41,1,0,0,0,
40000005236,20260526,404206,41,1,1,0,0,
40000005237,20260609,404206,28,0,0,0,0,
40000005238,20260630,404206,30,1,0,0,0,
40000005239,20260113,404208,45,0,0,0,0,
40000005240,20260203,404208,7,1,1,0,0,
40000005241,20260310,404208,38,0,0,0,0,
40000005242,20260421,404208,36,0,0,0,0,
40000005243,20260616,404208,5,1,0,0,0,
40000005244,20260127,404209,9,1,1,0,0,
40000005245,20260203,404209,11,1,0,0,0,
40000005246,20260217,404209,16,1,1,0,0,
40000005247,20260224,404209,5,1,0,0,0,
40000005248,20260324,404209,18,2,1,0,0,
40000005249,20260505,404209,37,2,2,0,0,
40000005250,20260609,404209,21,2,1,0,0,
40000005251,20260616,404209,41,1,0,0,0,
40000005252,20260120,404211,352,10,9,0,0,
40000005253,20260127,404211,239,5,4,0,0,
40000005254,20260210,404211,240,5,4,1,0,
40000005255,20260310,404213,30,1,0,0,0,
40000005256,20260407,404213,36,0,0,0,0,
40000005257,20260428,404213,12,1,1,0,0,
40000005258,20260526,404213,22,1,0,0,0,
40000005259,20260602,404213,39,0,0,0,0,
40000005260,20260609,404213,21,2,2,0,0,
40000005261,20260310,404215,139,9,7,0,0,
40000005262,20260317,404215,355,2,1,0,0,
40000005263,20260331,404215,312,8,7,1,0,
40000005264,20260224,404217,137,3,2,1,0,
40000005265,20260303,404217,146,5,1,1,0,
40000005266,20260106,404221,41,0,0,0,0,
40000005267,20260303,404221,44,0,0,0,0,
40000005268,20260310,404221,12,2,1,0,0,
40000005269,20260324,404221,33,2,1,0,0,
40000005270,20260407,404221,12,1,0,0,0,
40000005271,20260414,404221,24,2,0,0,0,
40000005272,20260505,404221,8,1,0,0,0,
40000005273,20260630,404221,24,2,0,0,0,
40000005274,20260106,404223,34,0,0,0,0,
40000005275,20260310,404223,23,0,0,0,0,
40000005276,20260317,404223,12,1,1,0,0,
40000005277,20260519,404223,15,0,0,0,0,
40000005278,20260602,404223,12,2,1,0,0,
40000005279,20260127,404224,16,1,1,0,0,
40000005280,20260407,404224,5,0,0,0,0,
40000005281,20260414,404224,10,2,2,0,0,
40000005282,20260526,404224,12,0,0,0,0,
40000005283,20260616,404224,5,0,0,0,0,
40000005284,20260623,404224,6,2,2,0,0,
40000005285,20260127,404226,37,2,2,0,0,
40000005286,20260217,404226,22,1,1,0,0,
40000005287,20260310,404226,6,2,0,0,0,
40000005288,20260324,404226,19,2,2,0,0,
40000005289,20260428,404226,15,0,0,0,0,
40000005290,20260519,404226,13,2,0,0,0,
40000005291,20260526,404226,18,0,0,0,0,
40000005292,20260623,404226,37,2,2,0,0,
40000005293,20260630,404226,22,2,1,0,0,
40000005294,20260106,404227,25,1,1,0,0,
40000005295,20260203,404227,9,1,1,0,0,
40000005296,20260217,404227,43,1,0,0,0,
40000005297,20260421,404227,7,0,0,0,0,
40000005298,20260428,404227,36,2,1,0,0,
40000005299,20260623,404227,42,2,0,0,0,
40000005300,20260630,404227,8,2,2,0,0,
40000005301,20260210,404231,9,1,0,0,0,
40000005302,20260324,404231,36,2,1,0,0,
40000005303,20260512,404231,18,2,0,0,0,
40000005304,20260609,404231,6,0,0,0,0,
40000005305,20260616,404231,20,0,0,0,0,
40000005306,20260623,404231,43,2,2,0,0,
40000005307,20260203,404232,20,0,0,0,0,
40000005308,20260210,404232,9,0,0,0,0,
40000005309,20260217,404232,28,2,0,0,0,
40000005310,20260303,404232,31,0,0,0,0,
40000005311,20260324,404232,31,1,1,0,0,
40000005312,20260331,404232,29,0,0,0,0,
40000005313,20260407,404232,26,1,1,0,0,
40000005314,20260526,404232,32,0,0,0,0,
40000005315,20260623,404232,5,0,0,0,0,
40000005316,20260106,404233,10,0,0,0,0,
40000005317,20260303,404233,37,2,0,0,0,
40000005318,20260324,404233,17,1,0,0,0,
40000005319,20260331,404233,39,2,2,0,0,
40000005320,20260217,404234,9,0,0,0,0,
40000005321,20260421,404234,42,0,0,0,0,
40000005322,20260616,404234,37,1,1,0,0,
40000005323,20260623,404234,7,2,2,0,0,
40000005324,20260224,404235,39,2,2,0,0,
40000005325,20260310,404235,16,0,0,0,0,
40000005326,20260428,404235,7,2,1,0,0,
40000005327,20260519,404235,29,0,0,0,0,
40000005328,20260127,404236,37,1,0,0,0,
40000005329,20260210,404236,22,2,1,0,0,
40000005330,20260217,404236,25,2,1,0,0,
40000005331,20260421,404236,20,2,2,0,0,
40000005332,20260428,404236,44,1,0,0,0,
40000005333,20260505,404236,26,0,0,0,0,
40000005334,20260526,404236,7,1,1,0,0,
40000005335,20260609,404236,30,1,0,0,0,
40000005336,20260623,404236,42,1,1,0,0,
40000005337,20260526,404240,147,5,2,0,0,
40000005338,20260609,404240,138,5,2,1,0,
40000005339,20260324,404243,32,2,0,0,0,
40000005340,20260428,404243,29,2,1,0,0,
40000005341,20260602,404243,32,1,0,0,0,
40000005342,20260106,404244,18,0,0,0,0,
40000005343,20260310,404244,42,0,0,0,0,
40000005344,20260407,404244,14,1,0,0,0,
40000005345,20260602,404244,28,0,0,0,0,
40000005346,20260623,404244,27,2,2,0,0,
40000005347,20260630,404244,37,0,0,0,0,
40000005348,20260203,404245,157,9,5,0,0,
40000005349,20260210,404245,398,10,8,1,0,
40000005350,20260217,404245,370,6,2,1,0,
40000005351,20260217,404246,41,0,0,0,0,
40000005352,20260331,404246,25,1,1,0,0,
40000005353,20260519,404246,31,2,0,0,0,
40000005354,20260113,404247,63,6,2,0,0,
40000005355,20260210,404247,291,4,1,0,0,
40000005356,20260224,404247,294,1,1,0,0,
40000005357,20260303,404247,287,5,5,0,0,
40000005358,20260317,404247,166,7,1,0,0,
40000005359,20260519,404247,209,6,6,0,0,
40000005360,20260609,404247,263,5,5,0,0,
40000005361,20260414,404248,198,10,8,0,0,
40000005362,20260421,404248,269,2,2,0,0,
40000005363,20260428,404248,344,5,4,1,0,
40000005364,20260505,404248,418,3,1,1,0,
40000005365,20260407,404252,161,5,2,0,0,
40000005366,20260414,404252,191,3,3,0,0,
40000005367,20260421,404252,393,4,2,1,0,
40000005368,20260310,404255,38,0,0,0,0,
40000005369,20260317,404255,39,2,0,0,0,
40000005370,20260505,404255,17,1,0,0,0,
40000005371,20260602,404255,6,1,1,0,0,
40000005372,20260421,404258,11,2,0,0,0,
40000005373,20260512,404258,23,1,1,0,0,
40000005374,20260526,404258,39,0,0,0,0,
40000005375,20260127,404259,28,1,1,0,0,
40000005376,20260224,404259,33,2,2,0,0,
40000005377,20260303,404259,24,0,0,0,0,
40000005378,20260407,404260,290,4,4,0,0,
40000005379,20260414,404260,257,3,1,1,0,
40000005380,20260421,404260,181,10,2,1,0,
40000005381,20260217,404261,368,5,1,0,0,
40000005382,20260224,404261,366,10,1,0,0,
40000005383,20260303,404261,274,10,5,1,0,
40000005384,20260310,404261,338,7,3,1,0,
40000005385,20260127,404268,86,7,7,0,0,
40000005386,20260428,404268,217,2,2,0,0,
40000005387,20260519,404268,116,4,3,1,1,PRICE_TOO_HIGH
40000005388,20260609,404268,104,2,1,0,0,
40000005389,20260310,404270,24,2,1,0,0,
40000005390,20260331,404270,21,1,0,0,0,
40000005391,20260609,404270,21,2,0,0,0,
40000005392,20260512,404271,280,4,3,0,0,
40000005393,20260519,404271,135,7,3,0,0,
40000005394,20260602,404271,296,7,6,1,0,
40000005395,20260120,404272,12,2,2,0,0,
40000005396,20260217,404272,25,2,1,0,0,
40000005397,20260421,404272,42,2,1,0,0,
40000005398,20260120,404273,7,2,0,0,0,
40000005399,20260203,404273,40,2,0,0,0,
40000005400,20260310,404273,25,2,1,0,0,
40000005401,20260324,404273,44,0,0,0,0,
40000005402,20260428,404273,41,0,0,0,0,
40000005403,20260526,404273,9,2,0,0,0,
40000005404,20260630,404273,41,2,1,0,0,
40000005405,20260113,404274,36,2,1,0,0,
40000005406,20260210,404274,41,2,1,0,0,
40000005407,20260317,404274,19,2,0,0,0,
40000005408,20260526,404274,40,1,0,0,0,
40000005409,20260324,404275,265,5,2,0,0,
40000005410,20260331,404275,202,7,1,1,0,
40000005411,20260407,404275,392,6,5,1,0,
40000005412,20260106,404277,7,1,0,0,0,
40000005413,20260120,404277,6,0,0,0,0,
40000005414,20260210,404277,5,2,2,0,0,
40000005415,20260217,404277,40,0,0,0,0,
40000005416,20260331,404277,10,0,0,0,0,
40000005417,20260512,404277,13,0,0,0,0,
40000005418,20260519,404277,30,1,0,0,0,
40000005419,20260623,404277,44,2,2,0,0,
40000005420,20260630,404277,37,1,0,0,0,
40000005421,20260106,404278,18,2,0,0,0,
40000005422,20260127,404278,7,1,1,0,0,
40000005423,20260224,404278,27,0,0,0,0,
40000005424,20260505,404278,18,0,0,0,0,
40000005425,20260512,404278,44,0,0,0,0,
40000005426,20260519,404278,39,2,0,0,0,
40000005427,20260526,404278,10,2,2,0,0,
40000005428,20260602,404278,37,0,0,0,0,
40000005429,20260616,404278,24,2,0,0,0,
40000005430,20260120,404279,19,1,0,0,0,
40000005431,20260127,404279,15,2,0,0,0,
40000005432,20260407,404279,24,1,1,0,0,
40000005433,20260526,404279,23,1,1,0,0,
40000005434,20260602,404279,5,2,0,0,0,
40000005435,20260609,404279,26,2,0,0,0,
40000005436,20260217,404280,36,0,0,0,0,
40000005437,20260331,404280,31,2,1,0,0,
40000005438,20260407,404280,43,2,2,0,0,
40000005439,20260421,404280,42,1,1,0,0,
40000005440,20260505,404280,13,1,1,0,0,
40000005441,20260203,404281,41,0,0,0,0,
40000005442,20260217,404281,27,1,1,0,0,
40000005443,20260407,404281,6,2,1,0,0,
40000005444,20260519,404281,32,1,1,0,0,
40000005445,20260623,404281,43,0,0,0,0,
40000005446,20260630,404281,31,2,0,0,0,
40000005447,20260203,404282,12,0,0,0,0,
40000005448,20260217,404282,28,2,1,0,0,
40000005449,20260224,404282,13,0,0,0,0,
40000005450,20260310,404282,14,0,0,0,0,
40000005451,20260324,404282,42,2,0,0,0,
40000005452,20260623,404282,38,0,0,0,0,
40000005453,20260630,404282,37,0,0,0,0,
40000005454,20260113,404283,11,2,1,0,0,
40000005455,20260120,404283,26,1,0,0,0,
40000005456,20260127,404283,42,2,2,0,0,
40000005457,20260505,404283,23,0,0,0,0,
40000005458,20260210,404286,28,2,0,0,0,
40000005459,20260407,404286,38,1,1,0,0,
40000005460,20260428,404286,32,1,0,0,0,
40000005461,20260602,404286,11,1,0,0,0,
40000005462,20260630,404286,26,0,0,0,0,
40000005463,20260512,404295,232,3,2,0,0,
40000005464,20260519,404295,199,10,6,0,0,
40000005465,20260602,404295,288,10,9,1,0,
40000005466,20260113,404298,45,0,0,0,0,
40000005467,20260210,404298,23,0,0,0,0,
40000005468,20260217,404298,22,1,1,0,0,
40000005469,20260324,404298,9,0,0,0,0,
40000005470,20260512,404298,25,2,1,0,0,
40000005471,20260512,404299,268,2,2,0,0,
40000005472,20260526,404299,134,5,3,1,0,
40000005473,20260609,404299,119,7,5,0,0,
40000005474,20260616,404299,69,5,4,0,0,
40000005475,20260630,404299,70,4,1,0,0,
40000005476,20260106,404300,39,2,1,0,0,
40000005477,20260217,404300,31,0,0,0,0,
40000005478,20260224,404300,14,2,0,0,0,
40000005479,20260317,404300,12,1,0,0,0,
40000005480,20260331,404300,37,2,2,0,0,
40000005481,20260414,404300,27,1,0,0,0,
40000005482,20260512,404300,25,0,0,0,0,
40000005483,20260616,404300,22,2,1,0,0,
40000005484,20260623,404300,18,0,0,0,0,
40000005485,20260414,404302,165,3,3,0,0,
40000005486,20260421,404302,328,6,1,0,0,
40000005487,20260113,404304,25,1,1,0,0,
40000005488,20260127,404304,34,1,0,0,0,
40000005489,20260210,404304,8,2,1,0,0,
40000005490,20260224,404304,26,2,0,0,0,
40000005491,20260331,404304,15,1,1,0,0,
40000005492,20260428,404304,18,1,1,0,0,
40000005493,20260609,404304,31,1,0,0,0,
40000005494,20260616,404304,34,1,0,0,0,
40000005495,20260623,404304,38,2,0,0,0,
40000005496,20260113,404307,41,1,0,0,0,
40000005497,20260414,404307,8,1,1,0,0,
40000005498,20260512,404307,11,1,1,0,0,
40000005499,20260519,404307,34,0,0,0,0,
40000005500,20260630,404307,32,0,0,0,0,
40000005501,20260203,404310,143,6,2,0,0,
40000005502,20260519,404310,74,6,4,0,0,
40000005503,20260526,404310,243,2,2,1,0,
40000005504,20260324,404313,24,2,1,0,0,
40000005505,20260407,404313,45,0,0,0,0,
40000005506,20260414,404313,19,0,0,0,0,
40000005507,20260428,404313,23,2,2,0,0,
40000005508,20260512,404313,20,0,0,0,0,
40000005509,20260526,404313,35,2,1,0,0,
40000005510,20260616,404313,11,1,1,0,0,
40000005511,20260127,404316,40,1,1,0,0,
40000005512,20260217,404316,16,2,1,0,0,
40000005513,20260317,404316,20,2,2,0,0,
40000005514,20260407,404316,37,2,1,0,0,
40000005515,20260120,404318,21,2,1,0,0,
40000005516,20260217,404318,22,1,0,0,0,
40000005517,20260303,404318,30,2,2,0,0,
40000005518,20260310,404318,42,1,0,0,0,
40000005519,20260331,404318,32,0,0,0,0,
40000005520,20260414,404318,15,0,0,0,0,
40000005521,20260519,404318,12,2,2,0,0,
40000005522,20260526,404318,18,0,0,0,0,
40000005523,20260616,404318,7,0,0,0,0,
40000005524,20260127,404319,252,8,8,0,0,
40000005525,20260210,404319,340,9,5,1,0,
40000005526,20260331,404321,275,5,5,0,0,
40000005527,20260407,404321,207,8,7,0,0,
40000005528,20260414,404321,364,3,2,1,0,
40000005529,20260421,404321,233,7,3,1,0,
40000005530,20260106,404322,18,0,0,0,0,
40000005531,20260113,404322,8,0,0,0,0,
40000005532,20260120,404322,39,1,0,0,0,
40000005533,20260210,404322,10,2,2,0,0,
40000005534,20260217,404322,36,0,0,0,0,
40000005535,20260310,404322,30,2,0,0,0,
40000005536,20260526,404322,12,0,0,0,0,
40000005537,20260609,404322,5,1,1,0,0,
40000005538,20260113,404324,17,0,0,0,0,
40000005539,20260120,404324,18,0,0,0,0,
40000005540,20260303,404324,36,2,1,0,0,
40000005541,20260317,404324,11,1,0,0,0,
40000005542,20260414,404324,43,1,1,0,0,
40000005543,20260421,404324,22,1,1,0,0,
40000005544,20260505,404324,17,1,0,0,0,
40000005545,20260512,404324,17,1,0,0,0,
40000005546,20260616,404324,9,1,0,0,0,
40000005547,20260120,404325,15,1,0,0,0,
40000005548,20260217,404325,12,2,0,0,0,
40000005549,20260224,404325,13,2,2,0,0,
40000005550,20260331,404325,10,1,1,0,0,
40000005551,20260609,404325,13,0,0,0,0,
40000005552,20260113,404327,27,2,0,0,0,
40000005553,20260120,404327,24,0,0,0,0,
40000005554,20260505,404327,24,2,0,0,0,
40000005555,20260519,404327,42,1,0,0,0,
40000005556,20260303,404329,127,8,7,0,0,
40000005557,20260310,404329,246,3,1,0,0,
40000005558,20260324,404329,123,8,4,1,0,
40000005559,20260106,404330,135,8,8,1,0,
40000005560,20260113,404330,329,2,2,1,0,
40000005561,20260113,404336,28,2,1,0,0,
40000005562,20260414,404336,34,1,1,0,0,
40000005563,20260602,404336,28,2,0,0,0,
40000005564,20260609,404336,14,2,2,0,0,
40000005565,20260623,404336,33,1,1,0,0,
40000005566,20260317,404337,169,5,2,0,0,
40000005567,20260331,404337,419,10,3,1,0,
40000005568,20260113,404338,41,2,2,0,0,
40000005569,20260120,404338,8,1,0,0,0,
40000005570,20260203,404338,22,2,0,0,0,
40000005571,20260210,404338,29,2,2,0,0,
40000005572,20260217,404338,37,1,1,0,0,
40000005573,20260428,404338,5,0,0,0,0,
40000005574,20260505,404338,35,2,0,0,0,
40000005575,20260623,404338,25,2,0,0,0,
40000005576,20260630,404338,11,2,0,0,0,
40000005577,20260505,404340,327,6,5,0,0,
40000005578,20260512,404340,378,4,2,0,0,
40000005579,20260519,404340,394,5,5,1,0,
40000005580,20260526,404340,294,2,1,1,0,
40000005581,20260224,404342,102,6,3,0,0,
40000005582,20260324,404342,296,7,7,1,0,
40000005583,20260519,404342,277,5,2,0,0,
40000005584,20260210,404345,372,3,1,0,0,
40000005585,20260217,404345,393,9,8,1,0,
40000005586,20260106,404347,128,5,4,1,0,
40000005587,20260113,404347,299,3,2,1,0,
40000005588,20260113,404352,33,1,0,0,0,
40000005589,20260120,404352,15,0,0,0,0,
40000005590,20260210,404352,19,2,2,0,0,
40000005591,20260303,404352,10,2,1,0,0,
40000005592,20260317,404352,22,0,0,0,0,
40000005593,20260421,404352,16,1,0,0,0,
40000005594,20260630,404352,43,1,1,0,0,
40000005595,20260310,404354,40,2,2,0,0,
40000005596,20260414,404354,33,1,1,0,0,
40000005597,20260512,404354,22,1,0,0,0,
40000005598,20260127,404355,44,1,1,0,0,
40000005599,20260303,404355,40,2,0,0,0,
40000005600,20260317,404355,10,0,0,0,0,
40000005601,20260331,404355,18,2,1,0,0,
40000005602,20260414,404355,20,2,0,0,0,
40000005603,20260428,404355,41,2,1,0,0,
40000005604,20260512,404355,25,0,0,0,0,
40000005605,20260526,404355,23,2,1,0,0,
40000005606,20260630,404355,17,2,0,0,0,
40000005607,20260203,404356,223,5,2,0,0,
40000005608,20260224,404356,278,6,2,1,0,
40000005609,20260113,404357,6,2,1,0,0,
40000005610,20260217,404357,33,0,0,0,0,
40000005611,20260224,404357,23,0,0,0,0,
40000005612,20260609,404357,43,0,0,0,0,
40000005613,20260623,404357,15,2,1,0,0,
40000005614,20260630,404357,43,0,0,0,0,
40000005615,20260106,404361,209,2,2,0,0,
40000005616,20260224,404361,261,3,2,0,0,
40000005617,20260324,404361,235,5,1,0,0,
40000005618,20260505,404361,121,7,2,1,0,
40000005619,20260616,404361,294,6,3,0,0,
40000005620,20260113,404362,120,7,4,0,0,
40000005621,20260421,404362,266,6,6,0,0,
40000005622,20260519,404362,132,7,7,0,0,
40000005623,20260630,404362,216,2,2,1,1,PRICE_TOO_HIGH
40000005624,20260512,404363,186,4,1,0,0,
40000005625,20260519,404363,151,3,2,0,0,
40000005626,20260526,404363,323,3,2,1,0,
40000005627,20260602,404363,161,7,4,1,0,
40000005628,20260106,404365,394,7,2,0,0,
40000005629,20260113,404365,378,4,1,1,0,
40000005630,20260120,404365,196,4,4,1,0,
40000005631,20260127,404366,183,7,7,0,0,
40000005632,20260224,404366,177,3,3,0,0,
40000005633,20260602,404366,213,4,3,1,0,
40000005634,20260127,404367,242,4,3,0,0,
40000005635,20260217,404367,272,5,1,0,0,
40000005636,20260317,404367,106,7,3,0,0,
40000005637,20260331,404367,141,5,1,0,0,
40000005638,20260421,404367,125,4,1,0,0,
40000005639,20260428,404367,139,7,2,0,0,
40000005640,20260512,404367,89,2,1,0,0,
40000005641,20260602,404367,68,2,2,0,0,
40000005642,20260609,404367,298,2,2,0,0,
40000005643,20260616,404367,80,1,1,0,0,
40000005644,20260127,404370,18,2,0,0,0,
40000005645,20260203,404370,44,2,2,0,0,
40000005646,20260217,404370,15,1,0,0,0,
40000005647,20260331,404370,43,0,0,0,0,
40000005648,20260407,404370,43,0,0,0,0,
40000005649,20260519,404370,35,0,0,0,0,
40000005650,20260609,404370,26,0,0,0,0,
40000005651,20260310,404371,137,8,5,0,0,
40000005652,20260317,404371,293,4,2,0,0,
40000005653,20260324,404371,287,9,9,1,0,
40000005654,20260331,404371,194,6,2,1,0,
40000005655,20260526,404372,342,2,1,0,0,
40000005656,20260602,404372,221,2,2,0,0,
40000005657,20260616,404372,363,2,1,1,0,
40000005658,20260106,404377,42,1,0,0,0,
40000005659,20260512,404377,28,2,1,0,0,
40000005660,20260526,404377,6,1,1,0,0,
40000005661,20260602,404377,30,0,0,0,0,
40000005662,20260630,404377,34,2,0,0,0,
40000005663,20260113,404378,25,2,2,0,0,
40000005664,20260303,404378,16,0,0,0,0,
40000005665,20260331,404378,23,0,0,0,0,
40000005666,20260414,404378,38,1,1,0,0,
40000005667,20260428,404378,13,2,1,0,0,
40000005668,20260623,404378,15,0,0,0,0,
40000005669,20260317,404379,409,6,2,0,0,
40000005670,20260331,404379,359,8,1,1,0,
40000005671,20260428,404381,156,4,1,0,0,
40000005672,20260512,404381,136,10,9,1,0,
40000005673,20260519,404381,181,2,1,1,0,
40000005674,20260120,404383,42,0,0,0,0,
40000005675,20260203,404383,38,0,0,0,0,
40000005676,20260224,404383,39,2,2,0,0,
40000005677,20260421,404383,44,0,0,0,0,
40000005678,20260505,404383,31,1,0,0,0,
40000005679,20260512,404383,16,2,0,0,0,
40000005680,20260414,404385,174,2,1,0,0,
40000005681,20260421,404385,393,7,5,0,0,
40000005682,20260428,404385,350,6,2,1,0,
40000005683,20260505,404385,412,4,4,1,0,
40000005684,20260407,404386,285,5,3,0,0,
40000005685,20260414,404386,244,9,2,0,0,
40000005686,20260331,404387,179,1,1,1,0,
40000005687,20260505,404387,283,1,1,0,0,
40000005688,20260512,404387,136,1,1,0,0,
40000005689,20260602,404387,253,2,2,1,1,LOAN_REJECTED
40000005690,20260106,404389,406,9,5,0,0,
40000005691,20260113,404389,300,5,2,1,0,
40000005692,20260113,404390,37,0,0,0,0,
40000005693,20260210,404390,28,2,1,0,0,
40000005694,20260224,404390,13,2,2,0,0,
40000005695,20260317,404390,19,2,0,0,0,
40000005696,20260421,404390,6,2,0,0,0,
40000005697,20260505,404390,36,0,0,0,0,
40000005698,20260519,404390,23,1,0,0,0,
40000005699,20260602,404390,31,2,1,0,0,
40000005700,20260616,404390,35,1,1,0,0,
40000005701,20260106,404391,145,8,8,0,0,
40000005702,20260127,404391,308,10,8,1,0,
40000005703,20260106,404394,160,7,1,1,0,
40000005704,20260203,404395,8,0,0,0,0,
40000005705,20260505,404395,32,1,1,0,0,
40000005706,20260602,404395,12,1,0,0,0,
40000005707,20260609,404395,6,2,0,0,0,
40000005708,20260428,404397,337,4,1,0,0,
40000005709,20260505,404397,316,9,7,1,0,
40000005710,20260512,404397,258,8,7,1,0,
40000005711,20260127,404398,40,2,0,0,0,
40000005712,20260210,404398,27,0,0,0,0,
40000005713,20260317,404398,29,1,0,0,0,
40000005714,20260414,404398,41,1,0,0,0,
40000005715,20260428,404398,40,0,0,0,0,
40000005716,20260602,404398,32,1,0,0,0,
40000005717,20260630,404398,10,0,0,0,0,
40000005718,20260120,404400,27,0,0,0,0,
40000005719,20260210,404400,37,2,1,0,0,
40000005720,20260310,404400,42,0,0,0,0,
40000005721,20260331,404400,5,1,1,0,0,
40000005722,20260407,404400,39,1,0,0,0,
40000005723,20260414,404400,29,0,0,0,0,
40000005724,20260428,404400,19,0,0,0,0,
40000005725,20260505,404400,26,2,0,0,0,
40000005726,20260602,404400,11,0,0,0,0,
40000005727,20260414,404401,412,8,1,0,0,
40000005728,20260428,404401,231,4,1,1,0,
40000005729,20260127,404404,30,2,0,0,0,
40000005730,20260407,404404,23,2,1,0,0,
40000005731,20260421,404404,19,2,0,0,0,
40000005732,20260512,404404,19,1,0,0,0,
40000005733,20260609,404404,9,0,0,0,0,
40000005734,20260616,404404,23,1,1,0,0,
40000005735,20260623,404404,6,2,1,0,0,
40000005736,20260120,404405,45,1,1,0,0,
40000005737,20260127,404405,34,0,0,0,0,
40000005738,20260210,404405,30,0,0,0,0,
40000005739,20260407,404405,17,1,1,0,0,
40000005740,20260512,404405,7,0,0,0,0,
40000005741,20260519,404405,7,0,0,0,0,
40000005742,20260519,404406,175,8,1,0,0,
40000005743,20260526,404406,314,3,3,0,0,
40000005744,20260609,404406,236,8,5,1,0,
40000005745,20260106,404408,18,1,1,0,0,
40000005746,20260113,404408,19,1,1,0,0,
40000005747,20260120,404408,44,1,0,0,0,
40000005748,20260203,404408,6,1,1,0,0,
40000005749,20260217,404408,6,0,0,0,0,
40000005750,20260407,404408,41,0,0,0,0,
40000005751,20260414,404408,11,2,1,0,0,
40000005752,20260609,404408,38,2,2,0,0,
40000005753,20260113,404409,20,1,1,0,0,
40000005754,20260210,404409,45,1,0,0,0,
40000005755,20260407,404409,6,2,1,0,0,
40000005756,20260421,404409,25,0,0,0,0,
40000005757,20260602,404409,8,2,1,0,0,
40000005758,20260616,404409,34,0,0,0,0,
40000005759,20260630,404409,25,0,0,0,0,
40000005760,20260127,404410,247,7,3,0,0,
40000005761,20260210,404410,221,4,4,0,0,
40000005762,20260303,404410,89,1,1,0,0,
40000005763,20260317,404410,276,4,1,0,0,
40000005764,20260331,404410,288,3,2,0,0,
40000005765,20260407,404410,91,6,6,0,0,
40000005766,20260414,404410,109,4,3,0,0,
40000005767,20260421,404410,173,5,3,0,0,
40000005768,20260609,404410,242,6,2,0,0,
40000005769,20260616,404410,221,4,1,0,0,
40000005770,20260113,404412,35,0,0,0,0,
40000005771,20260203,404412,26,2,1,0,0,
40000005772,20260210,404412,15,2,0,0,0,
40000005773,20260505,404412,43,2,1,0,0,
40000005774,20260324,404413,251,10,1,0,0,
40000005775,20260331,404413,318,9,4,0,0,
40000005776,20260414,404413,357,4,3,1,0,
40000005777,20260120,404417,24,1,0,0,0,
40000005778,20260127,404417,6,1,1,0,0,
40000005779,20260224,404417,9,1,0,0,0,
40000005780,20260324,404417,5,2,0,0,0,
40000005781,20260331,404417,22,1,1,0,0,
40000005782,20260421,404417,11,2,1,0,0,
40000005783,20260505,404417,14,2,2,0,0,
40000005784,20260526,404417,32,1,1,0,0,
40000005785,20260616,404417,39,1,1,0,0,
40000005786,20260113,404418,8,1,1,0,0,
40000005787,20260203,404418,38,0,0,0,0,
40000005788,20260210,404418,28,2,2,0,0,
40000005789,20260224,404418,42,1,1,0,0,
40000005790,20260317,404418,12,0,0,0,0,
40000005791,20260505,404418,35,1,1,0,0,
40000005792,20260519,404418,32,0,0,0,0,
40000005793,20260609,404418,7,0,0,0,0,
40000005794,20260623,404418,21,1,1,0,0,
40000005795,20260203,404419,547,37,28,1,0,
40000005796,20260217,404419,564,22,16,1,0,
40000005797,20260324,404419,800,16,16,0,0,
40000005798,20260331,404419,666,23,22,2,2,PRICE_TOO_HIGH
40000005799,20260428,404419,885,32,30,0,0,
40000005800,20260623,404419,605,34,30,1,1,PRICE_TOO_HIGH
40000005801,20260127,404422,17,0,0,0,0,
40000005802,20260203,404422,18,2,2,0,0,
40000005803,20260421,404422,24,1,1,0,0,
40000005804,20260217,404423,23,0,0,0,0,
40000005805,20260324,404423,37,1,1,0,0,
40000005806,20260428,404423,33,1,0,0,0,
40000005807,20260630,404423,27,2,1,0,0,
40000005808,20260120,404424,45,1,1,0,0,
40000005809,20260224,404424,37,1,1,0,0,
40000005810,20260331,404424,15,0,0,0,0,
40000005811,20260421,404424,13,0,0,0,0,
40000005812,20260428,404424,24,0,0,0,0,
40000005813,20260512,404424,32,0,0,0,0,
40000005814,20260519,404424,14,1,0,0,0,
40000005815,20260203,404428,210,6,4,0,0,
40000005816,20260210,404428,220,6,3,0,0,
40000005817,20260421,404428,87,5,3,0,0,
40000005818,20260609,404428,239,3,3,0,0,
40000005819,20260428,404431,342,6,5,0,0,
40000005820,20260505,404431,143,10,7,0,0,
40000005821,20260512,404431,215,6,5,1,0,
40000005822,20260519,404431,180,8,8,1,0,
40000005823,20260616,404433,381,6,2,1,0,
40000005824,20260623,404433,406,7,6,1,0,
40000005825,20260106,404435,137,2,1,0,0,
40000005826,20260210,404435,298,1,1,0,0,
40000005827,20260217,404435,254,6,5,0,0,
40000005828,20260303,404435,220,4,1,0,0,
40000005829,20260519,404435,240,3,3,0,0,
40000005830,20260609,404435,206,2,1,0,0,
40000005831,20260224,404439,37,0,0,0,0,
40000005832,20260324,404439,33,0,0,0,0,
40000005833,20260526,404439,25,0,0,0,0,
40000005834,20260616,404439,22,1,0,0,0,
40000005835,20260217,404440,151,8,8,0,0,
40000005836,20260224,404440,414,2,2,0,0,
40000005837,20260303,404440,410,7,3,1,0,
40000005838,20260310,404440,186,2,2,1,0,
40000005839,20260407,404446,20,0,0,0,0,
40000005840,20260519,404446,26,0,0,0,0,
40000005841,20260609,404446,34,1,1,0,0,
40000005842,20260623,404446,38,2,2,0,0,
40000005843,20260519,404447,321,6,5,1,0,
40000005844,20260526,404447,264,8,5,1,0,
40000005845,20260407,404454,107,1,1,0,0,
40000005846,20260414,404454,241,7,1,0,0,
40000005847,20260428,404454,222,2,2,1,0,
40000005848,20260505,404454,79,2,1,1,0,
40000005849,20260512,404454,66,2,1,0,0,
40000005850,20260526,404454,233,5,1,0,0,
40000005851,20260609,404454,73,6,5,0,0,
40000005852,20260623,404454,243,7,2,0,0,
40000005853,20260630,404454,144,7,2,0,0,
40000005854,20260317,404457,5,2,0,0,0,
40000005855,20260407,404457,17,0,0,0,0,
40000005856,20260512,404457,39,0,0,0,0,
40000005857,20260630,404457,24,0,0,0,0,
40000005858,20260106,404460,41,2,1,0,0,
40000005859,20260414,404460,21,0,0,0,0,
40000005860,20260623,404460,21,2,1,0,0,
40000005861,20260106,404464,18,0,0,0,0,
40000005862,20260120,404464,10,1,0,0,0,
40000005863,20260203,404464,21,1,0,0,0,
40000005864,20260217,404464,42,2,0,0,0,
40000005865,20260407,404464,45,2,0,0,0,
40000005866,20260414,404464,33,1,0,0,0,
40000005867,20260120,404465,162,6,6,0,0,
40000005868,20260203,404465,212,6,6,1,0,
40000005869,20260303,404465,211,7,6,0,0,
40000005870,20260317,404467,317,5,3,1,0,
40000005871,20260324,404467,344,5,4,1,0,
40000005872,20260519,404472,193,4,3,0,0,
40000005873,20260526,404472,173,6,3,0,0,
40000005874,20260609,404472,316,10,4,1,0,
40000005875,20260203,404473,15,1,1,0,0,
40000005876,20260310,404473,35,0,0,0,0,
40000005877,20260324,404473,43,0,0,0,0,
40000005878,20260331,404473,8,0,0,0,0,
40000005879,20260505,404473,6,2,1,0,0,
40000005880,20260512,404473,8,1,1,0,0,
40000005881,20260324,404474,341,5,3,0,0,
40000005882,20260331,404474,267,9,5,0,0,
40000005883,20260203,404475,9,0,0,0,0,
40000005884,20260210,404475,31,0,0,0,0,
40000005885,20260331,404475,37,0,0,0,0,
40000005886,20260407,404475,30,2,0,0,0,
40000005887,20260414,404475,29,2,1,0,0,
40000005888,20260505,404475,25,2,1,0,0,
40000005889,20260512,404476,385,9,3,1,0,
40000005890,20260519,404476,408,4,3,1,0,
40000005891,20260407,404477,325,4,3,0,0,
40000005892,20260414,404477,185,9,8,0,0,
40000005893,20260602,404480,201,4,1,1,0,
40000005894,20260609,404480,166,10,1,1,0,
40000005895,20260113,404483,5,2,2,0,0,
40000005896,20260217,404483,15,0,0,0,0,
40000005897,20260310,404483,16,2,1,0,0,
40000005898,20260414,404483,6,2,1,0,0,
40000005899,20260421,404483,33,0,0,0,0,
40000005900,20260602,404483,37,1,0,0,0,
40000005901,20260609,404483,38,0,0,0,0,
40000005902,20260616,404483,29,0,0,0,0,
40000005903,20260317,404484,164,2,1,0,0,
40000005904,20260407,404484,209,4,4,0,0,
40000005905,20260505,404484,276,3,3,0,0,
40000005906,20260512,404484,206,6,2,0,0,
40000005907,20260616,404484,166,5,4,0,0,
40000005908,20260623,404484,113,1,1,0,0,
40000005909,20260630,404484,126,2,2,0,0,
40000005910,20260317,404485,235,10,9,0,0,
40000005911,20260331,404485,318,4,3,1,0,
40000005912,20260127,404487,21,0,0,0,0,
40000005913,20260210,404487,38,1,0,0,0,
40000005914,20260407,404487,29,0,0,0,0,
40000005915,20260414,404487,28,1,1,0,0,
40000005916,20260505,404487,11,1,0,0,0,
40000005917,20260519,404487,7,0,0,0,0,
40000005918,20260609,404487,9,2,1,0,0,
40000005919,20260630,404487,13,2,0,0,0,
40000005920,20260331,404488,586,27,19,1,1,LOAN_REJECTED
40000005921,20260505,404488,701,17,16,1,1,PRICE_TOO_HIGH
40000005922,20260512,404488,657,30,20,0,0,
40000005923,20260602,404488,793,28,19,0,0,
40000005924,20260630,404488,653,25,25,0,0,
40000005925,20260106,404490,287,6,5,0,0,
40000005926,20260120,404490,201,6,3,0,0,
40000005927,20260127,404490,93,2,1,0,0,
40000005928,20260324,404490,155,5,4,0,0,
40000005929,20260407,404490,86,5,3,0,0,
40000005930,20260616,404490,104,6,3,0,0,
40000005931,20260623,404490,167,2,2,0,0,
40000005932,20260106,404491,21,0,0,0,0,
40000005933,20260127,404491,43,0,0,0,0,
40000005934,20260331,404491,19,2,2,0,0,
40000005935,20260421,404491,28,0,0,0,0,
40000005936,20260210,404492,181,8,4,0,0,
40000005937,20260217,404492,141,10,9,0,0,
40000005938,20260224,404492,286,7,4,1,0,
40000005939,20260303,404492,187,3,1,1,0,
40000005940,20260113,404494,43,1,1,0,0,
40000005941,20260120,404494,8,1,1,0,0,
40000005942,20260210,404494,36,0,0,0,0,
40000005943,20260324,404494,43,0,0,0,0,
40000005944,20260428,404494,33,2,0,0,0,
40000005945,20260526,404494,18,1,1,0,0,
40000005946,20260616,404494,17,2,2,0,0,
40000005947,20260623,404494,19,0,0,0,0,
40000005948,20260106,404495,42,2,2,0,0,
40000005949,20260203,404495,25,1,0,0,0,
40000005950,20260324,404495,42,2,2,0,0,
40000005951,20260602,404495,21,0,0,0,0,
40000005952,20260609,404495,42,2,1,0,0,
40000005953,20260623,404495,17,2,1,0,0,
40000005954,20260630,404495,30,2,1,0,0,
40000005955,20260217,404498,238,6,4,0,0,
40000005956,20260224,404498,267,4,1,0,0,
40000005957,20260310,404498,228,8,2,1,0,
40000005958,20260113,404501,293,4,1,0,0,
40000005959,20260310,404501,96,6,2,0,0,
40000005960,20260331,404501,249,2,2,0,0,
40000005961,20260512,404501,244,3,3,0,0,
40000005962,20260526,404501,176,4,2,0,0,
40000005963,20260616,404501,247,5,3,0,0,
40000005964,20260113,404507,21,1,0,0,0,
40000005965,20260224,404507,20,1,0,0,0,
40000005966,20260303,404507,32,0,0,0,0,
40000005967,20260421,404507,11,2,1,0,0,
40000005968,20260630,404507,38,0,0,0,0,
40000005969,20260407,404510,310,8,7,0,0,
40000005970,20260414,404510,269,6,3,1,0,
40000005971,20260421,404510,188,3,1,1,0,
40000005972,20260120,404511,9,2,1,0,0,
40000005973,20260317,404511,31,1,0,0,0,
40000005974,20260505,404511,35,2,2,0,0,
40000005975,20260113,404513,11,0,0,0,0,
40000005976,20260127,404513,17,0,0,0,0,
40000005977,20260407,404513,8,0,0,0,0,
40000005978,20260505,404513,40,2,0,0,0,
40000005979,20260512,404513,39,0,0,0,0,
40000005980,20260519,404513,20,2,1,0,0,
40000005981,20260602,404513,36,0,0,0,0,
40000005982,20260623,404513,20,1,0,0,0,
40000005983,20260630,404513,34,2,2,0,0,
40000005984,20260106,404514,13,0,0,0,0,
40000005985,20260120,404514,44,0,0,0,0,
40000005986,20260217,404514,26,2,1,0,0,
40000005987,20260324,404514,28,0,0,0,0,
40000005988,20260407,404514,26,1,0,0,0,
40000005989,20260512,404514,30,2,0,0,0,
40000005990,20260609,404514,8,2,2,0,0,
40000005991,20260217,404516,28,2,1,0,0,
40000005992,20260407,404516,42,2,0,0,0,
40000005993,20260421,404516,32,0,0,0,0,
40000005994,20260106,404517,821,19,19,1,1,LOAN_REJECTED
40000005995,20260217,404517,722,37,27,0,0,
40000005996,20260317,404517,590,35,25,0,0,
40000005997,20260324,404517,730,30,30,0,0,
40000005998,20260331,404517,542,30,20,0,0,
40000005999,20260407,404517,629,24,22,1,1,PRICE_TOO_HIGH
40000006000,20260428,404517,791,38,29,0,0,
40000006001,20260526,404517,665,25,25,0,0,
40000006002,20260602,404517,567,34,25,2,2,LOAN_REJECTED
40000006003,20260127,404519,196,6,4,1,0,
40000006004,20260203,404519,191,4,4,0,0,
40000006005,20260407,404519,229,1,1,1,0,
40000006006,20260421,404519,262,7,6,0,0,
40000006007,20260519,404519,94,5,5,0,0,
40000006008,20260602,404519,215,1,1,0,0,
40000006009,20260609,404519,271,2,2,0,0,
40000006010,20260106,404520,639,25,18,0,0,
40000006011,20260127,404520,789,36,26,1,1,PRICE_TOO_HIGH
40000006012,20260203,404520,726,25,17,2,1,LOAN_REJECTED
40000006013,20260303,404520,794,28,23,0,0,
40000006014,20260317,404520,664,34,24,0,0,
40000006015,20260421,404520,748,17,16,0,0,
40000006016,20260428,404520,647,28,28,0,0,
40000006017,20260602,404520,861,38,29,2,1,PRICE_TOO_HIGH
40000006018,20260609,404520,725,27,26,0,0,
40000006019,20260106,404523,39,1,0,0,0,
40000006020,20260113,404523,24,0,0,0,0,
40000006021,20260224,404523,32,2,0,0,0,
40000006022,20260331,404523,12,1,1,0,0,
40000006023,20260512,404523,25,0,0,0,0,
40000006024,20260317,404531,6,0,0,0,0,
40000006025,20260428,404531,11,2,2,0,0,
40000006026,20260616,404531,37,1,0,0,0,
40000006027,20260317,404533,23,2,0,0,0,
40000006028,20260505,404533,38,2,1,0,0,
40000006029,20260519,404533,16,1,1,0,0,
40000006030,20260210,404534,32,0,0,0,0,
40000006031,20260224,404534,21,2,1,0,0,
40000006032,20260303,404534,43,1,0,0,0,
40000006033,20260331,404534,41,2,0,0,0,
40000006034,20260407,404534,26,0,0,0,0,
40000006035,20260512,404534,19,0,0,0,0,
40000006036,20260303,404535,40,0,0,0,0,
40000006037,20260331,404535,42,1,0,0,0,
40000006038,20260526,404535,16,2,2,0,0,
40000006039,20260127,404536,43,2,0,0,0,
40000006040,20260331,404536,44,1,1,0,0,
40000006041,20260421,404536,25,0,0,0,0,
40000006042,20260317,404537,134,9,3,0,0,
40000006043,20260324,404537,126,7,1,0,0,
40000006044,20260331,404537,356,6,4,1,0,
40000006045,20260407,404537,234,7,1,1,0,
40000006046,20260310,404539,31,2,0,0,0,
40000006047,20260324,404539,21,0,0,0,0,
40000006048,20260428,404539,41,0,0,0,0,
40000006049,20260120,404540,17,1,1,0,0,
40000006050,20260203,404540,15,0,0,0,0,
40000006051,20260512,404540,10,1,0,0,0,
40000006052,20260203,404543,41,2,2,0,0,
40000006053,20260303,404543,6,0,0,0,0,
40000006054,20260317,404543,31,2,2,0,0,
40000006055,20260407,404543,6,2,2,0,0,
40000006056,20260428,404543,33,2,2,0,0,
40000006057,20260526,404543,11,2,2,0,0,
40000006058,20260623,404543,18,0,0,0,0,
40000006059,20260630,404543,8,1,0,0,0,
40000006060,20260106,404545,145,10,1,0,0,
40000006061,20260113,404545,327,7,3,0,0,
40000006062,20260120,404545,323,6,1,1,0,
40000006063,20260127,404545,186,5,1,1,0,
40000006064,20260512,404546,78,4,3,0,0,
40000006065,20260519,404546,207,7,1,0,0,
40000006066,20260526,404546,300,7,1,0,0,
40000006067,20260602,404546,69,2,2,0,0,
40000006068,20260120,404550,17,2,2,0,0,
40000006069,20260505,404550,25,1,0,0,0,
40000006070,20260602,404550,30,1,1,0,0,
40000006071,20260616,404550,34,2,2,0,0,
40000006072,20260630,404550,44,2,0,0,0,
40000006073,20260303,404552,34,1,1,0,0,
40000006074,20260317,404552,31,0,0,0,0,
40000006075,20260324,404552,8,1,0,0,0,
40000006076,20260331,404552,11,0,0,0,0,
40000006077,20260602,404552,30,1,0,0,0,
40000006078,20260623,404552,14,0,0,0,0,
40000006079,20260630,404552,38,2,0,0,0,
40000006080,20260407,404555,177,9,5,0,0,
40000006081,20260414,404555,250,5,4,0,0,
40000006082,20260421,404555,281,10,9,1,0,
40000006083,20260428,404555,390,2,2,1,0,
40000006084,20260127,404560,203,4,3,0,0,
40000006085,20260203,404560,124,4,2,1,0,
40000006086,20260210,404560,231,8,8,1,0,
40000006087,20260113,404562,10,1,1,0,0,
40000006088,20260203,404562,36,0,0,0,0,
40000006089,20260407,404562,39,2,2,0,0,
40000006090,20260428,404562,6,2,2,0,0,
40000006091,20260324,404566,286,3,3,0,0,
40000006092,20260331,404566,241,10,5,0,0,
40000006093,20260407,404566,160,2,2,1,0,
40000006094,20260414,404566,149,10,10,1,0,
40000006095,20260414,404567,404,5,5,0,0,
40000006096,20260421,404567,322,3,3,0,0,
40000006097,20260428,404567,372,7,3,1,0,
40000006098,20260505,404567,293,9,2,1,0,
40000006099,20260421,404568,246,9,9,0,0,
40000006100,20260428,404568,407,8,4,0,0,
40000006101,20260505,404568,124,7,2,1,0,
40000006102,20260224,404569,17,1,0,0,0,
40000006103,20260414,404569,26,1,1,0,0,
40000006104,20260512,404569,13,2,2,0,0,
40000006105,20260602,404569,5,0,0,0,0,
40000006106,20260106,404572,21,1,1,0,0,
40000006107,20260317,404572,6,0,0,0,0,
40000006108,20260407,404572,13,2,0,0,0,
40000006109,20260414,404572,31,0,0,0,0,
40000006110,20260421,404572,14,2,2,0,0,
40000006111,20260428,404572,32,2,2,0,0,
40000006112,20260512,404572,6,0,0,0,0,
40000006113,20260526,404572,38,2,0,0,0,
40000006114,20260623,404572,34,2,2,0,0,
40000006115,20260113,404573,39,1,1,0,0,
40000006116,20260120,404573,40,0,0,0,0,
40000006117,20260224,404573,29,0,0,0,0,
40000006118,20260602,404573,10,1,0,0,0,
40000006119,20260616,404573,43,1,0,0,0,
40000006120,20260630,404573,18,2,1,0,0,
40000006121,20260203,404576,30,2,0,0,0,
40000006122,20260303,404576,22,2,0,0,0,
40000006123,20260310,404576,28,2,2,0,0,
40000006124,20260331,404576,23,0,0,0,0,
40000006125,20260414,404576,8,1,1,0,0,
40000006126,20260526,404576,28,2,1,0,0,
40000006127,20260609,404576,8,2,2,0,0,
40000006128,20260616,404576,9,2,0,0,0,
40000006129,20260203,404578,307,2,2,0,0,
40000006130,20260217,404578,207,9,1,1,0,
40000006131,20260120,404579,89,7,1,0,0,
40000006132,20260127,404579,92,7,4,0,0,
40000006133,20260210,404579,238,2,1,0,0,
40000006134,20260414,404579,256,1,1,0,0,
40000006135,20260428,404579,104,2,2,0,0,
40000006136,20260630,404579,289,5,2,0,0,
40000006137,20260120,404580,29,1,1,0,0,
40000006138,20260210,404580,19,1,0,0,0,
40000006139,20260303,404580,41,0,0,0,0,
40000006140,20260519,404580,41,0,0,0,0,
40000006141,20260602,404580,13,0,0,0,0,
40000006142,20260630,404580,8,0,0,0,0,
40000006143,20260210,404581,22,0,0,0,0,
40000006144,20260217,404581,43,1,0,0,0,
40000006145,20260303,404581,25,1,1,0,0,
40000006146,20260407,404581,40,1,1,0,0,
40000006147,20260428,404581,27,1,0,0,0,
40000006148,20260526,404581,14,0,0,0,0,
40000006149,20260602,404581,33,2,1,0,0,
40000006150,20260609,404581,25,2,0,0,0,
40000006151,20260623,404581,18,1,1,0,0,
40000006152,20260120,404582,259,3,2,0,0,
40000006153,20260127,404582,166,7,3,0,0,
40000006154,20260210,404582,280,5,4,1,0,
40000006155,20260224,404584,162,5,3,0,0,
40000006156,20260310,404584,332,3,1,1,0,
40000006157,20260317,404584,416,10,3,1,0,
40000006158,20260106,404585,121,3,1,0,0,
40000006159,20260120,404585,88,4,4,0,0,
40000006160,20260210,404585,132,1,1,1,0,
40000006161,20260224,404585,123,1,1,0,0,
40000006162,20260310,404585,292,3,2,0,0,
40000006163,20260505,404585,74,1,1,0,0,
40000006164,20260623,404585,281,6,2,0,0,
40000006165,20260106,404586,31,1,1,0,0,
40000006166,20260210,404586,16,0,0,0,0,
40000006167,20260303,404586,20,2,0,0,0,
40000006168,20260421,404586,11,1,0,0,0,
40000006169,20260512,404586,22,0,0,0,0,
40000006170,20260526,404586,22,0,0,0,0,
40000006171,20260602,404586,27,0,0,0,0,
40000006172,20260210,404587,7,1,1,0,0,
40000006173,20260505,404587,12,0,0,0,0,
40000006174,20260512,404587,9,2,2,0,0,
40000006175,20260421,404591,31,1,1,0,0,
40000006176,20260519,404591,6,2,0,0,0,
40000006177,20260602,404591,27,2,2,0,0,
40000006178,20260505,404594,170,4,3,0,0,
40000006179,20260512,404594,351,3,2,0,0,
40000006180,20260526,404594,418,6,5,1,0,
40000006181,20260127,404595,7,0,0,0,0,
40000006182,20260203,404595,31,0,0,0,0,
40000006183,20260303,404595,31,2,1,0,0,
40000006184,20260317,404595,37,1,1,0,0,
40000006185,20260324,404595,44,2,1,0,0,
40000006186,20260331,404595,36,2,2,0,0,
40000006187,20260414,404595,43,0,0,0,0,
40000006188,20260505,404595,6,2,2,0,0,
40000006189,20260519,404595,43,2,1,0,0,
40000006190,20260106,404596,193,1,1,0,0,
40000006191,20260331,404596,182,3,3,0,0,
40000006192,20260414,404596,228,5,5,0,0,
40000006193,20260512,404596,196,2,2,0,0,
40000006194,20260519,404596,168,2,1,0,0,
40000006195,20260602,404597,148,7,3,0,0,
40000006196,20260616,404597,340,5,4,1,0,
40000006197,20260623,404597,383,8,1,1,0,
40000006198,20260310,404600,16,1,1,0,0,
40000006199,20260407,404600,26,0,0,0,0,
40000006200,20260519,404600,15,2,2,0,0,
40000006201,20260602,404600,21,0,0,0,0,
40000006202,20260106,404603,199,4,3,0,0,
40000006203,20260113,404603,135,5,5,0,0,
40000006204,20260120,404603,219,4,4,0,0,
40000006205,20260127,404603,86,2,1,0,0,
40000006206,20260203,404603,290,1,1,1,0,
40000006207,20260224,404603,118,3,2,0,0,
40000006208,20260414,404603,187,5,4,0,0,
40000006209,20260428,404603,107,6,5,0,0,
40000006210,20260505,404603,114,7,6,0,0,
40000006211,20260602,404603,109,7,7,0,0,
40000006212,20260113,404604,97,3,3,1,0,
40000006213,20260127,404604,247,7,6,0,0,
40000006214,20260217,404604,169,5,5,0,0,
40000006215,20260303,404604,291,7,7,0,0,
40000006216,20260407,404604,232,4,1,0,0,
40000006217,20260428,404604,105,7,2,0,0,
40000006218,20260120,404606,15,1,0,0,0,
40000006219,20260331,404606,26,2,2,0,0,
40000006220,20260421,404606,32,0,0,0,0,
40000006221,20260623,404606,38,1,1,0,0,
40000006222,20260120,404608,15,2,2,0,0,
40000006223,20260414,404608,43,0,0,0,0,
40000006224,20260421,404608,39,1,1,0,0,
40000006225,20260630,404608,25,1,0,0,0,
40000006226,20260331,404609,631,35,27,0,0,
40000006227,20260421,404609,779,37,29,2,1,DEFECT_FOUND
40000006228,20260512,404609,635,18,16,0,0,
40000006229,20260616,404609,872,35,27,3,2,PRICE_TOO_HIGH
40000006230,20260120,404610,27,1,0,0,0,
40000006231,20260324,404610,24,0,0,0,0,
40000006232,20260414,404610,19,2,1,0,0,
40000006233,20260421,404610,31,2,2,0,0,
40000006234,20260609,404610,21,1,1,0,0,
40000006235,20260120,404611,13,1,0,0,0,
40000006236,20260210,404611,10,0,0,0,0,
40000006237,20260224,404611,33,2,0,0,0,
40000006238,20260519,404611,20,0,0,0,0,
40000006239,20260602,404611,41,1,0,0,0,
40000006240,20260127,404612,24,2,0,0,0,
40000006241,20260210,404612,17,0,0,0,0,
40000006242,20260519,404612,44,1,1,0,0,
40000006243,20260616,404612,9,0,0,0,0,
40000006244,20260120,404614,6,1,1,0,0,
40000006245,20260324,404614,16,0,0,0,0,
40000006246,20260526,404614,29,2,1,0,0,
40000006247,20260630,404614,39,0,0,0,0,
40000006248,20260113,404621,7,2,1,0,0,
40000006249,20260127,404621,43,0,0,0,0,
40000006250,20260303,404621,34,1,1,0,0,
40000006251,20260324,404621,20,1,0,0,0,
40000006252,20260602,404621,27,1,0,0,0,
40000006253,20260623,404621,43,1,1,0,0,
40000006254,20260630,404621,23,1,1,0,0,
40000006255,20260113,404622,24,2,1,0,0,
40000006256,20260203,404622,31,1,1,0,0,
40000006257,20260310,404622,10,1,1,0,0,
40000006258,20260317,404622,16,0,0,0,0,
40000006259,20260421,404622,18,2,2,0,0,
40000006260,20260602,404622,23,1,0,0,0,
40000006261,20260609,404622,7,0,0,0,0,
40000006262,20260630,404622,27,1,0,0,0,
40000006263,20260203,404623,31,2,2,0,0,
40000006264,20260210,404623,18,2,1,0,0,
40000006265,20260317,404623,29,1,1,0,0,
40000006266,20260421,404623,26,1,1,0,0,
40000006267,20260519,404623,10,0,0,0,0,
40000006268,20260602,404623,24,1,1,0,0,
40000006269,20260120,404625,408,5,4,0,0,
40000006270,20260127,404625,321,3,1,0,0,
40000006271,20260210,404625,140,6,3,1,0,
40000006272,20260224,404627,30,1,1,0,0,
40000006273,20260505,404627,24,0,0,0,0,
40000006274,20260609,404627,5,0,0,0,0,
40000006275,20260106,404628,15,1,0,0,0,
40000006276,20260113,404628,33,1,1,0,0,
40000006277,20260120,404628,21,2,2,0,0,
40000006278,20260127,404628,16,2,2,0,0,
40000006279,20260317,404628,11,0,0,0,0,
40000006280,20260324,404628,7,0,0,0,0,
40000006281,20260414,404628,36,0,0,0,0,
40000006282,20260428,404628,23,2,2,0,0,
40000006283,20260623,404628,31,0,0,0,0,
40000006284,20260203,404629,33,2,0,0,0,
40000006285,20260224,404629,35,2,2,0,0,
40000006286,20260317,404629,14,1,0,0,0,
40000006287,20260414,404629,42,2,2,0,0,
40000006288,20260428,404629,9,0,0,0,0,
40000006289,20260609,404629,9,1,0,0,0,
40000006290,20260630,404629,41,0,0,0,0,
40000006291,20260428,404630,199,6,4,0,0,
40000006292,20260505,404630,409,10,7,0,0,
40000006293,20260512,404630,219,8,7,1,0,
40000006294,20260519,404630,300,4,4,1,0,
40000006295,20260106,404634,29,2,0,0,0,
40000006296,20260310,404634,13,0,0,0,0,
40000006297,20260407,404634,20,2,1,0,0,
40000006298,20260414,404634,24,2,2,0,0,
40000006299,20260526,404634,5,1,0,0,0,
40000006300,20260224,404635,186,8,2,0,0,
40000006301,20260303,404635,138,3,1,0,0,
40000006302,20260310,404635,407,5,4,1,0,
40000006303,20260106,404636,13,1,1,0,0,
40000006304,20260113,404636,32,1,1,0,0,
40000006305,20260120,404636,27,2,2,0,0,
40000006306,20260317,404636,5,1,0,0,0,
40000006307,20260331,404636,34,1,0,0,0,
40000006308,20260407,404636,14,0,0,0,0,
40000006309,20260414,404636,28,2,2,0,0,
40000006310,20260526,404636,41,2,0,0,0,
40000006311,20260623,404636,45,2,1,0,0,
40000006312,20260127,404637,145,4,3,0,0,
40000006313,20260203,404637,139,5,5,0,0,
40000006314,20260317,404637,177,2,2,1,0,
40000006315,20260407,404637,226,2,2,0,0,
40000006316,20260505,404637,294,7,5,0,0,
40000006317,20260512,404637,265,7,1,0,0,
40000006318,20260602,404637,120,4,2,0,0,
40000006319,20260630,404637,160,1,1,0,0,
40000006320,20260106,404638,19,0,0,0,0,
40000006321,20260120,404638,8,2,2,0,0,
40000006322,20260127,404638,33,0,0,0,0,
40000006323,20260317,404638,45,1,1,0,0,
40000006324,20260324,404638,6,1,1,0,0,
40000006325,20260331,404638,7,0,0,0,0,
40000006326,20260602,404638,42,0,0,0,0,
40000006327,20260526,404639,267,7,3,0,0,
40000006328,20260602,404639,404,5,2,0,0,
40000006329,20260616,404639,239,8,6,1,0,
40000006330,20260203,404643,203,7,2,0,0,
40000006331,20260217,404643,119,2,2,0,0,
40000006332,20260224,404643,225,6,3,0,0,
40000006333,20260317,404643,247,1,1,0,0,
40000006334,20260324,404643,147,7,3,1,1,LOAN_REJECTED
40000006335,20260407,404643,201,6,6,0,0,
40000006336,20260526,404643,131,3,2,0,0,
40000006337,20260602,404643,151,2,2,0,0,
40000006338,20260303,404646,42,0,0,0,0,
40000006339,20260317,404646,28,1,0,0,0,
40000006340,20260324,404646,34,1,1,0,0,
40000006341,20260512,404646,39,0,0,0,0,
40000006342,20260519,404646,6,1,1,0,0,
40000006343,20260609,404646,45,2,2,0,0,
40000006344,20260616,404646,21,0,0,0,0,
40000006345,20260630,404646,38,2,1,0,0,
40000006346,20260120,404647,199,3,2,1,0,
40000006347,20260210,404647,108,5,3,0,0,
40000006348,20260324,404647,245,7,1,0,0,
40000006349,20260407,404647,196,5,1,0,0,
40000006350,20260421,404647,289,5,4,0,0,
40000006351,20260505,404647,66,6,3,0,0,
40000006352,20260512,404647,82,5,3,0,0,
40000006353,20260602,404647,81,3,2,0,0,
40000006354,20260630,404647,217,5,5,0,0,
40000006355,20260106,404649,31,1,1,0,0,
40000006356,20260317,404649,24,1,1,0,0,
40000006357,20260519,404649,42,1,1,0,0,
40000006358,20260526,404649,25,2,1,0,0,
40000006359,20260317,404651,286,3,2,0,0,
40000006360,20260324,404651,232,4,1,1,0,
40000006361,20260331,404651,380,9,4,1,0,
40000006362,20260505,404652,360,5,4,0,0,
40000006363,20260512,404652,311,7,7,0,0,
40000006364,20260519,404652,350,5,2,1,0,
40000006365,20260526,404652,239,10,3,1,0,
40000006366,20260106,404655,30,0,0,0,0,
40000006367,20260113,404655,18,0,0,0,0,
40000006368,20260203,404655,26,2,0,0,0,
40000006369,20260407,404655,28,1,0,0,0,
40000006370,20260428,404655,41,2,2,0,0,
40000006371,20260505,404655,12,0,0,0,0,
40000006372,20260526,404655,32,0,0,0,0,
40000006373,20260113,404659,21,0,0,0,0,
40000006374,20260120,404659,34,0,0,0,0,
40000006375,20260210,404659,42,1,1,0,0,
40000006376,20260217,404659,17,1,1,0,0,
40000006377,20260519,404659,21,2,0,0,0,
40000006378,20260609,404659,43,1,0,0,0,
40000006379,20260623,404659,33,0,0,0,0,
40000006380,20260317,404660,212,8,8,0,0,
40000006381,20260324,404660,304,2,2,1,0,
40000006382,20260106,404661,31,2,0,0,0,
40000006383,20260127,404661,28,0,0,0,0,
40000006384,20260203,404661,40,1,0,0,0,
40000006385,20260217,404661,23,0,0,0,0,
40000006386,20260127,404663,195,6,3,0,0,
40000006387,20260203,404663,103,4,4,0,0,
40000006388,20260224,404663,253,6,2,0,0,
40000006389,20260519,404663,207,4,3,0,0,
40000006390,20260616,404663,62,6,2,1,0,
40000006391,20260623,404663,61,4,2,0,0,
40000006392,20260630,404663,288,2,2,0,0,
40000006393,20260113,404665,19,2,2,0,0,
40000006394,20260203,404665,43,1,1,0,0,
40000006395,20260303,404665,13,2,0,0,0,
40000006396,20260317,404665,41,1,1,0,0,
40000006397,20260407,404665,43,2,2,0,0,
40000006398,20260414,404665,22,1,1,0,0,
40000006399,20260428,404665,9,0,0,0,0,
40000006400,20260505,404665,7,2,2,0,0,
40000006401,20260609,404665,41,0,0,0,0,
40000006402,20260303,404667,171,8,4,0,0,
40000006403,20260317,404667,402,5,3,1,0,
40000006404,20260210,404670,351,9,3,0,0,
40000006405,20260224,404670,299,5,1,1,0,
40000006406,20260106,404672,332,9,5,1,0,
40000006407,20260113,404672,352,3,2,1,0,
40000006408,20260106,404677,38,1,0,0,0,
40000006409,20260303,404677,45,0,0,0,0,
40000006410,20260310,404677,45,1,0,0,0,
40000006411,20260526,404677,37,0,0,0,0,
40000006412,20260127,404678,8,1,0,0,0,
40000006413,20260203,404678,40,0,0,0,0,
40000006414,20260210,404678,41,1,0,0,0,
40000006415,20260317,404678,5,0,0,0,0,
40000006416,20260331,404678,20,1,1,0,0,
40000006417,20260421,404678,27,0,0,0,0,
40000006418,20260526,404678,16,2,2,0,0,
40000006419,20260609,404678,30,0,0,0,0,
40000006420,20260630,404678,7,0,0,0,0,
40000006421,20260113,404681,70,7,5,0,0,
40000006422,20260120,404681,189,7,7,0,0,
40000006423,20260127,404681,243,4,1,0,0,
40000006424,20260310,404681,115,4,2,0,0,
40000006425,20260317,404681,94,5,2,0,0,
40000006426,20260324,404681,296,4,1,0,0,
40000006427,20260407,404681,246,5,3,1,0,
40000006428,20260512,404681,73,5,4,0,0,
40000006429,20260609,404681,72,1,1,0,0,
40000006430,20260623,404681,142,3,1,0,0,
40000006431,20260106,404683,389,5,2,1,0,
40000006432,20260113,404683,239,7,1,1,0,
40000006433,20260519,404684,227,10,8,0,0,
40000006434,20260526,404684,126,4,1,0,0,
40000006435,20260602,404684,278,10,3,1,0,
40000006436,20260609,404684,178,2,1,1,0,
40000006437,20260120,404686,20,1,1,0,0,
40000006438,20260127,404686,13,2,0,0,0,
40000006439,20260203,404686,9,2,1,0,0,
40000006440,20260210,404686,11,0,0,0,0,
40000006441,20260310,404686,9,2,0,0,0,
40000006442,20260428,404686,36,0,0,0,0,
40000006443,20260505,404686,5,2,0,0,0,
40000006444,20260609,404686,30,2,0,0,0,
40000006445,20260630,404686,43,2,0,0,0,
40000006446,20260106,404687,12,2,0,0,0,
40000006447,20260203,404687,44,1,1,0,0,
40000006448,20260217,404687,16,2,2,0,0,
40000006449,20260317,404687,19,2,1,0,0,
40000006450,20260505,404687,38,0,0,0,0,
40000006451,20260526,404687,21,2,2,0,0,
40000006452,20260616,404687,18,0,0,0,0,
40000006453,20260623,404687,33,2,2,0,0,
40000006454,20260106,404688,31,2,2,0,0,
40000006455,20260127,404688,20,2,1,0,0,
40000006456,20260303,404688,44,1,1,0,0,
40000006457,20260310,404688,5,1,1,0,0,
40000006458,20260414,404688,12,1,0,0,0,
40000006459,20260623,404688,40,1,1,0,0,
40000006460,20260120,404689,18,2,2,0,0,
40000006461,20260203,404689,26,1,1,0,0,
40000006462,20260421,404689,5,0,0,0,0,
40000006463,20260428,404689,41,1,0,0,0,
40000006464,20260630,404689,40,0,0,0,0,
40000006465,20260106,404691,10,1,1,0,0,
40000006466,20260113,404691,28,0,0,0,0,
40000006467,20260217,404691,11,0,0,0,0,
40000006468,20260310,404691,13,1,0,0,0,
40000006469,20260331,404691,9,1,0,0,0,
40000006470,20260421,404691,30,0,0,0,0,
40000006471,20260512,404691,23,2,1,0,0,
40000006472,20260519,404691,29,0,0,0,0,
40000006473,20260210,404694,36,1,0,0,0,
40000006474,20260224,404694,41,0,0,0,0,
40000006475,20260407,404694,45,1,1,0,0,
40000006476,20260428,404694,16,0,0,0,0,
40000006477,20260512,404694,30,1,0,0,0,
40000006478,20260616,404694,41,0,0,0,0,
40000006479,20260106,404696,39,0,0,0,0,
40000006480,20260324,404696,28,0,0,0,0,
40000006481,20260331,404696,17,2,2,0,0,
40000006482,20260407,404696,44,2,2,0,0,
40000006483,20260526,404696,19,0,0,0,0,
40000006484,20260623,404696,41,2,2,0,0,
40000006485,20260630,404696,24,0,0,0,0,
40000006486,20260210,404697,22,2,2,0,0,
40000006487,20260407,404697,41,1,1,0,0,
40000006488,20260414,404697,33,1,1,0,0,
40000006489,20260106,404702,43,2,1,0,0,
40000006490,20260113,404702,41,0,0,0,0,
40000006491,20260120,404702,24,0,0,0,0,
40000006492,20260203,404702,10,1,0,0,0,
40000006493,20260324,404702,10,1,1,0,0,
40000006494,20260526,404702,18,2,0,0,0,
40000006495,20260609,404702,8,2,1,0,0,
40000006496,20260630,404702,34,1,1,0,0,
40000006497,20260210,404704,20,0,0,0,0,
40000006498,20260317,404704,9,2,2,0,0,
40000006499,20260331,404704,40,0,0,0,0,
40000006500,20260407,404704,9,0,0,0,0,
40000006501,20260519,404704,32,2,1,0,0,
40000006502,20260602,404704,36,2,0,0,0,
40000006503,20260609,404704,17,2,0,0,0,
40000006504,20260623,404704,36,0,0,0,0,
40000006505,20260106,404709,31,1,0,0,0,
40000006506,20260210,404709,39,1,1,0,0,
40000006507,20260310,404709,33,1,1,0,0,
40000006508,20260421,404709,9,0,0,0,0,
40000006509,20260519,404709,22,2,0,0,0,
40000006510,20260526,404709,19,0,0,0,0,
40000006511,20260602,404709,37,2,2,0,0,
40000006512,20260609,404709,15,1,1,0,0,
40000006513,20260428,404710,387,5,5,0,0,
40000006514,20260505,404710,127,5,1,1,0,
40000006515,20260106,404712,245,1,1,0,0,
40000006516,20260127,404712,124,2,2,1,0,
40000006517,20260224,404712,126,7,2,0,0,
40000006518,20260317,404712,64,4,1,0,0,
40000006519,20260519,404712,119,1,1,0,0,
40000006520,20260609,404712,295,4,4,0,0,
40000006521,20260630,404712,126,4,1,0,0,
40000006522,20260317,404713,185,3,1,0,0,
40000006523,20260324,404713,315,6,2,0,0,
40000006524,20260331,404713,121,6,2,1,0,
40000006525,20260407,404713,220,5,2,1,0,
40000006526,20260428,404715,356,3,1,0,0,
40000006527,20260512,404715,315,4,3,1,0,
40000006528,20260519,404715,369,9,6,1,0,
40000006529,20260203,404716,25,0,0,0,0,
40000006530,20260224,404716,11,2,2,0,0,
40000006531,20260303,404716,6,0,0,0,0,
40000006532,20260317,404716,25,0,0,0,0,
40000006533,20260407,404716,7,2,0,0,0,
40000006534,20260421,404716,9,0,0,0,0,
40000006535,20260428,404716,16,1,0,0,0,
40000006536,20260526,404716,12,0,0,0,0,
40000006537,20260120,404717,17,2,2,0,0,
40000006538,20260127,404717,26,0,0,0,0,
40000006539,20260310,404717,39,1,1,0,0,
40000006540,20260616,404717,6,2,0,0,0,
40000006541,20260210,404718,386,2,2,0,0,
40000006542,20260217,404718,394,10,5,0,0,
40000006543,20260224,404718,153,10,5,1,0,
40000006544,20260303,404718,239,7,5,1,0,
40000006545,20260113,404719,182,1,1,0,0,
40000006546,20260127,404719,272,5,2,0,0,
40000006547,20260310,404719,165,6,6,0,0,
40000006548,20260407,404719,147,7,2,0,0,
40000006549,20260428,404719,268,2,2,0,0,
40000006550,20260505,404719,223,2,1,0,0,
40000006551,20260609,404719,282,1,1,0,0,
40000006552,20260623,404719,152,6,3,0,0,
40000006553,20260120,404720,9,1,0,0,0,
40000006554,20260217,404720,23,0,0,0,0,
40000006555,20260324,404720,20,0,0,0,0,
40000006556,20260331,404720,5,1,1,0,0,
40000006557,20260421,404720,12,0,0,0,0,
40000006558,20260512,404720,9,1,0,0,0,
40000006559,20260630,404720,9,2,0,0,0,
40000006560,20260106,404724,82,5,5,0,0,
40000006561,20260120,404724,136,2,2,0,0,
40000006562,20260217,404724,161,1,1,0,0,
40000006563,20260224,404724,268,5,4,0,0,
40000006564,20260324,404724,126,6,6,1,0,
40000006565,20260407,404724,113,6,3,0,0,
40000006566,20260512,404724,79,1,1,0,0,
40000006567,20260602,404724,193,7,2,0,0,
40000006568,20260623,404724,240,6,3,0,0,
40000006569,20260120,404725,43,2,1,0,0,
40000006570,20260210,404725,31,2,0,0,0,
40000006571,20260217,404725,33,1,1,0,0,
40000006572,20260303,404725,43,2,0,0,0,
40000006573,20260310,404725,12,2,2,0,0,
40000006574,20260331,404725,9,1,0,0,0,
40000006575,20260505,404725,7,2,2,0,0,
40000006576,20260526,404725,28,1,1,0,0,
40000006577,20260120,404728,38,1,0,0,0,
40000006578,20260310,404728,44,2,0,0,0,
40000006579,20260317,404728,26,2,2,0,0,
40000006580,20260407,404728,31,1,1,0,0,
40000006581,20260303,404729,275,8,3,0,0,
40000006582,20260310,404729,410,2,1,0,0,
40000006583,20260317,404729,233,5,2,1,0,
40000006584,20260324,404729,327,10,9,1,0,
40000006585,20260210,404730,189,10,8,0,0,
40000006586,20260217,404730,131,3,3,1,0,
40000006587,20260224,404730,374,6,5,1,0,
40000006588,20260113,404731,16,2,1,0,0,
40000006589,20260127,404731,22,0,0,0,0,
40000006590,20260324,404731,6,1,1,0,0,
40000006591,20260407,404731,37,0,0,0,0,
40000006592,20260414,404731,21,1,1,0,0,
40000006593,20260428,404731,18,1,1,0,0,
40000006594,20260505,404731,29,0,0,0,0,
40000006595,20260210,404733,43,2,0,0,0,
40000006596,20260224,404733,15,1,0,0,0,
40000006597,20260421,404733,31,2,2,0,0,
40000006598,20260602,404733,13,1,0,0,0,
40000006599,20260113,404735,23,1,0,0,0,
40000006600,20260127,404735,25,0,0,0,0,
40000006601,20260210,404735,33,1,1,0,0,
40000006602,20260414,404735,14,1,0,0,0,
40000006603,20260421,404735,29,1,1,0,0,
40000006604,20260428,404735,10,0,0,0,0,
40000006605,20260127,404736,570,33,28,0,0,
40000006606,20260310,404736,603,24,23,1,1,PRICE_TOO_HIGH
40000006607,20260317,404736,706,26,20,0,0,
40000006608,20260407,404736,898,26,20,1,1,DEFECT_FOUND
40000006609,20260512,404736,585,17,16,0,0,
40000006610,20260519,404736,880,22,19,2,0,
40000006611,20260602,404736,580,30,21,0,0,
40000006612,20260609,404736,785,33,28,1,1,PRICE_TOO_HIGH
40000006613,20260106,404737,122,6,3,0,0,
40000006614,20260113,404737,98,5,1,0,0,
40000006615,20260303,404737,260,2,2,0,0,
40000006616,20260616,404737,185,7,5,0,0,
40000006617,20260210,404738,198,8,7,0,0,
40000006618,20260224,404738,215,2,2,1,0,
40000006619,20260303,404738,353,9,3,1,0,
40000006620,20260224,404742,23,0,0,0,0,
40000006621,20260303,404742,23,0,0,0,0,
40000006622,20260324,404742,26,2,2,0,0,
40000006623,20260127,404743,18,0,0,0,0,
40000006624,20260310,404743,6,2,1,0,0,
40000006625,20260331,404743,43,1,1,0,0,
40000006626,20260407,404744,252,10,7,0,0,
40000006627,20260421,404744,306,5,2,1,0,
40000006628,20260421,404747,354,10,9,0,0,
40000006629,20260428,404747,389,3,2,0,0,
40000006630,20260505,404747,199,8,3,1,0,
40000006631,20260512,404747,129,8,2,1,0,
40000006632,20260303,404748,36,0,0,0,0,
40000006633,20260310,404748,18,0,0,0,0,
40000006634,20260421,404748,31,0,0,0,0,
40000006635,20260428,404748,44,2,0,0,0,
40000006636,20260512,404748,7,0,0,0,0,
40000006637,20260519,404748,38,0,0,0,0,
40000006638,20260616,404748,34,2,1,0,0,
40000006639,20260106,404751,239,1,1,0,0,
40000006640,20260120,404751,284,6,4,0,0,
40000006641,20260203,404751,202,4,2,0,0,
40000006642,20260224,404751,269,2,1,0,0,
40000006643,20260331,404751,166,1,1,0,0,
40000006644,20260407,404751,195,4,1,0,0,
40000006645,20260526,404751,201,2,1,0,0,
40000006646,20260630,404751,271,6,6,0,0,
40000006647,20260113,404752,176,2,1,1,0,
40000006648,20260120,404752,307,5,4,1,0,
40000006649,20260127,404754,12,1,0,0,0,
40000006650,20260203,404754,14,0,0,0,0,
40000006651,20260310,404754,18,1,1,0,0,
40000006652,20260407,404754,13,2,2,0,0,
40000006653,20260421,404754,6,1,1,0,0,
40000006654,20260526,404754,20,1,0,0,0,
40000006655,20260106,404755,586,30,26,2,2,LOAN_REJECTED
40000006656,20260203,404755,702,30,28,0,0,
40000006657,20260224,404755,795,33,23,1,1,PRICE_TOO_HIGH
40000006658,20260324,404755,877,36,29,0,0,
40000006659,20260428,404755,781,28,24,1,1,PRICE_TOO_HIGH
40000006660,20260505,404755,522,17,16,0,0,
40000006661,20260512,404755,758,18,17,0,0,
40000006662,20260609,404755,566,34,25,1,1,PRICE_TOO_HIGH
40000006663,20260630,404755,783,36,26,0,0,
40000006664,20260106,404757,20,2,0,0,0,
40000006665,20260120,404757,26,0,0,0,0,
40000006666,20260303,404757,25,0,0,0,0,
40000006667,20260324,404757,12,0,0,0,0,
40000006668,20260127,404759,224,2,1,0,0,
40000006669,20260210,404759,392,9,3,1,0,
40000006670,20260113,404760,209,3,2,0,0,
40000006671,20260203,404760,284,5,1,0,0,
40000006672,20260331,404760,268,3,1,0,0,
40000006673,20260407,404760,163,3,3,0,0,
40000006674,20260414,404760,166,7,4,0,0,
40000006675,20260428,404760,272,3,3,0,0,
40000006676,20260505,404760,174,7,3,1,0,
40000006677,20260526,404760,120,1,1,0,0,
40000006678,20260616,404760,189,6,6,0,0,
40000006679,20260113,404762,21,1,0,0,0,
40000006680,20260127,404762,19,2,1,0,0,
40000006681,20260203,404762,19,1,1,0,0,
40000006682,20260224,404762,29,1,0,0,0,
40000006683,20260414,404762,31,2,2,0,0,
40000006684,20260428,404762,5,1,0,0,0,
40000006685,20260505,404762,38,2,2,0,0,
40000006686,20260602,404762,45,2,2,0,0,
40000006687,20260616,404762,32,1,1,0,0,
40000006688,20260106,404763,16,1,1,0,0,
40000006689,20260421,404763,31,0,0,0,0,
40000006690,20260505,404763,38,2,1,0,0,
40000006691,20260512,404763,20,0,0,0,0,
40000006692,20260203,404765,41,1,1,0,0,
40000006693,20260414,404765,5,1,0,0,0,
40000006694,20260505,404765,6,0,0,0,0,
40000006695,20260609,404765,18,0,0,0,0,
40000006696,20260616,404765,32,0,0,0,0,
40000006697,20260630,404765,45,2,1,0,0,
40000006698,20260106,404767,29,2,0,0,0,
40000006699,20260113,404767,39,1,0,0,0,
40000006700,20260120,404767,21,1,1,0,0,
40000006701,20260210,404767,5,0,0,0,0,
40000006702,20260224,404767,25,0,0,0,0,
40000006703,20260303,404767,19,1,0,0,0,
40000006704,20260428,404767,38,1,0,0,0,
40000006705,20260602,404767,45,0,0,0,0,
40000006706,20260630,404767,32,0,0,0,0,
40000006707,20260127,404771,40,2,0,0,0,
40000006708,20260203,404771,18,2,0,0,0,
40000006709,20260224,404771,14,2,1,0,0,
40000006710,20260324,404771,43,2,0,0,0,
40000006711,20260414,404771,23,0,0,0,0,
40000006712,20260421,404771,33,2,2,0,0,
40000006713,20260602,404771,42,2,2,0,0,
40000006714,20260609,404771,29,1,0,0,0,
40000006715,20260623,404771,45,1,0,0,0,
40000006716,20260310,404773,41,1,1,0,0,
40000006717,20260414,404773,34,1,0,0,0,
40000006718,20260421,404773,20,1,0,0,0,
40000006719,20260505,404773,25,1,1,0,0,
40000006720,20260630,404773,41,1,0,0,0,
40000006721,20260512,404774,291,7,1,0,0,
40000006722,20260526,404774,316,3,1,1,0,
40000006723,20260602,404774,213,4,3,1,0,
40000006724,20260106,404775,5,1,1,0,0,
40000006725,20260310,404775,24,0,0,0,0,
40000006726,20260331,404775,10,1,0,0,0,
40000006727,20260609,404775,22,1,0,0,0,
40000006728,20260623,404775,33,1,1,0,0,
40000006729,20260203,404781,18,2,1,0,0,
40000006730,20260217,404781,40,1,0,0,0,
40000006731,20260317,404781,39,1,1,0,0,
40000006732,20260407,404781,10,1,0,0,0,
40000006733,20260421,404781,28,1,0,0,0,
40000006734,20260609,404781,13,1,1,0,0,
40000006735,20260113,404782,111,3,1,0,0,
40000006736,20260120,404782,221,2,2,0,0,
40000006737,20260210,404782,128,1,1,0,0,
40000006738,20260217,404782,190,5,3,1,0,
40000006739,20260317,404782,149,4,3,0,0,
40000006740,20260407,404782,239,1,1,0,0,
40000006741,20260414,404782,93,5,3,0,0,
40000006742,20260616,404782,185,4,4,0,0,
40000006743,20260317,404784,369,8,4,0,0,
40000006744,20260324,404784,341,9,8,0,0,
40000006745,20260331,404784,155,6,1,1,0,
40000006746,20260407,404784,126,9,1,1,0,
40000006747,20260127,404786,27,0,0,0,0,
40000006748,20260310,404786,16,0,0,0,0,
40000006749,20260421,404786,37,1,1,0,0,
40000006750,20260428,404786,26,0,0,0,0,
40000006751,20260602,404786,17,2,2,0,0,
40000006752,20260630,404786,16,0,0,0,0,
40000006753,20260303,404788,363,6,6,0,0,
40000006754,20260317,404788,285,3,3,1,0,
40000006755,20260127,404791,260,3,1,0,0,
40000006756,20260203,404791,287,3,2,1,0,
40000006757,20260106,404793,10,1,1,0,0,
40000006758,20260127,404793,14,1,1,0,0,
40000006759,20260317,404793,41,1,1,0,0,
40000006760,20260428,404793,37,2,2,0,0,
40000006761,20260609,404793,7,2,2,0,0,
40000006762,20260616,404793,6,0,0,0,0,
40000006763,20260113,404797,288,2,2,0,0,
40000006764,20260120,404797,210,3,1,0,0,
40000006765,20260127,404797,271,9,3,1,0,
40000006766,20260203,404797,316,9,7,1,0,
40000006767,20260120,404798,11,0,0,0,0,
40000006768,20260127,404798,33,2,1,0,0,
40000006769,20260421,404798,43,0,0,0,0,
40000006770,20260106,404800,23,1,0,0,0,
40000006771,20260120,404800,36,2,1,0,0,
40000006772,20260224,404800,35,2,2,0,0,
40000006773,20260303,404800,14,0,0,0,0,
40000006774,20260407,404800,40,1,0,0,0,
40000006775,20260512,404800,16,0,0,0,0,
40000006776,20260616,404800,45,2,1,0,0,
40000006777,20260623,404800,18,0,0,0,0,
40000006778,20260127,404801,36,2,1,0,0,
40000006779,20260303,404801,6,0,0,0,0,
40000006780,20260317,404801,40,0,0,0,0,
40000006781,20260331,404801,26,2,0,0,0,
40000006782,20260526,404801,41,0,0,0,0,
40000006783,20260609,404801,32,0,0,0,0,
40000006784,20260331,404802,149,7,3,0,0,
40000006785,20260407,404802,346,9,5,0,0,
40000006786,20260210,404803,257,3,3,0,0,
40000006787,20260224,404803,189,3,3,0,0,
40000006788,20260505,404803,219,1,1,0,0,
40000006789,20260512,404803,238,7,4,0,0,
40000006790,20260602,404803,129,3,3,0,0,
40000006791,20260623,404803,175,2,1,0,0,
40000006792,20260210,404804,129,6,2,0,0,
40000006793,20260331,404804,96,2,1,0,0,
40000006794,20260407,404804,266,2,1,0,0,
40000006795,20260414,404804,238,3,3,0,0,
40000006796,20260428,404804,231,4,1,0,0,
40000006797,20260505,404804,121,6,6,0,0,
40000006798,20260526,404804,265,1,1,0,0,
40000006799,20260602,404804,252,7,5,0,0,
40000006800,20260623,404804,67,6,6,0,0,
40000006801,20260113,404805,9,1,1,0,0,
40000006802,20260127,404805,5,0,0,0,0,
40000006803,20260210,404805,26,2,1,0,0,
40000006804,20260303,404805,39,2,0,0,0,
40000006805,20260317,404805,37,2,0,0,0,
40000006806,20260407,404805,8,0,0,0,0,
40000006807,20260421,404805,44,1,1,0,0,
40000006808,20260505,404805,12,2,0,0,0,
40000006809,20260106,404807,14,2,0,0,0,
40000006810,20260324,404807,6,0,0,0,0,
40000006811,20260512,404807,31,1,1,0,0,
40000006812,20260623,404807,5,0,0,0,0,
40000006813,20260630,404807,18,1,0,0,0,
40000006814,20260414,404809,5,1,1,0,0,
40000006815,20260421,404809,45,2,1,0,0,
40000006816,20260602,404809,36,2,2,0,0,
40000006817,20260623,404809,34,1,0,0,0,
40000006818,20260106,404810,30,1,0,0,0,
40000006819,20260310,404810,36,2,0,0,0,
40000006820,20260324,404810,11,2,2,0,0,
40000006821,20260512,404810,27,2,2,0,0,
40000006822,20260609,404810,15,0,0,0,0,
40000006823,20260310,404812,32,2,1,0,0,
40000006824,20260331,404812,13,0,0,0,0,
40000006825,20260407,404812,8,0,0,0,0,
40000006826,20260512,404812,44,1,0,0,0,
40000006827,20260526,404812,33,2,1,0,0,
40000006828,20260602,404812,9,0,0,0,0,
40000006829,20260623,404812,43,2,0,0,0,
40000006830,20260127,404814,187,4,4,1,0,
40000006831,20260224,404814,153,2,1,1,0,
40000006832,20260324,404814,213,1,1,0,0,
40000006833,20260407,404814,158,5,5,0,0,
40000006834,20260414,404814,100,7,2,0,0,
40000006835,20260505,404814,221,3,2,0,0,
40000006836,20260526,404814,78,2,2,0,0,
40000006837,20260602,404814,187,5,1,0,0,
40000006838,20260609,404814,159,7,5,0,0,
40000006839,20260630,404814,265,1,1,0,0,
40000006840,20260120,404815,23,1,0,0,0,
40000006841,20260127,404815,24,2,0,0,0,
40000006842,20260210,404815,44,0,0,0,0,
40000006843,20260421,404815,39,2,2,0,0,
40000006844,20260512,404815,5,2,2,0,0,
40000006845,20260602,404815,6,0,0,0,0,
40000006846,20260616,404815,20,1,0,0,0,
40000006847,20260630,404815,7,1,1,0,0,
40000006848,20260210,404816,30,2,2,0,0,
40000006849,20260310,404816,32,1,1,0,0,
40000006850,20260317,404816,26,1,0,0,0,
40000006851,20260623,404816,30,1,0,0,0,
40000006852,20260224,404817,39,2,2,0,0,
40000006853,20260324,404817,14,1,1,0,0,
40000006854,20260421,404817,37,1,0,0,0,
40000006855,20260428,404817,33,0,0,0,0,
40000006856,20260512,404817,31,1,0,0,0,
40000006857,20260106,404818,18,0,0,0,0,
40000006858,20260127,404818,37,0,0,0,0,
40000006859,20260505,404818,21,2,2,0,0,
40000006860,20260407,404819,318,3,3,0,0,
40000006861,20260421,404819,413,7,5,1,0,
40000006862,20260106,404820,136,2,1,0,0,
40000006863,20260303,404820,246,1,1,0,0,
40000006864,20260324,404820,272,5,5,0,0,
40000006865,20260331,404820,116,3,1,0,0,
40000006866,20260414,404820,228,6,3,0,0,
40000006867,20260519,404820,265,7,4,1,0,
40000006868,20260602,404820,232,5,3,0,0,
40000006869,20260113,404821,11,0,0,0,0,
40000006870,20260120,404821,25,0,0,0,0,
40000006871,20260203,404821,35,0,0,0,0,
40000006872,20260224,404821,18,1,0,0,0,
40000006873,20260303,404821,21,0,0,0,0,
40000006874,20260310,404821,11,2,2,0,0,
40000006875,20260317,404821,6,0,0,0,0,
40000006876,20260414,404821,35,1,1,0,0,
40000006877,20260616,404821,45,1,1,0,0,
40000006878,20260224,404822,26,2,2,0,0,
40000006879,20260331,404822,9,2,1,0,0,
40000006880,20260505,404822,22,2,1,0,0,
40000006881,20260602,404822,16,2,0,0,0,
40000006882,20260407,404823,198,3,2,0,0,
40000006883,20260414,404823,192,6,2,0,0,
40000006884,20260421,404823,199,4,2,1,0,
40000006885,20260120,404824,45,1,1,0,0,
40000006886,20260203,404824,44,2,0,0,0,
40000006887,20260224,404824,9,1,1,0,0,
40000006888,20260303,404824,36,2,1,0,0,
40000006889,20260414,404825,285,2,2,0,0,
40000006890,20260428,404825,255,7,3,1,0,
40000006891,20260120,404826,16,0,0,0,0,
40000006892,20260210,404826,33,2,2,0,0,
40000006893,20260303,404826,24,2,0,0,0,
40000006894,20260317,404826,39,0,0,0,0,
40000006895,20260407,404826,22,0,0,0,0,
40000006896,20260428,404826,43,2,2,0,0,
40000006897,20260623,404826,10,1,0,0,0,
40000006898,20260113,404827,8,1,0,0,0,
40000006899,20260407,404827,41,2,0,0,0,
40000006900,20260526,404827,9,1,0,0,0,
40000006901,20260602,404827,14,0,0,0,0,
40000006902,20260106,404829,11,2,0,0,0,
40000006903,20260303,404829,24,0,0,0,0,
40000006904,20260331,404829,36,0,0,0,0,
40000006905,20260421,404829,41,1,0,0,0,
40000006906,20260428,404829,26,1,1,0,0,
40000006907,20260512,404829,6,2,1,0,0,
40000006908,20260616,404829,14,2,1,0,0,
40000006909,20260224,404832,379,6,5,0,0,
40000006910,20260303,404832,164,3,1,0,0,
40000006911,20260310,404832,317,3,2,1,0,
40000006912,20260317,404832,218,10,7,1,0,
40000006913,20260317,404833,14,1,1,0,0,
40000006914,20260609,404833,17,1,1,0,0,
40000006915,20260616,404833,22,1,0,0,0,
40000006916,20260623,404833,10,1,0,0,0,
40000006917,20260106,404834,38,1,0,0,0,
40000006918,20260217,404834,42,2,1,0,0,
40000006919,20260224,404834,33,0,0,0,0,
40000006920,20260331,404834,19,0,0,0,0,
40000006921,20260421,404834,24,1,0,0,0,
40000006922,20260428,404834,16,0,0,0,0,
40000006923,20260113,404835,19,0,0,0,0,
40000006924,20260120,404835,27,1,0,0,0,
40000006925,20260303,404835,37,0,0,0,0,
40000006926,20260324,404835,30,2,2,0,0,
40000006927,20260505,404835,43,1,1,0,0,
40000006928,20260519,404835,10,0,0,0,0,
40000006929,20260609,404835,19,2,0,0,0,
40000006930,20260616,404835,16,1,1,0,0,
40000006931,20260113,404836,271,4,1,0,0,
40000006932,20260120,404836,289,10,5,1,0,
40000006933,20260120,404839,26,0,0,0,0,
40000006934,20260217,404839,6,2,1,0,0,
40000006935,20260331,404839,27,0,0,0,0,
40000006936,20260407,404839,5,0,0,0,0,
40000006937,20260428,404839,23,1,1,0,0,
40000006938,20260623,404839,6,1,0,0,0,
40000006939,20260630,404839,39,0,0,0,0,
40000006940,20260113,404840,211,6,5,0,0,
40000006941,20260120,404840,113,7,5,0,0,
40000006942,20260210,404840,282,3,3,0,0,
40000006943,20260317,404840,285,4,2,0,0,
40000006944,20260324,404840,110,3,3,0,0,
40000006945,20260331,404840,192,1,1,0,0,
40000006946,20260602,404840,128,7,4,0,0,
40000006947,20260203,404841,228,6,4,0,0,
40000006948,20260224,404841,69,4,2,0,0,
40000006949,20260324,404841,133,3,2,0,0,
40000006950,20260331,404841,103,5,4,0,0,
40000006951,20260414,404841,171,7,2,0,0,
40000006952,20260428,404841,180,5,2,0,0,
40000006953,20260505,404841,95,6,2,0,0,
40000006954,20260519,404841,152,6,5,0,0,
40000006955,20260616,404841,77,7,5,0,0,
40000006956,20260630,404841,248,4,1,0,0,
40000006957,20260120,404844,26,1,0,0,0,
40000006958,20260210,404844,41,1,1,0,0,
40000006959,20260224,404844,13,2,2,0,0,
40000006960,20260519,404844,24,0,0,0,0,
40000006961,20260526,404844,27,2,1,0,0,
40000006962,20260106,404845,25,2,2,0,0,
40000006963,20260317,404845,38,2,0,0,0,
40000006964,20260331,404845,19,2,2,0,0,
40000006965,20260609,404845,16,2,1,0,0,
40000006966,20260616,404845,17,2,2,0,0,
40000006967,20260120,404846,33,2,1,0,0,
40000006968,20260210,404846,5,0,0,0,0,
40000006969,20260303,404846,8,2,2,0,0,
40000006970,20260324,404846,44,1,0,0,0,
40000006971,20260505,404846,40,1,0,0,0,
40000006972,20260616,404846,27,1,1,0,0,
40000006973,20260224,404847,257,5,1,0,0,
40000006974,20260317,404847,213,4,4,1,0,
40000006975,20260106,404848,19,1,1,0,0,
40000006976,20260203,404848,17,0,0,0,0,
40000006977,20260310,404848,6,0,0,0,0,
40000006978,20260324,404848,28,1,0,0,0,
40000006979,20260519,404848,43,1,1,0,0,
40000006980,20260526,404848,9,0,0,0,0,
40000006981,20260106,404852,36,1,1,0,0,
40000006982,20260331,404852,22,1,0,0,0,
40000006983,20260421,404852,32,2,2,0,0,
40000006984,20260428,404852,30,2,1,0,0,
40000006985,20260616,404852,17,2,0,0,0,
40000006986,20260512,404854,382,9,1,0,0,
40000006987,20260519,404854,180,5,2,0,0,
40000006988,20260526,404854,323,7,2,1,0,
40000006989,20260602,404854,165,5,2,1,0,
40000006990,20260113,404855,40,2,1,0,0,
40000006991,20260310,404855,43,1,1,0,0,
40000006992,20260407,404855,14,1,1,0,0,
40000006993,20260414,404855,6,0,0,0,0,
40000006994,20260428,404855,11,1,1,0,0,
40000006995,20260609,404855,7,0,0,0,0,
40000006996,20260623,404855,38,2,1,0,0,
40000006997,20260630,404855,9,1,1,0,0,
40000006998,20260224,404857,73,3,2,0,0,
40000006999,20260324,404857,140,1,1,0,0,
40000007000,20260407,404857,222,5,3,0,0,
40000007001,20260414,404857,71,7,4,0,0,
40000007002,20260512,404857,254,5,2,0,0,
40000007003,20260519,404857,145,6,4,0,0,
40000007004,20260609,404857,217,4,1,1,0,
40000007005,20260616,404857,119,4,3,0,0,
40000007006,20260106,404862,19,1,0,0,0,
40000007007,20260120,404862,36,1,1,0,0,
40000007008,20260203,404862,22,2,0,0,0,
40000007009,20260324,404862,20,1,1,0,0,
40000007010,20260414,404862,39,0,0,0,0,
40000007011,20260421,404862,43,0,0,0,0,
40000007012,20260428,404862,27,1,0,0,0,
40000007013,20260512,404862,26,0,0,0,0,
40000007014,20260616,404862,17,2,1,0,0,
40000007015,20260210,404863,16,0,0,0,0,
40000007016,20260224,404863,36,0,0,0,0,
40000007017,20260303,404863,19,1,0,0,0,
40000007018,20260310,404863,42,0,0,0,0,
40000007019,20260324,404863,14,2,0,0,0,
40000007020,20260526,404863,25,1,1,0,0,
40000007021,20260616,404863,37,0,0,0,0,
40000007022,20260623,404863,39,0,0,0,0,
40000007023,20260113,404865,37,1,0,0,0,
40000007024,20260317,404865,17,2,0,0,0,
40000007025,20260512,404865,14,1,1,0,0,
40000007026,20260526,404865,10,0,0,0,0,
40000007027,20260609,404865,34,2,0,0,0,
40000007028,20260616,404865,29,0,0,0,0,
40000007029,20260630,404865,10,2,1,0,0,
40000007030,20260505,404866,219,7,6,0,0,
40000007031,20260519,404866,303,9,9,1,0,
40000007032,20260217,404867,43,1,0,0,0,
40000007033,20260331,404867,18,0,0,0,0,
40000007034,20260428,404867,25,2,2,0,0,
40000007035,20260526,404867,17,1,1,0,0,
40000007036,20260127,404868,23,2,0,0,0,
40000007037,20260317,404868,12,2,0,0,0,
40000007038,20260331,404868,11,1,1,0,0,
40000007039,20260106,404869,292,5,2,1,0,
40000007040,20260113,404869,381,7,2,1,0,
40000007041,20260120,404870,758,22,19,0,0,
40000007042,20260210,404870,646,32,28,0,0,
40000007043,20260224,404870,549,19,16,0,0,
40000007044,20260317,404870,822,30,27,0,0,
40000007045,20260324,404870,790,29,28,3,3,PRICE_TOO_HIGH
40000007046,20260512,404870,667,32,25,1,1,PRICE_TOO_HIGH
40000007047,20260519,404870,580,22,19,0,0,
40000007048,20260113,404871,6,2,1,0,0,
40000007049,20260127,404871,45,2,2,0,0,
40000007050,20260217,404871,19,0,0,0,0,
40000007051,20260324,404871,33,0,0,0,0,
40000007052,20260623,404871,37,1,0,0,0,
40000007053,20260630,404871,10,0,0,0,0,
40000007054,20260210,404872,34,0,0,0,0,
40000007055,20260310,404872,19,2,2,0,0,
40000007056,20260317,404872,32,1,1,0,0,
40000007057,20260414,404872,31,1,0,0,0,
40000007058,20260505,404872,14,0,0,0,0,
40000007059,20260519,404872,24,1,0,0,0,
40000007060,20260616,404872,33,0,0,0,0,
40000007061,20260630,404872,11,2,1,0,0,
40000007062,20260106,404874,171,3,1,0,0,
40000007063,20260127,404874,175,1,1,0,0,
40000007064,20260224,404874,181,4,2,0,0,
40000007065,20260407,404874,102,5,3,0,0,
40000007066,20260414,404874,251,4,2,0,0,
40000007067,20260505,404874,81,3,2,0,0,
40000007068,20260526,404874,228,2,2,0,0,
40000007069,20260602,404874,146,1,1,0,0,
40000007070,20260120,404875,9,2,2,0,0,
40000007071,20260127,404875,10,1,0,0,0,
40000007072,20260203,404875,32,2,1,0,0,
40000007073,20260210,404875,33,1,1,0,0,
40000007074,20260303,404875,19,0,0,0,0,
40000007075,20260505,404875,34,2,2,0,0,
40000007076,20260526,404875,39,2,0,0,0,
40000007077,20260623,404875,8,2,2,0,0,
40000007078,20260505,404876,167,8,3,0,0,
40000007079,20260526,404876,238,7,6,1,0,
40000007080,20260106,404877,152,3,1,1,0,
40000007081,20260120,404881,17,1,1,0,0,
40000007082,20260217,404881,10,0,0,0,0,
40000007083,20260224,404881,21,2,1,0,0,
40000007084,20260317,404881,16,1,0,0,0,
40000007085,20260428,404881,15,1,1,0,0,
40000007086,20260505,404881,43,2,1,0,0,
40000007087,20260519,404881,35,1,0,0,0,
40000007088,20260609,404881,14,0,0,0,0,
40000007089,20260630,404881,13,1,0,0,0,
40000007090,20260113,404882,168,10,8,0,0,
40000007091,20260120,404882,330,4,3,1,0,
40000007092,20260127,404882,193,4,3,1,0,
40000007093,20260106,404886,189,4,4,1,0,
40000007094,20260113,404886,136,7,2,1,0,
40000007095,20260120,404890,23,0,0,0,0,
40000007096,20260310,404890,13,1,1,0,0,
40000007097,20260421,404890,9,1,0,0,0,
40000007098,20260310,404891,15,1,0,0,0,
40000007099,20260331,404891,16,2,0,0,0,
40000007100,20260519,404891,26,2,2,0,0,
40000007101,20260526,404891,39,2,2,0,0,
40000007102,20260609,404891,24,0,0,0,0,
40000007103,20260630,404891,45,0,0,0,0,
40000007104,20260120,404892,20,2,2,0,0,
40000007105,20260203,404892,34,2,1,0,0,
40000007106,20260210,404892,39,0,0,0,0,
40000007107,20260317,404892,18,2,0,0,0,
40000007108,20260331,404892,24,0,0,0,0,
40000007109,20260505,404892,12,1,1,0,0,
40000007110,20260526,404892,9,0,0,0,0,
40000007111,20260609,404892,7,2,0,0,0,
40000007112,20260203,404893,33,1,0,0,0,
40000007113,20260210,404893,29,2,2,0,0,
40000007114,20260217,404893,8,0,0,0,0,
40000007115,20260224,404893,7,2,2,0,0,
40000007116,20260331,404893,43,1,1,0,0,
40000007117,20260407,404893,12,1,1,0,0,
40000007118,20260512,404893,19,2,2,0,0,
40000007119,20260526,404893,29,2,2,0,0,
40000007120,20260623,404893,12,2,0,0,0,
40000007121,20260106,404898,248,10,6,0,0,
40000007122,20260113,404898,244,8,5,0,0,
40000007123,20260120,404898,208,9,3,1,0,
40000007124,20260127,404898,235,4,1,1,0,
40000007125,20260113,404901,40,0,0,0,0,
40000007126,20260331,404901,22,2,1,0,0,
40000007127,20260407,404901,20,1,1,0,0,
40000007128,20260428,404901,32,0,0,0,0,
40000007129,20260505,404901,33,0,0,0,0,
40000007130,20260407,404903,129,3,3,1,0,
40000007131,20260512,404903,269,7,2,1,0,
40000007132,20260630,404903,218,3,3,0,0,
40000007133,20260106,404904,30,1,1,0,0,
40000007134,20260127,404904,5,0,0,0,0,
40000007135,20260310,404904,39,0,0,0,0,
40000007136,20260324,404904,35,2,1,0,0,
40000007137,20260331,404904,45,1,1,0,0,
40000007138,20260428,404904,44,2,2,0,0,
40000007139,20260609,404904,11,2,1,0,0,
40000007140,20260630,404904,8,2,0,0,0,
40000007141,20260414,404905,356,9,9,0,0,
40000007142,20260421,404905,195,5,2,0,0,
40000007143,20260428,404905,219,8,3,1,0,
40000007144,20260505,404905,148,4,3,1,0,
40000007145,20260106,404906,18,2,1,0,0,
40000007146,20260113,404906,12,2,0,0,0,
40000007147,20260224,404906,7,2,0,0,0,
40000007148,20260317,404906,18,2,1,0,0,
40000007149,20260324,404906,29,2,2,0,0,
40000007150,20260331,404906,5,0,0,0,0,
40000007151,20260623,404906,41,1,1,0,0,
40000007152,20260331,404907,185,3,3,1,0,
40000007153,20260407,404907,145,1,1,0,0,
40000007154,20260602,404907,126,7,2,0,0,
40000007155,20260616,404907,63,2,2,1,0,
40000007156,20260623,404907,259,1,1,0,0,
40000007157,20260428,404908,187,6,6,0,0,
40000007158,20260505,404908,247,10,5,0,0,
40000007159,20260512,404908,199,8,3,1,0,
40000007160,20260519,404908,329,9,6,1,0,
40000007161,20260113,404912,360,6,6,0,0,
40000007162,20260120,404912,387,10,2,0,0,
40000007163,20260203,404912,162,6,4,1,0,
40000007164,20260127,404913,175,5,4,0,0,
40000007165,20260224,404913,194,2,2,1,0,
40000007166,20260310,404913,145,5,1,0,0,
40000007167,20260324,404913,141,7,6,0,0,
40000007168,20260407,404913,195,6,5,0,0,
40000007169,20260505,404913,293,7,6,0,0,
40000007170,20260512,404913,77,5,4,0,0,
40000007171,20260526,404913,279,4,2,0,0,
40000007172,20260602,404913,106,3,1,0,0,
40000007173,20260616,404913,155,3,1,0,0,
40000007174,20260505,404915,300,10,6,0,0,
40000007175,20260512,404915,190,2,2,0,0,
40000007176,20260519,404915,349,10,9,1,0,
40000007177,20260106,404918,249,2,1,1,0,
40000007178,20260113,404918,353,4,3,1,0,
40000007179,20260106,404919,34,1,0,0,0,
40000007180,20260414,404919,23,0,0,0,0,
40000007181,20260505,404919,21,0,0,0,0,
40000007182,20260526,404919,44,0,0,0,0,
40000007183,20260602,404919,24,0,0,0,0,
40000007184,20260609,404919,7,1,0,0,0,
40000007185,20260630,404919,14,2,1,0,0,
40000007186,20260113,404921,15,2,0,0,0,
40000007187,20260127,404921,28,0,0,0,0,
40000007188,20260210,404921,33,0,0,0,0,
40000007189,20260317,404921,7,2,0,0,0,
40000007190,20260609,404921,44,2,1,0,0,
40000007191,20260210,404923,38,0,0,0,0,
40000007192,20260505,404923,42,0,0,0,0,
40000007193,20260512,404923,45,0,0,0,0,
40000007194,20260210,404925,35,1,0,0,0,
40000007195,20260324,404925,35,1,1,0,0,
40000007196,20260519,404925,24,1,0,0,0,
40000007197,20260609,404925,23,1,1,0,0,
40000007198,20260623,404925,33,0,0,0,0,
40000007199,20260120,404926,32,0,0,0,0,
40000007200,20260217,404926,21,2,0,0,0,
40000007201,20260303,404926,17,0,0,0,0,
40000007202,20260310,404926,7,2,2,0,0,
40000007203,20260317,404926,31,2,2,0,0,
40000007204,20260526,404926,13,1,1,0,0,
40000007205,20260127,404927,34,1,0,0,0,
40000007206,20260203,404927,40,1,1,0,0,
40000007207,20260310,404927,29,1,0,0,0,
40000007208,20260324,404927,10,2,1,0,0,
40000007209,20260407,404927,42,1,1,0,0,
40000007210,20260414,404927,8,2,2,0,0,
40000007211,20260428,404927,43,0,0,0,0,
40000007212,20260127,404930,19,1,1,0,0,
40000007213,20260310,404930,37,1,1,0,0,
40000007214,20260317,404930,11,1,1,0,0,
40000007215,20260331,404930,34,0,0,0,0,
40000007216,20260421,404930,13,0,0,0,0,
40000007217,20260428,404930,37,2,2,0,0,
40000007218,20260519,404930,20,0,0,0,0,
40000007219,20260602,404930,6,0,0,0,0,
40000007220,20260630,404930,18,1,1,0,0,
40000007221,20260113,404933,37,1,1,0,0,
40000007222,20260120,404933,16,1,1,0,0,
40000007223,20260421,404933,7,2,0,0,0,
40000007224,20260512,404933,28,2,2,0,0,
40000007225,20260519,404933,34,0,0,0,0,
40000007226,20260616,404933,34,0,0,0,0,
40000007227,20260630,404933,14,1,0,0,0,
40000007228,20260113,404934,42,1,0,0,0,
40000007229,20260210,404934,29,2,1,0,0,
40000007230,20260324,404934,34,1,0,0,0,
40000007231,20260407,404934,42,2,1,0,0,
40000007232,20260414,404934,5,1,0,0,0,
40000007233,20260512,404934,38,0,0,0,0,
40000007234,20260120,404935,25,1,0,0,0,
40000007235,20260324,404935,34,1,0,0,0,
40000007236,20260428,404935,14,1,0,0,0,
40000007237,20260526,404935,29,0,0,0,0,
40000007238,20260106,404937,196,9,3,0,0,
40000007239,20260113,404937,371,2,2,0,0,
40000007240,20260120,404937,259,8,4,1,0,
40000007241,20260127,404937,405,10,4,1,0,
40000007242,20260127,404939,41,2,1,0,0,
40000007243,20260217,404939,9,1,1,0,0,
40000007244,20260224,404939,40,0,0,0,0,
40000007245,20260303,404939,27,1,0,0,0,
40000007246,20260331,404939,12,2,0,0,0,
40000007247,20260421,404939,11,1,1,0,0,
40000007248,20260526,404939,12,1,1,0,0,
40000007249,20260609,404939,16,0,0,0,0,
40000007250,20260623,404939,26,2,1,0,0,
40000007251,20260127,404940,20,0,0,0,0,
40000007252,20260203,404940,27,1,0,0,0,
40000007253,20260210,404940,38,2,0,0,0,
40000007254,20260310,404940,40,1,0,0,0,
40000007255,20260428,404940,41,0,0,0,0,
40000007256,20260602,404940,17,0,0,0,0,
40000007257,20260609,404940,36,2,2,0,0,
40000007258,20260623,404940,6,2,1,0,0,
40000007259,20260630,404940,45,1,0,0,0,
40000007260,20260512,404942,138,2,1,0,0,
40000007261,20260519,404942,223,5,2,0,0,
40000007262,20260526,404942,241,8,2,1,0,
40000007263,20260602,404942,287,6,3,1,0,
40000007264,20260120,404944,27,0,0,0,0,
40000007265,20260127,404944,44,2,2,0,0,
40000007266,20260310,404944,15,2,1,0,0,
40000007267,20260414,404944,41,0,0,0,0,
40000007268,20260421,404944,11,1,1,0,0,
40000007269,20260519,404944,7,0,0,0,0,
40000007270,20260609,404944,16,2,1,0,0,
40000007271,20260623,404944,29,1,1,0,0,
40000007272,20260120,404945,35,0,0,0,0,
40000007273,20260303,404945,9,1,0,0,0,
40000007274,20260331,404945,23,2,2,0,0,
40000007275,20260414,404945,21,0,0,0,0,
40000007276,20260505,404945,30,2,0,0,0,
40000007277,20260512,404945,31,2,0,0,0,
40000007278,20260602,404945,38,2,0,0,0,
40000007279,20260623,404945,28,0,0,0,0,
40000007280,20260630,404945,16,1,1,0,0,
40000007281,20260127,404947,44,2,1,0,0,
40000007282,20260324,404947,37,1,1,0,0,
40000007283,20260331,404947,26,0,0,0,0,
40000007284,20260414,404947,37,0,0,0,0,
40000007285,20260421,404947,9,1,1,0,0,
40000007286,20260512,404947,38,0,0,0,0,
40000007287,20260609,404947,38,1,1,0,0,
40000007288,20260623,404947,44,2,2,0,0,
40000007289,20260106,404948,43,0,0,0,0,
40000007290,20260120,404948,36,0,0,0,0,
40000007291,20260203,404948,6,0,0,0,0,
40000007292,20260310,404948,12,0,0,0,0,
40000007293,20260317,404948,22,0,0,0,0,
40000007294,20260407,404948,31,1,1,0,0,
40000007295,20260106,404949,281,6,1,0,0,
40000007296,20260203,404949,246,5,2,0,0,
40000007297,20260210,404949,86,7,3,0,0,
40000007298,20260310,404949,68,2,1,0,0,
40000007299,20260317,404949,140,5,3,0,0,
40000007300,20260414,404949,64,7,2,0,0,
40000007301,20260421,404949,63,2,2,0,0,
40000007302,20260519,404949,95,6,1,0,0,
40000007303,20260616,404949,247,4,1,0,0,
40000007304,20260310,404951,19,1,1,0,0,
40000007305,20260317,404951,7,0,0,0,0,
40000007306,20260428,404951,23,1,0,0,0,
40000007307,20260609,404951,14,1,0,0,0,
40000007308,20260616,404951,38,0,0,0,0,
40000007309,20260630,404951,23,0,0,0,0,
40000007310,20260120,404953,36,0,0,0,0,
40000007311,20260127,404953,43,2,0,0,0,
40000007312,20260324,404953,25,0,0,0,0,
40000007313,20260407,404953,38,1,1,0,0,
40000007314,20260519,404953,43,2,2,0,0,
40000007315,20260616,404953,44,2,0,0,0,
40000007316,20260106,404954,32,2,0,0,0,
40000007317,20260113,404954,38,1,0,0,0,
40000007318,20260120,404954,17,1,0,0,0,
40000007319,20260210,404954,37,1,0,0,0,
40000007320,20260217,404954,40,0,0,0,0,
40000007321,20260310,404954,39,0,0,0,0,
40000007322,20260526,404954,5,2,2,0,0,
40000007323,20260602,404954,9,1,0,0,0,
40000007324,20260113,404955,16,1,0,0,0,
40000007325,20260324,404955,19,1,0,0,0,
40000007326,20260428,404955,36,1,1,0,0,
40000007327,20260526,404955,5,2,2,0,0,
40000007328,20260616,404955,34,2,1,0,0,
40000007329,20260630,404955,24,2,1,0,0,
40000007330,20260113,404959,380,8,4,0,0,
40000007331,20260127,404959,226,2,1,1,0,
40000007332,20260210,404960,90,7,7,0,0,
40000007333,20260217,404960,276,7,1,0,0,
40000007334,20260224,404960,215,1,1,0,0,
40000007335,20260324,404960,289,7,4,0,0,
40000007336,20260331,404960,80,1,1,0,0,
40000007337,20260421,404960,224,6,6,0,0,
40000007338,20260428,404960,207,5,1,1,0,
40000007339,20260526,404960,76,3,1,0,0,
40000007340,20260210,404961,35,1,1,0,0,
40000007341,20260317,404961,30,2,1,0,0,
40000007342,20260324,404961,5,1,1,0,0,
40000007343,20260331,404961,36,0,0,0,0,
40000007344,20260407,404961,18,2,0,0,0,
40000007345,20260428,404961,23,1,0,0,0,
40000007346,20260519,404961,14,0,0,0,0,
40000007347,20260526,404961,35,0,0,0,0,
40000007348,20260623,404961,35,2,1,0,0,
40000007349,20260113,404962,37,1,1,0,0,
40000007350,20260210,404962,27,1,0,0,0,
40000007351,20260224,404962,27,1,0,0,0,
40000007352,20260310,404962,11,1,0,0,0,
40000007353,20260414,404962,38,2,1,0,0,
40000007354,20260609,404962,41,2,0,0,0,
40000007355,20260623,404962,21,2,1,0,0,
40000007356,20260630,404962,29,2,0,0,0,
40000007357,20260113,404963,12,1,0,0,0,
40000007358,20260210,404963,37,1,0,0,0,
40000007359,20260303,404963,28,1,1,0,0,
40000007360,20260310,404963,14,1,0,0,0,
40000007361,20260317,404963,43,2,1,0,0,
40000007362,20260428,404963,27,1,1,0,0,
40000007363,20260616,404963,37,2,0,0,0,
40000007364,20260623,404963,16,0,0,0,0,
40000007365,20260630,404963,6,1,0,0,0,
40000007366,20260324,404966,245,3,3,0,0,
40000007367,20260331,404966,298,2,1,0,0,
40000007368,20260407,404966,236,9,9,1,0,
40000007369,20260414,404966,347,6,5,1,0,
40000007370,20260217,404967,10,2,2,0,0,
40000007371,20260310,404967,27,1,1,0,0,
40000007372,20260324,404967,45,1,1,0,0,
40000007373,20260407,404967,20,1,0,0,0,
40000007374,20260602,404967,34,0,0,0,0,
40000007375,20260512,404969,237,2,1,0,0,
40000007376,20260526,404969,223,6,1,0,0,
40000007377,20260609,404969,75,4,1,0,0,
40000007378,20260616,404969,60,5,5,0,0,
40000007379,20260519,404970,299,5,4,1,0,
40000007380,20260526,404970,203,7,6,0,0,
40000007381,20260630,404970,176,7,6,1,0,
40000007382,20260512,404971,277,7,5,0,0,
40000007383,20260519,404971,262,6,4,0,0,
40000007384,20260526,404971,156,5,2,0,0,
40000007385,20260602,404971,87,5,4,0,0,
40000007386,20260609,404971,70,3,1,0,0,
40000007387,20260616,404971,85,7,2,0,0,
40000007388,20260623,404971,160,7,6,0,0,
40000007389,20260630,404971,191,6,2,0,0,
40000007390,20260512,404972,123,1,1,1,0,
40000007391,20260519,404972,229,3,3,0,0,
40000007392,20260526,404972,183,2,2,0,0,
40000007393,20260602,404972,173,5,3,0,0,
40000007394,20260609,404972,240,3,2,0,0,
40000007395,20260616,404972,103,6,2,0,0,
40000007396,20260623,404972,197,5,4,0,0,
40000007397,20260630,404972,78,6,2,0,0,
40000007398,20260519,404973,207,1,1,0,0,
40000007399,20260602,404973,151,5,1,0,0,
40000007400,20260609,404973,281,3,3,1,0,
40000007401,20260623,404973,282,2,2,0,0,
40000007402,20260519,404974,60,3,1,0,0,
40000007403,20260602,404974,163,7,3,0,0,
40000007404,20260609,404974,180,1,1,0,0,
40000007405,20260623,404974,261,5,2,1,0,
40000007406,20260630,404974,294,4,1,1,0,
40000007407,20260512,404975,255,6,1,0,0,
40000007408,20260602,404975,201,1,1,0,0,
40000007409,20260616,404975,132,4,4,1,0,
40000007410,20260630,404975,205,4,1,0,0,
40000007411,20260512,404976,66,4,3,0,0,
40000007412,20260519,404976,214,4,3,0,0,
40000007413,20260526,404976,223,3,2,0,0,
40000007414,20260602,404976,253,2,1,0,0,
40000007415,20260609,404976,236,2,1,0,0,
40000007416,20260616,404976,191,4,3,0,0,
40000007417,20260623,404976,117,2,2,0,0,
40000007418,20260630,404976,218,6,1,0,0,
40000007419,20260127,404977,236,2,2,0,0,
40000007420,20260303,404977,139,2,2,1,0,
40000007421,20260331,404977,229,2,2,0,0,
40000007422,20260428,404977,193,3,2,0,0,
40000007423,20260127,404978,38,1,1,0,0,
40000007424,20260210,404978,25,1,1,0,0,
40000007425,20260505,404978,17,0,0,0,0,
40000007426,20260602,404978,42,1,0,0,0,
40000007427,20260616,404978,45,2,2,0,0,
40000007428,20260630,404978,27,2,0,0,0,
40000007429,20260217,404979,297,2,2,0,0,
40000007430,20260224,404979,368,10,7,1,0,
40000007431,20260303,404979,362,7,1,1,0,
40000007432,20260317,404980,247,9,7,0,0,
40000007433,20260324,404980,323,4,3,0,0,
40000007434,20260331,404980,136,7,5,1,0,
40000007435,20260407,404980,186,4,1,1,0,
40000007436,20260113,404982,17,0,0,0,0,
40000007437,20260217,404982,23,2,2,0,0,
40000007438,20260303,404982,37,1,0,0,0,
40000007439,20260310,404982,11,0,0,0,0,
40000007440,20260407,404982,38,0,0,0,0,
40000007441,20260428,404982,33,2,2,0,0,
40000007442,20260526,404982,44,0,0,0,0,
40000007443,20260623,404982,25,1,1,0,0,
40000007444,20260512,404983,238,7,1,0,0,
40000007445,20260519,404983,205,1,1,0,0,
40000007446,20260526,404983,186,2,2,0,0,
40000007447,20260602,404983,268,3,3,0,0,
40000007448,20260609,404983,272,3,2,0,0,
40000007449,20260616,404983,230,6,1,0,0,
40000007450,20260623,404983,171,7,4,0,0,
40000007451,20260630,404983,91,3,2,1,1,LOAN_REJECTED
40000007452,20260512,404984,307,2,2,0,0,
40000007453,20260519,404984,215,5,5,0,0,
40000007454,20260512,404985,81,3,3,0,0,
40000007455,20260602,404985,71,5,4,1,0,
40000007456,20260609,404985,268,1,1,0,0,
40000007457,20260623,404985,222,4,1,1,0,
40000007458,20260630,404985,249,1,1,0,0,
40000007459,20260512,404986,288,4,2,0,0,
40000007460,20260519,404986,125,5,2,0,0,
40000007461,20260526,404986,191,2,1,0,0,
40000007462,20260602,404986,77,7,3,0,0,
40000007463,20260609,404986,298,1,1,0,0,
40000007464,20260616,404986,105,2,1,0,0,
40000007465,20260623,404986,89,1,1,0,0,
40000007466,20260630,404986,240,4,4,0,0,
40000007467,20260512,404987,95,2,2,0,0,
40000007468,20260519,404987,257,2,2,0,0,
40000007469,20260526,404987,73,2,2,0,0,
40000007470,20260602,404987,185,1,1,0,0,
40000007471,20260609,404987,123,6,5,0,0,
40000007472,20260616,404987,134,2,1,0,0,
40000007473,20260623,404987,135,1,1,0,0,
40000007474,20260630,404987,149,7,6,0,0,
40000007475,20260519,404988,201,3,3,0,0,
40000007476,20260526,404988,325,3,2,0,0,
40000007477,20260602,404988,146,5,2,1,0,
40000007478,20260609,404988,195,6,6,1,0,
40000007479,20260512,404989,87,2,1,0,0,
40000007480,20260526,404989,266,5,4,0,0,
40000007481,20260602,404989,266,5,4,0,0,
40000007482,20260609,404989,255,4,3,1,0,
40000007483,20260616,404989,243,1,1,0,0,
40000007484,20260623,404989,257,1,1,0,0,
40000007485,20260630,404989,61,5,1,0,0,
40000007486,20260602,404990,228,4,2,0,0,
40000007487,20260616,404990,300,7,6,0,0,
40000007488,20260623,404990,245,1,1,0,0,
40000007489,20260512,404991,62,3,3,0,0,
40000007490,20260519,404991,128,3,1,0,0,
40000007491,20260526,404991,81,2,2,0,0,
40000007492,20260602,404991,247,3,2,0,0,
40000007493,20260609,404991,114,5,2,0,0,
40000007494,20260616,404991,80,5,1,0,0,
40000007495,20260623,404991,75,3,1,0,0,
40000007496,20260630,404991,129,6,4,1,0,
40000007497,20260512,404992,73,5,4,0,0,
40000007498,20260519,404992,240,1,1,0,0,
40000007499,20260602,404992,145,3,3,1,1,PRICE_TOO_HIGH
40000007500,20260609,404992,205,5,5,0,0,
40000007501,20260616,404992,196,7,4,0,0,
40000007502,20260623,404992,233,7,2,0,0,
40000007503,20260630,404992,283,3,2,0,0,
40000007504,20260512,404993,155,4,2,0,0,
40000007505,20260519,404993,212,1,1,0,0,
40000007506,20260602,404993,67,7,5,0,0,
40000007507,20260609,404993,280,3,2,1,0,
40000007508,20260623,404993,141,5,2,0,0,
40000007509,20260630,404993,276,1,1,0,0,
40000007510,20260519,404994,223,2,1,0,0,
40000007511,20260526,404994,190,1,1,0,0,
40000007512,20260602,404994,252,2,1,0,0,
40000007513,20260623,404994,67,4,1,0,0,
40000007514,20260630,404994,295,5,4,0,0,
40000007515,20260519,404995,172,5,1,0,0,
40000007516,20260526,404995,207,5,2,1,1,LOAN_REJECTED
40000007517,20260602,404995,87,2,2,0,0,
40000007518,20260623,404995,92,7,3,1,0,
40000007519,20260630,404995,189,7,1,0,0,
40000007520,20260519,404996,179,3,2,0,0,
40000007521,20260526,404996,249,3,2,1,0,
40000007522,20260623,404996,249,3,3,1,0,
40000007523,20260630,404996,96,7,3,0,0,
40000007524,20260512,404997,217,6,6,1,1,PRICE_TOO_HIGH
40000007525,20260519,404997,133,2,1,0,0,
40000007526,20260526,404997,260,4,2,0,0,
40000007527,20260609,404997,230,3,1,0,0,
40000007528,20260512,404998,292,1,1,0,0,
40000007529,20260519,404998,213,1,1,0,0,
40000007530,20260526,404998,188,5,2,0,0,
40000007531,20260602,404998,171,4,2,0,0,
40000007532,20260609,404998,296,7,6,0,0,
40000007533,20260616,404998,278,5,3,0,0,
40000007534,20260623,404998,107,2,2,0,0,
40000007535,20260630,404998,112,6,5,0,0,
40000007536,20260519,404999,265,6,5,0,0,
40000007537,20260526,404999,123,6,5,0,0,
40000007538,20260602,404999,127,2,1,0,0,
40000007539,20260616,404999,191,6,5,0,0,
40000007540,20260623,404999,123,4,1,0,0,
40000007541,20260630,404999,183,4,4,0,0,
40000007542,20260512,405000,153,5,2,0,0,
40000007543,20260519,405000,221,6,1,0,0,
40000007544,20260526,405000,228,7,6,0,0,
40000007545,20260602,405000,86,4,3,0,0,
40000007546,20260609,405000,97,7,7,0,0,
40000007547,20260616,405000,147,6,6,1,0,
40000007548,20260623,405000,161,4,1,0,0,
40000007549,20260630,405000,95,7,4,0,0,
40000007550,20260519,405001,86,3,2,0,0,
40000007551,20260526,405001,289,4,4,0,0,
40000007552,20260609,405001,179,6,1,0,0,
40000007553,20260616,405001,123,1,1,0,0,
40000007554,20260623,405001,171,3,1,0,0,
40000007555,20260512,405002,173,7,6,0,0,
40000007556,20260519,405002,194,5,2,0,0,
40000007557,20260526,405002,290,4,2,0,0,
40000007558,20260602,405002,79,7,4,0,0,
40000007559,20260609,405002,136,3,1,1,1,PRICE_TOO_HIGH
40000007560,20260616,405002,279,1,1,0,0,
40000007561,20260623,405002,129,2,1,0,0,
40000007562,20260630,405002,224,6,6,0,0,
40000007563,20260519,405003,233,6,4,0,0,
40000007564,20260602,405003,181,2,1,0,0,
40000007565,20260616,405003,66,7,5,0,0,
40000007566,20260623,405003,151,6,3,0,0,
40000007567,20260512,405004,122,1,1,0,0,
40000007568,20260519,405004,290,1,1,1,0,
40000007569,20260526,405004,162,2,2,0,0,
40000007570,20260602,405004,140,2,1,0,0,
40000007571,20260609,405004,86,2,1,1,0,
40000007572,20260623,405004,91,1,1,0,0,
40000007573,20260519,405005,289,10,4,0,0,
40000007574,20260609,405005,324,5,3,1,0,
40000007575,20260512,405006,111,3,3,2,0,
40000007576,20260519,405006,232,1,1,0,0,
40000007577,20260609,405006,95,5,2,0,0,
40000007578,20260512,405007,69,7,4,0,0,
40000007579,20260526,405007,140,3,3,0,0,
40000007580,20260602,405007,256,2,1,0,0,
40000007581,20260609,405007,101,5,5,0,0,
40000007582,20260616,405007,142,1,1,0,0,
40000007583,20260630,405007,214,4,2,0,0,
40000007584,20260602,405008,286,1,1,1,0,
40000007585,20260609,405008,168,4,3,0,0,
40000007586,20260623,405008,116,4,1,1,1,PRICE_TOO_HIGH
40000007587,20260630,405008,254,7,4,0,0,
40000007588,20260512,405009,78,5,4,0,0,
40000007589,20260519,405009,259,2,2,0,0,
40000007590,20260526,405009,83,4,3,1,0,
40000007591,20260602,405009,243,3,1,0,0,
40000007592,20260609,405009,109,3,2,0,0,
40000007593,20260616,405009,135,2,1,0,0,
40000007594,20260623,405009,210,3,2,0,0,
40000007595,20260630,405009,129,5,5,0,0,
40000007596,20260519,405010,193,3,1,0,0,
40000007597,20260526,405010,271,2,1,0,0,
40000007598,20260602,405010,69,6,2,0,0,
40000007599,20260609,405010,64,5,3,0,0,
40000007600,20260630,405010,138,3,2,0,0,
40000007601,20260526,405011,393,6,1,0,0,
40000007602,20260602,405011,281,7,6,0,0,
40000007603,20260609,405011,337,10,7,1,0,
40000007604,20260616,405011,184,7,4,1,0,
40000007605,20260526,405012,78,3,3,0,0,
40000007606,20260602,405012,171,5,4,0,0,
40000007607,20260609,405012,248,7,7,0,0,
40000007608,20260616,405012,107,4,1,1,0,
40000007609,20260512,405013,177,7,6,0,0,
40000007610,20260519,405013,120,6,2,0,0,
40000007611,20260526,405013,133,2,2,0,0,
40000007612,20260602,405013,247,7,6,0,0,
40000007613,20260609,405013,128,7,1,0,0,
40000007614,20260616,405013,284,1,1,0,0,
40000007615,20260623,405013,131,5,5,0,0,
40000007616,20260630,405013,73,1,1,0,0,
40000007617,20260512,405014,66,3,3,0,0,
40000007618,20260519,405014,212,2,2,0,0,
40000007619,20260526,405014,152,4,4,0,0,
40000007620,20260602,405014,166,6,4,0,0,
40000007621,20260609,405014,206,7,4,0,0,
40000007622,20260616,405014,260,4,2,0,0,
40000007623,20260623,405014,132,2,1,0,0,
40000007624,20260512,405015,220,6,3,0,0,
40000007625,20260519,405015,77,7,4,0,0,
40000007626,20260526,405015,171,3,1,0,0,
40000007627,20260602,405015,228,6,5,0,0,
40000007628,20260609,405015,91,6,1,0,0,
40000007629,20260623,405015,245,6,4,0,0,
40000007630,20260630,405015,83,4,2,0,0,
40000007631,20260512,405016,122,3,3,0,0,
40000007632,20260519,405016,246,7,2,0,0,
40000007633,20260526,405016,202,2,2,0,0,
40000007634,20260602,405016,64,6,5,0,0,
40000007635,20260609,405016,180,3,3,0,0,
40000007636,20260616,405016,89,7,2,1,0,
40000007637,20260623,405016,80,4,4,0,0,
40000007638,20260630,405016,136,5,4,0,0,
40000007639,20260519,405017,252,6,4,0,0,
40000007640,20260602,405017,155,6,1,1,0,
40000007641,20260609,405017,120,7,7,0,0,
40000007642,20260616,405017,250,7,1,0,0,
40000007643,20260623,405017,174,1,1,0,0,
40000007644,20260512,405018,119,3,2,0,0,
40000007645,20260519,405018,134,5,5,0,0,
40000007646,20260526,405018,82,2,2,0,0,
40000007647,20260616,405018,242,6,5,0,0,
40000007648,20260623,405018,101,1,1,0,0,
40000007649,20260512,405019,154,7,2,0,0,
40000007650,20260519,405019,89,6,2,0,0,
40000007651,20260526,405019,203,3,1,1,0,
40000007652,20260602,405019,222,6,2,0,0,
40000007653,20260609,405019,289,6,2,0,0,
40000007654,20260616,405019,287,7,2,0,0,
40000007655,20260623,405019,279,7,5,0,0,
40000007656,20260630,405019,254,2,1,0,0,
40000007657,20260512,405020,127,3,2,0,0,
40000007658,20260519,405020,107,1,1,1,0,
40000007659,20260526,405020,269,2,2,0,0,
40000007660,20260616,405020,92,5,3,0,0,
40000007661,20260630,405020,283,1,1,0,0,
40000007662,20260526,405021,143,4,2,0,0,
40000007663,20260616,405021,144,1,1,0,0,
40000007664,20260623,405021,117,6,5,0,0,
40000007665,20260512,405022,294,7,1,0,0,
40000007666,20260526,405022,168,6,5,0,0,
40000007667,20260609,405022,216,1,1,0,0,
40000007668,20260616,405022,120,4,4,0,0,
40000007669,20260512,405023,204,2,2,0,0,
40000007670,20260519,405023,102,3,3,0,0,
40000007671,20260526,405023,284,2,1,0,0,
40000007672,20260602,405023,98,3,1,0,0,
40000007673,20260609,405023,92,2,1,0,0,
40000007674,20260616,405023,142,5,3,0,0,
40000007675,20260623,405023,242,6,5,0,0,
40000007676,20260630,405023,254,4,2,0,0,
40000007677,20260526,405024,83,4,3,0,0,
40000007678,20260616,405024,146,3,2,0,0,
40000007679,20260623,405024,253,7,6,0,0,
40000007680,20260512,405025,94,3,2,0,0,
40000007681,20260519,405025,130,7,4,0,0,
40000007682,20260526,405025,295,5,4,0,0,
40000007683,20260602,405025,101,1,1,0,0,
40000007684,20260609,405025,194,1,1,0,0,
40000007685,20260616,405025,138,5,2,0,0,
40000007686,20260623,405025,168,6,2,0,0,
40000007687,20260630,405025,73,1,1,0,0,
40000007688,20260512,405026,293,5,1,0,0,
40000007689,20260519,405026,83,3,2,0,0,
40000007690,20260602,405026,69,6,6,0,0,
40000007691,20260609,405026,87,1,1,0,0,
40000007692,20260623,405026,117,5,4,0,0,
40000007693,20260630,405026,242,7,7,0,0,
40000007694,20260519,405027,132,2,2,0,0,
40000007695,20260526,405027,291,1,1,0,0,
40000007696,20260602,405027,221,2,2,0,0,
40000007697,20260609,405027,233,3,3,0,0,
40000007698,20260623,405027,150,3,1,0,0,
40000007699,20260519,405028,219,7,7,0,0,
40000007700,20260602,405028,63,3,3,0,0,
40000007701,20260609,405028,200,7,4,0,0,
40000007702,20260616,405028,159,3,1,0,0,
40000007703,20260630,405028,273,4,1,0,0,
40000007704,20260512,405029,287,2,2,0,0,
40000007705,20260519,405029,213,7,1,0,0,
40000007706,20260526,405029,142,3,1,0,0,
40000007707,20260609,405029,162,2,1,0,0,
40000007708,20260623,405029,241,3,2,0,0,
40000007709,20260630,405029,188,7,4,1,0,
40000007710,20260512,405030,213,3,3,0,0,
40000007711,20260519,405030,263,3,2,0,0,
40000007712,20260526,405030,244,5,2,0,0,
40000007713,20260602,405030,289,5,1,1,1,LOAN_REJECTED
40000007714,20260609,405030,144,3,3,0,0,
40000007715,20260616,405030,130,7,1,0,0,
40000007716,20260623,405030,95,1,1,0,0,
40000007717,20260512,405031,89,2,1,0,0,
40000007718,20260602,405031,131,3,3,0,0,
40000007719,20260609,405031,298,2,1,0,0,
40000007720,20260623,405031,137,1,1,0,0,
40000007721,20260630,405031,167,5,4,0,0,
40000007722,20260519,405032,262,1,1,0,0,
40000007723,20260602,405032,269,2,1,0,0,
40000007724,20260609,405032,73,6,6,0,0,
40000007725,20260616,405032,98,2,1,0,0,
40000007726,20260623,405032,70,4,4,0,0,
40000007727,20260630,405032,205,6,2,0,0,
40000007728,20260512,405033,103,3,1,0,0,
40000007729,20260519,405033,86,3,1,0,0,
40000007730,20260526,405033,188,6,1,1,1,LOAN_REJECTED
40000007731,20260602,405033,210,7,5,0,0,
40000007732,20260609,405033,289,2,1,0,0,
40000007733,20260623,405033,220,5,2,0,0,
40000007734,20260630,405033,292,7,1,0,0,
40000007735,20260512,405034,289,2,1,0,0,
40000007736,20260519,405034,66,4,2,0,0,
40000007737,20260526,405034,89,4,4,0,0,
40000007738,20260602,405034,175,3,2,0,0,
40000007739,20260609,405034,189,3,3,0,0,
40000007740,20260616,405034,182,6,2,0,0,
40000007741,20260623,405034,264,6,4,0,0,
40000007742,20260630,405034,213,4,3,0,0,
40000007743,20260512,405035,129,4,1,0,0,
40000007744,20260519,405035,65,7,3,1,0,
40000007745,20260602,405035,158,7,3,0,0,
40000007746,20260609,405035,60,3,1,0,0,
40000007747,20260616,405035,145,4,3,1,0,
40000007748,20260623,405035,170,4,2,0,0,
40000007749,20260630,405035,166,2,2,0,0,
40000007750,20260512,405036,101,2,2,0,0,
40000007751,20260519,405036,74,7,4,0,0,
40000007752,20260526,405036,188,6,5,0,0,
40000007753,20260602,405036,272,5,1,0,0,
40000007754,20260609,405036,240,7,4,1,0,
40000007755,20260616,405036,122,1,1,0,0,
40000007756,20260623,405036,298,1,1,0,0,
40000007757,20260630,405036,285,4,4,0,0,
40000007758,20260526,405037,237,7,6,0,0,
40000007759,20260602,405037,151,6,4,0,0,
40000007760,20260609,405037,390,5,3,1,0,
40000007761,20260616,405037,167,7,4,1,0,
40000007762,20260512,405038,135,7,1,0,0,
40000007763,20260519,405038,185,4,2,0,0,
40000007764,20260602,405038,81,5,4,1,0,
40000007765,20260609,405038,257,5,5,0,0,
40000007766,20260616,405038,201,4,3,0,0,
40000007767,20260623,405038,261,3,2,0,0,
40000007768,20260630,405038,139,1,1,0,0,
40000007769,20260512,405039,142,1,1,0,0,
40000007770,20260519,405039,288,4,1,0,0,
40000007771,20260526,405039,87,3,2,0,0,
40000007772,20260609,405039,211,7,6,0,0,
40000007773,20260616,405039,206,7,2,0,0,
40000007774,20260623,405039,92,3,1,0,0,
40000007775,20260512,405040,236,6,1,0,0,
40000007776,20260519,405040,188,3,1,0,0,
40000007777,20260526,405040,266,3,3,0,0,
40000007778,20260602,405040,89,6,4,0,0,
40000007779,20260609,405040,83,3,3,0,0,
40000007780,20260616,405040,272,5,3,1,0,
40000007781,20260623,405040,246,2,2,0,0,
40000007782,20260630,405040,233,4,3,0,0,
40000007783,20260512,405041,175,7,6,0,0,
40000007784,20260519,405041,243,4,4,1,0,
40000007785,20260526,405041,369,2,2,1,0,
40000007786,20260512,405042,217,5,4,0,0,
40000007787,20260519,405042,223,7,3,0,0,
40000007788,20260526,405042,70,3,3,0,0,
40000007789,20260616,405042,279,4,1,0,0,
40000007790,20260630,405042,216,2,2,1,0,
40000007791,20260512,405043,241,2,1,0,0,
40000007792,20260519,405043,123,1,1,0,0,
40000007793,20260526,405043,280,5,3,0,0,
40000007794,20260602,405043,90,4,2,0,0,
40000007795,20260609,405043,192,1,1,0,0,
40000007796,20260616,405043,243,6,6,0,0,
40000007797,20260623,405043,218,6,3,0,0,
40000007798,20260630,405043,125,4,3,1,0,
40000007799,20260512,405044,175,4,3,0,0,
40000007800,20260519,405044,245,3,2,0,0,
40000007801,20260526,405044,141,4,2,0,0,
40000007802,20260602,405044,257,3,1,0,0,
40000007803,20260616,405044,134,3,3,0,0,
40000007804,20260623,405044,285,5,4,0,0,
40000007805,20260630,405044,208,5,1,0,0,
40000007806,20260512,405045,178,2,2,0,0,
40000007807,20260519,405045,245,7,4,0,0,
40000007808,20260609,405045,174,5,4,0,0,
40000007809,20260616,405045,195,2,1,0,0,
40000007810,20260623,405045,221,4,3,0,0,
40000007811,20260630,405045,74,2,1,0,0,
40000007812,20260512,405046,157,7,5,0,0,
40000007813,20260602,405046,192,2,2,0,0,
40000007814,20260609,405046,281,6,4,0,0,
40000007815,20260616,405046,219,2,2,0,0,
40000007816,20260630,405046,299,5,2,0,0,
40000007817,20260602,405047,162,2,1,0,0,
40000007818,20260616,405047,396,3,2,1,0,
40000007819,20260512,405048,298,5,5,0,0,
40000007820,20260519,405048,222,2,1,0,0,
40000007821,20260526,405048,188,2,2,1,0,
40000007822,20260616,405048,233,5,2,0,0,
40000007823,20260630,405048,159,3,1,0,0,
40000007824,20260512,405049,214,5,5,0,0,
40000007825,20260519,405049,137,1,1,0,0,
40000007826,20260526,405049,153,7,2,0,0,
40000007827,20260609,405049,73,3,1,0,0,
40000007828,20260512,405050,181,6,3,1,0,
40000007829,20260519,405050,159,4,3,0,0,
40000007830,20260526,405050,195,7,7,0,0,
40000007831,20260602,405050,145,1,1,0,0,
40000007832,20260609,405050,137,5,1,0,0,
40000007833,20260616,405050,97,7,5,0,0,
40000007834,20260623,405050,275,6,5,0,0,
40000007835,20260630,405050,113,7,2,0,0,
40000007836,20260512,405051,161,5,2,0,0,
40000007837,20260526,405051,116,1,1,1,1,PRICE_TOO_HIGH
40000007838,20260602,405051,262,3,2,0,0,
40000007839,20260609,405051,112,1,1,0,0,
40000007840,20260616,405051,67,3,2,0,0,
40000007841,20260630,405051,182,6,6,0,0,
40000007842,20260512,405052,268,7,6,0,0,
40000007843,20260519,405052,295,6,3,0,0,
40000007844,20260526,405052,246,4,3,0,0,
40000007845,20260602,405052,203,3,3,0,0,
40000007846,20260609,405052,182,6,2,0,0,
40000007847,20260616,405052,169,1,1,0,0,
40000007848,20260623,405052,129,7,5,0,0,
40000007849,20260630,405052,129,4,1,0,0,
40000007850,20260519,405053,337,2,2,1,0,
40000007851,20260526,405053,180,6,4,1,0,
40000007852,20260512,405054,263,3,1,1,0,
40000007853,20260519,405054,70,5,1,0,0,
40000007854,20260526,405054,175,2,1,0,0,
40000007855,20260602,405054,87,4,3,0,0,
40000007856,20260609,405054,238,5,1,0,0,
40000007857,20260616,405054,289,7,1,0,0,
40000007858,20260512,405055,278,5,5,0,0,
40000007859,20260602,405055,221,2,2,0,0,
40000007860,20260616,405055,168,2,2,0,0,
40000007861,20260623,405055,124,1,1,0,0,
40000007862,20260630,405055,74,6,5,0,0,
40000007863,20260512,405056,131,3,3,0,0,
40000007864,20260519,405056,270,2,2,0,0,
40000007865,20260526,405056,86,4,1,0,0,
40000007866,20260602,405056,286,2,2,1,0,
40000007867,20260609,405056,254,2,1,0,0,
40000007868,20260616,405056,231,5,4,1,0,
40000007869,20260623,405056,114,6,4,0,0,
40000007870,20260630,405056,253,1,1,0,0,
40000007871,20260602,405057,181,2,2,0,0,
40000007872,20260623,405057,346,7,7,1,0,
40000007873,20260512,405058,264,6,3,0,0,
40000007874,20260519,405058,201,1,1,0,0,
40000007875,20260526,405058,152,1,1,0,0,
40000007876,20260602,405058,100,5,4,1,0,
40000007877,20260609,405058,168,4,3,0,0,
40000007878,20260616,405058,188,1,1,1,0,
40000007879,20260623,405058,164,4,2,0,0,
40000007880,20260630,405058,116,4,3,0,0,
40000007881,20260512,405059,168,4,2,0,0,
40000007882,20260609,405059,172,7,6,0,0,
40000007883,20260616,405059,263,4,3,0,0,
40000007884,20260623,405059,111,4,1,0,0,
40000007885,20260512,405060,295,4,2,0,0,
40000007886,20260519,405060,65,2,1,0,0,
40000007887,20260526,405060,175,5,2,0,0,
40000007888,20260602,405060,145,3,2,0,0,
40000007889,20260609,405060,91,5,1,0,0,
40000007890,20260616,405060,127,1,1,0,0,
40000007891,20260623,405060,246,1,1,0,0,
40000007892,20260630,405060,136,6,3,1,0,
40000007893,20260512,405061,257,3,1,0,0,
40000007894,20260519,405061,188,2,2,0,0,
40000007895,20260526,405061,293,7,2,0,0,
40000007896,20260602,405061,292,1,1,0,0,
40000007897,20260609,405061,136,6,6,0,0,
40000007898,20260616,405061,87,2,2,0,0,
40000007899,20260623,405061,220,6,1,0,0,
40000007900,20260630,405061,75,4,3,0,0,
40000007901,20260512,405062,121,7,1,1,0,
40000007902,20260519,405062,226,5,5,0,0,
40000007903,20260526,405062,261,2,2,0,0,
40000007904,20260602,405062,80,6,6,1,0,
40000007905,20260609,405062,84,5,4,0,0,
40000007906,20260616,405062,131,7,4,0,0,
40000007907,20260623,405062,298,6,5,0,0,
40000007908,20260630,405062,231,1,1,0,0,
40000007909,20260512,405063,212,7,6,1,0,
40000007910,20260519,405063,107,2,2,0,0,
40000007911,20260526,405063,181,4,2,0,0,
40000007912,20260602,405063,145,3,1,0,0,
40000007913,20260609,405063,251,4,3,0,0,
40000007914,20260616,405063,187,1,1,0,0,
40000007915,20260623,405063,172,4,3,0,0,
40000007916,20260630,405063,66,4,3,0,0,
40000007917,20260512,405064,131,6,5,0,0,
40000007918,20260519,405064,284,3,1,0,0,
40000007919,20260526,405064,162,4,4,0,0,
40000007920,20260602,405064,254,5,4,0,0,
40000007921,20260609,405064,183,4,4,0,0,
40000007922,20260616,405064,163,2,2,0,0,
40000007923,20260623,405064,191,1,1,0,0,
40000007924,20260630,405064,68,1,1,0,0,
40000007925,20260512,405065,221,4,2,0,0,
40000007926,20260519,405065,241,2,2,0,0,
40000007927,20260602,405065,169,1,1,0,0,
40000007928,20260609,405065,252,4,1,1,0,
40000007929,20260630,405065,165,2,2,0,0,
40000007930,20260526,405066,164,5,4,0,0,
40000007931,20260609,405066,384,8,1,1,0,
40000007932,20260616,405066,221,8,5,1,0,
40000007933,20260512,405067,165,1,1,0,0,
40000007934,20260519,405067,247,3,2,0,0,
40000007935,20260526,405067,171,5,4,0,0,
40000007936,20260602,405067,286,7,5,0,0,
40000007937,20260609,405067,278,3,2,0,0,
40000007938,20260616,405067,240,2,2,0,0,
40000007939,20260623,405067,173,5,2,1,0,
40000007940,20260630,405067,125,3,1,0,0,
40000007941,20260519,405068,61,1,1,0,0,
40000007942,20260526,405068,165,4,1,0,0,
40000007943,20260609,405068,143,2,1,0,0,
40000007944,20260623,405068,111,4,1,0,0,
40000007945,20260630,405068,223,1,1,0,0,
40000007946,20260512,405069,105,5,4,0,0,
40000007947,20260519,405069,89,1,1,0,0,
40000007948,20260602,405069,172,2,2,0,0,
40000007949,20260609,405069,73,2,1,1,0,
40000007950,20260609,405070,97,7,7,0,0,
40000007951,20260616,405070,213,3,2,0,0,
40000007952,20260623,405070,101,5,1,0,0,
40000007953,20260630,405070,81,7,2,0,0,
40000007954,20260512,405071,183,3,1,0,0,
40000007955,20260526,405071,256,3,1,0,0,
40000007956,20260602,405071,151,5,5,0,0,
40000007957,20260609,405071,184,6,6,0,0,
40000007958,20260616,405071,237,6,5,0,0,
40000007959,20260623,405071,292,2,1,0,0,
40000007960,20260519,405072,294,6,6,1,0,
40000007961,20260602,405072,156,4,1,0,0,
40000007962,20260616,405072,198,7,5,1,0,
40000007963,20260630,405072,200,2,1,0,0,
40000007964,20260512,405073,88,3,1,0,0,
40000007965,20260519,405073,164,7,7,0,0,
40000007966,20260526,405073,109,5,1,0,0,
40000007967,20260602,405073,196,6,4,0,0,
40000007968,20260609,405073,74,2,1,0,0,
40000007969,20260616,405073,198,7,7,1,0,
40000007970,20260630,405073,205,1,1,0,0,
40000007971,20260512,405074,125,4,2,0,0,
40000007972,20260519,405074,221,2,2,0,0,
40000007973,20260526,405074,67,1,1,0,0,
40000007974,20260602,405074,87,3,1,0,0,
40000007975,20260609,405074,191,5,5,0,0,
40000007976,20260616,405074,212,6,4,0,0,
40000007977,20260623,405074,294,1,1,0,0,
40000007978,20260630,405074,197,3,2,0,0,
40000007979,20260519,405075,87,2,2,1,0,
40000007980,20260526,405075,199,2,1,0,0,
40000007981,20260602,405075,174,7,7,0,0,
40000007982,20260609,405075,264,3,1,0,0,
40000007983,20260616,405075,153,5,5,0,0,
40000007984,20260623,405075,203,2,1,0,0,
40000007985,20260630,405075,203,2,2,0,0,
40000007986,20260512,405076,66,3,2,0,0,
40000007987,20260519,405076,93,1,1,1,0,
40000007988,20260526,405076,288,7,2,0,0,
40000007989,20260602,405076,223,1,1,0,0,
40000007990,20260609,405076,271,5,5,0,0,
40000007991,20260616,405076,156,4,1,0,0,
40000007992,20260623,405076,159,2,1,0,0,
40000007993,20260630,405076,114,1,1,0,0,
40000007994,20260512,405077,170,2,2,0,0,
40000007995,20260526,405077,138,3,3,1,0,
40000007996,20260512,405078,276,7,5,0,0,
40000007997,20260519,405078,134,6,6,0,0,
40000007998,20260526,405078,228,3,1,0,0,
40000007999,20260602,405078,116,7,5,0,0,
40000008000,20260609,405078,132,3,3,0,0,
40000008001,20260616,405078,175,6,2,0,0,
40000008002,20260623,405078,179,5,4,1,1,PRICE_TOO_HIGH
40000008003,20260630,405078,123,3,1,0,0,
40000008004,20260512,405079,178,3,3,0,0,
40000008005,20260519,405079,200,3,3,0,0,
40000008006,20260616,405079,280,1,1,0,0,
40000008007,20260623,405079,170,7,3,0,0,
40000008008,20260630,405079,201,7,5,0,0,
40000008009,20260512,405080,169,1,1,0,0,
40000008010,20260519,405080,113,7,1,0,0,
40000008011,20260526,405080,150,5,1,0,0,
40000008012,20260602,405080,288,6,4,0,0,
40000008013,20260609,405080,91,5,5,1,0,
40000008014,20260616,405080,110,1,1,1,0,
40000008015,20260623,405080,131,1,1,0,0,
40000008016,20260630,405080,266,3,1,0,0,
40000008017,20260602,405081,240,5,3,0,0,
40000008018,20260609,405081,79,1,1,0,0,
40000008019,20260623,405081,192,6,6,1,0,
40000008020,20260630,405081,216,2,2,0,0,
40000008021,20260519,405082,287,7,5,0,0,
40000008022,20260602,405082,271,3,2,0,0,
40000008023,20260609,405082,282,1,1,1,0,
40000008024,20260616,405082,165,3,2,0,0,
40000008025,20260623,405082,148,4,4,0,0,
40000008026,20260512,405083,288,1,1,0,0,
40000008027,20260519,405083,141,3,3,0,0,
40000008028,20260526,405083,269,3,3,1,0,
40000008029,20260602,405083,159,2,1,0,0,
40000008030,20260609,405083,70,1,1,0,0,
40000008031,20260623,405083,221,6,4,1,1,LOAN_REJECTED
40000008032,20260512,405084,298,5,3,0,0,
40000008033,20260519,405084,97,1,1,0,0,
40000008034,20260526,405084,171,5,5,0,0,
40000008035,20260602,405084,300,6,2,0,0,
40000008036,20260609,405084,133,6,3,0,0,
40000008037,20260616,405084,269,1,1,0,0,
40000008038,20260623,405084,146,5,3,0,0,
40000008039,20260512,405085,171,5,2,0,0,
40000008040,20260519,405085,86,6,3,0,0,
40000008041,20260526,405085,79,4,4,0,0,
40000008042,20260602,405085,77,2,2,0,0,
40000008043,20260609,405085,277,5,1,0,0,
40000008044,20260616,405085,226,5,1,0,0,
40000008045,20260623,405085,158,5,1,0,0,
40000008046,20260630,405085,179,1,1,1,0,
40000008047,20260512,405086,94,2,1,0,0,
40000008048,20260519,405086,289,1,1,0,0,
40000008049,20260526,405086,108,3,2,1,0,
40000008050,20260602,405086,212,7,6,0,0,
40000008051,20260609,405086,101,3,2,0,0,
40000008052,20260623,405086,157,3,2,0,0,
40000008053,20260630,405086,145,5,3,0,0,
40000008054,20260324,405087,165,6,3,0,0,
40000008055,20260331,405087,260,1,1,0,0,
40000008056,20260428,405087,137,5,2,0,0,
40000008057,20260505,405087,153,3,3,1,0,
40000008058,20260512,405087,104,5,2,0,0,
40000008059,20260602,405087,62,3,2,0,0,
40000008060,20260609,405087,122,5,5,0,0,
40000008061,20260616,405087,102,2,2,0,0,
40000008062,20260519,405088,218,5,5,0,0,
40000008063,20260526,405088,67,1,1,0,0,
40000008064,20260602,405088,299,5,4,0,0,
40000008065,20260616,405088,214,1,1,0,0,
40000008066,20260623,405088,165,3,2,0,0,
40000008067,20260630,405088,227,6,6,0,0,
40000008068,20260519,405089,141,1,1,0,0,
40000008069,20260526,405089,182,1,1,0,0,
40000008070,20260602,405089,175,3,2,0,0,
40000008071,20260630,405089,159,7,1,0,0,
40000008072,20260512,405090,72,7,6,0,0,
40000008073,20260526,405090,118,4,4,1,0,
40000008074,20260609,405090,291,3,2,0,0,
40000008075,20260616,405090,294,7,5,0,0,
40000008076,20260623,405090,143,6,2,0,0,
40000008077,20260630,405090,273,6,4,0,0,
40000008078,20260512,405091,200,2,2,0,0,
40000008079,20260519,405091,212,1,1,1,0,
40000008080,20260602,405091,111,3,1,0,0,
40000008081,20260616,405091,86,7,2,0,0,
40000008082,20260623,405091,166,5,4,0,0,
40000008083,20260630,405091,288,3,2,0,0,
40000008084,20260512,405092,218,1,1,0,0,
40000008085,20260526,405092,160,7,1,0,0,
40000008086,20260609,405092,196,3,2,0,0,
40000008087,20260623,405092,259,4,1,1,0,
40000008088,20260630,405092,189,7,7,1,0,
40000008089,20260526,405093,119,1,1,1,0,
40000008090,20260602,405093,98,4,3,0,0,
40000008091,20260609,405093,61,3,2,0,0,
40000008092,20260623,405093,216,5,4,1,0,
40000008093,20260519,405094,184,10,7,0,0,
40000008094,20260602,405094,149,10,6,1,0,
40000008095,20260609,405094,316,7,7,1,0,
