funnel_event_id,date_key,unit_key,web_listing_views,inquiry_leads_count,site_visits_count,booking_reservations,booking_cancellations,cancellation_reason
1,20260520,100001,231,10,11,7,7,PRICE_TOO_HIGH
2,20260614,100001,240,13,13,7,5,PRICE_TOO_HIGH
3,20260407,100002,174,5,10,4,4,PRICE_TOO_HIGH
4,20260418,100002,168,10,8,3,3,PRICE_TOO_HIGH
5,20260507,100002,193,11,10,3,1,PRICE_TOO_HIGH
6,20260429,100003,186,14,12,8,8,PRICE_TOO_HIGH
7,20260513,100003,213,7,17,4,4,PRICE_TOO_HIGH
8,20260601,100003,170,7,5,2,0,
9,20260508,100004,203,10,8,2,2,PRICE_TOO_HIGH
10,20260615,100004,212,5,5,6,6,PRICE_TOO_HIGH
11,20260624,100004,180,14,5,5,4,PRICE_TOO_HIGH
12,20260601,100005,413,15,8,3,3,PRICE_TOO_HIGH
13,20260617,100005,421,26,15,6,5,PRICE_TOO_HIGH
14,20260501,100006,95,4,2,0,0,
15,20260519,100006,99,7,3,3,3,PRICE_TOO_HIGH
16,20260521,100006,96,2,7,4,4,PRICE_TOO_HIGH
17,20260610,100006,88,6,7,3,3,PRICE_TOO_HIGH
18,20260611,100006,96,4,0,4,0,
19,20260513,100007,166,8,11,4,4,PRICE_TOO_HIGH
20,20260619,100007,133,10,6,3,3,PRICE_TOO_HIGH
21,20260622,100007,179,5,13,3,1,PRICE_TOO_HIGH
22,20260413,100008,355,21,14,3,3,PRICE_TOO_HIGH
23,20260614,100008,360,14,11,4,3,PRICE_TOO_HIGH
24,20260427,100009,172,9,9,1,1,PRICE_TOO_HIGH
25,20260428,100009,142,7,9,3,3,PRICE_TOO_HIGH
26,20260517,100009,153,9,11,0,0,
27,20260529,100009,171,6,9,2,1,PRICE_TOO_HIGH
28,20260521,100010,182,7,17,3,3,PRICE_TOO_HIGH
29,20260616,100010,195,11,9,1,1,PRICE_TOO_HIGH
30,20260618,100010,187,10,11,3,1,PRICE_TOO_HIGH
31,20260412,100011,197,8,12,2,2,PRICE_TOO_HIGH
32,20260518,100011,187,11,14,3,3,PRICE_TOO_HIGH
33,20260611,100011,185,9,9,2,0,
34,20260507,100012,413,20,13,8,8,PRICE_TOO_HIGH
35,20260627,100012,443,22,6,6,4,PRICE_TOO_HIGH
36,20260401,100013,151,8,13,3,3,PRICE_TOO_HIGH
37,20260404,100013,180,7,8,4,4,PRICE_TOO_HIGH
38,20260510,100013,199,8,5,5,3,PRICE_TOO_HIGH
39,20260604,100013,165,11,11,2,0,
40,20260411,100014,246,10,6,2,2,PRICE_TOO_HIGH
41,20260429,100014,220,11,7,2,2,PRICE_TOO_HIGH
42,20260605,100014,226,9,8,1,1,PRICE_TOO_HIGH
43,20260620,100014,202,14,8,2,2,PRICE_TOO_HIGH
44,20260430,100015,185,7,9,2,2,PRICE_TOO_HIGH
45,20260511,100015,165,6,8,1,1,PRICE_TOO_HIGH
46,20260512,100015,171,10,6,1,1,PRICE_TOO_HIGH
47,20260522,100015,179,10,3,1,1,PRICE_TOO_HIGH
48,20260601,100015,182,11,9,4,3,PRICE_TOO_HIGH
49,20260409,100016,127,4,2,2,2,PRICE_TOO_HIGH
50,20260421,100016,129,10,3,4,4,PRICE_TOO_HIGH
51,20260503,100016,130,6,4,3,3,PRICE_TOO_HIGH
52,20260507,100016,123,4,3,1,1,PRICE_TOO_HIGH
53,20260608,100016,123,7,4,3,1,PRICE_TOO_HIGH
54,20260403,100017,171,4,8,2,2,PRICE_TOO_HIGH
55,20260422,100017,172,9,4,3,3,PRICE_TOO_HIGH
56,20260426,100017,155,7,6,1,1,PRICE_TOO_HIGH
57,20260429,100017,159,12,13,1,1,PRICE_TOO_HIGH
58,20260629,100017,153,8,3,1,1,PRICE_TOO_HIGH
59,20260410,100018,130,5,3,1,1,PRICE_TOO_HIGH
60,20260427,100018,140,8,2,3,3,PRICE_TOO_HIGH
61,20260505,100018,156,6,6,1,1,PRICE_TOO_HIGH
62,20260603,100018,122,6,2,1,0,
63,20260616,100018,122,8,5,1,0,
64,20260403,100019,189,8,4,1,1,PRICE_TOO_HIGH
65,20260404,100019,216,10,7,2,2,PRICE_TOO_HIGH
66,20260412,100019,195,11,6,5,5,PRICE_TOO_HIGH
67,20260626,100019,196,10,4,3,0,
68,20260424,100020,283,13,15,7,7,PRICE_TOO_HIGH
69,20260503,100020,273,14,22,7,4,PRICE_TOO_HIGH
70,20260410,100021,186,7,7,0,0,
71,20260413,100021,192,7,10,4,4,PRICE_TOO_HIGH
72,20260620,100021,180,13,5,6,4,PRICE_TOO_HIGH
73,20260401,100022,142,2,10,3,3,PRICE_TOO_HIGH
74,20260407,100022,130,7,6,2,2,PRICE_TOO_HIGH
75,20260424,100022,131,10,11,1,1,PRICE_TOO_HIGH
76,20260510,100022,133,7,7,2,2,PRICE_TOO_HIGH
77,20260519,100022,141,7,3,5,4,PRICE_TOO_HIGH
78,20260509,100023,161,9,2,0,0,
79,20260510,100023,150,4,2,2,2,PRICE_TOO_HIGH
80,20260610,100023,148,9,7,2,2,PRICE_TOO_HIGH
81,20260613,100023,169,6,1,4,2,PRICE_TOO_HIGH
82,20260620,100023,163,11,3,0,0,
83,20260512,100024,286,17,13,4,4,PRICE_TOO_HIGH
84,20260524,100024,287,11,16,6,4,PRICE_TOO_HIGH
85,20260421,100025,137,7,2,2,2,PRICE_TOO_HIGH
86,20260502,100025,104,5,5,2,2,PRICE_TOO_HIGH
87,20260512,100025,110,4,1,0,0,
88,20260526,100025,98,2,4,2,1,PRICE_TOO_HIGH
89,20260605,100025,105,9,4,0,0,
90,20260427,100026,439,21,13,6,6,PRICE_TOO_HIGH
91,20260520,100026,403,21,22,6,3,PRICE_TOO_HIGH
92,20260425,100027,181,10,9,4,4,PRICE_TOO_HIGH
93,20260528,100027,178,7,15,4,3,PRICE_TOO_HIGH
94,20260616,100027,173,9,4,1,0,
95,20260406,100028,161,9,8,6,6,PRICE_TOO_HIGH
96,20260422,100028,170,9,8,2,2,PRICE_TOO_HIGH
97,20260428,100028,160,7,7,0,0,
98,20260625,100028,128,5,7,5,3,PRICE_TOO_HIGH
99,20260410,100029,127,5,6,1,1,PRICE_TOO_HIGH
100,20260508,100029,120,7,7,1,1,PRICE_TOO_HIGH
101,20260605,100029,110,8,15,2,2,PRICE_TOO_HIGH
102,20260625,100029,110,3,10,2,1,PRICE_TOO_HIGH
103,20260402,100030,368,18,10,5,5,PRICE_TOO_HIGH
104,20260412,100030,339,17,8,4,3,PRICE_TOO_HIGH
105,20260408,100032,10,0,0,0,0,
106,20260428,100032,14,0,0,0,0,
107,20260514,100032,14,1,2,0,0,
108,20260513,100035,211,10,19,5,5,PRICE_TOO_HIGH
109,20260623,100035,211,11,15,5,4,PRICE_TOO_HIGH
110,20260404,100036,145,7,5,0,0,
111,20260412,100036,143,6,5,3,3,PRICE_TOO_HIGH
112,20260424,100036,148,10,3,1,1,PRICE_TOO_HIGH
113,20260626,100036,144,6,9,2,1,PRICE_TOO_HIGH
114,20260408,100037,203,11,6,0,0,
115,20260502,100037,188,8,4,0,0,
116,20260402,100040,273,20,18,3,3,PRICE_TOO_HIGH
117,20260430,100040,311,11,9,2,2,PRICE_TOO_HIGH
118,20260626,100040,314,13,10,3,1,PRICE_TOO_HIGH
119,20260403,100043,6,0,2,0,0,
120,20260521,100043,4,0,0,0,0,
121,20260404,100046,138,5,4,4,4,PRICE_TOO_HIGH
122,20260429,100046,145,11,6,2,2,PRICE_TOO_HIGH
123,20260516,100046,167,6,4,4,4,PRICE_TOO_HIGH
124,20260610,100046,169,6,2,2,1,PRICE_TOO_HIGH
125,20260618,100046,144,10,7,1,0,
126,20260417,100047,221,14,11,5,5,PRICE_TOO_HIGH
127,20260430,100047,196,9,12,1,1,PRICE_TOO_HIGH
128,20260621,100047,245,10,10,4,1,PRICE_TOO_HIGH
129,20260510,100049,406,23,18,4,4,PRICE_TOO_HIGH
130,20260608,100049,382,16,4,2,1,PRICE_TOO_HIGH
131,20260421,100050,5,0,1,0,0,
132,20260604,100050,3,0,0,0,0,
133,20260604,100051,386,18,11,5,5,PRICE_TOO_HIGH
134,20260613,100051,402,21,10,3,1,PRICE_TOO_HIGH
135,20260424,100061,285,14,9,2,2,PRICE_TOO_HIGH
136,20260608,100061,235,12,8,4,3,PRICE_TOO_HIGH
137,20260420,100062,189,12,7,4,4,PRICE_TOO_HIGH
138,20260422,100062,179,5,10,2,2,PRICE_TOO_HIGH
139,20260528,100062,177,10,5,2,1,PRICE_TOO_HIGH
140,20260607,100062,186,9,4,1,0,
141,20260417,100063,9,1,1,0,0,
142,20260516,100063,8,0,0,0,0,
143,20260519,100063,3,0,1,0,0,
144,20260621,100063,6,0,0,1,1,PRICE_TOO_HIGH
145,20260417,100065,303,14,12,1,1,PRICE_TOO_HIGH
146,20260612,100065,335,17,10,5,4,PRICE_TOO_HIGH
147,20260502,100066,399,23,10,3,3,PRICE_TOO_HIGH
148,20260516,100066,427,18,7,3,2,PRICE_TOO_HIGH
149,20260421,100067,98,2,6,2,2,PRICE_TOO_HIGH
150,20260510,100067,100,6,6,1,1,PRICE_TOO_HIGH
151,20260514,100067,97,6,11,1,1,PRICE_TOO_HIGH
152,20260522,100067,103,10,6,2,1,PRICE_TOO_HIGH
153,20260603,100067,102,1,7,0,0,
154,20260428,100068,123,2,4,0,0,
155,20260507,100068,108,8,2,1,0,
156,20260608,100068,132,8,5,1,0,
157,20260420,100070,81,5,4,2,1,PRICE_TOO_HIGH
158,20260422,100070,89,3,5,1,0,
159,20260423,100070,70,5,3,1,0,
160,20260427,100070,78,2,3,0,0,
161,20260527,100071,18,2,3,0,0,
162,20260623,100071,22,0,2,3,0,
163,20260628,100071,13,0,0,1,0,
164,20260404,100073,16,0,2,1,0,
165,20260428,100073,9,1,1,0,0,
166,20260509,100073,18,1,3,0,0,
167,20260524,100073,5,1,2,0,0,
168,20260610,100073,12,0,3,0,0,
169,20260405,100074,93,2,4,0,0,
170,20260417,100074,65,3,1,1,0,
171,20260512,100074,54,3,3,0,0,
172,20260515,100074,61,5,1,0,0,
173,20260627,100074,70,4,4,1,0,
174,20260608,100077,11,0,2,0,0,
175,20260611,100077,11,1,0,0,0,
176,20260419,100082,170,8,4,2,2,PRICE_TOO_HIGH
177,20260504,100082,172,8,7,2,2,PRICE_TOO_HIGH
178,20260529,100082,152,9,8,2,2,PRICE_TOO_HIGH
179,20260609,100082,146,7,5,2,2,PRICE_TOO_HIGH
180,20260506,100085,51,3,2,0,0,
181,20260605,100085,30,2,1,1,1,PRICE_TOO_HIGH
182,20260625,100085,45,1,2,3,0,
183,20260417,100086,84,6,4,1,1,PRICE_TOO_HIGH
184,20260426,100086,84,5,1,1,0,
185,20260430,100086,80,3,0,1,0,
186,20260523,100086,83,2,2,1,0,
187,20260415,100090,165,10,8,1,0,
188,20260515,100090,154,5,5,1,0,
189,20260424,100091,8,0,1,0,0,
190,20260515,100091,9,1,2,1,1,PRICE_TOO_HIGH
191,20260519,100091,21,1,0,1,0,
192,20260603,100091,10,1,2,1,0,
193,20260619,100091,14,0,3,0,0,
194,20260419,100093,78,6,5,3,3,PRICE_TOO_HIGH
195,20260428,100093,90,8,6,2,2,PRICE_TOO_HIGH
196,20260517,100093,89,1,4,2,2,PRICE_TOO_HIGH
197,20260524,100093,102,4,4,3,2,PRICE_TOO_HIGH
198,20260527,100093,91,3,6,1,0,
199,20260423,100095,127,3,4,2,0,
200,20260428,100095,110,7,3,0,0,
201,20260510,100095,116,7,4,1,0,
202,20260531,100095,107,6,3,0,0,
203,20260418,100097,120,5,6,2,2,PRICE_TOO_HIGH
204,20260421,100097,119,9,9,3,3,PRICE_TOO_HIGH
205,20260525,100097,152,5,6,2,2,PRICE_TOO_HIGH
206,20260626,100097,122,6,6,2,1,PRICE_TOO_HIGH
207,20260411,100098,7,0,0,0,0,
208,20260429,100098,5,1,0,1,1,PRICE_TOO_HIGH
209,20260513,100098,6,0,0,0,0,
210,20260604,100098,7,0,0,0,0,
211,20260616,100098,7,0,0,0,0,
212,20260403,100099,82,3,5,2,2,PRICE_TOO_HIGH
213,20260427,100099,99,8,5,2,2,PRICE_TOO_HIGH
214,20260513,100099,103,8,6,1,1,PRICE_TOO_HIGH
215,20260527,100099,92,1,6,1,1,PRICE_TOO_HIGH
216,20260602,100099,86,3,6,2,0,
217,20260612,100100,389,23,18,3,3,PRICE_TOO_HIGH
218,20260615,100100,360,14,21,5,4,PRICE_TOO_HIGH
219,20260421,100101,150,7,4,2,2,PRICE_TOO_HIGH
220,20260430,100101,167,13,4,2,2,PRICE_TOO_HIGH
221,20260527,100101,139,6,8,1,1,PRICE_TOO_HIGH
222,20260528,100101,155,4,8,4,3,PRICE_TOO_HIGH
223,20260506,100103,4,1,0,0,0,
224,20260526,100103,4,0,0,0,0,
225,20260610,100103,7,0,0,0,0,
226,20260612,100103,4,0,0,0,0,
227,20260615,100103,3,0,0,0,0,
228,20260429,100104,119,5,11,4,4,PRICE_TOO_HIGH
229,20260516,100104,144,9,8,3,3,PRICE_TOO_HIGH
230,20260606,100104,148,6,10,3,2,PRICE_TOO_HIGH
231,20260410,100105,43,2,4,0,0,
232,20260415,100105,55,1,1,0,0,
233,20260425,100105,40,4,4,0,0,
234,20260606,100105,46,2,1,4,1,PRICE_TOO_HIGH
235,20260402,100106,143,7,5,1,1,PRICE_TOO_HIGH
236,20260516,100106,126,4,4,3,3,PRICE_TOO_HIGH
237,20260610,100106,146,8,8,5,3,PRICE_TOO_HIGH
238,20260622,100106,137,8,3,0,0,
239,20260423,100107,22,1,3,0,0,
240,20260428,100107,20,0,4,0,0,
241,20260507,100107,28,1,0,0,0,
242,20260609,100107,20,2,1,0,0,
243,20260401,100108,204,16,6,1,1,PRICE_TOO_HIGH
244,20260419,100108,201,7,7,3,3,PRICE_TOO_HIGH
245,20260425,100108,176,7,6,5,5,PRICE_TOO_HIGH
246,20260528,100108,196,8,4,3,0,
247,20260409,100109,6,0,0,0,0,
248,20260415,100109,7,1,0,0,0,
249,20260501,100109,9,0,0,0,0,
250,20260525,100109,9,0,0,0,0,
251,20260612,100109,3,0,0,0,0,
252,20260401,100110,136,3,5,3,3,PRICE_TOO_HIGH
253,20260515,100110,122,7,10,1,1,PRICE_TOO_HIGH
254,20260606,100110,125,6,5,0,0,
255,20260625,100110,122,9,8,2,0,
256,20260501,100111,221,10,20,2,2,PRICE_TOO_HIGH
257,20260618,100111,247,12,10,3,3,PRICE_TOO_HIGH
258,20260622,100111,231,12,9,3,1,PRICE_TOO_HIGH
259,20260522,100112,277,13,7,1,1,PRICE_TOO_HIGH
260,20260615,100112,256,16,15,2,2,PRICE_TOO_HIGH
261,20260626,100112,276,11,4,5,5,PRICE_TOO_HIGH
262,20260423,100114,124,6,6,0,0,
263,20260516,100114,143,5,4,1,0,
264,20260601,100114,104,5,4,0,0,
265,20260605,100114,110,8,2,0,0,
266,20260416,100115,6,0,1,0,0,
267,20260521,100115,8,1,0,0,0,
268,20260608,100115,3,0,0,0,0,
269,20260611,100115,7,0,0,0,0,
270,20260403,100116,149,6,8,6,6,PRICE_TOO_HIGH
271,20260607,100116,173,9,7,3,3,PRICE_TOO_HIGH
272,20260608,100116,180,10,9,4,3,PRICE_TOO_HIGH
273,20260407,100118,105,6,6,4,4,PRICE_TOO_HIGH
274,20260420,100118,103,6,9,3,3,PRICE_TOO_HIGH
275,20260504,100118,90,3,6,1,1,PRICE_TOO_HIGH
276,20260629,100118,112,5,7,1,1,PRICE_TOO_HIGH
277,20260406,100120,205,7,10,4,4,PRICE_TOO_HIGH
278,20260409,100120,230,14,7,1,1,PRICE_TOO_HIGH
279,20260517,100120,214,9,5,1,1,PRICE_TOO_HIGH
280,20260606,100120,199,12,3,2,1,PRICE_TOO_HIGH
281,20260415,100121,12,1,1,0,0,
282,20260416,100121,6,0,0,0,0,
283,20260421,100121,11,1,0,1,1,PRICE_TOO_HIGH
284,20260601,100121,6,0,0,0,0,
285,20260612,100121,11,0,0,0,0,
286,20260517,100123,108,8,3,0,0,
287,20260530,100123,113,1,3,1,0,
288,20260612,100123,104,7,1,1,0,
289,20260405,100124,151,9,4,1,0,
290,20260414,100124,156,5,1,0,0,
291,20260614,100124,164,9,4,1,0,
292,20260614,100125,375,25,12,1,1,PRICE_TOO_HIGH
293,20260628,100125,370,12,14,5,4,PRICE_TOO_HIGH
294,20260409,100128,79,7,4,2,2,PRICE_TOO_HIGH
295,20260510,100128,104,4,6,6,6,PRICE_TOO_HIGH
296,20260521,100128,102,5,8,1,1,PRICE_TOO_HIGH
297,20260607,100128,91,3,2,3,2,PRICE_TOO_HIGH
298,20260624,100128,82,3,7,1,0,
299,20260424,100129,318,22,10,7,7,PRICE_TOO_HIGH
300,20260529,100129,283,8,6,1,1,PRICE_TOO_HIGH
301,20260617,100129,282,14,3,6,3,PRICE_TOO_HIGH
302,20260602,100130,11,1,0,0,0,
303,20260615,100130,9,0,1,1,1,PRICE_TOO_HIGH
304,20260417,100131,127,5,4,1,0,
305,20260511,100131,138,11,5,0,0,
306,20260515,100131,123,3,4,0,0,
307,20260424,100135,70,1,7,0,0,
308,20260520,100135,78,3,6,1,0,
309,20260521,100135,73,7,5,0,0,
310,20260412,100137,42,2,1,0,0,
311,20260515,100137,41,1,3,0,0,
312,20260601,100137,48,4,2,0,0,
313,20260619,100137,33,1,0,0,0,
314,20260518,100138,242,11,8,6,6,PRICE_TOO_HIGH
315,20260604,100138,257,14,16,2,2,PRICE_TOO_HIGH
316,20260623,100138,275,13,6,4,3,PRICE_TOO_HIGH
317,20260428,100145,131,10,9,2,2,PRICE_TOO_HIGH
318,20260430,100145,126,7,3,2,2,PRICE_TOO_HIGH
319,20260513,100145,121,4,5,2,2,PRICE_TOO_HIGH
320,20260522,100145,114,3,2,2,0,
321,20260401,100146,69,5,4,1,1,PRICE_TOO_HIGH
322,20260414,100146,96,4,7,1,1,PRICE_TOO_HIGH
323,20260503,100146,77,4,3,2,2,PRICE_TOO_HIGH
324,20260616,100146,81,3,3,1,1,PRICE_TOO_HIGH
325,20260622,100146,82,4,3,1,0,
326,20260427,100147,7,0,0,0,0,
327,20260505,100147,6,1,1,1,1,PRICE_TOO_HIGH
328,20260520,100147,7,0,1,0,0,
329,20260603,100149,59,4,4,0,0,
330,20260605,100149,89,3,3,0,0,
331,20260623,100149,58,3,3,0,0,
332,20260425,100150,76,3,1,0,0,
333,20260508,100150,87,5,3,1,1,PRICE_TOO_HIGH
334,20260523,100150,80,7,2,2,0,
335,20260612,100150,81,1,2,1,0,
336,20260606,100151,200,8,10,3,3,PRICE_TOO_HIGH
337,20260608,100151,191,12,7,3,3,PRICE_TOO_HIGH
338,20260619,100151,220,10,11,4,1,PRICE_TOO_HIGH
339,20260418,100153,237,17,7,2,2,PRICE_TOO_HIGH
340,20260531,100153,238,12,7,2,2,PRICE_TOO_HIGH
341,20260608,100153,229,6,5,2,0,
342,20260524,100155,189,9,7,1,1,PRICE_TOO_HIGH
343,20260529,100155,197,9,5,2,2,PRICE_TOO_HIGH
344,20260609,100155,181,11,6,2,2,PRICE_TOO_HIGH
345,20260624,100155,201,9,2,2,2,PRICE_TOO_HIGH
346,20260411,100156,9,1,0,0,0,
347,20260614,100156,6,0,1,0,0,
348,20260627,100156,6,0,0,0,0,
349,20260628,100156,6,0,1,0,0,
350,20260605,100157,139,5,1,0,0,
351,20260626,100157,124,8,5,3,1,PRICE_TOO_HIGH
352,20260528,100159,106,5,1,3,0,
353,20260530,100159,124,7,6,1,0,
354,20260626,100159,99,4,1,1,0,
355,20260403,100160,87,3,4,0,0,
356,20260407,100160,97,6,5,0,0,
357,20260502,100160,96,3,3,3,1,PRICE_TOO_HIGH
358,20260611,100160,89,6,4,0,0,
359,20260404,100161,12,0,2,1,1,PRICE_TOO_HIGH
360,20260409,100161,11,1,0,1,0,
361,20260410,100161,9,0,2,2,0,
362,20260603,100161,15,1,2,0,0,
363,20260623,100161,12,0,3,0,0,
364,20260402,100162,225,7,7,3,3,PRICE_TOO_HIGH
365,20260517,100162,204,13,9,4,4,PRICE_TOO_HIGH
366,20260607,100162,228,11,6,5,4,PRICE_TOO_HIGH
367,20260621,100162,202,11,12,1,0,
368,20260411,100165,90,7,1,0,0,
369,20260424,100165,100,2,4,1,1,PRICE_TOO_HIGH
370,20260428,100165,95,4,8,1,0,
371,20260606,100165,107,6,4,0,0,
372,20260516,100167,206,9,3,0,0,
373,20260517,100167,186,10,5,0,0,
374,20260416,100169,132,3,9,0,0,
375,20260419,100169,124,8,1,1,1,PRICE_TOO_HIGH
376,20260527,100169,115,7,5,1,0,
377,20260603,100170,21,1,1,0,0,
378,20260604,100170,14,2,3,0,0,
379,20260612,100170,24,0,8,0,0,
380,20260621,100170,19,0,2,1,0,
381,20260402,100171,371,18,13,5,5,PRICE_TOO_HIGH
382,20260627,100171,401,20,17,9,6,PRICE_TOO_HIGH
383,20260610,100172,45,0,7,1,0,
384,20260620,100172,40,4,12,2,0,
385,20260405,100173,48,3,3,0,0,
386,20260406,100173,35,0,3,0,0,
387,20260428,100173,33,3,5,1,1,PRICE_TOO_HIGH
388,20260501,100173,39,1,0,2,0,
389,20260408,100174,30,2,4,0,0,
390,20260509,100174,31,0,4,1,0,
391,20260523,100174,28,2,0,0,0,
392,20260526,100174,29,2,1,0,0,
393,20260626,100174,35,1,5,0,0,
394,20260404,100176,108,4,5,1,1,PRICE_TOO_HIGH
395,20260506,100176,86,3,1,1,0,
396,20260523,100176,81,4,1,0,0,
397,20260527,100176,87,7,2,2,0,
398,20260413,100179,150,9,9,2,2,PRICE_TOO_HIGH
399,20260426,100179,156,11,4,0,0,
400,20260511,100179,158,7,6,0,0,
401,20260523,100179,154,7,2,0,0,
402,20260606,100179,152,4,6,6,4,PRICE_TOO_HIGH
403,20260509,100180,7,1,0,0,0,
404,20260515,100180,7,0,0,0,0,
405,20260516,100180,7,0,0,0,0,
406,20260620,100180,5,0,0,0,0,
407,20260628,100180,6,0,1,0,0,
408,20260407,100181,42,4,7,0,0,
409,20260416,100181,70,2,3,4,0,
410,20260506,100181,56,2,5,1,0,
411,20260615,100183,302,12,12,8,8,PRICE_TOO_HIGH
412,20260616,100183,274,16,15,4,1,PRICE_TOO_HIGH
413,20260421,100184,100,7,8,1,1,PRICE_TOO_HIGH
414,20260505,100184,74,5,4,2,2,PRICE_TOO_HIGH
415,20260523,100184,91,3,6,3,3,PRICE_TOO_HIGH
416,20260623,100184,113,3,7,0,0,
417,20260627,100184,103,6,9,3,2,PRICE_TOO_HIGH
418,20260412,100185,374,21,4,2,2,PRICE_TOO_HIGH
419,20260504,100185,410,18,15,5,4,PRICE_TOO_HIGH
420,20260410,100186,1,0,0,0,0,
421,20260526,100186,1,0,0,0,0,
422,20260528,100186,3,0,0,0,0,
423,20260609,100186,0,0,2,0,0,
424,20260619,100186,0,0,0,0,0,
425,20260403,100191,152,8,2,1,1,PRICE_TOO_HIGH
426,20260404,100191,160,6,3,0,0,
427,20260427,100191,159,11,6,3,3,PRICE_TOO_HIGH
428,20260522,100191,151,5,3,3,2,PRICE_TOO_HIGH
429,20260615,100191,149,8,6,2,0,
430,20260416,100193,102,3,6,3,3,PRICE_TOO_HIGH
431,20260506,100193,95,5,6,5,5,PRICE_TOO_HIGH
432,20260508,100193,112,6,5,2,2,PRICE_TOO_HIGH
433,20260529,100193,87,5,5,2,0,
434,20260531,100193,88,5,6,2,0,
435,20260609,100194,389,21,9,4,4,PRICE_TOO_HIGH
436,20260626,100194,359,16,7,6,3,PRICE_TOO_HIGH
437,20260416,100195,23,2,2,0,0,
438,20260510,100195,26,0,0,0,0,
439,20260514,100195,28,1,1,0,0,
440,20260523,100195,31,3,4,0,0,
441,20260608,100195,33,1,0,0,0,
442,20260513,100199,167,6,4,0,0,
443,20260629,100199,162,10,5,1,0,
444,20260402,100200,94,3,3,2,0,
445,20260506,100200,108,6,1,1,0,
446,20260519,100200,99,4,0,0,0,
447,20260611,100200,101,7,4,1,0,
448,20260419,100203,16,1,0,1,1,PRICE_TOO_HIGH
449,20260502,100203,16,1,0,0,0,
450,20260524,100203,13,0,1,0,0,
451,20260411,100204,104,6,4,0,0,
452,20260415,100204,104,5,1,3,1,PRICE_TOO_HIGH
453,20260505,100204,99,4,8,0,0,
454,20260425,100207,208,11,4,4,4,PRICE_TOO_HIGH
455,20260506,100207,196,7,10,3,3,PRICE_TOO_HIGH
456,20260601,100207,203,10,5,1,1,PRICE_TOO_HIGH
457,20260612,100207,189,11,6,4,2,PRICE_TOO_HIGH
458,20260412,100208,246,18,7,4,4,PRICE_TOO_HIGH
459,20260427,100208,260,10,14,1,1,PRICE_TOO_HIGH
460,20260620,100208,243,9,15,3,2,PRICE_TOO_HIGH
461,20260423,100210,204,12,6,3,3,PRICE_TOO_HIGH
462,20260610,100210,218,10,8,9,9,PRICE_TOO_HIGH
463,20260621,100210,197,8,11,1,0,
464,20260413,100211,10,1,0,0,0,
465,20260518,100211,11,0,0,0,0,
466,20260527,100211,7,0,0,0,0,
467,20260529,100211,7,0,1,0,0,
468,20260628,100211,13,1,1,0,0,
469,20260401,100212,167,9,10,3,3,PRICE_TOO_HIGH
470,20260403,100212,172,7,7,2,2,PRICE_TOO_HIGH
471,20260408,100212,171,9,6,1,1,PRICE_TOO_HIGH
472,20260415,100212,161,8,5,1,0,
473,20260510,100212,152,8,8,0,0,
474,20260423,100213,55,3,2,2,0,
475,20260609,100213,53,2,5,1,0,
476,20260415,100214,338,17,7,6,6,PRICE_TOO_HIGH
477,20260419,100214,301,14,13,8,5,PRICE_TOO_HIGH
478,20260411,100217,128,4,1,0,0,
479,20260420,100217,130,8,4,3,1,PRICE_TOO_HIGH
480,20260401,100219,59,3,2,1,0,
481,20260417,100219,57,2,3,3,0,
482,20260419,100219,41,2,1,0,0,
483,20260424,100220,89,2,1,0,0,
484,20260513,100220,90,5,4,1,0,
485,20260602,100220,87,5,6,0,0,
486,20260608,100220,110,6,2,0,0,
487,20260416,100223,96,3,1,1,1,PRICE_TOO_HIGH
488,20260508,100223,134,6,6,2,2,PRICE_TOO_HIGH
489,20260606,100223,97,6,3,2,2,PRICE_TOO_HIGH
490,20260608,100223,106,9,5,3,3,PRICE_TOO_HIGH
491,20260609,100223,117,3,6,3,2,PRICE_TOO_HIGH
492,20260502,100225,88,6,3,1,0,
493,20260504,100225,83,3,1,1,0,
494,20260601,100225,87,3,1,2,0,
495,20260523,100226,9,1,1,0,0,
496,20260527,100226,5,0,0,0,0,
497,20260618,100226,8,0,0,0,0,
498,20260530,100227,450,17,13,5,5,PRICE_TOO_HIGH
499,20260607,100227,428,26,10,5,4,PRICE_TOO_HIGH
500,20260405,100228,145,5,3,1,1,PRICE_TOO_HIGH
501,20260511,100228,143,7,6,4,4,PRICE_TOO_HIGH
502,20260602,100228,160,10,7,2,1,PRICE_TOO_HIGH
503,20260518,100229,189,7,7,4,4,PRICE_TOO_HIGH
504,20260604,100229,208,6,9,1,1,PRICE_TOO_HIGH
505,20260608,100229,178,13,3,1,1,PRICE_TOO_HIGH
506,20260622,100229,190,12,3,1,0,
507,20260520,100231,9,0,0,0,0,
508,20260608,100231,9,0,2,0,0,
509,20260615,100231,8,1,0,0,0,
510,20260516,100232,258,12,7,4,4,PRICE_TOO_HIGH
511,20260607,100232,259,14,8,4,4,PRICE_TOO_HIGH
512,20260625,100232,270,13,7,4,2,PRICE_TOO_HIGH
513,20260525,100233,157,7,6,0,0,
514,20260610,100233,139,9,3,3,1,PRICE_TOO_HIGH
515,20260621,100233,163,6,5,2,0,
516,20260410,100234,181,6,5,0,0,
517,20260530,100234,190,12,2,1,0,
518,20260503,100235,256,15,12,3,3,PRICE_TOO_HIGH
519,20260507,100235,266,10,16,3,3,PRICE_TOO_HIGH
520,20260519,100235,280,15,9,3,1,PRICE_TOO_HIGH
521,20260507,100237,41,0,5,2,1,PRICE_TOO_HIGH
522,20260509,100237,36,5,4,1,0,
523,20260531,100237,46,1,5,0,0,
524,20260415,100239,139,10,10,1,1,PRICE_TOO_HIGH
525,20260523,100239,152,8,8,2,2,PRICE_TOO_HIGH
526,20260616,100239,143,3,3,1,1,PRICE_TOO_HIGH
527,20260620,100239,132,7,5,2,2,PRICE_TOO_HIGH
528,20260511,100240,21,1,0,0,0,
529,20260624,100240,18,0,0,1,1,PRICE_TOO_HIGH
530,20260402,100243,122,4,5,2,2,PRICE_TOO_HIGH
531,20260405,100243,133,9,5,1,1,PRICE_TOO_HIGH
532,20260428,100243,133,9,7,0,0,
533,20260516,100243,135,3,3,2,2,PRICE_TOO_HIGH
534,20260529,100243,118,7,10,1,1,PRICE_TOO_HIGH
535,20260405,100246,175,9,5,2,2,PRICE_TOO_HIGH
536,20260417,100246,185,8,7,5,5,PRICE_TOO_HIGH
537,20260424,100246,193,10,12,2,1,PRICE_TOO_HIGH
538,20260423,100247,204,7,8,2,2,PRICE_TOO_HIGH
539,20260504,100247,191,11,14,5,5,PRICE_TOO_HIGH
540,20260528,100247,168,9,6,5,3,PRICE_TOO_HIGH
541,20260620,100247,195,10,7,1,0,
542,20260508,100248,19,1,0,0,0,
543,20260624,100248,13,0,1,1,1,PRICE_TOO_HIGH
544,20260402,100250,124,4,6,3,1,PRICE_TOO_HIGH
545,20260421,100250,123,5,0,1,0,
546,20260428,100250,111,8,3,1,0,
547,20260407,100254,35,1,3,1,0,
548,20260411,100254,24,1,0,0,0,
549,20260530,100254,27,2,3,1,0,
550,20260404,100255,286,8,13,5,5,PRICE_TOO_HIGH
551,20260426,100255,291,20,14,5,2,PRICE_TOO_HIGH
552,20260402,100257,132,4,2,0,0,
553,20260425,100257,128,8,4,1,0,
554,20260616,100257,115,6,4,0,0,
555,20260625,100257,113,6,8,0,0,
556,20260401,100258,47,5,4,3,1,PRICE_TOO_HIGH
557,20260511,100258,55,3,0,0,0,
558,20260520,100258,48,2,3,1,0,
559,20260618,100258,68,0,2,1,0,
560,20260511,100259,86,5,1,1,0,
561,20260527,100259,99,8,0,1,0,
562,20260613,100259,122,3,2,1,0,
563,20260624,100259,88,3,0,0,0,
564,20260407,100260,254,16,8,1,0,
565,20260626,100260,236,8,9,0,0,
566,20260402,100261,8,0,2,0,0,
567,20260417,100261,7,0,8,0,0,
568,20260421,100261,13,0,3,1,0,
569,20260430,100261,15,2,1,1,0,
570,20260522,100261,11,0,2,2,0,
571,20260503,100264,210,11,9,9,9,PRICE_TOO_HIGH
572,20260518,100264,214,10,7,4,1,PRICE_TOO_HIGH
573,20260414,100268,244,12,7,1,0,
574,20260616,100268,249,12,10,0,0,
575,20260418,100270,114,3,13,1,1,PRICE_TOO_HIGH
576,20260525,100270,130,7,11,4,4,PRICE_TOO_HIGH
577,20260622,100270,112,6,5,2,2,PRICE_TOO_HIGH
578,20260626,100270,130,8,10,4,2,PRICE_TOO_HIGH
579,20260413,100273,7,1,0,0,0,
580,20260510,100273,13,0,0,0,0,
581,20260521,100273,11,0,0,1,1,PRICE_TOO_HIGH
582,20260612,100273,5,0,1,0,0,
583,20260412,100274,20,2,1,1,0,
584,20260424,100274,27,0,2,1,0,
585,20260502,100274,20,2,0,0,0,
586,20260526,100274,27,1,2,0,0,
587,20260618,100274,26,1,1,0,0,
588,20260401,100276,107,7,5,1,0,
589,20260610,100276,104,3,2,0,0,
590,20260422,100277,98,7,6,2,2,PRICE_TOO_HIGH
591,20260427,100277,71,3,7,3,3,PRICE_TOO_HIGH
592,20260506,100277,76,3,3,3,3,PRICE_TOO_HIGH
593,20260507,100277,101,2,3,1,1,PRICE_TOO_HIGH
594,20260601,100277,99,7,6,4,1,PRICE_TOO_HIGH
595,20260422,100278,35,0,2,0,0,
596,20260510,100278,49,0,1,1,1,PRICE_TOO_HIGH
597,20260604,100278,51,3,1,1,0,
598,20260611,100278,49,4,0,0,0,
599,20260618,100278,34,3,1,1,0,
600,20260509,100280,39,0,2,2,0,
601,20260516,100280,37,3,8,2,0,
602,20260403,100282,119,8,6,1,1,PRICE_TOO_HIGH
603,20260417,100282,123,4,6,2,2,PRICE_TOO_HIGH
604,20260420,100282,137,5,4,3,3,PRICE_TOO_HIGH
605,20260519,100282,121,8,7,4,4,PRICE_TOO_HIGH
606,20260523,100282,135,6,3,4,2,PRICE_TOO_HIGH
607,20260404,100284,129,7,2,3,3,PRICE_TOO_HIGH
608,20260406,100284,163,8,3,3,3,PRICE_TOO_HIGH
609,20260429,100284,138,6,6,4,4,PRICE_TOO_HIGH
610,20260531,100284,172,4,2,3,3,PRICE_TOO_HIGH
611,20260602,100284,124,11,3,1,0,
612,20260408,100288,67,5,1,0,0,
613,20260416,100288,71,3,3,1,1,PRICE_TOO_HIGH
614,20260530,100288,70,3,0,1,0,
615,20260603,100288,56,2,2,3,0,
616,20260605,100288,75,3,2,0,0,
617,20260411,100290,3,0,0,0,0,
618,20260501,100290,5,0,1,1,1,PRICE_TOO_HIGH
619,20260615,100290,6,0,1,0,0,
620,20260628,100290,5,1,0,0,0,
621,20260629,100290,2,0,0,0,0,
622,20260502,100291,57,3,3,0,0,
623,20260506,100291,58,2,5,1,0,
624,20260426,100292,16,0,6,1,0,
625,20260624,100292,25,1,2,2,0,
626,20260626,100292,10,1,1,2,0,
627,20260428,100293,143,10,2,1,0,
628,20260507,100293,172,5,3,1,0,
629,20260506,100294,143,6,1,2,0,
630,20260603,100294,161,9,3,0,0,
631,20260409,100295,54,2,2,1,0,
632,20260417,100295,38,4,3,0,0,
633,20260426,100295,53,2,2,0,0,
634,20260524,100295,48,1,1,1,0,
635,20260505,100297,43,3,1,0,0,
636,20260611,100297,57,3,5,1,1,PRICE_TOO_HIGH
637,20260618,100297,67,2,0,0,0,
638,20260620,100297,71,3,5,0,0,
639,20260622,100297,65,4,0,1,0,
640,20260406,100301,30,0,1,0,0,
641,20260602,100301,26,1,6,2,1,PRICE_TOO_HIGH
642,20260610,100301,37,3,0,2,0,
643,20260403,100302,277,15,7,2,2,PRICE_TOO_HIGH
644,20260415,100302,299,14,7,3,3,PRICE_TOO_HIGH
645,20260530,100302,277,13,9,6,4,PRICE_TOO_HIGH
646,20260408,100303,74,4,2,0,0,
647,20260528,100303,63,4,13,0,0,
648,20260611,100303,86,3,4,1,0,
649,20260526,100304,229,7,7,3,3,PRICE_TOO_HIGH
650,20260527,100304,195,14,9,2,2,PRICE_TOO_HIGH
651,20260604,100304,210,11,7,0,0,
652,20260607,100304,206,10,6,2,1,PRICE_TOO_HIGH
653,20260405,100305,21,1,2,1,0,
654,20260410,100305,23,2,7,1,0,
655,20260423,100305,17,0,1,0,0,
656,20260414,100306,101,3,4,3,3,PRICE_TOO_HIGH
657,20260508,100306,78,4,2,5,5,PRICE_TOO_HIGH
658,20260615,100306,102,9,3,2,2,PRICE_TOO_HIGH
659,20260616,100306,109,4,1,2,1,PRICE_TOO_HIGH
660,20260622,100306,113,5,6,1,0,
661,20260422,100311,45,1,0,2,0,
662,20260518,100311,57,2,3,0,0,
663,20260524,100311,38,1,2,0,0,
664,20260530,100311,47,3,1,1,0,
665,20260604,100311,60,5,4,1,0,
666,20260420,100313,1,0,0,0,0,
667,20260427,100313,3,0,1,0,0,
668,20260526,100313,1,0,1,0,0,
669,20260603,100313,4,0,0,0,0,
670,20260505,100314,64,2,1,0,0,
671,20260528,100314,65,3,2,3,1,PRICE_TOO_HIGH
672,20260530,100314,67,4,4,1,0,
673,20260420,100315,158,6,3,1,1,PRICE_TOO_HIGH
674,20260423,100315,166,11,5,4,4,PRICE_TOO_HIGH
675,20260606,100315,162,12,7,3,3,PRICE_TOO_HIGH
676,20260610,100315,160,4,4,2,2,PRICE_TOO_HIGH
677,20260624,100315,177,8,2,2,0,
678,20260411,100317,184,8,5,3,0,
679,20260604,100317,210,11,9,1,0,
680,20260506,100320,202,10,4,2,2,PRICE_TOO_HIGH
681,20260511,100320,186,13,8,3,3,PRICE_TOO_HIGH
682,20260520,100320,203,6,4,3,2,PRICE_TOO_HIGH
683,20260408,100321,121,3,7,2,2,PRICE_TOO_HIGH
684,20260501,100321,124,8,4,2,2,PRICE_TOO_HIGH
685,20260503,100321,113,6,6,4,4,PRICE_TOO_HIGH
686,20260612,100321,122,7,2,2,1,PRICE_TOO_HIGH
687,20260408,100322,3,0,1,0,0,
688,20260530,100322,1,0,0,0,0,
689,20260611,100322,2,0,0,1,1,PRICE_TOO_HIGH
690,20260427,100323,162,10,7,1,0,
691,20260601,100323,154,7,8,0,0,
692,20260611,100323,172,7,4,0,0,
693,20260401,100324,117,5,2,1,1,PRICE_TOO_HIGH
694,20260602,100324,102,2,5,0,0,
695,20260603,100324,97,7,6,0,0,
696,20260609,100324,115,7,4,2,0,
697,20260509,100329,22,1,1,1,0,
698,20260522,100329,21,1,1,0,0,
699,20260622,100329,18,1,6,2,0,
700,20260412,100330,14,1,2,1,1,PRICE_TOO_HIGH
701,20260420,100330,19,1,1,1,0,
702,20260504,100330,16,0,1,1,0,
703,20260616,100330,19,1,3,0,0,
704,20260621,100330,20,1,0,1,0,
705,20260424,100331,128,5,3,3,3,PRICE_TOO_HIGH
706,20260429,100331,120,8,8,5,5,PRICE_TOO_HIGH
707,20260515,100331,106,7,6,0,0,
708,20260518,100331,96,4,5,1,1,PRICE_TOO_HIGH
709,20260608,100331,107,3,4,5,4,PRICE_TOO_HIGH
710,20260401,100332,231,10,10,2,1,PRICE_TOO_HIGH
711,20260403,100332,224,12,1,3,0,
712,20260423,100333,56,3,4,1,0,
713,20260621,100333,56,3,1,1,0,
714,20260629,100333,71,3,7,2,0,
715,20260428,100337,69,5,2,0,0,
716,20260429,100337,59,4,2,1,0,
717,20260507,100337,57,2,3,0,0,
718,20260602,100337,62,2,1,0,0,
719,20260612,100337,71,2,1,1,0,
720,20260428,100338,226,10,11,2,2,PRICE_TOO_HIGH
721,20260514,100338,242,15,7,1,1,PRICE_TOO_HIGH
722,20260519,100338,226,9,6,3,2,PRICE_TOO_HIGH
723,20260401,100340,34,1,5,1,0,
724,20260417,100340,29,2,4,2,0,
725,20260406,100342,279,16,12,4,4,PRICE_TOO_HIGH
726,20260412,100342,259,11,8,2,2,PRICE_TOO_HIGH
727,20260509,100342,258,12,5,6,3,PRICE_TOO_HIGH
728,20260427,100343,31,1,5,0,0,
729,20260504,100343,35,0,3,1,1,PRICE_TOO_HIGH
730,20260505,100343,23,0,4,0,0,
731,20260614,100343,23,3,2,2,0,
732,20260627,100343,26,2,2,2,0,
733,20260416,100345,110,6,6,0,0,
734,20260527,100345,108,6,6,2,1,PRICE_TOO_HIGH
735,20260529,100345,117,4,7,1,0,
736,20260425,100346,11,1,1,0,0,
737,20260623,100346,16,0,1,0,0,
738,20260511,100347,53,2,2,0,0,
739,20260605,100347,46,3,3,0,0,
740,20260607,100347,53,1,3,0,0,
741,20260621,100347,68,3,3,0,0,
742,20260629,100347,69,5,2,0,0,
743,20260411,100348,156,7,6,0,0,
744,20260507,100348,156,6,7,1,1,PRICE_TOO_HIGH
745,20260526,100348,181,9,5,1,1,PRICE_TOO_HIGH
746,20260615,100348,171,11,7,3,3,PRICE_TOO_HIGH
747,20260629,100348,179,9,8,1,0,
748,20260401,100349,152,10,5,2,2,PRICE_TOO_HIGH
749,20260403,100349,161,12,9,3,3,PRICE_TOO_HIGH
750,20260429,100349,154,2,2,4,4,PRICE_TOO_HIGH
751,20260523,100349,147,6,3,3,0,
752,20260411,100350,23,0,4,1,0,
753,20260417,100350,21,1,5,1,0,
754,20260421,100350,26,1,3,0,0,
755,20260526,100350,20,2,4,1,0,
756,20260411,100354,153,8,5,3,3,PRICE_TOO_HIGH
757,20260603,100354,140,5,5,4,4,PRICE_TOO_HIGH
758,20260604,100354,164,9,5,1,0,
759,20260414,100357,6,0,0,0,0,
760,20260422,100357,8,0,1,0,0,
761,20260615,100357,9,1,1,0,0,
762,20260403,100358,210,9,4,3,1,PRICE_TOO_HIGH
763,20260415,100358,229,12,5,2,0,
764,20260409,100359,228,8,7,6,6,PRICE_TOO_HIGH
765,20260415,100359,260,16,12,5,3,PRICE_TOO_HIGH
766,20260406,100361,141,8,11,3,3,PRICE_TOO_HIGH
767,20260419,100361,141,8,5,1,1,PRICE_TOO_HIGH
768,20260522,100361,156,5,6,4,4,PRICE_TOO_HIGH
769,20260622,100361,151,9,9,1,1,PRICE_TOO_HIGH
770,20260624,100361,145,6,7,2,0,
771,20260404,100362,152,5,4,1,0,
772,20260418,100362,143,12,6,1,0,
773,20260503,100362,138,4,4,0,0,
774,20260418,100363,142,11,5,1,1,PRICE_TOO_HIGH
775,20260514,100363,176,4,11,2,2,PRICE_TOO_HIGH
776,20260520,100363,156,8,5,3,3,PRICE_TOO_HIGH
777,20260526,100363,141,8,5,1,1,PRICE_TOO_HIGH
778,20260620,100363,138,6,8,2,2,PRICE_TOO_HIGH
779,20260609,100364,13,0,1,0,0,
780,20260627,100364,11,1,0,0,0,
781,20260417,100365,88,2,3,1,1,PRICE_TOO_HIGH
782,20260505,100365,86,11,0,1,0,
783,20260516,100365,69,6,2,2,0,
784,20260519,100365,79,1,0,0,0,
785,20260625,100365,95,0,0,0,0,
786,20260406,100367,155,11,4,3,3,PRICE_TOO_HIGH
787,20260426,100367,168,6,6,2,2,PRICE_TOO_HIGH
788,20260606,100367,179,7,11,3,1,PRICE_TOO_HIGH
789,20260619,100367,151,8,10,0,0,
790,20260412,100369,119,5,4,1,1,PRICE_TOO_HIGH
791,20260501,100369,96,5,5,3,3,PRICE_TOO_HIGH
792,20260519,100369,110,6,7,6,3,PRICE_TOO_HIGH
793,20260521,100369,103,5,6,0,0,
794,20260418,100370,40,2,5,0,0,
795,20260614,100370,34,1,5,0,0,
796,20260624,100370,32,2,8,1,0,
797,20260401,100371,176,9,10,2,2,PRICE_TOO_HIGH
798,20260508,100371,167,12,8,0,0,
799,20260514,100371,185,11,7,2,2,PRICE_TOO_HIGH
800,20260606,100371,184,5,6,2,1,PRICE_TOO_HIGH
801,20260609,100371,184,7,7,0,0,
802,20260612,100372,5,0,0,0,0,
803,20260616,100372,5,0,0,0,0,
804,20260619,100372,4,0,0,0,0,
805,20260401,100373,36,3,6,2,1,PRICE_TOO_HIGH
806,20260409,100373,39,1,3,0,0,
807,20260417,100373,31,1,2,1,0,
808,20260425,100373,39,4,1,0,0,
809,20260604,100373,37,0,1,0,0,
810,20260402,100375,32,3,3,1,0,
811,20260408,100375,28,0,3,0,0,
812,20260530,100375,28,1,4,1,0,
813,20260609,100375,41,1,3,0,0,
814,20260615,100375,38,3,1,0,0,
815,20260413,100376,116,4,5,2,2,PRICE_TOO_HIGH
816,20260416,100376,134,8,10,5,5,PRICE_TOO_HIGH
817,20260426,100376,122,7,7,5,5,PRICE_TOO_HIGH
818,20260512,100376,137,6,6,2,1,PRICE_TOO_HIGH
819,20260403,100377,68,3,2,1,1,PRICE_TOO_HIGH
820,20260409,100377,76,3,1,3,0,
821,20260423,100377,80,7,1,0,0,
822,20260504,100377,73,5,2,0,0,
823,20260622,100377,86,1,1,0,0,
824,20260428,100378,66,1,5,2,1,PRICE_TOO_HIGH
825,20260501,100378,71,3,0,1,0,
826,20260517,100378,56,4,2,2,0,
827,20260609,100378,67,7,3,0,0,
828,20260620,100378,65,1,4,0,0,
829,20260425,100380,217,14,3,1,1,PRICE_TOO_HIGH
830,20260520,100380,262,9,7,2,0,
831,20260403,100382,128,6,5,4,4,PRICE_TOO_HIGH
832,20260501,100382,125,5,4,2,2,PRICE_TOO_HIGH
833,20260517,100382,126,6,4,1,1,PRICE_TOO_HIGH
834,20260602,100382,114,5,9,6,3,PRICE_TOO_HIGH
835,20260613,100382,157,10,8,0,0,
836,20260411,100383,143,8,4,3,3,PRICE_TOO_HIGH
837,20260503,100383,171,6,4,3,3,PRICE_TOO_HIGH
838,20260515,100383,163,9,3,2,1,PRICE_TOO_HIGH
839,20260527,100383,158,9,12,1,0,
840,20260610,100383,148,7,6,0,0,
841,20260429,100384,19,1,1,0,0,
842,20260618,100384,11,0,0,0,0,
843,20260409,100386,129,7,2,5,5,PRICE_TOO_HIGH
844,20260415,100386,131,4,3,0,0,
845,20260417,100386,123,4,8,1,1,PRICE_TOO_HIGH
846,20260425,100386,123,7,3,1,1,PRICE_TOO_HIGH
847,20260629,100386,128,9,4,0,0,
848,20260414,100388,201,7,5,3,0,
849,20260517,100388,167,11,6,0,0,
850,20260508,100389,142,12,5,1,1,PRICE_TOO_HIGH
851,20260530,100389,178,4,4,1,0,
852,20260605,100389,172,8,3,1,0,
853,20260401,100390,87,6,4,1,0,
854,20260429,100390,90,2,2,0,0,
855,20260527,100390,74,3,5,0,0,
856,20260614,100390,86,5,5,0,0,
857,20260522,100394,43,3,4,3,1,PRICE_TOO_HIGH
858,20260611,100394,49,1,6,1,0,
859,20260511,100396,100,5,4,0,0,
860,20260619,100396,103,4,2,2,1,PRICE_TOO_HIGH
861,20260622,100396,80,5,3,0,0,
862,20260415,100397,42,4,2,0,0,
863,20260511,100397,34,0,2,0,0,
864,20260523,100397,34,2,0,0,0,
865,20260607,100397,47,1,2,0,0,
866,20260629,100397,38,2,2,0,0,
867,20260507,100400,249,13,20,3,3,PRICE_TOO_HIGH
868,20260606,100400,262,12,10,3,3,PRICE_TOO_HIGH
869,20260402,100401,53,5,0,0,0,
870,20260511,100401,43,1,1,0,0,
871,20260522,100401,42,2,0,1,0,
872,20260524,100401,57,0,2,0,0,
873,20260620,100401,51,4,0,0,0,
874,20260421,100402,46,1,3,1,1,PRICE_TOO_HIGH
875,20260501,100402,50,2,0,0,0,
876,20260515,100402,55,2,3,1,0,
877,20260530,100402,43,4,3,1,0,
878,20260619,100402,43,2,3,1,0,
879,20260423,100403,171,10,6,0,0,
880,20260514,100403,156,6,3,2,1,PRICE_TOO_HIGH
881,20260429,100404,42,1,0,0,0,
882,20260504,100404,53,2,5,0,0,
883,20260510,100404,40,5,1,2,1,PRICE_TOO_HIGH
884,20260517,100404,44,0,2,0,0,
885,20260523,100404,55,3,6,2,0,
886,20260503,100405,81,5,1,0,0,
887,20260520,100405,85,5,3,0,0,
888,20260620,100405,100,2,2,1,0,
889,20260623,100405,80,5,2,0,0,
890,20260419,100406,72,4,2,1,0,
891,20260513,100406,73,3,7,0,0,
892,20260601,100406,69,3,4,0,0,
893,20260422,100407,51,2,0,0,0,
894,20260426,100407,49,4,1,0,0,
895,20260430,100407,56,3,0,1,0,
896,20260501,100407,45,1,1,0,0,
897,20260525,100407,60,3,1,1,0,
898,20260418,100408,13,2,2,0,0,
899,20260519,100408,18,1,0,0,0,
900,20260520,100408,16,0,1,0,0,
901,20260602,100408,19,0,2,0,0,
902,20260629,100408,16,1,4,0,0,
903,20260404,100409,82,4,2,0,0,
904,20260417,100409,54,6,1,2,1,PRICE_TOO_HIGH
905,20260516,100409,73,0,1,1,0,
906,20260530,100409,48,5,1,0,0,
907,20260615,100409,59,0,2,0,0,
908,20260421,100410,84,6,3,1,1,PRICE_TOO_HIGH
909,20260511,100410,85,2,5,2,0,
910,20260412,100411,59,3,3,0,0,
911,20260601,100411,62,1,1,2,1,PRICE_TOO_HIGH
912,20260619,100411,56,4,1,1,0,
913,20260625,100411,55,3,0,1,0,
914,20260409,100412,69,6,2,0,0,
915,20260418,100412,72,3,3,0,0,
916,20260421,100412,88,2,1,1,1,PRICE_TOO_HIGH
917,20260510,100412,68,3,1,2,0,
918,20260629,100412,94,5,0,0,0,
919,20260421,100413,85,4,2,1,0,
920,20260427,100413,83,4,6,3,0,
921,20260424,100414,32,0,3,1,1,PRICE_TOO_HIGH
922,20260505,100414,34,3,2,0,0,
923,20260524,100414,32,2,3,0,0,
924,20260619,100414,21,2,1,2,0,
925,20260622,100414,39,0,1,0,0,
926,20260429,100415,69,4,5,2,1,PRICE_TOO_HIGH
927,20260517,100415,76,1,4,0,0,
928,20260612,100415,74,5,1,1,0,
929,20260506,100416,34,2,3,1,1,PRICE_TOO_HIGH
930,20260627,100416,32,1,4,1,0,
931,20260408,100417,66,8,3,0,0,
932,20260419,100417,75,2,1,0,0,
933,20260423,100417,73,3,5,0,0,
934,20260526,100417,73,3,3,0,0,
935,20260529,100417,78,2,1,0,0,
936,20260416,100418,52,2,3,0,0,
937,20260605,100418,62,6,4,0,0,
938,20260609,100418,59,3,0,0,0,
939,20260616,100418,74,1,1,1,0,
940,20260421,100419,84,3,3,2,1,PRICE_TOO_HIGH
941,20260528,100419,90,5,5,2,0,
942,20260501,100420,89,4,7,0,0,
943,20260516,100420,83,4,5,0,0,
944,20260530,100421,47,3,3,2,1,PRICE_TOO_HIGH
945,20260611,100421,60,2,5,2,0,
946,20260429,100422,105,1,3,1,1,PRICE_TOO_HIGH
947,20260527,100422,103,9,4,1,0,
948,20260418,100423,87,3,3,2,0,
949,20260609,100423,93,5,2,2,0,
950,20260619,100423,76,4,4,0,0,
951,20260409,100424,38,1,1,0,0,
952,20260423,100424,34,4,1,0,0,
953,20260429,100424,33,0,2,1,0,
954,20260618,100424,37,2,1,1,0,
955,20260413,100425,58,1,2,1,1,PRICE_TOO_HIGH
956,20260415,100425,59,1,3,0,0,
957,20260429,100425,59,7,4,1,0,
958,20260628,100425,58,2,1,2,0,
959,20260530,100426,47,4,5,1,1,PRICE_TOO_HIGH
960,20260605,100426,63,2,6,1,0,
961,20260625,100426,56,2,3,1,0,
962,20260407,100427,47,2,7,0,0,
963,20260606,100427,53,3,6,3,0,
964,20260411,100428,19,2,3,0,0,
965,20260421,100428,24,0,6,1,0,
966,20260426,100428,21,0,2,0,0,
967,20260616,100428,13,1,2,0,0,
968,20260504,100429,61,1,0,0,0,
969,20260617,100429,45,4,3,0,0,
970,20260618,100429,41,2,3,1,0,
971,20260424,100430,75,8,2,1,0,
972,20260428,100430,76,5,1,0,0,
973,20260525,100430,99,4,2,0,0,
974,20260618,100430,110,1,1,0,0,
975,20260411,100432,118,6,6,3,1,PRICE_TOO_HIGH
976,20260514,100432,115,5,7,1,0,
977,20260401,100433,160,5,3,1,0,
978,20260621,100433,183,9,6,1,0,
979,20260626,100433,154,10,6,2,0,
980,20260403,100436,40,3,5,0,0,
981,20260408,100436,52,4,4,0,0,
982,20260420,100436,41,1,0,0,0,
983,20260505,100436,38,0,1,0,0,
984,20260404,100437,166,6,9,0,0,
985,20260508,100437,157,11,6,5,5,PRICE_TOO_HIGH
986,20260524,100437,174,7,8,2,0,
987,20260428,100439,123,9,5,1,0,
988,20260524,100439,120,3,13,2,0,
989,20260401,100442,92,4,5,0,0,
990,20260418,100442,110,7,5,1,0,
991,20260519,100442,100,4,4,1,0,
992,20260404,100444,88,5,6,1,1,PRICE_TOO_HIGH
993,20260413,100444,75,3,7,0,0,
994,20260522,100444,66,3,6,1,0,
995,20260408,100447,6,0,0,0,0,
996,20260508,100447,8,0,0,0,0,
997,20260522,100447,9,0,0,1,1,PRICE_TOO_HIGH
998,20260606,100447,10,1,0,0,0,
999,20260618,100449,458,23,15,6,6,PRICE_TOO_HIGH
1000,20260628,100449,435,21,8,7,4,PRICE_TOO_HIGH
1001,20260406,100450,108,1,4,1,1,PRICE_TOO_HIGH
1002,20260407,100450,99,6,4,2,2,PRICE_TOO_HIGH
1003,20260530,100450,99,9,4,2,2,PRICE_TOO_HIGH
1004,20260624,100450,103,4,6,3,1,PRICE_TOO_HIGH
1005,20260420,100452,220,11,3,5,5,PRICE_TOO_HIGH
1006,20260423,100452,213,11,9,2,2,PRICE_TOO_HIGH
1007,20260513,100452,238,11,3,4,3,PRICE_TOO_HIGH
1008,20260403,100454,130,7,3,0,0,
1009,20260428,100454,121,5,2,0,0,
1010,20260604,100454,115,6,5,0,0,
1011,20260402,100455,5,0,0,0,0,
1012,20260506,100455,5,0,1,1,1,PRICE_TOO_HIGH
1013,20260529,100455,6,1,0,0,0,
1014,20260603,100455,10,0,0,0,0,
1015,20260627,100455,7,0,0,0,0,
1016,20260421,100458,276,9,7,3,3,PRICE_TOO_HIGH
1017,20260505,100458,257,9,9,3,3,PRICE_TOO_HIGH
1018,20260517,100458,268,22,4,6,5,PRICE_TOO_HIGH
1019,20260412,100460,66,1,2,1,1,PRICE_TOO_HIGH
1020,20260424,100460,70,4,1,2,0,
1021,20260614,100460,55,4,1,0,0,
1022,20260628,100460,67,3,1,2,0,
1023,20260517,100462,193,11,2,1,1,PRICE_TOO_HIGH
1024,20260601,100462,171,7,5,2,0,
1025,20260417,100464,129,5,1,4,4,PRICE_TOO_HIGH
1026,20260423,100464,150,7,6,0,0,
1027,20260425,100464,132,4,1,1,1,PRICE_TOO_HIGH
1028,20260518,100464,141,8,4,3,3,PRICE_TOO_HIGH
1029,20260620,100464,147,10,6,4,3,PRICE_TOO_HIGH
1030,20260415,100466,195,7,8,5,5,PRICE_TOO_HIGH
1031,20260509,100466,195,10,17,1,1,PRICE_TOO_HIGH
1032,20260519,100466,161,10,11,2,0,
1033,20260410,100468,130,8,4,1,0,
1034,20260422,100468,128,4,3,0,0,
1035,20260517,100469,16,0,0,0,0,
1036,20260528,100469,12,1,0,1,1,PRICE_TOO_HIGH
1037,20260416,100470,37,1,2,0,0,
1038,20260429,100470,40,0,3,3,1,PRICE_TOO_HIGH
1039,20260506,100470,27,2,3,0,0,
1040,20260513,100470,29,0,1,0,0,
1041,20260518,100470,29,5,4,2,0,
1042,20260408,100471,139,7,8,2,2,PRICE_TOO_HIGH
1043,20260413,100471,129,8,6,5,5,PRICE_TOO_HIGH
1044,20260418,100471,134,5,4,4,3,PRICE_TOO_HIGH
1045,20260428,100471,124,6,9,1,0,
1046,20260617,100471,137,7,7,1,0,
1047,20260412,100472,176,10,2,0,0,
1048,20260516,100472,180,4,5,3,3,PRICE_TOO_HIGH
1049,20260525,100472,205,15,2,1,1,PRICE_TOO_HIGH
1050,20260608,100472,191,8,6,3,2,PRICE_TOO_HIGH
1051,20260421,100473,9,0,1,0,0,
1052,20260425,100473,13,1,2,0,0,
1053,20260531,100473,14,1,3,2,0,
1054,20260619,100473,12,1,1,0,0,
1055,20260621,100473,12,0,0,0,0,
1056,20260405,100474,120,7,9,1,1,PRICE_TOO_HIGH
1057,20260430,100474,120,4,10,1,1,PRICE_TOO_HIGH
1058,20260506,100474,146,8,3,1,1,PRICE_TOO_HIGH
1059,20260615,100474,114,7,7,1,1,PRICE_TOO_HIGH
1060,20260625,100474,83,3,8,2,1,PRICE_TOO_HIGH
1061,20260410,100477,9,1,0,0,0,
1062,20260511,100477,9,0,1,0,0,
1063,20260603,100477,7,0,0,0,0,
1064,20260617,100477,8,0,0,0,0,
1065,20260414,100478,160,9,6,1,1,PRICE_TOO_HIGH
1066,20260503,100478,166,10,8,2,2,PRICE_TOO_HIGH
1067,20260523,100478,138,4,10,2,2,PRICE_TOO_HIGH
1068,20260526,100478,151,5,6,1,1,PRICE_TOO_HIGH
1069,20260618,100478,148,10,4,1,0,
1070,20260421,100485,116,8,8,2,2,PRICE_TOO_HIGH
1071,20260427,100485,119,4,4,2,2,PRICE_TOO_HIGH
1072,20260502,100485,147,8,10,3,3,PRICE_TOO_HIGH
1073,20260521,100485,133,8,3,3,3,PRICE_TOO_HIGH
1074,20260622,100485,108,3,6,3,1,PRICE_TOO_HIGH
1075,20260514,100486,162,13,2,0,0,
1076,20260627,100486,201,5,6,1,0,
1077,20260403,100488,188,6,6,1,0,
1078,20260413,100488,191,12,9,0,0,
1079,20260519,100489,42,1,7,1,1,PRICE_TOO_HIGH
1080,20260601,100489,54,3,3,4,0,
1081,20260625,100489,36,2,3,0,0,
1082,20260510,100491,70,4,0,0,0,
1083,20260513,100491,79,0,0,1,0,
1084,20260514,100491,52,5,0,0,0,
1085,20260522,100491,66,3,2,0,0,
1086,20260628,100491,68,4,1,0,0,
1087,20260409,100492,83,2,4,0,0,
1088,20260605,100492,79,6,6,1,0,
1089,20260427,100494,392,19,10,2,2,PRICE_TOO_HIGH
1090,20260610,100494,318,16,7,6,5,PRICE_TOO_HIGH
1091,20260413,100495,10,0,0,0,0,
1092,20260623,100495,14,1,1,1,1,PRICE_TOO_HIGH
1093,20260624,100495,11,0,1,0,0,
1094,20260430,100500,135,7,4,3,3,PRICE_TOO_HIGH
1095,20260509,100500,125,5,2,2,2,PRICE_TOO_HIGH
1096,20260621,100500,151,7,8,1,1,PRICE_TOO_HIGH
1097,20260626,100500,125,7,7,3,1,PRICE_TOO_HIGH
1098,20260404,100503,91,2,9,1,1,PRICE_TOO_HIGH
1099,20260411,100503,111,8,7,3,3,PRICE_TOO_HIGH
1100,20260516,100503,118,7,3,0,0,
1101,20260610,100503,112,4,8,1,1,PRICE_TOO_HIGH
1102,20260611,100503,99,5,7,5,2,PRICE_TOO_HIGH
1103,20260415,100507,105,7,2,1,1,PRICE_TOO_HIGH
1104,20260418,100507,117,4,1,1,0,
1105,20260425,100507,118,1,0,1,0,
1106,20260604,100507,108,10,3,2,0,
1107,20260408,100508,236,9,14,2,2,PRICE_TOO_HIGH
1108,20260411,100508,237,15,9,5,5,PRICE_TOO_HIGH
1109,20260513,100508,283,13,10,6,4,PRICE_TOO_HIGH
1110,20260407,100509,72,6,1,1,0,
1111,20260420,100509,65,2,1,0,0,
1112,20260423,100509,66,2,5,1,0,
1113,20260509,100510,16,1,1,0,0,
1114,20260519,100510,13,0,1,0,0,
1115,20260403,100512,121,4,4,1,1,PRICE_TOO_HIGH
1116,20260405,100512,113,10,6,2,2,PRICE_TOO_HIGH
1117,20260514,100512,109,4,8,2,2,PRICE_TOO_HIGH
1118,20260614,100512,104,3,2,2,2,PRICE_TOO_HIGH
1119,20260624,100512,113,7,8,5,2,PRICE_TOO_HIGH
1120,20260406,100514,117,6,7,1,1,PRICE_TOO_HIGH
1121,20260519,100514,101,3,4,1,1,PRICE_TOO_HIGH
1122,20260522,100514,88,4,6,2,2,PRICE_TOO_HIGH
1123,20260524,100514,82,6,10,0,0,
1124,20260614,100514,91,4,4,3,3,PRICE_TOO_HIGH
1125,20260430,100515,413,25,19,2,2,PRICE_TOO_HIGH
1126,20260619,100515,414,16,13,8,7,PRICE_TOO_HIGH
1127,20260401,100516,73,5,5,0,0,
1128,20260409,100516,57,1,0,0,0,
1129,20260412,100516,55,3,1,1,0,
1130,20260517,100516,62,4,1,0,0,
1131,20260604,100516,58,2,1,0,0,
1132,20260501,100518,4,0,0,0,0,
1133,20260521,100518,7,0,0,0,0,
1134,20260525,100518,4,0,1,0,0,
1135,20260526,100518,5,0,0,0,0,
1136,20260529,100518,1,1,1,0,0,
1137,20260419,100519,287,11,10,6,6,PRICE_TOO_HIGH
1138,20260603,100519,270,15,11,2,2,PRICE_TOO_HIGH
1139,20260614,100519,308,17,5,4,2,PRICE_TOO_HIGH
1140,20260416,100520,27,1,3,1,0,
1141,20260427,100520,21,0,0,1,0,
1142,20260502,100520,22,3,2,0,0,
1143,20260607,100520,21,0,0,0,0,
1144,20260610,100520,28,1,1,1,0,
1145,20260419,100525,345,12,20,9,9,PRICE_TOO_HIGH
1146,20260623,100525,359,23,12,3,1,PRICE_TOO_HIGH
1147,20260403,100526,130,5,5,1,0,
1148,20260514,100526,132,2,5,2,0,
1149,20260516,100526,137,12,6,2,0,
1150,20260405,100527,131,4,6,0,0,
1151,20260407,100527,111,5,4,1,0,
1152,20260522,100527,115,8,5,1,0,
1153,20260417,100528,119,7,2,0,0,
1154,20260501,100528,136,4,2,1,0,
1155,20260529,100528,130,3,1,0,0,
1156,20260613,100528,110,10,0,0,0,
1157,20260401,100529,219,12,15,4,4,PRICE_TOO_HIGH
1158,20260510,100529,222,9,7,1,1,PRICE_TOO_HIGH
1159,20260520,100529,219,12,10,1,1,PRICE_TOO_HIGH
1160,20260416,100535,9,0,0,0,0,
1161,20260514,100535,7,1,0,0,0,
1162,20260608,100535,9,0,1,0,0,
1163,20260611,100535,8,0,1,0,0,
1164,20260404,100536,134,6,4,2,1,PRICE_TOO_HIGH
1165,20260508,100536,135,7,10,1,0,
1166,20260406,100538,41,0,0,0,0,
1167,20260601,100538,46,4,3,1,1,PRICE_TOO_HIGH
1168,20260602,100538,33,2,0,0,0,
1169,20260624,100538,42,2,4,2,0,
1170,20260404,100539,204,10,12,2,2,PRICE_TOO_HIGH
1171,20260411,100539,190,14,6,5,5,PRICE_TOO_HIGH
1172,20260501,100539,201,5,14,3,2,PRICE_TOO_HIGH
1173,20260509,100540,34,1,2,0,0,
1174,20260516,100540,39,2,4,0,0,
1175,20260521,100540,44,3,3,0,0,
1176,20260613,100540,40,2,4,0,0,
1177,20260622,100540,41,1,1,0,0,
1178,20260423,100541,212,12,9,1,0,
1179,20260603,100541,256,11,8,2,0,
1180,20260514,100542,205,11,20,5,5,PRICE_TOO_HIGH
1181,20260529,100542,198,9,17,9,7,PRICE_TOO_HIGH
1182,20260410,100543,160,11,6,4,4,PRICE_TOO_HIGH
1183,20260419,100543,168,6,6,2,2,PRICE_TOO_HIGH
1184,20260504,100543,174,11,8,1,1,PRICE_TOO_HIGH
1185,20260517,100543,164,8,2,3,2,PRICE_TOO_HIGH
1186,20260624,100543,178,6,9,2,0,
1187,20260410,100544,12,0,0,0,0,
1188,20260423,100544,8,0,1,0,0,
1189,20260609,100544,6,1,0,0,0,
1190,20260610,100544,6,0,0,0,0,
1191,20260401,100547,109,5,8,3,3,PRICE_TOO_HIGH
1192,20260417,100547,119,7,4,2,2,PRICE_TOO_HIGH
1193,20260424,100547,135,6,7,2,0,
1194,20260514,100547,115,5,10,0,0,
1195,20260404,100550,80,2,8,2,2,PRICE_TOO_HIGH
1196,20260407,100550,76,3,6,1,1,PRICE_TOO_HIGH
1197,20260425,100550,88,5,5,0,0,
1198,20260523,100550,85,5,6,5,5,PRICE_TOO_HIGH
1199,20260620,100550,72,5,3,3,0,
1200,20260402,100551,107,7,2,4,4,PRICE_TOO_HIGH
1201,20260428,100551,118,7,5,3,3,PRICE_TOO_HIGH
1202,20260509,100551,111,4,6,3,2,PRICE_TOO_HIGH
1203,20260613,100551,130,7,1,2,0,
1204,20260617,100551,97,3,1,1,0,
1205,20260401,100552,263,8,5,0,0,
1206,20260617,100552,220,16,12,1,0,
1207,20260428,100557,6,0,0,0,0,
1208,20260509,100557,6,1,1,0,0,
1209,20260516,100557,8,0,0,0,0,
1210,20260519,100557,5,0,0,1,1,PRICE_TOO_HIGH
1211,20260520,100557,4,0,1,0,0,
1212,20260404,100558,17,1,4,1,0,
1213,20260406,100558,13,0,1,0,0,
1214,20260426,100558,14,0,3,0,0,
1215,20260603,100558,15,1,2,0,0,
1216,20260430,100559,144,7,5,0,0,
1217,20260511,100559,116,4,5,0,0,
1218,20260626,100559,107,7,5,2,0,
1219,20260508,100560,186,9,5,2,1,PRICE_TOO_HIGH
1220,20260619,100560,171,8,3,2,0,
1221,20260416,100561,137,6,6,8,8,PRICE_TOO_HIGH
1222,20260429,100561,136,5,11,2,2,PRICE_TOO_HIGH
1223,20260502,100561,127,10,8,4,1,PRICE_TOO_HIGH
1224,20260527,100561,167,7,13,0,0,
1225,20260503,100563,14,1,2,0,0,
1226,20260512,100563,21,0,2,0,0,
1227,20260528,100563,29,3,2,0,0,
1228,20260607,100563,22,1,1,1,0,
1229,20260626,100563,29,0,3,1,0,
1230,20260430,100566,224,16,8,5,5,PRICE_TOO_HIGH
1231,20260612,100566,241,7,9,7,3,PRICE_TOO_HIGH
1232,20260410,100567,33,4,2,0,0,
1233,20260423,100567,49,1,0,1,0,
1234,20260507,100567,41,2,1,1,0,
1235,20260524,100567,47,2,1,0,0,
1236,20260525,100567,45,1,5,0,0,
1237,20260425,100568,231,13,7,1,0,
1238,20260428,100568,210,9,10,4,0,
1239,20260412,100570,229,13,6,3,3,PRICE_TOO_HIGH
1240,20260611,100570,246,4,7,5,4,PRICE_TOO_HIGH
1241,20260621,100570,221,17,11,2,0,
1242,20260425,100571,5,0,0,0,0,
1243,20260511,100571,4,0,0,0,0,
1244,20260521,100571,1,0,0,0,0,
1245,20260407,100575,114,12,5,1,1,PRICE_TOO_HIGH
1246,20260521,100575,127,6,4,1,1,PRICE_TOO_HIGH
1247,20260601,100575,126,3,3,3,3,PRICE_TOO_HIGH
1248,20260620,100575,135,4,3,1,1,PRICE_TOO_HIGH
1249,20260527,100576,121,6,8,1,1,PRICE_TOO_HIGH
1250,20260602,100576,151,7,8,3,0,
1251,20260417,100579,16,3,7,2,0,
1252,20260424,100579,22,0,2,0,0,
1253,20260503,100579,23,0,4,0,0,
1254,20260612,100579,16,0,2,0,0,
1255,20260407,100581,10,1,2,0,0,
1256,20260516,100581,14,0,3,1,1,PRICE_TOO_HIGH
1257,20260605,100581,10,0,1,0,0,
1258,20260613,100581,15,2,0,2,0,
1259,20260625,100581,13,0,2,2,0,
1260,20260401,100586,25,2,4,0,0,
1261,20260415,100586,37,1,3,0,0,
1262,20260423,100586,26,3,4,0,0,
1263,20260505,100586,29,1,1,0,0,
1264,20260626,100586,29,0,2,1,0,
1265,20260406,100589,77,6,10,1,1,PRICE_TOO_HIGH
1266,20260423,100589,88,3,3,2,2,PRICE_TOO_HIGH
1267,20260430,100589,100,7,9,3,3,PRICE_TOO_HIGH
1268,20260609,100589,86,5,6,2,2,PRICE_TOO_HIGH
1269,20260610,100589,92,1,10,2,1,PRICE_TOO_HIGH
1270,20260525,100591,361,15,16,4,4,PRICE_TOO_HIGH
1271,20260601,100591,376,21,18,4,3,PRICE_TOO_HIGH
1272,20260402,100594,225,10,5,1,0,
1273,20260515,100594,228,12,0,0,0,
1274,20260403,100595,10,0,0,0,0,
1275,20260410,100595,12,0,0,1,1,PRICE_TOO_HIGH
1276,20260505,100595,5,1,0,0,0,
1277,20260617,100595,12,0,0,0,0,
1278,20260417,100598,214,11,10,3,3,PRICE_TOO_HIGH
1279,20260426,100598,209,12,11,2,2,PRICE_TOO_HIGH
1280,20260612,100598,222,9,16,3,2,PRICE_TOO_HIGH
1281,20260408,100600,265,12,16,5,5,PRICE_TOO_HIGH
1282,20260429,100600,302,18,7,2,2,PRICE_TOO_HIGH
1283,20260613,100600,303,13,13,1,0,
1284,20260507,100601,102,4,6,1,0,
1285,20260516,100601,102,6,4,0,0,
1286,20260429,100602,188,10,12,2,2,PRICE_TOO_HIGH
1287,20260514,100602,161,8,7,4,4,PRICE_TOO_HIGH
1288,20260516,100602,162,11,10,1,1,PRICE_TOO_HIGH
1289,20260621,100602,177,5,5,1,0,
1290,20260408,100603,5,0,0,0,0,
1291,20260506,100603,7,0,1,1,1,PRICE_TOO_HIGH
1292,20260620,100603,5,0,0,0,0,
1293,20260418,100604,190,11,4,3,1,PRICE_TOO_HIGH
1294,20260503,100604,206,8,7,2,0,
1295,20260402,100606,139,6,7,2,2,PRICE_TOO_HIGH
1296,20260422,100606,130,8,5,2,2,PRICE_TOO_HIGH
1297,20260506,100606,154,8,4,1,1,PRICE_TOO_HIGH
1298,20260525,100606,146,7,2,0,0,
1299,20260609,100606,136,6,10,5,2,PRICE_TOO_HIGH
1300,20260413,100608,72,3,4,1,0,
1301,20260504,100608,77,4,4,1,0,
1302,20260427,100611,107,5,3,2,2,PRICE_TOO_HIGH
1303,20260428,100611,101,8,4,1,1,PRICE_TOO_HIGH
1304,20260522,100611,88,2,3,3,3,PRICE_TOO_HIGH
1305,20260525,100611,126,5,3,3,3,PRICE_TOO_HIGH
1306,20260607,100611,106,6,8,4,0,
1307,20260402,100612,111,7,4,3,3,PRICE_TOO_HIGH
1308,20260422,100612,117,3,5,5,5,PRICE_TOO_HIGH
1309,20260508,100612,116,7,5,2,2,PRICE_TOO_HIGH
1310,20260619,100612,112,5,3,1,0,
1311,20260515,100613,3,1,0,0,0,
1312,20260605,100613,5,0,0,1,1,PRICE_TOO_HIGH
1313,20260620,100613,7,0,0,0,0,
1314,20260628,100613,8,0,0,0,0,
1315,20260409,100614,231,13,11,1,1,PRICE_TOO_HIGH
1316,20260519,100614,222,11,10,5,5,PRICE_TOO_HIGH
1317,20260601,100614,214,14,4,2,1,PRICE_TOO_HIGH
1318,20260620,100614,208,5,3,2,0,
1319,20260502,100615,76,1,2,0,0,
1320,20260514,100615,103,9,5,1,1,PRICE_TOO_HIGH
1321,20260612,100615,102,3,3,1,1,PRICE_TOO_HIGH
1322,20260616,100615,83,3,4,4,4,PRICE_TOO_HIGH
1323,20260618,100615,72,5,3,1,0,
1324,20260419,100616,16,0,2,2,1,PRICE_TOO_HIGH
1325,20260502,100616,31,2,1,0,0,
1326,20260505,100616,30,1,0,0,0,
1327,20260407,100618,155,3,4,4,4,PRICE_TOO_HIGH
1328,20260507,100618,116,9,12,1,1,PRICE_TOO_HIGH
1329,20260523,100618,138,6,10,6,6,PRICE_TOO_HIGH
1330,20260614,100618,116,8,8,3,1,PRICE_TOO_HIGH
1331,20260513,100622,2,0,0,0,0,
1332,20260521,100622,11,1,0,0,0,
1333,20260605,100622,8,0,1,0,0,
1334,20260617,100622,5,0,0,0,0,
1335,20260411,100623,179,8,5,0,0,
1336,20260505,100623,157,12,5,0,0,
1337,20260514,100623,156,4,7,2,0,
1338,20260504,100624,205,10,11,2,2,PRICE_TOO_HIGH
1339,20260506,100624,214,10,6,4,3,PRICE_TOO_HIGH
1340,20260410,100625,99,4,7,0,0,
1341,20260504,100625,92,5,6,2,2,PRICE_TOO_HIGH
1342,20260508,100625,90,5,4,3,3,PRICE_TOO_HIGH
1343,20260614,100625,105,4,7,3,3,PRICE_TOO_HIGH
1344,20260626,100625,90,5,2,1,1,PRICE_TOO_HIGH
1345,20260420,100634,12,1,5,2,1,PRICE_TOO_HIGH
1346,20260522,100634,16,2,3,0,0,
1347,20260612,100634,8,0,3,1,0,
1348,20260616,100634,11,0,0,0,0,
1349,20260625,100634,14,0,3,1,0,
1350,20260512,100635,167,4,8,0,0,
1351,20260513,100635,166,7,5,1,0,
1352,20260622,100635,159,13,5,2,0,
1353,20260511,100636,372,17,17,8,8,PRICE_TOO_HIGH
1354,20260609,100636,337,18,13,5,3,PRICE_TOO_HIGH
1355,20260518,100637,45,1,2,4,1,PRICE_TOO_HIGH
1356,20260607,100637,48,3,1,1,0,
1357,20260629,100637,46,2,2,0,0,
1358,20260404,100639,53,2,5,1,1,PRICE_TOO_HIGH
1359,20260417,100639,53,3,7,1,0,
1360,20260611,100639,49,2,0,2,0,
1361,20260428,100641,181,9,2,0,0,
1362,20260512,100641,182,9,1,1,0,
1363,20260424,100642,8,0,0,0,0,
1364,20260528,100642,10,0,2,0,0,
1365,20260526,100644,378,19,9,1,1,PRICE_TOO_HIGH
1366,20260621,100644,369,18,9,6,6,PRICE_TOO_HIGH
1367,20260512,100647,267,16,14,3,3,PRICE_TOO_HIGH
1368,20260518,100647,322,15,9,7,7,PRICE_TOO_HIGH
1369,20260530,100647,307,13,14,3,2,PRICE_TOO_HIGH
1370,20260514,100649,385,18,16,9,9,PRICE_TOO_HIGH
1371,20260521,100649,397,21,22,4,1,PRICE_TOO_HIGH
1372,20260409,100650,33,0,5,0,0,
1373,20260506,100650,28,3,3,0,0,
1374,20260611,100650,33,1,5,0,0,
1375,20260414,100655,4,0,0,0,0,
1376,20260424,100655,3,0,0,0,0,
1377,20260509,100655,6,0,0,1,1,PRICE_TOO_HIGH
1378,20260515,100655,2,0,0,0,0,
1379,20260609,100655,4,0,1,0,0,
1380,20260511,100657,271,15,18,7,7,PRICE_TOO_HIGH
1381,20260627,100657,244,10,16,4,1,PRICE_TOO_HIGH
1382,20260509,100658,91,5,9,0,0,
1383,20260605,100658,100,6,2,0,0,
1384,20260612,100658,112,6,4,0,0,
1385,20260618,100658,91,2,4,1,0,
1386,20260417,100659,316,16,16,4,4,PRICE_TOO_HIGH
1387,20260611,100659,314,15,16,4,2,PRICE_TOO_HIGH
1388,20260402,100660,129,5,12,1,1,PRICE_TOO_HIGH
1389,20260404,100660,138,7,9,5,5,PRICE_TOO_HIGH
1390,20260504,100660,146,8,3,3,3,PRICE_TOO_HIGH
1391,20260610,100660,146,7,6,4,0,
1392,20260501,100661,115,6,9,0,0,
1393,20260517,100661,107,5,4,2,0,
1394,20260409,100665,12,0,0,0,0,
1395,20260422,100665,3,0,0,1,1,PRICE_TOO_HIGH
1396,20260514,100665,3,0,0,0,0,
1397,20260605,100665,7,0,0,0,0,
1398,20260615,100665,8,1,1,0,0,
1399,20260410,100666,27,1,3,1,0,
1400,20260520,100666,23,1,3,0,0,
1401,20260526,100666,17,1,3,0,0,
1402,20260627,100666,23,1,4,1,0,
1403,20260405,100669,119,9,7,3,3,PRICE_TOO_HIGH
1404,20260409,100669,114,6,5,1,1,PRICE_TOO_HIGH
1405,20260430,100669,149,7,7,2,1,PRICE_TOO_HIGH
1406,20260527,100669,156,4,4,1,0,
1407,20260411,100671,78,4,7,1,1,PRICE_TOO_HIGH
1408,20260510,100671,95,2,8,5,5,PRICE_TOO_HIGH
1409,20260516,100671,80,5,7,2,2,PRICE_TOO_HIGH
1410,20260612,100671,83,6,6,5,2,PRICE_TOO_HIGH
1411,20260623,100671,73,3,9,1,0,
1412,20260512,100673,204,13,10,8,8,PRICE_TOO_HIGH
1413,20260607,100673,198,7,10,5,2,PRICE_TOO_HIGH
1414,20260513,100676,7,0,0,0,0,
1415,20260525,100676,12,0,0,0,0,
1416,20260424,100678,150,15,12,5,5,PRICE_TOO_HIGH
1417,20260624,100678,178,7,12,4,4,PRICE_TOO_HIGH
1418,20260627,100678,158,2,12,5,2,PRICE_TOO_HIGH
1419,20260417,100679,211,11,5,2,2,PRICE_TOO_HIGH
1420,20260428,100679,242,11,8,2,2,PRICE_TOO_HIGH
1421,20260612,100679,185,9,4,2,1,PRICE_TOO_HIGH
1422,20260409,100680,171,6,3,2,2,PRICE_TOO_HIGH
1423,20260513,100680,187,10,5,2,2,PRICE_TOO_HIGH
1424,20260518,100680,192,15,2,3,3,PRICE_TOO_HIGH
1425,20260608,100680,188,3,3,1,1,PRICE_TOO_HIGH
1426,20260620,100680,160,10,3,2,0,
1427,20260401,100683,120,7,6,1,1,PRICE_TOO_HIGH
1428,20260520,100683,89,3,8,2,0,
1429,20260502,100684,22,2,1,1,1,PRICE_TOO_HIGH
1430,20260508,100684,18,0,1,0,0,
1431,20260402,100685,82,2,6,0,0,
1432,20260511,100685,77,4,3,3,3,PRICE_TOO_HIGH
1433,20260521,100685,94,4,5,3,3,PRICE_TOO_HIGH
1434,20260525,100685,89,11,6,1,0,
1435,20260610,100685,92,0,5,0,0,
1436,20260419,100689,178,13,11,4,4,PRICE_TOO_HIGH
1437,20260526,100689,185,6,10,5,5,PRICE_TOO_HIGH
1438,20260531,100689,160,7,16,4,3,PRICE_TOO_HIGH
1439,20260424,100690,26,2,1,1,1,PRICE_TOO_HIGH
1440,20260503,100690,28,2,2,1,0,
1441,20260512,100690,27,1,2,0,0,
1442,20260609,100690,34,1,0,0,0,
1443,20260620,100690,27,1,3,1,0,
1444,20260407,100694,70,3,3,0,0,
1445,20260422,100694,90,4,2,3,1,PRICE_TOO_HIGH
1446,20260525,100694,75,4,5,2,0,
1447,20260404,100695,141,6,9,3,3,PRICE_TOO_HIGH
1448,20260425,100695,156,7,11,3,3,PRICE_TOO_HIGH
1449,20260510,100695,122,7,9,4,2,PRICE_TOO_HIGH
1450,20260404,100696,83,4,6,1,1,PRICE_TOO_HIGH
1451,20260418,100696,77,5,2,1,0,
1452,20260420,100696,90,1,5,1,0,
1453,20260504,100696,94,7,1,1,0,
1454,20260524,100696,90,4,3,1,0,
1455,20260429,100697,15,0,0,0,0,
1456,20260505,100697,7,0,1,0,0,
1457,20260512,100697,5,1,0,0,0,
1458,20260515,100697,6,1,0,0,0,
1459,20260628,100697,9,0,0,1,1,PRICE_TOO_HIGH
1460,20260403,100698,140,9,3,1,1,PRICE_TOO_HIGH
1461,20260515,100698,138,7,6,0,0,
1462,20260516,100698,144,8,6,2,2,PRICE_TOO_HIGH
1463,20260521,100698,136,5,5,2,2,PRICE_TOO_HIGH
1464,20260522,100698,154,6,5,1,0,
1465,20260410,100700,269,14,8,2,2,PRICE_TOO_HIGH
1466,20260416,100700,267,14,7,4,4,PRICE_TOO_HIGH
1467,20260606,100700,309,14,6,3,1,PRICE_TOO_HIGH
1468,20260401,100701,128,4,3,1,1,PRICE_TOO_HIGH
1469,20260419,100701,120,7,3,1,1,PRICE_TOO_HIGH
1470,20260430,100701,118,12,2,4,4,PRICE_TOO_HIGH
1471,20260613,100701,128,5,7,2,2,PRICE_TOO_HIGH
1472,20260627,100701,142,3,7,3,0,
1473,20260401,100702,4,0,0,0,0,
1474,20260428,100702,2,0,0,0,0,
1475,20260508,100702,2,0,0,0,0,
1476,20260412,100704,224,10,16,1,1,PRICE_TOO_HIGH
1477,20260423,100704,229,13,12,5,5,PRICE_TOO_HIGH
1478,20260610,100704,233,11,9,3,2,PRICE_TOO_HIGH
1479,20260405,100707,51,1,0,0,0,
1480,20260418,100707,73,5,2,0,0,
1481,20260512,100707,64,7,2,0,0,
1482,20260520,100707,75,1,4,0,0,
1483,20260625,100707,72,2,4,0,0,
1484,20260418,100708,89,5,1,1,0,
1485,20260428,100708,97,5,3,1,0,
1486,20260520,100708,107,6,2,2,0,
1487,20260603,100708,103,6,3,0,0,
1488,20260626,100708,95,2,3,0,0,
1489,20260418,100710,62,2,2,0,0,
1490,20260505,100710,57,3,4,1,0,
1491,20260520,100710,53,4,3,0,0,
1492,20260521,100710,65,3,3,1,0,
1493,20260530,100710,66,3,6,0,0,
1494,20260406,100711,178,16,12,3,3,PRICE_TOO_HIGH
1495,20260616,100711,188,6,11,1,1,PRICE_TOO_HIGH
1496,20260622,100711,193,5,8,5,4,PRICE_TOO_HIGH
1497,20260528,100712,246,11,7,2,1,PRICE_TOO_HIGH
1498,20260615,100712,243,13,8,2,0,
1499,20260430,100713,281,12,10,4,4,PRICE_TOO_HIGH
1500,20260529,100713,278,14,11,2,1,PRICE_TOO_HIGH
1501,20260622,100713,266,15,14,0,0,
1502,20260430,100714,50,2,3,0,0,
1503,20260508,100714,54,2,4,0,0,
1504,20260524,100714,62,4,1,0,0,
1505,20260606,100714,50,2,3,0,0,
1506,20260527,100723,7,0,1,0,0,
1507,20260603,100723,8,0,0,0,0,
1508,20260402,100724,221,9,8,3,3,PRICE_TOO_HIGH
1509,20260424,100724,208,8,5,4,4,PRICE_TOO_HIGH
1510,20260425,100724,201,13,8,3,1,PRICE_TOO_HIGH
1511,20260501,100724,228,12,13,2,0,
1512,20260405,100725,236,9,6,1,0,
1513,20260605,100725,209,13,4,3,0,
1514,20260428,100726,361,20,18,6,6,PRICE_TOO_HIGH
1515,20260624,100726,385,17,14,6,4,PRICE_TOO_HIGH
1516,20260410,100727,100,4,7,1,1,PRICE_TOO_HIGH
1517,20260414,100727,80,4,8,3,3,PRICE_TOO_HIGH
1518,20260425,100727,113,3,4,0,0,
1519,20260427,100727,95,7,7,2,2,PRICE_TOO_HIGH
1520,20260628,100727,109,6,8,2,0,
1521,20260416,100729,5,0,1,1,1,PRICE_TOO_HIGH
1522,20260417,100729,4,0,0,0,0,
1523,20260425,100729,3,1,0,0,0,
1524,20260510,100729,6,0,1,0,0,
1525,20260609,100729,8,0,0,0,0,
1526,20260403,100731,32,1,2,1,1,PRICE_TOO_HIGH
1527,20260517,100731,32,3,5,2,0,
1528,20260528,100731,31,1,5,0,0,
1529,20260603,100731,36,2,4,0,0,
1530,20260613,100731,49,2,3,0,0,
1531,20260407,100732,63,4,3,0,0,
1532,20260619,100732,73,3,5,3,1,PRICE_TOO_HIGH
1533,20260622,100732,56,2,3,1,0,
1534,20260411,100733,132,5,3,3,3,PRICE_TOO_HIGH
1535,20260419,100733,136,9,6,2,2,PRICE_TOO_HIGH
1536,20260509,100733,150,7,4,0,0,
1537,20260531,100733,139,8,6,2,2,PRICE_TOO_HIGH
1538,20260621,100733,135,5,3,2,1,PRICE_TOO_HIGH
1539,20260529,100734,57,2,1,0,0,
1540,20260603,100734,42,3,3,1,0,
1541,20260609,100734,60,2,1,1,0,
1542,20260625,100734,49,3,1,1,0,
1543,20260411,100735,64,3,9,1,0,
1544,20260518,100735,48,4,3,0,0,
1545,20260528,100735,54,1,6,0,0,
1546,20260414,100737,111,4,4,3,1,PRICE_TOO_HIGH
1547,20260604,100737,127,10,6,0,0,
1548,20260621,100737,122,4,2,2,0,
1549,20260426,100738,46,3,2,0,0,
1550,20260511,100738,57,3,0,0,0,
1551,20260609,100738,66,1,1,0,0,
1552,20260619,100738,47,3,4,0,0,
1553,20260401,100739,100,3,4,1,1,PRICE_TOO_HIGH
1554,20260502,100739,129,6,5,5,5,PRICE_TOO_HIGH
1555,20260515,100739,128,9,4,5,4,PRICE_TOO_HIGH
1556,20260628,100739,102,4,5,2,0,
1557,20260402,100740,293,11,9,6,6,PRICE_TOO_HIGH
1558,20260516,100740,279,17,12,2,1,PRICE_TOO_HIGH
1559,20260426,100742,10,0,1,0,0,
1560,20260624,100742,15,1,1,0,0,
1561,20260426,100743,25,1,2,2,1,PRICE_TOO_HIGH
1562,20260614,100743,25,1,1,1,0,
1563,20260626,100743,30,2,3,1,0,
1564,20260404,100745,9,0,3,0,0,
1565,20260420,100745,17,0,2,2,1,PRICE_TOO_HIGH
1566,20260507,100745,11,0,1,0,0,
1567,20260509,100745,12,1,4,0,0,
1568,20260610,100745,9,1,4,0,0,
1569,20260427,100747,53,2,6,0,0,
1570,20260428,100747,47,4,3,0,0,
1571,20260522,100747,40,1,5,2,1,PRICE_TOO_HIGH
1572,20260421,100750,216,8,6,2,2,PRICE_TOO_HIGH
1573,20260503,100750,220,12,15,5,5,PRICE_TOO_HIGH
1574,20260520,100750,222,11,8,1,1,PRICE_TOO_HIGH
1575,20260525,100750,196,11,8,1,0,
1576,20260525,100751,220,10,9,6,6,PRICE_TOO_HIGH
1577,20260601,100751,198,10,10,2,2,PRICE_TOO_HIGH
1578,20260617,100751,185,10,12,2,1,PRICE_TOO_HIGH
1579,20260505,100754,144,6,5,1,1,PRICE_TOO_HIGH
1580,20260529,100754,157,10,8,7,7,PRICE_TOO_HIGH
1581,20260603,100754,129,5,15,3,2,PRICE_TOO_HIGH
1582,20260413,100755,44,3,2,0,0,
1583,20260425,100755,35,2,4,3,1,PRICE_TOO_HIGH
1584,20260503,100755,39,0,4,0,0,
1585,20260414,100756,40,3,7,1,0,
1586,20260614,100756,35,2,6,4,0,
1587,20260617,100756,38,2,3,0,0,
1588,20260620,100756,37,0,1,0,0,
1589,20260508,100758,14,0,1,0,0,
1590,20260604,100758,14,1,1,0,0,
1591,20260609,100758,19,1,0,0,0,
1592,20260409,100760,196,10,2,1,0,
1593,20260506,100760,205,10,4,4,0,
1594,20260418,100761,111,3,7,1,1,PRICE_TOO_HIGH
1595,20260610,100761,90,6,1,2,2,PRICE_TOO_HIGH
1596,20260620,100761,103,4,6,4,3,PRICE_TOO_HIGH
1597,20260621,100761,96,7,3,1,0,
1598,20260519,100762,154,9,7,3,3,PRICE_TOO_HIGH
1599,20260520,100762,166,7,15,3,3,PRICE_TOO_HIGH
1600,20260614,100762,184,9,16,4,2,PRICE_TOO_HIGH
1601,20260405,100763,30,3,1,0,0,
1602,20260420,100763,34,2,2,3,0,
1603,20260430,100763,39,2,1,0,0,
1604,20260519,100763,24,1,4,0,0,
1605,20260628,100763,42,0,3,0,0,
1606,20260420,100764,226,12,16,2,2,PRICE_TOO_HIGH
1607,20260427,100764,215,7,5,2,2,PRICE_TOO_HIGH
1608,20260518,100764,221,14,16,7,5,PRICE_TOO_HIGH
1609,20260527,100765,2,0,0,0,0,
1610,20260602,100765,2,0,0,0,0,
1611,20260604,100765,1,0,1,0,0,
1612,20260609,100765,2,0,0,1,1,PRICE_TOO_HIGH
1613,20260617,100765,4,0,0,0,0,
1614,20260401,100766,92,1,3,1,1,PRICE_TOO_HIGH
1615,20260406,100766,94,3,2,0,0,
1616,20260417,100766,102,7,5,2,2,PRICE_TOO_HIGH
1617,20260428,100766,104,8,2,2,2,PRICE_TOO_HIGH
1618,20260516,100766,85,4,4,2,1,PRICE_TOO_HIGH
1619,20260424,100767,225,14,7,1,1,PRICE_TOO_HIGH
1620,20260430,100767,235,10,5,2,2,PRICE_TOO_HIGH
1621,20260518,100767,211,7,3,4,4,PRICE_TOO_HIGH
1622,20260612,100767,222,13,2,2,0,
1623,20260414,100768,87,3,1,2,1,PRICE_TOO_HIGH
1624,20260513,100768,62,5,3,1,0,
1625,20260619,100768,91,2,3,0,0,
1626,20260624,100768,96,6,5,1,0,
1627,20260427,100770,399,18,8,8,8,PRICE_TOO_HIGH
1628,20260607,100770,428,23,9,3,0,
1629,20260405,100771,34,3,2,1,0,
1630,20260412,100771,48,2,2,0,0,
1631,20260425,100771,55,1,1,1,0,
1632,20260516,100771,39,2,3,0,0,
1633,20260507,100772,113,5,6,1,1,PRICE_TOO_HIGH
1634,20260512,100772,107,6,6,3,0,
1635,20260407,100773,91,7,5,1,1,PRICE_TOO_HIGH
1636,20260414,100773,98,2,5,0,0,
1637,20260617,100773,116,3,3,1,0,
1638,20260624,100773,78,7,1,3,0,
1639,20260401,100774,43,2,3,1,1,PRICE_TOO_HIGH
1640,20260528,100774,37,4,5,0,0,
1641,20260529,100774,37,1,0,2,0,
1642,20260601,100774,32,0,0,0,0,
1643,20260423,100775,98,4,1,2,1,PRICE_TOO_HIGH
1644,20260502,100775,84,7,0,1,0,
1645,20260508,100775,85,1,0,1,0,
1646,20260519,100775,76,2,2,1,0,
1647,20260615,100775,66,6,2,0,0,
1648,20260415,100777,33,2,6,1,0,
1649,20260418,100777,35,2,4,0,0,
1650,20260514,100777,38,2,4,1,0,
1651,20260519,100777,32,0,3,0,0,
1652,20260419,100778,35,0,3,2,1,PRICE_TOO_HIGH
1653,20260601,100778,30,0,0,1,0,
1654,20260604,100778,26,2,0,1,0,
1655,20260608,100778,29,3,0,1,0,
1656,20260615,100778,34,2,3,0,0,
1657,20260426,100785,121,4,4,1,0,
1658,20260527,100785,108,4,7,0,0,
1659,20260622,100785,107,8,0,2,0,
1660,20260405,100786,7,0,0,0,0,
1661,20260521,100786,1,0,0,0,0,
1662,20260612,100786,4,0,2,0,0,
1663,20260419,100790,135,6,4,4,4,PRICE_TOO_HIGH
1664,20260601,100790,149,8,3,2,2,PRICE_TOO_HIGH
1665,20260610,100790,137,9,6,1,1,PRICE_TOO_HIGH
1666,20260618,100790,125,5,1,4,4,PRICE_TOO_HIGH
1667,20260628,100790,140,6,4,3,0,
1668,20260407,100793,35,3,1,0,0,
1669,20260502,100793,30,2,3,1,0,
1670,20260520,100793,47,0,1,0,0,
1671,20260528,100793,37,2,0,1,0,
1672,20260612,100793,33,2,1,0,0,
1673,20260412,100794,197,10,8,2,2,PRICE_TOO_HIGH
1674,20260418,100794,225,6,3,0,0,
1675,20260516,100794,204,13,4,3,3,PRICE_TOO_HIGH
1676,20260522,100794,216,13,7,1,0,
1677,20260504,100795,99,6,4,1,0,
1678,20260603,100795,104,6,2,3,0,
1679,20260606,100795,108,3,2,0,0,
1680,20260623,100795,86,4,2,0,0,
1681,20260412,100799,65,1,2,0,0,
1682,20260614,100799,69,4,4,1,0,
1683,20260620,100799,74,5,2,0,0,
1684,20260621,100799,96,5,1,0,0,
1685,20260427,100800,110,6,6,1,1,PRICE_TOO_HIGH
1686,20260428,100800,152,7,10,0,0,
1687,20260510,100800,129,2,5,2,2,PRICE_TOO_HIGH
1688,20260527,100800,104,8,4,3,3,PRICE_TOO_HIGH
1689,20260617,100800,129,8,5,1,0,
1690,20260517,100802,26,2,1,1,1,PRICE_TOO_HIGH
1691,20260520,100802,32,1,3,1,0,
1692,20260606,100802,19,1,0,1,0,
1693,20260607,100802,20,0,2,1,0,
1694,20260505,100806,178,10,5,1,0,
1695,20260520,100806,203,9,7,3,0,
1696,20260404,100808,5,0,2,0,0,
1697,20260414,100808,7,0,0,0,0,
1698,20260510,100808,6,0,0,0,0,
1699,20260607,100808,9,1,0,1,1,PRICE_TOO_HIGH
1700,20260506,100810,12,1,2,2,1,PRICE_TOO_HIGH
1701,20260511,100810,17,1,0,0,0,
1702,20260527,100810,16,1,2,1,0,
1703,20260531,100810,16,0,1,0,0,
1704,20260406,100811,107,8,6,1,1,PRICE_TOO_HIGH
1705,20260414,100811,102,5,10,3,3,PRICE_TOO_HIGH
1706,20260531,100811,103,5,6,1,1,PRICE_TOO_HIGH
1707,20260604,100811,93,4,2,0,0,
1708,20260614,100811,86,2,1,2,1,PRICE_TOO_HIGH
1709,20260409,100812,144,4,5,3,3,PRICE_TOO_HIGH
1710,20260511,100812,125,6,8,4,4,PRICE_TOO_HIGH
1711,20260515,100812,143,10,6,3,3,PRICE_TOO_HIGH
1712,20260530,100812,128,8,6,2,1,PRICE_TOO_HIGH
1713,20260620,100812,138,5,14,1,0,
1714,20260425,100814,77,1,5,0,0,
1715,20260520,100814,72,4,1,0,0,
1716,20260605,100814,68,3,3,2,1,PRICE_TOO_HIGH
1717,20260611,100814,71,6,4,0,0,
1718,20260518,100816,325,16,23,7,7,PRICE_TOO_HIGH
1719,20260602,100816,356,18,15,3,0,
1720,20260506,100817,8,0,0,0,0,
1721,20260608,100817,6,0,0,0,0,
1722,20260612,100817,5,0,1,1,1,PRICE_TOO_HIGH
1723,20260401,100818,16,2,5,2,1,PRICE_TOO_HIGH
1724,20260501,100818,40,0,7,0,0,
1725,20260619,100818,32,2,2,1,0,
1726,20260425,100819,356,16,16,2,2,PRICE_TOO_HIGH
1727,20260522,100819,339,18,17,4,4,PRICE_TOO_HIGH
1728,20260423,100820,97,6,1,1,1,PRICE_TOO_HIGH
1729,20260427,100820,116,6,7,1,0,
1730,20260430,100820,99,3,4,2,0,
1731,20260612,100820,128,7,4,0,0,
1732,20260412,100821,130,8,9,2,2,PRICE_TOO_HIGH
1733,20260423,100821,136,5,5,1,1,PRICE_TOO_HIGH
1734,20260607,100821,138,7,9,2,2,PRICE_TOO_HIGH
1735,20260608,100821,160,7,6,1,1,PRICE_TOO_HIGH
1736,20260628,100821,137,8,8,2,1,PRICE_TOO_HIGH
1737,20260417,100822,122,7,4,1,1,PRICE_TOO_HIGH
1738,20260508,100822,116,9,10,4,4,PRICE_TOO_HIGH
1739,20260525,100822,107,5,12,3,2,PRICE_TOO_HIGH
1740,20260608,100822,127,2,10,1,0,
1741,20260422,100823,291,14,11,4,4,PRICE_TOO_HIGH
1742,20260601,100823,277,14,12,7,5,PRICE_TOO_HIGH
1743,20260507,100824,186,10,4,4,4,PRICE_TOO_HIGH
1744,20260509,100824,167,7,8,3,3,PRICE_TOO_HIGH
1745,20260530,100824,191,6,10,1,1,PRICE_TOO_HIGH
1746,20260615,100824,168,12,9,5,3,PRICE_TOO_HIGH
1747,20260404,100825,187,5,9,1,1,PRICE_TOO_HIGH
1748,20260406,100825,207,6,10,1,1,PRICE_TOO_HIGH
1749,20260409,100825,188,16,10,0,0,
1750,20260622,100825,178,11,10,5,4,PRICE_TOO_HIGH
1751,20260408,100826,238,11,7,4,4,PRICE_TOO_HIGH
1752,20260628,100826,274,14,9,6,3,PRICE_TOO_HIGH
1753,20260504,100827,154,9,6,2,2,PRICE_TOO_HIGH
1754,20260526,100827,145,3,6,1,1,PRICE_TOO_HIGH
1755,20260617,100827,168,9,13,1,1,PRICE_TOO_HIGH
1756,20260623,100827,147,9,8,3,2,PRICE_TOO_HIGH
1757,20260514,100828,172,10,3,4,4,PRICE_TOO_HIGH
1758,20260604,100828,190,9,7,3,3,PRICE_TOO_HIGH
1759,20260607,100828,168,7,7,3,1,PRICE_TOO_HIGH
1760,20260429,100829,154,8,13,3,3,PRICE_TOO_HIGH
1761,20260521,100829,155,7,8,1,1,PRICE_TOO_HIGH
1762,20260603,100829,152,12,8,2,1,PRICE_TOO_HIGH
1763,20260606,100829,182,5,6,0,0,
1764,20260409,100830,224,13,10,3,3,PRICE_TOO_HIGH
1765,20260415,100830,225,15,10,2,2,PRICE_TOO_HIGH
1766,20260613,100830,211,5,9,5,5,PRICE_TOO_HIGH
1767,20260618,100830,176,8,6,4,2,PRICE_TOO_HIGH
1768,20260506,100831,170,11,13,3,3,PRICE_TOO_HIGH
1769,20260519,100831,195,9,8,5,5,PRICE_TOO_HIGH
1770,20260618,100831,175,7,11,5,1,PRICE_TOO_HIGH
1771,20260526,100832,296,18,11,3,3,PRICE_TOO_HIGH
1772,20260530,100832,296,13,18,5,5,PRICE_TOO_HIGH
1773,20260606,100832,302,13,9,6,4,PRICE_TOO_HIGH
1774,20260409,100833,117,3,3,2,2,PRICE_TOO_HIGH
1775,20260424,100833,89,5,2,0,0,
1776,20260526,100833,86,7,4,0,0,
1777,20260606,100833,106,5,5,1,1,PRICE_TOO_HIGH
1778,20260627,100833,99,4,2,3,2,PRICE_TOO_HIGH
1779,20260502,100834,425,17,16,7,7,PRICE_TOO_HIGH
1780,20260519,100834,416,25,12,6,4,PRICE_TOO_HIGH
1781,20260406,100835,163,10,5,3,3,PRICE_TOO_HIGH
1782,20260419,100835,204,7,7,1,1,PRICE_TOO_HIGH
1783,20260423,100835,163,9,7,2,0,
1784,20260415,100836,199,9,11,6,6,PRICE_TOO_HIGH
1785,20260612,100836,171,10,6,4,4,PRICE_TOO_HIGH
1786,20260622,100836,189,8,6,3,0,
1787,20260408,100837,421,27,14,7,7,PRICE_TOO_HIGH
1788,20260617,100837,419,15,20,4,2,PRICE_TOO_HIGH
1789,20260415,100838,133,5,5,0,0,
1790,20260423,100838,135,7,1,4,4,PRICE_TOO_HIGH
1791,20260509,100838,124,7,1,1,1,PRICE_TOO_HIGH
1792,20260612,100838,117,5,4,0,0,
1793,20260615,100838,143,8,5,3,2,PRICE_TOO_HIGH
1794,20260404,100839,129,4,8,3,3,PRICE_TOO_HIGH
1795,20260419,100839,146,8,3,3,3,PRICE_TOO_HIGH
1796,20260524,100839,134,4,6,3,3,PRICE_TOO_HIGH
1797,20260616,100839,127,10,7,5,4,PRICE_TOO_HIGH
1798,20260418,100840,151,6,10,1,1,PRICE_TOO_HIGH
1799,20260428,100840,173,10,7,2,2,PRICE_TOO_HIGH
1800,20260509,100840,159,9,8,1,1,PRICE_TOO_HIGH
1801,20260520,100840,155,7,8,1,1,PRICE_TOO_HIGH
1802,20260614,100840,160,7,4,1,0,
1803,20260505,100841,201,10,7,4,4,PRICE_TOO_HIGH
1804,20260527,100841,192,9,4,2,2,PRICE_TOO_HIGH
1805,20260529,100841,185,9,12,6,3,PRICE_TOO_HIGH
1806,20260424,100842,199,11,15,3,3,PRICE_TOO_HIGH
1807,20260516,100842,210,9,20,4,3,PRICE_TOO_HIGH
1808,20260602,100843,175,15,8,3,3,PRICE_TOO_HIGH
1809,20260610,100843,160,2,11,2,2,PRICE_TOO_HIGH
1810,20260611,100843,185,9,19,2,0,
1811,20260414,100844,434,22,15,6,6,PRICE_TOO_HIGH
1812,20260429,100844,461,22,13,8,4,PRICE_TOO_HIGH
1813,20260530,100845,248,14,11,4,4,PRICE_TOO_HIGH
1814,20260620,100845,262,11,11,5,4,PRICE_TOO_HIGH
1815,20260509,100846,278,15,11,4,4,PRICE_TOO_HIGH
1816,20260604,100846,281,14,17,2,2,PRICE_TOO_HIGH
1817,20260616,100846,260,11,9,2,0,
1818,20260522,100847,204,7,17,6,6,PRICE_TOO_HIGH
1819,20260615,100847,198,13,14,4,1,PRICE_TOO_HIGH
1820,20260506,100848,236,14,13,3,3,PRICE_TOO_HIGH
1821,20260623,100848,287,12,26,4,3,PRICE_TOO_HIGH
1822,20260615,100849,431,20,7,4,4,PRICE_TOO_HIGH
1823,20260618,100849,394,21,13,5,3,PRICE_TOO_HIGH
1824,20260529,100850,277,11,17,8,8,PRICE_TOO_HIGH
1825,20260610,100850,322,18,10,4,2,PRICE_TOO_HIGH
1826,20260407,100851,196,8,10,5,5,PRICE_TOO_HIGH
1827,20260509,100851,197,12,10,2,2,PRICE_TOO_HIGH
1828,20260618,100851,196,9,11,2,1,PRICE_TOO_HIGH
1829,20260518,100852,312,21,18,5,5,PRICE_TOO_HIGH
1830,20260607,100852,324,10,15,5,4,PRICE_TOO_HIGH
1831,20260410,100854,45,1,5,1,0,
1832,20260418,100854,34,3,5,1,0,
1833,20260514,100854,38,0,5,0,0,
1834,20260604,100854,42,3,3,2,0,
1835,20260505,100856,0,0,0,1,1,PRICE_TOO_HIGH
1836,20260513,100856,2,0,0,0,0,
1837,20260627,100856,3,0,0,0,0,
1838,20260407,100858,147,9,9,0,0,
1839,20260430,100858,147,6,11,5,5,PRICE_TOO_HIGH
1840,20260509,100858,146,7,6,3,3,PRICE_TOO_HIGH
1841,20260601,100858,141,7,8,1,0,
1842,20260502,100861,173,14,8,4,4,PRICE_TOO_HIGH
1843,20260515,100861,179,4,8,3,3,PRICE_TOO_HIGH
1844,20260602,100861,167,10,6,3,3,PRICE_TOO_HIGH
1845,20260624,100861,176,6,10,3,0,
1846,20260404,100862,14,0,3,0,0,
1847,20260422,100862,18,0,3,0,0,
1848,20260506,100862,19,1,4,0,0,
1849,20260519,100862,23,1,2,0,0,
1850,20260618,100862,25,2,4,1,0,
1851,20260409,100867,309,12,8,2,2,PRICE_TOO_HIGH
1852,20260414,100867,292,15,7,4,4,PRICE_TOO_HIGH
1853,20260610,100867,272,16,8,4,1,PRICE_TOO_HIGH
1854,20260508,100868,1,0,1,0,0,
1855,20260514,100868,5,0,1,1,1,PRICE_TOO_HIGH
1856,20260420,100869,294,16,12,7,7,PRICE_TOO_HIGH
1857,20260425,100869,297,13,17,6,5,PRICE_TOO_HIGH
1858,20260524,100870,158,10,8,2,2,PRICE_TOO_HIGH
1859,20260611,100870,155,4,7,0,0,
1860,20260626,100870,155,9,8,6,6,PRICE_TOO_HIGH
1861,20260505,100874,343,16,18,3,3,PRICE_TOO_HIGH
1862,20260531,100874,373,19,19,6,5,PRICE_TOO_HIGH
1863,20260415,100875,3,0,0,0,0,
1864,20260424,100875,2,0,1,1,1,PRICE_TOO_HIGH
1865,20260530,100875,4,0,0,0,0,
1866,20260502,100876,229,13,7,4,4,PRICE_TOO_HIGH
1867,20260523,100876,199,12,8,1,1,PRICE_TOO_HIGH
1868,20260611,100876,212,7,6,1,1,PRICE_TOO_HIGH
1869,20260428,100877,127,4,3,1,0,
1870,20260519,100877,129,7,5,1,0,
1871,20260523,100877,101,6,1,0,0,
1872,20260401,100879,175,7,1,2,2,PRICE_TOO_HIGH
1873,20260508,100879,162,10,6,2,2,PRICE_TOO_HIGH
1874,20260526,100879,147,5,6,2,2,PRICE_TOO_HIGH
1875,20260608,100879,145,9,8,2,2,PRICE_TOO_HIGH
1876,20260618,100879,144,7,0,3,0,
1877,20260420,100880,361,15,7,5,5,PRICE_TOO_HIGH
1878,20260518,100880,357,20,11,2,2,PRICE_TOO_HIGH
1879,20260413,100881,1,0,0,0,0,
1880,20260416,100881,1,0,0,0,0,
1881,20260530,100881,1,0,1,0,0,
1882,20260622,100881,4,0,0,0,0,
1883,20260423,100883,42,2,3,1,0,
1884,20260430,100883,47,2,2,0,0,
1885,20260521,100883,35,2,2,0,0,
1886,20260607,100883,31,2,2,0,0,
1887,20260625,100883,38,1,4,1,0,
1888,20260415,100884,68,5,2,0,0,
1889,20260621,100884,65,2,1,2,1,PRICE_TOO_HIGH
1890,20260627,100884,65,2,0,2,0,
1891,20260505,100886,53,7,2,2,1,PRICE_TOO_HIGH
1892,20260507,100886,48,2,1,1,0,
1893,20260518,100886,71,2,1,0,0,
1894,20260527,100886,71,1,2,1,0,
1895,20260615,100886,66,3,0,1,0,
1896,20260607,100888,198,8,6,1,0,
1897,20260625,100888,201,11,4,4,0,
1898,20260415,100890,173,6,6,2,2,PRICE_TOO_HIGH
1899,20260422,100890,161,8,3,2,2,PRICE_TOO_HIGH
1900,20260513,100890,156,4,5,4,4,PRICE_TOO_HIGH
1901,20260522,100890,169,10,6,1,1,PRICE_TOO_HIGH
1902,20260621,100890,160,12,7,2,0,
1903,20260524,100891,110,7,3,0,0,
1904,20260604,100891,128,7,7,0,0,
1905,20260606,100891,111,3,4,0,0,
1906,20260519,100892,85,2,1,1,0,
1907,20260527,100892,86,6,4,1,0,
1908,20260528,100892,85,4,10,0,0,
1909,20260419,100893,165,8,3,2,2,PRICE_TOO_HIGH
1910,20260421,100893,178,8,3,3,3,PRICE_TOO_HIGH
1911,20260425,100893,151,7,3,1,1,PRICE_TOO_HIGH
1912,20260609,100893,146,8,4,6,6,PRICE_TOO_HIGH
1913,20260619,100893,163,9,3,1,0,
1914,20260424,100894,25,1,4,1,1,PRICE_TOO_HIGH
1915,20260426,100894,28,1,2,1,0,
1916,20260602,100894,24,2,3,0,0,
1917,20260622,100894,20,0,1,1,0,
1918,20260623,100894,28,2,4,1,0,
1919,20260403,100896,88,4,3,2,1,PRICE_TOO_HIGH
1920,20260425,100896,101,7,5,1,0,
1921,20260501,100896,77,3,2,1,0,
1922,20260531,100896,95,4,5,1,0,
1923,20260410,100898,208,12,4,5,5,PRICE_TOO_HIGH
1924,20260414,100898,252,15,6,2,2,PRICE_TOO_HIGH
1925,20260510,100898,246,8,6,4,3,PRICE_TOO_HIGH
1926,20260416,100900,16,0,4,1,1,PRICE_TOO_HIGH
1927,20260510,100900,22,0,2,0,0,
1928,20260531,100900,19,2,2,0,0,
1929,20260601,100900,24,1,2,1,0,
1930,20260620,100900,16,1,2,1,0,
1931,20260509,100903,5,1,1,0,0,
1932,20260513,100903,9,0,1,1,1,PRICE_TOO_HIGH
1933,20260606,100903,14,0,0,0,0,
1934,20260511,100904,320,17,9,4,4,PRICE_TOO_HIGH
1935,20260601,100904,338,15,13,7,5,PRICE_TOO_HIGH
1936,20260513,100905,290,10,9,0,0,
1937,20260523,100905,296,13,7,2,2,PRICE_TOO_HIGH
1938,20260606,100905,312,21,16,4,3,PRICE_TOO_HIGH
1939,20260411,100906,78,2,4,4,1,PRICE_TOO_HIGH
1940,20260501,100906,66,6,4,0,0,
1941,20260601,100906,90,3,3,0,0,
1942,20260613,100906,66,4,3,1,0,
1943,20260402,100908,191,11,2,2,2,PRICE_TOO_HIGH
1944,20260409,100908,231,12,5,2,2,PRICE_TOO_HIGH
1945,20260507,100908,210,9,6,2,2,PRICE_TOO_HIGH
1946,20260629,100908,204,9,4,1,0,
1947,20260409,100909,98,6,2,1,0,
1948,20260611,100909,102,4,3,1,0,
1949,20260413,100912,53,5,1,2,1,PRICE_TOO_HIGH
1950,20260509,100912,71,2,2,0,0,
1951,20260513,100912,72,0,2,2,0,
1952,20260522,100912,59,3,1,0,0,
1953,20260624,100912,74,6,1,0,0,
1954,20260416,100915,18,0,5,0,0,
1955,20260504,100915,17,0,3,0,0,
1956,20260610,100915,22,2,3,1,0,
1957,20260622,100915,18,1,3,0,0,
1958,20260403,100916,24,0,2,0,0,
1959,20260509,100916,28,1,2,1,0,
1960,20260525,100916,29,1,0,0,0,
1961,20260605,100916,32,1,1,0,0,
1962,20260624,100916,23,3,1,0,0,
1963,20260405,100917,9,0,0,0,0,
1964,20260410,100917,7,0,1,0,0,
1965,20260412,100917,6,0,0,1,1,PRICE_TOO_HIGH
1966,20260423,100917,5,0,0,0,0,
1967,20260621,100917,7,1,0,0,0,
1968,20260515,100919,266,11,3,7,7,PRICE_TOO_HIGH
1969,20260531,100919,186,13,12,5,4,PRICE_TOO_HIGH
1970,20260607,100919,231,10,5,1,0,
1971,20260406,100921,105,6,4,0,0,
1972,20260428,100921,92,4,2,0,0,
1973,20260503,100921,102,4,2,0,0,
1974,20260416,100922,147,6,5,1,1,PRICE_TOO_HIGH
1975,20260426,100922,148,9,6,3,3,PRICE_TOO_HIGH
1976,20260506,100922,150,4,7,2,1,PRICE_TOO_HIGH
1977,20260625,100922,146,10,10,0,0,
1978,20260601,100923,281,15,18,5,5,PRICE_TOO_HIGH
1979,20260607,100923,250,11,13,8,6,PRICE_TOO_HIGH
1980,20260429,100924,177,9,11,3,0,
1981,20260622,100924,185,9,8,0,0,
1982,20260430,100925,11,1,2,1,1,PRICE_TOO_HIGH
1983,20260522,100925,14,0,0,0,0,
1984,20260413,100931,190,8,5,2,2,PRICE_TOO_HIGH
1985,20260414,100931,195,10,10,3,3,PRICE_TOO_HIGH
1986,20260518,100931,150,9,8,1,0,
1987,20260521,100931,197,9,10,0,0,
1988,20260411,100933,43,2,1,0,0,
1989,20260512,100933,36,3,2,0,0,
1990,20260516,100933,50,2,0,1,0,
1991,20260530,100933,57,2,3,0,0,
1992,20260607,100933,47,2,0,0,0,
1993,20260512,100938,155,10,8,1,1,PRICE_TOO_HIGH
1994,20260527,100938,147,6,5,4,4,PRICE_TOO_HIGH
1995,20260607,100938,152,6,11,5,4,PRICE_TOO_HIGH
1996,20260421,100939,240,15,7,4,1,PRICE_TOO_HIGH
1997,20260526,100939,247,9,12,1,0,
1998,20260531,100940,200,10,10,2,2,PRICE_TOO_HIGH
1999,20260611,100940,217,13,8,2,2,PRICE_TOO_HIGH
2000,20260629,100940,220,8,6,3,2,PRICE_TOO_HIGH
2001,20260403,100941,11,0,0,0,0,
2002,20260421,100941,7,0,0,0,0,
2003,20260523,100941,8,0,0,0,0,
2004,20260616,100941,8,0,0,0,0,
2005,20260619,100941,4,1,0,0,0,
2006,20260608,100942,138,6,7,1,1,PRICE_TOO_HIGH
2007,20260620,100942,147,8,7,4,0,
2008,20260405,100944,148,9,5,2,2,PRICE_TOO_HIGH
2009,20260418,100944,138,6,1,2,2,PRICE_TOO_HIGH
2010,20260527,100944,138,7,7,4,4,PRICE_TOO_HIGH
2011,20260620,100944,146,7,5,3,3,PRICE_TOO_HIGH
2012,20260629,100944,148,6,2,3,0,
2013,20260414,100945,356,15,17,6,6,PRICE_TOO_HIGH
2014,20260603,100945,398,22,15,2,1,PRICE_TOO_HIGH
2015,20260519,100946,408,19,18,3,3,PRICE_TOO_HIGH
2016,20260621,100946,443,23,20,8,7,PRICE_TOO_HIGH
2017,20260413,100947,8,0,0,0,0,
2018,20260416,100947,3,0,0,0,0,
2019,20260510,100947,4,0,1,0,0,
2020,20260516,100947,3,1,1,0,0,
2021,20260625,100947,3,0,0,0,0,
2022,20260430,100948,147,12,8,2,2,PRICE_TOO_HIGH
2023,20260506,100948,145,5,5,5,5,PRICE_TOO_HIGH
2024,20260527,100948,147,5,7,4,4,PRICE_TOO_HIGH
2025,20260626,100948,165,8,11,3,0,
2026,20260512,100950,88,4,3,1,1,PRICE_TOO_HIGH
2027,20260603,100950,104,5,2,0,0,
2028,20260607,100950,98,5,1,2,0,
2029,20260529,100955,81,2,3,0,0,
2030,20260608,100955,66,4,2,1,0,
2031,20260628,100955,90,5,2,1,0,
2032,20260412,100958,164,7,13,2,2,PRICE_TOO_HIGH
2033,20260421,100958,151,12,12,4,3,PRICE_TOO_HIGH
2034,20260524,100958,159,4,8,0,0,
2035,20260416,100959,161,7,6,4,4,PRICE_TOO_HIGH
2036,20260515,100959,143,7,13,0,0,
2037,20260609,100959,152,8,17,2,2,PRICE_TOO_HIGH
2038,20260518,100964,131,8,7,1,0,
2039,20260625,100964,165,6,7,1,0,
2040,20260519,100965,117,8,4,2,0,
2041,20260528,100965,108,3,1,2,0,
2042,20260605,100965,118,6,4,0,0,
2043,20260415,100968,5,0,1,0,0,
2044,20260422,100968,9,0,0,1,1,PRICE_TOO_HIGH
2045,20260602,100968,9,0,0,0,0,
2046,20260614,100968,9,1,1,0,0,
2047,20260421,100970,51,2,0,0,0,
2048,20260430,100970,51,3,7,0,0,
2049,20260526,100970,46,2,0,0,0,
2050,20260527,100970,43,2,1,0,0,
2051,20260601,100970,44,2,1,0,0,
2052,20260428,100972,158,7,15,1,1,PRICE_TOO_HIGH
2053,20260616,100972,145,6,11,2,2,PRICE_TOO_HIGH
2054,20260628,100972,160,10,4,6,4,PRICE_TOO_HIGH
2055,20260426,100973,14,0,4,1,0,
2056,20260501,100973,17,1,1,0,0,
2057,20260514,100973,7,1,1,0,0,
2058,20260620,100973,13,0,2,0,0,
2059,20260412,100974,124,2,5,3,0,
2060,20260428,100974,114,9,9,1,0,
2061,20260415,100975,60,4,1,3,1,PRICE_TOO_HIGH
2062,20260426,100975,65,3,2,0,0,
2063,20260526,100975,58,2,0,1,0,
2064,20260410,100976,237,10,12,3,3,PRICE_TOO_HIGH
2065,20260427,100976,216,9,13,2,2,PRICE_TOO_HIGH
2066,20260605,100976,202,13,14,3,1,PRICE_TOO_HIGH
2067,20260520,100977,256,17,11,2,2,PRICE_TOO_HIGH
2068,20260625,100977,285,10,22,6,5,PRICE_TOO_HIGH
2069,20260418,100978,39,1,2,2,0,
2070,20260513,100978,35,2,1,2,0,
2071,20260402,100979,10,1,0,0,0,
2072,20260408,100979,10,0,0,1,1,PRICE_TOO_HIGH
2073,20260414,100979,7,0,2,0,0,
2074,20260404,100982,192,8,7,3,3,PRICE_TOO_HIGH
2075,20260504,100982,189,12,6,1,1,PRICE_TOO_HIGH
2076,20260529,100982,168,8,6,0,0,
2077,20260607,100982,192,9,4,2,1,PRICE_TOO_HIGH
2078,20260426,100985,101,3,10,0,0,
2079,20260627,100985,97,6,4,0,0,
2080,20260409,100986,129,8,5,1,1,PRICE_TOO_HIGH
2081,20260509,100986,134,3,4,2,2,PRICE_TOO_HIGH
2082,20260523,100986,119,5,4,3,3,PRICE_TOO_HIGH
2083,20260625,100986,105,10,3,1,1,PRICE_TOO_HIGH
2084,20260627,100986,118,4,2,3,0,
2085,20260403,100987,310,13,11,2,2,PRICE_TOO_HIGH
2086,20260413,100987,265,15,16,3,3,PRICE_TOO_HIGH
2087,20260505,100987,280,14,11,1,1,PRICE_TOO_HIGH
2088,20260415,100989,97,9,6,2,0,
2089,20260511,100989,98,2,7,0,0,
2090,20260611,100989,105,4,5,3,0,
2091,20260508,100992,14,0,0,0,0,
2092,20260515,100992,7,0,1,0,0,
2093,20260612,100992,15,1,0,0,0,
2094,20260411,100994,391,21,11,2,2,PRICE_TOO_HIGH
2095,20260429,100994,354,16,11,5,3,PRICE_TOO_HIGH
2096,20260516,100999,199,7,7,0,0,
2097,20260627,100999,200,12,2,2,0,
2098,20260525,101000,448,22,15,8,8,PRICE_TOO_HIGH
2099,20260621,101000,436,22,5,5,1,PRICE_TOO_HIGH
2100,20260404,101001,163,10,8,3,3,PRICE_TOO_HIGH
2101,20260406,101001,188,8,7,6,6,PRICE_TOO_HIGH
2102,20260430,101001,187,14,6,2,1,PRICE_TOO_HIGH
2103,20260627,101001,203,5,7,2,0,
2104,20260412,101002,45,1,4,0,0,
2105,20260514,101002,51,3,4,1,0,
2106,20260614,101002,58,3,9,0,0,
2107,20260422,101003,29,2,5,2,1,PRICE_TOO_HIGH
2108,20260508,101003,50,2,6,1,0,
2109,20260619,101003,38,1,8,1,0,
2110,20260402,101006,47,0,0,0,0,
2111,20260406,101006,43,3,0,0,0,
2112,20260421,101006,39,2,1,0,0,
2113,20260520,101006,45,4,0,0,0,
2114,20260603,101006,33,1,2,0,0,
2115,20260409,101007,8,0,0,0,0,
2116,20260509,101007,3,1,1,0,0,
2117,20260515,101007,7,0,1,0,0,
2118,20260530,101007,2,0,0,1,1,PRICE_TOO_HIGH
2119,20260409,101011,156,7,0,2,1,PRICE_TOO_HIGH
2120,20260611,101011,163,8,4,1,0,
2121,20260508,101014,345,14,12,7,7,PRICE_TOO_HIGH
2122,20260517,101014,348,20,16,5,2,PRICE_TOO_HIGH
2123,20260412,101017,126,8,3,1,0,
2124,20260624,101017,120,4,2,0,0,
2125,20260408,101018,115,8,2,2,0,
2126,20260427,101018,117,3,6,2,0,
2127,20260416,101019,100,8,3,1,0,
2128,20260515,101019,91,8,5,1,0,
2129,20260607,101019,101,2,7,2,0,
2130,20260625,101019,121,2,3,0,0,
2131,20260419,101020,101,8,5,3,3,PRICE_TOO_HIGH
2132,20260519,101020,93,4,2,3,3,PRICE_TOO_HIGH
2133,20260525,101020,128,7,5,1,1,PRICE_TOO_HIGH
2134,20260601,101020,106,3,1,4,1,PRICE_TOO_HIGH
2135,20260615,101020,93,4,2,0,0,
2136,20260411,101021,120,10,6,2,2,PRICE_TOO_HIGH
2137,20260508,101021,109,5,8,2,2,PRICE_TOO_HIGH
2138,20260516,101021,104,3,4,3,3,PRICE_TOO_HIGH
2139,20260615,101021,112,4,10,1,0,
2140,20260628,101021,123,6,5,0,0,
2141,20260517,101025,62,4,4,1,1,PRICE_TOO_HIGH
2142,20260528,101025,80,3,5,1,0,
2143,20260608,101025,72,3,2,0,0,
2144,20260402,101028,7,0,0,0,0,
2145,20260410,101028,5,0,1,1,1,PRICE_TOO_HIGH
2146,20260521,101028,7,0,1,0,0,
2147,20260418,101029,85,1,0,2,1,PRICE_TOO_HIGH
2148,20260424,101029,76,4,2,1,0,
2149,20260510,101029,61,5,2,0,0,
2150,20260615,101029,96,5,3,1,0,
2151,20260528,101030,367,16,19,5,5,PRICE_TOO_HIGH
2152,20260619,101030,332,18,17,7,4,PRICE_TOO_HIGH
2153,20260513,101032,77,5,2,0,0,
2154,20260519,101032,47,1,5,2,0,
2155,20260607,101032,72,6,2,0,0,
2156,20260614,101032,55,2,0,0,0,
2157,20260621,101032,63,1,4,1,0,
2158,20260408,101033,108,8,3,4,4,PRICE_TOO_HIGH
2159,20260526,101033,129,5,12,7,6,PRICE_TOO_HIGH
2160,20260602,101033,132,5,5,2,0,
2161,20260627,101033,119,6,5,1,0,
2162,20260406,101037,42,2,4,1,0,
2163,20260410,101037,51,1,3,1,0,
2164,20260506,101037,44,1,2,2,0,
2165,20260531,101037,47,5,2,0,0,
2166,20260408,101038,64,4,2,0,0,
2167,20260416,101038,52,1,4,1,0,
2168,20260516,101038,48,2,2,0,0,
2169,20260611,101038,62,4,3,0,0,
2170,20260615,101038,60,3,3,0,0,
2171,20260410,101040,152,7,14,3,3,PRICE_TOO_HIGH
2172,20260518,101040,155,7,3,4,4,PRICE_TOO_HIGH
2173,20260619,101040,153,10,6,2,2,PRICE_TOO_HIGH
2174,20260622,101040,149,6,6,5,1,PRICE_TOO_HIGH
2175,20260407,101043,3,0,0,0,0,
2176,20260408,101043,3,0,0,0,0,
2177,20260624,101043,5,0,1,0,0,
2178,20260629,101043,5,0,0,0,0,
2179,20260416,101047,46,4,2,1,0,
2180,20260507,101047,43,2,0,0,0,
2181,20260521,101047,52,1,3,0,0,
2182,20260529,101047,60,3,0,0,0,
2183,20260605,101047,43,2,0,0,0,
2184,20260418,101048,81,9,6,1,1,PRICE_TOO_HIGH
2185,20260420,101048,111,2,2,4,4,PRICE_TOO_HIGH
2186,20260519,101048,97,3,4,4,4,PRICE_TOO_HIGH
2187,20260529,101048,104,3,4,1,1,PRICE_TOO_HIGH
2188,20260530,101048,94,7,3,3,2,PRICE_TOO_HIGH
2189,20260404,101049,46,4,0,0,0,
2190,20260425,101049,49,1,2,0,0,
2191,20260531,101049,41,1,2,1,1,PRICE_TOO_HIGH
2192,20260623,101049,55,3,4,2,0,
2193,20260404,101050,88,2,4,2,0,
2194,20260418,101050,78,5,7,3,0,
2195,20260501,101050,70,4,7,0,0,
2196,20260411,101051,58,3,5,2,0,
2197,20260510,101051,77,4,1,0,0,
2198,20260514,101051,80,3,3,0,0,
2199,20260602,101051,71,2,5,1,0,
2200,20260613,101051,64,5,4,0,0,
2201,20260512,101052,123,5,1,2,0,
2202,20260617,101052,146,8,5,1,0,
2203,20260412,101054,129,10,6,1,1,PRICE_TOO_HIGH
2204,20260501,101054,106,3,7,0,0,
2205,20260520,101054,97,4,4,3,3,PRICE_TOO_HIGH
2206,20260523,101054,108,9,4,1,1,PRICE_TOO_HIGH
2207,20260528,101054,128,2,7,1,0,
2208,20260402,101055,166,6,5,0,0,
2209,20260416,101055,162,12,4,4,4,PRICE_TOO_HIGH
2210,20260426,101055,143,7,0,1,1,PRICE_TOO_HIGH
2211,20260427,101055,151,7,2,3,1,PRICE_TOO_HIGH
2212,20260516,101055,156,6,5,0,0,
2213,20260420,101058,5,0,1,0,0,
2214,20260421,101058,8,0,0,0,0,
2215,20260515,101058,1,0,0,0,0,
2216,20260524,101058,2,0,0,0,0,
2217,20260412,101059,130,7,8,1,1,PRICE_TOO_HIGH
2218,20260504,101059,102,7,2,1,1,PRICE_TOO_HIGH
2219,20260527,101059,115,5,9,3,3,PRICE_TOO_HIGH
2220,20260531,101059,87,7,3,2,1,PRICE_TOO_HIGH
2221,20260610,101059,102,0,8,0,0,
2222,20260403,101060,39,1,3,1,1,PRICE_TOO_HIGH
2223,20260617,101060,32,3,4,1,0,
2224,20260619,101060,28,2,3,1,0,
2225,20260629,101060,50,1,7,2,0,
2226,20260412,101063,135,4,8,5,5,PRICE_TOO_HIGH
2227,20260502,101063,111,8,8,2,2,PRICE_TOO_HIGH
2228,20260521,101063,116,7,13,2,2,PRICE_TOO_HIGH
2229,20260524,101063,131,4,2,4,1,PRICE_TOO_HIGH
2230,20260606,101063,117,7,3,1,0,
2231,20260411,101064,294,11,13,1,1,PRICE_TOO_HIGH
2232,20260603,101064,303,13,9,2,2,PRICE_TOO_HIGH
2233,20260611,101064,293,20,17,3,2,PRICE_TOO_HIGH
2234,20260404,101065,11,0,1,0,0,
2235,20260513,101065,12,1,0,0,0,
2236,20260617,101065,10,0,0,0,0,
2237,20260513,101066,29,1,1,0,0,
2238,20260520,101066,30,3,1,1,1,PRICE_TOO_HIGH
2239,20260531,101066,22,0,3,2,0,
2240,20260408,101069,36,5,2,1,1,PRICE_TOO_HIGH
2241,20260416,101069,53,1,4,1,0,
2242,20260428,101069,38,0,0,0,0,
2243,20260430,101069,30,1,7,1,0,
2244,20260524,101069,36,2,6,0,0,
2245,20260511,101070,89,4,4,0,0,
2246,20260615,101070,91,5,10,0,0,
2247,20260411,101071,155,6,5,1,1,PRICE_TOO_HIGH
2248,20260426,101071,153,7,4,2,2,PRICE_TOO_HIGH
2249,20260501,101071,157,10,7,2,1,PRICE_TOO_HIGH
2250,20260606,101071,132,6,3,1,0,
2251,20260423,101075,429,23,22,6,6,PRICE_TOO_HIGH
2252,20260518,101075,399,18,15,8,6,PRICE_TOO_HIGH
2253,20260410,101077,91,5,6,2,2,PRICE_TOO_HIGH
2254,20260423,101077,101,1,6,1,1,PRICE_TOO_HIGH
2255,20260424,101077,82,6,6,2,2,PRICE_TOO_HIGH
2256,20260609,101077,108,6,6,5,5,PRICE_TOO_HIGH
2257,20260612,101077,94,5,9,2,1,PRICE_TOO_HIGH
2258,20260411,101079,6,0,0,0,0,
2259,20260508,101079,1,0,0,0,0,
2260,20260518,101079,8,0,1,0,0,
2261,20260519,101079,2,0,0,0,0,
2262,20260612,101079,2,0,1,0,0,
2263,20260411,101081,204,11,11,8,8,PRICE_TOO_HIGH
2264,20260418,101081,196,9,13,6,5,PRICE_TOO_HIGH
2265,20260416,101082,27,2,2,1,1,PRICE_TOO_HIGH
2266,20260507,101082,32,2,2,1,0,
2267,20260512,101082,25,0,2,0,0,
2268,20260516,101082,34,1,2,1,0,
2269,20260411,101084,146,12,4,2,2,PRICE_TOO_HIGH
2270,20260414,101084,148,3,9,2,2,PRICE_TOO_HIGH
2271,20260415,101084,147,7,3,1,1,PRICE_TOO_HIGH
2272,20260525,101084,132,5,8,4,2,PRICE_TOO_HIGH
2273,20260622,101084,133,8,5,1,0,
2274,20260408,101085,227,12,7,6,6,PRICE_TOO_HIGH
2275,20260414,101085,235,13,9,2,1,PRICE_TOO_HIGH
2276,20260422,101085,215,8,7,2,0,
2277,20260524,101086,97,5,5,1,0,
2278,20260603,101086,89,4,5,2,0,
2279,20260404,101087,0,0,1,0,0,
2280,20260413,101087,0,0,0,0,0,
2281,20260520,101087,4,0,0,0,0,
2282,20260603,101087,0,0,1,0,0,
2283,20260620,101087,1,0,0,0,0,
2284,20260501,101088,89,4,9,2,0,
2285,20260514,101088,79,4,8,2,0,
2286,20260417,101089,67,4,4,1,0,
2287,20260604,101089,61,5,4,0,0,
2288,20260618,101089,81,1,4,3,0,
2289,20260419,101090,273,14,14,5,5,PRICE_TOO_HIGH
2290,20260501,101090,288,17,9,2,2,PRICE_TOO_HIGH
2291,20260521,101090,313,12,11,3,2,PRICE_TOO_HIGH
2292,20260505,101092,48,0,4,0,0,
2293,20260520,101092,46,4,4,3,1,PRICE_TOO_HIGH
2294,20260623,101092,51,3,1,0,0,
2295,20260403,101096,410,21,9,4,4,PRICE_TOO_HIGH
2296,20260414,101096,406,19,12,6,5,PRICE_TOO_HIGH
2297,20260421,101097,67,0,3,1,1,PRICE_TOO_HIGH
2298,20260422,101097,72,5,2,0,0,
2299,20260527,101097,75,5,1,0,0,
2300,20260604,101097,64,3,0,1,0,
2301,20260609,101097,77,4,0,1,0,
2302,20260417,101099,28,1,1,0,0,
2303,20260420,101099,21,1,1,1,0,
2304,20260506,101099,25,1,2,0,0,
2305,20260519,101099,31,0,1,0,0,
2306,20260523,101099,30,3,1,0,0,
2307,20260504,101101,239,11,8,2,2,PRICE_TOO_HIGH
2308,20260508,101101,280,16,6,5,5,PRICE_TOO_HIGH
2309,20260529,101101,250,11,6,4,2,PRICE_TOO_HIGH
2310,20260516,101102,8,0,1,0,0,
2311,20260527,101102,4,1,0,0,0,
2312,20260531,101102,9,0,0,0,0,
2313,20260414,101103,145,6,6,1,1,PRICE_TOO_HIGH
2314,20260424,101103,131,5,3,1,1,PRICE_TOO_HIGH
2315,20260509,101103,129,7,3,3,3,PRICE_TOO_HIGH
2316,20260514,101103,137,6,11,2,2,PRICE_TOO_HIGH
2317,20260611,101103,111,8,5,3,1,PRICE_TOO_HIGH
2318,20260429,101106,69,2,2,2,0,
2319,20260529,101106,75,4,2,0,0,
2320,20260623,101106,73,4,0,1,0,
2321,20260414,101108,21,0,1,0,0,
2322,20260415,101108,23,2,2,0,0,
2323,20260428,101108,17,0,1,0,0,
2324,20260530,101108,16,1,3,1,0,
2325,20260611,101108,21,1,1,2,0,
2326,20260411,101112,16,0,4,0,0,
2327,20260423,101112,19,1,2,0,0,
2328,20260527,101112,13,1,0,0,0,
2329,20260614,101112,11,0,6,3,1,PRICE_TOO_HIGH
2330,20260505,101114,81,5,2,0,0,
2331,20260512,101114,75,5,0,0,0,
2332,20260629,101114,89,2,5,0,0,
2333,20260425,101120,310,8,4,3,3,PRICE_TOO_HIGH
2334,20260507,101120,251,18,2,3,3,PRICE_TOO_HIGH
2335,20260629,101120,283,16,11,6,5,PRICE_TOO_HIGH
2336,20260421,101121,315,12,10,3,3,PRICE_TOO_HIGH
2337,20260429,101121,281,17,11,7,4,PRICE_TOO_HIGH
2338,20260412,101122,185,7,2,1,1,PRICE_TOO_HIGH
2339,20260430,101122,155,9,4,2,2,PRICE_TOO_HIGH
2340,20260503,101122,171,5,5,2,2,PRICE_TOO_HIGH
2341,20260601,101122,182,9,4,1,0,
2342,20260618,101122,180,13,6,0,0,
2343,20260407,101123,217,13,5,5,5,PRICE_TOO_HIGH
2344,20260426,101123,224,9,4,3,3,PRICE_TOO_HIGH
2345,20260502,101123,211,13,5,2,2,PRICE_TOO_HIGH
2346,20260611,101123,226,8,1,2,1,PRICE_TOO_HIGH
2347,20260409,101124,109,4,7,0,0,
2348,20260424,101124,97,6,7,1,1,PRICE_TOO_HIGH
2349,20260514,101124,100,6,8,3,3,PRICE_TOO_HIGH
2350,20260525,101124,104,4,5,3,1,PRICE_TOO_HIGH
2351,20260508,101125,235,12,13,6,6,PRICE_TOO_HIGH
2352,20260608,101125,260,12,14,4,2,PRICE_TOO_HIGH
2353,20260514,101126,249,13,6,5,5,PRICE_TOO_HIGH
2354,20260608,101126,241,12,7,4,4,PRICE_TOO_HIGH
2355,20260623,101126,240,11,12,2,1,PRICE_TOO_HIGH
2356,20260420,101127,138,6,4,5,5,PRICE_TOO_HIGH
2357,20260425,101127,132,7,7,0,0,
2358,20260612,101127,149,9,10,2,2,PRICE_TOO_HIGH
2359,20260626,101127,143,6,3,4,3,PRICE_TOO_HIGH
2360,20260405,101128,305,15,10,3,3,PRICE_TOO_HIGH
2361,20260514,101128,280,14,9,10,7,PRICE_TOO_HIGH
2362,20260425,101129,130,8,12,3,3,PRICE_TOO_HIGH
2363,20260428,101129,148,8,6,2,2,PRICE_TOO_HIGH
2364,20260511,101129,144,6,6,3,3,PRICE_TOO_HIGH
2365,20260514,101129,125,4,5,2,1,PRICE_TOO_HIGH
2366,20260527,101129,119,7,8,1,0,
2367,20260428,101130,102,7,6,2,2,PRICE_TOO_HIGH
2368,20260602,101130,115,7,10,3,3,PRICE_TOO_HIGH
2369,20260603,101130,90,5,9,3,1,PRICE_TOO_HIGH
2370,20260606,101130,103,1,9,1,0,
2371,20260401,101131,95,9,0,0,0,
2372,20260406,101131,100,2,2,0,0,
2373,20260603,101131,91,2,3,3,3,PRICE_TOO_HIGH
2374,20260612,101131,111,5,3,0,0,
2375,20260615,101131,94,6,7,3,2,PRICE_TOO_HIGH
2376,20260413,101132,122,9,4,3,3,PRICE_TOO_HIGH
2377,20260427,101132,137,6,8,4,4,PRICE_TOO_HIGH
2378,20260628,101132,158,5,10,5,3,PRICE_TOO_HIGH
2379,20260412,101133,134,8,3,0,0,
2380,20260421,101133,144,6,3,2,2,PRICE_TOO_HIGH
2381,20260503,101133,139,0,5,3,3,PRICE_TOO_HIGH
2382,20260507,101133,145,10,4,3,3,PRICE_TOO_HIGH
2383,20260626,101133,160,12,3,2,0,
2384,20260503,101134,221,15,8,4,4,PRICE_TOO_HIGH
2385,20260626,101134,227,7,8,5,3,PRICE_TOO_HIGH
2386,20260505,101135,211,8,3,3,3,PRICE_TOO_HIGH
2387,20260511,101135,212,9,5,5,5,PRICE_TOO_HIGH
2388,20260514,101135,218,11,6,1,1,PRICE_TOO_HIGH
2389,20260617,101135,194,13,8,4,1,PRICE_TOO_HIGH
2390,20260602,101136,321,17,21,3,3,PRICE_TOO_HIGH
2391,20260623,101136,316,14,18,3,2,PRICE_TOO_HIGH
2392,20260401,101137,182,12,7,2,2,PRICE_TOO_HIGH
2393,20260423,101137,165,12,9,0,0,
2394,20260430,101137,181,6,8,2,2,PRICE_TOO_HIGH
2395,20260514,101137,178,6,9,2,1,PRICE_TOO_HIGH
2396,20260527,101137,180,8,5,0,0,
2397,20260409,101138,155,11,14,1,1,PRICE_TOO_HIGH
2398,20260411,101138,159,9,11,7,7,PRICE_TOO_HIGH
2399,20260416,101138,176,4,11,1,0,
2400,20260421,101139,113,8,11,3,3,PRICE_TOO_HIGH
2401,20260507,101139,109,6,7,2,2,PRICE_TOO_HIGH
2402,20260515,101139,144,5,8,6,6,PRICE_TOO_HIGH
2403,20260615,101139,110,4,9,2,0,
2404,20260407,101140,177,11,4,4,4,PRICE_TOO_HIGH
2405,20260608,101140,166,12,5,2,2,PRICE_TOO_HIGH
2406,20260622,101140,186,3,7,1,0,
2407,20260409,101141,250,12,4,3,3,PRICE_TOO_HIGH
2408,20260506,101141,274,16,9,3,3,PRICE_TOO_HIGH
2409,20260621,101141,266,11,5,5,2,PRICE_TOO_HIGH
2410,20260423,101142,275,16,14,1,1,PRICE_TOO_HIGH
2411,20260515,101142,274,13,13,3,3,PRICE_TOO_HIGH
2412,20260525,101142,260,11,9,4,2,PRICE_TOO_HIGH
2413,20260416,101143,189,15,10,1,1,PRICE_TOO_HIGH
2414,20260509,101143,209,4,7,1,1,PRICE_TOO_HIGH
2415,20260513,101143,216,10,6,6,6,PRICE_TOO_HIGH
2416,20260616,101143,211,12,7,3,1,PRICE_TOO_HIGH
2417,20260622,101144,256,15,19,6,6,PRICE_TOO_HIGH
2418,20260624,101144,283,11,15,5,4,PRICE_TOO_HIGH
2419,20260420,101145,170,6,6,3,3,PRICE_TOO_HIGH
2420,20260523,101145,169,8,5,3,3,PRICE_TOO_HIGH
2421,20260526,101145,183,9,6,3,3,PRICE_TOO_HIGH
2422,20260615,101145,188,12,7,4,3,PRICE_TOO_HIGH
2423,20260424,101146,215,13,6,1,1,PRICE_TOO_HIGH
2424,20260515,101146,250,12,6,2,2,PRICE_TOO_HIGH
2425,20260621,101146,200,8,5,4,3,PRICE_TOO_HIGH
2426,20260402,101147,169,4,1,5,5,PRICE_TOO_HIGH
2427,20260503,101147,131,3,4,1,1,PRICE_TOO_HIGH
2428,20260511,101147,164,10,5,2,2,PRICE_TOO_HIGH
2429,20260616,101147,162,12,2,1,1,PRICE_TOO_HIGH
2430,20260626,101147,165,10,3,3,0,
2431,20260403,101148,175,12,2,4,4,PRICE_TOO_HIGH
2432,20260420,101148,173,8,0,0,0,
2433,20260514,101148,192,10,6,2,2,PRICE_TOO_HIGH
2434,20260530,101148,153,6,2,3,1,PRICE_TOO_HIGH
2435,20260605,101148,175,7,5,1,0,
2436,20260419,101149,124,2,8,2,2,PRICE_TOO_HIGH
2437,20260428,101149,128,11,6,3,3,PRICE_TOO_HIGH
2438,20260503,101149,140,7,6,6,4,PRICE_TOO_HIGH
2439,20260604,101149,112,5,11,1,0,
2440,20260405,101150,160,11,2,3,3,PRICE_TOO_HIGH
2441,20260430,101150,174,9,6,3,3,PRICE_TOO_HIGH
2442,20260514,101150,157,3,3,5,5,PRICE_TOO_HIGH
2443,20260612,101150,187,10,5,3,1,PRICE_TOO_HIGH
2444,20260422,101151,288,14,3,2,2,PRICE_TOO_HIGH
2445,20260424,101151,298,13,5,3,3,PRICE_TOO_HIGH
2446,20260617,101151,296,17,8,3,2,PRICE_TOO_HIGH
2447,20260523,101155,5,0,0,0,0,
2448,20260529,101155,4,0,0,0,0,
2449,20260601,101155,3,0,1,0,0,
2450,20260614,101155,3,0,0,0,0,
2451,20260624,101155,5,1,0,0,0,
2452,20260424,101156,201,10,9,6,6,PRICE_TOO_HIGH
2453,20260502,101156,218,10,8,5,5,PRICE_TOO_HIGH
2454,20260521,101156,232,12,12,3,0,
2455,20260504,101158,204,11,5,0,0,
2456,20260520,101158,231,10,9,3,1,PRICE_TOO_HIGH
2457,20260605,101159,243,13,19,5,5,PRICE_TOO_HIGH
2458,20260612,101159,223,10,20,3,2,PRICE_TOO_HIGH
2459,20260428,101161,36,3,1,0,0,
2460,20260512,101161,43,2,1,0,0,
2461,20260527,101161,39,2,4,0,0,
2462,20260607,101161,47,1,4,0,0,
2463,20260623,101161,28,1,0,0,0,
2464,20260418,101163,161,11,4,5,5,PRICE_TOO_HIGH
2465,20260419,101163,159,5,12,3,3,PRICE_TOO_HIGH
2466,20260525,101163,165,5,6,1,1,PRICE_TOO_HIGH
2467,20260526,101163,160,11,13,5,2,PRICE_TOO_HIGH
2468,20260407,101165,5,0,0,0,0,
2469,20260426,101165,2,0,0,0,0,
2470,20260504,101165,4,0,0,0,0,
2471,20260525,101165,7,0,1,1,1,PRICE_TOO_HIGH
2472,20260410,101167,299,15,9,5,5,PRICE_TOO_HIGH
2473,20260507,101167,290,10,5,3,3,PRICE_TOO_HIGH
2474,20260608,101167,249,16,1,6,3,PRICE_TOO_HIGH
2475,20260429,101168,117,8,3,3,3,PRICE_TOO_HIGH
2476,20260509,101168,139,5,6,2,2,PRICE_TOO_HIGH
2477,20260519,101168,138,8,10,3,3,PRICE_TOO_HIGH
2478,20260520,101168,131,6,13,1,0,
2479,20260617,101168,144,6,5,1,0,
2480,20260416,101170,14,2,2,0,0,
2481,20260425,101170,30,0,0,1,0,
2482,20260502,101170,22,0,2,0,0,
2483,20260521,101170,33,3,0,0,0,
2484,20260604,101170,25,1,1,0,0,
2485,20260428,101173,272,16,10,4,4,PRICE_TOO_HIGH
2486,20260517,101173,275,10,8,2,2,PRICE_TOO_HIGH
2487,20260625,101173,285,15,5,4,1,PRICE_TOO_HIGH
2488,20260606,101174,14,1,0,0,0,
2489,20260615,101174,8,0,0,0,0,
2490,20260405,101179,151,3,4,1,1,PRICE_TOO_HIGH
2491,20260429,101179,154,9,5,2,2,PRICE_TOO_HIGH
2492,20260501,101179,137,7,2,3,3,PRICE_TOO_HIGH
2493,20260504,101179,128,8,2,0,0,
2494,20260516,101179,138,8,3,0,0,
2495,20260415,101181,111,6,2,1,1,PRICE_TOO_HIGH
2496,20260429,101181,108,3,12,2,2,PRICE_TOO_HIGH
2497,20260524,101181,102,8,6,0,0,
2498,20260526,101181,114,4,6,3,3,PRICE_TOO_HIGH
2499,20260625,101181,96,5,8,3,1,PRICE_TOO_HIGH
2500,20260422,101182,97,6,3,1,1,PRICE_TOO_HIGH
2501,20260509,101182,90,2,5,0,0,
2502,20260522,101182,85,4,4,1,0,
2503,20260618,101182,97,6,5,2,0,
2504,20260404,101184,89,0,9,2,2,PRICE_TOO_HIGH
2505,20260405,101184,78,3,8,0,0,
2506,20260418,101184,90,11,7,1,1,PRICE_TOO_HIGH
2507,20260502,101184,78,5,7,1,1,PRICE_TOO_HIGH
2508,20260509,101184,94,2,3,3,2,PRICE_TOO_HIGH
2509,20260407,101187,15,0,0,0,0,
2510,20260618,101187,12,0,0,0,0,
2511,20260628,101187,10,1,0,0,0,
2512,20260413,101188,281,16,6,5,5,PRICE_TOO_HIGH
2513,20260512,101188,284,9,7,5,5,PRICE_TOO_HIGH
2514,20260622,101188,313,18,5,3,0,
2515,20260428,101189,399,19,11,3,3,PRICE_TOO_HIGH
2516,20260513,101189,358,18,7,11,7,PRICE_TOO_HIGH
2517,20260421,101190,80,5,4,3,3,PRICE_TOO_HIGH
2518,20260514,101190,93,5,8,0,0,
2519,20260519,101190,91,3,7,3,3,PRICE_TOO_HIGH
2520,20260527,101190,93,6,6,2,2,PRICE_TOO_HIGH
2521,20260614,101190,91,3,4,4,1,PRICE_TOO_HIGH
2522,20260423,101191,100,4,6,3,1,PRICE_TOO_HIGH
2523,20260627,101191,76,4,1,0,0,
2524,20260406,101192,6,0,0,0,0,
2525,20260427,101192,10,0,1,0,0,
2526,20260621,101192,5,1,0,1,1,PRICE_TOO_HIGH
2527,20260413,101193,274,11,10,10,9,PRICE_TOO_HIGH
2528,20260427,101193,252,15,10,2,0,
2529,20260425,101194,46,3,5,0,0,
2530,20260607,101194,64,3,5,0,0,
2531,20260612,101194,56,2,3,0,0,
2532,20260407,101195,41,0,3,0,0,
2533,20260426,101195,41,4,0,1,0,
2534,20260523,101195,46,3,2,1,0,
2535,20260531,101195,42,1,1,1,0,
2536,20260626,101195,48,2,1,0,0,
2537,20260421,101196,43,1,6,0,0,
2538,20260422,101196,31,2,3,2,0,
2539,20260504,101196,40,1,4,0,0,
2540,20260513,101196,25,2,1,0,0,
2541,20260505,101197,114,3,3,1,1,PRICE_TOO_HIGH
2542,20260521,101197,110,8,3,0,0,
2543,20260523,101197,124,4,3,1,1,PRICE_TOO_HIGH
2544,20260610,101197,125,6,4,2,2,PRICE_TOO_HIGH
2545,20260626,101197,125,8,6,4,3,PRICE_TOO_HIGH
2546,20260423,101199,89,4,2,4,4,PRICE_TOO_HIGH
2547,20260505,101199,89,4,5,2,2,PRICE_TOO_HIGH
2548,20260518,101199,112,6,6,0,0,
2549,20260526,101199,93,4,4,3,3,PRICE_TOO_HIGH
2550,20260610,101199,97,6,4,4,3,PRICE_TOO_HIGH
2551,20260519,101200,5,0,0,0,0,
2552,20260528,101200,9,1,0,0,0,
2553,20260619,101200,10,0,0,0,0,
2554,20260621,101200,6,0,0,1,1,PRICE_TOO_HIGH
2555,20260626,101200,8,0,0,0,0,
2556,20260426,101201,34,2,6,0,0,
2557,20260515,101201,26,1,4,1,0,
2558,20260402,101202,69,3,0,0,0,
2559,20260405,101202,76,5,4,0,0,
2560,20260503,101202,82,4,1,1,0,
2561,20260603,101202,86,2,3,0,0,
2562,20260625,101202,103,6,4,1,0,
2563,20260417,101205,127,6,2,0,0,
2564,20260427,101205,143,4,5,0,0,
2565,20260611,101205,126,9,1,1,0,
2566,20260510,101206,91,5,3,1,0,
2567,20260519,101206,94,5,7,1,0,
2568,20260523,101206,111,4,2,0,0,
2569,20260416,101207,168,9,7,2,2,PRICE_TOO_HIGH
2570,20260417,101207,169,8,6,0,0,
2571,20260520,101207,140,8,7,3,3,PRICE_TOO_HIGH
2572,20260609,101207,160,7,8,3,2,PRICE_TOO_HIGH
2573,20260627,101207,164,8,5,0,0,
2574,20260406,101208,90,6,0,0,0,
2575,20260529,101208,72,3,1,0,0,
2576,20260617,101208,85,4,1,0,0,
2577,20260628,101208,90,3,3,0,0,
2578,20260411,101210,177,10,10,6,6,PRICE_TOO_HIGH
2579,20260601,101210,193,6,8,4,4,PRICE_TOO_HIGH
2580,20260627,101210,167,10,7,2,0,
2581,20260418,101212,264,11,6,4,4,PRICE_TOO_HIGH
2582,20260517,101212,230,13,10,7,6,PRICE_TOO_HIGH
2583,20260408,101213,15,1,1,0,0,
2584,20260417,101213,22,0,1,1,1,PRICE_TOO_HIGH
2585,20260405,101214,187,10,5,2,2,PRICE_TOO_HIGH
2586,20260427,101214,189,7,8,2,2,PRICE_TOO_HIGH
2587,20260518,101214,170,9,9,3,3,PRICE_TOO_HIGH
2588,20260604,101214,163,9,4,0,0,
2589,20260618,101214,179,9,9,3,2,PRICE_TOO_HIGH
2590,20260405,101215,19,2,3,0,0,
2591,20260429,101215,28,0,0,0,0,
2592,20260516,101215,18,0,1,0,0,
2593,20260604,101215,24,2,2,0,0,
2594,20260505,101216,246,11,10,6,6,PRICE_TOO_HIGH
2595,20260615,101216,234,13,12,8,6,PRICE_TOO_HIGH
2596,20260424,101217,128,7,11,1,1,PRICE_TOO_HIGH
2597,20260501,101217,152,5,5,5,5,PRICE_TOO_HIGH
2598,20260504,101217,136,6,9,2,2,PRICE_TOO_HIGH
2599,20260506,101217,123,7,4,4,1,PRICE_TOO_HIGH
2600,20260615,101217,160,9,7,0,0,
2601,20260415,101218,70,2,0,1,1,PRICE_TOO_HIGH
2602,20260504,101218,70,3,4,2,0,
2603,20260611,101218,82,6,1,0,0,
2604,20260404,101219,89,4,2,0,0,
2605,20260605,101219,62,5,1,0,0,
2606,20260611,101219,78,2,1,0,0,
2607,20260615,101219,73,4,2,0,0,
2608,20260605,101220,58,3,4,2,1,PRICE_TOO_HIGH
2609,20260622,101220,64,3,4,3,0,
2610,20260402,101221,39,2,2,0,0,
2611,20260511,101221,30,3,0,0,0,
2612,20260512,101221,36,3,1,1,1,PRICE_TOO_HIGH
2613,20260515,101221,36,0,0,1,0,
2614,20260628,101221,45,1,3,0,0,
2615,20260415,101224,66,4,3,0,0,
2616,20260426,101224,66,1,5,0,0,
2617,20260514,101224,60,4,3,2,0,
2618,20260626,101224,77,4,5,0,0,
2619,20260401,101225,12,1,0,0,0,
2620,20260504,101225,16,0,0,0,0,
2621,20260518,101225,12,0,0,0,0,
2622,20260607,101225,6,1,0,0,0,
2623,20260602,101226,64,3,4,1,1,PRICE_TOO_HIGH
2624,20260604,101226,86,4,3,3,0,
2625,20260501,101227,156,6,5,0,0,
2626,20260504,101227,164,13,3,3,3,PRICE_TOO_HIGH
2627,20260522,101227,155,5,4,2,2,PRICE_TOO_HIGH
2628,20260610,101227,171,7,1,0,0,
2629,20260620,101227,187,10,3,2,1,PRICE_TOO_HIGH
2630,20260410,101228,170,8,4,2,2,PRICE_TOO_HIGH
2631,20260428,101228,166,7,11,3,3,PRICE_TOO_HIGH
2632,20260519,101228,168,10,17,2,1,PRICE_TOO_HIGH
2633,20260405,101229,47,2,2,0,0,
2634,20260409,101229,47,5,0,3,1,PRICE_TOO_HIGH
2635,20260522,101229,42,1,2,0,0,
2636,20260616,101229,45,1,2,1,0,
2637,20260620,101229,32,1,2,0,0,
2638,20260515,101231,79,6,0,0,0,
2639,20260520,101231,74,5,0,1,0,
2640,20260615,101231,73,2,0,0,0,
2641,20260617,101231,76,3,1,0,0,
2642,20260624,101231,95,3,2,0,0,
2643,20260403,101232,276,11,17,4,4,PRICE_TOO_HIGH
2644,20260529,101232,227,18,9,4,4,PRICE_TOO_HIGH
2645,20260617,101232,289,10,12,4,0,
2646,20260412,101234,13,1,1,0,0,
2647,20260413,101234,18,0,0,1,1,PRICE_TOO_HIGH
2648,20260410,101235,74,2,1,0,0,
2649,20260413,101235,76,2,2,2,0,
2650,20260427,101235,77,6,2,1,0,
2651,20260528,101235,79,5,3,1,0,
2652,20260626,101235,86,4,2,0,0,
2653,20260413,101237,76,5,5,0,0,
2654,20260419,101237,97,3,4,1,0,
2655,20260409,101238,102,5,9,2,1,PRICE_TOO_HIGH
2656,20260505,101238,89,6,6,3,0,
2657,20260615,101238,92,3,1,0,0,
2658,20260618,101238,113,5,2,0,0,
2659,20260408,101240,77,3,2,1,1,PRICE_TOO_HIGH
2660,20260413,101240,87,5,1,1,0,
2661,20260417,101240,81,4,2,1,0,
2662,20260607,101240,67,3,2,1,0,
2663,20260407,101241,155,8,6,3,3,PRICE_TOO_HIGH
2664,20260512,101241,134,7,5,1,1,PRICE_TOO_HIGH
2665,20260515,101241,162,10,6,0,0,
2666,20260517,101241,141,7,3,1,1,PRICE_TOO_HIGH
2667,20260626,101241,153,5,8,1,1,PRICE_TOO_HIGH
2668,20260404,101243,131,7,12,3,3,PRICE_TOO_HIGH
2669,20260420,101243,122,2,6,4,4,PRICE_TOO_HIGH
2670,20260421,101243,125,8,5,2,2,PRICE_TOO_HIGH
2671,20260511,101243,144,9,10,2,0,
2672,20260405,101245,195,10,26,3,3,PRICE_TOO_HIGH
2673,20260513,101245,209,10,9,6,5,PRICE_TOO_HIGH
2674,20260429,101246,5,1,0,0,0,
2675,20260522,101246,13,0,0,0,0,
2676,20260608,101246,11,0,0,0,0,
2677,20260624,101246,6,0,1,0,0,
2678,20260418,101247,128,5,2,0,0,
2679,20260425,101247,123,5,5,1,0,
2680,20260604,101247,122,8,5,1,0,
2681,20260628,101247,121,6,2,2,0,
2682,20260414,101249,94,7,8,4,4,PRICE_TOO_HIGH
2683,20260502,101249,88,1,4,1,1,PRICE_TOO_HIGH
2684,20260614,101249,84,5,5,1,1,PRICE_TOO_HIGH
2685,20260618,101249,86,5,8,2,2,PRICE_TOO_HIGH
2686,20260619,101249,87,3,2,5,2,PRICE_TOO_HIGH
2687,20260423,101250,73,3,2,0,0,
2688,20260601,101250,84,3,0,0,0,
2689,20260606,101250,79,3,5,1,1,PRICE_TOO_HIGH
2690,20260614,101250,52,5,0,1,0,
2691,20260411,101252,67,5,2,1,1,PRICE_TOO_HIGH
2692,20260417,101252,65,2,3,0,0,
2693,20260615,101252,60,2,0,1,0,
2694,20260413,101255,96,2,2,1,1,PRICE_TOO_HIGH
2695,20260416,101255,76,3,11,4,4,PRICE_TOO_HIGH
2696,20260602,101255,97,7,7,3,3,PRICE_TOO_HIGH
2697,20260619,101255,83,8,7,3,3,PRICE_TOO_HIGH
2698,20260628,101255,102,2,4,1,0,
2699,20260409,101256,42,2,3,2,0,
2700,20260414,101256,45,3,2,0,0,
2701,20260419,101256,36,0,0,0,0,
2702,20260426,101256,32,3,1,0,0,
2703,20260524,101256,41,1,1,1,0,
2704,20260419,101258,234,13,9,6,6,PRICE_TOO_HIGH
2705,20260504,101258,231,10,16,5,3,PRICE_TOO_HIGH
2706,20260401,101259,59,4,4,0,0,
2707,20260626,101259,41,1,4,0,0,
2708,20260430,101262,3,0,0,0,0,
2709,20260513,101262,4,0,0,0,0,
2710,20260528,101262,8,0,0,0,0,
2711,20260617,101262,4,0,0,0,0,
2712,20260419,101264,279,15,8,6,6,PRICE_TOO_HIGH
2713,20260425,101264,265,11,12,1,1,PRICE_TOO_HIGH
2714,20260505,101264,295,15,10,3,1,PRICE_TOO_HIGH
2715,20260420,101266,363,16,14,10,10,PRICE_TOO_HIGH
2716,20260626,101266,386,21,13,4,2,PRICE_TOO_HIGH
2717,20260503,101267,48,2,7,2,1,PRICE_TOO_HIGH
2718,20260604,101267,53,3,6,1,0,
2719,20260423,101270,214,9,7,4,4,PRICE_TOO_HIGH
2720,20260424,101270,230,14,8,3,3,PRICE_TOO_HIGH
2721,20260614,101270,188,9,4,3,2,PRICE_TOO_HIGH
2722,20260627,101270,197,9,13,2,0,
2723,20260422,101274,0,0,1,0,0,
2724,20260503,101274,2,0,0,0,0,
2725,20260505,101274,0,0,0,0,0,
2726,20260508,101274,2,0,1,0,0,
2727,20260629,101274,1,0,0,1,1,PRICE_TOO_HIGH
2728,20260416,101275,140,9,3,0,0,
2729,20260606,101275,156,5,4,0,0,
2730,20260407,101276,109,4,5,1,0,
2731,20260420,101276,103,5,1,0,0,
2732,20260424,101276,113,7,4,0,0,
2733,20260618,101276,112,5,2,0,0,
2734,20260429,101278,55,1,2,0,0,
2735,20260514,101278,54,4,1,0,0,
2736,20260515,101278,73,2,1,0,0,
2737,20260521,101278,73,2,5,3,0,
2738,20260525,101278,90,8,2,0,0,
2739,20260608,101279,338,22,19,6,6,PRICE_TOO_HIGH
2740,20260613,101279,340,11,20,2,1,PRICE_TOO_HIGH
2741,20260501,101284,201,10,6,2,2,PRICE_TOO_HIGH
2742,20260613,101284,175,11,5,4,4,PRICE_TOO_HIGH
2743,20260614,101284,194,6,3,1,1,PRICE_TOO_HIGH
2744,20260625,101284,199,11,3,1,1,PRICE_TOO_HIGH
2745,20260520,101286,221,11,12,4,4,PRICE_TOO_HIGH
2746,20260622,101286,213,12,15,4,4,PRICE_TOO_HIGH
2747,20260625,101286,216,9,10,3,1,PRICE_TOO_HIGH
2748,20260520,101288,206,10,9,1,1,PRICE_TOO_HIGH
2749,20260603,101288,179,9,3,2,0,
2750,20260501,101290,2,0,0,1,1,PRICE_TOO_HIGH
2751,20260527,101290,1,0,0,0,0,
2752,20260530,101290,2,0,1,0,0,
2753,20260421,101293,122,7,1,2,1,PRICE_TOO_HIGH
2754,20260508,101293,110,6,2,1,0,
2755,20260516,101293,117,4,0,1,0,
2756,20260411,101295,218,9,12,10,10,PRICE_TOO_HIGH
2757,20260419,101295,237,13,14,4,2,PRICE_TOO_HIGH
2758,20260410,101297,101,11,9,0,0,
2759,20260531,101297,106,4,6,3,3,PRICE_TOO_HIGH
2760,20260608,101297,111,1,1,1,1,PRICE_TOO_HIGH
2761,20260615,101297,99,4,7,1,1,PRICE_TOO_HIGH
2762,20260621,101297,101,5,4,3,2,PRICE_TOO_HIGH
2763,20260510,101298,99,6,4,2,1,PRICE_TOO_HIGH
2764,20260512,101298,95,3,4,2,0,
2765,20260517,101298,114,6,5,1,0,
2766,20260408,101299,403,19,17,4,4,PRICE_TOO_HIGH
2767,20260612,101299,382,20,17,4,2,PRICE_TOO_HIGH
2768,20260508,101300,89,3,8,0,0,
2769,20260528,101300,83,5,5,1,0,
2770,20260405,101302,70,3,6,0,0,
2771,20260510,101302,54,3,7,2,0,
2772,20260410,101305,7,0,0,0,0,
2773,20260416,101305,14,0,0,0,0,
2774,20260423,101305,7,1,0,0,0,
2775,20260609,101305,14,1,1,0,0,
2776,20260612,101305,6,0,0,0,0,
2777,20260420,101307,73,2,4,0,0,
2778,20260430,101307,95,8,4,0,0,
2779,20260512,101307,72,2,3,1,0,
2780,20260531,101307,81,2,1,0,0,
2781,20260623,101307,87,6,1,0,0,
2782,20260408,101308,46,1,2,0,0,
2783,20260411,101308,36,2,2,0,0,
2784,20260518,101308,35,2,1,0,0,
2785,20260629,101308,42,2,1,0,0,
2786,20260405,101310,35,1,0,2,0,
2787,20260520,101310,26,2,2,0,0,
2788,20260526,101310,23,0,2,0,0,
2789,20260608,101310,38,3,4,0,0,
2790,20260624,101310,35,1,1,0,0,
2791,20260404,101311,287,9,9,4,4,PRICE_TOO_HIGH
2792,20260414,101311,279,19,12,7,6,PRICE_TOO_HIGH
2793,20260427,101312,383,17,11,4,4,PRICE_TOO_HIGH
2794,20260605,101312,363,20,12,7,4,PRICE_TOO_HIGH
2795,20260429,101313,226,12,5,4,4,PRICE_TOO_HIGH
2796,20260502,101313,224,15,5,1,1,PRICE_TOO_HIGH
2797,20260616,101313,206,11,7,4,4,PRICE_TOO_HIGH
2798,20260618,101313,204,5,6,2,1,PRICE_TOO_HIGH
2799,20260427,101314,13,0,0,0,0,
2800,20260508,101314,9,0,0,1,1,PRICE_TOO_HIGH
2801,20260608,101314,13,2,0,0,0,
2802,20260614,101314,12,0,1,0,0,
2803,20260416,101315,39,1,8,0,0,
2804,20260617,101315,34,2,8,1,0,
2805,20260408,101318,39,3,1,0,0,
2806,20260512,101318,25,2,3,1,0,
2807,20260523,101318,45,2,1,0,0,
2808,20260606,101318,35,0,3,0,0,
2809,20260606,101319,44,3,3,1,0,
2810,20260614,101319,54,3,1,1,0,
2811,20260622,101319,70,2,1,3,0,
2812,20260418,101321,148,9,3,1,0,
2813,20260524,101321,127,7,7,0,0,
2814,20260604,101321,135,4,4,0,0,
2815,20260506,101323,120,5,14,6,6,PRICE_TOO_HIGH
2816,20260515,101323,140,5,13,3,3,PRICE_TOO_HIGH
2817,20260610,101323,140,10,12,5,3,PRICE_TOO_HIGH
2818,20260404,101324,54,2,3,2,1,PRICE_TOO_HIGH
2819,20260626,101324,44,2,2,3,0,
2820,20260406,101325,78,5,4,1,1,PRICE_TOO_HIGH
2821,20260407,101325,88,6,4,3,3,PRICE_TOO_HIGH
2822,20260408,101325,97,4,2,1,1,PRICE_TOO_HIGH
2823,20260427,101325,94,3,10,3,2,PRICE_TOO_HIGH
2824,20260518,101325,89,4,5,2,0,
2825,20260416,101326,99,5,3,1,1,PRICE_TOO_HIGH
2826,20260419,101326,96,5,5,4,4,PRICE_TOO_HIGH
2827,20260510,101326,87,3,7,2,2,PRICE_TOO_HIGH
2828,20260606,101326,80,5,2,3,3,PRICE_TOO_HIGH
2829,20260613,101326,78,4,7,1,0,
2830,20260427,101329,2,0,0,0,0,
2831,20260511,101329,8,1,1,0,0,
2832,20260517,101329,3,0,1,0,0,
2833,20260520,101329,10,0,0,0,0,
2834,20260526,101329,5,0,0,0,0,
2835,20260401,101333,167,5,4,2,2,PRICE_TOO_HIGH
2836,20260421,101333,155,8,6,1,1,PRICE_TOO_HIGH
2837,20260515,101333,155,8,4,0,0,
2838,20260524,101333,152,11,4,2,2,PRICE_TOO_HIGH
2839,20260602,101333,147,6,4,1,0,
2840,20260501,101337,87,4,6,0,0,
2841,20260512,101337,65,2,6,2,1,PRICE_TOO_HIGH
2842,20260615,101337,68,5,6,3,0,
2843,20260428,101338,227,17,11,5,5,PRICE_TOO_HIGH
2844,20260517,101338,228,5,5,3,2,PRICE_TOO_HIGH
2845,20260414,101340,80,5,7,0,0,
2846,20260415,101340,90,2,6,3,3,PRICE_TOO_HIGH
2847,20260507,101340,78,6,6,0,0,
2848,20260527,101340,76,4,3,1,1,PRICE_TOO_HIGH
2849,20260626,101340,83,3,6,2,2,PRICE_TOO_HIGH
2850,20260408,101341,109,6,3,1,0,
2851,20260423,101341,103,2,3,1,0,
2852,20260609,101341,112,8,4,1,0,
2853,20260407,101343,68,5,1,1,0,
2854,20260420,101343,77,2,1,0,0,
2855,20260430,101343,89,4,1,1,0,
2856,20260512,101343,109,6,0,1,0,
2857,20260404,101347,13,1,0,0,0,
2858,20260601,101347,8,0,0,0,0,
2859,20260603,101347,17,0,1,1,1,PRICE_TOO_HIGH
2860,20260413,101348,121,6,8,4,4,PRICE_TOO_HIGH
2861,20260417,101348,113,8,9,2,2,PRICE_TOO_HIGH
2862,20260606,101348,101,5,4,2,2,PRICE_TOO_HIGH
2863,20260622,101348,121,3,9,3,1,PRICE_TOO_HIGH
2864,20260405,101350,127,8,8,3,3,PRICE_TOO_HIGH
2865,20260530,101350,146,7,8,4,4,PRICE_TOO_HIGH
2866,20260531,101350,125,3,8,0,0,
2867,20260601,101350,115,7,6,3,2,PRICE_TOO_HIGH
2868,20260612,101350,116,6,8,3,0,
2869,20260419,101351,105,2,4,4,4,PRICE_TOO_HIGH
2870,20260422,101351,116,4,5,5,5,PRICE_TOO_HIGH
2871,20260527,101351,114,7,5,2,0,
2872,20260628,101351,109,9,6,2,0,
2873,20260429,101352,187,7,5,1,0,
2874,20260605,101352,161,10,9,3,0,
2875,20260404,101353,11,1,0,1,1,PRICE_TOO_HIGH
2876,20260426,101353,11,0,0,0,0,
2877,20260529,101353,10,1,0,0,0,
2878,20260608,101353,15,0,1,0,0,
2879,20260414,101355,80,3,5,1,0,
2880,20260503,101355,65,4,3,0,0,
2881,20260526,101355,73,3,5,0,0,
2882,20260426,101356,61,3,1,1,0,
2883,20260529,101356,57,2,2,3,0,
2884,20260605,101356,51,4,2,0,0,
2885,20260612,101356,54,2,5,0,0,
2886,20260504,101357,141,6,5,0,0,
2887,20260511,101357,122,5,3,1,0,
2888,20260512,101357,116,7,2,0,0,
2889,20260415,101358,78,3,3,1,1,PRICE_TOO_HIGH
2890,20260424,101358,57,1,6,0,0,
2891,20260615,101358,81,6,1,0,0,
2892,20260625,101358,74,4,4,1,0,
2893,20260408,101359,303,9,16,5,5,PRICE_TOO_HIGH
2894,20260603,101359,264,19,18,8,4,PRICE_TOO_HIGH
2895,20260529,101360,31,2,4,1,0,
2896,20260601,101360,38,1,0,1,0,
2897,20260603,101360,32,2,3,0,0,
2898,20260420,101362,29,2,4,0,0,
2899,20260501,101362,24,0,4,2,0,
2900,20260522,101362,21,0,7,0,0,
2901,20260609,101362,22,2,3,1,0,
2902,20260603,101363,171,7,5,0,0,
2903,20260605,101363,155,6,3,1,0,
2904,20260606,101363,167,11,5,1,0,
2905,20260405,101364,237,13,8,4,4,PRICE_TOO_HIGH
2906,20260415,101364,241,8,7,3,3,PRICE_TOO_HIGH
2907,20260627,101364,261,15,17,5,4,PRICE_TOO_HIGH
2908,20260402,101365,111,5,6,3,3,PRICE_TOO_HIGH
2909,20260413,101365,116,5,3,2,2,PRICE_TOO_HIGH
2910,20260425,101365,87,4,0,3,3,PRICE_TOO_HIGH
2911,20260601,101365,91,4,3,3,3,PRICE_TOO_HIGH
2912,20260627,101365,101,7,3,3,2,PRICE_TOO_HIGH
2913,20260424,101370,23,0,0,0,0,
2914,20260509,101370,26,0,4,3,1,PRICE_TOO_HIGH
2915,20260519,101370,24,3,5,0,0,
2916,20260404,101372,14,0,2,0,0,
2917,20260425,101372,6,0,0,0,0,
2918,20260508,101372,7,1,0,0,0,
2919,20260605,101372,8,0,0,0,0,
2920,20260418,101375,104,4,7,3,3,PRICE_TOO_HIGH
2921,20260504,101375,79,4,3,0,0,
2922,20260507,101375,114,6,5,2,2,PRICE_TOO_HIGH
2923,20260606,101375,104,9,5,0,0,
2924,20260617,101375,99,2,9,4,3,PRICE_TOO_HIGH
2925,20260415,101378,119,6,3,5,5,PRICE_TOO_HIGH
2926,20260510,101378,111,5,2,3,3,PRICE_TOO_HIGH
2927,20260606,101378,135,8,3,4,3,PRICE_TOO_HIGH
2928,20260618,101378,143,5,4,0,0,
2929,20260622,101378,142,8,7,2,0,
2930,20260504,101381,177,6,5,0,0,
2931,20260511,101381,176,11,12,2,1,PRICE_TOO_HIGH
2932,20260429,101382,109,5,1,1,0,
2933,20260430,101382,107,6,2,0,0,
2934,20260604,101382,109,5,4,0,0,
2935,20260628,101382,103,5,3,0,0,
2936,20260512,101383,394,21,15,5,5,PRICE_TOO_HIGH
2937,20260526,101383,408,19,12,5,4,PRICE_TOO_HIGH
2938,20260422,101384,14,1,0,1,1,PRICE_TOO_HIGH
2939,20260619,101384,15,0,0,0,0,
2940,20260424,101385,74,4,8,1,0,
2941,20260512,101385,62,2,10,3,0,
2942,20260516,101386,214,11,13,10,10,PRICE_TOO_HIGH
2943,20260609,101386,228,11,16,3,2,PRICE_TOO_HIGH
2944,20260510,101387,259,8,17,0,0,
2945,20260520,101387,262,13,7,5,5,PRICE_TOO_HIGH
2946,20260604,101387,240,17,12,6,5,PRICE_TOO_HIGH
2947,20260602,101388,100,2,5,4,4,PRICE_TOO_HIGH
2948,20260605,101388,100,7,4,1,1,PRICE_TOO_HIGH
2949,20260612,101388,91,3,3,3,3,PRICE_TOO_HIGH
2950,20260624,101388,88,3,5,1,1,PRICE_TOO_HIGH
2951,20260626,101388,82,8,7,2,1,PRICE_TOO_HIGH
2952,20260415,101390,6,0,1,0,0,
2953,20260505,101390,10,0,0,1,1,PRICE_TOO_HIGH
2954,20260514,101390,7,0,0,0,0,
2955,20260627,101390,5,1,1,0,0,
2956,20260407,101393,233,11,7,8,8,PRICE_TOO_HIGH
2957,20260505,101393,246,11,7,1,1,PRICE_TOO_HIGH
2958,20260601,101393,244,14,4,5,1,PRICE_TOO_HIGH
2959,20260422,101394,168,10,7,2,2,PRICE_TOO_HIGH
2960,20260506,101394,165,9,14,0,0,
2961,20260530,101394,167,8,3,1,1,PRICE_TOO_HIGH
2962,20260602,101394,174,6,12,4,4,PRICE_TOO_HIGH
2963,20260420,101398,275,16,14,5,5,PRICE_TOO_HIGH
2964,20260429,101398,305,11,13,4,4,PRICE_TOO_HIGH
2965,20260622,101398,292,16,9,3,1,PRICE_TOO_HIGH
2966,20260401,101399,5,0,0,1,1,PRICE_TOO_HIGH
2967,20260529,101399,3,0,0,0,0,
2968,20260410,101401,113,3,6,0,0,
2969,20260415,101401,116,8,6,1,0,
2970,20260514,101401,114,6,5,0,0,
2971,20260404,101402,103,5,2,0,0,
2972,20260414,101402,119,8,4,3,3,PRICE_TOO_HIGH
2973,20260419,101402,109,6,6,2,2,PRICE_TOO_HIGH
2974,20260425,101402,113,4,4,0,0,
2975,20260514,101402,104,4,2,1,1,PRICE_TOO_HIGH
2976,20260517,101403,258,13,5,3,3,PRICE_TOO_HIGH
2977,20260610,101403,240,13,12,3,3,PRICE_TOO_HIGH
2978,20260626,101403,257,11,8,2,0,
2979,20260404,101405,196,7,9,2,2,PRICE_TOO_HIGH
2980,20260417,101405,204,8,9,2,2,PRICE_TOO_HIGH
2981,20260626,101405,183,14,7,4,3,PRICE_TOO_HIGH
2982,20260419,101406,13,0,1,0,0,
2983,20260522,101406,15,1,0,0,0,
2984,20260414,101409,47,2,4,0,0,
2985,20260606,101409,51,0,3,1,0,
2986,20260613,101409,43,4,6,0,0,
2987,20260624,101409,47,3,5,0,0,
2988,20260403,101410,140,5,10,2,2,PRICE_TOO_HIGH
2989,20260426,101410,128,11,10,4,4,PRICE_TOO_HIGH
2990,20260503,101410,133,5,8,2,2,PRICE_TOO_HIGH
2991,20260524,101410,136,5,11,1,0,
2992,20260505,101411,45,1,1,0,0,
2993,20260506,101411,33,2,4,0,0,
2994,20260511,101411,34,1,2,0,0,
2995,20260516,101411,29,2,3,1,0,
2996,20260627,101411,33,2,2,0,0,
2997,20260409,101413,167,8,5,3,1,PRICE_TOO_HIGH
2998,20260410,101413,157,9,3,1,0,
2999,20260614,101413,161,7,5,1,0,
3000,20260427,101416,127,4,4,0,0,
3001,20260506,101416,114,8,8,2,2,PRICE_TOO_HIGH
3002,20260512,101416,107,6,6,1,1,PRICE_TOO_HIGH
3003,20260515,101416,114,7,6,2,2,PRICE_TOO_HIGH
3004,20260619,101416,127,4,8,1,1,PRICE_TOO_HIGH
3005,20260423,101419,123,4,5,1,0,
3006,20260528,101419,134,9,8,1,0,
3007,20260612,101419,109,5,4,3,0,
3008,20260413,101421,393,19,15,6,6,PRICE_TOO_HIGH
3009,20260512,101421,371,19,12,6,4,PRICE_TOO_HIGH
3010,20260415,101422,10,1,0,0,0,
3011,20260518,101422,12,0,0,0,0,
3012,20260523,101422,12,0,0,0,0,
3013,20260602,101422,7,1,0,0,0,
3014,20260403,101423,407,21,8,6,6,PRICE_TOO_HIGH
3015,20260514,101423,418,20,7,6,5,PRICE_TOO_HIGH
3016,20260405,101424,134,8,9,2,2,PRICE_TOO_HIGH
3017,20260413,101424,107,5,10,5,5,PRICE_TOO_HIGH
3018,20260623,101424,130,4,6,1,1,PRICE_TOO_HIGH
3019,20260627,101424,122,7,9,2,0,
3020,20260417,101426,112,3,0,2,1,PRICE_TOO_HIGH
3021,20260422,101426,108,6,3,0,0,
3022,20260516,101426,100,7,3,0,0,
3023,20260408,101427,444,17,11,10,10,PRICE_TOO_HIGH
3024,20260620,101427,440,27,19,3,2,PRICE_TOO_HIGH
3025,20260407,101429,6,0,0,0,0,
3026,20260502,101429,10,1,0,0,0,
3027,20260504,101429,9,0,0,0,0,
3028,20260625,101429,10,1,0,0,0,
3029,20260629,101429,8,0,0,0,0,
3030,20260430,101431,250,14,13,6,6,PRICE_TOO_HIGH
3031,20260606,101431,223,11,13,2,2,PRICE_TOO_HIGH
3032,20260623,101431,274,12,10,4,2,PRICE_TOO_HIGH
3033,20260422,101432,9,0,5,0,0,
3034,20260423,101432,15,0,0,0,0,
3035,20260505,101432,14,0,0,0,0,
3036,20260521,101432,18,2,2,0,0,
3037,20260615,101432,9,1,1,1,0,
3038,20260419,101435,86,1,2,0,0,
3039,20260421,101435,79,4,2,1,1,PRICE_TOO_HIGH
3040,20260611,101435,85,6,1,1,0,
3041,20260620,101435,74,5,2,0,0,
3042,20260429,101437,281,11,8,6,6,PRICE_TOO_HIGH
3043,20260520,101437,269,18,8,3,3,PRICE_TOO_HIGH
3044,20260629,101437,321,14,16,4,2,PRICE_TOO_HIGH
3045,20260420,101438,93,5,2,1,0,
3046,20260428,101438,95,3,2,0,0,
3047,20260506,101438,72,5,4,2,0,
3048,20260628,101438,92,4,2,0,0,
3049,20260430,101440,27,0,1,1,1,PRICE_TOO_HIGH
3050,20260510,101440,23,0,5,1,0,
3051,20260610,101440,24,4,3,0,0,
3052,20260622,101440,14,1,1,1,0,
3053,20260627,101440,25,0,2,0,0,
3054,20260430,101441,355,18,12,7,7,PRICE_TOO_HIGH
3055,20260604,101441,369,18,20,7,5,PRICE_TOO_HIGH
3056,20260408,101442,232,9,7,3,3,PRICE_TOO_HIGH
3057,20260421,101442,203,9,8,4,4,PRICE_TOO_HIGH
3058,20260501,101442,212,8,5,4,3,PRICE_TOO_HIGH
3059,20260502,101442,203,16,10,2,0,
3060,20260511,101443,191,11,9,3,3,PRICE_TOO_HIGH
3061,20260518,101443,182,8,16,1,1,PRICE_TOO_HIGH
3062,20260519,101443,224,10,13,3,2,PRICE_TOO_HIGH
3063,20260407,101444,177,8,9,0,0,
3064,20260424,101444,172,10,7,2,2,PRICE_TOO_HIGH
3065,20260430,101444,190,7,9,2,2,PRICE_TOO_HIGH
3066,20260502,101444,165,9,6,1,1,PRICE_TOO_HIGH
3067,20260526,101444,152,8,6,2,1,PRICE_TOO_HIGH
3068,20260506,101445,378,15,18,4,4,PRICE_TOO_HIGH
3069,20260614,101445,327,20,15,4,4,PRICE_TOO_HIGH
3070,20260421,101446,94,2,4,0,0,
3071,20260507,101446,89,5,1,0,0,
3072,20260531,101446,77,8,6,1,1,PRICE_TOO_HIGH
3073,20260611,101446,81,4,5,4,4,PRICE_TOO_HIGH
3074,20260619,101446,80,2,7,2,1,PRICE_TOO_HIGH
3075,20260615,101447,396,21,11,4,4,PRICE_TOO_HIGH
3076,20260620,101447,313,14,11,8,6,PRICE_TOO_HIGH
3077,20260405,101448,222,11,13,2,2,PRICE_TOO_HIGH
3078,20260601,101448,216,10,7,1,1,PRICE_TOO_HIGH
3079,20260602,101448,220,11,4,3,3,PRICE_TOO_HIGH
3080,20260624,101448,203,11,14,1,0,
3081,20260409,101449,246,12,19,5,5,PRICE_TOO_HIGH
3082,20260618,101449,250,12,15,6,4,PRICE_TOO_HIGH
3083,20260523,101450,171,6,8,1,1,PRICE_TOO_HIGH
3084,20260530,101450,134,13,9,1,1,PRICE_TOO_HIGH
3085,20260617,101450,159,6,7,4,4,PRICE_TOO_HIGH
3086,20260626,101450,167,3,8,2,1,PRICE_TOO_HIGH
3087,20260627,101450,132,10,7,0,0,
3088,20260401,101451,208,5,14,8,8,PRICE_TOO_HIGH
3089,20260602,101451,216,10,11,1,1,PRICE_TOO_HIGH
3090,20260603,101451,220,18,8,1,1,PRICE_TOO_HIGH
3091,20260613,101451,209,9,6,4,1,PRICE_TOO_HIGH
3092,20260403,101452,82,4,4,1,1,PRICE_TOO_HIGH
3093,20260411,101452,76,4,8,3,3,PRICE_TOO_HIGH
3094,20260424,101452,87,4,4,0,0,
3095,20260609,101452,58,5,4,3,2,PRICE_TOO_HIGH
3096,20260625,101452,98,3,5,1,0,
3097,20260402,101453,95,3,3,3,3,PRICE_TOO_HIGH
3098,20260404,101453,81,6,5,0,0,
3099,20260405,101453,99,7,7,3,3,PRICE_TOO_HIGH
3100,20260525,101453,87,3,6,1,0,
3101,20260531,101453,95,3,3,0,0,
3102,20260404,101454,208,15,10,3,3,PRICE_TOO_HIGH
3103,20260414,101454,211,9,7,2,2,PRICE_TOO_HIGH
3104,20260620,101454,237,8,11,4,2,PRICE_TOO_HIGH
3105,20260427,101455,201,13,8,4,4,PRICE_TOO_HIGH
3106,20260506,101455,180,5,12,5,5,PRICE_TOO_HIGH
3107,20260513,101455,196,10,8,2,0,
3108,20260424,101456,102,5,11,1,1,PRICE_TOO_HIGH
3109,20260427,101456,106,5,8,1,1,PRICE_TOO_HIGH
3110,20260523,101456,106,5,9,4,4,PRICE_TOO_HIGH
3111,20260609,101456,114,5,8,0,0,
3112,20260618,101456,112,7,3,2,1,PRICE_TOO_HIGH
3113,20260415,101457,113,7,4,2,2,PRICE_TOO_HIGH
3114,20260421,101457,113,2,7,8,8,PRICE_TOO_HIGH
3115,20260426,101457,106,9,2,1,1,PRICE_TOO_HIGH
3116,20260522,101457,118,4,6,2,0,
3117,20260416,101458,409,25,11,3,3,PRICE_TOO_HIGH
3118,20260617,101458,471,19,12,3,2,PRICE_TOO_HIGH
3119,20260409,101459,372,21,12,8,8,PRICE_TOO_HIGH
3120,20260525,101459,345,14,15,4,2,PRICE_TOO_HIGH
3121,20260404,101460,261,9,9,4,4,PRICE_TOO_HIGH
3122,20260409,101460,271,12,9,4,3,PRICE_TOO_HIGH
3123,20260429,101460,255,18,10,0,0,
3124,20260408,101461,211,9,6,2,2,PRICE_TOO_HIGH
3125,20260412,101461,205,10,6,1,1,PRICE_TOO_HIGH
3126,20260425,101461,194,14,0,2,2,PRICE_TOO_HIGH
3127,20260508,101461,221,8,7,1,0,
3128,20260524,101462,274,11,13,3,3,PRICE_TOO_HIGH
3129,20260606,101462,287,14,13,4,4,PRICE_TOO_HIGH
3130,20260622,101462,272,16,8,2,0,
3131,20260419,101463,110,2,6,3,3,PRICE_TOO_HIGH
3132,20260420,101463,118,9,8,2,2,PRICE_TOO_HIGH
3133,20260601,101463,98,3,8,1,1,PRICE_TOO_HIGH
3134,20260610,101463,119,4,8,2,2,PRICE_TOO_HIGH
3135,20260618,101463,111,9,7,3,1,PRICE_TOO_HIGH
3136,20260524,101464,177,14,15,5,5,PRICE_TOO_HIGH
3137,20260525,101464,203,7,12,2,2,PRICE_TOO_HIGH
3138,20260614,101464,195,7,12,3,1,PRICE_TOO_HIGH
3139,20260402,101465,196,8,9,0,0,
3140,20260511,101465,219,13,3,2,2,PRICE_TOO_HIGH
3141,20260529,101465,208,12,7,1,1,PRICE_TOO_HIGH
3142,20260616,101465,232,9,4,3,3,PRICE_TOO_HIGH
3143,20260408,101466,177,9,5,1,1,PRICE_TOO_HIGH
3144,20260510,101466,204,9,5,5,5,PRICE_TOO_HIGH
3145,20260617,101466,201,14,5,3,3,PRICE_TOO_HIGH
3146,20260622,101466,223,8,6,5,1,PRICE_TOO_HIGH
3147,20260420,101467,245,12,13,3,3,PRICE_TOO_HIGH
3148,20260507,101467,259,13,20,3,3,PRICE_TOO_HIGH
3149,20260512,101468,99,5,3,4,4,PRICE_TOO_HIGH
3150,20260516,101468,105,2,3,2,2,PRICE_TOO_HIGH
3151,20260521,101468,107,7,4,2,2,PRICE_TOO_HIGH
3152,20260601,101468,77,3,4,3,3,PRICE_TOO_HIGH
3153,20260624,101468,91,6,2,2,1,PRICE_TOO_HIGH
3154,20260417,101469,268,19,9,5,5,PRICE_TOO_HIGH
3155,20260507,101469,271,7,15,9,7,PRICE_TOO_HIGH
3156,20260521,101470,277,17,8,8,6,PRICE_TOO_HIGH
3157,20260531,101470,291,11,7,0,0,
3158,20260425,101471,179,7,6,2,2,PRICE_TOO_HIGH
3159,20260426,101471,156,7,8,0,0,
3160,20260428,101471,158,15,4,0,0,
3161,20260520,101471,170,2,6,3,3,PRICE_TOO_HIGH
3162,20260628,101471,175,10,5,2,2,PRICE_TOO_HIGH
3163,20260420,101472,12,0,1,1,1,PRICE_TOO_HIGH
3164,20260530,101472,15,1,0,0,0,
3165,20260426,101474,147,4,9,5,5,PRICE_TOO_HIGH
3166,20260621,101474,143,12,9,1,1,PRICE_TOO_HIGH
3167,20260626,101474,165,6,10,5,4,PRICE_TOO_HIGH
3168,20260524,101475,225,12,7,2,2,PRICE_TOO_HIGH
3169,20260619,101475,232,12,6,1,1,PRICE_TOO_HIGH
3170,20260629,101475,240,10,12,4,3,PRICE_TOO_HIGH
3171,20260404,101478,38,3,3,1,0,
3172,20260426,101478,60,3,1,0,0,
3173,20260428,101478,63,3,3,1,0,
3174,20260508,101478,67,2,1,0,0,
3175,20260626,101478,47,2,3,3,0,
3176,20260406,101479,108,2,0,0,0,
3177,20260511,101479,78,8,2,0,0,
3178,20260526,101479,85,5,1,1,0,
3179,20260619,101479,78,2,2,0,0,
3180,20260404,101480,89,4,2,1,1,PRICE_TOO_HIGH
3181,20260411,101480,85,7,4,1,0,
3182,20260525,101480,89,3,3,1,0,
3183,20260614,101480,91,4,3,0,0,
3184,20260626,101480,77,3,4,0,0,
3185,20260421,101481,31,1,2,3,0,
3186,20260627,101481,32,2,5,0,0,
3187,20260401,101483,220,9,5,3,3,PRICE_TOO_HIGH
3188,20260421,101483,201,13,10,3,2,PRICE_TOO_HIGH
3189,20260602,101483,181,12,9,0,0,
3190,20260610,101483,199,6,7,1,0,
3191,20260415,101484,9,1,0,0,0,
3192,20260419,101484,2,0,0,0,0,
3193,20260506,101484,10,0,1,0,0,
3194,20260614,101484,8,0,0,0,0,
3195,20260415,101485,150,10,7,4,4,PRICE_TOO_HIGH
3196,20260424,101485,155,8,3,2,2,PRICE_TOO_HIGH
3197,20260511,101485,143,4,6,2,2,PRICE_TOO_HIGH
3198,20260525,101485,141,7,4,6,4,PRICE_TOO_HIGH
3199,20260403,101487,98,5,4,1,1,PRICE_TOO_HIGH
3200,20260531,101487,95,4,4,0,0,
3201,20260605,101487,80,4,3,2,2,PRICE_TOO_HIGH
3202,20260610,101487,101,6,5,1,1,PRICE_TOO_HIGH
3203,20260629,101487,99,4,5,2,1,PRICE_TOO_HIGH
3204,20260424,101490,113,6,2,3,3,PRICE_TOO_HIGH
3205,20260427,101490,122,2,3,0,0,
3206,20260429,101490,134,4,4,2,2,PRICE_TOO_HIGH
3207,20260502,101490,128,9,3,1,1,PRICE_TOO_HIGH
3208,20260612,101490,118,9,5,3,2,PRICE_TOO_HIGH
3209,20260621,101491,99,4,4,1,0,
3210,20260622,101491,125,7,1,0,0,
3211,20260406,101494,4,1,0,0,0,
3212,20260520,101494,6,0,1,0,0,
3213,20260527,101494,5,0,0,0,0,
3214,20260613,101494,4,0,0,0,0,
3215,20260619,101494,5,0,0,0,0,
3216,20260412,101496,105,7,9,1,1,PRICE_TOO_HIGH
3217,20260520,101496,112,5,6,4,4,PRICE_TOO_HIGH
3218,20260523,101496,122,4,7,1,1,PRICE_TOO_HIGH
3219,20260601,101496,123,5,11,1,1,PRICE_TOO_HIGH
3220,20260624,101496,98,7,4,3,0,
3221,20260416,101497,135,9,4,4,4,PRICE_TOO_HIGH
3222,20260520,101497,163,8,4,4,4,PRICE_TOO_HIGH
3223,20260607,101497,138,3,7,2,2,PRICE_TOO_HIGH
3224,20260613,101497,126,8,9,3,2,PRICE_TOO_HIGH
3225,20260423,101500,34,3,5,3,1,PRICE_TOO_HIGH
3226,20260609,101500,35,0,1,0,0,
3227,20260513,101501,210,12,7,7,7,PRICE_TOO_HIGH
3228,20260616,101501,255,11,13,7,4,PRICE_TOO_HIGH
3229,20260411,101502,84,9,2,0,0,
3230,20260514,101502,100,1,1,0,0,
3231,20260523,101502,87,2,1,1,0,
3232,20260613,101502,87,5,1,0,0,
3233,20260622,101502,90,5,2,1,0,
3234,20260522,101503,6,0,1,0,0,
3235,20260614,101503,1,0,1,0,0,
3236,20260623,101503,2,0,0,1,1,PRICE_TOO_HIGH
3237,20260422,101505,124,7,2,0,0,
3238,20260426,101505,114,6,2,1,0,
3239,20260616,101505,126,8,2,0,0,
3240,20260623,101505,126,3,1,0,0,
3241,20260524,101507,163,10,0,0,0,
3242,20260627,101507,172,6,3,0,0,
3243,20260411,101508,284,17,12,3,3,PRICE_TOO_HIGH
3244,20260513,101508,293,12,5,1,1,PRICE_TOO_HIGH
3245,20260618,101508,279,13,6,3,2,PRICE_TOO_HIGH
3246,20260506,101509,426,25,14,5,5,PRICE_TOO_HIGH
3247,20260515,101509,432,17,17,3,2,PRICE_TOO_HIGH
3248,20260404,101514,85,1,2,0,0,
3249,20260512,101514,88,6,6,0,0,
3250,20260520,101514,82,4,5,0,0,
3251,20260610,101514,94,4,3,1,0,
3252,20260621,101514,78,6,0,0,0,
3253,20260602,101515,255,14,17,5,5,PRICE_TOO_HIGH
3254,20260611,101515,242,10,18,8,6,PRICE_TOO_HIGH
3255,20260404,101516,57,2,1,0,0,
3256,20260430,101516,37,3,1,0,0,
3257,20260511,101516,55,1,5,1,1,PRICE_TOO_HIGH
3258,20260530,101516,43,4,2,0,0,
3259,20260626,101516,54,2,1,1,0,
3260,20260408,101517,17,0,0,0,0,
3261,20260504,101517,12,1,1,1,1,PRICE_TOO_HIGH
3262,20260406,101520,144,6,5,1,1,PRICE_TOO_HIGH
3263,20260411,101520,143,7,8,6,6,PRICE_TOO_HIGH
3264,20260603,101520,139,6,5,5,3,PRICE_TOO_HIGH
3265,20260605,101520,141,2,6,1,0,
3266,20260615,101520,153,15,4,0,0,
3267,20260418,101524,59,2,3,1,1,PRICE_TOO_HIGH
3268,20260603,101524,60,3,4,0,0,
3269,20260609,101524,58,3,3,2,0,
3270,20260405,101525,443,23,11,4,4,PRICE_TOO_HIGH
3271,20260529,101525,448,21,10,7,6,PRICE_TOO_HIGH
3272,20260501,101526,78,4,3,0,0,
3273,20260603,101526,72,3,2,0,0,
3274,20260404,101530,46,3,3,2,1,PRICE_TOO_HIGH
3275,20260531,101530,51,1,6,0,0,
3276,20260618,101530,55,3,5,2,0,
3277,20260409,101532,155,6,7,1,1,PRICE_TOO_HIGH
3278,20260420,101532,155,6,6,4,4,PRICE_TOO_HIGH
3279,20260527,101532,149,9,3,1,1,PRICE_TOO_HIGH
3280,20260621,101532,148,6,2,4,4,PRICE_TOO_HIGH
3281,20260627,101532,155,11,6,2,0,
3282,20260403,101533,9,0,0,0,0,
3283,20260502,101533,6,0,0,1,1,PRICE_TOO_HIGH
3284,20260507,101533,6,0,0,0,0,
3285,20260617,101533,14,1,0,0,0,
3286,20260406,101535,112,5,3,4,4,PRICE_TOO_HIGH
3287,20260408,101535,102,7,4,3,3,PRICE_TOO_HIGH
3288,20260421,101535,100,8,2,2,2,PRICE_TOO_HIGH
3289,20260502,101535,121,4,3,3,3,PRICE_TOO_HIGH
3290,20260625,101535,100,2,3,2,0,
3291,20260514,101538,154,4,8,3,3,PRICE_TOO_HIGH
3292,20260528,101538,159,6,7,2,2,PRICE_TOO_HIGH
3293,20260615,101538,170,10,9,3,3,PRICE_TOO_HIGH
3294,20260628,101538,148,11,7,4,2,PRICE_TOO_HIGH
3295,20260519,101541,183,13,4,1,1,PRICE_TOO_HIGH
3296,20260522,101541,181,8,6,3,3,PRICE_TOO_HIGH
3297,20260616,101541,179,8,4,1,1,PRICE_TOO_HIGH
3298,20260627,101541,173,6,9,6,3,PRICE_TOO_HIGH
3299,20260413,101544,13,0,1,0,0,
3300,20260504,101544,20,1,0,0,0,
3301,20260405,101546,182,10,6,1,1,PRICE_TOO_HIGH
3302,20260508,101546,193,11,5,2,2,PRICE_TOO_HIGH
3303,20260522,101546,204,6,4,2,2,PRICE_TOO_HIGH
3304,20260620,101546,195,11,4,1,0,
3305,20260416,101549,306,10,9,2,2,PRICE_TOO_HIGH
3306,20260503,101549,282,14,5,2,2,PRICE_TOO_HIGH
3307,20260531,101549,263,18,10,2,2,PRICE_TOO_HIGH
3308,20260418,101551,200,8,8,3,3,PRICE_TOO_HIGH
3309,20260428,101551,187,14,12,2,2,PRICE_TOO_HIGH
3310,20260513,101551,222,9,6,3,3,PRICE_TOO_HIGH
3311,20260520,101551,215,10,6,1,0,
3312,20260505,101553,148,8,6,1,1,PRICE_TOO_HIGH
3313,20260530,101553,167,7,11,2,0,
3314,20260512,101554,6,0,0,0,0,
3315,20260527,101554,9,0,0,1,1,PRICE_TOO_HIGH
3316,20260528,101554,7,1,0,0,0,
3317,20260401,101556,239,11,16,7,7,PRICE_TOO_HIGH
3318,20260413,101556,238,12,19,6,5,PRICE_TOO_HIGH
3319,20260410,101557,133,3,3,2,1,PRICE_TOO_HIGH
3320,20260425,101557,164,10,1,1,0,
3321,20260601,101557,158,9,4,1,0,
3322,20260602,101564,85,4,6,1,1,PRICE_TOO_HIGH
3323,20260613,101564,84,3,3,1,0,
3324,20260623,101564,78,5,4,3,0,
3325,20260501,101566,268,10,12,6,6,PRICE_TOO_HIGH
3326,20260513,101566,273,17,14,3,0,
3327,20260602,101567,189,9,8,2,2,PRICE_TOO_HIGH
3328,20260617,101567,167,12,4,2,2,PRICE_TOO_HIGH
3329,20260618,101567,182,7,4,2,2,PRICE_TOO_HIGH
3330,20260619,101567,159,6,7,2,1,PRICE_TOO_HIGH
3331,20260419,101569,122,8,2,1,1,PRICE_TOO_HIGH
3332,20260511,101569,121,6,5,0,0,
3333,20260610,101569,125,6,3,2,0,
3334,20260619,101569,127,4,3,0,0,
3335,20260606,101571,11,0,1,0,0,
3336,20260617,101571,4,0,0,1,1,PRICE_TOO_HIGH
3337,20260624,101571,1,0,0,0,0,
3338,20260501,101572,81,2,5,3,0,
3339,20260517,101572,91,6,5,1,0,
3340,20260425,101575,103,7,4,1,0,
3341,20260625,101575,119,4,10,0,0,
3342,20260415,101576,25,0,1,0,0,
3343,20260509,101576,26,0,3,0,0,
3344,20260510,101576,22,3,2,1,0,
3345,20260515,101576,25,2,0,0,0,
3346,20260520,101576,22,1,1,0,0,
3347,20260403,101577,206,8,7,2,2,PRICE_TOO_HIGH
3348,20260421,101577,211,18,7,1,1,PRICE_TOO_HIGH
3349,20260422,101577,224,9,7,5,5,PRICE_TOO_HIGH
3350,20260514,101577,208,7,5,1,0,
3351,20260417,101578,10,0,2,0,0,
3352,20260504,101578,17,0,2,0,0,
3353,20260608,101578,13,1,3,0,0,
3354,20260613,101578,10,1,1,0,0,
3355,20260519,101579,84,6,6,0,0,
3356,20260611,101579,74,1,4,0,0,
3357,20260421,101580,298,13,11,4,4,PRICE_TOO_HIGH
3358,20260424,101580,299,14,11,3,3,PRICE_TOO_HIGH
3359,20260617,101580,256,15,8,3,0,
3360,20260403,101582,228,8,8,3,3,PRICE_TOO_HIGH
3361,20260504,101582,234,11,12,3,3,PRICE_TOO_HIGH
3362,20260611,101582,250,16,6,5,3,PRICE_TOO_HIGH
3363,20260525,101583,6,0,1,0,0,
3364,20260609,101583,2,0,0,0,0,
3365,20260627,101583,3,0,1,0,0,
3366,20260628,101583,7,0,0,0,0,
3367,20260401,101584,248,12,18,8,7,PRICE_TOO_HIGH
3368,20260615,101584,275,14,13,1,0,
3369,20260506,101586,155,8,7,2,2,PRICE_TOO_HIGH
3370,20260518,101586,147,5,6,0,0,
3371,20260605,101586,149,9,11,4,4,PRICE_TOO_HIGH
3372,20260412,101587,132,7,8,5,5,PRICE_TOO_HIGH
3373,20260511,101587,139,10,4,5,5,PRICE_TOO_HIGH
3374,20260527,101587,133,3,6,3,0,
3375,20260420,101590,147,6,1,1,0,
3376,20260504,101590,112,6,1,1,0,
3377,20260620,101590,114,7,3,0,0,
3378,20260626,101590,108,5,2,0,0,
3379,20260405,101591,16,0,1,0,0,
3380,20260426,101591,14,1,0,0,0,
3381,20260511,101591,7,0,0,1,1,PRICE_TOO_HIGH
3382,20260405,101592,127,3,7,3,3,PRICE_TOO_HIGH
3383,20260421,101592,167,3,4,6,6,PRICE_TOO_HIGH
3384,20260429,101592,149,8,5,3,1,PRICE_TOO_HIGH
3385,20260508,101592,160,16,9,1,0,
3386,20260419,101594,209,14,18,5,5,PRICE_TOO_HIGH
3387,20260503,101594,194,6,8,3,2,PRICE_TOO_HIGH
3388,20260406,101596,28,2,1,0,0,
3389,20260418,101596,41,0,2,0,0,
3390,20260501,101596,34,3,1,0,0,
3391,20260422,101598,85,6,3,0,0,
3392,20260608,101598,97,6,3,0,0,
3393,20260613,101598,85,1,0,2,0,
3394,20260513,101599,401,18,13,2,2,PRICE_TOO_HIGH
3395,20260620,101599,394,21,12,10,7,PRICE_TOO_HIGH
3396,20260403,101601,7,0,1,0,0,
3397,20260414,101601,10,0,0,1,1,PRICE_TOO_HIGH
3398,20260514,101601,16,0,0,0,0,
3399,20260519,101601,6,1,1,0,0,
3400,20260520,101603,111,4,10,1,1,PRICE_TOO_HIGH
3401,20260521,101603,122,3,7,2,2,PRICE_TOO_HIGH
3402,20260604,101603,142,4,5,2,2,PRICE_TOO_HIGH
3403,20260609,101603,111,9,7,3,3,PRICE_TOO_HIGH
3404,20260610,101603,130,10,6,2,0,
3405,20260413,101605,205,7,12,5,5,PRICE_TOO_HIGH
3406,20260519,101605,211,8,9,3,3,PRICE_TOO_HIGH
3407,20260520,101605,195,15,15,6,5,PRICE_TOO_HIGH
3408,20260415,101609,100,4,8,0,0,
3409,20260516,101609,83,5,1,1,0,
3410,20260610,101609,113,5,8,1,0,
3411,20260525,101611,266,10,10,3,3,PRICE_TOO_HIGH
3412,20260622,101611,292,19,9,4,4,PRICE_TOO_HIGH
3413,20260628,101611,332,15,11,4,2,PRICE_TOO_HIGH
3414,20260402,101612,40,2,3,0,0,
3415,20260424,101612,35,1,0,1,0,
3416,20260514,101612,38,1,2,1,0,
3417,20260616,101612,45,3,3,0,0,
3418,20260403,101614,13,1,0,0,0,
3419,20260511,101614,17,1,0,0,0,
3420,20260530,101614,12,0,0,0,0,
3421,20260510,101615,39,3,9,3,0,
3422,20260512,101615,43,1,9,1,0,
3423,20260502,101616,175,12,8,3,3,PRICE_TOO_HIGH
3424,20260608,101616,175,6,6,2,2,PRICE_TOO_HIGH
3425,20260610,101616,165,7,4,9,6,PRICE_TOO_HIGH
3426,20260516,101618,77,2,8,3,1,PRICE_TOO_HIGH
3427,20260601,101618,76,5,11,2,0,
3428,20260401,101621,206,10,3,6,6,PRICE_TOO_HIGH
3429,20260526,101621,181,14,3,4,4,PRICE_TOO_HIGH
3430,20260602,101621,203,5,15,2,1,PRICE_TOO_HIGH
3431,20260405,101623,9,1,2,0,0,
3432,20260526,101623,15,1,1,1,0,
3433,20260527,101623,15,0,1,0,0,
3434,20260623,101623,15,0,2,0,0,
3435,20260602,101626,199,6,5,5,5,PRICE_TOO_HIGH
3436,20260606,101626,213,14,8,4,4,PRICE_TOO_HIGH
3437,20260608,101626,190,10,7,4,3,PRICE_TOO_HIGH
3438,20260406,101627,29,1,2,0,0,
3439,20260519,101627,41,4,2,0,0,
3440,20260523,101627,35,2,2,0,0,
3441,20260601,101627,46,2,2,1,0,
3442,20260609,101627,35,0,2,2,0,
3443,20260414,101629,12,0,0,0,0,
3444,20260516,101629,9,0,0,0,0,
3445,20260605,101629,6,1,0,0,0,
3446,20260618,101629,14,1,0,0,0,
3447,20260513,101631,141,9,7,0,0,
3448,20260622,101631,186,7,3,1,0,
3449,20260429,101633,71,3,3,1,0,
3450,20260510,101633,63,4,0,0,0,
3451,20260518,101633,66,5,3,0,0,
3452,20260602,101633,81,4,0,0,0,
3453,20260618,101633,61,1,3,0,0,
3454,20260421,101636,170,7,4,0,0,
3455,20260512,101636,165,1,4,2,2,PRICE_TOO_HIGH
3456,20260522,101636,143,12,5,2,2,PRICE_TOO_HIGH
3457,20260528,101636,185,13,10,3,2,PRICE_TOO_HIGH
3458,20260504,101638,194,13,12,7,7,PRICE_TOO_HIGH
3459,20260506,101638,231,8,16,6,5,PRICE_TOO_HIGH
3460,20260513,101639,188,8,1,4,4,PRICE_TOO_HIGH
3461,20260522,101639,198,13,4,4,4,PRICE_TOO_HIGH
3462,20260607,101639,165,9,3,4,3,PRICE_TOO_HIGH
3463,20260620,101639,162,5,7,2,0,
3464,20260407,101640,4,0,0,0,0,
3465,20260422,101640,4,0,0,0,0,
3466,20260605,101640,1,0,0,1,1,PRICE_TOO_HIGH
3467,20260424,101644,193,8,8,1,1,PRICE_TOO_HIGH
3468,20260606,101644,178,8,5,5,4,PRICE_TOO_HIGH
3469,20260610,101644,173,11,6,0,0,
3470,20260602,101645,67,4,2,0,0,
3471,20260608,101645,68,2,4,3,0,
3472,20260610,101645,70,4,4,2,0,
3473,20260506,101646,172,6,5,0,0,
3474,20260610,101646,179,10,5,2,2,PRICE_TOO_HIGH
3475,20260611,101646,182,8,2,3,3,PRICE_TOO_HIGH
3476,20260612,101646,183,9,2,0,0,
3477,20260622,101646,181,11,2,1,1,PRICE_TOO_HIGH
3478,20260524,101649,35,2,3,0,0,
3479,20260612,101649,40,1,4,0,0,
3480,20260401,101651,239,13,11,3,3,PRICE_TOO_HIGH
3481,20260417,101651,220,11,3,2,2,PRICE_TOO_HIGH
3482,20260430,101651,210,7,6,0,0,
3483,20260624,101651,205,12,8,7,6,PRICE_TOO_HIGH
3484,20260411,101653,0,0,0,0,0,
3485,20260429,101653,4,0,0,0,0,
3486,20260502,101653,4,0,0,0,0,
3487,20260530,101653,4,0,0,0,0,
3488,20260613,101653,3,0,0,0,0,
3489,20260407,101656,25,2,5,1,1,PRICE_TOO_HIGH
3490,20260429,101656,33,2,4,1,0,
3491,20260614,101656,30,0,4,1,0,
3492,20260428,101657,401,23,14,3,3,PRICE_TOO_HIGH
3493,20260608,101657,399,17,15,3,1,PRICE_TOO_HIGH
3494,20260408,101658,123,6,13,4,4,PRICE_TOO_HIGH
3495,20260601,101658,178,8,5,0,0,
3496,20260603,101658,112,4,6,2,1,PRICE_TOO_HIGH
3497,20260608,101658,144,9,6,1,0,
3498,20260512,101659,128,8,3,2,2,PRICE_TOO_HIGH
3499,20260526,101659,125,5,8,3,3,PRICE_TOO_HIGH
3500,20260610,101659,121,8,5,2,1,PRICE_TOO_HIGH
3501,20260611,101659,132,4,4,0,0,
3502,20260403,101660,32,1,1,1,0,
3503,20260406,101660,13,1,2,1,0,
3504,20260528,101660,21,1,1,0,0,
3505,20260422,101664,7,1,0,0,0,
3506,20260430,101664,11,0,0,1,1,PRICE_TOO_HIGH
3507,20260526,101664,9,0,0,0,0,
3508,20260503,101666,179,8,8,2,0,
3509,20260524,101666,178,9,10,0,0,
3510,20260404,101668,288,12,9,5,5,PRICE_TOO_HIGH
3511,20260510,101668,310,17,9,7,5,PRICE_TOO_HIGH
3512,20260403,101671,433,18,13,5,5,PRICE_TOO_HIGH
3513,20260412,101671,380,22,14,4,3,PRICE_TOO_HIGH
3514,20260513,101675,235,11,18,3,3,PRICE_TOO_HIGH
3515,20260603,101675,249,13,12,4,3,PRICE_TOO_HIGH
3516,20260406,101676,3,0,1,1,1,PRICE_TOO_HIGH
3517,20260424,101676,4,0,0,0,0,
3518,20260513,101676,3,0,0,0,0,
3519,20260405,101677,42,0,3,0,0,
3520,20260410,101677,33,5,1,0,0,
3521,20260518,101677,24,1,6,0,0,
3522,20260608,101677,32,1,0,0,0,
3523,20260621,101677,39,1,4,0,0,
3524,20260604,101678,257,12,17,5,5,PRICE_TOO_HIGH
3525,20260612,101678,258,14,9,5,5,PRICE_TOO_HIGH
3526,20260619,101678,196,9,9,2,1,PRICE_TOO_HIGH
3527,20260411,101679,85,3,3,3,1,PRICE_TOO_HIGH
3528,20260507,101679,79,4,4,2,0,
3529,20260511,101679,66,4,1,0,0,
3530,20260617,101679,69,3,5,0,0,
3531,20260401,101683,42,2,2,1,1,PRICE_TOO_HIGH
3532,20260502,101683,50,2,6,0,0,
3533,20260601,101683,51,5,2,0,0,
3534,20260607,101683,58,2,3,2,0,
3535,20260609,101683,49,1,1,0,0,
3536,20260408,101685,124,4,4,4,4,PRICE_TOO_HIGH
3537,20260522,101685,149,8,7,2,2,PRICE_TOO_HIGH
3538,20260524,101685,152,6,4,3,3,PRICE_TOO_HIGH
3539,20260527,101685,133,9,2,1,0,
3540,20260502,101686,139,3,12,3,3,PRICE_TOO_HIGH
3541,20260521,101686,106,4,6,1,1,PRICE_TOO_HIGH
3542,20260525,101686,83,5,9,3,1,PRICE_TOO_HIGH
3543,20260603,101686,123,10,5,0,0,
3544,20260406,101688,5,0,0,0,0,
3545,20260416,101688,3,0,0,0,0,
3546,20260424,101688,3,0,0,0,0,
3547,20260501,101688,1,0,0,0,0,
3548,20260601,101688,1,0,0,0,0,
3549,20260409,101689,42,1,5,0,0,
3550,20260413,101689,41,3,8,4,1,PRICE_TOO_HIGH
3551,20260414,101691,18,0,3,1,1,PRICE_TOO_HIGH
3552,20260415,101691,8,1,2,0,0,
3553,20260523,101691,9,1,3,2,0,
3554,20260528,101691,13,0,3,1,0,
3555,20260623,101691,13,1,2,0,0,
3556,20260404,101692,101,8,3,0,0,
3557,20260408,101692,123,4,1,2,0,
3558,20260420,101692,101,4,0,1,0,
3559,20260605,101692,118,6,6,1,0,
3560,20260401,101699,31,1,5,0,0,
3561,20260405,101699,29,3,0,0,0,
3562,20260517,101699,37,1,1,0,0,
3563,20260519,101699,20,0,1,0,0,
3564,20260406,101700,171,7,5,1,1,PRICE_TOO_HIGH
3565,20260420,101700,162,3,7,1,1,PRICE_TOO_HIGH
3566,20260601,101700,164,11,1,2,2,PRICE_TOO_HIGH
3567,20260603,101700,170,12,7,1,1,PRICE_TOO_HIGH
3568,20260610,101700,161,8,6,2,0,
3569,20260426,101701,7,0,0,0,0,
3570,20260427,101701,8,0,0,0,0,
3571,20260611,101701,8,1,0,1,1,PRICE_TOO_HIGH
3572,20260615,101701,5,0,0,0,0,
3573,20260629,101701,5,0,0,0,0,
3574,20260424,101702,13,0,2,0,0,
3575,20260426,101702,17,1,0,0,0,
3576,20260406,101703,7,0,0,0,0,
3577,20260516,101703,11,0,0,0,0,
3578,20260417,101704,3,0,0,0,0,
3579,20260419,101704,4,0,0,1,1,PRICE_TOO_HIGH
3580,20260510,101704,1,0,0,0,0,
3581,20260518,101704,1,0,1,0,0,
3582,20260608,101704,1,0,1,0,0,
3583,20260503,101705,12,1,0,0,0,
3584,20260520,101705,18,0,1,0,0,
3585,20260403,101706,0,0,1,0,0,
3586,20260530,101706,3,0,0,1,1,PRICE_TOO_HIGH
3587,20260628,101706,3,0,0,0,0,
3588,20260407,101707,3,0,0,0,0,
3589,20260601,101707,4,0,0,0,0,
3590,20260627,101707,5,0,0,0,0,
3591,20260406,101708,3,0,1,0,0,
3592,20260408,101708,1,0,0,0,0,
3593,20260508,101708,2,0,0,0,0,
3594,20260607,101708,0,0,0,0,0,
3595,20260412,101709,11,1,0,0,0,
3596,20260425,101709,14,0,0,1,1,PRICE_TOO_HIGH
3597,20260624,101709,13,0,0,0,0,
3598,20260427,101710,2,0,0,0,0,
3599,20260428,101710,4,0,0,1,1,PRICE_TOO_HIGH
3600,20260508,101710,5,0,0,0,0,
3601,20260605,101710,0,0,0,0,0,
3602,20260615,101710,3,0,0,0,0,
3603,20260429,101711,10,0,0,1,1,PRICE_TOO_HIGH
3604,20260504,101711,4,0,1,0,0,
3605,20260531,101711,6,0,1,0,0,
3606,20260623,101711,9,1,0,0,0,
3607,20260420,101712,8,0,0,0,0,
3608,20260424,101712,14,0,0,0,0,
3609,20260518,101712,10,1,1,0,0,
3610,20260523,101712,5,0,1,0,0,
3611,20260425,101713,6,0,0,1,1,PRICE_TOO_HIGH
3612,20260510,101713,6,0,0,0,0,
3613,20260516,101713,5,0,0,0,0,
3614,20260519,101713,5,1,0,0,0,
3615,20260623,101713,3,0,0,0,0,
3616,20260415,101714,16,0,0,0,0,
3617,20260428,101714,9,1,0,1,1,PRICE_TOO_HIGH
3618,20260502,101715,11,0,0,0,0,
3619,20260509,101715,9,1,0,0,0,
3620,20260523,101715,6,0,0,0,0,
3621,20260618,101715,8,0,0,0,0,
3622,20260406,101716,1,0,0,1,1,PRICE_TOO_HIGH
3623,20260416,101716,3,0,0,0,0,
3624,20260507,101716,3,0,0,0,0,
3625,20260626,101716,4,0,0,0,0,
3626,20260613,101717,12,0,1,0,0,
3627,20260625,101717,11,1,0,0,0,
3628,20260404,101718,2,0,1,0,0,
3629,20260407,101718,3,0,0,0,0,
3630,20260408,101718,3,0,0,0,0,
3631,20260504,101718,1,0,0,0,0,
3632,20260608,101718,2,0,0,1,1,PRICE_TOO_HIGH
3633,20260407,101719,6,0,0,1,1,PRICE_TOO_HIGH
3634,20260420,101719,3,0,0,0,0,
3635,20260524,101719,2,0,0,0,0,
3636,20260620,101719,8,0,0,0,0,
3637,20260408,101720,8,0,0,0,0,
3638,20260418,101720,4,1,0,0,0,
3639,20260626,101720,10,0,0,1,1,PRICE_TOO_HIGH
3640,20260401,101721,14,0,0,0,0,
3641,20260611,101721,16,1,1,1,1,PRICE_TOO_HIGH
3642,20260629,101721,11,1,0,0,0,
3643,20260408,101722,3,0,0,0,0,
3644,20260425,101722,5,0,0,0,0,
3645,20260427,101722,3,1,2,0,0,
3646,20260527,101722,7,0,0,0,0,
3647,20260609,101722,14,0,0,0,0,
3648,20260504,101723,27,1,1,0,0,
3649,20260609,101723,19,1,0,0,0,
3650,20260414,101724,5,0,0,0,0,
3651,20260522,101724,6,1,0,0,0,
3652,20260615,101724,4,0,0,0,0,
3653,20260628,101724,5,0,0,0,0,
3654,20260414,101725,7,0,0,0,0,
3655,20260616,101725,8,1,1,1,1,PRICE_TOO_HIGH
3656,20260624,101725,11,0,0,0,0,
3657,20260511,101726,21,1,0,1,1,PRICE_TOO_HIGH
3658,20260609,101726,9,0,0,0,0,
3659,20260413,101727,4,0,0,0,0,
3660,20260513,101727,4,0,0,0,0,
3661,20260604,101727,4,0,1,0,0,
3662,20260619,101727,3,0,1,0,0,
3663,20260414,101728,5,1,0,0,0,
3664,20260425,101728,10,0,0,0,0,
3665,20260510,101728,9,0,0,0,0,
3666,20260525,101728,5,0,0,0,0,
3667,20260502,101729,5,0,0,0,0,
3668,20260515,101729,5,0,1,0,0,
3669,20260405,101730,7,1,1,0,0,
3670,20260516,101730,5,0,0,0,0,
3671,20260616,101730,7,0,0,1,1,PRICE_TOO_HIGH
3672,20260625,101730,11,0,0,0,0,
3673,20260404,101731,191,9,6,0,0,
3674,20260412,101731,176,12,3,1,1,PRICE_TOO_HIGH
3675,20260426,101731,142,7,3,1,1,PRICE_TOO_HIGH
3676,20260428,101731,182,9,7,1,1,PRICE_TOO_HIGH
3677,20260525,101731,174,6,6,4,3,PRICE_TOO_HIGH
3678,20260504,101732,279,13,9,3,3,PRICE_TOO_HIGH
3679,20260511,101732,280,17,13,3,3,PRICE_TOO_HIGH
3680,20260522,101732,283,12,10,1,1,PRICE_TOO_HIGH
3681,20260403,101733,58,2,4,1,1,PRICE_TOO_HIGH
3682,20260503,101733,54,3,4,1,0,
3683,20260513,101733,59,2,5,1,0,
3684,20260601,101733,52,2,0,1,0,
3685,20260603,101733,45,4,2,1,0,
3686,20260508,101734,13,0,4,1,0,
3687,20260602,101734,21,1,1,0,0,
3688,20260606,101734,14,0,1,2,0,
3689,20260612,101734,14,2,0,0,0,
3690,20260408,101735,72,3,1,0,0,
3691,20260506,101735,53,1,1,0,0,
3692,20260520,101735,76,2,3,0,0,
3693,20260521,101735,64,2,1,1,0,
3694,20260528,101735,70,8,3,0,0,
3695,20260406,101737,6,1,0,1,1,PRICE_TOO_HIGH
3696,20260412,101737,4,0,0,0,0,
3697,20260425,101737,5,0,0,0,0,
3698,20260513,101737,4,0,1,0,0,
3699,20260609,101737,3,0,1,0,0,
3700,20260404,101738,171,6,7,3,3,PRICE_TOO_HIGH
3701,20260511,101738,184,10,9,2,2,PRICE_TOO_HIGH
3702,20260519,101738,193,7,6,4,3,PRICE_TOO_HIGH
3703,20260522,101738,191,13,8,1,0,
3704,20260414,101739,239,4,9,2,2,PRICE_TOO_HIGH
3705,20260429,101739,219,16,5,1,1,PRICE_TOO_HIGH
3706,20260504,101739,218,11,8,1,1,PRICE_TOO_HIGH
3707,20260525,101739,197,12,8,2,0,
3708,20260428,101745,230,15,7,2,2,PRICE_TOO_HIGH
3709,20260614,101745,206,8,9,2,2,PRICE_TOO_HIGH
3710,20260618,101745,182,7,4,5,3,PRICE_TOO_HIGH
3711,20260408,101746,8,0,0,0,0,
3712,20260417,101746,5,0,0,0,0,
3713,20260502,101746,6,0,1,0,0,
3714,20260517,101746,8,0,0,0,0,
3715,20260526,101746,7,1,1,1,1,PRICE_TOO_HIGH
3716,20260511,101750,173,8,5,2,2,PRICE_TOO_HIGH
3717,20260517,101750,156,9,4,1,1,PRICE_TOO_HIGH
3718,20260609,101750,178,9,5,0,0,
3719,20260625,101750,162,7,3,4,3,PRICE_TOO_HIGH
3720,20260411,101751,111,2,3,0,0,
3721,20260522,101751,110,5,4,0,0,
3722,20260617,101751,123,10,7,0,0,
3723,20260505,101753,118,8,10,1,1,PRICE_TOO_HIGH
3724,20260518,101753,104,4,10,2,2,PRICE_TOO_HIGH
3725,20260602,101753,125,5,9,3,3,PRICE_TOO_HIGH
3726,20260625,101753,112,5,6,1,0,
3727,20260402,101754,110,4,5,0,0,
3728,20260428,101754,111,7,5,1,0,
3729,20260530,101754,125,6,5,0,0,
3730,20260513,101755,182,6,8,2,2,PRICE_TOO_HIGH
3731,20260531,101755,206,15,8,5,5,PRICE_TOO_HIGH
3732,20260609,101755,196,7,10,3,3,PRICE_TOO_HIGH
3733,20260628,101755,196,11,2,4,0,
3734,20260410,101756,60,1,1,1,0,
3735,20260414,101756,63,4,1,0,0,
3736,20260608,101756,57,5,0,2,0,
3737,20260627,101756,51,1,3,0,0,
3738,20260401,101757,53,1,3,0,0,
3739,20260509,101757,51,2,2,0,0,
3740,20260625,101757,42,4,1,1,0,
3741,20260519,101759,8,0,1,0,0,
3742,20260620,101759,10,0,1,1,1,PRICE_TOO_HIGH
3743,20260404,101760,62,2,2,2,0,
3744,20260427,101760,79,5,4,1,0,
3745,20260501,101761,160,4,6,4,4,PRICE_TOO_HIGH
3746,20260511,101761,161,10,12,3,3,PRICE_TOO_HIGH
3747,20260515,101761,143,11,9,4,4,PRICE_TOO_HIGH
3748,20260529,101761,158,6,8,2,1,PRICE_TOO_HIGH
3749,20260423,101764,180,8,3,3,3,PRICE_TOO_HIGH
3750,20260524,101764,152,9,5,4,4,PRICE_TOO_HIGH
3751,20260529,101764,204,8,9,1,0,
3752,20260608,101764,180,10,5,2,0,
3753,20260407,101765,188,8,15,2,2,PRICE_TOO_HIGH
3754,20260509,101765,170,6,12,4,4,PRICE_TOO_HIGH
3755,20260628,101765,183,13,10,2,1,PRICE_TOO_HIGH
3756,20260407,101766,85,2,5,2,0,
3757,20260614,101766,84,4,3,1,0,
3758,20260621,101766,68,5,3,2,0,
3759,20260422,101767,25,1,0,1,1,PRICE_TOO_HIGH
3760,20260613,101767,13,0,0,0,0,
3761,20260531,101768,27,2,2,1,1,PRICE_TOO_HIGH
3762,20260616,101768,14,0,4,1,0,
3763,20260622,101768,24,1,8,1,0,
3764,20260406,101770,226,4,21,2,2,PRICE_TOO_HIGH
3765,20260422,101770,198,17,6,5,3,PRICE_TOO_HIGH
3766,20260405,101774,178,12,2,2,2,PRICE_TOO_HIGH
3767,20260506,101774,202,10,8,4,4,PRICE_TOO_HIGH
3768,20260519,101774,187,9,16,2,2,PRICE_TOO_HIGH
3769,20260617,101774,182,6,12,3,0,
3770,20260403,101775,59,3,3,0,0,
3771,20260409,101775,63,2,2,0,0,
3772,20260428,101775,87,4,8,0,0,
3773,20260604,101775,81,5,5,1,0,
3774,20260401,101777,129,9,4,3,3,PRICE_TOO_HIGH
3775,20260507,101777,104,4,5,1,1,PRICE_TOO_HIGH
3776,20260523,101777,116,8,12,4,4,PRICE_TOO_HIGH
3777,20260527,101777,108,4,6,3,3,PRICE_TOO_HIGH
3778,20260615,101777,108,3,7,3,1,PRICE_TOO_HIGH
3779,20260414,101778,83,5,5,2,0,
3780,20260603,101778,85,2,6,1,0,
3781,20260606,101778,79,5,6,2,0,
3782,20260512,101780,29,2,0,1,1,PRICE_TOO_HIGH
3783,20260606,101780,30,2,3,1,0,
3784,20260626,101780,26,0,2,0,0,
3785,20260410,101784,14,0,1,0,0,
3786,20260616,101784,11,1,1,0,0,
3787,20260418,101788,95,7,2,1,0,
3788,20260428,101788,117,7,3,0,0,
3789,20260510,101788,106,5,1,1,0,
3790,20260513,101788,106,2,6,1,0,
3791,20260410,101789,46,1,2,0,0,
3792,20260418,101789,49,0,2,0,0,
3793,20260505,101789,47,3,1,0,0,
3794,20260623,101789,45,4,1,1,1,PRICE_TOO_HIGH
3795,20260629,101789,57,4,0,1,0,
3796,20260404,101794,85,4,9,3,3,PRICE_TOO_HIGH
3797,20260505,101794,85,3,5,2,2,PRICE_TOO_HIGH
3798,20260517,101794,87,4,9,4,4,PRICE_TOO_HIGH
3799,20260617,101794,77,6,6,3,3,PRICE_TOO_HIGH
3800,20260627,101794,75,3,6,2,0,
3801,20260406,101796,47,2,4,0,0,
3802,20260530,101796,31,1,4,0,0,
3803,20260425,101800,96,3,0,0,0,
3804,20260429,101800,93,4,2,1,0,
3805,20260524,101800,101,3,0,0,0,
3806,20260601,101800,90,9,1,0,0,
3807,20260620,101800,119,5,2,0,0,
3808,20260406,101802,77,6,2,1,0,
3809,20260413,101802,90,4,2,0,0,
3810,20260416,101802,92,2,0,0,0,
3811,20260624,101802,89,5,1,2,0,
3812,20260409,101803,154,6,4,3,3,PRICE_TOO_HIGH
3813,20260503,101803,148,8,5,1,1,PRICE_TOO_HIGH
3814,20260513,101803,159,6,0,3,3,PRICE_TOO_HIGH
3815,20260523,101803,176,14,3,2,2,PRICE_TOO_HIGH
3816,20260525,101803,157,5,4,5,3,PRICE_TOO_HIGH
3817,20260510,101808,192,8,8,1,0,
3818,20260625,101808,201,11,6,0,0,
3819,20260503,101809,145,1,6,3,3,PRICE_TOO_HIGH
3820,20260506,101809,163,10,3,3,3,PRICE_TOO_HIGH
3821,20260621,101809,133,5,2,3,3,PRICE_TOO_HIGH
3822,20260625,101809,152,13,4,1,0,
3823,20260427,101815,81,2,5,1,0,
3824,20260514,101815,80,6,7,3,0,
3825,20260419,101818,62,5,1,1,0,
3826,20260506,101818,80,2,0,1,0,
3827,20260612,101818,72,3,5,0,0,
3828,20260618,101818,81,4,3,1,0,
3829,20260412,101819,11,0,0,0,0,
3830,20260416,101819,11,1,1,0,0,
3831,20260614,101819,12,1,0,0,0,
3832,20260616,101819,9,0,0,1,1,PRICE_TOO_HIGH
3833,20260401,101820,178,8,2,1,1,PRICE_TOO_HIGH
3834,20260423,101820,157,7,1,1,1,PRICE_TOO_HIGH
3835,20260519,101820,195,11,8,4,4,PRICE_TOO_HIGH
3836,20260603,101820,193,10,4,2,1,PRICE_TOO_HIGH
3837,20260421,101821,122,6,1,0,0,
3838,20260514,101821,108,5,2,0,0,
3839,20260525,101821,104,10,3,0,0,
3840,20260615,101821,127,2,0,1,0,
3841,20260502,101822,98,6,2,0,0,
3842,20260601,101822,95,3,2,0,0,
3843,20260607,101822,74,5,4,1,0,
3844,20260618,101822,103,4,2,0,0,
3845,20260504,101823,26,0,5,1,0,
3846,20260513,101823,24,3,5,0,0,
3847,20260521,101823,34,1,3,0,0,
3848,20260427,101824,26,1,0,2,1,PRICE_TOO_HIGH
3849,20260503,101824,36,1,0,2,0,
3850,20260518,101824,44,2,1,0,0,
3851,20260526,101824,43,3,3,0,0,
3852,20260622,101824,35,2,1,1,0,
3853,20260502,101825,158,7,8,4,4,PRICE_TOO_HIGH
3854,20260518,101825,149,10,2,6,6,PRICE_TOO_HIGH
3855,20260611,101825,167,6,5,2,0,
3856,20260622,101825,155,8,4,2,0,
3857,20260413,101826,75,7,5,0,0,
3858,20260518,101826,107,4,3,2,2,PRICE_TOO_HIGH
3859,20260619,101826,86,2,3,0,0,
3860,20260627,101826,107,5,2,2,0,
3861,20260405,101828,175,9,3,4,4,PRICE_TOO_HIGH
3862,20260409,101828,197,9,4,1,1,PRICE_TOO_HIGH
3863,20260423,101828,190,10,6,0,0,
3864,20260428,101828,187,9,7,2,1,PRICE_TOO_HIGH
3865,20260421,101829,96,5,1,1,1,PRICE_TOO_HIGH
3866,20260502,101829,101,7,2,1,0,
3867,20260514,101829,100,2,0,1,0,
3868,20260609,101829,93,3,1,1,0,
3869,20260612,101829,101,7,2,0,0,
3870,20260603,101831,21,0,0,1,1,PRICE_TOO_HIGH
3871,20260605,101831,12,1,1,0,0,
3872,20260401,101832,44,3,2,1,1,PRICE_TOO_HIGH
3873,20260430,101832,39,1,1,1,0,
3874,20260526,101832,47,3,1,1,0,
3875,20260609,101832,55,1,1,0,0,
3876,20260613,101832,38,3,1,0,0,
3877,20260409,101833,238,16,12,3,3,PRICE_TOO_HIGH
3878,20260421,101833,257,11,9,3,3,PRICE_TOO_HIGH
3879,20260504,101833,271,11,11,1,0,
3880,20260411,101834,78,1,1,0,0,
3881,20260609,101834,77,3,3,0,0,
3882,20260612,101834,62,2,4,0,0,
3883,20260616,101834,72,3,3,1,0,
3884,20260627,101834,75,9,2,0,0,
3885,20260421,101835,117,5,2,2,2,PRICE_TOO_HIGH
3886,20260425,101835,130,7,7,3,3,PRICE_TOO_HIGH
3887,20260527,101835,135,7,6,3,3,PRICE_TOO_HIGH
3888,20260623,101835,133,6,3,4,0,
3889,20260405,101836,149,10,6,0,0,
3890,20260606,101836,152,5,3,0,0,
3891,20260508,101837,82,7,4,3,3,PRICE_TOO_HIGH
3892,20260522,101837,100,3,7,2,2,PRICE_TOO_HIGH
3893,20260616,101837,90,2,2,1,1,PRICE_TOO_HIGH
3894,20260627,101837,94,3,3,1,0,
3895,20260628,101837,87,7,5,1,0,
3896,20260414,101838,6,0,0,0,0,
3897,20260515,101838,6,0,0,1,1,PRICE_TOO_HIGH
3898,20260623,101838,4,0,0,0,0,
3899,20260513,101839,141,9,6,1,1,PRICE_TOO_HIGH
3900,20260516,101839,137,9,3,3,3,PRICE_TOO_HIGH
3901,20260518,101839,131,3,3,2,2,PRICE_TOO_HIGH
3902,20260526,101839,138,6,9,1,1,PRICE_TOO_HIGH
3903,20260623,101839,129,6,6,1,0,
3904,20260405,101840,407,21,16,8,8,PRICE_TOO_HIGH
3905,20260406,101840,432,20,21,5,3,PRICE_TOO_HIGH
3906,20260416,101844,278,12,19,5,5,PRICE_TOO_HIGH
3907,20260512,101844,279,15,17,4,2,PRICE_TOO_HIGH
3908,20260507,101845,4,0,0,0,0,
3909,20260523,101845,7,0,0,0,0,
3910,20260620,101845,6,0,2,0,0,
3911,20260629,101845,4,1,0,0,0,
3912,20260512,101849,123,7,4,1,1,PRICE_TOO_HIGH
3913,20260517,101849,129,7,10,3,3,PRICE_TOO_HIGH
3914,20260519,101849,127,9,5,2,2,PRICE_TOO_HIGH
3915,20260622,101849,130,6,6,2,2,PRICE_TOO_HIGH
3916,20260624,101849,132,3,11,1,0,
3917,20260602,101850,192,9,7,1,0,
3918,20260624,101850,193,10,5,0,0,
3919,20260505,101851,215,12,3,1,1,PRICE_TOO_HIGH
3920,20260618,101851,191,10,3,1,1,PRICE_TOO_HIGH
3921,20260626,101851,197,11,10,5,5,PRICE_TOO_HIGH
3922,20260627,101851,218,8,5,3,1,PRICE_TOO_HIGH
3923,20260402,101852,129,3,7,3,1,PRICE_TOO_HIGH
3924,20260403,101852,131,10,1,0,0,
3925,20260401,101854,152,11,5,1,1,PRICE_TOO_HIGH
3926,20260419,101854,156,7,9,3,3,PRICE_TOO_HIGH
3927,20260501,101854,169,8,15,2,2,PRICE_TOO_HIGH
3928,20260614,101854,147,5,4,3,1,PRICE_TOO_HIGH
3929,20260416,101855,4,0,0,0,0,
3930,20260417,101855,4,0,0,1,1,PRICE_TOO_HIGH
3931,20260414,101856,180,16,3,2,2,PRICE_TOO_HIGH
3932,20260517,101856,192,8,6,3,3,PRICE_TOO_HIGH
3933,20260526,101856,181,5,4,0,0,
3934,20260610,101856,203,8,11,1,0,
3935,20260529,101857,295,9,18,5,5,PRICE_TOO_HIGH
3936,20260619,101857,291,20,18,4,3,PRICE_TOO_HIGH
3937,20260405,101859,287,20,6,3,3,PRICE_TOO_HIGH
3938,20260512,101859,294,12,7,3,3,PRICE_TOO_HIGH
3939,20260522,101859,283,11,10,8,6,PRICE_TOO_HIGH
3940,20260424,101860,119,6,1,2,0,
3941,20260526,101860,103,7,2,0,0,
3942,20260622,101860,121,4,4,0,0,
3943,20260420,101863,7,1,0,0,0,
3944,20260517,101863,6,0,1,0,0,
3945,20260530,101863,15,0,0,0,0,
3946,20260622,101863,8,0,0,0,0,
3947,20260520,101866,83,2,5,3,0,
3948,20260528,101866,91,4,4,0,0,
3949,20260609,101866,103,6,4,0,0,
3950,20260627,101866,90,6,2,1,0,
3951,20260416,101869,284,17,10,8,8,PRICE_TOO_HIGH
3952,20260513,101869,262,10,6,6,5,PRICE_TOO_HIGH
3953,20260405,101870,83,4,4,0,0,
3954,20260514,101870,83,3,4,3,0,
3955,20260529,101870,74,5,2,0,0,
3956,20260411,101873,169,6,6,3,3,PRICE_TOO_HIGH
3957,20260414,101873,156,11,8,2,2,PRICE_TOO_HIGH
3958,20260501,101873,174,9,5,3,3,PRICE_TOO_HIGH
3959,20260529,101873,172,7,5,1,0,
3960,20260420,101875,46,1,2,0,0,
3961,20260507,101875,45,4,2,1,0,
3962,20260523,101875,38,1,1,0,0,
3963,20260414,101876,62,1,3,0,0,
3964,20260418,101876,50,5,4,0,0,
3965,20260508,101876,54,2,0,1,0,
3966,20260509,101876,57,1,4,0,0,
3967,20260510,101876,50,4,3,0,0,
3968,20260502,101877,285,15,8,3,3,PRICE_TOO_HIGH
3969,20260506,101877,271,12,12,3,3,PRICE_TOO_HIGH
3970,20260516,101877,279,14,14,1,0,
3971,20260405,101878,26,1,2,2,1,PRICE_TOO_HIGH
3972,20260504,101878,26,1,1,1,0,
3973,20260519,101878,26,1,1,0,0,
3974,20260617,101878,32,1,0,0,0,
3975,20260622,101878,24,2,2,0,0,
3976,20260422,101879,4,0,0,0,0,
3977,20260501,101879,3,0,1,0,0,
3978,20260517,101879,2,0,0,1,1,PRICE_TOO_HIGH
3979,20260527,101879,2,0,0,0,0,
3980,20260626,101879,0,0,0,0,0,
3981,20260416,101881,259,10,5,8,8,PRICE_TOO_HIGH
3982,20260420,101881,256,17,4,2,2,PRICE_TOO_HIGH
3983,20260429,101881,246,11,8,2,0,
3984,20260403,101883,151,10,5,0,0,
3985,20260408,101883,177,4,9,4,4,PRICE_TOO_HIGH
3986,20260411,101883,179,6,3,2,2,PRICE_TOO_HIGH
3987,20260503,101883,178,14,5,4,2,PRICE_TOO_HIGH
3988,20260605,101885,100,4,2,0,0,
3989,20260629,101885,112,6,5,1,0,
3990,20260609,101886,183,17,8,3,3,PRICE_TOO_HIGH
3991,20260620,101886,227,5,4,4,4,PRICE_TOO_HIGH
3992,20260628,101886,217,9,11,3,0,
3993,20260420,101887,37,0,0,1,0,
3994,20260502,101887,45,5,2,1,0,
3995,20260517,101887,31,0,1,0,0,
3996,20260530,101887,27,2,0,2,0,
3997,20260407,101888,110,8,2,1,0,
3998,20260612,101888,117,3,1,1,0,
3999,20260610,101889,97,6,3,0,0,
4000,20260617,101889,117,5,2,1,0,
4001,20260620,101889,108,5,4,1,0,
4002,20260623,101889,96,4,7,0,0,
4003,20260416,101892,77,3,2,1,0,
4004,20260418,101892,74,4,2,2,0,
4005,20260426,101892,93,3,0,0,0,
4006,20260502,101892,93,8,1,0,0,
4007,20260528,101892,101,3,2,0,0,
4008,20260401,101896,4,0,0,0,0,
4009,20260430,101896,4,0,0,0,0,
4010,20260608,101896,5,0,1,0,0,
4011,20260410,101898,391,19,9,7,7,PRICE_TOO_HIGH
4012,20260513,101898,396,20,11,5,4,PRICE_TOO_HIGH
4013,20260414,101900,242,7,8,1,1,PRICE_TOO_HIGH
4014,20260615,101900,209,15,7,3,0,
4015,20260422,101901,111,3,8,1,1,PRICE_TOO_HIGH
4016,20260513,101901,102,5,3,1,1,PRICE_TOO_HIGH
4017,20260521,101901,88,5,5,2,2,PRICE_TOO_HIGH
4018,20260617,101901,119,6,6,2,1,PRICE_TOO_HIGH
4019,20260625,101901,102,7,5,1,0,
4020,20260410,101904,245,14,15,5,5,PRICE_TOO_HIGH
4021,20260501,101904,271,13,8,3,3,PRICE_TOO_HIGH
4022,20260511,101904,264,12,13,3,0,
4023,20260509,101906,9,0,1,0,0,
4024,20260607,101906,10,0,1,0,0,
4025,20260426,101907,277,10,9,6,6,PRICE_TOO_HIGH
4026,20260515,101907,244,18,6,4,4,PRICE_TOO_HIGH
4027,20260607,101907,225,9,9,4,1,PRICE_TOO_HIGH
4028,20260408,101909,263,18,11,4,4,PRICE_TOO_HIGH
4029,20260421,101909,266,11,4,3,3,PRICE_TOO_HIGH
4030,20260604,101909,257,10,9,6,4,PRICE_TOO_HIGH
4031,20260407,101911,188,12,10,2,2,PRICE_TOO_HIGH
4032,20260619,101911,221,11,11,3,3,PRICE_TOO_HIGH
4033,20260626,101911,224,8,10,2,1,PRICE_TOO_HIGH
4034,20260414,101912,17,1,0,0,0,
4035,20260417,101912,12,1,1,0,0,
4036,20260526,101912,18,0,0,0,0,
4037,20260407,101913,51,1,2,2,1,PRICE_TOO_HIGH
4038,20260505,101913,37,2,2,0,0,
4039,20260614,101913,46,1,2,1,0,
4040,20260618,101913,46,2,2,1,0,
4041,20260627,101913,42,5,3,0,0,
4042,20260413,101920,169,14,9,5,5,PRICE_TOO_HIGH
4043,20260503,101920,141,6,15,6,6,PRICE_TOO_HIGH
4044,20260506,101920,134,2,9,3,1,PRICE_TOO_HIGH
4045,20260416,101921,110,4,3,4,4,PRICE_TOO_HIGH
4046,20260506,101921,106,5,9,3,3,PRICE_TOO_HIGH
4047,20260609,101921,112,8,4,2,2,PRICE_TOO_HIGH
4048,20260617,101921,105,4,1,5,1,PRICE_TOO_HIGH
4049,20260408,101922,220,14,13,2,2,PRICE_TOO_HIGH
4050,20260418,101922,235,8,11,1,1,PRICE_TOO_HIGH
4051,20260521,101922,238,12,11,3,2,PRICE_TOO_HIGH
4052,20260502,101923,6,1,0,0,0,
4053,20260506,101923,13,0,0,0,0,
4054,20260605,101923,6,0,0,1,1,PRICE_TOO_HIGH
4055,20260618,101923,8,0,0,0,0,
4056,20260629,101923,7,1,1,0,0,
4057,20260409,101924,19,0,2,0,0,
4058,20260415,101924,28,2,3,0,0,
4059,20260516,101924,32,0,1,0,0,
4060,20260613,101924,17,3,5,0,0,
4061,20260617,101924,26,1,1,0,0,
4062,20260421,101926,164,9,8,5,5,PRICE_TOO_HIGH
4063,20260502,101926,166,9,5,2,2,PRICE_TOO_HIGH
4064,20260525,101926,188,10,13,2,1,PRICE_TOO_HIGH
4065,20260618,101926,136,4,12,3,0,
4066,20260413,101927,99,7,5,1,0,
4067,20260504,101927,82,4,3,1,0,
4068,20260625,101927,113,3,6,2,0,
4069,20260509,101930,289,17,7,8,8,PRICE_TOO_HIGH
4070,20260606,101930,273,7,3,3,3,PRICE_TOO_HIGH
4071,20260609,101930,271,17,13,3,0,
4072,20260408,101932,43,3,3,1,0,
4073,20260419,101932,46,2,0,0,0,
4074,20260601,101932,39,1,0,1,0,
4075,20260617,101932,31,0,2,0,0,
4076,20260623,101932,28,3,5,0,0,
4077,20260402,101933,186,7,8,4,4,PRICE_TOO_HIGH
4078,20260515,101933,173,11,5,1,1,PRICE_TOO_HIGH
4079,20260603,101933,164,8,9,1,0,
4080,20260627,101933,189,9,8,0,0,
4081,20260417,101934,0,0,0,0,0,
4082,20260430,101934,1,0,1,0,0,
4083,20260603,101934,1,0,0,0,0,
4084,20260614,101934,3,0,0,0,0,
4085,20260626,101934,2,0,1,0,0,
4086,20260424,101935,264,9,13,6,6,PRICE_TOO_HIGH
4087,20260519,101935,251,16,16,6,4,PRICE_TOO_HIGH
4088,20260411,101940,423,16,19,4,4,PRICE_TOO_HIGH
4089,20260516,101940,386,24,12,4,2,PRICE_TOO_HIGH
4090,20260505,101942,105,5,15,3,3,PRICE_TOO_HIGH
4091,20260515,101942,98,6,4,1,1,PRICE_TOO_HIGH
4092,20260531,101942,129,6,3,2,2,PRICE_TOO_HIGH
4093,20260617,101942,119,5,5,1,0,
4094,20260419,101946,5,0,0,0,0,
4095,20260426,101946,2,0,0,0,0,
4096,20260430,101946,7,0,1,0,0,
4097,20260501,101946,2,0,0,0,0,
4098,20260421,101947,82,7,0,0,0,
4099,20260605,101947,94,4,1,0,0,
4100,20260627,101947,98,2,2,0,0,
4101,20260408,101948,42,5,2,1,0,
4102,20260418,101948,47,3,2,1,0,
4103,20260519,101948,37,1,2,0,0,
4104,20260523,101948,41,1,2,0,0,
4105,20260628,101948,37,0,0,0,0,
4106,20260403,101950,59,3,2,0,0,
4107,20260417,101950,66,5,1,1,0,
4108,20260428,101950,66,2,0,0,0,
4109,20260522,101950,63,3,1,0,0,
4110,20260609,101950,65,2,4,1,0,
4111,20260401,101952,222,5,8,7,7,PRICE_TOO_HIGH
4112,20260427,101952,214,13,5,1,1,PRICE_TOO_HIGH
4113,20260503,101952,221,14,9,3,0,
4114,20260421,101953,154,6,7,1,0,
4115,20260616,101953,125,7,4,1,0,
4116,20260423,101954,157,7,5,0,0,
4117,20260526,101954,180,10,5,5,5,PRICE_TOO_HIGH
4118,20260527,101954,175,10,4,0,0,
4119,20260626,101954,183,7,4,2,1,PRICE_TOO_HIGH
4120,20260405,101955,59,2,5,0,0,
4121,20260626,101955,79,4,5,0,0,
4122,20260506,101958,103,5,2,2,2,PRICE_TOO_HIGH
4123,20260527,101958,116,6,3,2,2,PRICE_TOO_HIGH
4124,20260609,101958,107,7,5,1,1,PRICE_TOO_HIGH
4125,20260627,101958,103,3,7,1,0,
4126,20260402,101959,2,0,1,0,0,
4127,20260418,101959,9,0,0,1,1,PRICE_TOO_HIGH
4128,20260505,101959,6,0,0,0,0,
4129,20260609,101959,3,1,0,0,0,
4130,20260425,101960,155,8,13,2,2,PRICE_TOO_HIGH
4131,20260512,101960,162,6,7,5,5,PRICE_TOO_HIGH
4132,20260613,101960,141,8,7,3,2,PRICE_TOO_HIGH
4133,20260506,101961,154,12,7,4,4,PRICE_TOO_HIGH
4134,20260530,101961,153,4,6,2,2,PRICE_TOO_HIGH
4135,20260607,101961,170,7,13,4,2,PRICE_TOO_HIGH
4136,20260405,101963,32,0,0,0,0,
4137,20260425,101963,35,1,2,0,0,
4138,20260618,101963,39,2,2,1,0,
4139,20260625,101963,29,3,1,0,0,
4140,20260401,101964,52,3,0,1,1,PRICE_TOO_HIGH
4141,20260406,101964,34,0,3,0,0,
4142,20260407,101964,40,3,2,0,0,
4143,20260421,101964,41,1,0,1,0,
4144,20260605,101964,32,2,6,0,0,
4145,20260526,101966,107,4,3,4,1,PRICE_TOO_HIGH
4146,20260530,101966,107,6,6,1,0,
4147,20260427,101967,125,4,2,3,3,PRICE_TOO_HIGH
4148,20260507,101967,120,9,6,0,0,
4149,20260523,101967,134,6,5,2,2,PRICE_TOO_HIGH
4150,20260613,101967,140,7,5,4,3,PRICE_TOO_HIGH
4151,20260628,101967,113,5,8,1,0,
4152,20260404,101968,7,1,0,0,0,
4153,20260412,101968,15,1,0,1,1,PRICE_TOO_HIGH
4154,20260521,101968,11,0,0,0,0,
4155,20260617,101968,12,0,0,0,0,
4156,20260405,101969,17,2,1,0,0,
4157,20260409,101969,19,1,2,0,0,
4158,20260424,101969,35,1,2,2,0,
4159,20260426,101969,24,1,3,0,0,
4160,20260522,101969,28,1,1,0,0,
4161,20260526,101972,364,22,11,3,3,PRICE_TOO_HIGH
4162,20260617,101972,359,14,9,3,2,PRICE_TOO_HIGH
4163,20260410,101973,70,1,2,2,0,
4164,20260420,101973,60,2,0,0,0,
4165,20260426,101973,69,3,2,0,0,
4166,20260506,101973,59,3,0,0,0,
4167,20260626,101973,75,7,0,0,0,
4168,20260410,101974,205,10,4,0,0,
4169,20260413,101974,234,11,5,4,4,PRICE_TOO_HIGH
4170,20260416,101974,200,10,3,5,5,PRICE_TOO_HIGH
4171,20260624,101974,235,12,6,2,0,
4172,20260419,101975,164,6,10,2,2,PRICE_TOO_HIGH
4173,20260525,101975,188,7,12,3,3,PRICE_TOO_HIGH
4174,20260617,101975,178,13,8,2,1,PRICE_TOO_HIGH
4175,20260412,101976,87,4,5,1,0,
4176,20260606,101976,88,4,9,3,0,
4177,20260519,101977,43,2,3,0,0,
4178,20260602,101977,36,2,2,1,0,
4179,20260621,101977,40,1,2,0,0,
4180,20260507,101978,9,1,0,0,0,
4181,20260515,101978,11,0,1,0,0,
4182,20260522,101978,7,0,0,0,0,
4183,20260621,101978,9,0,0,0,0,
4184,20260422,101979,173,5,5,4,4,PRICE_TOO_HIGH
4185,20260504,101979,201,8,2,5,5,PRICE_TOO_HIGH
4186,20260506,101979,180,9,4,2,0,
4187,20260627,101979,183,14,4,1,0,
4188,20260410,101980,175,9,2,2,0,
4189,20260510,101980,177,8,4,1,0,
4190,20260507,101981,47,2,5,0,0,
4191,20260512,101981,34,4,4,0,0,
4192,20260530,101981,26,1,1,1,0,
4193,20260606,101981,39,0,1,0,0,
4194,20260409,101982,79,3,3,1,0,
4195,20260424,101982,78,3,1,1,0,
4196,20260511,101982,72,4,1,1,0,
4197,20260530,101982,74,4,1,1,0,
4198,20260605,101982,66,4,4,1,0,
4199,20260520,101985,137,6,3,1,0,
4200,20260531,101985,108,6,4,0,0,
4201,20260604,101985,129,6,3,1,0,
4202,20260401,101986,266,14,10,4,4,PRICE_TOO_HIGH
4203,20260517,101986,290,12,4,2,0,
4204,20260614,101986,284,16,7,0,0,
4205,20260530,101987,255,12,5,1,0,
4206,20260626,101987,236,12,6,0,0,
4207,20260407,101988,350,10,16,7,7,PRICE_TOO_HIGH
4208,20260601,101988,346,24,14,5,4,PRICE_TOO_HIGH
4209,20260425,101990,53,6,0,0,0,
4210,20260509,101990,54,0,0,0,0,
4211,20260601,101990,52,1,4,0,0,
4212,20260605,101990,51,1,1,1,0,
4213,20260606,101990,52,5,0,0,0,
4214,20260410,101992,14,1,1,1,1,PRICE_TOO_HIGH
4215,20260623,101992,17,0,0,0,0,
4216,20260504,101993,42,2,1,1,0,
4217,20260518,101993,54,4,1,1,0,
4218,20260624,101993,45,0,3,1,0,
4219,20260629,101993,43,3,2,0,0,
4220,20260517,101994,339,25,20,3,3,PRICE_TOO_HIGH
4221,20260521,101994,367,10,13,4,3,PRICE_TOO_HIGH
4222,20260425,101996,27,2,4,0,0,
4223,20260501,101996,38,1,1,1,0,
4224,20260518,101996,30,0,1,0,0,
4225,20260528,101996,25,2,4,0,0,
4226,20260530,101996,34,2,1,2,0,
4227,20260430,101997,94,7,4,0,0,
4228,20260513,101997,87,3,2,1,0,
4229,20260621,101997,108,4,4,2,0,
4230,20260425,102000,26,0,3,1,0,
4231,20260518,102000,17,1,4,1,0,
4232,20260605,102000,14,1,5,1,0,
4233,20260410,102001,286,5,6,5,5,PRICE_TOO_HIGH
4234,20260413,102001,269,20,14,2,2,PRICE_TOO_HIGH
4235,20260615,102001,272,16,8,4,2,PRICE_TOO_HIGH
4236,20260405,102002,175,5,10,4,4,PRICE_TOO_HIGH
4237,20260412,102002,196,13,13,3,3,PRICE_TOO_HIGH
4238,20260601,102002,171,9,16,4,3,PRICE_TOO_HIGH
4239,20260402,102003,174,13,8,6,6,PRICE_TOO_HIGH
4240,20260517,102003,197,11,7,4,3,PRICE_TOO_HIGH
4241,20260619,102003,201,4,7,3,0,
4242,20260414,102004,127,7,6,4,4,PRICE_TOO_HIGH
4243,20260428,102004,132,5,12,2,2,PRICE_TOO_HIGH
4244,20260509,102004,134,6,13,2,2,PRICE_TOO_HIGH
4245,20260527,102004,120,7,6,5,2,PRICE_TOO_HIGH
4246,20260412,102005,213,11,10,5,5,PRICE_TOO_HIGH
4247,20260423,102005,209,9,10,2,2,PRICE_TOO_HIGH
4248,20260424,102005,204,13,6,4,3,PRICE_TOO_HIGH
4249,20260505,102005,197,8,11,2,0,
4250,20260601,102006,359,16,12,7,7,PRICE_TOO_HIGH
4251,20260616,102006,386,21,17,6,5,PRICE_TOO_HIGH
4252,20260506,102007,212,12,5,3,3,PRICE_TOO_HIGH
4253,20260519,102007,219,9,10,9,6,PRICE_TOO_HIGH
4254,20260416,102008,140,4,8,2,2,PRICE_TOO_HIGH
4255,20260427,102008,130,5,11,2,2,PRICE_TOO_HIGH
4256,20260502,102008,138,7,9,3,3,PRICE_TOO_HIGH
4257,20260503,102008,122,8,7,2,2,PRICE_TOO_HIGH
4258,20260521,102008,135,9,4,2,1,PRICE_TOO_HIGH
4259,20260405,102009,184,5,3,1,1,PRICE_TOO_HIGH
4260,20260604,102009,187,12,5,1,1,PRICE_TOO_HIGH
4261,20260607,102009,161,8,5,0,0,
4262,20260618,102009,155,9,6,6,4,PRICE_TOO_HIGH
4263,20260402,102010,84,3,7,2,2,PRICE_TOO_HIGH
4264,20260509,102010,87,2,7,1,1,PRICE_TOO_HIGH
4265,20260604,102010,87,7,8,1,1,PRICE_TOO_HIGH
4266,20260621,102010,81,6,6,3,2,PRICE_TOO_HIGH
4267,20260623,102010,88,3,9,0,0,
4268,20260415,102011,71,2,1,2,2,PRICE_TOO_HIGH
4269,20260615,102011,88,8,3,3,3,PRICE_TOO_HIGH
4270,20260616,102011,76,1,4,2,2,PRICE_TOO_HIGH
4271,20260617,102011,100,5,6,3,3,PRICE_TOO_HIGH
4272,20260624,102011,80,4,4,4,3,PRICE_TOO_HIGH
4273,20260406,102012,92,0,4,1,1,PRICE_TOO_HIGH
4274,20260407,102012,95,4,2,1,1,PRICE_TOO_HIGH
4275,20260414,102012,82,8,3,4,4,PRICE_TOO_HIGH
4276,20260503,102012,109,5,4,1,0,
4277,20260606,102012,94,6,3,1,0,
4278,20260429,102013,106,4,6,0,0,
4279,20260504,102013,121,6,7,4,4,PRICE_TOO_HIGH
4280,20260518,102013,90,5,9,1,1,PRICE_TOO_HIGH
4281,20260611,102013,125,8,3,3,2,PRICE_TOO_HIGH
4282,20260617,102013,86,3,6,0,0,
4283,20260505,102014,396,20,19,4,4,PRICE_TOO_HIGH
4284,20260513,102014,382,18,19,7,5,PRICE_TOO_HIGH
4285,20260403,102015,399,20,6,3,3,PRICE_TOO_HIGH
4286,20260505,102015,407,20,10,3,2,PRICE_TOO_HIGH
4287,20260428,102016,218,8,11,2,2,PRICE_TOO_HIGH
4288,20260501,102016,228,9,2,2,2,PRICE_TOO_HIGH
4289,20260609,102016,227,16,9,3,1,PRICE_TOO_HIGH
4290,20260413,102017,198,5,4,3,3,PRICE_TOO_HIGH
4291,20260417,102017,181,13,4,2,2,PRICE_TOO_HIGH
4292,20260422,102017,205,11,6,1,1,PRICE_TOO_HIGH
4293,20260611,102017,196,10,2,3,3,PRICE_TOO_HIGH
4294,20260425,102018,227,17,11,2,2,PRICE_TOO_HIGH
4295,20260430,102018,219,10,11,4,4,PRICE_TOO_HIGH
4296,20260609,102018,255,8,14,4,2,PRICE_TOO_HIGH
4297,20260409,102019,220,10,13,1,1,PRICE_TOO_HIGH
4298,20260523,102019,238,12,8,1,1,PRICE_TOO_HIGH
4299,20260625,102019,227,12,12,5,4,PRICE_TOO_HIGH
4300,20260509,102020,409,22,18,5,5,PRICE_TOO_HIGH
4301,20260627,102020,395,18,21,4,2,PRICE_TOO_HIGH
4302,20260422,102021,193,7,3,2,2,PRICE_TOO_HIGH
4303,20260428,102021,192,13,4,4,4,PRICE_TOO_HIGH
4304,20260509,102021,187,11,3,0,0,
4305,20260613,102021,214,8,7,4,3,PRICE_TOO_HIGH
4306,20260417,102022,209,8,10,3,3,PRICE_TOO_HIGH
4307,20260426,102022,202,13,12,1,1,PRICE_TOO_HIGH
4308,20260503,102022,191,8,9,4,4,PRICE_TOO_HIGH
4309,20260615,102022,179,10,8,4,0,
4310,20260417,102023,171,8,3,3,3,PRICE_TOO_HIGH
4311,20260510,102023,186,5,5,3,3,PRICE_TOO_HIGH
4312,20260525,102023,185,12,5,2,2,PRICE_TOO_HIGH
4313,20260609,102023,172,8,6,2,0,
4314,20260619,102023,162,10,8,2,0,
4315,20260420,102024,156,9,5,1,1,PRICE_TOO_HIGH
4316,20260423,102024,157,6,6,8,8,PRICE_TOO_HIGH
4317,20260606,102024,163,8,6,4,1,PRICE_TOO_HIGH
4318,20260401,102025,123,9,3,4,4,PRICE_TOO_HIGH
4319,20260509,102025,133,6,3,2,2,PRICE_TOO_HIGH
4320,20260520,102025,118,5,5,3,3,PRICE_TOO_HIGH
4321,20260522,102025,113,6,6,1,1,PRICE_TOO_HIGH
4322,20260622,102025,104,3,6,3,2,PRICE_TOO_HIGH
4323,20260416,102026,107,7,3,1,1,PRICE_TOO_HIGH
4324,20260417,102026,94,6,4,3,3,PRICE_TOO_HIGH
4325,20260613,102026,102,3,5,5,5,PRICE_TOO_HIGH
4326,20260620,102026,121,5,11,5,4,PRICE_TOO_HIGH
4327,20260404,102027,168,7,8,0,0,
4328,20260527,102027,179,14,10,1,1,PRICE_TOO_HIGH
4329,20260607,102027,155,7,6,3,3,PRICE_TOO_HIGH
4330,20260625,102027,182,6,4,6,5,PRICE_TOO_HIGH
4331,20260401,102028,216,11,10,5,5,PRICE_TOO_HIGH
4332,20260422,102028,193,9,10,9,7,PRICE_TOO_HIGH
4333,20260413,102029,248,12,15,6,6,PRICE_TOO_HIGH
4334,20260425,102029,278,12,13,1,1,PRICE_TOO_HIGH
4335,20260529,102029,233,13,9,2,0,
4336,20260403,102030,182,7,7,3,3,PRICE_TOO_HIGH
4337,20260407,102030,187,9,5,2,2,PRICE_TOO_HIGH
4338,20260526,102030,174,9,5,2,2,PRICE_TOO_HIGH
4339,20260527,102030,196,11,9,2,2,PRICE_TOO_HIGH
4340,20260404,102034,90,5,4,0,0,
4341,20260419,102034,91,8,4,0,0,
4342,20260515,102034,101,6,1,1,0,
4343,20260608,102034,98,0,1,0,0,
4344,20260411,102035,50,4,5,1,0,
4345,20260422,102035,50,1,7,3,0,
4346,20260417,102036,139,5,7,3,3,PRICE_TOO_HIGH
4347,20260512,102036,142,3,7,3,3,PRICE_TOO_HIGH
4348,20260517,102036,146,10,4,1,1,PRICE_TOO_HIGH
4349,20260522,102036,123,11,3,2,2,PRICE_TOO_HIGH
4350,20260607,102036,125,4,3,2,1,PRICE_TOO_HIGH
4351,20260519,102042,313,16,13,5,5,PRICE_TOO_HIGH
4352,20260526,102042,284,13,18,7,4,PRICE_TOO_HIGH
4353,20260505,102043,79,4,2,1,0,
4354,20260510,102043,90,4,1,1,0,
4355,20260616,102043,89,5,3,0,0,
4356,20260621,102043,74,3,3,0,0,
4357,20260409,102046,6,0,1,0,0,
4358,20260422,102046,8,1,0,0,0,
4359,20260510,102046,12,0,0,0,0,
4360,20260627,102046,9,0,0,1,1,PRICE_TOO_HIGH
4361,20260508,102050,124,4,4,1,1,PRICE_TOO_HIGH
4362,20260511,102050,154,6,3,1,0,
4363,20260522,102050,114,9,7,1,0,
4364,20260415,102051,33,3,13,1,0,
4365,20260508,102051,45,0,6,1,0,
4366,20260411,102053,26,2,4,0,0,
4367,20260510,102053,21,0,4,1,0,
4368,20260609,102053,17,1,5,0,0,
4369,20260405,102054,132,4,3,2,2,PRICE_TOO_HIGH
4370,20260420,102054,119,9,9,3,3,PRICE_TOO_HIGH
4371,20260502,102054,133,5,3,2,2,PRICE_TOO_HIGH
4372,20260523,102054,116,5,5,3,3,PRICE_TOO_HIGH
4373,20260617,102054,110,7,6,3,0,
4374,20260403,102057,123,3,4,0,0,
4375,20260409,102057,112,7,4,1,1,PRICE_TOO_HIGH
4376,20260507,102057,109,7,3,3,0,
4377,20260421,102058,22,0,10,2,0,
4378,20260426,102058,23,3,2,1,0,
4379,20260509,102058,16,0,2,2,0,
4380,20260403,102060,409,20,11,4,4,PRICE_TOO_HIGH
4381,20260427,102060,396,20,10,8,5,PRICE_TOO_HIGH
4382,20260606,102063,278,9,12,3,3,PRICE_TOO_HIGH
4383,20260621,102063,260,17,4,7,4,PRICE_TOO_HIGH
4384,20260409,102064,37,1,4,2,0,
4385,20260416,102064,32,0,4,1,0,
4386,20260603,102064,26,3,3,0,0,
4387,20260618,102064,26,1,1,1,0,
4388,20260622,102064,36,2,5,1,0,
4389,20260522,102065,14,0,0,0,0,
4390,20260628,102065,9,1,0,1,1,PRICE_TOO_HIGH
4391,20260414,102068,98,4,3,0,0,
4392,20260514,102068,91,5,6,0,0,
4393,20260524,102068,101,5,2,2,2,PRICE_TOO_HIGH
4394,20260609,102068,88,6,6,2,2,PRICE_TOO_HIGH
4395,20260629,102068,107,4,5,2,1,PRICE_TOO_HIGH
4396,20260602,102070,109,6,4,0,0,
4397,20260618,102070,141,3,9,1,0,
4398,20260621,102070,112,9,6,1,0,
4399,20260417,102072,154,9,4,3,3,PRICE_TOO_HIGH
4400,20260528,102072,160,7,7,2,2,PRICE_TOO_HIGH
4401,20260610,102072,156,7,7,8,4,PRICE_TOO_HIGH
4402,20260407,102073,91,3,3,0,0,
4403,20260416,102073,93,1,1,0,0,
4404,20260421,102073,91,4,2,0,0,
4405,20260508,102073,98,6,3,0,0,
4406,20260602,102073,86,8,2,2,0,
4407,20260420,102076,232,14,13,3,3,PRICE_TOO_HIGH
4408,20260527,102076,217,8,12,2,2,PRICE_TOO_HIGH
4409,20260621,102076,224,11,7,1,0,
4410,20260401,102077,20,0,5,0,0,
4411,20260419,102077,19,0,1,0,0,
4412,20260425,102077,16,1,2,1,0,
4413,20260509,102077,12,1,3,2,0,
4414,20260616,102077,18,2,3,0,0,
4415,20260428,102079,3,0,2,0,0,
4416,20260610,102079,4,0,0,0,0,
4417,20260503,102080,131,11,4,1,0,
4418,20260512,102080,129,3,7,1,0,
4419,20260525,102080,121,5,4,1,0,
4420,20260401,102082,87,3,8,3,0,
4421,20260504,102082,70,4,5,2,0,
4422,20260508,102083,170,6,7,1,1,PRICE_TOO_HIGH
4423,20260511,102083,190,10,5,5,5,PRICE_TOO_HIGH
4424,20260516,102083,170,7,4,1,1,PRICE_TOO_HIGH
4425,20260608,102083,186,11,5,2,2,PRICE_TOO_HIGH
4426,20260614,102083,159,9,4,4,1,PRICE_TOO_HIGH
4427,20260624,102084,105,1,4,2,0,
4428,20260626,102084,107,9,4,2,0,
4429,20260604,102085,84,7,2,1,0,
4430,20260606,102085,76,1,3,1,0,
4431,20260409,102088,120,7,6,0,0,
4432,20260517,102088,139,7,8,3,3,PRICE_TOO_HIGH
4433,20260606,102088,134,6,5,0,0,
4434,20260607,102088,133,9,7,3,3,PRICE_TOO_HIGH
4435,20260625,102088,131,3,7,1,0,
4436,20260407,102090,121,4,2,0,0,
4437,20260510,102090,94,3,6,1,1,PRICE_TOO_HIGH
4438,20260522,102090,119,3,7,3,3,PRICE_TOO_HIGH
4439,20260601,102090,108,8,5,1,1,PRICE_TOO_HIGH
4440,20260621,102090,122,10,8,3,2,PRICE_TOO_HIGH
4441,20260417,102091,158,8,3,0,0,
4442,20260521,102091,159,7,11,1,0,
4443,20260410,102093,1,0,1,0,0,
4444,20260501,102093,0,0,0,0,0,
4445,20260513,102093,2,0,0,0,0,
4446,20260515,102093,2,0,0,0,0,
4447,20260531,102093,4,0,1,0,0,
4448,20260516,102095,202,9,5,1,1,PRICE_TOO_HIGH
4449,20260603,102095,167,9,6,2,0,
4450,20260405,102096,87,3,0,1,1,PRICE_TOO_HIGH
4451,20260424,102096,87,2,1,0,0,
4452,20260528,102096,75,1,1,2,0,
4453,20260530,102096,80,4,0,2,0,
4454,20260614,102096,69,9,3,0,0,
4455,20260402,102097,113,5,5,5,5,PRICE_TOO_HIGH
4456,20260415,102097,100,2,9,2,2,PRICE_TOO_HIGH
4457,20260620,102097,103,9,5,3,2,PRICE_TOO_HIGH
4458,20260629,102097,98,4,5,0,0,
4459,20260519,102098,122,6,2,0,0,
4460,20260606,102098,119,6,0,0,0,
4461,20260610,102098,109,5,1,3,0,
4462,20260417,102099,222,10,6,2,2,PRICE_TOO_HIGH
4463,20260525,102099,207,11,15,6,4,PRICE_TOO_HIGH
4464,20260609,102100,395,27,8,5,5,PRICE_TOO_HIGH
4465,20260627,102100,419,13,22,7,6,PRICE_TOO_HIGH
4466,20260612,102102,169,10,5,0,0,
4467,20260625,102102,192,8,7,1,0,
4468,20260411,102107,5,0,0,1,1,PRICE_TOO_HIGH
4469,20260429,102107,6,0,0,0,0,
4470,20260504,102107,3,0,0,0,0,
4471,20260521,102107,2,0,0,0,0,
4472,20260608,102107,5,1,0,0,0,
4473,20260405,102109,77,5,8,2,2,PRICE_TOO_HIGH
4474,20260504,102109,76,2,3,3,3,PRICE_TOO_HIGH
4475,20260507,102109,88,4,8,0,0,
4476,20260617,102109,82,4,1,2,2,PRICE_TOO_HIGH
4477,20260622,102109,101,6,12,4,2,PRICE_TOO_HIGH
4478,20260515,102110,158,9,10,2,1,PRICE_TOO_HIGH
4479,20260618,102110,169,7,8,0,0,
4480,20260428,102111,89,3,4,4,4,PRICE_TOO_HIGH
4481,20260515,102111,72,3,11,3,3,PRICE_TOO_HIGH
4482,20260529,102111,82,8,9,3,3,PRICE_TOO_HIGH
4483,20260623,102111,83,3,5,0,0,
4484,20260626,102111,89,3,10,4,3,PRICE_TOO_HIGH
4485,20260409,102113,205,12,9,3,3,PRICE_TOO_HIGH
4486,20260428,102113,199,8,8,6,3,PRICE_TOO_HIGH
4487,20260612,102114,5,0,0,0,0,
4488,20260616,102114,5,0,0,0,0,
4489,20260420,102115,225,7,11,4,4,PRICE_TOO_HIGH
4490,20260627,102115,209,14,5,7,6,PRICE_TOO_HIGH
4491,20260405,102116,133,4,2,2,2,PRICE_TOO_HIGH
4492,20260412,102116,130,6,4,2,2,PRICE_TOO_HIGH
4493,20260423,102116,146,3,1,0,0,
4494,20260606,102116,130,11,4,3,2,PRICE_TOO_HIGH
4495,20260623,102116,134,9,5,0,0,
4496,20260521,102118,62,3,0,0,0,
4497,20260527,102118,63,3,3,2,1,PRICE_TOO_HIGH
4498,20260531,102118,61,2,1,0,0,
4499,20260604,102118,72,4,2,1,0,
4500,20260615,102118,56,3,0,0,0,
4501,20260420,102121,245,16,11,1,1,PRICE_TOO_HIGH
4502,20260427,102121,267,14,15,4,4,PRICE_TOO_HIGH
4503,20260604,102121,232,7,8,2,2,PRICE_TOO_HIGH
4504,20260507,102122,10,0,0,0,0,
4505,20260522,102122,7,0,1,0,0,
4506,20260523,102122,4,0,0,0,0,
4507,20260620,102122,8,1,0,0,0,
4508,20260404,102125,260,15,10,7,7,PRICE_TOO_HIGH
4509,20260412,102125,233,9,16,4,3,PRICE_TOO_HIGH
4510,20260518,102127,30,1,5,1,1,PRICE_TOO_HIGH
4511,20260520,102127,29,2,4,2,0,
4512,20260522,102127,33,0,2,0,0,
4513,20260625,102127,35,3,3,0,0,
4514,20260626,102127,34,2,2,2,0,
4515,20260405,102132,145,3,5,2,2,PRICE_TOO_HIGH
4516,20260501,102132,124,10,1,1,1,PRICE_TOO_HIGH
4517,20260527,102132,129,7,5,1,1,PRICE_TOO_HIGH
4518,20260529,102132,152,11,4,1,1,PRICE_TOO_HIGH
4519,20260613,102132,128,2,3,3,1,PRICE_TOO_HIGH
4520,20260413,102134,178,13,1,1,1,PRICE_TOO_HIGH
4521,20260425,102134,196,6,4,4,4,PRICE_TOO_HIGH
4522,20260503,102134,160,7,7,1,1,PRICE_TOO_HIGH
4523,20260511,102134,194,10,3,1,0,
4524,20260416,102135,1,0,0,0,0,
4525,20260503,102135,2,0,1,0,0,
4526,20260605,102135,2,0,1,0,0,
4527,20260401,102137,54,4,1,1,1,PRICE_TOO_HIGH
4528,20260409,102137,47,0,0,0,0,
4529,20260515,102137,48,5,0,1,0,
4530,20260611,102137,56,2,2,0,0,
4531,20260614,102137,50,1,2,1,0,
4532,20260421,102141,224,14,12,3,3,PRICE_TOO_HIGH
4533,20260521,102141,243,12,10,3,3,PRICE_TOO_HIGH
4534,20260606,102141,223,8,8,7,5,PRICE_TOO_HIGH
4535,20260514,102143,65,3,1,1,0,
4536,20260518,102143,70,2,1,2,0,
4537,20260527,102143,57,4,7,1,0,
4538,20260425,102144,438,20,7,4,4,PRICE_TOO_HIGH
4539,20260429,102144,403,22,16,6,5,PRICE_TOO_HIGH
4540,20260422,102145,140,3,5,3,3,PRICE_TOO_HIGH
4541,20260423,102145,148,10,14,2,2,PRICE_TOO_HIGH
4542,20260519,102145,153,9,18,2,0,
4543,20260515,102147,13,1,1,0,0,
4544,20260616,102147,11,0,0,0,0,
4545,20260402,102148,339,19,21,3,3,PRICE_TOO_HIGH
4546,20260408,102148,350,15,17,7,4,PRICE_TOO_HIGH
4547,20260525,102150,58,4,7,0,0,
4548,20260614,102150,54,1,7,0,0,
4549,20260608,102151,30,3,3,2,0,
4550,20260609,102151,23,0,2,1,0,
4551,20260615,102151,33,1,2,0,0,
4552,20260622,102151,33,1,0,1,0,
4553,20260408,102153,234,15,9,1,1,PRICE_TOO_HIGH
4554,20260624,102153,244,8,7,1,0,
4555,20260417,102156,472,17,18,9,9,PRICE_TOO_HIGH
4556,20260603,102156,423,27,10,4,1,PRICE_TOO_HIGH
4557,20260406,102157,82,3,10,0,0,
4558,20260517,102157,102,8,10,2,2,PRICE_TOO_HIGH
4559,20260624,102157,106,5,5,1,1,PRICE_TOO_HIGH
4560,20260625,102157,104,3,7,0,0,
4561,20260627,102157,84,4,7,3,3,PRICE_TOO_HIGH
4562,20260410,102158,20,0,0,0,0,
4563,20260516,102158,28,2,0,0,0,
4564,20260514,102160,82,4,7,0,0,
4565,20260611,102160,65,3,11,2,0,
4566,20260422,102161,62,2,4,2,0,
4567,20260528,102161,81,5,13,1,0,
4568,20260408,102162,249,10,11,2,2,PRICE_TOO_HIGH
4569,20260415,102162,287,16,7,7,5,PRICE_TOO_HIGH
4570,20260508,102163,144,8,3,3,1,PRICE_TOO_HIGH
4571,20260625,102163,146,6,8,1,0,
4572,20260420,102165,434,20,12,2,2,PRICE_TOO_HIGH
4573,20260611,102165,361,19,7,4,3,PRICE_TOO_HIGH
4574,20260404,102166,115,4,4,6,6,PRICE_TOO_HIGH
4575,20260405,102166,110,5,5,2,2,PRICE_TOO_HIGH
4576,20260412,102166,117,8,3,1,0,
4577,20260419,102166,117,4,2,0,0,
4578,20260611,102166,98,6,5,1,0,
4579,20260524,102167,117,9,8,3,0,
4580,20260613,102167,119,2,6,1,0,
4581,20260423,102168,115,9,4,3,1,PRICE_TOO_HIGH
4582,20260430,102168,132,4,4,1,0,
4583,20260512,102168,108,4,8,1,0,
4584,20260507,102171,35,2,1,2,1,PRICE_TOO_HIGH
4585,20260508,102171,44,4,2,0,0,
4586,20260601,102171,45,1,2,1,0,
4587,20260607,102171,51,0,0,1,0,
4588,20260628,102171,37,3,3,0,0,
4589,20260412,102173,39,3,3,0,0,
4590,20260419,102173,25,0,1,0,0,
4591,20260623,102173,24,1,2,0,0,
4592,20260626,102173,27,1,0,1,0,
4593,20260427,102174,0,0,0,0,0,
4594,20260428,102174,1,0,1,0,0,
4595,20260506,102174,4,0,0,1,1,PRICE_TOO_HIGH
4596,20260530,102174,5,0,1,0,0,
4597,20260627,102174,3,0,0,0,0,
4598,20260405,102176,202,13,3,3,3,PRICE_TOO_HIGH
4599,20260510,102176,214,8,3,4,4,PRICE_TOO_HIGH
4600,20260522,102176,207,8,9,1,0,
4601,20260526,102176,203,12,14,1,0,
4602,20260509,102181,152,7,7,2,2,PRICE_TOO_HIGH
4603,20260510,102181,156,6,8,3,3,PRICE_TOO_HIGH
4604,20260613,102181,123,3,6,2,2,PRICE_TOO_HIGH
4605,20260618,102181,112,11,4,2,0,
4606,20260625,102181,132,6,6,0,0,
4607,20260408,102182,282,16,15,7,7,PRICE_TOO_HIGH
4608,20260411,102182,313,13,13,5,2,PRICE_TOO_HIGH
4609,20260418,102183,72,1,5,0,0,
4610,20260525,102183,74,6,6,0,0,
4611,20260629,102183,65,3,3,1,0,
4612,20260427,102185,8,0,1,1,1,PRICE_TOO_HIGH
4613,20260618,102185,10,0,1,0,0,
4614,20260422,102186,256,13,12,3,3,PRICE_TOO_HIGH
4615,20260506,102186,276,13,7,4,3,PRICE_TOO_HIGH
4616,20260501,102187,233,14,8,4,4,PRICE_TOO_HIGH
4617,20260505,102187,214,10,8,2,2,PRICE_TOO_HIGH
4618,20260514,102187,224,9,5,1,0,
4619,20260408,102188,155,7,8,0,0,
4620,20260419,102188,164,10,2,2,2,PRICE_TOO_HIGH
4621,20260504,102188,158,6,6,2,2,PRICE_TOO_HIGH
4622,20260515,102188,154,8,7,3,2,PRICE_TOO_HIGH
4623,20260523,102189,0,0,0,0,0,
4624,20260530,102189,3,0,1,0,0,
4625,20260613,102189,0,0,1,0,0,
4626,20260626,102189,2,0,0,0,0,
4627,20260406,102190,150,2,6,4,4,PRICE_TOO_HIGH
4628,20260419,102190,159,8,6,2,2,PRICE_TOO_HIGH
4629,20260517,102190,163,8,9,2,2,PRICE_TOO_HIGH
4630,20260519,102190,171,6,12,2,2,PRICE_TOO_HIGH
4631,20260610,102190,157,16,6,4,1,PRICE_TOO_HIGH
4632,20260417,102192,77,1,2,0,0,
4633,20260420,102192,86,3,2,0,0,
4634,20260506,102192,81,7,0,0,0,
4635,20260625,102192,89,5,2,0,0,
4636,20260430,102193,32,1,5,0,0,
4637,20260605,102193,38,2,8,2,0,
4638,20260611,102193,28,1,6,0,0,
4639,20260407,102197,180,5,8,1,1,PRICE_TOO_HIGH
4640,20260411,102197,161,12,4,1,1,PRICE_TOO_HIGH
4641,20260527,102197,171,9,2,0,0,
4642,20260613,102197,178,7,4,5,5,PRICE_TOO_HIGH
4643,20260617,102197,170,10,5,0,0,
4644,20260404,102200,44,5,3,2,2,PRICE_TOO_HIGH
4645,20260413,102200,44,2,5,2,0,
4646,20260525,102200,47,2,2,0,0,
4647,20260626,102200,45,0,3,0,0,
4648,20260419,102201,356,15,15,5,5,PRICE_TOO_HIGH
4649,20260514,102201,329,19,9,4,4,PRICE_TOO_HIGH
4650,20260420,102202,138,3,10,1,1,PRICE_TOO_HIGH
4651,20260529,102202,150,11,8,2,0,
4652,20260412,102203,9,1,0,0,0,
4653,20260419,102203,12,0,1,0,0,
4654,20260530,102203,8,1,1,0,0,
4655,20260616,102203,12,0,0,0,0,
4656,20260415,102204,134,8,12,4,4,PRICE_TOO_HIGH
4657,20260430,102204,109,4,6,2,2,PRICE_TOO_HIGH
4658,20260603,102204,127,8,8,2,0,
4659,20260621,102204,130,5,6,0,0,
4660,20260419,102206,149,4,8,2,0,
4661,20260606,102206,139,10,6,0,0,
4662,20260401,102209,158,6,8,2,2,PRICE_TOO_HIGH
4663,20260406,102209,167,9,11,1,1,PRICE_TOO_HIGH
4664,20260523,102209,184,9,6,3,3,PRICE_TOO_HIGH
4665,20260605,102209,157,9,10,2,1,PRICE_TOO_HIGH
4666,20260519,102212,110,2,3,1,1,PRICE_TOO_HIGH
4667,20260613,102212,77,7,7,2,0,
4668,20260509,102214,291,14,10,7,7,PRICE_TOO_HIGH
4669,20260510,102214,297,15,12,3,2,PRICE_TOO_HIGH
4670,20260521,102214,277,14,11,3,0,
4671,20260414,102217,108,6,4,2,0,
4672,20260430,102217,113,4,5,0,0,
4673,20260601,102217,116,8,3,2,0,
4674,20260602,102217,123,5,4,1,0,
4675,20260618,102218,6,0,0,0,0,
4676,20260620,102218,5,0,0,0,0,
4677,20260402,102219,84,3,8,5,5,PRICE_TOO_HIGH
4678,20260405,102219,69,6,6,0,0,
4679,20260415,102219,102,1,2,3,3,PRICE_TOO_HIGH
4680,20260427,102219,99,5,8,2,2,PRICE_TOO_HIGH
4681,20260629,102219,93,7,13,4,1,PRICE_TOO_HIGH
4682,20260413,102224,38,1,1,0,0,
4683,20260422,102224,31,1,1,0,0,
4684,20260506,102224,32,1,1,0,0,
4685,20260518,102224,38,3,0,0,0,
4686,20260610,102224,35,2,0,0,0,
4687,20260423,102225,160,8,10,4,4,PRICE_TOO_HIGH
4688,20260424,102225,152,9,7,3,3,PRICE_TOO_HIGH
4689,20260528,102225,171,7,7,5,3,PRICE_TOO_HIGH
4690,20260426,102226,219,9,6,3,3,PRICE_TOO_HIGH
4691,20260514,102226,210,12,14,8,6,PRICE_TOO_HIGH
4692,20260412,102227,71,5,4,2,0,
4693,20260512,102227,79,2,4,0,0,
4694,20260606,102227,83,6,4,0,0,
4695,20260623,102227,100,3,3,2,0,
4696,20260406,102229,98,9,1,0,0,
4697,20260519,102229,85,4,3,0,0,
4698,20260528,102229,113,4,0,3,1,PRICE_TOO_HIGH
4699,20260612,102229,99,5,2,0,0,
4700,20260624,102229,92,2,4,0,0,
4701,20260423,102230,5,0,0,0,0,
4702,20260510,102230,7,0,0,0,0,
4703,20260612,102230,4,0,2,0,0,
4704,20260627,102230,8,1,0,1,1,PRICE_TOO_HIGH
4705,20260629,102230,6,0,0,0,0,
4706,20260402,102232,84,4,8,1,1,PRICE_TOO_HIGH
4707,20260410,102232,83,5,5,4,4,PRICE_TOO_HIGH
4708,20260602,102232,80,3,4,1,1,PRICE_TOO_HIGH
4709,20260626,102232,81,4,4,4,4,PRICE_TOO_HIGH
4710,20260628,102232,73,4,3,2,1,PRICE_TOO_HIGH
4711,20260401,102234,82,4,4,2,2,PRICE_TOO_HIGH
4712,20260402,102234,88,2,1,1,1,PRICE_TOO_HIGH
4713,20260424,102234,78,7,4,2,2,PRICE_TOO_HIGH
4714,20260428,102234,91,5,3,0,0,
4715,20260627,102234,92,3,3,3,2,PRICE_TOO_HIGH
4716,20260413,102238,11,1,2,0,0,
4717,20260528,102238,11,0,0,2,1,PRICE_TOO_HIGH
4718,20260604,102238,7,1,1,1,0,
4719,20260605,102238,6,0,0,0,0,
4720,20260607,102238,16,0,3,0,0,
4721,20260501,102240,458,18,10,5,5,PRICE_TOO_HIGH
4722,20260505,102240,432,26,9,4,2,PRICE_TOO_HIGH
4723,20260409,102242,42,2,1,0,0,
4724,20260428,102242,16,3,4,1,0,
4725,20260518,102242,35,0,5,0,0,
4726,20260601,102242,31,1,2,1,0,
4727,20260608,102242,37,2,5,0,0,
4728,20260418,102245,4,0,0,0,0,
4729,20260602,102245,8,0,0,0,0,
4730,20260607,102245,1,0,0,0,0,
4731,20260622,102245,2,0,0,0,0,
4732,20260407,102246,268,10,7,6,6,PRICE_TOO_HIGH
4733,20260619,102246,258,16,13,5,4,PRICE_TOO_HIGH
4734,20260409,102248,188,8,6,2,2,PRICE_TOO_HIGH
4735,20260505,102248,171,9,4,1,1,PRICE_TOO_HIGH
4736,20260511,102248,170,10,6,0,0,
4737,20260610,102248,182,8,7,3,2,PRICE_TOO_HIGH
4738,20260425,102249,94,7,2,3,3,PRICE_TOO_HIGH
4739,20260427,102249,86,2,7,2,2,PRICE_TOO_HIGH
4740,20260513,102249,113,5,2,2,2,PRICE_TOO_HIGH
4741,20260603,102249,120,6,8,3,0,
4742,20260414,102250,52,3,4,1,1,PRICE_TOO_HIGH
4743,20260611,102250,60,2,4,4,0,
4744,20260528,102251,13,0,0,0,0,
4745,20260627,102251,24,1,1,0,0,
4746,20260412,102252,165,8,11,4,4,PRICE_TOO_HIGH
4747,20260611,102252,161,7,7,1,1,PRICE_TOO_HIGH
4748,20260623,102252,178,10,13,2,1,PRICE_TOO_HIGH
4749,20260528,102253,403,20,10,6,6,PRICE_TOO_HIGH
4750,20260607,102253,382,19,14,8,5,PRICE_TOO_HIGH
4751,20260504,102254,210,12,10,4,4,PRICE_TOO_HIGH
4752,20260505,102254,245,10,16,4,4,PRICE_TOO_HIGH
4753,20260421,102256,3,0,0,0,0,
4754,20260508,102256,2,0,0,0,0,
4755,20260524,102256,1,0,1,0,0,
4756,20260601,102256,1,0,1,0,0,
4757,20260406,102257,165,8,4,0,0,
4758,20260521,102257,149,8,8,0,0,
4759,20260523,102257,181,9,3,4,4,PRICE_TOO_HIGH
4760,20260619,102257,166,9,4,3,3,PRICE_TOO_HIGH
4761,20260625,102257,157,6,4,1,0,
4762,20260529,102260,265,15,11,8,8,PRICE_TOO_HIGH
4763,20260621,102260,267,14,14,2,1,PRICE_TOO_HIGH
4764,20260622,102260,290,12,11,2,0,
4765,20260422,102261,98,5,1,1,1,PRICE_TOO_HIGH
4766,20260618,102261,86,4,3,1,0,
4767,20260425,102262,245,14,19,4,4,PRICE_TOO_HIGH
4768,20260430,102262,267,11,15,2,1,PRICE_TOO_HIGH
4769,20260407,102264,5,0,0,0,0,
4770,20260509,102264,8,0,0,0,0,
4771,20260525,102264,4,0,0,1,1,PRICE_TOO_HIGH
4772,20260527,102264,7,1,0,0,0,
4773,20260502,102267,200,4,7,3,3,PRICE_TOO_HIGH
4774,20260505,102267,182,12,5,3,3,PRICE_TOO_HIGH
4775,20260617,102267,178,8,6,2,2,PRICE_TOO_HIGH
4776,20260628,102267,176,12,3,1,0,
4777,20260425,102268,78,4,5,2,1,PRICE_TOO_HIGH
4778,20260606,102268,72,4,2,2,0,
4779,20260608,102268,89,3,1,0,0,
4780,20260401,102269,162,3,3,1,1,PRICE_TOO_HIGH
4781,20260405,102269,185,8,6,1,1,PRICE_TOO_HIGH
4782,20260513,102269,163,13,8,1,1,PRICE_TOO_HIGH
4783,20260529,102269,181,8,8,2,2,PRICE_TOO_HIGH
4784,20260627,102269,190,12,7,1,1,PRICE_TOO_HIGH
4785,20260429,102270,71,3,0,2,1,PRICE_TOO_HIGH
4786,20260509,102270,72,3,2,0,0,
4787,20260514,102270,65,4,2,1,0,
4788,20260629,102270,73,4,3,0,0,
4789,20260412,102271,96,4,8,2,2,PRICE_TOO_HIGH
4790,20260424,102271,94,6,9,3,3,PRICE_TOO_HIGH
4791,20260426,102271,94,2,5,2,2,PRICE_TOO_HIGH
4792,20260517,102271,102,7,7,2,2,PRICE_TOO_HIGH
4793,20260601,102271,92,4,4,3,0,
4794,20260502,102272,10,0,1,0,0,
4795,20260508,102272,12,1,0,0,0,
4796,20260514,102272,7,0,1,0,0,
4797,20260519,102272,7,1,0,0,0,
4798,20260625,102272,8,0,0,0,0,
4799,20260415,102273,42,1,2,2,1,PRICE_TOO_HIGH
4800,20260423,102273,35,3,1,0,0,
4801,20260503,102273,42,1,2,1,0,
4802,20260521,102273,47,3,3,2,0,
4803,20260524,102275,158,14,2,4,4,PRICE_TOO_HIGH
4804,20260618,102275,170,6,7,0,0,
4805,20260629,102275,160,4,10,2,2,PRICE_TOO_HIGH
4806,20260417,102278,196,9,13,3,3,PRICE_TOO_HIGH
4807,20260620,102278,224,12,9,10,8,PRICE_TOO_HIGH
4808,20260422,102279,171,8,7,5,5,PRICE_TOO_HIGH
4809,20260510,102279,183,10,8,2,2,PRICE_TOO_HIGH
4810,20260516,102279,182,8,22,4,2,PRICE_TOO_HIGH
4811,20260521,102280,13,0,0,1,1,PRICE_TOO_HIGH
4812,20260606,102280,21,1,1,0,0,
4813,20260418,102283,79,4,2,5,5,PRICE_TOO_HIGH
4814,20260428,102283,78,4,6,3,3,PRICE_TOO_HIGH
4815,20260509,102283,76,3,5,1,1,PRICE_TOO_HIGH
4816,20260521,102283,83,3,8,3,3,PRICE_TOO_HIGH
4817,20260530,102283,84,6,5,1,0,
4818,20260403,102284,84,3,9,0,0,
4819,20260422,102284,77,4,6,3,0,
4820,20260610,102284,82,5,3,1,0,
4821,20260405,102288,116,4,7,3,3,PRICE_TOO_HIGH
4822,20260423,102288,115,6,15,2,2,PRICE_TOO_HIGH
4823,20260503,102288,129,8,5,5,5,PRICE_TOO_HIGH
4824,20260614,102288,114,5,12,3,0,
4825,20260401,102289,123,4,3,6,6,PRICE_TOO_HIGH
4826,20260420,102289,119,7,5,1,1,PRICE_TOO_HIGH
4827,20260507,102289,148,6,7,4,1,PRICE_TOO_HIGH
4828,20260610,102289,158,10,6,0,0,
4829,20260513,102290,170,8,6,2,0,
4830,20260528,102290,179,9,8,1,0,
4831,20260425,102291,13,1,0,1,1,PRICE_TOO_HIGH
4832,20260501,102291,16,0,0,0,0,
4833,20260525,102291,14,1,0,0,0,
4834,20260415,102292,198,11,11,4,4,PRICE_TOO_HIGH
4835,20260429,102292,197,3,4,2,2,PRICE_TOO_HIGH
4836,20260627,102292,203,15,10,2,1,PRICE_TOO_HIGH
4837,20260417,102293,238,9,6,1,1,PRICE_TOO_HIGH
4838,20260603,102293,217,10,3,3,3,PRICE_TOO_HIGH
4839,20260605,102293,232,12,6,0,0,
4840,20260624,102293,207,13,9,5,4,PRICE_TOO_HIGH
4841,20260529,102294,164,4,8,2,2,PRICE_TOO_HIGH
4842,20260604,102294,143,13,6,2,2,PRICE_TOO_HIGH
4843,20260615,102294,153,6,3,7,5,PRICE_TOO_HIGH
4844,20260402,102295,34,3,4,1,1,PRICE_TOO_HIGH
4845,20260415,102295,38,1,4,0,0,
4846,20260525,102295,46,1,0,1,0,
4847,20260505,102296,3,0,0,0,0,
4848,20260603,102296,1,0,1,0,0,
4849,20260605,102296,3,0,0,0,0,
4850,20260606,102296,4,0,0,0,0,
4851,20260629,102296,2,0,1,0,0,
4852,20260522,102298,135,9,3,3,3,PRICE_TOO_HIGH
4853,20260523,102298,135,7,5,4,4,PRICE_TOO_HIGH
4854,20260614,102298,109,4,4,3,3,PRICE_TOO_HIGH
4855,20260615,102298,125,5,3,3,0,
4856,20260415,102300,166,5,3,2,1,PRICE_TOO_HIGH
4857,20260505,102300,151,6,5,2,0,
4858,20260617,102300,154,12,4,1,0,
4859,20260422,102301,213,12,11,4,4,PRICE_TOO_HIGH
4860,20260510,102301,213,9,19,2,2,PRICE_TOO_HIGH
4861,20260617,102301,216,11,3,4,3,PRICE_TOO_HIGH
4862,20260416,102303,265,13,8,3,3,PRICE_TOO_HIGH
4863,20260425,102303,290,17,3,5,5,PRICE_TOO_HIGH
4864,20260621,102303,292,12,16,2,0,
4865,20260419,102304,0,0,0,0,0,
4866,20260423,102304,3,0,1,0,0,
4867,20260510,102304,2,0,1,1,1,PRICE_TOO_HIGH
4868,20260614,102304,2,0,0,0,0,
4869,20260420,102307,339,17,18,3,3,PRICE_TOO_HIGH
4870,20260423,102307,344,17,12,6,4,PRICE_TOO_HIGH
4871,20260426,102310,39,2,3,1,0,
4872,20260531,102310,21,2,4,0,0,
4873,20260612,102310,32,0,2,0,0,
4874,20260625,102310,35,2,1,0,0,
4875,20260428,102311,155,8,8,7,7,PRICE_TOO_HIGH
4876,20260512,102311,154,5,7,6,4,PRICE_TOO_HIGH
4877,20260603,102311,140,8,8,0,0,
4878,20260610,102311,149,8,8,0,0,
4879,20260428,102315,15,1,4,1,1,PRICE_TOO_HIGH
4880,20260514,102315,10,2,7,0,0,
4881,20260529,102315,13,0,3,1,0,
4882,20260623,102315,22,1,0,1,0,
4883,20260627,102315,20,0,2,2,0,
4884,20260427,102316,249,11,11,6,6,PRICE_TOO_HIGH
4885,20260527,102316,226,9,2,3,3,PRICE_TOO_HIGH
4886,20260601,102316,239,15,12,4,2,PRICE_TOO_HIGH
4887,20260410,102318,149,6,2,1,0,
4888,20260522,102318,140,8,2,1,0,
4889,20260525,102318,160,8,1,1,0,
4890,20260407,102319,201,7,8,3,0,
4891,20260607,102319,206,13,7,0,0,
4892,20260428,102321,92,8,2,1,0,
4893,20260430,102321,77,4,6,0,0,
4894,20260607,102321,77,2,2,0,0,
4895,20260629,102321,74,2,3,2,0,
4896,20260517,102327,3,1,0,0,0,
4897,20260521,102327,8,0,0,0,0,
4898,20260606,102327,4,0,0,0,0,
4899,20260615,102327,6,0,0,1,1,PRICE_TOO_HIGH
4900,20260620,102327,6,0,0,0,0,
4901,20260411,102328,199,9,13,3,3,PRICE_TOO_HIGH
4902,20260518,102328,179,6,11,4,4,PRICE_TOO_HIGH
4903,20260622,102328,188,13,8,4,2,PRICE_TOO_HIGH
4904,20260408,102330,201,9,8,4,4,PRICE_TOO_HIGH
4905,20260420,102330,217,9,9,4,4,PRICE_TOO_HIGH
4906,20260511,102330,235,14,8,2,2,PRICE_TOO_HIGH
4907,20260514,102330,223,11,10,4,0,
4908,20260612,102331,145,6,5,2,0,
4909,20260620,102331,153,8,8,1,0,
4910,20260603,102332,256,11,19,4,4,PRICE_TOO_HIGH
4911,20260617,102332,278,15,11,2,2,PRICE_TOO_HIGH
4912,20260423,102334,9,1,0,0,0,
4913,20260514,102334,14,0,0,1,1,PRICE_TOO_HIGH
4914,20260613,102334,12,0,1,0,0,
4915,20260407,102339,144,8,4,1,1,PRICE_TOO_HIGH
4916,20260417,102339,155,8,8,4,4,PRICE_TOO_HIGH
4917,20260504,102339,168,7,6,1,1,PRICE_TOO_HIGH
4918,20260525,102339,150,7,3,2,1,PRICE_TOO_HIGH
4919,20260508,102340,81,7,1,3,0,
4920,20260601,102340,73,5,2,1,0,
4921,20260616,102340,69,1,2,1,0,
4922,20260629,102340,87,2,1,0,0,
4923,20260415,102342,81,3,6,1,1,PRICE_TOO_HIGH
4924,20260522,102342,114,7,10,6,6,PRICE_TOO_HIGH
4925,20260601,102342,81,4,5,2,2,PRICE_TOO_HIGH
4926,20260611,102342,95,4,11,1,1,PRICE_TOO_HIGH
4927,20260615,102342,80,4,7,3,1,PRICE_TOO_HIGH
4928,20260413,102344,146,6,5,0,0,
4929,20260611,102344,146,8,2,4,0,
4930,20260409,102345,81,1,8,2,0,
4931,20260429,102345,62,2,1,0,0,
4932,20260516,102345,65,2,2,1,0,
4933,20260623,102345,37,7,1,0,0,
4934,20260424,102348,292,16,7,4,4,PRICE_TOO_HIGH
4935,20260508,102348,274,14,9,5,5,PRICE_TOO_HIGH
4936,20260514,102348,292,12,5,2,1,PRICE_TOO_HIGH
4937,20260517,102350,13,1,1,0,0,
4938,20260626,102350,17,0,1,0,0,
4939,20260428,102354,226,10,11,2,1,PRICE_TOO_HIGH
4940,20260624,102354,210,11,7,2,0,
4941,20260412,102355,27,1,4,0,0,
4942,20260418,102355,14,0,8,0,0,
4943,20260606,102355,29,2,5,1,0,
4944,20260404,102357,32,1,2,2,2,PRICE_TOO_HIGH
4945,20260501,102357,27,1,0,2,0,
4946,20260602,102357,26,2,2,0,0,
4947,20260508,102358,389,18,11,3,3,PRICE_TOO_HIGH
4948,20260619,102358,392,21,6,9,5,PRICE_TOO_HIGH
4949,20260413,102360,13,0,6,3,1,PRICE_TOO_HIGH
4950,20260501,102360,17,1,8,1,0,
4951,20260514,102360,26,1,5,0,0,
4952,20260516,102363,142,6,17,6,6,PRICE_TOO_HIGH
4953,20260612,102363,132,8,12,4,4,PRICE_TOO_HIGH
4954,20260613,102363,135,6,10,3,1,PRICE_TOO_HIGH
4955,20260404,102364,138,1,5,1,1,PRICE_TOO_HIGH
4956,20260609,102364,138,11,8,4,3,PRICE_TOO_HIGH
4957,20260610,102364,155,9,4,1,0,
4958,20260401,102366,7,0,0,0,0,
4959,20260418,102366,9,0,0,1,1,PRICE_TOO_HIGH
4960,20260420,102366,10,1,1,0,0,
4961,20260603,102369,38,2,6,1,1,PRICE_TOO_HIGH
4962,20260626,102369,44,3,2,0,0,
4963,20260628,102369,51,1,3,2,0,
4964,20260418,102370,170,6,6,1,1,PRICE_TOO_HIGH
4965,20260503,102370,163,13,8,2,2,PRICE_TOO_HIGH
4966,20260513,102370,169,9,11,1,1,PRICE_TOO_HIGH
4967,20260628,102370,185,6,5,2,1,PRICE_TOO_HIGH
4968,20260401,102375,120,3,2,2,2,PRICE_TOO_HIGH
4969,20260514,102375,124,8,2,2,2,PRICE_TOO_HIGH
4970,20260516,102375,122,6,5,2,2,PRICE_TOO_HIGH
4971,20260519,102375,128,6,7,3,3,PRICE_TOO_HIGH
4972,20260527,102375,116,7,6,2,1,PRICE_TOO_HIGH
4973,20260424,102377,121,4,1,0,0,
4974,20260524,102377,114,7,2,0,0,
4975,20260627,102377,118,6,7,0,0,
4976,20260401,102378,50,1,2,2,1,PRICE_TOO_HIGH
4977,20260509,102378,30,3,2,1,0,
4978,20260515,102378,38,1,0,1,0,
4979,20260606,102378,42,1,0,1,0,
4980,20260615,102378,34,3,2,0,0,
4981,20260517,102379,106,7,8,2,2,PRICE_TOO_HIGH
4982,20260518,102379,137,5,7,3,3,PRICE_TOO_HIGH
4983,20260527,102379,121,8,5,3,3,PRICE_TOO_HIGH
4984,20260621,102379,132,4,9,3,2,PRICE_TOO_HIGH
4985,20260430,102380,69,1,0,0,0,
4986,20260511,102380,67,4,0,1,0,
4987,20260526,102380,59,1,0,0,0,
4988,20260616,102380,78,5,2,0,0,
4989,20260621,102380,57,5,2,0,0,
4990,20260519,102381,228,13,5,3,0,
4991,20260605,102381,214,9,4,2,0,
4992,20260423,102382,46,2,2,0,0,
4993,20260427,102382,53,3,0,1,1,PRICE_TOO_HIGH
4994,20260521,102382,45,1,0,1,0,
4995,20260603,102382,45,3,1,1,0,
4996,20260625,102382,53,3,0,1,0,
4997,20260411,102383,9,1,0,0,0,
4998,20260501,102383,9,0,1,0,0,
4999,20260608,102383,13,0,0,0,0,
5000,20260514,102384,171,7,6,2,2,PRICE_TOO_HIGH
5001,20260603,102384,164,11,12,1,1,PRICE_TOO_HIGH
5002,20260621,102384,211,9,8,4,3,PRICE_TOO_HIGH
5003,20260515,102385,392,20,16,2,2,PRICE_TOO_HIGH
5004,20260528,102385,428,21,14,4,3,PRICE_TOO_HIGH
5005,20260501,102387,40,2,8,1,1,PRICE_TOO_HIGH
5006,20260502,102387,41,1,6,0,0,
5007,20260505,102387,30,2,4,1,0,
5008,20260418,102388,37,1,3,0,0,
5009,20260420,102388,30,1,2,0,0,
5010,20260503,102388,28,2,2,0,0,
5011,20260508,102388,32,0,2,0,0,
5012,20260612,102388,31,3,3,0,0,
5013,20260422,102390,128,6,4,3,3,PRICE_TOO_HIGH
5014,20260518,102390,131,7,3,2,2,PRICE_TOO_HIGH
5015,20260524,102390,136,8,8,2,2,PRICE_TOO_HIGH
5016,20260609,102390,131,6,5,4,4,PRICE_TOO_HIGH
5017,20260611,102390,142,6,6,2,0,
5018,20260405,102391,84,4,3,0,0,
5019,20260515,102391,80,5,3,0,0,
5020,20260523,102391,86,3,3,2,0,
5021,20260422,102392,55,6,4,1,1,PRICE_TOO_HIGH
5022,20260605,102392,57,3,3,3,0,
5023,20260628,102392,75,0,0,0,0,
5024,20260618,102393,88,6,2,0,0,
5025,20260620,102393,104,5,2,0,0,
5026,20260622,102393,104,3,1,0,0,
5027,20260518,102395,69,1,1,0,0,
5028,20260525,102395,81,4,1,1,0,
5029,20260612,102395,84,6,2,1,0,
5030,20260418,102402,104,7,8,2,1,PRICE_TOO_HIGH
5031,20260420,102402,113,3,5,0,0,
5032,20260416,102403,69,1,3,0,0,
5033,20260529,102403,67,4,4,0,0,
5034,20260601,102403,68,5,7,0,0,
5035,20260527,102404,19,2,0,0,0,
5036,20260615,102404,26,0,0,1,1,PRICE_TOO_HIGH
5037,20260413,102405,126,5,3,1,1,PRICE_TOO_HIGH
5038,20260427,102405,123,2,7,2,2,PRICE_TOO_HIGH
5039,20260503,102405,113,7,6,1,1,PRICE_TOO_HIGH
5040,20260504,102405,135,9,3,1,1,PRICE_TOO_HIGH
5041,20260613,102405,143,9,6,2,0,
5042,20260407,102406,112,6,6,0,0,
5043,20260606,102406,125,5,2,2,0,
5044,20260627,102406,120,6,2,0,0,
5045,20260613,102410,276,17,7,9,9,PRICE_TOO_HIGH
5046,20260616,102410,296,11,11,5,4,PRICE_TOO_HIGH
5047,20260422,102413,356,14,13,2,2,PRICE_TOO_HIGH
5048,20260609,102413,301,18,11,8,7,PRICE_TOO_HIGH
5049,20260502,102418,92,5,3,1,0,
5050,20260606,102418,96,4,0,2,0,
5051,20260411,102420,10,0,0,0,0,
5052,20260602,102420,15,1,0,0,0,
5053,20260405,102422,110,6,4,2,2,PRICE_TOO_HIGH
5054,20260605,102422,130,6,6,1,1,PRICE_TOO_HIGH
5055,20260607,102422,120,8,3,3,3,PRICE_TOO_HIGH
5056,20260608,102422,118,8,2,5,3,PRICE_TOO_HIGH
5057,20260629,102422,105,1,5,0,0,
5058,20260512,102424,97,2,5,2,1,PRICE_TOO_HIGH
5059,20260605,102424,99,7,7,3,0,
5060,20260429,102425,124,4,2,0,0,
5061,20260505,102425,115,1,1,0,0,
5062,20260530,102425,123,12,1,1,0,
5063,20260602,102425,130,7,2,0,0,
5064,20260401,102426,50,2,3,0,0,
5065,20260513,102426,36,3,6,1,0,
5066,20260606,102426,51,1,3,0,0,
5067,20260623,102426,31,2,5,0,0,
5068,20260406,102427,170,7,11,3,3,PRICE_TOO_HIGH
5069,20260412,102427,186,9,12,3,3,PRICE_TOO_HIGH
5070,20260422,102427,174,10,8,8,7,PRICE_TOO_HIGH
5071,20260424,102431,122,9,9,2,2,PRICE_TOO_HIGH
5072,20260429,102431,119,7,3,2,2,PRICE_TOO_HIGH
5073,20260602,102431,119,2,7,2,2,PRICE_TOO_HIGH
5074,20260604,102431,128,6,5,2,1,PRICE_TOO_HIGH
5075,20260409,102432,3,1,0,0,0,
5076,20260421,102432,4,0,1,1,1,PRICE_TOO_HIGH
5077,20260527,102432,5,0,0,0,0,
5078,20260601,102432,7,0,0,0,0,
5079,20260614,102432,3,0,1,0,0,
5080,20260413,102433,41,4,0,2,0,
5081,20260504,102433,54,2,7,0,0,
5082,20260525,102433,50,3,1,1,0,
5083,20260610,102433,42,1,2,0,0,
5084,20260616,102433,47,1,3,1,0,
5085,20260420,102434,60,2,1,0,0,
5086,20260426,102434,35,3,1,0,0,
5087,20260511,102434,42,3,3,1,0,
5088,20260607,102434,42,0,1,0,0,
5089,20260406,102436,226,10,9,7,7,PRICE_TOO_HIGH
5090,20260628,102436,205,11,9,5,2,PRICE_TOO_HIGH
5091,20260402,102437,221,12,17,3,3,PRICE_TOO_HIGH
5092,20260609,102437,223,10,19,7,6,PRICE_TOO_HIGH
5093,20260525,102442,84,4,4,0,0,
5094,20260526,102442,70,6,7,1,0,
5095,20260613,102442,107,3,3,2,0,
5096,20260408,102443,137,8,2,0,0,
5097,20260508,102443,128,8,5,0,0,
5098,20260517,102443,125,3,2,0,0,
5099,20260409,102444,174,3,6,2,2,PRICE_TOO_HIGH
5100,20260430,102444,166,7,10,2,2,PRICE_TOO_HIGH
5101,20260529,102444,168,11,10,2,2,PRICE_TOO_HIGH
5102,20260618,102444,173,13,9,2,0,
5103,20260425,102446,9,0,0,0,0,
5104,20260526,102446,9,0,0,0,0,
5105,20260528,102446,6,1,0,0,0,
5106,20260529,102446,7,0,0,0,0,
5107,20260622,102446,7,0,2,0,0,
5108,20260504,102447,26,3,2,1,1,PRICE_TOO_HIGH
5109,20260506,102447,27,1,2,0,0,
5110,20260526,102447,38,1,2,1,0,
5111,20260612,102447,29,1,2,0,0,
5112,20260409,102448,325,15,18,6,6,PRICE_TOO_HIGH
5113,20260515,102448,343,18,21,8,7,PRICE_TOO_HIGH
5114,20260509,102449,143,10,6,6,6,PRICE_TOO_HIGH
5115,20260604,102449,136,5,5,3,3,PRICE_TOO_HIGH
5116,20260611,102449,118,4,12,1,1,PRICE_TOO_HIGH
5117,20260621,102449,130,7,10,4,0,
5118,20260524,102450,159,4,4,0,0,
5119,20260528,102450,142,9,3,1,0,
5120,20260614,102450,141,9,3,0,0,
5121,20260501,102451,445,20,15,5,5,PRICE_TOO_HIGH
5122,20260530,102451,438,24,13,6,4,PRICE_TOO_HIGH
5123,20260402,102453,48,0,1,2,1,PRICE_TOO_HIGH
5124,20260415,102453,38,1,2,0,0,
5125,20260511,102453,37,2,4,1,0,
5126,20260603,102453,33,2,2,0,0,
5127,20260627,102453,42,4,4,1,0,
5128,20260401,102454,6,0,0,0,0,
5129,20260413,102454,7,1,2,0,0,
5130,20260505,102454,4,0,0,0,0,
5131,20260525,102454,8,0,0,0,0,
5132,20260416,102456,109,9,9,3,3,PRICE_TOO_HIGH
5133,20260425,102456,100,4,11,2,2,PRICE_TOO_HIGH
5134,20260520,102456,120,2,14,3,3,PRICE_TOO_HIGH
5135,20260523,102456,88,5,5,2,0,
5136,20260503,102460,107,8,8,2,1,PRICE_TOO_HIGH
5137,20260528,102460,102,2,1,2,0,
5138,20260418,102461,120,4,8,1,1,PRICE_TOO_HIGH
5139,20260423,102461,123,4,7,2,2,PRICE_TOO_HIGH
5140,20260515,102461,119,10,8,4,4,PRICE_TOO_HIGH
5141,20260524,102461,123,4,3,2,1,PRICE_TOO_HIGH
5142,20260609,102461,102,7,9,0,0,
5143,20260428,102462,305,10,9,5,5,PRICE_TOO_HIGH
5144,20260526,102462,286,23,1,3,3,PRICE_TOO_HIGH
5145,20260530,102462,299,11,6,3,1,PRICE_TOO_HIGH
5146,20260515,102464,9,1,0,0,0,
5147,20260603,102464,16,1,1,0,0,
5148,20260610,102464,18,0,1,0,0,
5149,20260515,102466,190,8,7,4,4,PRICE_TOO_HIGH
5150,20260516,102466,200,8,10,2,2,PRICE_TOO_HIGH
5151,20260617,102466,196,10,6,3,2,PRICE_TOO_HIGH
5152,20260622,102466,194,13,6,1,0,
5153,20260416,102467,140,8,3,0,0,
5154,20260425,102467,143,8,7,2,0,
5155,20260528,102467,162,6,7,1,0,
5156,20260416,102468,435,24,19,3,3,PRICE_TOO_HIGH
5157,20260518,102468,454,20,19,6,4,PRICE_TOO_HIGH
5158,20260504,102469,352,18,14,2,2,PRICE_TOO_HIGH
5159,20260516,102469,355,17,14,4,3,PRICE_TOO_HIGH
5160,20260413,102470,7,0,2,0,0,
5161,20260605,102470,2,0,0,0,0,
5162,20260404,102474,185,4,1,3,3,PRICE_TOO_HIGH
5163,20260407,102474,138,11,8,1,1,PRICE_TOO_HIGH
5164,20260408,102474,143,9,4,2,2,PRICE_TOO_HIGH
5165,20260414,102474,160,6,2,1,1,PRICE_TOO_HIGH
5166,20260504,102474,175,10,5,3,2,PRICE_TOO_HIGH
5167,20260513,102475,194,9,7,3,3,PRICE_TOO_HIGH
5168,20260525,102475,174,7,7,4,4,PRICE_TOO_HIGH
5169,20260621,102475,182,11,6,4,2,PRICE_TOO_HIGH
5170,20260407,102478,71,2,3,1,1,PRICE_TOO_HIGH
5171,20260517,102478,71,4,5,2,0,
5172,20260518,102478,68,4,2,2,0,
5173,20260520,102481,302,15,12,2,2,PRICE_TOO_HIGH
5174,20260609,102481,307,15,7,6,4,PRICE_TOO_HIGH
5175,20260612,102482,17,1,0,1,1,PRICE_TOO_HIGH
5176,20260614,102482,26,1,2,0,0,
5177,20260417,102486,97,4,9,3,0,
5178,20260609,102486,112,6,7,0,0,
5179,20260514,102487,49,1,5,1,0,
5180,20260516,102487,51,3,9,0,0,
5181,20260523,102487,59,3,2,1,0,
5182,20260629,102487,44,3,2,0,0,
5183,20260527,102488,96,6,9,1,0,
5184,20260603,102488,98,3,7,1,0,
5185,20260414,102489,139,5,9,2,2,PRICE_TOO_HIGH
5186,20260424,102489,154,9,6,1,1,PRICE_TOO_HIGH
5187,20260528,102489,145,4,6,3,2,PRICE_TOO_HIGH
5188,20260531,102489,152,11,6,1,0,
5189,20260618,102490,331,17,16,6,6,PRICE_TOO_HIGH
5190,20260626,102490,328,15,23,7,4,PRICE_TOO_HIGH
5191,20260401,102491,202,9,5,3,3,PRICE_TOO_HIGH
5192,20260511,102491,198,17,4,1,1,PRICE_TOO_HIGH
5193,20260530,102491,202,5,6,4,4,PRICE_TOO_HIGH
5194,20260604,102491,208,9,8,2,1,PRICE_TOO_HIGH
5195,20260514,102492,5,0,0,1,1,PRICE_TOO_HIGH
5196,20260609,102492,7,0,0,0,0,
5197,20260612,102492,2,0,0,0,0,
5198,20260617,102492,6,0,0,0,0,
5199,20260624,102492,6,1,0,0,0,
5200,20260507,102495,133,9,12,4,4,PRICE_TOO_HIGH
5201,20260523,102495,143,6,9,4,4,PRICE_TOO_HIGH
5202,20260602,102495,159,6,8,2,1,PRICE_TOO_HIGH
5203,20260425,102496,307,22,15,8,8,PRICE_TOO_HIGH
5204,20260507,102496,274,13,11,3,3,PRICE_TOO_HIGH
5205,20260519,102496,288,8,12,3,1,PRICE_TOO_HIGH
5206,20260403,102497,104,6,6,2,2,PRICE_TOO_HIGH
5207,20260508,102497,112,6,2,0,0,
5208,20260512,102497,138,4,8,1,1,PRICE_TOO_HIGH
5209,20260525,102497,126,8,3,3,2,PRICE_TOO_HIGH
5210,20260402,102498,34,2,7,2,1,PRICE_TOO_HIGH
5211,20260612,102498,37,1,3,2,0,
5212,20260419,102499,123,5,2,0,0,
5213,20260528,102499,133,6,3,1,0,
5214,20260607,102499,118,6,3,0,0,
5215,20260613,102499,113,7,3,0,0,
5216,20260413,102506,1,0,0,0,0,
5217,20260420,102506,0,0,0,0,0,
5218,20260503,102506,1,0,0,0,0,
5219,20260602,102506,3,0,0,0,0,
5220,20260626,102506,1,0,1,0,0,
5221,20260523,102507,158,4,7,1,1,PRICE_TOO_HIGH
5222,20260602,102507,144,6,7,3,3,PRICE_TOO_HIGH
5223,20260613,102507,144,9,7,1,1,PRICE_TOO_HIGH
5224,20260616,102507,151,6,4,4,4,PRICE_TOO_HIGH
5225,20260618,102507,145,12,6,5,3,PRICE_TOO_HIGH
5226,20260505,102508,260,13,15,7,7,PRICE_TOO_HIGH
5227,20260603,102508,251,12,14,7,5,PRICE_TOO_HIGH
5228,20260408,102509,149,8,4,1,0,
5229,20260421,102509,146,7,3,1,0,
5230,20260529,102509,138,6,1,1,0,
5231,20260429,102510,70,3,2,0,0,
5232,20260515,102510,71,1,1,0,0,
5233,20260603,102510,69,5,2,0,0,
5234,20260607,102510,62,2,1,1,0,
5235,20260613,102510,70,6,4,0,0,
5236,20260417,102513,59,4,3,1,0,
5237,20260526,102513,70,5,7,0,0,
5238,20260609,102513,62,2,0,1,0,
5239,20260610,102513,71,2,8,0,0,
5240,20260422,102518,145,6,4,2,2,PRICE_TOO_HIGH
5241,20260504,102518,162,4,4,4,4,PRICE_TOO_HIGH
5242,20260529,102518,162,7,5,0,0,
5243,20260613,102518,150,13,5,0,0,
5244,20260620,102518,162,9,3,4,1,PRICE_TOO_HIGH
5245,20260524,102520,13,1,1,0,0,
5246,20260619,102520,16,0,1,0,0,
5247,20260402,102523,59,2,1,0,0,
5248,20260503,102523,53,3,0,0,0,
5249,20260506,102523,59,3,3,0,0,
5250,20260510,102523,61,3,1,0,0,
5251,20260513,102523,66,3,0,0,0,
5252,20260512,102525,317,12,9,2,2,PRICE_TOO_HIGH
5253,20260628,102525,293,18,11,6,5,PRICE_TOO_HIGH
5254,20260502,102526,251,10,5,3,3,PRICE_TOO_HIGH
5255,20260510,102526,234,13,7,3,3,PRICE_TOO_HIGH
5256,20260527,102526,249,13,4,1,0,
5257,20260405,102527,35,1,4,3,0,
5258,20260413,102527,28,0,4,1,0,
5259,20260426,102527,35,0,3,1,0,
5260,20260518,102527,41,5,4,0,0,
5261,20260501,102528,169,8,7,4,4,PRICE_TOO_HIGH
5262,20260527,102528,195,8,9,6,6,PRICE_TOO_HIGH
5263,20260612,102528,161,8,8,3,0,
5264,20260619,102528,161,10,4,1,0,
5265,20260418,102530,78,3,7,1,0,
5266,20260420,102530,72,2,4,0,0,
5267,20260504,102530,68,5,4,0,0,
5268,20260526,102530,65,4,3,1,0,
5269,20260414,102531,63,1,3,1,1,PRICE_TOO_HIGH
5270,20260424,102531,59,3,4,2,0,
5271,20260501,102531,51,2,1,0,0,
5272,20260526,102531,70,3,2,0,0,
5273,20260608,102531,64,6,4,1,0,
5274,20260401,102532,11,0,1,0,0,
5275,20260512,102532,5,1,0,0,0,
5276,20260605,102532,7,0,0,1,1,PRICE_TOO_HIGH
5277,20260614,102532,2,0,0,0,0,
5278,20260617,102532,5,0,0,0,0,
5279,20260522,102534,328,13,24,3,3,PRICE_TOO_HIGH
5280,20260615,102534,331,19,12,8,5,PRICE_TOO_HIGH
5281,20260504,102535,23,2,2,1,1,PRICE_TOO_HIGH
5282,20260514,102535,27,2,3,0,0,
5283,20260603,102535,27,0,2,2,0,
5284,20260606,102535,23,0,3,0,0,
5285,20260629,102535,25,2,2,0,0,
5286,20260409,102540,95,2,1,1,0,
5287,20260423,102540,99,7,4,0,0,
5288,20260504,102540,77,4,2,0,0,
5289,20260521,102540,105,2,3,0,0,
5290,20260626,102540,100,8,1,0,0,
5291,20260519,102541,153,6,6,2,2,PRICE_TOO_HIGH
5292,20260607,102541,156,7,5,2,2,PRICE_TOO_HIGH
5293,20260610,102541,158,6,6,1,1,PRICE_TOO_HIGH
5294,20260611,102541,189,13,3,2,2,PRICE_TOO_HIGH
5295,20260621,102541,188,10,8,5,4,PRICE_TOO_HIGH
5296,20260508,102544,140,11,11,1,1,PRICE_TOO_HIGH
5297,20260601,102544,153,5,9,4,4,PRICE_TOO_HIGH
5298,20260606,102544,163,2,6,2,2,PRICE_TOO_HIGH
5299,20260623,102544,184,14,11,5,2,PRICE_TOO_HIGH
5300,20260401,102545,9,0,0,0,0,
5301,20260511,102545,4,0,2,0,0,
5302,20260412,102546,130,8,9,3,3,PRICE_TOO_HIGH
5303,20260522,102546,120,3,11,3,3,PRICE_TOO_HIGH
5304,20260524,102546,120,7,4,1,1,PRICE_TOO_HIGH
5305,20260621,102546,113,6,8,4,1,PRICE_TOO_HIGH
5306,20260510,102547,33,1,8,4,0,
5307,20260515,102547,24,1,7,0,0,
5308,20260413,102548,257,10,4,6,6,PRICE_TOO_HIGH
5309,20260519,102548,233,15,8,2,2,PRICE_TOO_HIGH
5310,20260622,102548,248,11,15,5,2,PRICE_TOO_HIGH
5311,20260420,102549,107,5,7,2,2,PRICE_TOO_HIGH
5312,20260429,102549,116,4,4,1,1,PRICE_TOO_HIGH
5313,20260504,102549,92,4,7,5,5,PRICE_TOO_HIGH
5314,20260523,102549,100,5,4,4,2,PRICE_TOO_HIGH
5315,20260525,102549,113,8,2,0,0,
5316,20260416,102550,11,0,0,0,0,
5317,20260510,102550,10,0,0,0,0,
5318,20260513,102550,18,1,0,0,0,
5319,20260402,102551,168,6,14,4,4,PRICE_TOO_HIGH
5320,20260526,102551,170,7,8,3,3,PRICE_TOO_HIGH
5321,20260629,102551,175,12,10,3,2,PRICE_TOO_HIGH
5322,20260414,102552,224,12,5,4,1,PRICE_TOO_HIGH
5323,20260605,102552,190,8,3,0,0,
5324,20260504,102555,191,12,13,0,0,
5325,20260616,102555,229,9,5,3,0,
5326,20260402,102559,162,8,8,2,2,PRICE_TOO_HIGH
5327,20260509,102559,178,9,7,2,2,PRICE_TOO_HIGH
5328,20260510,102559,191,9,10,2,2,PRICE_TOO_HIGH
5329,20260518,102559,170,8,4,1,0,
5330,20260604,102559,151,8,10,1,0,
5331,20260420,102560,88,4,1,0,0,
5332,20260504,102560,90,3,2,1,0,
5333,20260516,102560,102,6,0,1,0,
5334,20260610,102560,83,5,2,0,0,
5335,20260527,102561,320,17,14,6,6,PRICE_TOO_HIGH
5336,20260603,102561,352,16,16,4,2,PRICE_TOO_HIGH
5337,20260407,102564,41,3,2,0,0,
5338,20260418,102564,41,0,1,0,0,
5339,20260501,102564,40,1,3,1,1,PRICE_TOO_HIGH
5340,20260531,102564,29,4,1,0,0,
5341,20260625,102564,33,1,1,1,0,
5342,20260424,102565,82,3,3,0,0,
5343,20260504,102565,83,4,5,1,0,
5344,20260520,102565,85,6,5,0,0,
5345,20260605,102565,83,3,5,0,0,
5346,20260401,102568,6,1,0,0,0,
5347,20260414,102568,11,0,0,1,1,PRICE_TOO_HIGH
5348,20260419,102568,19,0,0,0,0,
5349,20260620,102568,7,1,0,0,0,
5350,20260408,102571,71,3,3,1,0,
5351,20260418,102571,61,3,4,3,0,
5352,20260402,102573,51,3,0,0,0,
5353,20260406,102573,69,2,3,0,0,
5354,20260413,102573,55,1,1,0,0,
5355,20260508,102573,66,6,4,1,0,
5356,20260624,102573,70,3,3,0,0,
5357,20260406,102575,147,12,3,2,2,PRICE_TOO_HIGH
5358,20260419,102575,184,2,2,0,0,
5359,20260428,102575,153,6,5,4,4,PRICE_TOO_HIGH
5360,20260524,102575,141,11,5,0,0,
5361,20260525,102575,149,7,6,1,0,
5362,20260409,102577,91,4,3,2,2,PRICE_TOO_HIGH
5363,20260419,102577,73,9,2,3,3,PRICE_TOO_HIGH
5364,20260503,102577,98,1,3,1,1,PRICE_TOO_HIGH
5365,20260509,102577,87,3,9,3,2,PRICE_TOO_HIGH
5366,20260517,102577,91,5,2,0,0,
5367,20260405,102579,30,3,5,2,1,PRICE_TOO_HIGH
5368,20260523,102579,36,0,2,3,0,
5369,20260402,102581,86,7,4,2,2,PRICE_TOO_HIGH
5370,20260414,102581,92,5,1,2,2,PRICE_TOO_HIGH
5371,20260421,102581,118,4,4,0,0,
5372,20260426,102581,87,4,4,5,3,PRICE_TOO_HIGH
5373,20260504,102581,92,3,4,1,0,
5374,20260404,102585,39,1,1,0,0,
5375,20260417,102585,40,3,2,0,0,
5376,20260507,102585,37,1,3,0,0,
5377,20260424,102592,72,2,1,0,0,
5378,20260426,102592,80,5,3,0,0,
5379,20260430,102592,78,5,3,1,0,
5380,20260610,102592,72,1,2,1,0,
5381,20260612,102592,62,5,5,0,0,
5382,20260426,102593,11,1,1,1,1,PRICE_TOO_HIGH
5383,20260428,102593,21,1,0,0,0,
5384,20260502,102593,11,0,1,0,0,
5385,20260411,102596,131,6,11,4,4,PRICE_TOO_HIGH
5386,20260503,102596,152,6,11,2,2,PRICE_TOO_HIGH
5387,20260617,102596,128,8,7,4,2,PRICE_TOO_HIGH
5388,20260402,102597,78,4,2,2,1,PRICE_TOO_HIGH
5389,20260419,102597,67,3,3,1,0,
5390,20260526,102597,83,0,3,0,0,
5391,20260625,102597,71,7,1,1,0,
5392,20260416,102599,95,5,5,1,1,PRICE_TOO_HIGH
5393,20260522,102599,108,6,7,1,1,PRICE_TOO_HIGH
5394,20260613,102599,115,5,8,2,2,PRICE_TOO_HIGH
5395,20260620,102599,106,5,6,5,3,PRICE_TOO_HIGH
5396,20260416,102600,292,17,19,7,7,PRICE_TOO_HIGH
5397,20260606,102600,354,15,15,5,2,PRICE_TOO_HIGH
5398,20260407,102603,159,4,8,1,1,PRICE_TOO_HIGH
5399,20260605,102603,160,11,7,4,0,
5400,20260421,102604,2,0,1,1,1,PRICE_TOO_HIGH
5401,20260504,102604,2,0,0,0,0,
5402,20260525,102604,2,0,0,0,0,
5403,20260603,102604,0,0,0,0,0,
5404,20260604,102604,1,0,0,0,0,
5405,20260511,102609,99,3,1,4,4,PRICE_TOO_HIGH
5406,20260601,102609,97,8,3,2,2,PRICE_TOO_HIGH
5407,20260613,102609,110,5,3,1,1,PRICE_TOO_HIGH
5408,20260615,102609,104,5,5,2,2,PRICE_TOO_HIGH
5409,20260626,102609,108,4,6,4,0,
5410,20260514,102611,150,12,8,4,4,PRICE_TOO_HIGH
5411,20260610,102611,182,8,11,2,2,PRICE_TOO_HIGH
5412,20260625,102611,167,4,5,4,2,PRICE_TOO_HIGH
5413,20260426,102612,144,8,4,1,1,PRICE_TOO_HIGH
5414,20260506,102612,129,10,1,0,0,
5415,20260515,102612,141,6,4,5,5,PRICE_TOO_HIGH
5416,20260608,102612,137,5,2,0,0,
5417,20260627,102612,138,5,4,1,0,
5418,20260419,102614,8,0,2,0,0,
5419,20260512,102614,10,1,0,0,0,
5420,20260524,102614,7,1,0,0,0,
5421,20260601,102614,5,0,0,0,0,
5422,20260621,102614,10,0,0,0,0,
5423,20260428,102615,87,2,1,1,0,
5424,20260501,102615,77,2,4,1,0,
5425,20260627,102615,87,7,2,0,0,
5426,20260628,102615,84,5,2,0,0,
5427,20260407,102616,130,4,11,0,0,
5428,20260610,102616,149,9,4,1,0,
5429,20260502,102618,241,7,5,3,3,PRICE_TOO_HIGH
5430,20260526,102618,188,16,7,1,1,PRICE_TOO_HIGH
5431,20260607,102618,217,5,4,1,1,PRICE_TOO_HIGH
5432,20260617,102618,226,15,6,4,3,PRICE_TOO_HIGH
5433,20260403,102619,151,6,6,3,3,PRICE_TOO_HIGH
5434,20260405,102619,144,8,10,4,4,PRICE_TOO_HIGH
5435,20260413,102619,184,8,6,3,3,PRICE_TOO_HIGH
5436,20260618,102619,157,9,10,4,1,PRICE_TOO_HIGH
5437,20260410,102620,51,2,2,1,0,
5438,20260509,102620,51,1,2,1,0,
5439,20260520,102620,59,5,7,0,0,
5440,20260408,102621,225,10,19,6,6,PRICE_TOO_HIGH
5441,20260528,102621,225,12,9,4,3,PRICE_TOO_HIGH
5442,20260421,102623,11,0,1,0,0,
5443,20260503,102623,10,1,0,0,0,
5444,20260512,102623,7,1,1,0,0,
5445,20260515,102623,10,0,0,0,0,
5446,20260524,102623,8,0,0,0,0,
5447,20260502,102626,297,10,11,4,4,PRICE_TOO_HIGH
5448,20260503,102626,289,18,14,1,1,PRICE_TOO_HIGH
5449,20260619,102626,276,15,7,3,2,PRICE_TOO_HIGH
5450,20260425,102627,150,7,12,2,0,
5451,20260519,102627,131,7,5,1,0,
5452,20260416,102628,325,19,23,2,2,PRICE_TOO_HIGH
5453,20260625,102628,331,13,13,7,6,PRICE_TOO_HIGH
5454,20260416,102629,40,3,2,0,0,
5455,20260420,102629,36,2,4,0,0,
5456,20260516,102629,35,4,1,1,0,
5457,20260624,102629,40,0,2,0,0,
5458,20260626,102629,47,0,1,0,0,
5459,20260430,102630,139,6,3,2,2,PRICE_TOO_HIGH
5460,20260603,102630,147,6,4,2,2,PRICE_TOO_HIGH
5461,20260613,102630,141,10,9,3,3,PRICE_TOO_HIGH
5462,20260624,102630,156,7,7,2,1,PRICE_TOO_HIGH
5463,20260518,102631,89,1,8,1,1,PRICE_TOO_HIGH
5464,20260625,102631,78,7,10,4,0,
5465,20260402,102632,2,0,0,1,1,PRICE_TOO_HIGH
5466,20260516,102632,6,0,0,0,0,
5467,20260618,102632,2,0,0,0,0,
5468,20260625,102632,1,0,0,0,0,
5469,20260412,102633,17,0,2,1,1,PRICE_TOO_HIGH
5470,20260422,102633,19,0,0,1,0,
5471,20260514,102633,21,1,4,1,0,
5472,20260520,102633,17,2,4,0,0,
5473,20260531,102635,378,13,16,4,4,PRICE_TOO_HIGH
5474,20260607,102635,335,22,10,6,5,PRICE_TOO_HIGH
5475,20260425,102636,233,14,8,5,5,PRICE_TOO_HIGH
5476,20260512,102636,228,10,3,4,4,PRICE_TOO_HIGH
5477,20260519,102636,226,10,7,4,2,PRICE_TOO_HIGH
5478,20260406,102637,72,3,1,0,0,
5479,20260409,102637,68,6,2,1,0,
5480,20260505,102637,86,7,1,0,0,
5481,20260507,102637,73,1,0,0,0,
5482,20260519,102637,81,2,1,0,0,
5483,20260420,102638,128,7,10,0,0,
5484,20260506,102638,130,4,7,4,4,PRICE_TOO_HIGH
5485,20260519,102638,157,7,10,2,2,PRICE_TOO_HIGH
5486,20260524,102638,139,10,5,0,0,
5487,20260623,102638,114,5,6,2,2,PRICE_TOO_HIGH
5488,20260409,102639,47,4,4,3,1,PRICE_TOO_HIGH
5489,20260423,102639,45,1,4,0,0,
5490,20260519,102639,46,1,5,0,0,
5491,20260401,102640,9,1,0,0,0,
5492,20260402,102640,4,0,0,0,0,
5493,20260524,102640,20,0,0,0,0,
5494,20260403,102642,75,2,7,1,1,PRICE_TOO_HIGH
5495,20260505,102642,60,4,7,3,0,
5496,20260427,102643,235,10,5,5,5,PRICE_TOO_HIGH
5497,20260505,102643,253,14,2,2,2,PRICE_TOO_HIGH
5498,20260608,102643,245,12,10,4,3,PRICE_TOO_HIGH
5499,20260402,102644,118,7,3,1,1,PRICE_TOO_HIGH
5500,20260406,102644,121,9,4,3,3,PRICE_TOO_HIGH
5501,20260510,102644,131,6,5,1,1,PRICE_TOO_HIGH
5502,20260609,102644,120,6,4,3,3,PRICE_TOO_HIGH
5503,20260627,102644,117,2,2,2,1,PRICE_TOO_HIGH
5504,20260403,102645,285,11,8,8,6,PRICE_TOO_HIGH
5505,20260603,102645,289,17,10,1,0,
5506,20260406,102648,7,0,1,1,1,PRICE_TOO_HIGH
5507,20260411,102648,6,0,0,0,0,
5508,20260530,102648,6,0,0,0,0,
5509,20260505,102649,91,4,11,1,1,PRICE_TOO_HIGH
5510,20260521,102649,92,4,2,1,1,PRICE_TOO_HIGH
5511,20260601,102649,92,4,8,1,1,PRICE_TOO_HIGH
5512,20260620,102649,87,5,8,0,0,
5513,20260625,102649,87,5,10,6,4,PRICE_TOO_HIGH
5514,20260407,102650,263,13,6,3,3,PRICE_TOO_HIGH
5515,20260521,102650,247,11,6,2,2,PRICE_TOO_HIGH
5516,20260523,102650,251,14,11,2,2,PRICE_TOO_HIGH
5517,20260405,102652,247,10,8,5,5,PRICE_TOO_HIGH
5518,20260618,102652,188,11,8,4,2,PRICE_TOO_HIGH
5519,20260530,102653,6,0,0,0,0,
5520,20260606,102653,5,0,0,0,0,
5521,20260623,102653,3,0,1,0,0,
5522,20260507,102654,135,11,6,4,4,PRICE_TOO_HIGH
5523,20260509,102654,139,6,5,6,6,PRICE_TOO_HIGH
5524,20260622,102654,184,5,5,4,2,PRICE_TOO_HIGH
5525,20260513,102657,164,10,4,1,0,
5526,20260627,102657,159,6,6,1,0,
5527,20260619,102658,411,21,18,4,4,PRICE_TOO_HIGH
5528,20260625,102658,458,22,21,5,3,PRICE_TOO_HIGH
5529,20260405,102659,32,0,2,1,1,PRICE_TOO_HIGH
5530,20260510,102659,38,3,4,0,0,
5531,20260524,102659,29,1,8,2,0,
5532,20260603,102661,265,14,16,3,3,PRICE_TOO_HIGH
5533,20260610,102661,249,11,23,6,5,PRICE_TOO_HIGH
5534,20260415,102662,4,0,0,0,0,
5535,20260612,102662,15,1,0,0,0,
5536,20260629,102662,8,0,0,0,0,
5537,20260502,102663,122,3,2,1,1,PRICE_TOO_HIGH
5538,20260529,102663,136,5,4,1,1,PRICE_TOO_HIGH
5539,20260620,102663,104,6,2,2,2,PRICE_TOO_HIGH
5540,20260623,102663,129,6,1,1,1,PRICE_TOO_HIGH
5541,20260626,102663,113,10,8,2,0,
5542,20260403,102665,134,7,3,2,2,PRICE_TOO_HIGH
5543,20260429,102665,136,5,1,2,2,PRICE_TOO_HIGH
5544,20260507,102665,128,4,8,2,2,PRICE_TOO_HIGH
5545,20260515,102665,129,10,2,2,2,PRICE_TOO_HIGH
5546,20260625,102665,127,6,3,3,1,PRICE_TOO_HIGH
5547,20260513,102666,401,21,19,7,7,PRICE_TOO_HIGH
5548,20260530,102666,399,19,20,6,2,PRICE_TOO_HIGH
5549,20260406,102667,10,0,0,0,0,
5550,20260415,102667,15,1,1,2,1,PRICE_TOO_HIGH
5551,20260509,102667,7,0,1,0,0,
5552,20260520,102667,12,0,3,0,0,
5553,20260620,102667,14,1,0,0,0,
5554,20260417,102668,1,0,0,0,0,
5555,20260508,102668,1,0,0,0,0,
5556,20260520,102668,0,0,0,1,1,PRICE_TOO_HIGH
5557,20260616,102668,2,0,0,0,0,
5558,20260628,102668,4,0,0,0,0,
5559,20260506,102675,187,5,7,3,3,PRICE_TOO_HIGH
5560,20260515,102675,147,10,7,1,1,PRICE_TOO_HIGH
5561,20260608,102675,145,6,6,2,2,PRICE_TOO_HIGH
5562,20260627,102675,175,11,6,3,1,PRICE_TOO_HIGH
5563,20260418,102676,150,6,8,6,6,PRICE_TOO_HIGH
5564,20260510,102676,163,7,7,0,0,
5565,20260626,102676,137,9,7,4,1,PRICE_TOO_HIGH
5566,20260417,102677,105,5,6,4,4,PRICE_TOO_HIGH
5567,20260515,102677,118,2,7,0,0,
5568,20260520,102677,113,8,11,1,1,PRICE_TOO_HIGH
5569,20260619,102677,118,6,4,2,0,
5570,20260627,102677,116,7,5,0,0,
5571,20260423,102678,121,7,3,0,0,
5572,20260517,102678,127,5,2,0,0,
5573,20260519,102678,126,6,2,0,0,
5574,20260419,102680,103,7,2,0,0,
5575,20260430,102680,89,2,4,0,0,
5576,20260514,102680,111,7,4,1,0,
5577,20260516,102680,95,3,3,2,0,
5578,20260608,102680,98,5,3,0,0,
5579,20260402,102681,20,0,0,1,1,PRICE_TOO_HIGH
5580,20260616,102681,23,2,0,0,0,
5581,20260407,102682,84,4,0,0,0,
5582,20260428,102682,65,5,0,0,0,
5583,20260503,102682,83,4,2,1,0,
5584,20260504,102682,89,3,1,0,0,
5585,20260623,102682,71,3,0,0,0,
5586,20260419,102683,43,2,1,0,0,
5587,20260511,102683,41,5,2,1,0,
5588,20260520,102683,63,0,2,1,0,
5589,20260415,102686,152,5,3,4,4,PRICE_TOO_HIGH
5590,20260417,102686,163,4,4,3,3,PRICE_TOO_HIGH
5591,20260419,102686,160,10,5,1,1,PRICE_TOO_HIGH
5592,20260426,102686,145,7,7,2,2,PRICE_TOO_HIGH
5593,20260513,102686,155,12,11,3,2,PRICE_TOO_HIGH
5594,20260410,102688,181,9,4,1,1,PRICE_TOO_HIGH
5595,20260422,102688,176,10,3,2,2,PRICE_TOO_HIGH
5596,20260603,102688,197,8,6,4,4,PRICE_TOO_HIGH
5597,20260606,102688,149,7,5,2,2,PRICE_TOO_HIGH
5598,20260627,102688,174,9,5,3,0,
5599,20260506,102691,24,1,1,0,0,
5600,20260603,102691,22,1,5,3,1,PRICE_TOO_HIGH
5601,20260606,102691,22,0,7,0,0,
5602,20260613,102691,26,2,6,2,0,
5603,20260421,102693,169,14,2,2,2,PRICE_TOO_HIGH
5604,20260509,102693,153,8,1,1,1,PRICE_TOO_HIGH
5605,20260510,102693,161,6,4,3,3,PRICE_TOO_HIGH
5606,20260610,102693,165,5,7,2,1,PRICE_TOO_HIGH
5607,20260615,102693,192,9,2,1,0,
5608,20260425,102696,13,0,1,1,1,PRICE_TOO_HIGH
5609,20260509,102696,10,1,1,0,0,
5610,20260611,102696,12,0,0,0,0,
5611,20260416,102701,86,5,1,0,0,
5612,20260519,102701,77,2,1,0,0,
5613,20260611,102701,73,3,1,0,0,
5614,20260624,102701,74,5,2,1,0,
5615,20260419,102702,156,8,7,1,1,PRICE_TOO_HIGH
5616,20260602,102702,140,8,5,3,3,PRICE_TOO_HIGH
5617,20260606,102702,141,4,9,0,0,
5618,20260614,102702,157,9,13,4,3,PRICE_TOO_HIGH
5619,20260419,102703,168,10,6,1,1,PRICE_TOO_HIGH
5620,20260502,102703,157,8,1,1,1,PRICE_TOO_HIGH
5621,20260510,102703,165,10,5,3,3,PRICE_TOO_HIGH
5622,20260601,102703,174,1,2,1,1,PRICE_TOO_HIGH
5623,20260618,102703,158,12,2,3,0,
5624,20260509,102704,484,21,16,6,6,PRICE_TOO_HIGH
5625,20260513,102704,401,23,18,3,1,PRICE_TOO_HIGH
5626,20260508,102707,14,0,1,0,0,
5627,20260518,102707,3,0,0,1,1,PRICE_TOO_HIGH
5628,20260519,102707,11,0,0,0,0,
5629,20260521,102707,12,0,1,1,0,
5630,20260608,102707,14,2,2,0,0,
5631,20260411,102709,37,0,4,1,0,
5632,20260427,102709,26,0,2,1,0,
5633,20260529,102709,38,4,3,0,0,
5634,20260614,102709,29,3,2,0,0,
5635,20260629,102709,39,1,8,0,0,
5636,20260405,102711,10,1,0,0,0,
5637,20260424,102711,14,0,0,0,0,
5638,20260501,102711,5,0,0,0,0,
5639,20260410,102712,147,7,13,5,5,PRICE_TOO_HIGH
5640,20260419,102712,167,3,11,2,2,PRICE_TOO_HIGH
5641,20260525,102712,135,12,15,5,1,PRICE_TOO_HIGH
5642,20260622,102713,157,6,9,1,0,
5643,20260624,102713,134,8,1,2,0,
5644,20260401,102714,60,3,5,0,0,
5645,20260416,102714,71,4,2,0,0,
5646,20260524,102714,82,3,1,0,0,
5647,20260530,102714,59,4,2,0,0,
5648,20260619,102714,68,3,2,0,0,
5649,20260410,102715,23,1,2,2,0,
5650,20260504,102715,30,1,2,2,0,
5651,20260513,102715,28,2,3,1,0,
5652,20260616,102715,23,1,1,0,0,
5653,20260407,102717,164,8,5,1,1,PRICE_TOO_HIGH
5654,20260427,102717,150,8,8,6,6,PRICE_TOO_HIGH
5655,20260519,102717,156,8,6,1,1,PRICE_TOO_HIGH
5656,20260602,102717,192,8,8,2,2,PRICE_TOO_HIGH
5657,20260624,102717,151,8,2,4,2,PRICE_TOO_HIGH
5658,20260503,102718,112,6,15,3,3,PRICE_TOO_HIGH
5659,20260506,102718,110,5,5,4,4,PRICE_TOO_HIGH
5660,20260512,102718,101,7,9,2,1,PRICE_TOO_HIGH
5661,20260614,102718,129,4,7,0,0,
5662,20260413,102719,4,0,0,0,0,
5663,20260508,102719,7,0,1,0,0,
5664,20260612,102719,8,0,0,1,1,PRICE_TOO_HIGH
5665,20260620,102719,5,1,0,0,0,
5666,20260625,102719,10,0,0,0,0,
5667,20260516,102725,288,13,10,3,3,PRICE_TOO_HIGH
5668,20260522,102725,317,14,3,3,3,PRICE_TOO_HIGH
5669,20260526,102725,294,17,10,4,3,PRICE_TOO_HIGH
5670,20260405,102726,308,11,5,3,3,PRICE_TOO_HIGH
5671,20260420,102726,230,17,6,3,3,PRICE_TOO_HIGH
5672,20260513,102726,269,12,7,4,1,PRICE_TOO_HIGH
5673,20260424,102727,61,3,0,0,0,
5674,20260523,102727,50,1,1,0,0,
5675,20260622,102727,45,3,0,1,0,
5676,20260623,102727,36,2,4,0,0,
5677,20260629,102727,42,2,2,0,0,
5678,20260502,102730,310,15,17,5,5,PRICE_TOO_HIGH
5679,20260622,102730,349,17,17,6,4,PRICE_TOO_HIGH
5680,20260417,102732,1,0,1,0,0,
5681,20260421,102732,2,0,0,0,0,
5682,20260511,102732,6,0,0,0,0,
5683,20260605,102732,2,0,0,0,0,
5684,20260429,102733,226,12,12,5,5,PRICE_TOO_HIGH
5685,20260512,102733,220,10,8,2,0,
5686,20260422,102737,70,4,7,1,0,
5687,20260620,102737,83,3,6,1,0,
5688,20260524,102738,292,13,9,3,3,PRICE_TOO_HIGH
5689,20260611,102738,312,16,10,5,5,PRICE_TOO_HIGH
5690,20260623,102738,273,14,8,5,2,PRICE_TOO_HIGH
5691,20260413,102741,110,6,11,4,4,PRICE_TOO_HIGH
5692,20260514,102741,116,5,7,2,2,PRICE_TOO_HIGH
5693,20260609,102741,98,4,10,1,1,PRICE_TOO_HIGH
5694,20260624,102741,122,7,8,2,1,PRICE_TOO_HIGH
5695,20260428,102743,7,0,1,0,0,
5696,20260514,102743,8,0,0,0,0,
5697,20260517,102743,11,0,0,0,0,
5698,20260620,102743,5,1,0,0,0,
5699,20260526,102749,140,8,3,3,3,PRICE_TOO_HIGH
5700,20260610,102749,165,12,6,2,2,PRICE_TOO_HIGH
5701,20260615,102749,131,8,10,2,2,PRICE_TOO_HIGH
5702,20260618,102749,164,3,0,4,3,PRICE_TOO_HIGH
5703,20260619,102749,140,6,3,0,0,
5704,20260603,102753,114,7,6,1,0,
5705,20260615,102753,116,4,8,0,0,
5706,20260503,102756,139,7,9,5,1,PRICE_TOO_HIGH
5707,20260601,102756,126,6,3,0,0,
5708,20260408,102757,177,13,2,1,0,
5709,20260412,102757,169,4,5,0,0,
5710,20260612,102760,55,2,1,0,0,
5711,20260626,102760,54,3,3,1,0,
5712,20260430,102763,218,9,11,3,3,PRICE_TOO_HIGH
5713,20260510,102763,192,9,5,0,0,
5714,20260513,102763,216,12,8,2,2,PRICE_TOO_HIGH
5715,20260604,102763,214,12,13,1,0,
5716,20260413,102764,253,17,11,1,1,PRICE_TOO_HIGH
5717,20260428,102764,274,16,5,1,1,PRICE_TOO_HIGH
5718,20260617,102764,293,8,3,4,3,PRICE_TOO_HIGH
5719,20260407,102765,62,5,4,2,1,PRICE_TOO_HIGH
5720,20260412,102765,65,4,3,0,0,
5721,20260506,102765,82,0,2,0,0,
5722,20260512,102765,76,7,4,3,0,
5723,20260618,102765,78,2,0,0,0,
5724,20260419,102767,23,2,3,0,0,
5725,20260505,102767,17,0,2,1,1,PRICE_TOO_HIGH
5726,20260620,102767,16,1,4,0,0,
5727,20260621,102767,27,1,3,1,0,
5728,20260625,102767,22,1,1,2,0,
5729,20260403,102769,10,0,1,0,0,
5730,20260418,102769,9,1,0,0,0,
5731,20260502,102769,7,0,0,0,0,
5732,20260524,102769,8,0,0,0,0,
5733,20260401,102771,78,6,2,0,0,
5734,20260523,102771,77,5,4,1,0,
5735,20260529,102771,80,2,4,0,0,
5736,20260603,102771,81,4,1,0,0,
5737,20260612,102771,107,4,8,0,0,
5738,20260427,102773,235,11,7,2,2,PRICE_TOO_HIGH
5739,20260619,102773,198,11,13,3,3,PRICE_TOO_HIGH
5740,20260627,102773,202,9,6,6,4,PRICE_TOO_HIGH
5741,20260405,102774,124,5,0,2,2,PRICE_TOO_HIGH
5742,20260507,102774,138,6,5,3,3,PRICE_TOO_HIGH
5743,20260512,102774,127,5,10,1,1,PRICE_TOO_HIGH
5744,20260608,102774,106,6,2,3,2,PRICE_TOO_HIGH
5745,20260626,102774,138,9,8,3,0,
5746,20260512,102775,148,9,8,2,1,PRICE_TOO_HIGH
5747,20260514,102775,168,7,2,1,0,
5748,20260626,102775,160,7,6,2,0,
5749,20260408,102778,82,2,5,1,0,
5750,20260427,102778,71,5,3,0,0,
5751,20260614,102778,71,2,6,1,0,
5752,20260623,102778,73,5,4,0,0,
5753,20260501,102781,341,15,9,6,6,PRICE_TOO_HIGH
5754,20260616,102781,337,18,9,2,1,PRICE_TOO_HIGH
5755,20260429,102782,75,2,2,0,0,
5756,20260509,102782,64,2,2,1,1,PRICE_TOO_HIGH
5757,20260524,102782,66,6,4,1,0,
5758,20260526,102782,81,4,3,1,0,
5759,20260530,102782,64,3,4,0,0,
5760,20260426,102783,4,0,0,1,1,PRICE_TOO_HIGH
5761,20260510,102783,4,0,0,0,0,
5762,20260611,102783,7,0,0,0,0,
5763,20260520,102784,121,6,7,3,3,PRICE_TOO_HIGH
5764,20260530,102784,116,5,11,6,6,PRICE_TOO_HIGH
5765,20260605,102784,125,6,8,3,2,PRICE_TOO_HIGH
5766,20260616,102784,118,7,5,2,0,
5767,20260417,102785,165,8,6,1,1,PRICE_TOO_HIGH
5768,20260519,102785,172,5,7,1,1,PRICE_TOO_HIGH
5769,20260608,102785,150,11,6,4,4,PRICE_TOO_HIGH
5770,20260610,102785,145,7,6,3,1,PRICE_TOO_HIGH
5771,20260422,102786,123,5,9,2,2,PRICE_TOO_HIGH
5772,20260426,102786,95,6,7,4,4,PRICE_TOO_HIGH
5773,20260602,102786,118,7,9,2,2,PRICE_TOO_HIGH
5774,20260603,102786,131,5,9,3,3,PRICE_TOO_HIGH
5775,20260623,102786,120,6,3,1,0,
5776,20260402,102788,29,2,2,0,0,
5777,20260403,102788,25,2,3,1,0,
5778,20260428,102788,26,2,3,0,0,
5779,20260530,102788,31,1,0,0,0,
5780,20260604,102788,29,0,2,1,0,
5781,20260524,102789,19,1,0,0,0,
5782,20260608,102789,26,1,0,0,0,
5783,20260421,102791,141,7,4,2,0,
5784,20260513,102791,135,10,4,1,0,
5785,20260614,102791,148,4,1,0,0,
5786,20260421,102792,62,5,3,1,1,PRICE_TOO_HIGH
5787,20260502,102792,71,3,5,2,0,
5788,20260518,102792,66,3,4,0,0,
5789,20260628,102792,68,2,3,0,0,
5790,20260402,102793,147,4,12,2,2,PRICE_TOO_HIGH
5791,20260403,102793,167,9,5,3,3,PRICE_TOO_HIGH
5792,20260418,102793,151,5,10,5,5,PRICE_TOO_HIGH
5793,20260519,102793,157,13,4,1,0,
5794,20260416,102794,222,13,8,3,3,PRICE_TOO_HIGH
5795,20260423,102794,218,9,9,3,3,PRICE_TOO_HIGH
5796,20260613,102794,242,12,10,2,0,
5797,20260403,102795,406,20,16,5,5,PRICE_TOO_HIGH
5798,20260520,102795,416,21,17,6,5,PRICE_TOO_HIGH
5799,20260517,102796,95,6,1,1,0,
5800,20260528,102796,80,3,2,0,0,
5801,20260621,102796,77,4,2,0,0,
5802,20260623,102796,74,4,0,0,0,
5803,20260629,102796,66,2,0,0,0,
5804,20260411,102797,64,3,2,2,0,
5805,20260423,102797,60,4,4,0,0,
5806,20260426,102797,63,3,4,0,0,
5807,20260609,102797,59,2,3,0,0,
5808,20260403,102799,13,1,1,0,0,
5809,20260413,102799,11,0,1,0,0,
5810,20260506,102799,9,0,0,0,0,
5811,20260618,102799,14,1,0,1,1,PRICE_TOO_HIGH
5812,20260510,102801,73,1,3,2,0,
5813,20260512,102801,71,5,6,0,0,
5814,20260611,102801,92,5,3,3,0,
5815,20260402,102804,13,2,4,2,0,
5816,20260412,102804,21,1,3,0,0,
5817,20260512,102804,13,0,1,1,0,
5818,20260614,102804,15,0,4,1,0,
5819,20260502,102805,108,4,2,1,1,PRICE_TOO_HIGH
5820,20260510,102805,113,8,3,0,0,
5821,20260606,102805,81,3,1,1,0,
5822,20260410,102806,321,13,14,6,6,PRICE_TOO_HIGH
5823,20260421,102806,310,18,13,3,1,PRICE_TOO_HIGH
5824,20260511,102807,37,4,2,0,0,
5825,20260517,102807,47,1,2,0,0,
5826,20260519,102807,52,3,0,1,0,
5827,20260624,102807,45,1,1,2,0,
5828,20260529,102808,222,6,10,4,4,PRICE_TOO_HIGH
5829,20260624,102808,248,17,19,7,5,PRICE_TOO_HIGH
5830,20260413,102809,44,1,7,2,1,PRICE_TOO_HIGH
5831,20260509,102809,48,5,5,1,0,
5832,20260513,102809,48,1,5,2,0,
5833,20260507,102811,30,3,2,1,1,PRICE_TOO_HIGH
5834,20260528,102811,23,2,2,0,0,
5835,20260529,102811,27,2,4,0,0,
5836,20260530,102811,30,0,3,2,0,
5837,20260626,102811,31,0,2,0,0,
5838,20260428,102812,214,10,13,4,4,PRICE_TOO_HIGH
5839,20260429,102812,210,13,11,2,1,PRICE_TOO_HIGH
5840,20260609,102812,207,8,12,1,0,
5841,20260403,102813,79,5,3,0,0,
5842,20260517,102813,78,4,1,0,0,
5843,20260605,102813,84,1,2,0,0,
5844,20260614,102813,85,6,2,1,0,
5845,20260624,102813,97,5,1,0,0,
5846,20260412,102815,40,1,4,1,1,PRICE_TOO_HIGH
5847,20260507,102815,37,1,2,0,0,
5848,20260526,102815,31,0,1,1,0,
5849,20260606,102815,24,2,1,0,0,
5850,20260625,102815,25,3,1,1,0,
5851,20260418,102816,32,1,3,1,1,PRICE_TOO_HIGH
5852,20260508,102816,35,0,2,0,0,
5853,20260511,102816,28,0,1,1,0,
5854,20260520,102816,26,4,4,1,0,
5855,20260628,102816,45,3,1,2,0,
5856,20260401,102822,15,2,1,0,0,
5857,20260404,102822,14,0,0,1,1,PRICE_TOO_HIGH
5858,20260506,102822,12,0,0,0,0,
5859,20260610,102823,43,2,5,0,0,
5860,20260629,102823,47,2,8,2,0,
5861,20260404,102824,53,2,2,0,0,
5862,20260407,102824,61,2,0,0,0,
5863,20260411,102824,51,6,2,0,0,
5864,20260523,102824,62,2,1,1,0,
5865,20260611,102824,68,2,2,0,0,
5866,20260513,102825,229,12,12,7,7,PRICE_TOO_HIGH
5867,20260620,102825,205,9,21,7,3,PRICE_TOO_HIGH
5868,20260515,102826,189,7,13,1,1,PRICE_TOO_HIGH
5869,20260525,102826,199,10,13,1,1,PRICE_TOO_HIGH
5870,20260601,102826,187,11,11,4,4,PRICE_TOO_HIGH
5871,20260515,102827,446,16,5,3,3,PRICE_TOO_HIGH
5872,20260519,102827,414,27,12,7,5,PRICE_TOO_HIGH
5873,20260413,102828,88,5,2,1,0,
5874,20260416,102828,74,4,7,0,0,
5875,20260605,102828,64,5,0,1,0,
5876,20260614,102828,66,3,3,0,0,
5877,20260627,102828,74,1,2,0,0,
5878,20260407,102830,106,7,3,0,0,
5879,20260424,102830,118,3,4,0,0,
5880,20260510,102830,114,6,4,0,0,
5881,20260411,102831,110,6,8,3,0,
5882,20260530,102831,134,6,7,1,0,
5883,20260506,102832,89,1,2,2,0,
5884,20260613,102832,103,7,2,0,0,
5885,20260617,102832,91,6,7,2,0,
5886,20260514,102833,23,1,0,0,0,
5887,20260624,102833,12,0,2,0,0,
5888,20260419,102834,106,3,5,1,1,PRICE_TOO_HIGH
5889,20260424,102834,119,4,5,3,3,PRICE_TOO_HIGH
5890,20260606,102834,103,5,3,2,2,PRICE_TOO_HIGH
5891,20260615,102834,106,7,2,4,3,PRICE_TOO_HIGH
5892,20260621,102834,116,8,6,3,0,
5893,20260410,102835,66,2,0,0,0,
5894,20260426,102835,57,3,3,0,0,
5895,20260502,102835,58,2,3,0,0,
5896,20260614,102835,70,3,1,0,0,
5897,20260615,102835,67,5,1,0,0,
5898,20260506,102837,121,6,9,3,0,
5899,20260518,102837,124,6,4,0,0,
5900,20260426,102838,148,9,9,4,4,PRICE_TOO_HIGH
5901,20260516,102838,152,6,7,0,0,
5902,20260605,102838,143,8,8,2,2,PRICE_TOO_HIGH
5903,20260613,102838,145,6,8,2,0,
5904,20260602,102839,287,17,21,6,6,PRICE_TOO_HIGH
5905,20260629,102839,257,10,17,3,1,PRICE_TOO_HIGH
5906,20260508,102842,125,5,3,0,0,
5907,20260613,102842,122,7,1,1,0,
5908,20260403,102843,3,0,0,0,0,
5909,20260411,102843,3,0,0,0,0,
5910,20260403,102844,84,3,3,0,0,
5911,20260418,102844,90,6,7,2,2,PRICE_TOO_HIGH
5912,20260601,102844,85,3,4,3,3,PRICE_TOO_HIGH
5913,20260602,102844,76,5,5,1,1,PRICE_TOO_HIGH
5914,20260603,102844,92,4,8,7,5,PRICE_TOO_HIGH
5915,20260414,102845,397,21,17,3,3,PRICE_TOO_HIGH
5916,20260528,102845,399,18,17,5,4,PRICE_TOO_HIGH
5917,20260522,102846,226,10,7,3,3,PRICE_TOO_HIGH
5918,20260531,102846,206,10,6,2,2,PRICE_TOO_HIGH
5919,20260617,102846,221,12,18,1,1,PRICE_TOO_HIGH
5920,20260416,102847,34,1,2,0,0,
5921,20260505,102847,33,2,4,0,0,
5922,20260515,102847,35,2,6,1,0,
5923,20260611,102851,7,0,0,0,0,
5924,20260613,102851,4,0,1,0,0,
5925,20260413,102856,181,6,3,3,3,PRICE_TOO_HIGH
5926,20260416,102856,179,9,11,3,3,PRICE_TOO_HIGH
5927,20260613,102856,196,12,9,5,3,PRICE_TOO_HIGH
5928,20260416,102859,15,1,5,2,0,
5929,20260426,102859,15,0,2,0,0,
5930,20260530,102859,23,2,0,2,0,
5931,20260622,102859,15,0,3,1,0,
5932,20260509,102862,99,7,6,2,2,PRICE_TOO_HIGH
5933,20260512,102862,90,8,4,1,1,PRICE_TOO_HIGH
5934,20260604,102862,89,2,4,3,3,PRICE_TOO_HIGH
5935,20260610,102862,110,6,6,0,0,
5936,20260613,102862,104,1,3,4,3,PRICE_TOO_HIGH
5937,20260520,102863,183,8,12,0,0,
5938,20260526,102863,200,9,5,5,5,PRICE_TOO_HIGH
5939,20260606,102863,186,11,5,2,0,
5940,20260405,102866,4,0,1,0,0,
5941,20260423,102866,1,0,0,0,0,
5942,20260527,102866,1,0,0,0,0,
5943,20260407,102870,216,8,4,1,1,PRICE_TOO_HIGH
5944,20260510,102870,231,13,4,2,2,PRICE_TOO_HIGH
5945,20260517,102870,209,8,3,0,0,
5946,20260608,102870,185,13,10,4,2,PRICE_TOO_HIGH
5947,20260429,102871,166,12,9,2,2,PRICE_TOO_HIGH
5948,20260515,102871,190,11,14,2,2,PRICE_TOO_HIGH
5949,20260530,102871,192,4,9,2,2,PRICE_TOO_HIGH
5950,20260516,102872,53,4,5,0,0,
5951,20260523,102872,67,3,6,1,0,
5952,20260625,102872,68,2,4,0,0,
5953,20260514,102874,40,3,10,0,0,
5954,20260517,102874,55,1,4,1,0,
5955,20260405,102877,228,10,8,3,3,PRICE_TOO_HIGH
5956,20260515,102877,250,10,9,5,5,PRICE_TOO_HIGH
5957,20260529,102877,251,16,9,1,0,
5958,20260402,102879,14,0,1,0,0,
5959,20260424,102879,10,1,0,0,0,
5960,20260420,102880,92,6,3,3,1,PRICE_TOO_HIGH
5961,20260421,102880,92,5,4,1,0,
5962,20260513,102880,76,5,2,1,0,
5963,20260522,102880,110,4,3,0,0,
5964,20260608,102880,96,3,6,0,0,
5965,20260427,102881,371,16,12,3,3,PRICE_TOO_HIGH
5966,20260430,102881,370,21,22,3,2,PRICE_TOO_HIGH
5967,20260421,102882,216,12,5,1,1,PRICE_TOO_HIGH
5968,20260516,102882,235,10,6,4,0,
5969,20260524,102883,165,6,3,0,0,
5970,20260602,102883,164,10,8,2,0,
5971,20260406,102885,40,3,2,0,0,
5972,20260408,102885,37,2,1,0,0,
5973,20260519,102885,41,2,2,1,0,
5974,20260522,102885,33,1,1,0,0,
5975,20260606,102885,43,1,3,2,0,
5976,20260420,102887,208,13,5,5,5,PRICE_TOO_HIGH
5977,20260511,102887,217,12,11,1,1,PRICE_TOO_HIGH
5978,20260517,102887,227,9,4,2,2,PRICE_TOO_HIGH
5979,20260527,102887,218,9,4,6,5,PRICE_TOO_HIGH
5980,20260402,102888,366,18,16,7,7,PRICE_TOO_HIGH
5981,20260529,102888,349,17,19,3,1,PRICE_TOO_HIGH
5982,20260430,102890,11,1,0,0,0,
5983,20260504,102890,15,0,0,0,0,
5984,20260614,102891,428,27,9,8,8,PRICE_TOO_HIGH
5985,20260618,102891,453,17,10,2,1,PRICE_TOO_HIGH
5986,20260518,102892,212,9,19,6,6,PRICE_TOO_HIGH
5987,20260607,102892,220,12,12,7,4,PRICE_TOO_HIGH
5988,20260413,102893,85,4,4,1,0,
5989,20260504,102893,96,6,2,1,0,
5990,20260506,102893,70,4,5,1,0,
5991,20260605,102893,74,0,1,1,0,
5992,20260620,102893,83,6,3,0,0,
5993,20260604,102894,296,14,18,2,2,PRICE_TOO_HIGH
5994,20260626,102894,291,15,18,4,3,PRICE_TOO_HIGH
5995,20260403,102896,2,1,0,0,0,
5996,20260416,102896,7,0,0,0,0,
5997,20260508,102896,4,0,1,0,0,
5998,20260614,102896,8,0,0,0,0,
5999,20260404,102897,197,9,5,2,2,PRICE_TOO_HIGH
6000,20260410,102897,191,11,3,3,3,PRICE_TOO_HIGH
6001,20260412,102897,169,10,3,2,2,PRICE_TOO_HIGH
6002,20260525,102897,190,7,8,3,0,
6003,20260424,102898,157,8,3,3,3,PRICE_TOO_HIGH
6004,20260429,102898,167,9,5,2,2,PRICE_TOO_HIGH
6005,20260530,102898,157,10,3,2,2,PRICE_TOO_HIGH
6006,20260621,102898,174,6,4,2,2,PRICE_TOO_HIGH
6007,20260628,102898,157,7,7,4,1,PRICE_TOO_HIGH
6008,20260407,102899,76,3,3,1,0,
6009,20260427,102899,80,3,4,0,0,
6010,20260609,102899,88,6,1,0,0,
6011,20260614,102899,76,4,4,0,0,
6012,20260621,102899,85,4,3,0,0,
6013,20260507,102900,118,4,3,1,1,PRICE_TOO_HIGH
6014,20260602,102900,131,5,1,0,0,
6015,20260614,102900,111,8,0,2,0,
6016,20260615,102900,110,6,1,1,0,
6017,20260510,102903,187,11,2,2,2,PRICE_TOO_HIGH
6018,20260516,102903,219,10,11,2,2,PRICE_TOO_HIGH
6019,20260525,102903,175,8,4,2,2,PRICE_TOO_HIGH
6020,20260624,102903,230,11,7,1,0,
6021,20260403,102905,6,0,0,0,0,
6022,20260429,102905,5,0,0,1,1,PRICE_TOO_HIGH
6023,20260525,102905,1,0,0,0,0,
6024,20260611,102905,5,0,0,0,0,
6025,20260519,102906,199,7,4,4,4,PRICE_TOO_HIGH
6026,20260531,102906,201,12,6,4,4,PRICE_TOO_HIGH
6027,20260611,102906,179,9,10,6,3,PRICE_TOO_HIGH
6028,20260514,102908,47,3,2,0,0,
6029,20260623,102908,44,1,2,0,0,
6030,20260418,102910,14,1,1,0,0,
6031,20260601,102910,41,2,1,0,0,
6032,20260617,102910,35,2,0,0,0,
6033,20260620,102910,30,1,1,0,0,
6034,20260506,102911,55,4,6,0,0,
6035,20260509,102911,51,2,5,2,0,
6036,20260526,102911,57,2,2,2,0,
6037,20260510,102912,207,9,9,1,0,
6038,20260527,102912,217,12,5,0,0,
6039,20260410,102913,173,11,7,3,3,PRICE_TOO_HIGH
6040,20260419,102913,176,5,12,3,3,PRICE_TOO_HIGH
6041,20260504,102913,184,12,5,4,3,PRICE_TOO_HIGH
6042,20260530,102913,178,7,10,1,0,
6043,20260404,102914,69,1,2,0,0,
6044,20260417,102914,71,7,2,1,1,PRICE_TOO_HIGH
6045,20260423,102914,77,2,1,1,0,
6046,20260503,102914,78,3,0,1,0,
6047,20260623,102914,70,5,0,1,0,
6048,20260428,102915,206,12,3,2,0,
6049,20260503,102915,238,10,3,2,0,
6050,20260528,102916,158,3,3,2,1,PRICE_TOO_HIGH
6051,20260607,102916,154,9,6,1,0,
6052,20260621,102916,186,12,5,1,0,
6053,20260521,102921,32,1,7,1,0,
6054,20260623,102921,29,2,7,0,0,
6055,20260430,102922,85,3,2,1,1,PRICE_TOO_HIGH
6056,20260502,102922,95,5,6,0,0,
6057,20260524,102922,66,4,2,1,0,
6058,20260627,102922,67,3,3,2,0,
6059,20260425,102923,217,9,20,3,3,PRICE_TOO_HIGH
6060,20260501,102923,167,8,12,6,6,PRICE_TOO_HIGH
6061,20260613,102923,190,11,7,3,2,PRICE_TOO_HIGH
6062,20260406,102927,14,1,0,0,0,
6063,20260501,102927,16,0,0,1,1,PRICE_TOO_HIGH
6064,20260505,102928,63,3,5,2,1,PRICE_TOO_HIGH
6065,20260523,102928,90,2,5,1,0,
6066,20260528,102928,92,7,3,2,0,
6067,20260421,102930,11,1,5,0,0,
6068,20260425,102930,12,0,2,0,0,
6069,20260508,102930,10,0,1,0,0,
6070,20260509,102930,10,0,1,0,0,
6071,20260627,102930,10,1,4,0,0,
6072,20260501,102932,190,5,3,4,4,PRICE_TOO_HIGH
6073,20260524,102932,176,14,3,4,4,PRICE_TOO_HIGH
6074,20260619,102932,205,10,2,2,2,PRICE_TOO_HIGH
6075,20260623,102932,164,7,8,3,1,PRICE_TOO_HIGH
6076,20260428,102933,150,2,7,6,6,PRICE_TOO_HIGH
6077,20260617,102933,140,12,14,3,3,PRICE_TOO_HIGH
6078,20260619,102933,144,7,8,5,3,PRICE_TOO_HIGH
6079,20260409,102940,411,21,18,3,3,PRICE_TOO_HIGH
6080,20260608,102940,456,22,16,8,6,PRICE_TOO_HIGH
6081,20260403,102941,0,0,0,0,0,
6082,20260515,102941,2,0,0,0,0,
6083,20260516,102941,0,0,0,0,0,
6084,20260607,102941,1,0,0,0,0,
6085,20260625,102941,3,0,1,0,0,
6086,20260408,102942,70,1,2,2,1,PRICE_TOO_HIGH
6087,20260422,102942,93,4,3,0,0,
6088,20260424,102942,85,6,0,1,0,
6089,20260619,102942,90,3,0,0,0,
6090,20260620,102942,71,6,0,2,0,
6091,20260413,102943,158,6,6,4,4,PRICE_TOO_HIGH
6092,20260528,102943,154,7,9,3,3,PRICE_TOO_HIGH
6093,20260610,102943,164,10,7,2,0,
6094,20260412,102945,35,1,4,1,1,PRICE_TOO_HIGH
6095,20260416,102945,50,2,3,0,0,
6096,20260427,102945,31,3,4,1,0,
6097,20260516,102945,46,1,2,0,0,
6098,20260529,102945,51,3,4,1,0,
6099,20260520,102946,36,1,2,0,0,
6100,20260605,102946,22,3,1,0,0,
6101,20260626,102946,30,0,5,0,0,
6102,20260421,102948,220,11,3,3,1,PRICE_TOO_HIGH
6103,20260609,102948,201,10,2,1,0,
6104,20260514,102949,158,11,2,0,0,
6105,20260525,102949,145,2,1,0,0,
6106,20260625,102949,166,10,3,1,0,
6107,20260501,102950,247,14,5,5,5,PRICE_TOO_HIGH
6108,20260605,102950,240,11,5,5,5,PRICE_TOO_HIGH
6109,20260609,102950,231,10,7,4,2,PRICE_TOO_HIGH
6110,20260406,102951,90,2,0,0,0,
6111,20260419,102951,50,6,4,0,0,
6112,20260430,102951,59,4,1,0,0,
6113,20260518,102951,76,4,1,0,0,
6114,20260608,102951,85,2,1,0,0,
6115,20260409,102952,40,2,3,0,0,
6116,20260503,102952,39,2,3,0,0,
6117,20260510,102952,30,2,2,0,0,
6118,20260526,102952,45,1,2,0,0,
6119,20260619,102952,17,1,1,0,0,
6120,20260414,102953,139,5,6,3,3,PRICE_TOO_HIGH
6121,20260422,102953,155,9,5,2,2,PRICE_TOO_HIGH
6122,20260511,102953,150,8,4,2,2,PRICE_TOO_HIGH
6123,20260627,102953,144,7,8,5,3,PRICE_TOO_HIGH
6124,20260401,102955,41,2,4,0,0,
6125,20260425,102955,40,3,0,1,0,
6126,20260602,102955,43,1,7,0,0,
6127,20260627,102955,50,2,3,0,0,
6128,20260507,102956,160,11,9,0,0,
6129,20260609,102956,193,6,9,1,0,
6130,20260417,102957,61,5,4,0,0,
6131,20260421,102957,66,3,2,0,0,
6132,20260424,102957,81,3,1,0,0,
6133,20260612,102957,67,3,1,1,0,
6134,20260622,102957,74,3,3,1,0,
6135,20260504,102958,174,7,9,1,0,
6136,20260624,102958,184,10,10,0,0,
6137,20260506,102959,8,0,1,0,0,
6138,20260514,102959,4,0,0,0,0,
6139,20260529,102959,6,0,1,0,0,
6140,20260531,102959,11,0,0,0,0,
6141,20260609,102959,8,1,0,0,0,
6142,20260610,102963,448,20,14,10,10,PRICE_TOO_HIGH
6143,20260627,102963,425,23,7,2,0,
6144,20260419,102966,31,0,4,1,1,PRICE_TOO_HIGH
6145,20260508,102966,36,2,3,1,0,
6146,20260512,102966,35,2,2,0,0,
6147,20260518,102966,27,2,2,0,0,
6148,20260525,102966,36,2,2,1,0,
6149,20260403,102968,427,24,7,3,3,PRICE_TOO_HIGH
6150,20260411,102968,379,16,16,7,5,PRICE_TOO_HIGH
6151,20260427,102969,136,9,3,2,2,PRICE_TOO_HIGH
6152,20260529,102969,132,10,3,2,2,PRICE_TOO_HIGH
6153,20260619,102969,143,7,4,2,2,PRICE_TOO_HIGH
6154,20260626,102969,150,6,3,1,1,PRICE_TOO_HIGH
6155,20260627,102969,134,2,3,2,1,PRICE_TOO_HIGH
6156,20260402,102970,10,1,0,0,0,
6157,20260428,102970,12,0,0,0,0,
6158,20260524,102970,12,0,1,1,1,PRICE_TOO_HIGH
6159,20260624,102970,11,1,0,0,0,
6160,20260413,102972,183,12,7,1,1,PRICE_TOO_HIGH
6161,20260421,102972,176,9,4,1,1,PRICE_TOO_HIGH
6162,20260614,102972,208,11,7,3,3,PRICE_TOO_HIGH
6163,20260624,102972,193,6,7,4,3,PRICE_TOO_HIGH
6164,20260407,102973,85,3,3,1,1,PRICE_TOO_HIGH
6165,20260409,102973,99,3,1,0,0,
6166,20260422,102973,81,4,1,1,0,
6167,20260604,102973,103,5,1,0,0,
6168,20260617,102973,88,7,3,2,0,
6169,20260405,102975,141,4,3,2,2,PRICE_TOO_HIGH
6170,20260503,102975,97,6,5,1,1,PRICE_TOO_HIGH
6171,20260514,102975,107,6,6,1,1,PRICE_TOO_HIGH
6172,20260608,102975,104,9,4,0,0,
6173,20260624,102975,129,3,2,3,2,PRICE_TOO_HIGH
6174,20260616,102976,466,26,17,2,2,PRICE_TOO_HIGH
6175,20260629,102976,429,18,11,6,5,PRICE_TOO_HIGH
6176,20260508,102982,6,1,1,0,0,
6177,20260510,102982,10,0,0,0,0,
6178,20260517,102982,11,0,0,0,0,
6179,20260607,102982,4,0,0,0,0,
6180,20260610,102982,7,0,0,0,0,
6181,20260507,102985,141,8,6,5,5,PRICE_TOO_HIGH
6182,20260514,102985,171,6,2,3,3,PRICE_TOO_HIGH
6183,20260610,102985,175,10,13,4,2,PRICE_TOO_HIGH
6184,20260523,102988,102,6,8,1,0,
6185,20260608,102988,101,4,6,1,0,
6186,20260412,102989,50,1,1,1,0,
6187,20260515,102989,40,3,7,0,0,
6188,20260428,102990,77,5,9,0,0,
6189,20260613,102990,85,3,3,1,0,
6190,20260515,102991,315,15,14,1,1,PRICE_TOO_HIGH
6191,20260619,102991,308,16,25,5,4,PRICE_TOO_HIGH
6192,20260606,102994,356,12,15,5,5,PRICE_TOO_HIGH
6193,20260613,102994,324,22,10,3,1,PRICE_TOO_HIGH
6194,20260610,102995,11,0,0,0,0,
6195,20260625,102995,6,0,2,1,1,PRICE_TOO_HIGH
6196,20260417,102996,336,18,18,6,6,PRICE_TOO_HIGH
6197,20260522,102996,327,15,17,6,5,PRICE_TOO_HIGH
6198,20260401,102997,209,11,11,0,0,
6199,20260511,102997,221,8,4,2,2,PRICE_TOO_HIGH
6200,20260529,102997,217,15,15,2,2,PRICE_TOO_HIGH
6201,20260623,102997,212,8,4,4,2,PRICE_TOO_HIGH
6202,20260414,102998,181,6,17,2,2,PRICE_TOO_HIGH
6203,20260601,102998,193,11,14,4,4,PRICE_TOO_HIGH
6204,20260615,102998,194,11,5,1,1,PRICE_TOO_HIGH
6205,20260402,102999,82,3,1,0,0,
6206,20260421,102999,91,6,1,1,0,
6207,20260513,102999,98,3,0,0,0,
6208,20260516,102999,97,5,2,1,0,
6209,20260520,102999,81,5,1,0,0,
